schema_version,study_id,study_config_hash,cell_id,cell_index,config_hash,seed,checkpoint_index,step,num_concepts,memory_size,d_model,num_layers,num_heads,ffn_width,optimizer,learning_rate,momentum,steps,batch_size,weight_decay,eval_batch_size,loss,accuracy,value_flip_effect,target_key_effect,embedding_effective_rank,qk_frobenius_norms,ov_frobenius_norms,checkpoint_path,snapshot_path
1,scaling-width-load-adamw-10seeds-v1,bffb1a6d15694071b753472a492474ca54484853136fedff195831ccd64433a0,cell-000-b80f2f3084e3,0,b80f2f3084e3eb72435f122aaa0fc487e6be54468231cd4e47c54fb16d9069ca,0,0,0,8,4,8,2,1,,adamw,0.01,0.0,400,512,0.0,8192,2.222292900085449,0.5289306640625,0.027708813548088074,-0.0009863479062914848,4.071608066558838,"[2.8890669345855713,2.565685272216797]","[2.985896587371826,3.3050882816314697]",seeds/cell-000-b80f2f3084e3/seed-0/checkpoint.pt,seeds/cell-000-b80f2f3084e3/seed-0/snapshots/step-000000.pt
1,scaling-width-load-adamw-10seeds-v1,bffb1a6d15694071b753472a492474ca54484853136fedff195831ccd64433a0,cell-000-b80f2f3084e3,0,b80f2f3084e3eb72435f122aaa0fc487e6be54468231cd4e47c54fb16d9069ca,0,1,25,8,4,8,2,1,,adamw,0.01,0.0,400,512,0.0,8192,0.7138060927391052,0.7506103515625,0.2367837131023407,0.20389096438884735,3.6293537616729736,"[2.9413928985595703,2.5746302604675293]","[3.489854574203491,3.8088090419769287]",seeds/cell-000-b80f2f3084e3/seed-0/checkpoint.pt,seeds/cell-000-b80f2f3084e3/seed-0/snapshots/step-000025.pt
1,scaling-width-load-adamw-10seeds-v1,bffb1a6d15694071b753472a492474ca54484853136fedff195831ccd64433a0,cell-000-b80f2f3084e3,0,b80f2f3084e3eb72435f122aaa0fc487e6be54468231cd4e47c54fb16d9069ca,0,2,50,8,4,8,2,1,,adamw,0.01,0.0,400,512,0.0,8192,0.4878132939338684,0.82177734375,0.505013644695282,0.48000568151474,3.051523447036743,"[3.6475236415863037,3.402834177017212]","[3.524202823638916,4.116199493408203]",seeds/cell-000-b80f2f3084e3/seed-0/checkpoint.pt,seeds/cell-000-b80f2f3084e3/seed-0/snapshots/step-000050.pt
1,scaling-width-load-adamw-10seeds-v1,bffb1a6d15694071b753472a492474ca54484853136fedff195831ccd64433a0,cell-000-b80f2f3084e3,0,b80f2f3084e3eb72435f122aaa0fc487e6be54468231cd4e47c54fb16d9069ca,0,3,100,8,4,8,2,1,,adamw,0.01,0.0,400,512,0.0,8192,0.01467610988765955,1.0,0.9877973198890686,0.9834052324295044,2.99686598777771,"[6.497341632843018,4.88232421875]","[3.8482816219329834,4.2253851890563965]",seeds/cell-000-b80f2f3084e3/seed-0/checkpoint.pt,seeds/cell-000-b80f2f3084e3/seed-0/snapshots/step-000100.pt
1,scaling-width-load-adamw-10seeds-v1,bffb1a6d15694071b753472a492474ca54484853136fedff195831ccd64433a0,cell-000-b80f2f3084e3,0,b80f2f3084e3eb72435f122aaa0fc487e6be54468231cd4e47c54fb16d9069ca,0,4,200,8,4,8,2,1,,adamw,0.01,0.0,400,512,0.0,8192,0.0006570040713995695,1.0,0.9994219541549683,0.9926527142524719,3.061429738998413,"[7.019594669342041,4.838345050811768]","[4.068891525268555,4.46795654296875]",seeds/cell-000-b80f2f3084e3/seed-0/checkpoint.pt,seeds/cell-000-b80f2f3084e3/seed-0/snapshots/step-000200.pt
1,scaling-width-load-adamw-10seeds-v1,bffb1a6d15694071b753472a492474ca54484853136fedff195831ccd64433a0,cell-000-b80f2f3084e3,0,b80f2f3084e3eb72435f122aaa0fc487e6be54468231cd4e47c54fb16d9069ca,0,5,400,8,4,8,2,1,,adamw,0.01,0.0,400,512,0.0,8192,0.0002104068553308025,1.0,0.9992197751998901,0.986095666885376,3.101146936416626,"[7.149040699005127,4.8791422843933105]","[4.122997760772705,4.585772514343262]",seeds/cell-000-b80f2f3084e3/seed-0/checkpoint.pt,seeds/cell-000-b80f2f3084e3/seed-0/snapshots/step-000400.pt
1,scaling-width-load-adamw-10seeds-v1,bffb1a6d15694071b753472a492474ca54484853136fedff195831ccd64433a0,cell-000-b80f2f3084e3,0,b80f2f3084e3eb72435f122aaa0fc487e6be54468231cd4e47c54fb16d9069ca,1,0,0,8,4,8,2,1,,adamw,0.01,0.0,400,512,0.0,8192,1.5467240810394287,0.497314453125,-0.014775583520531654,-0.0027337847277522087,4.528775691986084,"[2.3432724475860596,3.903787136077881]","[3.168966770172119,2.9483234882354736]",seeds/cell-000-b80f2f3084e3/seed-1/checkpoint.pt,seeds/cell-000-b80f2f3084e3/seed-1/snapshots/step-000000.pt
1,scaling-width-load-adamw-10seeds-v1,bffb1a6d15694071b753472a492474ca54484853136fedff195831ccd64433a0,cell-000-b80f2f3084e3,0,b80f2f3084e3eb72435f122aaa0fc487e6be54468231cd4e47c54fb16d9069ca,1,1,25,8,4,8,2,1,,adamw,0.01,0.0,400,512,0.0,8192,0.6715691089630127,0.7501220703125,0.3087029457092285,0.2727264165878296,4.262070178985596,"[2.4105865955352783,4.657522678375244]","[3.2603673934936523,3.544583320617676]",seeds/cell-000-b80f2f3084e3/seed-1/checkpoint.pt,seeds/cell-000-b80f2f3084e3/seed-1/snapshots/step-000025.pt
1,scaling-width-load-adamw-10seeds-v1,bffb1a6d15694071b753472a492474ca54484853136fedff195831ccd64433a0,cell-000-b80f2f3084e3,0,b80f2f3084e3eb72435f122aaa0fc487e6be54468231cd4e47c54fb16d9069ca,1,2,50,8,4,8,2,1,,adamw,0.01,0.0,400,512,0.0,8192,0.14465320110321045,0.97802734375,0.8997809886932373,0.8751828670501709,4.057980060577393,"[3.9537460803985596,6.043279647827148]","[3.6895618438720703,3.496234893798828]",seeds/cell-000-b80f2f3084e3/seed-1/checkpoint.pt,seeds/cell-000-b80f2f3084e3/seed-1/snapshots/step-000050.pt
1,scaling-width-load-adamw-10seeds-v1,bffb1a6d15694071b753472a492474ca54484853136fedff195831ccd64433a0,cell-000-b80f2f3084e3,0,b80f2f3084e3eb72435f122aaa0fc487e6be54468231cd4e47c54fb16d9069ca,1,3,100,8,4,8,2,1,,adamw,0.01,0.0,400,512,0.0,8192,0.0035974285565316677,1.0,0.997028648853302,0.9917880892753601,3.684831380844116,"[5.2369842529296875,7.007328033447266]","[3.849130153656006,3.8524019718170166]",seeds/cell-000-b80f2f3084e3/seed-1/checkpoint.pt,seeds/cell-000-b80f2f3084e3/seed-1/snapshots/step-000100.pt
1,scaling-width-load-adamw-10seeds-v1,bffb1a6d15694071b753472a492474ca54484853136fedff195831ccd64433a0,cell-000-b80f2f3084e3,0,b80f2f3084e3eb72435f122aaa0fc487e6be54468231cd4e47c54fb16d9069ca,1,4,200,8,4,8,2,1,,adamw,0.01,0.0,400,512,0.0,8192,0.0005507340538315475,1.0,1.0010113716125488,1.0003838539123535,3.5929317474365234,"[5.528022766113281,7.20526123046875]","[3.855776309967041,4.040861129760742]",seeds/cell-000-b80f2f3084e3/seed-1/checkpoint.pt,seeds/cell-000-b80f2f3084e3/seed-1/snapshots/step-000200.pt
1,scaling-width-load-adamw-10seeds-v1,bffb1a6d15694071b753472a492474ca54484853136fedff195831ccd64433a0,cell-000-b80f2f3084e3,0,b80f2f3084e3eb72435f122aaa0fc487e6be54468231cd4e47c54fb16d9069ca,1,5,400,8,4,8,2,1,,adamw,0.01,0.0,400,512,0.0,8192,0.0001309318031417206,1.0,1.0002784729003906,1.0014094114303589,3.5429365634918213,"[5.766744136810303,7.360987663269043]","[3.8269026279449463,4.186551570892334]",seeds/cell-000-b80f2f3084e3/seed-1/checkpoint.pt,seeds/cell-000-b80f2f3084e3/seed-1/snapshots/step-000400.pt
1,scaling-width-load-adamw-10seeds-v1,bffb1a6d15694071b753472a492474ca54484853136fedff195831ccd64433a0,cell-000-b80f2f3084e3,0,b80f2f3084e3eb72435f122aaa0fc487e6be54468231cd4e47c54fb16d9069ca,2,0,0,8,4,8,2,1,,adamw,0.01,0.0,400,512,0.0,8192,2.491565465927124,0.3743896484375,-0.29777950048446655,-0.2612355947494507,4.372025966644287,"[2.57132625579834,2.621365547180176]","[2.2826921939849854,3.5723390579223633]",seeds/cell-000-b80f2f3084e3/seed-2/checkpoint.pt,seeds/cell-000-b80f2f3084e3/seed-2/snapshots/step-000000.pt
1,scaling-width-load-adamw-10seeds-v1,bffb1a6d15694071b753472a492474ca54484853136fedff195831ccd64433a0,cell-000-b80f2f3084e3,0,b80f2f3084e3eb72435f122aaa0fc487e6be54468231cd4e47c54fb16d9069ca,2,1,25,8,4,8,2,1,,adamw,0.01,0.0,400,512,0.0,8192,0.8077380657196045,0.67431640625,0.18137943744659424,0.15978097915649414,3.7629926204681396,"[2.773963451385498,2.9655866622924805]","[2.570866823196411,4.298697471618652]",seeds/cell-000-b80f2f3084e3/seed-2/checkpoint.pt,seeds/cell-000-b80f2f3084e3/seed-2/snapshots/step-000025.pt
1,scaling-width-load-adamw-10seeds-v1,bffb1a6d15694071b753472a492474ca54484853136fedff195831ccd64433a0,cell-000-b80f2f3084e3,0,b80f2f3084e3eb72435f122aaa0fc487e6be54468231cd4e47c54fb16d9069ca,2,2,50,8,4,8,2,1,,adamw,0.01,0.0,400,512,0.0,8192,0.7042984962463379,0.7232666015625,0.2870539128780365,0.25897103548049927,3.313415765762329,"[2.5268280506134033,3.200716972351074]","[2.759758234024048,4.409637928009033]",seeds/cell-000-b80f2f3084e3/seed-2/checkpoint.pt,seeds/cell-000-b80f2f3084e3/seed-2/snapshots/step-000050.pt
1,scaling-width-load-adamw-10seeds-v1,bffb1a6d15694071b753472a492474ca54484853136fedff195831ccd64433a0,cell-000-b80f2f3084e3,0,b80f2f3084e3eb72435f122aaa0fc487e6be54468231cd4e47c54fb16d9069ca,2,3,100,8,4,8,2,1,,adamw,0.01,0.0,400,512,0.0,8192,0.2634245753288269,0.912109375,0.7490682005882263,0.7295433282852173,2.4220571517944336,"[3.718991994857788,5.0334696769714355]","[2.545786142349243,4.584697723388672]",seeds/cell-000-b80f2f3084e3/seed-2/checkpoint.pt,seeds/cell-000-b80f2f3084e3/seed-2/snapshots/step-000100.pt
1,scaling-width-load-adamw-10seeds-v1,bffb1a6d15694071b753472a492474ca54484853136fedff195831ccd64433a0,cell-000-b80f2f3084e3,0,b80f2f3084e3eb72435f122aaa0fc487e6be54468231cd4e47c54fb16d9069ca,2,4,200,8,4,8,2,1,,adamw,0.01,0.0,400,512,0.0,8192,0.0012396000092849135,1.0,1.000234842300415,0.9868971705436707,2.8359625339508057,"[5.486961841583252,7.668074131011963]","[2.1813559532165527,5.296354293823242]",seeds/cell-000-b80f2f3084e3/seed-2/checkpoint.pt,seeds/cell-000-b80f2f3084e3/seed-2/snapshots/step-000200.pt
1,scaling-width-load-adamw-10seeds-v1,bffb1a6d15694071b753472a492474ca54484853136fedff195831ccd64433a0,cell-000-b80f2f3084e3,0,b80f2f3084e3eb72435f122aaa0fc487e6be54468231cd4e47c54fb16d9069ca,2,5,400,8,4,8,2,1,,adamw,0.01,0.0,400,512,0.0,8192,0.0002652167750056833,1.0,1.0000863075256348,0.9884101152420044,2.8452534675598145,"[5.670259952545166,8.00891399383545]","[2.110872268676758,5.603152275085449]",seeds/cell-000-b80f2f3084e3/seed-2/checkpoint.pt,seeds/cell-000-b80f2f3084e3/seed-2/snapshots/step-000400.pt
1,scaling-width-load-adamw-10seeds-v1,bffb1a6d15694071b753472a492474ca54484853136fedff195831ccd64433a0,cell-000-b80f2f3084e3,0,b80f2f3084e3eb72435f122aaa0fc487e6be54468231cd4e47c54fb16d9069ca,3,0,0,8,4,8,2,1,,adamw,0.01,0.0,400,512,0.0,8192,1.3290706872940063,0.5567626953125,0.07839149236679077,-0.020106028765439987,3.9092769622802734,"[2.8057732582092285,2.85607647895813]","[2.6580708026885986,2.5246074199676514]",seeds/cell-000-b80f2f3084e3/seed-3/checkpoint.pt,seeds/cell-000-b80f2f3084e3/seed-3/snapshots/step-000000.pt
1,scaling-width-load-adamw-10seeds-v1,bffb1a6d15694071b753472a492474ca54484853136fedff195831ccd64433a0,cell-000-b80f2f3084e3,0,b80f2f3084e3eb72435f122aaa0fc487e6be54468231cd4e47c54fb16d9069ca,3,1,25,8,4,8,2,1,,adamw,0.01,0.0,400,512,0.0,8192,0.6620401740074158,0.74609375,0.3158367872238159,0.2478497326374054,3.5986948013305664,"[2.992044687271118,3.210890531539917]","[2.859882354736328,2.877253532409668]",seeds/cell-000-b80f2f3084e3/seed-3/checkpoint.pt,seeds/cell-000-b80f2f3084e3/seed-3/snapshots/step-000025.pt
1,scaling-width-load-adamw-10seeds-v1,bffb1a6d15694071b753472a492474ca54484853136fedff195831ccd64433a0,cell-000-b80f2f3084e3,0,b80f2f3084e3eb72435f122aaa0fc487e6be54468231cd4e47c54fb16d9069ca,3,2,50,8,4,8,2,1,,adamw,0.01,0.0,400,512,0.0,8192,0.38831084966659546,0.8570556640625,0.6150953769683838,0.584022581577301,3.5953147411346436,"[3.356628179550171,4.319810390472412]","[2.7333590984344482,2.9817686080932617]",seeds/cell-000-b80f2f3084e3/seed-3/checkpoint.pt,seeds/cell-000-b80f2f3084e3/seed-3/snapshots/step-000050.pt
1,scaling-width-load-adamw-10seeds-v1,bffb1a6d15694071b753472a492474ca54484853136fedff195831ccd64433a0,cell-000-b80f2f3084e3,0,b80f2f3084e3eb72435f122aaa0fc487e6be54468231cd4e47c54fb16d9069ca,3,3,100,8,4,8,2,1,,adamw,0.01,0.0,400,512,0.0,8192,0.005549273453652859,1.0,1.0033328533172607,0.9895278215408325,3.63277006149292,"[4.327246189117432,6.6599860191345215]","[2.112830400466919,3.427446126937866]",seeds/cell-000-b80f2f3084e3/seed-3/checkpoint.pt,seeds/cell-000-b80f2f3084e3/seed-3/snapshots/step-000100.pt
1,scaling-width-load-adamw-10seeds-v1,bffb1a6d15694071b753472a492474ca54484853136fedff195831ccd64433a0,cell-000-b80f2f3084e3,0,b80f2f3084e3eb72435f122aaa0fc487e6be54468231cd4e47c54fb16d9069ca,3,4,200,8,4,8,2,1,,adamw,0.01,0.0,400,512,0.0,8192,0.0006670395960099995,1.0,1.000001072883606,0.9870924949645996,3.5967226028442383,"[4.45094108581543,7.009509086608887]","[1.9648481607437134,3.827141284942627]",seeds/cell-000-b80f2f3084e3/seed-3/checkpoint.pt,seeds/cell-000-b80f2f3084e3/seed-3/snapshots/step-000200.pt
1,scaling-width-load-adamw-10seeds-v1,bffb1a6d15694071b753472a492474ca54484853136fedff195831ccd64433a0,cell-000-b80f2f3084e3,0,b80f2f3084e3eb72435f122aaa0fc487e6be54468231cd4e47c54fb16d9069ca,3,5,400,8,4,8,2,1,,adamw,0.01,0.0,400,512,0.0,8192,0.0001989040756598115,1.0,1.0008714199066162,0.9892193078994751,3.5714163780212402,"[4.50862455368042,7.173989295959473]","[1.8968005180358887,4.093446731567383]",seeds/cell-000-b80f2f3084e3/seed-3/checkpoint.pt,seeds/cell-000-b80f2f3084e3/seed-3/snapshots/step-000400.pt
1,scaling-width-load-adamw-10seeds-v1,bffb1a6d15694071b753472a492474ca54484853136fedff195831ccd64433a0,cell-000-b80f2f3084e3,0,b80f2f3084e3eb72435f122aaa0fc487e6be54468231cd4e47c54fb16d9069ca,4,0,0,8,4,8,2,1,,adamw,0.01,0.0,400,512,0.0,8192,2.534656047821045,0.512451171875,0.08512167632579803,0.09140211343765259,3.8359203338623047,"[3.582655906677246,1.958997368812561]","[3.3743457794189453,2.573795795440674]",seeds/cell-000-b80f2f3084e3/seed-4/checkpoint.pt,seeds/cell-000-b80f2f3084e3/seed-4/snapshots/step-000000.pt
1,scaling-width-load-adamw-10seeds-v1,bffb1a6d15694071b753472a492474ca54484853136fedff195831ccd64433a0,cell-000-b80f2f3084e3,0,b80f2f3084e3eb72435f122aaa0fc487e6be54468231cd4e47c54fb16d9069ca,4,1,25,8,4,8,2,1,,adamw,0.01,0.0,400,512,0.0,8192,0.7860127091407776,0.701904296875,0.16895008087158203,0.16920655965805054,3.3778371810913086,"[3.345341682434082,3.175279378890991]","[3.755401372909546,3.0428245067596436]",seeds/cell-000-b80f2f3084e3/seed-4/checkpoint.pt,seeds/cell-000-b80f2f3084e3/seed-4/snapshots/step-000025.pt
1,scaling-width-load-adamw-10seeds-v1,bffb1a6d15694071b753472a492474ca54484853136fedff195831ccd64433a0,cell-000-b80f2f3084e3,0,b80f2f3084e3eb72435f122aaa0fc487e6be54468231cd4e47c54fb16d9069ca,4,2,50,8,4,8,2,1,,adamw,0.01,0.0,400,512,0.0,8192,0.3709905743598938,0.875,0.6142683625221252,0.6068993806838989,2.9736835956573486,"[3.834463119506836,3.8509395122528076]","[4.036816120147705,3.092128038406372]",seeds/cell-000-b80f2f3084e3/seed-4/checkpoint.pt,seeds/cell-000-b80f2f3084e3/seed-4/snapshots/step-000050.pt
1,scaling-width-load-adamw-10seeds-v1,bffb1a6d15694071b753472a492474ca54484853136fedff195831ccd64433a0,cell-000-b80f2f3084e3,0,b80f2f3084e3eb72435f122aaa0fc487e6be54468231cd4e47c54fb16d9069ca,4,3,100,8,4,8,2,1,,adamw,0.01,0.0,400,512,0.0,8192,0.009128051809966564,1.0,1.0026297569274902,0.9958682060241699,2.783524513244629,"[5.896141052246094,4.849701404571533]","[4.339856147766113,3.221302032470703]",seeds/cell-000-b80f2f3084e3/seed-4/checkpoint.pt,seeds/cell-000-b80f2f3084e3/seed-4/snapshots/step-000100.pt
1,scaling-width-load-adamw-10seeds-v1,bffb1a6d15694071b753472a492474ca54484853136fedff195831ccd64433a0,cell-000-b80f2f3084e3,0,b80f2f3084e3eb72435f122aaa0fc487e6be54468231cd4e47c54fb16d9069ca,4,4,200,8,4,8,2,1,,adamw,0.01,0.0,400,512,0.0,8192,0.0011808319250121713,1.0,0.9995977878570557,0.9926433563232422,2.790433883666992,"[6.364649772644043,4.821338176727295]","[4.639194965362549,3.18438458442688]",seeds/cell-000-b80f2f3084e3/seed-4/checkpoint.pt,seeds/cell-000-b80f2f3084e3/seed-4/snapshots/step-000200.pt
1,scaling-width-load-adamw-10seeds-v1,bffb1a6d15694071b753472a492474ca54484853136fedff195831ccd64433a0,cell-000-b80f2f3084e3,0,b80f2f3084e3eb72435f122aaa0fc487e6be54468231cd4e47c54fb16d9069ca,4,5,400,8,4,8,2,1,,adamw,0.01,0.0,400,512,0.0,8192,0.000192532897926867,1.0,1.0005767345428467,0.9924226999282837,2.7777905464172363,"[6.622615814208984,4.722712993621826]","[4.893352031707764,3.2511019706726074]",seeds/cell-000-b80f2f3084e3/seed-4/checkpoint.pt,seeds/cell-000-b80f2f3084e3/seed-4/snapshots/step-000400.pt
1,scaling-width-load-adamw-10seeds-v1,bffb1a6d15694071b753472a492474ca54484853136fedff195831ccd64433a0,cell-000-b80f2f3084e3,0,b80f2f3084e3eb72435f122aaa0fc487e6be54468231cd4e47c54fb16d9069ca,5,0,0,8,4,8,2,1,,adamw,0.01,0.0,400,512,0.0,8192,1.7591546773910522,0.47021484375,-0.08334007859230042,-0.06810536235570908,4.425213813781738,"[2.785000801086426,2.1342110633850098]","[1.9644378423690796,2.47643780708313]",seeds/cell-000-b80f2f3084e3/seed-5/checkpoint.pt,seeds/cell-000-b80f2f3084e3/seed-5/snapshots/step-000000.pt
1,scaling-width-load-adamw-10seeds-v1,bffb1a6d15694071b753472a492474ca54484853136fedff195831ccd64433a0,cell-000-b80f2f3084e3,0,b80f2f3084e3eb72435f122aaa0fc487e6be54468231cd4e47c54fb16d9069ca,5,1,25,8,4,8,2,1,,adamw,0.01,0.0,400,512,0.0,8192,0.7179320454597473,0.722412109375,0.28428784012794495,0.2683517336845398,3.7881059646606445,"[2.9641308784484863,2.2745020389556885]","[2.3558287620544434,2.7122418880462646]",seeds/cell-000-b80f2f3084e3/seed-5/checkpoint.pt,seeds/cell-000-b80f2f3084e3/seed-5/snapshots/step-000025.pt
1,scaling-width-load-adamw-10seeds-v1,bffb1a6d15694071b753472a492474ca54484853136fedff195831ccd64433a0,cell-000-b80f2f3084e3,0,b80f2f3084e3eb72435f122aaa0fc487e6be54468231cd4e47c54fb16d9069ca,5,2,50,8,4,8,2,1,,adamw,0.01,0.0,400,512,0.0,8192,0.4721836447715759,0.8385009765625,0.4930482506752014,0.4864468276500702,2.8834874629974365,"[3.880937337875366,3.0625224113464355]","[2.3983380794525146,2.835461378097534]",seeds/cell-000-b80f2f3084e3/seed-5/checkpoint.pt,seeds/cell-000-b80f2f3084e3/seed-5/snapshots/step-000050.pt
1,scaling-width-load-adamw-10seeds-v1,bffb1a6d15694071b753472a492474ca54484853136fedff195831ccd64433a0,cell-000-b80f2f3084e3,0,b80f2f3084e3eb72435f122aaa0fc487e6be54468231cd4e47c54fb16d9069ca,5,3,100,8,4,8,2,1,,adamw,0.01,0.0,400,512,0.0,8192,0.005599725525826216,1.0,1.0066306591033936,0.9954588413238525,3.163262128829956,"[6.429527282714844,5.5693135261535645]","[1.9069831371307373,3.533013105392456]",seeds/cell-000-b80f2f3084e3/seed-5/checkpoint.pt,seeds/cell-000-b80f2f3084e3/seed-5/snapshots/step-000100.pt
1,scaling-width-load-adamw-10seeds-v1,bffb1a6d15694071b753472a492474ca54484853136fedff195831ccd64433a0,cell-000-b80f2f3084e3,0,b80f2f3084e3eb72435f122aaa0fc487e6be54468231cd4e47c54fb16d9069ca,5,4,200,8,4,8,2,1,,adamw,0.01,0.0,400,512,0.0,8192,0.0005838677752763033,1.0,1.0025701522827148,0.994403064250946,3.2518677711486816,"[6.853573799133301,5.917623043060303]","[1.8743563890457153,4.01486349105835]",seeds/cell-000-b80f2f3084e3/seed-5/checkpoint.pt,seeds/cell-000-b80f2f3084e3/seed-5/snapshots/step-000200.pt
1,scaling-width-load-adamw-10seeds-v1,bffb1a6d15694071b753472a492474ca54484853136fedff195831ccd64433a0,cell-000-b80f2f3084e3,0,b80f2f3084e3eb72435f122aaa0fc487e6be54468231cd4e47c54fb16d9069ca,5,5,400,8,4,8,2,1,,adamw,0.01,0.0,400,512,0.0,8192,0.0001570768654346466,1.0,0.9996837377548218,0.9931162595748901,3.2637290954589844,"[7.091793537139893,6.077339172363281]","[1.871646761894226,4.2305097579956055]",seeds/cell-000-b80f2f3084e3/seed-5/checkpoint.pt,seeds/cell-000-b80f2f3084e3/seed-5/snapshots/step-000400.pt
1,scaling-width-load-adamw-10seeds-v1,bffb1a6d15694071b753472a492474ca54484853136fedff195831ccd64433a0,cell-000-b80f2f3084e3,0,b80f2f3084e3eb72435f122aaa0fc487e6be54468231cd4e47c54fb16d9069ca,6,0,0,8,4,8,2,1,,adamw,0.01,0.0,400,512,0.0,8192,3.3546981811523438,0.508544921875,-0.01176703441888094,-0.018756285309791565,4.054658889770508,"[3.085672616958618,3.67970871925354]","[2.2765185832977295,2.8879880905151367]",seeds/cell-000-b80f2f3084e3/seed-6/checkpoint.pt,seeds/cell-000-b80f2f3084e3/seed-6/snapshots/step-000000.pt
1,scaling-width-load-adamw-10seeds-v1,bffb1a6d15694071b753472a492474ca54484853136fedff195831ccd64433a0,cell-000-b80f2f3084e3,0,b80f2f3084e3eb72435f122aaa0fc487e6be54468231cd4e47c54fb16d9069ca,6,1,25,8,4,8,2,1,,adamw,0.01,0.0,400,512,0.0,8192,0.8304395079612732,0.673583984375,0.16119042038917542,0.1209811270236969,4.329469203948975,"[3.3704731464385986,3.705639123916626]","[2.181166172027588,3.3517284393310547]",seeds/cell-000-b80f2f3084e3/seed-6/checkpoint.pt,seeds/cell-000-b80f2f3084e3/seed-6/snapshots/step-000025.pt
1,scaling-width-load-adamw-10seeds-v1,bffb1a6d15694071b753472a492474ca54484853136fedff195831ccd64433a0,cell-000-b80f2f3084e3,0,b80f2f3084e3eb72435f122aaa0fc487e6be54468231cd4e47c54fb16d9069ca,6,2,50,8,4,8,2,1,,adamw,0.01,0.0,400,512,0.0,8192,0.6750050783157349,0.7467041015625,0.292275071144104,0.24698126316070557,4.111330032348633,"[3.239147663116455,3.735679864883423]","[2.1850340366363525,3.5348358154296875]",seeds/cell-000-b80f2f3084e3/seed-6/checkpoint.pt,seeds/cell-000-b80f2f3084e3/seed-6/snapshots/step-000050.pt
1,scaling-width-load-adamw-10seeds-v1,bffb1a6d15694071b753472a492474ca54484853136fedff195831ccd64433a0,cell-000-b80f2f3084e3,0,b80f2f3084e3eb72435f122aaa0fc487e6be54468231cd4e47c54fb16d9069ca,6,3,100,8,4,8,2,1,,adamw,0.01,0.0,400,512,0.0,8192,0.2022734433412552,0.9398193359375,0.806593120098114,0.7943890690803528,3.544250726699829,"[3.3305611610412598,5.85556697845459]","[1.8116950988769531,3.975646495819092]",seeds/cell-000-b80f2f3084e3/seed-6/checkpoint.pt,seeds/cell-000-b80f2f3084e3/seed-6/snapshots/step-000100.pt
1,scaling-width-load-adamw-10seeds-v1,bffb1a6d15694071b753472a492474ca54484853136fedff195831ccd64433a0,cell-000-b80f2f3084e3,0,b80f2f3084e3eb72435f122aaa0fc487e6be54468231cd4e47c54fb16d9069ca,6,4,200,8,4,8,2,1,,adamw,0.01,0.0,400,512,0.0,8192,0.002462719101458788,1.0,1.0016810894012451,0.9965062737464905,3.5059046745300293,"[3.2251715660095215,7.139179706573486]","[1.4314178228378296,5.464463710784912]",seeds/cell-000-b80f2f3084e3/seed-6/checkpoint.pt,seeds/cell-000-b80f2f3084e3/seed-6/snapshots/step-000200.pt
1,scaling-width-load-adamw-10seeds-v1,bffb1a6d15694071b753472a492474ca54484853136fedff195831ccd64433a0,cell-000-b80f2f3084e3,0,b80f2f3084e3eb72435f122aaa0fc487e6be54468231cd4e47c54fb16d9069ca,6,5,400,8,4,8,2,1,,adamw,0.01,0.0,400,512,0.0,8192,0.0004874472215306014,1.0,0.9998228549957275,0.9964329600334167,3.452033281326294,"[3.243302822113037,7.420892715454102]","[1.3642594814300537,6.016217231750488]",seeds/cell-000-b80f2f3084e3/seed-6/checkpoint.pt,seeds/cell-000-b80f2f3084e3/seed-6/snapshots/step-000400.pt
1,scaling-width-load-adamw-10seeds-v1,bffb1a6d15694071b753472a492474ca54484853136fedff195831ccd64433a0,cell-000-b80f2f3084e3,0,b80f2f3084e3eb72435f122aaa0fc487e6be54468231cd4e47c54fb16d9069ca,7,0,0,8,4,8,2,1,,adamw,0.01,0.0,400,512,0.0,8192,1.1135952472686768,0.53564453125,0.023610137403011322,0.03467312455177307,3.453298330307007,"[2.7017574310302734,2.2747697830200195]","[3.1317696571350098,3.643065929412842]",seeds/cell-000-b80f2f3084e3/seed-7/checkpoint.pt,seeds/cell-000-b80f2f3084e3/seed-7/snapshots/step-000000.pt
1,scaling-width-load-adamw-10seeds-v1,bffb1a6d15694071b753472a492474ca54484853136fedff195831ccd64433a0,cell-000-b80f2f3084e3,0,b80f2f3084e3eb72435f122aaa0fc487e6be54468231cd4e47c54fb16d9069ca,7,1,25,8,4,8,2,1,,adamw,0.01,0.0,400,512,0.0,8192,0.7514007091522217,0.7073974609375,0.2067849189043045,0.16760948300361633,3.027301788330078,"[2.263829231262207,2.3072471618652344]","[3.433307647705078,4.072569370269775]",seeds/cell-000-b80f2f3084e3/seed-7/checkpoint.pt,seeds/cell-000-b80f2f3084e3/seed-7/snapshots/step-000025.pt
1,scaling-width-load-adamw-10seeds-v1,bffb1a6d15694071b753472a492474ca54484853136fedff195831ccd64433a0,cell-000-b80f2f3084e3,0,b80f2f3084e3eb72435f122aaa0fc487e6be54468231cd4e47c54fb16d9069ca,7,2,50,8,4,8,2,1,,adamw,0.01,0.0,400,512,0.0,8192,0.3311852812767029,0.8836669921875,0.703857421875,0.6860584020614624,2.614513397216797,"[3.910726547241211,3.1524102687835693]","[3.769723415374756,4.031101226806641]",seeds/cell-000-b80f2f3084e3/seed-7/checkpoint.pt,seeds/cell-000-b80f2f3084e3/seed-7/snapshots/step-000050.pt
1,scaling-width-load-adamw-10seeds-v1,bffb1a6d15694071b753472a492474ca54484853136fedff195831ccd64433a0,cell-000-b80f2f3084e3,0,b80f2f3084e3eb72435f122aaa0fc487e6be54468231cd4e47c54fb16d9069ca,7,3,100,8,4,8,2,1,,adamw,0.01,0.0,400,512,0.0,8192,0.0015231241704896092,1.0,1.0010813474655151,0.9969353079795837,2.475231409072876,"[5.883872985839844,3.75020694732666]","[4.233908653259277,4.213326454162598]",seeds/cell-000-b80f2f3084e3/seed-7/checkpoint.pt,seeds/cell-000-b80f2f3084e3/seed-7/snapshots/step-000100.pt
1,scaling-width-load-adamw-10seeds-v1,bffb1a6d15694071b753472a492474ca54484853136fedff195831ccd64433a0,cell-000-b80f2f3084e3,0,b80f2f3084e3eb72435f122aaa0fc487e6be54468231cd4e47c54fb16d9069ca,7,4,200,8,4,8,2,1,,adamw,0.01,0.0,400,512,0.0,8192,0.00023123624850995839,1.0,0.9997158050537109,0.9940939545631409,2.450274705886841,"[6.056173801422119,3.780639886856079]","[4.329606056213379,4.2536091804504395]",seeds/cell-000-b80f2f3084e3/seed-7/checkpoint.pt,seeds/cell-000-b80f2f3084e3/seed-7/snapshots/step-000200.pt
1,scaling-width-load-adamw-10seeds-v1,bffb1a6d15694071b753472a492474ca54484853136fedff195831ccd64433a0,cell-000-b80f2f3084e3,0,b80f2f3084e3eb72435f122aaa0fc487e6be54468231cd4e47c54fb16d9069ca,7,5,400,8,4,8,2,1,,adamw,0.01,0.0,400,512,0.0,8192,8.679405436851084e-05,1.0,1.0005265474319458,0.9932466745376587,2.444913148880005,"[6.158791542053223,3.8218131065368652]","[4.401221752166748,4.2741193771362305]",seeds/cell-000-b80f2f3084e3/seed-7/checkpoint.pt,seeds/cell-000-b80f2f3084e3/seed-7/snapshots/step-000400.pt
1,scaling-width-load-adamw-10seeds-v1,bffb1a6d15694071b753472a492474ca54484853136fedff195831ccd64433a0,cell-000-b80f2f3084e3,0,b80f2f3084e3eb72435f122aaa0fc487e6be54468231cd4e47c54fb16d9069ca,8,0,0,8,4,8,2,1,,adamw,0.01,0.0,400,512,0.0,8192,1.0137183666229248,0.540771484375,0.013370484113693237,0.014213409274816513,4.1831159591674805,"[2.581055164337158,2.1446964740753174]","[3.4933178424835205,3.399625778198242]",seeds/cell-000-b80f2f3084e3/seed-8/checkpoint.pt,seeds/cell-000-b80f2f3084e3/seed-8/snapshots/step-000000.pt
1,scaling-width-load-adamw-10seeds-v1,bffb1a6d15694071b753472a492474ca54484853136fedff195831ccd64433a0,cell-000-b80f2f3084e3,0,b80f2f3084e3eb72435f122aaa0fc487e6be54468231cd4e47c54fb16d9069ca,8,1,25,8,4,8,2,1,,adamw,0.01,0.0,400,512,0.0,8192,0.6756985187530518,0.7537841796875,0.3019142150878906,0.2719663083553314,4.1768269538879395,"[2.530514717102051,2.3881123065948486]","[3.3927078247070312,3.8001909255981445]",seeds/cell-000-b80f2f3084e3/seed-8/checkpoint.pt,seeds/cell-000-b80f2f3084e3/seed-8/snapshots/step-000025.pt
1,scaling-width-load-adamw-10seeds-v1,bffb1a6d15694071b753472a492474ca54484853136fedff195831ccd64433a0,cell-000-b80f2f3084e3,0,b80f2f3084e3eb72435f122aaa0fc487e6be54468231cd4e47c54fb16d9069ca,8,2,50,8,4,8,2,1,,adamw,0.01,0.0,400,512,0.0,8192,0.11915729939937592,0.9732666015625,0.8612486720085144,0.8649416565895081,3.8995490074157715,"[4.58760404586792,3.801687717437744]","[3.576059579849243,3.899646759033203]",seeds/cell-000-b80f2f3084e3/seed-8/checkpoint.pt,seeds/cell-000-b80f2f3084e3/seed-8/snapshots/step-000050.pt
1,scaling-width-load-adamw-10seeds-v1,bffb1a6d15694071b753472a492474ca54484853136fedff195831ccd64433a0,cell-000-b80f2f3084e3,0,b80f2f3084e3eb72435f122aaa0fc487e6be54468231cd4e47c54fb16d9069ca,8,3,100,8,4,8,2,1,,adamw,0.01,0.0,400,512,0.0,8192,0.0008626234484836459,1.0,1.0054104328155518,0.999260663986206,3.7229645252227783,"[6.128659725189209,4.555814743041992]","[3.875004529953003,4.674727439880371]",seeds/cell-000-b80f2f3084e3/seed-8/checkpoint.pt,seeds/cell-000-b80f2f3084e3/seed-8/snapshots/step-000100.pt
1,scaling-width-load-adamw-10seeds-v1,bffb1a6d15694071b753472a492474ca54484853136fedff195831ccd64433a0,cell-000-b80f2f3084e3,0,b80f2f3084e3eb72435f122aaa0fc487e6be54468231cd4e47c54fb16d9069ca,8,4,200,8,4,8,2,1,,adamw,0.01,0.0,400,512,0.0,8192,0.0002542578731663525,1.0,1.0019443035125732,0.9924311637878418,3.7106597423553467,"[6.205393314361572,4.545187950134277]","[3.8450417518615723,4.913391590118408]",seeds/cell-000-b80f2f3084e3/seed-8/checkpoint.pt,seeds/cell-000-b80f2f3084e3/seed-8/snapshots/step-000200.pt
1,scaling-width-load-adamw-10seeds-v1,bffb1a6d15694071b753472a492474ca54484853136fedff195831ccd64433a0,cell-000-b80f2f3084e3,0,b80f2f3084e3eb72435f122aaa0fc487e6be54468231cd4e47c54fb16d9069ca,8,5,400,8,4,8,2,1,,adamw,0.01,0.0,400,512,0.0,8192,9.771646000444889e-05,1.0,0.9992033839225769,0.989113986492157,3.696884870529175,"[6.273751735687256,4.562013626098633]","[3.811052083969116,5.160933971405029]",seeds/cell-000-b80f2f3084e3/seed-8/checkpoint.pt,seeds/cell-000-b80f2f3084e3/seed-8/snapshots/step-000400.pt
1,scaling-width-load-adamw-10seeds-v1,bffb1a6d15694071b753472a492474ca54484853136fedff195831ccd64433a0,cell-000-b80f2f3084e3,0,b80f2f3084e3eb72435f122aaa0fc487e6be54468231cd4e47c54fb16d9069ca,9,0,0,8,4,8,2,1,,adamw,0.01,0.0,400,512,0.0,8192,1.3447738885879517,0.5108642578125,0.0146353580057621,0.021455906331539154,4.039891242980957,"[2.4036357402801514,2.5279898643493652]","[2.998624324798584,3.0936007499694824]",seeds/cell-000-b80f2f3084e3/seed-9/checkpoint.pt,seeds/cell-000-b80f2f3084e3/seed-9/snapshots/step-000000.pt
1,scaling-width-load-adamw-10seeds-v1,bffb1a6d15694071b753472a492474ca54484853136fedff195831ccd64433a0,cell-000-b80f2f3084e3,0,b80f2f3084e3eb72435f122aaa0fc487e6be54468231cd4e47c54fb16d9069ca,9,1,25,8,4,8,2,1,,adamw,0.01,0.0,400,512,0.0,8192,0.6637721657752991,0.7481689453125,0.319655179977417,0.3072674572467804,4.112773418426514,"[2.537338972091675,2.696187973022461]","[3.3020267486572266,3.8470213413238525]",seeds/cell-000-b80f2f3084e3/seed-9/checkpoint.pt,seeds/cell-000-b80f2f3084e3/seed-9/snapshots/step-000025.pt
1,scaling-width-load-adamw-10seeds-v1,bffb1a6d15694071b753472a492474ca54484853136fedff195831ccd64433a0,cell-000-b80f2f3084e3,0,b80f2f3084e3eb72435f122aaa0fc487e6be54468231cd4e47c54fb16d9069ca,9,2,50,8,4,8,2,1,,adamw,0.01,0.0,400,512,0.0,8192,0.19571101665496826,0.949951171875,0.7861644625663757,0.7792450189590454,4.180708408355713,"[3.8650803565979004,4.210148334503174]","[3.0377111434936523,4.009708404541016]",seeds/cell-000-b80f2f3084e3/seed-9/checkpoint.pt,seeds/cell-000-b80f2f3084e3/seed-9/snapshots/step-000050.pt
1,scaling-width-load-adamw-10seeds-v1,bffb1a6d15694071b753472a492474ca54484853136fedff195831ccd64433a0,cell-000-b80f2f3084e3,0,b80f2f3084e3eb72435f122aaa0fc487e6be54468231cd4e47c54fb16d9069ca,9,3,100,8,4,8,2,1,,adamw,0.01,0.0,400,512,0.0,8192,0.001542205223813653,1.0,0.9960566163063049,0.9992095232009888,4.42523193359375,"[4.946446418762207,5.71537446975708]","[2.4961917400360107,4.662200450897217]",seeds/cell-000-b80f2f3084e3/seed-9/checkpoint.pt,seeds/cell-000-b80f2f3084e3/seed-9/snapshots/step-000100.pt
1,scaling-width-load-adamw-10seeds-v1,bffb1a6d15694071b753472a492474ca54484853136fedff195831ccd64433a0,cell-000-b80f2f3084e3,0,b80f2f3084e3eb72435f122aaa0fc487e6be54468231cd4e47c54fb16d9069ca,9,4,200,8,4,8,2,1,,adamw,0.01,0.0,400,512,0.0,8192,0.00039672787534072995,1.0,1.0011183023452759,1.006880283355713,4.384223937988281,"[5.047597885131836,5.920302391052246]","[2.4094929695129395,4.885581016540527]",seeds/cell-000-b80f2f3084e3/seed-9/checkpoint.pt,seeds/cell-000-b80f2f3084e3/seed-9/snapshots/step-000200.pt
1,scaling-width-load-adamw-10seeds-v1,bffb1a6d15694071b753472a492474ca54484853136fedff195831ccd64433a0,cell-000-b80f2f3084e3,0,b80f2f3084e3eb72435f122aaa0fc487e6be54468231cd4e47c54fb16d9069ca,9,5,400,8,4,8,2,1,,adamw,0.01,0.0,400,512,0.0,8192,0.00014483381528407335,1.0,1.0001888275146484,1.0060862302780151,4.3459153175354,"[5.158994674682617,6.075972557067871]","[2.319013833999634,5.105287075042725]",seeds/cell-000-b80f2f3084e3/seed-9/checkpoint.pt,seeds/cell-000-b80f2f3084e3/seed-9/snapshots/step-000400.pt
1,scaling-width-load-adamw-10seeds-v1,bffb1a6d15694071b753472a492474ca54484853136fedff195831ccd64433a0,cell-001-35e4b00b6c43,1,35e4b00b6c4399e4b064fdfc1a9ebf4af96a87d0ca25bb0753553693ae9d9ef0,0,0,0,8,4,8,2,4,,adamw,0.01,0.0,400,512,0.0,8192,1.9577556848526,0.520263671875,0.03988967090845108,0.004972194321453571,4.071608066558838,"[1.7820074558258057,1.4323068857192993,1.1669033765792847,1.2765774726867676,1.6658533811569214,1.1509819030761719,0.8940115571022034,1.2107235193252563]","[1.6611675024032593,1.6178162097930908,1.1185708045959473,1.376578450202942,1.7920210361480713,1.6919605731964111,1.0698368549346924,1.6293569803237915]",seeds/cell-001-35e4b00b6c43/seed-0/checkpoint.pt,seeds/cell-001-35e4b00b6c43/seed-0/snapshots/step-000000.pt
1,scaling-width-load-adamw-10seeds-v1,bffb1a6d15694071b753472a492474ca54484853136fedff195831ccd64433a0,cell-001-35e4b00b6c43,1,35e4b00b6c4399e4b064fdfc1a9ebf4af96a87d0ca25bb0753553693ae9d9ef0,0,1,25,8,4,8,2,4,,adamw,0.01,0.0,400,512,0.0,8192,0.705137312412262,0.7296142578125,0.27784234285354614,0.23892110586166382,3.709315061569214,"[1.845348834991455,1.3709591627120972,1.124712586402893,1.1457481384277344,1.7886414527893066,1.3326143026351929,0.8977791666984558,1.0922526121139526]","[1.7260817289352417,1.7840336561203003,1.2509528398513794,1.7475742101669312,1.835435390472412,2.0661580562591553,1.220718264579773,1.8333295583724976]",seeds/cell-001-35e4b00b6c43/seed-0/checkpoint.pt,seeds/cell-001-35e4b00b6c43/seed-0/snapshots/step-000025.pt
1,scaling-width-load-adamw-10seeds-v1,bffb1a6d15694071b753472a492474ca54484853136fedff195831ccd64433a0,cell-001-35e4b00b6c43,1,35e4b00b6c4399e4b064fdfc1a9ebf4af96a87d0ca25bb0753553693ae9d9ef0,0,2,50,8,4,8,2,4,,adamw,0.01,0.0,400,512,0.0,8192,0.5348016619682312,0.8045654296875,0.4526903033256531,0.4294394850730896,3.000950813293457,"[1.9698370695114136,1.3632053136825562,1.663185715675354,1.4861807823181152,1.7349786758422852,1.593482255935669,1.2041910886764526,1.350162148475647]","[1.7196547985076904,1.7910528182983398,1.3651483058929443,1.8026350736618042,1.835429310798645,2.09507417678833,1.1972129344940186,1.9259542226791382]",seeds/cell-001-35e4b00b6c43/seed-0/checkpoint.pt,seeds/cell-001-35e4b00b6c43/seed-0/snapshots/step-000050.pt
1,scaling-width-load-adamw-10seeds-v1,bffb1a6d15694071b753472a492474ca54484853136fedff195831ccd64433a0,cell-001-35e4b00b6c43,1,35e4b00b6c4399e4b064fdfc1a9ebf4af96a87d0ca25bb0753553693ae9d9ef0,0,3,100,8,4,8,2,4,,adamw,0.01,0.0,400,512,0.0,8192,0.19416126608848572,0.9521484375,0.8227798342704773,0.8224284648895264,2.9698357582092285,"[2.040752410888672,1.3039450645446777,3.0140573978424072,2.8295352458953857,1.818566083908081,2.0081334114074707,1.5174063444137573,1.7999460697174072]","[1.6104305982589722,1.6430202722549438,1.6680958271026611,2.016383647918701,1.86528480052948,2.046001672744751,1.0554137229919434,2.1932342052459717]",seeds/cell-001-35e4b00b6c43/seed-0/checkpoint.pt,seeds/cell-001-35e4b00b6c43/seed-0/snapshots/step-000100.pt
1,scaling-width-load-adamw-10seeds-v1,bffb1a6d15694071b753472a492474ca54484853136fedff195831ccd64433a0,cell-001-35e4b00b6c43,1,35e4b00b6c4399e4b064fdfc1a9ebf4af96a87d0ca25bb0753553693ae9d9ef0,0,4,200,8,4,8,2,4,,adamw,0.01,0.0,400,512,0.0,8192,0.0024496647529304028,1.0,0.9997336864471436,0.9804266691207886,3.1566050052642822,"[2.0254809856414795,1.2710802555084229,4.150396347045898,3.2277140617370605,1.8506214618682861,2.2198486328125,1.6510752439498901,2.3304460048675537]","[1.5014245510101318,1.4887011051177979,2.1216750144958496,2.351776599884033,1.869781494140625,2.1850643157958984,0.9955329895019531,2.8465943336486816]",seeds/cell-001-35e4b00b6c43/seed-0/checkpoint.pt,seeds/cell-001-35e4b00b6c43/seed-0/snapshots/step-000200.pt
1,scaling-width-load-adamw-10seeds-v1,bffb1a6d15694071b753472a492474ca54484853136fedff195831ccd64433a0,cell-001-35e4b00b6c43,1,35e4b00b6c4399e4b064fdfc1a9ebf4af96a87d0ca25bb0753553693ae9d9ef0,0,5,400,8,4,8,2,4,,adamw,0.01,0.0,400,512,0.0,8192,0.0005604337784461677,1.0,0.9988555908203125,0.9789462089538574,3.106428384780884,"[1.9785048961639404,1.253339171409607,4.254406929016113,3.2726223468780518,1.929915428161621,2.2459311485290527,1.6252851486206055,2.4288129806518555]","[1.4581594467163086,1.42683744430542,2.240504264831543,2.3494081497192383,1.8783442974090576,2.185741901397705,0.9740126729011536,3.37270188331604]",seeds/cell-001-35e4b00b6c43/seed-0/checkpoint.pt,seeds/cell-001-35e4b00b6c43/seed-0/snapshots/step-000400.pt
1,scaling-width-load-adamw-10seeds-v1,bffb1a6d15694071b753472a492474ca54484853136fedff195831ccd64433a0,cell-001-35e4b00b6c43,1,35e4b00b6c4399e4b064fdfc1a9ebf4af96a87d0ca25bb0753553693ae9d9ef0,1,0,0,8,4,8,2,4,,adamw,0.01,0.0,400,512,0.0,8192,1.4661569595336914,0.5042724609375,-0.006056157872080803,0.012697523459792137,4.528775691986084,"[1.662091612815857,1.6407692432403564,0.8271181583404541,1.572047233581543,2.5684244632720947,1.1516013145446777,2.2944560050964355,1.1438008546829224]","[0.8968335390090942,1.6560815572738647,2.0325047969818115,1.4200713634490967,2.0247981548309326,1.068516492843628,0.6601475477218628,1.4079262018203735]",seeds/cell-001-35e4b00b6c43/seed-1/checkpoint.pt,seeds/cell-001-35e4b00b6c43/seed-1/snapshots/step-000000.pt
1,scaling-width-load-adamw-10seeds-v1,bffb1a6d15694071b753472a492474ca54484853136fedff195831ccd64433a0,cell-001-35e4b00b6c43,1,35e4b00b6c4399e4b064fdfc1a9ebf4af96a87d0ca25bb0753553693ae9d9ef0,1,1,25,8,4,8,2,4,,adamw,0.01,0.0,400,512,0.0,8192,0.6779367923736572,0.750244140625,0.30843713879585266,0.2633093595504761,3.9961698055267334,"[1.6447397470474243,1.8809926509857178,1.2513209581375122,1.4013628959655762,2.6517274379730225,1.2221271991729736,2.175132989883423,1.2112514972686768]","[0.9461575746536255,1.4700134992599487,2.1143062114715576,1.7808562517166138,2.2862541675567627,1.315934658050537,0.7579519152641296,1.5691263675689697]",seeds/cell-001-35e4b00b6c43/seed-1/checkpoint.pt,seeds/cell-001-35e4b00b6c43/seed-1/snapshots/step-000025.pt
1,scaling-width-load-adamw-10seeds-v1,bffb1a6d15694071b753472a492474ca54484853136fedff195831ccd64433a0,cell-001-35e4b00b6c43,1,35e4b00b6c4399e4b064fdfc1a9ebf4af96a87d0ca25bb0753553693ae9d9ef0,1,2,50,8,4,8,2,4,,adamw,0.01,0.0,400,512,0.0,8192,0.4297696053981781,0.852294921875,0.5477641224861145,0.5239176750183105,3.6436171531677246,"[1.8287242650985718,2.047351598739624,1.66551673412323,1.8574116230010986,2.9342715740203857,1.6929594278335571,2.19541597366333,1.5423457622528076]","[0.8540270328521729,1.5131202936172485,2.219470977783203,1.8142186403274536,2.3161351680755615,1.1754229068756104,0.7412971258163452,1.745532512664795]",seeds/cell-001-35e4b00b6c43/seed-1/checkpoint.pt,seeds/cell-001-35e4b00b6c43/seed-1/snapshots/step-000050.pt
1,scaling-width-load-adamw-10seeds-v1,bffb1a6d15694071b753472a492474ca54484853136fedff195831ccd64433a0,cell-001-35e4b00b6c43,1,35e4b00b6c4399e4b064fdfc1a9ebf4af96a87d0ca25bb0753553693ae9d9ef0,1,3,100,8,4,8,2,4,,adamw,0.01,0.0,400,512,0.0,8192,0.032064490020275116,0.9976806640625,0.9866042137145996,0.9781129956245422,3.310699462890625,"[2.243450164794922,2.4155757427215576,1.862169861793518,3.1760244369506836,3.4625017642974854,2.5304007530212402,2.4059622287750244,1.3007948398590088]","[0.7042485475540161,1.379045844078064,2.1511929035186768,2.396531820297241,2.6506693363189697,1.7462855577468872,0.6547864675521851,1.6299488544464111]",seeds/cell-001-35e4b00b6c43/seed-1/checkpoint.pt,seeds/cell-001-35e4b00b6c43/seed-1/snapshots/step-000100.pt
1,scaling-width-load-adamw-10seeds-v1,bffb1a6d15694071b753472a492474ca54484853136fedff195831ccd64433a0,cell-001-35e4b00b6c43,1,35e4b00b6c4399e4b064fdfc1a9ebf4af96a87d0ca25bb0753553693ae9d9ef0,1,4,200,8,4,8,2,4,,adamw,0.01,0.0,400,512,0.0,8192,0.0006096200086176395,1.0,1.0019118785858154,1.002994418144226,3.1326889991760254,"[2.31868314743042,2.527768135070801,1.7807161808013916,3.813272476196289,3.6351468563079834,2.668844223022461,2.5051333904266357,1.2760637998580933]","[0.6645233035087585,1.350011944770813,1.9323705434799194,2.7238433361053467,3.027214527130127,2.268171548843384,0.7647594809532166,1.4936447143554688]",seeds/cell-001-35e4b00b6c43/seed-1/checkpoint.pt,seeds/cell-001-35e4b00b6c43/seed-1/snapshots/step-000200.pt
1,scaling-width-load-adamw-10seeds-v1,bffb1a6d15694071b753472a492474ca54484853136fedff195831ccd64433a0,cell-001-35e4b00b6c43,1,35e4b00b6c4399e4b064fdfc1a9ebf4af96a87d0ca25bb0753553693ae9d9ef0,1,5,400,8,4,8,2,4,,adamw,0.01,0.0,400,512,0.0,8192,0.00014083771384321153,1.0,1.0004551410675049,0.9998595714569092,3.096935272216797,"[2.296957492828369,2.5149831771850586,1.7604337930679321,3.883694648742676,3.6264214515686035,2.701167345046997,2.5265157222747803,1.2852652072906494]","[0.6364932060241699,1.3291220664978027,1.898726224899292,2.8163421154022217,3.1103692054748535,2.3474032878875732,0.8135913610458374,1.4671913385391235]",seeds/cell-001-35e4b00b6c43/seed-1/checkpoint.pt,seeds/cell-001-35e4b00b6c43/seed-1/snapshots/step-000400.pt
1,scaling-width-load-adamw-10seeds-v1,bffb1a6d15694071b753472a492474ca54484853136fedff195831ccd64433a0,cell-001-35e4b00b6c43,1,35e4b00b6c4399e4b064fdfc1a9ebf4af96a87d0ca25bb0753553693ae9d9ef0,2,0,0,8,4,8,2,4,,adamw,0.01,0.0,400,512,0.0,8192,2.958688497543335,0.446044921875,-0.21691039204597473,-0.18693959712982178,4.372025966644287,"[1.0050603151321411,1.557572841644287,1.2052944898605347,1.5504988431930542,0.8306075930595398,1.5598801374435425,1.0658694505691528,1.404237151145935]","[1.6007798910140991,1.2569845914840698,1.0423152446746826,1.1004433631896973,2.3579180240631104,1.141845464706421,1.9753175973892212,1.5110903978347778]",seeds/cell-001-35e4b00b6c43/seed-2/checkpoint.pt,seeds/cell-001-35e4b00b6c43/seed-2/snapshots/step-000000.pt
1,scaling-width-load-adamw-10seeds-v1,bffb1a6d15694071b753472a492474ca54484853136fedff195831ccd64433a0,cell-001-35e4b00b6c43,1,35e4b00b6c4399e4b064fdfc1a9ebf4af96a87d0ca25bb0753553693ae9d9ef0,2,1,25,8,4,8,2,4,,adamw,0.01,0.0,400,512,0.0,8192,0.8136483430862427,0.6795654296875,0.1485370248556137,0.1252671182155609,3.8613157272338867,"[1.167852759361267,1.8685417175292969,1.3697208166122437,1.8676728010177612,0.8608412146568298,1.5335707664489746,1.1564377546310425,1.6050423383712769]","[1.671887755393982,1.5862070322036743,1.2463226318359375,0.9330445528030396,2.685365676879883,1.200669765472412,1.9004462957382202,1.9070168733596802]",seeds/cell-001-35e4b00b6c43/seed-2/checkpoint.pt,seeds/cell-001-35e4b00b6c43/seed-2/snapshots/step-000025.pt
1,scaling-width-load-adamw-10seeds-v1,bffb1a6d15694071b753472a492474ca54484853136fedff195831ccd64433a0,cell-001-35e4b00b6c43,1,35e4b00b6c4399e4b064fdfc1a9ebf4af96a87d0ca25bb0753553693ae9d9ef0,2,2,50,8,4,8,2,4,,adamw,0.01,0.0,400,512,0.0,8192,0.6981486082077026,0.725341796875,0.2858603596687317,0.23584097623825073,3.6959080696105957,"[1.1817915439605713,2.3144960403442383,1.360408902168274,1.9392318725585938,0.8660156726837158,1.576759934425354,1.2956733703613281,1.6416094303131104]","[1.549787163734436,1.7698860168457031,1.299567461013794,0.923568606376648,2.7054765224456787,1.232077956199646,2.0381128787994385,1.9709835052490234]",seeds/cell-001-35e4b00b6c43/seed-2/checkpoint.pt,seeds/cell-001-35e4b00b6c43/seed-2/snapshots/step-000050.pt
1,scaling-width-load-adamw-10seeds-v1,bffb1a6d15694071b753472a492474ca54484853136fedff195831ccd64433a0,cell-001-35e4b00b6c43,1,35e4b00b6c4399e4b064fdfc1a9ebf4af96a87d0ca25bb0753553693ae9d9ef0,2,3,100,8,4,8,2,4,,adamw,0.01,0.0,400,512,0.0,8192,0.4569319486618042,0.8348388671875,0.5479602813720703,0.4924791753292084,2.4627983570098877,"[1.1146928071975708,2.334721088409424,1.3934946060180664,2.4731311798095703,1.1522554159164429,2.369542121887207,1.589476466178894,2.481231212615967]","[1.421720266342163,1.581495761871338,1.2476149797439575,0.9672026038169861,2.589507818222046,1.2871301174163818,2.160646438598633,2.23537015914917]",seeds/cell-001-35e4b00b6c43/seed-2/checkpoint.pt,seeds/cell-001-35e4b00b6c43/seed-2/snapshots/step-000100.pt
1,scaling-width-load-adamw-10seeds-v1,bffb1a6d15694071b753472a492474ca54484853136fedff195831ccd64433a0,cell-001-35e4b00b6c43,1,35e4b00b6c4399e4b064fdfc1a9ebf4af96a87d0ca25bb0753553693ae9d9ef0,2,4,200,8,4,8,2,4,,adamw,0.01,0.0,400,512,0.0,8192,0.08037357032299042,0.97265625,0.9300333261489868,0.9180557727813721,2.3995699882507324,"[1.7738033533096313,3.156975030899048,1.9159274101257324,3.149848461151123,1.5270206928253174,2.7212865352630615,3.0859603881835938,3.666184425354004]","[1.0807273387908936,1.2935718297958374,1.1168962717056274,0.8691703677177429,2.423786163330078,1.4221783876419067,2.3347280025482178,3.0220983028411865]",seeds/cell-001-35e4b00b6c43/seed-2/checkpoint.pt,seeds/cell-001-35e4b00b6c43/seed-2/snapshots/step-000200.pt
1,scaling-width-load-adamw-10seeds-v1,bffb1a6d15694071b753472a492474ca54484853136fedff195831ccd64433a0,cell-001-35e4b00b6c43,1,35e4b00b6c4399e4b064fdfc1a9ebf4af96a87d0ca25bb0753553693ae9d9ef0,2,5,400,8,4,8,2,4,,adamw,0.01,0.0,400,512,0.0,8192,0.0010069991694763303,1.0,0.9988288879394531,0.9904074668884277,2.6181585788726807,"[2.1198816299438477,3.452871084213257,2.5547144412994385,2.9619877338409424,1.6220388412475586,2.7533068656921387,3.5674853324890137,4.080883979797363]","[0.9953292608261108,1.0911306142807007,1.0744677782058716,0.7875411510467529,2.4662842750549316,1.3531112670898438,2.6265552043914795,3.632322072982788]",seeds/cell-001-35e4b00b6c43/seed-2/checkpoint.pt,seeds/cell-001-35e4b00b6c43/seed-2/snapshots/step-000400.pt
1,scaling-width-load-adamw-10seeds-v1,bffb1a6d15694071b753472a492474ca54484853136fedff195831ccd64433a0,cell-001-35e4b00b6c43,1,35e4b00b6c4399e4b064fdfc1a9ebf4af96a87d0ca25bb0753553693ae9d9ef0,3,0,0,8,4,8,2,4,,adamw,0.01,0.0,400,512,0.0,8192,1.2273997068405151,0.5709228515625,0.08900807797908783,0.0006206168327480555,3.9092769622802734,"[1.0839476585388184,1.741752028465271,0.8687302470207214,1.2512344121932983,0.9663107991218567,1.5300544500350952,1.152833104133606,2.048659563064575]","[1.3853713274002075,2.1006686687469482,1.3290481567382812,0.7974114418029785,1.0781110525131226,1.1139739751815796,1.1778435707092285,1.5512440204620361]",seeds/cell-001-35e4b00b6c43/seed-3/checkpoint.pt,seeds/cell-001-35e4b00b6c43/seed-3/snapshots/step-000000.pt
1,scaling-width-load-adamw-10seeds-v1,bffb1a6d15694071b753472a492474ca54484853136fedff195831ccd64433a0,cell-001-35e4b00b6c43,1,35e4b00b6c4399e4b064fdfc1a9ebf4af96a87d0ca25bb0753553693ae9d9ef0,3,1,25,8,4,8,2,4,,adamw,0.01,0.0,400,512,0.0,8192,0.7089818716049194,0.723876953125,0.277812659740448,0.22551247477531433,3.7211074829101562,"[1.3087060451507568,1.8156609535217285,1.0173065662384033,1.272945523262024,0.9892569184303284,1.5628471374511719,1.4146685600280762,1.973126769065857]","[1.542203664779663,2.167210578918457,1.3156956434249878,0.7084599733352661,1.1393662691116333,1.1223593950271606,1.3318068981170654,1.498818039894104]",seeds/cell-001-35e4b00b6c43/seed-3/checkpoint.pt,seeds/cell-001-35e4b00b6c43/seed-3/snapshots/step-000025.pt
1,scaling-width-load-adamw-10seeds-v1,bffb1a6d15694071b753472a492474ca54484853136fedff195831ccd64433a0,cell-001-35e4b00b6c43,1,35e4b00b6c4399e4b064fdfc1a9ebf4af96a87d0ca25bb0753553693ae9d9ef0,3,2,50,8,4,8,2,4,,adamw,0.01,0.0,400,512,0.0,8192,0.5167137384414673,0.8114013671875,0.48193132877349854,0.4553266167640686,3.581512451171875,"[1.4494117498397827,2.118065595626831,1.093117117881775,1.3615087270736694,1.0240988731384277,1.7558679580688477,1.4727592468261719,2.3201842308044434]","[1.6097172498703003,2.25773286819458,1.2591451406478882,0.6885342597961426,1.032078504562378,1.1800895929336548,1.3507474660873413,1.458164095878601]",seeds/cell-001-35e4b00b6c43/seed-3/checkpoint.pt,seeds/cell-001-35e4b00b6c43/seed-3/snapshots/step-000050.pt
1,scaling-width-load-adamw-10seeds-v1,bffb1a6d15694071b753472a492474ca54484853136fedff195831ccd64433a0,cell-001-35e4b00b6c43,1,35e4b00b6c4399e4b064fdfc1a9ebf4af96a87d0ca25bb0753553693ae9d9ef0,3,3,100,8,4,8,2,4,,adamw,0.01,0.0,400,512,0.0,8192,0.1745440512895584,0.9476318359375,0.8552554249763489,0.8332079648971558,3.207482099533081,"[1.5057532787322998,3.025390863418579,1.4747930765151978,1.2124760150909424,1.1129734516143799,2.1052143573760986,1.6323171854019165,2.554582357406616]","[1.5613290071487427,2.4551279544830322,1.345461368560791,0.4996853470802307,0.9617518186569214,1.3134151697158813,1.3963072299957275,1.6343942880630493]",seeds/cell-001-35e4b00b6c43/seed-3/checkpoint.pt,seeds/cell-001-35e4b00b6c43/seed-3/snapshots/step-000100.pt
1,scaling-width-load-adamw-10seeds-v1,bffb1a6d15694071b753472a492474ca54484853136fedff195831ccd64433a0,cell-001-35e4b00b6c43,1,35e4b00b6c4399e4b064fdfc1a9ebf4af96a87d0ca25bb0753553693ae9d9ef0,3,4,200,8,4,8,2,4,,adamw,0.01,0.0,400,512,0.0,8192,0.0017488633748143911,1.0,0.9922379851341248,0.9901092052459717,2.953037977218628,"[1.5538181066513062,3.2453489303588867,2.474771022796631,1.2311779260635376,2.01399827003479,2.7054362297058105,2.1961278915405273,3.127068042755127]","[1.4405115842819214,2.5222644805908203,1.303333044052124,0.33276182413101196,1.4297069311141968,1.7239302396774292,1.701745867729187,2.5321710109710693]",seeds/cell-001-35e4b00b6c43/seed-3/checkpoint.pt,seeds/cell-001-35e4b00b6c43/seed-3/snapshots/step-000200.pt
1,scaling-width-load-adamw-10seeds-v1,bffb1a6d15694071b753472a492474ca54484853136fedff195831ccd64433a0,cell-001-35e4b00b6c43,1,35e4b00b6c4399e4b064fdfc1a9ebf4af96a87d0ca25bb0753553693ae9d9ef0,3,5,400,8,4,8,2,4,,adamw,0.01,0.0,400,512,0.0,8192,0.0002807413402479142,1.0,0.9980144500732422,0.9953005313873291,2.915896415710449,"[1.639303207397461,3.278754472732544,2.511322259902954,1.2074910402297974,2.064760684967041,2.7403876781463623,2.2789855003356934,3.27504301071167]","[1.432779312133789,2.5420002937316895,1.303785800933838,0.32884418964385986,1.4914857149124146,1.8194230794906616,1.767614483833313,2.74601149559021]",seeds/cell-001-35e4b00b6c43/seed-3/checkpoint.pt,seeds/cell-001-35e4b00b6c43/seed-3/snapshots/step-000400.pt
1,scaling-width-load-adamw-10seeds-v1,bffb1a6d15694071b753472a492474ca54484853136fedff195831ccd64433a0,cell-001-35e4b00b6c43,1,35e4b00b6c4399e4b064fdfc1a9ebf4af96a87d0ca25bb0753553693ae9d9ef0,4,0,0,8,4,8,2,4,,adamw,0.01,0.0,400,512,0.0,8192,1.4621390104293823,0.5604248046875,0.1303059458732605,0.14149245619773865,3.8359203338623047,"[1.125058650970459,2.264911413192749,1.5946131944656372,1.307904839515686,0.8315176367759705,1.4452980756759644,1.044572353363037,0.8782660365104675]","[1.6272306442260742,1.5111349821090698,2.0027101039886475,1.2851428985595703,1.2102134227752686,1.5585941076278687,1.273716926574707,1.1518478393554688]",seeds/cell-001-35e4b00b6c43/seed-4/checkpoint.pt,seeds/cell-001-35e4b00b6c43/seed-4/snapshots/step-000000.pt
1,scaling-width-load-adamw-10seeds-v1,bffb1a6d15694071b753472a492474ca54484853136fedff195831ccd64433a0,cell-001-35e4b00b6c43,1,35e4b00b6c4399e4b064fdfc1a9ebf4af96a87d0ca25bb0753553693ae9d9ef0,4,1,25,8,4,8,2,4,,adamw,0.01,0.0,400,512,0.0,8192,0.6606012582778931,0.75,0.34061944484710693,0.32687491178512573,3.2793636322021484,"[1.0909606218338013,2.147087812423706,1.53770112991333,1.4941458702087402,0.8407940864562988,1.6182944774627686,1.1345659494400024,0.8319994211196899]","[1.7418444156646729,1.5550659894943237,2.204709529876709,1.4925659894943237,1.403403639793396,1.550986886024475,1.3940155506134033,1.2012543678283691]",seeds/cell-001-35e4b00b6c43/seed-4/checkpoint.pt,seeds/cell-001-35e4b00b6c43/seed-4/snapshots/step-000025.pt
1,scaling-width-load-adamw-10seeds-v1,bffb1a6d15694071b753472a492474ca54484853136fedff195831ccd64433a0,cell-001-35e4b00b6c43,1,35e4b00b6c4399e4b064fdfc1a9ebf4af96a87d0ca25bb0753553693ae9d9ef0,4,2,50,8,4,8,2,4,,adamw,0.01,0.0,400,512,0.0,8192,0.4469643831253052,0.8382568359375,0.5457878112792969,0.5374965667724609,2.698869228363037,"[1.1032859086990356,2.140533685684204,1.7374510765075684,2.3409838676452637,0.997643232345581,2.0737295150756836,1.3363356590270996,1.1535651683807373]","[1.6932201385498047,1.577487587928772,2.1690173149108887,1.8113205432891846,1.3341035842895508,1.5269362926483154,1.3911290168762207,1.263189435005188]",seeds/cell-001-35e4b00b6c43/seed-4/checkpoint.pt,seeds/cell-001-35e4b00b6c43/seed-4/snapshots/step-000050.pt
1,scaling-width-load-adamw-10seeds-v1,bffb1a6d15694071b753472a492474ca54484853136fedff195831ccd64433a0,cell-001-35e4b00b6c43,1,35e4b00b6c4399e4b064fdfc1a9ebf4af96a87d0ca25bb0753553693ae9d9ef0,4,3,100,8,4,8,2,4,,adamw,0.01,0.0,400,512,0.0,8192,0.07863755524158478,0.98681640625,0.9387742280960083,0.9272767901420593,2.9199447631835938,"[1.1622987985610962,2.13272762298584,2.337066173553467,3.888631582260132,2.262937307357788,2.844195604324341,2.5439836978912354,2.356416940689087]","[1.6405494213104248,1.5833228826522827,2.1643764972686768,2.036346197128296,1.3747832775115967,1.5619903802871704,1.3934930562973022,1.7047559022903442]",seeds/cell-001-35e4b00b6c43/seed-4/checkpoint.pt,seeds/cell-001-35e4b00b6c43/seed-4/snapshots/step-000100.pt
1,scaling-width-load-adamw-10seeds-v1,bffb1a6d15694071b753472a492474ca54484853136fedff195831ccd64433a0,cell-001-35e4b00b6c43,1,35e4b00b6c4399e4b064fdfc1a9ebf4af96a87d0ca25bb0753553693ae9d9ef0,4,4,200,8,4,8,2,4,,adamw,0.01,0.0,400,512,0.0,8192,0.026766840368509293,0.9930419921875,0.987899899482727,0.9746608734130859,3.047816514968872,"[1.1856149435043335,2.049687623977661,2.8042185306549072,4.900404453277588,2.399860143661499,3.1357765197753906,2.98447847366333,3.269524335861206]","[1.6723750829696655,1.579675316810608,1.967227578163147,2.1837222576141357,1.4744404554367065,1.593102216720581,1.57125723361969,2.34456467628479]",seeds/cell-001-35e4b00b6c43/seed-4/checkpoint.pt,seeds/cell-001-35e4b00b6c43/seed-4/snapshots/step-000200.pt
1,scaling-width-load-adamw-10seeds-v1,bffb1a6d15694071b753472a492474ca54484853136fedff195831ccd64433a0,cell-001-35e4b00b6c43,1,35e4b00b6c4399e4b064fdfc1a9ebf4af96a87d0ca25bb0753553693ae9d9ef0,4,5,400,8,4,8,2,4,,adamw,0.01,0.0,400,512,0.0,8192,0.00041176588274538517,1.0,1.003497838973999,0.9791139364242554,3.097416639328003,"[1.2426129579544067,2.0246236324310303,3.008655309677124,5.017549514770508,2.070521593093872,3.2037603855133057,2.973783493041992,3.5917704105377197]","[1.7124426364898682,1.560217261314392,1.9420865774154663,2.234217405319214,1.4363962411880493,1.6124764680862427,1.6136256456375122,2.7444589138031006]",seeds/cell-001-35e4b00b6c43/seed-4/checkpoint.pt,seeds/cell-001-35e4b00b6c43/seed-4/snapshots/step-000400.pt
1,scaling-width-load-adamw-10seeds-v1,bffb1a6d15694071b753472a492474ca54484853136fedff195831ccd64433a0,cell-001-35e4b00b6c43,1,35e4b00b6c4399e4b064fdfc1a9ebf4af96a87d0ca25bb0753553693ae9d9ef0,5,0,0,8,4,8,2,4,,adamw,0.01,0.0,400,512,0.0,8192,1.6988532543182373,0.4599609375,-0.08943228423595428,-0.06762001663446426,4.425213813781738,"[1.1926624774932861,1.3868491649627686,1.2754994630813599,1.6782292127609253,1.0454368591308594,1.2403264045715332,0.6523171663284302,0.9993090629577637]","[0.6563778519630432,1.4189784526824951,0.5701944828033447,1.1041889190673828,0.6337387561798096,1.3205411434173584,1.6695442199707031,1.209498643875122]",seeds/cell-001-35e4b00b6c43/seed-5/checkpoint.pt,seeds/cell-001-35e4b00b6c43/seed-5/snapshots/step-000000.pt
1,scaling-width-load-adamw-10seeds-v1,bffb1a6d15694071b753472a492474ca54484853136fedff195831ccd64433a0,cell-001-35e4b00b6c43,1,35e4b00b6c4399e4b064fdfc1a9ebf4af96a87d0ca25bb0753553693ae9d9ef0,5,1,25,8,4,8,2,4,,adamw,0.01,0.0,400,512,0.0,8192,0.7255430221557617,0.7205810546875,0.30286842584609985,0.2870563268661499,3.9723892211914062,"[1.5372158288955688,1.1922402381896973,1.5738242864608765,1.5521495342254639,1.0286144018173218,1.2224034070968628,0.7047054171562195,1.0882025957107544]","[0.7175020575523376,1.4154026508331299,0.7758294343948364,1.1788090467453003,0.9471292495727539,1.2410085201263428,1.8338667154312134,1.2317042350769043]",seeds/cell-001-35e4b00b6c43/seed-5/checkpoint.pt,seeds/cell-001-35e4b00b6c43/seed-5/snapshots/step-000025.pt
1,scaling-width-load-adamw-10seeds-v1,bffb1a6d15694071b753472a492474ca54484853136fedff195831ccd64433a0,cell-001-35e4b00b6c43,1,35e4b00b6c4399e4b064fdfc1a9ebf4af96a87d0ca25bb0753553693ae9d9ef0,5,2,50,8,4,8,2,4,,adamw,0.01,0.0,400,512,0.0,8192,0.5326762795448303,0.8089599609375,0.4810624122619629,0.46455147862434387,3.0826756954193115,"[2.16428279876709,1.088543176651001,2.4572408199310303,1.6982271671295166,1.0988985300064087,1.2693454027175903,1.531220555305481,1.6652326583862305]","[0.811328113079071,1.344559907913208,0.9269841313362122,1.1574550867080688,0.8619368672370911,1.234778642654419,1.8898546695709229,1.2561445236206055]",seeds/cell-001-35e4b00b6c43/seed-5/checkpoint.pt,seeds/cell-001-35e4b00b6c43/seed-5/snapshots/step-000050.pt
1,scaling-width-load-adamw-10seeds-v1,bffb1a6d15694071b753472a492474ca54484853136fedff195831ccd64433a0,cell-001-35e4b00b6c43,1,35e4b00b6c4399e4b064fdfc1a9ebf4af96a87d0ca25bb0753553693ae9d9ef0,5,3,100,8,4,8,2,4,,adamw,0.01,0.0,400,512,0.0,8192,0.1224820464849472,0.970703125,0.8910056352615356,0.8731101155281067,3.025463581085205,"[3.1793384552001953,1.2638084888458252,3.248591423034668,1.4223088026046753,1.4478896856307983,1.6341763734817505,2.9518210887908936,2.7260358333587646]","[0.7969919443130493,1.3597689867019653,1.266162395477295,0.9694687128067017,1.0794663429260254,1.243547797203064,1.921142816543579,1.3716751337051392]",seeds/cell-001-35e4b00b6c43/seed-5/checkpoint.pt,seeds/cell-001-35e4b00b6c43/seed-5/snapshots/step-000100.pt
1,scaling-width-load-adamw-10seeds-v1,bffb1a6d15694071b753472a492474ca54484853136fedff195831ccd64433a0,cell-001-35e4b00b6c43,1,35e4b00b6c4399e4b064fdfc1a9ebf4af96a87d0ca25bb0753553693ae9d9ef0,5,4,200,8,4,8,2,4,,adamw,0.01,0.0,400,512,0.0,8192,0.0015889726346358657,1.0,1.0005359649658203,0.9935166835784912,2.8383288383483887,"[3.1942741870880127,1.5085629224777222,4.350995063781738,1.2986565828323364,1.6282809972763062,1.7557746171951294,4.078442573547363,3.851144552230835]","[0.6452216506004333,1.239103078842163,1.2973296642303467,0.8630182147026062,1.5297225713729858,1.2699611186981201,2.174670696258545,1.628686785697937]",seeds/cell-001-35e4b00b6c43/seed-5/checkpoint.pt,seeds/cell-001-35e4b00b6c43/seed-5/snapshots/step-000200.pt
1,scaling-width-load-adamw-10seeds-v1,bffb1a6d15694071b753472a492474ca54484853136fedff195831ccd64433a0,cell-001-35e4b00b6c43,1,35e4b00b6c4399e4b064fdfc1a9ebf4af96a87d0ca25bb0753553693ae9d9ef0,5,5,400,8,4,8,2,4,,adamw,0.01,0.0,400,512,0.0,8192,0.0003940738388337195,1.0,0.9998436570167542,0.9944627285003662,2.749481201171875,"[3.1871984004974365,1.5109654664993286,4.502228260040283,1.298436164855957,1.67435622215271,1.7855247259140015,4.248288631439209,4.085004806518555]","[0.604468584060669,1.1984277963638306,1.2888845205307007,0.8521729111671448,1.5564881563186646,1.2531715631484985,2.2961580753326416,1.6579742431640625]",seeds/cell-001-35e4b00b6c43/seed-5/checkpoint.pt,seeds/cell-001-35e4b00b6c43/seed-5/snapshots/step-000400.pt
1,scaling-width-load-adamw-10seeds-v1,bffb1a6d15694071b753472a492474ca54484853136fedff195831ccd64433a0,cell-001-35e4b00b6c43,1,35e4b00b6c4399e4b064fdfc1a9ebf4af96a87d0ca25bb0753553693ae9d9ef0,6,0,0,8,4,8,2,4,,adamw,0.01,0.0,400,512,0.0,8192,3.491377592086792,0.517333984375,-0.02664857544004917,-0.029904957860708237,4.054658889770508,"[1.315513014793396,1.7430837154388428,1.7271780967712402,1.2592813968658447,1.8799967765808105,1.758669137954712,0.8722357153892517,2.099863052368164]","[0.7976449728012085,1.0662891864776611,1.3536516427993774,0.9852572679519653,0.9103615283966064,1.381986379623413,1.8561820983886719,1.2374763488769531]",seeds/cell-001-35e4b00b6c43/seed-6/checkpoint.pt,seeds/cell-001-35e4b00b6c43/seed-6/snapshots/step-000000.pt
1,scaling-width-load-adamw-10seeds-v1,bffb1a6d15694071b753472a492474ca54484853136fedff195831ccd64433a0,cell-001-35e4b00b6c43,1,35e4b00b6c4399e4b064fdfc1a9ebf4af96a87d0ca25bb0753553693ae9d9ef0,6,1,25,8,4,8,2,4,,adamw,0.01,0.0,400,512,0.0,8192,0.7648903131484985,0.7061767578125,0.2421511709690094,0.20119738578796387,4.41728401184082,"[1.6125354766845703,1.9766548871994019,1.9754056930541992,1.49235999584198,1.7679840326309204,1.7628729343414307,1.0754103660583496,1.9698069095611572]","[0.8265759944915771,0.9109575152397156,1.275971531867981,0.9227492213249207,0.954024076461792,1.4979546070098877,2.4242756366729736,1.2418527603149414]",seeds/cell-001-35e4b00b6c43/seed-6/checkpoint.pt,seeds/cell-001-35e4b00b6c43/seed-6/snapshots/step-000025.pt
1,scaling-width-load-adamw-10seeds-v1,bffb1a6d15694071b753472a492474ca54484853136fedff195831ccd64433a0,cell-001-35e4b00b6c43,1,35e4b00b6c4399e4b064fdfc1a9ebf4af96a87d0ca25bb0753553693ae9d9ef0,6,2,50,8,4,8,2,4,,adamw,0.01,0.0,400,512,0.0,8192,0.6302601099014282,0.7655029296875,0.3496115207672119,0.31427139043807983,4.212100982666016,"[1.7478786706924438,2.024203062057495,2.098493814468384,1.6719125509262085,1.9223638772964478,1.7991268634796143,1.6010725498199463,2.089763641357422]","[0.8363311290740967,0.8966335654258728,1.2773181200027466,0.9325352907180786,1.0046234130859375,1.5047972202301025,2.601512908935547,1.2662067413330078]",seeds/cell-001-35e4b00b6c43/seed-6/checkpoint.pt,seeds/cell-001-35e4b00b6c43/seed-6/snapshots/step-000050.pt
1,scaling-width-load-adamw-10seeds-v1,bffb1a6d15694071b753472a492474ca54484853136fedff195831ccd64433a0,cell-001-35e4b00b6c43,1,35e4b00b6c4399e4b064fdfc1a9ebf4af96a87d0ca25bb0753553693ae9d9ef0,6,3,100,8,4,8,2,4,,adamw,0.01,0.0,400,512,0.0,8192,0.34269869327545166,0.8858642578125,0.6354712247848511,0.6054774522781372,3.7218263149261475,"[2.023987054824829,2.4052774906158447,1.9137316942214966,2.174067735671997,2.785569667816162,2.2315075397491455,1.8769375085830688,2.9332621097564697]","[0.7467293739318848,0.9416151642799377,1.1912733316421509,0.8958172798156738,1.0152961015701294,1.4806832075119019,2.605560064315796,1.4501184225082397]",seeds/cell-001-35e4b00b6c43/seed-6/checkpoint.pt,seeds/cell-001-35e4b00b6c43/seed-6/snapshots/step-000100.pt
1,scaling-width-load-adamw-10seeds-v1,bffb1a6d15694071b753472a492474ca54484853136fedff195831ccd64433a0,cell-001-35e4b00b6c43,1,35e4b00b6c4399e4b064fdfc1a9ebf4af96a87d0ca25bb0753553693ae9d9ef0,6,4,200,8,4,8,2,4,,adamw,0.01,0.0,400,512,0.0,8192,0.004826654680073261,1.0,0.9993326663970947,0.9794090986251831,3.698683738708496,"[1.9860098361968994,2.795750856399536,2.0909721851348877,1.9215819835662842,3.5161848068237305,2.3922924995422363,3.056187152862549,2.654045343399048]","[0.8315938711166382,0.8751543760299683,0.850854754447937,0.7102268934249878,1.4696388244628906,1.435065746307373,3.8907630443573,1.7822082042694092]",seeds/cell-001-35e4b00b6c43/seed-6/checkpoint.pt,seeds/cell-001-35e4b00b6c43/seed-6/snapshots/step-000200.pt
1,scaling-width-load-adamw-10seeds-v1,bffb1a6d15694071b753472a492474ca54484853136fedff195831ccd64433a0,cell-001-35e4b00b6c43,1,35e4b00b6c4399e4b064fdfc1a9ebf4af96a87d0ca25bb0753553693ae9d9ef0,6,5,400,8,4,8,2,4,,adamw,0.01,0.0,400,512,0.0,8192,0.0008692597039043903,1.0,0.9982631802558899,0.9814679622650146,3.705826759338379,"[1.9497839212417603,2.7682557106018066,2.1129958629608154,1.8260120153427124,3.6107077598571777,2.454240083694458,3.299936294555664,2.647343397140503]","[0.778647780418396,0.8434790372848511,0.7907295227050781,0.6599558591842651,1.715712070465088,1.4307366609573364,4.476293563842773,1.9168940782546997]",seeds/cell-001-35e4b00b6c43/seed-6/checkpoint.pt,seeds/cell-001-35e4b00b6c43/seed-6/snapshots/step-000400.pt
1,scaling-width-load-adamw-10seeds-v1,bffb1a6d15694071b753472a492474ca54484853136fedff195831ccd64433a0,cell-001-35e4b00b6c43,1,35e4b00b6c4399e4b064fdfc1a9ebf4af96a87d0ca25bb0753553693ae9d9ef0,7,0,0,8,4,8,2,4,,adamw,0.01,0.0,400,512,0.0,8192,1.0295360088348389,0.5474853515625,0.03145545721054077,0.04012603312730789,3.453298330307007,"[1.6758474111557007,1.207741618156433,1.1937447786331177,0.8554121851921082,1.3146412372589111,1.1962636709213257,0.9964856505393982,1.5387639999389648]","[1.1617058515548706,1.4819732904434204,1.3978701829910278,2.2691802978515625,1.5278007984161377,1.6381515264511108,2.2720298767089844,1.7237300872802734]",seeds/cell-001-35e4b00b6c43/seed-7/checkpoint.pt,seeds/cell-001-35e4b00b6c43/seed-7/snapshots/step-000000.pt
1,scaling-width-load-adamw-10seeds-v1,bffb1a6d15694071b753472a492474ca54484853136fedff195831ccd64433a0,cell-001-35e4b00b6c43,1,35e4b00b6c4399e4b064fdfc1a9ebf4af96a87d0ca25bb0753553693ae9d9ef0,7,1,25,8,4,8,2,4,,adamw,0.01,0.0,400,512,0.0,8192,0.6966147422790527,0.734619140625,0.26773834228515625,0.22957849502563477,3.068969488143921,"[1.9788872003555298,1.189183235168457,1.255437970161438,0.8583946824073792,1.5168579816818237,1.1583915948867798,1.0345207452774048,1.6035906076431274]","[1.2268328666687012,1.3385474681854248,1.667965292930603,2.5683658123016357,1.6156641244888306,1.777456283569336,2.1991775035858154,1.8024629354476929]",seeds/cell-001-35e4b00b6c43/seed-7/checkpoint.pt,seeds/cell-001-35e4b00b6c43/seed-7/snapshots/step-000025.pt
1,scaling-width-load-adamw-10seeds-v1,bffb1a6d15694071b753472a492474ca54484853136fedff195831ccd64433a0,cell-001-35e4b00b6c43,1,35e4b00b6c4399e4b064fdfc1a9ebf4af96a87d0ca25bb0753553693ae9d9ef0,7,2,50,8,4,8,2,4,,adamw,0.01,0.0,400,512,0.0,8192,0.43793588876724243,0.8397216796875,0.5644210577011108,0.5349231958389282,2.7815492153167725,"[2.1760239601135254,1.36558997631073,1.6938245296478271,1.201781988143921,2.2327070236206055,1.3258942365646362,1.2645517587661743,1.6632777452468872]","[1.2527503967285156,1.3661606311798096,1.860275387763977,2.481799840927124,1.7402673959732056,1.772342562675476,2.1348719596862793,1.660988688468933]",seeds/cell-001-35e4b00b6c43/seed-7/checkpoint.pt,seeds/cell-001-35e4b00b6c43/seed-7/snapshots/step-000050.pt
1,scaling-width-load-adamw-10seeds-v1,bffb1a6d15694071b753472a492474ca54484853136fedff195831ccd64433a0,cell-001-35e4b00b6c43,1,35e4b00b6c4399e4b064fdfc1a9ebf4af96a87d0ca25bb0753553693ae9d9ef0,7,3,100,8,4,8,2,4,,adamw,0.01,0.0,400,512,0.0,8192,0.008878149092197418,1.0,0.9855048060417175,0.9812761545181274,2.8232955932617188,"[2.532691717147827,1.9430875778198242,2.6487972736358643,1.3004111051559448,2.542975425720215,1.6559864282608032,1.4831576347351074,1.8434422016143799]","[1.467814326286316,1.3088576793670654,2.619736909866333,1.8162779808044434,2.19907283782959,1.7919994592666626,1.8154479265213013,1.5040274858474731]",seeds/cell-001-35e4b00b6c43/seed-7/checkpoint.pt,seeds/cell-001-35e4b00b6c43/seed-7/snapshots/step-000100.pt
1,scaling-width-load-adamw-10seeds-v1,bffb1a6d15694071b753472a492474ca54484853136fedff195831ccd64433a0,cell-001-35e4b00b6c43,1,35e4b00b6c4399e4b064fdfc1a9ebf4af96a87d0ca25bb0753553693ae9d9ef0,7,4,200,8,4,8,2,4,,adamw,0.01,0.0,400,512,0.0,8192,0.0005081148119643331,1.0,0.9991492033004761,0.9989020824432373,2.7247841358184814,"[2.4355123043060303,1.891913890838623,2.866999626159668,1.2912801504135132,2.666461706161499,1.7008112668991089,1.5433989763259888,1.7178480625152588]","[1.4521912336349487,1.2607684135437012,2.7482101917266846,1.7788188457489014,2.607353925704956,1.7574232816696167,1.714261770248413,1.4540066719055176]",seeds/cell-001-35e4b00b6c43/seed-7/checkpoint.pt,seeds/cell-001-35e4b00b6c43/seed-7/snapshots/step-000200.pt
1,scaling-width-load-adamw-10seeds-v1,bffb1a6d15694071b753472a492474ca54484853136fedff195831ccd64433a0,cell-001-35e4b00b6c43,1,35e4b00b6c4399e4b064fdfc1a9ebf4af96a87d0ca25bb0753553693ae9d9ef0,7,5,400,8,4,8,2,4,,adamw,0.01,0.0,400,512,0.0,8192,0.00016041207709349692,1.0,0.9998859167098999,1.0007354021072388,2.699641704559326,"[2.3954100608825684,1.8518249988555908,2.9320571422576904,1.2854011058807373,2.691786050796509,1.7143595218658447,1.5262342691421509,1.5973647832870483]","[1.4625917673110962,1.229730486869812,2.7865326404571533,1.7595537900924683,2.801593542098999,1.750736117362976,1.672919511795044,1.42567777633667]",seeds/cell-001-35e4b00b6c43/seed-7/checkpoint.pt,seeds/cell-001-35e4b00b6c43/seed-7/snapshots/step-000400.pt
1,scaling-width-load-adamw-10seeds-v1,bffb1a6d15694071b753472a492474ca54484853136fedff195831ccd64433a0,cell-001-35e4b00b6c43,1,35e4b00b6c4399e4b064fdfc1a9ebf4af96a87d0ca25bb0753553693ae9d9ef0,8,0,0,8,4,8,2,4,,adamw,0.01,0.0,400,512,0.0,8192,1.0265753269195557,0.51025390625,0.009003359824419022,0.005007175728678703,4.1831159591674805,"[1.3394317626953125,1.1785438060760498,1.285760760307312,1.5206629037857056,1.3662654161453247,0.9449946880340576,0.8219268918037415,1.488976001739502]","[1.3534756898880005,2.497950792312622,1.6790467500686646,1.5601245164871216,2.2992236614227295,1.2519493103027344,0.8058976531028748,1.8245850801467896]",seeds/cell-001-35e4b00b6c43/seed-8/checkpoint.pt,seeds/cell-001-35e4b00b6c43/seed-8/snapshots/step-000000.pt
1,scaling-width-load-adamw-10seeds-v1,bffb1a6d15694071b753472a492474ca54484853136fedff195831ccd64433a0,cell-001-35e4b00b6c43,1,35e4b00b6c4399e4b064fdfc1a9ebf4af96a87d0ca25bb0753553693ae9d9ef0,8,1,25,8,4,8,2,4,,adamw,0.01,0.0,400,512,0.0,8192,0.6527953147888184,0.752197265625,0.36135974526405334,0.34724822640419006,4.193770885467529,"[1.3423463106155396,1.1161279678344727,1.3043149709701538,1.68784761428833,1.6570128202438354,1.022789478302002,1.000136375427246,1.5661641359329224]","[1.320433497428894,2.554260492324829,1.4339869022369385,1.6299175024032593,2.4201669692993164,1.44269597530365,1.0470519065856934,1.8962714672088623]",seeds/cell-001-35e4b00b6c43/seed-8/checkpoint.pt,seeds/cell-001-35e4b00b6c43/seed-8/snapshots/step-000025.pt
1,scaling-width-load-adamw-10seeds-v1,bffb1a6d15694071b753472a492474ca54484853136fedff195831ccd64433a0,cell-001-35e4b00b6c43,1,35e4b00b6c4399e4b064fdfc1a9ebf4af96a87d0ca25bb0753553693ae9d9ef0,8,2,50,8,4,8,2,4,,adamw,0.01,0.0,400,512,0.0,8192,0.3672047257423401,0.88427734375,0.6218773126602173,0.6077044010162354,4.115436553955078,"[1.355234980583191,1.416296124458313,1.6190334558486938,2.1768157482147217,1.9877161979675293,1.2802774906158447,1.6838356256484985,1.743783712387085]","[1.1979719400405884,2.320582866668701,1.4890488386154175,1.6198478937149048,2.371610403060913,1.5160057544708252,1.1386692523956299,1.841247320175171]",seeds/cell-001-35e4b00b6c43/seed-8/checkpoint.pt,seeds/cell-001-35e4b00b6c43/seed-8/snapshots/step-000050.pt
1,scaling-width-load-adamw-10seeds-v1,bffb1a6d15694071b753472a492474ca54484853136fedff195831ccd64433a0,cell-001-35e4b00b6c43,1,35e4b00b6c4399e4b064fdfc1a9ebf4af96a87d0ca25bb0753553693ae9d9ef0,8,3,100,8,4,8,2,4,,adamw,0.01,0.0,400,512,0.0,8192,0.025702577084302902,0.9986572265625,0.9734288454055786,0.9541158080101013,3.8300182819366455,"[1.215962290763855,1.9334361553192139,2.724445343017578,2.9028329849243164,2.5547077655792236,1.944264531135559,2.4998836517333984,2.1864070892333984]","[0.9680690765380859,1.9813295602798462,1.3053406476974487,1.5446354150772095,2.637171745300293,1.8083140850067139,1.9101039171218872,2.111583948135376]",seeds/cell-001-35e4b00b6c43/seed-8/checkpoint.pt,seeds/cell-001-35e4b00b6c43/seed-8/snapshots/step-000100.pt
1,scaling-width-load-adamw-10seeds-v1,bffb1a6d15694071b753472a492474ca54484853136fedff195831ccd64433a0,cell-001-35e4b00b6c43,1,35e4b00b6c4399e4b064fdfc1a9ebf4af96a87d0ca25bb0753553693ae9d9ef0,8,4,200,8,4,8,2,4,,adamw,0.01,0.0,400,512,0.0,8192,0.0012748872395604849,1.0,1.000992774963379,0.9870259761810303,3.6632094383239746,"[1.209965467453003,1.9102445840835571,3.0296027660369873,2.84517502784729,2.5847513675689697,2.1064491271972656,2.996260166168213,2.2520577907562256]","[0.9381164312362671,1.7230305671691895,1.3201202154159546,1.4220564365386963,3.1923789978027344,1.9198119640350342,2.8559348583221436,2.250919818878174]",seeds/cell-001-35e4b00b6c43/seed-8/checkpoint.pt,seeds/cell-001-35e4b00b6c43/seed-8/snapshots/step-000200.pt
1,scaling-width-load-adamw-10seeds-v1,bffb1a6d15694071b753472a492474ca54484853136fedff195831ccd64433a0,cell-001-35e4b00b6c43,1,35e4b00b6c4399e4b064fdfc1a9ebf4af96a87d0ca25bb0753553693ae9d9ef0,8,5,400,8,4,8,2,4,,adamw,0.01,0.0,400,512,0.0,8192,0.00032559814280830324,1.0,0.9992939829826355,0.9872673749923706,3.595658779144287,"[1.1910842657089233,1.9162265062332153,3.0758230686187744,2.820559024810791,2.596332311630249,2.172107458114624,3.136218547821045,2.258495569229126]","[0.9165869355201721,1.6583417654037476,1.336128830909729,1.400360107421875,3.408416271209717,1.9997013807296753,3.3275208473205566,2.258565664291382]",seeds/cell-001-35e4b00b6c43/seed-8/checkpoint.pt,seeds/cell-001-35e4b00b6c43/seed-8/snapshots/step-000400.pt
1,scaling-width-load-adamw-10seeds-v1,bffb1a6d15694071b753472a492474ca54484853136fedff195831ccd64433a0,cell-001-35e4b00b6c43,1,35e4b00b6c4399e4b064fdfc1a9ebf4af96a87d0ca25bb0753553693ae9d9ef0,9,0,0,8,4,8,2,4,,adamw,0.01,0.0,400,512,0.0,8192,1.542803406715393,0.48974609375,0.008416470140218735,0.008560786023736,4.039891242980957,"[1.6331865787506104,1.0692836046218872,1.0796676874160767,1.4762436151504517,0.9799988865852356,1.4080767631530762,1.082946538925171,1.3235443830490112]","[1.17267644405365,1.9410570859909058,1.359290599822998,1.9741920232772827,1.7065632343292236,1.000548243522644,1.3157858848571777,1.8461941480636597]",seeds/cell-001-35e4b00b6c43/seed-9/checkpoint.pt,seeds/cell-001-35e4b00b6c43/seed-9/snapshots/step-000000.pt
1,scaling-width-load-adamw-10seeds-v1,bffb1a6d15694071b753472a492474ca54484853136fedff195831ccd64433a0,cell-001-35e4b00b6c43,1,35e4b00b6c4399e4b064fdfc1a9ebf4af96a87d0ca25bb0753553693ae9d9ef0,9,1,25,8,4,8,2,4,,adamw,0.01,0.0,400,512,0.0,8192,0.724859356880188,0.71826171875,0.2666158080101013,0.2352835237979889,4.108421325683594,"[1.6664326190948486,0.9663543105125427,1.2421523332595825,1.6760575771331787,0.7954721450805664,2.1494858264923096,1.0501824617385864,1.051621675491333]","[1.0954171419143677,1.9006811380386353,1.4686689376831055,2.146146774291992,1.9437472820281982,1.194743037223816,1.5853489637374878,2.07582950592041]",seeds/cell-001-35e4b00b6c43/seed-9/checkpoint.pt,seeds/cell-001-35e4b00b6c43/seed-9/snapshots/step-000025.pt
1,scaling-width-load-adamw-10seeds-v1,bffb1a6d15694071b753472a492474ca54484853136fedff195831ccd64433a0,cell-001-35e4b00b6c43,1,35e4b00b6c4399e4b064fdfc1a9ebf4af96a87d0ca25bb0753553693ae9d9ef0,9,2,50,8,4,8,2,4,,adamw,0.01,0.0,400,512,0.0,8192,0.4804252088069916,0.83935546875,0.4751241207122803,0.4608219861984253,3.67028546333313,"[1.881911039352417,1.1819111108779907,1.685781478881836,1.9177069664001465,0.8951939344406128,2.703136920928955,1.368399977684021,1.1351397037506104]","[1.164271593093872,1.853389859199524,1.3445725440979004,2.2856967449188232,1.7802925109863281,1.473542332649231,1.6583672761917114,2.1310558319091797]",seeds/cell-001-35e4b00b6c43/seed-9/checkpoint.pt,seeds/cell-001-35e4b00b6c43/seed-9/snapshots/step-000050.pt
1,scaling-width-load-adamw-10seeds-v1,bffb1a6d15694071b753472a492474ca54484853136fedff195831ccd64433a0,cell-001-35e4b00b6c43,1,35e4b00b6c4399e4b064fdfc1a9ebf4af96a87d0ca25bb0753553693ae9d9ef0,9,3,100,8,4,8,2,4,,adamw,0.01,0.0,400,512,0.0,8192,0.040418870747089386,0.9970703125,0.9619446992874146,0.953497588634491,3.7271034717559814,"[2.4583821296691895,2.4584100246429443,2.335578203201294,2.4985899925231934,1.311665654182434,2.591289520263672,2.4237940311431885,1.672046422958374]","[1.2162638902664185,1.9237035512924194,1.160951852798462,2.0210015773773193,1.8438807725906372,1.4346129894256592,1.9022105932235718,2.2078025341033936]",seeds/cell-001-35e4b00b6c43/seed-9/checkpoint.pt,seeds/cell-001-35e4b00b6c43/seed-9/snapshots/step-000100.pt
1,scaling-width-load-adamw-10seeds-v1,bffb1a6d15694071b753472a492474ca54484853136fedff195831ccd64433a0,cell-001-35e4b00b6c43,1,35e4b00b6c4399e4b064fdfc1a9ebf4af96a87d0ca25bb0753553693ae9d9ef0,9,4,200,8,4,8,2,4,,adamw,0.01,0.0,400,512,0.0,8192,0.0012577988673001528,1.0,0.9994500279426575,0.9970707297325134,3.7505075931549072,"[2.8922507762908936,2.5674166679382324,2.623574733734131,2.610116481781006,1.6191902160644531,2.650989532470703,2.5878374576568604,1.660360336303711]","[1.3749679327011108,1.7494906187057495,1.126473069190979,1.9205559492111206,1.9658395051956177,1.4356228113174438,2.2814319133758545,2.6089518070220947]",seeds/cell-001-35e4b00b6c43/seed-9/checkpoint.pt,seeds/cell-001-35e4b00b6c43/seed-9/snapshots/step-000200.pt
1,scaling-width-load-adamw-10seeds-v1,bffb1a6d15694071b753472a492474ca54484853136fedff195831ccd64433a0,cell-001-35e4b00b6c43,1,35e4b00b6c4399e4b064fdfc1a9ebf4af96a87d0ca25bb0753553693ae9d9ef0,9,5,400,8,4,8,2,4,,adamw,0.01,0.0,400,512,0.0,8192,0.00031621643574908376,1.0,1.0011742115020752,1.0039613246917725,3.774332046508789,"[2.94596529006958,2.5709214210510254,2.6596508026123047,2.622389554977417,1.6580694913864136,2.6566689014434814,2.6183390617370605,1.6142597198486328]","[1.4072771072387695,1.7079682350158691,1.0958948135375977,1.9058445692062378,2.0781667232513428,1.443579912185669,2.373575210571289,2.74756121635437]",seeds/cell-001-35e4b00b6c43/seed-9/checkpoint.pt,seeds/cell-001-35e4b00b6c43/seed-9/snapshots/step-000400.pt
1,scaling-width-load-adamw-10seeds-v1,bffb1a6d15694071b753472a492474ca54484853136fedff195831ccd64433a0,cell-002-61b43b2c3651,2,61b43b2c36511df641e868c964da3157372d74dff0faa2f7b59e9052c2a52271,0,0,0,32,4,8,2,1,,adamw,0.01,0.0,400,512,0.0,8192,1.2909479141235352,0.50244140625,-0.004413627088069916,0.00016043067444115877,6.28398323059082,"[3.1506435871124268,2.662508249282837]","[4.0927629470825195,2.4807064533233643]",seeds/cell-002-61b43b2c3651/seed-0/checkpoint.pt,seeds/cell-002-61b43b2c3651/seed-0/snapshots/step-000000.pt
1,scaling-width-load-adamw-10seeds-v1,bffb1a6d15694071b753472a492474ca54484853136fedff195831ccd64433a0,cell-002-61b43b2c3651,2,61b43b2c36511df641e868c964da3157372d74dff0faa2f7b59e9052c2a52271,0,1,25,32,4,8,2,1,,adamw,0.01,0.0,400,512,0.0,8192,0.6429868340492249,0.7581787109375,0.33786147832870483,0.3289502263069153,5.971320629119873,"[3.199822425842285,2.9992363452911377]","[4.168507099151611,2.900221347808838]",seeds/cell-002-61b43b2c3651/seed-0/checkpoint.pt,seeds/cell-002-61b43b2c3651/seed-0/snapshots/step-000025.pt
1,scaling-width-load-adamw-10seeds-v1,bffb1a6d15694071b753472a492474ca54484853136fedff195831ccd64433a0,cell-002-61b43b2c3651,2,61b43b2c36511df641e868c964da3157372d74dff0faa2f7b59e9052c2a52271,0,2,50,32,4,8,2,1,,adamw,0.01,0.0,400,512,0.0,8192,0.196803018450737,0.93701171875,0.841702938079834,0.8472924828529358,5.14216947555542,"[4.426125526428223,3.798931121826172]","[3.9509623050689697,2.8965888023376465]",seeds/cell-002-61b43b2c3651/seed-0/checkpoint.pt,seeds/cell-002-61b43b2c3651/seed-0/snapshots/step-000050.pt
1,scaling-width-load-adamw-10seeds-v1,bffb1a6d15694071b753472a492474ca54484853136fedff195831ccd64433a0,cell-002-61b43b2c3651,2,61b43b2c36511df641e868c964da3157372d74dff0faa2f7b59e9052c2a52271,0,3,100,32,4,8,2,1,,adamw,0.01,0.0,400,512,0.0,8192,0.009261175990104675,0.9981689453125,0.984952986240387,0.9923082590103149,4.884911060333252,"[5.59906530380249,4.483007431030273]","[4.244431018829346,3.297919273376465]",seeds/cell-002-61b43b2c3651/seed-0/checkpoint.pt,seeds/cell-002-61b43b2c3651/seed-0/snapshots/step-000100.pt
1,scaling-width-load-adamw-10seeds-v1,bffb1a6d15694071b753472a492474ca54484853136fedff195831ccd64433a0,cell-002-61b43b2c3651,2,61b43b2c36511df641e868c964da3157372d74dff0faa2f7b59e9052c2a52271,0,4,200,32,4,8,2,1,,adamw,0.01,0.0,400,512,0.0,8192,0.0007535390323027968,1.0,0.9983301758766174,1.006537914276123,4.805984020233154,"[5.7967705726623535,4.636463642120361]","[4.485810279846191,3.7285220623016357]",seeds/cell-002-61b43b2c3651/seed-0/checkpoint.pt,seeds/cell-002-61b43b2c3651/seed-0/snapshots/step-000200.pt
1,scaling-width-load-adamw-10seeds-v1,bffb1a6d15694071b753472a492474ca54484853136fedff195831ccd64433a0,cell-002-61b43b2c3651,2,61b43b2c36511df641e868c964da3157372d74dff0faa2f7b59e9052c2a52271,0,5,400,32,4,8,2,1,,adamw,0.01,0.0,400,512,0.0,8192,0.09288740903139114,0.973388671875,0.9010993242263794,0.9072412252426147,4.62196159362793,"[6.7647294998168945,5.010826587677002]","[5.275988578796387,4.266261100769043]",seeds/cell-002-61b43b2c3651/seed-0/checkpoint.pt,seeds/cell-002-61b43b2c3651/seed-0/snapshots/step-000400.pt
1,scaling-width-load-adamw-10seeds-v1,bffb1a6d15694071b753472a492474ca54484853136fedff195831ccd64433a0,cell-002-61b43b2c3651,2,61b43b2c36511df641e868c964da3157372d74dff0faa2f7b59e9052c2a52271,1,0,0,32,4,8,2,1,,adamw,0.01,0.0,400,512,0.0,8192,1.0562736988067627,0.5699462890625,0.12710142135620117,0.15626674890518188,6.071922779083252,"[3.166959762573242,2.4915685653686523]","[2.551872968673706,3.0762434005737305]",seeds/cell-002-61b43b2c3651/seed-1/checkpoint.pt,seeds/cell-002-61b43b2c3651/seed-1/snapshots/step-000000.pt
1,scaling-width-load-adamw-10seeds-v1,bffb1a6d15694071b753472a492474ca54484853136fedff195831ccd64433a0,cell-002-61b43b2c3651,2,61b43b2c36511df641e868c964da3157372d74dff0faa2f7b59e9052c2a52271,1,1,25,32,4,8,2,1,,adamw,0.01,0.0,400,512,0.0,8192,0.6372362375259399,0.7564697265625,0.36206671595573425,0.34971094131469727,5.374203205108643,"[3.1384389400482178,3.065261125564575]","[2.3406450748443604,3.483942747116089]",seeds/cell-002-61b43b2c3651/seed-1/checkpoint.pt,seeds/cell-002-61b43b2c3651/seed-1/snapshots/step-000025.pt
1,scaling-width-load-adamw-10seeds-v1,bffb1a6d15694071b753472a492474ca54484853136fedff195831ccd64433a0,cell-002-61b43b2c3651,2,61b43b2c36511df641e868c964da3157372d74dff0faa2f7b59e9052c2a52271,1,2,50,32,4,8,2,1,,adamw,0.01,0.0,400,512,0.0,8192,0.2496265470981598,0.927734375,0.7813661694526672,0.7917804718017578,4.2669677734375,"[3.9294111728668213,4.650683879852295]","[2.2668025493621826,3.5046238899230957]",seeds/cell-002-61b43b2c3651/seed-1/checkpoint.pt,seeds/cell-002-61b43b2c3651/seed-1/snapshots/step-000050.pt
1,scaling-width-load-adamw-10seeds-v1,bffb1a6d15694071b753472a492474ca54484853136fedff195831ccd64433a0,cell-002-61b43b2c3651,2,61b43b2c36511df641e868c964da3157372d74dff0faa2f7b59e9052c2a52271,1,3,100,32,4,8,2,1,,adamw,0.01,0.0,400,512,0.0,8192,0.01678597927093506,0.9947509765625,0.9882645606994629,0.9929773807525635,3.8722758293151855,"[4.191086292266846,6.50719690322876]","[1.7575466632843018,4.760925769805908]",seeds/cell-002-61b43b2c3651/seed-1/checkpoint.pt,seeds/cell-002-61b43b2c3651/seed-1/snapshots/step-000100.pt
1,scaling-width-load-adamw-10seeds-v1,bffb1a6d15694071b753472a492474ca54484853136fedff195831ccd64433a0,cell-002-61b43b2c3651,2,61b43b2c36511df641e868c964da3157372d74dff0faa2f7b59e9052c2a52271,1,4,200,32,4,8,2,1,,adamw,0.01,0.0,400,512,0.0,8192,0.001523648272268474,0.9996337890625,1.000903844833374,1.0081967115402222,3.7859649658203125,"[4.303728103637695,7.067969799041748]","[1.6474716663360596,5.769109725952148]",seeds/cell-002-61b43b2c3651/seed-1/checkpoint.pt,seeds/cell-002-61b43b2c3651/seed-1/snapshots/step-000200.pt
1,scaling-width-load-adamw-10seeds-v1,bffb1a6d15694071b753472a492474ca54484853136fedff195831ccd64433a0,cell-002-61b43b2c3651,2,61b43b2c36511df641e868c964da3157372d74dff0faa2f7b59e9052c2a52271,1,5,400,32,4,8,2,1,,adamw,0.01,0.0,400,512,0.0,8192,0.00016430002870038152,1.0,0.9989749789237976,1.0097569227218628,3.752210855484009,"[4.322743892669678,7.2541680335998535]","[1.5871959924697876,6.258500576019287]",seeds/cell-002-61b43b2c3651/seed-1/checkpoint.pt,seeds/cell-002-61b43b2c3651/seed-1/snapshots/step-000400.pt
1,scaling-width-load-adamw-10seeds-v1,bffb1a6d15694071b753472a492474ca54484853136fedff195831ccd64433a0,cell-002-61b43b2c3651,2,61b43b2c36511df641e868c964da3157372d74dff0faa2f7b59e9052c2a52271,2,0,0,32,4,8,2,1,,adamw,0.01,0.0,400,512,0.0,8192,1.5610947608947754,0.5430908203125,0.11306504905223846,0.09424194693565369,6.277624130249023,"[3.1029398441314697,2.8102493286132812]","[2.584322214126587,4.03958797454834]",seeds/cell-002-61b43b2c3651/seed-2/checkpoint.pt,seeds/cell-002-61b43b2c3651/seed-2/snapshots/step-000000.pt
1,scaling-width-load-adamw-10seeds-v1,bffb1a6d15694071b753472a492474ca54484853136fedff195831ccd64433a0,cell-002-61b43b2c3651,2,61b43b2c36511df641e868c964da3157372d74dff0faa2f7b59e9052c2a52271,2,1,25,32,4,8,2,1,,adamw,0.01,0.0,400,512,0.0,8192,0.7296426296234131,0.715087890625,0.2701297402381897,0.22192484140396118,5.840140342712402,"[3.432403326034546,3.5975868701934814]","[2.6525933742523193,4.361883163452148]",seeds/cell-002-61b43b2c3651/seed-2/checkpoint.pt,seeds/cell-002-61b43b2c3651/seed-2/snapshots/step-000025.pt
1,scaling-width-load-adamw-10seeds-v1,bffb1a6d15694071b753472a492474ca54484853136fedff195831ccd64433a0,cell-002-61b43b2c3651,2,61b43b2c36511df641e868c964da3157372d74dff0faa2f7b59e9052c2a52271,2,2,50,32,4,8,2,1,,adamw,0.01,0.0,400,512,0.0,8192,0.452728271484375,0.8419189453125,0.5557283163070679,0.5441107153892517,4.804781913757324,"[3.598875045776367,4.326786041259766]","[2.561610460281372,4.621092319488525]",seeds/cell-002-61b43b2c3651/seed-2/checkpoint.pt,seeds/cell-002-61b43b2c3651/seed-2/snapshots/step-000050.pt
1,scaling-width-load-adamw-10seeds-v1,bffb1a6d15694071b753472a492474ca54484853136fedff195831ccd64433a0,cell-002-61b43b2c3651,2,61b43b2c36511df641e868c964da3157372d74dff0faa2f7b59e9052c2a52271,2,3,100,32,4,8,2,1,,adamw,0.01,0.0,400,512,0.0,8192,0.05188861861824989,0.986328125,0.9648343920707703,0.9579180479049683,4.036403179168701,"[3.7690045833587646,6.453934192657471]","[2.2407195568084717,6.971260070800781]",seeds/cell-002-61b43b2c3651/seed-2/checkpoint.pt,seeds/cell-002-61b43b2c3651/seed-2/snapshots/step-000100.pt
1,scaling-width-load-adamw-10seeds-v1,bffb1a6d15694071b753472a492474ca54484853136fedff195831ccd64433a0,cell-002-61b43b2c3651,2,61b43b2c36511df641e868c964da3157372d74dff0faa2f7b59e9052c2a52271,2,4,200,32,4,8,2,1,,adamw,0.01,0.0,400,512,0.0,8192,0.0017768210964277387,0.9996337890625,0.9991888999938965,0.9958567023277283,3.799455165863037,"[3.9094791412353516,7.522119045257568]","[1.957340121269226,9.222552299499512]",seeds/cell-002-61b43b2c3651/seed-2/checkpoint.pt,seeds/cell-002-61b43b2c3651/seed-2/snapshots/step-000200.pt
1,scaling-width-load-adamw-10seeds-v1,bffb1a6d15694071b753472a492474ca54484853136fedff195831ccd64433a0,cell-002-61b43b2c3651,2,61b43b2c36511df641e868c964da3157372d74dff0faa2f7b59e9052c2a52271,2,5,400,32,4,8,2,1,,adamw,0.01,0.0,400,512,0.0,8192,0.0002172930253436789,1.0,1.000024676322937,0.9978124499320984,3.7323482036590576,"[3.974555730819702,7.8514404296875]","[1.9089412689208984,10.01218318939209]",seeds/cell-002-61b43b2c3651/seed-2/checkpoint.pt,seeds/cell-002-61b43b2c3651/seed-2/snapshots/step-000400.pt
1,scaling-width-load-adamw-10seeds-v1,bffb1a6d15694071b753472a492474ca54484853136fedff195831ccd64433a0,cell-002-61b43b2c3651,2,61b43b2c36511df641e868c964da3157372d74dff0faa2f7b59e9052c2a52271,3,0,0,32,4,8,2,1,,adamw,0.01,0.0,400,512,0.0,8192,1.729628324508667,0.50146484375,-0.01231643371284008,0.02593933790922165,6.492772102355957,"[2.8653452396392822,2.97684907913208]","[2.465660572052002,2.8052268028259277]",seeds/cell-002-61b43b2c3651/seed-3/checkpoint.pt,seeds/cell-002-61b43b2c3651/seed-3/snapshots/step-000000.pt
1,scaling-width-load-adamw-10seeds-v1,bffb1a6d15694071b753472a492474ca54484853136fedff195831ccd64433a0,cell-002-61b43b2c3651,2,61b43b2c36511df641e868c964da3157372d74dff0faa2f7b59e9052c2a52271,3,1,25,32,4,8,2,1,,adamw,0.01,0.0,400,512,0.0,8192,0.7913033962249756,0.68408203125,0.2074008285999298,0.1516028344631195,5.787184715270996,"[2.8525028228759766,3.1379308700561523]","[2.6227073669433594,3.472001314163208]",seeds/cell-002-61b43b2c3651/seed-3/checkpoint.pt,seeds/cell-002-61b43b2c3651/seed-3/snapshots/step-000025.pt
1,scaling-width-load-adamw-10seeds-v1,bffb1a6d15694071b753472a492474ca54484853136fedff195831ccd64433a0,cell-002-61b43b2c3651,2,61b43b2c36511df641e868c964da3157372d74dff0faa2f7b59e9052c2a52271,3,2,50,32,4,8,2,1,,adamw,0.01,0.0,400,512,0.0,8192,0.7129766941070557,0.7249755859375,0.30185145139694214,0.25904184579849243,5.313864231109619,"[3.005242109298706,3.536799430847168]","[2.6739466190338135,3.6211512088775635]",seeds/cell-002-61b43b2c3651/seed-3/checkpoint.pt,seeds/cell-002-61b43b2c3651/seed-3/snapshots/step-000050.pt
1,scaling-width-load-adamw-10seeds-v1,bffb1a6d15694071b753472a492474ca54484853136fedff195831ccd64433a0,cell-002-61b43b2c3651,2,61b43b2c36511df641e868c964da3157372d74dff0faa2f7b59e9052c2a52271,3,3,100,32,4,8,2,1,,adamw,0.01,0.0,400,512,0.0,8192,0.15484373271465302,0.9564208984375,0.8693689107894897,0.8763625025749207,4.030794620513916,"[5.972210884094238,6.42664098739624]","[2.6787045001983643,3.611278533935547]",seeds/cell-002-61b43b2c3651/seed-3/checkpoint.pt,seeds/cell-002-61b43b2c3651/seed-3/snapshots/step-000100.pt
1,scaling-width-load-adamw-10seeds-v1,bffb1a6d15694071b753472a492474ca54484853136fedff195831ccd64433a0,cell-002-61b43b2c3651,2,61b43b2c36511df641e868c964da3157372d74dff0faa2f7b59e9052c2a52271,3,4,200,32,4,8,2,1,,adamw,0.01,0.0,400,512,0.0,8192,0.0048248544335365295,0.9990234375,0.9938530921936035,0.9971877336502075,3.8424737453460693,"[7.858666896820068,6.690356254577637]","[2.758824586868286,4.319948673248291]",seeds/cell-002-61b43b2c3651/seed-3/checkpoint.pt,seeds/cell-002-61b43b2c3651/seed-3/snapshots/step-000200.pt
1,scaling-width-load-adamw-10seeds-v1,bffb1a6d15694071b753472a492474ca54484853136fedff195831ccd64433a0,cell-002-61b43b2c3651,2,61b43b2c36511df641e868c964da3157372d74dff0faa2f7b59e9052c2a52271,3,5,400,32,4,8,2,1,,adamw,0.01,0.0,400,512,0.0,8192,0.00022028066450729966,1.0,1.000306248664856,1.003101110458374,3.7876853942871094,"[8.336559295654297,6.740767955780029]","[2.888465166091919,4.6582794189453125]",seeds/cell-002-61b43b2c3651/seed-3/checkpoint.pt,seeds/cell-002-61b43b2c3651/seed-3/snapshots/step-000400.pt
1,scaling-width-load-adamw-10seeds-v1,bffb1a6d15694071b753472a492474ca54484853136fedff195831ccd64433a0,cell-002-61b43b2c3651,2,61b43b2c36511df641e868c964da3157372d74dff0faa2f7b59e9052c2a52271,4,0,0,32,4,8,2,1,,adamw,0.01,0.0,400,512,0.0,8192,1.421748399734497,0.5098876953125,-0.006147671956568956,-0.01343655213713646,6.145717620849609,"[2.5396957397460938,2.774578094482422]","[2.6332883834838867,2.6411595344543457]",seeds/cell-002-61b43b2c3651/seed-4/checkpoint.pt,seeds/cell-002-61b43b2c3651/seed-4/snapshots/step-000000.pt
1,scaling-width-load-adamw-10seeds-v1,bffb1a6d15694071b753472a492474ca54484853136fedff195831ccd64433a0,cell-002-61b43b2c3651,2,61b43b2c36511df641e868c964da3157372d74dff0faa2f7b59e9052c2a52271,4,1,25,32,4,8,2,1,,adamw,0.01,0.0,400,512,0.0,8192,0.7170040607452393,0.7247314453125,0.2819629907608032,0.2339704930782318,5.57326078414917,"[2.7615537643432617,3.0984702110290527]","[3.0815839767456055,3.097115993499756]",seeds/cell-002-61b43b2c3651/seed-4/checkpoint.pt,seeds/cell-002-61b43b2c3651/seed-4/snapshots/step-000025.pt
1,scaling-width-load-adamw-10seeds-v1,bffb1a6d15694071b753472a492474ca54484853136fedff195831ccd64433a0,cell-002-61b43b2c3651,2,61b43b2c36511df641e868c964da3157372d74dff0faa2f7b59e9052c2a52271,4,2,50,32,4,8,2,1,,adamw,0.01,0.0,400,512,0.0,8192,0.34307342767715454,0.8824462890625,0.6611989736557007,0.6436401605606079,4.571306228637695,"[3.6274960041046143,4.142933368682861]","[3.1358370780944824,3.2336032390594482]",seeds/cell-002-61b43b2c3651/seed-4/checkpoint.pt,seeds/cell-002-61b43b2c3651/seed-4/snapshots/step-000050.pt
1,scaling-width-load-adamw-10seeds-v1,bffb1a6d15694071b753472a492474ca54484853136fedff195831ccd64433a0,cell-002-61b43b2c3651,2,61b43b2c36511df641e868c964da3157372d74dff0faa2f7b59e9052c2a52271,4,3,100,32,4,8,2,1,,adamw,0.01,0.0,400,512,0.0,8192,0.0031458514276891947,0.9993896484375,1.0058996677398682,1.0008282661437988,4.415068626403809,"[5.2001543045043945,5.3490424156188965]","[3.422747850418091,3.754206895828247]",seeds/cell-002-61b43b2c3651/seed-4/checkpoint.pt,seeds/cell-002-61b43b2c3651/seed-4/snapshots/step-000100.pt
1,scaling-width-load-adamw-10seeds-v1,bffb1a6d15694071b753472a492474ca54484853136fedff195831ccd64433a0,cell-002-61b43b2c3651,2,61b43b2c36511df641e868c964da3157372d74dff0faa2f7b59e9052c2a52271,4,4,200,32,4,8,2,1,,adamw,0.01,0.0,400,512,0.0,8192,0.00017937914526555687,1.0,1.0003492832183838,0.9932604432106018,4.423104763031006,"[5.379489898681641,5.368083953857422]","[3.4959750175476074,3.949702501296997]",seeds/cell-002-61b43b2c3651/seed-4/checkpoint.pt,seeds/cell-002-61b43b2c3651/seed-4/snapshots/step-000200.pt
1,scaling-width-load-adamw-10seeds-v1,bffb1a6d15694071b753472a492474ca54484853136fedff195831ccd64433a0,cell-002-61b43b2c3651,2,61b43b2c36511df641e868c964da3157372d74dff0faa2f7b59e9052c2a52271,4,5,400,32,4,8,2,1,,adamw,0.01,0.0,400,512,0.0,8192,6.86685525579378e-05,1.0,1.0004585981369019,0.9908090233802795,4.416734218597412,"[5.433233261108398,5.367490768432617]","[3.501616954803467,4.06345272064209]",seeds/cell-002-61b43b2c3651/seed-4/checkpoint.pt,seeds/cell-002-61b43b2c3651/seed-4/snapshots/step-000400.pt
1,scaling-width-load-adamw-10seeds-v1,bffb1a6d15694071b753472a492474ca54484853136fedff195831ccd64433a0,cell-002-61b43b2c3651,2,61b43b2c36511df641e868c964da3157372d74dff0faa2f7b59e9052c2a52271,5,0,0,32,4,8,2,1,,adamw,0.01,0.0,400,512,0.0,8192,1.6421397924423218,0.464599609375,-0.028991611674427986,0.007814022712409496,6.432411193847656,"[2.6038217544555664,2.835174322128296]","[2.6428306102752686,2.218101978302002]",seeds/cell-002-61b43b2c3651/seed-5/checkpoint.pt,seeds/cell-002-61b43b2c3651/seed-5/snapshots/step-000000.pt
1,scaling-width-load-adamw-10seeds-v1,bffb1a6d15694071b753472a492474ca54484853136fedff195831ccd64433a0,cell-002-61b43b2c3651,2,61b43b2c36511df641e868c964da3157372d74dff0faa2f7b59e9052c2a52271,5,1,25,32,4,8,2,1,,adamw,0.01,0.0,400,512,0.0,8192,0.7524397373199463,0.7161865234375,0.2947639226913452,0.28900474309921265,5.9154744148254395,"[2.5480494499206543,2.898890495300293]","[3.2205820083618164,2.320707082748413]",seeds/cell-002-61b43b2c3651/seed-5/checkpoint.pt,seeds/cell-002-61b43b2c3651/seed-5/snapshots/step-000025.pt
1,scaling-width-load-adamw-10seeds-v1,bffb1a6d15694071b753472a492474ca54484853136fedff195831ccd64433a0,cell-002-61b43b2c3651,2,61b43b2c36511df641e868c964da3157372d74dff0faa2f7b59e9052c2a52271,5,2,50,32,4,8,2,1,,adamw,0.01,0.0,400,512,0.0,8192,0.4310928285121918,0.8497314453125,0.5719355940818787,0.5799144506454468,4.73815393447876,"[3.6839864253997803,3.3630266189575195]","[3.0628442764282227,2.3812713623046875]",seeds/cell-002-61b43b2c3651/seed-5/checkpoint.pt,seeds/cell-002-61b43b2c3651/seed-5/snapshots/step-000050.pt
1,scaling-width-load-adamw-10seeds-v1,bffb1a6d15694071b753472a492474ca54484853136fedff195831ccd64433a0,cell-002-61b43b2c3651,2,61b43b2c36511df641e868c964da3157372d74dff0faa2f7b59e9052c2a52271,5,3,100,32,4,8,2,1,,adamw,0.01,0.0,400,512,0.0,8192,0.03406310826539993,0.9942626953125,0.9659901261329651,0.9759376645088196,4.4367475509643555,"[5.7301154136657715,4.096323490142822]","[2.966707944869995,2.3004186153411865]",seeds/cell-002-61b43b2c3651/seed-5/checkpoint.pt,seeds/cell-002-61b43b2c3651/seed-5/snapshots/step-000100.pt
1,scaling-width-load-adamw-10seeds-v1,bffb1a6d15694071b753472a492474ca54484853136fedff195831ccd64433a0,cell-002-61b43b2c3651,2,61b43b2c36511df641e868c964da3157372d74dff0faa2f7b59e9052c2a52271,5,4,200,32,4,8,2,1,,adamw,0.01,0.0,400,512,0.0,8192,0.0011305967345833778,1.0,0.9985836148262024,1.0042208433151245,4.373594760894775,"[6.407475471496582,4.451292514801025]","[3.2535228729248047,2.4553112983703613]",seeds/cell-002-61b43b2c3651/seed-5/checkpoint.pt,seeds/cell-002-61b43b2c3651/seed-5/snapshots/step-000200.pt
1,scaling-width-load-adamw-10seeds-v1,bffb1a6d15694071b753472a492474ca54484853136fedff195831ccd64433a0,cell-002-61b43b2c3651,2,61b43b2c36511df641e868c964da3157372d74dff0faa2f7b59e9052c2a52271,5,5,400,32,4,8,2,1,,adamw,0.01,0.0,400,512,0.0,8192,0.00023595779202878475,1.0,0.9962788820266724,1.0006492137908936,4.303497314453125,"[6.5967512130737305,4.503266334533691]","[3.3839595317840576,2.6221377849578857]",seeds/cell-002-61b43b2c3651/seed-5/checkpoint.pt,seeds/cell-002-61b43b2c3651/seed-5/snapshots/step-000400.pt
1,scaling-width-load-adamw-10seeds-v1,bffb1a6d15694071b753472a492474ca54484853136fedff195831ccd64433a0,cell-002-61b43b2c3651,2,61b43b2c36511df641e868c964da3157372d74dff0faa2f7b59e9052c2a52271,6,0,0,32,4,8,2,1,,adamw,0.01,0.0,400,512,0.0,8192,1.4397927522659302,0.5079345703125,0.04317517951130867,0.017891010269522667,6.0347514152526855,"[3.1907927989959717,2.4885687828063965]","[3.3832881450653076,2.4481325149536133]",seeds/cell-002-61b43b2c3651/seed-6/checkpoint.pt,seeds/cell-002-61b43b2c3651/seed-6/snapshots/step-000000.pt
1,scaling-width-load-adamw-10seeds-v1,bffb1a6d15694071b753472a492474ca54484853136fedff195831ccd64433a0,cell-002-61b43b2c3651,2,61b43b2c36511df641e868c964da3157372d74dff0faa2f7b59e9052c2a52271,6,1,25,32,4,8,2,1,,adamw,0.01,0.0,400,512,0.0,8192,0.7703630328178406,0.6937255859375,0.2325044572353363,0.2038808912038803,5.2089738845825195,"[3.22283935546875,2.992220163345337]","[3.6655478477478027,2.6907031536102295]",seeds/cell-002-61b43b2c3651/seed-6/checkpoint.pt,seeds/cell-002-61b43b2c3651/seed-6/snapshots/step-000025.pt
1,scaling-width-load-adamw-10seeds-v1,bffb1a6d15694071b753472a492474ca54484853136fedff195831ccd64433a0,cell-002-61b43b2c3651,2,61b43b2c36511df641e868c964da3157372d74dff0faa2f7b59e9052c2a52271,6,2,50,32,4,8,2,1,,adamw,0.01,0.0,400,512,0.0,8192,0.489336758852005,0.818115234375,0.48913031816482544,0.48843199014663696,4.0209832191467285,"[3.0740597248077393,4.3560614585876465]","[3.0975029468536377,2.8806893825531006]",seeds/cell-002-61b43b2c3651/seed-6/checkpoint.pt,seeds/cell-002-61b43b2c3651/seed-6/snapshots/step-000050.pt
1,scaling-width-load-adamw-10seeds-v1,bffb1a6d15694071b753472a492474ca54484853136fedff195831ccd64433a0,cell-002-61b43b2c3651,2,61b43b2c36511df641e868c964da3157372d74dff0faa2f7b59e9052c2a52271,6,3,100,32,4,8,2,1,,adamw,0.01,0.0,400,512,0.0,8192,0.06745146214962006,0.982177734375,0.9187198877334595,0.9140443801879883,3.621690034866333,"[4.0159831047058105,6.248201847076416]","[2.2032341957092285,3.890458106994629]",seeds/cell-002-61b43b2c3651/seed-6/checkpoint.pt,seeds/cell-002-61b43b2c3651/seed-6/snapshots/step-000100.pt
1,scaling-width-load-adamw-10seeds-v1,bffb1a6d15694071b753472a492474ca54484853136fedff195831ccd64433a0,cell-002-61b43b2c3651,2,61b43b2c36511df641e868c964da3157372d74dff0faa2f7b59e9052c2a52271,6,4,200,32,4,8,2,1,,adamw,0.01,0.0,400,512,0.0,8192,0.0011799039784818888,1.0,0.9951574206352234,0.999238133430481,3.70729660987854,"[4.455243110656738,7.077419281005859]","[1.7885549068450928,5.47039794921875]",seeds/cell-002-61b43b2c3651/seed-6/checkpoint.pt,seeds/cell-002-61b43b2c3651/seed-6/snapshots/step-000200.pt
1,scaling-width-load-adamw-10seeds-v1,bffb1a6d15694071b753472a492474ca54484853136fedff195831ccd64433a0,cell-002-61b43b2c3651,2,61b43b2c36511df641e868c964da3157372d74dff0faa2f7b59e9052c2a52271,6,5,400,32,4,8,2,1,,adamw,0.01,0.0,400,512,0.0,8192,0.0002538382832426578,1.0,0.9997400045394897,1.0035487413406372,3.705486297607422,"[4.610602378845215,7.267883777618408]","[1.6563047170639038,6.00282621383667]",seeds/cell-002-61b43b2c3651/seed-6/checkpoint.pt,seeds/cell-002-61b43b2c3651/seed-6/snapshots/step-000400.pt
1,scaling-width-load-adamw-10seeds-v1,bffb1a6d15694071b753472a492474ca54484853136fedff195831ccd64433a0,cell-002-61b43b2c3651,2,61b43b2c36511df641e868c964da3157372d74dff0faa2f7b59e9052c2a52271,7,0,0,32,4,8,2,1,,adamw,0.01,0.0,400,512,0.0,8192,1.3798881769180298,0.4915771484375,-0.025620847940444946,-0.03858645632863045,5.767667293548584,"[3.5865583419799805,2.406484842300415]","[2.5890185832977295,2.6834232807159424]",seeds/cell-002-61b43b2c3651/seed-7/checkpoint.pt,seeds/cell-002-61b43b2c3651/seed-7/snapshots/step-000000.pt
1,scaling-width-load-adamw-10seeds-v1,bffb1a6d15694071b753472a492474ca54484853136fedff195831ccd64433a0,cell-002-61b43b2c3651,2,61b43b2c36511df641e868c964da3157372d74dff0faa2f7b59e9052c2a52271,7,1,25,32,4,8,2,1,,adamw,0.01,0.0,400,512,0.0,8192,0.7854934930801392,0.6842041015625,0.2441348284482956,0.22781379520893097,5.4477105140686035,"[4.10899019241333,2.547801971435547]","[3.0032715797424316,3.509702682495117]",seeds/cell-002-61b43b2c3651/seed-7/checkpoint.pt,seeds/cell-002-61b43b2c3651/seed-7/snapshots/step-000025.pt
1,scaling-width-load-adamw-10seeds-v1,bffb1a6d15694071b753472a492474ca54484853136fedff195831ccd64433a0,cell-002-61b43b2c3651,2,61b43b2c36511df641e868c964da3157372d74dff0faa2f7b59e9052c2a52271,7,2,50,32,4,8,2,1,,adamw,0.01,0.0,400,512,0.0,8192,0.5484985113143921,0.80078125,0.43815773725509644,0.43096014857292175,4.590354919433594,"[5.227769374847412,2.9507763385772705]","[3.196241855621338,3.9978184700012207]",seeds/cell-002-61b43b2c3651/seed-7/checkpoint.pt,seeds/cell-002-61b43b2c3651/seed-7/snapshots/step-000050.pt
1,scaling-width-load-adamw-10seeds-v1,bffb1a6d15694071b753472a492474ca54484853136fedff195831ccd64433a0,cell-002-61b43b2c3651,2,61b43b2c36511df641e868c964da3157372d74dff0faa2f7b59e9052c2a52271,7,3,100,32,4,8,2,1,,adamw,0.01,0.0,400,512,0.0,8192,0.10318313539028168,0.96923828125,0.8773374557495117,0.8982219696044922,4.220348834991455,"[7.076476097106934,4.281296730041504]","[3.3737592697143555,5.469028472900391]",seeds/cell-002-61b43b2c3651/seed-7/checkpoint.pt,seeds/cell-002-61b43b2c3651/seed-7/snapshots/step-000100.pt
1,scaling-width-load-adamw-10seeds-v1,bffb1a6d15694071b753472a492474ca54484853136fedff195831ccd64433a0,cell-002-61b43b2c3651,2,61b43b2c36511df641e868c964da3157372d74dff0faa2f7b59e9052c2a52271,7,4,200,32,4,8,2,1,,adamw,0.01,0.0,400,512,0.0,8192,0.005884439684450626,0.998779296875,0.9996682405471802,1.0197267532348633,4.557492733001709,"[8.412463188171387,5.37596321105957]","[3.3675785064697266,6.87337589263916]",seeds/cell-002-61b43b2c3651/seed-7/checkpoint.pt,seeds/cell-002-61b43b2c3651/seed-7/snapshots/step-000200.pt
1,scaling-width-load-adamw-10seeds-v1,bffb1a6d15694071b753472a492474ca54484853136fedff195831ccd64433a0,cell-002-61b43b2c3651,2,61b43b2c36511df641e868c964da3157372d74dff0faa2f7b59e9052c2a52271,7,5,400,32,4,8,2,1,,adamw,0.01,0.0,400,512,0.0,8192,0.0010103824315592647,0.9998779296875,0.9942963123321533,1.0169556140899658,4.662349224090576,"[8.891411781311035,5.829429626464844]","[3.4200172424316406,7.89044189453125]",seeds/cell-002-61b43b2c3651/seed-7/checkpoint.pt,seeds/cell-002-61b43b2c3651/seed-7/snapshots/step-000400.pt
1,scaling-width-load-adamw-10seeds-v1,bffb1a6d15694071b753472a492474ca54484853136fedff195831ccd64433a0,cell-002-61b43b2c3651,2,61b43b2c36511df641e868c964da3157372d74dff0faa2f7b59e9052c2a52271,8,0,0,32,4,8,2,1,,adamw,0.01,0.0,400,512,0.0,8192,2.220214605331421,0.47509765625,-0.018019676208496094,-0.02820120006799698,6.225549697875977,"[3.586256742477417,3.158130407333374]","[2.6132593154907227,3.2155282497406006]",seeds/cell-002-61b43b2c3651/seed-8/checkpoint.pt,seeds/cell-002-61b43b2c3651/seed-8/snapshots/step-000000.pt
1,scaling-width-load-adamw-10seeds-v1,bffb1a6d15694071b753472a492474ca54484853136fedff195831ccd64433a0,cell-002-61b43b2c3651,2,61b43b2c36511df641e868c964da3157372d74dff0faa2f7b59e9052c2a52271,8,1,25,32,4,8,2,1,,adamw,0.01,0.0,400,512,0.0,8192,0.7958669066429138,0.68701171875,0.19533199071884155,0.16829517483711243,5.740321636199951,"[3.318345069885254,3.0619375705718994]","[2.6926891803741455,3.8659653663635254]",seeds/cell-002-61b43b2c3651/seed-8/checkpoint.pt,seeds/cell-002-61b43b2c3651/seed-8/snapshots/step-000025.pt
1,scaling-width-load-adamw-10seeds-v1,bffb1a6d15694071b753472a492474ca54484853136fedff195831ccd64433a0,cell-002-61b43b2c3651,2,61b43b2c36511df641e868c964da3157372d74dff0faa2f7b59e9052c2a52271,8,2,50,32,4,8,2,1,,adamw,0.01,0.0,400,512,0.0,8192,0.6509454846382141,0.7545166015625,0.3534047603607178,0.3204088807106018,5.287556171417236,"[3.62681245803833,3.54012393951416]","[2.7267143726348877,4.094346523284912]",seeds/cell-002-61b43b2c3651/seed-8/checkpoint.pt,seeds/cell-002-61b43b2c3651/seed-8/snapshots/step-000050.pt
1,scaling-width-load-adamw-10seeds-v1,bffb1a6d15694071b753472a492474ca54484853136fedff195831ccd64433a0,cell-002-61b43b2c3651,2,61b43b2c36511df641e868c964da3157372d74dff0faa2f7b59e9052c2a52271,8,3,100,32,4,8,2,1,,adamw,0.01,0.0,400,512,0.0,8192,0.09695109724998474,0.97607421875,0.9015625715255737,0.8961942195892334,4.38648796081543,"[7.15798282623291,5.400566101074219]","[2.6543471813201904,4.061436176300049]",seeds/cell-002-61b43b2c3651/seed-8/checkpoint.pt,seeds/cell-002-61b43b2c3651/seed-8/snapshots/step-000100.pt
1,scaling-width-load-adamw-10seeds-v1,bffb1a6d15694071b753472a492474ca54484853136fedff195831ccd64433a0,cell-002-61b43b2c3651,2,61b43b2c36511df641e868c964da3157372d74dff0faa2f7b59e9052c2a52271,8,4,200,32,4,8,2,1,,adamw,0.01,0.0,400,512,0.0,8192,0.0010180672397837043,1.0,0.9987366795539856,0.9901379346847534,4.429618835449219,"[8.860129356384277,5.666201591491699]","[3.346808910369873,4.443604469299316]",seeds/cell-002-61b43b2c3651/seed-8/checkpoint.pt,seeds/cell-002-61b43b2c3651/seed-8/snapshots/step-000200.pt
1,scaling-width-load-adamw-10seeds-v1,bffb1a6d15694071b753472a492474ca54484853136fedff195831ccd64433a0,cell-002-61b43b2c3651,2,61b43b2c36511df641e868c964da3157372d74dff0faa2f7b59e9052c2a52271,8,5,400,32,4,8,2,1,,adamw,0.01,0.0,400,512,0.0,8192,0.000235413433983922,1.0,0.9999282360076904,0.9910060167312622,4.420665740966797,"[9.005982398986816,5.663252353668213]","[3.452737808227539,4.647089004516602]",seeds/cell-002-61b43b2c3651/seed-8/checkpoint.pt,seeds/cell-002-61b43b2c3651/seed-8/snapshots/step-000400.pt
1,scaling-width-load-adamw-10seeds-v1,bffb1a6d15694071b753472a492474ca54484853136fedff195831ccd64433a0,cell-002-61b43b2c3651,2,61b43b2c36511df641e868c964da3157372d74dff0faa2f7b59e9052c2a52271,9,0,0,32,4,8,2,1,,adamw,0.01,0.0,400,512,0.0,8192,1.1375079154968262,0.4957275390625,0.009082965552806854,0.005840586498379707,5.921502590179443,"[3.2330880165100098,1.7105557918548584]","[2.5255539417266846,3.3579206466674805]",seeds/cell-002-61b43b2c3651/seed-9/checkpoint.pt,seeds/cell-002-61b43b2c3651/seed-9/snapshots/step-000000.pt
1,scaling-width-load-adamw-10seeds-v1,bffb1a6d15694071b753472a492474ca54484853136fedff195831ccd64433a0,cell-002-61b43b2c3651,2,61b43b2c36511df641e868c964da3157372d74dff0faa2f7b59e9052c2a52271,9,1,25,32,4,8,2,1,,adamw,0.01,0.0,400,512,0.0,8192,0.6636444330215454,0.745849609375,0.3278436064720154,0.29028838872909546,5.0924906730651855,"[3.614983558654785,2.2696175575256348]","[2.3140745162963867,4.221460819244385]",seeds/cell-002-61b43b2c3651/seed-9/checkpoint.pt,seeds/cell-002-61b43b2c3651/seed-9/snapshots/step-000025.pt
1,scaling-width-load-adamw-10seeds-v1,bffb1a6d15694071b753472a492474ca54484853136fedff195831ccd64433a0,cell-002-61b43b2c3651,2,61b43b2c36511df641e868c964da3157372d74dff0faa2f7b59e9052c2a52271,9,2,50,32,4,8,2,1,,adamw,0.01,0.0,400,512,0.0,8192,0.29614943265914917,0.9071044921875,0.6742935180664062,0.6393476724624634,3.9893627166748047,"[4.270389080047607,3.3943326473236084]","[2.3942346572875977,4.205378532409668]",seeds/cell-002-61b43b2c3651/seed-9/checkpoint.pt,seeds/cell-002-61b43b2c3651/seed-9/snapshots/step-000050.pt
1,scaling-width-load-adamw-10seeds-v1,bffb1a6d15694071b753472a492474ca54484853136fedff195831ccd64433a0,cell-002-61b43b2c3651,2,61b43b2c36511df641e868c964da3157372d74dff0faa2f7b59e9052c2a52271,9,3,100,32,4,8,2,1,,adamw,0.01,0.0,400,512,0.0,8192,0.013143371790647507,0.9981689453125,0.983681321144104,0.9474419355392456,3.677910566329956,"[5.595516204833984,5.318972110748291]","[2.396442174911499,6.8638105392456055]",seeds/cell-002-61b43b2c3651/seed-9/checkpoint.pt,seeds/cell-002-61b43b2c3651/seed-9/snapshots/step-000100.pt
1,scaling-width-load-adamw-10seeds-v1,bffb1a6d15694071b753472a492474ca54484853136fedff195831ccd64433a0,cell-002-61b43b2c3651,2,61b43b2c36511df641e868c964da3157372d74dff0faa2f7b59e9052c2a52271,9,4,200,32,4,8,2,1,,adamw,0.01,0.0,400,512,0.0,8192,0.0005718333995901048,1.0,0.9974676370620728,0.9617656469345093,3.6265902519226074,"[6.065284252166748,5.924616813659668]","[2.3347721099853516,8.771912574768066]",seeds/cell-002-61b43b2c3651/seed-9/checkpoint.pt,seeds/cell-002-61b43b2c3651/seed-9/snapshots/step-000200.pt
1,scaling-width-load-adamw-10seeds-v1,bffb1a6d15694071b753472a492474ca54484853136fedff195831ccd64433a0,cell-002-61b43b2c3651,2,61b43b2c36511df641e868c964da3157372d74dff0faa2f7b59e9052c2a52271,9,5,400,32,4,8,2,1,,adamw,0.01,0.0,400,512,0.0,8192,0.00013653455243911594,1.0,0.9976538419723511,0.963901162147522,3.5986881256103516,"[6.160515308380127,6.094168663024902]","[2.269331932067871,9.41684341430664]",seeds/cell-002-61b43b2c3651/seed-9/checkpoint.pt,seeds/cell-002-61b43b2c3651/seed-9/snapshots/step-000400.pt
1,scaling-width-load-adamw-10seeds-v1,bffb1a6d15694071b753472a492474ca54484853136fedff195831ccd64433a0,cell-003-c1b795a1d8d1,3,c1b795a1d8d13a15aeb0a5e920369ef0423353d2cb5f53e1bc95a7fac599abd2,0,0,0,32,4,8,2,4,,adamw,0.01,0.0,400,512,0.0,8192,1.3155274391174316,0.4857177734375,-0.015454795211553574,-0.009267673827707767,6.28398323059082,"[1.6375641822814941,1.3965766429901123,1.1061797142028809,1.8137634992599487,1.0599634647369385,1.8916634321212769,1.173534631729126,0.9693911671638489]","[2.4398841857910156,1.7088288068771362,1.751247525215149,1.5083787441253662,1.1364253759384155,1.6645487546920776,1.01638925075531,1.2944109439849854]",seeds/cell-003-c1b795a1d8d1/seed-0/checkpoint.pt,seeds/cell-003-c1b795a1d8d1/seed-0/snapshots/step-000000.pt
1,scaling-width-load-adamw-10seeds-v1,bffb1a6d15694071b753472a492474ca54484853136fedff195831ccd64433a0,cell-003-c1b795a1d8d1,3,c1b795a1d8d13a15aeb0a5e920369ef0423353d2cb5f53e1bc95a7fac599abd2,0,1,25,32,4,8,2,4,,adamw,0.01,0.0,400,512,0.0,8192,0.7049532532691956,0.73388671875,0.28843337297439575,0.27561435103416443,5.561195373535156,"[1.3995473384857178,1.7175490856170654,1.1690670251846313,1.662601351737976,1.043843150138855,1.93402099609375,1.3957847356796265,0.8711127638816833]","[2.5791494846343994,1.7298201322555542,1.85621178150177,1.307344913482666,1.3372750282287598,1.7774745225906372,1.1176506280899048,1.5604814291000366]",seeds/cell-003-c1b795a1d8d1/seed-0/checkpoint.pt,seeds/cell-003-c1b795a1d8d1/seed-0/snapshots/step-000025.pt
1,scaling-width-load-adamw-10seeds-v1,bffb1a6d15694071b753472a492474ca54484853136fedff195831ccd64433a0,cell-003-c1b795a1d8d1,3,c1b795a1d8d13a15aeb0a5e920369ef0423353d2cb5f53e1bc95a7fac599abd2,0,2,50,32,4,8,2,4,,adamw,0.01,0.0,400,512,0.0,8192,0.46825647354125977,0.831298828125,0.5348563194274902,0.5488000512123108,4.497189998626709,"[1.8693417310714722,2.1695759296417236,1.4336875677108765,1.6855498552322388,1.184963583946228,2.072427272796631,1.487385630607605,0.9679943919181824]","[2.6698482036590576,1.8073699474334717,1.8359792232513428,1.2916295528411865,1.3040014505386353,1.9077757596969604,1.0557360649108887,1.3714174032211304]",seeds/cell-003-c1b795a1d8d1/seed-0/checkpoint.pt,seeds/cell-003-c1b795a1d8d1/seed-0/snapshots/step-000050.pt
1,scaling-width-load-adamw-10seeds-v1,bffb1a6d15694071b753472a492474ca54484853136fedff195831ccd64433a0,cell-003-c1b795a1d8d1,3,c1b795a1d8d13a15aeb0a5e920369ef0423353d2cb5f53e1bc95a7fac599abd2,0,3,100,32,4,8,2,4,,adamw,0.01,0.0,400,512,0.0,8192,0.15750432014465332,0.9527587890625,0.8470049500465393,0.8750120401382446,3.880580425262451,"[2.4988553524017334,3.0534427165985107,2.2549455165863037,1.5379985570907593,1.6117141246795654,2.1070780754089355,1.5911595821380615,1.2534571886062622]","[2.830648183822632,2.2875001430511475,1.9214203357696533,1.2424259185791016,1.2289507389068604,1.9087259769439697,0.9601247906684875,1.392837405204773]",seeds/cell-003-c1b795a1d8d1/seed-0/checkpoint.pt,seeds/cell-003-c1b795a1d8d1/seed-0/snapshots/step-000100.pt
1,scaling-width-load-adamw-10seeds-v1,bffb1a6d15694071b753472a492474ca54484853136fedff195831ccd64433a0,cell-003-c1b795a1d8d1,3,c1b795a1d8d13a15aeb0a5e920369ef0423353d2cb5f53e1bc95a7fac599abd2,0,4,200,32,4,8,2,4,,adamw,0.01,0.0,400,512,0.0,8192,0.0410052128136158,0.989013671875,0.9478065371513367,0.9734154343605042,3.608844518661499,"[3.1013877391815186,3.8675460815429688,3.077535629272461,1.8205490112304688,2.585531234741211,2.225179433822632,2.0537502765655518,1.5515156984329224]","[3.032996892929077,2.5959646701812744,2.2451512813568115,1.1985042095184326,1.2841832637786865,1.9879143238067627,1.015295386314392,1.3251588344573975]",seeds/cell-003-c1b795a1d8d1/seed-0/checkpoint.pt,seeds/cell-003-c1b795a1d8d1/seed-0/snapshots/step-000200.pt
1,scaling-width-load-adamw-10seeds-v1,bffb1a6d15694071b753472a492474ca54484853136fedff195831ccd64433a0,cell-003-c1b795a1d8d1,3,c1b795a1d8d13a15aeb0a5e920369ef0423353d2cb5f53e1bc95a7fac599abd2,0,5,400,32,4,8,2,4,,adamw,0.01,0.0,400,512,0.0,8192,0.011083684861660004,0.9969482421875,0.9976836442947388,1.0162107944488525,3.389965057373047,"[3.4895424842834473,4.264698505401611,3.6200809478759766,2.6215953826904297,3.2522013187408447,2.4691052436828613,2.3761255741119385,1.6606731414794922]","[3.2799313068389893,2.3178045749664307,2.593701124191284,1.8344534635543823,1.553527593612671,2.3682010173797607,1.3238706588745117,1.3585480451583862]",seeds/cell-003-c1b795a1d8d1/seed-0/checkpoint.pt,seeds/cell-003-c1b795a1d8d1/seed-0/snapshots/step-000400.pt
1,scaling-width-load-adamw-10seeds-v1,bffb1a6d15694071b753472a492474ca54484853136fedff195831ccd64433a0,cell-003-c1b795a1d8d1,3,c1b795a1d8d13a15aeb0a5e920369ef0423353d2cb5f53e1bc95a7fac599abd2,1,0,0,32,4,8,2,4,,adamw,0.01,0.0,400,512,0.0,8192,1.1274704933166504,0.5531005859375,0.09848075360059738,0.1244703084230423,6.071922779083252,"[1.8720084428787231,1.199257254600525,0.8916478753089905,1.9118751287460327,1.0261657238006592,0.7961337566375732,1.6118031740188599,1.442317008972168]","[1.1715794801712036,1.5602539777755737,1.4316904544830322,1.254517674446106,1.641514539718628,1.2905488014221191,1.6594152450561523,1.7668637037277222]",seeds/cell-003-c1b795a1d8d1/seed-1/checkpoint.pt,seeds/cell-003-c1b795a1d8d1/seed-1/snapshots/step-000000.pt
1,scaling-width-load-adamw-10seeds-v1,bffb1a6d15694071b753472a492474ca54484853136fedff195831ccd64433a0,cell-003-c1b795a1d8d1,3,c1b795a1d8d13a15aeb0a5e920369ef0423353d2cb5f53e1bc95a7fac599abd2,1,1,25,32,4,8,2,4,,adamw,0.01,0.0,400,512,0.0,8192,0.7503182888031006,0.703125,0.2435312569141388,0.22886544466018677,5.852049827575684,"[1.783671259880066,0.9383423328399658,0.8337807655334473,1.7608036994934082,1.1477992534637451,0.988213837146759,1.5445350408554077,1.3055850267410278]","[1.328355312347412,1.4121237993240356,1.347310185432434,0.8935264945030212,1.7275363206863403,1.4095112085342407,1.8069465160369873,1.892980933189392]",seeds/cell-003-c1b795a1d8d1/seed-1/checkpoint.pt,seeds/cell-003-c1b795a1d8d1/seed-1/snapshots/step-000025.pt
1,scaling-width-load-adamw-10seeds-v1,bffb1a6d15694071b753472a492474ca54484853136fedff195831ccd64433a0,cell-003-c1b795a1d8d1,3,c1b795a1d8d13a15aeb0a5e920369ef0423353d2cb5f53e1bc95a7fac599abd2,1,2,50,32,4,8,2,4,,adamw,0.01,0.0,400,512,0.0,8192,0.606855571269989,0.7735595703125,0.39656439423561096,0.39668869972229004,5.024838924407959,"[1.8182718753814697,0.9895641207695007,1.0905765295028687,2.03071928024292,1.5656213760375977,1.3213896751403809,2.2064707279205322,1.7386184930801392]","[1.2964141368865967,1.3232827186584473,1.3127765655517578,1.0490374565124512,1.6488778591156006,1.436397671699524,1.8037910461425781,1.949916124343872]",seeds/cell-003-c1b795a1d8d1/seed-1/checkpoint.pt,seeds/cell-003-c1b795a1d8d1/seed-1/snapshots/step-000050.pt
1,scaling-width-load-adamw-10seeds-v1,bffb1a6d15694071b753472a492474ca54484853136fedff195831ccd64433a0,cell-003-c1b795a1d8d1,3,c1b795a1d8d13a15aeb0a5e920369ef0423353d2cb5f53e1bc95a7fac599abd2,1,3,100,32,4,8,2,4,,adamw,0.01,0.0,400,512,0.0,8192,0.2111009955406189,0.9373779296875,0.7931153774261475,0.7960677742958069,3.9206531047821045,"[2.160836935043335,1.4373611211776733,2.402447462081909,2.898710012435913,2.3744654655456543,2.043356418609619,3.1714186668395996,1.9597667455673218]","[1.3447121381759644,1.1824575662612915,1.1318416595458984,0.9976982474327087,1.3769270181655884,1.6524659395217896,2.126584768295288,1.8562170267105103]",seeds/cell-003-c1b795a1d8d1/seed-1/checkpoint.pt,seeds/cell-003-c1b795a1d8d1/seed-1/snapshots/step-000100.pt
1,scaling-width-load-adamw-10seeds-v1,bffb1a6d15694071b753472a492474ca54484853136fedff195831ccd64433a0,cell-003-c1b795a1d8d1,3,c1b795a1d8d13a15aeb0a5e920369ef0423353d2cb5f53e1bc95a7fac599abd2,1,4,200,32,4,8,2,4,,adamw,0.01,0.0,400,512,0.0,8192,0.04944924637675285,0.9869384765625,0.9597272872924805,0.9546391367912292,3.6596829891204834,"[2.1830132007598877,1.3991153240203857,3.4978742599487305,3.2879607677459717,3.2152788639068604,2.888227701187134,3.1635756492614746,2.318110942840576]","[1.2474019527435303,0.9604893922805786,0.9264408946037292,0.7817854881286621,1.158344030380249,2.278290033340454,2.94234299659729,1.7105309963226318]",seeds/cell-003-c1b795a1d8d1/seed-1/checkpoint.pt,seeds/cell-003-c1b795a1d8d1/seed-1/snapshots/step-000200.pt
1,scaling-width-load-adamw-10seeds-v1,bffb1a6d15694071b753472a492474ca54484853136fedff195831ccd64433a0,cell-003-c1b795a1d8d1,3,c1b795a1d8d13a15aeb0a5e920369ef0423353d2cb5f53e1bc95a7fac599abd2,1,5,400,32,4,8,2,4,,adamw,0.01,0.0,400,512,0.0,8192,0.012581458315253258,0.99658203125,0.9919704794883728,0.9889159202575684,3.658571720123291,"[2.5333244800567627,1.4518344402313232,4.359593391418457,3.4159209728240967,3.476179599761963,3.481048822402954,3.5338504314422607,2.7577924728393555]","[1.10695481300354,0.8415039777755737,0.9000580906867981,0.7028518915176392,1.4130107164382935,3.190415859222412,3.1175191402435303,2.1910831928253174]",seeds/cell-003-c1b795a1d8d1/seed-1/checkpoint.pt,seeds/cell-003-c1b795a1d8d1/seed-1/snapshots/step-000400.pt
1,scaling-width-load-adamw-10seeds-v1,bffb1a6d15694071b753472a492474ca54484853136fedff195831ccd64433a0,cell-003-c1b795a1d8d1,3,c1b795a1d8d13a15aeb0a5e920369ef0423353d2cb5f53e1bc95a7fac599abd2,2,0,0,32,4,8,2,4,,adamw,0.01,0.0,400,512,0.0,8192,1.8090863227844238,0.5469970703125,0.13901899755001068,0.11556102335453033,6.277624130249023,"[2.007236957550049,1.365445613861084,1.7174787521362305,1.44767427444458,1.2197438478469849,1.6633286476135254,2.2459793090820312,0.8049341440200806]","[1.0321762561798096,1.8843506574630737,1.2471460103988647,1.3400903940200806,1.6624592542648315,2.150416851043701,1.9188246726989746,1.258092999458313]",seeds/cell-003-c1b795a1d8d1/seed-2/checkpoint.pt,seeds/cell-003-c1b795a1d8d1/seed-2/snapshots/step-000000.pt
1,scaling-width-load-adamw-10seeds-v1,bffb1a6d15694071b753472a492474ca54484853136fedff195831ccd64433a0,cell-003-c1b795a1d8d1,3,c1b795a1d8d13a15aeb0a5e920369ef0423353d2cb5f53e1bc95a7fac599abd2,2,1,25,32,4,8,2,4,,adamw,0.01,0.0,400,512,0.0,8192,0.7588450908660889,0.6988525390625,0.25582605600357056,0.2106764316558838,6.086664199829102,"[1.900801181793213,1.577575445175171,1.9604599475860596,1.2358038425445557,1.4627869129180908,1.6659780740737915,2.377861499786377,0.9120182991027832]","[0.9238189458847046,2.0144264698028564,1.4357044696807861,1.5973619222640991,1.9627711772918701,2.008258104324341,1.8193976879119873,1.315382719039917]",seeds/cell-003-c1b795a1d8d1/seed-2/checkpoint.pt,seeds/cell-003-c1b795a1d8d1/seed-2/snapshots/step-000025.pt
1,scaling-width-load-adamw-10seeds-v1,bffb1a6d15694071b753472a492474ca54484853136fedff195831ccd64433a0,cell-003-c1b795a1d8d1,3,c1b795a1d8d13a15aeb0a5e920369ef0423353d2cb5f53e1bc95a7fac599abd2,2,2,50,32,4,8,2,4,,adamw,0.01,0.0,400,512,0.0,8192,0.6192252039909363,0.772705078125,0.38164281845092773,0.37299197912216187,5.489316940307617,"[2.099999189376831,1.701236605644226,1.933810830116272,1.5369716882705688,1.736020565032959,1.561290979385376,2.436190366744995,1.3281415700912476]","[0.8846002221107483,2.108652114868164,1.3557004928588867,1.5723669528961182,2.1335813999176025,1.9142996072769165,1.8139195442199707,1.4092072248458862]",seeds/cell-003-c1b795a1d8d1/seed-2/checkpoint.pt,seeds/cell-003-c1b795a1d8d1/seed-2/snapshots/step-000050.pt
1,scaling-width-load-adamw-10seeds-v1,bffb1a6d15694071b753472a492474ca54484853136fedff195831ccd64433a0,cell-003-c1b795a1d8d1,3,c1b795a1d8d13a15aeb0a5e920369ef0423353d2cb5f53e1bc95a7fac599abd2,2,3,100,32,4,8,2,4,,adamw,0.01,0.0,400,512,0.0,8192,0.2803184390068054,0.903076171875,0.7496627569198608,0.7320256233215332,4.207256317138672,"[2.5763890743255615,1.9263421297073364,2.0684988498687744,2.669064521789551,2.9253835678100586,1.7241233587265015,2.324140787124634,1.8791687488555908]","[0.9747001528739929,1.9838600158691406,1.3845068216323853,1.328892707824707,3.2465133666992188,1.871907353401184,1.6756407022476196,1.7075412273406982]",seeds/cell-003-c1b795a1d8d1/seed-2/checkpoint.pt,seeds/cell-003-c1b795a1d8d1/seed-2/snapshots/step-000100.pt
1,scaling-width-load-adamw-10seeds-v1,bffb1a6d15694071b753472a492474ca54484853136fedff195831ccd64433a0,cell-003-c1b795a1d8d1,3,c1b795a1d8d13a15aeb0a5e920369ef0423353d2cb5f53e1bc95a7fac599abd2,2,4,200,32,4,8,2,4,,adamw,0.01,0.0,400,512,0.0,8192,0.0927201509475708,0.968994140625,0.9134582877159119,0.8996127247810364,3.67742657661438,"[3.3965651988983154,1.94782292842865,2.9290618896484375,3.127002000808716,3.426062822341919,1.509270429611206,1.7806109189987183,2.6748435497283936]","[1.0283094644546509,1.971473217010498,1.3678005933761597,1.0256092548370361,5.160032749176025,2.0342824459075928,1.651877760887146,2.4013068675994873]",seeds/cell-003-c1b795a1d8d1/seed-2/checkpoint.pt,seeds/cell-003-c1b795a1d8d1/seed-2/snapshots/step-000200.pt
1,scaling-width-load-adamw-10seeds-v1,bffb1a6d15694071b753472a492474ca54484853136fedff195831ccd64433a0,cell-003-c1b795a1d8d1,3,c1b795a1d8d13a15aeb0a5e920369ef0423353d2cb5f53e1bc95a7fac599abd2,2,5,400,32,4,8,2,4,,adamw,0.01,0.0,400,512,0.0,8192,0.022238612174987793,0.9931640625,0.9796942472457886,0.9735910892486572,3.456925630569458,"[4.557897567749023,2.035557985305786,3.3727502822875977,3.784923553466797,3.930523633956909,2.1133878231048584,1.641658902168274,3.2607133388519287]","[0.9255961179733276,1.9482753276824951,1.1519694328308105,0.8704420328140259,6.9262824058532715,2.542926549911499,1.8887470960617065,3.6594598293304443]",seeds/cell-003-c1b795a1d8d1/seed-2/checkpoint.pt,seeds/cell-003-c1b795a1d8d1/seed-2/snapshots/step-000400.pt
1,scaling-width-load-adamw-10seeds-v1,bffb1a6d15694071b753472a492474ca54484853136fedff195831ccd64433a0,cell-003-c1b795a1d8d1,3,c1b795a1d8d13a15aeb0a5e920369ef0423353d2cb5f53e1bc95a7fac599abd2,3,0,0,32,4,8,2,4,,adamw,0.01,0.0,400,512,0.0,8192,1.6928000450134277,0.499267578125,-0.014196851290762424,0.031485773622989655,6.492772102355957,"[1.313125491142273,1.2575820684432983,1.5477087497711182,1.3545087575912476,1.1885850429534912,1.637651801109314,1.7323658466339111,1.4380214214324951]","[0.7704460620880127,1.2429503202438354,1.728580355644226,1.1045812368392944,1.269661545753479,1.5802249908447266,1.6071090698242188,1.2647252082824707]",seeds/cell-003-c1b795a1d8d1/seed-3/checkpoint.pt,seeds/cell-003-c1b795a1d8d1/seed-3/snapshots/step-000000.pt
1,scaling-width-load-adamw-10seeds-v1,bffb1a6d15694071b753472a492474ca54484853136fedff195831ccd64433a0,cell-003-c1b795a1d8d1,3,c1b795a1d8d13a15aeb0a5e920369ef0423353d2cb5f53e1bc95a7fac599abd2,3,1,25,32,4,8,2,4,,adamw,0.01,0.0,400,512,0.0,8192,0.7814388871192932,0.688720703125,0.22708016633987427,0.17143292725086212,5.786624908447266,"[1.5535211563110352,1.2949604988098145,1.4303005933761597,1.3996433019638062,1.3188986778259277,1.393746256828308,1.6557347774505615,1.605155110359192]","[0.783871054649353,1.3112858533859253,1.7372515201568604,1.3118886947631836,1.4437130689620972,1.4895261526107788,1.904041051864624,1.5375962257385254]",seeds/cell-003-c1b795a1d8d1/seed-3/checkpoint.pt,seeds/cell-003-c1b795a1d8d1/seed-3/snapshots/step-000025.pt
1,scaling-width-load-adamw-10seeds-v1,bffb1a6d15694071b753472a492474ca54484853136fedff195831ccd64433a0,cell-003-c1b795a1d8d1,3,c1b795a1d8d13a15aeb0a5e920369ef0423353d2cb5f53e1bc95a7fac599abd2,3,2,50,32,4,8,2,4,,adamw,0.01,0.0,400,512,0.0,8192,0.6945653557777405,0.732666015625,0.30828651785850525,0.2682943344116211,5.318507194519043,"[1.6841398477554321,1.56294846534729,1.8289822340011597,1.4332962036132812,1.5855164527893066,1.4805781841278076,1.9264860153198242,1.601818323135376]","[0.7879788875579834,1.3665580749511719,1.6806893348693848,1.2185087203979492,1.467909336090088,1.5224013328552246,2.0269103050231934,1.585679531097412]",seeds/cell-003-c1b795a1d8d1/seed-3/checkpoint.pt,seeds/cell-003-c1b795a1d8d1/seed-3/snapshots/step-000050.pt
1,scaling-width-load-adamw-10seeds-v1,bffb1a6d15694071b753472a492474ca54484853136fedff195831ccd64433a0,cell-003-c1b795a1d8d1,3,c1b795a1d8d13a15aeb0a5e920369ef0423353d2cb5f53e1bc95a7fac599abd2,3,3,100,32,4,8,2,4,,adamw,0.01,0.0,400,512,0.0,8192,0.2764943242073059,0.91015625,0.7379212379455566,0.7289093136787415,3.946829319000244,"[2.184504270553589,2.8657913208007812,3.099693775177002,1.6731804609298706,3.5091135501861572,1.5643292665481567,2.2743492126464844,1.7551565170288086]","[0.9077957272529602,1.5236046314239502,1.7929260730743408,1.0007526874542236,1.6224427223205566,1.396952748298645,2.163574695587158,1.4941730499267578]",seeds/cell-003-c1b795a1d8d1/seed-3/checkpoint.pt,seeds/cell-003-c1b795a1d8d1/seed-3/snapshots/step-000100.pt
1,scaling-width-load-adamw-10seeds-v1,bffb1a6d15694071b753472a492474ca54484853136fedff195831ccd64433a0,cell-003-c1b795a1d8d1,3,c1b795a1d8d13a15aeb0a5e920369ef0423353d2cb5f53e1bc95a7fac599abd2,3,4,200,32,4,8,2,4,,adamw,0.01,0.0,400,512,0.0,8192,0.07387636601924896,0.9820556640625,0.9309251308441162,0.9300492405891418,3.757995128631592,"[2.4552664756774902,3.6917102336883545,3.873873233795166,2.176206111907959,4.278770923614502,1.07561194896698,2.916741371154785,2.008012294769287]","[0.7509382367134094,1.638299822807312,1.5930778980255127,0.8303858041763306,2.557159423828125,1.4269447326660156,2.0418810844421387,1.4482098817825317]",seeds/cell-003-c1b795a1d8d1/seed-3/checkpoint.pt,seeds/cell-003-c1b795a1d8d1/seed-3/snapshots/step-000200.pt
1,scaling-width-load-adamw-10seeds-v1,bffb1a6d15694071b753472a492474ca54484853136fedff195831ccd64433a0,cell-003-c1b795a1d8d1,3,c1b795a1d8d13a15aeb0a5e920369ef0423353d2cb5f53e1bc95a7fac599abd2,3,5,400,32,4,8,2,4,,adamw,0.01,0.0,400,512,0.0,8192,0.023019731044769287,0.9932861328125,0.9691863059997559,0.9719386696815491,3.6689658164978027,"[2.743656635284424,4.168882846832275,4.804872035980225,2.617285966873169,4.004543781280518,1.8146542310714722,3.1284046173095703,2.4220097064971924]","[0.8154400587081909,1.489881992340088,1.469727635383606,0.9441428780555725,3.4588780403137207,2.0746912956237793,2.267862319946289,1.5131890773773193]",seeds/cell-003-c1b795a1d8d1/seed-3/checkpoint.pt,seeds/cell-003-c1b795a1d8d1/seed-3/snapshots/step-000400.pt
1,scaling-width-load-adamw-10seeds-v1,bffb1a6d15694071b753472a492474ca54484853136fedff195831ccd64433a0,cell-003-c1b795a1d8d1,3,c1b795a1d8d13a15aeb0a5e920369ef0423353d2cb5f53e1bc95a7fac599abd2,4,0,0,32,4,8,2,4,,adamw,0.01,0.0,400,512,0.0,8192,1.5334522724151611,0.5086669921875,-0.00433898763731122,-0.011788526549935341,6.145717620849609,"[1.3888050317764282,0.7694739103317261,1.153403639793396,1.511244535446167,0.8126479983329773,0.921506404876709,1.1182862520217896,2.281409502029419]","[1.3981796503067017,1.7898812294006348,1.510930061340332,0.87026047706604,2.076310634613037,1.0604453086853027,1.5664664506912231,1.6639328002929688]",seeds/cell-003-c1b795a1d8d1/seed-4/checkpoint.pt,seeds/cell-003-c1b795a1d8d1/seed-4/snapshots/step-000000.pt
1,scaling-width-load-adamw-10seeds-v1,bffb1a6d15694071b753472a492474ca54484853136fedff195831ccd64433a0,cell-003-c1b795a1d8d1,3,c1b795a1d8d13a15aeb0a5e920369ef0423353d2cb5f53e1bc95a7fac599abd2,4,1,25,32,4,8,2,4,,adamw,0.01,0.0,400,512,0.0,8192,0.7826057076454163,0.6900634765625,0.22949352860450745,0.17277100682258606,5.7969970703125,"[1.3731716871261597,0.7532860636711121,0.9936106204986572,1.8288891315460205,1.0123505592346191,1.0616306066513062,1.2987167835235596,2.43930983543396]","[1.4308087825775146,1.8231444358825684,1.8133026361465454,1.0766850709915161,2.143066644668579,1.2475305795669556,1.8285748958587646,1.6726781129837036]",seeds/cell-003-c1b795a1d8d1/seed-4/checkpoint.pt,seeds/cell-003-c1b795a1d8d1/seed-4/snapshots/step-000025.pt
1,scaling-width-load-adamw-10seeds-v1,bffb1a6d15694071b753472a492474ca54484853136fedff195831ccd64433a0,cell-003-c1b795a1d8d1,3,c1b795a1d8d13a15aeb0a5e920369ef0423353d2cb5f53e1bc95a7fac599abd2,4,2,50,32,4,8,2,4,,adamw,0.01,0.0,400,512,0.0,8192,0.6680706739425659,0.7493896484375,0.33501917123794556,0.29647329449653625,5.262260437011719,"[1.501088261604309,1.314551830291748,1.1743645668029785,1.8938910961151123,1.2630540132522583,1.304639220237732,1.6685752868652344,2.767889976501465]","[1.4233907461166382,1.9088319540023804,1.8320266008377075,1.004309892654419,2.1745457649230957,1.4204676151275635,1.7944117784500122,1.6856387853622437]",seeds/cell-003-c1b795a1d8d1/seed-4/checkpoint.pt,seeds/cell-003-c1b795a1d8d1/seed-4/snapshots/step-000050.pt
1,scaling-width-load-adamw-10seeds-v1,bffb1a6d15694071b753472a492474ca54484853136fedff195831ccd64433a0,cell-003-c1b795a1d8d1,3,c1b795a1d8d13a15aeb0a5e920369ef0423353d2cb5f53e1bc95a7fac599abd2,4,3,100,32,4,8,2,4,,adamw,0.01,0.0,400,512,0.0,8192,0.17564404010772705,0.9429931640625,0.8327782154083252,0.8174201250076294,4.403377532958984,"[1.900818109512329,2.302299976348877,2.0319981575012207,2.4489777088165283,1.7957172393798828,2.780384063720703,2.890411376953125,3.1557276248931885]","[1.6098049879074097,1.7501399517059326,1.6337389945983887,0.8502763509750366,2.243626594543457,2.143911361694336,1.9603036642074585,1.4961059093475342]",seeds/cell-003-c1b795a1d8d1/seed-4/checkpoint.pt,seeds/cell-003-c1b795a1d8d1/seed-4/snapshots/step-000100.pt
1,scaling-width-load-adamw-10seeds-v1,bffb1a6d15694071b753472a492474ca54484853136fedff195831ccd64433a0,cell-003-c1b795a1d8d1,3,c1b795a1d8d13a15aeb0a5e920369ef0423353d2cb5f53e1bc95a7fac599abd2,4,4,200,32,4,8,2,4,,adamw,0.01,0.0,400,512,0.0,8192,0.0567111000418663,0.982666015625,0.9497072696685791,0.9506697654724121,4.326430797576904,"[2.7560839653015137,2.9234886169433594,2.9622037410736084,2.968341112136841,1.8483914136886597,3.3362021446228027,3.50191330909729,3.2622690200805664]","[1.559923529624939,1.5020140409469604,1.5463980436325073,0.8186142444610596,2.2431511878967285,3.0586602687835693,2.690764904022217,1.5329939126968384]",seeds/cell-003-c1b795a1d8d1/seed-4/checkpoint.pt,seeds/cell-003-c1b795a1d8d1/seed-4/snapshots/step-000200.pt
1,scaling-width-load-adamw-10seeds-v1,bffb1a6d15694071b753472a492474ca54484853136fedff195831ccd64433a0,cell-003-c1b795a1d8d1,3,c1b795a1d8d13a15aeb0a5e920369ef0423353d2cb5f53e1bc95a7fac599abd2,4,5,400,32,4,8,2,4,,adamw,0.01,0.0,400,512,0.0,8192,0.022644825279712677,0.992431640625,0.9901720285415649,0.9879075288772583,4.006460189819336,"[3.1782193183898926,3.3721277713775635,3.570824146270752,3.546935558319092,2.2242939472198486,3.390129566192627,3.6711578369140625,3.70082688331604]","[1.5860463380813599,1.5257172584533691,1.5042452812194824,0.899610161781311,2.29947566986084,3.1425678730010986,3.8107805252075195,1.6787900924682617]",seeds/cell-003-c1b795a1d8d1/seed-4/checkpoint.pt,seeds/cell-003-c1b795a1d8d1/seed-4/snapshots/step-000400.pt
1,scaling-width-load-adamw-10seeds-v1,bffb1a6d15694071b753472a492474ca54484853136fedff195831ccd64433a0,cell-003-c1b795a1d8d1,3,c1b795a1d8d13a15aeb0a5e920369ef0423353d2cb5f53e1bc95a7fac599abd2,5,0,0,32,4,8,2,4,,adamw,0.01,0.0,400,512,0.0,8192,1.8724346160888672,0.45166015625,-0.08890073001384735,-0.04772500693798065,6.432411193847656,"[1.7252166271209717,1.4827961921691895,1.4825832843780518,0.6336710453033447,1.1631770133972168,1.260423183441162,1.7010629177093506,1.0910706520080566]","[1.3492012023925781,1.0847080945968628,1.1957136392593384,1.141884684562683,0.7749333381652832,1.2047232389450073,1.3049986362457275,1.0953730344772339]",seeds/cell-003-c1b795a1d8d1/seed-5/checkpoint.pt,seeds/cell-003-c1b795a1d8d1/seed-5/snapshots/step-000000.pt
1,scaling-width-load-adamw-10seeds-v1,bffb1a6d15694071b753472a492474ca54484853136fedff195831ccd64433a0,cell-003-c1b795a1d8d1,3,c1b795a1d8d13a15aeb0a5e920369ef0423353d2cb5f53e1bc95a7fac599abd2,5,1,25,32,4,8,2,4,,adamw,0.01,0.0,400,512,0.0,8192,0.784387469291687,0.6942138671875,0.2593497037887573,0.2510909140110016,6.089339733123779,"[1.987033486366272,1.5385792255401611,1.2902954816818237,0.5825554728507996,1.2942627668380737,1.258088231086731,1.8973321914672852,1.2167099714279175]","[1.5664154291152954,0.9426345825195312,1.4861050844192505,1.3199594020843506,0.8784049153327942,1.021531343460083,1.4028117656707764,1.1905300617218018]",seeds/cell-003-c1b795a1d8d1/seed-5/checkpoint.pt,seeds/cell-003-c1b795a1d8d1/seed-5/snapshots/step-000025.pt
1,scaling-width-load-adamw-10seeds-v1,bffb1a6d15694071b753472a492474ca54484853136fedff195831ccd64433a0,cell-003-c1b795a1d8d1,3,c1b795a1d8d13a15aeb0a5e920369ef0423353d2cb5f53e1bc95a7fac599abd2,5,2,50,32,4,8,2,4,,adamw,0.01,0.0,400,512,0.0,8192,0.6604712009429932,0.7547607421875,0.3304082751274109,0.3285953998565674,5.863527774810791,"[2.055260181427002,1.565816044807434,1.4287906885147095,0.7720531225204468,1.5853283405303955,1.3417778015136719,1.987329125404358,1.561800479888916]","[1.507737398147583,0.9189686179161072,1.5329625606536865,1.2498759031295776,0.9849830269813538,0.9793558120727539,1.5470385551452637,1.225400686264038]",seeds/cell-003-c1b795a1d8d1/seed-5/checkpoint.pt,seeds/cell-003-c1b795a1d8d1/seed-5/snapshots/step-000050.pt
1,scaling-width-load-adamw-10seeds-v1,bffb1a6d15694071b753472a492474ca54484853136fedff195831ccd64433a0,cell-003-c1b795a1d8d1,3,c1b795a1d8d13a15aeb0a5e920369ef0423353d2cb5f53e1bc95a7fac599abd2,5,3,100,32,4,8,2,4,,adamw,0.01,0.0,400,512,0.0,8192,0.23824143409729004,0.9345703125,0.7903798818588257,0.7982577085494995,4.720428466796875,"[2.667663812637329,1.8559696674346924,2.2663400173187256,1.4605236053466797,1.3278424739837646,1.53941011428833,2.85563325881958,2.8509795665740967]","[1.2471572160720825,0.8570067882537842,1.748582363128662,1.0316082239151,1.0757980346679688,0.9342078566551208,1.669250726699829,1.2181580066680908]",seeds/cell-003-c1b795a1d8d1/seed-5/checkpoint.pt,seeds/cell-003-c1b795a1d8d1/seed-5/snapshots/step-000100.pt
1,scaling-width-load-adamw-10seeds-v1,bffb1a6d15694071b753472a492474ca54484853136fedff195831ccd64433a0,cell-003-c1b795a1d8d1,3,c1b795a1d8d13a15aeb0a5e920369ef0423353d2cb5f53e1bc95a7fac599abd2,5,4,200,32,4,8,2,4,,adamw,0.01,0.0,400,512,0.0,8192,0.055727194994688034,0.9849853515625,0.9497612714767456,0.9348717331886292,4.440618515014648,"[3.5765345096588135,1.7772090435028076,3.0825083255767822,2.2085623741149902,1.5905424356460571,1.765972375869751,4.242284297943115,3.4329936504364014]","[1.2048375606536865,0.7291096448898315,1.6968879699707031,0.9012232422828674,1.015847086906433,0.9310609698295593,2.083589792251587,2.3539326190948486]",seeds/cell-003-c1b795a1d8d1/seed-5/checkpoint.pt,seeds/cell-003-c1b795a1d8d1/seed-5/snapshots/step-000200.pt
1,scaling-width-load-adamw-10seeds-v1,bffb1a6d15694071b753472a492474ca54484853136fedff195831ccd64433a0,cell-003-c1b795a1d8d1,3,c1b795a1d8d13a15aeb0a5e920369ef0423353d2cb5f53e1bc95a7fac599abd2,5,5,400,32,4,8,2,4,,adamw,0.01,0.0,400,512,0.0,8192,0.025116577744483948,0.9927978515625,0.9738712310791016,0.9654781818389893,4.124439716339111,"[4.067976474761963,2.245936155319214,3.3992855548858643,3.0712828636169434,1.849477767944336,2.009005308151245,4.9744462966918945,3.366604804992676]","[1.0739117860794067,0.6428345441818237,1.6951093673706055,1.0264525413513184,0.9958848357200623,1.3427150249481201,2.5923714637756348,4.007015705108643]",seeds/cell-003-c1b795a1d8d1/seed-5/checkpoint.pt,seeds/cell-003-c1b795a1d8d1/seed-5/snapshots/step-000400.pt
1,scaling-width-load-adamw-10seeds-v1,bffb1a6d15694071b753472a492474ca54484853136fedff195831ccd64433a0,cell-003-c1b795a1d8d1,3,c1b795a1d8d13a15aeb0a5e920369ef0423353d2cb5f53e1bc95a7fac599abd2,6,0,0,32,4,8,2,4,,adamw,0.01,0.0,400,512,0.0,8192,1.476288080215454,0.5020751953125,0.020117059350013733,-0.0027414218056946993,6.0347514152526855,"[1.2087655067443848,1.3818752765655518,1.7790412902832031,1.482531189918518,1.1440538167953491,1.03917396068573,1.5997024774551392,1.4833308458328247]","[1.2461025714874268,1.5236397981643677,1.5281541347503662,1.822675108909607,0.8671064376831055,1.3780431747436523,1.3877061605453491,1.214723825454712]",seeds/cell-003-c1b795a1d8d1/seed-6/checkpoint.pt,seeds/cell-003-c1b795a1d8d1/seed-6/snapshots/step-000000.pt
1,scaling-width-load-adamw-10seeds-v1,bffb1a6d15694071b753472a492474ca54484853136fedff195831ccd64433a0,cell-003-c1b795a1d8d1,3,c1b795a1d8d13a15aeb0a5e920369ef0423353d2cb5f53e1bc95a7fac599abd2,6,1,25,32,4,8,2,4,,adamw,0.01,0.0,400,512,0.0,8192,0.7476547956466675,0.7066650390625,0.2626309096813202,0.22390243411064148,5.3545403480529785,"[1.2318010330200195,1.5329045057296753,1.4190222024917603,1.5544238090515137,1.6275732517242432,1.1454054117202759,1.829209566116333,1.8475381135940552]","[1.4091498851776123,1.8867371082305908,1.7980502843856812,2.0095417499542236,0.9384972453117371,1.516264796257019,1.490966558456421,1.2216708660125732]",seeds/cell-003-c1b795a1d8d1/seed-6/checkpoint.pt,seeds/cell-003-c1b795a1d8d1/seed-6/snapshots/step-000025.pt
1,scaling-width-load-adamw-10seeds-v1,bffb1a6d15694071b753472a492474ca54484853136fedff195831ccd64433a0,cell-003-c1b795a1d8d1,3,c1b795a1d8d13a15aeb0a5e920369ef0423353d2cb5f53e1bc95a7fac599abd2,6,2,50,32,4,8,2,4,,adamw,0.01,0.0,400,512,0.0,8192,0.5657544136047363,0.7803955078125,0.4366154074668884,0.4235496520996094,4.034313201904297,"[1.23789644241333,1.7686816453933716,1.203019618988037,1.7756847143173218,2.0656399726867676,1.1104224920272827,2.401564836502075,2.532942056655884]","[1.3465522527694702,1.6619430780410767,1.7126492261886597,2.1898608207702637,1.0150865316390991,1.492775321006775,1.6949001550674438,1.3943368196487427]",seeds/cell-003-c1b795a1d8d1/seed-6/checkpoint.pt,seeds/cell-003-c1b795a1d8d1/seed-6/snapshots/step-000050.pt
1,scaling-width-load-adamw-10seeds-v1,bffb1a6d15694071b753472a492474ca54484853136fedff195831ccd64433a0,cell-003-c1b795a1d8d1,3,c1b795a1d8d13a15aeb0a5e920369ef0423353d2cb5f53e1bc95a7fac599abd2,6,3,100,32,4,8,2,4,,adamw,0.01,0.0,400,512,0.0,8192,0.23831042647361755,0.923095703125,0.7516124248504639,0.7539540529251099,3.4738380908966064,"[1.252700924873352,2.312344789505005,1.1251813173294067,2.2880966663360596,2.141411066055298,1.113439917564392,3.1240358352661133,3.0824859142303467]","[1.2154642343521118,1.2851167917251587,1.236403465270996,1.9469047784805298,1.1846177577972412,1.304665207862854,2.327056407928467,1.5729402303695679]",seeds/cell-003-c1b795a1d8d1/seed-6/checkpoint.pt,seeds/cell-003-c1b795a1d8d1/seed-6/snapshots/step-000100.pt
1,scaling-width-load-adamw-10seeds-v1,bffb1a6d15694071b753472a492474ca54484853136fedff195831ccd64433a0,cell-003-c1b795a1d8d1,3,c1b795a1d8d13a15aeb0a5e920369ef0423353d2cb5f53e1bc95a7fac599abd2,6,4,200,32,4,8,2,4,,adamw,0.01,0.0,400,512,0.0,8192,0.07792231440544128,0.9757080078125,0.9254910945892334,0.9224861860275269,2.9628987312316895,"[1.811418890953064,2.4950954914093018,1.4179058074951172,2.944115400314331,2.6654129028320312,1.0853042602539062,3.752762794494629,3.4432365894317627]","[1.2077534198760986,1.1450200080871582,0.7318004965782166,1.6322089433670044,2.2290608882904053,0.85907381772995,3.877725124359131,2.416944980621338]",seeds/cell-003-c1b795a1d8d1/seed-6/checkpoint.pt,seeds/cell-003-c1b795a1d8d1/seed-6/snapshots/step-000200.pt
1,scaling-width-load-adamw-10seeds-v1,bffb1a6d15694071b753472a492474ca54484853136fedff195831ccd64433a0,cell-003-c1b795a1d8d1,3,c1b795a1d8d13a15aeb0a5e920369ef0423353d2cb5f53e1bc95a7fac599abd2,6,5,400,32,4,8,2,4,,adamw,0.01,0.0,400,512,0.0,8192,0.03748973459005356,0.98876953125,0.9674026966094971,0.9610704183578491,2.732996940612793,"[1.9269877672195435,2.5840020179748535,1.7872074842453003,3.674501895904541,3.6020567417144775,1.0765539407730103,4.022909164428711,4.267971515655518]","[1.1505558490753174,0.9948179125785828,0.8190296292304993,1.3338905572891235,4.353229522705078,0.7001858949661255,5.156880855560303,3.4308743476867676]",seeds/cell-003-c1b795a1d8d1/seed-6/checkpoint.pt,seeds/cell-003-c1b795a1d8d1/seed-6/snapshots/step-000400.pt
1,scaling-width-load-adamw-10seeds-v1,bffb1a6d15694071b753472a492474ca54484853136fedff195831ccd64433a0,cell-003-c1b795a1d8d1,3,c1b795a1d8d13a15aeb0a5e920369ef0423353d2cb5f53e1bc95a7fac599abd2,7,0,0,32,4,8,2,4,,adamw,0.01,0.0,400,512,0.0,8192,1.3297038078308105,0.4873046875,-0.01867428421974182,-0.03523635491728783,5.767667293548584,"[1.5027984380722046,1.9600980281829834,1.4697849750518799,2.088196277618408,1.1530349254608154,0.9459872245788574,1.1680572032928467,1.0961923599243164]","[1.4521229267120361,1.3834702968597412,1.5927259922027588,0.9255738854408264,1.5790339708328247,1.1383557319641113,1.1135072708129883,1.5907729864120483]",seeds/cell-003-c1b795a1d8d1/seed-7/checkpoint.pt,seeds/cell-003-c1b795a1d8d1/seed-7/snapshots/step-000000.pt
1,scaling-width-load-adamw-10seeds-v1,bffb1a6d15694071b753472a492474ca54484853136fedff195831ccd64433a0,cell-003-c1b795a1d8d1,3,c1b795a1d8d13a15aeb0a5e920369ef0423353d2cb5f53e1bc95a7fac599abd2,7,1,25,32,4,8,2,4,,adamw,0.01,0.0,400,512,0.0,8192,0.7382196187973022,0.7171630859375,0.2769671678543091,0.26010408997535706,5.572841167449951,"[1.6625360250473022,2.1179749965667725,1.4643913507461548,2.597940444946289,1.2855347394943237,0.9189963936805725,1.493878722190857,1.0492032766342163]","[1.271066427230835,1.5407203435897827,1.7859089374542236,0.9439815282821655,1.7568262815475464,1.6690866947174072,1.2506402730941772,1.9035626649856567]",seeds/cell-003-c1b795a1d8d1/seed-7/checkpoint.pt,seeds/cell-003-c1b795a1d8d1/seed-7/snapshots/step-000025.pt
1,scaling-width-load-adamw-10seeds-v1,bffb1a6d15694071b753472a492474ca54484853136fedff195831ccd64433a0,cell-003-c1b795a1d8d1,3,c1b795a1d8d13a15aeb0a5e920369ef0423353d2cb5f53e1bc95a7fac599abd2,7,2,50,32,4,8,2,4,,adamw,0.01,0.0,400,512,0.0,8192,0.5271475315093994,0.8109130859375,0.45736679434776306,0.45860493183135986,4.868120193481445,"[1.8583699464797974,2.383387565612793,2.024657726287842,3.128835678100586,1.3162521123886108,1.6327321529388428,1.8726210594177246,1.347053050994873]","[1.2151424884796143,1.5012961626052856,1.5814977884292603,1.1401469707489014,1.8765950202941895,1.8677597045898438,1.1517653465270996,1.8125847578048706]",seeds/cell-003-c1b795a1d8d1/seed-7/checkpoint.pt,seeds/cell-003-c1b795a1d8d1/seed-7/snapshots/step-000050.pt
1,scaling-width-load-adamw-10seeds-v1,bffb1a6d15694071b753472a492474ca54484853136fedff195831ccd64433a0,cell-003-c1b795a1d8d1,3,c1b795a1d8d13a15aeb0a5e920369ef0423353d2cb5f53e1bc95a7fac599abd2,7,3,100,32,4,8,2,4,,adamw,0.01,0.0,400,512,0.0,8192,0.14160700142383575,0.9583740234375,0.8688209652900696,0.8852924704551697,4.206862449645996,"[2.3407790660858154,3.542893171310425,2.804696798324585,3.212620973587036,1.1832619905471802,2.5595552921295166,2.416530132293701,1.9764682054519653]","[1.2348759174346924,1.228344202041626,1.5951756238937378,0.8052911162376404,2.0035669803619385,2.8168959617614746,0.8908606767654419,1.8256489038467407]",seeds/cell-003-c1b795a1d8d1/seed-7/checkpoint.pt,seeds/cell-003-c1b795a1d8d1/seed-7/snapshots/step-000100.pt
1,scaling-width-load-adamw-10seeds-v1,bffb1a6d15694071b753472a492474ca54484853136fedff195831ccd64433a0,cell-003-c1b795a1d8d1,3,c1b795a1d8d13a15aeb0a5e920369ef0423353d2cb5f53e1bc95a7fac599abd2,7,4,200,32,4,8,2,4,,adamw,0.01,0.0,400,512,0.0,8192,0.029127780348062515,0.992919921875,0.9494689702987671,0.9648563265800476,4.457019329071045,"[2.2962470054626465,4.462869644165039,3.4456100463867188,3.6766607761383057,1.60146963596344,2.966292142868042,2.637549638748169,2.438572883605957]","[1.1376954317092896,1.270615577697754,1.470726490020752,0.6085888147354126,2.022448778152466,3.9213030338287354,1.01164972782135,2.7345361709594727]",seeds/cell-003-c1b795a1d8d1/seed-7/checkpoint.pt,seeds/cell-003-c1b795a1d8d1/seed-7/snapshots/step-000200.pt
1,scaling-width-load-adamw-10seeds-v1,bffb1a6d15694071b753472a492474ca54484853136fedff195831ccd64433a0,cell-003-c1b795a1d8d1,3,c1b795a1d8d13a15aeb0a5e920369ef0423353d2cb5f53e1bc95a7fac599abd2,7,5,400,32,4,8,2,4,,adamw,0.01,0.0,400,512,0.0,8192,0.013908270746469498,0.995849609375,0.9775296449661255,0.992548406124115,4.549863815307617,"[2.6748392581939697,5.243926525115967,3.9351508617401123,4.673409461975098,1.8031513690948486,3.1227622032165527,2.8103725910186768,2.7650675773620605]","[1.1308684349060059,1.2596718072891235,1.3768200874328613,0.5440792441368103,2.0124831199645996,5.481256484985352,1.3447766304016113,3.2182791233062744]",seeds/cell-003-c1b795a1d8d1/seed-7/checkpoint.pt,seeds/cell-003-c1b795a1d8d1/seed-7/snapshots/step-000400.pt
1,scaling-width-load-adamw-10seeds-v1,bffb1a6d15694071b753472a492474ca54484853136fedff195831ccd64433a0,cell-003-c1b795a1d8d1,3,c1b795a1d8d13a15aeb0a5e920369ef0423353d2cb5f53e1bc95a7fac599abd2,8,0,0,32,4,8,2,4,,adamw,0.01,0.0,400,512,0.0,8192,2.405144214630127,0.4705810546875,-0.03950391709804535,-0.04828213155269623,6.225549697875977,"[2.5330333709716797,0.805187463760376,1.1224757432937622,2.1712331771850586,1.3715068101882935,1.8436025381088257,1.4063427448272705,1.055069923400879]","[1.313055157661438,1.4292694330215454,1.444206714630127,1.380214810371399,1.2086883783340454,1.6464780569076538,1.6984033584594727,2.377598524093628]",seeds/cell-003-c1b795a1d8d1/seed-8/checkpoint.pt,seeds/cell-003-c1b795a1d8d1/seed-8/snapshots/step-000000.pt
1,scaling-width-load-adamw-10seeds-v1,bffb1a6d15694071b753472a492474ca54484853136fedff195831ccd64433a0,cell-003-c1b795a1d8d1,3,c1b795a1d8d13a15aeb0a5e920369ef0423353d2cb5f53e1bc95a7fac599abd2,8,1,25,32,4,8,2,4,,adamw,0.01,0.0,400,512,0.0,8192,0.7909246683120728,0.6903076171875,0.18900693953037262,0.15532295405864716,5.755194187164307,"[2.338609218597412,0.918279767036438,0.9638694524765015,2.160417079925537,1.492368221282959,2.066967248916626,1.4363924264907837,1.1057790517807007]","[1.4227344989776611,1.2695120573043823,1.3612715005874634,1.2367419004440308,1.3166056871414185,2.186535358428955,2.026592254638672,2.1653103828430176]",seeds/cell-003-c1b795a1d8d1/seed-8/checkpoint.pt,seeds/cell-003-c1b795a1d8d1/seed-8/snapshots/step-000025.pt
1,scaling-width-load-adamw-10seeds-v1,bffb1a6d15694071b753472a492474ca54484853136fedff195831ccd64433a0,cell-003-c1b795a1d8d1,3,c1b795a1d8d13a15aeb0a5e920369ef0423353d2cb5f53e1bc95a7fac599abd2,8,2,50,32,4,8,2,4,,adamw,0.01,0.0,400,512,0.0,8192,0.7152382731437683,0.720703125,0.26743996143341064,0.22600200772285461,5.393357753753662,"[2.3620193004608154,0.756723165512085,0.9430955648422241,2.1708006858825684,1.7064907550811768,1.9943569898605347,1.3977842330932617,1.1763720512390137]","[1.3864612579345703,1.250124216079712,1.3117733001708984,1.254030704498291,1.4407130479812622,2.287369966506958,1.9937937259674072,2.312424421310425]",seeds/cell-003-c1b795a1d8d1/seed-8/checkpoint.pt,seeds/cell-003-c1b795a1d8d1/seed-8/snapshots/step-000050.pt
1,scaling-width-load-adamw-10seeds-v1,bffb1a6d15694071b753472a492474ca54484853136fedff195831ccd64433a0,cell-003-c1b795a1d8d1,3,c1b795a1d8d13a15aeb0a5e920369ef0423353d2cb5f53e1bc95a7fac599abd2,8,3,100,32,4,8,2,4,,adamw,0.01,0.0,400,512,0.0,8192,0.5135744214057922,0.806884765625,0.46294182538986206,0.43476682901382446,3.8215179443359375,"[2.5696237087249756,1.2432880401611328,1.5064480304718018,2.6986663341522217,2.541538953781128,1.9175604581832886,1.6827644109725952,1.332282304763794]","[1.3308088779449463,1.1809455156326294,1.316030740737915,1.3037638664245605,1.6918044090270996,2.3348166942596436,1.9680951833724976,2.486802816390991]",seeds/cell-003-c1b795a1d8d1/seed-8/checkpoint.pt,seeds/cell-003-c1b795a1d8d1/seed-8/snapshots/step-000100.pt
1,scaling-width-load-adamw-10seeds-v1,bffb1a6d15694071b753472a492474ca54484853136fedff195831ccd64433a0,cell-003-c1b795a1d8d1,3,c1b795a1d8d13a15aeb0a5e920369ef0423353d2cb5f53e1bc95a7fac599abd2,8,4,200,32,4,8,2,4,,adamw,0.01,0.0,400,512,0.0,8192,0.0834200531244278,0.9774169921875,0.9013763666152954,0.8905370831489563,3.590442180633545,"[2.7949860095977783,1.461824655532837,3.8445141315460205,4.771664619445801,3.420450448989868,1.9475868940353394,1.5915167331695557,2.127458333969116]","[1.0430313348770142,1.2368570566177368,1.1948918104171753,1.4917683601379395,2.5341196060180664,1.9549334049224854,1.7650363445281982,2.9089698791503906]",seeds/cell-003-c1b795a1d8d1/seed-8/checkpoint.pt,seeds/cell-003-c1b795a1d8d1/seed-8/snapshots/step-000200.pt
1,scaling-width-load-adamw-10seeds-v1,bffb1a6d15694071b753472a492474ca54484853136fedff195831ccd64433a0,cell-003-c1b795a1d8d1,3,c1b795a1d8d13a15aeb0a5e920369ef0423353d2cb5f53e1bc95a7fac599abd2,8,5,400,32,4,8,2,4,,adamw,0.01,0.0,400,512,0.0,8192,0.02348281815648079,0.9930419921875,0.9724880456924438,0.9635961055755615,3.4432294368743896,"[3.2551655769348145,1.383813500404358,4.81350040435791,5.9091949462890625,3.7418997287750244,2.502807140350342,1.9326872825622559,2.6663670539855957]","[0.9931589961051941,1.2210725545883179,0.9444261193275452,1.435356616973877,3.315675973892212,1.7833635807037354,1.583083152770996,4.038272380828857]",seeds/cell-003-c1b795a1d8d1/seed-8/checkpoint.pt,seeds/cell-003-c1b795a1d8d1/seed-8/snapshots/step-000400.pt
1,scaling-width-load-adamw-10seeds-v1,bffb1a6d15694071b753472a492474ca54484853136fedff195831ccd64433a0,cell-003-c1b795a1d8d1,3,c1b795a1d8d13a15aeb0a5e920369ef0423353d2cb5f53e1bc95a7fac599abd2,9,0,0,32,4,8,2,4,,adamw,0.01,0.0,400,512,0.0,8192,1.1666165590286255,0.4801025390625,-0.00888052023947239,-0.01892819069325924,5.921502590179443,"[1.5427303314208984,2.0740604400634766,1.3668861389160156,1.4178961515426636,1.2330687046051025,0.8565899133682251,0.998252809047699,0.9079997539520264]","[1.239819049835205,1.1640949249267578,1.1946790218353271,1.4005416631698608,2.013758420944214,1.567566990852356,1.3457974195480347,1.7511545419692993]",seeds/cell-003-c1b795a1d8d1/seed-9/checkpoint.pt,seeds/cell-003-c1b795a1d8d1/seed-9/snapshots/step-000000.pt
1,scaling-width-load-adamw-10seeds-v1,bffb1a6d15694071b753472a492474ca54484853136fedff195831ccd64433a0,cell-003-c1b795a1d8d1,3,c1b795a1d8d13a15aeb0a5e920369ef0423353d2cb5f53e1bc95a7fac599abd2,9,1,25,32,4,8,2,4,,adamw,0.01,0.0,400,512,0.0,8192,0.7219735383987427,0.712158203125,0.2885734736919403,0.24891787767410278,5.119021415710449,"[1.3925137519836426,2.0788040161132812,1.5485658645629883,1.1446343660354614,1.0309438705444336,1.194453477859497,1.0869855880737305,1.0095638036727905]","[1.001334309577942,1.1401928663253784,1.0527961254119873,1.504585862159729,1.8482367992401123,1.8977916240692139,2.0579593181610107,1.9866814613342285]",seeds/cell-003-c1b795a1d8d1/seed-9/checkpoint.pt,seeds/cell-003-c1b795a1d8d1/seed-9/snapshots/step-000025.pt
1,scaling-width-load-adamw-10seeds-v1,bffb1a6d15694071b753472a492474ca54484853136fedff195831ccd64433a0,cell-003-c1b795a1d8d1,3,c1b795a1d8d13a15aeb0a5e920369ef0423353d2cb5f53e1bc95a7fac599abd2,9,2,50,32,4,8,2,4,,adamw,0.01,0.0,400,512,0.0,8192,0.5053296089172363,0.825439453125,0.4512271285057068,0.4235342741012573,3.701805353164673,"[1.5929816961288452,1.9206146001815796,1.7620445489883423,1.0055065155029297,1.4247300624847412,1.7757198810577393,1.6762893199920654,1.100993275642395]","[1.0003327131271362,1.034633755683899,1.1272495985031128,1.3068121671676636,1.8346259593963623,1.9488435983657837,2.357572078704834,1.8713104724884033]",seeds/cell-003-c1b795a1d8d1/seed-9/checkpoint.pt,seeds/cell-003-c1b795a1d8d1/seed-9/snapshots/step-000050.pt
1,scaling-width-load-adamw-10seeds-v1,bffb1a6d15694071b753472a492474ca54484853136fedff195831ccd64433a0,cell-003-c1b795a1d8d1,3,c1b795a1d8d13a15aeb0a5e920369ef0423353d2cb5f53e1bc95a7fac599abd2,9,3,100,32,4,8,2,4,,adamw,0.01,0.0,400,512,0.0,8192,0.19985611736774445,0.930908203125,0.7981023788452148,0.782894492149353,2.7544496059417725,"[1.825533390045166,2.049449920654297,1.4845892190933228,1.2025387287139893,1.8509304523468018,1.9713318347930908,2.554823398590088,1.0485585927963257]","[1.045035719871521,0.9437912702560425,0.8907479047775269,1.227277398109436,1.549849510192871,1.9802207946777344,3.698098659515381,1.693499207496643]",seeds/cell-003-c1b795a1d8d1/seed-9/checkpoint.pt,seeds/cell-003-c1b795a1d8d1/seed-9/snapshots/step-000100.pt
1,scaling-width-load-adamw-10seeds-v1,bffb1a6d15694071b753472a492474ca54484853136fedff195831ccd64433a0,cell-003-c1b795a1d8d1,3,c1b795a1d8d13a15aeb0a5e920369ef0423353d2cb5f53e1bc95a7fac599abd2,9,4,200,32,4,8,2,4,,adamw,0.01,0.0,400,512,0.0,8192,0.07715889066457748,0.972900390625,0.92243891954422,0.9203313589096069,2.3396430015563965,"[1.7355444431304932,2.5609264373779297,2.0590877532958984,1.837471842765808,1.9478669166564941,1.8560155630111694,3.514697790145874,0.9475075602531433]","[0.9905891418457031,0.8223633170127869,0.7258493900299072,1.0641597509384155,1.362826943397522,1.6207878589630127,5.979628086090088,1.4410370588302612]",seeds/cell-003-c1b795a1d8d1/seed-9/checkpoint.pt,seeds/cell-003-c1b795a1d8d1/seed-9/snapshots/step-000200.pt
1,scaling-width-load-adamw-10seeds-v1,bffb1a6d15694071b753472a492474ca54484853136fedff195831ccd64433a0,cell-003-c1b795a1d8d1,3,c1b795a1d8d13a15aeb0a5e920369ef0423353d2cb5f53e1bc95a7fac599abd2,9,5,400,32,4,8,2,4,,adamw,0.01,0.0,400,512,0.0,8192,0.00621408736333251,0.99853515625,0.9930460453033447,0.9858587980270386,2.11600923538208,"[2.2066261768341064,3.6101207733154297,2.717107057571411,2.47773814201355,2.252234935760498,1.885193943977356,4.763667106628418,0.9119170904159546]","[0.9828380346298218,0.6522313356399536,0.6381232738494873,0.8393927216529846,1.3658816814422607,1.5710523128509521,9.963841438293457,1.3181655406951904]",seeds/cell-003-c1b795a1d8d1/seed-9/checkpoint.pt,seeds/cell-003-c1b795a1d8d1/seed-9/snapshots/step-000400.pt
1,scaling-width-load-adamw-10seeds-v1,bffb1a6d15694071b753472a492474ca54484853136fedff195831ccd64433a0,cell-004-6bf5e8ffbada,4,6bf5e8ffbadac9f2a613ddd6ae0e9fd309259c9bafad8a658ba28b1294b0df85,0,0,0,8,4,8,2,1,16,adamw,0.01,0.0,400,512,0.0,8192,2.43487548828125,0.52392578125,0.09504961967468262,0.09092102944850922,4.029151439666748,"[3.60734224319458,2.7054779529571533]","[2.2968459129333496,2.5110480785369873]",seeds/cell-004-6bf5e8ffbada/seed-0/checkpoint.pt,seeds/cell-004-6bf5e8ffbada/seed-0/snapshots/step-000000.pt
1,scaling-width-load-adamw-10seeds-v1,bffb1a6d15694071b753472a492474ca54484853136fedff195831ccd64433a0,cell-004-6bf5e8ffbada,4,6bf5e8ffbadac9f2a613ddd6ae0e9fd309259c9bafad8a658ba28b1294b0df85,0,1,25,8,4,8,2,1,16,adamw,0.01,0.0,400,512,0.0,8192,0.7693448066711426,0.694580078125,0.21812370419502258,0.1956838071346283,3.7182118892669678,"[3.5333468914031982,2.6898574829101562]","[2.8896825313568115,2.9893136024475098]",seeds/cell-004-6bf5e8ffbada/seed-0/checkpoint.pt,seeds/cell-004-6bf5e8ffbada/seed-0/snapshots/step-000025.pt
1,scaling-width-load-adamw-10seeds-v1,bffb1a6d15694071b753472a492474ca54484853136fedff195831ccd64433a0,cell-004-6bf5e8ffbada,4,6bf5e8ffbadac9f2a613ddd6ae0e9fd309259c9bafad8a658ba28b1294b0df85,0,2,50,8,4,8,2,1,16,adamw,0.01,0.0,400,512,0.0,8192,0.6746431589126587,0.74072265625,0.3066152036190033,0.28360632061958313,3.6464385986328125,"[3.534339427947998,2.8091163635253906]","[3.037322998046875,3.084212303161621]",seeds/cell-004-6bf5e8ffbada/seed-0/checkpoint.pt,seeds/cell-004-6bf5e8ffbada/seed-0/snapshots/step-000050.pt
1,scaling-width-load-adamw-10seeds-v1,bffb1a6d15694071b753472a492474ca54484853136fedff195831ccd64433a0,cell-004-6bf5e8ffbada,4,6bf5e8ffbadac9f2a613ddd6ae0e9fd309259c9bafad8a658ba28b1294b0df85,0,3,100,8,4,8,2,1,16,adamw,0.01,0.0,400,512,0.0,8192,0.014982881024479866,0.9998779296875,1.0048072338104248,0.9988585710525513,3.643152952194214,"[5.445274829864502,3.5422353744506836]","[3.335970401763916,2.7766380310058594]",seeds/cell-004-6bf5e8ffbada/seed-0/checkpoint.pt,seeds/cell-004-6bf5e8ffbada/seed-0/snapshots/step-000100.pt
1,scaling-width-load-adamw-10seeds-v1,bffb1a6d15694071b753472a492474ca54484853136fedff195831ccd64433a0,cell-004-6bf5e8ffbada,4,6bf5e8ffbadac9f2a613ddd6ae0e9fd309259c9bafad8a658ba28b1294b0df85,0,4,200,8,4,8,2,1,16,adamw,0.01,0.0,400,512,0.0,8192,0.0006138815078884363,1.0,1.0001111030578613,0.9810218811035156,3.785740375518799,"[5.760644435882568,3.5247015953063965]","[3.4155526161193848,2.590951442718506]",seeds/cell-004-6bf5e8ffbada/seed-0/checkpoint.pt,seeds/cell-004-6bf5e8ffbada/seed-0/snapshots/step-000200.pt
1,scaling-width-load-adamw-10seeds-v1,bffb1a6d15694071b753472a492474ca54484853136fedff195831ccd64433a0,cell-004-6bf5e8ffbada,4,6bf5e8ffbadac9f2a613ddd6ae0e9fd309259c9bafad8a658ba28b1294b0df85,0,5,400,8,4,8,2,1,16,adamw,0.01,0.0,400,512,0.0,8192,0.00018008038750849664,1.0,0.9993036389350891,0.981768786907196,3.7920711040496826,"[5.824298858642578,3.51387357711792]","[3.372818946838379,2.5312769412994385]",seeds/cell-004-6bf5e8ffbada/seed-0/checkpoint.pt,seeds/cell-004-6bf5e8ffbada/seed-0/snapshots/step-000400.pt
1,scaling-width-load-adamw-10seeds-v1,bffb1a6d15694071b753472a492474ca54484853136fedff195831ccd64433a0,cell-004-6bf5e8ffbada,4,6bf5e8ffbadac9f2a613ddd6ae0e9fd309259c9bafad8a658ba28b1294b0df85,1,0,0,8,4,8,2,1,16,adamw,0.01,0.0,400,512,0.0,8192,2.3523473739624023,0.5009765625,-0.025685060769319534,-0.021987559273838997,4.1048102378845215,"[2.8764169216156006,2.2456068992614746]","[2.0363903045654297,3.934572696685791]",seeds/cell-004-6bf5e8ffbada/seed-1/checkpoint.pt,seeds/cell-004-6bf5e8ffbada/seed-1/snapshots/step-000000.pt
1,scaling-width-load-adamw-10seeds-v1,bffb1a6d15694071b753472a492474ca54484853136fedff195831ccd64433a0,cell-004-6bf5e8ffbada,4,6bf5e8ffbadac9f2a613ddd6ae0e9fd309259c9bafad8a658ba28b1294b0df85,1,1,25,8,4,8,2,1,16,adamw,0.01,0.0,400,512,0.0,8192,0.8563119173049927,0.6458740234375,0.1124696284532547,0.07789890468120575,3.946678400039673,"[2.983584403991699,2.7380635738372803]","[2.353320360183716,3.6944832801818848]",seeds/cell-004-6bf5e8ffbada/seed-1/checkpoint.pt,seeds/cell-004-6bf5e8ffbada/seed-1/snapshots/step-000025.pt
1,scaling-width-load-adamw-10seeds-v1,bffb1a6d15694071b753472a492474ca54484853136fedff195831ccd64433a0,cell-004-6bf5e8ffbada,4,6bf5e8ffbadac9f2a613ddd6ae0e9fd309259c9bafad8a658ba28b1294b0df85,1,2,50,8,4,8,2,1,16,adamw,0.01,0.0,400,512,0.0,8192,0.6062415838241577,0.7662353515625,0.36049574613571167,0.3238796591758728,3.6801490783691406,"[3.9645862579345703,2.805605173110962]","[2.551239252090454,3.794543981552124]",seeds/cell-004-6bf5e8ffbada/seed-1/checkpoint.pt,seeds/cell-004-6bf5e8ffbada/seed-1/snapshots/step-000050.pt
1,scaling-width-load-adamw-10seeds-v1,bffb1a6d15694071b753472a492474ca54484853136fedff195831ccd64433a0,cell-004-6bf5e8ffbada,4,6bf5e8ffbadac9f2a613ddd6ae0e9fd309259c9bafad8a658ba28b1294b0df85,1,3,100,8,4,8,2,1,16,adamw,0.01,0.0,400,512,0.0,8192,0.02133370004594326,0.9932861328125,0.9689425230026245,0.9759433269500732,3.5057032108306885,"[6.5099592208862305,3.4240550994873047]","[3.075580596923828,3.771838426589966]",seeds/cell-004-6bf5e8ffbada/seed-1/checkpoint.pt,seeds/cell-004-6bf5e8ffbada/seed-1/snapshots/step-000100.pt
1,scaling-width-load-adamw-10seeds-v1,bffb1a6d15694071b753472a492474ca54484853136fedff195831ccd64433a0,cell-004-6bf5e8ffbada,4,6bf5e8ffbadac9f2a613ddd6ae0e9fd309259c9bafad8a658ba28b1294b0df85,1,4,200,8,4,8,2,1,16,adamw,0.01,0.0,400,512,0.0,8192,0.0002539578126743436,1.0,1.0008559226989746,1.0031657218933105,3.6127960681915283,"[6.796196937561035,3.4657137393951416]","[3.172412872314453,3.764352560043335]",seeds/cell-004-6bf5e8ffbada/seed-1/checkpoint.pt,seeds/cell-004-6bf5e8ffbada/seed-1/snapshots/step-000200.pt
1,scaling-width-load-adamw-10seeds-v1,bffb1a6d15694071b753472a492474ca54484853136fedff195831ccd64433a0,cell-004-6bf5e8ffbada,4,6bf5e8ffbadac9f2a613ddd6ae0e9fd309259c9bafad8a658ba28b1294b0df85,1,5,400,8,4,8,2,1,16,adamw,0.01,0.0,400,512,0.0,8192,8.958506805356592e-05,1.0,1.000411868095398,1.004229187965393,3.61538028717041,"[6.8348259925842285,3.4599947929382324]","[3.1782751083374023,3.7617743015289307]",seeds/cell-004-6bf5e8ffbada/seed-1/checkpoint.pt,seeds/cell-004-6bf5e8ffbada/seed-1/snapshots/step-000400.pt
1,scaling-width-load-adamw-10seeds-v1,bffb1a6d15694071b753472a492474ca54484853136fedff195831ccd64433a0,cell-004-6bf5e8ffbada,4,6bf5e8ffbadac9f2a613ddd6ae0e9fd309259c9bafad8a658ba28b1294b0df85,2,0,0,8,4,8,2,1,16,adamw,0.01,0.0,400,512,0.0,8192,2.9131479263305664,0.471435546875,-0.004171919543296099,0.03607795387506485,4.195681571960449,"[3.3663761615753174,3.478813409805298]","[2.989374876022339,2.6317827701568604]",seeds/cell-004-6bf5e8ffbada/seed-2/checkpoint.pt,seeds/cell-004-6bf5e8ffbada/seed-2/snapshots/step-000000.pt
1,scaling-width-load-adamw-10seeds-v1,bffb1a6d15694071b753472a492474ca54484853136fedff195831ccd64433a0,cell-004-6bf5e8ffbada,4,6bf5e8ffbadac9f2a613ddd6ae0e9fd309259c9bafad8a658ba28b1294b0df85,2,1,25,8,4,8,2,1,16,adamw,0.01,0.0,400,512,0.0,8192,0.743541955947876,0.7088623046875,0.24633455276489258,0.23985683917999268,4.137568473815918,"[4.13589334487915,3.6587767601013184]","[3.5390310287475586,2.588042736053467]",seeds/cell-004-6bf5e8ffbada/seed-2/checkpoint.pt,seeds/cell-004-6bf5e8ffbada/seed-2/snapshots/step-000025.pt
1,scaling-width-load-adamw-10seeds-v1,bffb1a6d15694071b753472a492474ca54484853136fedff195831ccd64433a0,cell-004-6bf5e8ffbada,4,6bf5e8ffbadac9f2a613ddd6ae0e9fd309259c9bafad8a658ba28b1294b0df85,2,2,50,8,4,8,2,1,16,adamw,0.01,0.0,400,512,0.0,8192,0.5110239386558533,0.8201904296875,0.4821370840072632,0.4699699878692627,4.0745849609375,"[4.224472999572754,3.7683608531951904]","[3.6131513118743896,2.70070219039917]",seeds/cell-004-6bf5e8ffbada/seed-2/checkpoint.pt,seeds/cell-004-6bf5e8ffbada/seed-2/snapshots/step-000050.pt
1,scaling-width-load-adamw-10seeds-v1,bffb1a6d15694071b753472a492474ca54484853136fedff195831ccd64433a0,cell-004-6bf5e8ffbada,4,6bf5e8ffbadac9f2a613ddd6ae0e9fd309259c9bafad8a658ba28b1294b0df85,2,3,100,8,4,8,2,1,16,adamw,0.01,0.0,400,512,0.0,8192,0.004928369540721178,0.9998779296875,1.0067644119262695,1.0042678117752075,3.9084320068359375,"[5.531708717346191,3.8362064361572266]","[3.9321842193603516,2.6642205715179443]",seeds/cell-004-6bf5e8ffbada/seed-2/checkpoint.pt,seeds/cell-004-6bf5e8ffbada/seed-2/snapshots/step-000100.pt
1,scaling-width-load-adamw-10seeds-v1,bffb1a6d15694071b753472a492474ca54484853136fedff195831ccd64433a0,cell-004-6bf5e8ffbada,4,6bf5e8ffbadac9f2a613ddd6ae0e9fd309259c9bafad8a658ba28b1294b0df85,2,4,200,8,4,8,2,1,16,adamw,0.01,0.0,400,512,0.0,8192,0.0007115320768207312,1.0,1.0011630058288574,0.9942693710327148,3.8856027126312256,"[5.734208583831787,3.8700742721557617]","[3.9425876140594482,2.6621816158294678]",seeds/cell-004-6bf5e8ffbada/seed-2/checkpoint.pt,seeds/cell-004-6bf5e8ffbada/seed-2/snapshots/step-000200.pt
1,scaling-width-load-adamw-10seeds-v1,bffb1a6d15694071b753472a492474ca54484853136fedff195831ccd64433a0,cell-004-6bf5e8ffbada,4,6bf5e8ffbadac9f2a613ddd6ae0e9fd309259c9bafad8a658ba28b1294b0df85,2,5,400,8,4,8,2,1,16,adamw,0.01,0.0,400,512,0.0,8192,0.0002323972003068775,1.0,0.9974037408828735,0.9881699085235596,3.8847835063934326,"[5.822350978851318,3.8792123794555664]","[3.949064254760742,2.6554884910583496]",seeds/cell-004-6bf5e8ffbada/seed-2/checkpoint.pt,seeds/cell-004-6bf5e8ffbada/seed-2/snapshots/step-000400.pt
1,scaling-width-load-adamw-10seeds-v1,bffb1a6d15694071b753472a492474ca54484853136fedff195831ccd64433a0,cell-004-6bf5e8ffbada,4,6bf5e8ffbadac9f2a613ddd6ae0e9fd309259c9bafad8a658ba28b1294b0df85,3,0,0,8,4,8,2,1,16,adamw,0.01,0.0,400,512,0.0,8192,2.2884223461151123,0.505859375,0.0829196348786354,0.08319053053855896,4.120028018951416,"[3.018550157546997,3.2180378437042236]","[3.1170430183410645,2.9941086769104004]",seeds/cell-004-6bf5e8ffbada/seed-3/checkpoint.pt,seeds/cell-004-6bf5e8ffbada/seed-3/snapshots/step-000000.pt
1,scaling-width-load-adamw-10seeds-v1,bffb1a6d15694071b753472a492474ca54484853136fedff195831ccd64433a0,cell-004-6bf5e8ffbada,4,6bf5e8ffbadac9f2a613ddd6ae0e9fd309259c9bafad8a658ba28b1294b0df85,3,1,25,8,4,8,2,1,16,adamw,0.01,0.0,400,512,0.0,8192,0.6945620179176331,0.737060546875,0.27909380197525024,0.2513805031776428,3.898817300796509,"[3.4307022094726562,3.5386109352111816]","[3.57837176322937,3.4474782943725586]",seeds/cell-004-6bf5e8ffbada/seed-3/checkpoint.pt,seeds/cell-004-6bf5e8ffbada/seed-3/snapshots/step-000025.pt
1,scaling-width-load-adamw-10seeds-v1,bffb1a6d15694071b753472a492474ca54484853136fedff195831ccd64433a0,cell-004-6bf5e8ffbada,4,6bf5e8ffbadac9f2a613ddd6ae0e9fd309259c9bafad8a658ba28b1294b0df85,3,2,50,8,4,8,2,1,16,adamw,0.01,0.0,400,512,0.0,8192,0.22568130493164062,0.94580078125,0.806543231010437,0.7990207672119141,3.2331759929656982,"[4.681694507598877,3.4060986042022705]","[3.7605786323547363,3.453836441040039]",seeds/cell-004-6bf5e8ffbada/seed-3/checkpoint.pt,seeds/cell-004-6bf5e8ffbada/seed-3/snapshots/step-000050.pt
1,scaling-width-load-adamw-10seeds-v1,bffb1a6d15694071b753472a492474ca54484853136fedff195831ccd64433a0,cell-004-6bf5e8ffbada,4,6bf5e8ffbadac9f2a613ddd6ae0e9fd309259c9bafad8a658ba28b1294b0df85,3,3,100,8,4,8,2,1,16,adamw,0.01,0.0,400,512,0.0,8192,0.008527631871402264,0.9990234375,0.9790467619895935,0.9846848845481873,3.2078142166137695,"[6.234793663024902,3.757580041885376]","[3.81406307220459,3.736166000366211]",seeds/cell-004-6bf5e8ffbada/seed-3/checkpoint.pt,seeds/cell-004-6bf5e8ffbada/seed-3/snapshots/step-000100.pt
1,scaling-width-load-adamw-10seeds-v1,bffb1a6d15694071b753472a492474ca54484853136fedff195831ccd64433a0,cell-004-6bf5e8ffbada,4,6bf5e8ffbadac9f2a613ddd6ae0e9fd309259c9bafad8a658ba28b1294b0df85,3,4,200,8,4,8,2,1,16,adamw,0.01,0.0,400,512,0.0,8192,0.0006191186839714646,1.0,1.0001683235168457,1.000554084777832,3.173539161682129,"[6.43306303024292,3.955517053604126]","[3.7927699089050293,3.6346447467803955]",seeds/cell-004-6bf5e8ffbada/seed-3/checkpoint.pt,seeds/cell-004-6bf5e8ffbada/seed-3/snapshots/step-000200.pt
1,scaling-width-load-adamw-10seeds-v1,bffb1a6d15694071b753472a492474ca54484853136fedff195831ccd64433a0,cell-004-6bf5e8ffbada,4,6bf5e8ffbadac9f2a613ddd6ae0e9fd309259c9bafad8a658ba28b1294b0df85,3,5,400,8,4,8,2,1,16,adamw,0.01,0.0,400,512,0.0,8192,0.0001976482744794339,1.0,1.0004342794418335,1.0000146627426147,3.1848180294036865,"[6.5729570388793945,4.053767681121826]","[3.7970187664031982,3.5630555152893066]",seeds/cell-004-6bf5e8ffbada/seed-3/checkpoint.pt,seeds/cell-004-6bf5e8ffbada/seed-3/snapshots/step-000400.pt
1,scaling-width-load-adamw-10seeds-v1,bffb1a6d15694071b753472a492474ca54484853136fedff195831ccd64433a0,cell-004-6bf5e8ffbada,4,6bf5e8ffbadac9f2a613ddd6ae0e9fd309259c9bafad8a658ba28b1294b0df85,4,0,0,8,4,8,2,1,16,adamw,0.01,0.0,400,512,0.0,8192,1.3050272464752197,0.4979248046875,0.02160351723432541,0.009586641564965248,3.8589980602264404,"[2.0843451023101807,3.043256998062134]","[3.4483261108398438,2.3176536560058594]",seeds/cell-004-6bf5e8ffbada/seed-4/checkpoint.pt,seeds/cell-004-6bf5e8ffbada/seed-4/snapshots/step-000000.pt
1,scaling-width-load-adamw-10seeds-v1,bffb1a6d15694071b753472a492474ca54484853136fedff195831ccd64433a0,cell-004-6bf5e8ffbada,4,6bf5e8ffbadac9f2a613ddd6ae0e9fd309259c9bafad8a658ba28b1294b0df85,4,1,25,8,4,8,2,1,16,adamw,0.01,0.0,400,512,0.0,8192,0.5825448036193848,0.78271484375,0.3995664119720459,0.394953191280365,3.0610272884368896,"[2.0629754066467285,3.693708896636963]","[3.3197598457336426,3.0808000564575195]",seeds/cell-004-6bf5e8ffbada/seed-4/checkpoint.pt,seeds/cell-004-6bf5e8ffbada/seed-4/snapshots/step-000025.pt
1,scaling-width-load-adamw-10seeds-v1,bffb1a6d15694071b753472a492474ca54484853136fedff195831ccd64433a0,cell-004-6bf5e8ffbada,4,6bf5e8ffbadac9f2a613ddd6ae0e9fd309259c9bafad8a658ba28b1294b0df85,4,2,50,8,4,8,2,1,16,adamw,0.01,0.0,400,512,0.0,8192,0.16060693562030792,0.958251953125,0.8811672329902649,0.8793695569038391,2.891957998275757,"[3.2156405448913574,4.459325313568115]","[3.155686855316162,3.3458781242370605]",seeds/cell-004-6bf5e8ffbada/seed-4/checkpoint.pt,seeds/cell-004-6bf5e8ffbada/seed-4/snapshots/step-000050.pt
1,scaling-width-load-adamw-10seeds-v1,bffb1a6d15694071b753472a492474ca54484853136fedff195831ccd64433a0,cell-004-6bf5e8ffbada,4,6bf5e8ffbadac9f2a613ddd6ae0e9fd309259c9bafad8a658ba28b1294b0df85,4,3,100,8,4,8,2,1,16,adamw,0.01,0.0,400,512,0.0,8192,0.0005870067980140448,1.0,0.9988196492195129,0.9997360110282898,3.267191171646118,"[4.101885795593262,4.961672782897949]","[2.8674798011779785,4.427500247955322]",seeds/cell-004-6bf5e8ffbada/seed-4/checkpoint.pt,seeds/cell-004-6bf5e8ffbada/seed-4/snapshots/step-000100.pt
1,scaling-width-load-adamw-10seeds-v1,bffb1a6d15694071b753472a492474ca54484853136fedff195831ccd64433a0,cell-004-6bf5e8ffbada,4,6bf5e8ffbadac9f2a613ddd6ae0e9fd309259c9bafad8a658ba28b1294b0df85,4,4,200,8,4,8,2,1,16,adamw,0.01,0.0,400,512,0.0,8192,0.00015190045814961195,1.0,1.0004667043685913,1.0010113716125488,3.268167495727539,"[4.1324381828308105,4.9914069175720215]","[2.826995849609375,4.561185836791992]",seeds/cell-004-6bf5e8ffbada/seed-4/checkpoint.pt,seeds/cell-004-6bf5e8ffbada/seed-4/snapshots/step-000200.pt
1,scaling-width-load-adamw-10seeds-v1,bffb1a6d15694071b753472a492474ca54484853136fedff195831ccd64433a0,cell-004-6bf5e8ffbada,4,6bf5e8ffbadac9f2a613ddd6ae0e9fd309259c9bafad8a658ba28b1294b0df85,4,5,400,8,4,8,2,1,16,adamw,0.01,0.0,400,512,0.0,8192,0.000244156108237803,1.0,1.006277322769165,1.0056544542312622,3.592123508453369,"[5.179291725158691,5.524349212646484]","[2.8115642070770264,4.750982761383057]",seeds/cell-004-6bf5e8ffbada/seed-4/checkpoint.pt,seeds/cell-004-6bf5e8ffbada/seed-4/snapshots/step-000400.pt
1,scaling-width-load-adamw-10seeds-v1,bffb1a6d15694071b753472a492474ca54484853136fedff195831ccd64433a0,cell-004-6bf5e8ffbada,4,6bf5e8ffbadac9f2a613ddd6ae0e9fd309259c9bafad8a658ba28b1294b0df85,5,0,0,8,4,8,2,1,16,adamw,0.01,0.0,400,512,0.0,8192,1.3965773582458496,0.5096435546875,-0.005063286051154137,-0.021892178803682327,4.111196041107178,"[2.54752516746521,2.6975090503692627]","[2.6046273708343506,3.0956122875213623]",seeds/cell-004-6bf5e8ffbada/seed-5/checkpoint.pt,seeds/cell-004-6bf5e8ffbada/seed-5/snapshots/step-000000.pt
1,scaling-width-load-adamw-10seeds-v1,bffb1a6d15694071b753472a492474ca54484853136fedff195831ccd64433a0,cell-004-6bf5e8ffbada,4,6bf5e8ffbadac9f2a613ddd6ae0e9fd309259c9bafad8a658ba28b1294b0df85,5,1,25,8,4,8,2,1,16,adamw,0.01,0.0,400,512,0.0,8192,0.709282398223877,0.727294921875,0.2854706645011902,0.21659845113754272,3.594740152359009,"[2.700798273086548,2.942171096801758]","[3.138457775115967,3.5363192558288574]",seeds/cell-004-6bf5e8ffbada/seed-5/checkpoint.pt,seeds/cell-004-6bf5e8ffbada/seed-5/snapshots/step-000025.pt
1,scaling-width-load-adamw-10seeds-v1,bffb1a6d15694071b753472a492474ca54484853136fedff195831ccd64433a0,cell-004-6bf5e8ffbada,4,6bf5e8ffbadac9f2a613ddd6ae0e9fd309259c9bafad8a658ba28b1294b0df85,5,2,50,8,4,8,2,1,16,adamw,0.01,0.0,400,512,0.0,8192,0.3816632032394409,0.8671875,0.6236950159072876,0.600762128829956,2.6652679443359375,"[3.532435417175293,3.424891710281372]","[3.0435068607330322,3.6849942207336426]",seeds/cell-004-6bf5e8ffbada/seed-5/checkpoint.pt,seeds/cell-004-6bf5e8ffbada/seed-5/snapshots/step-000050.pt
1,scaling-width-load-adamw-10seeds-v1,bffb1a6d15694071b753472a492474ca54484853136fedff195831ccd64433a0,cell-004-6bf5e8ffbada,4,6bf5e8ffbadac9f2a613ddd6ae0e9fd309259c9bafad8a658ba28b1294b0df85,5,3,100,8,4,8,2,1,16,adamw,0.01,0.0,400,512,0.0,8192,0.005356074310839176,1.0,0.986743152141571,0.946865439414978,3.0704543590545654,"[4.747142791748047,4.395832061767578]","[2.9738900661468506,3.873581886291504]",seeds/cell-004-6bf5e8ffbada/seed-5/checkpoint.pt,seeds/cell-004-6bf5e8ffbada/seed-5/snapshots/step-000100.pt
1,scaling-width-load-adamw-10seeds-v1,bffb1a6d15694071b753472a492474ca54484853136fedff195831ccd64433a0,cell-004-6bf5e8ffbada,4,6bf5e8ffbadac9f2a613ddd6ae0e9fd309259c9bafad8a658ba28b1294b0df85,5,4,200,8,4,8,2,1,16,adamw,0.01,0.0,400,512,0.0,8192,0.0004575493512675166,1.0,0.9996037483215332,0.9709910750389099,3.2397711277008057,"[4.928659439086914,4.546050548553467]","[2.907546043395996,3.9373860359191895]",seeds/cell-004-6bf5e8ffbada/seed-5/checkpoint.pt,seeds/cell-004-6bf5e8ffbada/seed-5/snapshots/step-000200.pt
1,scaling-width-load-adamw-10seeds-v1,bffb1a6d15694071b753472a492474ca54484853136fedff195831ccd64433a0,cell-004-6bf5e8ffbada,4,6bf5e8ffbadac9f2a613ddd6ae0e9fd309259c9bafad8a658ba28b1294b0df85,5,5,400,8,4,8,2,1,16,adamw,0.01,0.0,400,512,0.0,8192,0.00016000411415006965,1.0,0.9992156624794006,0.975110650062561,3.2464427947998047,"[4.942346096038818,4.5888285636901855]","[2.8800597190856934,3.969926118850708]",seeds/cell-004-6bf5e8ffbada/seed-5/checkpoint.pt,seeds/cell-004-6bf5e8ffbada/seed-5/snapshots/step-000400.pt
1,scaling-width-load-adamw-10seeds-v1,bffb1a6d15694071b753472a492474ca54484853136fedff195831ccd64433a0,cell-004-6bf5e8ffbada,4,6bf5e8ffbadac9f2a613ddd6ae0e9fd309259c9bafad8a658ba28b1294b0df85,6,0,0,8,4,8,2,1,16,adamw,0.01,0.0,400,512,0.0,8192,1.6702358722686768,0.5496826171875,0.17481723427772522,0.141884908080101,3.8177378177642822,"[3.0372869968414307,2.5764851570129395]","[3.226595401763916,3.433915138244629]",seeds/cell-004-6bf5e8ffbada/seed-6/checkpoint.pt,seeds/cell-004-6bf5e8ffbada/seed-6/snapshots/step-000000.pt
1,scaling-width-load-adamw-10seeds-v1,bffb1a6d15694071b753472a492474ca54484853136fedff195831ccd64433a0,cell-004-6bf5e8ffbada,4,6bf5e8ffbadac9f2a613ddd6ae0e9fd309259c9bafad8a658ba28b1294b0df85,6,1,25,8,4,8,2,1,16,adamw,0.01,0.0,400,512,0.0,8192,0.4236019253730774,0.8514404296875,0.5806477069854736,0.5933165550231934,3.6284000873565674,"[3.9405887126922607,2.4022908210754395]","[3.979426145553589,3.6937360763549805]",seeds/cell-004-6bf5e8ffbada/seed-6/checkpoint.pt,seeds/cell-004-6bf5e8ffbada/seed-6/snapshots/step-000025.pt
1,scaling-width-load-adamw-10seeds-v1,bffb1a6d15694071b753472a492474ca54484853136fedff195831ccd64433a0,cell-004-6bf5e8ffbada,4,6bf5e8ffbadac9f2a613ddd6ae0e9fd309259c9bafad8a658ba28b1294b0df85,6,2,50,8,4,8,2,1,16,adamw,0.01,0.0,400,512,0.0,8192,0.056130457669496536,0.989990234375,0.9676485657691956,0.9744478464126587,3.8036420345306396,"[5.157990455627441,2.4785170555114746]","[4.683297634124756,3.4630329608917236]",seeds/cell-004-6bf5e8ffbada/seed-6/checkpoint.pt,seeds/cell-004-6bf5e8ffbada/seed-6/snapshots/step-000050.pt
1,scaling-width-load-adamw-10seeds-v1,bffb1a6d15694071b753472a492474ca54484853136fedff195831ccd64433a0,cell-004-6bf5e8ffbada,4,6bf5e8ffbadac9f2a613ddd6ae0e9fd309259c9bafad8a658ba28b1294b0df85,6,3,100,8,4,8,2,1,16,adamw,0.01,0.0,400,512,0.0,8192,0.0008290560799650848,1.0,0.9998410940170288,0.9994848370552063,3.8528997898101807,"[5.912817001342773,2.6220736503601074]","[5.047760009765625,3.417022943496704]",seeds/cell-004-6bf5e8ffbada/seed-6/checkpoint.pt,seeds/cell-004-6bf5e8ffbada/seed-6/snapshots/step-000100.pt
1,scaling-width-load-adamw-10seeds-v1,bffb1a6d15694071b753472a492474ca54484853136fedff195831ccd64433a0,cell-004-6bf5e8ffbada,4,6bf5e8ffbadac9f2a613ddd6ae0e9fd309259c9bafad8a658ba28b1294b0df85,6,4,200,8,4,8,2,1,16,adamw,0.01,0.0,400,512,0.0,8192,0.0002968226035591215,1.0,1.0011547803878784,1.0009533166885376,3.8373377323150635,"[5.972977161407471,2.661675214767456]","[5.072875499725342,3.4127867221832275]",seeds/cell-004-6bf5e8ffbada/seed-6/checkpoint.pt,seeds/cell-004-6bf5e8ffbada/seed-6/snapshots/step-000200.pt
1,scaling-width-load-adamw-10seeds-v1,bffb1a6d15694071b753472a492474ca54484853136fedff195831ccd64433a0,cell-004-6bf5e8ffbada,4,6bf5e8ffbadac9f2a613ddd6ae0e9fd309259c9bafad8a658ba28b1294b0df85,6,5,400,8,4,8,2,1,16,adamw,0.01,0.0,400,512,0.0,8192,0.00011118834663648158,1.0,0.9995117783546448,0.9993386268615723,3.8248279094696045,"[6.05275297164917,2.692456007003784]","[5.1060991287231445,3.4152750968933105]",seeds/cell-004-6bf5e8ffbada/seed-6/checkpoint.pt,seeds/cell-004-6bf5e8ffbada/seed-6/snapshots/step-000400.pt
1,scaling-width-load-adamw-10seeds-v1,bffb1a6d15694071b753472a492474ca54484853136fedff195831ccd64433a0,cell-004-6bf5e8ffbada,4,6bf5e8ffbadac9f2a613ddd6ae0e9fd309259c9bafad8a658ba28b1294b0df85,7,0,0,8,4,8,2,1,16,adamw,0.01,0.0,400,512,0.0,8192,2.466963529586792,0.4794921875,-0.08371556550264359,-0.15336208045482635,3.3848328590393066,"[2.742870330810547,2.7908713817596436]","[2.5722227096557617,2.898893356323242]",seeds/cell-004-6bf5e8ffbada/seed-7/checkpoint.pt,seeds/cell-004-6bf5e8ffbada/seed-7/snapshots/step-000000.pt
1,scaling-width-load-adamw-10seeds-v1,bffb1a6d15694071b753472a492474ca54484853136fedff195831ccd64433a0,cell-004-6bf5e8ffbada,4,6bf5e8ffbadac9f2a613ddd6ae0e9fd309259c9bafad8a658ba28b1294b0df85,7,1,25,8,4,8,2,1,16,adamw,0.01,0.0,400,512,0.0,8192,0.7992490530014038,0.680908203125,0.19314813613891602,0.11211170256137848,3.105620861053467,"[2.808913230895996,2.9348034858703613]","[2.9803950786590576,3.116626262664795]",seeds/cell-004-6bf5e8ffbada/seed-7/checkpoint.pt,seeds/cell-004-6bf5e8ffbada/seed-7/snapshots/step-000025.pt
1,scaling-width-load-adamw-10seeds-v1,bffb1a6d15694071b753472a492474ca54484853136fedff195831ccd64433a0,cell-004-6bf5e8ffbada,4,6bf5e8ffbadac9f2a613ddd6ae0e9fd309259c9bafad8a658ba28b1294b0df85,7,2,50,8,4,8,2,1,16,adamw,0.01,0.0,400,512,0.0,8192,0.553412139415741,0.797607421875,0.4363381862640381,0.3834962248802185,3.134747266769409,"[3.525231122970581,3.086601972579956]","[3.2343595027923584,3.120732307434082]",seeds/cell-004-6bf5e8ffbada/seed-7/checkpoint.pt,seeds/cell-004-6bf5e8ffbada/seed-7/snapshots/step-000050.pt
1,scaling-width-load-adamw-10seeds-v1,bffb1a6d15694071b753472a492474ca54484853136fedff195831ccd64433a0,cell-004-6bf5e8ffbada,4,6bf5e8ffbadac9f2a613ddd6ae0e9fd309259c9bafad8a658ba28b1294b0df85,7,3,100,8,4,8,2,1,16,adamw,0.01,0.0,400,512,0.0,8192,0.002378891222178936,1.0,0.9986197352409363,0.9613163471221924,3.073848009109497,"[5.836436748504639,3.785917282104492]","[3.9957916736602783,2.9085824489593506]",seeds/cell-004-6bf5e8ffbada/seed-7/checkpoint.pt,seeds/cell-004-6bf5e8ffbada/seed-7/snapshots/step-000100.pt
1,scaling-width-load-adamw-10seeds-v1,bffb1a6d15694071b753472a492474ca54484853136fedff195831ccd64433a0,cell-004-6bf5e8ffbada,4,6bf5e8ffbadac9f2a613ddd6ae0e9fd309259c9bafad8a658ba28b1294b0df85,7,4,200,8,4,8,2,1,16,adamw,0.01,0.0,400,512,0.0,8192,0.00037161901127547026,1.0,1.0005587339401245,0.9603824615478516,3.088334798812866,"[5.975439548492432,3.8213417530059814]","[4.052584171295166,2.9166617393493652]",seeds/cell-004-6bf5e8ffbada/seed-7/checkpoint.pt,seeds/cell-004-6bf5e8ffbada/seed-7/snapshots/step-000200.pt
1,scaling-width-load-adamw-10seeds-v1,bffb1a6d15694071b753472a492474ca54484853136fedff195831ccd64433a0,cell-004-6bf5e8ffbada,4,6bf5e8ffbadac9f2a613ddd6ae0e9fd309259c9bafad8a658ba28b1294b0df85,7,5,400,8,4,8,2,1,16,adamw,0.01,0.0,400,512,0.0,8192,0.00014163773448672146,1.0,0.9996206760406494,0.9603546261787415,3.1121997833251953,"[6.001746654510498,3.837479591369629]","[4.065337657928467,2.920086145401001]",seeds/cell-004-6bf5e8ffbada/seed-7/checkpoint.pt,seeds/cell-004-6bf5e8ffbada/seed-7/snapshots/step-000400.pt
1,scaling-width-load-adamw-10seeds-v1,bffb1a6d15694071b753472a492474ca54484853136fedff195831ccd64433a0,cell-004-6bf5e8ffbada,4,6bf5e8ffbadac9f2a613ddd6ae0e9fd309259c9bafad8a658ba28b1294b0df85,8,0,0,8,4,8,2,1,16,adamw,0.01,0.0,400,512,0.0,8192,1.2477153539657593,0.4420166015625,-0.06725681573152542,-0.05110902339220047,3.679807662963867,"[3.346576452255249,2.1396050453186035]","[3.0270934104919434,3.008561134338379]",seeds/cell-004-6bf5e8ffbada/seed-8/checkpoint.pt,seeds/cell-004-6bf5e8ffbada/seed-8/snapshots/step-000000.pt
1,scaling-width-load-adamw-10seeds-v1,bffb1a6d15694071b753472a492474ca54484853136fedff195831ccd64433a0,cell-004-6bf5e8ffbada,4,6bf5e8ffbadac9f2a613ddd6ae0e9fd309259c9bafad8a658ba28b1294b0df85,8,1,25,8,4,8,2,1,16,adamw,0.01,0.0,400,512,0.0,8192,0.6782150268554688,0.7412109375,0.31928718090057373,0.25096023082733154,3.7159218788146973,"[3.381908893585205,2.267425060272217]","[3.034646987915039,3.67000675201416]",seeds/cell-004-6bf5e8ffbada/seed-8/checkpoint.pt,seeds/cell-004-6bf5e8ffbada/seed-8/snapshots/step-000025.pt
1,scaling-width-load-adamw-10seeds-v1,bffb1a6d15694071b753472a492474ca54484853136fedff195831ccd64433a0,cell-004-6bf5e8ffbada,4,6bf5e8ffbadac9f2a613ddd6ae0e9fd309259c9bafad8a658ba28b1294b0df85,8,2,50,8,4,8,2,1,16,adamw,0.01,0.0,400,512,0.0,8192,0.23205870389938354,0.9290771484375,0.8279157876968384,0.8032222986221313,3.670305013656616,"[4.298130989074707,2.4921646118164062]","[3.058746814727783,3.4303669929504395]",seeds/cell-004-6bf5e8ffbada/seed-8/checkpoint.pt,seeds/cell-004-6bf5e8ffbada/seed-8/snapshots/step-000050.pt
1,scaling-width-load-adamw-10seeds-v1,bffb1a6d15694071b753472a492474ca54484853136fedff195831ccd64433a0,cell-004-6bf5e8ffbada,4,6bf5e8ffbadac9f2a613ddd6ae0e9fd309259c9bafad8a658ba28b1294b0df85,8,3,100,8,4,8,2,1,16,adamw,0.01,0.0,400,512,0.0,8192,0.0008976620738394558,1.0,0.9916751384735107,0.9826922416687012,3.9804983139038086,"[5.5046820640563965,3.514017105102539]","[2.8458285331726074,3.4437384605407715]",seeds/cell-004-6bf5e8ffbada/seed-8/checkpoint.pt,seeds/cell-004-6bf5e8ffbada/seed-8/snapshots/step-000100.pt
1,scaling-width-load-adamw-10seeds-v1,bffb1a6d15694071b753472a492474ca54484853136fedff195831ccd64433a0,cell-004-6bf5e8ffbada,4,6bf5e8ffbadac9f2a613ddd6ae0e9fd309259c9bafad8a658ba28b1294b0df85,8,4,200,8,4,8,2,1,16,adamw,0.01,0.0,400,512,0.0,8192,0.00020630174549296498,1.0,1.0012415647506714,0.993524968624115,3.9925668239593506,"[5.583858966827393,3.548811912536621]","[2.8455450534820557,3.3993120193481445]",seeds/cell-004-6bf5e8ffbada/seed-8/checkpoint.pt,seeds/cell-004-6bf5e8ffbada/seed-8/snapshots/step-000200.pt
1,scaling-width-load-adamw-10seeds-v1,bffb1a6d15694071b753472a492474ca54484853136fedff195831ccd64433a0,cell-004-6bf5e8ffbada,4,6bf5e8ffbadac9f2a613ddd6ae0e9fd309259c9bafad8a658ba28b1294b0df85,8,5,400,8,4,8,2,1,16,adamw,0.01,0.0,400,512,0.0,8192,8.404624531976879e-05,1.0,0.9981902837753296,0.9924857020378113,3.995366334915161,"[5.639791488647461,3.5524542331695557]","[2.8484301567077637,3.344350576400757]",seeds/cell-004-6bf5e8ffbada/seed-8/checkpoint.pt,seeds/cell-004-6bf5e8ffbada/seed-8/snapshots/step-000400.pt
1,scaling-width-load-adamw-10seeds-v1,bffb1a6d15694071b753472a492474ca54484853136fedff195831ccd64433a0,cell-004-6bf5e8ffbada,4,6bf5e8ffbadac9f2a613ddd6ae0e9fd309259c9bafad8a658ba28b1294b0df85,9,0,0,8,4,8,2,1,16,adamw,0.01,0.0,400,512,0.0,8192,1.4492146968841553,0.437744140625,-0.08966466039419174,-0.05391794070601463,4.17215633392334,"[3.077638626098633,2.492516279220581]","[2.956162214279175,2.8624377250671387]",seeds/cell-004-6bf5e8ffbada/seed-9/checkpoint.pt,seeds/cell-004-6bf5e8ffbada/seed-9/snapshots/step-000000.pt
1,scaling-width-load-adamw-10seeds-v1,bffb1a6d15694071b753472a492474ca54484853136fedff195831ccd64433a0,cell-004-6bf5e8ffbada,4,6bf5e8ffbadac9f2a613ddd6ae0e9fd309259c9bafad8a658ba28b1294b0df85,9,1,25,8,4,8,2,1,16,adamw,0.01,0.0,400,512,0.0,8192,0.7664129734039307,0.7008056640625,0.23785719275474548,0.1919928342103958,4.181484222412109,"[2.5609614849090576,2.8861289024353027]","[3.136561155319214,3.018385410308838]",seeds/cell-004-6bf5e8ffbada/seed-9/checkpoint.pt,seeds/cell-004-6bf5e8ffbada/seed-9/snapshots/step-000025.pt
1,scaling-width-load-adamw-10seeds-v1,bffb1a6d15694071b753472a492474ca54484853136fedff195831ccd64433a0,cell-004-6bf5e8ffbada,4,6bf5e8ffbadac9f2a613ddd6ae0e9fd309259c9bafad8a658ba28b1294b0df85,9,2,50,8,4,8,2,1,16,adamw,0.01,0.0,400,512,0.0,8192,0.5084185600280762,0.8157958984375,0.4505583345890045,0.4364743232727051,3.8281185626983643,"[3.438210964202881,3.528329610824585]","[3.243706464767456,2.955230474472046]",seeds/cell-004-6bf5e8ffbada/seed-9/checkpoint.pt,seeds/cell-004-6bf5e8ffbada/seed-9/snapshots/step-000050.pt
1,scaling-width-load-adamw-10seeds-v1,bffb1a6d15694071b753472a492474ca54484853136fedff195831ccd64433a0,cell-004-6bf5e8ffbada,4,6bf5e8ffbadac9f2a613ddd6ae0e9fd309259c9bafad8a658ba28b1294b0df85,9,3,100,8,4,8,2,1,16,adamw,0.01,0.0,400,512,0.0,8192,0.001178058097139001,1.0,0.997819185256958,0.9988846778869629,3.6685664653778076,"[6.008214473724365,4.038549900054932]","[3.9457857608795166,2.734269380569458]",seeds/cell-004-6bf5e8ffbada/seed-9/checkpoint.pt,seeds/cell-004-6bf5e8ffbada/seed-9/snapshots/step-000100.pt
1,scaling-width-load-adamw-10seeds-v1,bffb1a6d15694071b753472a492474ca54484853136fedff195831ccd64433a0,cell-004-6bf5e8ffbada,4,6bf5e8ffbadac9f2a613ddd6ae0e9fd309259c9bafad8a658ba28b1294b0df85,9,4,200,8,4,8,2,1,16,adamw,0.01,0.0,400,512,0.0,8192,0.0001812572154449299,1.0,0.9996449947357178,0.9996610283851624,3.6853251457214355,"[6.104434013366699,4.031737804412842]","[4.005198955535889,2.728092670440674]",seeds/cell-004-6bf5e8ffbada/seed-9/checkpoint.pt,seeds/cell-004-6bf5e8ffbada/seed-9/snapshots/step-000200.pt
1,scaling-width-load-adamw-10seeds-v1,bffb1a6d15694071b753472a492474ca54484853136fedff195831ccd64433a0,cell-004-6bf5e8ffbada,4,6bf5e8ffbadac9f2a613ddd6ae0e9fd309259c9bafad8a658ba28b1294b0df85,9,5,400,8,4,8,2,1,16,adamw,0.01,0.0,400,512,0.0,8192,5.550041169044562e-05,1.0,0.9989926815032959,0.9974443316459656,3.681288957595825,"[6.111183166503906,4.022246837615967]","[4.049309730529785,2.7193970680236816]",seeds/cell-004-6bf5e8ffbada/seed-9/checkpoint.pt,seeds/cell-004-6bf5e8ffbada/seed-9/snapshots/step-000400.pt
1,scaling-width-load-adamw-10seeds-v1,bffb1a6d15694071b753472a492474ca54484853136fedff195831ccd64433a0,cell-005-fe528376b812,5,fe528376b812c2369c0d6181b213c3a564ddf594ec10b44a06fc156002285a01,0,0,0,8,4,8,2,4,16,adamw,0.01,0.0,400,512,0.0,8192,2.475773334503174,0.505126953125,0.04104604199528694,0.04657794535160065,4.029151439666748,"[1.5368050336837769,1.4358044862747192,2.266057252883911,1.281227946281433,1.2841556072235107,1.2784340381622314,2.032468795776367,0.9726987481117249]","[1.1154874563217163,1.1186904907226562,1.4036531448364258,1.3320236206054688,1.3067365884780884,0.9075275659561157,1.1303356885910034,1.4451650381088257]",seeds/cell-005-fe528376b812/seed-0/checkpoint.pt,seeds/cell-005-fe528376b812/seed-0/snapshots/step-000000.pt
1,scaling-width-load-adamw-10seeds-v1,bffb1a6d15694071b753472a492474ca54484853136fedff195831ccd64433a0,cell-005-fe528376b812,5,fe528376b812c2369c0d6181b213c3a564ddf594ec10b44a06fc156002285a01,0,1,25,8,4,8,2,4,16,adamw,0.01,0.0,400,512,0.0,8192,0.7341415286064148,0.712890625,0.270241379737854,0.24577637016773224,3.8896491527557373,"[1.4749699831008911,1.3236477375030518,2.160858631134033,1.3584017753601074,1.329625129699707,1.226445198059082,2.0524368286132812,0.8754497170448303]","[1.4314398765563965,1.2217286825180054,1.4899760484695435,1.408644676208496,1.347436785697937,0.947722315788269,1.2318865060806274,1.4002138376235962]",seeds/cell-005-fe528376b812/seed-0/checkpoint.pt,seeds/cell-005-fe528376b812/seed-0/snapshots/step-000025.pt
1,scaling-width-load-adamw-10seeds-v1,bffb1a6d15694071b753472a492474ca54484853136fedff195831ccd64433a0,cell-005-fe528376b812,5,fe528376b812c2369c0d6181b213c3a564ddf594ec10b44a06fc156002285a01,0,2,50,8,4,8,2,4,16,adamw,0.01,0.0,400,512,0.0,8192,0.605411171913147,0.776123046875,0.3668859601020813,0.348195344209671,3.6512417793273926,"[1.7448246479034424,1.5943050384521484,2.1276087760925293,1.4667384624481201,1.3960100412368774,1.2398418188095093,2.0271644592285156,0.900020182132721]","[1.472484827041626,1.2582026720046997,1.5114799737930298,1.4219142198562622,1.347758412361145,0.922919750213623,1.2548977136611938,1.3771132230758667]",seeds/cell-005-fe528376b812/seed-0/checkpoint.pt,seeds/cell-005-fe528376b812/seed-0/snapshots/step-000050.pt
1,scaling-width-load-adamw-10seeds-v1,bffb1a6d15694071b753472a492474ca54484853136fedff195831ccd64433a0,cell-005-fe528376b812,5,fe528376b812c2369c0d6181b213c3a564ddf594ec10b44a06fc156002285a01,0,3,100,8,4,8,2,4,16,adamw,0.01,0.0,400,512,0.0,8192,0.03530372679233551,0.9964599609375,0.9908729791641235,1.0046815872192383,3.2793235778808594,"[3.015514850616455,2.993457078933716,1.8040355443954468,1.644066572189331,1.3835529088974,1.4060910940170288,1.8791359663009644,1.0048558712005615]","[1.8052972555160522,1.4592756032943726,1.3576586246490479,1.3003344535827637,1.4520692825317383,0.8676916360855103,1.1669310331344604,1.2406251430511475]",seeds/cell-005-fe528376b812/seed-0/checkpoint.pt,seeds/cell-005-fe528376b812/seed-0/snapshots/step-000100.pt
1,scaling-width-load-adamw-10seeds-v1,bffb1a6d15694071b753472a492474ca54484853136fedff195831ccd64433a0,cell-005-fe528376b812,5,fe528376b812c2369c0d6181b213c3a564ddf594ec10b44a06fc156002285a01,0,4,200,8,4,8,2,4,16,adamw,0.01,0.0,400,512,0.0,8192,0.0011265113716945052,1.0,0.9969813823699951,0.994982898235321,3.217954158782959,"[3.5632164478302,3.0308666229248047,1.723829746246338,1.7010599374771118,1.3228716850280762,1.4057636260986328,1.8623692989349365,1.0115712881088257]","[2.048924207687378,1.5109329223632812,1.2400728464126587,1.3022348880767822,1.3585574626922607,0.838028609752655,1.1426711082458496,1.1951687335968018]",seeds/cell-005-fe528376b812/seed-0/checkpoint.pt,seeds/cell-005-fe528376b812/seed-0/snapshots/step-000200.pt
1,scaling-width-load-adamw-10seeds-v1,bffb1a6d15694071b753472a492474ca54484853136fedff195831ccd64433a0,cell-005-fe528376b812,5,fe528376b812c2369c0d6181b213c3a564ddf594ec10b44a06fc156002285a01,0,5,400,8,4,8,2,4,16,adamw,0.01,0.0,400,512,0.0,8192,0.0003161136992275715,1.0,0.998557448387146,0.9942781329154968,3.2040293216705322,"[3.6760075092315674,3.060353994369507,1.697967290878296,1.689665675163269,1.3011354207992554,1.4098397493362427,1.8662322759628296,1.0104327201843262]","[2.1319010257720947,1.5073988437652588,1.1884253025054932,1.283778429031372,1.3100868463516235,0.8271937966346741,1.1394474506378174,1.1822069883346558]",seeds/cell-005-fe528376b812/seed-0/checkpoint.pt,seeds/cell-005-fe528376b812/seed-0/snapshots/step-000400.pt
1,scaling-width-load-adamw-10seeds-v1,bffb1a6d15694071b753472a492474ca54484853136fedff195831ccd64433a0,cell-005-fe528376b812,5,fe528376b812c2369c0d6181b213c3a564ddf594ec10b44a06fc156002285a01,1,0,0,8,4,8,2,4,16,adamw,0.01,0.0,400,512,0.0,8192,2.300011396408081,0.5009765625,-0.0116925910115242,-0.007859853096306324,4.1048102378845215,"[1.2202532291412354,1.1323953866958618,0.9473696351051331,2.2256112098693848,1.1981147527694702,1.1540323495864868,0.759742021560669,1.2983157634735107]","[1.005872130393982,1.4385666847229004,1.0700089931488037,1.2696000337600708,2.5013954639434814,1.7787795066833496,2.356518268585205,1.375961184501648]",seeds/cell-005-fe528376b812/seed-1/checkpoint.pt,seeds/cell-005-fe528376b812/seed-1/snapshots/step-000000.pt
1,scaling-width-load-adamw-10seeds-v1,bffb1a6d15694071b753472a492474ca54484853136fedff195831ccd64433a0,cell-005-fe528376b812,5,fe528376b812c2369c0d6181b213c3a564ddf594ec10b44a06fc156002285a01,1,1,25,8,4,8,2,4,16,adamw,0.01,0.0,400,512,0.0,8192,0.8330055475234985,0.6993408203125,0.11434277147054672,0.09721779823303223,4.035458564758301,"[1.3287327289581299,1.1465306282043457,1.224982738494873,2.3572940826416016,1.2616289854049683,1.1630572080612183,0.7879392504692078,1.067267656326294]","[1.6149669885635376,1.5196210145950317,1.2083799839019775,1.3319547176361084,2.343658208847046,1.6031690835952759,2.28680419921875,1.5491563081741333]",seeds/cell-005-fe528376b812/seed-1/checkpoint.pt,seeds/cell-005-fe528376b812/seed-1/snapshots/step-000025.pt
1,scaling-width-load-adamw-10seeds-v1,bffb1a6d15694071b753472a492474ca54484853136fedff195831ccd64433a0,cell-005-fe528376b812,5,fe528376b812c2369c0d6181b213c3a564ddf594ec10b44a06fc156002285a01,1,2,50,8,4,8,2,4,16,adamw,0.01,0.0,400,512,0.0,8192,0.5788506269454956,0.7801513671875,0.41932445764541626,0.3921949863433838,3.599872350692749,"[1.5576930046081543,1.3620535135269165,1.5589970350265503,2.3885743618011475,1.3018662929534912,1.1823561191558838,0.9388845562934875,1.123033046722412]","[1.9246774911880493,1.612505555152893,1.5730879306793213,1.6529639959335327,2.357710361480713,1.6035767793655396,2.3004565238952637,1.8056010007858276]",seeds/cell-005-fe528376b812/seed-1/checkpoint.pt,seeds/cell-005-fe528376b812/seed-1/snapshots/step-000050.pt
1,scaling-width-load-adamw-10seeds-v1,bffb1a6d15694071b753472a492474ca54484853136fedff195831ccd64433a0,cell-005-fe528376b812,5,fe528376b812c2369c0d6181b213c3a564ddf594ec10b44a06fc156002285a01,1,3,100,8,4,8,2,4,16,adamw,0.01,0.0,400,512,0.0,8192,0.017253756523132324,0.99951171875,0.9719312191009521,0.9764236211776733,3.2503533363342285,"[2.1993422508239746,2.309983730316162,2.729090452194214,2.4260876178741455,1.4793890714645386,1.4152450561523438,1.3926515579223633,2.984034299850464]","[2.300333023071289,1.6955912113189697,1.9955601692199707,1.992539644241333,2.2768948078155518,1.7926918268203735,2.1738431453704834,2.0427303314208984]",seeds/cell-005-fe528376b812/seed-1/checkpoint.pt,seeds/cell-005-fe528376b812/seed-1/snapshots/step-000100.pt
1,scaling-width-load-adamw-10seeds-v1,bffb1a6d15694071b753472a492474ca54484853136fedff195831ccd64433a0,cell-005-fe528376b812,5,fe528376b812c2369c0d6181b213c3a564ddf594ec10b44a06fc156002285a01,1,4,200,8,4,8,2,4,16,adamw,0.01,0.0,400,512,0.0,8192,0.0007656811503693461,1.0,0.999720573425293,1.007697582244873,3.164241313934326,"[2.4925529956817627,2.3428351879119873,2.711094617843628,2.387578010559082,1.448371410369873,1.3859437704086304,1.3836214542388916,3.4787776470184326]","[2.438467264175415,1.5571789741516113,1.839372158050537,1.9047412872314453,2.249795436859131,1.711438536643982,2.0669188499450684,2.51737117767334]",seeds/cell-005-fe528376b812/seed-1/checkpoint.pt,seeds/cell-005-fe528376b812/seed-1/snapshots/step-000200.pt
1,scaling-width-load-adamw-10seeds-v1,bffb1a6d15694071b753472a492474ca54484853136fedff195831ccd64433a0,cell-005-fe528376b812,5,fe528376b812c2369c0d6181b213c3a564ddf594ec10b44a06fc156002285a01,1,5,400,8,4,8,2,4,16,adamw,0.01,0.0,400,512,0.0,8192,0.00022700433328282088,1.0,1.0001442432403564,1.004262089729309,3.133396625518799,"[2.5157251358032227,2.365039825439453,2.724698543548584,2.3668413162231445,1.4059643745422363,1.3860821723937988,1.4608818292617798,3.4735898971557617]","[2.429065465927124,1.523538589477539,1.795326828956604,1.8699617385864258,2.225939989089966,1.6800365447998047,2.0731043815612793,2.6190085411071777]",seeds/cell-005-fe528376b812/seed-1/checkpoint.pt,seeds/cell-005-fe528376b812/seed-1/snapshots/step-000400.pt
1,scaling-width-load-adamw-10seeds-v1,bffb1a6d15694071b753472a492474ca54484853136fedff195831ccd64433a0,cell-005-fe528376b812,5,fe528376b812c2369c0d6181b213c3a564ddf594ec10b44a06fc156002285a01,2,0,0,8,4,8,2,4,16,adamw,0.01,0.0,400,512,0.0,8192,2.9721782207489014,0.48779296875,0.027704939246177673,0.056428901851177216,4.195681571960449,"[1.4509466886520386,1.7202558517456055,0.9379064440727234,2.135131597518921,1.562329649925232,2.7099945545196533,1.4498074054718018,1.263120174407959]","[1.4272475242614746,1.2044150829315186,1.7991271018981934,1.4352329969406128,1.2543838024139404,1.2480247020721436,1.6004486083984375,1.1589187383651733]",seeds/cell-005-fe528376b812/seed-2/checkpoint.pt,seeds/cell-005-fe528376b812/seed-2/snapshots/step-000000.pt
1,scaling-width-load-adamw-10seeds-v1,bffb1a6d15694071b753472a492474ca54484853136fedff195831ccd64433a0,cell-005-fe528376b812,5,fe528376b812c2369c0d6181b213c3a564ddf594ec10b44a06fc156002285a01,2,1,25,8,4,8,2,4,16,adamw,0.01,0.0,400,512,0.0,8192,0.7131267189979553,0.72900390625,0.2669905424118042,0.22780665755271912,4.015055179595947,"[1.8686316013336182,1.7078214883804321,1.2108699083328247,2.157179594039917,1.6581040620803833,2.828033685684204,1.6884735822677612,1.2165298461914062]","[1.6139461994171143,1.2454979419708252,2.1003153324127197,1.7888845205307007,1.5203465223312378,1.402292251586914,1.4826120138168335,1.1802817583084106]",seeds/cell-005-fe528376b812/seed-2/checkpoint.pt,seeds/cell-005-fe528376b812/seed-2/snapshots/step-000025.pt
1,scaling-width-load-adamw-10seeds-v1,bffb1a6d15694071b753472a492474ca54484853136fedff195831ccd64433a0,cell-005-fe528376b812,5,fe528376b812c2369c0d6181b213c3a564ddf594ec10b44a06fc156002285a01,2,2,50,8,4,8,2,4,16,adamw,0.01,0.0,400,512,0.0,8192,0.4845277667045593,0.8382568359375,0.4987298846244812,0.4573933780193329,3.858793020248413,"[1.8925410509109497,1.9203380346298218,1.2753839492797852,2.4573941230773926,1.782124400138855,2.9485740661621094,1.8921864032745361,1.2254263162612915]","[1.5873109102249146,1.2945579290390015,1.999120831489563,1.96566641330719,1.4798387289047241,1.3734742403030396,1.4938429594039917,1.1722054481506348]",seeds/cell-005-fe528376b812/seed-2/checkpoint.pt,seeds/cell-005-fe528376b812/seed-2/snapshots/step-000050.pt
1,scaling-width-load-adamw-10seeds-v1,bffb1a6d15694071b753472a492474ca54484853136fedff195831ccd64433a0,cell-005-fe528376b812,5,fe528376b812c2369c0d6181b213c3a564ddf594ec10b44a06fc156002285a01,2,3,100,8,4,8,2,4,16,adamw,0.01,0.0,400,512,0.0,8192,0.14804020524024963,0.9512939453125,0.8569217324256897,0.8524067997932434,3.7961270809173584,"[2.0445234775543213,2.829468011856079,1.6541322469711304,2.6375348567962646,1.904942274093628,2.99682354927063,1.9843475818634033,1.2658700942993164]","[1.5213593244552612,1.4812755584716797,1.801281452178955,1.9328703880310059,1.3511207103729248,1.3855780363082886,1.4080208539962769,1.1417373418807983]",seeds/cell-005-fe528376b812/seed-2/checkpoint.pt,seeds/cell-005-fe528376b812/seed-2/snapshots/step-000100.pt
1,scaling-width-load-adamw-10seeds-v1,bffb1a6d15694071b753472a492474ca54484853136fedff195831ccd64433a0,cell-005-fe528376b812,5,fe528376b812c2369c0d6181b213c3a564ddf594ec10b44a06fc156002285a01,2,4,200,8,4,8,2,4,16,adamw,0.01,0.0,400,512,0.0,8192,0.0028927307575941086,0.9998779296875,0.9986690282821655,0.9852880835533142,3.8857057094573975,"[2.0945146083831787,3.2281265258789062,2.4124670028686523,2.8430864810943604,2.0341458320617676,2.710418939590454,2.1796481609344482,1.2048405408859253]","[1.4493491649627686,1.4932966232299805,1.7601627111434937,1.8869599103927612,1.3107526302337646,1.2667269706726074,1.39744234085083,1.0717735290527344]",seeds/cell-005-fe528376b812/seed-2/checkpoint.pt,seeds/cell-005-fe528376b812/seed-2/snapshots/step-000200.pt
1,scaling-width-load-adamw-10seeds-v1,bffb1a6d15694071b753472a492474ca54484853136fedff195831ccd64433a0,cell-005-fe528376b812,5,fe528376b812c2369c0d6181b213c3a564ddf594ec10b44a06fc156002285a01,2,5,400,8,4,8,2,4,16,adamw,0.01,0.0,400,512,0.0,8192,0.0005744300433434546,1.0,0.9992123246192932,0.9861449599266052,3.903428792953491,"[2.1075167655944824,3.33266282081604,2.4501216411590576,2.939110040664673,2.0693488121032715,2.673197031021118,2.2307615280151367,1.1912838220596313]","[1.4246906042099,1.446891188621521,1.7386122941970825,1.8427324295043945,1.3318806886672974,1.2447179555892944,1.4102407693862915,1.029835820198059]",seeds/cell-005-fe528376b812/seed-2/checkpoint.pt,seeds/cell-005-fe528376b812/seed-2/snapshots/step-000400.pt
1,scaling-width-load-adamw-10seeds-v1,bffb1a6d15694071b753472a492474ca54484853136fedff195831ccd64433a0,cell-005-fe528376b812,5,fe528376b812c2369c0d6181b213c3a564ddf594ec10b44a06fc156002285a01,3,0,0,8,4,8,2,4,16,adamw,0.01,0.0,400,512,0.0,8192,2.0764474868774414,0.513427734375,0.08147406578063965,0.0785563588142395,4.120028018951416,"[0.9515968561172485,1.1676025390625,1.8746449947357178,1.8713783025741577,1.0917682647705078,1.9574155807495117,1.3511841297149658,0.8455488085746765]","[1.1282879114151,1.5672141313552856,1.3558547496795654,1.7225282192230225,1.5401958227157593,1.0597517490386963,1.1951055526733398,1.596412181854248]",seeds/cell-005-fe528376b812/seed-3/checkpoint.pt,seeds/cell-005-fe528376b812/seed-3/snapshots/step-000000.pt
1,scaling-width-load-adamw-10seeds-v1,bffb1a6d15694071b753472a492474ca54484853136fedff195831ccd64433a0,cell-005-fe528376b812,5,fe528376b812c2369c0d6181b213c3a564ddf594ec10b44a06fc156002285a01,3,1,25,8,4,8,2,4,16,adamw,0.01,0.0,400,512,0.0,8192,0.7679998874664307,0.6966552734375,0.254672646522522,0.2034340500831604,3.923335313796997,"[1.0076111555099487,1.3300939798355103,1.896775722503662,2.113839864730835,1.2851922512054443,2.0804450511932373,1.6236733198165894,0.7821491956710815]","[1.0880391597747803,1.743432641029358,1.550856590270996,1.9088186025619507,1.7341736555099487,1.1701799631118774,1.3270933628082275,1.8014394044876099]",seeds/cell-005-fe528376b812/seed-3/checkpoint.pt,seeds/cell-005-fe528376b812/seed-3/snapshots/step-000025.pt
1,scaling-width-load-adamw-10seeds-v1,bffb1a6d15694071b753472a492474ca54484853136fedff195831ccd64433a0,cell-005-fe528376b812,5,fe528376b812c2369c0d6181b213c3a564ddf594ec10b44a06fc156002285a01,3,2,50,8,4,8,2,4,16,adamw,0.01,0.0,400,512,0.0,8192,0.5643951296806335,0.79296875,0.43579745292663574,0.40799593925476074,3.5654146671295166,"[1.2414402961730957,1.3683876991271973,2.5340075492858887,2.4870097637176514,1.5076065063476562,2.1289618015289307,1.6312545537948608,0.8043189644813538]","[1.0912071466445923,1.7560205459594727,1.7486040592193604,1.9029178619384766,1.758580207824707,1.193320631980896,1.3338781595230103,1.838565707206726]",seeds/cell-005-fe528376b812/seed-3/checkpoint.pt,seeds/cell-005-fe528376b812/seed-3/snapshots/step-000050.pt
1,scaling-width-load-adamw-10seeds-v1,bffb1a6d15694071b753472a492474ca54484853136fedff195831ccd64433a0,cell-005-fe528376b812,5,fe528376b812c2369c0d6181b213c3a564ddf594ec10b44a06fc156002285a01,3,3,100,8,4,8,2,4,16,adamw,0.01,0.0,400,512,0.0,8192,0.04983909800648689,0.989013671875,0.9374295473098755,0.9518330693244934,2.9296629428863525,"[1.6043976545333862,2.176053047180176,4.3251848220825195,3.3855128288269043,2.353099822998047,1.902207612991333,1.6064815521240234,1.0681689977645874]","[0.9497541785240173,1.6375905275344849,2.341736078262329,2.0701680183410645,1.685685157775879,1.0954192876815796,1.4668207168579102,1.8332898616790771]",seeds/cell-005-fe528376b812/seed-3/checkpoint.pt,seeds/cell-005-fe528376b812/seed-3/snapshots/step-000100.pt
1,scaling-width-load-adamw-10seeds-v1,bffb1a6d15694071b753472a492474ca54484853136fedff195831ccd64433a0,cell-005-fe528376b812,5,fe528376b812c2369c0d6181b213c3a564ddf594ec10b44a06fc156002285a01,3,4,200,8,4,8,2,4,16,adamw,0.01,0.0,400,512,0.0,8192,0.003584646387025714,0.9996337890625,1.0002532005310059,1.0037357807159424,2.9238076210021973,"[1.644500494003296,2.25177264213562,4.94452428817749,3.281303882598877,2.5518290996551514,1.8703430891036987,1.536644458770752,1.1355266571044922]","[0.9205219149589539,1.5366876125335693,2.7318804264068604,1.9686723947525024,1.8926867246627808,0.995517373085022,1.3980882167816162,1.7852932214736938]",seeds/cell-005-fe528376b812/seed-3/checkpoint.pt,seeds/cell-005-fe528376b812/seed-3/snapshots/step-000200.pt
1,scaling-width-load-adamw-10seeds-v1,bffb1a6d15694071b753472a492474ca54484853136fedff195831ccd64433a0,cell-005-fe528376b812,5,fe528376b812c2369c0d6181b213c3a564ddf594ec10b44a06fc156002285a01,3,5,400,8,4,8,2,4,16,adamw,0.01,0.0,400,512,0.0,8192,0.0003533310955390334,1.0,1.0005353689193726,1.003967046737671,2.865720272064209,"[1.6895803213119507,2.328150510787964,5.066957950592041,3.3240418434143066,2.545189380645752,1.8820273876190186,1.5402553081512451,1.212382435798645]","[0.9205559492111206,1.5186442136764526,2.912402868270874,1.9077308177947998,1.9354552030563354,0.9733834266662598,1.3861472606658936,1.8448790311813354]",seeds/cell-005-fe528376b812/seed-3/checkpoint.pt,seeds/cell-005-fe528376b812/seed-3/snapshots/step-000400.pt
1,scaling-width-load-adamw-10seeds-v1,bffb1a6d15694071b753472a492474ca54484853136fedff195831ccd64433a0,cell-005-fe528376b812,5,fe528376b812c2369c0d6181b213c3a564ddf594ec10b44a06fc156002285a01,4,0,0,8,4,8,2,4,16,adamw,0.01,0.0,400,512,0.0,8192,1.487149715423584,0.497802734375,0.010918503627181053,-0.003477581311017275,3.8589980602264404,"[1.1310417652130127,1.0140488147735596,1.43213951587677,0.6035333871841431,1.4734244346618652,1.4290611743927002,1.7243928909301758,1.675736665725708]","[1.6773041486740112,1.7296119928359985,1.3047434091567993,2.1531476974487305,1.6795886754989624,1.4834442138671875,1.0099823474884033,1.074436902999878]",seeds/cell-005-fe528376b812/seed-4/checkpoint.pt,seeds/cell-005-fe528376b812/seed-4/snapshots/step-000000.pt
1,scaling-width-load-adamw-10seeds-v1,bffb1a6d15694071b753472a492474ca54484853136fedff195831ccd64433a0,cell-005-fe528376b812,5,fe528376b812c2369c0d6181b213c3a564ddf594ec10b44a06fc156002285a01,4,1,25,8,4,8,2,4,16,adamw,0.01,0.0,400,512,0.0,8192,0.6400433778762817,0.76123046875,0.32861602306365967,0.3193661570549011,3.1430468559265137,"[1.3075007200241089,0.9659366607666016,1.2467317581176758,0.5404506921768188,1.4847458600997925,1.5449622869491577,1.9481438398361206,1.6226475238800049]","[1.632532000541687,1.576213002204895,1.4439600706100464,2.1668505668640137,1.7601712942123413,1.8388926982879639,1.1773277521133423,1.233833909034729]",seeds/cell-005-fe528376b812/seed-4/checkpoint.pt,seeds/cell-005-fe528376b812/seed-4/snapshots/step-000025.pt
1,scaling-width-load-adamw-10seeds-v1,bffb1a6d15694071b753472a492474ca54484853136fedff195831ccd64433a0,cell-005-fe528376b812,5,fe528376b812c2369c0d6181b213c3a564ddf594ec10b44a06fc156002285a01,4,2,50,8,4,8,2,4,16,adamw,0.01,0.0,400,512,0.0,8192,0.40424832701683044,0.8575439453125,0.6190749406814575,0.6089485883712769,2.684277296066284,"[1.8129832744598389,0.8995495438575745,1.6192314624786377,0.7369969487190247,1.747635841369629,1.67901611328125,2.3249642848968506,1.8825129270553589]","[1.66796875,1.468101978302002,1.4602748155593872,1.950201392173767,1.7474498748779297,2.252934455871582,1.2422094345092773,1.3214912414550781]",seeds/cell-005-fe528376b812/seed-4/checkpoint.pt,seeds/cell-005-fe528376b812/seed-4/snapshots/step-000050.pt
1,scaling-width-load-adamw-10seeds-v1,bffb1a6d15694071b753472a492474ca54484853136fedff195831ccd64433a0,cell-005-fe528376b812,5,fe528376b812c2369c0d6181b213c3a564ddf594ec10b44a06fc156002285a01,4,3,100,8,4,8,2,4,16,adamw,0.01,0.0,400,512,0.0,8192,0.032365020364522934,0.9915771484375,0.9773808717727661,0.9757070541381836,2.8643760681152344,"[2.4425697326660156,0.819765567779541,2.0675511360168457,1.5612173080444336,2.381303310394287,2.3160150051116943,2.5396833419799805,2.0978167057037354]","[1.5535489320755005,1.2848860025405884,1.1634224653244019,1.817434549331665,1.657901644706726,2.713216781616211,1.0684336423873901,1.515636682510376]",seeds/cell-005-fe528376b812/seed-4/checkpoint.pt,seeds/cell-005-fe528376b812/seed-4/snapshots/step-000100.pt
1,scaling-width-load-adamw-10seeds-v1,bffb1a6d15694071b753472a492474ca54484853136fedff195831ccd64433a0,cell-005-fe528376b812,5,fe528376b812c2369c0d6181b213c3a564ddf594ec10b44a06fc156002285a01,4,4,200,8,4,8,2,4,16,adamw,0.01,0.0,400,512,0.0,8192,0.0003361967974342406,1.0,1.000711441040039,0.9815405607223511,2.974234104156494,"[2.6628174781799316,0.7884138226509094,2.169581413269043,1.740504264831543,2.532764434814453,2.378620147705078,2.5532288551330566,2.0936567783355713]","[1.561171054840088,1.2557250261306763,1.0387554168701172,1.8329684734344482,1.5919897556304932,2.8059234619140625,1.0860179662704468,1.4960671663284302]",seeds/cell-005-fe528376b812/seed-4/checkpoint.pt,seeds/cell-005-fe528376b812/seed-4/snapshots/step-000200.pt
1,scaling-width-load-adamw-10seeds-v1,bffb1a6d15694071b753472a492474ca54484853136fedff195831ccd64433a0,cell-005-fe528376b812,5,fe528376b812c2369c0d6181b213c3a564ddf594ec10b44a06fc156002285a01,4,5,400,8,4,8,2,4,16,adamw,0.01,0.0,400,512,0.0,8192,0.00010460779594723135,1.0,1.000306487083435,0.9822746515274048,2.9563958644866943,"[2.6841931343078613,0.7824602127075195,2.1526124477386475,1.743345022201538,2.5386791229248047,2.3891308307647705,2.5307798385620117,2.105290412902832]","[1.5547138452529907,1.254779577255249,1.0098544359207153,1.8099428415298462,1.5863714218139648,2.8122546672821045,1.0636777877807617,1.4960548877716064]",seeds/cell-005-fe528376b812/seed-4/checkpoint.pt,seeds/cell-005-fe528376b812/seed-4/snapshots/step-000400.pt
1,scaling-width-load-adamw-10seeds-v1,bffb1a6d15694071b753472a492474ca54484853136fedff195831ccd64433a0,cell-005-fe528376b812,5,fe528376b812c2369c0d6181b213c3a564ddf594ec10b44a06fc156002285a01,5,0,0,8,4,8,2,4,16,adamw,0.01,0.0,400,512,0.0,8192,1.2567102909088135,0.5250244140625,0.04304914548993111,0.033467285335063934,4.111196041107178,"[1.2505757808685303,1.0387994050979614,1.218022346496582,1.7253254652023315,1.6567081212997437,1.7057552337646484,0.6745315194129944,1.343529224395752]","[1.4105699062347412,0.8804117441177368,1.3577748537063599,1.2599397897720337,1.9037824869155884,1.1386114358901978,1.5499130487442017,1.743369221687317]",seeds/cell-005-fe528376b812/seed-5/checkpoint.pt,seeds/cell-005-fe528376b812/seed-5/snapshots/step-000000.pt
1,scaling-width-load-adamw-10seeds-v1,bffb1a6d15694071b753472a492474ca54484853136fedff195831ccd64433a0,cell-005-fe528376b812,5,fe528376b812c2369c0d6181b213c3a564ddf594ec10b44a06fc156002285a01,5,1,25,8,4,8,2,4,16,adamw,0.01,0.0,400,512,0.0,8192,0.5855302810668945,0.780029296875,0.3679986596107483,0.34761571884155273,3.4926462173461914,"[1.463840365409851,1.5424517393112183,1.4636588096618652,1.5686203241348267,1.7963892221450806,1.9341295957565308,1.0317106246948242,1.6555143594741821]","[1.4340636730194092,1.115198016166687,1.5317914485931396,1.1740142107009888,1.8391193151474,1.2652195692062378,1.9388827085494995,1.88600492477417]",seeds/cell-005-fe528376b812/seed-5/checkpoint.pt,seeds/cell-005-fe528376b812/seed-5/snapshots/step-000025.pt
1,scaling-width-load-adamw-10seeds-v1,bffb1a6d15694071b753472a492474ca54484853136fedff195831ccd64433a0,cell-005-fe528376b812,5,fe528376b812c2369c0d6181b213c3a564ddf594ec10b44a06fc156002285a01,5,2,50,8,4,8,2,4,16,adamw,0.01,0.0,400,512,0.0,8192,0.3190081715583801,0.8929443359375,0.6994909048080444,0.6926277875900269,2.927002429962158,"[1.9066133499145508,1.6548186540603638,2.066438913345337,1.452332854270935,1.7736034393310547,2.3677115440368652,1.3797544240951538,1.7823182344436646]","[1.408843994140625,1.0607991218566895,1.4524340629577637,1.1725554466247559,1.799879550933838,1.5066715478897095,1.9045977592468262,1.8210891485214233]",seeds/cell-005-fe528376b812/seed-5/checkpoint.pt,seeds/cell-005-fe528376b812/seed-5/snapshots/step-000050.pt
1,scaling-width-load-adamw-10seeds-v1,bffb1a6d15694071b753472a492474ca54484853136fedff195831ccd64433a0,cell-005-fe528376b812,5,fe528376b812c2369c0d6181b213c3a564ddf594ec10b44a06fc156002285a01,5,3,100,8,4,8,2,4,16,adamw,0.01,0.0,400,512,0.0,8192,0.02201664261519909,0.9974365234375,0.9828309416770935,0.9653969407081604,3.0341618061065674,"[2.4257256984710693,1.6140187978744507,2.4032788276672363,1.3722730875015259,1.6102687120437622,2.8979275226593018,1.3693393468856812,2.0804343223571777]","[1.3515269756317139,0.9026575088500977,1.529066801071167,1.166461706161499,1.5897046327590942,1.8664695024490356,2.0993216037750244,1.718016266822815]",seeds/cell-005-fe528376b812/seed-5/checkpoint.pt,seeds/cell-005-fe528376b812/seed-5/snapshots/step-000100.pt
1,scaling-width-load-adamw-10seeds-v1,bffb1a6d15694071b753472a492474ca54484853136fedff195831ccd64433a0,cell-005-fe528376b812,5,fe528376b812c2369c0d6181b213c3a564ddf594ec10b44a06fc156002285a01,5,4,200,8,4,8,2,4,16,adamw,0.01,0.0,400,512,0.0,8192,0.0013286673929542303,1.0,0.9982432126998901,0.9719837307929993,2.9713938236236572,"[2.6642227172851562,1.7555958032608032,2.618565559387207,1.3321973085403442,1.6063511371612549,3.084761142730713,1.4899665117263794,2.1948091983795166]","[1.297309398651123,0.8215111494064331,1.511486530303955,1.156355381011963,1.5161768198013306,1.9704320430755615,2.108861207962036,1.7471040487289429]",seeds/cell-005-fe528376b812/seed-5/checkpoint.pt,seeds/cell-005-fe528376b812/seed-5/snapshots/step-000200.pt
1,scaling-width-load-adamw-10seeds-v1,bffb1a6d15694071b753472a492474ca54484853136fedff195831ccd64433a0,cell-005-fe528376b812,5,fe528376b812c2369c0d6181b213c3a564ddf594ec10b44a06fc156002285a01,5,5,400,8,4,8,2,4,16,adamw,0.01,0.0,400,512,0.0,8192,0.00023188597697298974,1.0,0.9985724687576294,0.9710210561752319,2.9229137897491455,"[2.669558048248291,1.7473512887954712,2.6430153846740723,1.3033279180526733,1.6480063199996948,3.0748887062072754,1.4954159259796143,2.202122688293457]","[1.292159080505371,0.824181079864502,1.4888415336608887,1.148342251777649,1.5037771463394165,1.9958038330078125,2.0714504718780518,1.738442063331604]",seeds/cell-005-fe528376b812/seed-5/checkpoint.pt,seeds/cell-005-fe528376b812/seed-5/snapshots/step-000400.pt
1,scaling-width-load-adamw-10seeds-v1,bffb1a6d15694071b753472a492474ca54484853136fedff195831ccd64433a0,cell-005-fe528376b812,5,fe528376b812c2369c0d6181b213c3a564ddf594ec10b44a06fc156002285a01,6,0,0,8,4,8,2,4,16,adamw,0.01,0.0,400,512,0.0,8192,1.5349795818328857,0.550537109375,0.16696693003177643,0.11983703821897507,3.8177378177642822,"[1.5766932964324951,1.322231650352478,0.6384757161140442,1.4302042722702026,1.8458489179611206,1.3728629350662231,1.1072547435760498,0.85174560546875]","[1.826013207435608,1.1641122102737427,1.3752515316009521,1.702332854270935,2.1676251888275146,1.9592630863189697,1.3304411172866821,1.2933974266052246]",seeds/cell-005-fe528376b812/seed-6/checkpoint.pt,seeds/cell-005-fe528376b812/seed-6/snapshots/step-000000.pt
1,scaling-width-load-adamw-10seeds-v1,bffb1a6d15694071b753472a492474ca54484853136fedff195831ccd64433a0,cell-005-fe528376b812,5,fe528376b812c2369c0d6181b213c3a564ddf594ec10b44a06fc156002285a01,6,1,25,8,4,8,2,4,16,adamw,0.01,0.0,400,512,0.0,8192,0.5602917671203613,0.7933349609375,0.4254119396209717,0.4327050447463989,3.5269877910614014,"[1.6497749090194702,1.8160951137542725,0.858761727809906,1.9501842260360718,2.0437304973602295,1.414772629737854,1.2358546257019043,1.0300211906433105]","[1.8440139293670654,1.5500259399414062,1.4164410829544067,2.1585464477539062,2.1038129329681396,2.1823928356170654,1.4036273956298828,1.3432050943374634]",seeds/cell-005-fe528376b812/seed-6/checkpoint.pt,seeds/cell-005-fe528376b812/seed-6/snapshots/step-000025.pt
1,scaling-width-load-adamw-10seeds-v1,bffb1a6d15694071b753472a492474ca54484853136fedff195831ccd64433a0,cell-005-fe528376b812,5,fe528376b812c2369c0d6181b213c3a564ddf594ec10b44a06fc156002285a01,6,2,50,8,4,8,2,4,16,adamw,0.01,0.0,400,512,0.0,8192,0.2081642895936966,0.9337158203125,0.7762995958328247,0.7992411851882935,3.4553346633911133,"[1.6736035346984863,2.3399016857147217,1.8723219633102417,2.353520393371582,2.3249058723449707,1.6035268306732178,1.1517428159713745,1.2283424139022827]","[1.8301774263381958,1.7641831636428833,1.6002329587936401,2.310584545135498,2.049600839614868,2.0040323734283447,1.3741432428359985,1.332168698310852]",seeds/cell-005-fe528376b812/seed-6/checkpoint.pt,seeds/cell-005-fe528376b812/seed-6/snapshots/step-000050.pt
1,scaling-width-load-adamw-10seeds-v1,bffb1a6d15694071b753472a492474ca54484853136fedff195831ccd64433a0,cell-005-fe528376b812,5,fe528376b812c2369c0d6181b213c3a564ddf594ec10b44a06fc156002285a01,6,3,100,8,4,8,2,4,16,adamw,0.01,0.0,400,512,0.0,8192,0.004203710239380598,0.9996337890625,0.9929170608520508,0.9918422698974609,3.366666793823242,"[1.7477694749832153,2.9491264820098877,2.700401782989502,2.7254390716552734,2.083009958267212,1.6718323230743408,1.2654560804367065,1.2462835311889648]","[1.7329589128494263,1.7658993005752563,1.601345181465149,2.7273526191711426,2.117584228515625,1.8352503776550293,1.3777772188186646,1.366554856300354]",seeds/cell-005-fe528376b812/seed-6/checkpoint.pt,seeds/cell-005-fe528376b812/seed-6/snapshots/step-000100.pt
1,scaling-width-load-adamw-10seeds-v1,bffb1a6d15694071b753472a492474ca54484853136fedff195831ccd64433a0,cell-005-fe528376b812,5,fe528376b812c2369c0d6181b213c3a564ddf594ec10b44a06fc156002285a01,6,4,200,8,4,8,2,4,16,adamw,0.01,0.0,400,512,0.0,8192,0.0007124643307179213,1.0,0.9986737966537476,1.001206874847412,3.2495148181915283,"[1.93426513671875,3.081444501876831,2.798734188079834,2.9272091388702393,1.9276213645935059,1.6895281076431274,1.3125793933868408,1.2763876914978027]","[1.715264916419983,1.6162198781967163,1.8371018171310425,2.7711379528045654,2.082172155380249,1.7886583805084229,1.327252984046936,1.3462364673614502]",seeds/cell-005-fe528376b812/seed-6/checkpoint.pt,seeds/cell-005-fe528376b812/seed-6/snapshots/step-000200.pt
1,scaling-width-load-adamw-10seeds-v1,bffb1a6d15694071b753472a492474ca54484853136fedff195831ccd64433a0,cell-005-fe528376b812,5,fe528376b812c2369c0d6181b213c3a564ddf594ec10b44a06fc156002285a01,6,5,400,8,4,8,2,4,16,adamw,0.01,0.0,400,512,0.0,8192,0.00016107468400150537,1.0,0.9982225298881531,0.9968092441558838,3.2229700088500977,"[1.924172282218933,3.070086717605591,2.7770676612854004,2.943438768386841,1.8968783617019653,1.6819993257522583,1.332661509513855,1.270106554031372]","[1.6633501052856445,1.6118922233581543,1.8434040546417236,2.771401882171631,1.980125069618225,1.7930965423583984,1.311102271080017,1.3484177589416504]",seeds/cell-005-fe528376b812/seed-6/checkpoint.pt,seeds/cell-005-fe528376b812/seed-6/snapshots/step-000400.pt
1,scaling-width-load-adamw-10seeds-v1,bffb1a6d15694071b753472a492474ca54484853136fedff195831ccd64433a0,cell-005-fe528376b812,5,fe528376b812c2369c0d6181b213c3a564ddf594ec10b44a06fc156002285a01,7,0,0,8,4,8,2,4,16,adamw,0.01,0.0,400,512,0.0,8192,2.129753351211548,0.4942626953125,-0.04676345735788345,-0.12043964862823486,3.3848328590393066,"[1.4854276180267334,1.3664602041244507,1.1462535858154297,1.211802363395691,1.2637368440628052,1.1008409261703491,1.3172694444656372,1.7357332706451416]","[1.3679765462875366,1.1980839967727661,1.3676209449768066,0.9964849948883057,1.202711582183838,1.5466737747192383,1.5157244205474854,1.215304970741272]",seeds/cell-005-fe528376b812/seed-7/checkpoint.pt,seeds/cell-005-fe528376b812/seed-7/snapshots/step-000000.pt
1,scaling-width-load-adamw-10seeds-v1,bffb1a6d15694071b753472a492474ca54484853136fedff195831ccd64433a0,cell-005-fe528376b812,5,fe528376b812c2369c0d6181b213c3a564ddf594ec10b44a06fc156002285a01,7,1,25,8,4,8,2,4,16,adamw,0.01,0.0,400,512,0.0,8192,0.742039680480957,0.7047119140625,0.24852412939071655,0.1900140941143036,3.2257697582244873,"[1.5271317958831787,1.228497862815857,1.1714541912078857,1.2770004272460938,1.3333039283752441,1.3306477069854736,1.5893782377243042,2.042954921722412]","[1.4411840438842773,1.1372629404067993,1.4619101285934448,1.0473078489303589,1.3981969356536865,1.488926649093628,1.5423048734664917,1.3478838205337524]",seeds/cell-005-fe528376b812/seed-7/checkpoint.pt,seeds/cell-005-fe528376b812/seed-7/snapshots/step-000025.pt
1,scaling-width-load-adamw-10seeds-v1,bffb1a6d15694071b753472a492474ca54484853136fedff195831ccd64433a0,cell-005-fe528376b812,5,fe528376b812c2369c0d6181b213c3a564ddf594ec10b44a06fc156002285a01,7,2,50,8,4,8,2,4,16,adamw,0.01,0.0,400,512,0.0,8192,0.40825092792510986,0.859130859375,0.5607861280441284,0.5344918370246887,3.2249982357025146,"[2.015868902206421,1.8599295616149902,1.3895705938339233,1.5481871366500854,1.4492632150650024,1.3728113174438477,1.512344241142273,2.1711630821228027]","[1.532822847366333,1.289742350578308,1.4785648584365845,1.1378726959228516,1.3936817646026611,1.468966007232666,1.485406756401062,1.343849539756775]",seeds/cell-005-fe528376b812/seed-7/checkpoint.pt,seeds/cell-005-fe528376b812/seed-7/snapshots/step-000050.pt
1,scaling-width-load-adamw-10seeds-v1,bffb1a6d15694071b753472a492474ca54484853136fedff195831ccd64433a0,cell-005-fe528376b812,5,fe528376b812c2369c0d6181b213c3a564ddf594ec10b44a06fc156002285a01,7,3,100,8,4,8,2,4,16,adamw,0.01,0.0,400,512,0.0,8192,0.004204764496535063,1.0,0.9994605779647827,0.986384391784668,3.0729873180389404,"[2.8480160236358643,2.536688804626465,1.772849678993225,2.281766176223755,1.5566340684890747,1.339780569076538,1.3995096683502197,2.467198133468628]","[1.7402859926223755,1.247579574584961,1.3529547452926636,1.2262394428253174,1.3561666011810303,1.466582179069519,1.3730266094207764,1.3878053426742554]",seeds/cell-005-fe528376b812/seed-7/checkpoint.pt,seeds/cell-005-fe528376b812/seed-7/snapshots/step-000100.pt
1,scaling-width-load-adamw-10seeds-v1,bffb1a6d15694071b753472a492474ca54484853136fedff195831ccd64433a0,cell-005-fe528376b812,5,fe528376b812c2369c0d6181b213c3a564ddf594ec10b44a06fc156002285a01,7,4,200,8,4,8,2,4,16,adamw,0.01,0.0,400,512,0.0,8192,0.0005871743196621537,1.0,1.0007156133651733,0.9846352338790894,3.070554256439209,"[2.958789587020874,2.644680976867676,1.7916821241378784,2.38460636138916,1.5791305303573608,1.3150290250778198,1.3920872211456299,2.478928327560425]","[1.7830642461776733,1.3156629800796509,1.2915856838226318,1.2298831939697266,1.3739057779312134,1.4127182960510254,1.3304154872894287,1.3743575811386108]",seeds/cell-005-fe528376b812/seed-7/checkpoint.pt,seeds/cell-005-fe528376b812/seed-7/snapshots/step-000200.pt
1,scaling-width-load-adamw-10seeds-v1,bffb1a6d15694071b753472a492474ca54484853136fedff195831ccd64433a0,cell-005-fe528376b812,5,fe528376b812c2369c0d6181b213c3a564ddf594ec10b44a06fc156002285a01,7,5,400,8,4,8,2,4,16,adamw,0.01,0.0,400,512,0.0,8192,0.00018674295279197395,1.0,0.9991997480392456,0.9813331365585327,3.042567014694214,"[2.980069637298584,2.652301549911499,1.7864272594451904,2.3850886821746826,1.5903384685516357,1.295335292816162,1.3974227905273438,2.472252130508423]","[1.7951785326004028,1.3201824426651,1.2491650581359863,1.2225652933120728,1.37666654586792,1.3881994485855103,1.3105366230010986,1.3646824359893799]",seeds/cell-005-fe528376b812/seed-7/checkpoint.pt,seeds/cell-005-fe528376b812/seed-7/snapshots/step-000400.pt
1,scaling-width-load-adamw-10seeds-v1,bffb1a6d15694071b753472a492474ca54484853136fedff195831ccd64433a0,cell-005-fe528376b812,5,fe528376b812c2369c0d6181b213c3a564ddf594ec10b44a06fc156002285a01,8,0,0,8,4,8,2,4,16,adamw,0.01,0.0,400,512,0.0,8192,1.3213566541671753,0.4808349609375,-0.057679928839206696,-0.04615209251642227,3.679807662963867,"[1.6235589981079102,1.9527688026428223,1.4107699394226074,1.02610182762146,0.9645844101905823,1.5910719633102417,1.0061761140823364,1.1316968202590942]","[1.099367618560791,2.0572283267974854,0.980893611907959,2.0543835163116455,1.5645233392715454,1.8816169500350952,0.7643855214118958,1.2955198287963867]",seeds/cell-005-fe528376b812/seed-8/checkpoint.pt,seeds/cell-005-fe528376b812/seed-8/snapshots/step-000000.pt
1,scaling-width-load-adamw-10seeds-v1,bffb1a6d15694071b753472a492474ca54484853136fedff195831ccd64433a0,cell-005-fe528376b812,5,fe528376b812c2369c0d6181b213c3a564ddf594ec10b44a06fc156002285a01,8,1,25,8,4,8,2,4,16,adamw,0.01,0.0,400,512,0.0,8192,0.6229071021080017,0.7852783203125,0.3248986601829529,0.28724727034568787,3.812011957168579,"[1.7192716598510742,1.7806469202041626,1.647281527519226,1.295842170715332,0.8632420897483826,1.6021528244018555,0.9330066442489624,1.3858784437179565]","[1.2330068349838257,2.063687801361084,0.9762686491012573,2.0312108993530273,1.5178459882736206,2.1150829792022705,0.8168105483055115,1.4403594732284546]",seeds/cell-005-fe528376b812/seed-8/checkpoint.pt,seeds/cell-005-fe528376b812/seed-8/snapshots/step-000025.pt
1,scaling-width-load-adamw-10seeds-v1,bffb1a6d15694071b753472a492474ca54484853136fedff195831ccd64433a0,cell-005-fe528376b812,5,fe528376b812c2369c0d6181b213c3a564ddf594ec10b44a06fc156002285a01,8,2,50,8,4,8,2,4,16,adamw,0.01,0.0,400,512,0.0,8192,0.2034795880317688,0.9366455078125,0.8325912952423096,0.8059549927711487,3.8472349643707275,"[1.7666692733764648,1.769917607307434,1.8833155632019043,1.661738634109497,1.012152910232544,1.8909742832183838,1.064324140548706,2.1254684925079346]","[1.4397929906845093,1.8386207818984985,1.1715588569641113,1.9451688528060913,1.5589799880981445,2.149221420288086,0.8519707918167114,1.4764405488967896]",seeds/cell-005-fe528376b812/seed-8/checkpoint.pt,seeds/cell-005-fe528376b812/seed-8/snapshots/step-000050.pt
1,scaling-width-load-adamw-10seeds-v1,bffb1a6d15694071b753472a492474ca54484853136fedff195831ccd64433a0,cell-005-fe528376b812,5,fe528376b812c2369c0d6181b213c3a564ddf594ec10b44a06fc156002285a01,8,3,100,8,4,8,2,4,16,adamw,0.01,0.0,400,512,0.0,8192,0.0021831593476235867,0.999755859375,0.9944528341293335,0.9803321957588196,3.5661959648132324,"[1.8688366413116455,1.9521468877792358,2.094809055328369,1.9385384321212769,1.3077359199523926,1.982496738433838,1.227272868156433,2.3081319332122803]","[1.3730134963989258,1.7522869110107422,1.1092092990875244,1.9834227561950684,1.7534294128417969,2.1454195976257324,0.7628185153007507,1.3426951169967651]",seeds/cell-005-fe528376b812/seed-8/checkpoint.pt,seeds/cell-005-fe528376b812/seed-8/snapshots/step-000100.pt
1,scaling-width-load-adamw-10seeds-v1,bffb1a6d15694071b753472a492474ca54484853136fedff195831ccd64433a0,cell-005-fe528376b812,5,fe528376b812c2369c0d6181b213c3a564ddf594ec10b44a06fc156002285a01,8,4,200,8,4,8,2,4,16,adamw,0.01,0.0,400,512,0.0,8192,0.0003382969880476594,1.0,1.0011069774627686,0.9865331649780273,3.5768258571624756,"[1.8957772254943848,2.0352582931518555,2.2730917930603027,1.9349268674850464,1.324480652809143,2.0536584854125977,1.198466181755066,2.25958514213562]","[1.3114562034606934,1.8356057405471802,1.1046022176742554,1.969656229019165,1.7932792901992798,2.179142475128174,0.7270937561988831,1.287611484527588]",seeds/cell-005-fe528376b812/seed-8/checkpoint.pt,seeds/cell-005-fe528376b812/seed-8/snapshots/step-000200.pt
1,scaling-width-load-adamw-10seeds-v1,bffb1a6d15694071b753472a492474ca54484853136fedff195831ccd64433a0,cell-005-fe528376b812,5,fe528376b812c2369c0d6181b213c3a564ddf594ec10b44a06fc156002285a01,8,5,400,8,4,8,2,4,16,adamw,0.01,0.0,400,512,0.0,8192,0.00010175880743190646,1.0,0.9998664855957031,0.9827789664268494,3.557537317276001,"[1.8810702562332153,2.0478246212005615,2.2685813903808594,1.9304571151733398,1.3372440338134766,2.0636398792266846,1.1822168827056885,2.2763779163360596]","[1.2899068593978882,1.8199273347854614,1.0999197959899902,1.9658409357070923,1.802078127861023,2.1800639629364014,0.7150164246559143,1.264831304550171]",seeds/cell-005-fe528376b812/seed-8/checkpoint.pt,seeds/cell-005-fe528376b812/seed-8/snapshots/step-000400.pt
1,scaling-width-load-adamw-10seeds-v1,bffb1a6d15694071b753472a492474ca54484853136fedff195831ccd64433a0,cell-005-fe528376b812,5,fe528376b812c2369c0d6181b213c3a564ddf594ec10b44a06fc156002285a01,9,0,0,8,4,8,2,4,16,adamw,0.01,0.0,400,512,0.0,8192,1.493896245956421,0.4483642578125,-0.08614956587553024,-0.051871780306100845,4.17215633392334,"[1.1317113637924194,1.843375325202942,1.4206769466400146,1.0515161752700806,1.6718889474868774,1.6019237041473389,0.7300750613212585,1.0796546936035156]","[1.0546743869781494,1.513481616973877,0.775062084197998,1.7518857717514038,1.3842408657073975,1.872563123703003,1.1856756210327148,1.1157186031341553]",seeds/cell-005-fe528376b812/seed-9/checkpoint.pt,seeds/cell-005-fe528376b812/seed-9/snapshots/step-000000.pt
1,scaling-width-load-adamw-10seeds-v1,bffb1a6d15694071b753472a492474ca54484853136fedff195831ccd64433a0,cell-005-fe528376b812,5,fe528376b812c2369c0d6181b213c3a564ddf594ec10b44a06fc156002285a01,9,1,25,8,4,8,2,4,16,adamw,0.01,0.0,400,512,0.0,8192,0.6974849700927734,0.7247314453125,0.299065500497818,0.2989034056663513,3.947315216064453,"[1.3053719997406006,1.6034077405929565,1.5884801149368286,1.136504054069519,1.6704292297363281,1.672391414642334,0.9820066094398499,1.251986026763916]","[1.192530870437622,1.2904189825057983,0.7671520709991455,2.079155206680298,1.2817093133926392,2.134042263031006,1.1636253595352173,1.1592817306518555]",seeds/cell-005-fe528376b812/seed-9/checkpoint.pt,seeds/cell-005-fe528376b812/seed-9/snapshots/step-000025.pt
1,scaling-width-load-adamw-10seeds-v1,bffb1a6d15694071b753472a492474ca54484853136fedff195831ccd64433a0,cell-005-fe528376b812,5,fe528376b812c2369c0d6181b213c3a564ddf594ec10b44a06fc156002285a01,9,2,50,8,4,8,2,4,16,adamw,0.01,0.0,400,512,0.0,8192,0.5044952630996704,0.8177490234375,0.46550875902175903,0.47887009382247925,3.427870988845825,"[1.6034832000732422,1.8922847509384155,1.7532906532287598,1.5375640392303467,1.6541962623596191,1.6741803884506226,1.2534961700439453,1.5345791578292847]","[1.2162967920303345,1.3871091604232788,0.8415954113006592,2.232360363006592,1.30922532081604,2.12528920173645,1.1209176778793335,1.2341911792755127]",seeds/cell-005-fe528376b812/seed-9/checkpoint.pt,seeds/cell-005-fe528376b812/seed-9/snapshots/step-000050.pt
1,scaling-width-load-adamw-10seeds-v1,bffb1a6d15694071b753472a492474ca54484853136fedff195831ccd64433a0,cell-005-fe528376b812,5,fe528376b812c2369c0d6181b213c3a564ddf594ec10b44a06fc156002285a01,9,3,100,8,4,8,2,4,16,adamw,0.01,0.0,400,512,0.0,8192,0.009585896506905556,0.99951171875,0.9761852622032166,0.976140022277832,2.895009756088257,"[2.152872085571289,2.1803510189056396,1.7769711017608643,2.7599782943725586,1.7438526153564453,1.7358269691467285,0.9435794353485107,2.125331163406372]","[1.1878745555877686,1.405717134475708,0.857151985168457,2.945350170135498,1.3802452087402344,1.9514204263687134,0.9650255441665649,1.3036911487579346]",seeds/cell-005-fe528376b812/seed-9/checkpoint.pt,seeds/cell-005-fe528376b812/seed-9/snapshots/step-000100.pt
1,scaling-width-load-adamw-10seeds-v1,bffb1a6d15694071b753472a492474ca54484853136fedff195831ccd64433a0,cell-005-fe528376b812,5,fe528376b812c2369c0d6181b213c3a564ddf594ec10b44a06fc156002285a01,9,4,200,8,4,8,2,4,16,adamw,0.01,0.0,400,512,0.0,8192,0.0004463506629690528,1.0,1.001460313796997,0.9913067817687988,2.868311882019043,"[2.166804313659668,2.260150671005249,1.7820723056793213,2.8517308235168457,1.62680983543396,1.7535701990127563,0.9393054842948914,2.1777899265289307]","[1.153213381767273,1.3742821216583252,0.8172775506973267,3.0469141006469727,1.3163776397705078,1.9498841762542725,0.9511343240737915,1.2375173568725586]",seeds/cell-005-fe528376b812/seed-9/checkpoint.pt,seeds/cell-005-fe528376b812/seed-9/snapshots/step-000200.pt
1,scaling-width-load-adamw-10seeds-v1,bffb1a6d15694071b753472a492474ca54484853136fedff195831ccd64433a0,cell-005-fe528376b812,5,fe528376b812c2369c0d6181b213c3a564ddf594ec10b44a06fc156002285a01,9,5,400,8,4,8,2,4,16,adamw,0.01,0.0,400,512,0.0,8192,0.00014970521442592144,1.0,1.0014972686767578,0.9920741319656372,2.8550026416778564,"[2.1467108726501465,2.266070604324341,1.7715096473693848,2.885335922241211,1.6038235425949097,1.7502129077911377,0.9512264728546143,2.153761148452759]","[1.108304500579834,1.36235773563385,0.8070131540298462,3.0558853149414062,1.2990355491638184,1.9395198822021484,0.9591121077537537,1.2043817043304443]",seeds/cell-005-fe528376b812/seed-9/checkpoint.pt,seeds/cell-005-fe528376b812/seed-9/snapshots/step-000400.pt
1,scaling-width-load-adamw-10seeds-v1,bffb1a6d15694071b753472a492474ca54484853136fedff195831ccd64433a0,cell-006-64b981333717,6,64b981333717722222bbc0d14ebef2ef871404d24913be636249d8d85044bedf,0,0,0,32,4,8,2,1,16,adamw,0.01,0.0,400,512,0.0,8192,1.1546519994735718,0.5718994140625,0.12113602459430695,0.1078314483165741,6.338072776794434,"[3.110140800476074,2.8845436573028564]","[2.6110267639160156,2.915593147277832]",seeds/cell-006-64b981333717/seed-0/checkpoint.pt,seeds/cell-006-64b981333717/seed-0/snapshots/step-000000.pt
1,scaling-width-load-adamw-10seeds-v1,bffb1a6d15694071b753472a492474ca54484853136fedff195831ccd64433a0,cell-006-64b981333717,6,64b981333717722222bbc0d14ebef2ef871404d24913be636249d8d85044bedf,0,1,25,32,4,8,2,1,16,adamw,0.01,0.0,400,512,0.0,8192,0.6512659788131714,0.7470703125,0.3711214065551758,0.36120283603668213,5.323662757873535,"[3.3542375564575195,2.897749185562134]","[2.9625182151794434,3.1419553756713867]",seeds/cell-006-64b981333717/seed-0/checkpoint.pt,seeds/cell-006-64b981333717/seed-0/snapshots/step-000025.pt
1,scaling-width-load-adamw-10seeds-v1,bffb1a6d15694071b753472a492474ca54484853136fedff195831ccd64433a0,cell-006-64b981333717,6,64b981333717722222bbc0d14ebef2ef871404d24913be636249d8d85044bedf,0,2,50,32,4,8,2,1,16,adamw,0.01,0.0,400,512,0.0,8192,0.1377989947795868,0.959228515625,0.9080687165260315,0.9175913333892822,4.583427429199219,"[4.823822975158691,3.97605037689209]","[3.47639799118042,2.842275619506836]",seeds/cell-006-64b981333717/seed-0/checkpoint.pt,seeds/cell-006-64b981333717/seed-0/snapshots/step-000050.pt
1,scaling-width-load-adamw-10seeds-v1,bffb1a6d15694071b753472a492474ca54484853136fedff195831ccd64433a0,cell-006-64b981333717,6,64b981333717722222bbc0d14ebef2ef871404d24913be636249d8d85044bedf,0,3,100,32,4,8,2,1,16,adamw,0.01,0.0,400,512,0.0,8192,0.003205766435712576,0.99951171875,0.9985341429710388,1.0058974027633667,4.640131950378418,"[5.725955009460449,4.266584873199463]","[3.737539768218994,2.6663777828216553]",seeds/cell-006-64b981333717/seed-0/checkpoint.pt,seeds/cell-006-64b981333717/seed-0/snapshots/step-000100.pt
1,scaling-width-load-adamw-10seeds-v1,bffb1a6d15694071b753472a492474ca54484853136fedff195831ccd64433a0,cell-006-64b981333717,6,64b981333717722222bbc0d14ebef2ef871404d24913be636249d8d85044bedf,0,4,200,32,4,8,2,1,16,adamw,0.01,0.0,400,512,0.0,8192,0.00019033461285289377,1.0,1.0000642538070679,1.007080316543579,4.638432025909424,"[5.908088684082031,4.2744035720825195]","[3.7227234840393066,2.6393020153045654]",seeds/cell-006-64b981333717/seed-0/checkpoint.pt,seeds/cell-006-64b981333717/seed-0/snapshots/step-000200.pt
1,scaling-width-load-adamw-10seeds-v1,bffb1a6d15694071b753472a492474ca54484853136fedff195831ccd64433a0,cell-006-64b981333717,6,64b981333717722222bbc0d14ebef2ef871404d24913be636249d8d85044bedf,0,5,400,32,4,8,2,1,16,adamw,0.01,0.0,400,512,0.0,8192,0.00016032502753660083,1.0,0.9994926452636719,1.0084805488586426,4.714885711669922,"[6.0961785316467285,4.288145542144775]","[3.723634719848633,2.613748788833618]",seeds/cell-006-64b981333717/seed-0/checkpoint.pt,seeds/cell-006-64b981333717/seed-0/snapshots/step-000400.pt
1,scaling-width-load-adamw-10seeds-v1,bffb1a6d15694071b753472a492474ca54484853136fedff195831ccd64433a0,cell-006-64b981333717,6,64b981333717722222bbc0d14ebef2ef871404d24913be636249d8d85044bedf,1,0,0,32,4,8,2,1,16,adamw,0.01,0.0,400,512,0.0,8192,2.117457866668701,0.5020751953125,0.01377760898321867,0.012032058089971542,6.356571674346924,"[3.139782428741455,3.109893798828125]","[2.4785330295562744,2.4728314876556396]",seeds/cell-006-64b981333717/seed-1/checkpoint.pt,seeds/cell-006-64b981333717/seed-1/snapshots/step-000000.pt
1,scaling-width-load-adamw-10seeds-v1,bffb1a6d15694071b753472a492474ca54484853136fedff195831ccd64433a0,cell-006-64b981333717,6,64b981333717722222bbc0d14ebef2ef871404d24913be636249d8d85044bedf,1,1,25,32,4,8,2,1,16,adamw,0.01,0.0,400,512,0.0,8192,0.7574549913406372,0.700927734375,0.2525278925895691,0.2592320442199707,6.119957447052002,"[3.504598617553711,3.0334954261779785]","[2.657949924468994,3.080246925354004]",seeds/cell-006-64b981333717/seed-1/checkpoint.pt,seeds/cell-006-64b981333717/seed-1/snapshots/step-000025.pt
1,scaling-width-load-adamw-10seeds-v1,bffb1a6d15694071b753472a492474ca54484853136fedff195831ccd64433a0,cell-006-64b981333717,6,64b981333717722222bbc0d14ebef2ef871404d24913be636249d8d85044bedf,1,2,50,32,4,8,2,1,16,adamw,0.01,0.0,400,512,0.0,8192,0.5224255919456482,0.8148193359375,0.5014773607254028,0.5029171705245972,5.464870929718018,"[4.211823463439941,3.9118785858154297]","[2.6362507343292236,3.655646324157715]",seeds/cell-006-64b981333717/seed-1/checkpoint.pt,seeds/cell-006-64b981333717/seed-1/snapshots/step-000050.pt
1,scaling-width-load-adamw-10seeds-v1,bffb1a6d15694071b753472a492474ca54484853136fedff195831ccd64433a0,cell-006-64b981333717,6,64b981333717722222bbc0d14ebef2ef871404d24913be636249d8d85044bedf,1,3,100,32,4,8,2,1,16,adamw,0.01,0.0,400,512,0.0,8192,0.07643306255340576,0.9786376953125,0.9288249015808105,0.9380297660827637,4.2729105949401855,"[4.736254692077637,6.163784503936768]","[2.2789433002471924,4.394595146179199]",seeds/cell-006-64b981333717/seed-1/checkpoint.pt,seeds/cell-006-64b981333717/seed-1/snapshots/step-000100.pt
1,scaling-width-load-adamw-10seeds-v1,bffb1a6d15694071b753472a492474ca54484853136fedff195831ccd64433a0,cell-006-64b981333717,6,64b981333717722222bbc0d14ebef2ef871404d24913be636249d8d85044bedf,1,4,200,32,4,8,2,1,16,adamw,0.01,0.0,400,512,0.0,8192,0.0026540206745266914,0.999755859375,1.004621982574463,1.0050714015960693,3.963966131210327,"[4.393200397491455,7.498163223266602]","[2.090947389602661,6.066991806030273]",seeds/cell-006-64b981333717/seed-1/checkpoint.pt,seeds/cell-006-64b981333717/seed-1/snapshots/step-000200.pt
1,scaling-width-load-adamw-10seeds-v1,bffb1a6d15694071b753472a492474ca54484853136fedff195831ccd64433a0,cell-006-64b981333717,6,64b981333717722222bbc0d14ebef2ef871404d24913be636249d8d85044bedf,1,5,400,32,4,8,2,1,16,adamw,0.01,0.0,400,512,0.0,8192,0.0007487908005714417,1.0,0.9995355606079102,1.0021849870681763,3.897428274154663,"[4.053134918212891,8.102134704589844]","[2.058354616165161,6.571885585784912]",seeds/cell-006-64b981333717/seed-1/checkpoint.pt,seeds/cell-006-64b981333717/seed-1/snapshots/step-000400.pt
1,scaling-width-load-adamw-10seeds-v1,bffb1a6d15694071b753472a492474ca54484853136fedff195831ccd64433a0,cell-006-64b981333717,6,64b981333717722222bbc0d14ebef2ef871404d24913be636249d8d85044bedf,2,0,0,32,4,8,2,1,16,adamw,0.01,0.0,400,512,0.0,8192,5.198662757873535,0.4921875,-0.027715422213077545,0.004732195287942886,6.8294243812561035,"[1.9734803438186646,2.791139841079712]","[3.377531051635742,2.915733814239502]",seeds/cell-006-64b981333717/seed-2/checkpoint.pt,seeds/cell-006-64b981333717/seed-2/snapshots/step-000000.pt
1,scaling-width-load-adamw-10seeds-v1,bffb1a6d15694071b753472a492474ca54484853136fedff195831ccd64433a0,cell-006-64b981333717,6,64b981333717722222bbc0d14ebef2ef871404d24913be636249d8d85044bedf,2,1,25,32,4,8,2,1,16,adamw,0.01,0.0,400,512,0.0,8192,0.9378345012664795,0.5931396484375,0.055029965937137604,0.046093255281448364,6.634768486022949,"[2.91941237449646,3.1668827533721924]","[3.773212194442749,3.5639779567718506]",seeds/cell-006-64b981333717/seed-2/checkpoint.pt,seeds/cell-006-64b981333717/seed-2/snapshots/step-000025.pt
1,scaling-width-load-adamw-10seeds-v1,bffb1a6d15694071b753472a492474ca54484853136fedff195831ccd64433a0,cell-006-64b981333717,6,64b981333717722222bbc0d14ebef2ef871404d24913be636249d8d85044bedf,2,2,50,32,4,8,2,1,16,adamw,0.01,0.0,400,512,0.0,8192,0.8657690286636353,0.647705078125,0.135455921292305,0.1170874685049057,6.504751205444336,"[2.8721442222595215,3.1720874309539795]","[3.8418996334075928,3.6277923583984375]",seeds/cell-006-64b981333717/seed-2/checkpoint.pt,seeds/cell-006-64b981333717/seed-2/snapshots/step-000050.pt
1,scaling-width-load-adamw-10seeds-v1,bffb1a6d15694071b753472a492474ca54484853136fedff195831ccd64433a0,cell-006-64b981333717,6,64b981333717722222bbc0d14ebef2ef871404d24913be636249d8d85044bedf,2,3,100,32,4,8,2,1,16,adamw,0.01,0.0,400,512,0.0,8192,0.6466094255447388,0.749267578125,0.35307398438453674,0.331683874130249,5.639047145843506,"[3.020979404449463,3.021688938140869]","[3.7663745880126953,3.6583988666534424]",seeds/cell-006-64b981333717/seed-2/checkpoint.pt,seeds/cell-006-64b981333717/seed-2/snapshots/step-000100.pt
1,scaling-width-load-adamw-10seeds-v1,bffb1a6d15694071b753472a492474ca54484853136fedff195831ccd64433a0,cell-006-64b981333717,6,64b981333717722222bbc0d14ebef2ef871404d24913be636249d8d85044bedf,2,4,200,32,4,8,2,1,16,adamw,0.01,0.0,400,512,0.0,8192,0.01887369342148304,0.9942626953125,0.9772842526435852,0.9792561531066895,4.166537761688232,"[6.320703506469727,3.801938056945801]","[3.653604507446289,3.817323923110962]",seeds/cell-006-64b981333717/seed-2/checkpoint.pt,seeds/cell-006-64b981333717/seed-2/snapshots/step-000200.pt
1,scaling-width-load-adamw-10seeds-v1,bffb1a6d15694071b753472a492474ca54484853136fedff195831ccd64433a0,cell-006-64b981333717,6,64b981333717722222bbc0d14ebef2ef871404d24913be636249d8d85044bedf,2,5,400,32,4,8,2,1,16,adamw,0.01,0.0,400,512,0.0,8192,0.004609891679137945,0.99853515625,0.9971449971199036,1.001440405845642,4.221139907836914,"[7.087085247039795,3.90205717086792]","[3.5959715843200684,3.93107271194458]",seeds/cell-006-64b981333717/seed-2/checkpoint.pt,seeds/cell-006-64b981333717/seed-2/snapshots/step-000400.pt
1,scaling-width-load-adamw-10seeds-v1,bffb1a6d15694071b753472a492474ca54484853136fedff195831ccd64433a0,cell-006-64b981333717,6,64b981333717722222bbc0d14ebef2ef871404d24913be636249d8d85044bedf,3,0,0,32,4,8,2,1,16,adamw,0.01,0.0,400,512,0.0,8192,1.314762830734253,0.4554443359375,-0.046580761671066284,-0.04210950806736946,6.3028035163879395,"[2.563537359237671,2.882854461669922]","[2.810577392578125,2.4000396728515625]",seeds/cell-006-64b981333717/seed-3/checkpoint.pt,seeds/cell-006-64b981333717/seed-3/snapshots/step-000000.pt
1,scaling-width-load-adamw-10seeds-v1,bffb1a6d15694071b753472a492474ca54484853136fedff195831ccd64433a0,cell-006-64b981333717,6,64b981333717722222bbc0d14ebef2ef871404d24913be636249d8d85044bedf,3,1,25,32,4,8,2,1,16,adamw,0.01,0.0,400,512,0.0,8192,0.7409802675247192,0.711181640625,0.2649161219596863,0.20476113259792328,5.979879379272461,"[2.3250346183776855,3.3353095054626465]","[3.133448600769043,3.2795920372009277]",seeds/cell-006-64b981333717/seed-3/checkpoint.pt,seeds/cell-006-64b981333717/seed-3/snapshots/step-000025.pt
1,scaling-width-load-adamw-10seeds-v1,bffb1a6d15694071b753472a492474ca54484853136fedff195831ccd64433a0,cell-006-64b981333717,6,64b981333717722222bbc0d14ebef2ef871404d24913be636249d8d85044bedf,3,2,50,32,4,8,2,1,16,adamw,0.01,0.0,400,512,0.0,8192,0.3176347017288208,0.8935546875,0.7162129878997803,0.6911941170692444,4.79898738861084,"[2.7147350311279297,4.453552722930908]","[2.5647594928741455,4.3732709884643555]",seeds/cell-006-64b981333717/seed-3/checkpoint.pt,seeds/cell-006-64b981333717/seed-3/snapshots/step-000050.pt
1,scaling-width-load-adamw-10seeds-v1,bffb1a6d15694071b753472a492474ca54484853136fedff195831ccd64433a0,cell-006-64b981333717,6,64b981333717722222bbc0d14ebef2ef871404d24913be636249d8d85044bedf,3,3,100,32,4,8,2,1,16,adamw,0.01,0.0,400,512,0.0,8192,0.024316519498825073,0.99365234375,0.9572955369949341,0.9460291862487793,4.1913981437683105,"[3.7243001461029053,5.734763145446777]","[2.2306172847747803,7.023044586181641]",seeds/cell-006-64b981333717/seed-3/checkpoint.pt,seeds/cell-006-64b981333717/seed-3/snapshots/step-000100.pt
1,scaling-width-load-adamw-10seeds-v1,bffb1a6d15694071b753472a492474ca54484853136fedff195831ccd64433a0,cell-006-64b981333717,6,64b981333717722222bbc0d14ebef2ef871404d24913be636249d8d85044bedf,3,4,200,32,4,8,2,1,16,adamw,0.01,0.0,400,512,0.0,8192,0.005549147725105286,0.99853515625,0.9981109499931335,1.0008282661437988,4.192025184631348,"[4.090029716491699,6.444063663482666]","[1.918455719947815,8.555593490600586]",seeds/cell-006-64b981333717/seed-3/checkpoint.pt,seeds/cell-006-64b981333717/seed-3/snapshots/step-000200.pt
1,scaling-width-load-adamw-10seeds-v1,bffb1a6d15694071b753472a492474ca54484853136fedff195831ccd64433a0,cell-006-64b981333717,6,64b981333717722222bbc0d14ebef2ef871404d24913be636249d8d85044bedf,3,5,400,32,4,8,2,1,16,adamw,0.01,0.0,400,512,0.0,8192,0.0032596862874925137,0.9990234375,1.0025355815887451,1.0131481885910034,4.0538482666015625,"[4.656039714813232,7.197053909301758]","[1.7239946126937866,9.407925605773926]",seeds/cell-006-64b981333717/seed-3/checkpoint.pt,seeds/cell-006-64b981333717/seed-3/snapshots/step-000400.pt
1,scaling-width-load-adamw-10seeds-v1,bffb1a6d15694071b753472a492474ca54484853136fedff195831ccd64433a0,cell-006-64b981333717,6,64b981333717722222bbc0d14ebef2ef871404d24913be636249d8d85044bedf,4,0,0,32,4,8,2,1,16,adamw,0.01,0.0,400,512,0.0,8192,2.9274234771728516,0.4981689453125,-0.01676568202674389,-0.0233464278280735,6.341156959533691,"[2.7530581951141357,2.718360185623169]","[3.047551155090332,2.9049906730651855]",seeds/cell-006-64b981333717/seed-4/checkpoint.pt,seeds/cell-006-64b981333717/seed-4/snapshots/step-000000.pt
1,scaling-width-load-adamw-10seeds-v1,bffb1a6d15694071b753472a492474ca54484853136fedff195831ccd64433a0,cell-006-64b981333717,6,64b981333717722222bbc0d14ebef2ef871404d24913be636249d8d85044bedf,4,1,25,32,4,8,2,1,16,adamw,0.01,0.0,400,512,0.0,8192,0.9432610869407654,0.5894775390625,0.04233621805906296,0.03475971892476082,6.19520378112793,"[2.665078639984131,2.9257125854492188]","[3.275738477706909,3.64949369430542]",seeds/cell-006-64b981333717/seed-4/checkpoint.pt,seeds/cell-006-64b981333717/seed-4/snapshots/step-000025.pt
1,scaling-width-load-adamw-10seeds-v1,bffb1a6d15694071b753472a492474ca54484853136fedff195831ccd64433a0,cell-006-64b981333717,6,64b981333717722222bbc0d14ebef2ef871404d24913be636249d8d85044bedf,4,2,50,32,4,8,2,1,16,adamw,0.01,0.0,400,512,0.0,8192,0.7840749025344849,0.689453125,0.21239890158176422,0.1801304966211319,6.165186405181885,"[2.5312469005584717,2.8758463859558105]","[3.379096031188965,3.8672022819519043]",seeds/cell-006-64b981333717/seed-4/checkpoint.pt,seeds/cell-006-64b981333717/seed-4/snapshots/step-000050.pt
1,scaling-width-load-adamw-10seeds-v1,bffb1a6d15694071b753472a492474ca54484853136fedff195831ccd64433a0,cell-006-64b981333717,6,64b981333717722222bbc0d14ebef2ef871404d24913be636249d8d85044bedf,4,3,100,32,4,8,2,1,16,adamw,0.01,0.0,400,512,0.0,8192,0.24955794215202332,0.920166015625,0.7487140893936157,0.7401701211929321,4.757700443267822,"[4.568878650665283,4.074421405792236]","[3.6560280323028564,3.697817802429199]",seeds/cell-006-64b981333717/seed-4/checkpoint.pt,seeds/cell-006-64b981333717/seed-4/snapshots/step-000100.pt
1,scaling-width-load-adamw-10seeds-v1,bffb1a6d15694071b753472a492474ca54484853136fedff195831ccd64433a0,cell-006-64b981333717,6,64b981333717722222bbc0d14ebef2ef871404d24913be636249d8d85044bedf,4,4,200,32,4,8,2,1,16,adamw,0.01,0.0,400,512,0.0,8192,0.002814126666635275,0.9996337890625,0.9968618154525757,1.0012781620025635,4.19061279296875,"[6.375330448150635,4.822292327880859]","[3.882035493850708,3.6146392822265625]",seeds/cell-006-64b981333717/seed-4/checkpoint.pt,seeds/cell-006-64b981333717/seed-4/snapshots/step-000200.pt
1,scaling-width-load-adamw-10seeds-v1,bffb1a6d15694071b753472a492474ca54484853136fedff195831ccd64433a0,cell-006-64b981333717,6,64b981333717722222bbc0d14ebef2ef871404d24913be636249d8d85044bedf,4,5,400,32,4,8,2,1,16,adamw,0.01,0.0,400,512,0.0,8192,0.00021432418725453317,1.0,1.0007855892181396,1.00472891330719,4.17507266998291,"[6.479317665100098,4.848992347717285]","[3.8808577060699463,3.6360812187194824]",seeds/cell-006-64b981333717/seed-4/checkpoint.pt,seeds/cell-006-64b981333717/seed-4/snapshots/step-000400.pt
1,scaling-width-load-adamw-10seeds-v1,bffb1a6d15694071b753472a492474ca54484853136fedff195831ccd64433a0,cell-006-64b981333717,6,64b981333717722222bbc0d14ebef2ef871404d24913be636249d8d85044bedf,5,0,0,32,4,8,2,1,16,adamw,0.01,0.0,400,512,0.0,8192,1.4792542457580566,0.5009765625,0.0019327925983816385,-0.006546366959810257,6.122547626495361,"[3.054647922515869,2.7629923820495605]","[2.5589003562927246,2.574768543243408]",seeds/cell-006-64b981333717/seed-5/checkpoint.pt,seeds/cell-006-64b981333717/seed-5/snapshots/step-000000.pt
1,scaling-width-load-adamw-10seeds-v1,bffb1a6d15694071b753472a492474ca54484853136fedff195831ccd64433a0,cell-006-64b981333717,6,64b981333717722222bbc0d14ebef2ef871404d24913be636249d8d85044bedf,5,1,25,32,4,8,2,1,16,adamw,0.01,0.0,400,512,0.0,8192,0.7468274235725403,0.710693359375,0.24198511242866516,0.21265840530395508,5.870487689971924,"[3.2040576934814453,3.0261430740356445]","[3.142793655395508,2.882697105407715]",seeds/cell-006-64b981333717/seed-5/checkpoint.pt,seeds/cell-006-64b981333717/seed-5/snapshots/step-000025.pt
1,scaling-width-load-adamw-10seeds-v1,bffb1a6d15694071b753472a492474ca54484853136fedff195831ccd64433a0,cell-006-64b981333717,6,64b981333717722222bbc0d14ebef2ef871404d24913be636249d8d85044bedf,5,2,50,32,4,8,2,1,16,adamw,0.01,0.0,400,512,0.0,8192,0.557576060295105,0.796142578125,0.44889184832572937,0.4280467629432678,5.304795742034912,"[3.856825828552246,3.3294992446899414]","[3.3858838081359863,3.041980028152466]",seeds/cell-006-64b981333717/seed-5/checkpoint.pt,seeds/cell-006-64b981333717/seed-5/snapshots/step-000050.pt
1,scaling-width-load-adamw-10seeds-v1,bffb1a6d15694071b753472a492474ca54484853136fedff195831ccd64433a0,cell-006-64b981333717,6,64b981333717722222bbc0d14ebef2ef871404d24913be636249d8d85044bedf,5,3,100,32,4,8,2,1,16,adamw,0.01,0.0,400,512,0.0,8192,0.020868010818958282,0.99462890625,1.0017879009246826,1.0154228210449219,4.433040618896484,"[6.388760089874268,4.378581523895264]","[3.3939549922943115,3.4283416271209717]",seeds/cell-006-64b981333717/seed-5/checkpoint.pt,seeds/cell-006-64b981333717/seed-5/snapshots/step-000100.pt
1,scaling-width-load-adamw-10seeds-v1,bffb1a6d15694071b753472a492474ca54484853136fedff195831ccd64433a0,cell-006-64b981333717,6,64b981333717722222bbc0d14ebef2ef871404d24913be636249d8d85044bedf,5,4,200,32,4,8,2,1,16,adamw,0.01,0.0,400,512,0.0,8192,0.0004562096146401018,1.0,0.9987243413925171,1.0105202198028564,4.459511756896973,"[6.8621649742126465,4.516895294189453]","[3.50693416595459,3.561291456222534]",seeds/cell-006-64b981333717/seed-5/checkpoint.pt,seeds/cell-006-64b981333717/seed-5/snapshots/step-000200.pt
1,scaling-width-load-adamw-10seeds-v1,bffb1a6d15694071b753472a492474ca54484853136fedff195831ccd64433a0,cell-006-64b981333717,6,64b981333717722222bbc0d14ebef2ef871404d24913be636249d8d85044bedf,5,5,400,32,4,8,2,1,16,adamw,0.01,0.0,400,512,0.0,8192,0.00015303838881663978,1.0,1.0006861686706543,1.014461874961853,4.454714775085449,"[6.9282097816467285,4.5404887199401855]","[3.546525716781616,3.6007585525512695]",seeds/cell-006-64b981333717/seed-5/checkpoint.pt,seeds/cell-006-64b981333717/seed-5/snapshots/step-000400.pt
1,scaling-width-load-adamw-10seeds-v1,bffb1a6d15694071b753472a492474ca54484853136fedff195831ccd64433a0,cell-006-64b981333717,6,64b981333717722222bbc0d14ebef2ef871404d24913be636249d8d85044bedf,6,0,0,32,4,8,2,1,16,adamw,0.01,0.0,400,512,0.0,8192,1.1377289295196533,0.5,0.004756787791848183,-0.0036997999995946884,6.555999279022217,"[2.7931323051452637,2.762362003326416]","[2.66928768157959,2.60294771194458]",seeds/cell-006-64b981333717/seed-6/checkpoint.pt,seeds/cell-006-64b981333717/seed-6/snapshots/step-000000.pt
1,scaling-width-load-adamw-10seeds-v1,bffb1a6d15694071b753472a492474ca54484853136fedff195831ccd64433a0,cell-006-64b981333717,6,64b981333717722222bbc0d14ebef2ef871404d24913be636249d8d85044bedf,6,1,25,32,4,8,2,1,16,adamw,0.01,0.0,400,512,0.0,8192,0.7214070558547974,0.734130859375,0.2496429681777954,0.22440701723098755,6.402624130249023,"[2.638540267944336,2.8085579872131348]","[3.0221359729766846,3.0186121463775635]",seeds/cell-006-64b981333717/seed-6/checkpoint.pt,seeds/cell-006-64b981333717/seed-6/snapshots/step-000025.pt
1,scaling-width-load-adamw-10seeds-v1,bffb1a6d15694071b753472a492474ca54484853136fedff195831ccd64433a0,cell-006-64b981333717,6,64b981333717722222bbc0d14ebef2ef871404d24913be636249d8d85044bedf,6,2,50,32,4,8,2,1,16,adamw,0.01,0.0,400,512,0.0,8192,0.2354981005191803,0.923828125,0.7697497010231018,0.7861617803573608,5.400457382202148,"[4.091666221618652,3.496940851211548]","[2.967083692550659,3.1165077686309814]",seeds/cell-006-64b981333717/seed-6/checkpoint.pt,seeds/cell-006-64b981333717/seed-6/snapshots/step-000050.pt
1,scaling-width-load-adamw-10seeds-v1,bffb1a6d15694071b753472a492474ca54484853136fedff195831ccd64433a0,cell-006-64b981333717,6,64b981333717722222bbc0d14ebef2ef871404d24913be636249d8d85044bedf,6,3,100,32,4,8,2,1,16,adamw,0.01,0.0,400,512,0.0,8192,0.004186560399830341,0.9990234375,1.001120686531067,1.0007460117340088,4.833999156951904,"[5.424810886383057,4.175478458404541]","[2.91165828704834,2.9979166984558105]",seeds/cell-006-64b981333717/seed-6/checkpoint.pt,seeds/cell-006-64b981333717/seed-6/snapshots/step-000100.pt
1,scaling-width-load-adamw-10seeds-v1,bffb1a6d15694071b753472a492474ca54484853136fedff195831ccd64433a0,cell-006-64b981333717,6,64b981333717722222bbc0d14ebef2ef871404d24913be636249d8d85044bedf,6,4,200,32,4,8,2,1,16,adamw,0.01,0.0,400,512,0.0,8192,0.00020302114717196673,1.0,1.0008888244628906,0.997920036315918,4.779480457305908,"[5.700555324554443,4.219111919403076]","[3.027985095977783,3.012181282043457]",seeds/cell-006-64b981333717/seed-6/checkpoint.pt,seeds/cell-006-64b981333717/seed-6/snapshots/step-000200.pt
1,scaling-width-load-adamw-10seeds-v1,bffb1a6d15694071b753472a492474ca54484853136fedff195831ccd64433a0,cell-006-64b981333717,6,64b981333717722222bbc0d14ebef2ef871404d24913be636249d8d85044bedf,6,5,400,32,4,8,2,1,16,adamw,0.01,0.0,400,512,0.0,8192,0.00026532862102612853,1.0,1.0007301568984985,1.0049960613250732,4.736333847045898,"[6.215754985809326,4.254650592803955]","[3.086933135986328,3.008319854736328]",seeds/cell-006-64b981333717/seed-6/checkpoint.pt,seeds/cell-006-64b981333717/seed-6/snapshots/step-000400.pt
1,scaling-width-load-adamw-10seeds-v1,bffb1a6d15694071b753472a492474ca54484853136fedff195831ccd64433a0,cell-006-64b981333717,6,64b981333717722222bbc0d14ebef2ef871404d24913be636249d8d85044bedf,7,0,0,32,4,8,2,1,16,adamw,0.01,0.0,400,512,0.0,8192,2.157874584197998,0.5477294921875,0.18890506029129028,0.18586783111095428,6.868821620941162,"[2.7432808876037598,3.261000394821167]","[2.5872819423675537,2.812469959259033]",seeds/cell-006-64b981333717/seed-7/checkpoint.pt,seeds/cell-006-64b981333717/seed-7/snapshots/step-000000.pt
1,scaling-width-load-adamw-10seeds-v1,bffb1a6d15694071b753472a492474ca54484853136fedff195831ccd64433a0,cell-006-64b981333717,6,64b981333717722222bbc0d14ebef2ef871404d24913be636249d8d85044bedf,7,1,25,32,4,8,2,1,16,adamw,0.01,0.0,400,512,0.0,8192,0.7778893113136292,0.699951171875,0.18454129993915558,0.17248444259166718,6.882264137268066,"[2.9660909175872803,3.235116958618164]","[2.980132818222046,3.0040009021759033]",seeds/cell-006-64b981333717/seed-7/checkpoint.pt,seeds/cell-006-64b981333717/seed-7/snapshots/step-000025.pt
1,scaling-width-load-adamw-10seeds-v1,bffb1a6d15694071b753472a492474ca54484853136fedff195831ccd64433a0,cell-006-64b981333717,6,64b981333717722222bbc0d14ebef2ef871404d24913be636249d8d85044bedf,7,2,50,32,4,8,2,1,16,adamw,0.01,0.0,400,512,0.0,8192,0.49780863523483276,0.8250732421875,0.4891446828842163,0.4823188781738281,6.330847263336182,"[3.6206445693969727,3.114053726196289]","[3.14961838722229,2.9071011543273926]",seeds/cell-006-64b981333717/seed-7/checkpoint.pt,seeds/cell-006-64b981333717/seed-7/snapshots/step-000050.pt
1,scaling-width-load-adamw-10seeds-v1,bffb1a6d15694071b753472a492474ca54484853136fedff195831ccd64433a0,cell-006-64b981333717,6,64b981333717722222bbc0d14ebef2ef871404d24913be636249d8d85044bedf,7,3,100,32,4,8,2,1,16,adamw,0.01,0.0,400,512,0.0,8192,0.019330929964780807,0.9952392578125,0.9912432432174683,1.0094130039215088,4.704421043395996,"[5.274588108062744,3.2609591484069824]","[3.6883881092071533,2.7875258922576904]",seeds/cell-006-64b981333717/seed-7/checkpoint.pt,seeds/cell-006-64b981333717/seed-7/snapshots/step-000100.pt
1,scaling-width-load-adamw-10seeds-v1,bffb1a6d15694071b753472a492474ca54484853136fedff195831ccd64433a0,cell-006-64b981333717,6,64b981333717722222bbc0d14ebef2ef871404d24913be636249d8d85044bedf,7,4,200,32,4,8,2,1,16,adamw,0.01,0.0,400,512,0.0,8192,0.0009338799864053726,1.0,0.9993475079536438,1.0157194137573242,4.628582954406738,"[5.71768045425415,3.3599603176116943]","[3.836240768432617,2.7122695446014404]",seeds/cell-006-64b981333717/seed-7/checkpoint.pt,seeds/cell-006-64b981333717/seed-7/snapshots/step-000200.pt
1,scaling-width-load-adamw-10seeds-v1,bffb1a6d15694071b753472a492474ca54484853136fedff195831ccd64433a0,cell-006-64b981333717,6,64b981333717722222bbc0d14ebef2ef871404d24913be636249d8d85044bedf,7,5,400,32,4,8,2,1,16,adamw,0.01,0.0,400,512,0.0,8192,0.00024708727141842246,1.0,1.0006077289581299,1.0189201831817627,4.5881171226501465,"[5.800440788269043,3.3973917961120605]","[3.8756093978881836,2.676065444946289]",seeds/cell-006-64b981333717/seed-7/checkpoint.pt,seeds/cell-006-64b981333717/seed-7/snapshots/step-000400.pt
1,scaling-width-load-adamw-10seeds-v1,bffb1a6d15694071b753472a492474ca54484853136fedff195831ccd64433a0,cell-006-64b981333717,6,64b981333717722222bbc0d14ebef2ef871404d24913be636249d8d85044bedf,8,0,0,32,4,8,2,1,16,adamw,0.01,0.0,400,512,0.0,8192,1.05415678024292,0.5543212890625,0.05935951694846153,0.06373701244592667,5.925403594970703,"[2.6816163063049316,2.42718243598938]","[2.881545066833496,2.6671605110168457]",seeds/cell-006-64b981333717/seed-8/checkpoint.pt,seeds/cell-006-64b981333717/seed-8/snapshots/step-000000.pt
1,scaling-width-load-adamw-10seeds-v1,bffb1a6d15694071b753472a492474ca54484853136fedff195831ccd64433a0,cell-006-64b981333717,6,64b981333717722222bbc0d14ebef2ef871404d24913be636249d8d85044bedf,8,1,25,32,4,8,2,1,16,adamw,0.01,0.0,400,512,0.0,8192,0.6302861571311951,0.7647705078125,0.4208737313747406,0.4173505902290344,5.255463600158691,"[2.997093915939331,2.511302947998047]","[3.5765905380249023,2.701447010040283]",seeds/cell-006-64b981333717/seed-8/checkpoint.pt,seeds/cell-006-64b981333717/seed-8/snapshots/step-000025.pt
1,scaling-width-load-adamw-10seeds-v1,bffb1a6d15694071b753472a492474ca54484853136fedff195831ccd64433a0,cell-006-64b981333717,6,64b981333717722222bbc0d14ebef2ef871404d24913be636249d8d85044bedf,8,2,50,32,4,8,2,1,16,adamw,0.01,0.0,400,512,0.0,8192,0.15652039647102356,0.9505615234375,0.8876502513885498,0.8955864906311035,4.627884864807129,"[4.536137104034424,3.174751043319702]","[3.5631678104400635,2.6421422958374023]",seeds/cell-006-64b981333717/seed-8/checkpoint.pt,seeds/cell-006-64b981333717/seed-8/snapshots/step-000050.pt
1,scaling-width-load-adamw-10seeds-v1,bffb1a6d15694071b753472a492474ca54484853136fedff195831ccd64433a0,cell-006-64b981333717,6,64b981333717722222bbc0d14ebef2ef871404d24913be636249d8d85044bedf,8,3,100,32,4,8,2,1,16,adamw,0.01,0.0,400,512,0.0,8192,0.010512551292777061,0.9970703125,0.9977173209190369,1.0023906230926514,4.6392951011657715,"[5.564136028289795,3.4667975902557373]","[3.6806576251983643,2.5386974811553955]",seeds/cell-006-64b981333717/seed-8/checkpoint.pt,seeds/cell-006-64b981333717/seed-8/snapshots/step-000100.pt
1,scaling-width-load-adamw-10seeds-v1,bffb1a6d15694071b753472a492474ca54484853136fedff195831ccd64433a0,cell-006-64b981333717,6,64b981333717722222bbc0d14ebef2ef871404d24913be636249d8d85044bedf,8,4,200,32,4,8,2,1,16,adamw,0.01,0.0,400,512,0.0,8192,0.0005101275746710598,1.0,0.9983982443809509,1.0090196132659912,4.7086968421936035,"[5.959258556365967,3.3916289806365967]","[3.8543851375579834,2.5021653175354004]",seeds/cell-006-64b981333717/seed-8/checkpoint.pt,seeds/cell-006-64b981333717/seed-8/snapshots/step-000200.pt
1,scaling-width-load-adamw-10seeds-v1,bffb1a6d15694071b753472a492474ca54484853136fedff195831ccd64433a0,cell-006-64b981333717,6,64b981333717722222bbc0d14ebef2ef871404d24913be636249d8d85044bedf,8,5,400,32,4,8,2,1,16,adamw,0.01,0.0,400,512,0.0,8192,0.00010781791934277862,1.0,0.9986249208450317,1.0111368894577026,4.7095818519592285,"[5.996047019958496,3.3886048793792725]","[3.8486320972442627,2.4935433864593506]",seeds/cell-006-64b981333717/seed-8/checkpoint.pt,seeds/cell-006-64b981333717/seed-8/snapshots/step-000400.pt
1,scaling-width-load-adamw-10seeds-v1,bffb1a6d15694071b753472a492474ca54484853136fedff195831ccd64433a0,cell-006-64b981333717,6,64b981333717722222bbc0d14ebef2ef871404d24913be636249d8d85044bedf,9,0,0,32,4,8,2,1,16,adamw,0.01,0.0,400,512,0.0,8192,2.6384153366088867,0.4141845703125,-0.21978482604026794,-0.14348852634429932,6.742682456970215,"[2.643117904663086,2.6304054260253906]","[2.80230450630188,2.558673620223999]",seeds/cell-006-64b981333717/seed-9/checkpoint.pt,seeds/cell-006-64b981333717/seed-9/snapshots/step-000000.pt
1,scaling-width-load-adamw-10seeds-v1,bffb1a6d15694071b753472a492474ca54484853136fedff195831ccd64433a0,cell-006-64b981333717,6,64b981333717722222bbc0d14ebef2ef871404d24913be636249d8d85044bedf,9,1,25,32,4,8,2,1,16,adamw,0.01,0.0,400,512,0.0,8192,0.8420270085334778,0.6641845703125,0.12435127794742584,0.08297523856163025,6.266269207000732,"[2.96907639503479,2.8473293781280518]","[3.0462257862091064,2.870420455932617]",seeds/cell-006-64b981333717/seed-9/checkpoint.pt,seeds/cell-006-64b981333717/seed-9/snapshots/step-000025.pt
1,scaling-width-load-adamw-10seeds-v1,bffb1a6d15694071b753472a492474ca54484853136fedff195831ccd64433a0,cell-006-64b981333717,6,64b981333717722222bbc0d14ebef2ef871404d24913be636249d8d85044bedf,9,2,50,32,4,8,2,1,16,adamw,0.01,0.0,400,512,0.0,8192,0.7425572872161865,0.714599609375,0.23374992609024048,0.16836974024772644,5.65169620513916,"[2.9658114910125732,2.7659566402435303]","[3.022723913192749,3.161332130432129]",seeds/cell-006-64b981333717/seed-9/checkpoint.pt,seeds/cell-006-64b981333717/seed-9/snapshots/step-000050.pt
1,scaling-width-load-adamw-10seeds-v1,bffb1a6d15694071b753472a492474ca54484853136fedff195831ccd64433a0,cell-006-64b981333717,6,64b981333717722222bbc0d14ebef2ef871404d24913be636249d8d85044bedf,9,3,100,32,4,8,2,1,16,adamw,0.01,0.0,400,512,0.0,8192,0.4013907313346863,0.8577880859375,0.594286322593689,0.5488858222961426,3.6732215881347656,"[3.6096246242523193,4.271297454833984]","[2.875941514968872,3.3956589698791504]",seeds/cell-006-64b981333717/seed-9/checkpoint.pt,seeds/cell-006-64b981333717/seed-9/snapshots/step-000100.pt
1,scaling-width-load-adamw-10seeds-v1,bffb1a6d15694071b753472a492474ca54484853136fedff195831ccd64433a0,cell-006-64b981333717,6,64b981333717722222bbc0d14ebef2ef871404d24913be636249d8d85044bedf,9,4,200,32,4,8,2,1,16,adamw,0.01,0.0,400,512,0.0,8192,0.015261690132319927,0.9970703125,0.978881299495697,0.9382543563842773,3.27365779876709,"[4.351193428039551,7.53158712387085]","[2.406374454498291,4.3728718757629395]",seeds/cell-006-64b981333717/seed-9/checkpoint.pt,seeds/cell-006-64b981333717/seed-9/snapshots/step-000200.pt
1,scaling-width-load-adamw-10seeds-v1,bffb1a6d15694071b753472a492474ca54484853136fedff195831ccd64433a0,cell-006-64b981333717,6,64b981333717722222bbc0d14ebef2ef871404d24913be636249d8d85044bedf,9,5,400,32,4,8,2,1,16,adamw,0.01,0.0,400,512,0.0,8192,0.0005651087267324328,1.0,1.0004973411560059,0.959636390209198,3.18449330329895,"[4.788773059844971,8.315369606018066]","[2.237098217010498,4.813279628753662]",seeds/cell-006-64b981333717/seed-9/checkpoint.pt,seeds/cell-006-64b981333717/seed-9/snapshots/step-000400.pt
1,scaling-width-load-adamw-10seeds-v1,bffb1a6d15694071b753472a492474ca54484853136fedff195831ccd64433a0,cell-007-321dac17de52,7,321dac17de52650f2020f75f50532cb2b7a34b6879a150085d99b1735c742671,0,0,0,32,4,8,2,4,16,adamw,0.01,0.0,400,512,0.0,8192,1.14565908908844,0.586181640625,0.16398978233337402,0.15295544266700745,6.338072776794434,"[1.3272666931152344,2.071026563644409,1.611129879951477,1.3004238605499268,1.5868077278137207,1.3968883752822876,1.0029560327529907,1.5296334028244019]","[0.8175359964370728,1.4708683490753174,1.7177964448928833,1.1697882413864136,1.7477905750274658,1.6987062692642212,1.127280831336975,0.7587525844573975]",seeds/cell-007-321dac17de52/seed-0/checkpoint.pt,seeds/cell-007-321dac17de52/seed-0/snapshots/step-000000.pt
1,scaling-width-load-adamw-10seeds-v1,bffb1a6d15694071b753472a492474ca54484853136fedff195831ccd64433a0,cell-007-321dac17de52,7,321dac17de52650f2020f75f50532cb2b7a34b6879a150085d99b1735c742671,0,1,25,32,4,8,2,4,16,adamw,0.01,0.0,400,512,0.0,8192,0.5533768534660339,0.8006591796875,0.4164017140865326,0.4123457670211792,5.033065319061279,"[1.5601351261138916,2.0239949226379395,2.010878324508667,1.4145238399505615,1.8073557615280151,1.3787384033203125,1.15438711643219,1.7315609455108643]","[0.9245564937591553,1.4106078147888184,2.1879029273986816,1.1957427263259888,1.9098076820373535,1.6578154563903809,1.2708466053009033,0.6975955963134766]",seeds/cell-007-321dac17de52/seed-0/checkpoint.pt,seeds/cell-007-321dac17de52/seed-0/snapshots/step-000025.pt
1,scaling-width-load-adamw-10seeds-v1,bffb1a6d15694071b753472a492474ca54484853136fedff195831ccd64433a0,cell-007-321dac17de52,7,321dac17de52650f2020f75f50532cb2b7a34b6879a150085d99b1735c742671,0,2,50,32,4,8,2,4,16,adamw,0.01,0.0,400,512,0.0,8192,0.2498735934495926,0.916748046875,0.7709741592407227,0.7820627093315125,3.9612741470336914,"[1.9180926084518433,1.9667088985443115,2.609487533569336,1.486806869506836,1.9379388093948364,1.8611901998519897,1.6247543096542358,1.7838287353515625]","[0.8953355550765991,1.279266119003296,2.6042041778564453,1.1846429109573364,1.9201313257217407,1.5407148599624634,1.215142011642456,0.6748345494270325]",seeds/cell-007-321dac17de52/seed-0/checkpoint.pt,seeds/cell-007-321dac17de52/seed-0/snapshots/step-000050.pt
1,scaling-width-load-adamw-10seeds-v1,bffb1a6d15694071b753472a492474ca54484853136fedff195831ccd64433a0,cell-007-321dac17de52,7,321dac17de52650f2020f75f50532cb2b7a34b6879a150085d99b1735c742671,0,3,100,32,4,8,2,4,16,adamw,0.01,0.0,400,512,0.0,8192,0.09428080916404724,0.9703369140625,0.9058417081832886,0.9172173142433167,3.5803937911987305,"[2.454699993133545,2.1178042888641357,2.990321397781372,2.028223991394043,2.1152970790863037,2.000236749649048,2.0185670852661133,1.582836389541626]","[1.057460069656372,1.0283948183059692,2.791135787963867,1.2384930849075317,1.8043601512908936,1.5705903768539429,1.1845510005950928,0.5583450794219971]",seeds/cell-007-321dac17de52/seed-0/checkpoint.pt,seeds/cell-007-321dac17de52/seed-0/snapshots/step-000100.pt
1,scaling-width-load-adamw-10seeds-v1,bffb1a6d15694071b753472a492474ca54484853136fedff195831ccd64433a0,cell-007-321dac17de52,7,321dac17de52650f2020f75f50532cb2b7a34b6879a150085d99b1735c742671,0,4,200,32,4,8,2,4,16,adamw,0.01,0.0,400,512,0.0,8192,0.026369895786046982,0.991943359375,0.9738830924034119,0.9841189384460449,3.4286093711853027,"[3.405008316040039,2.38449764251709,3.291628360748291,1.9911303520202637,2.296531915664673,2.0117838382720947,2.018724203109741,1.5406335592269897]","[1.3436270952224731,0.8229613304138184,2.6191632747650146,1.2192305326461792,1.5871913433074951,1.7554962635040283,1.1448025703430176,0.5126610398292542]",seeds/cell-007-321dac17de52/seed-0/checkpoint.pt,seeds/cell-007-321dac17de52/seed-0/snapshots/step-000200.pt
1,scaling-width-load-adamw-10seeds-v1,bffb1a6d15694071b753472a492474ca54484853136fedff195831ccd64433a0,cell-007-321dac17de52,7,321dac17de52650f2020f75f50532cb2b7a34b6879a150085d99b1735c742671,0,5,400,32,4,8,2,4,16,adamw,0.01,0.0,400,512,0.0,8192,0.005206952337175608,0.9986572265625,0.9858026504516602,0.9972746968269348,3.255601167678833,"[3.8922784328460693,2.893364667892456,3.503704786300659,2.1505956649780273,2.646674633026123,2.159316062927246,2.0896987915039062,1.6548339128494263]","[1.3910996913909912,0.859795331954956,2.7226312160491943,1.236638069152832,1.4191069602966309,2.054985761642456,1.1173468828201294,0.5291231870651245]",seeds/cell-007-321dac17de52/seed-0/checkpoint.pt,seeds/cell-007-321dac17de52/seed-0/snapshots/step-000400.pt
1,scaling-width-load-adamw-10seeds-v1,bffb1a6d15694071b753472a492474ca54484853136fedff195831ccd64433a0,cell-007-321dac17de52,7,321dac17de52650f2020f75f50532cb2b7a34b6879a150085d99b1735c742671,1,0,0,32,4,8,2,4,16,adamw,0.01,0.0,400,512,0.0,8192,2.2743711471557617,0.50048828125,0.03159618377685547,0.03242747113108635,6.356571674346924,"[0.9988558888435364,1.7676092386245728,1.4131008386611938,1.619820475578308,2.0332839488983154,1.1912051439285278,1.8092049360275269,1.0342845916748047]","[1.1028680801391602,0.6511831283569336,1.0853729248046875,1.7776929140090942,1.193536639213562,1.4365060329437256,0.756332278251648,1.2218340635299683]",seeds/cell-007-321dac17de52/seed-1/checkpoint.pt,seeds/cell-007-321dac17de52/seed-1/snapshots/step-000000.pt
1,scaling-width-load-adamw-10seeds-v1,bffb1a6d15694071b753472a492474ca54484853136fedff195831ccd64433a0,cell-007-321dac17de52,7,321dac17de52650f2020f75f50532cb2b7a34b6879a150085d99b1735c742671,1,1,25,32,4,8,2,4,16,adamw,0.01,0.0,400,512,0.0,8192,0.7929894924163818,0.6806640625,0.19919069111347198,0.18349674344062805,5.941858768463135,"[1.1723415851593018,2.0373647212982178,1.423537015914917,1.670315146446228,1.787126898765564,1.2394638061523438,1.7523257732391357,1.2058031558990479]","[1.106174111366272,0.748619556427002,1.1320234537124634,1.7496764659881592,1.480379581451416,1.5974959135055542,1.1059131622314453,1.5021835565567017]",seeds/cell-007-321dac17de52/seed-1/checkpoint.pt,seeds/cell-007-321dac17de52/seed-1/snapshots/step-000025.pt
1,scaling-width-load-adamw-10seeds-v1,bffb1a6d15694071b753472a492474ca54484853136fedff195831ccd64433a0,cell-007-321dac17de52,7,321dac17de52650f2020f75f50532cb2b7a34b6879a150085d99b1735c742671,1,2,50,32,4,8,2,4,16,adamw,0.01,0.0,400,512,0.0,8192,0.6694626808166504,0.7506103515625,0.3206191658973694,0.3127564787864685,5.402903079986572,"[1.2485020160675049,2.1033518314361572,1.4136970043182373,1.8164259195327759,1.5544666051864624,1.349413275718689,2.339559555053711,1.2486451864242554]","[1.1110655069351196,0.7042286992073059,1.0637383460998535,1.672512412071228,1.4542489051818848,1.6700036525726318,1.4359968900680542,1.5426688194274902]",seeds/cell-007-321dac17de52/seed-1/checkpoint.pt,seeds/cell-007-321dac17de52/seed-1/snapshots/step-000050.pt
1,scaling-width-load-adamw-10seeds-v1,bffb1a6d15694071b753472a492474ca54484853136fedff195831ccd64433a0,cell-007-321dac17de52,7,321dac17de52650f2020f75f50532cb2b7a34b6879a150085d99b1735c742671,1,3,100,32,4,8,2,4,16,adamw,0.01,0.0,400,512,0.0,8192,0.2069733738899231,0.9359130859375,0.7804113626480103,0.7829669713973999,3.879685163497925,"[1.2418224811553955,2.1086368560791016,1.3907227516174316,2.211588144302368,1.9046201705932617,1.959159016609192,3.3580756187438965,1.6112710237503052]","[0.9709654450416565,0.675821840763092,0.8875166177749634,1.4107043743133545,1.3183434009552002,1.584051251411438,2.8403639793395996,1.3022841215133667]",seeds/cell-007-321dac17de52/seed-1/checkpoint.pt,seeds/cell-007-321dac17de52/seed-1/snapshots/step-000100.pt
1,scaling-width-load-adamw-10seeds-v1,bffb1a6d15694071b753472a492474ca54484853136fedff195831ccd64433a0,cell-007-321dac17de52,7,321dac17de52650f2020f75f50532cb2b7a34b6879a150085d99b1735c742671,1,4,200,32,4,8,2,4,16,adamw,0.01,0.0,400,512,0.0,8192,0.043478600680828094,0.9847412109375,0.9389371871948242,0.9436079263687134,3.035545825958252,"[1.0287842750549316,1.994864821434021,1.2849409580230713,2.3092920780181885,2.0838568210601807,2.119314670562744,5.004144191741943,1.886120319366455]","[0.9299832582473755,0.648568332195282,0.7000123858451843,1.3900917768478394,1.7032922506332397,1.484453558921814,4.65803861618042,1.4042516946792603]",seeds/cell-007-321dac17de52/seed-1/checkpoint.pt,seeds/cell-007-321dac17de52/seed-1/snapshots/step-000200.pt
1,scaling-width-load-adamw-10seeds-v1,bffb1a6d15694071b753472a492474ca54484853136fedff195831ccd64433a0,cell-007-321dac17de52,7,321dac17de52650f2020f75f50532cb2b7a34b6879a150085d99b1735c742671,1,5,400,32,4,8,2,4,16,adamw,0.01,0.0,400,512,0.0,8192,0.003724459558725357,0.9991455078125,0.9962449073791504,0.9946505427360535,2.6837093830108643,"[1.0007050037384033,1.7374941110610962,1.2623422145843506,2.399582624435425,2.0702595710754395,2.128110647201538,6.323254585266113,2.092472791671753]","[0.9381192326545715,0.7238930463790894,0.6336411833763123,1.43147873878479,1.7493247985839844,1.5686206817626953,6.344052314758301,1.3381394147872925]",seeds/cell-007-321dac17de52/seed-1/checkpoint.pt,seeds/cell-007-321dac17de52/seed-1/snapshots/step-000400.pt
1,scaling-width-load-adamw-10seeds-v1,bffb1a6d15694071b753472a492474ca54484853136fedff195831ccd64433a0,cell-007-321dac17de52,7,321dac17de52650f2020f75f50532cb2b7a34b6879a150085d99b1735c742671,2,0,0,32,4,8,2,4,16,adamw,0.01,0.0,400,512,0.0,8192,5.675456523895264,0.4840087890625,-0.047231514006853104,-0.013834655284881592,6.8294243812561035,"[1.1917009353637695,0.6723191142082214,1.0969626903533936,0.706832230091095,1.6157801151275635,1.6312967538833618,1.4368438720703125,1.2130228281021118]","[1.2818598747253418,1.9074881076812744,1.3851312398910522,1.7222514152526855,1.3721063137054443,1.6943682432174683,1.1263792514801025,1.2827296257019043]",seeds/cell-007-321dac17de52/seed-2/checkpoint.pt,seeds/cell-007-321dac17de52/seed-2/snapshots/step-000000.pt
1,scaling-width-load-adamw-10seeds-v1,bffb1a6d15694071b753472a492474ca54484853136fedff195831ccd64433a0,cell-007-321dac17de52,7,321dac17de52650f2020f75f50532cb2b7a34b6879a150085d99b1735c742671,2,1,25,32,4,8,2,4,16,adamw,0.01,0.0,400,512,0.0,8192,0.8717951774597168,0.6488037109375,0.09907341003417969,0.08192482590675354,6.766685962677002,"[1.3358640670776367,0.6028001308441162,1.317553997039795,0.8145366907119751,1.8707116842269897,1.8021782636642456,1.7271956205368042,1.4415392875671387]","[1.3301780223846436,2.1068356037139893,1.3570045232772827,1.9279919862747192,1.7421905994415283,1.8214571475982666,1.2992548942565918,1.6323322057724]",seeds/cell-007-321dac17de52/seed-2/checkpoint.pt,seeds/cell-007-321dac17de52/seed-2/snapshots/step-000025.pt
1,scaling-width-load-adamw-10seeds-v1,bffb1a6d15694071b753472a492474ca54484853136fedff195831ccd64433a0,cell-007-321dac17de52,7,321dac17de52650f2020f75f50532cb2b7a34b6879a150085d99b1735c742671,2,2,50,32,4,8,2,4,16,adamw,0.01,0.0,400,512,0.0,8192,0.7793395519256592,0.6881103515625,0.22962413728237152,0.1832578033208847,6.674922943115234,"[1.3379623889923096,0.6669343113899231,1.3176391124725342,0.7024875283241272,1.906785249710083,1.8452690839767456,1.7978155612945557,1.5293476581573486]","[1.2968151569366455,2.294055461883545,1.3827917575836182,1.9436612129211426,1.7608774900436401,1.9279773235321045,1.280893325805664,1.6502054929733276]",seeds/cell-007-321dac17de52/seed-2/checkpoint.pt,seeds/cell-007-321dac17de52/seed-2/snapshots/step-000050.pt
1,scaling-width-load-adamw-10seeds-v1,bffb1a6d15694071b753472a492474ca54484853136fedff195831ccd64433a0,cell-007-321dac17de52,7,321dac17de52650f2020f75f50532cb2b7a34b6879a150085d99b1735c742671,2,3,100,32,4,8,2,4,16,adamw,0.01,0.0,400,512,0.0,8192,0.5979558229446411,0.7796630859375,0.3900192975997925,0.38497281074523926,5.793772220611572,"[1.4178118705749512,1.6602756977081299,1.3739835023880005,0.9657464623451233,1.891356110572815,1.7291630506515503,1.855600357055664,1.7358719110488892]","[1.2908531427383423,2.5869181156158447,1.3508442640304565,1.8565236330032349,1.7264007329940796,1.7964708805084229,1.21061110496521,1.689109206199646]",seeds/cell-007-321dac17de52/seed-2/checkpoint.pt,seeds/cell-007-321dac17de52/seed-2/snapshots/step-000100.pt
1,scaling-width-load-adamw-10seeds-v1,bffb1a6d15694071b753472a492474ca54484853136fedff195831ccd64433a0,cell-007-321dac17de52,7,321dac17de52650f2020f75f50532cb2b7a34b6879a150085d99b1735c742671,2,4,200,32,4,8,2,4,16,adamw,0.01,0.0,400,512,0.0,8192,0.15070252120494843,0.9527587890625,0.8752748966217041,0.8745934963226318,4.633315563201904,"[2.0009734630584717,2.6033310890197754,1.4358614683151245,2.8451921939849854,1.7335190773010254,1.7174137830734253,1.9561291933059692,1.6625622510910034]","[1.6379857063293457,2.841521978378296,1.5151594877243042,1.7025138139724731,1.685880422592163,1.6567037105560303,1.2029234170913696,1.7806133031845093]",seeds/cell-007-321dac17de52/seed-2/checkpoint.pt,seeds/cell-007-321dac17de52/seed-2/snapshots/step-000200.pt
1,scaling-width-load-adamw-10seeds-v1,bffb1a6d15694071b753472a492474ca54484853136fedff195831ccd64433a0,cell-007-321dac17de52,7,321dac17de52650f2020f75f50532cb2b7a34b6879a150085d99b1735c742671,2,5,400,32,4,8,2,4,16,adamw,0.01,0.0,400,512,0.0,8192,0.022772546857595444,0.9937744140625,0.9767158031463623,0.9730030298233032,4.106879711151123,"[2.312140703201294,3.4805686473846436,1.1289725303649902,3.8033270835876465,1.511265516281128,1.7636284828186035,2.1876537799835205,1.5788613557815552]","[1.5916134119033813,2.9696426391601562,1.457675814628601,2.0129802227020264,1.561745047569275,1.7431734800338745,1.234984278678894,1.7907328605651855]",seeds/cell-007-321dac17de52/seed-2/checkpoint.pt,seeds/cell-007-321dac17de52/seed-2/snapshots/step-000400.pt
1,scaling-width-load-adamw-10seeds-v1,bffb1a6d15694071b753472a492474ca54484853136fedff195831ccd64433a0,cell-007-321dac17de52,7,321dac17de52650f2020f75f50532cb2b7a34b6879a150085d99b1735c742671,3,0,0,32,4,8,2,4,16,adamw,0.01,0.0,400,512,0.0,8192,1.277778148651123,0.4332275390625,-0.057692915201187134,-0.050485894083976746,6.3028035163879395,"[1.248415231704712,0.8720983266830444,1.3493708372116089,1.3235390186309814,2.1695027351379395,1.2384196519851685,1.4865292310714722,1.2434533834457397]","[1.30172860622406,1.5249009132385254,1.7106714248657227,0.7076584100723267,1.6896096467971802,0.9416792392730713,1.5385395288467407,1.295953392982483]",seeds/cell-007-321dac17de52/seed-3/checkpoint.pt,seeds/cell-007-321dac17de52/seed-3/snapshots/step-000000.pt
1,scaling-width-load-adamw-10seeds-v1,bffb1a6d15694071b753472a492474ca54484853136fedff195831ccd64433a0,cell-007-321dac17de52,7,321dac17de52650f2020f75f50532cb2b7a34b6879a150085d99b1735c742671,3,1,25,32,4,8,2,4,16,adamw,0.01,0.0,400,512,0.0,8192,0.7494323253631592,0.70556640625,0.22263509035110474,0.17766577005386353,5.916599273681641,"[1.2859984636306763,0.9262468814849854,1.5124080181121826,0.8506409525871277,2.1633358001708984,1.134467363357544,1.5060380697250366,1.5362341403961182]","[1.1202654838562012,1.639739990234375,1.851639986038208,0.8419300317764282,2.1515769958496094,1.0811346769332886,1.5530656576156616,1.3291425704956055]",seeds/cell-007-321dac17de52/seed-3/checkpoint.pt,seeds/cell-007-321dac17de52/seed-3/snapshots/step-000025.pt
1,scaling-width-load-adamw-10seeds-v1,bffb1a6d15694071b753472a492474ca54484853136fedff195831ccd64433a0,cell-007-321dac17de52,7,321dac17de52650f2020f75f50532cb2b7a34b6879a150085d99b1735c742671,3,2,50,32,4,8,2,4,16,adamw,0.01,0.0,400,512,0.0,8192,0.5225207805633545,0.8035888671875,0.45971551537513733,0.4430335462093353,4.856895923614502,"[1.2061872482299805,1.3846632242202759,1.7512295246124268,1.1048568487167358,2.449936628341675,1.6672799587249756,1.7023500204086304,1.745268702507019]","[1.0388941764831543,1.646586298942566,1.920838475227356,0.8581096529960632,2.5844621658325195,1.1514383554458618,1.8186384439468384,1.345400094985962]",seeds/cell-007-321dac17de52/seed-3/checkpoint.pt,seeds/cell-007-321dac17de52/seed-3/snapshots/step-000050.pt
1,scaling-width-load-adamw-10seeds-v1,bffb1a6d15694071b753472a492474ca54484853136fedff195831ccd64433a0,cell-007-321dac17de52,7,321dac17de52650f2020f75f50532cb2b7a34b6879a150085d99b1735c742671,3,3,100,32,4,8,2,4,16,adamw,0.01,0.0,400,512,0.0,8192,0.15167272090911865,0.9488525390625,0.84593665599823,0.8535463809967041,4.203865051269531,"[0.9815915822982788,2.4629454612731934,2.439676284790039,2.2029550075531006,2.7296414375305176,2.436475992202759,2.0493507385253906,1.9220643043518066]","[1.0022432804107666,1.7970751523971558,1.8315293788909912,0.754984974861145,2.906879425048828,1.445644497871399,2.084385395050049,1.67267906665802]",seeds/cell-007-321dac17de52/seed-3/checkpoint.pt,seeds/cell-007-321dac17de52/seed-3/snapshots/step-000100.pt
1,scaling-width-load-adamw-10seeds-v1,bffb1a6d15694071b753472a492474ca54484853136fedff195831ccd64433a0,cell-007-321dac17de52,7,321dac17de52650f2020f75f50532cb2b7a34b6879a150085d99b1735c742671,3,4,200,32,4,8,2,4,16,adamw,0.01,0.0,400,512,0.0,8192,0.029660889878869057,0.99169921875,0.9869920015335083,0.9938135743141174,4.0431365966796875,"[1.2104716300964355,3.143921375274658,2.548383951187134,3.174921989440918,3.03973650932312,2.854532480239868,2.421231746673584,2.0469212532043457]","[1.0053330659866333,1.692583680152893,1.5895994901657104,0.8075138330459595,2.91509747505188,1.8488473892211914,2.037127733230591,1.578004240989685]",seeds/cell-007-321dac17de52/seed-3/checkpoint.pt,seeds/cell-007-321dac17de52/seed-3/snapshots/step-000200.pt
1,scaling-width-load-adamw-10seeds-v1,bffb1a6d15694071b753472a492474ca54484853136fedff195831ccd64433a0,cell-007-321dac17de52,7,321dac17de52650f2020f75f50532cb2b7a34b6879a150085d99b1735c742671,3,5,400,32,4,8,2,4,16,adamw,0.01,0.0,400,512,0.0,8192,0.011263005435466766,0.9970703125,0.983443021774292,0.9809719920158386,3.915919065475464,"[1.3186277151107788,3.4716665744781494,2.948288679122925,3.833437442779541,3.371645450592041,3.210947275161743,2.758000135421753,2.079172134399414]","[0.8983882665634155,1.5898317098617554,1.4829821586608887,0.8849192261695862,2.9881932735443115,2.299673318862915,2.000121593475342,1.3074111938476562]",seeds/cell-007-321dac17de52/seed-3/checkpoint.pt,seeds/cell-007-321dac17de52/seed-3/snapshots/step-000400.pt
1,scaling-width-load-adamw-10seeds-v1,bffb1a6d15694071b753472a492474ca54484853136fedff195831ccd64433a0,cell-007-321dac17de52,7,321dac17de52650f2020f75f50532cb2b7a34b6879a150085d99b1735c742671,4,0,0,32,4,8,2,4,16,adamw,0.01,0.0,400,512,0.0,8192,2.9529800415039062,0.5008544921875,0.014364128932356834,0.010554054751992226,6.341156959533691,"[1.4690433740615845,1.312828540802002,1.585540771484375,1.3050140142440796,1.5209568738937378,1.1070765256881714,0.9136645197868347,1.612779974937439]","[1.3894305229187012,1.5032082796096802,1.497883915901184,1.6636276245117188,1.2037453651428223,1.3338708877563477,1.7066019773483276,1.431196928024292]",seeds/cell-007-321dac17de52/seed-4/checkpoint.pt,seeds/cell-007-321dac17de52/seed-4/snapshots/step-000000.pt
1,scaling-width-load-adamw-10seeds-v1,bffb1a6d15694071b753472a492474ca54484853136fedff195831ccd64433a0,cell-007-321dac17de52,7,321dac17de52650f2020f75f50532cb2b7a34b6879a150085d99b1735c742671,4,1,25,32,4,8,2,4,16,adamw,0.01,0.0,400,512,0.0,8192,0.9362480640411377,0.60498046875,0.04573158174753189,0.0377073660492897,6.052309036254883,"[1.5047178268432617,1.342620849609375,1.5794708728790283,1.2841614484786987,1.6608456373214722,1.204675316810608,0.9722211956977844,1.7457646131515503]","[1.5526270866394043,1.4856255054473877,1.3935842514038086,1.8324397802352905,1.2240049839019775,1.7128098011016846,2.0833616256713867,1.566413164138794]",seeds/cell-007-321dac17de52/seed-4/checkpoint.pt,seeds/cell-007-321dac17de52/seed-4/snapshots/step-000025.pt
1,scaling-width-load-adamw-10seeds-v1,bffb1a6d15694071b753472a492474ca54484853136fedff195831ccd64433a0,cell-007-321dac17de52,7,321dac17de52650f2020f75f50532cb2b7a34b6879a150085d99b1735c742671,4,2,50,32,4,8,2,4,16,adamw,0.01,0.0,400,512,0.0,8192,0.7654426097869873,0.6995849609375,0.24896325170993805,0.21044427156448364,5.880179405212402,"[1.5953254699707031,1.385677695274353,1.6006742715835571,1.1948943138122559,1.728905200958252,1.1169943809509277,0.9740180969238281,1.7449512481689453]","[1.6440180540084839,1.5363446474075317,1.4332624673843384,1.7853140830993652,1.526404857635498,1.6725410223007202,1.9774805307388306,1.605512022972107]",seeds/cell-007-321dac17de52/seed-4/checkpoint.pt,seeds/cell-007-321dac17de52/seed-4/snapshots/step-000050.pt
1,scaling-width-load-adamw-10seeds-v1,bffb1a6d15694071b753472a492474ca54484853136fedff195831ccd64433a0,cell-007-321dac17de52,7,321dac17de52650f2020f75f50532cb2b7a34b6879a150085d99b1735c742671,4,3,100,32,4,8,2,4,16,adamw,0.01,0.0,400,512,0.0,8192,0.4491423964500427,0.8408203125,0.5529787540435791,0.5364570021629333,4.561532020568848,"[1.5460164546966553,1.7922348976135254,1.9798758029937744,1.5539089441299438,2.1220996379852295,1.2742741107940674,1.0630930662155151,1.7851812839508057]","[1.7342078685760498,1.736987590789795,1.536940574645996,1.7255128622055054,1.5983271598815918,1.5569912195205688,1.7555845975875854,1.5684936046600342]",seeds/cell-007-321dac17de52/seed-4/checkpoint.pt,seeds/cell-007-321dac17de52/seed-4/snapshots/step-000100.pt
1,scaling-width-load-adamw-10seeds-v1,bffb1a6d15694071b753472a492474ca54484853136fedff195831ccd64433a0,cell-007-321dac17de52,7,321dac17de52650f2020f75f50532cb2b7a34b6879a150085d99b1735c742671,4,4,200,32,4,8,2,4,16,adamw,0.01,0.0,400,512,0.0,8192,0.058522194623947144,0.982421875,0.9381252527236938,0.9484207630157471,4.141567230224609,"[1.2864100933074951,3.078892230987549,2.8770763874053955,2.8605172634124756,2.4462132453918457,1.6892364025115967,1.3938053846359253,2.4055967330932617]","[1.4786547422409058,1.848939299583435,1.5340787172317505,1.6899346113204956,1.7637680768966675,1.4491623640060425,1.6116900444030762,1.4064284563064575]",seeds/cell-007-321dac17de52/seed-4/checkpoint.pt,seeds/cell-007-321dac17de52/seed-4/snapshots/step-000200.pt
1,scaling-width-load-adamw-10seeds-v1,bffb1a6d15694071b753472a492474ca54484853136fedff195831ccd64433a0,cell-007-321dac17de52,7,321dac17de52650f2020f75f50532cb2b7a34b6879a150085d99b1735c742671,4,5,400,32,4,8,2,4,16,adamw,0.01,0.0,400,512,0.0,8192,0.01625640131533146,0.995361328125,0.9821856021881104,0.9855898022651672,3.9605190753936768,"[1.4616749286651611,3.6192991733551025,3.0496084690093994,3.7283272743225098,2.443319320678711,1.8558677434921265,1.399304747581482,2.818664073944092]","[1.398120641708374,1.8882641792297363,1.4706252813339233,1.6238986253738403,1.7890547513961792,1.4192050695419312,1.6485798358917236,1.24908447265625]",seeds/cell-007-321dac17de52/seed-4/checkpoint.pt,seeds/cell-007-321dac17de52/seed-4/snapshots/step-000400.pt
1,scaling-width-load-adamw-10seeds-v1,bffb1a6d15694071b753472a492474ca54484853136fedff195831ccd64433a0,cell-007-321dac17de52,7,321dac17de52650f2020f75f50532cb2b7a34b6879a150085d99b1735c742671,5,0,0,32,4,8,2,4,16,adamw,0.01,0.0,400,512,0.0,8192,1.418917179107666,0.5106201171875,0.018339883536100388,0.009881199337542057,6.122547626495361,"[1.1753596067428589,1.434921145439148,1.748321294784546,1.7130398750305176,0.8161408305168152,1.7206288576126099,1.5462168455123901,1.2877269983291626]","[1.5733585357666016,1.4749855995178223,0.9085158705711365,1.1636362075805664,1.2290380001068115,1.2132418155670166,1.7451205253601074,1.603430986404419]",seeds/cell-007-321dac17de52/seed-5/checkpoint.pt,seeds/cell-007-321dac17de52/seed-5/snapshots/step-000000.pt
1,scaling-width-load-adamw-10seeds-v1,bffb1a6d15694071b753472a492474ca54484853136fedff195831ccd64433a0,cell-007-321dac17de52,7,321dac17de52650f2020f75f50532cb2b7a34b6879a150085d99b1735c742671,5,1,25,32,4,8,2,4,16,adamw,0.01,0.0,400,512,0.0,8192,0.762235701084137,0.698974609375,0.2446824461221695,0.2191516011953354,5.818302154541016,"[1.4962390661239624,1.4462966918945312,1.9507759809494019,2.0067367553710938,0.8980674743652344,1.8142080307006836,1.625172734260559,1.106587529182434]","[1.7029154300689697,1.6292909383773804,1.3172122240066528,1.44509756565094,1.4565914869308472,1.269778847694397,1.9654762744903564,1.5764942169189453]",seeds/cell-007-321dac17de52/seed-5/checkpoint.pt,seeds/cell-007-321dac17de52/seed-5/snapshots/step-000025.pt
1,scaling-width-load-adamw-10seeds-v1,bffb1a6d15694071b753472a492474ca54484853136fedff195831ccd64433a0,cell-007-321dac17de52,7,321dac17de52650f2020f75f50532cb2b7a34b6879a150085d99b1735c742671,5,2,50,32,4,8,2,4,16,adamw,0.01,0.0,400,512,0.0,8192,0.5985867381095886,0.7818603515625,0.40418678522109985,0.3878422975540161,5.662924766540527,"[1.843619465827942,1.609346866607666,2.3099303245544434,2.1081881523132324,0.8817483186721802,1.9359334707260132,1.7779420614242554,1.149990200996399]","[1.921546459197998,1.6298507452011108,1.4472146034240723,1.4380732774734497,1.4607702493667603,1.281290888786316,2.022672414779663,1.5678927898406982]",seeds/cell-007-321dac17de52/seed-5/checkpoint.pt,seeds/cell-007-321dac17de52/seed-5/snapshots/step-000050.pt
1,scaling-width-load-adamw-10seeds-v1,bffb1a6d15694071b753472a492474ca54484853136fedff195831ccd64433a0,cell-007-321dac17de52,7,321dac17de52650f2020f75f50532cb2b7a34b6879a150085d99b1735c742671,5,3,100,32,4,8,2,4,16,adamw,0.01,0.0,400,512,0.0,8192,0.2507164478302002,0.9176025390625,0.7493817806243896,0.7523322105407715,4.6651530265808105,"[2.388516902923584,1.622161626815796,2.9659128189086914,2.498525619506836,1.048923134803772,2.383516311645508,2.151780605316162,1.5446425676345825]","[2.243785858154297,1.5481035709381104,1.758182168006897,1.223251461982727,1.4791585206985474,1.317588210105896,1.9696321487426758,1.614087462425232]",seeds/cell-007-321dac17de52/seed-5/checkpoint.pt,seeds/cell-007-321dac17de52/seed-5/snapshots/step-000100.pt
1,scaling-width-load-adamw-10seeds-v1,bffb1a6d15694071b753472a492474ca54484853136fedff195831ccd64433a0,cell-007-321dac17de52,7,321dac17de52650f2020f75f50532cb2b7a34b6879a150085d99b1735c742671,5,4,200,32,4,8,2,4,16,adamw,0.01,0.0,400,512,0.0,8192,0.07523170858621597,0.978515625,0.895353376865387,0.9162929058074951,4.2819390296936035,"[2.745008945465088,2.1356277465820312,3.4308431148529053,3.784191370010376,1.526444673538208,2.69303035736084,2.5841586589813232,1.9326907396316528]","[1.7724661827087402,1.5310592651367188,1.8700509071350098,1.3956843614578247,1.4675352573394775,1.4180692434310913,1.8938976526260376,1.6045185327529907]",seeds/cell-007-321dac17de52/seed-5/checkpoint.pt,seeds/cell-007-321dac17de52/seed-5/snapshots/step-000200.pt
1,scaling-width-load-adamw-10seeds-v1,bffb1a6d15694071b753472a492474ca54484853136fedff195831ccd64433a0,cell-007-321dac17de52,7,321dac17de52650f2020f75f50532cb2b7a34b6879a150085d99b1735c742671,5,5,400,32,4,8,2,4,16,adamw,0.01,0.0,400,512,0.0,8192,0.025061536580324173,0.9930419921875,0.9738855957984924,0.9916056990623474,4.087574481964111,"[2.9044814109802246,2.725470542907715,3.666872501373291,4.680771350860596,2.0937283039093018,2.871906042098999,2.791654586791992,1.8641859292984009]","[1.7055273056030273,1.496942162513733,1.757420301437378,1.4791791439056396,1.6495355367660522,1.3035417795181274,1.9062529802322388,1.5879274606704712]",seeds/cell-007-321dac17de52/seed-5/checkpoint.pt,seeds/cell-007-321dac17de52/seed-5/snapshots/step-000400.pt
1,scaling-width-load-adamw-10seeds-v1,bffb1a6d15694071b753472a492474ca54484853136fedff195831ccd64433a0,cell-007-321dac17de52,7,321dac17de52650f2020f75f50532cb2b7a34b6879a150085d99b1735c742671,6,0,0,32,4,8,2,4,16,adamw,0.01,0.0,400,512,0.0,8192,1.126880407333374,0.5062255859375,0.004989276640117168,-0.007427354343235493,6.555999279022217,"[1.2122397422790527,1.4957938194274902,1.551030158996582,1.6294509172439575,1.464975357055664,1.2463434934616089,1.081093668937683,1.2062150239944458]","[1.8405624628067017,1.2703684568405151,1.7295182943344116,1.1466739177703857,1.375704050064087,1.0300781726837158,1.8137973546981812,1.2838444709777832]",seeds/cell-007-321dac17de52/seed-6/checkpoint.pt,seeds/cell-007-321dac17de52/seed-6/snapshots/step-000000.pt
1,scaling-width-load-adamw-10seeds-v1,bffb1a6d15694071b753472a492474ca54484853136fedff195831ccd64433a0,cell-007-321dac17de52,7,321dac17de52650f2020f75f50532cb2b7a34b6879a150085d99b1735c742671,6,1,25,32,4,8,2,4,16,adamw,0.01,0.0,400,512,0.0,8192,0.7182328104972839,0.7340087890625,0.24386562407016754,0.23297131061553955,6.442526340484619,"[1.1293268203735352,1.289262056350708,1.398215413093567,1.632857322692871,1.5426535606384277,1.1037198305130005,1.2068016529083252,1.563833236694336]","[1.900085210800171,1.5101577043533325,1.546201467514038,1.3777716159820557,1.5549415349960327,1.1285954713821411,2.0387749671936035,1.5490888357162476]",seeds/cell-007-321dac17de52/seed-6/checkpoint.pt,seeds/cell-007-321dac17de52/seed-6/snapshots/step-000025.pt
1,scaling-width-load-adamw-10seeds-v1,bffb1a6d15694071b753472a492474ca54484853136fedff195831ccd64433a0,cell-007-321dac17de52,7,321dac17de52650f2020f75f50532cb2b7a34b6879a150085d99b1735c742671,6,2,50,32,4,8,2,4,16,adamw,0.01,0.0,400,512,0.0,8192,0.42382222414016724,0.85791015625,0.6304100155830383,0.6353030204772949,5.543612480163574,"[1.4574337005615234,1.531694769859314,1.8930799961090088,1.7326890230178833,1.708039402961731,1.2387031316757202,1.4378395080566406,2.133293867111206]","[1.801722526550293,1.5056852102279663,1.5409505367279053,1.091880202293396,1.7198703289031982,1.0633260011672974,2.1487956047058105,1.628511905670166]",seeds/cell-007-321dac17de52/seed-6/checkpoint.pt,seeds/cell-007-321dac17de52/seed-6/snapshots/step-000050.pt
1,scaling-width-load-adamw-10seeds-v1,bffb1a6d15694071b753472a492474ca54484853136fedff195831ccd64433a0,cell-007-321dac17de52,7,321dac17de52650f2020f75f50532cb2b7a34b6879a150085d99b1735c742671,6,3,100,32,4,8,2,4,16,adamw,0.01,0.0,400,512,0.0,8192,0.1225518062710762,0.95751953125,0.8656210899353027,0.8725318908691406,4.605646133422852,"[1.9235130548477173,1.8730623722076416,2.7636160850524902,1.6426597833633423,1.6130971908569336,1.8361761569976807,1.6026662588119507,2.4915425777435303]","[1.5687261819839478,1.3754067420959473,1.5353206396102905,0.8269706964492798,1.7711387872695923,1.0199012756347656,2.0176823139190674,1.7312649488449097]",seeds/cell-007-321dac17de52/seed-6/checkpoint.pt,seeds/cell-007-321dac17de52/seed-6/snapshots/step-000100.pt
1,scaling-width-load-adamw-10seeds-v1,bffb1a6d15694071b753472a492474ca54484853136fedff195831ccd64433a0,cell-007-321dac17de52,7,321dac17de52650f2020f75f50532cb2b7a34b6879a150085d99b1735c742671,6,4,200,32,4,8,2,4,16,adamw,0.01,0.0,400,512,0.0,8192,0.048179991543293,0.9852294921875,0.9701637029647827,0.9938125610351562,4.284458160400391,"[2.2659568786621094,2.2552850246429443,3.4785971641540527,1.623854160308838,1.5516680479049683,2.2685365676879883,1.4841423034667969,2.7632358074188232]","[1.4020107984542847,1.2289087772369385,1.3843824863433838,0.7633593678474426,1.8592731952667236,1.122153639793396,1.968900442123413,1.8466060161590576]",seeds/cell-007-321dac17de52/seed-6/checkpoint.pt,seeds/cell-007-321dac17de52/seed-6/snapshots/step-000200.pt
1,scaling-width-load-adamw-10seeds-v1,bffb1a6d15694071b753472a492474ca54484853136fedff195831ccd64433a0,cell-007-321dac17de52,7,321dac17de52650f2020f75f50532cb2b7a34b6879a150085d99b1735c742671,6,5,400,32,4,8,2,4,16,adamw,0.01,0.0,400,512,0.0,8192,0.012583560310304165,0.996337890625,0.9851820468902588,1.0129694938659668,4.200627326965332,"[2.6003048419952393,2.561415910720825,4.223266124725342,1.7471238374710083,1.6957110166549683,2.7219793796539307,1.359289526939392,3.079549789428711]","[1.1931183338165283,0.9741780161857605,1.3581167459487915,0.7155535817146301,2.1096620559692383,1.1985012292861938,1.9285768270492554,2.0231733322143555]",seeds/cell-007-321dac17de52/seed-6/checkpoint.pt,seeds/cell-007-321dac17de52/seed-6/snapshots/step-000400.pt
1,scaling-width-load-adamw-10seeds-v1,bffb1a6d15694071b753472a492474ca54484853136fedff195831ccd64433a0,cell-007-321dac17de52,7,321dac17de52650f2020f75f50532cb2b7a34b6879a150085d99b1735c742671,7,0,0,32,4,8,2,4,16,adamw,0.01,0.0,400,512,0.0,8192,2.2411208152770996,0.55419921875,0.18707633018493652,0.18957552313804626,6.868821620941162,"[1.603026032447815,1.0735139846801758,1.3053700923919678,1.3992396593093872,2.3194823265075684,1.9346507787704468,1.057348608970642,1.3332619667053223]","[1.0054872035980225,1.3981074094772339,1.2204195261001587,1.6968889236450195,0.8450921177864075,2.199169158935547,1.3466252088546753,0.9637018442153931]",seeds/cell-007-321dac17de52/seed-7/checkpoint.pt,seeds/cell-007-321dac17de52/seed-7/snapshots/step-000000.pt
1,scaling-width-load-adamw-10seeds-v1,bffb1a6d15694071b753472a492474ca54484853136fedff195831ccd64433a0,cell-007-321dac17de52,7,321dac17de52650f2020f75f50532cb2b7a34b6879a150085d99b1735c742671,7,1,25,32,4,8,2,4,16,adamw,0.01,0.0,400,512,0.0,8192,0.7755961418151855,0.701416015625,0.2122834026813507,0.18713250756263733,6.94228458404541,"[1.6388413906097412,1.0744272470474243,1.1835150718688965,1.5798767805099487,2.227093458175659,1.7445226907730103,1.047584891319275,1.5400336980819702]","[1.1027939319610596,1.5265541076660156,1.4524954557418823,1.9304687976837158,0.8438459038734436,2.2094666957855225,1.5508713722229004,0.9259047508239746]",seeds/cell-007-321dac17de52/seed-7/checkpoint.pt,seeds/cell-007-321dac17de52/seed-7/snapshots/step-000025.pt
1,scaling-width-load-adamw-10seeds-v1,bffb1a6d15694071b753472a492474ca54484853136fedff195831ccd64433a0,cell-007-321dac17de52,7,321dac17de52650f2020f75f50532cb2b7a34b6879a150085d99b1735c742671,7,2,50,32,4,8,2,4,16,adamw,0.01,0.0,400,512,0.0,8192,0.6376203298568726,0.76220703125,0.3538331091403961,0.34505635499954224,6.455828666687012,"[1.8040138483047485,1.0707675218582153,1.4051508903503418,1.9857466220855713,2.303422451019287,1.7434053421020508,1.2982878684997559,1.5061285495758057]","[1.1379435062408447,1.5151569843292236,1.4535274505615234,2.084850788116455,0.8152925372123718,2.18853497505188,1.5257869958877563,0.8909937739372253]",seeds/cell-007-321dac17de52/seed-7/checkpoint.pt,seeds/cell-007-321dac17de52/seed-7/snapshots/step-000050.pt
1,scaling-width-load-adamw-10seeds-v1,bffb1a6d15694071b753472a492474ca54484853136fedff195831ccd64433a0,cell-007-321dac17de52,7,321dac17de52650f2020f75f50532cb2b7a34b6879a150085d99b1735c742671,7,3,100,32,4,8,2,4,16,adamw,0.01,0.0,400,512,0.0,8192,0.22439977526664734,0.92822265625,0.7994531393051147,0.8394030332565308,5.244989395141602,"[2.6969449520111084,1.0011595487594604,2.4664714336395264,2.5484721660614014,2.839972496032715,1.8888208866119385,2.2837679386138916,1.3426707983016968]","[1.39724862575531,1.425285816192627,1.5508095026016235,2.2955687046051025,0.8481613397598267,2.1678569316864014,1.4302030801773071,0.9452517032623291]",seeds/cell-007-321dac17de52/seed-7/checkpoint.pt,seeds/cell-007-321dac17de52/seed-7/snapshots/step-000100.pt
1,scaling-width-load-adamw-10seeds-v1,bffb1a6d15694071b753472a492474ca54484853136fedff195831ccd64433a0,cell-007-321dac17de52,7,321dac17de52650f2020f75f50532cb2b7a34b6879a150085d99b1735c742671,7,4,200,32,4,8,2,4,16,adamw,0.01,0.0,400,512,0.0,8192,0.03195597976446152,0.9910888671875,0.9718375205993652,0.9959056377410889,4.944554328918457,"[3.2083263397216797,0.7541052103042603,3.2127838134765625,3.268498420715332,2.727067470550537,1.6624313592910767,2.1162238121032715,1.2902095317840576]","[1.900646448135376,1.4529531002044678,1.7623920440673828,2.135143756866455,1.1341787576675415,2.084606409072876,1.3272424936294556,0.9233523011207581]",seeds/cell-007-321dac17de52/seed-7/checkpoint.pt,seeds/cell-007-321dac17de52/seed-7/snapshots/step-000200.pt
1,scaling-width-load-adamw-10seeds-v1,bffb1a6d15694071b753472a492474ca54484853136fedff195831ccd64433a0,cell-007-321dac17de52,7,321dac17de52650f2020f75f50532cb2b7a34b6879a150085d99b1735c742671,7,5,400,32,4,8,2,4,16,adamw,0.01,0.0,400,512,0.0,8192,0.006001384928822517,0.99853515625,0.9980366230010986,1.0092747211456299,5.105278015136719,"[3.4270832538604736,0.8571804761886597,3.734325408935547,3.5156991481781006,2.326050281524658,1.5555514097213745,1.8448201417922974,1.269925832748413]","[2.332594394683838,1.7056553363800049,1.7943930625915527,2.1038033962249756,1.1544561386108398,2.0577824115753174,1.276849389076233,0.9581959843635559]",seeds/cell-007-321dac17de52/seed-7/checkpoint.pt,seeds/cell-007-321dac17de52/seed-7/snapshots/step-000400.pt
1,scaling-width-load-adamw-10seeds-v1,bffb1a6d15694071b753472a492474ca54484853136fedff195831ccd64433a0,cell-007-321dac17de52,7,321dac17de52650f2020f75f50532cb2b7a34b6879a150085d99b1735c742671,8,0,0,32,4,8,2,4,16,adamw,0.01,0.0,400,512,0.0,8192,1.0295612812042236,0.55322265625,0.06342947483062744,0.06879454851150513,5.925403594970703,"[1.4774075746536255,1.7854684591293335,1.2178385257720947,1.152243971824646,0.9702256917953491,1.1448032855987549,1.3504900932312012,1.6728124618530273]","[1.4815186262130737,1.0551248788833618,0.8356828093528748,1.7456902265548706,1.2152585983276367,1.488373041152954,0.7737213373184204,1.4571927785873413]",seeds/cell-007-321dac17de52/seed-8/checkpoint.pt,seeds/cell-007-321dac17de52/seed-8/snapshots/step-000000.pt
1,scaling-width-load-adamw-10seeds-v1,bffb1a6d15694071b753472a492474ca54484853136fedff195831ccd64433a0,cell-007-321dac17de52,7,321dac17de52650f2020f75f50532cb2b7a34b6879a150085d99b1735c742671,8,1,25,32,4,8,2,4,16,adamw,0.01,0.0,400,512,0.0,8192,0.6655435562133789,0.7506103515625,0.32000118494033813,0.3001165986061096,5.642040252685547,"[1.4164427518844604,1.613214373588562,1.1112439632415771,1.3205169439315796,1.0818644762039185,1.2362024784088135,1.6153329610824585,1.6909689903259277]","[1.3905407190322876,0.9404911398887634,0.7872892022132874,2.179550886154175,1.0773168802261353,1.4719327688217163,0.9651753902435303,1.7247246503829956]",seeds/cell-007-321dac17de52/seed-8/checkpoint.pt,seeds/cell-007-321dac17de52/seed-8/snapshots/step-000025.pt
1,scaling-width-load-adamw-10seeds-v1,bffb1a6d15694071b753472a492474ca54484853136fedff195831ccd64433a0,cell-007-321dac17de52,7,321dac17de52650f2020f75f50532cb2b7a34b6879a150085d99b1735c742671,8,2,50,32,4,8,2,4,16,adamw,0.01,0.0,400,512,0.0,8192,0.403414249420166,0.8590087890625,0.5887839198112488,0.585877537727356,5.187465667724609,"[1.5525509119033813,1.6958338022232056,1.380844235420227,1.9854975938796997,1.677903652191162,1.3288501501083374,1.9813158512115479,1.8487459421157837]","[1.2716939449310303,0.8859979510307312,0.8060421943664551,2.092031955718994,1.1972415447235107,1.4628063440322876,0.998101532459259,1.7484103441238403]",seeds/cell-007-321dac17de52/seed-8/checkpoint.pt,seeds/cell-007-321dac17de52/seed-8/snapshots/step-000050.pt
1,scaling-width-load-adamw-10seeds-v1,bffb1a6d15694071b753472a492474ca54484853136fedff195831ccd64433a0,cell-007-321dac17de52,7,321dac17de52650f2020f75f50532cb2b7a34b6879a150085d99b1735c742671,8,3,100,32,4,8,2,4,16,adamw,0.01,0.0,400,512,0.0,8192,0.0912993997335434,0.9715576171875,0.9075150489807129,0.890471339225769,4.681179523468018,"[1.682268738746643,1.5077253580093384,1.654510498046875,2.6336309909820557,1.7835403680801392,1.2922714948654175,2.5387327671051025,2.1585958003997803]","[1.2057971954345703,0.7129775881767273,0.830242931842804,1.8194111585617065,1.2019524574279785,1.4620338678359985,1.2690237760543823,2.0692689418792725]",seeds/cell-007-321dac17de52/seed-8/checkpoint.pt,seeds/cell-007-321dac17de52/seed-8/snapshots/step-000100.pt
1,scaling-width-load-adamw-10seeds-v1,bffb1a6d15694071b753472a492474ca54484853136fedff195831ccd64433a0,cell-007-321dac17de52,7,321dac17de52650f2020f75f50532cb2b7a34b6879a150085d99b1735c742671,8,4,200,32,4,8,2,4,16,adamw,0.01,0.0,400,512,0.0,8192,0.02022087201476097,0.994140625,0.972998857498169,0.9688868522644043,4.476548671722412,"[1.9151564836502075,1.3623648881912231,1.8237745761871338,3.109415054321289,1.5186454057693481,1.1022188663482666,2.975306272506714,2.388700485229492]","[0.8997936248779297,0.6147569417953491,0.7224690914154053,1.6033473014831543,1.050596833229065,1.399448037147522,1.4168380498886108,2.373857259750366]",seeds/cell-007-321dac17de52/seed-8/checkpoint.pt,seeds/cell-007-321dac17de52/seed-8/snapshots/step-000200.pt
1,scaling-width-load-adamw-10seeds-v1,bffb1a6d15694071b753472a492474ca54484853136fedff195831ccd64433a0,cell-007-321dac17de52,7,321dac17de52650f2020f75f50532cb2b7a34b6879a150085d99b1735c742671,8,5,400,32,4,8,2,4,16,adamw,0.01,0.0,400,512,0.0,8192,0.007960077375173569,0.9981689453125,0.9874454140663147,0.9868423938751221,4.341736793518066,"[2.0534512996673584,1.618099570274353,2.099562168121338,3.6204090118408203,1.4746507406234741,1.028981328010559,3.27301025390625,2.545013427734375]","[0.6857742667198181,0.6652007699012756,0.8614205121994019,1.4197301864624023,1.063148021697998,1.4833950996398926,1.7190892696380615,2.7382748126983643]",seeds/cell-007-321dac17de52/seed-8/checkpoint.pt,seeds/cell-007-321dac17de52/seed-8/snapshots/step-000400.pt
1,scaling-width-load-adamw-10seeds-v1,bffb1a6d15694071b753472a492474ca54484853136fedff195831ccd64433a0,cell-007-321dac17de52,7,321dac17de52650f2020f75f50532cb2b7a34b6879a150085d99b1735c742671,9,0,0,32,4,8,2,4,16,adamw,0.01,0.0,400,512,0.0,8192,2.8344626426696777,0.3875732421875,-0.2857445180416107,-0.22850671410560608,6.742682456970215,"[0.9800448417663574,1.1793876886367798,1.7733789682388306,1.080414056777954,1.1364766359329224,1.723510980606079,1.7772654294967651,0.8293948769569397]","[1.8692196607589722,1.0194028615951538,0.9068048596382141,1.2778412103652954,1.3287122249603271,1.0753092765808105,1.3139396905899048,1.4858129024505615]",seeds/cell-007-321dac17de52/seed-9/checkpoint.pt,seeds/cell-007-321dac17de52/seed-9/snapshots/step-000000.pt
1,scaling-width-load-adamw-10seeds-v1,bffb1a6d15694071b753472a492474ca54484853136fedff195831ccd64433a0,cell-007-321dac17de52,7,321dac17de52650f2020f75f50532cb2b7a34b6879a150085d99b1735c742671,9,1,25,32,4,8,2,4,16,adamw,0.01,0.0,400,512,0.0,8192,0.8895183205604553,0.6304931640625,0.0792420282959938,0.06035216897726059,6.322027683258057,"[1.1115180253982544,1.296612024307251,1.9750114679336548,1.2367240190505981,1.1419193744659424,1.9208201169967651,1.9588757753372192,0.807913064956665]","[2.071367025375366,1.1412196159362793,1.0637454986572266,1.4095814228057861,1.3625881671905518,1.4706016778945923,1.601177453994751,1.2007349729537964]",seeds/cell-007-321dac17de52/seed-9/checkpoint.pt,seeds/cell-007-321dac17de52/seed-9/snapshots/step-000025.pt
1,scaling-width-load-adamw-10seeds-v1,bffb1a6d15694071b753472a492474ca54484853136fedff195831ccd64433a0,cell-007-321dac17de52,7,321dac17de52650f2020f75f50532cb2b7a34b6879a150085d99b1735c742671,9,2,50,32,4,8,2,4,16,adamw,0.01,0.0,400,512,0.0,8192,0.7520273327827454,0.7059326171875,0.2502736449241638,0.19261936843395233,5.982508182525635,"[1.0240129232406616,1.3310378789901733,2.0500659942626953,1.3344281911849976,1.1642305850982666,2.2827210426330566,1.9710441827774048,0.8754310011863708]","[2.028564691543579,1.0435807704925537,1.038010597229004,1.407538890838623,1.4469106197357178,1.6535141468048096,1.8469524383544922,1.1710138320922852]",seeds/cell-007-321dac17de52/seed-9/checkpoint.pt,seeds/cell-007-321dac17de52/seed-9/snapshots/step-000050.pt
1,scaling-width-load-adamw-10seeds-v1,bffb1a6d15694071b753472a492474ca54484853136fedff195831ccd64433a0,cell-007-321dac17de52,7,321dac17de52650f2020f75f50532cb2b7a34b6879a150085d99b1735c742671,9,3,100,32,4,8,2,4,16,adamw,0.01,0.0,400,512,0.0,8192,0.47700241208076477,0.830810546875,0.5390340089797974,0.47943413257598877,4.0269575119018555,"[1.1630222797393799,2.016838312149048,2.833620548248291,1.906045913696289,1.3582074642181396,2.835594892501831,2.3424453735351562,0.9227014780044556]","[1.9207664728164673,1.0983455181121826,0.9830777645111084,1.596785306930542,1.4676731824874878,1.6213922500610352,1.9256591796875,1.1479077339172363]",seeds/cell-007-321dac17de52/seed-9/checkpoint.pt,seeds/cell-007-321dac17de52/seed-9/snapshots/step-000100.pt
1,scaling-width-load-adamw-10seeds-v1,bffb1a6d15694071b753472a492474ca54484853136fedff195831ccd64433a0,cell-007-321dac17de52,7,321dac17de52650f2020f75f50532cb2b7a34b6879a150085d99b1735c742671,9,4,200,32,4,8,2,4,16,adamw,0.01,0.0,400,512,0.0,8192,0.14102067053318024,0.9542236328125,0.8773890137672424,0.8517847061157227,3.777437448501587,"[3.296874761581421,2.152724504470825,3.916823148727417,2.0871469974517822,1.950339436531067,3.245805025100708,3.006455898284912,0.8747650384902954]","[1.9169176816940308,1.1208994388580322,1.1420369148254395,1.482396125793457,1.3732939958572388,1.2794106006622314,1.878519892692566,1.1579729318618774]",seeds/cell-007-321dac17de52/seed-9/checkpoint.pt,seeds/cell-007-321dac17de52/seed-9/snapshots/step-000200.pt
1,scaling-width-load-adamw-10seeds-v1,bffb1a6d15694071b753472a492474ca54484853136fedff195831ccd64433a0,cell-007-321dac17de52,7,321dac17de52650f2020f75f50532cb2b7a34b6879a150085d99b1735c742671,9,5,400,32,4,8,2,4,16,adamw,0.01,0.0,400,512,0.0,8192,0.04548216238617897,0.98583984375,0.9695839881896973,0.9490675926208496,3.9584338665008545,"[4.356042861938477,1.8740864992141724,4.888415336608887,2.3528435230255127,2.1357247829437256,3.2764787673950195,3.229292631149292,0.9111032485961914]","[1.7897289991378784,0.983156144618988,1.3297425508499146,1.5190629959106445,1.3045322895050049,1.253576636314392,2.053861618041992,1.0389602184295654]",seeds/cell-007-321dac17de52/seed-9/checkpoint.pt,seeds/cell-007-321dac17de52/seed-9/snapshots/step-000400.pt
1,scaling-width-load-adamw-10seeds-v1,bffb1a6d15694071b753472a492474ca54484853136fedff195831ccd64433a0,cell-008-394e1fcba5ff,8,394e1fcba5ff8a3167757a0b838ea7ed95fe525bdcbfa1e85baab4a0b1c07e50,0,0,0,32,4,32,2,1,,adamw,0.01,0.0,400,512,0.0,8192,1.109715223312378,0.5350341796875,0.03279793635010719,0.0833292007446289,16.392681121826172,"[5.91956090927124,5.822716236114502]","[5.895805835723877,5.894156455993652]",seeds/cell-008-394e1fcba5ff/seed-0/checkpoint.pt,seeds/cell-008-394e1fcba5ff/seed-0/snapshots/step-000000.pt
1,scaling-width-load-adamw-10seeds-v1,bffb1a6d15694071b753472a492474ca54484853136fedff195831ccd64433a0,cell-008-394e1fcba5ff,8,394e1fcba5ff8a3167757a0b838ea7ed95fe525bdcbfa1e85baab4a0b1c07e50,0,1,25,32,4,32,2,1,,adamw,0.01,0.0,400,512,0.0,8192,0.7709019184112549,0.7080078125,0.17965368926525116,0.17739200592041016,15.304594039916992,"[6.507472038269043,6.108139991760254]","[6.785131931304932,6.831772327423096]",seeds/cell-008-394e1fcba5ff/seed-0/checkpoint.pt,seeds/cell-008-394e1fcba5ff/seed-0/snapshots/step-000025.pt
1,scaling-width-load-adamw-10seeds-v1,bffb1a6d15694071b753472a492474ca54484853136fedff195831ccd64433a0,cell-008-394e1fcba5ff,8,394e1fcba5ff8a3167757a0b838ea7ed95fe525bdcbfa1e85baab4a0b1c07e50,0,2,50,32,4,32,2,1,,adamw,0.01,0.0,400,512,0.0,8192,0.024195224046707153,0.998779296875,0.9500240087509155,0.9472198486328125,10.861576080322266,"[10.61492919921875,6.269699573516846]","[7.446238994598389,6.747119903564453]",seeds/cell-008-394e1fcba5ff/seed-0/checkpoint.pt,seeds/cell-008-394e1fcba5ff/seed-0/snapshots/step-000050.pt
1,scaling-width-load-adamw-10seeds-v1,bffb1a6d15694071b753472a492474ca54484853136fedff195831ccd64433a0,cell-008-394e1fcba5ff,8,394e1fcba5ff8a3167757a0b838ea7ed95fe525bdcbfa1e85baab4a0b1c07e50,0,3,100,32,4,32,2,1,,adamw,0.01,0.0,400,512,0.0,8192,0.0009170814882963896,1.0,0.9968606233596802,0.9941786527633667,10.34346866607666,"[12.493306159973145,6.271942138671875]","[7.590527534484863,6.719655990600586]",seeds/cell-008-394e1fcba5ff/seed-0/checkpoint.pt,seeds/cell-008-394e1fcba5ff/seed-0/snapshots/step-000100.pt
1,scaling-width-load-adamw-10seeds-v1,bffb1a6d15694071b753472a492474ca54484853136fedff195831ccd64433a0,cell-008-394e1fcba5ff,8,394e1fcba5ff8a3167757a0b838ea7ed95fe525bdcbfa1e85baab4a0b1c07e50,0,4,200,32,4,32,2,1,,adamw,0.01,0.0,400,512,0.0,8192,0.00041697456617839634,1.0,0.9989646077156067,0.9964922070503235,10.29764461517334,"[12.783731460571289,6.236617088317871]","[7.630638599395752,6.698670864105225]",seeds/cell-008-394e1fcba5ff/seed-0/checkpoint.pt,seeds/cell-008-394e1fcba5ff/seed-0/snapshots/step-000200.pt
1,scaling-width-load-adamw-10seeds-v1,bffb1a6d15694071b753472a492474ca54484853136fedff195831ccd64433a0,cell-008-394e1fcba5ff,8,394e1fcba5ff8a3167757a0b838ea7ed95fe525bdcbfa1e85baab4a0b1c07e50,0,5,400,32,4,32,2,1,,adamw,0.01,0.0,400,512,0.0,8192,0.00017788483819458634,1.0,0.999957799911499,0.9970538020133972,10.210659980773926,"[13.102798461914062,6.235696315765381]","[7.691244125366211,6.664662837982178]",seeds/cell-008-394e1fcba5ff/seed-0/checkpoint.pt,seeds/cell-008-394e1fcba5ff/seed-0/snapshots/step-000400.pt
1,scaling-width-load-adamw-10seeds-v1,bffb1a6d15694071b753472a492474ca54484853136fedff195831ccd64433a0,cell-008-394e1fcba5ff,8,394e1fcba5ff8a3167757a0b838ea7ed95fe525bdcbfa1e85baab4a0b1c07e50,1,0,0,32,4,32,2,1,,adamw,0.01,0.0,400,512,0.0,8192,1.3241407871246338,0.57666015625,0.1729019284248352,0.11128406971693039,14.999160766601562,"[5.802510738372803,5.820503234863281]","[5.625304222106934,5.711930751800537]",seeds/cell-008-394e1fcba5ff/seed-1/checkpoint.pt,seeds/cell-008-394e1fcba5ff/seed-1/snapshots/step-000000.pt
1,scaling-width-load-adamw-10seeds-v1,bffb1a6d15694071b753472a492474ca54484853136fedff195831ccd64433a0,cell-008-394e1fcba5ff,8,394e1fcba5ff8a3167757a0b838ea7ed95fe525bdcbfa1e85baab4a0b1c07e50,1,1,25,32,4,32,2,1,,adamw,0.01,0.0,400,512,0.0,8192,0.7974612712860107,0.694091796875,0.17100350558757782,0.16330267488956451,14.2144136428833,"[7.257494926452637,7.803362846374512]","[7.051547050476074,7.666137218475342]",seeds/cell-008-394e1fcba5ff/seed-1/checkpoint.pt,seeds/cell-008-394e1fcba5ff/seed-1/snapshots/step-000025.pt
1,scaling-width-load-adamw-10seeds-v1,bffb1a6d15694071b753472a492474ca54484853136fedff195831ccd64433a0,cell-008-394e1fcba5ff,8,394e1fcba5ff8a3167757a0b838ea7ed95fe525bdcbfa1e85baab4a0b1c07e50,1,2,50,32,4,32,2,1,,adamw,0.01,0.0,400,512,0.0,8192,0.06383295357227325,0.9940185546875,0.9962643384933472,1.0006963014602661,11.283085823059082,"[10.127396583557129,7.895974159240723]","[7.773958206176758,7.613284587860107]",seeds/cell-008-394e1fcba5ff/seed-1/checkpoint.pt,seeds/cell-008-394e1fcba5ff/seed-1/snapshots/step-000050.pt
1,scaling-width-load-adamw-10seeds-v1,bffb1a6d15694071b753472a492474ca54484853136fedff195831ccd64433a0,cell-008-394e1fcba5ff,8,394e1fcba5ff8a3167757a0b838ea7ed95fe525bdcbfa1e85baab4a0b1c07e50,1,3,100,32,4,32,2,1,,adamw,0.01,0.0,400,512,0.0,8192,0.0029462086968123913,1.0,0.9927912950515747,0.9972032308578491,10.646130561828613,"[12.34638786315918,7.837637901306152]","[7.928708553314209,7.630434036254883]",seeds/cell-008-394e1fcba5ff/seed-1/checkpoint.pt,seeds/cell-008-394e1fcba5ff/seed-1/snapshots/step-000100.pt
1,scaling-width-load-adamw-10seeds-v1,bffb1a6d15694071b753472a492474ca54484853136fedff195831ccd64433a0,cell-008-394e1fcba5ff,8,394e1fcba5ff8a3167757a0b838ea7ed95fe525bdcbfa1e85baab4a0b1c07e50,1,4,200,32,4,32,2,1,,adamw,0.01,0.0,400,512,0.0,8192,0.0008290524128824472,1.0,0.9984521865844727,1.001624345779419,10.558237075805664,"[12.848814010620117,7.789852142333984]","[7.998280048370361,7.583620071411133]",seeds/cell-008-394e1fcba5ff/seed-1/checkpoint.pt,seeds/cell-008-394e1fcba5ff/seed-1/snapshots/step-000200.pt
1,scaling-width-load-adamw-10seeds-v1,bffb1a6d15694071b753472a492474ca54484853136fedff195831ccd64433a0,cell-008-394e1fcba5ff,8,394e1fcba5ff8a3167757a0b838ea7ed95fe525bdcbfa1e85baab4a0b1c07e50,1,5,400,32,4,32,2,1,,adamw,0.01,0.0,400,512,0.0,8192,0.00033174105919897556,1.0,0.998408317565918,1.0007739067077637,10.522334098815918,"[13.342674255371094,7.723714828491211]","[8.071593284606934,7.523074150085449]",seeds/cell-008-394e1fcba5ff/seed-1/checkpoint.pt,seeds/cell-008-394e1fcba5ff/seed-1/snapshots/step-000400.pt
1,scaling-width-load-adamw-10seeds-v1,bffb1a6d15694071b753472a492474ca54484853136fedff195831ccd64433a0,cell-008-394e1fcba5ff,8,394e1fcba5ff8a3167757a0b838ea7ed95fe525bdcbfa1e85baab4a0b1c07e50,2,0,0,32,4,32,2,1,,adamw,0.01,0.0,400,512,0.0,8192,1.426095724105835,0.546142578125,0.08438791334629059,0.07014231383800507,16.096811294555664,"[5.691256046295166,5.995761871337891]","[5.431280136108398,5.322733402252197]",seeds/cell-008-394e1fcba5ff/seed-2/checkpoint.pt,seeds/cell-008-394e1fcba5ff/seed-2/snapshots/step-000000.pt
1,scaling-width-load-adamw-10seeds-v1,bffb1a6d15694071b753472a492474ca54484853136fedff195831ccd64433a0,cell-008-394e1fcba5ff,8,394e1fcba5ff8a3167757a0b838ea7ed95fe525bdcbfa1e85baab4a0b1c07e50,2,1,25,32,4,32,2,1,,adamw,0.01,0.0,400,512,0.0,8192,0.9403166770935059,0.5823974609375,0.10056232661008835,0.07685922831296921,15.567300796508789,"[6.932964324951172,7.238736152648926]","[6.6932268142700195,6.735638618469238]",seeds/cell-008-394e1fcba5ff/seed-2/checkpoint.pt,seeds/cell-008-394e1fcba5ff/seed-2/snapshots/step-000025.pt
1,scaling-width-load-adamw-10seeds-v1,bffb1a6d15694071b753472a492474ca54484853136fedff195831ccd64433a0,cell-008-394e1fcba5ff,8,394e1fcba5ff8a3167757a0b838ea7ed95fe525bdcbfa1e85baab4a0b1c07e50,2,2,50,32,4,32,2,1,,adamw,0.01,0.0,400,512,0.0,8192,0.8845915794372559,0.6300048828125,0.1109798401594162,0.0759592354297638,15.296890258789062,"[7.1555705070495605,7.746870994567871]","[6.920995235443115,6.976563930511475]",seeds/cell-008-394e1fcba5ff/seed-2/checkpoint.pt,seeds/cell-008-394e1fcba5ff/seed-2/snapshots/step-000050.pt
1,scaling-width-load-adamw-10seeds-v1,bffb1a6d15694071b753472a492474ca54484853136fedff195831ccd64433a0,cell-008-394e1fcba5ff,8,394e1fcba5ff8a3167757a0b838ea7ed95fe525bdcbfa1e85baab4a0b1c07e50,2,3,100,32,4,32,2,1,,adamw,0.01,0.0,400,512,0.0,8192,0.8338292837142944,0.6474609375,0.15666508674621582,0.09432312846183777,14.880202293395996,"[7.624395370483398,9.036624908447266]","[6.936203956604004,7.062937259674072]",seeds/cell-008-394e1fcba5ff/seed-2/checkpoint.pt,seeds/cell-008-394e1fcba5ff/seed-2/snapshots/step-000100.pt
1,scaling-width-load-adamw-10seeds-v1,bffb1a6d15694071b753472a492474ca54484853136fedff195831ccd64433a0,cell-008-394e1fcba5ff,8,394e1fcba5ff8a3167757a0b838ea7ed95fe525bdcbfa1e85baab4a0b1c07e50,2,4,200,32,4,32,2,1,,adamw,0.01,0.0,400,512,0.0,8192,0.793697714805603,0.685546875,0.21847198903560638,0.12526224553585052,14.964414596557617,"[8.724925994873047,10.937726974487305]","[6.7931904792785645,7.1974358558654785]",seeds/cell-008-394e1fcba5ff/seed-2/checkpoint.pt,seeds/cell-008-394e1fcba5ff/seed-2/snapshots/step-000200.pt
1,scaling-width-load-adamw-10seeds-v1,bffb1a6d15694071b753472a492474ca54484853136fedff195831ccd64433a0,cell-008-394e1fcba5ff,8,394e1fcba5ff8a3167757a0b838ea7ed95fe525bdcbfa1e85baab4a0b1c07e50,2,5,400,32,4,32,2,1,,adamw,0.01,0.0,400,512,0.0,8192,0.773901104927063,0.6866455078125,0.2549360394477844,0.14566920697689056,14.296537399291992,"[9.709372520446777,10.913140296936035]","[6.725700855255127,7.606277942657471]",seeds/cell-008-394e1fcba5ff/seed-2/checkpoint.pt,seeds/cell-008-394e1fcba5ff/seed-2/snapshots/step-000400.pt
1,scaling-width-load-adamw-10seeds-v1,bffb1a6d15694071b753472a492474ca54484853136fedff195831ccd64433a0,cell-008-394e1fcba5ff,8,394e1fcba5ff8a3167757a0b838ea7ed95fe525bdcbfa1e85baab4a0b1c07e50,3,0,0,32,4,32,2,1,,adamw,0.01,0.0,400,512,0.0,8192,1.712178349494934,0.438720703125,-0.10221543908119202,-0.11319992691278458,15.558540344238281,"[5.604912757873535,5.916717052459717]","[5.643420219421387,5.433686256408691]",seeds/cell-008-394e1fcba5ff/seed-3/checkpoint.pt,seeds/cell-008-394e1fcba5ff/seed-3/snapshots/step-000000.pt
1,scaling-width-load-adamw-10seeds-v1,bffb1a6d15694071b753472a492474ca54484853136fedff195831ccd64433a0,cell-008-394e1fcba5ff,8,394e1fcba5ff8a3167757a0b838ea7ed95fe525bdcbfa1e85baab4a0b1c07e50,3,1,25,32,4,32,2,1,,adamw,0.01,0.0,400,512,0.0,8192,0.9618234038352966,0.581298828125,0.03425005078315735,0.03492100164294243,15.263705253601074,"[5.823575019836426,6.57546329498291]","[6.802937030792236,6.498596668243408]",seeds/cell-008-394e1fcba5ff/seed-3/checkpoint.pt,seeds/cell-008-394e1fcba5ff/seed-3/snapshots/step-000025.pt
1,scaling-width-load-adamw-10seeds-v1,bffb1a6d15694071b753472a492474ca54484853136fedff195831ccd64433a0,cell-008-394e1fcba5ff,8,394e1fcba5ff8a3167757a0b838ea7ed95fe525bdcbfa1e85baab4a0b1c07e50,3,2,50,32,4,32,2,1,,adamw,0.01,0.0,400,512,0.0,8192,0.680594265460968,0.7564697265625,0.2612670361995697,0.24849361181259155,15.113327980041504,"[6.149529457092285,6.670355796813965]","[7.102568626403809,6.53555154800415]",seeds/cell-008-394e1fcba5ff/seed-3/checkpoint.pt,seeds/cell-008-394e1fcba5ff/seed-3/snapshots/step-000050.pt
1,scaling-width-load-adamw-10seeds-v1,bffb1a6d15694071b753472a492474ca54484853136fedff195831ccd64433a0,cell-008-394e1fcba5ff,8,394e1fcba5ff8a3167757a0b838ea7ed95fe525bdcbfa1e85baab4a0b1c07e50,3,3,100,32,4,32,2,1,,adamw,0.01,0.0,400,512,0.0,8192,0.0026629455387592316,1.0,1.0002143383026123,0.998458743095398,10.934402465820312,"[11.73568344116211,6.769712448120117]","[7.597320556640625,6.323219299316406]",seeds/cell-008-394e1fcba5ff/seed-3/checkpoint.pt,seeds/cell-008-394e1fcba5ff/seed-3/snapshots/step-000100.pt
1,scaling-width-load-adamw-10seeds-v1,bffb1a6d15694071b753472a492474ca54484853136fedff195831ccd64433a0,cell-008-394e1fcba5ff,8,394e1fcba5ff8a3167757a0b838ea7ed95fe525bdcbfa1e85baab4a0b1c07e50,3,4,200,32,4,32,2,1,,adamw,0.01,0.0,400,512,0.0,8192,0.0005185514455661178,1.0,0.9995642900466919,0.9972718954086304,10.829483985900879,"[12.130621910095215,6.766907215118408]","[7.647478103637695,6.310571193695068]",seeds/cell-008-394e1fcba5ff/seed-3/checkpoint.pt,seeds/cell-008-394e1fcba5ff/seed-3/snapshots/step-000200.pt
1,scaling-width-load-adamw-10seeds-v1,bffb1a6d15694071b753472a492474ca54484853136fedff195831ccd64433a0,cell-008-394e1fcba5ff,8,394e1fcba5ff8a3167757a0b838ea7ed95fe525bdcbfa1e85baab4a0b1c07e50,3,5,400,32,4,32,2,1,,adamw,0.01,0.0,400,512,0.0,8192,0.00019580250955186784,1.0,0.9987287521362305,0.9963704347610474,10.765210151672363,"[12.453934669494629,6.768142223358154]","[7.701949119567871,6.28576135635376]",seeds/cell-008-394e1fcba5ff/seed-3/checkpoint.pt,seeds/cell-008-394e1fcba5ff/seed-3/snapshots/step-000400.pt
1,scaling-width-load-adamw-10seeds-v1,bffb1a6d15694071b753472a492474ca54484853136fedff195831ccd64433a0,cell-008-394e1fcba5ff,8,394e1fcba5ff8a3167757a0b838ea7ed95fe525bdcbfa1e85baab4a0b1c07e50,4,0,0,32,4,32,2,1,,adamw,0.01,0.0,400,512,0.0,8192,3.537956476211548,0.48583984375,-0.1522422432899475,-0.09919356554746628,15.82319164276123,"[5.54931116104126,5.257793426513672]","[6.0714874267578125,5.64614725112915]",seeds/cell-008-394e1fcba5ff/seed-4/checkpoint.pt,seeds/cell-008-394e1fcba5ff/seed-4/snapshots/step-000000.pt
1,scaling-width-load-adamw-10seeds-v1,bffb1a6d15694071b753472a492474ca54484853136fedff195831ccd64433a0,cell-008-394e1fcba5ff,8,394e1fcba5ff8a3167757a0b838ea7ed95fe525bdcbfa1e85baab4a0b1c07e50,4,1,25,32,4,32,2,1,,adamw,0.01,0.0,400,512,0.0,8192,0.84513920545578,0.667236328125,0.1683315932750702,0.15632738173007965,15.13554859161377,"[6.625034332275391,6.530181884765625]","[7.270122051239014,7.131194114685059]",seeds/cell-008-394e1fcba5ff/seed-4/checkpoint.pt,seeds/cell-008-394e1fcba5ff/seed-4/snapshots/step-000025.pt
1,scaling-width-load-adamw-10seeds-v1,bffb1a6d15694071b753472a492474ca54484853136fedff195831ccd64433a0,cell-008-394e1fcba5ff,8,394e1fcba5ff8a3167757a0b838ea7ed95fe525bdcbfa1e85baab4a0b1c07e50,4,2,50,32,4,32,2,1,,adamw,0.01,0.0,400,512,0.0,8192,0.10002171993255615,0.984375,0.9312968254089355,0.9297672510147095,11.85925006866455,"[9.268771171569824,6.826012134552002]","[7.642215728759766,7.089639186859131]",seeds/cell-008-394e1fcba5ff/seed-4/checkpoint.pt,seeds/cell-008-394e1fcba5ff/seed-4/snapshots/step-000050.pt
1,scaling-width-load-adamw-10seeds-v1,bffb1a6d15694071b753472a492474ca54484853136fedff195831ccd64433a0,cell-008-394e1fcba5ff,8,394e1fcba5ff8a3167757a0b838ea7ed95fe525bdcbfa1e85baab4a0b1c07e50,4,3,100,32,4,32,2,1,,adamw,0.01,0.0,400,512,0.0,8192,0.0017114011570811272,1.0,0.9958000183105469,0.9957301616668701,11.108902931213379,"[11.914586067199707,7.084962368011475]","[7.767599105834961,7.088691711425781]",seeds/cell-008-394e1fcba5ff/seed-4/checkpoint.pt,seeds/cell-008-394e1fcba5ff/seed-4/snapshots/step-000100.pt
1,scaling-width-load-adamw-10seeds-v1,bffb1a6d15694071b753472a492474ca54484853136fedff195831ccd64433a0,cell-008-394e1fcba5ff,8,394e1fcba5ff8a3167757a0b838ea7ed95fe525bdcbfa1e85baab4a0b1c07e50,4,4,200,32,4,32,2,1,,adamw,0.01,0.0,400,512,0.0,8192,0.0005814418545924127,1.0,0.9986312985420227,1.0013405084609985,11.017407417297363,"[12.321452140808105,7.109262943267822]","[7.810244560241699,7.06803560256958]",seeds/cell-008-394e1fcba5ff/seed-4/checkpoint.pt,seeds/cell-008-394e1fcba5ff/seed-4/snapshots/step-000200.pt
1,scaling-width-load-adamw-10seeds-v1,bffb1a6d15694071b753472a492474ca54484853136fedff195831ccd64433a0,cell-008-394e1fcba5ff,8,394e1fcba5ff8a3167757a0b838ea7ed95fe525bdcbfa1e85baab4a0b1c07e50,4,5,400,32,4,32,2,1,,adamw,0.01,0.0,400,512,0.0,8192,0.0002617251593619585,1.0,0.9997032880783081,1.0027741193771362,10.934800148010254,"[12.730234146118164,7.210192680358887]","[7.867140293121338,7.039166450500488]",seeds/cell-008-394e1fcba5ff/seed-4/checkpoint.pt,seeds/cell-008-394e1fcba5ff/seed-4/snapshots/step-000400.pt
1,scaling-width-load-adamw-10seeds-v1,bffb1a6d15694071b753472a492474ca54484853136fedff195831ccd64433a0,cell-008-394e1fcba5ff,8,394e1fcba5ff8a3167757a0b838ea7ed95fe525bdcbfa1e85baab4a0b1c07e50,5,0,0,32,4,32,2,1,,adamw,0.01,0.0,400,512,0.0,8192,1.5294561386108398,0.4329833984375,-0.09080525487661362,-0.0350835919380188,15.994446754455566,"[5.873680591583252,5.73052978515625]","[5.725881099700928,5.274127006530762]",seeds/cell-008-394e1fcba5ff/seed-5/checkpoint.pt,seeds/cell-008-394e1fcba5ff/seed-5/snapshots/step-000000.pt
1,scaling-width-load-adamw-10seeds-v1,bffb1a6d15694071b753472a492474ca54484853136fedff195831ccd64433a0,cell-008-394e1fcba5ff,8,394e1fcba5ff8a3167757a0b838ea7ed95fe525bdcbfa1e85baab4a0b1c07e50,5,1,25,32,4,32,2,1,,adamw,0.01,0.0,400,512,0.0,8192,0.9473854899406433,0.52294921875,0.060619257390499115,0.05340118706226349,14.588754653930664,"[6.952333927154541,6.350907325744629]","[7.505193710327148,6.1040873527526855]",seeds/cell-008-394e1fcba5ff/seed-5/checkpoint.pt,seeds/cell-008-394e1fcba5ff/seed-5/snapshots/step-000025.pt
1,scaling-width-load-adamw-10seeds-v1,bffb1a6d15694071b753472a492474ca54484853136fedff195831ccd64433a0,cell-008-394e1fcba5ff,8,394e1fcba5ff8a3167757a0b838ea7ed95fe525bdcbfa1e85baab4a0b1c07e50,5,2,50,32,4,32,2,1,,adamw,0.01,0.0,400,512,0.0,8192,0.7803799510002136,0.6898193359375,0.21920713782310486,0.199715718626976,14.127720832824707,"[7.186600685119629,6.466797828674316]","[7.694362163543701,6.309871196746826]",seeds/cell-008-394e1fcba5ff/seed-5/checkpoint.pt,seeds/cell-008-394e1fcba5ff/seed-5/snapshots/step-000050.pt
1,scaling-width-load-adamw-10seeds-v1,bffb1a6d15694071b753472a492474ca54484853136fedff195831ccd64433a0,cell-008-394e1fcba5ff,8,394e1fcba5ff8a3167757a0b838ea7ed95fe525bdcbfa1e85baab4a0b1c07e50,5,3,100,32,4,32,2,1,,adamw,0.01,0.0,400,512,0.0,8192,0.01912359893321991,0.997314453125,0.9851189851760864,0.9971605539321899,9.861255645751953,"[11.562397956848145,7.187739849090576]","[8.106022834777832,6.612002849578857]",seeds/cell-008-394e1fcba5ff/seed-5/checkpoint.pt,seeds/cell-008-394e1fcba5ff/seed-5/snapshots/step-000100.pt
1,scaling-width-load-adamw-10seeds-v1,bffb1a6d15694071b753472a492474ca54484853136fedff195831ccd64433a0,cell-008-394e1fcba5ff,8,394e1fcba5ff8a3167757a0b838ea7ed95fe525bdcbfa1e85baab4a0b1c07e50,5,4,200,32,4,32,2,1,,adamw,0.01,0.0,400,512,0.0,8192,0.0003358745889272541,1.0,1.0001122951507568,1.008181095123291,9.670196533203125,"[12.520773887634277,7.333104610443115]","[8.276801109313965,6.685107707977295]",seeds/cell-008-394e1fcba5ff/seed-5/checkpoint.pt,seeds/cell-008-394e1fcba5ff/seed-5/snapshots/step-000200.pt
1,scaling-width-load-adamw-10seeds-v1,bffb1a6d15694071b753472a492474ca54484853136fedff195831ccd64433a0,cell-008-394e1fcba5ff,8,394e1fcba5ff8a3167757a0b838ea7ed95fe525bdcbfa1e85baab4a0b1c07e50,5,5,400,32,4,32,2,1,,adamw,0.01,0.0,400,512,0.0,8192,0.00012223112571518868,1.0,1.0016450881958008,1.0072497129440308,9.655035018920898,"[12.605772018432617,7.3222808837890625]","[8.325451850891113,6.706920623779297]",seeds/cell-008-394e1fcba5ff/seed-5/checkpoint.pt,seeds/cell-008-394e1fcba5ff/seed-5/snapshots/step-000400.pt
1,scaling-width-load-adamw-10seeds-v1,bffb1a6d15694071b753472a492474ca54484853136fedff195831ccd64433a0,cell-008-394e1fcba5ff,8,394e1fcba5ff8a3167757a0b838ea7ed95fe525bdcbfa1e85baab4a0b1c07e50,6,0,0,32,4,32,2,1,,adamw,0.01,0.0,400,512,0.0,8192,1.191037654876709,0.479248046875,-0.015563979744911194,-0.029562730342149734,16.631546020507812,"[5.600937843322754,5.855378150939941]","[5.484571933746338,5.4244232177734375]",seeds/cell-008-394e1fcba5ff/seed-6/checkpoint.pt,seeds/cell-008-394e1fcba5ff/seed-6/snapshots/step-000000.pt
1,scaling-width-load-adamw-10seeds-v1,bffb1a6d15694071b753472a492474ca54484853136fedff195831ccd64433a0,cell-008-394e1fcba5ff,8,394e1fcba5ff8a3167757a0b838ea7ed95fe525bdcbfa1e85baab4a0b1c07e50,6,1,25,32,4,32,2,1,,adamw,0.01,0.0,400,512,0.0,8192,0.7548450827598572,0.711669921875,0.20744380354881287,0.1767559051513672,15.763458251953125,"[5.959465026855469,6.462643146514893]","[6.786342620849609,6.112990379333496]",seeds/cell-008-394e1fcba5ff/seed-6/checkpoint.pt,seeds/cell-008-394e1fcba5ff/seed-6/snapshots/step-000025.pt
1,scaling-width-load-adamw-10seeds-v1,bffb1a6d15694071b753472a492474ca54484853136fedff195831ccd64433a0,cell-008-394e1fcba5ff,8,394e1fcba5ff8a3167757a0b838ea7ed95fe525bdcbfa1e85baab4a0b1c07e50,6,2,50,32,4,32,2,1,,adamw,0.01,0.0,400,512,0.0,8192,0.019751306623220444,0.9998779296875,1.0231739282608032,1.0279526710510254,11.465458869934082,"[9.52144718170166,6.741541385650635]","[7.533296585083008,6.05728006362915]",seeds/cell-008-394e1fcba5ff/seed-6/checkpoint.pt,seeds/cell-008-394e1fcba5ff/seed-6/snapshots/step-000050.pt
1,scaling-width-load-adamw-10seeds-v1,bffb1a6d15694071b753472a492474ca54484853136fedff195831ccd64433a0,cell-008-394e1fcba5ff,8,394e1fcba5ff8a3167757a0b838ea7ed95fe525bdcbfa1e85baab4a0b1c07e50,6,3,100,32,4,32,2,1,,adamw,0.01,0.0,400,512,0.0,8192,0.0004951262380927801,1.0,0.998105525970459,1.0030510425567627,10.906187057495117,"[11.419452667236328,6.990260124206543]","[7.81853723526001,6.062712669372559]",seeds/cell-008-394e1fcba5ff/seed-6/checkpoint.pt,seeds/cell-008-394e1fcba5ff/seed-6/snapshots/step-000100.pt
1,scaling-width-load-adamw-10seeds-v1,bffb1a6d15694071b753472a492474ca54484853136fedff195831ccd64433a0,cell-008-394e1fcba5ff,8,394e1fcba5ff8a3167757a0b838ea7ed95fe525bdcbfa1e85baab4a0b1c07e50,6,4,200,32,4,32,2,1,,adamw,0.01,0.0,400,512,0.0,8192,0.00020706787472590804,1.0,0.9984413385391235,1.0030772686004639,10.868128776550293,"[11.635926246643066,7.000628471374512]","[7.860668659210205,6.044182777404785]",seeds/cell-008-394e1fcba5ff/seed-6/checkpoint.pt,seeds/cell-008-394e1fcba5ff/seed-6/snapshots/step-000200.pt
1,scaling-width-load-adamw-10seeds-v1,bffb1a6d15694071b753472a492474ca54484853136fedff195831ccd64433a0,cell-008-394e1fcba5ff,8,394e1fcba5ff8a3167757a0b838ea7ed95fe525bdcbfa1e85baab4a0b1c07e50,6,5,400,32,4,32,2,1,,adamw,0.01,0.0,400,512,0.0,8192,0.00010262192517984658,1.0,1.0010671615600586,1.0054419040679932,10.815768241882324,"[11.889391899108887,7.00720739364624]","[7.926697254180908,6.0087690353393555]",seeds/cell-008-394e1fcba5ff/seed-6/checkpoint.pt,seeds/cell-008-394e1fcba5ff/seed-6/snapshots/step-000400.pt
1,scaling-width-load-adamw-10seeds-v1,bffb1a6d15694071b753472a492474ca54484853136fedff195831ccd64433a0,cell-008-394e1fcba5ff,8,394e1fcba5ff8a3167757a0b838ea7ed95fe525bdcbfa1e85baab4a0b1c07e50,7,0,0,32,4,32,2,1,,adamw,0.01,0.0,400,512,0.0,8192,1.5314044952392578,0.4530029296875,-0.07126465439796448,-0.05816495418548584,15.323434829711914,"[5.660555839538574,5.563651084899902]","[5.759734630584717,5.501108646392822]",seeds/cell-008-394e1fcba5ff/seed-7/checkpoint.pt,seeds/cell-008-394e1fcba5ff/seed-7/snapshots/step-000000.pt
1,scaling-width-load-adamw-10seeds-v1,bffb1a6d15694071b753472a492474ca54484853136fedff195831ccd64433a0,cell-008-394e1fcba5ff,8,394e1fcba5ff8a3167757a0b838ea7ed95fe525bdcbfa1e85baab4a0b1c07e50,7,1,25,32,4,32,2,1,,adamw,0.01,0.0,400,512,0.0,8192,0.9567785263061523,0.5732421875,0.034027934074401855,0.03384041041135788,14.9633150100708,"[6.038108825683594,6.299435615539551]","[6.848334789276123,6.937880039215088]",seeds/cell-008-394e1fcba5ff/seed-7/checkpoint.pt,seeds/cell-008-394e1fcba5ff/seed-7/snapshots/step-000025.pt
1,scaling-width-load-adamw-10seeds-v1,bffb1a6d15694071b753472a492474ca54484853136fedff195831ccd64433a0,cell-008-394e1fcba5ff,8,394e1fcba5ff8a3167757a0b838ea7ed95fe525bdcbfa1e85baab4a0b1c07e50,7,2,50,32,4,32,2,1,,adamw,0.01,0.0,400,512,0.0,8192,0.581903338432312,0.794189453125,0.42527323961257935,0.4118382930755615,13.958481788635254,"[6.360633850097656,6.537013530731201]","[7.165736198425293,6.734426975250244]",seeds/cell-008-394e1fcba5ff/seed-7/checkpoint.pt,seeds/cell-008-394e1fcba5ff/seed-7/snapshots/step-000050.pt
1,scaling-width-load-adamw-10seeds-v1,bffb1a6d15694071b753472a492474ca54484853136fedff195831ccd64433a0,cell-008-394e1fcba5ff,8,394e1fcba5ff8a3167757a0b838ea7ed95fe525bdcbfa1e85baab4a0b1c07e50,7,3,100,32,4,32,2,1,,adamw,0.01,0.0,400,512,0.0,8192,0.004047299735248089,1.0,0.985210657119751,0.9911010265350342,10.768543243408203,"[10.281103134155273,7.483551502227783]","[7.345109939575195,6.588129043579102]",seeds/cell-008-394e1fcba5ff/seed-7/checkpoint.pt,seeds/cell-008-394e1fcba5ff/seed-7/snapshots/step-000100.pt
1,scaling-width-load-adamw-10seeds-v1,bffb1a6d15694071b753472a492474ca54484853136fedff195831ccd64433a0,cell-008-394e1fcba5ff,8,394e1fcba5ff8a3167757a0b838ea7ed95fe525bdcbfa1e85baab4a0b1c07e50,7,4,200,32,4,32,2,1,,adamw,0.01,0.0,400,512,0.0,8192,0.0007499221828766167,1.0,0.9963510632514954,1.001056432723999,10.706995964050293,"[10.80142879486084,7.5507354736328125]","[7.3593831062316895,6.559398651123047]",seeds/cell-008-394e1fcba5ff/seed-7/checkpoint.pt,seeds/cell-008-394e1fcba5ff/seed-7/snapshots/step-000200.pt
1,scaling-width-load-adamw-10seeds-v1,bffb1a6d15694071b753472a492474ca54484853136fedff195831ccd64433a0,cell-008-394e1fcba5ff,8,394e1fcba5ff8a3167757a0b838ea7ed95fe525bdcbfa1e85baab4a0b1c07e50,7,5,400,32,4,32,2,1,,adamw,0.01,0.0,400,512,0.0,8192,0.00023286529176402837,1.0,0.998729944229126,1.0021653175354004,10.649690628051758,"[11.217217445373535,7.635580062866211]","[7.384584426879883,6.517354488372803]",seeds/cell-008-394e1fcba5ff/seed-7/checkpoint.pt,seeds/cell-008-394e1fcba5ff/seed-7/snapshots/step-000400.pt
1,scaling-width-load-adamw-10seeds-v1,bffb1a6d15694071b753472a492474ca54484853136fedff195831ccd64433a0,cell-008-394e1fcba5ff,8,394e1fcba5ff8a3167757a0b838ea7ed95fe525bdcbfa1e85baab4a0b1c07e50,8,0,0,32,4,32,2,1,,adamw,0.01,0.0,400,512,0.0,8192,1.5300049781799316,0.4931640625,-0.0180748850107193,-0.022660255432128906,15.643882751464844,"[5.46931791305542,5.826945781707764]","[5.611251354217529,5.454694747924805]",seeds/cell-008-394e1fcba5ff/seed-8/checkpoint.pt,seeds/cell-008-394e1fcba5ff/seed-8/snapshots/step-000000.pt
1,scaling-width-load-adamw-10seeds-v1,bffb1a6d15694071b753472a492474ca54484853136fedff195831ccd64433a0,cell-008-394e1fcba5ff,8,394e1fcba5ff8a3167757a0b838ea7ed95fe525bdcbfa1e85baab4a0b1c07e50,8,1,25,32,4,32,2,1,,adamw,0.01,0.0,400,512,0.0,8192,0.8589870929718018,0.634033203125,0.15142199397087097,0.1213851124048233,14.798856735229492,"[6.477323532104492,6.425923824310303]","[7.0608601570129395,7.198836326599121]",seeds/cell-008-394e1fcba5ff/seed-8/checkpoint.pt,seeds/cell-008-394e1fcba5ff/seed-8/snapshots/step-000025.pt
1,scaling-width-load-adamw-10seeds-v1,bffb1a6d15694071b753472a492474ca54484853136fedff195831ccd64433a0,cell-008-394e1fcba5ff,8,394e1fcba5ff8a3167757a0b838ea7ed95fe525bdcbfa1e85baab4a0b1c07e50,8,2,50,32,4,32,2,1,,adamw,0.01,0.0,400,512,0.0,8192,0.6670183539390564,0.7484130859375,0.3450925350189209,0.30987560749053955,13.682913780212402,"[7.28427267074585,6.569666385650635]","[7.139047622680664,7.5200324058532715]",seeds/cell-008-394e1fcba5ff/seed-8/checkpoint.pt,seeds/cell-008-394e1fcba5ff/seed-8/snapshots/step-000050.pt
1,scaling-width-load-adamw-10seeds-v1,bffb1a6d15694071b753472a492474ca54484853136fedff195831ccd64433a0,cell-008-394e1fcba5ff,8,394e1fcba5ff8a3167757a0b838ea7ed95fe525bdcbfa1e85baab4a0b1c07e50,8,3,100,32,4,32,2,1,,adamw,0.01,0.0,400,512,0.0,8192,0.002886181930080056,1.0,1.0148857831954956,1.014180064201355,10.931652069091797,"[12.4666166305542,7.608945846557617]","[7.557724952697754,7.3985090255737305]",seeds/cell-008-394e1fcba5ff/seed-8/checkpoint.pt,seeds/cell-008-394e1fcba5ff/seed-8/snapshots/step-000100.pt
1,scaling-width-load-adamw-10seeds-v1,bffb1a6d15694071b753472a492474ca54484853136fedff195831ccd64433a0,cell-008-394e1fcba5ff,8,394e1fcba5ff8a3167757a0b838ea7ed95fe525bdcbfa1e85baab4a0b1c07e50,8,4,200,32,4,32,2,1,,adamw,0.01,0.0,400,512,0.0,8192,0.00040010607335716486,1.0,0.9990008473396301,0.9972431659698486,10.823529243469238,"[12.810850143432617,7.674827575683594]","[7.681562900543213,7.447931289672852]",seeds/cell-008-394e1fcba5ff/seed-8/checkpoint.pt,seeds/cell-008-394e1fcba5ff/seed-8/snapshots/step-000200.pt
1,scaling-width-load-adamw-10seeds-v1,bffb1a6d15694071b753472a492474ca54484853136fedff195831ccd64433a0,cell-008-394e1fcba5ff,8,394e1fcba5ff8a3167757a0b838ea7ed95fe525bdcbfa1e85baab4a0b1c07e50,8,5,400,32,4,32,2,1,,adamw,0.01,0.0,400,512,0.0,8192,0.0001544125407235697,1.0,0.9989718198776245,0.9979040622711182,10.770942687988281,"[12.983587265014648,7.725494384765625]","[7.751475811004639,7.486479759216309]",seeds/cell-008-394e1fcba5ff/seed-8/checkpoint.pt,seeds/cell-008-394e1fcba5ff/seed-8/snapshots/step-000400.pt
1,scaling-width-load-adamw-10seeds-v1,bffb1a6d15694071b753472a492474ca54484853136fedff195831ccd64433a0,cell-008-394e1fcba5ff,8,394e1fcba5ff8a3167757a0b838ea7ed95fe525bdcbfa1e85baab4a0b1c07e50,9,0,0,32,4,32,2,1,,adamw,0.01,0.0,400,512,0.0,8192,1.2700462341308594,0.466552734375,-0.03957854583859444,-0.0520687997341156,15.535676002502441,"[5.573668956756592,5.9094977378845215]","[5.993425369262695,5.851467132568359]",seeds/cell-008-394e1fcba5ff/seed-9/checkpoint.pt,seeds/cell-008-394e1fcba5ff/seed-9/snapshots/step-000000.pt
1,scaling-width-load-adamw-10seeds-v1,bffb1a6d15694071b753472a492474ca54484853136fedff195831ccd64433a0,cell-008-394e1fcba5ff,8,394e1fcba5ff8a3167757a0b838ea7ed95fe525bdcbfa1e85baab4a0b1c07e50,9,1,25,32,4,32,2,1,,adamw,0.01,0.0,400,512,0.0,8192,0.9666577577590942,0.514404296875,0.05080702155828476,0.050271131098270416,15.144095420837402,"[6.1237287521362305,6.659655570983887]","[7.566204071044922,7.286605358123779]",seeds/cell-008-394e1fcba5ff/seed-9/checkpoint.pt,seeds/cell-008-394e1fcba5ff/seed-9/snapshots/step-000025.pt
1,scaling-width-load-adamw-10seeds-v1,bffb1a6d15694071b753472a492474ca54484853136fedff195831ccd64433a0,cell-008-394e1fcba5ff,8,394e1fcba5ff8a3167757a0b838ea7ed95fe525bdcbfa1e85baab4a0b1c07e50,9,2,50,32,4,32,2,1,,adamw,0.01,0.0,400,512,0.0,8192,0.3269599974155426,0.906494140625,0.7035227417945862,0.6862677335739136,12.703489303588867,"[7.6159563064575195,6.683676719665527]","[8.160198211669922,7.191920280456543]",seeds/cell-008-394e1fcba5ff/seed-9/checkpoint.pt,seeds/cell-008-394e1fcba5ff/seed-9/snapshots/step-000050.pt
1,scaling-width-load-adamw-10seeds-v1,bffb1a6d15694071b753472a492474ca54484853136fedff195831ccd64433a0,cell-008-394e1fcba5ff,8,394e1fcba5ff8a3167757a0b838ea7ed95fe525bdcbfa1e85baab4a0b1c07e50,9,3,100,32,4,32,2,1,,adamw,0.01,0.0,400,512,0.0,8192,0.001687639276497066,1.0,0.9904064536094666,0.9925991892814636,10.145865440368652,"[12.251873970031738,7.251881122589111]","[8.546355247497559,7.099729537963867]",seeds/cell-008-394e1fcba5ff/seed-9/checkpoint.pt,seeds/cell-008-394e1fcba5ff/seed-9/snapshots/step-000100.pt
1,scaling-width-load-adamw-10seeds-v1,bffb1a6d15694071b753472a492474ca54484853136fedff195831ccd64433a0,cell-008-394e1fcba5ff,8,394e1fcba5ff8a3167757a0b838ea7ed95fe525bdcbfa1e85baab4a0b1c07e50,9,4,200,32,4,32,2,1,,adamw,0.01,0.0,400,512,0.0,8192,0.00037039080052636564,1.0,0.9995911121368408,1.000685453414917,10.064384460449219,"[12.627655982971191,7.129078388214111]","[8.636688232421875,7.047478199005127]",seeds/cell-008-394e1fcba5ff/seed-9/checkpoint.pt,seeds/cell-008-394e1fcba5ff/seed-9/snapshots/step-000200.pt
1,scaling-width-load-adamw-10seeds-v1,bffb1a6d15694071b753472a492474ca54484853136fedff195831ccd64433a0,cell-008-394e1fcba5ff,8,394e1fcba5ff8a3167757a0b838ea7ed95fe525bdcbfa1e85baab4a0b1c07e50,9,5,400,32,4,32,2,1,,adamw,0.01,0.0,400,512,0.0,8192,0.00013464632502291352,1.0,1.000072717666626,1.000698208808899,9.994646072387695,"[12.953392028808594,7.0164475440979]","[8.732845306396484,6.995336532592773]",seeds/cell-008-394e1fcba5ff/seed-9/checkpoint.pt,seeds/cell-008-394e1fcba5ff/seed-9/snapshots/step-000400.pt
1,scaling-width-load-adamw-10seeds-v1,bffb1a6d15694071b753472a492474ca54484853136fedff195831ccd64433a0,cell-009-dcca51331e21,9,dcca51331e211dc62c43da04bc21f8fa2d4f0dd0ababdf826d384d75239a25f8,0,0,0,32,4,32,2,4,,adamw,0.01,0.0,400,512,0.0,8192,1.2697153091430664,0.5252685546875,0.05143202841281891,0.09063012152910233,16.392681121826172,"[3.0146515369415283,3.0000152587890625,3.138932704925537,2.8235955238342285,2.9284110069274902,2.690225839614868,2.954470157623291,3.2806618213653564]","[2.880186080932617,2.8890185356140137,2.9304139614105225,3.0109140872955322,2.8064122200012207,2.9601409435272217,2.890730142593384,2.7632648944854736]",seeds/cell-009-dcca51331e21/seed-0/checkpoint.pt,seeds/cell-009-dcca51331e21/seed-0/snapshots/step-000000.pt
1,scaling-width-load-adamw-10seeds-v1,bffb1a6d15694071b753472a492474ca54484853136fedff195831ccd64433a0,cell-009-dcca51331e21,9,dcca51331e211dc62c43da04bc21f8fa2d4f0dd0ababdf826d384d75239a25f8,0,1,25,32,4,32,2,4,,adamw,0.01,0.0,400,512,0.0,8192,0.8560715913772583,0.640380859375,0.19796153903007507,0.15225639939308167,15.959203720092773,"[3.4489569664001465,3.152454137802124,3.463271379470825,3.012666702270508,3.5468032360076904,2.878828287124634,3.196319580078125,3.608970880508423]","[3.288580894470215,3.0672950744628906,3.508026361465454,3.344155788421631,3.750551462173462,3.1157522201538086,3.273841381072998,3.22464919090271]",seeds/cell-009-dcca51331e21/seed-0/checkpoint.pt,seeds/cell-009-dcca51331e21/seed-0/snapshots/step-000025.pt
1,scaling-width-load-adamw-10seeds-v1,bffb1a6d15694071b753472a492474ca54484853136fedff195831ccd64433a0,cell-009-dcca51331e21,9,dcca51331e211dc62c43da04bc21f8fa2d4f0dd0ababdf826d384d75239a25f8,0,2,50,32,4,32,2,4,,adamw,0.01,0.0,400,512,0.0,8192,0.33741891384124756,0.8912353515625,0.6992107629776001,0.6989953517913818,13.58909797668457,"[3.758857488632202,3.575119972229004,4.531154155731201,4.277426719665527,3.6769771575927734,3.119673728942871,3.321514844894409,3.7058279514312744]","[3.3841400146484375,3.137831687927246,3.5592257976531982,3.7019944190979004,3.899282455444336,3.199586868286133,3.294650077819824,3.287588357925415]",seeds/cell-009-dcca51331e21/seed-0/checkpoint.pt,seeds/cell-009-dcca51331e21/seed-0/snapshots/step-000050.pt
1,scaling-width-load-adamw-10seeds-v1,bffb1a6d15694071b753472a492474ca54484853136fedff195831ccd64433a0,cell-009-dcca51331e21,9,dcca51331e211dc62c43da04bc21f8fa2d4f0dd0ababdf826d384d75239a25f8,0,3,100,32,4,32,2,4,,adamw,0.01,0.0,400,512,0.0,8192,0.0023084431886672974,0.9998779296875,1.0055115222930908,1.0154876708984375,10.873613357543945,"[4.222180366516113,4.532099723815918,6.419116020202637,6.544867515563965,4.143548011779785,4.1790852546691895,3.431569814682007,4.139614582061768]","[3.312171459197998,3.113314390182495,4.035694122314453,4.291433334350586,3.8394479751586914,3.6115596294403076,3.405099868774414,3.31329083442688]",seeds/cell-009-dcca51331e21/seed-0/checkpoint.pt,seeds/cell-009-dcca51331e21/seed-0/snapshots/step-000100.pt
1,scaling-width-load-adamw-10seeds-v1,bffb1a6d15694071b753472a492474ca54484853136fedff195831ccd64433a0,cell-009-dcca51331e21,9,dcca51331e211dc62c43da04bc21f8fa2d4f0dd0ababdf826d384d75239a25f8,0,4,200,32,4,32,2,4,,adamw,0.01,0.0,400,512,0.0,8192,0.00043403974268585443,1.0,1.001105546951294,1.0062906742095947,10.760761260986328,"[4.199623107910156,4.55039644241333,6.456722259521484,6.6154656410217285,4.153365135192871,4.203711986541748,3.3804330825805664,4.149501800537109]","[3.2947094440460205,3.1173367500305176,4.133367538452148,4.421794414520264,3.8534703254699707,3.7967751026153564,3.416710615158081,3.326347589492798]",seeds/cell-009-dcca51331e21/seed-0/checkpoint.pt,seeds/cell-009-dcca51331e21/seed-0/snapshots/step-000200.pt
1,scaling-width-load-adamw-10seeds-v1,bffb1a6d15694071b753472a492474ca54484853136fedff195831ccd64433a0,cell-009-dcca51331e21,9,dcca51331e211dc62c43da04bc21f8fa2d4f0dd0ababdf826d384d75239a25f8,0,5,400,32,4,32,2,4,,adamw,0.01,0.0,400,512,0.0,8192,0.0001362431066809222,1.0,0.9997562170028687,1.0068658590316772,10.68902587890625,"[4.176612377166748,4.537852764129639,6.471246242523193,6.689297199249268,4.148555755615234,4.2102580070495605,3.3576459884643555,4.164654731750488]","[3.277777671813965,3.1135902404785156,4.197235584259033,4.560421466827393,3.8672478199005127,3.981335401535034,3.4259390830993652,3.331392288208008]",seeds/cell-009-dcca51331e21/seed-0/checkpoint.pt,seeds/cell-009-dcca51331e21/seed-0/snapshots/step-000400.pt
1,scaling-width-load-adamw-10seeds-v1,bffb1a6d15694071b753472a492474ca54484853136fedff195831ccd64433a0,cell-009-dcca51331e21,9,dcca51331e211dc62c43da04bc21f8fa2d4f0dd0ababdf826d384d75239a25f8,1,0,0,32,4,32,2,4,,adamw,0.01,0.0,400,512,0.0,8192,1.4356067180633545,0.571533203125,0.1632271558046341,0.0939006507396698,14.999160766601562,"[2.9614739418029785,2.884467124938965,2.557685375213623,3.0245611667633057,2.930565357208252,2.696249485015869,2.9576218128204346,2.8597397804260254]","[2.7074389457702637,2.806950092315674,3.226825475692749,2.5258936882019043,3.0747873783111572,2.7106165885925293,2.9090983867645264,2.7994542121887207]",seeds/cell-009-dcca51331e21/seed-1/checkpoint.pt,seeds/cell-009-dcca51331e21/seed-1/snapshots/step-000000.pt
1,scaling-width-load-adamw-10seeds-v1,bffb1a6d15694071b753472a492474ca54484853136fedff195831ccd64433a0,cell-009-dcca51331e21,9,dcca51331e211dc62c43da04bc21f8fa2d4f0dd0ababdf826d384d75239a25f8,1,1,25,32,4,32,2,4,,adamw,0.01,0.0,400,512,0.0,8192,0.8207870721817017,0.6529541015625,0.21051090955734253,0.18861383199691772,14.407103538513184,"[3.182887554168701,3.1484053134918213,2.916752338409424,3.3554000854492188,3.5111374855041504,2.8991425037384033,3.3008697032928467,3.2213730812072754]","[2.889796733856201,3.536818504333496,3.683397054672241,2.917027235031128,3.3986330032348633,3.2388803958892822,3.429419994354248,3.229609251022339]",seeds/cell-009-dcca51331e21/seed-1/checkpoint.pt,seeds/cell-009-dcca51331e21/seed-1/snapshots/step-000025.pt
1,scaling-width-load-adamw-10seeds-v1,bffb1a6d15694071b753472a492474ca54484853136fedff195831ccd64433a0,cell-009-dcca51331e21,9,dcca51331e211dc62c43da04bc21f8fa2d4f0dd0ababdf826d384d75239a25f8,1,2,50,32,4,32,2,4,,adamw,0.01,0.0,400,512,0.0,8192,0.22630712389945984,0.943359375,0.8364313244819641,0.8369463682174683,11.537288665771484,"[3.7883028984069824,4.164319038391113,3.760676145553589,3.731856346130371,3.7419686317443848,3.1251981258392334,3.463778495788574,3.7337541580200195]","[3.041445255279541,3.831845760345459,3.760789394378662,3.020256280899048,3.4288270473480225,3.2415549755096436,3.502599000930786,3.2587332725524902]",seeds/cell-009-dcca51331e21/seed-1/checkpoint.pt,seeds/cell-009-dcca51331e21/seed-1/snapshots/step-000050.pt
1,scaling-width-load-adamw-10seeds-v1,bffb1a6d15694071b753472a492474ca54484853136fedff195831ccd64433a0,cell-009-dcca51331e21,9,dcca51331e211dc62c43da04bc21f8fa2d4f0dd0ababdf826d384d75239a25f8,1,3,100,32,4,32,2,4,,adamw,0.01,0.0,400,512,0.0,8192,0.004988423548638821,0.9998779296875,1.0096960067749023,1.0200839042663574,10.13563346862793,"[4.367715835571289,5.700555801391602,5.0561957359313965,3.991837739944458,3.896394729614258,3.6578762531280518,3.65543270111084,4.494601249694824]","[3.0035934448242188,4.211618900299072,3.9399220943450928,3.0040364265441895,3.4645187854766846,3.315413475036621,3.626399278640747,3.275261402130127]",seeds/cell-009-dcca51331e21/seed-1/checkpoint.pt,seeds/cell-009-dcca51331e21/seed-1/snapshots/step-000100.pt
1,scaling-width-load-adamw-10seeds-v1,bffb1a6d15694071b753472a492474ca54484853136fedff195831ccd64433a0,cell-009-dcca51331e21,9,dcca51331e211dc62c43da04bc21f8fa2d4f0dd0ababdf826d384d75239a25f8,1,4,200,32,4,32,2,4,,adamw,0.01,0.0,400,512,0.0,8192,0.0009346712031401694,1.0,1.0021846294403076,1.012465476989746,10.056666374206543,"[4.380277633666992,5.856466770172119,5.165598392486572,3.9418320655822754,3.7198920249938965,3.6857848167419434,3.780808925628662,4.500446796417236]","[3.0028159618377686,4.392079830169678,4.0349578857421875,2.97796893119812,3.4562227725982666,3.433793544769287,3.6617982387542725,3.2971408367156982]",seeds/cell-009-dcca51331e21/seed-1/checkpoint.pt,seeds/cell-009-dcca51331e21/seed-1/snapshots/step-000200.pt
1,scaling-width-load-adamw-10seeds-v1,bffb1a6d15694071b753472a492474ca54484853136fedff195831ccd64433a0,cell-009-dcca51331e21,9,dcca51331e211dc62c43da04bc21f8fa2d4f0dd0ababdf826d384d75239a25f8,1,5,400,32,4,32,2,4,,adamw,0.01,0.0,400,512,0.0,8192,0.00029459482175298035,1.0,0.997572660446167,1.0028979778289795,9.996562957763672,"[4.373221397399902,5.94931173324585,5.237691879272461,3.9085724353790283,3.6899237632751465,3.6727135181427,3.88006329536438,4.497025012969971]","[3.0062315464019775,4.534036159515381,4.104094505310059,2.9541730880737305,3.452409029006958,3.5570356845855713,3.6910388469696045,3.3188955783843994]",seeds/cell-009-dcca51331e21/seed-1/checkpoint.pt,seeds/cell-009-dcca51331e21/seed-1/snapshots/step-000400.pt
1,scaling-width-load-adamw-10seeds-v1,bffb1a6d15694071b753472a492474ca54484853136fedff195831ccd64433a0,cell-009-dcca51331e21,9,dcca51331e211dc62c43da04bc21f8fa2d4f0dd0ababdf826d384d75239a25f8,2,0,0,32,4,32,2,4,,adamw,0.01,0.0,400,512,0.0,8192,1.7844263315200806,0.5146484375,0.021512597799301147,0.02091803401708603,16.096811294555664,"[2.5411641597747803,2.9497406482696533,2.8829848766326904,3.0994935035705566,3.021986246109009,2.933778762817383,2.76724910736084,3.153660297393799]","[2.7426772117614746,2.9165666103363037,2.824341297149658,2.672785758972168,2.873927354812622,2.550567388534546,2.621415615081787,2.873417854309082]",seeds/cell-009-dcca51331e21/seed-2/checkpoint.pt,seeds/cell-009-dcca51331e21/seed-2/snapshots/step-000000.pt
1,scaling-width-load-adamw-10seeds-v1,bffb1a6d15694071b753472a492474ca54484853136fedff195831ccd64433a0,cell-009-dcca51331e21,9,dcca51331e211dc62c43da04bc21f8fa2d4f0dd0ababdf826d384d75239a25f8,2,1,25,32,4,32,2,4,,adamw,0.01,0.0,400,512,0.0,8192,0.808260440826416,0.6761474609375,0.1826593279838562,0.1297154426574707,15.823989868164062,"[2.7721328735351562,3.26363205909729,3.23039174079895,3.32391357421875,3.405829668045044,3.3905553817749023,3.0720014572143555,3.3831634521484375]","[2.9652085304260254,3.667325019836426,3.0802249908447266,3.1461658477783203,3.290659189224243,2.876899480819702,2.9661474227905273,3.5222437381744385]",seeds/cell-009-dcca51331e21/seed-2/checkpoint.pt,seeds/cell-009-dcca51331e21/seed-2/snapshots/step-000025.pt
1,scaling-width-load-adamw-10seeds-v1,bffb1a6d15694071b753472a492474ca54484853136fedff195831ccd64433a0,cell-009-dcca51331e21,9,dcca51331e211dc62c43da04bc21f8fa2d4f0dd0ababdf826d384d75239a25f8,2,2,50,32,4,32,2,4,,adamw,0.01,0.0,400,512,0.0,8192,0.5966088771820068,0.7833251953125,0.3898177444934845,0.37318170070648193,14.843341827392578,"[3.1009461879730225,3.5155434608459473,3.3524394035339355,3.3611745834350586,3.4891912937164307,3.704098701477051,3.121485710144043,3.431431293487549]","[3.059837579727173,3.815552234649658,3.144718647003174,3.1619462966918945,3.3555965423583984,3.025374412536621,2.9942047595977783,3.5941035747528076]",seeds/cell-009-dcca51331e21/seed-2/checkpoint.pt,seeds/cell-009-dcca51331e21/seed-2/snapshots/step-000050.pt
1,scaling-width-load-adamw-10seeds-v1,bffb1a6d15694071b753472a492474ca54484853136fedff195831ccd64433a0,cell-009-dcca51331e21,9,dcca51331e211dc62c43da04bc21f8fa2d4f0dd0ababdf826d384d75239a25f8,2,3,100,32,4,32,2,4,,adamw,0.01,0.0,400,512,0.0,8192,0.007739545311778784,0.99951171875,1.0006729364395142,1.007350206375122,10.942872047424316,"[4.227102756500244,5.446743488311768,4.827296733856201,3.445866346359253,3.5037431716918945,5.238110542297363,3.1820805072784424,3.440439224243164]","[3.0434460639953613,4.192826271057129,3.223942279815674,2.9842658042907715,3.393449068069458,3.2099685668945312,2.9919393062591553,3.6299803256988525]",seeds/cell-009-dcca51331e21/seed-2/checkpoint.pt,seeds/cell-009-dcca51331e21/seed-2/snapshots/step-000100.pt
1,scaling-width-load-adamw-10seeds-v1,bffb1a6d15694071b753472a492474ca54484853136fedff195831ccd64433a0,cell-009-dcca51331e21,9,dcca51331e211dc62c43da04bc21f8fa2d4f0dd0ababdf826d384d75239a25f8,2,4,200,32,4,32,2,4,,adamw,0.01,0.0,400,512,0.0,8192,0.0034555699676275253,0.999267578125,0.9974796772003174,0.9944825172424316,10.810336112976074,"[4.222597599029541,5.78792142868042,5.065152645111084,3.4406068325042725,3.482306480407715,5.249414920806885,3.178192377090454,3.38273286819458]","[3.000530242919922,4.40997838973999,3.2591347694396973,2.951892375946045,3.391345977783203,3.383260488510132,2.987060308456421,3.644235610961914]",seeds/cell-009-dcca51331e21/seed-2/checkpoint.pt,seeds/cell-009-dcca51331e21/seed-2/snapshots/step-000200.pt
1,scaling-width-load-adamw-10seeds-v1,bffb1a6d15694071b753472a492474ca54484853136fedff195831ccd64433a0,cell-009-dcca51331e21,9,dcca51331e211dc62c43da04bc21f8fa2d4f0dd0ababdf826d384d75239a25f8,2,5,400,32,4,32,2,4,,adamw,0.01,0.0,400,512,0.0,8192,0.0006134194554761052,1.0,1.0008394718170166,1.0015747547149658,9.768449783325195,"[4.470738410949707,7.025276184082031,5.7414422035217285,3.4464938640594482,3.4697105884552,5.25770378112793,3.1749281883239746,3.340269088745117]","[2.972628593444824,4.6530327796936035,3.4620659351348877,2.8939859867095947,3.370771884918213,3.6299304962158203,2.9666059017181396,3.6426544189453125]",seeds/cell-009-dcca51331e21/seed-2/checkpoint.pt,seeds/cell-009-dcca51331e21/seed-2/snapshots/step-000400.pt
1,scaling-width-load-adamw-10seeds-v1,bffb1a6d15694071b753472a492474ca54484853136fedff195831ccd64433a0,cell-009-dcca51331e21,9,dcca51331e211dc62c43da04bc21f8fa2d4f0dd0ababdf826d384d75239a25f8,3,0,0,32,4,32,2,4,,adamw,0.01,0.0,400,512,0.0,8192,1.4036656618118286,0.45458984375,-0.050550125539302826,-0.04743225872516632,15.558540344238281,"[2.660550832748413,2.7470407485961914,2.7196011543273926,3.209368944168091,2.6554980278015137,2.9604861736297607,3.0165915489196777,3.036101818084717]","[2.640803337097168,3.142378330230713,2.7322638034820557,2.906540632247925,2.6467790603637695,2.737318515777588,2.5792317390441895,2.8209142684936523]",seeds/cell-009-dcca51331e21/seed-3/checkpoint.pt,seeds/cell-009-dcca51331e21/seed-3/snapshots/step-000000.pt
1,scaling-width-load-adamw-10seeds-v1,bffb1a6d15694071b753472a492474ca54484853136fedff195831ccd64433a0,cell-009-dcca51331e21,9,dcca51331e211dc62c43da04bc21f8fa2d4f0dd0ababdf826d384d75239a25f8,3,1,25,32,4,32,2,4,,adamw,0.01,0.0,400,512,0.0,8192,0.7572689056396484,0.696044921875,0.20847401022911072,0.19527621567249298,15.210347175598145,"[2.8595669269561768,3.0113625526428223,2.8809235095977783,3.4592835903167725,2.9016342163085938,3.0005218982696533,3.6937379837036133,3.03932523727417]","[2.9532179832458496,3.6292662620544434,3.0271036624908447,3.2537827491760254,2.908932685852051,2.8820297718048096,2.6401569843292236,2.9651219844818115]",seeds/cell-009-dcca51331e21/seed-3/checkpoint.pt,seeds/cell-009-dcca51331e21/seed-3/snapshots/step-000025.pt
1,scaling-width-load-adamw-10seeds-v1,bffb1a6d15694071b753472a492474ca54484853136fedff195831ccd64433a0,cell-009-dcca51331e21,9,dcca51331e211dc62c43da04bc21f8fa2d4f0dd0ababdf826d384d75239a25f8,3,2,50,32,4,32,2,4,,adamw,0.01,0.0,400,512,0.0,8192,0.10353042930364609,0.9853515625,0.899075984954834,0.9015014171600342,10.876063346862793,"[3.328129768371582,4.137484073638916,4.708264350891113,3.5434210300445557,2.9366509914398193,3.066817045211792,4.081000804901123,3.0316760540008545]","[2.9914722442626953,3.6128883361816406,3.5910940170288086,3.2847273349761963,2.9442172050476074,2.901824474334717,2.6650912761688232,2.9775784015655518]",seeds/cell-009-dcca51331e21/seed-3/checkpoint.pt,seeds/cell-009-dcca51331e21/seed-3/snapshots/step-000050.pt
1,scaling-width-load-adamw-10seeds-v1,bffb1a6d15694071b753472a492474ca54484853136fedff195831ccd64433a0,cell-009-dcca51331e21,9,dcca51331e211dc62c43da04bc21f8fa2d4f0dd0ababdf826d384d75239a25f8,3,3,100,32,4,32,2,4,,adamw,0.01,0.0,400,512,0.0,8192,0.0035289523657411337,1.0,1.0036511421203613,1.006680965423584,9.899847030639648,"[3.7150163650512695,4.579772472381592,6.675568103790283,3.4990875720977783,3.1117913722991943,3.0711357593536377,4.474366188049316,3.0251071453094482]","[2.943263530731201,3.5644583702087402,3.857229232788086,3.312605142593384,2.955099105834961,2.892988920211792,2.6729578971862793,2.9874794483184814]",seeds/cell-009-dcca51331e21/seed-3/checkpoint.pt,seeds/cell-009-dcca51331e21/seed-3/snapshots/step-000100.pt
1,scaling-width-load-adamw-10seeds-v1,bffb1a6d15694071b753472a492474ca54484853136fedff195831ccd64433a0,cell-009-dcca51331e21,9,dcca51331e211dc62c43da04bc21f8fa2d4f0dd0ababdf826d384d75239a25f8,3,4,200,32,4,32,2,4,,adamw,0.01,0.0,400,512,0.0,8192,0.0010854381835088134,1.0,1.0029897689819336,1.0056109428405762,9.80019474029541,"[3.6470494270324707,4.601724147796631,7.009121417999268,3.438957691192627,3.1631734371185303,3.050236940383911,4.61060094833374,3.071101427078247]","[2.9139554500579834,3.5560364723205566,3.9166789054870605,3.309389352798462,2.960552215576172,2.8904836177825928,2.676745653152466,2.9839634895324707]",seeds/cell-009-dcca51331e21/seed-3/checkpoint.pt,seeds/cell-009-dcca51331e21/seed-3/snapshots/step-000200.pt
1,scaling-width-load-adamw-10seeds-v1,bffb1a6d15694071b753472a492474ca54484853136fedff195831ccd64433a0,cell-009-dcca51331e21,9,dcca51331e211dc62c43da04bc21f8fa2d4f0dd0ababdf826d384d75239a25f8,3,5,400,32,4,32,2,4,,adamw,0.01,0.0,400,512,0.0,8192,0.0003547556698322296,1.0,1.0009124279022217,1.0030548572540283,9.66514778137207,"[3.64785099029541,4.667218208312988,7.326719760894775,3.3782780170440674,3.213855743408203,3.0283806324005127,4.695439338684082,3.112255573272705]","[2.8908259868621826,3.549452781677246,3.992675304412842,3.291006326675415,2.962433099746704,2.887941598892212,2.678816556930542,2.9821391105651855]",seeds/cell-009-dcca51331e21/seed-3/checkpoint.pt,seeds/cell-009-dcca51331e21/seed-3/snapshots/step-000400.pt
1,scaling-width-load-adamw-10seeds-v1,bffb1a6d15694071b753472a492474ca54484853136fedff195831ccd64433a0,cell-009-dcca51331e21,9,dcca51331e211dc62c43da04bc21f8fa2d4f0dd0ababdf826d384d75239a25f8,4,0,0,32,4,32,2,4,,adamw,0.01,0.0,400,512,0.0,8192,3.457524061203003,0.4881591796875,-0.11689971387386322,-0.062455009669065475,15.82319164276123,"[2.6580119132995605,2.9993185997009277,2.794029474258423,2.7630624771118164,2.7186617851257324,2.472137689590454,2.7151553630828857,2.9264094829559326]","[2.717501640319824,3.017526626586914,2.9437520503997803,2.9057486057281494,2.6451704502105713,2.8430004119873047,3.0106396675109863,2.58548641204834]",seeds/cell-009-dcca51331e21/seed-4/checkpoint.pt,seeds/cell-009-dcca51331e21/seed-4/snapshots/step-000000.pt
1,scaling-width-load-adamw-10seeds-v1,bffb1a6d15694071b753472a492474ca54484853136fedff195831ccd64433a0,cell-009-dcca51331e21,9,dcca51331e211dc62c43da04bc21f8fa2d4f0dd0ababdf826d384d75239a25f8,4,1,25,32,4,32,2,4,,adamw,0.01,0.0,400,512,0.0,8192,0.7707864046096802,0.6978759765625,0.23009130358695984,0.18693555891513824,15.111945152282715,"[3.1109237670898438,3.3255045413970947,3.1914591789245605,2.8941702842712402,3.195665121078491,3.0986971855163574,2.8943417072296143,2.9965829849243164]","[3.172532558441162,3.249267578125,3.3428659439086914,3.1619467735290527,3.0356438159942627,3.296865701675415,3.3592751026153564,3.108455181121826]",seeds/cell-009-dcca51331e21/seed-4/checkpoint.pt,seeds/cell-009-dcca51331e21/seed-4/snapshots/step-000025.pt
1,scaling-width-load-adamw-10seeds-v1,bffb1a6d15694071b753472a492474ca54484853136fedff195831ccd64433a0,cell-009-dcca51331e21,9,dcca51331e211dc62c43da04bc21f8fa2d4f0dd0ababdf826d384d75239a25f8,4,2,50,32,4,32,2,4,,adamw,0.01,0.0,400,512,0.0,8192,0.3193684220314026,0.9024658203125,0.7429587841033936,0.730202317237854,12.834959030151367,"[4.173960208892822,4.041351795196533,3.612513303756714,3.5920145511627197,3.20147442817688,3.293121576309204,2.960686206817627,3.199127435684204]","[3.429431438446045,3.344977855682373,3.3821303844451904,3.2213797569274902,3.0525197982788086,3.3445749282836914,3.400296926498413,3.1745665073394775]",seeds/cell-009-dcca51331e21/seed-4/checkpoint.pt,seeds/cell-009-dcca51331e21/seed-4/snapshots/step-000050.pt
1,scaling-width-load-adamw-10seeds-v1,bffb1a6d15694071b753472a492474ca54484853136fedff195831ccd64433a0,cell-009-dcca51331e21,9,dcca51331e211dc62c43da04bc21f8fa2d4f0dd0ababdf826d384d75239a25f8,4,3,100,32,4,32,2,4,,adamw,0.01,0.0,400,512,0.0,8192,0.004471336491405964,0.9996337890625,1.0027238130569458,0.999176025390625,10.852383613586426,"[6.438904762268066,5.2566609382629395,4.3370490074157715,4.686360836029053,3.1394951343536377,4.084292411804199,3.380336284637451,3.8022382259368896]","[3.8968968391418457,3.4192678928375244,3.301697254180908,3.2764365673065186,3.1036911010742188,3.4488308429718018,3.3918802738189697,3.371121883392334]",seeds/cell-009-dcca51331e21/seed-4/checkpoint.pt,seeds/cell-009-dcca51331e21/seed-4/snapshots/step-000100.pt
1,scaling-width-load-adamw-10seeds-v1,bffb1a6d15694071b753472a492474ca54484853136fedff195831ccd64433a0,cell-009-dcca51331e21,9,dcca51331e211dc62c43da04bc21f8fa2d4f0dd0ababdf826d384d75239a25f8,4,4,200,32,4,32,2,4,,adamw,0.01,0.0,400,512,0.0,8192,0.00300556025467813,0.9993896484375,0.9983157515525818,0.9903867840766907,10.879131317138672,"[6.918871879577637,5.545693397521973,4.378636837005615,4.825242519378662,3.1216795444488525,4.141847133636475,3.393717050552368,3.877511739730835]","[3.926618814468384,3.5446462631225586,3.2482924461364746,3.362575054168701,3.107917070388794,3.5105957984924316,3.401188373565674,3.6176023483276367]",seeds/cell-009-dcca51331e21/seed-4/checkpoint.pt,seeds/cell-009-dcca51331e21/seed-4/snapshots/step-000200.pt
1,scaling-width-load-adamw-10seeds-v1,bffb1a6d15694071b753472a492474ca54484853136fedff195831ccd64433a0,cell-009-dcca51331e21,9,dcca51331e211dc62c43da04bc21f8fa2d4f0dd0ababdf826d384d75239a25f8,4,5,400,32,4,32,2,4,,adamw,0.01,0.0,400,512,0.0,8192,0.0001752098323777318,1.0,0.9999256134033203,1.0004987716674805,10.75090503692627,"[7.083911418914795,5.644104957580566,4.399738788604736,5.010476589202881,3.086226224899292,4.154024600982666,3.3911850452423096,3.8729987144470215]","[4.009105205535889,3.5899932384490967,3.225142240524292,3.37518310546875,3.099609136581421,3.559723377227783,3.4228522777557373,3.8748085498809814]",seeds/cell-009-dcca51331e21/seed-4/checkpoint.pt,seeds/cell-009-dcca51331e21/seed-4/snapshots/step-000400.pt
1,scaling-width-load-adamw-10seeds-v1,bffb1a6d15694071b753472a492474ca54484853136fedff195831ccd64433a0,cell-009-dcca51331e21,9,dcca51331e211dc62c43da04bc21f8fa2d4f0dd0ababdf826d384d75239a25f8,5,0,0,32,4,32,2,4,,adamw,0.01,0.0,400,512,0.0,8192,1.5309175252914429,0.4266357421875,-0.09279261529445648,-0.06532862782478333,15.994446754455566,"[2.952134370803833,2.875786066055298,2.965662956237793,2.888918876647949,3.0725173950195312,2.7001421451568604,2.7687253952026367,3.0009443759918213]","[2.6603329181671143,2.927109718322754,2.782820463180542,2.8566319942474365,2.515066146850586,2.7725584506988525,2.7605695724487305,2.5155200958251953]",seeds/cell-009-dcca51331e21/seed-5/checkpoint.pt,seeds/cell-009-dcca51331e21/seed-5/snapshots/step-000000.pt
1,scaling-width-load-adamw-10seeds-v1,bffb1a6d15694071b753472a492474ca54484853136fedff195831ccd64433a0,cell-009-dcca51331e21,9,dcca51331e211dc62c43da04bc21f8fa2d4f0dd0ababdf826d384d75239a25f8,5,1,25,32,4,32,2,4,,adamw,0.01,0.0,400,512,0.0,8192,0.40385574102401733,0.8719482421875,0.6005927324295044,0.5808306336402893,12.689668655395508,"[3.3494186401367188,3.1996960639953613,3.3580658435821533,3.9875993728637695,3.2155275344848633,2.9306414127349854,3.0187342166900635,3.130138874053955]","[2.868049144744873,3.2873456478118896,2.8825855255126953,3.558180809020996,2.6646928787231445,2.9011759757995605,3.06656551361084,2.761436700820923]",seeds/cell-009-dcca51331e21/seed-5/checkpoint.pt,seeds/cell-009-dcca51331e21/seed-5/snapshots/step-000025.pt
1,scaling-width-load-adamw-10seeds-v1,bffb1a6d15694071b753472a492474ca54484853136fedff195831ccd64433a0,cell-009-dcca51331e21,9,dcca51331e211dc62c43da04bc21f8fa2d4f0dd0ababdf826d384d75239a25f8,5,2,50,32,4,32,2,4,,adamw,0.01,0.0,400,512,0.0,8192,0.02105049416422844,0.9986572265625,1.0029035806655884,1.0096583366394043,9.84060287475586,"[3.74680495262146,3.217764377593994,3.8656516075134277,6.1641082763671875,3.344573736190796,2.994061231613159,3.1631758213043213,3.186856985092163]","[2.9177067279815674,3.3259170055389404,2.8999085426330566,4.041822910308838,2.7186973094940186,2.9369711875915527,3.176334857940674,2.809838056564331]",seeds/cell-009-dcca51331e21/seed-5/checkpoint.pt,seeds/cell-009-dcca51331e21/seed-5/snapshots/step-000050.pt
1,scaling-width-load-adamw-10seeds-v1,bffb1a6d15694071b753472a492474ca54484853136fedff195831ccd64433a0,cell-009-dcca51331e21,9,dcca51331e211dc62c43da04bc21f8fa2d4f0dd0ababdf826d384d75239a25f8,5,3,100,32,4,32,2,4,,adamw,0.01,0.0,400,512,0.0,8192,0.00199260376393795,1.0,1.0033131837844849,1.0063523054122925,9.289899826049805,"[3.667435884475708,3.1762547492980957,3.8533973693847656,7.043188571929932,3.3909406661987305,2.9898786544799805,3.2632527351379395,3.2738194465637207]","[2.8726863861083984,3.3501672744750977,2.884723663330078,4.1478776931762695,2.717210054397583,2.9495625495910645,3.205552577972412,2.796921730041504]",seeds/cell-009-dcca51331e21/seed-5/checkpoint.pt,seeds/cell-009-dcca51331e21/seed-5/snapshots/step-000100.pt
1,scaling-width-load-adamw-10seeds-v1,bffb1a6d15694071b753472a492474ca54484853136fedff195831ccd64433a0,cell-009-dcca51331e21,9,dcca51331e211dc62c43da04bc21f8fa2d4f0dd0ababdf826d384d75239a25f8,5,4,200,32,4,32,2,4,,adamw,0.01,0.0,400,512,0.0,8192,0.0006673665484413505,1.0,0.9989312887191772,1.0024334192276,9.12171745300293,"[3.615089178085327,3.1306025981903076,3.767183542251587,7.257715225219727,3.4244790077209473,2.9730799198150635,3.2865731716156006,3.3307976722717285]","[2.840266466140747,3.3442230224609375,2.8654673099517822,4.212216854095459,2.7288761138916016,2.9503321647644043,3.2108750343322754,2.7857184410095215]",seeds/cell-009-dcca51331e21/seed-5/checkpoint.pt,seeds/cell-009-dcca51331e21/seed-5/snapshots/step-000200.pt
1,scaling-width-load-adamw-10seeds-v1,bffb1a6d15694071b753472a492474ca54484853136fedff195831ccd64433a0,cell-009-dcca51331e21,9,dcca51331e211dc62c43da04bc21f8fa2d4f0dd0ababdf826d384d75239a25f8,5,5,400,32,4,32,2,4,,adamw,0.01,0.0,400,512,0.0,8192,0.0002513528452254832,1.0,1.0013421773910522,1.0051324367523193,8.90634822845459,"[3.6023030281066895,3.0911080837249756,3.690953493118286,7.511237144470215,3.453739881515503,2.9545023441314697,3.2947194576263428,3.382786512374878]","[2.8053784370422363,3.3453307151794434,2.8461997509002686,4.304657459259033,2.7320003509521484,2.9422974586486816,3.2157323360443115,2.774301290512085]",seeds/cell-009-dcca51331e21/seed-5/checkpoint.pt,seeds/cell-009-dcca51331e21/seed-5/snapshots/step-000400.pt
1,scaling-width-load-adamw-10seeds-v1,bffb1a6d15694071b753472a492474ca54484853136fedff195831ccd64433a0,cell-009-dcca51331e21,9,dcca51331e211dc62c43da04bc21f8fa2d4f0dd0ababdf826d384d75239a25f8,6,0,0,32,4,32,2,4,,adamw,0.01,0.0,400,512,0.0,8192,1.1231083869934082,0.4989013671875,0.0025542275980114937,-0.0018964102491736412,16.631546020507812,"[3.1159095764160156,2.9139842987060547,2.8983750343322754,2.5200791358947754,3.058514356613159,2.8389265537261963,2.9265990257263184,2.588819742202759]","[3.230173349380493,2.758579730987549,2.7098002433776855,2.83333420753479,2.5889878273010254,2.753220558166504,2.705594539642334,2.781900405883789]",seeds/cell-009-dcca51331e21/seed-6/checkpoint.pt,seeds/cell-009-dcca51331e21/seed-6/snapshots/step-000000.pt
1,scaling-width-load-adamw-10seeds-v1,bffb1a6d15694071b753472a492474ca54484853136fedff195831ccd64433a0,cell-009-dcca51331e21,9,dcca51331e211dc62c43da04bc21f8fa2d4f0dd0ababdf826d384d75239a25f8,6,1,25,32,4,32,2,4,,adamw,0.01,0.0,400,512,0.0,8192,0.8003235459327698,0.6787109375,0.23965290188789368,0.19180594384670258,16.118762969970703,"[3.4683263301849365,3.108104944229126,3.0455729961395264,2.6798617839813232,3.18513822555542,3.069960832595825,3.397120237350464,2.75520920753479]","[3.463250160217285,3.063565254211426,2.9677867889404297,3.1666793823242188,2.7484564781188965,2.9769370555877686,3.2506420612335205,3.198821544647217]",seeds/cell-009-dcca51331e21/seed-6/checkpoint.pt,seeds/cell-009-dcca51331e21/seed-6/snapshots/step-000025.pt
1,scaling-width-load-adamw-10seeds-v1,bffb1a6d15694071b753472a492474ca54484853136fedff195831ccd64433a0,cell-009-dcca51331e21,9,dcca51331e211dc62c43da04bc21f8fa2d4f0dd0ababdf826d384d75239a25f8,6,2,50,32,4,32,2,4,,adamw,0.01,0.0,400,512,0.0,8192,0.1961972713470459,0.9478759765625,0.8569769859313965,0.8588650226593018,12.65234088897705,"[3.821403741836548,3.7787845134735107,3.856022834777832,4.0042548179626465,3.515930414199829,3.4887850284576416,3.531632661819458,3.1823346614837646]","[3.544614315032959,3.198657274246216,3.0784013271331787,3.457439422607422,2.7599897384643555,3.0132033824920654,3.211522340774536,3.277503252029419]",seeds/cell-009-dcca51331e21/seed-6/checkpoint.pt,seeds/cell-009-dcca51331e21/seed-6/snapshots/step-000050.pt
1,scaling-width-load-adamw-10seeds-v1,bffb1a6d15694071b753472a492474ca54484853136fedff195831ccd64433a0,cell-009-dcca51331e21,9,dcca51331e211dc62c43da04bc21f8fa2d4f0dd0ababdf826d384d75239a25f8,6,3,100,32,4,32,2,4,,adamw,0.01,0.0,400,512,0.0,8192,0.006319849751889706,0.99853515625,1.001236915588379,1.0070083141326904,10.736297607421875,"[4.312902927398682,4.492983341217041,4.824283599853516,5.510043621063232,4.027074813842773,4.082557201385498,3.6868412494659424,4.01483678817749]","[3.578726053237915,3.1306052207946777,3.228484869003296,3.9348158836364746,2.880728006362915,3.176679849624634,3.0968728065490723,3.6718053817749023]",seeds/cell-009-dcca51331e21/seed-6/checkpoint.pt,seeds/cell-009-dcca51331e21/seed-6/snapshots/step-000100.pt
1,scaling-width-load-adamw-10seeds-v1,bffb1a6d15694071b753472a492474ca54484853136fedff195831ccd64433a0,cell-009-dcca51331e21,9,dcca51331e211dc62c43da04bc21f8fa2d4f0dd0ababdf826d384d75239a25f8,6,4,200,32,4,32,2,4,,adamw,0.01,0.0,400,512,0.0,8192,0.000426710641477257,1.0,0.9979894161224365,0.9959361553192139,10.355538368225098,"[4.354002952575684,4.558349609375,5.159423828125,5.7808380126953125,4.037987232208252,4.083570957183838,3.6764109134674072,4.103531360626221]","[3.5795376300811768,3.0895233154296875,3.261115550994873,4.024557113647461,2.955545425415039,3.2417526245117188,3.101613759994507,3.831484079360962]",seeds/cell-009-dcca51331e21/seed-6/checkpoint.pt,seeds/cell-009-dcca51331e21/seed-6/snapshots/step-000200.pt
1,scaling-width-load-adamw-10seeds-v1,bffb1a6d15694071b753472a492474ca54484853136fedff195831ccd64433a0,cell-009-dcca51331e21,9,dcca51331e211dc62c43da04bc21f8fa2d4f0dd0ababdf826d384d75239a25f8,6,5,400,32,4,32,2,4,,adamw,0.01,0.0,400,512,0.0,8192,0.0001227596658281982,1.0,1.0023385286331177,1.0074949264526367,10.307594299316406,"[4.357353687286377,4.596846103668213,5.225968360900879,5.887739658355713,4.033581733703613,4.061341285705566,3.6761395931243896,4.1750168800354]","[3.538869619369507,3.111258029937744,3.3254733085632324,4.049810886383057,3.0269572734832764,3.3057572841644287,3.0987308025360107,3.9556238651275635]",seeds/cell-009-dcca51331e21/seed-6/checkpoint.pt,seeds/cell-009-dcca51331e21/seed-6/snapshots/step-000400.pt
1,scaling-width-load-adamw-10seeds-v1,bffb1a6d15694071b753472a492474ca54484853136fedff195831ccd64433a0,cell-009-dcca51331e21,9,dcca51331e211dc62c43da04bc21f8fa2d4f0dd0ababdf826d384d75239a25f8,7,0,0,32,4,32,2,4,,adamw,0.01,0.0,400,512,0.0,8192,1.6453967094421387,0.4251708984375,-0.0985000804066658,-0.08082056045532227,15.323434829711914,"[2.602311849594116,3.0834808349609375,2.90496563911438,2.732675075531006,2.696207284927368,2.9763293266296387,2.681581974029541,2.6823689937591553]","[2.798383951187134,2.804647445678711,2.617319107055664,2.955188512802124,2.5718014240264893,2.6663529872894287,2.75929594039917,2.9946131706237793]",seeds/cell-009-dcca51331e21/seed-7/checkpoint.pt,seeds/cell-009-dcca51331e21/seed-7/snapshots/step-000000.pt
1,scaling-width-load-adamw-10seeds-v1,bffb1a6d15694071b753472a492474ca54484853136fedff195831ccd64433a0,cell-009-dcca51331e21,9,dcca51331e211dc62c43da04bc21f8fa2d4f0dd0ababdf826d384d75239a25f8,7,1,25,32,4,32,2,4,,adamw,0.01,0.0,400,512,0.0,8192,0.8021824955940247,0.6890869140625,0.15197764337062836,0.13938221335411072,15.358146667480469,"[2.8727707862854004,3.280397653579712,2.922800064086914,2.8577046394348145,3.064486503601074,3.1210339069366455,2.817957639694214,2.8161284923553467]","[3.0113909244537354,3.08512544631958,2.87101411819458,3.3382771015167236,2.8809776306152344,2.679774761199951,3.2581217288970947,3.5301787853240967]",seeds/cell-009-dcca51331e21/seed-7/checkpoint.pt,seeds/cell-009-dcca51331e21/seed-7/snapshots/step-000025.pt
1,scaling-width-load-adamw-10seeds-v1,bffb1a6d15694071b753472a492474ca54484853136fedff195831ccd64433a0,cell-009-dcca51331e21,9,dcca51331e211dc62c43da04bc21f8fa2d4f0dd0ababdf826d384d75239a25f8,7,2,50,32,4,32,2,4,,adamw,0.01,0.0,400,512,0.0,8192,0.1780933439731598,0.966552734375,0.8710857629776001,0.8700008988380432,12.064098358154297,"[2.9401915073394775,5.135826110839844,3.2428343296051025,3.7276976108551025,3.1332285404205322,3.184760093688965,3.0514609813690186,2.9193315505981445]","[3.0343172550201416,3.526029109954834,2.912966012954712,3.4985463619232178,2.880239963531494,2.684758186340332,3.2642982006073,3.5102856159210205]",seeds/cell-009-dcca51331e21/seed-7/checkpoint.pt,seeds/cell-009-dcca51331e21/seed-7/snapshots/step-000050.pt
1,scaling-width-load-adamw-10seeds-v1,bffb1a6d15694071b753472a492474ca54484853136fedff195831ccd64433a0,cell-009-dcca51331e21,9,dcca51331e211dc62c43da04bc21f8fa2d4f0dd0ababdf826d384d75239a25f8,7,3,100,32,4,32,2,4,,adamw,0.01,0.0,400,512,0.0,8192,0.004014051519334316,1.0,1.0027930736541748,1.0139915943145752,10.337611198425293,"[3.0398366451263428,7.373385906219482,3.4600071907043457,4.686270713806152,3.4103810787200928,3.2041683197021484,4.12578821182251,2.996410846710205]","[3.0501534938812256,3.879157781600952,2.8809523582458496,3.4888060092926025,2.9107582569122314,2.702192544937134,3.282442092895508,3.508394956588745]",seeds/cell-009-dcca51331e21/seed-7/checkpoint.pt,seeds/cell-009-dcca51331e21/seed-7/snapshots/step-000100.pt
1,scaling-width-load-adamw-10seeds-v1,bffb1a6d15694071b753472a492474ca54484853136fedff195831ccd64433a0,cell-009-dcca51331e21,9,dcca51331e211dc62c43da04bc21f8fa2d4f0dd0ababdf826d384d75239a25f8,7,4,200,32,4,32,2,4,,adamw,0.01,0.0,400,512,0.0,8192,0.0010072530712932348,1.0,0.9961387515068054,1.0051915645599365,10.15946102142334,"[2.9877560138702393,7.775303363800049,3.4089014530181885,4.744880199432373,3.777994155883789,3.2226977348327637,4.025319576263428,2.996490240097046]","[3.035320520401001,4.037072658538818,2.8519530296325684,3.4740779399871826,2.9479286670684814,2.701925277709961,3.283426284790039,3.498063802719116]",seeds/cell-009-dcca51331e21/seed-7/checkpoint.pt,seeds/cell-009-dcca51331e21/seed-7/snapshots/step-000200.pt
1,scaling-width-load-adamw-10seeds-v1,bffb1a6d15694071b753472a492474ca54484853136fedff195831ccd64433a0,cell-009-dcca51331e21,9,dcca51331e211dc62c43da04bc21f8fa2d4f0dd0ababdf826d384d75239a25f8,7,5,400,32,4,32,2,4,,adamw,0.01,0.0,400,512,0.0,8192,0.00036654475843533874,1.0,1.002859115600586,1.0096421241760254,9.962188720703125,"[2.9352619647979736,8.12027645111084,3.381077766418457,4.807657241821289,3.9857397079467773,3.2793691158294678,3.8801374435424805,2.9898102283477783]","[3.0191171169281006,4.196577548980713,2.8254148960113525,3.471348524093628,2.986973762512207,2.706916093826294,3.282202959060669,3.4806103706359863]",seeds/cell-009-dcca51331e21/seed-7/checkpoint.pt,seeds/cell-009-dcca51331e21/seed-7/snapshots/step-000400.pt
1,scaling-width-load-adamw-10seeds-v1,bffb1a6d15694071b753472a492474ca54484853136fedff195831ccd64433a0,cell-009-dcca51331e21,9,dcca51331e211dc62c43da04bc21f8fa2d4f0dd0ababdf826d384d75239a25f8,8,0,0,32,4,32,2,4,,adamw,0.01,0.0,400,512,0.0,8192,1.4233529567718506,0.493408203125,-0.010052001103758812,-0.020033203065395355,15.643882751464844,"[2.7051570415496826,2.7964138984680176,3.043455123901367,2.7454168796539307,2.772722005844116,2.6564929485321045,2.8874285221099854,2.7402091026306152]","[2.898043394088745,2.5747408866882324,2.7501068115234375,2.8110623359680176,2.813159465789795,2.864680290222168,2.82808780670166,2.615069627761841]",seeds/cell-009-dcca51331e21/seed-8/checkpoint.pt,seeds/cell-009-dcca51331e21/seed-8/snapshots/step-000000.pt
1,scaling-width-load-adamw-10seeds-v1,bffb1a6d15694071b753472a492474ca54484853136fedff195831ccd64433a0,cell-009-dcca51331e21,9,dcca51331e211dc62c43da04bc21f8fa2d4f0dd0ababdf826d384d75239a25f8,8,1,25,32,4,32,2,4,,adamw,0.01,0.0,400,512,0.0,8192,0.7273512482643127,0.7225341796875,0.3295596241950989,0.2854946255683899,15.258769035339355,"[2.9759156703948975,3.021266222000122,3.723996877670288,2.9454517364501953,2.9754300117492676,2.9045960903167725,2.882493495941162,2.8638596534729004]","[3.2745025157928467,2.92264723777771,2.999124050140381,3.127112627029419,3.27728271484375,3.3167002201080322,3.2461068630218506,3.201159715652466]",seeds/cell-009-dcca51331e21/seed-8/checkpoint.pt,seeds/cell-009-dcca51331e21/seed-8/snapshots/step-000025.pt
1,scaling-width-load-adamw-10seeds-v1,bffb1a6d15694071b753472a492474ca54484853136fedff195831ccd64433a0,cell-009-dcca51331e21,9,dcca51331e211dc62c43da04bc21f8fa2d4f0dd0ababdf826d384d75239a25f8,8,2,50,32,4,32,2,4,,adamw,0.01,0.0,400,512,0.0,8192,0.06810566782951355,0.9952392578125,0.9167321920394897,0.9165130257606506,11.672577857971191,"[3.903826951980591,4.875491619110107,3.8339977264404297,4.722553253173828,3.3118062019348145,3.7490296363830566,2.842010259628296,2.9828102588653564]","[3.391921043395996,3.497351884841919,2.920562505722046,3.394003391265869,3.284763813018799,3.436232805252075,3.2373785972595215,3.2731146812438965]",seeds/cell-009-dcca51331e21/seed-8/checkpoint.pt,seeds/cell-009-dcca51331e21/seed-8/snapshots/step-000050.pt
1,scaling-width-load-adamw-10seeds-v1,bffb1a6d15694071b753472a492474ca54484853136fedff195831ccd64433a0,cell-009-dcca51331e21,9,dcca51331e211dc62c43da04bc21f8fa2d4f0dd0ababdf826d384d75239a25f8,8,3,100,32,4,32,2,4,,adamw,0.01,0.0,400,512,0.0,8192,0.0012519052252173424,1.0,0.9984431266784668,0.993728518486023,10.454119682312012,"[4.474327087402344,6.050220966339111,3.8510985374450684,5.678484916687012,3.6257333755493164,4.459202289581299,2.8751370906829834,3.007896900177002]","[3.3680062294006348,4.034701347351074,2.8416616916656494,3.5585641860961914,3.367384672164917,3.9465129375457764,3.205575942993164,3.338566780090332]",seeds/cell-009-dcca51331e21/seed-8/checkpoint.pt,seeds/cell-009-dcca51331e21/seed-8/snapshots/step-000100.pt
1,scaling-width-load-adamw-10seeds-v1,bffb1a6d15694071b753472a492474ca54484853136fedff195831ccd64433a0,cell-009-dcca51331e21,9,dcca51331e211dc62c43da04bc21f8fa2d4f0dd0ababdf826d384d75239a25f8,8,4,200,32,4,32,2,4,,adamw,0.01,0.0,400,512,0.0,8192,0.0003440281725488603,1.0,1.0004451274871826,0.9957568645477295,10.374829292297363,"[4.472809314727783,6.124689102172852,3.8319504261016846,5.67997932434082,3.629990816116333,4.449204444885254,2.8700034618377686,2.9989752769470215]","[3.3424341678619385,4.170126914978027,2.8191654682159424,3.5735907554626465,3.396472454071045,4.091391086578369,3.2021493911743164,3.3413100242614746]",seeds/cell-009-dcca51331e21/seed-8/checkpoint.pt,seeds/cell-009-dcca51331e21/seed-8/snapshots/step-000200.pt
1,scaling-width-load-adamw-10seeds-v1,bffb1a6d15694071b753472a492474ca54484853136fedff195831ccd64433a0,cell-009-dcca51331e21,9,dcca51331e211dc62c43da04bc21f8fa2d4f0dd0ababdf826d384d75239a25f8,8,5,400,32,4,32,2,4,,adamw,0.01,0.0,400,512,0.0,8192,0.00011558846745174378,1.0,1.000561237335205,0.9981055855751038,10.298150062561035,"[4.462586402893066,6.186638832092285,3.8089356422424316,5.683442115783691,3.6193959712982178,4.424063682556152,2.8631715774536133,2.9899957180023193]","[3.3162431716918945,4.311311721801758,2.798082113265991,3.590754508972168,3.4244911670684814,4.225636959075928,3.195014238357544,3.345473051071167]",seeds/cell-009-dcca51331e21/seed-8/checkpoint.pt,seeds/cell-009-dcca51331e21/seed-8/snapshots/step-000400.pt
1,scaling-width-load-adamw-10seeds-v1,bffb1a6d15694071b753472a492474ca54484853136fedff195831ccd64433a0,cell-009-dcca51331e21,9,dcca51331e211dc62c43da04bc21f8fa2d4f0dd0ababdf826d384d75239a25f8,9,0,0,32,4,32,2,4,,adamw,0.01,0.0,400,512,0.0,8192,1.1681382656097412,0.4476318359375,-0.038003068417310715,-0.04896828904747963,15.535676002502441,"[2.6771273612976074,2.661731719970703,3.0593202114105225,2.444800853729248,2.9513509273529053,2.73466420173645,2.5924506187438965,3.0986533164978027]","[2.9992971420288086,3.568202018737793,2.638766050338745,2.696786880493164,2.940256357192993,3.14656662940979,2.9888782501220703,2.6940603256225586]",seeds/cell-009-dcca51331e21/seed-9/checkpoint.pt,seeds/cell-009-dcca51331e21/seed-9/snapshots/step-000000.pt
1,scaling-width-load-adamw-10seeds-v1,bffb1a6d15694071b753472a492474ca54484853136fedff195831ccd64433a0,cell-009-dcca51331e21,9,dcca51331e211dc62c43da04bc21f8fa2d4f0dd0ababdf826d384d75239a25f8,9,1,25,32,4,32,2,4,,adamw,0.01,0.0,400,512,0.0,8192,0.6783194541931152,0.7459716796875,0.26293033361434937,0.24982188642024994,13.988494873046875,"[3.056180477142334,3.152785301208496,3.378552198410034,2.5184760093688965,3.5024471282958984,3.057159662246704,2.6641757488250732,3.4637985229492188]","[3.7098069190979004,3.9426040649414062,2.885279893875122,2.909085988998413,3.149082660675049,3.498021364212036,3.52213454246521,2.962009906768799]",seeds/cell-009-dcca51331e21/seed-9/checkpoint.pt,seeds/cell-009-dcca51331e21/seed-9/snapshots/step-000025.pt
1,scaling-width-load-adamw-10seeds-v1,bffb1a6d15694071b753472a492474ca54484853136fedff195831ccd64433a0,cell-009-dcca51331e21,9,dcca51331e211dc62c43da04bc21f8fa2d4f0dd0ababdf826d384d75239a25f8,9,2,50,32,4,32,2,4,,adamw,0.01,0.0,400,512,0.0,8192,0.06555170565843582,0.9964599609375,0.876071572303772,0.8774515390396118,10.219855308532715,"[4.710029125213623,5.529208660125732,3.5426547527313232,3.0434751510620117,3.9033517837524414,3.391878604888916,2.8431808948516846,4.056926250457764]","[4.070662021636963,4.461589336395264,2.9169158935546875,2.897371292114258,3.2222564220428467,3.499176502227783,3.413102388381958,2.960920810699463]",seeds/cell-009-dcca51331e21/seed-9/checkpoint.pt,seeds/cell-009-dcca51331e21/seed-9/snapshots/step-000050.pt
1,scaling-width-load-adamw-10seeds-v1,bffb1a6d15694071b753472a492474ca54484853136fedff195831ccd64433a0,cell-009-dcca51331e21,9,dcca51331e211dc62c43da04bc21f8fa2d4f0dd0ababdf826d384d75239a25f8,9,3,100,32,4,32,2,4,,adamw,0.01,0.0,400,512,0.0,8192,0.0019944803789258003,1.0,0.9920941591262817,0.9949026107788086,9.660539627075195,"[5.6095290184021,6.883930206298828,3.6510818004608154,3.3045754432678223,4.104747772216797,3.83628249168396,2.8954920768737793,4.444431304931641]","[4.0606279373168945,4.91795015335083,2.907019853591919,2.9110217094421387,3.301724672317505,3.5088818073272705,3.3723056316375732,2.985398769378662]",seeds/cell-009-dcca51331e21/seed-9/checkpoint.pt,seeds/cell-009-dcca51331e21/seed-9/snapshots/step-000100.pt
1,scaling-width-load-adamw-10seeds-v1,bffb1a6d15694071b753472a492474ca54484853136fedff195831ccd64433a0,cell-009-dcca51331e21,9,dcca51331e211dc62c43da04bc21f8fa2d4f0dd0ababdf826d384d75239a25f8,9,4,200,32,4,32,2,4,,adamw,0.01,0.0,400,512,0.0,8192,0.0005206761998124421,1.0,0.99671471118927,1.000152587890625,9.57356071472168,"[5.788440704345703,7.102212429046631,3.6412668228149414,3.324993371963501,4.154723167419434,3.88364839553833,2.906536340713501,4.514901638031006]","[4.081306457519531,5.053881645202637,2.9021897315979004,2.892749309539795,3.3124051094055176,3.5000576972961426,3.3498809337615967,2.9742743968963623]",seeds/cell-009-dcca51331e21/seed-9/checkpoint.pt,seeds/cell-009-dcca51331e21/seed-9/snapshots/step-000200.pt
1,scaling-width-load-adamw-10seeds-v1,bffb1a6d15694071b753472a492474ca54484853136fedff195831ccd64433a0,cell-009-dcca51331e21,9,dcca51331e211dc62c43da04bc21f8fa2d4f0dd0ababdf826d384d75239a25f8,9,5,400,32,4,32,2,4,,adamw,0.01,0.0,400,512,0.0,8192,0.00017246519564650953,1.0,1.0023086071014404,1.0055105686187744,9.472712516784668,"[5.971511363983154,7.335483551025391,3.629880905151367,3.3308238983154297,4.218887805938721,3.971987009048462,2.929274559020996,4.584941387176514]","[4.106772422790527,5.232802867889404,2.8927001953125,2.868741989135742,3.3325412273406982,3.504110813140869,3.325881004333496,2.967528820037842]",seeds/cell-009-dcca51331e21/seed-9/checkpoint.pt,seeds/cell-009-dcca51331e21/seed-9/snapshots/step-000400.pt
1,scaling-width-load-adamw-10seeds-v1,bffb1a6d15694071b753472a492474ca54484853136fedff195831ccd64433a0,cell-010-f5b3a33a84a0,10,f5b3a33a84a007f16687700d75acad54d99ff2f2c1f69df980d3922ddd8f8ba7,0,0,0,128,4,32,2,1,,adamw,0.01,0.0,400,512,0.0,8192,1.7195707559585571,0.4793701171875,-0.04365251213312149,-0.0528409406542778,25.1415958404541,"[5.7245283126831055,5.6271185874938965]","[5.440497398376465,5.673828601837158]",seeds/cell-010-f5b3a33a84a0/seed-0/checkpoint.pt,seeds/cell-010-f5b3a33a84a0/seed-0/snapshots/step-000000.pt
1,scaling-width-load-adamw-10seeds-v1,bffb1a6d15694071b753472a492474ca54484853136fedff195831ccd64433a0,cell-010-f5b3a33a84a0,10,f5b3a33a84a007f16687700d75acad54d99ff2f2c1f69df980d3922ddd8f8ba7,0,1,25,128,4,32,2,1,,adamw,0.01,0.0,400,512,0.0,8192,1.0044314861297607,0.49853515625,-1.688858901616186e-06,-1.9786093616858125e-06,24.68425941467285,"[7.664377689361572,6.987979888916016]","[6.635984897613525,6.804160118103027]",seeds/cell-010-f5b3a33a84a0/seed-0/checkpoint.pt,seeds/cell-010-f5b3a33a84a0/seed-0/snapshots/step-000025.pt
1,scaling-width-load-adamw-10seeds-v1,bffb1a6d15694071b753472a492474ca54484853136fedff195831ccd64433a0,cell-010-f5b3a33a84a0,10,f5b3a33a84a007f16687700d75acad54d99ff2f2c1f69df980d3922ddd8f8ba7,0,2,50,128,4,32,2,1,,adamw,0.01,0.0,400,512,0.0,8192,1.0038868188858032,0.4993896484375,-1.2690798030234873e-06,-1.4283141354098916e-06,24.417633056640625,"[7.9841532707214355,7.186789512634277]","[6.84519624710083,7.009957790374756]",seeds/cell-010-f5b3a33a84a0/seed-0/checkpoint.pt,seeds/cell-010-f5b3a33a84a0/seed-0/snapshots/step-000050.pt
1,scaling-width-load-adamw-10seeds-v1,bffb1a6d15694071b753472a492474ca54484853136fedff195831ccd64433a0,cell-010-f5b3a33a84a0,10,f5b3a33a84a007f16687700d75acad54d99ff2f2c1f69df980d3922ddd8f8ba7,0,3,100,128,4,32,2,1,,adamw,0.01,0.0,400,512,0.0,8192,1.0013940334320068,0.503662109375,-1.0267467587254941e-06,-1.1848751455545425e-06,24.378389358520508,"[8.01774787902832,7.20832633972168]","[6.870640754699707,7.063903331756592]",seeds/cell-010-f5b3a33a84a0/seed-0/checkpoint.pt,seeds/cell-010-f5b3a33a84a0/seed-0/snapshots/step-000100.pt
1,scaling-width-load-adamw-10seeds-v1,bffb1a6d15694071b753472a492474ca54484853136fedff195831ccd64433a0,cell-010-f5b3a33a84a0,10,f5b3a33a84a007f16687700d75acad54d99ff2f2c1f69df980d3922ddd8f8ba7,0,4,200,128,4,32,2,1,,adamw,0.01,0.0,400,512,0.0,8192,1.0101091861724854,0.4981689453125,-1.0415642464067787e-06,-1.2015370884910226e-06,24.39726448059082,"[8.017897605895996,7.212080001831055]","[6.92547607421875,7.18809175491333]",seeds/cell-010-f5b3a33a84a0/seed-0/checkpoint.pt,seeds/cell-010-f5b3a33a84a0/seed-0/snapshots/step-000200.pt
1,scaling-width-load-adamw-10seeds-v1,bffb1a6d15694071b753472a492474ca54484853136fedff195831ccd64433a0,cell-010-f5b3a33a84a0,10,f5b3a33a84a007f16687700d75acad54d99ff2f2c1f69df980d3922ddd8f8ba7,0,5,400,128,4,32,2,1,,adamw,0.01,0.0,400,512,0.0,8192,1.00834059715271,0.4981689453125,-1.2254677130840719e-06,-1.4566176105290651e-06,24.498035430908203,"[8.017620086669922,7.221487998962402]","[7.0586090087890625,7.653749465942383]",seeds/cell-010-f5b3a33a84a0/seed-0/checkpoint.pt,seeds/cell-010-f5b3a33a84a0/seed-0/snapshots/step-000400.pt
1,scaling-width-load-adamw-10seeds-v1,bffb1a6d15694071b753472a492474ca54484853136fedff195831ccd64433a0,cell-010-f5b3a33a84a0,10,f5b3a33a84a007f16687700d75acad54d99ff2f2c1f69df980d3922ddd8f8ba7,1,0,0,128,4,32,2,1,,adamw,0.01,0.0,400,512,0.0,8192,1.1497302055358887,0.52392578125,0.028137320652604103,0.010835499502718449,25.418352127075195,"[5.9478864669799805,5.537208557128906]","[5.570334434509277,5.564940452575684]",seeds/cell-010-f5b3a33a84a0/seed-1/checkpoint.pt,seeds/cell-010-f5b3a33a84a0/seed-1/snapshots/step-000000.pt
1,scaling-width-load-adamw-10seeds-v1,bffb1a6d15694071b753472a492474ca54484853136fedff195831ccd64433a0,cell-010-f5b3a33a84a0,10,f5b3a33a84a007f16687700d75acad54d99ff2f2c1f69df980d3922ddd8f8ba7,1,1,25,128,4,32,2,1,,adamw,0.01,0.0,400,512,0.0,8192,1.0882259607315063,0.4906005859375,0.025594763457775116,0.02235625497996807,24.555957794189453,"[6.4065446853637695,6.395036697387695]","[7.215392112731934,7.0806565284729]",seeds/cell-010-f5b3a33a84a0/seed-1/checkpoint.pt,seeds/cell-010-f5b3a33a84a0/seed-1/snapshots/step-000025.pt
1,scaling-width-load-adamw-10seeds-v1,bffb1a6d15694071b753472a492474ca54484853136fedff195831ccd64433a0,cell-010-f5b3a33a84a0,10,f5b3a33a84a007f16687700d75acad54d99ff2f2c1f69df980d3922ddd8f8ba7,1,2,50,128,4,32,2,1,,adamw,0.01,0.0,400,512,0.0,8192,0.8617652058601379,0.6156005859375,0.14230003952980042,0.1312820464372635,24.10896873474121,"[6.989729881286621,6.535388469696045]","[7.561349868774414,7.340664863586426]",seeds/cell-010-f5b3a33a84a0/seed-1/checkpoint.pt,seeds/cell-010-f5b3a33a84a0/seed-1/snapshots/step-000050.pt
1,scaling-width-load-adamw-10seeds-v1,bffb1a6d15694071b753472a492474ca54484853136fedff195831ccd64433a0,cell-010-f5b3a33a84a0,10,f5b3a33a84a007f16687700d75acad54d99ff2f2c1f69df980d3922ddd8f8ba7,1,3,100,128,4,32,2,1,,adamw,0.01,0.0,400,512,0.0,8192,0.12993299961090088,0.9700927734375,0.8786320686340332,0.892084002494812,17.4068660736084,"[12.190598487854004,7.703251361846924]","[7.606921195983887,7.399646282196045]",seeds/cell-010-f5b3a33a84a0/seed-1/checkpoint.pt,seeds/cell-010-f5b3a33a84a0/seed-1/snapshots/step-000100.pt
1,scaling-width-load-adamw-10seeds-v1,bffb1a6d15694071b753472a492474ca54484853136fedff195831ccd64433a0,cell-010-f5b3a33a84a0,10,f5b3a33a84a007f16687700d75acad54d99ff2f2c1f69df980d3922ddd8f8ba7,1,4,200,128,4,32,2,1,,adamw,0.01,0.0,400,512,0.0,8192,0.0033379443921148777,0.9996337890625,0.9997983574867249,1.0144875049591064,15.964605331420898,"[14.909161567687988,8.988404273986816]","[7.803243637084961,7.478180885314941]",seeds/cell-010-f5b3a33a84a0/seed-1/checkpoint.pt,seeds/cell-010-f5b3a33a84a0/seed-1/snapshots/step-000200.pt
1,scaling-width-load-adamw-10seeds-v1,bffb1a6d15694071b753472a492474ca54484853136fedff195831ccd64433a0,cell-010-f5b3a33a84a0,10,f5b3a33a84a007f16687700d75acad54d99ff2f2c1f69df980d3922ddd8f8ba7,1,5,400,128,4,32,2,1,,adamw,0.01,0.0,400,512,0.0,8192,0.018485702574253082,0.99560546875,0.972028374671936,0.9806696176528931,15.821041107177734,"[16.267778396606445,9.345736503601074]","[7.937863349914551,7.687084674835205]",seeds/cell-010-f5b3a33a84a0/seed-1/checkpoint.pt,seeds/cell-010-f5b3a33a84a0/seed-1/snapshots/step-000400.pt
1,scaling-width-load-adamw-10seeds-v1,bffb1a6d15694071b753472a492474ca54484853136fedff195831ccd64433a0,cell-010-f5b3a33a84a0,10,f5b3a33a84a007f16687700d75acad54d99ff2f2c1f69df980d3922ddd8f8ba7,2,0,0,128,4,32,2,1,,adamw,0.01,0.0,400,512,0.0,8192,1.6165101528167725,0.51123046875,0.019542459398508072,0.0148322070017457,25.268543243408203,"[5.596609115600586,5.513888835906982]","[5.350804328918457,5.766623497009277]",seeds/cell-010-f5b3a33a84a0/seed-2/checkpoint.pt,seeds/cell-010-f5b3a33a84a0/seed-2/snapshots/step-000000.pt
1,scaling-width-load-adamw-10seeds-v1,bffb1a6d15694071b753472a492474ca54484853136fedff195831ccd64433a0,cell-010-f5b3a33a84a0,10,f5b3a33a84a007f16687700d75acad54d99ff2f2c1f69df980d3922ddd8f8ba7,2,1,25,128,4,32,2,1,,adamw,0.01,0.0,400,512,0.0,8192,1.0125142335891724,0.5081787109375,-8.55117104947567e-05,-4.782076575793326e-05,24.085695266723633,"[7.564592361450195,6.5067458152771]","[6.513734340667725,6.8615288734436035]",seeds/cell-010-f5b3a33a84a0/seed-2/checkpoint.pt,seeds/cell-010-f5b3a33a84a0/seed-2/snapshots/step-000025.pt
1,scaling-width-load-adamw-10seeds-v1,bffb1a6d15694071b753472a492474ca54484853136fedff195831ccd64433a0,cell-010-f5b3a33a84a0,10,f5b3a33a84a007f16687700d75acad54d99ff2f2c1f69df980d3922ddd8f8ba7,2,2,50,128,4,32,2,1,,adamw,0.01,0.0,400,512,0.0,8192,1.0012346506118774,0.4974365234375,-3.5453951568342745e-05,-1.9689872715389356e-05,23.83142852783203,"[7.859490871429443,6.679821491241455]","[6.716282367706299,7.076408386230469]",seeds/cell-010-f5b3a33a84a0/seed-2/checkpoint.pt,seeds/cell-010-f5b3a33a84a0/seed-2/snapshots/step-000050.pt
1,scaling-width-load-adamw-10seeds-v1,bffb1a6d15694071b753472a492474ca54484853136fedff195831ccd64433a0,cell-010-f5b3a33a84a0,10,f5b3a33a84a007f16687700d75acad54d99ff2f2c1f69df980d3922ddd8f8ba7,2,3,100,128,4,32,2,1,,adamw,0.01,0.0,400,512,0.0,8192,1.0026339292526245,0.4910888671875,-1.2557524314615875e-05,-6.883951755298767e-06,23.747127532958984,"[7.88168478012085,6.719973564147949]","[6.777217388153076,7.193032264709473]",seeds/cell-010-f5b3a33a84a0/seed-2/checkpoint.pt,seeds/cell-010-f5b3a33a84a0/seed-2/snapshots/step-000100.pt
1,scaling-width-load-adamw-10seeds-v1,bffb1a6d15694071b753472a492474ca54484853136fedff195831ccd64433a0,cell-010-f5b3a33a84a0,10,f5b3a33a84a007f16687700d75acad54d99ff2f2c1f69df980d3922ddd8f8ba7,2,4,200,128,4,32,2,1,,adamw,0.01,0.0,400,512,0.0,8192,1.000364065170288,0.5069580078125,-3.8009038689779118e-06,-2.0498191588558257e-06,23.778291702270508,"[7.871094703674316,6.747779846191406]","[6.826663970947266,7.472570419311523]",seeds/cell-010-f5b3a33a84a0/seed-2/checkpoint.pt,seeds/cell-010-f5b3a33a84a0/seed-2/snapshots/step-000200.pt
1,scaling-width-load-adamw-10seeds-v1,bffb1a6d15694071b753472a492474ca54484853136fedff195831ccd64433a0,cell-010-f5b3a33a84a0,10,f5b3a33a84a007f16687700d75acad54d99ff2f2c1f69df980d3922ddd8f8ba7,2,5,400,128,4,32,2,1,,adamw,0.01,0.0,400,512,0.0,8192,1.0023939609527588,0.4918212890625,-8.773276931606233e-07,-4.6658169594593346e-07,23.695981979370117,"[7.861494064331055,6.771507263183594]","[7.030215740203857,8.400254249572754]",seeds/cell-010-f5b3a33a84a0/seed-2/checkpoint.pt,seeds/cell-010-f5b3a33a84a0/seed-2/snapshots/step-000400.pt
1,scaling-width-load-adamw-10seeds-v1,bffb1a6d15694071b753472a492474ca54484853136fedff195831ccd64433a0,cell-010-f5b3a33a84a0,10,f5b3a33a84a007f16687700d75acad54d99ff2f2c1f69df980d3922ddd8f8ba7,3,0,0,128,4,32,2,1,,adamw,0.01,0.0,400,512,0.0,8192,2.7402849197387695,0.5550537109375,0.30013978481292725,0.23061662912368774,24.773218154907227,"[5.5718159675598145,5.9213995933532715]","[5.773901462554932,5.312512397766113]",seeds/cell-010-f5b3a33a84a0/seed-3/checkpoint.pt,seeds/cell-010-f5b3a33a84a0/seed-3/snapshots/step-000000.pt
1,scaling-width-load-adamw-10seeds-v1,bffb1a6d15694071b753472a492474ca54484853136fedff195831ccd64433a0,cell-010-f5b3a33a84a0,10,f5b3a33a84a007f16687700d75acad54d99ff2f2c1f69df980d3922ddd8f8ba7,3,1,25,128,4,32,2,1,,adamw,0.01,0.0,400,512,0.0,8192,0.9115941524505615,0.6065673828125,0.07630686461925507,0.05599088966846466,23.468631744384766,"[6.63585901260376,7.313468933105469]","[7.012369632720947,6.572566986083984]",seeds/cell-010-f5b3a33a84a0/seed-3/checkpoint.pt,seeds/cell-010-f5b3a33a84a0/seed-3/snapshots/step-000025.pt
1,scaling-width-load-adamw-10seeds-v1,bffb1a6d15694071b753472a492474ca54484853136fedff195831ccd64433a0,cell-010-f5b3a33a84a0,10,f5b3a33a84a007f16687700d75acad54d99ff2f2c1f69df980d3922ddd8f8ba7,3,2,50,128,4,32,2,1,,adamw,0.01,0.0,400,512,0.0,8192,0.7401021718978882,0.6812744140625,0.26431843638420105,0.2437364161014557,21.750207901000977,"[7.383641719818115,7.657615661621094]","[7.231746196746826,6.7734694480896]",seeds/cell-010-f5b3a33a84a0/seed-3/checkpoint.pt,seeds/cell-010-f5b3a33a84a0/seed-3/snapshots/step-000050.pt
1,scaling-width-load-adamw-10seeds-v1,bffb1a6d15694071b753472a492474ca54484853136fedff195831ccd64433a0,cell-010-f5b3a33a84a0,10,f5b3a33a84a007f16687700d75acad54d99ff2f2c1f69df980d3922ddd8f8ba7,3,3,100,128,4,32,2,1,,adamw,0.01,0.0,400,512,0.0,8192,0.026994049549102783,0.994873046875,0.9974528551101685,1.00449800491333,16.1821231842041,"[11.008596420288086,8.589141845703125]","[7.336122035980225,6.800361633300781]",seeds/cell-010-f5b3a33a84a0/seed-3/checkpoint.pt,seeds/cell-010-f5b3a33a84a0/seed-3/snapshots/step-000100.pt
1,scaling-width-load-adamw-10seeds-v1,bffb1a6d15694071b753472a492474ca54484853136fedff195831ccd64433a0,cell-010-f5b3a33a84a0,10,f5b3a33a84a007f16687700d75acad54d99ff2f2c1f69df980d3922ddd8f8ba7,3,4,200,128,4,32,2,1,,adamw,0.01,0.0,400,512,0.0,8192,0.0017851075390353799,0.9998779296875,1.005016565322876,1.0108420848846436,15.788585662841797,"[11.65208911895752,8.942876815795898]","[7.42902946472168,6.985429286956787]",seeds/cell-010-f5b3a33a84a0/seed-3/checkpoint.pt,seeds/cell-010-f5b3a33a84a0/seed-3/snapshots/step-000200.pt
1,scaling-width-load-adamw-10seeds-v1,bffb1a6d15694071b753472a492474ca54484853136fedff195831ccd64433a0,cell-010-f5b3a33a84a0,10,f5b3a33a84a007f16687700d75acad54d99ff2f2c1f69df980d3922ddd8f8ba7,3,5,400,128,4,32,2,1,,adamw,0.01,0.0,400,512,0.0,8192,0.0017258329316973686,0.9996337890625,0.9972079992294312,1.000140905380249,15.591354370117188,"[13.01991081237793,9.21847915649414]","[7.626726150512695,7.468062400817871]",seeds/cell-010-f5b3a33a84a0/seed-3/checkpoint.pt,seeds/cell-010-f5b3a33a84a0/seed-3/snapshots/step-000400.pt
1,scaling-width-load-adamw-10seeds-v1,bffb1a6d15694071b753472a492474ca54484853136fedff195831ccd64433a0,cell-010-f5b3a33a84a0,10,f5b3a33a84a007f16687700d75acad54d99ff2f2c1f69df980d3922ddd8f8ba7,4,0,0,128,4,32,2,1,,adamw,0.01,0.0,400,512,0.0,8192,1.3158011436462402,0.473388671875,-0.015764441341161728,-0.0011732267448678613,26.01828956604004,"[5.506288528442383,5.986573696136475]","[5.575430393218994,5.821006774902344]",seeds/cell-010-f5b3a33a84a0/seed-4/checkpoint.pt,seeds/cell-010-f5b3a33a84a0/seed-4/snapshots/step-000000.pt
1,scaling-width-load-adamw-10seeds-v1,bffb1a6d15694071b753472a492474ca54484853136fedff195831ccd64433a0,cell-010-f5b3a33a84a0,10,f5b3a33a84a007f16687700d75acad54d99ff2f2c1f69df980d3922ddd8f8ba7,4,1,25,128,4,32,2,1,,adamw,0.01,0.0,400,512,0.0,8192,0.8670313358306885,0.635498046875,0.11732491105794907,0.08253955841064453,25.235424041748047,"[6.119590759277344,6.304262161254883]","[6.772648811340332,7.513778209686279]",seeds/cell-010-f5b3a33a84a0/seed-4/checkpoint.pt,seeds/cell-010-f5b3a33a84a0/seed-4/snapshots/step-000025.pt
1,scaling-width-load-adamw-10seeds-v1,bffb1a6d15694071b753472a492474ca54484853136fedff195831ccd64433a0,cell-010-f5b3a33a84a0,10,f5b3a33a84a007f16687700d75acad54d99ff2f2c1f69df980d3922ddd8f8ba7,4,2,50,128,4,32,2,1,,adamw,0.01,0.0,400,512,0.0,8192,0.14749452471733093,0.9708251953125,0.8785306215286255,0.8768826723098755,18.577207565307617,"[8.71291446685791,7.0434489250183105]","[7.196054458618164,7.567121982574463]",seeds/cell-010-f5b3a33a84a0/seed-4/checkpoint.pt,seeds/cell-010-f5b3a33a84a0/seed-4/snapshots/step-000050.pt
1,scaling-width-load-adamw-10seeds-v1,bffb1a6d15694071b753472a492474ca54484853136fedff195831ccd64433a0,cell-010-f5b3a33a84a0,10,f5b3a33a84a007f16687700d75acad54d99ff2f2c1f69df980d3922ddd8f8ba7,4,3,100,128,4,32,2,1,,adamw,0.01,0.0,400,512,0.0,8192,0.002269396558403969,1.0,1.0040273666381836,1.0103425979614258,15.350221633911133,"[12.369029998779297,7.9116740226745605]","[7.497988700866699,7.801855087280273]",seeds/cell-010-f5b3a33a84a0/seed-4/checkpoint.pt,seeds/cell-010-f5b3a33a84a0/seed-4/snapshots/step-000100.pt
1,scaling-width-load-adamw-10seeds-v1,bffb1a6d15694071b753472a492474ca54484853136fedff195831ccd64433a0,cell-010-f5b3a33a84a0,10,f5b3a33a84a007f16687700d75acad54d99ff2f2c1f69df980d3922ddd8f8ba7,4,4,200,128,4,32,2,1,,adamw,0.01,0.0,400,512,0.0,8192,0.00048560957657173276,1.0,1.0015697479248047,1.008021354675293,15.288695335388184,"[12.722557067871094,7.895722389221191]","[7.572211742401123,7.954931259155273]",seeds/cell-010-f5b3a33a84a0/seed-4/checkpoint.pt,seeds/cell-010-f5b3a33a84a0/seed-4/snapshots/step-000200.pt
1,scaling-width-load-adamw-10seeds-v1,bffb1a6d15694071b753472a492474ca54484853136fedff195831ccd64433a0,cell-010-f5b3a33a84a0,10,f5b3a33a84a007f16687700d75acad54d99ff2f2c1f69df980d3922ddd8f8ba7,4,5,400,128,4,32,2,1,,adamw,0.01,0.0,400,512,0.0,8192,0.00017704369383864105,1.0,1.0031729936599731,1.0109562873840332,15.23646068572998,"[13.022273063659668,7.9526214599609375]","[7.6363935470581055,8.09819507598877]",seeds/cell-010-f5b3a33a84a0/seed-4/checkpoint.pt,seeds/cell-010-f5b3a33a84a0/seed-4/snapshots/step-000400.pt
1,scaling-width-load-adamw-10seeds-v1,bffb1a6d15694071b753472a492474ca54484853136fedff195831ccd64433a0,cell-010-f5b3a33a84a0,10,f5b3a33a84a007f16687700d75acad54d99ff2f2c1f69df980d3922ddd8f8ba7,5,0,0,128,4,32,2,1,,adamw,0.01,0.0,400,512,0.0,8192,1.872788429260254,0.432373046875,-0.14308637380599976,-0.09957821667194366,25.72490882873535,"[5.343432903289795,5.7502264976501465]","[5.672695636749268,5.451796531677246]",seeds/cell-010-f5b3a33a84a0/seed-5/checkpoint.pt,seeds/cell-010-f5b3a33a84a0/seed-5/snapshots/step-000000.pt
1,scaling-width-load-adamw-10seeds-v1,bffb1a6d15694071b753472a492474ca54484853136fedff195831ccd64433a0,cell-010-f5b3a33a84a0,10,f5b3a33a84a007f16687700d75acad54d99ff2f2c1f69df980d3922ddd8f8ba7,5,1,25,128,4,32,2,1,,adamw,0.01,0.0,400,512,0.0,8192,0.8736485242843628,0.62841796875,0.10260152816772461,0.08059679716825485,24.940000534057617,"[5.590880870819092,6.461421966552734]","[6.980895519256592,6.6993327140808105]",seeds/cell-010-f5b3a33a84a0/seed-5/checkpoint.pt,seeds/cell-010-f5b3a33a84a0/seed-5/snapshots/step-000025.pt
1,scaling-width-load-adamw-10seeds-v1,bffb1a6d15694071b753472a492474ca54484853136fedff195831ccd64433a0,cell-010-f5b3a33a84a0,10,f5b3a33a84a007f16687700d75acad54d99ff2f2c1f69df980d3922ddd8f8ba7,5,2,50,128,4,32,2,1,,adamw,0.01,0.0,400,512,0.0,8192,0.19656643271446228,0.959228515625,0.8578749895095825,0.8421615362167358,20.432767868041992,"[7.672174453735352,6.767857074737549]","[7.543352127075195,6.735710620880127]",seeds/cell-010-f5b3a33a84a0/seed-5/checkpoint.pt,seeds/cell-010-f5b3a33a84a0/seed-5/snapshots/step-000050.pt
1,scaling-width-load-adamw-10seeds-v1,bffb1a6d15694071b753472a492474ca54484853136fedff195831ccd64433a0,cell-010-f5b3a33a84a0,10,f5b3a33a84a007f16687700d75acad54d99ff2f2c1f69df980d3922ddd8f8ba7,5,3,100,128,4,32,2,1,,adamw,0.01,0.0,400,512,0.0,8192,0.004059977363795042,1.0,0.9897153377532959,0.9990382194519043,16.10576629638672,"[11.554323196411133,8.567163467407227]","[7.692195892333984,6.8253703117370605]",seeds/cell-010-f5b3a33a84a0/seed-5/checkpoint.pt,seeds/cell-010-f5b3a33a84a0/seed-5/snapshots/step-000100.pt
1,scaling-width-load-adamw-10seeds-v1,bffb1a6d15694071b753472a492474ca54484853136fedff195831ccd64433a0,cell-010-f5b3a33a84a0,10,f5b3a33a84a007f16687700d75acad54d99ff2f2c1f69df980d3922ddd8f8ba7,5,4,200,128,4,32,2,1,,adamw,0.01,0.0,400,512,0.0,8192,0.0008334423182532191,1.0,0.9989182949066162,1.0087828636169434,15.909960746765137,"[12.195866584777832,8.606023788452148]","[7.719862461090088,6.821102619171143]",seeds/cell-010-f5b3a33a84a0/seed-5/checkpoint.pt,seeds/cell-010-f5b3a33a84a0/seed-5/snapshots/step-000200.pt
1,scaling-width-load-adamw-10seeds-v1,bffb1a6d15694071b753472a492474ca54484853136fedff195831ccd64433a0,cell-010-f5b3a33a84a0,10,f5b3a33a84a007f16687700d75acad54d99ff2f2c1f69df980d3922ddd8f8ba7,5,5,400,128,4,32,2,1,,adamw,0.01,0.0,400,512,0.0,8192,0.00024409084289800376,1.0,1.001304268836975,1.0130161046981812,15.750540733337402,"[12.754987716674805,8.589733123779297]","[7.7706170082092285,6.796882152557373]",seeds/cell-010-f5b3a33a84a0/seed-5/checkpoint.pt,seeds/cell-010-f5b3a33a84a0/seed-5/snapshots/step-000400.pt
1,scaling-width-load-adamw-10seeds-v1,bffb1a6d15694071b753472a492474ca54484853136fedff195831ccd64433a0,cell-010-f5b3a33a84a0,10,f5b3a33a84a007f16687700d75acad54d99ff2f2c1f69df980d3922ddd8f8ba7,6,0,0,128,4,32,2,1,,adamw,0.01,0.0,400,512,0.0,8192,1.221754789352417,0.5523681640625,0.09490205347537994,0.09613838791847229,25.410892486572266,"[5.266083717346191,5.686916828155518]","[5.713456630706787,5.945658206939697]",seeds/cell-010-f5b3a33a84a0/seed-6/checkpoint.pt,seeds/cell-010-f5b3a33a84a0/seed-6/snapshots/step-000000.pt
1,scaling-width-load-adamw-10seeds-v1,bffb1a6d15694071b753472a492474ca54484853136fedff195831ccd64433a0,cell-010-f5b3a33a84a0,10,f5b3a33a84a007f16687700d75acad54d99ff2f2c1f69df980d3922ddd8f8ba7,6,1,25,128,4,32,2,1,,adamw,0.01,0.0,400,512,0.0,8192,0.8843407034873962,0.62548828125,0.1531217396259308,0.12549656629562378,24.56141471862793,"[6.199533939361572,7.479755401611328]","[7.641873836517334,7.17976188659668]",seeds/cell-010-f5b3a33a84a0/seed-6/checkpoint.pt,seeds/cell-010-f5b3a33a84a0/seed-6/snapshots/step-000025.pt
1,scaling-width-load-adamw-10seeds-v1,bffb1a6d15694071b753472a492474ca54484853136fedff195831ccd64433a0,cell-010-f5b3a33a84a0,10,f5b3a33a84a007f16687700d75acad54d99ff2f2c1f69df980d3922ddd8f8ba7,6,2,50,128,4,32,2,1,,adamw,0.01,0.0,400,512,0.0,8192,0.8264235854148865,0.6383056640625,0.17081008851528168,0.13638392090797424,24.191646575927734,"[6.566492080688477,7.9587788581848145]","[8.023334503173828,7.4117960929870605]",seeds/cell-010-f5b3a33a84a0/seed-6/checkpoint.pt,seeds/cell-010-f5b3a33a84a0/seed-6/snapshots/step-000050.pt
1,scaling-width-load-adamw-10seeds-v1,bffb1a6d15694071b753472a492474ca54484853136fedff195831ccd64433a0,cell-010-f5b3a33a84a0,10,f5b3a33a84a007f16687700d75acad54d99ff2f2c1f69df980d3922ddd8f8ba7,6,3,100,128,4,32,2,1,,adamw,0.01,0.0,400,512,0.0,8192,0.11941123008728027,0.984130859375,1.0387659072875977,1.0417048931121826,18.934968948364258,"[9.412757873535156,8.398613929748535]","[8.656258583068848,7.129384994506836]",seeds/cell-010-f5b3a33a84a0/seed-6/checkpoint.pt,seeds/cell-010-f5b3a33a84a0/seed-6/snapshots/step-000100.pt
1,scaling-width-load-adamw-10seeds-v1,bffb1a6d15694071b753472a492474ca54484853136fedff195831ccd64433a0,cell-010-f5b3a33a84a0,10,f5b3a33a84a007f16687700d75acad54d99ff2f2c1f69df980d3922ddd8f8ba7,6,4,200,128,4,32,2,1,,adamw,0.01,0.0,400,512,0.0,8192,0.0010564719559624791,1.0,0.9992241859436035,1.0011652708053589,16.394309997558594,"[12.540190696716309,8.287275314331055]","[9.108192443847656,7.095426559448242]",seeds/cell-010-f5b3a33a84a0/seed-6/checkpoint.pt,seeds/cell-010-f5b3a33a84a0/seed-6/snapshots/step-000200.pt
1,scaling-width-load-adamw-10seeds-v1,bffb1a6d15694071b753472a492474ca54484853136fedff195831ccd64433a0,cell-010-f5b3a33a84a0,10,f5b3a33a84a007f16687700d75acad54d99ff2f2c1f69df980d3922ddd8f8ba7,6,5,400,128,4,32,2,1,,adamw,0.01,0.0,400,512,0.0,8192,0.00034466772922314703,1.0,1.0015814304351807,1.0034288167953491,16.27046012878418,"[12.990084648132324,8.174127578735352]","[9.26402473449707,7.052807331085205]",seeds/cell-010-f5b3a33a84a0/seed-6/checkpoint.pt,seeds/cell-010-f5b3a33a84a0/seed-6/snapshots/step-000400.pt
1,scaling-width-load-adamw-10seeds-v1,bffb1a6d15694071b753472a492474ca54484853136fedff195831ccd64433a0,cell-010-f5b3a33a84a0,10,f5b3a33a84a007f16687700d75acad54d99ff2f2c1f69df980d3922ddd8f8ba7,7,0,0,128,4,32,2,1,,adamw,0.01,0.0,400,512,0.0,8192,2.2232768535614014,0.469970703125,-0.11570237576961517,-0.062189895659685135,25.215282440185547,"[5.581923484802246,5.997048377990723]","[5.6186299324035645,5.688183307647705]",seeds/cell-010-f5b3a33a84a0/seed-7/checkpoint.pt,seeds/cell-010-f5b3a33a84a0/seed-7/snapshots/step-000000.pt
1,scaling-width-load-adamw-10seeds-v1,bffb1a6d15694071b753472a492474ca54484853136fedff195831ccd64433a0,cell-010-f5b3a33a84a0,10,f5b3a33a84a007f16687700d75acad54d99ff2f2c1f69df980d3922ddd8f8ba7,7,1,25,128,4,32,2,1,,adamw,0.01,0.0,400,512,0.0,8192,0.940849244594574,0.505859375,0.07782624661922455,0.06932193785905838,23.724058151245117,"[6.713359832763672,7.214112281799316]","[6.872681617736816,7.080811023712158]",seeds/cell-010-f5b3a33a84a0/seed-7/checkpoint.pt,seeds/cell-010-f5b3a33a84a0/seed-7/snapshots/step-000025.pt
1,scaling-width-load-adamw-10seeds-v1,bffb1a6d15694071b753472a492474ca54484853136fedff195831ccd64433a0,cell-010-f5b3a33a84a0,10,f5b3a33a84a007f16687700d75acad54d99ff2f2c1f69df980d3922ddd8f8ba7,7,2,50,128,4,32,2,1,,adamw,0.01,0.0,400,512,0.0,8192,0.8257067799568176,0.6619873046875,0.16318954527378082,0.14127080142498016,22.7074031829834,"[7.30170202255249,7.44646692276001]","[7.174847602844238,7.262597560882568]",seeds/cell-010-f5b3a33a84a0/seed-7/checkpoint.pt,seeds/cell-010-f5b3a33a84a0/seed-7/snapshots/step-000050.pt
1,scaling-width-load-adamw-10seeds-v1,bffb1a6d15694071b753472a492474ca54484853136fedff195831ccd64433a0,cell-010-f5b3a33a84a0,10,f5b3a33a84a007f16687700d75acad54d99ff2f2c1f69df980d3922ddd8f8ba7,7,3,100,128,4,32,2,1,,adamw,0.01,0.0,400,512,0.0,8192,0.2762039005756378,0.93017578125,0.697800874710083,0.6969100832939148,16.131046295166016,"[11.718339920043945,8.35831069946289]","[7.433437347412109,7.111459732055664]",seeds/cell-010-f5b3a33a84a0/seed-7/checkpoint.pt,seeds/cell-010-f5b3a33a84a0/seed-7/snapshots/step-000100.pt
1,scaling-width-load-adamw-10seeds-v1,bffb1a6d15694071b753472a492474ca54484853136fedff195831ccd64433a0,cell-010-f5b3a33a84a0,10,f5b3a33a84a007f16687700d75acad54d99ff2f2c1f69df980d3922ddd8f8ba7,7,4,200,128,4,32,2,1,,adamw,0.01,0.0,400,512,0.0,8192,0.005282176658511162,0.9993896484375,0.9817723035812378,0.9814631938934326,13.753424644470215,"[14.93830680847168,9.248563766479492]","[7.769115447998047,7.109950542449951]",seeds/cell-010-f5b3a33a84a0/seed-7/checkpoint.pt,seeds/cell-010-f5b3a33a84a0/seed-7/snapshots/step-000200.pt
1,scaling-width-load-adamw-10seeds-v1,bffb1a6d15694071b753472a492474ca54484853136fedff195831ccd64433a0,cell-010-f5b3a33a84a0,10,f5b3a33a84a007f16687700d75acad54d99ff2f2c1f69df980d3922ddd8f8ba7,7,5,400,128,4,32,2,1,,adamw,0.01,0.0,400,512,0.0,8192,0.0004987316206097603,1.0,0.9994684457778931,0.9990161061286926,13.543319702148438,"[15.428409576416016,9.537997245788574]","[7.898117542266846,7.082633018493652]",seeds/cell-010-f5b3a33a84a0/seed-7/checkpoint.pt,seeds/cell-010-f5b3a33a84a0/seed-7/snapshots/step-000400.pt
1,scaling-width-load-adamw-10seeds-v1,bffb1a6d15694071b753472a492474ca54484853136fedff195831ccd64433a0,cell-010-f5b3a33a84a0,10,f5b3a33a84a007f16687700d75acad54d99ff2f2c1f69df980d3922ddd8f8ba7,8,0,0,128,4,32,2,1,,adamw,0.01,0.0,400,512,0.0,8192,1.5995601415634155,0.45654296875,-0.06488925218582153,-0.09597881138324738,24.83053970336914,"[5.86290168762207,5.351741313934326]","[5.599814414978027,5.8302154541015625]",seeds/cell-010-f5b3a33a84a0/seed-8/checkpoint.pt,seeds/cell-010-f5b3a33a84a0/seed-8/snapshots/step-000000.pt
1,scaling-width-load-adamw-10seeds-v1,bffb1a6d15694071b753472a492474ca54484853136fedff195831ccd64433a0,cell-010-f5b3a33a84a0,10,f5b3a33a84a007f16687700d75acad54d99ff2f2c1f69df980d3922ddd8f8ba7,8,1,25,128,4,32,2,1,,adamw,0.01,0.0,400,512,0.0,8192,0.8340785503387451,0.6683349609375,0.14227479696273804,0.06634967029094696,23.516210556030273,"[6.807642459869385,6.876869201660156]","[6.756380081176758,7.667758464813232]",seeds/cell-010-f5b3a33a84a0/seed-8/checkpoint.pt,seeds/cell-010-f5b3a33a84a0/seed-8/snapshots/step-000025.pt
1,scaling-width-load-adamw-10seeds-v1,bffb1a6d15694071b753472a492474ca54484853136fedff195831ccd64433a0,cell-010-f5b3a33a84a0,10,f5b3a33a84a007f16687700d75acad54d99ff2f2c1f69df980d3922ddd8f8ba7,8,2,50,128,4,32,2,1,,adamw,0.01,0.0,400,512,0.0,8192,0.3761237859725952,0.867919921875,0.6046288013458252,0.5376480221748352,20.578346252441406,"[6.970071792602539,7.243226051330566]","[6.943926811218262,7.980955123901367]",seeds/cell-010-f5b3a33a84a0/seed-8/checkpoint.pt,seeds/cell-010-f5b3a33a84a0/seed-8/snapshots/step-000050.pt
1,scaling-width-load-adamw-10seeds-v1,bffb1a6d15694071b753472a492474ca54484853136fedff195831ccd64433a0,cell-010-f5b3a33a84a0,10,f5b3a33a84a007f16687700d75acad54d99ff2f2c1f69df980d3922ddd8f8ba7,8,3,100,128,4,32,2,1,,adamw,0.01,0.0,400,512,0.0,8192,0.006551056634634733,0.99951171875,0.9977980852127075,0.988017201423645,16.575939178466797,"[7.881730079650879,10.673774719238281]","[7.380659580230713,8.46321964263916]",seeds/cell-010-f5b3a33a84a0/seed-8/checkpoint.pt,seeds/cell-010-f5b3a33a84a0/seed-8/snapshots/step-000100.pt
1,scaling-width-load-adamw-10seeds-v1,bffb1a6d15694071b753472a492474ca54484853136fedff195831ccd64433a0,cell-010-f5b3a33a84a0,10,f5b3a33a84a007f16687700d75acad54d99ff2f2c1f69df980d3922ddd8f8ba7,8,4,200,128,4,32,2,1,,adamw,0.01,0.0,400,512,0.0,8192,0.0007987680146470666,1.0,0.9973859786987305,0.9934208989143372,16.367582321166992,"[8.021553993225098,11.419730186462402]","[7.342251777648926,8.80972957611084]",seeds/cell-010-f5b3a33a84a0/seed-8/checkpoint.pt,seeds/cell-010-f5b3a33a84a0/seed-8/snapshots/step-000200.pt
1,scaling-width-load-adamw-10seeds-v1,bffb1a6d15694071b753472a492474ca54484853136fedff195831ccd64433a0,cell-010-f5b3a33a84a0,10,f5b3a33a84a007f16687700d75acad54d99ff2f2c1f69df980d3922ddd8f8ba7,8,5,400,128,4,32,2,1,,adamw,0.01,0.0,400,512,0.0,8192,0.00016001421317923814,1.0,1.0001280307769775,0.9993595480918884,16.296781539916992,"[8.11549186706543,11.913519859313965]","[7.32875394821167,9.02566909790039]",seeds/cell-010-f5b3a33a84a0/seed-8/checkpoint.pt,seeds/cell-010-f5b3a33a84a0/seed-8/snapshots/step-000400.pt
1,scaling-width-load-adamw-10seeds-v1,bffb1a6d15694071b753472a492474ca54484853136fedff195831ccd64433a0,cell-010-f5b3a33a84a0,10,f5b3a33a84a007f16687700d75acad54d99ff2f2c1f69df980d3922ddd8f8ba7,9,0,0,128,4,32,2,1,,adamw,0.01,0.0,400,512,0.0,8192,2.0418689250946045,0.4229736328125,-0.16619819402694702,-0.12066714465618134,25.230270385742188,"[5.90965461730957,6.291106700897217]","[5.131293296813965,5.794984817504883]",seeds/cell-010-f5b3a33a84a0/seed-9/checkpoint.pt,seeds/cell-010-f5b3a33a84a0/seed-9/snapshots/step-000000.pt
1,scaling-width-load-adamw-10seeds-v1,bffb1a6d15694071b753472a492474ca54484853136fedff195831ccd64433a0,cell-010-f5b3a33a84a0,10,f5b3a33a84a007f16687700d75acad54d99ff2f2c1f69df980d3922ddd8f8ba7,9,1,25,128,4,32,2,1,,adamw,0.01,0.0,400,512,0.0,8192,0.9125329256057739,0.595947265625,0.11496753990650177,0.06506751477718353,24.283647537231445,"[6.790733814239502,7.455813407897949]","[6.272092342376709,7.738589286804199]",seeds/cell-010-f5b3a33a84a0/seed-9/checkpoint.pt,seeds/cell-010-f5b3a33a84a0/seed-9/snapshots/step-000025.pt
1,scaling-width-load-adamw-10seeds-v1,bffb1a6d15694071b753472a492474ca54484853136fedff195831ccd64433a0,cell-010-f5b3a33a84a0,10,f5b3a33a84a007f16687700d75acad54d99ff2f2c1f69df980d3922ddd8f8ba7,9,2,50,128,4,32,2,1,,adamw,0.01,0.0,400,512,0.0,8192,0.8038150072097778,0.6851806640625,0.19776546955108643,0.1302177906036377,23.299667358398438,"[7.15034818649292,7.91375732421875]","[6.47654914855957,8.069145202636719]",seeds/cell-010-f5b3a33a84a0/seed-9/checkpoint.pt,seeds/cell-010-f5b3a33a84a0/seed-9/snapshots/step-000050.pt
1,scaling-width-load-adamw-10seeds-v1,bffb1a6d15694071b753472a492474ca54484853136fedff195831ccd64433a0,cell-010-f5b3a33a84a0,10,f5b3a33a84a007f16687700d75acad54d99ff2f2c1f69df980d3922ddd8f8ba7,9,3,100,128,4,32,2,1,,adamw,0.01,0.0,400,512,0.0,8192,0.01952202618122101,0.9981689453125,1.0723960399627686,1.066889762878418,15.152412414550781,"[11.689668655395508,9.190848350524902]","[6.952917575836182,8.277854919433594]",seeds/cell-010-f5b3a33a84a0/seed-9/checkpoint.pt,seeds/cell-010-f5b3a33a84a0/seed-9/snapshots/step-000100.pt
1,scaling-width-load-adamw-10seeds-v1,bffb1a6d15694071b753472a492474ca54484853136fedff195831ccd64433a0,cell-010-f5b3a33a84a0,10,f5b3a33a84a007f16687700d75acad54d99ff2f2c1f69df980d3922ddd8f8ba7,9,4,200,128,4,32,2,1,,adamw,0.01,0.0,400,512,0.0,8192,0.001631583902053535,0.999755859375,0.9991207122802734,0.994256854057312,14.884664535522461,"[12.723761558532715,9.324474334716797]","[7.1859846115112305,8.783930778503418]",seeds/cell-010-f5b3a33a84a0/seed-9/checkpoint.pt,seeds/cell-010-f5b3a33a84a0/seed-9/snapshots/step-000200.pt
1,scaling-width-load-adamw-10seeds-v1,bffb1a6d15694071b753472a492474ca54484853136fedff195831ccd64433a0,cell-010-f5b3a33a84a0,10,f5b3a33a84a007f16687700d75acad54d99ff2f2c1f69df980d3922ddd8f8ba7,9,5,400,128,4,32,2,1,,adamw,0.01,0.0,400,512,0.0,8192,0.0008324819500558078,0.9998779296875,0.993621826171875,1.0007987022399902,14.820657730102539,"[14.62613582611084,9.57622241973877]","[7.465782642364502,9.082408905029297]",seeds/cell-010-f5b3a33a84a0/seed-9/checkpoint.pt,seeds/cell-010-f5b3a33a84a0/seed-9/snapshots/step-000400.pt
1,scaling-width-load-adamw-10seeds-v1,bffb1a6d15694071b753472a492474ca54484853136fedff195831ccd64433a0,cell-011-65e86c2e1d3e,11,65e86c2e1d3e8f616abecc39dd1cfb1cb5337c07429c6e14ab6da5ff0d3da22a,0,0,0,128,4,32,2,4,,adamw,0.01,0.0,400,512,0.0,8192,1.6206934452056885,0.45458984375,-0.06178271770477295,-0.06692259013652802,25.1415958404541,"[2.787625312805176,2.7767834663391113,2.8841092586517334,2.9053258895874023,2.7235448360443115,2.9238874912261963,2.7381975650787354,2.8284926414489746]","[2.7469043731689453,3.0842742919921875,2.363034725189209,2.7828056812286377,2.6646299362182617,2.8549094200134277,2.5005428791046143,2.969062328338623]",seeds/cell-011-65e86c2e1d3e/seed-0/checkpoint.pt,seeds/cell-011-65e86c2e1d3e/seed-0/snapshots/step-000000.pt
1,scaling-width-load-adamw-10seeds-v1,bffb1a6d15694071b753472a492474ca54484853136fedff195831ccd64433a0,cell-011-65e86c2e1d3e,11,65e86c2e1d3e8f616abecc39dd1cfb1cb5337c07429c6e14ab6da5ff0d3da22a,0,1,25,128,4,32,2,4,,adamw,0.01,0.0,400,512,0.0,8192,0.7911698222160339,0.6982421875,0.15969720482826233,0.1384693682193756,24.704320907592773,"[2.8953371047973633,3.061593770980835,3.038491725921631,3.2443695068359375,3.1251797676086426,3.122161388397217,3.0115277767181396,3.4061944484710693]","[3.281505823135376,3.609586238861084,2.613415241241455,3.0750629901885986,3.009586811065674,3.1875147819519043,3.0038869380950928,3.4038538932800293]",seeds/cell-011-65e86c2e1d3e/seed-0/checkpoint.pt,seeds/cell-011-65e86c2e1d3e/seed-0/snapshots/step-000025.pt
1,scaling-width-load-adamw-10seeds-v1,bffb1a6d15694071b753472a492474ca54484853136fedff195831ccd64433a0,cell-011-65e86c2e1d3e,11,65e86c2e1d3e8f616abecc39dd1cfb1cb5337c07429c6e14ab6da5ff0d3da22a,0,2,50,128,4,32,2,4,,adamw,0.01,0.0,400,512,0.0,8192,0.6397098302841187,0.7586669921875,0.3300303518772125,0.3046877682209015,23.0358943939209,"[3.0845532417297363,3.582749366760254,3.1429638862609863,3.316815137863159,3.163923740386963,3.153768301010132,3.1225955486297607,3.4962337017059326]","[3.3707151412963867,3.808215618133545,2.6728079319000244,3.1048567295074463,3.0695390701293945,3.2318966388702393,3.068052291870117,3.4706106185913086]",seeds/cell-011-65e86c2e1d3e/seed-0/checkpoint.pt,seeds/cell-011-65e86c2e1d3e/seed-0/snapshots/step-000050.pt
1,scaling-width-load-adamw-10seeds-v1,bffb1a6d15694071b753472a492474ca54484853136fedff195831ccd64433a0,cell-011-65e86c2e1d3e,11,65e86c2e1d3e8f616abecc39dd1cfb1cb5337c07429c6e14ab6da5ff0d3da22a,0,3,100,128,4,32,2,4,,adamw,0.01,0.0,400,512,0.0,8192,0.023756802082061768,0.997314453125,0.9694408178329468,0.9684339761734009,14.064023971557617,"[4.251548767089844,7.595978736877441,4.104800701141357,3.542315721511841,3.406735897064209,3.421670436859131,3.326785087585449,3.6551740169525146]","[3.363399028778076,4.235369682312012,2.6322317123413086,3.074411153793335,3.1432600021362305,3.252441167831421,3.0698814392089844,3.4546709060668945]",seeds/cell-011-65e86c2e1d3e/seed-0/checkpoint.pt,seeds/cell-011-65e86c2e1d3e/seed-0/snapshots/step-000100.pt
1,scaling-width-load-adamw-10seeds-v1,bffb1a6d15694071b753472a492474ca54484853136fedff195831ccd64433a0,cell-011-65e86c2e1d3e,11,65e86c2e1d3e8f616abecc39dd1cfb1cb5337c07429c6e14ab6da5ff0d3da22a,0,4,200,128,4,32,2,4,,adamw,0.01,0.0,400,512,0.0,8192,0.0032206024043262005,0.9993896484375,1.001006841659546,0.9972490072250366,13.085524559020996,"[4.242517948150635,8.547252655029297,4.094425678253174,3.4698588848114014,3.4226229190826416,3.457721710205078,3.7254011631011963,3.6740994453430176]","[3.307298183441162,4.468328952789307,2.6122848987579346,3.0465006828308105,3.2819430828094482,3.399777412414551,3.080622434616089,3.4679017066955566]",seeds/cell-011-65e86c2e1d3e/seed-0/checkpoint.pt,seeds/cell-011-65e86c2e1d3e/seed-0/snapshots/step-000200.pt
1,scaling-width-load-adamw-10seeds-v1,bffb1a6d15694071b753472a492474ca54484853136fedff195831ccd64433a0,cell-011-65e86c2e1d3e,11,65e86c2e1d3e8f616abecc39dd1cfb1cb5337c07429c6e14ab6da5ff0d3da22a,0,5,400,128,4,32,2,4,,adamw,0.01,0.0,400,512,0.0,8192,0.0020835704635828733,0.9996337890625,0.999738335609436,0.9993556141853333,12.169772148132324,"[4.234821796417236,9.269233703613281,4.063048839569092,3.38420033454895,3.4217963218688965,3.504816770553589,3.996410608291626,3.706693172454834]","[3.264976978302002,4.694396495819092,2.5949819087982178,3.0126938819885254,3.4784271717071533,3.5525171756744385,3.0804831981658936,3.4789671897888184]",seeds/cell-011-65e86c2e1d3e/seed-0/checkpoint.pt,seeds/cell-011-65e86c2e1d3e/seed-0/snapshots/step-000400.pt
1,scaling-width-load-adamw-10seeds-v1,bffb1a6d15694071b753472a492474ca54484853136fedff195831ccd64433a0,cell-011-65e86c2e1d3e,11,65e86c2e1d3e8f616abecc39dd1cfb1cb5337c07429c6e14ab6da5ff0d3da22a,1,0,0,128,4,32,2,4,,adamw,0.01,0.0,400,512,0.0,8192,1.1512855291366577,0.5484619140625,0.05115790292620659,0.048622895032167435,25.418352127075195,"[3.028599500656128,2.9908981323242188,2.802879810333252,2.7160496711730957,3.009634017944336,2.629018545150757,2.929943323135376,2.7827277183532715]","[2.5837442874908447,2.49324893951416,3.0271553993225098,2.7889578342437744,2.851510763168335,2.420506238937378,2.8793373107910156,3.3082356452941895]",seeds/cell-011-65e86c2e1d3e/seed-1/checkpoint.pt,seeds/cell-011-65e86c2e1d3e/seed-1/snapshots/step-000000.pt
1,scaling-width-load-adamw-10seeds-v1,bffb1a6d15694071b753472a492474ca54484853136fedff195831ccd64433a0,cell-011-65e86c2e1d3e,11,65e86c2e1d3e8f616abecc39dd1cfb1cb5337c07429c6e14ab6da5ff0d3da22a,1,1,25,128,4,32,2,4,,adamw,0.01,0.0,400,512,0.0,8192,0.9418653249740601,0.5623779296875,0.08448725938796997,0.07789212465286255,24.513893127441406,"[3.2513086795806885,3.074284791946411,2.9023895263671875,3.1538827419281006,3.2122669219970703,2.8213577270507812,3.1182849407196045,3.3994319438934326]","[3.0305023193359375,2.863877534866333,3.3168013095855713,3.297478437423706,3.253772497177124,2.618378162384033,3.3009753227233887,3.8614652156829834]",seeds/cell-011-65e86c2e1d3e/seed-1/checkpoint.pt,seeds/cell-011-65e86c2e1d3e/seed-1/snapshots/step-000025.pt
1,scaling-width-load-adamw-10seeds-v1,bffb1a6d15694071b753472a492474ca54484853136fedff195831ccd64433a0,cell-011-65e86c2e1d3e,11,65e86c2e1d3e8f616abecc39dd1cfb1cb5337c07429c6e14ab6da5ff0d3da22a,1,2,50,128,4,32,2,4,,adamw,0.01,0.0,400,512,0.0,8192,0.6219898462295532,0.774658203125,0.38887590169906616,0.3586695194244385,22.532726287841797,"[3.4183754920959473,3.3299176692962646,3.103762626647949,3.4073007106781006,3.243504047393799,2.861787796020508,3.1793787479400635,3.46258544921875]","[3.1933412551879883,2.9807307720184326,3.421813488006592,3.4730629920959473,3.282170057296753,2.6598403453826904,3.3445394039154053,3.861193895339966]",seeds/cell-011-65e86c2e1d3e/seed-1/checkpoint.pt,seeds/cell-011-65e86c2e1d3e/seed-1/snapshots/step-000050.pt
1,scaling-width-load-adamw-10seeds-v1,bffb1a6d15694071b753472a492474ca54484853136fedff195831ccd64433a0,cell-011-65e86c2e1d3e,11,65e86c2e1d3e8f616abecc39dd1cfb1cb5337c07429c6e14ab6da5ff0d3da22a,1,3,100,128,4,32,2,4,,adamw,0.01,0.0,400,512,0.0,8192,0.03087546117603779,0.9993896484375,0.9870792031288147,0.9828808307647705,13.943039894104004,"[6.002516746520996,5.980306148529053,5.132906436920166,6.168130397796631,3.2441561222076416,3.3081300258636475,4.95376443862915,3.6381309032440186]","[3.198408842086792,3.103541135787964,3.4826414585113525,3.5884077548980713,3.312793254852295,2.643908739089966,3.305339813232422,3.828707695007324]",seeds/cell-011-65e86c2e1d3e/seed-1/checkpoint.pt,seeds/cell-011-65e86c2e1d3e/seed-1/snapshots/step-000100.pt
1,scaling-width-load-adamw-10seeds-v1,bffb1a6d15694071b753472a492474ca54484853136fedff195831ccd64433a0,cell-011-65e86c2e1d3e,11,65e86c2e1d3e8f616abecc39dd1cfb1cb5337c07429c6e14ab6da5ff0d3da22a,1,4,200,128,4,32,2,4,,adamw,0.01,0.0,400,512,0.0,8192,0.0040054600685834885,0.9998779296875,0.9969211220741272,0.9911382794380188,13.404906272888184,"[6.6301164627075195,6.653479099273682,5.51216459274292,6.869256496429443,3.2786803245544434,4.10427713394165,5.596095085144043,3.6083216667175293]","[3.183159112930298,3.0895113945007324,3.469630718231201,3.6922855377197266,3.32515811920166,2.674049139022827,3.442201614379883,3.837883234024048]",seeds/cell-011-65e86c2e1d3e/seed-1/checkpoint.pt,seeds/cell-011-65e86c2e1d3e/seed-1/snapshots/step-000200.pt
1,scaling-width-load-adamw-10seeds-v1,bffb1a6d15694071b753472a492474ca54484853136fedff195831ccd64433a0,cell-011-65e86c2e1d3e,11,65e86c2e1d3e8f616abecc39dd1cfb1cb5337c07429c6e14ab6da5ff0d3da22a,1,5,400,128,4,32,2,4,,adamw,0.01,0.0,400,512,0.0,8192,0.0008197497809305787,1.0,1.000691294670105,0.9932676553726196,13.048773765563965,"[6.99303674697876,7.146241664886475,5.735169887542725,7.426909923553467,3.331333875656128,5.411257743835449,5.5811896324157715,3.558730363845825]","[3.1894259452819824,3.0623419284820557,3.4641425609588623,3.856492519378662,3.345451593399048,2.742548704147339,3.6353604793548584,3.8109536170959473]",seeds/cell-011-65e86c2e1d3e/seed-1/checkpoint.pt,seeds/cell-011-65e86c2e1d3e/seed-1/snapshots/step-000400.pt
1,scaling-width-load-adamw-10seeds-v1,bffb1a6d15694071b753472a492474ca54484853136fedff195831ccd64433a0,cell-011-65e86c2e1d3e,11,65e86c2e1d3e8f616abecc39dd1cfb1cb5337c07429c6e14ab6da5ff0d3da22a,2,0,0,128,4,32,2,4,,adamw,0.01,0.0,400,512,0.0,8192,1.5652239322662354,0.51708984375,0.07124604284763336,0.07347874343395233,25.268543243408203,"[2.700427532196045,2.779574394226074,2.767585277557373,3.1086843013763428,3.0812997817993164,2.7637734413146973,2.578964948654175,2.3911404609680176]","[2.664804458618164,2.730393886566162,2.9904026985168457,2.817356824874878,2.8279595375061035,2.6663777828216553,3.00954008102417,2.6705729961395264]",seeds/cell-011-65e86c2e1d3e/seed-2/checkpoint.pt,seeds/cell-011-65e86c2e1d3e/seed-2/snapshots/step-000000.pt
1,scaling-width-load-adamw-10seeds-v1,bffb1a6d15694071b753472a492474ca54484853136fedff195831ccd64433a0,cell-011-65e86c2e1d3e,11,65e86c2e1d3e8f616abecc39dd1cfb1cb5337c07429c6e14ab6da5ff0d3da22a,2,1,25,128,4,32,2,4,,adamw,0.01,0.0,400,512,0.0,8192,0.8252970576286316,0.6614990234375,0.1688738316297531,0.1315881907939911,23.93633270263672,"[3.1698150634765625,3.8841607570648193,3.433635711669922,3.5146801471710205,3.2258312702178955,3.089730739593506,3.300900936126709,3.0866641998291016]","[3.0076818466186523,3.1354305744171143,3.608962297439575,3.242173910140991,3.385842800140381,2.9971072673797607,3.324443817138672,3.0724151134490967]",seeds/cell-011-65e86c2e1d3e/seed-2/checkpoint.pt,seeds/cell-011-65e86c2e1d3e/seed-2/snapshots/step-000025.pt
1,scaling-width-load-adamw-10seeds-v1,bffb1a6d15694071b753472a492474ca54484853136fedff195831ccd64433a0,cell-011-65e86c2e1d3e,11,65e86c2e1d3e8f616abecc39dd1cfb1cb5337c07429c6e14ab6da5ff0d3da22a,2,2,50,128,4,32,2,4,,adamw,0.01,0.0,400,512,0.0,8192,0.7418705224990845,0.7069091796875,0.26319611072540283,0.2196110188961029,22.870807647705078,"[3.670340061187744,4.044724464416504,3.52561616897583,3.7927868366241455,3.203894853591919,3.2034456729888916,3.5539684295654297,3.192178964614868]","[3.0691497325897217,3.190215826034546,3.6454896926879883,3.3294265270233154,3.550750732421875,3.0722663402557373,3.3726210594177246,3.116562604904175]",seeds/cell-011-65e86c2e1d3e/seed-2/checkpoint.pt,seeds/cell-011-65e86c2e1d3e/seed-2/snapshots/step-000050.pt
1,scaling-width-load-adamw-10seeds-v1,bffb1a6d15694071b753472a492474ca54484853136fedff195831ccd64433a0,cell-011-65e86c2e1d3e,11,65e86c2e1d3e8f616abecc39dd1cfb1cb5337c07429c6e14ab6da5ff0d3da22a,2,3,100,128,4,32,2,4,,adamw,0.01,0.0,400,512,0.0,8192,0.16870367527008057,0.9498291015625,0.8427598476409912,0.8381152153015137,13.60244369506836,"[7.025508403778076,4.130184173583984,4.7079291343688965,6.2347798347473145,4.3294758796691895,4.340016841888428,3.6256263256073,3.1933512687683105]","[3.2067885398864746,3.2144784927368164,3.7338576316833496,3.4610838890075684,3.854337215423584,3.103717803955078,3.328983783721924,3.124624729156494]",seeds/cell-011-65e86c2e1d3e/seed-2/checkpoint.pt,seeds/cell-011-65e86c2e1d3e/seed-2/snapshots/step-000100.pt
1,scaling-width-load-adamw-10seeds-v1,bffb1a6d15694071b753472a492474ca54484853136fedff195831ccd64433a0,cell-011-65e86c2e1d3e,11,65e86c2e1d3e8f616abecc39dd1cfb1cb5337c07429c6e14ab6da5ff0d3da22a,2,4,200,128,4,32,2,4,,adamw,0.01,0.0,400,512,0.0,8192,0.007158371154218912,0.9984130859375,0.9921882152557373,0.9850392937660217,12.429301261901855,"[7.679807662963867,4.1553120613098145,6.9290452003479,7.019940376281738,4.836090087890625,4.8040924072265625,3.682385206222534,3.3571155071258545]","[3.2540159225463867,3.157590627670288,4.222568511962891,3.389355182647705,4.454817295074463,3.2074058055877686,3.3615059852600098,3.1730387210845947]",seeds/cell-011-65e86c2e1d3e/seed-2/checkpoint.pt,seeds/cell-011-65e86c2e1d3e/seed-2/snapshots/step-000200.pt
1,scaling-width-load-adamw-10seeds-v1,bffb1a6d15694071b753472a492474ca54484853136fedff195831ccd64433a0,cell-011-65e86c2e1d3e,11,65e86c2e1d3e8f616abecc39dd1cfb1cb5337c07429c6e14ab6da5ff0d3da22a,2,5,400,128,4,32,2,4,,adamw,0.01,0.0,400,512,0.0,8192,0.00249772728420794,0.9993896484375,0.9946097135543823,0.9921387434005737,11.772374153137207,"[7.73015022277832,4.122844219207764,7.804351329803467,7.041790962219238,4.861935138702393,5.02761697769165,3.554030418395996,3.3758533000946045]","[3.3000969886779785,3.109252691268921,4.428500652313232,3.354477882385254,4.964171409606934,3.3568379878997803,3.3506810665130615,3.2179694175720215]",seeds/cell-011-65e86c2e1d3e/seed-2/checkpoint.pt,seeds/cell-011-65e86c2e1d3e/seed-2/snapshots/step-000400.pt
1,scaling-width-load-adamw-10seeds-v1,bffb1a6d15694071b753472a492474ca54484853136fedff195831ccd64433a0,cell-011-65e86c2e1d3e,11,65e86c2e1d3e8f616abecc39dd1cfb1cb5337c07429c6e14ab6da5ff0d3da22a,3,0,0,128,4,32,2,4,,adamw,0.01,0.0,400,512,0.0,8192,2.2865121364593506,0.5623779296875,0.29844868183135986,0.21939370036125183,24.773218154907227,"[3.041707992553711,2.707334041595459,2.4064600467681885,2.6816763877868652,3.1252543926239014,2.9821078777313232,2.728003740310669,3.110006093978882]","[2.7189533710479736,2.968778371810913,3.1561899185180664,2.636855363845825,2.973440647125244,2.526216745376587,2.5603644847869873,3.04521107673645]",seeds/cell-011-65e86c2e1d3e/seed-3/checkpoint.pt,seeds/cell-011-65e86c2e1d3e/seed-3/snapshots/step-000000.pt
1,scaling-width-load-adamw-10seeds-v1,bffb1a6d15694071b753472a492474ca54484853136fedff195831ccd64433a0,cell-011-65e86c2e1d3e,11,65e86c2e1d3e8f616abecc39dd1cfb1cb5337c07429c6e14ab6da5ff0d3da22a,3,1,25,128,4,32,2,4,,adamw,0.01,0.0,400,512,0.0,8192,0.8383294343948364,0.674560546875,0.12003490328788757,0.09555158019065857,23.437284469604492,"[3.4768426418304443,2.9987339973449707,2.498243570327759,3.0997960567474365,3.5115621089935303,3.257955312728882,3.071979284286499,3.4328691959381104]","[3.050086259841919,3.4005544185638428,3.5819497108459473,3.1270768642425537,3.2125244140625,2.9852795600891113,2.8770270347595215,3.5934877395629883]",seeds/cell-011-65e86c2e1d3e/seed-3/checkpoint.pt,seeds/cell-011-65e86c2e1d3e/seed-3/snapshots/step-000025.pt
1,scaling-width-load-adamw-10seeds-v1,bffb1a6d15694071b753472a492474ca54484853136fedff195831ccd64433a0,cell-011-65e86c2e1d3e,11,65e86c2e1d3e8f616abecc39dd1cfb1cb5337c07429c6e14ab6da5ff0d3da22a,3,2,50,128,4,32,2,4,,adamw,0.01,0.0,400,512,0.0,8192,0.6211721897125244,0.772705078125,0.39648377895355225,0.37009197473526,21.646141052246094,"[3.613253116607666,3.1603782176971436,2.889155149459839,3.2722792625427246,3.7743988037109375,3.3862075805664062,3.0978622436523438,3.4897162914276123]","[3.119760036468506,3.4619858264923096,3.9428818225860596,3.229245662689209,3.2893733978271484,3.0962884426116943,2.917046546936035,3.602790355682373]",seeds/cell-011-65e86c2e1d3e/seed-3/checkpoint.pt,seeds/cell-011-65e86c2e1d3e/seed-3/snapshots/step-000050.pt
1,scaling-width-load-adamw-10seeds-v1,bffb1a6d15694071b753472a492474ca54484853136fedff195831ccd64433a0,cell-011-65e86c2e1d3e,11,65e86c2e1d3e8f616abecc39dd1cfb1cb5337c07429c6e14ab6da5ff0d3da22a,3,3,100,128,4,32,2,4,,adamw,0.01,0.0,400,512,0.0,8192,0.025975074619054794,0.993896484375,0.976749062538147,1.005326271057129,14.431415557861328,"[4.078718662261963,4.229203224182129,4.959640979766846,5.418857574462891,5.339335918426514,4.758820533752441,3.1599607467651367,3.7386083602905273]","[3.017310380935669,3.416239023208618,4.687948226928711,3.477088689804077,3.3628604412078857,3.171487808227539,2.9089536666870117,3.6641740798950195]",seeds/cell-011-65e86c2e1d3e/seed-3/checkpoint.pt,seeds/cell-011-65e86c2e1d3e/seed-3/snapshots/step-000100.pt
1,scaling-width-load-adamw-10seeds-v1,bffb1a6d15694071b753472a492474ca54484853136fedff195831ccd64433a0,cell-011-65e86c2e1d3e,11,65e86c2e1d3e8f616abecc39dd1cfb1cb5337c07429c6e14ab6da5ff0d3da22a,3,4,200,128,4,32,2,4,,adamw,0.01,0.0,400,512,0.0,8192,0.01212244015187025,0.9964599609375,0.9778910279273987,0.9882718324661255,13.529802322387695,"[4.146843433380127,4.409129619598389,5.435968399047852,6.452651500701904,5.524363994598389,4.748164653778076,3.1675891876220703,3.7061452865600586]","[2.956601619720459,3.422564744949341,5.1195855140686035,3.612046718597412,3.4790518283843994,3.3851919174194336,2.9309563636779785,3.576373815536499]",seeds/cell-011-65e86c2e1d3e/seed-3/checkpoint.pt,seeds/cell-011-65e86c2e1d3e/seed-3/snapshots/step-000200.pt
1,scaling-width-load-adamw-10seeds-v1,bffb1a6d15694071b753472a492474ca54484853136fedff195831ccd64433a0,cell-011-65e86c2e1d3e,11,65e86c2e1d3e8f616abecc39dd1cfb1cb5337c07429c6e14ab6da5ff0d3da22a,3,5,400,128,4,32,2,4,,adamw,0.01,0.0,400,512,0.0,8192,0.0011539695551618934,0.9998779296875,1.0000677108764648,1.0155446529388428,12.797372817993164,"[4.138925552368164,5.061460494995117,5.889739513397217,7.307894229888916,5.598028182983398,4.782199382781982,3.1484689712524414,3.692387819290161]","[2.8981528282165527,3.5484042167663574,5.3705973625183105,3.959413528442383,3.592325210571289,3.647677183151245,2.9286422729492188,3.5440566539764404]",seeds/cell-011-65e86c2e1d3e/seed-3/checkpoint.pt,seeds/cell-011-65e86c2e1d3e/seed-3/snapshots/step-000400.pt
1,scaling-width-load-adamw-10seeds-v1,bffb1a6d15694071b753472a492474ca54484853136fedff195831ccd64433a0,cell-011-65e86c2e1d3e,11,65e86c2e1d3e8f616abecc39dd1cfb1cb5337c07429c6e14ab6da5ff0d3da22a,4,0,0,128,4,32,2,4,,adamw,0.01,0.0,400,512,0.0,8192,1.303873062133789,0.4910888671875,-0.00518882367759943,0.007430499419569969,26.01828956604004,"[2.6422481536865234,2.9497344493865967,3.076948881149292,2.5613255500793457,2.7402400970458984,2.96533203125,2.9882781505584717,3.0549516677856445]","[2.960932970046997,2.909475803375244,2.720815420150757,2.4624576568603516,2.8056163787841797,2.894836902618408,2.81886625289917,3.1375627517700195]",seeds/cell-011-65e86c2e1d3e/seed-4/checkpoint.pt,seeds/cell-011-65e86c2e1d3e/seed-4/snapshots/step-000000.pt
1,scaling-width-load-adamw-10seeds-v1,bffb1a6d15694071b753472a492474ca54484853136fedff195831ccd64433a0,cell-011-65e86c2e1d3e,11,65e86c2e1d3e8f616abecc39dd1cfb1cb5337c07429c6e14ab6da5ff0d3da22a,4,1,25,128,4,32,2,4,,adamw,0.01,0.0,400,512,0.0,8192,0.7740049362182617,0.6849365234375,0.2676182985305786,0.2213679701089859,24.920896530151367,"[2.8306355476379395,3.018305540084839,3.1419548988342285,2.817580223083496,2.8259172439575195,3.0907063484191895,3.204935312271118,3.151426076889038]","[3.3588128089904785,2.9963996410369873,3.0364978313446045,3.034742593765259,3.2007222175598145,3.1254470348358154,3.1803948879241943,3.8428778648376465]",seeds/cell-011-65e86c2e1d3e/seed-4/checkpoint.pt,seeds/cell-011-65e86c2e1d3e/seed-4/snapshots/step-000025.pt
1,scaling-width-load-adamw-10seeds-v1,bffb1a6d15694071b753472a492474ca54484853136fedff195831ccd64433a0,cell-011-65e86c2e1d3e,11,65e86c2e1d3e8f616abecc39dd1cfb1cb5337c07429c6e14ab6da5ff0d3da22a,4,2,50,128,4,32,2,4,,adamw,0.01,0.0,400,512,0.0,8192,0.14088265597820282,0.974365234375,0.8126838207244873,0.8139903545379639,16.895837783813477,"[3.1196532249450684,3.808065414428711,3.8934054374694824,5.575634002685547,2.9387149810791016,3.1717031002044678,3.9023029804229736,3.4010491371154785]","[3.2903525829315186,3.013235569000244,3.039233446121216,3.7790634632110596,3.260575532913208,3.2090201377868652,3.2475709915161133,3.802426338195801]",seeds/cell-011-65e86c2e1d3e/seed-4/checkpoint.pt,seeds/cell-011-65e86c2e1d3e/seed-4/snapshots/step-000050.pt
1,scaling-width-load-adamw-10seeds-v1,bffb1a6d15694071b753472a492474ca54484853136fedff195831ccd64433a0,cell-011-65e86c2e1d3e,11,65e86c2e1d3e8f616abecc39dd1cfb1cb5337c07429c6e14ab6da5ff0d3da22a,4,3,100,128,4,32,2,4,,adamw,0.01,0.0,400,512,0.0,8192,0.012497838586568832,0.9967041015625,0.9876567721366882,0.9844106435775757,13.477426528930664,"[3.365816354751587,4.247289180755615,4.4293437004089355,7.442830562591553,3.0720434188842773,3.5242292881011963,4.540606498718262,3.5340473651885986]","[3.2394471168518066,2.9842276573181152,3.0013389587402344,4.333765506744385,3.3168728351593018,3.175976514816284,3.613816022872925,3.8765342235565186]",seeds/cell-011-65e86c2e1d3e/seed-4/checkpoint.pt,seeds/cell-011-65e86c2e1d3e/seed-4/snapshots/step-000100.pt
1,scaling-width-load-adamw-10seeds-v1,bffb1a6d15694071b753472a492474ca54484853136fedff195831ccd64433a0,cell-011-65e86c2e1d3e,11,65e86c2e1d3e8f616abecc39dd1cfb1cb5337c07429c6e14ab6da5ff0d3da22a,4,4,200,128,4,32,2,4,,adamw,0.01,0.0,400,512,0.0,8192,0.0030289040878415108,0.9993896484375,1.0005760192871094,0.9988672733306885,12.497479438781738,"[3.4465866088867188,4.401587009429932,4.519205093383789,8.146660804748535,3.121466875076294,3.5141289234161377,4.421363353729248,3.5444459915161133]","[3.2534213066101074,2.975579261779785,3.0276644229888916,4.4615092277526855,3.3371529579162598,3.161618947982788,3.832077980041504,3.927330493927002]",seeds/cell-011-65e86c2e1d3e/seed-4/checkpoint.pt,seeds/cell-011-65e86c2e1d3e/seed-4/snapshots/step-000200.pt
1,scaling-width-load-adamw-10seeds-v1,bffb1a6d15694071b753472a492474ca54484853136fedff195831ccd64433a0,cell-011-65e86c2e1d3e,11,65e86c2e1d3e8f616abecc39dd1cfb1cb5337c07429c6e14ab6da5ff0d3da22a,4,5,400,128,4,32,2,4,,adamw,0.01,0.0,400,512,0.0,8192,0.0027839404065161943,0.9991455078125,1.0027613639831543,1.0021981000900269,11.725150108337402,"[3.6754231452941895,4.957190036773682,4.739991664886475,9.312751770019531,3.1720337867736816,3.5396034717559814,4.562678813934326,3.632718801498413]","[3.2243094444274902,3.097409725189209,3.055734157562256,4.556542873382568,3.381906270980835,3.164032459259033,4.101719379425049,4.053186416625977]",seeds/cell-011-65e86c2e1d3e/seed-4/checkpoint.pt,seeds/cell-011-65e86c2e1d3e/seed-4/snapshots/step-000400.pt
1,scaling-width-load-adamw-10seeds-v1,bffb1a6d15694071b753472a492474ca54484853136fedff195831ccd64433a0,cell-011-65e86c2e1d3e,11,65e86c2e1d3e8f616abecc39dd1cfb1cb5337c07429c6e14ab6da5ff0d3da22a,5,0,0,128,4,32,2,4,,adamw,0.01,0.0,400,512,0.0,8192,1.916133165359497,0.4351806640625,-0.13158342242240906,-0.0761655867099762,25.72490882873535,"[2.7900943756103516,2.692143201828003,2.578007459640503,2.6446542739868164,2.816167116165161,3.073728322982788,2.992516040802002,2.7529399394989014]","[3.0635623931884766,2.9238927364349365,2.767282009124756,2.624312400817871,2.6247684955596924,2.6482675075531006,2.652031898498535,2.8841679096221924]",seeds/cell-011-65e86c2e1d3e/seed-5/checkpoint.pt,seeds/cell-011-65e86c2e1d3e/seed-5/snapshots/step-000000.pt
1,scaling-width-load-adamw-10seeds-v1,bffb1a6d15694071b753472a492474ca54484853136fedff195831ccd64433a0,cell-011-65e86c2e1d3e,11,65e86c2e1d3e8f616abecc39dd1cfb1cb5337c07429c6e14ab6da5ff0d3da22a,5,1,25,128,4,32,2,4,,adamw,0.01,0.0,400,512,0.0,8192,0.7847049236297607,0.6956787109375,0.23565784096717834,0.20466196537017822,25.09536361694336,"[2.905364990234375,3.0270159244537354,2.7365024089813232,2.7898917198181152,2.8988711833953857,3.184227705001831,3.2530875205993652,2.882483959197998]","[3.1268725395202637,3.149754762649536,3.156731605529785,3.3931055068969727,2.978245973587036,2.785698652267456,2.951749563217163,3.1261186599731445]",seeds/cell-011-65e86c2e1d3e/seed-5/checkpoint.pt,seeds/cell-011-65e86c2e1d3e/seed-5/snapshots/step-000025.pt
1,scaling-width-load-adamw-10seeds-v1,bffb1a6d15694071b753472a492474ca54484853136fedff195831ccd64433a0,cell-011-65e86c2e1d3e,11,65e86c2e1d3e8f616abecc39dd1cfb1cb5337c07429c6e14ab6da5ff0d3da22a,5,2,50,128,4,32,2,4,,adamw,0.01,0.0,400,512,0.0,8192,0.24508905410766602,0.941650390625,0.8156753778457642,0.7993897199630737,18.748271942138672,"[4.995152950286865,3.42807936668396,3.3816263675689697,3.0530102252960205,2.9461066722869873,3.1754863262176514,3.3000612258911133,2.938424825668335]","[3.5147905349731445,3.157193183898926,3.2411465644836426,3.45013165473938,2.9656107425689697,2.790085554122925,2.9215590953826904,3.1239945888519287]",seeds/cell-011-65e86c2e1d3e/seed-5/checkpoint.pt,seeds/cell-011-65e86c2e1d3e/seed-5/snapshots/step-000050.pt
1,scaling-width-load-adamw-10seeds-v1,bffb1a6d15694071b753472a492474ca54484853136fedff195831ccd64433a0,cell-011-65e86c2e1d3e,11,65e86c2e1d3e8f616abecc39dd1cfb1cb5337c07429c6e14ab6da5ff0d3da22a,5,3,100,128,4,32,2,4,,adamw,0.01,0.0,400,512,0.0,8192,0.008459355682134628,0.9993896484375,0.9851744174957275,0.983115553855896,13.739218711853027,"[7.709860324859619,3.6508662700653076,3.940676212310791,3.362586736679077,3.1719744205474854,3.219222068786621,3.767336130142212,3.335650682449341]","[3.8339529037475586,3.1198339462280273,3.200108766555786,3.4954137802124023,3.074949264526367,2.8057899475097656,2.984689474105835,3.211489200592041]",seeds/cell-011-65e86c2e1d3e/seed-5/checkpoint.pt,seeds/cell-011-65e86c2e1d3e/seed-5/snapshots/step-000100.pt
1,scaling-width-load-adamw-10seeds-v1,bffb1a6d15694071b753472a492474ca54484853136fedff195831ccd64433a0,cell-011-65e86c2e1d3e,11,65e86c2e1d3e8f616abecc39dd1cfb1cb5337c07429c6e14ab6da5ff0d3da22a,5,4,200,128,4,32,2,4,,adamw,0.01,0.0,400,512,0.0,8192,0.0014063986018300056,1.0,0.9970293045043945,0.9935010671615601,13.005887985229492,"[8.408618927001953,3.5513346195220947,3.8822195529937744,3.314950942993164,3.2535877227783203,3.2735671997070312,4.334136009216309,3.8294482231140137]","[3.9103851318359375,3.101835250854492,3.176107883453369,3.507094621658325,3.11846923828125,2.8219802379608154,3.005105495452881,3.2266898155212402]",seeds/cell-011-65e86c2e1d3e/seed-5/checkpoint.pt,seeds/cell-011-65e86c2e1d3e/seed-5/snapshots/step-000200.pt
1,scaling-width-load-adamw-10seeds-v1,bffb1a6d15694071b753472a492474ca54484853136fedff195831ccd64433a0,cell-011-65e86c2e1d3e,11,65e86c2e1d3e8f616abecc39dd1cfb1cb5337c07429c6e14ab6da5ff0d3da22a,5,5,400,128,4,32,2,4,,adamw,0.01,0.0,400,512,0.0,8192,0.00047643049038015306,1.0,0.9998958110809326,0.9964265823364258,12.602518081665039,"[8.891558647155762,3.470646381378174,3.832598924636841,3.2740416526794434,3.3947224617004395,3.2681503295898438,4.647706985473633,4.200361251831055]","[3.9734814167022705,3.08612060546875,3.159714460372925,3.5197715759277344,3.1604819297790527,2.8446993827819824,3.0204086303710938,3.2242236137390137]",seeds/cell-011-65e86c2e1d3e/seed-5/checkpoint.pt,seeds/cell-011-65e86c2e1d3e/seed-5/snapshots/step-000400.pt
1,scaling-width-load-adamw-10seeds-v1,bffb1a6d15694071b753472a492474ca54484853136fedff195831ccd64433a0,cell-011-65e86c2e1d3e,11,65e86c2e1d3e8f616abecc39dd1cfb1cb5337c07429c6e14ab6da5ff0d3da22a,6,0,0,128,4,32,2,4,,adamw,0.01,0.0,400,512,0.0,8192,1.1969902515411377,0.5517578125,0.08972276747226715,0.1031598448753357,25.410892486572266,"[2.715519666671753,2.680957555770874,2.512193202972412,2.794541835784912,3.0453953742980957,2.6305158138275146,2.912484884262085,2.972646713256836]","[2.8792593479156494,2.972334861755371,3.1384289264678955,2.735419511795044,3.145940065383911,2.803926467895508,2.8613760471343994,2.9865341186523438]",seeds/cell-011-65e86c2e1d3e/seed-6/checkpoint.pt,seeds/cell-011-65e86c2e1d3e/seed-6/snapshots/step-000000.pt
1,scaling-width-load-adamw-10seeds-v1,bffb1a6d15694071b753472a492474ca54484853136fedff195831ccd64433a0,cell-011-65e86c2e1d3e,11,65e86c2e1d3e8f616abecc39dd1cfb1cb5337c07429c6e14ab6da5ff0d3da22a,6,1,25,128,4,32,2,4,,adamw,0.01,0.0,400,512,0.0,8192,0.8301329612731934,0.6656494140625,0.220504492521286,0.18420182168483734,24.19256591796875,"[2.8001062870025635,2.9485626220703125,2.9258551597595215,2.908146619796753,3.173582077026367,3.054924249649048,3.104923725128174,3.391895294189453]","[3.3080902099609375,3.4726755619049072,3.8178398609161377,3.3829574584960938,3.50148344039917,3.1274144649505615,3.2867965698242188,3.7349929809570312]",seeds/cell-011-65e86c2e1d3e/seed-6/checkpoint.pt,seeds/cell-011-65e86c2e1d3e/seed-6/snapshots/step-000025.pt
1,scaling-width-load-adamw-10seeds-v1,bffb1a6d15694071b753472a492474ca54484853136fedff195831ccd64433a0,cell-011-65e86c2e1d3e,11,65e86c2e1d3e8f616abecc39dd1cfb1cb5337c07429c6e14ab6da5ff0d3da22a,6,2,50,128,4,32,2,4,,adamw,0.01,0.0,400,512,0.0,8192,0.35394346714019775,0.8883056640625,0.6820710897445679,0.689674437046051,19.391599655151367,"[3.8161063194274902,3.3521430492401123,3.057827949523926,3.4121384620666504,3.27384614944458,3.175267219543457,3.1896679401397705,3.5681798458099365]","[3.636789083480835,3.5633208751678467,3.7764103412628174,3.5491721630096436,3.5860509872436523,3.174307346343994,3.3005759716033936,3.766124725341797]",seeds/cell-011-65e86c2e1d3e/seed-6/checkpoint.pt,seeds/cell-011-65e86c2e1d3e/seed-6/snapshots/step-000050.pt
1,scaling-width-load-adamw-10seeds-v1,bffb1a6d15694071b753472a492474ca54484853136fedff195831ccd64433a0,cell-011-65e86c2e1d3e,11,65e86c2e1d3e8f616abecc39dd1cfb1cb5337c07429c6e14ab6da5ff0d3da22a,6,3,100,128,4,32,2,4,,adamw,0.01,0.0,400,512,0.0,8192,0.013452724553644657,0.99853515625,0.9952887296676636,1.0050098896026611,14.28571891784668,"[6.057693004608154,4.525213241577148,3.2379648685455322,4.19998836517334,3.663410186767578,3.74580717086792,3.220080852508545,4.0152363777160645]","[3.98598575592041,3.557957410812378,3.781663417816162,3.6254026889801025,3.735625982284546,3.1437442302703857,3.265791177749634,3.760425567626953]",seeds/cell-011-65e86c2e1d3e/seed-6/checkpoint.pt,seeds/cell-011-65e86c2e1d3e/seed-6/snapshots/step-000100.pt
1,scaling-width-load-adamw-10seeds-v1,bffb1a6d15694071b753472a492474ca54484853136fedff195831ccd64433a0,cell-011-65e86c2e1d3e,11,65e86c2e1d3e8f616abecc39dd1cfb1cb5337c07429c6e14ab6da5ff0d3da22a,6,4,200,128,4,32,2,4,,adamw,0.01,0.0,400,512,0.0,8192,0.0018391353078186512,0.9998779296875,0.9954466819763184,1.0003321170806885,13.903616905212402,"[6.322448253631592,4.721584796905518,3.249716281890869,4.3535614013671875,3.7117114067077637,3.824233293533325,3.2261030673980713,3.9788689613342285]","[4.171623229980469,3.55578351020813,3.778507709503174,3.6895804405212402,3.973733425140381,3.1409502029418945,3.216945171356201,3.766187906265259]",seeds/cell-011-65e86c2e1d3e/seed-6/checkpoint.pt,seeds/cell-011-65e86c2e1d3e/seed-6/snapshots/step-000200.pt
1,scaling-width-load-adamw-10seeds-v1,bffb1a6d15694071b753472a492474ca54484853136fedff195831ccd64433a0,cell-011-65e86c2e1d3e,11,65e86c2e1d3e8f616abecc39dd1cfb1cb5337c07429c6e14ab6da5ff0d3da22a,6,5,400,128,4,32,2,4,,adamw,0.01,0.0,400,512,0.0,8192,0.00225398619659245,0.99951171875,0.9986133575439453,1.0090088844299316,13.514951705932617,"[6.757861137390137,5.324392318725586,3.3021492958068848,4.808881759643555,3.836862325668335,3.813988208770752,3.2718544006347656,3.9505057334899902]","[4.2877583503723145,3.5932235717773438,3.6716506481170654,3.951920986175537,4.1859002113342285,3.1499173641204834,3.1933863162994385,3.777961492538452]",seeds/cell-011-65e86c2e1d3e/seed-6/checkpoint.pt,seeds/cell-011-65e86c2e1d3e/seed-6/snapshots/step-000400.pt
1,scaling-width-load-adamw-10seeds-v1,bffb1a6d15694071b753472a492474ca54484853136fedff195831ccd64433a0,cell-011-65e86c2e1d3e,11,65e86c2e1d3e8f616abecc39dd1cfb1cb5337c07429c6e14ab6da5ff0d3da22a,7,0,0,128,4,32,2,4,,adamw,0.01,0.0,400,512,0.0,8192,2.2585887908935547,0.46533203125,-0.1335003674030304,-0.08044736087322235,25.215282440185547,"[2.5148794651031494,2.837646961212158,2.9581005573272705,2.7938084602355957,3.0931577682495117,3.457998037338257,2.5665037631988525,2.7169439792633057]","[3.089370012283325,3.0427417755126953,2.413546085357666,2.5314371585845947,2.748978853225708,3.145005941390991,2.485130548477173,2.8468642234802246]",seeds/cell-011-65e86c2e1d3e/seed-7/checkpoint.pt,seeds/cell-011-65e86c2e1d3e/seed-7/snapshots/step-000000.pt
1,scaling-width-load-adamw-10seeds-v1,bffb1a6d15694071b753472a492474ca54484853136fedff195831ccd64433a0,cell-011-65e86c2e1d3e,11,65e86c2e1d3e8f616abecc39dd1cfb1cb5337c07429c6e14ab6da5ff0d3da22a,7,1,25,128,4,32,2,4,,adamw,0.01,0.0,400,512,0.0,8192,0.9483602046966553,0.570556640625,0.07577699422836304,0.07145540416240692,23.991491317749023,"[2.686735153198242,3.0313477516174316,3.429260730743408,2.9004030227661133,3.276111125946045,3.8422486782073975,2.651578664779663,3.0030031204223633]","[3.462498903274536,3.4470269680023193,2.817683219909668,2.8746297359466553,3.070704221725464,3.965729236602783,2.6628708839416504,3.3632938861846924]",seeds/cell-011-65e86c2e1d3e/seed-7/checkpoint.pt,seeds/cell-011-65e86c2e1d3e/seed-7/snapshots/step-000025.pt
1,scaling-width-load-adamw-10seeds-v1,bffb1a6d15694071b753472a492474ca54484853136fedff195831ccd64433a0,cell-011-65e86c2e1d3e,11,65e86c2e1d3e8f616abecc39dd1cfb1cb5337c07429c6e14ab6da5ff0d3da22a,7,2,50,128,4,32,2,4,,adamw,0.01,0.0,400,512,0.0,8192,0.648622453212738,0.7576904296875,0.35082748532295227,0.3197134733200073,22.2698974609375,"[2.8308329582214355,3.239713668823242,3.629225015640259,3.018371820449829,3.2866480350494385,3.877629041671753,2.6917457580566406,3.0045876502990723]","[3.6733062267303467,3.718308448791504,2.9444916248321533,2.956423044204712,3.0793616771698,4.057241916656494,2.6758294105529785,3.4323928356170654]",seeds/cell-011-65e86c2e1d3e/seed-7/checkpoint.pt,seeds/cell-011-65e86c2e1d3e/seed-7/snapshots/step-000050.pt
1,scaling-width-load-adamw-10seeds-v1,bffb1a6d15694071b753472a492474ca54484853136fedff195831ccd64433a0,cell-011-65e86c2e1d3e,11,65e86c2e1d3e8f616abecc39dd1cfb1cb5337c07429c6e14ab6da5ff0d3da22a,7,3,100,128,4,32,2,4,,adamw,0.01,0.0,400,512,0.0,8192,0.028731603175401688,0.9991455078125,0.9695271849632263,0.977474570274353,13.932168960571289,"[5.647238254547119,5.829952716827393,3.952730655670166,4.124872207641602,3.2642855644226074,4.164450168609619,2.7148172855377197,3.2491140365600586]","[3.839730978012085,4.081714630126953,2.814883232116699,2.9595956802368164,3.093000650405884,4.07631254196167,2.678628444671631,3.442229986190796]",seeds/cell-011-65e86c2e1d3e/seed-7/checkpoint.pt,seeds/cell-011-65e86c2e1d3e/seed-7/snapshots/step-000100.pt
1,scaling-width-load-adamw-10seeds-v1,bffb1a6d15694071b753472a492474ca54484853136fedff195831ccd64433a0,cell-011-65e86c2e1d3e,11,65e86c2e1d3e8f616abecc39dd1cfb1cb5337c07429c6e14ab6da5ff0d3da22a,7,4,200,128,4,32,2,4,,adamw,0.01,0.0,400,512,0.0,8192,0.00339828641153872,1.0,0.9956033825874329,0.9999812245368958,13.09836196899414,"[6.421159744262695,6.841789245605469,3.91357421875,4.062256813049316,3.3504152297973633,4.395241737365723,2.824493885040283,3.5303947925567627]","[3.9347715377807617,4.2327985763549805,2.76625394821167,2.9295241832733154,3.0881898403167725,4.093545436859131,2.682659864425659,3.4633846282958984]",seeds/cell-011-65e86c2e1d3e/seed-7/checkpoint.pt,seeds/cell-011-65e86c2e1d3e/seed-7/snapshots/step-000200.pt
1,scaling-width-load-adamw-10seeds-v1,bffb1a6d15694071b753472a492474ca54484853136fedff195831ccd64433a0,cell-011-65e86c2e1d3e,11,65e86c2e1d3e8f616abecc39dd1cfb1cb5337c07429c6e14ab6da5ff0d3da22a,7,5,400,128,4,32,2,4,,adamw,0.01,0.0,400,512,0.0,8192,0.0008781346259638667,1.0,0.9969450831413269,0.9968471527099609,12.556414604187012,"[6.893200397491455,7.395481586456299,3.858110189437866,4.021383285522461,3.539943218231201,4.495613098144531,2.933366537094116,3.6613850593566895]","[4.043522834777832,4.385293960571289,2.7111339569091797,2.9128050804138184,3.0901856422424316,4.10754919052124,2.6980252265930176,3.4839539527893066]",seeds/cell-011-65e86c2e1d3e/seed-7/checkpoint.pt,seeds/cell-011-65e86c2e1d3e/seed-7/snapshots/step-000400.pt
1,scaling-width-load-adamw-10seeds-v1,bffb1a6d15694071b753472a492474ca54484853136fedff195831ccd64433a0,cell-011-65e86c2e1d3e,11,65e86c2e1d3e8f616abecc39dd1cfb1cb5337c07429c6e14ab6da5ff0d3da22a,8,0,0,128,4,32,2,4,,adamw,0.01,0.0,400,512,0.0,8192,1.4012341499328613,0.444091796875,-0.06862497329711914,-0.10687421262264252,24.83053970336914,"[3.1554136276245117,2.810838222503662,2.6878957748413086,2.784752368927002,2.5401721000671387,2.8994100093841553,2.8401925563812256,2.7187888622283936]","[2.575254201889038,2.7984628677368164,2.481987476348877,2.976210355758667,2.9868435859680176,2.8030436038970947,2.72251296043396,2.930906057357788]",seeds/cell-011-65e86c2e1d3e/seed-8/checkpoint.pt,seeds/cell-011-65e86c2e1d3e/seed-8/snapshots/step-000000.pt
1,scaling-width-load-adamw-10seeds-v1,bffb1a6d15694071b753472a492474ca54484853136fedff195831ccd64433a0,cell-011-65e86c2e1d3e,11,65e86c2e1d3e8f616abecc39dd1cfb1cb5337c07429c6e14ab6da5ff0d3da22a,8,1,25,128,4,32,2,4,,adamw,0.01,0.0,400,512,0.0,8192,0.7601317167282104,0.7032470703125,0.23143944144248962,0.17202016711235046,24.649263381958008,"[3.4396092891693115,3.0787220001220703,2.7859277725219727,3.1997852325439453,2.845909595489502,3.219827651977539,2.9588875770568848,2.8748221397399902]","[2.832491636276245,3.0506412982940674,2.686232089996338,3.2488369941711426,3.588186502456665,3.2199203968048096,2.995997905731201,3.3374993801116943]",seeds/cell-011-65e86c2e1d3e/seed-8/checkpoint.pt,seeds/cell-011-65e86c2e1d3e/seed-8/snapshots/step-000025.pt
1,scaling-width-load-adamw-10seeds-v1,bffb1a6d15694071b753472a492474ca54484853136fedff195831ccd64433a0,cell-011-65e86c2e1d3e,11,65e86c2e1d3e8f616abecc39dd1cfb1cb5337c07429c6e14ab6da5ff0d3da22a,8,2,50,128,4,32,2,4,,adamw,0.01,0.0,400,512,0.0,8192,0.3938140869140625,0.8701171875,0.6020603179931641,0.5663639903068542,20.187421798706055,"[3.5116500854492188,3.3917407989501953,3.658188581466675,3.459587574005127,3.5496859550476074,3.562824010848999,3.2518115043640137,3.2123937606811523]","[2.7909507751464844,3.1241140365600586,2.7477333545684814,3.4763877391815186,3.7690205574035645,3.2649099826812744,3.0339317321777344,3.3280155658721924]",seeds/cell-011-65e86c2e1d3e/seed-8/checkpoint.pt,seeds/cell-011-65e86c2e1d3e/seed-8/snapshots/step-000050.pt
1,scaling-width-load-adamw-10seeds-v1,bffb1a6d15694071b753472a492474ca54484853136fedff195831ccd64433a0,cell-011-65e86c2e1d3e,11,65e86c2e1d3e8f616abecc39dd1cfb1cb5337c07429c6e14ab6da5ff0d3da22a,8,3,100,128,4,32,2,4,,adamw,0.01,0.0,400,512,0.0,8192,0.008633625693619251,0.9981689453125,0.9880633354187012,0.9740532636642456,16.162187576293945,"[3.4545114040374756,3.962066888809204,5.758267402648926,3.798250436782837,4.968822002410889,4.376791000366211,3.780095338821411,3.7763209342956543]","[2.60490345954895,3.0152087211608887,3.083986759185791,3.660170555114746,4.327887058258057,3.450284719467163,3.006314992904663,3.3471298217773438]",seeds/cell-011-65e86c2e1d3e/seed-8/checkpoint.pt,seeds/cell-011-65e86c2e1d3e/seed-8/snapshots/step-000100.pt
1,scaling-width-load-adamw-10seeds-v1,bffb1a6d15694071b753472a492474ca54484853136fedff195831ccd64433a0,cell-011-65e86c2e1d3e,11,65e86c2e1d3e8f616abecc39dd1cfb1cb5337c07429c6e14ab6da5ff0d3da22a,8,4,200,128,4,32,2,4,,adamw,0.01,0.0,400,512,0.0,8192,0.0014504350256174803,0.999755859375,1.0026605129241943,0.9961148500442505,15.523526191711426,"[3.4174909591674805,4.033382892608643,6.060082912445068,3.8235490322113037,5.169055461883545,4.447425365447998,3.789482355117798,3.8111491203308105]","[2.5550918579101562,3.0104517936706543,3.0968403816223145,3.6667704582214355,4.683584690093994,3.540332794189453,3.018242359161377,3.3525068759918213]",seeds/cell-011-65e86c2e1d3e/seed-8/checkpoint.pt,seeds/cell-011-65e86c2e1d3e/seed-8/snapshots/step-000200.pt
1,scaling-width-load-adamw-10seeds-v1,bffb1a6d15694071b753472a492474ca54484853136fedff195831ccd64433a0,cell-011-65e86c2e1d3e,11,65e86c2e1d3e8f616abecc39dd1cfb1cb5337c07429c6e14ab6da5ff0d3da22a,8,5,400,128,4,32,2,4,,adamw,0.01,0.0,400,512,0.0,8192,0.0010959093924611807,1.0,0.998602032661438,0.9853825569152832,14.642682075500488,"[3.392085313796997,4.55813455581665,6.767706871032715,4.019295692443848,5.50972318649292,4.671148777008057,3.8285434246063232,3.869077205657959]","[2.5252747535705566,3.056205987930298,3.0360710620880127,3.8210296630859375,5.347270488739014,3.665565013885498,3.0387051105499268,3.3657796382904053]",seeds/cell-011-65e86c2e1d3e/seed-8/checkpoint.pt,seeds/cell-011-65e86c2e1d3e/seed-8/snapshots/step-000400.pt
1,scaling-width-load-adamw-10seeds-v1,bffb1a6d15694071b753472a492474ca54484853136fedff195831ccd64433a0,cell-011-65e86c2e1d3e,11,65e86c2e1d3e8f616abecc39dd1cfb1cb5337c07429c6e14ab6da5ff0d3da22a,9,0,0,128,4,32,2,4,,adamw,0.01,0.0,400,512,0.0,8192,2.273555278778076,0.431884765625,-0.1724824607372284,-0.1457182615995407,25.230270385742188,"[2.989751100540161,2.733264684677124,3.1505048274993896,2.9976773262023926,2.811119794845581,3.1101417541503906,3.184053897857666,3.1713898181915283]","[2.413025140762329,2.600374937057495,2.5910871028900146,2.7110326290130615,2.934345245361328,2.9692983627319336,2.6623167991638184,2.6880204677581787]",seeds/cell-011-65e86c2e1d3e/seed-9/checkpoint.pt,seeds/cell-011-65e86c2e1d3e/seed-9/snapshots/step-000000.pt
1,scaling-width-load-adamw-10seeds-v1,bffb1a6d15694071b753472a492474ca54484853136fedff195831ccd64433a0,cell-011-65e86c2e1d3e,11,65e86c2e1d3e8f616abecc39dd1cfb1cb5337c07429c6e14ab6da5ff0d3da22a,9,1,25,128,4,32,2,4,,adamw,0.01,0.0,400,512,0.0,8192,0.7887543439865112,0.6805419921875,0.19473788142204285,0.15787139534950256,23.678497314453125,"[3.484821319580078,2.902409553527832,3.4479784965515137,3.205836534500122,3.0044214725494385,3.463926076889038,3.388667345046997,3.421841859817505]","[3.0139341354370117,2.8521080017089844,2.911221981048584,3.0309414863586426,3.3815062046051025,3.3867833614349365,3.128786563873291,3.228792667388916]",seeds/cell-011-65e86c2e1d3e/seed-9/checkpoint.pt,seeds/cell-011-65e86c2e1d3e/seed-9/snapshots/step-000025.pt
1,scaling-width-load-adamw-10seeds-v1,bffb1a6d15694071b753472a492474ca54484853136fedff195831ccd64433a0,cell-011-65e86c2e1d3e,11,65e86c2e1d3e8f616abecc39dd1cfb1cb5337c07429c6e14ab6da5ff0d3da22a,9,2,50,128,4,32,2,4,,adamw,0.01,0.0,400,512,0.0,8192,0.4168727397918701,0.8590087890625,0.5677786469459534,0.5514657497406006,19.08781623840332,"[3.585721731185913,3.226762294769287,4.635327339172363,3.310309886932373,3.0599935054779053,3.502105236053467,3.451573371887207,3.5130856037139893]","[3.0365519523620605,2.920849561691284,3.4032812118530273,3.0286130905151367,3.3759584426879883,3.4057862758636475,3.1653289794921875,3.2830259799957275]",seeds/cell-011-65e86c2e1d3e/seed-9/checkpoint.pt,seeds/cell-011-65e86c2e1d3e/seed-9/snapshots/step-000050.pt
1,scaling-width-load-adamw-10seeds-v1,bffb1a6d15694071b753472a492474ca54484853136fedff195831ccd64433a0,cell-011-65e86c2e1d3e,11,65e86c2e1d3e8f616abecc39dd1cfb1cb5337c07429c6e14ab6da5ff0d3da22a,9,3,100,128,4,32,2,4,,adamw,0.01,0.0,400,512,0.0,8192,0.013216274790465832,0.9969482421875,0.9991495013237,0.9962558150291443,13.791595458984375,"[3.667215347290039,3.8325278759002686,6.652331352233887,3.517345428466797,3.243619441986084,4.108669281005859,3.4784047603607178,3.7899129390716553]","[2.951064348220825,2.8907618522644043,3.991445302963257,3.0231995582580566,3.3942630290985107,3.8126795291900635,3.13909649848938,3.4173240661621094]",seeds/cell-011-65e86c2e1d3e/seed-9/checkpoint.pt,seeds/cell-011-65e86c2e1d3e/seed-9/snapshots/step-000100.pt
1,scaling-width-load-adamw-10seeds-v1,bffb1a6d15694071b753472a492474ca54484853136fedff195831ccd64433a0,cell-011-65e86c2e1d3e,11,65e86c2e1d3e8f616abecc39dd1cfb1cb5337c07429c6e14ab6da5ff0d3da22a,9,4,200,128,4,32,2,4,,adamw,0.01,0.0,400,512,0.0,8192,0.006677497178316116,0.9981689453125,0.9861754775047302,0.9731337428092957,12.793885231018066,"[3.6079866886138916,3.9206719398498535,7.232369899749756,3.527873992919922,3.3097145557403564,4.216366291046143,3.507535696029663,3.820368766784668]","[2.930371046066284,2.888693332672119,4.019536972045898,3.030912160873413,3.415015459060669,4.176630973815918,3.133591651916504,3.523784637451172]",seeds/cell-011-65e86c2e1d3e/seed-9/checkpoint.pt,seeds/cell-011-65e86c2e1d3e/seed-9/snapshots/step-000200.pt
1,scaling-width-load-adamw-10seeds-v1,bffb1a6d15694071b753472a492474ca54484853136fedff195831ccd64433a0,cell-011-65e86c2e1d3e,11,65e86c2e1d3e8f616abecc39dd1cfb1cb5337c07429c6e14ab6da5ff0d3da22a,9,5,400,128,4,32,2,4,,adamw,0.01,0.0,400,512,0.0,8192,0.0023546088486909866,0.9993896484375,1.0011882781982422,0.9917919039726257,11.891120910644531,"[3.58358097076416,4.095236301422119,7.7274250984191895,3.6008872985839844,3.3390650749206543,4.284331798553467,3.579183340072632,3.8660154342651367]","[2.9066431522369385,2.914586067199707,4.081247806549072,3.066110610961914,3.440988063812256,4.617570877075195,3.1209592819213867,3.65446400642395]",seeds/cell-011-65e86c2e1d3e/seed-9/checkpoint.pt,seeds/cell-011-65e86c2e1d3e/seed-9/snapshots/step-000400.pt
1,scaling-width-load-adamw-10seeds-v1,bffb1a6d15694071b753472a492474ca54484853136fedff195831ccd64433a0,cell-012-d54fc3410ee8,12,d54fc3410ee88666d86364a74aa8fc34207fedffedc8fecf48da807df87d6ca6,0,0,0,32,4,32,2,1,64,adamw,0.01,0.0,400,512,0.0,8192,1.2028489112854004,0.5787353515625,0.1346452683210373,0.109920434653759,16.018667221069336,"[5.33497428894043,5.684365272521973]","[5.341655731201172,5.6028828620910645]",seeds/cell-012-d54fc3410ee8/seed-0/checkpoint.pt,seeds/cell-012-d54fc3410ee8/seed-0/snapshots/step-000000.pt
1,scaling-width-load-adamw-10seeds-v1,bffb1a6d15694071b753472a492474ca54484853136fedff195831ccd64433a0,cell-012-d54fc3410ee8,12,d54fc3410ee88666d86364a74aa8fc34207fedffedc8fecf48da807df87d6ca6,0,1,25,32,4,32,2,1,64,adamw,0.01,0.0,400,512,0.0,8192,0.9479718208312988,0.55078125,0.034776486456394196,0.029423024505376816,15.633585929870605,"[6.191049098968506,6.715354919433594]","[6.559249401092529,6.543807506561279]",seeds/cell-012-d54fc3410ee8/seed-0/checkpoint.pt,seeds/cell-012-d54fc3410ee8/seed-0/snapshots/step-000025.pt
1,scaling-width-load-adamw-10seeds-v1,bffb1a6d15694071b753472a492474ca54484853136fedff195831ccd64433a0,cell-012-d54fc3410ee8,12,d54fc3410ee88666d86364a74aa8fc34207fedffedc8fecf48da807df87d6ca6,0,2,50,32,4,32,2,1,64,adamw,0.01,0.0,400,512,0.0,8192,0.4218173325061798,0.8599853515625,0.6413034796714783,0.6305051445960999,14.501116752624512,"[6.856513500213623,6.952785491943359]","[7.049353122711182,6.80751371383667]",seeds/cell-012-d54fc3410ee8/seed-0/checkpoint.pt,seeds/cell-012-d54fc3410ee8/seed-0/snapshots/step-000050.pt
1,scaling-width-load-adamw-10seeds-v1,bffb1a6d15694071b753472a492474ca54484853136fedff195831ccd64433a0,cell-012-d54fc3410ee8,12,d54fc3410ee88666d86364a74aa8fc34207fedffedc8fecf48da807df87d6ca6,0,3,100,32,4,32,2,1,64,adamw,0.01,0.0,400,512,0.0,8192,0.0008569634519517422,1.0,1.0016964673995972,1.0126633644104004,11.551471710205078,"[11.530903816223145,8.310616493225098]","[7.380221366882324,6.792176723480225]",seeds/cell-012-d54fc3410ee8/seed-0/checkpoint.pt,seeds/cell-012-d54fc3410ee8/seed-0/snapshots/step-000100.pt
1,scaling-width-load-adamw-10seeds-v1,bffb1a6d15694071b753472a492474ca54484853136fedff195831ccd64433a0,cell-012-d54fc3410ee8,12,d54fc3410ee88666d86364a74aa8fc34207fedffedc8fecf48da807df87d6ca6,0,4,200,32,4,32,2,1,64,adamw,0.01,0.0,400,512,0.0,8192,0.00017918671073857695,1.0,1.0001940727233887,1.0127193927764893,11.481492042541504,"[11.610974311828613,8.292827606201172]","[7.39840841293335,6.793945789337158]",seeds/cell-012-d54fc3410ee8/seed-0/checkpoint.pt,seeds/cell-012-d54fc3410ee8/seed-0/snapshots/step-000200.pt
1,scaling-width-load-adamw-10seeds-v1,bffb1a6d15694071b753472a492474ca54484853136fedff195831ccd64433a0,cell-012-d54fc3410ee8,12,d54fc3410ee88666d86364a74aa8fc34207fedffedc8fecf48da807df87d6ca6,0,5,400,32,4,32,2,1,64,adamw,0.01,0.0,400,512,0.0,8192,5.9650315961334854e-05,1.0,0.9995083212852478,1.0106639862060547,11.42700481414795,"[11.624441146850586,8.210982322692871]","[7.415944576263428,6.784097671508789]",seeds/cell-012-d54fc3410ee8/seed-0/checkpoint.pt,seeds/cell-012-d54fc3410ee8/seed-0/snapshots/step-000400.pt
1,scaling-width-load-adamw-10seeds-v1,bffb1a6d15694071b753472a492474ca54484853136fedff195831ccd64433a0,cell-012-d54fc3410ee8,12,d54fc3410ee88666d86364a74aa8fc34207fedffedc8fecf48da807df87d6ca6,1,0,0,32,4,32,2,1,64,adamw,0.01,0.0,400,512,0.0,8192,2.1108899116516113,0.53271484375,0.17764368653297424,0.1653326451778412,15.482734680175781,"[5.5044708251953125,5.482071876525879]","[5.762750625610352,5.674549102783203]",seeds/cell-012-d54fc3410ee8/seed-1/checkpoint.pt,seeds/cell-012-d54fc3410ee8/seed-1/snapshots/step-000000.pt
1,scaling-width-load-adamw-10seeds-v1,bffb1a6d15694071b753472a492474ca54484853136fedff195831ccd64433a0,cell-012-d54fc3410ee8,12,d54fc3410ee88666d86364a74aa8fc34207fedffedc8fecf48da807df87d6ca6,1,1,25,32,4,32,2,1,64,adamw,0.01,0.0,400,512,0.0,8192,0.9586196541786194,0.4998779296875,0.02884415164589882,0.027768783271312714,14.08857250213623,"[6.937732219696045,6.854946136474609]","[7.89391565322876,7.176083087921143]",seeds/cell-012-d54fc3410ee8/seed-1/checkpoint.pt,seeds/cell-012-d54fc3410ee8/seed-1/snapshots/step-000025.pt
1,scaling-width-load-adamw-10seeds-v1,bffb1a6d15694071b753472a492474ca54484853136fedff195831ccd64433a0,cell-012-d54fc3410ee8,12,d54fc3410ee88666d86364a74aa8fc34207fedffedc8fecf48da807df87d6ca6,1,2,50,32,4,32,2,1,64,adamw,0.01,0.0,400,512,0.0,8192,0.7617180347442627,0.7041015625,0.2617897689342499,0.25091835856437683,13.56771469116211,"[7.4731526374816895,7.114288330078125]","[8.50391960144043,7.357932090759277]",seeds/cell-012-d54fc3410ee8/seed-1/checkpoint.pt,seeds/cell-012-d54fc3410ee8/seed-1/snapshots/step-000050.pt
1,scaling-width-load-adamw-10seeds-v1,bffb1a6d15694071b753472a492474ca54484853136fedff195831ccd64433a0,cell-012-d54fc3410ee8,12,d54fc3410ee88666d86364a74aa8fc34207fedffedc8fecf48da807df87d6ca6,1,3,100,32,4,32,2,1,64,adamw,0.01,0.0,400,512,0.0,8192,0.005482644308358431,0.999267578125,0.982867956161499,0.9894094467163086,12.037768363952637,"[12.796479225158691,8.073440551757812]","[9.013758659362793,7.2228240966796875]",seeds/cell-012-d54fc3410ee8/seed-1/checkpoint.pt,seeds/cell-012-d54fc3410ee8/seed-1/snapshots/step-000100.pt
1,scaling-width-load-adamw-10seeds-v1,bffb1a6d15694071b753472a492474ca54484853136fedff195831ccd64433a0,cell-012-d54fc3410ee8,12,d54fc3410ee88666d86364a74aa8fc34207fedffedc8fecf48da807df87d6ca6,1,4,200,32,4,32,2,1,64,adamw,0.01,0.0,400,512,0.0,8192,0.0005541874561458826,1.0,0.9983203411102295,1.004830002784729,11.863997459411621,"[13.138558387756348,8.055521011352539]","[9.044116973876953,7.182268142700195]",seeds/cell-012-d54fc3410ee8/seed-1/checkpoint.pt,seeds/cell-012-d54fc3410ee8/seed-1/snapshots/step-000200.pt
1,scaling-width-load-adamw-10seeds-v1,bffb1a6d15694071b753472a492474ca54484853136fedff195831ccd64433a0,cell-012-d54fc3410ee8,12,d54fc3410ee88666d86364a74aa8fc34207fedffedc8fecf48da807df87d6ca6,1,5,400,32,4,32,2,1,64,adamw,0.01,0.0,400,512,0.0,8192,0.0001568881270941347,1.0,1.0005700588226318,1.0095734596252441,11.728532791137695,"[13.23029613494873,8.032821655273438]","[9.069504737854004,7.149535179138184]",seeds/cell-012-d54fc3410ee8/seed-1/checkpoint.pt,seeds/cell-012-d54fc3410ee8/seed-1/snapshots/step-000400.pt
1,scaling-width-load-adamw-10seeds-v1,bffb1a6d15694071b753472a492474ca54484853136fedff195831ccd64433a0,cell-012-d54fc3410ee8,12,d54fc3410ee88666d86364a74aa8fc34207fedffedc8fecf48da807df87d6ca6,2,0,0,32,4,32,2,1,64,adamw,0.01,0.0,400,512,0.0,8192,1.2681808471679688,0.571533203125,0.08193182945251465,0.07907620817422867,15.415778160095215,"[5.350290298461914,5.540741443634033]","[5.431732177734375,5.592144012451172]",seeds/cell-012-d54fc3410ee8/seed-2/checkpoint.pt,seeds/cell-012-d54fc3410ee8/seed-2/snapshots/step-000000.pt
1,scaling-width-load-adamw-10seeds-v1,bffb1a6d15694071b753472a492474ca54484853136fedff195831ccd64433a0,cell-012-d54fc3410ee8,12,d54fc3410ee88666d86364a74aa8fc34207fedffedc8fecf48da807df87d6ca6,2,1,25,32,4,32,2,1,64,adamw,0.01,0.0,400,512,0.0,8192,0.8864189982414246,0.6302490234375,0.12613603472709656,0.11225764453411102,14.783880233764648,"[6.064679145812988,6.275880336761475]","[7.424309253692627,6.771675109863281]",seeds/cell-012-d54fc3410ee8/seed-2/checkpoint.pt,seeds/cell-012-d54fc3410ee8/seed-2/snapshots/step-000025.pt
1,scaling-width-load-adamw-10seeds-v1,bffb1a6d15694071b753472a492474ca54484853136fedff195831ccd64433a0,cell-012-d54fc3410ee8,12,d54fc3410ee88666d86364a74aa8fc34207fedffedc8fecf48da807df87d6ca6,2,2,50,32,4,32,2,1,64,adamw,0.01,0.0,400,512,0.0,8192,0.21671020984649658,0.9498291015625,0.9488390684127808,0.9111528992652893,12.154288291931152,"[7.469755172729492,6.360703468322754]","[8.170967102050781,6.988059043884277]",seeds/cell-012-d54fc3410ee8/seed-2/checkpoint.pt,seeds/cell-012-d54fc3410ee8/seed-2/snapshots/step-000050.pt
1,scaling-width-load-adamw-10seeds-v1,bffb1a6d15694071b753472a492474ca54484853136fedff195831ccd64433a0,cell-012-d54fc3410ee8,12,d54fc3410ee88666d86364a74aa8fc34207fedffedc8fecf48da807df87d6ca6,2,3,100,32,4,32,2,1,64,adamw,0.01,0.0,400,512,0.0,8192,0.0007454745937138796,1.0,1.001441478729248,0.9919500946998596,10.819854736328125,"[10.575521469116211,6.74456787109375]","[8.555252075195312,6.883631706237793]",seeds/cell-012-d54fc3410ee8/seed-2/checkpoint.pt,seeds/cell-012-d54fc3410ee8/seed-2/snapshots/step-000100.pt
1,scaling-width-load-adamw-10seeds-v1,bffb1a6d15694071b753472a492474ca54484853136fedff195831ccd64433a0,cell-012-d54fc3410ee8,12,d54fc3410ee88666d86364a74aa8fc34207fedffedc8fecf48da807df87d6ca6,2,4,200,32,4,32,2,1,64,adamw,0.01,0.0,400,512,0.0,8192,0.00021549314260482788,1.0,1.0007593631744385,0.9893963932991028,10.827764511108398,"[10.704211235046387,6.773379802703857]","[8.580596923828125,6.875092029571533]",seeds/cell-012-d54fc3410ee8/seed-2/checkpoint.pt,seeds/cell-012-d54fc3410ee8/seed-2/snapshots/step-000200.pt
1,scaling-width-load-adamw-10seeds-v1,bffb1a6d15694071b753472a492474ca54484853136fedff195831ccd64433a0,cell-012-d54fc3410ee8,12,d54fc3410ee88666d86364a74aa8fc34207fedffedc8fecf48da807df87d6ca6,2,5,400,32,4,32,2,1,64,adamw,0.01,0.0,400,512,0.0,8192,9.430869249626994e-05,1.0,0.998325765132904,0.9863207936286926,10.839183807373047,"[10.8242826461792,6.792644023895264]","[8.618416786193848,6.85746955871582]",seeds/cell-012-d54fc3410ee8/seed-2/checkpoint.pt,seeds/cell-012-d54fc3410ee8/seed-2/snapshots/step-000400.pt
1,scaling-width-load-adamw-10seeds-v1,bffb1a6d15694071b753472a492474ca54484853136fedff195831ccd64433a0,cell-012-d54fc3410ee8,12,d54fc3410ee88666d86364a74aa8fc34207fedffedc8fecf48da807df87d6ca6,3,0,0,32,4,32,2,1,64,adamw,0.01,0.0,400,512,0.0,8192,2.5441322326660156,0.5289306640625,0.11671344935894012,0.11661588400602341,15.720731735229492,"[5.6185173988342285,5.7042741775512695]","[6.121694087982178,5.611437797546387]",seeds/cell-012-d54fc3410ee8/seed-3/checkpoint.pt,seeds/cell-012-d54fc3410ee8/seed-3/snapshots/step-000000.pt
1,scaling-width-load-adamw-10seeds-v1,bffb1a6d15694071b753472a492474ca54484853136fedff195831ccd64433a0,cell-012-d54fc3410ee8,12,d54fc3410ee88666d86364a74aa8fc34207fedffedc8fecf48da807df87d6ca6,3,1,25,32,4,32,2,1,64,adamw,0.01,0.0,400,512,0.0,8192,0.8314390182495117,0.6688232421875,0.15114757418632507,0.13861188292503357,14.444099426269531,"[7.264638900756836,7.137092590332031]","[7.769263744354248,6.589422702789307]",seeds/cell-012-d54fc3410ee8/seed-3/checkpoint.pt,seeds/cell-012-d54fc3410ee8/seed-3/snapshots/step-000025.pt
1,scaling-width-load-adamw-10seeds-v1,bffb1a6d15694071b753472a492474ca54484853136fedff195831ccd64433a0,cell-012-d54fc3410ee8,12,d54fc3410ee88666d86364a74aa8fc34207fedffedc8fecf48da807df87d6ca6,3,2,50,32,4,32,2,1,64,adamw,0.01,0.0,400,512,0.0,8192,0.36929380893707275,0.904052734375,0.6347874999046326,0.6276054978370667,12.673927307128906,"[9.603296279907227,7.327710151672363]","[8.204448699951172,6.7465500831604]",seeds/cell-012-d54fc3410ee8/seed-3/checkpoint.pt,seeds/cell-012-d54fc3410ee8/seed-3/snapshots/step-000050.pt
1,scaling-width-load-adamw-10seeds-v1,bffb1a6d15694071b753472a492474ca54484853136fedff195831ccd64433a0,cell-012-d54fc3410ee8,12,d54fc3410ee88666d86364a74aa8fc34207fedffedc8fecf48da807df87d6ca6,3,3,100,32,4,32,2,1,64,adamw,0.01,0.0,400,512,0.0,8192,0.0048720501363277435,0.9991455078125,1.0035486221313477,0.9979978799819946,11.541375160217285,"[12.258394241333008,7.477356433868408]","[8.5305814743042,6.799232482910156]",seeds/cell-012-d54fc3410ee8/seed-3/checkpoint.pt,seeds/cell-012-d54fc3410ee8/seed-3/snapshots/step-000100.pt
1,scaling-width-load-adamw-10seeds-v1,bffb1a6d15694071b753472a492474ca54484853136fedff195831ccd64433a0,cell-012-d54fc3410ee8,12,d54fc3410ee88666d86364a74aa8fc34207fedffedc8fecf48da807df87d6ca6,3,4,200,32,4,32,2,1,64,adamw,0.01,0.0,400,512,0.0,8192,0.0003375847009010613,1.0,0.9984055757522583,0.9924492835998535,11.528958320617676,"[12.28968334197998,7.5249128341674805]","[8.499356269836426,6.824552059173584]",seeds/cell-012-d54fc3410ee8/seed-3/checkpoint.pt,seeds/cell-012-d54fc3410ee8/seed-3/snapshots/step-000200.pt
1,scaling-width-load-adamw-10seeds-v1,bffb1a6d15694071b753472a492474ca54484853136fedff195831ccd64433a0,cell-012-d54fc3410ee8,12,d54fc3410ee88666d86364a74aa8fc34207fedffedc8fecf48da807df87d6ca6,3,5,400,32,4,32,2,1,64,adamw,0.01,0.0,400,512,0.0,8192,9.869482892099768e-05,1.0,1.000929832458496,0.9945972561836243,11.472067832946777,"[12.306575775146484,7.582516193389893]","[8.488128662109375,6.834542751312256]",seeds/cell-012-d54fc3410ee8/seed-3/checkpoint.pt,seeds/cell-012-d54fc3410ee8/seed-3/snapshots/step-000400.pt
1,scaling-width-load-adamw-10seeds-v1,bffb1a6d15694071b753472a492474ca54484853136fedff195831ccd64433a0,cell-012-d54fc3410ee8,12,d54fc3410ee88666d86364a74aa8fc34207fedffedc8fecf48da807df87d6ca6,4,0,0,32,4,32,2,1,64,adamw,0.01,0.0,400,512,0.0,8192,2.3785834312438965,0.4998779296875,-0.1200866550207138,-0.12432914972305298,15.498794555664062,"[5.289958477020264,5.660907745361328]","[6.167177200317383,5.712303161621094]",seeds/cell-012-d54fc3410ee8/seed-4/checkpoint.pt,seeds/cell-012-d54fc3410ee8/seed-4/snapshots/step-000000.pt
1,scaling-width-load-adamw-10seeds-v1,bffb1a6d15694071b753472a492474ca54484853136fedff195831ccd64433a0,cell-012-d54fc3410ee8,12,d54fc3410ee88666d86364a74aa8fc34207fedffedc8fecf48da807df87d6ca6,4,1,25,32,4,32,2,1,64,adamw,0.01,0.0,400,512,0.0,8192,0.9156298637390137,0.6328125,0.08111240714788437,0.051468443125486374,14.425272941589355,"[7.312498092651367,6.767948150634766]","[7.339138507843018,6.939870357513428]",seeds/cell-012-d54fc3410ee8/seed-4/checkpoint.pt,seeds/cell-012-d54fc3410ee8/seed-4/snapshots/step-000025.pt
1,scaling-width-load-adamw-10seeds-v1,bffb1a6d15694071b753472a492474ca54484853136fedff195831ccd64433a0,cell-012-d54fc3410ee8,12,d54fc3410ee88666d86364a74aa8fc34207fedffedc8fecf48da807df87d6ca6,4,2,50,32,4,32,2,1,64,adamw,0.01,0.0,400,512,0.0,8192,0.7931580543518066,0.6767578125,0.19090083241462708,0.0673438012599945,13.63619613647461,"[7.59440803527832,7.211203098297119]","[7.5811309814453125,7.469780921936035]",seeds/cell-012-d54fc3410ee8/seed-4/checkpoint.pt,seeds/cell-012-d54fc3410ee8/seed-4/snapshots/step-000050.pt
1,scaling-width-load-adamw-10seeds-v1,bffb1a6d15694071b753472a492474ca54484853136fedff195831ccd64433a0,cell-012-d54fc3410ee8,12,d54fc3410ee88666d86364a74aa8fc34207fedffedc8fecf48da807df87d6ca6,4,3,100,32,4,32,2,1,64,adamw,0.01,0.0,400,512,0.0,8192,0.24188846349716187,0.9356689453125,0.806041955947876,0.7956714630126953,8.70751953125,"[8.087910652160645,9.369074821472168]","[7.99758768081665,8.652604103088379]",seeds/cell-012-d54fc3410ee8/seed-4/checkpoint.pt,seeds/cell-012-d54fc3410ee8/seed-4/snapshots/step-000100.pt
1,scaling-width-load-adamw-10seeds-v1,bffb1a6d15694071b753472a492474ca54484853136fedff195831ccd64433a0,cell-012-d54fc3410ee8,12,d54fc3410ee88666d86364a74aa8fc34207fedffedc8fecf48da807df87d6ca6,4,4,200,32,4,32,2,1,64,adamw,0.01,0.0,400,512,0.0,8192,0.0005579207791015506,1.0,1.003657579421997,1.0151258707046509,7.771090507507324,"[8.873137474060059,12.700531005859375]","[8.546303749084473,9.592092514038086]",seeds/cell-012-d54fc3410ee8/seed-4/checkpoint.pt,seeds/cell-012-d54fc3410ee8/seed-4/snapshots/step-000200.pt
1,scaling-width-load-adamw-10seeds-v1,bffb1a6d15694071b753472a492474ca54484853136fedff195831ccd64433a0,cell-012-d54fc3410ee8,12,d54fc3410ee88666d86364a74aa8fc34207fedffedc8fecf48da807df87d6ca6,4,5,400,32,4,32,2,1,64,adamw,0.01,0.0,400,512,0.0,8192,0.00015786910080350935,1.0,1.0006399154663086,1.0138088464736938,7.741260051727295,"[8.984989166259766,13.090157508850098]","[8.572149276733398,9.616562843322754]",seeds/cell-012-d54fc3410ee8/seed-4/checkpoint.pt,seeds/cell-012-d54fc3410ee8/seed-4/snapshots/step-000400.pt
1,scaling-width-load-adamw-10seeds-v1,bffb1a6d15694071b753472a492474ca54484853136fedff195831ccd64433a0,cell-012-d54fc3410ee8,12,d54fc3410ee88666d86364a74aa8fc34207fedffedc8fecf48da807df87d6ca6,5,0,0,32,4,32,2,1,64,adamw,0.01,0.0,400,512,0.0,8192,5.098511695861816,0.507568359375,-0.01756981946527958,-0.01634286902844906,15.848576545715332,"[5.776960372924805,5.732533931732178]","[5.922642230987549,5.6983184814453125]",seeds/cell-012-d54fc3410ee8/seed-5/checkpoint.pt,seeds/cell-012-d54fc3410ee8/seed-5/snapshots/step-000000.pt
1,scaling-width-load-adamw-10seeds-v1,bffb1a6d15694071b753472a492474ca54484853136fedff195831ccd64433a0,cell-012-d54fc3410ee8,12,d54fc3410ee88666d86364a74aa8fc34207fedffedc8fecf48da807df87d6ca6,5,1,25,32,4,32,2,1,64,adamw,0.01,0.0,400,512,0.0,8192,0.9357138872146606,0.63720703125,0.05845161899924278,0.01573961414396763,15.353067398071289,"[7.459256649017334,7.288724899291992]","[7.149327278137207,6.850336074829102]",seeds/cell-012-d54fc3410ee8/seed-5/checkpoint.pt,seeds/cell-012-d54fc3410ee8/seed-5/snapshots/step-000025.pt
1,scaling-width-load-adamw-10seeds-v1,bffb1a6d15694071b753472a492474ca54484853136fedff195831ccd64433a0,cell-012-d54fc3410ee8,12,d54fc3410ee88666d86364a74aa8fc34207fedffedc8fecf48da807df87d6ca6,5,2,50,32,4,32,2,1,64,adamw,0.01,0.0,400,512,0.0,8192,0.8738072514533997,0.648193359375,0.11975327134132385,0.052136629819869995,15.26885986328125,"[7.677638530731201,7.808862686157227]","[7.352213382720947,7.229119777679443]",seeds/cell-012-d54fc3410ee8/seed-5/checkpoint.pt,seeds/cell-012-d54fc3410ee8/seed-5/snapshots/step-000050.pt
1,scaling-width-load-adamw-10seeds-v1,bffb1a6d15694071b753472a492474ca54484853136fedff195831ccd64433a0,cell-012-d54fc3410ee8,12,d54fc3410ee88666d86364a74aa8fc34207fedffedc8fecf48da807df87d6ca6,5,3,100,32,4,32,2,1,64,adamw,0.01,0.0,400,512,0.0,8192,0.8098971843719482,0.6728515625,0.1960226595401764,0.07053947448730469,14.989355087280273,"[7.270676136016846,8.353753089904785]","[7.393142223358154,7.498616695404053]",seeds/cell-012-d54fc3410ee8/seed-5/checkpoint.pt,seeds/cell-012-d54fc3410ee8/seed-5/snapshots/step-000100.pt
1,scaling-width-load-adamw-10seeds-v1,bffb1a6d15694071b753472a492474ca54484853136fedff195831ccd64433a0,cell-012-d54fc3410ee8,12,d54fc3410ee88666d86364a74aa8fc34207fedffedc8fecf48da807df87d6ca6,5,4,200,32,4,32,2,1,64,adamw,0.01,0.0,400,512,0.0,8192,0.7185576558113098,0.7213134765625,0.3084052801132202,0.13645300269126892,11.117499351501465,"[6.6631269454956055,9.019657135009766]","[7.559000492095947,8.194236755371094]",seeds/cell-012-d54fc3410ee8/seed-5/checkpoint.pt,seeds/cell-012-d54fc3410ee8/seed-5/snapshots/step-000200.pt
1,scaling-width-load-adamw-10seeds-v1,bffb1a6d15694071b753472a492474ca54484853136fedff195831ccd64433a0,cell-012-d54fc3410ee8,12,d54fc3410ee88666d86364a74aa8fc34207fedffedc8fecf48da807df87d6ca6,5,5,400,32,4,32,2,1,64,adamw,0.01,0.0,400,512,0.0,8192,0.0002153478271793574,1.0,1.0012691020965576,1.0009104013442993,7.375053882598877,"[8.706854820251465,15.099385261535645]","[9.093161582946777,10.320234298706055]",seeds/cell-012-d54fc3410ee8/seed-5/checkpoint.pt,seeds/cell-012-d54fc3410ee8/seed-5/snapshots/step-000400.pt
1,scaling-width-load-adamw-10seeds-v1,bffb1a6d15694071b753472a492474ca54484853136fedff195831ccd64433a0,cell-012-d54fc3410ee8,12,d54fc3410ee88666d86364a74aa8fc34207fedffedc8fecf48da807df87d6ca6,6,0,0,32,4,32,2,1,64,adamw,0.01,0.0,400,512,0.0,8192,2.8529748916625977,0.4920654296875,0.154112309217453,0.14920401573181152,17.401111602783203,"[5.759460926055908,5.549220561981201]","[5.98349666595459,5.601895809173584]",seeds/cell-012-d54fc3410ee8/seed-6/checkpoint.pt,seeds/cell-012-d54fc3410ee8/seed-6/snapshots/step-000000.pt
1,scaling-width-load-adamw-10seeds-v1,bffb1a6d15694071b753472a492474ca54484853136fedff195831ccd64433a0,cell-012-d54fc3410ee8,12,d54fc3410ee88666d86364a74aa8fc34207fedffedc8fecf48da807df87d6ca6,6,1,25,32,4,32,2,1,64,adamw,0.01,0.0,400,512,0.0,8192,0.9451362490653992,0.568359375,0.08548198640346527,0.07902295887470245,15.812923431396484,"[7.762190818786621,6.658949851989746]","[7.671324253082275,6.550540924072266]",seeds/cell-012-d54fc3410ee8/seed-6/checkpoint.pt,seeds/cell-012-d54fc3410ee8/seed-6/snapshots/step-000025.pt
1,scaling-width-load-adamw-10seeds-v1,bffb1a6d15694071b753472a492474ca54484853136fedff195831ccd64433a0,cell-012-d54fc3410ee8,12,d54fc3410ee88666d86364a74aa8fc34207fedffedc8fecf48da807df87d6ca6,6,2,50,32,4,32,2,1,64,adamw,0.01,0.0,400,512,0.0,8192,0.9206830263137817,0.6068115234375,0.07813117653131485,0.07704832404851913,15.39081859588623,"[8.123047828674316,6.780475616455078]","[8.040783882141113,6.72425651550293]",seeds/cell-012-d54fc3410ee8/seed-6/checkpoint.pt,seeds/cell-012-d54fc3410ee8/seed-6/snapshots/step-000050.pt
1,scaling-width-load-adamw-10seeds-v1,bffb1a6d15694071b753472a492474ca54484853136fedff195831ccd64433a0,cell-012-d54fc3410ee8,12,d54fc3410ee88666d86364a74aa8fc34207fedffedc8fecf48da807df87d6ca6,6,3,100,32,4,32,2,1,64,adamw,0.01,0.0,400,512,0.0,8192,0.8553723096847534,0.6312255859375,0.13998636603355408,0.11006429046392441,15.074769973754883,"[8.278550148010254,7.371567249298096]","[8.147876739501953,6.831056118011475]",seeds/cell-012-d54fc3410ee8/seed-6/checkpoint.pt,seeds/cell-012-d54fc3410ee8/seed-6/snapshots/step-000100.pt
1,scaling-width-load-adamw-10seeds-v1,bffb1a6d15694071b753472a492474ca54484853136fedff195831ccd64433a0,cell-012-d54fc3410ee8,12,d54fc3410ee88666d86364a74aa8fc34207fedffedc8fecf48da807df87d6ca6,6,4,200,32,4,32,2,1,64,adamw,0.01,0.0,400,512,0.0,8192,0.8021879196166992,0.6605224609375,0.21370118856430054,0.16947400569915771,11.411163330078125,"[11.017388343811035,8.788790702819824]","[8.146079063415527,7.015929698944092]",seeds/cell-012-d54fc3410ee8/seed-6/checkpoint.pt,seeds/cell-012-d54fc3410ee8/seed-6/snapshots/step-000200.pt
1,scaling-width-load-adamw-10seeds-v1,bffb1a6d15694071b753472a492474ca54484853136fedff195831ccd64433a0,cell-012-d54fc3410ee8,12,d54fc3410ee88666d86364a74aa8fc34207fedffedc8fecf48da807df87d6ca6,6,5,400,32,4,32,2,1,64,adamw,0.01,0.0,400,512,0.0,8192,0.03368926793336868,0.992919921875,0.9386332035064697,0.9514487981796265,6.8789777755737305,"[18.66567039489746,11.104887962341309]","[8.049582481384277,7.006509780883789]",seeds/cell-012-d54fc3410ee8/seed-6/checkpoint.pt,seeds/cell-012-d54fc3410ee8/seed-6/snapshots/step-000400.pt
1,scaling-width-load-adamw-10seeds-v1,bffb1a6d15694071b753472a492474ca54484853136fedff195831ccd64433a0,cell-012-d54fc3410ee8,12,d54fc3410ee88666d86364a74aa8fc34207fedffedc8fecf48da807df87d6ca6,7,0,0,32,4,32,2,1,64,adamw,0.01,0.0,400,512,0.0,8192,1.685659408569336,0.4622802734375,-0.10704825818538666,-0.09658247232437134,16.418479919433594,"[5.725531101226807,5.661523342132568]","[5.895079135894775,5.497291088104248]",seeds/cell-012-d54fc3410ee8/seed-7/checkpoint.pt,seeds/cell-012-d54fc3410ee8/seed-7/snapshots/step-000000.pt
1,scaling-width-load-adamw-10seeds-v1,bffb1a6d15694071b753472a492474ca54484853136fedff195831ccd64433a0,cell-012-d54fc3410ee8,12,d54fc3410ee88666d86364a74aa8fc34207fedffedc8fecf48da807df87d6ca6,7,1,25,32,4,32,2,1,64,adamw,0.01,0.0,400,512,0.0,8192,0.9199416637420654,0.62841796875,0.06979906558990479,0.06359848380088806,16.207862854003906,"[7.109859943389893,7.73992919921875]","[7.080334186553955,7.022738933563232]",seeds/cell-012-d54fc3410ee8/seed-7/checkpoint.pt,seeds/cell-012-d54fc3410ee8/seed-7/snapshots/step-000025.pt
1,scaling-width-load-adamw-10seeds-v1,bffb1a6d15694071b753472a492474ca54484853136fedff195831ccd64433a0,cell-012-d54fc3410ee8,12,d54fc3410ee88666d86364a74aa8fc34207fedffedc8fecf48da807df87d6ca6,7,2,50,32,4,32,2,1,64,adamw,0.01,0.0,400,512,0.0,8192,0.8314430117607117,0.6544189453125,0.1819225698709488,0.13886219263076782,16.02676010131836,"[7.412881374359131,8.236703872680664]","[7.491644859313965,7.494776725769043]",seeds/cell-012-d54fc3410ee8/seed-7/checkpoint.pt,seeds/cell-012-d54fc3410ee8/seed-7/snapshots/step-000050.pt
1,scaling-width-load-adamw-10seeds-v1,bffb1a6d15694071b753472a492474ca54484853136fedff195831ccd64433a0,cell-012-d54fc3410ee8,12,d54fc3410ee88666d86364a74aa8fc34207fedffedc8fecf48da807df87d6ca6,7,3,100,32,4,32,2,1,64,adamw,0.01,0.0,400,512,0.0,8192,0.00485690962523222,1.0,0.9726555347442627,0.9831212759017944,11.726573944091797,"[12.19909381866455,9.289772033691406]","[8.344202995300293,6.8677802085876465]",seeds/cell-012-d54fc3410ee8/seed-7/checkpoint.pt,seeds/cell-012-d54fc3410ee8/seed-7/snapshots/step-000100.pt
1,scaling-width-load-adamw-10seeds-v1,bffb1a6d15694071b753472a492474ca54484853136fedff195831ccd64433a0,cell-012-d54fc3410ee8,12,d54fc3410ee88666d86364a74aa8fc34207fedffedc8fecf48da807df87d6ca6,7,4,200,32,4,32,2,1,64,adamw,0.01,0.0,400,512,0.0,8192,0.0002579699794296175,1.0,1.0022052526474,1.0150158405303955,11.460744857788086,"[13.034791946411133,9.416176795959473]","[8.4515380859375,6.8234710693359375]",seeds/cell-012-d54fc3410ee8/seed-7/checkpoint.pt,seeds/cell-012-d54fc3410ee8/seed-7/snapshots/step-000200.pt
1,scaling-width-load-adamw-10seeds-v1,bffb1a6d15694071b753472a492474ca54484853136fedff195831ccd64433a0,cell-012-d54fc3410ee8,12,d54fc3410ee88666d86364a74aa8fc34207fedffedc8fecf48da807df87d6ca6,7,5,400,32,4,32,2,1,64,adamw,0.01,0.0,400,512,0.0,8192,8.989807975012809e-05,1.0,1.0012657642364502,1.0151526927947998,11.442000389099121,"[13.103848457336426,9.407206535339355]","[8.450053215026855,6.800174236297607]",seeds/cell-012-d54fc3410ee8/seed-7/checkpoint.pt,seeds/cell-012-d54fc3410ee8/seed-7/snapshots/step-000400.pt
1,scaling-width-load-adamw-10seeds-v1,bffb1a6d15694071b753472a492474ca54484853136fedff195831ccd64433a0,cell-012-d54fc3410ee8,12,d54fc3410ee88666d86364a74aa8fc34207fedffedc8fecf48da807df87d6ca6,8,0,0,32,4,32,2,1,64,adamw,0.01,0.0,400,512,0.0,8192,1.3381171226501465,0.4697265625,-0.012580257840454578,-0.050256289541721344,15.800055503845215,"[5.295119285583496,5.750314235687256]","[5.652132034301758,5.779111385345459]",seeds/cell-012-d54fc3410ee8/seed-8/checkpoint.pt,seeds/cell-012-d54fc3410ee8/seed-8/snapshots/step-000000.pt
1,scaling-width-load-adamw-10seeds-v1,bffb1a6d15694071b753472a492474ca54484853136fedff195831ccd64433a0,cell-012-d54fc3410ee8,12,d54fc3410ee88666d86364a74aa8fc34207fedffedc8fecf48da807df87d6ca6,8,1,25,32,4,32,2,1,64,adamw,0.01,0.0,400,512,0.0,8192,0.9192429780960083,0.718505859375,0.04478652775287628,0.04443993419408798,15.15532112121582,"[5.863757610321045,6.369752407073975]","[6.98639440536499,7.590898036956787]",seeds/cell-012-d54fc3410ee8/seed-8/checkpoint.pt,seeds/cell-012-d54fc3410ee8/seed-8/snapshots/step-000025.pt
1,scaling-width-load-adamw-10seeds-v1,bffb1a6d15694071b753472a492474ca54484853136fedff195831ccd64433a0,cell-012-d54fc3410ee8,12,d54fc3410ee88666d86364a74aa8fc34207fedffedc8fecf48da807df87d6ca6,8,2,50,32,4,32,2,1,64,adamw,0.01,0.0,400,512,0.0,8192,0.08426380902528763,0.98779296875,0.8507285714149475,0.8420761227607727,12.4058256149292,"[8.212996482849121,6.627662658691406]","[7.940567493438721,7.572436809539795]",seeds/cell-012-d54fc3410ee8/seed-8/checkpoint.pt,seeds/cell-012-d54fc3410ee8/seed-8/snapshots/step-000050.pt
1,scaling-width-load-adamw-10seeds-v1,bffb1a6d15694071b753472a492474ca54484853136fedff195831ccd64433a0,cell-012-d54fc3410ee8,12,d54fc3410ee88666d86364a74aa8fc34207fedffedc8fecf48da807df87d6ca6,8,3,100,32,4,32,2,1,64,adamw,0.01,0.0,400,512,0.0,8192,0.0011612444650381804,1.0,0.9893612861633301,0.9860898852348328,11.5396728515625,"[10.735974311828613,7.042994976043701]","[8.15783977508545,7.684243202209473]",seeds/cell-012-d54fc3410ee8/seed-8/checkpoint.pt,seeds/cell-012-d54fc3410ee8/seed-8/snapshots/step-000100.pt
1,scaling-width-load-adamw-10seeds-v1,bffb1a6d15694071b753472a492474ca54484853136fedff195831ccd64433a0,cell-012-d54fc3410ee8,12,d54fc3410ee88666d86364a74aa8fc34207fedffedc8fecf48da807df87d6ca6,8,4,200,32,4,32,2,1,64,adamw,0.01,0.0,400,512,0.0,8192,0.0003469701041467488,1.0,0.9980219006538391,0.995111346244812,11.511185646057129,"[10.995884895324707,7.03287935256958]","[8.13731861114502,7.640512466430664]",seeds/cell-012-d54fc3410ee8/seed-8/checkpoint.pt,seeds/cell-012-d54fc3410ee8/seed-8/snapshots/step-000200.pt
1,scaling-width-load-adamw-10seeds-v1,bffb1a6d15694071b753472a492474ca54484853136fedff195831ccd64433a0,cell-012-d54fc3410ee8,12,d54fc3410ee88666d86364a74aa8fc34207fedffedc8fecf48da807df87d6ca6,8,5,400,32,4,32,2,1,64,adamw,0.01,0.0,400,512,0.0,8192,0.00015315081691369414,1.0,0.9993550181388855,0.997360348701477,11.470369338989258,"[11.290690422058105,7.017645835876465]","[8.110361099243164,7.565587043762207]",seeds/cell-012-d54fc3410ee8/seed-8/checkpoint.pt,seeds/cell-012-d54fc3410ee8/seed-8/snapshots/step-000400.pt
1,scaling-width-load-adamw-10seeds-v1,bffb1a6d15694071b753472a492474ca54484853136fedff195831ccd64433a0,cell-012-d54fc3410ee8,12,d54fc3410ee88666d86364a74aa8fc34207fedffedc8fecf48da807df87d6ca6,9,0,0,32,4,32,2,1,64,adamw,0.01,0.0,400,512,0.0,8192,1.303426742553711,0.6236572265625,0.22082644701004028,0.17621970176696777,16.62105369567871,"[5.253730297088623,5.737764835357666]","[6.292454719543457,5.66262149810791]",seeds/cell-012-d54fc3410ee8/seed-9/checkpoint.pt,seeds/cell-012-d54fc3410ee8/seed-9/snapshots/step-000000.pt
1,scaling-width-load-adamw-10seeds-v1,bffb1a6d15694071b753472a492474ca54484853136fedff195831ccd64433a0,cell-012-d54fc3410ee8,12,d54fc3410ee88666d86364a74aa8fc34207fedffedc8fecf48da807df87d6ca6,9,1,25,32,4,32,2,1,64,adamw,0.01,0.0,400,512,0.0,8192,0.8914853930473328,0.6217041015625,0.09029960632324219,0.07911573350429535,16.347387313842773,"[6.76368522644043,6.642608165740967]","[7.783580780029297,6.464404582977295]",seeds/cell-012-d54fc3410ee8/seed-9/checkpoint.pt,seeds/cell-012-d54fc3410ee8/seed-9/snapshots/step-000025.pt
1,scaling-width-load-adamw-10seeds-v1,bffb1a6d15694071b753472a492474ca54484853136fedff195831ccd64433a0,cell-012-d54fc3410ee8,12,d54fc3410ee88666d86364a74aa8fc34207fedffedc8fecf48da807df87d6ca6,9,2,50,32,4,32,2,1,64,adamw,0.01,0.0,400,512,0.0,8192,0.7722064852714539,0.68017578125,0.20436634123325348,0.14948414266109467,15.426025390625,"[7.6052565574646,6.858639240264893]","[8.024962425231934,6.869952201843262]",seeds/cell-012-d54fc3410ee8/seed-9/checkpoint.pt,seeds/cell-012-d54fc3410ee8/seed-9/snapshots/step-000050.pt
1,scaling-width-load-adamw-10seeds-v1,bffb1a6d15694071b753472a492474ca54484853136fedff195831ccd64433a0,cell-012-d54fc3410ee8,12,d54fc3410ee88666d86364a74aa8fc34207fedffedc8fecf48da807df87d6ca6,9,3,100,32,4,32,2,1,64,adamw,0.01,0.0,400,512,0.0,8192,0.0335947722196579,0.9945068359375,0.9687620401382446,0.9769859313964844,11.085041999816895,"[11.51242733001709,7.879363536834717]","[8.640774726867676,7.6709723472595215]",seeds/cell-012-d54fc3410ee8/seed-9/checkpoint.pt,seeds/cell-012-d54fc3410ee8/seed-9/snapshots/step-000100.pt
1,scaling-width-load-adamw-10seeds-v1,bffb1a6d15694071b753472a492474ca54484853136fedff195831ccd64433a0,cell-012-d54fc3410ee8,12,d54fc3410ee88666d86364a74aa8fc34207fedffedc8fecf48da807df87d6ca6,9,4,200,32,4,32,2,1,64,adamw,0.01,0.0,400,512,0.0,8192,0.00018319347873330116,1.0,1.0000083446502686,1.0052785873413086,10.843478202819824,"[13.047943115234375,8.334476470947266]","[8.988724708557129,8.164436340332031]",seeds/cell-012-d54fc3410ee8/seed-9/checkpoint.pt,seeds/cell-012-d54fc3410ee8/seed-9/snapshots/step-000200.pt
1,scaling-width-load-adamw-10seeds-v1,bffb1a6d15694071b753472a492474ca54484853136fedff195831ccd64433a0,cell-012-d54fc3410ee8,12,d54fc3410ee88666d86364a74aa8fc34207fedffedc8fecf48da807df87d6ca6,9,5,400,32,4,32,2,1,64,adamw,0.01,0.0,400,512,0.0,8192,5.526018503587693e-05,1.0,1.0009229183197021,1.0054669380187988,10.829115867614746,"[13.04588508605957,8.355742454528809]","[8.976507186889648,8.257081985473633]",seeds/cell-012-d54fc3410ee8/seed-9/checkpoint.pt,seeds/cell-012-d54fc3410ee8/seed-9/snapshots/step-000400.pt
1,scaling-width-load-adamw-10seeds-v1,bffb1a6d15694071b753472a492474ca54484853136fedff195831ccd64433a0,cell-013-cd4ffc02b90c,13,cd4ffc02b90c3f68fb60d9b005f215f10d53598957f83ed23286dbac3597c5f1,0,0,0,32,4,32,2,4,64,adamw,0.01,0.0,400,512,0.0,8192,1.1815688610076904,0.59326171875,0.15476232767105103,0.12481951713562012,16.018667221069336,"[2.882373094558716,2.678778648376465,2.557138681411743,2.77392840385437,2.71799373626709,2.805297613143921,2.8279151916503906,2.6956400871276855]","[2.4373772144317627,2.669236183166504,2.806619167327881,2.869325637817383,2.8770029544830322,2.4873452186584473,2.8576371669769287,2.578458547592163]",seeds/cell-013-cd4ffc02b90c/seed-0/checkpoint.pt,seeds/cell-013-cd4ffc02b90c/seed-0/snapshots/step-000000.pt
1,scaling-width-load-adamw-10seeds-v1,bffb1a6d15694071b753472a492474ca54484853136fedff195831ccd64433a0,cell-013-cd4ffc02b90c,13,cd4ffc02b90c3f68fb60d9b005f215f10d53598957f83ed23286dbac3597c5f1,0,1,25,32,4,32,2,4,64,adamw,0.01,0.0,400,512,0.0,8192,0.8466559648513794,0.6925048828125,0.10020089149475098,0.08504363894462585,15.207832336425781,"[3.383920669555664,3.3294379711151123,2.874063491821289,3.3924636840820312,3.3445231914520264,3.0626022815704346,3.745253324508667,3.048536539077759]","[2.8328611850738525,3.2738187313079834,2.982398271560669,3.5129315853118896,3.646305561065674,2.816873788833618,3.028029680252075,2.9565200805664062]",seeds/cell-013-cd4ffc02b90c/seed-0/checkpoint.pt,seeds/cell-013-cd4ffc02b90c/seed-0/snapshots/step-000025.pt
1,scaling-width-load-adamw-10seeds-v1,bffb1a6d15694071b753472a492474ca54484853136fedff195831ccd64433a0,cell-013-cd4ffc02b90c,13,cd4ffc02b90c3f68fb60d9b005f215f10d53598957f83ed23286dbac3597c5f1,0,2,50,32,4,32,2,4,64,adamw,0.01,0.0,400,512,0.0,8192,0.12049323320388794,0.970703125,0.9131810665130615,0.9111589193344116,12.098711967468262,"[4.058130264282227,3.4146785736083984,4.618683815002441,4.112005233764648,3.5426597595214844,3.5297820568084717,4.037041664123535,3.200288772583008]","[2.7693498134613037,3.333988666534424,3.881807565689087,3.5840649604797363,3.7454583644866943,2.904366970062256,3.072145700454712,3.018649101257324]",seeds/cell-013-cd4ffc02b90c/seed-0/checkpoint.pt,seeds/cell-013-cd4ffc02b90c/seed-0/snapshots/step-000050.pt
1,scaling-width-load-adamw-10seeds-v1,bffb1a6d15694071b753472a492474ca54484853136fedff195831ccd64433a0,cell-013-cd4ffc02b90c,13,cd4ffc02b90c3f68fb60d9b005f215f10d53598957f83ed23286dbac3597c5f1,0,3,100,32,4,32,2,4,64,adamw,0.01,0.0,400,512,0.0,8192,0.0014430542942136526,1.0,1.0044989585876465,1.0132420063018799,10.392192840576172,"[4.552130699157715,3.3601465225219727,6.6296539306640625,4.78853702545166,3.973112106323242,4.608898639678955,4.0494208335876465,3.395184278488159]","[2.683276414871216,3.2593278884887695,4.590816020965576,3.4503188133239746,3.7453408241271973,2.9138245582580566,3.0547988414764404,3.0371835231781006]",seeds/cell-013-cd4ffc02b90c/seed-0/checkpoint.pt,seeds/cell-013-cd4ffc02b90c/seed-0/snapshots/step-000100.pt
1,scaling-width-load-adamw-10seeds-v1,bffb1a6d15694071b753472a492474ca54484853136fedff195831ccd64433a0,cell-013-cd4ffc02b90c,13,cd4ffc02b90c3f68fb60d9b005f215f10d53598957f83ed23286dbac3597c5f1,0,4,200,32,4,32,2,4,64,adamw,0.01,0.0,400,512,0.0,8192,0.0002912926720455289,1.0,1.0005457401275635,1.009000301361084,10.313944816589355,"[4.53194522857666,3.330876111984253,6.7068891525268555,4.781481742858887,3.969749689102173,4.62837028503418,4.021799087524414,3.3952863216400146]","[2.660034656524658,3.2378718852996826,4.62993049621582,3.427645444869995,3.7293927669525146,2.933901309967041,3.054342269897461,3.0394015312194824]",seeds/cell-013-cd4ffc02b90c/seed-0/checkpoint.pt,seeds/cell-013-cd4ffc02b90c/seed-0/snapshots/step-000200.pt
1,scaling-width-load-adamw-10seeds-v1,bffb1a6d15694071b753472a492474ca54484853136fedff195831ccd64433a0,cell-013-cd4ffc02b90c,13,cd4ffc02b90c3f68fb60d9b005f215f10d53598957f83ed23286dbac3597c5f1,0,5,400,32,4,32,2,4,64,adamw,0.01,0.0,400,512,0.0,8192,0.00011226239439565688,1.0,0.9995317459106445,1.008364200592041,10.279178619384766,"[4.5054802894592285,3.3044354915618896,6.742321968078613,4.771649360656738,3.9639132022857666,4.636702060699463,4.0002522468566895,3.4239492416381836]","[2.63541316986084,3.221609115600586,4.664469242095947,3.4088518619537354,3.7149407863616943,2.947279453277588,3.053407907485962,3.039504289627075]",seeds/cell-013-cd4ffc02b90c/seed-0/checkpoint.pt,seeds/cell-013-cd4ffc02b90c/seed-0/snapshots/step-000400.pt
1,scaling-width-load-adamw-10seeds-v1,bffb1a6d15694071b753472a492474ca54484853136fedff195831ccd64433a0,cell-013-cd4ffc02b90c,13,cd4ffc02b90c3f68fb60d9b005f215f10d53598957f83ed23286dbac3597c5f1,1,0,0,32,4,32,2,4,64,adamw,0.01,0.0,400,512,0.0,8192,3.1002423763275146,0.5172119140625,0.1769421547651291,0.17133086919784546,15.482734680175781,"[2.412106513977051,2.715181350708008,2.870283603668213,3.0231473445892334,2.808751344680786,2.5965330600738525,2.9742469787597656,2.529282569885254]","[2.8698570728302,3.0434951782226562,3.041295051574707,2.4064764976501465,2.7314443588256836,3.1155264377593994,2.6841976642608643,2.9061012268066406]",seeds/cell-013-cd4ffc02b90c/seed-1/checkpoint.pt,seeds/cell-013-cd4ffc02b90c/seed-1/snapshots/step-000000.pt
1,scaling-width-load-adamw-10seeds-v1,bffb1a6d15694071b753472a492474ca54484853136fedff195831ccd64433a0,cell-013-cd4ffc02b90c,13,cd4ffc02b90c3f68fb60d9b005f215f10d53598957f83ed23286dbac3597c5f1,1,1,25,32,4,32,2,4,64,adamw,0.01,0.0,400,512,0.0,8192,0.9150573015213013,0.63720703125,0.053536780178546906,0.05058659613132477,14.469554901123047,"[2.638542413711548,2.913938045501709,3.2338485717773438,3.4744911193847656,3.255979537963867,3.2432916164398193,3.245328426361084,2.866016387939453]","[3.515223264694214,3.435986280441284,3.773648977279663,2.8238987922668457,2.881927013397217,3.684724807739258,3.0518558025360107,3.355508804321289]",seeds/cell-013-cd4ffc02b90c/seed-1/checkpoint.pt,seeds/cell-013-cd4ffc02b90c/seed-1/snapshots/step-000025.pt
1,scaling-width-load-adamw-10seeds-v1,bffb1a6d15694071b753472a492474ca54484853136fedff195831ccd64433a0,cell-013-cd4ffc02b90c,13,cd4ffc02b90c3f68fb60d9b005f215f10d53598957f83ed23286dbac3597c5f1,1,2,50,32,4,32,2,4,64,adamw,0.01,0.0,400,512,0.0,8192,0.6153721809387207,0.774658203125,0.4027281403541565,0.37904179096221924,14.07819938659668,"[2.790989398956299,3.1973259449005127,3.6077845096588135,3.596676826477051,3.277967929840088,3.2903854846954346,3.2805259227752686,2.925250291824341]","[3.634446620941162,3.5891849994659424,4.0706400871276855,2.918065071105957,2.9229018688201904,3.737764835357666,3.1671178340911865,3.388721227645874]",seeds/cell-013-cd4ffc02b90c/seed-1/checkpoint.pt,seeds/cell-013-cd4ffc02b90c/seed-1/snapshots/step-000050.pt
1,scaling-width-load-adamw-10seeds-v1,bffb1a6d15694071b753472a492474ca54484853136fedff195831ccd64433a0,cell-013-cd4ffc02b90c,13,cd4ffc02b90c3f68fb60d9b005f215f10d53598957f83ed23286dbac3597c5f1,1,3,100,32,4,32,2,4,64,adamw,0.01,0.0,400,512,0.0,8192,0.0068379295989871025,0.999755859375,1.0122311115264893,1.017458200454712,10.824514389038086,"[3.977724552154541,5.451637268066406,6.023802757263184,3.680593490600586,3.434041976928711,3.5032949447631836,4.504305362701416,2.9020602703094482]","[3.488293170928955,3.7623379230499268,4.436309337615967,2.8350231647491455,2.8962063789367676,3.7275350093841553,3.184194564819336,3.3776774406433105]",seeds/cell-013-cd4ffc02b90c/seed-1/checkpoint.pt,seeds/cell-013-cd4ffc02b90c/seed-1/snapshots/step-000100.pt
1,scaling-width-load-adamw-10seeds-v1,bffb1a6d15694071b753472a492474ca54484853136fedff195831ccd64433a0,cell-013-cd4ffc02b90c,13,cd4ffc02b90c3f68fb60d9b005f215f10d53598957f83ed23286dbac3597c5f1,1,4,200,32,4,32,2,4,64,adamw,0.01,0.0,400,512,0.0,8192,0.0009377591195516288,0.9998779296875,0.9993687868118286,0.9988152980804443,10.650635719299316,"[3.9514920711517334,5.523983001708984,6.288711071014404,3.6661758422851562,3.46820330619812,3.5131494998931885,4.6242995262146,2.960726737976074]","[3.4604508876800537,3.7137043476104736,4.487366199493408,2.805819511413574,2.8951637744903564,3.7259042263031006,3.222092866897583,3.3826096057891846]",seeds/cell-013-cd4ffc02b90c/seed-1/checkpoint.pt,seeds/cell-013-cd4ffc02b90c/seed-1/snapshots/step-000200.pt
1,scaling-width-load-adamw-10seeds-v1,bffb1a6d15694071b753472a492474ca54484853136fedff195831ccd64433a0,cell-013-cd4ffc02b90c,13,cd4ffc02b90c3f68fb60d9b005f215f10d53598957f83ed23286dbac3597c5f1,1,5,400,32,4,32,2,4,64,adamw,0.01,0.0,400,512,0.0,8192,0.00024282216327264905,1.0,1.0008528232574463,0.9993230700492859,10.646501541137695,"[3.9154818058013916,5.540057182312012,6.38521146774292,3.6458747386932373,3.478691339492798,3.530734062194824,4.65110969543457,3.020502805709839]","[3.444075584411621,3.693377733230591,4.525720596313477,2.792060136795044,2.8969168663024902,3.720970869064331,3.2438344955444336,3.380190849304199]",seeds/cell-013-cd4ffc02b90c/seed-1/checkpoint.pt,seeds/cell-013-cd4ffc02b90c/seed-1/snapshots/step-000400.pt
1,scaling-width-load-adamw-10seeds-v1,bffb1a6d15694071b753472a492474ca54484853136fedff195831ccd64433a0,cell-013-cd4ffc02b90c,13,cd4ffc02b90c3f68fb60d9b005f215f10d53598957f83ed23286dbac3597c5f1,2,0,0,32,4,32,2,4,64,adamw,0.01,0.0,400,512,0.0,8192,1.060969591140747,0.57666015625,0.07746253162622452,0.10004644095897675,15.415778160095215,"[2.747892141342163,2.8227899074554443,2.7623839378356934,2.7172420024871826,2.7697627544403076,2.754366397857666,2.7439935207366943,2.869030237197876]","[2.7064456939697266,2.7148799896240234,2.7997970581054688,2.6817827224731445,2.5928030014038086,2.9283909797668457,2.683896064758301,2.936105489730835]",seeds/cell-013-cd4ffc02b90c/seed-2/checkpoint.pt,seeds/cell-013-cd4ffc02b90c/seed-2/snapshots/step-000000.pt
1,scaling-width-load-adamw-10seeds-v1,bffb1a6d15694071b753472a492474ca54484853136fedff195831ccd64433a0,cell-013-cd4ffc02b90c,13,cd4ffc02b90c3f68fb60d9b005f215f10d53598957f83ed23286dbac3597c5f1,2,1,25,32,4,32,2,4,64,adamw,0.01,0.0,400,512,0.0,8192,0.8194240927696228,0.6781005859375,0.23925785720348358,0.20804789662361145,14.541346549987793,"[3.0471649169921875,3.068875551223755,3.0102789402008057,3.0600709915161133,2.968571662902832,2.850858688354492,2.9297642707824707,3.0265047550201416]","[3.1480870246887207,3.0283758640289307,3.5525028705596924,3.1919307708740234,3.0698132514953613,3.0794293880462646,2.833102226257324,3.469414234161377]",seeds/cell-013-cd4ffc02b90c/seed-2/checkpoint.pt,seeds/cell-013-cd4ffc02b90c/seed-2/snapshots/step-000025.pt
1,scaling-width-load-adamw-10seeds-v1,bffb1a6d15694071b753472a492474ca54484853136fedff195831ccd64433a0,cell-013-cd4ffc02b90c,13,cd4ffc02b90c3f68fb60d9b005f215f10d53598957f83ed23286dbac3597c5f1,2,2,50,32,4,32,2,4,64,adamw,0.01,0.0,400,512,0.0,8192,0.34345582127571106,0.8980712890625,0.7255801558494568,0.7005665302276611,12.32216739654541,"[3.7995169162750244,4.027406215667725,3.344334840774536,3.2037267684936523,3.057182550430298,2.984994649887085,2.894104242324829,3.0566484928131104]","[3.316403865814209,3.630370855331421,3.630669355392456,3.1384739875793457,3.147434949874878,3.1158487796783447,2.8541793823242188,3.530855655670166]",seeds/cell-013-cd4ffc02b90c/seed-2/checkpoint.pt,seeds/cell-013-cd4ffc02b90c/seed-2/snapshots/step-000050.pt
1,scaling-width-load-adamw-10seeds-v1,bffb1a6d15694071b753472a492474ca54484853136fedff195831ccd64433a0,cell-013-cd4ffc02b90c,13,cd4ffc02b90c3f68fb60d9b005f215f10d53598957f83ed23286dbac3597c5f1,2,3,100,32,4,32,2,4,64,adamw,0.01,0.0,400,512,0.0,8192,0.0012988126836717129,1.0,1.000255823135376,0.9935822486877441,10.000837326049805,"[5.571995735168457,5.903411388397217,3.785689353942871,3.4711554050445557,4.14047908782959,4.023059368133545,3.2557547092437744,3.3264026641845703]","[3.7532575130462646,4.345121383666992,3.3889963626861572,3.005373477935791,3.03895902633667,3.076294422149658,2.7980659008026123,3.603055000305176]",seeds/cell-013-cd4ffc02b90c/seed-2/checkpoint.pt,seeds/cell-013-cd4ffc02b90c/seed-2/snapshots/step-000100.pt
1,scaling-width-load-adamw-10seeds-v1,bffb1a6d15694071b753472a492474ca54484853136fedff195831ccd64433a0,cell-013-cd4ffc02b90c,13,cd4ffc02b90c3f68fb60d9b005f215f10d53598957f83ed23286dbac3597c5f1,2,4,200,32,4,32,2,4,64,adamw,0.01,0.0,400,512,0.0,8192,0.0002897288650274277,1.0,0.9984127879142761,0.9920885562896729,9.979307174682617,"[5.595686912536621,5.923089027404785,3.7324585914611816,3.4714629650115967,4.1610188484191895,4.01496696472168,3.346235752105713,3.447401285171509]","[3.7679033279418945,4.384113788604736,3.369475841522217,2.9832544326782227,3.0449256896972656,3.0770375728607178,2.7957377433776855,3.6175484657287598]",seeds/cell-013-cd4ffc02b90c/seed-2/checkpoint.pt,seeds/cell-013-cd4ffc02b90c/seed-2/snapshots/step-000200.pt
1,scaling-width-load-adamw-10seeds-v1,bffb1a6d15694071b753472a492474ca54484853136fedff195831ccd64433a0,cell-013-cd4ffc02b90c,13,cd4ffc02b90c3f68fb60d9b005f215f10d53598957f83ed23286dbac3597c5f1,2,5,400,32,4,32,2,4,64,adamw,0.01,0.0,400,512,0.0,8192,9.757617954164743e-05,1.0,1.0002098083496094,0.9950806498527527,9.945478439331055,"[5.607469081878662,5.944201946258545,3.699347496032715,3.4687039852142334,4.1443047523498535,3.989720582962036,3.385928153991699,3.554105520248413]","[3.7822787761688232,4.419103622436523,3.362760066986084,2.9721264839172363,3.0409889221191406,3.075571060180664,2.792994499206543,3.610625982284546]",seeds/cell-013-cd4ffc02b90c/seed-2/checkpoint.pt,seeds/cell-013-cd4ffc02b90c/seed-2/snapshots/step-000400.pt
1,scaling-width-load-adamw-10seeds-v1,bffb1a6d15694071b753472a492474ca54484853136fedff195831ccd64433a0,cell-013-cd4ffc02b90c,13,cd4ffc02b90c3f68fb60d9b005f215f10d53598957f83ed23286dbac3597c5f1,3,0,0,32,4,32,2,4,64,adamw,0.01,0.0,400,512,0.0,8192,2.621481418609619,0.535400390625,0.1772279143333435,0.18094402551651,15.720731735229492,"[2.7127199172973633,2.7834835052490234,3.023590564727783,3.168226480484009,3.025114059448242,2.6854476928710938,2.9425132274627686,2.9119369983673096]","[2.770946741104126,3.1239659786224365,3.106912612915039,2.9795634746551514,2.5010437965393066,2.8590593338012695,2.9922008514404297,2.8888797760009766]",seeds/cell-013-cd4ffc02b90c/seed-3/checkpoint.pt,seeds/cell-013-cd4ffc02b90c/seed-3/snapshots/step-000000.pt
1,scaling-width-load-adamw-10seeds-v1,bffb1a6d15694071b753472a492474ca54484853136fedff195831ccd64433a0,cell-013-cd4ffc02b90c,13,cd4ffc02b90c3f68fb60d9b005f215f10d53598957f83ed23286dbac3597c5f1,3,1,25,32,4,32,2,4,64,adamw,0.01,0.0,400,512,0.0,8192,0.8293594717979431,0.6568603515625,0.16803112626075745,0.1234939843416214,14.59429931640625,"[3.0945065021514893,3.259939432144165,3.6636531352996826,3.3051280975341797,3.0822200775146484,3.3602850437164307,3.2164454460144043,3.1705386638641357]","[3.1443004608154297,3.8839197158813477,3.6547412872314453,3.365138053894043,2.6818087100982666,3.5524613857269287,3.235036849975586,3.1712288856506348]",seeds/cell-013-cd4ffc02b90c/seed-3/checkpoint.pt,seeds/cell-013-cd4ffc02b90c/seed-3/snapshots/step-000025.pt
1,scaling-width-load-adamw-10seeds-v1,bffb1a6d15694071b753472a492474ca54484853136fedff195831ccd64433a0,cell-013-cd4ffc02b90c,13,cd4ffc02b90c3f68fb60d9b005f215f10d53598957f83ed23286dbac3597c5f1,3,2,50,32,4,32,2,4,64,adamw,0.01,0.0,400,512,0.0,8192,0.6084941625595093,0.77197265625,0.395841121673584,0.3671604096889496,13.83012866973877,"[3.17826247215271,3.5090413093566895,3.845780849456787,3.6781203746795654,3.1119954586029053,3.537921190261841,3.2276854515075684,3.1926727294921875]","[3.1901283264160156,3.8934903144836426,3.755105495452881,3.6863863468170166,2.7497754096984863,3.6532211303710938,3.2986862659454346,3.234476327896118]",seeds/cell-013-cd4ffc02b90c/seed-3/checkpoint.pt,seeds/cell-013-cd4ffc02b90c/seed-3/snapshots/step-000050.pt
1,scaling-width-load-adamw-10seeds-v1,bffb1a6d15694071b753472a492474ca54484853136fedff195831ccd64433a0,cell-013-cd4ffc02b90c,13,cd4ffc02b90c3f68fb60d9b005f215f10d53598957f83ed23286dbac3597c5f1,3,3,100,32,4,32,2,4,64,adamw,0.01,0.0,400,512,0.0,8192,0.00489889457821846,0.999267578125,0.9865747690200806,0.9811621904373169,10.60468578338623,"[3.2207677364349365,4.031428813934326,4.155764579772949,6.073700428009033,3.495325803756714,3.584887742996216,3.563667058944702,4.047069072723389]","[3.1444005966186523,3.465710401535034,3.722822904586792,4.986722946166992,2.7963650226593018,3.523815393447876,3.3473362922668457,3.247943878173828]",seeds/cell-013-cd4ffc02b90c/seed-3/checkpoint.pt,seeds/cell-013-cd4ffc02b90c/seed-3/snapshots/step-000100.pt
1,scaling-width-load-adamw-10seeds-v1,bffb1a6d15694071b753472a492474ca54484853136fedff195831ccd64433a0,cell-013-cd4ffc02b90c,13,cd4ffc02b90c3f68fb60d9b005f215f10d53598957f83ed23286dbac3597c5f1,3,4,200,32,4,32,2,4,64,adamw,0.01,0.0,400,512,0.0,8192,0.0005130258505232632,1.0,0.9992144107818604,0.9939966201782227,10.450937271118164,"[3.2267303466796875,4.028305530548096,4.11577844619751,6.2254791259765625,3.511659622192383,3.582496166229248,3.5665817260742188,4.0718770027160645]","[3.1275932788848877,3.441300868988037,3.682431936264038,5.05443000793457,2.811771869659424,3.5139973163604736,3.3653693199157715,3.258335590362549]",seeds/cell-013-cd4ffc02b90c/seed-3/checkpoint.pt,seeds/cell-013-cd4ffc02b90c/seed-3/snapshots/step-000200.pt
1,scaling-width-load-adamw-10seeds-v1,bffb1a6d15694071b753472a492474ca54484853136fedff195831ccd64433a0,cell-013-cd4ffc02b90c,13,cd4ffc02b90c3f68fb60d9b005f215f10d53598957f83ed23286dbac3597c5f1,3,5,400,32,4,32,2,4,64,adamw,0.01,0.0,400,512,0.0,8192,0.0001810913090594113,1.0,1.0002241134643555,0.9964970946311951,10.382445335388184,"[3.235072374343872,4.017299175262451,4.0716166496276855,6.243370532989502,3.5151548385620117,3.5803096294403076,3.565438747406006,4.073917388916016]","[3.1084330081939697,3.426358222961426,3.643915891647339,5.126147270202637,2.825091600418091,3.50941801071167,3.370569944381714,3.2574081420898438]",seeds/cell-013-cd4ffc02b90c/seed-3/checkpoint.pt,seeds/cell-013-cd4ffc02b90c/seed-3/snapshots/step-000400.pt
1,scaling-width-load-adamw-10seeds-v1,bffb1a6d15694071b753472a492474ca54484853136fedff195831ccd64433a0,cell-013-cd4ffc02b90c,13,cd4ffc02b90c3f68fb60d9b005f215f10d53598957f83ed23286dbac3597c5f1,4,0,0,32,4,32,2,4,64,adamw,0.01,0.0,400,512,0.0,8192,2.315793991088867,0.489990234375,-0.13237085938453674,-0.12379655241966248,15.498794555664062,"[2.8525280952453613,2.79341197013855,2.5650665760040283,2.4827768802642822,3.0360770225524902,2.878948926925659,2.4305951595306396,2.835510730743408]","[3.1012935638427734,3.004859209060669,2.9286398887634277,3.0847597122192383,3.035778284072876,2.523975133895874,2.8616983890533447,2.855696678161621]",seeds/cell-013-cd4ffc02b90c/seed-4/checkpoint.pt,seeds/cell-013-cd4ffc02b90c/seed-4/snapshots/step-000000.pt
1,scaling-width-load-adamw-10seeds-v1,bffb1a6d15694071b753472a492474ca54484853136fedff195831ccd64433a0,cell-013-cd4ffc02b90c,13,cd4ffc02b90c3f68fb60d9b005f215f10d53598957f83ed23286dbac3597c5f1,4,1,25,32,4,32,2,4,64,adamw,0.01,0.0,400,512,0.0,8192,0.8511103391647339,0.6923828125,0.09929648041725159,0.08098730444908142,14.440552711486816,"[3.3895599842071533,3.0662906169891357,2.761289596557617,2.5927069187164307,3.3968520164489746,3.54449200630188,2.8703043460845947,3.034132480621338]","[3.453040599822998,3.4172840118408203,3.28403639793396,3.491356134414673,3.4860551357269287,2.9144465923309326,2.961909770965576,3.1107099056243896]",seeds/cell-013-cd4ffc02b90c/seed-4/checkpoint.pt,seeds/cell-013-cd4ffc02b90c/seed-4/snapshots/step-000025.pt
1,scaling-width-load-adamw-10seeds-v1,bffb1a6d15694071b753472a492474ca54484853136fedff195831ccd64433a0,cell-013-cd4ffc02b90c,13,cd4ffc02b90c3f68fb60d9b005f215f10d53598957f83ed23286dbac3597c5f1,4,2,50,32,4,32,2,4,64,adamw,0.01,0.0,400,512,0.0,8192,0.6047171354293823,0.783935546875,0.38468456268310547,0.34943485260009766,13.743315696716309,"[3.4554800987243652,3.674837827682495,2.9336752891540527,3.085995674133301,3.470519542694092,3.5505189895629883,2.967198133468628,3.0744223594665527]","[3.6211864948272705,3.5894293785095215,3.4018073081970215,3.669705390930176,3.5713369846343994,3.0379836559295654,3.0179073810577393,3.241360902786255]",seeds/cell-013-cd4ffc02b90c/seed-4/checkpoint.pt,seeds/cell-013-cd4ffc02b90c/seed-4/snapshots/step-000050.pt
1,scaling-width-load-adamw-10seeds-v1,bffb1a6d15694071b753472a492474ca54484853136fedff195831ccd64433a0,cell-013-cd4ffc02b90c,13,cd4ffc02b90c3f68fb60d9b005f215f10d53598957f83ed23286dbac3597c5f1,4,3,100,32,4,32,2,4,64,adamw,0.01,0.0,400,512,0.0,8192,0.006437326315790415,0.9986572265625,0.997920036315918,0.9956790208816528,10.823349952697754,"[3.609142303466797,6.6434326171875,3.3681657314300537,4.575931549072266,3.800144910812378,4.333245277404785,3.624329090118408,3.8582534790039062]","[3.613770008087158,4.255762577056885,3.389652729034424,3.5804543495178223,3.5781259536743164,3.0106475353240967,3.0469439029693604,3.243928909301758]",seeds/cell-013-cd4ffc02b90c/seed-4/checkpoint.pt,seeds/cell-013-cd4ffc02b90c/seed-4/snapshots/step-000100.pt
1,scaling-width-load-adamw-10seeds-v1,bffb1a6d15694071b753472a492474ca54484853136fedff195831ccd64433a0,cell-013-cd4ffc02b90c,13,cd4ffc02b90c3f68fb60d9b005f215f10d53598957f83ed23286dbac3597c5f1,4,4,200,32,4,32,2,4,64,adamw,0.01,0.0,400,512,0.0,8192,0.0006290111923590302,1.0,1.003251552581787,1.007916808128357,10.425142288208008,"[3.628796339035034,7.101393222808838,3.344144105911255,4.685268402099609,3.7898571491241455,4.396015644073486,3.635195732116699,3.8796560764312744]","[3.575963258743286,4.385031700134277,3.3361449241638184,3.509942054748535,3.5647711753845215,3.0293476581573486,3.057610273361206,3.2614169120788574]",seeds/cell-013-cd4ffc02b90c/seed-4/checkpoint.pt,seeds/cell-013-cd4ffc02b90c/seed-4/snapshots/step-000200.pt
1,scaling-width-load-adamw-10seeds-v1,bffb1a6d15694071b753472a492474ca54484853136fedff195831ccd64433a0,cell-013-cd4ffc02b90c,13,cd4ffc02b90c3f68fb60d9b005f215f10d53598957f83ed23286dbac3597c5f1,4,5,400,32,4,32,2,4,64,adamw,0.01,0.0,400,512,0.0,8192,0.00018376372463535517,1.0,0.9997157454490662,1.0022802352905273,10.368366241455078,"[3.6447811126708984,7.124606609344482,3.3258705139160156,4.640720844268799,3.771623373031616,4.426484107971191,3.621720552444458,3.876922369003296]","[3.5512948036193848,4.453427314758301,3.3057687282562256,3.4550609588623047,3.5618982315063477,3.0357890129089355,3.0581133365631104,3.2724642753601074]",seeds/cell-013-cd4ffc02b90c/seed-4/checkpoint.pt,seeds/cell-013-cd4ffc02b90c/seed-4/snapshots/step-000400.pt
1,scaling-width-load-adamw-10seeds-v1,bffb1a6d15694071b753472a492474ca54484853136fedff195831ccd64433a0,cell-013-cd4ffc02b90c,13,cd4ffc02b90c3f68fb60d9b005f215f10d53598957f83ed23286dbac3597c5f1,5,0,0,32,4,32,2,4,64,adamw,0.01,0.0,400,512,0.0,8192,5.032200336456299,0.507568359375,-0.018927231431007385,-0.01041889563202858,15.848576545715332,"[2.7377824783325195,3.0160892009735107,2.6352951526641846,2.900278329849243,2.8799636363983154,2.940443515777588,3.055082082748413,2.88420033454895]","[2.7801716327667236,3.0086381435394287,3.0187010765075684,2.6091949939727783,3.181910991668701,2.7656309604644775,2.8773159980773926,2.657467842102051]",seeds/cell-013-cd4ffc02b90c/seed-5/checkpoint.pt,seeds/cell-013-cd4ffc02b90c/seed-5/snapshots/step-000000.pt
1,scaling-width-load-adamw-10seeds-v1,bffb1a6d15694071b753472a492474ca54484853136fedff195831ccd64433a0,cell-013-cd4ffc02b90c,13,cd4ffc02b90c3f68fb60d9b005f215f10d53598957f83ed23286dbac3597c5f1,5,1,25,32,4,32,2,4,64,adamw,0.01,0.0,400,512,0.0,8192,0.8448337912559509,0.6571044921875,0.16736482083797455,0.13593529164791107,14.886672019958496,"[2.9687492847442627,3.3448970317840576,2.723788261413574,3.4910616874694824,3.305119752883911,3.4306981563568115,3.628579616546631,3.1008481979370117]","[2.9338626861572266,3.654726505279541,3.3457553386688232,3.271862268447876,3.617058753967285,2.8971610069274902,3.3624508380889893,3.112292528152466]",seeds/cell-013-cd4ffc02b90c/seed-5/checkpoint.pt,seeds/cell-013-cd4ffc02b90c/seed-5/snapshots/step-000025.pt
1,scaling-width-load-adamw-10seeds-v1,bffb1a6d15694071b753472a492474ca54484853136fedff195831ccd64433a0,cell-013-cd4ffc02b90c,13,cd4ffc02b90c3f68fb60d9b005f215f10d53598957f83ed23286dbac3597c5f1,5,2,50,32,4,32,2,4,64,adamw,0.01,0.0,400,512,0.0,8192,0.647681713104248,0.7625732421875,0.35707515478134155,0.3258016109466553,14.15542984008789,"[3.212589740753174,3.439918279647827,2.701087474822998,4.006301403045654,3.401622772216797,3.475316286087036,3.7052605152130127,3.2182140350341797]","[3.103428602218628,3.7752859592437744,3.368220090866089,3.477379560470581,3.6910738945007324,2.918001413345337,3.4219870567321777,3.2035012245178223]",seeds/cell-013-cd4ffc02b90c/seed-5/checkpoint.pt,seeds/cell-013-cd4ffc02b90c/seed-5/snapshots/step-000050.pt
1,scaling-width-load-adamw-10seeds-v1,bffb1a6d15694071b753472a492474ca54484853136fedff195831ccd64433a0,cell-013-cd4ffc02b90c,13,cd4ffc02b90c3f68fb60d9b005f215f10d53598957f83ed23286dbac3597c5f1,5,3,100,32,4,32,2,4,64,adamw,0.01,0.0,400,512,0.0,8192,0.006580160465091467,0.9990234375,1.0032942295074463,1.0027880668640137,10.512572288513184,"[5.086541652679443,4.8559250831604,2.841125726699829,6.7789130210876465,4.116687297821045,4.050454139709473,3.8499276638031006,4.111474514007568]","[3.2789855003356934,3.601384162902832,3.270214080810547,4.307085037231445,3.6170713901519775,2.9506070613861084,3.418844223022461,3.1055514812469482]",seeds/cell-013-cd4ffc02b90c/seed-5/checkpoint.pt,seeds/cell-013-cd4ffc02b90c/seed-5/snapshots/step-000100.pt
1,scaling-width-load-adamw-10seeds-v1,bffb1a6d15694071b753472a492474ca54484853136fedff195831ccd64433a0,cell-013-cd4ffc02b90c,13,cd4ffc02b90c3f68fb60d9b005f215f10d53598957f83ed23286dbac3597c5f1,5,4,200,32,4,32,2,4,64,adamw,0.01,0.0,400,512,0.0,8192,0.0034148753620684147,0.9991455078125,0.9933933019638062,0.9931224584579468,10.454813957214355,"[5.264561176300049,4.919335842132568,2.8331146240234375,7.014654159545898,4.148036956787109,4.1222405433654785,3.8605458736419678,4.19508171081543]","[3.2831621170043945,3.556226968765259,3.2407517433166504,4.436662673950195,3.6138293743133545,2.97414231300354,3.4283852577209473,3.1264255046844482]",seeds/cell-013-cd4ffc02b90c/seed-5/checkpoint.pt,seeds/cell-013-cd4ffc02b90c/seed-5/snapshots/step-000200.pt
1,scaling-width-load-adamw-10seeds-v1,bffb1a6d15694071b753472a492474ca54484853136fedff195831ccd64433a0,cell-013-cd4ffc02b90c,13,cd4ffc02b90c3f68fb60d9b005f215f10d53598957f83ed23286dbac3597c5f1,5,5,400,32,4,32,2,4,64,adamw,0.01,0.0,400,512,0.0,8192,0.00010278416448272765,1.0,0.9995462894439697,1.0032753944396973,10.506363868713379,"[5.263613224029541,4.926210880279541,2.8240509033203125,7.032402992248535,4.145772457122803,4.126944541931152,3.8581509590148926,4.204906463623047]","[3.28524112701416,3.5501210689544678,3.2297728061676025,4.485702991485596,3.6100943088531494,2.9839916229248047,3.438695192337036,3.141767740249634]",seeds/cell-013-cd4ffc02b90c/seed-5/checkpoint.pt,seeds/cell-013-cd4ffc02b90c/seed-5/snapshots/step-000400.pt
1,scaling-width-load-adamw-10seeds-v1,bffb1a6d15694071b753472a492474ca54484853136fedff195831ccd64433a0,cell-013-cd4ffc02b90c,13,cd4ffc02b90c3f68fb60d9b005f215f10d53598957f83ed23286dbac3597c5f1,6,0,0,32,4,32,2,4,64,adamw,0.01,0.0,400,512,0.0,8192,2.5733110904693604,0.49267578125,0.12543167173862457,0.12462542951107025,17.401111602783203,"[3.1270298957824707,2.739943027496338,2.873302936553955,2.989985227584839,2.5521674156188965,3.3516290187835693,2.639516830444336,2.588622570037842]","[3.130478858947754,2.8330235481262207,2.876274824142456,3.0607597827911377,2.742213249206543,2.5300683975219727,2.9752464294433594,2.8857216835021973]",seeds/cell-013-cd4ffc02b90c/seed-6/checkpoint.pt,seeds/cell-013-cd4ffc02b90c/seed-6/snapshots/step-000000.pt
1,scaling-width-load-adamw-10seeds-v1,bffb1a6d15694071b753472a492474ca54484853136fedff195831ccd64433a0,cell-013-cd4ffc02b90c,13,cd4ffc02b90c3f68fb60d9b005f215f10d53598957f83ed23286dbac3597c5f1,6,1,25,32,4,32,2,4,64,adamw,0.01,0.0,400,512,0.0,8192,0.8698864579200745,0.6553955078125,0.08738845586776733,0.07991110533475876,15.55536937713623,"[3.2105371952056885,3.4569292068481445,3.1054635047912598,3.4787611961364746,2.8504111766815186,3.684380292892456,2.9766573905944824,3.0137240886688232]","[3.5588862895965576,3.361041307449341,3.44081449508667,3.366318702697754,3.0049636363983154,3.1678621768951416,3.08772611618042,3.3722927570343018]",seeds/cell-013-cd4ffc02b90c/seed-6/checkpoint.pt,seeds/cell-013-cd4ffc02b90c/seed-6/snapshots/step-000025.pt
1,scaling-width-load-adamw-10seeds-v1,bffb1a6d15694071b753472a492474ca54484853136fedff195831ccd64433a0,cell-013-cd4ffc02b90c,13,cd4ffc02b90c3f68fb60d9b005f215f10d53598957f83ed23286dbac3597c5f1,6,2,50,32,4,32,2,4,64,adamw,0.01,0.0,400,512,0.0,8192,0.6993323564529419,0.73486328125,0.31390324234962463,0.2946525812149048,15.29332447052002,"[3.31307053565979,3.587017059326172,3.1897592544555664,3.8817873001098633,2.8611702919006348,3.7605743408203125,2.9976606369018555,3.058457374572754]","[3.756178855895996,3.403350830078125,3.5404911041259766,3.587522506713867,3.075971841812134,3.275718927383423,3.128549337387085,3.4265575408935547]",seeds/cell-013-cd4ffc02b90c/seed-6/checkpoint.pt,seeds/cell-013-cd4ffc02b90c/seed-6/snapshots/step-000050.pt
1,scaling-width-load-adamw-10seeds-v1,bffb1a6d15694071b753472a492474ca54484853136fedff195831ccd64433a0,cell-013-cd4ffc02b90c,13,cd4ffc02b90c3f68fb60d9b005f215f10d53598957f83ed23286dbac3597c5f1,6,3,100,32,4,32,2,4,64,adamw,0.01,0.0,400,512,0.0,8192,0.01728021912276745,0.9957275390625,0.977660596370697,0.9907619953155518,10.56891918182373,"[4.866668701171875,3.69067645072937,7.071556568145752,5.8090667724609375,3.6510732173919678,5.6690850257873535,3.5048720836639404,3.4273674488067627]","[3.867206335067749,3.0778748989105225,4.528634071350098,3.4911141395568848,3.0357813835144043,3.3389575481414795,3.1228713989257812,3.4098401069641113]",seeds/cell-013-cd4ffc02b90c/seed-6/checkpoint.pt,seeds/cell-013-cd4ffc02b90c/seed-6/snapshots/step-000100.pt
1,scaling-width-load-adamw-10seeds-v1,bffb1a6d15694071b753472a492474ca54484853136fedff195831ccd64433a0,cell-013-cd4ffc02b90c,13,cd4ffc02b90c3f68fb60d9b005f215f10d53598957f83ed23286dbac3597c5f1,6,4,200,32,4,32,2,4,64,adamw,0.01,0.0,400,512,0.0,8192,0.0009710376616567373,0.9998779296875,0.9989432096481323,1.0045907497406006,10.328405380249023,"[5.13730001449585,3.681119680404663,7.652623176574707,5.957632541656494,3.7385427951812744,5.866157531738281,3.556370258331299,3.7094595432281494]","[3.9686148166656494,3.0287349224090576,4.572734832763672,3.396152973175049,3.03470778465271,3.3550679683685303,3.120795488357544,3.413400888442993]",seeds/cell-013-cd4ffc02b90c/seed-6/checkpoint.pt,seeds/cell-013-cd4ffc02b90c/seed-6/snapshots/step-000200.pt
1,scaling-width-load-adamw-10seeds-v1,bffb1a6d15694071b753472a492474ca54484853136fedff195831ccd64433a0,cell-013-cd4ffc02b90c,13,cd4ffc02b90c3f68fb60d9b005f215f10d53598957f83ed23286dbac3597c5f1,6,5,400,32,4,32,2,4,64,adamw,0.01,0.0,400,512,0.0,8192,0.000252710422500968,1.0,1.0003302097320557,1.0154526233673096,10.292201042175293,"[5.1291890144348145,3.6603896617889404,8.237707138061523,6.028538703918457,3.712982654571533,5.795647621154785,3.5285208225250244,3.750979423522949]","[3.932490110397339,2.995000123977661,4.722383975982666,3.3033244609832764,3.033287286758423,3.351022720336914,3.1226601600646973,3.4178225994110107]",seeds/cell-013-cd4ffc02b90c/seed-6/checkpoint.pt,seeds/cell-013-cd4ffc02b90c/seed-6/snapshots/step-000400.pt
1,scaling-width-load-adamw-10seeds-v1,bffb1a6d15694071b753472a492474ca54484853136fedff195831ccd64433a0,cell-013-cd4ffc02b90c,13,cd4ffc02b90c3f68fb60d9b005f215f10d53598957f83ed23286dbac3597c5f1,7,0,0,32,4,32,2,4,64,adamw,0.01,0.0,400,512,0.0,8192,1.5512940883636475,0.448486328125,-0.1067628487944603,-0.08848529309034348,16.418479919433594,"[3.0968101024627686,2.693189859390259,2.549790382385254,2.9837088584899902,3.142658233642578,2.819737434387207,2.7080867290496826,2.7275102138519287]","[3.294663190841675,2.663571357727051,2.5960419178009033,2.9948537349700928,2.7626373767852783,2.6857388019561768,2.554460048675537,2.948528528213501]",seeds/cell-013-cd4ffc02b90c/seed-7/checkpoint.pt,seeds/cell-013-cd4ffc02b90c/seed-7/snapshots/step-000000.pt
1,scaling-width-load-adamw-10seeds-v1,bffb1a6d15694071b753472a492474ca54484853136fedff195831ccd64433a0,cell-013-cd4ffc02b90c,13,cd4ffc02b90c3f68fb60d9b005f215f10d53598957f83ed23286dbac3597c5f1,7,1,25,32,4,32,2,4,64,adamw,0.01,0.0,400,512,0.0,8192,0.8873841762542725,0.63232421875,0.08644166588783264,0.07540014386177063,16.059001922607422,"[3.611358642578125,3.330756425857544,2.8998920917510986,3.117816209793091,3.6064400672912598,3.432593584060669,3.1047189235687256,3.239614486694336]","[3.7623417377471924,3.123112678527832,3.098749876022339,3.1562113761901855,3.2091245651245117,3.2386767864227295,2.594841718673706,3.247235059738159]",seeds/cell-013-cd4ffc02b90c/seed-7/checkpoint.pt,seeds/cell-013-cd4ffc02b90c/seed-7/snapshots/step-000025.pt
1,scaling-width-load-adamw-10seeds-v1,bffb1a6d15694071b753472a492474ca54484853136fedff195831ccd64433a0,cell-013-cd4ffc02b90c,13,cd4ffc02b90c3f68fb60d9b005f215f10d53598957f83ed23286dbac3597c5f1,7,2,50,32,4,32,2,4,64,adamw,0.01,0.0,400,512,0.0,8192,0.6281622648239136,0.762451171875,0.3646343946456909,0.33343344926834106,14.799373626708984,"[4.074470043182373,3.435788869857788,3.3633806705474854,3.552900791168213,3.7311654090881348,3.6144824028015137,3.202972888946533,3.312990188598633]","[4.045878887176514,3.2376415729522705,3.390333652496338,3.476820468902588,3.2648913860321045,3.3233463764190674,2.6099178791046143,3.2901105880737305]",seeds/cell-013-cd4ffc02b90c/seed-7/checkpoint.pt,seeds/cell-013-cd4ffc02b90c/seed-7/snapshots/step-000050.pt
1,scaling-width-load-adamw-10seeds-v1,bffb1a6d15694071b753472a492474ca54484853136fedff195831ccd64433a0,cell-013-cd4ffc02b90c,13,cd4ffc02b90c3f68fb60d9b005f215f10d53598957f83ed23286dbac3597c5f1,7,3,100,32,4,32,2,4,64,adamw,0.01,0.0,400,512,0.0,8192,0.00269654905423522,1.0,0.9968222379684448,1.0096054077148438,10.212929725646973,"[7.060596466064453,3.5922906398773193,5.636909008026123,5.412316799163818,4.31768798828125,3.694178581237793,3.355893611907959,3.5849807262420654]","[4.745333671569824,2.9525177478790283,3.303661823272705,3.7235560417175293,3.342569351196289,3.2527639865875244,2.5777082443237305,3.245681047439575]",seeds/cell-013-cd4ffc02b90c/seed-7/checkpoint.pt,seeds/cell-013-cd4ffc02b90c/seed-7/snapshots/step-000100.pt
1,scaling-width-load-adamw-10seeds-v1,bffb1a6d15694071b753472a492474ca54484853136fedff195831ccd64433a0,cell-013-cd4ffc02b90c,13,cd4ffc02b90c3f68fb60d9b005f215f10d53598957f83ed23286dbac3597c5f1,7,4,200,32,4,32,2,4,64,adamw,0.01,0.0,400,512,0.0,8192,0.00044741376768797636,1.0,0.9987428188323975,1.012537956237793,10.07841682434082,"[7.223386764526367,3.5751802921295166,5.66099739074707,5.456400394439697,4.360409259796143,3.6875834465026855,3.9632484912872314,3.595913887023926]","[4.750324249267578,2.930039882659912,3.2506394386291504,3.716754913330078,3.3586974143981934,3.243058443069458,2.5812933444976807,3.244367837905884]",seeds/cell-013-cd4ffc02b90c/seed-7/checkpoint.pt,seeds/cell-013-cd4ffc02b90c/seed-7/snapshots/step-000200.pt
1,scaling-width-load-adamw-10seeds-v1,bffb1a6d15694071b753472a492474ca54484853136fedff195831ccd64433a0,cell-013-cd4ffc02b90c,13,cd4ffc02b90c3f68fb60d9b005f215f10d53598957f83ed23286dbac3597c5f1,7,5,400,32,4,32,2,4,64,adamw,0.01,0.0,400,512,0.0,8192,0.00016944840899668634,1.0,1.000409722328186,1.0160815715789795,9.97666072845459,"[7.2998366355896,3.5468404293060303,5.662558555603027,5.465099811553955,4.3847246170043945,3.674053430557251,4.350460529327393,3.5952794551849365]","[4.768269062042236,2.9077961444854736,3.225825071334839,3.69787859916687,3.368575096130371,3.2359671592712402,2.573878526687622,3.239264488220215]",seeds/cell-013-cd4ffc02b90c/seed-7/checkpoint.pt,seeds/cell-013-cd4ffc02b90c/seed-7/snapshots/step-000400.pt
1,scaling-width-load-adamw-10seeds-v1,bffb1a6d15694071b753472a492474ca54484853136fedff195831ccd64433a0,cell-013-cd4ffc02b90c,13,cd4ffc02b90c3f68fb60d9b005f215f10d53598957f83ed23286dbac3597c5f1,8,0,0,32,4,32,2,4,64,adamw,0.01,0.0,400,512,0.0,8192,1.3852431774139404,0.4833984375,-0.004996343515813351,-0.033388569951057434,15.800055503845215,"[2.869619607925415,2.791213274002075,2.7036283016204834,2.4653191566467285,2.459036350250244,2.8255014419555664,3.1284565925598145,2.9633586406707764]","[3.087718963623047,2.905478000640869,2.7756311893463135,2.4713821411132812,2.5373594760894775,2.9477176666259766,2.8969030380249023,3.0044949054718018]",seeds/cell-013-cd4ffc02b90c/seed-8/checkpoint.pt,seeds/cell-013-cd4ffc02b90c/seed-8/snapshots/step-000000.pt
1,scaling-width-load-adamw-10seeds-v1,bffb1a6d15694071b753472a492474ca54484853136fedff195831ccd64433a0,cell-013-cd4ffc02b90c,13,cd4ffc02b90c3f68fb60d9b005f215f10d53598957f83ed23286dbac3597c5f1,8,1,25,32,4,32,2,4,64,adamw,0.01,0.0,400,512,0.0,8192,0.923384964466095,0.558349609375,0.05351222679018974,0.05275225639343262,15.583442687988281,"[3.336482286453247,2.8626210689544678,2.837444543838501,2.7558753490448,2.5656044483184814,3.2256557941436768,3.5003528594970703,3.203824758529663]","[3.685393810272217,3.1864655017852783,3.3214855194091797,2.6926076412200928,2.997495174407959,3.4823668003082275,3.550440788269043,3.842090368270874]",seeds/cell-013-cd4ffc02b90c/seed-8/checkpoint.pt,seeds/cell-013-cd4ffc02b90c/seed-8/snapshots/step-000025.pt
1,scaling-width-load-adamw-10seeds-v1,bffb1a6d15694071b753472a492474ca54484853136fedff195831ccd64433a0,cell-013-cd4ffc02b90c,13,cd4ffc02b90c3f68fb60d9b005f215f10d53598957f83ed23286dbac3597c5f1,8,2,50,32,4,32,2,4,64,adamw,0.01,0.0,400,512,0.0,8192,0.1471726894378662,0.97021484375,0.917367696762085,0.9110863208770752,12.34770393371582,"[4.806152820587158,3.204549551010132,3.0407168865203857,4.442659378051758,2.5884478092193604,3.3602447509765625,3.552229642868042,3.231903076171875]","[4.415066719055176,3.3083813190460205,3.3691020011901855,3.9757919311523438,2.969459056854248,3.4976463317871094,3.5242466926574707,3.8143155574798584]",seeds/cell-013-cd4ffc02b90c/seed-8/checkpoint.pt,seeds/cell-013-cd4ffc02b90c/seed-8/snapshots/step-000050.pt
1,scaling-width-load-adamw-10seeds-v1,bffb1a6d15694071b753472a492474ca54484853136fedff195831ccd64433a0,cell-013-cd4ffc02b90c,13,cd4ffc02b90c3f68fb60d9b005f215f10d53598957f83ed23286dbac3597c5f1,8,3,100,32,4,32,2,4,64,adamw,0.01,0.0,400,512,0.0,8192,0.0018407319439575076,1.0,0.9994379281997681,0.9995467066764832,11.132740020751953,"[6.617825508117676,3.58058762550354,3.4162962436676025,6.286942958831787,2.5688345432281494,3.7907495498657227,3.6065220832824707,3.275822401046753]","[4.5395941734313965,3.164616346359253,3.275423288345337,4.015781879425049,2.997379779815674,3.5674872398376465,3.593345880508423,3.8730854988098145]",seeds/cell-013-cd4ffc02b90c/seed-8/checkpoint.pt,seeds/cell-013-cd4ffc02b90c/seed-8/snapshots/step-000100.pt
1,scaling-width-load-adamw-10seeds-v1,bffb1a6d15694071b753472a492474ca54484853136fedff195831ccd64433a0,cell-013-cd4ffc02b90c,13,cd4ffc02b90c3f68fb60d9b005f215f10d53598957f83ed23286dbac3597c5f1,8,4,200,32,4,32,2,4,64,adamw,0.01,0.0,400,512,0.0,8192,0.0005366389523260295,1.0,0.9981258511543274,0.9964330196380615,11.083181381225586,"[6.771203994750977,3.5703697204589844,3.3839259147644043,6.397125244140625,2.540010690689087,3.827843427658081,3.595989227294922,3.245875120162964]","[4.508671283721924,3.1505868434906006,3.256671190261841,3.935267925262451,2.993011236190796,3.533102512359619,3.5894699096679688,3.8592166900634766]",seeds/cell-013-cd4ffc02b90c/seed-8/checkpoint.pt,seeds/cell-013-cd4ffc02b90c/seed-8/snapshots/step-000200.pt
1,scaling-width-load-adamw-10seeds-v1,bffb1a6d15694071b753472a492474ca54484853136fedff195831ccd64433a0,cell-013-cd4ffc02b90c,13,cd4ffc02b90c3f68fb60d9b005f215f10d53598957f83ed23286dbac3597c5f1,8,5,400,32,4,32,2,4,64,adamw,0.01,0.0,400,512,0.0,8192,0.00019077070464845747,1.0,0.9985897541046143,0.996236264705658,11.010916709899902,"[6.925753593444824,3.551759958267212,3.35329532623291,6.530667304992676,2.5485708713531494,3.8510637283325195,3.5927278995513916,3.2163119316101074]","[4.483001708984375,3.1373841762542725,3.2362616062164307,3.890709161758423,2.9829297065734863,3.5031912326812744,3.5774903297424316,3.844146728515625]",seeds/cell-013-cd4ffc02b90c/seed-8/checkpoint.pt,seeds/cell-013-cd4ffc02b90c/seed-8/snapshots/step-000400.pt
1,scaling-width-load-adamw-10seeds-v1,bffb1a6d15694071b753472a492474ca54484853136fedff195831ccd64433a0,cell-013-cd4ffc02b90c,13,cd4ffc02b90c3f68fb60d9b005f215f10d53598957f83ed23286dbac3597c5f1,9,0,0,32,4,32,2,4,64,adamw,0.01,0.0,400,512,0.0,8192,1.1943155527114868,0.6131591796875,0.19891339540481567,0.1306639313697815,16.62105369567871,"[2.535126209259033,2.6038644313812256,2.6686975955963135,2.499605655670166,2.9814682006835938,2.975489616394043,2.453195810317993,3.176964044570923]","[3.0628304481506348,3.1918134689331055,2.952316999435425,3.386162281036377,2.6744303703308105,2.5616989135742188,3.1665163040161133,2.753633975982666]",seeds/cell-013-cd4ffc02b90c/seed-9/checkpoint.pt,seeds/cell-013-cd4ffc02b90c/seed-9/snapshots/step-000000.pt
1,scaling-width-load-adamw-10seeds-v1,bffb1a6d15694071b753472a492474ca54484853136fedff195831ccd64433a0,cell-013-cd4ffc02b90c,13,cd4ffc02b90c3f68fb60d9b005f215f10d53598957f83ed23286dbac3597c5f1,9,1,25,32,4,32,2,4,64,adamw,0.01,0.0,400,512,0.0,8192,0.5409047603607178,0.80322265625,0.47634565830230713,0.4597964882850647,15.28315544128418,"[3.390855073928833,2.906745195388794,2.9489338397979736,2.859006404876709,3.1159162521362305,3.078134536743164,2.5764708518981934,3.4068291187286377]","[3.7075552940368652,3.6145670413970947,3.2642836570739746,3.966649293899536,2.897127628326416,2.6442599296569824,3.3168749809265137,2.9484105110168457]",seeds/cell-013-cd4ffc02b90c/seed-9/checkpoint.pt,seeds/cell-013-cd4ffc02b90c/seed-9/snapshots/step-000025.pt
1,scaling-width-load-adamw-10seeds-v1,bffb1a6d15694071b753472a492474ca54484853136fedff195831ccd64433a0,cell-013-cd4ffc02b90c,13,cd4ffc02b90c3f68fb60d9b005f215f10d53598957f83ed23286dbac3597c5f1,9,2,50,32,4,32,2,4,64,adamw,0.01,0.0,400,512,0.0,8192,0.009030275046825409,0.9998779296875,0.9710046052932739,0.9527860879898071,11.127677917480469,"[5.494736194610596,4.458261489868164,3.503861904144287,4.961376190185547,3.327741861343384,3.278207540512085,2.8203885555267334,3.5491902828216553]","[4.154573440551758,3.7240591049194336,3.21494460105896,4.385104179382324,2.9466471672058105,2.6100986003875732,3.3344264030456543,2.9375338554382324]",seeds/cell-013-cd4ffc02b90c/seed-9/checkpoint.pt,seeds/cell-013-cd4ffc02b90c/seed-9/snapshots/step-000050.pt
1,scaling-width-load-adamw-10seeds-v1,bffb1a6d15694071b753472a492474ca54484853136fedff195831ccd64433a0,cell-013-cd4ffc02b90c,13,cd4ffc02b90c3f68fb60d9b005f215f10d53598957f83ed23286dbac3597c5f1,9,3,100,32,4,32,2,4,64,adamw,0.01,0.0,400,512,0.0,8192,0.0004978697397746146,1.0,0.9989379644393921,0.9722182750701904,10.78797721862793,"[5.875144958496094,4.754643440246582,3.532625436782837,5.460649490356445,3.4638900756835938,3.3113040924072266,3.271963357925415,3.581394910812378]","[4.279294967651367,3.700711250305176,3.131723403930664,4.56417989730835,2.9450247287750244,2.6151890754699707,3.3570940494537354,2.9323747158050537]",seeds/cell-013-cd4ffc02b90c/seed-9/checkpoint.pt,seeds/cell-013-cd4ffc02b90c/seed-9/snapshots/step-000100.pt
1,scaling-width-load-adamw-10seeds-v1,bffb1a6d15694071b753472a492474ca54484853136fedff195831ccd64433a0,cell-013-cd4ffc02b90c,13,cd4ffc02b90c3f68fb60d9b005f215f10d53598957f83ed23286dbac3597c5f1,9,4,200,32,4,32,2,4,64,adamw,0.01,0.0,400,512,0.0,8192,0.00016109307762235403,1.0,0.9993813037872314,0.9714541435241699,10.734911918640137,"[5.886778354644775,4.755741596221924,3.507261037826538,5.480919361114502,3.509176015853882,3.3143796920776367,3.4733753204345703,3.581404447555542]","[4.291301250457764,3.6899025440216064,3.10595703125,4.588016510009766,2.9294159412384033,2.620192766189575,3.359724521636963,2.9284908771514893]",seeds/cell-013-cd4ffc02b90c/seed-9/checkpoint.pt,seeds/cell-013-cd4ffc02b90c/seed-9/snapshots/step-000200.pt
1,scaling-width-load-adamw-10seeds-v1,bffb1a6d15694071b753472a492474ca54484853136fedff195831ccd64433a0,cell-013-cd4ffc02b90c,13,cd4ffc02b90c3f68fb60d9b005f215f10d53598957f83ed23286dbac3597c5f1,9,5,400,32,4,32,2,4,64,adamw,0.01,0.0,400,512,0.0,8192,6.153480353532359e-05,1.0,0.9987260103225708,0.9683475494384766,10.688916206359863,"[5.912194728851318,4.767065048217773,3.489264726638794,5.504281044006348,3.5459866523742676,3.3172380924224854,3.54067325592041,3.5812876224517822]","[4.31355094909668,3.6821489334106445,3.0804848670959473,4.605048179626465,2.9128966331481934,2.625135898590088,3.359997034072876,2.922950029373169]",seeds/cell-013-cd4ffc02b90c/seed-9/checkpoint.pt,seeds/cell-013-cd4ffc02b90c/seed-9/snapshots/step-000400.pt
1,scaling-width-load-adamw-10seeds-v1,bffb1a6d15694071b753472a492474ca54484853136fedff195831ccd64433a0,cell-014-78502d3225ac,14,78502d3225acd41e525d7c92b939edecdf04169108b673c44dcd7dd13339c228,0,0,0,128,4,32,2,1,64,adamw,0.01,0.0,400,512,0.0,8192,1.5989117622375488,0.5107421875,0.040954701602458954,0.01588892564177513,25.74311065673828,"[5.5570220947265625,5.656834602355957]","[5.460631847381592,5.623565196990967]",seeds/cell-014-78502d3225ac/seed-0/checkpoint.pt,seeds/cell-014-78502d3225ac/seed-0/snapshots/step-000000.pt
1,scaling-width-load-adamw-10seeds-v1,bffb1a6d15694071b753472a492474ca54484853136fedff195831ccd64433a0,cell-014-78502d3225ac,14,78502d3225acd41e525d7c92b939edecdf04169108b673c44dcd7dd13339c228,0,1,25,128,4,32,2,1,64,adamw,0.01,0.0,400,512,0.0,8192,1.0137263536453247,0.5018310546875,0.007366705685853958,0.006641758605837822,23.255111694335938,"[7.093892574310303,6.626673221588135]","[7.24068546295166,7.57119083404541]",seeds/cell-014-78502d3225ac/seed-0/checkpoint.pt,seeds/cell-014-78502d3225ac/seed-0/snapshots/step-000025.pt
1,scaling-width-load-adamw-10seeds-v1,bffb1a6d15694071b753472a492474ca54484853136fedff195831ccd64433a0,cell-014-78502d3225ac,14,78502d3225acd41e525d7c92b939edecdf04169108b673c44dcd7dd13339c228,0,2,50,128,4,32,2,1,64,adamw,0.01,0.0,400,512,0.0,8192,0.9316777586936951,0.6378173828125,0.04163222014904022,0.0396277979016304,22.676389694213867,"[7.418626308441162,6.784448623657227]","[7.617543697357178,7.8569817543029785]",seeds/cell-014-78502d3225ac/seed-0/checkpoint.pt,seeds/cell-014-78502d3225ac/seed-0/snapshots/step-000050.pt
1,scaling-width-load-adamw-10seeds-v1,bffb1a6d15694071b753472a492474ca54484853136fedff195831ccd64433a0,cell-014-78502d3225ac,14,78502d3225acd41e525d7c92b939edecdf04169108b673c44dcd7dd13339c228,0,3,100,128,4,32,2,1,64,adamw,0.01,0.0,400,512,0.0,8192,0.031430959701538086,0.99755859375,0.9965041875839233,0.9917786717414856,16.634214401245117,"[11.680940628051758,8.664834022521973]","[8.480732917785645,7.708829402923584]",seeds/cell-014-78502d3225ac/seed-0/checkpoint.pt,seeds/cell-014-78502d3225ac/seed-0/snapshots/step-000100.pt
1,scaling-width-load-adamw-10seeds-v1,bffb1a6d15694071b753472a492474ca54484853136fedff195831ccd64433a0,cell-014-78502d3225ac,14,78502d3225acd41e525d7c92b939edecdf04169108b673c44dcd7dd13339c228,0,4,200,128,4,32,2,1,64,adamw,0.01,0.0,400,512,0.0,8192,0.0010185632854700089,1.0,0.9989259243011475,0.9976857900619507,15.300166130065918,"[13.362272262573242,8.95512866973877]","[8.666936874389648,7.523598670959473]",seeds/cell-014-78502d3225ac/seed-0/checkpoint.pt,seeds/cell-014-78502d3225ac/seed-0/snapshots/step-000200.pt
1,scaling-width-load-adamw-10seeds-v1,bffb1a6d15694071b753472a492474ca54484853136fedff195831ccd64433a0,cell-014-78502d3225ac,14,78502d3225acd41e525d7c92b939edecdf04169108b673c44dcd7dd13339c228,0,5,400,128,4,32,2,1,64,adamw,0.01,0.0,400,512,0.0,8192,0.00017785441013984382,1.0,1.0006999969482422,1.0003689527511597,15.174556732177734,"[13.56166934967041,9.306116104125977]","[8.704144477844238,7.4837965965271]",seeds/cell-014-78502d3225ac/seed-0/checkpoint.pt,seeds/cell-014-78502d3225ac/seed-0/snapshots/step-000400.pt
1,scaling-width-load-adamw-10seeds-v1,bffb1a6d15694071b753472a492474ca54484853136fedff195831ccd64433a0,cell-014-78502d3225ac,14,78502d3225acd41e525d7c92b939edecdf04169108b673c44dcd7dd13339c228,1,0,0,128,4,32,2,1,64,adamw,0.01,0.0,400,512,0.0,8192,1.4253425598144531,0.5718994140625,0.13222035765647888,0.12131262570619583,25.127870559692383,"[5.831892013549805,5.828216552734375]","[5.575160980224609,5.5387797355651855]",seeds/cell-014-78502d3225ac/seed-1/checkpoint.pt,seeds/cell-014-78502d3225ac/seed-1/snapshots/step-000000.pt
1,scaling-width-load-adamw-10seeds-v1,bffb1a6d15694071b753472a492474ca54484853136fedff195831ccd64433a0,cell-014-78502d3225ac,14,78502d3225acd41e525d7c92b939edecdf04169108b673c44dcd7dd13339c228,1,1,25,128,4,32,2,1,64,adamw,0.01,0.0,400,512,0.0,8192,0.8735562562942505,0.6005859375,0.12097536772489548,0.08376555144786835,23.811025619506836,"[7.793018817901611,6.633033275604248]","[6.807655334472656,7.128878116607666]",seeds/cell-014-78502d3225ac/seed-1/checkpoint.pt,seeds/cell-014-78502d3225ac/seed-1/snapshots/step-000025.pt
1,scaling-width-load-adamw-10seeds-v1,bffb1a6d15694071b753472a492474ca54484853136fedff195831ccd64433a0,cell-014-78502d3225ac,14,78502d3225acd41e525d7c92b939edecdf04169108b673c44dcd7dd13339c228,1,2,50,128,4,32,2,1,64,adamw,0.01,0.0,400,512,0.0,8192,0.8264346718788147,0.633544921875,0.17989781498908997,0.1277713030576706,23.344724655151367,"[8.26370620727539,6.66224479675293]","[7.001230239868164,7.560388565063477]",seeds/cell-014-78502d3225ac/seed-1/checkpoint.pt,seeds/cell-014-78502d3225ac/seed-1/snapshots/step-000050.pt
1,scaling-width-load-adamw-10seeds-v1,bffb1a6d15694071b753472a492474ca54484853136fedff195831ccd64433a0,cell-014-78502d3225ac,14,78502d3225acd41e525d7c92b939edecdf04169108b673c44dcd7dd13339c228,1,3,100,128,4,32,2,1,64,adamw,0.01,0.0,400,512,0.0,8192,0.6566421985626221,0.7445068359375,0.3944915533065796,0.3816101551055908,17.549772262573242,"[10.35117244720459,7.253205299377441]","[6.980232238769531,7.993072509765625]",seeds/cell-014-78502d3225ac/seed-1/checkpoint.pt,seeds/cell-014-78502d3225ac/seed-1/snapshots/step-000100.pt
1,scaling-width-load-adamw-10seeds-v1,bffb1a6d15694071b753472a492474ca54484853136fedff195831ccd64433a0,cell-014-78502d3225ac,14,78502d3225acd41e525d7c92b939edecdf04169108b673c44dcd7dd13339c228,1,4,200,128,4,32,2,1,64,adamw,0.01,0.0,400,512,0.0,8192,0.22605794668197632,0.927001953125,0.7464609146118164,0.7389532327651978,7.718076705932617,"[11.013181686401367,10.870214462280273]","[6.518698692321777,8.757987022399902]",seeds/cell-014-78502d3225ac/seed-1/checkpoint.pt,seeds/cell-014-78502d3225ac/seed-1/snapshots/step-000200.pt
1,scaling-width-load-adamw-10seeds-v1,bffb1a6d15694071b753472a492474ca54484853136fedff195831ccd64433a0,cell-014-78502d3225ac,14,78502d3225acd41e525d7c92b939edecdf04169108b673c44dcd7dd13339c228,1,5,400,128,4,32,2,1,64,adamw,0.01,0.0,400,512,0.0,8192,0.001956374617293477,0.999755859375,1.004382848739624,1.0197668075561523,8.837722778320312,"[12.644535064697266,14.37923812866211]","[6.073426246643066,10.985265731811523]",seeds/cell-014-78502d3225ac/seed-1/checkpoint.pt,seeds/cell-014-78502d3225ac/seed-1/snapshots/step-000400.pt
1,scaling-width-load-adamw-10seeds-v1,bffb1a6d15694071b753472a492474ca54484853136fedff195831ccd64433a0,cell-014-78502d3225ac,14,78502d3225acd41e525d7c92b939edecdf04169108b673c44dcd7dd13339c228,2,0,0,128,4,32,2,1,64,adamw,0.01,0.0,400,512,0.0,8192,2.2492353916168213,0.437744140625,-0.1435573846101761,-0.09775800257921219,25.42630386352539,"[5.5531768798828125,5.806046485900879]","[5.802436351776123,5.87392520904541]",seeds/cell-014-78502d3225ac/seed-2/checkpoint.pt,seeds/cell-014-78502d3225ac/seed-2/snapshots/step-000000.pt
1,scaling-width-load-adamw-10seeds-v1,bffb1a6d15694071b753472a492474ca54484853136fedff195831ccd64433a0,cell-014-78502d3225ac,14,78502d3225acd41e525d7c92b939edecdf04169108b673c44dcd7dd13339c228,2,1,25,128,4,32,2,1,64,adamw,0.01,0.0,400,512,0.0,8192,0.8630579710006714,0.644287109375,0.12864822149276733,0.06691235303878784,24.536373138427734,"[6.6980671882629395,6.617562294006348]","[6.680360317230225,7.39422082901001]",seeds/cell-014-78502d3225ac/seed-2/checkpoint.pt,seeds/cell-014-78502d3225ac/seed-2/snapshots/step-000025.pt
1,scaling-width-load-adamw-10seeds-v1,bffb1a6d15694071b753472a492474ca54484853136fedff195831ccd64433a0,cell-014-78502d3225ac,14,78502d3225acd41e525d7c92b939edecdf04169108b673c44dcd7dd13339c228,2,2,50,128,4,32,2,1,64,adamw,0.01,0.0,400,512,0.0,8192,0.582854151725769,0.786376953125,0.48832494020462036,0.4453417658805847,23.11656379699707,"[6.927395820617676,7.308393478393555]","[6.823171138763428,8.035723686218262]",seeds/cell-014-78502d3225ac/seed-2/checkpoint.pt,seeds/cell-014-78502d3225ac/seed-2/snapshots/step-000050.pt
1,scaling-width-load-adamw-10seeds-v1,bffb1a6d15694071b753472a492474ca54484853136fedff195831ccd64433a0,cell-014-78502d3225ac,14,78502d3225acd41e525d7c92b939edecdf04169108b673c44dcd7dd13339c228,2,3,100,128,4,32,2,1,64,adamw,0.01,0.0,400,512,0.0,8192,0.019032776355743408,0.997802734375,0.9927911758422852,0.9980213642120361,17.04235076904297,"[8.078643798828125,10.327295303344727]","[7.682236671447754,8.753558158874512]",seeds/cell-014-78502d3225ac/seed-2/checkpoint.pt,seeds/cell-014-78502d3225ac/seed-2/snapshots/step-000100.pt
1,scaling-width-load-adamw-10seeds-v1,bffb1a6d15694071b753472a492474ca54484853136fedff195831ccd64433a0,cell-014-78502d3225ac,14,78502d3225acd41e525d7c92b939edecdf04169108b673c44dcd7dd13339c228,2,4,200,128,4,32,2,1,64,adamw,0.01,0.0,400,512,0.0,8192,0.0010053684236481786,0.9998779296875,0.9983212947845459,1.0077956914901733,16.764402389526367,"[8.2715482711792,11.545466423034668]","[7.7707743644714355,9.398970603942871]",seeds/cell-014-78502d3225ac/seed-2/checkpoint.pt,seeds/cell-014-78502d3225ac/seed-2/snapshots/step-000200.pt
1,scaling-width-load-adamw-10seeds-v1,bffb1a6d15694071b753472a492474ca54484853136fedff195831ccd64433a0,cell-014-78502d3225ac,14,78502d3225acd41e525d7c92b939edecdf04169108b673c44dcd7dd13339c228,2,5,400,128,4,32,2,1,64,adamw,0.01,0.0,400,512,0.0,8192,0.00013071816647425294,1.0,1.0005249977111816,1.010349988937378,16.728727340698242,"[8.37368106842041,11.91909122467041]","[7.775397777557373,9.599808692932129]",seeds/cell-014-78502d3225ac/seed-2/checkpoint.pt,seeds/cell-014-78502d3225ac/seed-2/snapshots/step-000400.pt
1,scaling-width-load-adamw-10seeds-v1,bffb1a6d15694071b753472a492474ca54484853136fedff195831ccd64433a0,cell-014-78502d3225ac,14,78502d3225acd41e525d7c92b939edecdf04169108b673c44dcd7dd13339c228,3,0,0,128,4,32,2,1,64,adamw,0.01,0.0,400,512,0.0,8192,2.2520158290863037,0.4613037109375,-0.1357753425836563,-0.15322813391685486,25.02016830444336,"[5.552560806274414,5.552079200744629]","[5.749306678771973,5.628958225250244]",seeds/cell-014-78502d3225ac/seed-3/checkpoint.pt,seeds/cell-014-78502d3225ac/seed-3/snapshots/step-000000.pt
1,scaling-width-load-adamw-10seeds-v1,bffb1a6d15694071b753472a492474ca54484853136fedff195831ccd64433a0,cell-014-78502d3225ac,14,78502d3225acd41e525d7c92b939edecdf04169108b673c44dcd7dd13339c228,3,1,25,128,4,32,2,1,64,adamw,0.01,0.0,400,512,0.0,8192,0.8793765902519226,0.637451171875,0.15443912148475647,0.09133970737457275,22.639883041381836,"[8.190376281738281,6.985012531280518]","[7.170909881591797,7.148849010467529]",seeds/cell-014-78502d3225ac/seed-3/checkpoint.pt,seeds/cell-014-78502d3225ac/seed-3/snapshots/step-000025.pt
1,scaling-width-load-adamw-10seeds-v1,bffb1a6d15694071b753472a492474ca54484853136fedff195831ccd64433a0,cell-014-78502d3225ac,14,78502d3225acd41e525d7c92b939edecdf04169108b673c44dcd7dd13339c228,3,2,50,128,4,32,2,1,64,adamw,0.01,0.0,400,512,0.0,8192,0.5700780153274536,0.7891845703125,0.4482094347476959,0.4030664265155792,19.932878494262695,"[8.623059272766113,7.696399688720703]","[7.403629302978516,7.808541297912598]",seeds/cell-014-78502d3225ac/seed-3/checkpoint.pt,seeds/cell-014-78502d3225ac/seed-3/snapshots/step-000050.pt
1,scaling-width-load-adamw-10seeds-v1,bffb1a6d15694071b753472a492474ca54484853136fedff195831ccd64433a0,cell-014-78502d3225ac,14,78502d3225acd41e525d7c92b939edecdf04169108b673c44dcd7dd13339c228,3,3,100,128,4,32,2,1,64,adamw,0.01,0.0,400,512,0.0,8192,0.01799630932509899,0.9976806640625,0.9686737656593323,0.9659993648529053,13.31723690032959,"[9.352002143859863,11.250478744506836]","[8.08105182647705,8.545442581176758]",seeds/cell-014-78502d3225ac/seed-3/checkpoint.pt,seeds/cell-014-78502d3225ac/seed-3/snapshots/step-000100.pt
1,scaling-width-load-adamw-10seeds-v1,bffb1a6d15694071b753472a492474ca54484853136fedff195831ccd64433a0,cell-014-78502d3225ac,14,78502d3225acd41e525d7c92b939edecdf04169108b673c44dcd7dd13339c228,3,4,200,128,4,32,2,1,64,adamw,0.01,0.0,400,512,0.0,8192,0.001022479496896267,1.0,1.0002012252807617,0.9920686483383179,12.735349655151367,"[9.453399658203125,12.924270629882812]","[8.221144676208496,8.878808975219727]",seeds/cell-014-78502d3225ac/seed-3/checkpoint.pt,seeds/cell-014-78502d3225ac/seed-3/snapshots/step-000200.pt
1,scaling-width-load-adamw-10seeds-v1,bffb1a6d15694071b753472a492474ca54484853136fedff195831ccd64433a0,cell-014-78502d3225ac,14,78502d3225acd41e525d7c92b939edecdf04169108b673c44dcd7dd13339c228,3,5,400,128,4,32,2,1,64,adamw,0.01,0.0,400,512,0.0,8192,0.00021339335944503546,1.0,1.0004618167877197,0.9945164918899536,12.563695907592773,"[9.52164077758789,13.728574752807617]","[8.257003784179688,8.990971565246582]",seeds/cell-014-78502d3225ac/seed-3/checkpoint.pt,seeds/cell-014-78502d3225ac/seed-3/snapshots/step-000400.pt
1,scaling-width-load-adamw-10seeds-v1,bffb1a6d15694071b753472a492474ca54484853136fedff195831ccd64433a0,cell-014-78502d3225ac,14,78502d3225acd41e525d7c92b939edecdf04169108b673c44dcd7dd13339c228,4,0,0,128,4,32,2,1,64,adamw,0.01,0.0,400,512,0.0,8192,1.2101987600326538,0.578857421875,0.1198607087135315,0.09878389537334442,26.116727828979492,"[5.66450309753418,5.452759265899658]","[5.550241947174072,5.567132472991943]",seeds/cell-014-78502d3225ac/seed-4/checkpoint.pt,seeds/cell-014-78502d3225ac/seed-4/snapshots/step-000000.pt
1,scaling-width-load-adamw-10seeds-v1,bffb1a6d15694071b753472a492474ca54484853136fedff195831ccd64433a0,cell-014-78502d3225ac,14,78502d3225acd41e525d7c92b939edecdf04169108b673c44dcd7dd13339c228,4,1,25,128,4,32,2,1,64,adamw,0.01,0.0,400,512,0.0,8192,0.8560934066772461,0.6480712890625,0.12618035078048706,0.1223018616437912,25.084890365600586,"[6.324448108673096,6.120026588439941]","[7.406057357788086,7.000125408172607]",seeds/cell-014-78502d3225ac/seed-4/checkpoint.pt,seeds/cell-014-78502d3225ac/seed-4/snapshots/step-000025.pt
1,scaling-width-load-adamw-10seeds-v1,bffb1a6d15694071b753472a492474ca54484853136fedff195831ccd64433a0,cell-014-78502d3225ac,14,78502d3225acd41e525d7c92b939edecdf04169108b673c44dcd7dd13339c228,4,2,50,128,4,32,2,1,64,adamw,0.01,0.0,400,512,0.0,8192,0.05681852251291275,0.9951171875,0.9531491994857788,0.9532408714294434,17.873598098754883,"[9.10587215423584,6.344531536102295]","[8.481554985046387,7.0394439697265625]",seeds/cell-014-78502d3225ac/seed-4/checkpoint.pt,seeds/cell-014-78502d3225ac/seed-4/snapshots/step-000050.pt
1,scaling-width-load-adamw-10seeds-v1,bffb1a6d15694071b753472a492474ca54484853136fedff195831ccd64433a0,cell-014-78502d3225ac,14,78502d3225acd41e525d7c92b939edecdf04169108b673c44dcd7dd13339c228,4,3,100,128,4,32,2,1,64,adamw,0.01,0.0,400,512,0.0,8192,0.001311194384470582,1.0,0.9950934052467346,0.9911119937896729,15.826910972595215,"[11.70567798614502,6.578281402587891]","[8.357317924499512,7.068448066711426]",seeds/cell-014-78502d3225ac/seed-4/checkpoint.pt,seeds/cell-014-78502d3225ac/seed-4/snapshots/step-000100.pt
1,scaling-width-load-adamw-10seeds-v1,bffb1a6d15694071b753472a492474ca54484853136fedff195831ccd64433a0,cell-014-78502d3225ac,14,78502d3225acd41e525d7c92b939edecdf04169108b673c44dcd7dd13339c228,4,4,200,128,4,32,2,1,64,adamw,0.01,0.0,400,512,0.0,8192,0.00034859651350416243,1.0,1.0011117458343506,0.9972715377807617,15.697990417480469,"[11.940226554870605,6.597786903381348]","[8.376070976257324,7.036794185638428]",seeds/cell-014-78502d3225ac/seed-4/checkpoint.pt,seeds/cell-014-78502d3225ac/seed-4/snapshots/step-000200.pt
1,scaling-width-load-adamw-10seeds-v1,bffb1a6d15694071b753472a492474ca54484853136fedff195831ccd64433a0,cell-014-78502d3225ac,14,78502d3225acd41e525d7c92b939edecdf04169108b673c44dcd7dd13339c228,4,5,400,128,4,32,2,1,64,adamw,0.01,0.0,400,512,0.0,8192,0.00011778441694332287,1.0,0.9990296959877014,0.9936269521713257,15.593905448913574,"[12.175604820251465,6.616222858428955]","[8.395828247070312,6.988387107849121]",seeds/cell-014-78502d3225ac/seed-4/checkpoint.pt,seeds/cell-014-78502d3225ac/seed-4/snapshots/step-000400.pt
1,scaling-width-load-adamw-10seeds-v1,bffb1a6d15694071b753472a492474ca54484853136fedff195831ccd64433a0,cell-014-78502d3225ac,14,78502d3225acd41e525d7c92b939edecdf04169108b673c44dcd7dd13339c228,5,0,0,128,4,32,2,1,64,adamw,0.01,0.0,400,512,0.0,8192,1.7921786308288574,0.493408203125,-0.007185852155089378,-0.006999838165938854,25.591045379638672,"[6.054281711578369,5.753137588500977]","[5.82051944732666,6.007721900939941]",seeds/cell-014-78502d3225ac/seed-5/checkpoint.pt,seeds/cell-014-78502d3225ac/seed-5/snapshots/step-000000.pt
1,scaling-width-load-adamw-10seeds-v1,bffb1a6d15694071b753472a492474ca54484853136fedff195831ccd64433a0,cell-014-78502d3225ac,14,78502d3225acd41e525d7c92b939edecdf04169108b673c44dcd7dd13339c228,5,1,25,128,4,32,2,1,64,adamw,0.01,0.0,400,512,0.0,8192,0.9673152565956116,0.54833984375,0.05291549116373062,0.05465767905116081,23.874269485473633,"[8.19465446472168,7.064821243286133]","[7.834323406219482,7.317299842834473]",seeds/cell-014-78502d3225ac/seed-5/checkpoint.pt,seeds/cell-014-78502d3225ac/seed-5/snapshots/step-000025.pt
1,scaling-width-load-adamw-10seeds-v1,bffb1a6d15694071b753472a492474ca54484853136fedff195831ccd64433a0,cell-014-78502d3225ac,14,78502d3225acd41e525d7c92b939edecdf04169108b673c44dcd7dd13339c228,5,2,50,128,4,32,2,1,64,adamw,0.01,0.0,400,512,0.0,8192,0.9026609659194946,0.6346435546875,0.11454633623361588,0.1096499115228653,23.223237991333008,"[8.522933959960938,7.284682273864746]","[8.207186698913574,7.517047882080078]",seeds/cell-014-78502d3225ac/seed-5/checkpoint.pt,seeds/cell-014-78502d3225ac/seed-5/snapshots/step-000050.pt
1,scaling-width-load-adamw-10seeds-v1,bffb1a6d15694071b753472a492474ca54484853136fedff195831ccd64433a0,cell-014-78502d3225ac,14,78502d3225acd41e525d7c92b939edecdf04169108b673c44dcd7dd13339c228,5,3,100,128,4,32,2,1,64,adamw,0.01,0.0,400,512,0.0,8192,0.015819009393453598,0.998779296875,1.0171127319335938,1.0231704711914062,15.87430477142334,"[13.261014938354492,7.86067008972168]","[8.566370010375977,7.443750381469727]",seeds/cell-014-78502d3225ac/seed-5/checkpoint.pt,seeds/cell-014-78502d3225ac/seed-5/snapshots/step-000100.pt
1,scaling-width-load-adamw-10seeds-v1,bffb1a6d15694071b753472a492474ca54484853136fedff195831ccd64433a0,cell-014-78502d3225ac,14,78502d3225acd41e525d7c92b939edecdf04169108b673c44dcd7dd13339c228,5,4,200,128,4,32,2,1,64,adamw,0.01,0.0,400,512,0.0,8192,0.0007016735034994781,1.0,1.0008710622787476,1.004683494567871,15.221543312072754,"[14.691755294799805,7.9381842613220215]","[8.535252571105957,7.460432052612305]",seeds/cell-014-78502d3225ac/seed-5/checkpoint.pt,seeds/cell-014-78502d3225ac/seed-5/snapshots/step-000200.pt
1,scaling-width-load-adamw-10seeds-v1,bffb1a6d15694071b753472a492474ca54484853136fedff195831ccd64433a0,cell-014-78502d3225ac,14,78502d3225acd41e525d7c92b939edecdf04169108b673c44dcd7dd13339c228,5,5,400,128,4,32,2,1,64,adamw,0.01,0.0,400,512,0.0,8192,0.0001956901978701353,1.0,0.9983184337615967,1.0035098791122437,15.139028549194336,"[15.19799518585205,7.850076198577881]","[8.530426979064941,7.445187568664551]",seeds/cell-014-78502d3225ac/seed-5/checkpoint.pt,seeds/cell-014-78502d3225ac/seed-5/snapshots/step-000400.pt
1,scaling-width-load-adamw-10seeds-v1,bffb1a6d15694071b753472a492474ca54484853136fedff195831ccd64433a0,cell-014-78502d3225ac,14,78502d3225acd41e525d7c92b939edecdf04169108b673c44dcd7dd13339c228,6,0,0,128,4,32,2,1,64,adamw,0.01,0.0,400,512,0.0,8192,1.5284202098846436,0.459716796875,-0.0657983049750328,-0.03983244299888611,25.32084846496582,"[5.691143035888672,5.879170894622803]","[5.614424228668213,5.41804838180542]",seeds/cell-014-78502d3225ac/seed-6/checkpoint.pt,seeds/cell-014-78502d3225ac/seed-6/snapshots/step-000000.pt
1,scaling-width-load-adamw-10seeds-v1,bffb1a6d15694071b753472a492474ca54484853136fedff195831ccd64433a0,cell-014-78502d3225ac,14,78502d3225acd41e525d7c92b939edecdf04169108b673c44dcd7dd13339c228,6,1,25,128,4,32,2,1,64,adamw,0.01,0.0,400,512,0.0,8192,0.9195083379745483,0.6571044921875,0.051356296986341476,0.05187468230724335,24.30963706970215,"[6.14380407333374,6.931863307952881]","[6.758873462677002,6.593864917755127]",seeds/cell-014-78502d3225ac/seed-6/checkpoint.pt,seeds/cell-014-78502d3225ac/seed-6/snapshots/step-000025.pt
1,scaling-width-load-adamw-10seeds-v1,bffb1a6d15694071b753472a492474ca54484853136fedff195831ccd64433a0,cell-014-78502d3225ac,14,78502d3225acd41e525d7c92b939edecdf04169108b673c44dcd7dd13339c228,6,2,50,128,4,32,2,1,64,adamw,0.01,0.0,400,512,0.0,8192,0.0983949527144432,0.9844970703125,0.9055366516113281,0.902169942855835,18.553709030151367,"[8.692169189453125,7.18063497543335]","[7.869298458099365,6.596256732940674]",seeds/cell-014-78502d3225ac/seed-6/checkpoint.pt,seeds/cell-014-78502d3225ac/seed-6/snapshots/step-000050.pt
1,scaling-width-load-adamw-10seeds-v1,bffb1a6d15694071b753472a492474ca54484853136fedff195831ccd64433a0,cell-014-78502d3225ac,14,78502d3225acd41e525d7c92b939edecdf04169108b673c44dcd7dd13339c228,6,3,100,128,4,32,2,1,64,adamw,0.01,0.0,400,512,0.0,8192,0.0015820066910237074,0.9998779296875,0.9952059984207153,0.9956924915313721,15.955146789550781,"[11.46343994140625,7.42764949798584]","[7.883538246154785,6.619068145751953]",seeds/cell-014-78502d3225ac/seed-6/checkpoint.pt,seeds/cell-014-78502d3225ac/seed-6/snapshots/step-000100.pt
1,scaling-width-load-adamw-10seeds-v1,bffb1a6d15694071b753472a492474ca54484853136fedff195831ccd64433a0,cell-014-78502d3225ac,14,78502d3225acd41e525d7c92b939edecdf04169108b673c44dcd7dd13339c228,6,4,200,128,4,32,2,1,64,adamw,0.01,0.0,400,512,0.0,8192,0.0003816238313447684,1.0,1.0004160404205322,1.0023272037506104,15.856636047363281,"[11.649712562561035,7.437107086181641]","[7.8709588050842285,6.604776382446289]",seeds/cell-014-78502d3225ac/seed-6/checkpoint.pt,seeds/cell-014-78502d3225ac/seed-6/snapshots/step-000200.pt
1,scaling-width-load-adamw-10seeds-v1,bffb1a6d15694071b753472a492474ca54484853136fedff195831ccd64433a0,cell-014-78502d3225ac,14,78502d3225acd41e525d7c92b939edecdf04169108b673c44dcd7dd13339c228,6,5,400,128,4,32,2,1,64,adamw,0.01,0.0,400,512,0.0,8192,0.00015432765940204263,1.0,0.9996981620788574,1.0001778602600098,15.739659309387207,"[11.88077163696289,7.4106245040893555]","[7.862747669219971,6.578105926513672]",seeds/cell-014-78502d3225ac/seed-6/checkpoint.pt,seeds/cell-014-78502d3225ac/seed-6/snapshots/step-000400.pt
1,scaling-width-load-adamw-10seeds-v1,bffb1a6d15694071b753472a492474ca54484853136fedff195831ccd64433a0,cell-014-78502d3225ac,14,78502d3225acd41e525d7c92b939edecdf04169108b673c44dcd7dd13339c228,7,0,0,128,4,32,2,1,64,adamw,0.01,0.0,400,512,0.0,8192,1.1188414096832275,0.5672607421875,0.10866863280534744,0.06629804521799088,25.267410278320312,"[5.747432708740234,6.008376121520996]","[5.709949016571045,5.644005298614502]",seeds/cell-014-78502d3225ac/seed-7/checkpoint.pt,seeds/cell-014-78502d3225ac/seed-7/snapshots/step-000000.pt
1,scaling-width-load-adamw-10seeds-v1,bffb1a6d15694071b753472a492474ca54484853136fedff195831ccd64433a0,cell-014-78502d3225ac,14,78502d3225acd41e525d7c92b939edecdf04169108b673c44dcd7dd13339c228,7,1,25,128,4,32,2,1,64,adamw,0.01,0.0,400,512,0.0,8192,0.417893648147583,0.8609619140625,0.6177964210510254,0.6167375445365906,22.406755447387695,"[6.979992866516113,6.726541519165039]","[7.453060626983643,6.663317680358887]",seeds/cell-014-78502d3225ac/seed-7/checkpoint.pt,seeds/cell-014-78502d3225ac/seed-7/snapshots/step-000025.pt
1,scaling-width-load-adamw-10seeds-v1,bffb1a6d15694071b753472a492474ca54484853136fedff195831ccd64433a0,cell-014-78502d3225ac,14,78502d3225acd41e525d7c92b939edecdf04169108b673c44dcd7dd13339c228,7,2,50,128,4,32,2,1,64,adamw,0.01,0.0,400,512,0.0,8192,0.01262943260371685,0.9986572265625,0.9607511758804321,0.9618972539901733,16.794233322143555,"[10.472726821899414,6.934218406677246]","[7.871279239654541,6.8977861404418945]",seeds/cell-014-78502d3225ac/seed-7/checkpoint.pt,seeds/cell-014-78502d3225ac/seed-7/snapshots/step-000050.pt
1,scaling-width-load-adamw-10seeds-v1,bffb1a6d15694071b753472a492474ca54484853136fedff195831ccd64433a0,cell-014-78502d3225ac,14,78502d3225acd41e525d7c92b939edecdf04169108b673c44dcd7dd13339c228,7,3,100,128,4,32,2,1,64,adamw,0.01,0.0,400,512,0.0,8192,0.0009055755799636245,0.9998779296875,0.998641848564148,1.0002686977386475,16.306272506713867,"[11.190825462341309,6.960354328155518]","[7.972105026245117,6.929813385009766]",seeds/cell-014-78502d3225ac/seed-7/checkpoint.pt,seeds/cell-014-78502d3225ac/seed-7/snapshots/step-000100.pt
1,scaling-width-load-adamw-10seeds-v1,bffb1a6d15694071b753472a492474ca54484853136fedff195831ccd64433a0,cell-014-78502d3225ac,14,78502d3225acd41e525d7c92b939edecdf04169108b673c44dcd7dd13339c228,7,4,200,128,4,32,2,1,64,adamw,0.01,0.0,400,512,0.0,8192,0.00023022061213850975,1.0,1.0019404888153076,1.003110647201538,16.249996185302734,"[11.318596839904785,6.950326919555664]","[8.0164213180542,6.905867576599121]",seeds/cell-014-78502d3225ac/seed-7/checkpoint.pt,seeds/cell-014-78502d3225ac/seed-7/snapshots/step-000200.pt
1,scaling-width-load-adamw-10seeds-v1,bffb1a6d15694071b753472a492474ca54484853136fedff195831ccd64433a0,cell-014-78502d3225ac,14,78502d3225acd41e525d7c92b939edecdf04169108b673c44dcd7dd13339c228,7,5,400,128,4,32,2,1,64,adamw,0.01,0.0,400,512,0.0,8192,7.875397568568587e-05,1.0,1.0007984638214111,1.00335693359375,16.187746047973633,"[11.429930686950684,6.93479585647583]","[8.063960075378418,6.8662238121032715]",seeds/cell-014-78502d3225ac/seed-7/checkpoint.pt,seeds/cell-014-78502d3225ac/seed-7/snapshots/step-000400.pt
1,scaling-width-load-adamw-10seeds-v1,bffb1a6d15694071b753472a492474ca54484853136fedff195831ccd64433a0,cell-014-78502d3225ac,14,78502d3225acd41e525d7c92b939edecdf04169108b673c44dcd7dd13339c228,8,0,0,128,4,32,2,1,64,adamw,0.01,0.0,400,512,0.0,8192,1.2293446063995361,0.5435791015625,0.058790624141693115,0.0753147155046463,25.595869064331055,"[5.141669750213623,5.846282958984375]","[5.602686882019043,5.724808216094971]",seeds/cell-014-78502d3225ac/seed-8/checkpoint.pt,seeds/cell-014-78502d3225ac/seed-8/snapshots/step-000000.pt
1,scaling-width-load-adamw-10seeds-v1,bffb1a6d15694071b753472a492474ca54484853136fedff195831ccd64433a0,cell-014-78502d3225ac,14,78502d3225acd41e525d7c92b939edecdf04169108b673c44dcd7dd13339c228,8,1,25,128,4,32,2,1,64,adamw,0.01,0.0,400,512,0.0,8192,0.8859765529632568,0.6429443359375,0.11313532292842865,0.09507601708173752,24.48285484313965,"[5.668354034423828,7.187307834625244]","[6.822299957275391,7.231194019317627]",seeds/cell-014-78502d3225ac/seed-8/checkpoint.pt,seeds/cell-014-78502d3225ac/seed-8/snapshots/step-000025.pt
1,scaling-width-load-adamw-10seeds-v1,bffb1a6d15694071b753472a492474ca54484853136fedff195831ccd64433a0,cell-014-78502d3225ac,14,78502d3225acd41e525d7c92b939edecdf04169108b673c44dcd7dd13339c228,8,2,50,128,4,32,2,1,64,adamw,0.01,0.0,400,512,0.0,8192,0.12084706127643585,0.973876953125,0.926120400428772,0.9283989071846008,18.378965377807617,"[8.174665451049805,7.392330169677734]","[7.465583801269531,7.291781425476074]",seeds/cell-014-78502d3225ac/seed-8/checkpoint.pt,seeds/cell-014-78502d3225ac/seed-8/snapshots/step-000050.pt
1,scaling-width-load-adamw-10seeds-v1,bffb1a6d15694071b753472a492474ca54484853136fedff195831ccd64433a0,cell-014-78502d3225ac,14,78502d3225acd41e525d7c92b939edecdf04169108b673c44dcd7dd13339c228,8,3,100,128,4,32,2,1,64,adamw,0.01,0.0,400,512,0.0,8192,0.0024198598694056273,0.9998779296875,1.0007067918777466,1.0059086084365845,15.602598190307617,"[11.297917366027832,7.61004114151001]","[7.605222225189209,7.29206657409668]",seeds/cell-014-78502d3225ac/seed-8/checkpoint.pt,seeds/cell-014-78502d3225ac/seed-8/snapshots/step-000100.pt
1,scaling-width-load-adamw-10seeds-v1,bffb1a6d15694071b753472a492474ca54484853136fedff195831ccd64433a0,cell-014-78502d3225ac,14,78502d3225acd41e525d7c92b939edecdf04169108b673c44dcd7dd13339c228,8,4,200,128,4,32,2,1,64,adamw,0.01,0.0,400,512,0.0,8192,0.0004640938132070005,1.0,0.9991862773895264,1.0037755966186523,15.497175216674805,"[11.505838394165039,7.6127495765686035]","[7.595736503601074,7.261369228363037]",seeds/cell-014-78502d3225ac/seed-8/checkpoint.pt,seeds/cell-014-78502d3225ac/seed-8/snapshots/step-000200.pt
1,scaling-width-load-adamw-10seeds-v1,bffb1a6d15694071b753472a492474ca54484853136fedff195831ccd64433a0,cell-014-78502d3225ac,14,78502d3225acd41e525d7c92b939edecdf04169108b673c44dcd7dd13339c228,8,5,400,128,4,32,2,1,64,adamw,0.01,0.0,400,512,0.0,8192,0.00013722165022045374,1.0,0.9989606142044067,1.0029726028442383,15.41694164276123,"[11.678228378295898,7.601066589355469]","[7.607450485229492,7.2229695320129395]",seeds/cell-014-78502d3225ac/seed-8/checkpoint.pt,seeds/cell-014-78502d3225ac/seed-8/snapshots/step-000400.pt
1,scaling-width-load-adamw-10seeds-v1,bffb1a6d15694071b753472a492474ca54484853136fedff195831ccd64433a0,cell-014-78502d3225ac,14,78502d3225acd41e525d7c92b939edecdf04169108b673c44dcd7dd13339c228,9,0,0,128,4,32,2,1,64,adamw,0.01,0.0,400,512,0.0,8192,1.442574143409729,0.5159912109375,0.03778640925884247,0.050377506762742996,24.99070167541504,"[5.509643077850342,5.7888007164001465]","[5.687692165374756,6.00429105758667]",seeds/cell-014-78502d3225ac/seed-9/checkpoint.pt,seeds/cell-014-78502d3225ac/seed-9/snapshots/step-000000.pt
1,scaling-width-load-adamw-10seeds-v1,bffb1a6d15694071b753472a492474ca54484853136fedff195831ccd64433a0,cell-014-78502d3225ac,14,78502d3225acd41e525d7c92b939edecdf04169108b673c44dcd7dd13339c228,9,1,25,128,4,32,2,1,64,adamw,0.01,0.0,400,512,0.0,8192,0.6275135278701782,0.7694091796875,0.32107454538345337,0.31372272968292236,23.321483612060547,"[6.444394588470459,7.034605503082275]","[7.414361476898193,7.771069049835205]",seeds/cell-014-78502d3225ac/seed-9/checkpoint.pt,seeds/cell-014-78502d3225ac/seed-9/snapshots/step-000025.pt
1,scaling-width-load-adamw-10seeds-v1,bffb1a6d15694071b753472a492474ca54484853136fedff195831ccd64433a0,cell-014-78502d3225ac,14,78502d3225acd41e525d7c92b939edecdf04169108b673c44dcd7dd13339c228,9,2,50,128,4,32,2,1,64,adamw,0.01,0.0,400,512,0.0,8192,0.01947518065571785,0.9959716796875,1.0008211135864258,1.0065803527832031,16.825572967529297,"[9.435965538024902,7.739011287689209]","[8.010109901428223,8.04138469696045]",seeds/cell-014-78502d3225ac/seed-9/checkpoint.pt,seeds/cell-014-78502d3225ac/seed-9/snapshots/step-000050.pt
1,scaling-width-load-adamw-10seeds-v1,bffb1a6d15694071b753472a492474ca54484853136fedff195831ccd64433a0,cell-014-78502d3225ac,14,78502d3225acd41e525d7c92b939edecdf04169108b673c44dcd7dd13339c228,9,3,100,128,4,32,2,1,64,adamw,0.01,0.0,400,512,0.0,8192,0.0018161204643547535,0.9998779296875,0.9954044818878174,1.0063470602035522,15.912128448486328,"[10.54229736328125,8.121781349182129]","[8.170366287231445,8.142777442932129]",seeds/cell-014-78502d3225ac/seed-9/checkpoint.pt,seeds/cell-014-78502d3225ac/seed-9/snapshots/step-000100.pt
1,scaling-width-load-adamw-10seeds-v1,bffb1a6d15694071b753472a492474ca54484853136fedff195831ccd64433a0,cell-014-78502d3225ac,14,78502d3225acd41e525d7c92b939edecdf04169108b673c44dcd7dd13339c228,9,4,200,128,4,32,2,1,64,adamw,0.01,0.0,400,512,0.0,8192,0.0004450337146408856,1.0,0.9999822378158569,1.0143804550170898,15.91134262084961,"[10.840746879577637,8.094736099243164]","[8.198745727539062,8.167630195617676]",seeds/cell-014-78502d3225ac/seed-9/checkpoint.pt,seeds/cell-014-78502d3225ac/seed-9/snapshots/step-000200.pt
1,scaling-width-load-adamw-10seeds-v1,bffb1a6d15694071b753472a492474ca54484853136fedff195831ccd64433a0,cell-014-78502d3225ac,14,78502d3225acd41e525d7c92b939edecdf04169108b673c44dcd7dd13339c228,9,5,400,128,4,32,2,1,64,adamw,0.01,0.0,400,512,0.0,8192,0.003964320756494999,0.9989013671875,1.0019687414169312,1.0033764839172363,15.915621757507324,"[12.085938453674316,8.061772346496582]","[8.369546890258789,8.178622245788574]",seeds/cell-014-78502d3225ac/seed-9/checkpoint.pt,seeds/cell-014-78502d3225ac/seed-9/snapshots/step-000400.pt
1,scaling-width-load-adamw-10seeds-v1,bffb1a6d15694071b753472a492474ca54484853136fedff195831ccd64433a0,cell-015-adabc43bb3af,15,adabc43bb3afc5c26e244fb54ddb63a5bb7453f712f43a187dc4ee87ad146a83,0,0,0,128,4,32,2,4,64,adamw,0.01,0.0,400,512,0.0,8192,1.539729118347168,0.499755859375,0.013312390074133873,-0.006989536806941032,25.74311065673828,"[2.673679828643799,2.8276126384735107,2.938143730163574,2.9074172973632812,2.848738670349121,2.3563339710235596,3.1482322216033936,2.793346643447876]","[2.9035909175872803,2.4977707862854004,2.554014205932617,2.931797742843628,2.7465415000915527,3.044255018234253,2.7308764457702637,2.740690231323242]",seeds/cell-015-adabc43bb3af/seed-0/checkpoint.pt,seeds/cell-015-adabc43bb3af/seed-0/snapshots/step-000000.pt
1,scaling-width-load-adamw-10seeds-v1,bffb1a6d15694071b753472a492474ca54484853136fedff195831ccd64433a0,cell-015-adabc43bb3af,15,adabc43bb3afc5c26e244fb54ddb63a5bb7453f712f43a187dc4ee87ad146a83,0,1,25,128,4,32,2,4,64,adamw,0.01,0.0,400,512,0.0,8192,1.0063631534576416,0.5018310546875,0.012791948392987251,0.013004823587834835,23.97748374938965,"[2.853654384613037,3.2463033199310303,3.597609519958496,2.93013596534729,3.176750659942627,2.5416319370269775,3.3988728523254395,3.126601219177246]","[3.5761516094207764,2.86734938621521,3.2616193294525146,3.257819175720215,4.0426764488220215,3.4410600662231445,3.0472075939178467,3.032771348953247]",seeds/cell-015-adabc43bb3af/seed-0/checkpoint.pt,seeds/cell-015-adabc43bb3af/seed-0/snapshots/step-000025.pt
1,scaling-width-load-adamw-10seeds-v1,bffb1a6d15694071b753472a492474ca54484853136fedff195831ccd64433a0,cell-015-adabc43bb3af,15,adabc43bb3afc5c26e244fb54ddb63a5bb7453f712f43a187dc4ee87ad146a83,0,2,50,128,4,32,2,4,64,adamw,0.01,0.0,400,512,0.0,8192,0.8750830292701721,0.6859130859375,0.07372236996889114,0.0726734846830368,23.63234519958496,"[3.0222322940826416,3.3208467960357666,3.779346227645874,2.975475549697876,3.227137565612793,2.5799171924591064,3.4601430892944336,3.1768529415130615]","[3.7027366161346436,3.0435428619384766,3.414421796798706,3.5344107151031494,4.172942161560059,3.4721877574920654,3.116560220718384,3.075183629989624]",seeds/cell-015-adabc43bb3af/seed-0/checkpoint.pt,seeds/cell-015-adabc43bb3af/seed-0/snapshots/step-000050.pt
1,scaling-width-load-adamw-10seeds-v1,bffb1a6d15694071b753472a492474ca54484853136fedff195831ccd64433a0,cell-015-adabc43bb3af,15,adabc43bb3afc5c26e244fb54ddb63a5bb7453f712f43a187dc4ee87ad146a83,0,3,100,128,4,32,2,4,64,adamw,0.01,0.0,400,512,0.0,8192,0.024384014308452606,0.9932861328125,0.9784002304077148,0.9708934426307678,13.676651954650879,"[3.7144973278045654,4.877145767211914,4.052846431732178,7.289344787597656,3.410339593887329,3.31980562210083,3.9734950065612793,3.517392873764038]","[3.574730634689331,3.2265663146972656,3.298590660095215,5.179734706878662,4.0656914710998535,3.4666597843170166,3.103977680206299,3.0628674030303955]",seeds/cell-015-adabc43bb3af/seed-0/checkpoint.pt,seeds/cell-015-adabc43bb3af/seed-0/snapshots/step-000100.pt
1,scaling-width-load-adamw-10seeds-v1,bffb1a6d15694071b753472a492474ca54484853136fedff195831ccd64433a0,cell-015-adabc43bb3af,15,adabc43bb3afc5c26e244fb54ddb63a5bb7453f712f43a187dc4ee87ad146a83,0,4,200,128,4,32,2,4,64,adamw,0.01,0.0,400,512,0.0,8192,0.0018335510976612568,0.999755859375,1.002037763595581,1.0032596588134766,12.569356918334961,"[3.728760242462158,5.01626443862915,4.057340145111084,8.226666450500488,3.422790050506592,4.04630184173584,4.04208517074585,3.5559749603271484]","[3.514119863510132,3.245163679122925,3.252673625946045,5.229760646820068,4.068342208862305,3.5019214153289795,3.0981154441833496,3.0561373233795166]",seeds/cell-015-adabc43bb3af/seed-0/checkpoint.pt,seeds/cell-015-adabc43bb3af/seed-0/snapshots/step-000200.pt
1,scaling-width-load-adamw-10seeds-v1,bffb1a6d15694071b753472a492474ca54484853136fedff195831ccd64433a0,cell-015-adabc43bb3af,15,adabc43bb3afc5c26e244fb54ddb63a5bb7453f712f43a187dc4ee87ad146a83,0,5,400,128,4,32,2,4,64,adamw,0.01,0.0,400,512,0.0,8192,0.00018490542424842715,1.0,0.9996167421340942,0.996579647064209,12.284889221191406,"[3.6905136108398438,4.996209621429443,4.011297225952148,8.359550476074219,3.454651355743408,3.9318342208862305,4.02908182144165,3.5490806102752686]","[3.4856696128845215,3.2227578163146973,3.228865385055542,5.259606838226318,4.0428853034973145,3.5002710819244385,3.0941920280456543,3.0529747009277344]",seeds/cell-015-adabc43bb3af/seed-0/checkpoint.pt,seeds/cell-015-adabc43bb3af/seed-0/snapshots/step-000400.pt
1,scaling-width-load-adamw-10seeds-v1,bffb1a6d15694071b753472a492474ca54484853136fedff195831ccd64433a0,cell-015-adabc43bb3af,15,adabc43bb3afc5c26e244fb54ddb63a5bb7453f712f43a187dc4ee87ad146a83,1,0,0,128,4,32,2,4,64,adamw,0.01,0.0,400,512,0.0,8192,1.1830697059631348,0.587646484375,0.14009597897529602,0.12234070152044296,25.127870559692383,"[2.7435684204101562,2.9835994243621826,2.6696434020996094,3.1605124473571777,2.8672642707824707,2.996163845062256,2.9103760719299316,2.8547775745391846]","[2.7857208251953125,2.6810836791992188,2.8055572509765625,2.9460995197296143,2.6283156871795654,2.6533796787261963,2.5233876705169678,3.1253662109375]",seeds/cell-015-adabc43bb3af/seed-1/checkpoint.pt,seeds/cell-015-adabc43bb3af/seed-1/snapshots/step-000000.pt
1,scaling-width-load-adamw-10seeds-v1,bffb1a6d15694071b753472a492474ca54484853136fedff195831ccd64433a0,cell-015-adabc43bb3af,15,adabc43bb3afc5c26e244fb54ddb63a5bb7453f712f43a187dc4ee87ad146a83,1,1,25,128,4,32,2,4,64,adamw,0.01,0.0,400,512,0.0,8192,0.8272993564605713,0.657958984375,0.12616366147994995,0.09808637201786041,23.61910057067871,"[3.098499059677124,3.5686779022216797,3.150712013244629,3.410418748855591,3.346548318862915,3.250732898712158,3.1959309577941895,3.3113088607788086]","[3.373572587966919,3.142592191696167,2.9049971103668213,3.3590128421783447,2.9412407875061035,2.8738086223602295,3.1288156509399414,3.749825954437256]",seeds/cell-015-adabc43bb3af/seed-1/checkpoint.pt,seeds/cell-015-adabc43bb3af/seed-1/snapshots/step-000025.pt
1,scaling-width-load-adamw-10seeds-v1,bffb1a6d15694071b753472a492474ca54484853136fedff195831ccd64433a0,cell-015-adabc43bb3af,15,adabc43bb3afc5c26e244fb54ddb63a5bb7453f712f43a187dc4ee87ad146a83,1,2,50,128,4,32,2,4,64,adamw,0.01,0.0,400,512,0.0,8192,0.6336482763290405,0.763916015625,0.36671745777130127,0.34055960178375244,22.309913635253906,"[3.5184922218322754,3.775132417678833,3.232548475265503,3.5295679569244385,3.4728341102600098,3.280503034591675,3.18904185295105,3.4530467987060547]","[3.637655735015869,3.2735233306884766,2.9302120208740234,3.490708112716675,2.973198652267456,2.927577257156372,3.2356200218200684,3.9718077182769775]",seeds/cell-015-adabc43bb3af/seed-1/checkpoint.pt,seeds/cell-015-adabc43bb3af/seed-1/snapshots/step-000050.pt
1,scaling-width-load-adamw-10seeds-v1,bffb1a6d15694071b753472a492474ca54484853136fedff195831ccd64433a0,cell-015-adabc43bb3af,15,adabc43bb3afc5c26e244fb54ddb63a5bb7453f712f43a187dc4ee87ad146a83,1,3,100,128,4,32,2,4,64,adamw,0.01,0.0,400,512,0.0,8192,0.02289743535220623,0.994140625,0.9974415302276611,1.0107719898223877,15.136085510253906,"[5.954873085021973,4.5508904457092285,3.298597812652588,5.398673057556152,3.448103666305542,3.46146297454834,3.5176873207092285,5.882494926452637]","[3.9894416332244873,3.2049224376678467,2.8606295585632324,3.563885450363159,3.026468515396118,2.9143080711364746,3.243556261062622,4.111379146575928]",seeds/cell-015-adabc43bb3af/seed-1/checkpoint.pt,seeds/cell-015-adabc43bb3af/seed-1/snapshots/step-000100.pt
1,scaling-width-load-adamw-10seeds-v1,bffb1a6d15694071b753472a492474ca54484853136fedff195831ccd64433a0,cell-015-adabc43bb3af,15,adabc43bb3afc5c26e244fb54ddb63a5bb7453f712f43a187dc4ee87ad146a83,1,4,200,128,4,32,2,4,64,adamw,0.01,0.0,400,512,0.0,8192,0.004982915241271257,0.998779296875,0.9961006045341492,0.9972773790359497,14.238856315612793,"[6.538115978240967,4.706381320953369,3.302969217300415,5.787014007568359,3.454009532928467,3.4671661853790283,3.5658581256866455,5.891636371612549]","[3.9222323894500732,3.1820523738861084,2.797772169113159,3.6501810550689697,2.99434757232666,2.9217987060546875,3.284083366394043,4.22417688369751]",seeds/cell-015-adabc43bb3af/seed-1/checkpoint.pt,seeds/cell-015-adabc43bb3af/seed-1/snapshots/step-000200.pt
1,scaling-width-load-adamw-10seeds-v1,bffb1a6d15694071b753472a492474ca54484853136fedff195831ccd64433a0,cell-015-adabc43bb3af,15,adabc43bb3afc5c26e244fb54ddb63a5bb7453f712f43a187dc4ee87ad146a83,1,5,400,128,4,32,2,4,64,adamw,0.01,0.0,400,512,0.0,8192,0.0011985193705186248,0.999755859375,0.9989152550697327,1.0037589073181152,13.827527046203613,"[6.703490734100342,4.863290309906006,3.307304859161377,6.012455463409424,3.4141347408294678,3.463993787765503,3.60259747505188,5.8289079666137695]","[3.9239981174468994,3.1539978981018066,2.7662365436553955,3.6310083866119385,2.9868767261505127,2.9237096309661865,3.294198989868164,4.280054092407227]",seeds/cell-015-adabc43bb3af/seed-1/checkpoint.pt,seeds/cell-015-adabc43bb3af/seed-1/snapshots/step-000400.pt
1,scaling-width-load-adamw-10seeds-v1,bffb1a6d15694071b753472a492474ca54484853136fedff195831ccd64433a0,cell-015-adabc43bb3af,15,adabc43bb3afc5c26e244fb54ddb63a5bb7453f712f43a187dc4ee87ad146a83,2,0,0,128,4,32,2,4,64,adamw,0.01,0.0,400,512,0.0,8192,2.3918280601501465,0.424072265625,-0.17931362986564636,-0.12392263114452362,25.42630386352539,"[3.075676202774048,2.57460355758667,2.9686286449432373,2.751383066177368,2.936042308807373,3.103494882583618,2.6725809574127197,2.7016263008117676]","[2.665468215942383,2.71112322807312,2.8486266136169434,3.2471041679382324,2.923839569091797,2.529911756515503,3.2888548374176025,3.112987995147705]",seeds/cell-015-adabc43bb3af/seed-2/checkpoint.pt,seeds/cell-015-adabc43bb3af/seed-2/snapshots/step-000000.pt
1,scaling-width-load-adamw-10seeds-v1,bffb1a6d15694071b753472a492474ca54484853136fedff195831ccd64433a0,cell-015-adabc43bb3af,15,adabc43bb3afc5c26e244fb54ddb63a5bb7453f712f43a187dc4ee87ad146a83,2,1,25,128,4,32,2,4,64,adamw,0.01,0.0,400,512,0.0,8192,0.7820820212364197,0.6878662109375,0.19448953866958618,0.15828579664230347,24.408287048339844,"[3.558931350708008,2.6836397647857666,3.2346129417419434,3.1297926902770996,3.380608081817627,3.402850866317749,3.165994882583618,3.0780160427093506]","[2.9659223556518555,2.821531295776367,3.1372692584991455,3.8417136669158936,3.3871185779571533,2.8358516693115234,4.08646297454834,3.446230888366699]",seeds/cell-015-adabc43bb3af/seed-2/checkpoint.pt,seeds/cell-015-adabc43bb3af/seed-2/snapshots/step-000025.pt
1,scaling-width-load-adamw-10seeds-v1,bffb1a6d15694071b753472a492474ca54484853136fedff195831ccd64433a0,cell-015-adabc43bb3af,15,adabc43bb3afc5c26e244fb54ddb63a5bb7453f712f43a187dc4ee87ad146a83,2,2,50,128,4,32,2,4,64,adamw,0.01,0.0,400,512,0.0,8192,0.5335060954093933,0.8150634765625,0.4529384672641754,0.4320434331893921,21.80588722229004,"[3.6923344135284424,3.0491511821746826,3.3263328075408936,3.676719903945923,3.468010187149048,3.513575792312622,3.2249186038970947,3.3000409603118896]","[2.992973566055298,2.887269973754883,3.1457505226135254,3.9960789680480957,3.4424397945404053,2.873927593231201,4.179110050201416,3.504702568054199]",seeds/cell-015-adabc43bb3af/seed-2/checkpoint.pt,seeds/cell-015-adabc43bb3af/seed-2/snapshots/step-000050.pt
1,scaling-width-load-adamw-10seeds-v1,bffb1a6d15694071b753472a492474ca54484853136fedff195831ccd64433a0,cell-015-adabc43bb3af,15,adabc43bb3afc5c26e244fb54ddb63a5bb7453f712f43a187dc4ee87ad146a83,2,3,100,128,4,32,2,4,64,adamw,0.01,0.0,400,512,0.0,8192,0.012703999876976013,0.9964599609375,0.9813064932823181,0.9758042097091675,15.40634822845459,"[3.924586296081543,4.592663288116455,3.8144469261169434,5.844758987426758,3.823824167251587,3.6741526126861572,3.4591009616851807,3.9061930179595947]","[2.8772332668304443,3.027103900909424,3.007974147796631,4.27528190612793,3.449625015258789,2.8612468242645264,4.13725471496582,3.5206170082092285]",seeds/cell-015-adabc43bb3af/seed-2/checkpoint.pt,seeds/cell-015-adabc43bb3af/seed-2/snapshots/step-000100.pt
1,scaling-width-load-adamw-10seeds-v1,bffb1a6d15694071b753472a492474ca54484853136fedff195831ccd64433a0,cell-015-adabc43bb3af,15,adabc43bb3afc5c26e244fb54ddb63a5bb7453f712f43a187dc4ee87ad146a83,2,4,200,128,4,32,2,4,64,adamw,0.01,0.0,400,512,0.0,8192,0.0025979792699217796,0.999267578125,0.9971259236335754,1.0035696029663086,14.797658920288086,"[3.905301332473755,4.8792266845703125,3.916755199432373,6.024282455444336,3.8554329872131348,3.600846767425537,3.4508767127990723,3.9288833141326904]","[2.8560829162597656,3.097172498703003,2.9963595867156982,4.212818145751953,3.4472391605377197,2.861628532409668,4.123940944671631,3.511788845062256]",seeds/cell-015-adabc43bb3af/seed-2/checkpoint.pt,seeds/cell-015-adabc43bb3af/seed-2/snapshots/step-000200.pt
1,scaling-width-load-adamw-10seeds-v1,bffb1a6d15694071b753472a492474ca54484853136fedff195831ccd64433a0,cell-015-adabc43bb3af,15,adabc43bb3afc5c26e244fb54ddb63a5bb7453f712f43a187dc4ee87ad146a83,2,5,400,128,4,32,2,4,64,adamw,0.01,0.0,400,512,0.0,8192,0.002084595849737525,0.9996337890625,1.0027365684509277,1.0111933946609497,14.229806900024414,"[3.8734188079833984,5.317528247833252,4.213696002960205,6.430845737457275,3.8877217769622803,3.579209804534912,3.4183151721954346,3.9366626739501953]","[2.815436601638794,3.1523797512054443,3.0150461196899414,4.191486358642578,3.4440109729766846,2.8467600345611572,4.110757827758789,3.509359121322632]",seeds/cell-015-adabc43bb3af/seed-2/checkpoint.pt,seeds/cell-015-adabc43bb3af/seed-2/snapshots/step-000400.pt
1,scaling-width-load-adamw-10seeds-v1,bffb1a6d15694071b753472a492474ca54484853136fedff195831ccd64433a0,cell-015-adabc43bb3af,15,adabc43bb3afc5c26e244fb54ddb63a5bb7453f712f43a187dc4ee87ad146a83,3,0,0,128,4,32,2,4,64,adamw,0.01,0.0,400,512,0.0,8192,2.038294792175293,0.4664306640625,-0.10953466594219208,-0.13069579005241394,25.02016830444336,"[2.9883503913879395,2.932466506958008,2.7622556686401367,2.558013916015625,2.994415760040283,2.70532488822937,2.7790186405181885,2.537557601928711]","[2.8622589111328125,2.9267189502716064,3.0304393768310547,2.6455273628234863,2.8864920139312744,2.6992595195770264,2.53342866897583,2.88692307472229]",seeds/cell-015-adabc43bb3af/seed-3/checkpoint.pt,seeds/cell-015-adabc43bb3af/seed-3/snapshots/step-000000.pt
1,scaling-width-load-adamw-10seeds-v1,bffb1a6d15694071b753472a492474ca54484853136fedff195831ccd64433a0,cell-015-adabc43bb3af,15,adabc43bb3afc5c26e244fb54ddb63a5bb7453f712f43a187dc4ee87ad146a83,3,1,25,128,4,32,2,4,64,adamw,0.01,0.0,400,512,0.0,8192,0.8543691635131836,0.65283203125,0.13332584500312805,0.10595615208148956,22.701486587524414,"[3.5439486503601074,3.3658690452575684,3.4268743991851807,2.813303232192993,3.304818630218506,3.190868377685547,2.991030216217041,2.703186511993408]","[3.144012451171875,3.401045083999634,3.6152684688568115,3.227616548538208,3.223907947540283,3.342027425765991,2.855760335922241,3.1862635612487793]",seeds/cell-015-adabc43bb3af/seed-3/checkpoint.pt,seeds/cell-015-adabc43bb3af/seed-3/snapshots/step-000025.pt
1,scaling-width-load-adamw-10seeds-v1,bffb1a6d15694071b753472a492474ca54484853136fedff195831ccd64433a0,cell-015-adabc43bb3af,15,adabc43bb3afc5c26e244fb54ddb63a5bb7453f712f43a187dc4ee87ad146a83,3,2,50,128,4,32,2,4,64,adamw,0.01,0.0,400,512,0.0,8192,0.34802234172821045,0.8909912109375,0.7205318808555603,0.7210512161254883,19.790164947509766,"[4.211479187011719,3.429621934890747,3.599851608276367,4.182818412780762,3.3627209663391113,3.374999761581421,3.1964311599731445,2.752696990966797]","[3.200576066970825,3.4423415660858154,3.699748992919922,3.9450066089630127,3.3073158264160156,3.4119417667388916,2.9735665321350098,3.2254934310913086]",seeds/cell-015-adabc43bb3af/seed-3/checkpoint.pt,seeds/cell-015-adabc43bb3af/seed-3/snapshots/step-000050.pt
1,scaling-width-load-adamw-10seeds-v1,bffb1a6d15694071b753472a492474ca54484853136fedff195831ccd64433a0,cell-015-adabc43bb3af,15,adabc43bb3afc5c26e244fb54ddb63a5bb7453f712f43a187dc4ee87ad146a83,3,3,100,128,4,32,2,4,64,adamw,0.01,0.0,400,512,0.0,8192,0.01621142588555813,0.99609375,0.9855577945709229,0.9838647842407227,13.779329299926758,"[4.739199161529541,3.4422495365142822,3.6447839736938477,6.984940528869629,3.45892071723938,3.3908345699310303,4.23419189453125,2.9462454319000244]","[3.1489694118499756,3.4084362983703613,3.7072038650512695,4.533783912658691,3.328803539276123,3.3473567962646484,3.1460931301116943,3.176359176635742]",seeds/cell-015-adabc43bb3af/seed-3/checkpoint.pt,seeds/cell-015-adabc43bb3af/seed-3/snapshots/step-000100.pt
1,scaling-width-load-adamw-10seeds-v1,bffb1a6d15694071b753472a492474ca54484853136fedff195831ccd64433a0,cell-015-adabc43bb3af,15,adabc43bb3afc5c26e244fb54ddb63a5bb7453f712f43a187dc4ee87ad146a83,3,4,200,128,4,32,2,4,64,adamw,0.01,0.0,400,512,0.0,8192,0.0057168458588421345,0.9986572265625,0.994599461555481,0.9976169466972351,12.93826961517334,"[4.8296356201171875,3.4424943923950195,3.659123420715332,7.289207935333252,3.4525132179260254,3.365806818008423,4.270204544067383,2.933228015899658]","[3.094883680343628,3.386171817779541,3.7021923065185547,4.718774795532227,3.329369306564331,3.302438259124756,3.2155134677886963,3.1698358058929443]",seeds/cell-015-adabc43bb3af/seed-3/checkpoint.pt,seeds/cell-015-adabc43bb3af/seed-3/snapshots/step-000200.pt
1,scaling-width-load-adamw-10seeds-v1,bffb1a6d15694071b753472a492474ca54484853136fedff195831ccd64433a0,cell-015-adabc43bb3af,15,adabc43bb3afc5c26e244fb54ddb63a5bb7453f712f43a187dc4ee87ad146a83,3,5,400,128,4,32,2,4,64,adamw,0.01,0.0,400,512,0.0,8192,0.0013928224798291922,0.9996337890625,1.0001938343048096,0.9938213229179382,11.83891773223877,"[4.967365741729736,3.4472262859344482,3.66925048828125,8.107562065124512,3.474226713180542,3.3154280185699463,4.2557854652404785,2.92745304107666]","[3.0490987300872803,3.3484086990356445,3.684110164642334,5.107659816741943,3.3182692527770996,3.2666261196136475,3.251755475997925,3.1684539318084717]",seeds/cell-015-adabc43bb3af/seed-3/checkpoint.pt,seeds/cell-015-adabc43bb3af/seed-3/snapshots/step-000400.pt
1,scaling-width-load-adamw-10seeds-v1,bffb1a6d15694071b753472a492474ca54484853136fedff195831ccd64433a0,cell-015-adabc43bb3af,15,adabc43bb3afc5c26e244fb54ddb63a5bb7453f712f43a187dc4ee87ad146a83,4,0,0,128,4,32,2,4,64,adamw,0.01,0.0,400,512,0.0,8192,1.2070269584655762,0.5914306640625,0.14955571293830872,0.1503317952156067,26.116727828979492,"[2.5928308963775635,2.5279293060302734,2.92926287651062,3.0715255737304688,2.510706901550293,2.711653232574463,2.931201219558716,2.643674373626709]","[2.973642349243164,2.6454873085021973,2.832226037979126,2.6224732398986816,2.503253936767578,2.627094268798828,2.994239091873169,2.6604726314544678]",seeds/cell-015-adabc43bb3af/seed-4/checkpoint.pt,seeds/cell-015-adabc43bb3af/seed-4/snapshots/step-000000.pt
1,scaling-width-load-adamw-10seeds-v1,bffb1a6d15694071b753472a492474ca54484853136fedff195831ccd64433a0,cell-015-adabc43bb3af,15,adabc43bb3afc5c26e244fb54ddb63a5bb7453f712f43a187dc4ee87ad146a83,4,1,25,128,4,32,2,4,64,adamw,0.01,0.0,400,512,0.0,8192,0.7251463532447815,0.7216796875,0.28176188468933105,0.2606033682823181,25.183095932006836,"[2.534639358520508,2.8059353828430176,3.0251011848449707,3.5659492015838623,2.8444876670837402,3.1939196586608887,3.050743579864502,2.7571117877960205]","[3.335637331008911,3.2489895820617676,3.2514524459838867,3.1878764629364014,3.161715269088745,3.1515285968780518,3.3102867603302,2.9113423824310303]",seeds/cell-015-adabc43bb3af/seed-4/checkpoint.pt,seeds/cell-015-adabc43bb3af/seed-4/snapshots/step-000025.pt
1,scaling-width-load-adamw-10seeds-v1,bffb1a6d15694071b753472a492474ca54484853136fedff195831ccd64433a0,cell-015-adabc43bb3af,15,adabc43bb3afc5c26e244fb54ddb63a5bb7453f712f43a187dc4ee87ad146a83,4,2,50,128,4,32,2,4,64,adamw,0.01,0.0,400,512,0.0,8192,0.09475994110107422,0.9854736328125,0.8908301591873169,0.8868205547332764,16.557336807250977,"[3.204550266265869,5.17885684967041,5.0589985847473145,3.5812182426452637,3.0161852836608887,3.4603657722473145,3.2407963275909424,3.1460044384002686]","[3.3087666034698486,4.183948516845703,3.738440990447998,2.9909446239471436,3.1163227558135986,3.194396734237671,3.318166494369507,2.9079461097717285]",seeds/cell-015-adabc43bb3af/seed-4/checkpoint.pt,seeds/cell-015-adabc43bb3af/seed-4/snapshots/step-000050.pt
1,scaling-width-load-adamw-10seeds-v1,bffb1a6d15694071b753472a492474ca54484853136fedff195831ccd64433a0,cell-015-adabc43bb3af,15,adabc43bb3afc5c26e244fb54ddb63a5bb7453f712f43a187dc4ee87ad146a83,4,3,100,128,4,32,2,4,64,adamw,0.01,0.0,400,512,0.0,8192,0.0030380007810890675,0.9996337890625,0.9982103109359741,0.9919185638427734,14.163447380065918,"[3.6743226051330566,6.423795700073242,6.253972053527832,3.629589796066284,3.455754280090332,3.950096607208252,3.2647225856781006,3.9382407665252686]","[3.2611382007598877,4.414597511291504,3.9195363521575928,2.9172141551971436,3.0777084827423096,3.2002131938934326,3.302855968475342,2.877561330795288]",seeds/cell-015-adabc43bb3af/seed-4/checkpoint.pt,seeds/cell-015-adabc43bb3af/seed-4/snapshots/step-000100.pt
1,scaling-width-load-adamw-10seeds-v1,bffb1a6d15694071b753472a492474ca54484853136fedff195831ccd64433a0,cell-015-adabc43bb3af,15,adabc43bb3afc5c26e244fb54ddb63a5bb7453f712f43a187dc4ee87ad146a83,4,4,200,128,4,32,2,4,64,adamw,0.01,0.0,400,512,0.0,8192,0.0011145906755700707,0.9998779296875,0.9986344575881958,0.9967924356460571,13.843573570251465,"[3.6807518005371094,6.452888488769531,6.4221296310424805,3.590547561645508,3.79219126701355,4.113888263702393,3.2695765495300293,4.001956462860107]","[3.2437455654144287,4.421204566955566,4.15654182434082,2.8819773197174072,3.0746827125549316,3.186208486557007,3.2907462120056152,2.883147954940796]",seeds/cell-015-adabc43bb3af/seed-4/checkpoint.pt,seeds/cell-015-adabc43bb3af/seed-4/snapshots/step-000200.pt
1,scaling-width-load-adamw-10seeds-v1,bffb1a6d15694071b753472a492474ca54484853136fedff195831ccd64433a0,cell-015-adabc43bb3af,15,adabc43bb3afc5c26e244fb54ddb63a5bb7453f712f43a187dc4ee87ad146a83,4,5,400,128,4,32,2,4,64,adamw,0.01,0.0,400,512,0.0,8192,0.0008882298716343939,0.999755859375,1.0025885105133057,0.9955123662948608,13.310685157775879,"[3.7091243267059326,6.818503379821777,6.667950630187988,3.539250612258911,3.9437789916992188,4.225985050201416,3.285306930541992,4.102287292480469]","[3.2602508068084717,4.629377841949463,4.298031330108643,2.839958906173706,3.0634377002716064,3.1603667736053467,3.2743165493011475,2.8956973552703857]",seeds/cell-015-adabc43bb3af/seed-4/checkpoint.pt,seeds/cell-015-adabc43bb3af/seed-4/snapshots/step-000400.pt
1,scaling-width-load-adamw-10seeds-v1,bffb1a6d15694071b753472a492474ca54484853136fedff195831ccd64433a0,cell-015-adabc43bb3af,15,adabc43bb3afc5c26e244fb54ddb63a5bb7453f712f43a187dc4ee87ad146a83,5,0,0,128,4,32,2,4,64,adamw,0.01,0.0,400,512,0.0,8192,1.801522970199585,0.520751953125,0.033989131450653076,0.04021367430686951,25.591045379638672,"[2.945727825164795,3.2311580181121826,2.8503217697143555,2.929189682006836,2.9978091716766357,2.8242034912109375,2.9264121055603027,2.9353058338165283]","[2.9529738426208496,3.0157723426818848,2.878382921218872,2.8223297595977783,2.675304889678955,2.8679895401000977,3.1300442218780518,2.9926702976226807]",seeds/cell-015-adabc43bb3af/seed-5/checkpoint.pt,seeds/cell-015-adabc43bb3af/seed-5/snapshots/step-000000.pt
1,scaling-width-load-adamw-10seeds-v1,bffb1a6d15694071b753472a492474ca54484853136fedff195831ccd64433a0,cell-015-adabc43bb3af,15,adabc43bb3afc5c26e244fb54ddb63a5bb7453f712f43a187dc4ee87ad146a83,5,1,25,128,4,32,2,4,64,adamw,0.01,0.0,400,512,0.0,8192,0.9414075613021851,0.5826416015625,0.051452744752168655,0.050831738859415054,23.335235595703125,"[3.2089943885803223,4.0843682289123535,3.339522361755371,3.2602734565734863,3.3398845195770264,3.220869302749634,3.3137991428375244,3.16764497756958]","[3.3892765045166016,3.9400408267974854,3.553499460220337,3.1950786113739014,3.1278176307678223,3.1929144859313965,3.632352352142334,3.396623134613037]",seeds/cell-015-adabc43bb3af/seed-5/checkpoint.pt,seeds/cell-015-adabc43bb3af/seed-5/snapshots/step-000025.pt
1,scaling-width-load-adamw-10seeds-v1,bffb1a6d15694071b753472a492474ca54484853136fedff195831ccd64433a0,cell-015-adabc43bb3af,15,adabc43bb3afc5c26e244fb54ddb63a5bb7453f712f43a187dc4ee87ad146a83,5,2,50,128,4,32,2,4,64,adamw,0.01,0.0,400,512,0.0,8192,0.7404698133468628,0.716064453125,0.32130736112594604,0.3085769712924957,22.446073532104492,"[3.6261062622070312,4.221952438354492,3.4316186904907227,3.564040422439575,3.3892483711242676,3.2776243686676025,3.3786003589630127,3.211760997772217]","[3.8229103088378906,4.0431294441223145,3.6346793174743652,3.506903648376465,3.144052505493164,3.235836982727051,3.7207071781158447,3.438533067703247]",seeds/cell-015-adabc43bb3af/seed-5/checkpoint.pt,seeds/cell-015-adabc43bb3af/seed-5/snapshots/step-000050.pt
1,scaling-width-load-adamw-10seeds-v1,bffb1a6d15694071b753472a492474ca54484853136fedff195831ccd64433a0,cell-015-adabc43bb3af,15,adabc43bb3afc5c26e244fb54ddb63a5bb7453f712f43a187dc4ee87ad146a83,5,3,100,128,4,32,2,4,64,adamw,0.01,0.0,400,512,0.0,8192,0.02194342389702797,0.9986572265625,0.967746376991272,0.9737286567687988,14.441019058227539,"[7.101537227630615,4.4704060554504395,4.046526908874512,6.68685245513916,3.439405679702759,3.5793895721435547,3.8214869499206543,3.4232733249664307]","[4.745850563049316,3.8903615474700928,3.536315441131592,3.9074032306671143,3.1625773906707764,3.190537214279175,3.747753143310547,3.4262049198150635]",seeds/cell-015-adabc43bb3af/seed-5/checkpoint.pt,seeds/cell-015-adabc43bb3af/seed-5/snapshots/step-000100.pt
1,scaling-width-load-adamw-10seeds-v1,bffb1a6d15694071b753472a492474ca54484853136fedff195831ccd64433a0,cell-015-adabc43bb3af,15,adabc43bb3afc5c26e244fb54ddb63a5bb7453f712f43a187dc4ee87ad146a83,5,4,200,128,4,32,2,4,64,adamw,0.01,0.0,400,512,0.0,8192,0.0023009427823126316,0.999755859375,0.9985360503196716,1.005958080291748,14.037332534790039,"[7.549849033355713,4.45655632019043,4.034068584442139,6.907796382904053,3.6764094829559326,3.6965699195861816,4.924591541290283,3.7430644035339355]","[4.943894386291504,3.784423828125,3.4748289585113525,3.8381972312927246,3.1592419147491455,3.1808297634124756,3.816258668899536,3.4273841381073]",seeds/cell-015-adabc43bb3af/seed-5/checkpoint.pt,seeds/cell-015-adabc43bb3af/seed-5/snapshots/step-000200.pt
1,scaling-width-load-adamw-10seeds-v1,bffb1a6d15694071b753472a492474ca54484853136fedff195831ccd64433a0,cell-015-adabc43bb3af,15,adabc43bb3afc5c26e244fb54ddb63a5bb7453f712f43a187dc4ee87ad146a83,5,5,400,128,4,32,2,4,64,adamw,0.01,0.0,400,512,0.0,8192,0.0004885557573288679,1.0,1.0036683082580566,1.0074172019958496,13.818835258483887,"[7.788584232330322,4.428048133850098,3.9875802993774414,7.022392272949219,3.7036843299865723,3.7353298664093018,5.691215991973877,3.893770694732666]","[5.054049491882324,3.7284657955169678,3.440316915512085,3.8088748455047607,3.145981788635254,3.1869702339172363,3.8366684913635254,3.428002119064331]",seeds/cell-015-adabc43bb3af/seed-5/checkpoint.pt,seeds/cell-015-adabc43bb3af/seed-5/snapshots/step-000400.pt
1,scaling-width-load-adamw-10seeds-v1,bffb1a6d15694071b753472a492474ca54484853136fedff195831ccd64433a0,cell-015-adabc43bb3af,15,adabc43bb3afc5c26e244fb54ddb63a5bb7453f712f43a187dc4ee87ad146a83,6,0,0,128,4,32,2,4,64,adamw,0.01,0.0,400,512,0.0,8192,1.6101888418197632,0.4583740234375,-0.0752105712890625,-0.04964836686849594,25.32084846496582,"[2.664498805999756,2.927938938140869,2.8148274421691895,3.022204637527466,2.8757083415985107,3.0186586380004883,2.921065330505371,2.6384549140930176]","[2.7194292545318604,3.01035213470459,2.603949546813965,2.8554282188415527,2.9563000202178955,2.494002103805542,2.614116907119751,2.893113613128662]",seeds/cell-015-adabc43bb3af/seed-6/checkpoint.pt,seeds/cell-015-adabc43bb3af/seed-6/snapshots/step-000000.pt
1,scaling-width-load-adamw-10seeds-v1,bffb1a6d15694071b753472a492474ca54484853136fedff195831ccd64433a0,cell-015-adabc43bb3af,15,adabc43bb3afc5c26e244fb54ddb63a5bb7453f712f43a187dc4ee87ad146a83,6,1,25,128,4,32,2,4,64,adamw,0.01,0.0,400,512,0.0,8192,0.9532766342163086,0.538818359375,0.047163985669612885,0.04769856482744217,23.707061767578125,"[2.870778799057007,3.2798709869384766,3.143307685852051,3.1464338302612305,3.125653028488159,3.1413559913635254,3.2825613021850586,2.829608678817749]","[3.3382375240325928,3.34635591506958,2.99731707572937,3.4033939838409424,3.400432586669922,2.7736685276031494,3.022312879562378,3.3041532039642334]",seeds/cell-015-adabc43bb3af/seed-6/checkpoint.pt,seeds/cell-015-adabc43bb3af/seed-6/snapshots/step-000025.pt
1,scaling-width-load-adamw-10seeds-v1,bffb1a6d15694071b753472a492474ca54484853136fedff195831ccd64433a0,cell-015-adabc43bb3af,15,adabc43bb3afc5c26e244fb54ddb63a5bb7453f712f43a187dc4ee87ad146a83,6,2,50,128,4,32,2,4,64,adamw,0.01,0.0,400,512,0.0,8192,0.5105672478675842,0.8275146484375,0.5722533464431763,0.5657333731651306,21.07670783996582,"[3.4998481273651123,3.572197914123535,3.277057647705078,3.273625373840332,3.170900583267212,3.19614839553833,3.3597261905670166,2.872502088546753]","[3.947301149368286,3.788994550704956,3.126410961151123,3.551762104034424,3.4202609062194824,2.8058509826660156,3.0069806575775146,3.2700841426849365]",seeds/cell-015-adabc43bb3af/seed-6/checkpoint.pt,seeds/cell-015-adabc43bb3af/seed-6/snapshots/step-000050.pt
1,scaling-width-load-adamw-10seeds-v1,bffb1a6d15694071b753472a492474ca54484853136fedff195831ccd64433a0,cell-015-adabc43bb3af,15,adabc43bb3afc5c26e244fb54ddb63a5bb7453f712f43a187dc4ee87ad146a83,6,3,100,128,4,32,2,4,64,adamw,0.01,0.0,400,512,0.0,8192,0.009597839787602425,0.99853515625,0.9977431893348694,0.9952531456947327,13.668160438537598,"[7.026872634887695,5.4704155921936035,4.064867973327637,3.862459421157837,3.26678204536438,3.1813342571258545,3.7172863483428955,2.9113857746124268]","[4.735633850097656,3.5492093563079834,2.9476888179779053,3.4431257247924805,3.430476188659668,2.7918379306793213,3.052243232727051,3.2890889644622803]",seeds/cell-015-adabc43bb3af/seed-6/checkpoint.pt,seeds/cell-015-adabc43bb3af/seed-6/snapshots/step-000100.pt
1,scaling-width-load-adamw-10seeds-v1,bffb1a6d15694071b753472a492474ca54484853136fedff195831ccd64433a0,cell-015-adabc43bb3af,15,adabc43bb3afc5c26e244fb54ddb63a5bb7453f712f43a187dc4ee87ad146a83,6,4,200,128,4,32,2,4,64,adamw,0.01,0.0,400,512,0.0,8192,0.0012209282722324133,0.9998779296875,1.001571536064148,1.00192391872406,13.251168251037598,"[7.444528579711914,5.47529935836792,4.043868541717529,3.797262191772461,3.2507288455963135,3.2051234245300293,3.694329023361206,2.9302055835723877]","[4.896576881408691,3.491152048110962,2.9099411964416504,3.3773086071014404,3.4137256145477295,2.789311647415161,3.0397372245788574,3.2939462661743164]",seeds/cell-015-adabc43bb3af/seed-6/checkpoint.pt,seeds/cell-015-adabc43bb3af/seed-6/snapshots/step-000200.pt
1,scaling-width-load-adamw-10seeds-v1,bffb1a6d15694071b753472a492474ca54484853136fedff195831ccd64433a0,cell-015-adabc43bb3af,15,adabc43bb3afc5c26e244fb54ddb63a5bb7453f712f43a187dc4ee87ad146a83,6,5,400,128,4,32,2,4,64,adamw,0.01,0.0,400,512,0.0,8192,0.00028216466307640076,1.0,0.9992049932479858,0.9998199939727783,13.073210716247559,"[7.698102951049805,5.466385364532471,4.03306245803833,3.7453582286834717,3.2287261486053467,3.2388222217559814,3.6685261726379395,2.9316723346710205]","[5.030012607574463,3.436781406402588,2.8888654708862305,3.3392744064331055,3.404308557510376,2.7837889194488525,3.0178050994873047,3.2831034660339355]",seeds/cell-015-adabc43bb3af/seed-6/checkpoint.pt,seeds/cell-015-adabc43bb3af/seed-6/snapshots/step-000400.pt
1,scaling-width-load-adamw-10seeds-v1,bffb1a6d15694071b753472a492474ca54484853136fedff195831ccd64433a0,cell-015-adabc43bb3af,15,adabc43bb3afc5c26e244fb54ddb63a5bb7453f712f43a187dc4ee87ad146a83,7,0,0,128,4,32,2,4,64,adamw,0.01,0.0,400,512,0.0,8192,1.1855344772338867,0.57861328125,0.13771024346351624,0.09166780859231949,25.267410278320312,"[2.9029860496520996,2.8073315620422363,2.4610235691070557,2.9333555698394775,2.857792615890503,2.6448841094970703,3.088829517364502,3.2017602920532227]","[2.8595938682556152,2.846541404724121,2.80094575881958,2.9245121479034424,2.7904982566833496,2.7567062377929688,2.5625393390655518,3.044430732727051]",seeds/cell-015-adabc43bb3af/seed-7/checkpoint.pt,seeds/cell-015-adabc43bb3af/seed-7/snapshots/step-000000.pt
1,scaling-width-load-adamw-10seeds-v1,bffb1a6d15694071b753472a492474ca54484853136fedff195831ccd64433a0,cell-015-adabc43bb3af,15,adabc43bb3afc5c26e244fb54ddb63a5bb7453f712f43a187dc4ee87ad146a83,7,1,25,128,4,32,2,4,64,adamw,0.01,0.0,400,512,0.0,8192,0.8608932495117188,0.64697265625,0.18531730771064758,0.16395729780197144,24.470361709594727,"[3.330227851867676,2.927963972091675,2.702319860458374,3.1138916015625,3.0459461212158203,2.872899293899536,3.333317518234253,3.3425986766815186]","[3.243152379989624,3.2113590240478516,3.0517706871032715,3.2234933376312256,3.1160950660705566,3.170227289199829,2.9034483432769775,3.4119296073913574]",seeds/cell-015-adabc43bb3af/seed-7/checkpoint.pt,seeds/cell-015-adabc43bb3af/seed-7/snapshots/step-000025.pt
1,scaling-width-load-adamw-10seeds-v1,bffb1a6d15694071b753472a492474ca54484853136fedff195831ccd64433a0,cell-015-adabc43bb3af,15,adabc43bb3afc5c26e244fb54ddb63a5bb7453f712f43a187dc4ee87ad146a83,7,2,50,128,4,32,2,4,64,adamw,0.01,0.0,400,512,0.0,8192,0.2668890953063965,0.920166015625,0.7798071503639221,0.7719628214836121,18.539262771606445,"[3.798713207244873,4.54041051864624,2.9665310382843018,4.159634590148926,3.1400794982910156,3.1924164295196533,3.509674072265625,3.37611985206604]","[3.2753677368164062,3.5674636363983154,3.0867199897766113,3.5068933963775635,3.1506340503692627,3.2003984451293945,2.9240684509277344,3.4425270557403564]",seeds/cell-015-adabc43bb3af/seed-7/checkpoint.pt,seeds/cell-015-adabc43bb3af/seed-7/snapshots/step-000050.pt
1,scaling-width-load-adamw-10seeds-v1,bffb1a6d15694071b753472a492474ca54484853136fedff195831ccd64433a0,cell-015-adabc43bb3af,15,adabc43bb3afc5c26e244fb54ddb63a5bb7453f712f43a187dc4ee87ad146a83,7,3,100,128,4,32,2,4,64,adamw,0.01,0.0,400,512,0.0,8192,0.004097042139619589,0.9991455078125,0.9980159997940063,0.9976990222930908,14.10011100769043,"[4.895743370056152,6.69458532333374,3.4343111515045166,5.550610542297363,3.4484384059906006,4.747180938720703,3.8852617740631104,3.5073633193969727]","[3.250627040863037,3.9648232460021973,2.9361538887023926,3.7071235179901123,3.1433513164520264,3.2257838249206543,2.8896937370300293,3.4456655979156494]",seeds/cell-015-adabc43bb3af/seed-7/checkpoint.pt,seeds/cell-015-adabc43bb3af/seed-7/snapshots/step-000100.pt
1,scaling-width-load-adamw-10seeds-v1,bffb1a6d15694071b753472a492474ca54484853136fedff195831ccd64433a0,cell-015-adabc43bb3af,15,adabc43bb3afc5c26e244fb54ddb63a5bb7453f712f43a187dc4ee87ad146a83,7,4,200,128,4,32,2,4,64,adamw,0.01,0.0,400,512,0.0,8192,0.004078376106917858,0.9991455078125,0.9919528961181641,0.9899195432662964,13.846929550170898,"[4.9329328536987305,6.974347114562988,3.433945894241333,5.757419586181641,3.4537644386291504,4.7936296463012695,3.902672290802002,3.5099236965179443]","[3.2778708934783936,3.913790225982666,2.937824249267578,3.767028331756592,3.141289234161377,3.2538459300994873,2.8853859901428223,3.445714235305786]",seeds/cell-015-adabc43bb3af/seed-7/checkpoint.pt,seeds/cell-015-adabc43bb3af/seed-7/snapshots/step-000200.pt
1,scaling-width-load-adamw-10seeds-v1,bffb1a6d15694071b753472a492474ca54484853136fedff195831ccd64433a0,cell-015-adabc43bb3af,15,adabc43bb3afc5c26e244fb54ddb63a5bb7453f712f43a187dc4ee87ad146a83,7,5,400,128,4,32,2,4,64,adamw,0.01,0.0,400,512,0.0,8192,0.008283065631985664,0.99755859375,0.9870209693908691,0.981831431388855,13.84710693359375,"[5.3828816413879395,7.577925205230713,3.6313178539276123,6.2795610427856445,3.4491899013519287,4.792765140533447,3.911647081375122,3.514688014984131]","[3.3102121353149414,3.9451076984405518,2.924196243286133,3.7653162479400635,3.1373987197875977,3.24458384513855,2.880418539047241,3.448953628540039]",seeds/cell-015-adabc43bb3af/seed-7/checkpoint.pt,seeds/cell-015-adabc43bb3af/seed-7/snapshots/step-000400.pt
1,scaling-width-load-adamw-10seeds-v1,bffb1a6d15694071b753472a492474ca54484853136fedff195831ccd64433a0,cell-015-adabc43bb3af,15,adabc43bb3afc5c26e244fb54ddb63a5bb7453f712f43a187dc4ee87ad146a83,8,0,0,128,4,32,2,4,64,adamw,0.01,0.0,400,512,0.0,8192,1.1272904872894287,0.5533447265625,0.06862747669219971,0.08689913153648376,25.595869064331055,"[2.303609609603882,2.5807945728302,3.097276210784912,2.8229260444641113,3.1615817546844482,2.692124128341675,2.937650680541992,3.028052806854248]","[2.671949863433838,2.867713212966919,2.8120787143707275,2.7099757194519043,2.93682861328125,2.8277149200439453,2.9537854194641113,2.512850046157837]",seeds/cell-015-adabc43bb3af/seed-8/checkpoint.pt,seeds/cell-015-adabc43bb3af/seed-8/snapshots/step-000000.pt
1,scaling-width-load-adamw-10seeds-v1,bffb1a6d15694071b753472a492474ca54484853136fedff195831ccd64433a0,cell-015-adabc43bb3af,15,adabc43bb3afc5c26e244fb54ddb63a5bb7453f712f43a187dc4ee87ad146a83,8,1,25,128,4,32,2,4,64,adamw,0.01,0.0,400,512,0.0,8192,0.7674077749252319,0.6956787109375,0.2362494170665741,0.2047835737466812,24.0295467376709,"[2.6035075187683105,2.796929121017456,3.50312876701355,3.0522267818450928,3.6104929447174072,2.9487407207489014,3.0669641494750977,3.4359254837036133]","[3.0053658485412598,3.3869588375091553,3.23795747756958,3.1532576084136963,3.423065185546875,3.1406424045562744,3.320020914077759,2.934852361679077]",seeds/cell-015-adabc43bb3af/seed-8/checkpoint.pt,seeds/cell-015-adabc43bb3af/seed-8/snapshots/step-000025.pt
1,scaling-width-load-adamw-10seeds-v1,bffb1a6d15694071b753472a492474ca54484853136fedff195831ccd64433a0,cell-015-adabc43bb3af,15,adabc43bb3afc5c26e244fb54ddb63a5bb7453f712f43a187dc4ee87ad146a83,8,2,50,128,4,32,2,4,64,adamw,0.01,0.0,400,512,0.0,8192,0.16912132501602173,0.9581298828125,0.8965350985527039,0.8996106386184692,16.23775291442871,"[4.361330509185791,4.417606353759766,3.5976438522338867,3.6372649669647217,3.7606887817382812,3.0742435455322266,3.22487735748291,3.5489954948425293]","[3.47770094871521,3.7326087951660156,3.2426114082336426,3.1379873752593994,3.428433656692505,3.1467597484588623,3.3160390853881836,2.974928617477417]",seeds/cell-015-adabc43bb3af/seed-8/checkpoint.pt,seeds/cell-015-adabc43bb3af/seed-8/snapshots/step-000050.pt
1,scaling-width-load-adamw-10seeds-v1,bffb1a6d15694071b753472a492474ca54484853136fedff195831ccd64433a0,cell-015-adabc43bb3af,15,adabc43bb3afc5c26e244fb54ddb63a5bb7453f712f43a187dc4ee87ad146a83,8,3,100,128,4,32,2,4,64,adamw,0.01,0.0,400,512,0.0,8192,0.005138215143233538,0.9996337890625,1.0007085800170898,1.0088441371917725,13.566791534423828,"[5.895015239715576,6.091124534606934,3.5858371257781982,4.115663051605225,3.9497623443603516,3.452643871307373,3.4069979190826416,3.796534299850464]","[3.60131573677063,4.036837577819824,3.135374069213867,3.013556480407715,3.423225164413452,3.191049098968506,3.3224544525146484,3.0067617893218994]",seeds/cell-015-adabc43bb3af/seed-8/checkpoint.pt,seeds/cell-015-adabc43bb3af/seed-8/snapshots/step-000100.pt
1,scaling-width-load-adamw-10seeds-v1,bffb1a6d15694071b753472a492474ca54484853136fedff195831ccd64433a0,cell-015-adabc43bb3af,15,adabc43bb3afc5c26e244fb54ddb63a5bb7453f712f43a187dc4ee87ad146a83,8,4,200,128,4,32,2,4,64,adamw,0.01,0.0,400,512,0.0,8192,0.0007584005943499506,1.0,0.9998533725738525,1.010753870010376,13.321154594421387,"[6.132714748382568,6.138259410858154,3.548072576522827,4.09758186340332,3.996102809906006,3.5488805770874023,3.416949987411499,4.031914710998535]","[3.638625383377075,4.031279563903809,3.0929908752441406,2.996382713317871,3.4270031452178955,3.1796915531158447,3.305645704269409,3.0214900970458984]",seeds/cell-015-adabc43bb3af/seed-8/checkpoint.pt,seeds/cell-015-adabc43bb3af/seed-8/snapshots/step-000200.pt
1,scaling-width-load-adamw-10seeds-v1,bffb1a6d15694071b753472a492474ca54484853136fedff195831ccd64433a0,cell-015-adabc43bb3af,15,adabc43bb3afc5c26e244fb54ddb63a5bb7453f712f43a187dc4ee87ad146a83,8,5,400,128,4,32,2,4,64,adamw,0.01,0.0,400,512,0.0,8192,0.004053601995110512,0.9989013671875,0.9952163696289062,1.0076212882995605,12.923744201660156,"[6.718236446380615,6.935168266296387,3.5253801345825195,4.255220413208008,4.056108474731445,3.70192813873291,3.4467880725860596,4.334036827087402]","[3.719862699508667,4.03902530670166,3.0556445121765137,3.0284249782562256,3.420401096343994,3.173135757446289,3.284327983856201,3.060786247253418]",seeds/cell-015-adabc43bb3af/seed-8/checkpoint.pt,seeds/cell-015-adabc43bb3af/seed-8/snapshots/step-000400.pt
1,scaling-width-load-adamw-10seeds-v1,bffb1a6d15694071b753472a492474ca54484853136fedff195831ccd64433a0,cell-015-adabc43bb3af,15,adabc43bb3afc5c26e244fb54ddb63a5bb7453f712f43a187dc4ee87ad146a83,9,0,0,128,4,32,2,4,64,adamw,0.01,0.0,400,512,0.0,8192,1.5701828002929688,0.5020751953125,0.01671372726559639,0.029066257178783417,24.99070167541504,"[2.8964357376098633,2.9204254150390625,2.4851272106170654,2.627790689468384,2.6036720275878906,2.9978060722351074,2.954439163208008,2.960825204849243]","[2.800382137298584,2.7797770500183105,2.7297301292419434,3.086793899536133,3.4418089389801025,3.178248643875122,2.6638264656066895,2.757869005203247]",seeds/cell-015-adabc43bb3af/seed-9/checkpoint.pt,seeds/cell-015-adabc43bb3af/seed-9/snapshots/step-000000.pt
1,scaling-width-load-adamw-10seeds-v1,bffb1a6d15694071b753472a492474ca54484853136fedff195831ccd64433a0,cell-015-adabc43bb3af,15,adabc43bb3afc5c26e244fb54ddb63a5bb7453f712f43a187dc4ee87ad146a83,9,1,25,128,4,32,2,4,64,adamw,0.01,0.0,400,512,0.0,8192,0.7284141778945923,0.7181396484375,0.27005451917648315,0.24472501873970032,23.706735610961914,"[3.238584518432617,3.3165347576141357,2.841697931289673,2.820509195327759,2.9606003761291504,3.3459694385528564,3.273371934890747,3.131314992904663]","[3.3508710861206055,3.2476305961608887,3.150804042816162,3.7428698539733887,3.9582622051239014,3.7444846630096436,3.0785632133483887,3.0697638988494873]",seeds/cell-015-adabc43bb3af/seed-9/checkpoint.pt,seeds/cell-015-adabc43bb3af/seed-9/snapshots/step-000025.pt
1,scaling-width-load-adamw-10seeds-v1,bffb1a6d15694071b753472a492474ca54484853136fedff195831ccd64433a0,cell-015-adabc43bb3af,15,adabc43bb3afc5c26e244fb54ddb63a5bb7453f712f43a187dc4ee87ad146a83,9,2,50,128,4,32,2,4,64,adamw,0.01,0.0,400,512,0.0,8192,0.10169725120067596,0.9749755859375,0.8975260853767395,0.9008921384811401,16.897472381591797,"[5.009469032287598,3.4049246311187744,3.8988287448883057,3.5862932205200195,3.1254897117614746,3.3934478759765625,3.3451192378997803,3.2657241821289062]","[3.9939777851104736,3.2485413551330566,3.2937557697296143,3.6915371417999268,4.017267227172852,3.780668258666992,3.1173126697540283,3.0889081954956055]",seeds/cell-015-adabc43bb3af/seed-9/checkpoint.pt,seeds/cell-015-adabc43bb3af/seed-9/snapshots/step-000050.pt
1,scaling-width-load-adamw-10seeds-v1,bffb1a6d15694071b753472a492474ca54484853136fedff195831ccd64433a0,cell-015-adabc43bb3af,15,adabc43bb3afc5c26e244fb54ddb63a5bb7453f712f43a187dc4ee87ad146a83,9,3,100,128,4,32,2,4,64,adamw,0.01,0.0,400,512,0.0,8192,0.00875546783208847,0.997802734375,0.9812803268432617,0.9892551302909851,14.540202140808105,"[6.327762603759766,3.408860683441162,4.7696685791015625,4.349609375,3.310481548309326,3.4916839599609375,3.425840139389038,3.5688860416412354]","[4.189233303070068,3.189180612564087,3.268207550048828,3.631183624267578,4.013288497924805,3.7615625858306885,3.128326177597046,3.095874071121216]",seeds/cell-015-adabc43bb3af/seed-9/checkpoint.pt,seeds/cell-015-adabc43bb3af/seed-9/snapshots/step-000100.pt
1,scaling-width-load-adamw-10seeds-v1,bffb1a6d15694071b753472a492474ca54484853136fedff195831ccd64433a0,cell-015-adabc43bb3af,15,adabc43bb3afc5c26e244fb54ddb63a5bb7453f712f43a187dc4ee87ad146a83,9,4,200,128,4,32,2,4,64,adamw,0.01,0.0,400,512,0.0,8192,0.0038580740801990032,0.999267578125,0.9975055456161499,1.007117748260498,14.136484146118164,"[6.596953868865967,3.3643343448638916,4.9126410484313965,4.456271648406982,3.329787492752075,3.4965648651123047,3.4316837787628174,3.600348711013794]","[4.140714168548584,3.1506853103637695,3.2952077388763428,3.661068916320801,4.014811038970947,3.7712152004241943,3.1314094066619873,3.0993661880493164]",seeds/cell-015-adabc43bb3af/seed-9/checkpoint.pt,seeds/cell-015-adabc43bb3af/seed-9/snapshots/step-000200.pt
1,scaling-width-load-adamw-10seeds-v1,bffb1a6d15694071b753472a492474ca54484853136fedff195831ccd64433a0,cell-015-adabc43bb3af,15,adabc43bb3afc5c26e244fb54ddb63a5bb7453f712f43a187dc4ee87ad146a83,9,5,400,128,4,32,2,4,64,adamw,0.01,0.0,400,512,0.0,8192,0.0003750087635125965,1.0,1.0007376670837402,1.009385108947754,13.612847328186035,"[7.043771743774414,3.3612706661224365,5.2704973220825195,4.943598747253418,3.3587372303009033,3.5114006996154785,3.467468738555908,3.6642067432403564]","[4.062562465667725,3.110565662384033,3.3957808017730713,3.7537262439727783,4.014431476593018,3.781933069229126,3.13213849067688,3.10085391998291]",seeds/cell-015-adabc43bb3af/seed-9/checkpoint.pt,seeds/cell-015-adabc43bb3af/seed-9/snapshots/step-000400.pt
