study_id,cell_id,cell_index,cell_key,seed,step,configured_steps,d_model,width,num_concepts,load,num_heads,heads,num_layers,memory_size,ffn_width,ffn,learning_rate,layer,head,target_mass,distractor_total_mass,mean_distractor_mass,self_mass,target_over_mean_distractor_log_margin,target_over_self_log_margin,self_over_mean_distractor_log_margin
scaling-tuned-adamw-10seeds-v1,cell-003-3e79f448723e,3,C32-d8-L2-H4-m4-ffnnone,0,0,800,8,8,32,4,4,4,2,4,,False,0.003,0,0,0.1981089860200882,0.5993943214416504,0.1997981071472168,0.202496737241745,-0.21937087178230286,0.09757830202579498,-0.31694918870925903
scaling-tuned-adamw-10seeds-v1,cell-003-3e79f448723e,3,C32-d8-L2-H4-m4-ffnnone,0,0,800,8,8,32,4,4,4,2,4,,False,0.003,0,1,0.21426478028297424,0.6285817623138428,0.20952725410461426,0.15715345740318298,-0.12049722671508789,0.37891554832458496,-0.49941277503967285
scaling-tuned-adamw-10seeds-v1,cell-003-3e79f448723e,3,C32-d8-L2-H4-m4-ffnnone,0,0,800,8,8,32,4,4,4,2,4,,False,0.003,0,2,0.19913896918296814,0.5342589616775513,0.17808634042739868,0.2666020691394806,0.1339247226715088,-0.2519344687461853,0.3858591616153717
scaling-tuned-adamw-10seeds-v1,cell-003-3e79f448723e,3,C32-d8-L2-H4-m4-ffnnone,0,0,800,8,8,32,4,4,4,2,4,,False,0.003,0,3,0.1719115525484085,0.5855101346969604,0.19517004489898682,0.24257832765579224,-0.2929401397705078,-0.35036200284957886,0.057421907782554626
scaling-tuned-adamw-10seeds-v1,cell-003-3e79f448723e,3,C32-d8-L2-H4-m4-ffnnone,0,0,800,8,8,32,4,4,4,2,4,,False,0.003,1,0,0.2016613483428955,0.6029143929481506,0.20097145438194275,0.19542428851127625,-0.014480909332633018,0.04899786412715912,-0.06347876787185669
scaling-tuned-adamw-10seeds-v1,cell-003-3e79f448723e,3,C32-d8-L2-H4-m4-ffnnone,0,0,800,8,8,32,4,4,4,2,4,,False,0.003,1,1,0.1973903626203537,0.5753450393676758,0.1917816698551178,0.2272646129131317,-0.008402809500694275,-0.11014601588249207,0.10174321383237839
scaling-tuned-adamw-10seeds-v1,cell-003-3e79f448723e,3,C32-d8-L2-H4-m4-ffnnone,0,0,800,8,8,32,4,4,4,2,4,,False,0.003,1,2,0.2038281261920929,0.6619778871536255,0.2206593006849289,0.13419398665428162,-0.13651204109191895,0.5669070482254028,-0.7034192085266113
scaling-tuned-adamw-10seeds-v1,cell-003-3e79f448723e,3,C32-d8-L2-H4-m4-ffnnone,0,0,800,8,8,32,4,4,4,2,4,,False,0.003,1,3,0.19655515253543854,0.6069180369377136,0.20230603218078613,0.19652679562568665,-0.04329574108123779,0.017588960006833076,-0.06088469922542572
scaling-tuned-adamw-10seeds-v1,cell-003-3e79f448723e,3,C32-d8-L2-H4-m4-ffnnone,0,800,800,8,8,32,4,4,4,2,4,,False,0.003,0,0,0.5645666718482971,0.19254851341247559,0.0641828402876854,0.24288485944271088,4.306206703186035,1.591005802154541,2.7152011394500732
scaling-tuned-adamw-10seeds-v1,cell-003-3e79f448723e,3,C32-d8-L2-H4-m4-ffnnone,0,800,800,8,8,32,4,4,4,2,4,,False,0.003,0,1,0.4020329415798187,0.32708024978637695,0.10902675986289978,0.2708868086338043,1.8332607746124268,-0.7692631483078003,2.6025238037109375
scaling-tuned-adamw-10seeds-v1,cell-003-3e79f448723e,3,C32-d8-L2-H4-m4-ffnnone,0,800,800,8,8,32,4,4,4,2,4,,False,0.003,0,2,0.4388381242752075,0.22726359963417053,0.07575453817844391,0.33389824628829956,2.6374387741088867,0.2785644829273224,2.3588743209838867
scaling-tuned-adamw-10seeds-v1,cell-003-3e79f448723e,3,C32-d8-L2-H4-m4-ffnnone,0,800,800,8,8,32,4,4,4,2,4,,False,0.003,0,3,0.12215595692396164,0.4532582759857178,0.15108609199523926,0.42458575963974,0.13753531873226166,-1.343557596206665,1.481092929840088
scaling-tuned-adamw-10seeds-v1,cell-003-3e79f448723e,3,C32-d8-L2-H4-m4-ffnnone,0,800,800,8,8,32,4,4,4,2,4,,False,0.003,1,0,0.13810786604881287,0.7269587516784668,0.24231958389282227,0.13493338227272034,-0.9060094356536865,-0.06863097846508026,-0.8373785018920898
scaling-tuned-adamw-10seeds-v1,cell-003-3e79f448723e,3,C32-d8-L2-H4-m4-ffnnone,0,800,800,8,8,32,4,4,4,2,4,,False,0.003,1,1,0.1375080645084381,0.6387659907341003,0.21292200684547424,0.22372595965862274,-0.6071620583534241,-0.2799079716205597,-0.32725411653518677
scaling-tuned-adamw-10seeds-v1,cell-003-3e79f448723e,3,C32-d8-L2-H4-m4-ffnnone,0,800,800,8,8,32,4,4,4,2,4,,False,0.003,1,2,0.3179802894592285,0.2721169590950012,0.09070566296577454,0.4099026918411255,2.18727445602417,-0.35810694098472595,2.5453813076019287
scaling-tuned-adamw-10seeds-v1,cell-003-3e79f448723e,3,C32-d8-L2-H4-m4-ffnnone,0,800,800,8,8,32,4,4,4,2,4,,False,0.003,1,3,0.288199245929718,0.38853612542152405,0.12951204180717468,0.32326462864875793,0.951667308807373,-0.0681411474943161,1.0198085308074951
scaling-tuned-adamw-10seeds-v1,cell-003-3e79f448723e,3,C32-d8-L2-H4-m4-ffnnone,1,0,800,8,8,32,4,4,4,2,4,,False,0.003,0,0,0.20081982016563416,0.6955329179763794,0.23184430599212646,0.10364724695682526,-0.3948357403278351,1.0268844366073608,-1.4217201471328735
scaling-tuned-adamw-10seeds-v1,cell-003-3e79f448723e,3,C32-d8-L2-H4-m4-ffnnone,1,0,800,8,8,32,4,4,4,2,4,,False,0.003,0,1,0.23784692585468292,0.7113524675369263,0.2371174842119217,0.05080064386129379,-0.576614499092102,1.2907482385635376,-1.86736261844635
scaling-tuned-adamw-10seeds-v1,cell-003-3e79f448723e,3,C32-d8-L2-H4-m4-ffnnone,1,0,800,8,8,32,4,4,4,2,4,,False,0.003,0,2,0.18013668060302734,0.550532341003418,0.18351078033447266,0.2693310081958771,-0.04895615577697754,-0.4229409992694855,0.3739848732948303
scaling-tuned-adamw-10seeds-v1,cell-003-3e79f448723e,3,C32-d8-L2-H4-m4-ffnnone,1,0,800,8,8,32,4,4,4,2,4,,False,0.003,0,3,0.2194216549396515,0.6493915319442749,0.2164638489484787,0.1311868131160736,-0.21397458016872406,0.5896599292755127,-0.803634524345398
scaling-tuned-adamw-10seeds-v1,cell-003-3e79f448723e,3,C32-d8-L2-H4-m4-ffnnone,1,0,800,8,8,32,4,4,4,2,4,,False,0.003,1,0,0.19201703369617462,0.5731688737869263,0.1910562962293625,0.23481407761573792,-0.08028200268745422,-0.2515117824077606,0.1712297946214676
scaling-tuned-adamw-10seeds-v1,cell-003-3e79f448723e,3,C32-d8-L2-H4-m4-ffnnone,1,0,800,8,8,32,4,4,4,2,4,,False,0.003,1,1,0.19560585916042328,0.5605435371398926,0.18684786558151245,0.24385058879852295,-0.21853803098201752,-0.44769802689552307,0.22916002571582794
scaling-tuned-adamw-10seeds-v1,cell-003-3e79f448723e,3,C32-d8-L2-H4-m4-ffnnone,1,0,800,8,8,32,4,4,4,2,4,,False,0.003,1,2,0.17946220934391022,0.5755624771118164,0.19185416400432587,0.24497534334659576,-0.2035042643547058,-0.34068843722343445,0.13718414306640625
scaling-tuned-adamw-10seeds-v1,cell-003-3e79f448723e,3,C32-d8-L2-H4-m4-ffnnone,1,0,800,8,8,32,4,4,4,2,4,,False,0.003,1,3,0.22321811318397522,0.7475865483283997,0.24919551610946655,0.02919534221291542,-0.9760748147964478,2.1973378658294678,-3.173412561416626
scaling-tuned-adamw-10seeds-v1,cell-003-3e79f448723e,3,C32-d8-L2-H4-m4-ffnnone,1,800,800,8,8,32,4,4,4,2,4,,False,0.003,0,0,0.25714319944381714,0.5625225305557251,0.1875075250864029,0.18033422529697418,0.10277122259140015,0.1475171148777008,-0.04474589228630066
scaling-tuned-adamw-10seeds-v1,cell-003-3e79f448723e,3,C32-d8-L2-H4-m4-ffnnone,1,800,800,8,8,32,4,4,4,2,4,,False,0.003,0,1,0.27550047636032104,0.544624388217926,0.18154147267341614,0.17987513542175293,0.29813894629478455,0.4206066429615021,-0.12246767431497574
scaling-tuned-adamw-10seeds-v1,cell-003-3e79f448723e,3,C32-d8-L2-H4-m4-ffnnone,1,800,800,8,8,32,4,4,4,2,4,,False,0.003,0,2,0.2659900486469269,0.5212692618370056,0.1737564206123352,0.2127407193183899,0.336899995803833,0.12144026905298233,0.21545973420143127
scaling-tuned-adamw-10seeds-v1,cell-003-3e79f448723e,3,C32-d8-L2-H4-m4-ffnnone,1,800,800,8,8,32,4,4,4,2,4,,False,0.003,0,3,0.2838060259819031,0.4602111577987671,0.15340371429920197,0.2559828460216522,0.5195962190628052,0.044921573251485825,0.4746745824813843
scaling-tuned-adamw-10seeds-v1,cell-003-3e79f448723e,3,C32-d8-L2-H4-m4-ffnnone,1,800,800,8,8,32,4,4,4,2,4,,False,0.003,1,0,0.30454397201538086,0.4434005916118622,0.14780020713806152,0.25205540657043457,0.22567570209503174,-0.6343486309051514,0.8600243330001831
scaling-tuned-adamw-10seeds-v1,cell-003-3e79f448723e,3,C32-d8-L2-H4-m4-ffnnone,1,800,800,8,8,32,4,4,4,2,4,,False,0.003,1,1,0.3641890287399292,0.21602192521095276,0.07200731337070465,0.41978901624679565,2.46950364112854,-3.564237594604492,6.033740997314453
scaling-tuned-adamw-10seeds-v1,cell-003-3e79f448723e,3,C32-d8-L2-H4-m4-ffnnone,1,800,800,8,8,32,4,4,4,2,4,,False,0.003,1,2,0.4321032762527466,0.15968821942806244,0.05322940647602081,0.4082084894180298,3.430490493774414,0.039591167122125626,3.390899181365967
scaling-tuned-adamw-10seeds-v1,cell-003-3e79f448723e,3,C32-d8-L2-H4-m4-ffnnone,1,800,800,8,8,32,4,4,4,2,4,,False,0.003,1,3,0.43195125460624695,0.22788295149803162,0.07596099376678467,0.34016579389572144,2.684173345565796,0.2491137683391571,2.4350595474243164
scaling-tuned-adamw-10seeds-v1,cell-003-3e79f448723e,3,C32-d8-L2-H4-m4-ffnnone,2,0,800,8,8,32,4,4,4,2,4,,False,0.003,0,0,0.1305934190750122,0.4597196578979492,0.1532398909330368,0.4096869230270386,-0.45165395736694336,-1.3869006633758545,0.9352467656135559
scaling-tuned-adamw-10seeds-v1,cell-003-3e79f448723e,3,C32-d8-L2-H4-m4-ffnnone,2,0,800,8,8,32,4,4,4,2,4,,False,0.003,0,1,0.17699390649795532,0.4898357391357422,0.16327857971191406,0.3331703841686249,0.012088019400835037,-0.6811809539794922,0.6932690143585205
scaling-tuned-adamw-10seeds-v1,cell-003-3e79f448723e,3,C32-d8-L2-H4-m4-ffnnone,2,0,800,8,8,32,4,4,4,2,4,,False,0.003,0,2,0.05011355131864548,0.20210662484169006,0.06736887246370316,0.7477798461914062,-0.710502564907074,-3.56626296043396,2.8557605743408203
scaling-tuned-adamw-10seeds-v1,cell-003-3e79f448723e,3,C32-d8-L2-H4-m4-ffnnone,2,0,800,8,8,32,4,4,4,2,4,,False,0.003,0,3,0.22474348545074463,0.7264542579650879,0.2421514093875885,0.04880227893590927,-0.6449463367462158,1.4178614616394043,-2.06280779838562
scaling-tuned-adamw-10seeds-v1,cell-003-3e79f448723e,3,C32-d8-L2-H4-m4-ffnnone,2,0,800,8,8,32,4,4,4,2,4,,False,0.003,1,0,0.20465803146362305,0.5825209617614746,0.1941736489534378,0.21282103657722473,-0.018226444721221924,-0.08245698362588882,0.0642305389046669
scaling-tuned-adamw-10seeds-v1,cell-003-3e79f448723e,3,C32-d8-L2-H4-m4-ffnnone,2,0,800,8,8,32,4,4,4,2,4,,False,0.003,1,1,0.20821616053581238,0.663177490234375,0.2210591733455658,0.12860633432865143,-0.4191875457763672,0.3371482789516449,-0.7563358545303345
scaling-tuned-adamw-10seeds-v1,cell-003-3e79f448723e,3,C32-d8-L2-H4-m4-ffnnone,2,0,800,8,8,32,4,4,4,2,4,,False,0.003,1,2,0.2010050117969513,0.6039415597915649,0.20131388306617737,0.1950533539056778,-0.2407640665769577,-0.1078151986002922,-0.1329488903284073
scaling-tuned-adamw-10seeds-v1,cell-003-3e79f448723e,3,C32-d8-L2-H4-m4-ffnnone,2,0,800,8,8,32,4,4,4,2,4,,False,0.003,1,3,0.20190396904945374,0.6197534799575806,0.20658451318740845,0.1783425360918045,-0.05410883575677872,0.15234197676181793,-0.20645079016685486
scaling-tuned-adamw-10seeds-v1,cell-003-3e79f448723e,3,C32-d8-L2-H4-m4-ffnnone,2,800,800,8,8,32,4,4,4,2,4,,False,0.003,0,0,0.32819104194641113,0.3784863352775574,0.1261621117591858,0.2933225929737091,0.750469446182251,0.061526909470558167,0.6889424920082092
scaling-tuned-adamw-10seeds-v1,cell-003-3e79f448723e,3,C32-d8-L2-H4-m4-ffnnone,2,800,800,8,8,32,4,4,4,2,4,,False,0.003,0,1,0.13505113124847412,0.30098700523376465,0.10032901167869568,0.5639618039131165,0.527732253074646,-1.8003299236297607,2.328062057495117
scaling-tuned-adamw-10seeds-v1,cell-003-3e79f448723e,3,C32-d8-L2-H4-m4-ffnnone,2,800,800,8,8,32,4,4,4,2,4,,False,0.003,0,2,0.0031482873018831015,0.024796683341264725,0.008265562355518341,0.9720550775527954,0.11064116656780243,-9.674555778503418,9.785198211669922
scaling-tuned-adamw-10seeds-v1,cell-003-3e79f448723e,3,C32-d8-L2-H4-m4-ffnnone,2,800,800,8,8,32,4,4,4,2,4,,False,0.003,0,3,0.3346693217754364,0.3329504430294037,0.1109834760427475,0.3323802351951599,1.238717794418335,0.2914403975009918,0.9472773671150208
scaling-tuned-adamw-10seeds-v1,cell-003-3e79f448723e,3,C32-d8-L2-H4-m4-ffnnone,2,800,800,8,8,32,4,4,4,2,4,,False,0.003,1,0,0.35927915573120117,0.1266791969537735,0.0422264039516449,0.5140416622161865,3.3669848442077637,-0.6390127539634705,4.005997657775879
scaling-tuned-adamw-10seeds-v1,cell-003-3e79f448723e,3,C32-d8-L2-H4-m4-ffnnone,2,800,800,8,8,32,4,4,4,2,4,,False,0.003,1,1,0.21431827545166016,0.5337210893630981,0.1779070347547531,0.2519606351852417,0.17153947055339813,-0.06617258489131927,0.2377120554447174
scaling-tuned-adamw-10seeds-v1,cell-003-3e79f448723e,3,C32-d8-L2-H4-m4-ffnnone,2,800,800,8,8,32,4,4,4,2,4,,False,0.003,1,2,0.32712140679359436,0.49605947732925415,0.1653531789779663,0.1768191009759903,-0.175286203622818,0.23227035999298096,-0.40755653381347656
scaling-tuned-adamw-10seeds-v1,cell-003-3e79f448723e,3,C32-d8-L2-H4-m4-ffnnone,2,800,800,8,8,32,4,4,4,2,4,,False,0.003,1,3,0.5129804015159607,0.2844541072845459,0.09481804817914963,0.2025654911994934,2.27091908454895,1.1789799928665161,1.0919389724731445
scaling-tuned-adamw-10seeds-v1,cell-003-3e79f448723e,3,C32-d8-L2-H4-m4-ffnnone,3,0,800,8,8,32,4,4,4,2,4,,False,0.003,0,0,0.19075538218021393,0.6427379250526428,0.2142459750175476,0.16650670766830444,-0.1822419911623001,0.13740968704223633,-0.31965166330337524
scaling-tuned-adamw-10seeds-v1,cell-003-3e79f448723e,3,C32-d8-L2-H4-m4-ffnnone,3,0,800,8,8,32,4,4,4,2,4,,False,0.003,0,1,0.2195761352777481,0.6965016722679138,0.23216722905635834,0.08392219245433807,-0.2610471844673157,1.2541680335998535,-1.5152151584625244
scaling-tuned-adamw-10seeds-v1,cell-003-3e79f448723e,3,C32-d8-L2-H4-m4-ffnnone,3,0,800,8,8,32,4,4,4,2,4,,False,0.003,0,2,0.19870500266551971,0.591050386428833,0.19701680541038513,0.21024462580680847,-0.07619093358516693,-0.010105552151799202,-0.06608539074659348
scaling-tuned-adamw-10seeds-v1,cell-003-3e79f448723e,3,C32-d8-L2-H4-m4-ffnnone,3,0,800,8,8,32,4,4,4,2,4,,False,0.003,0,3,0.20028193295001984,0.6939568519592285,0.23131896555423737,0.10576116293668747,-0.2967592775821686,0.5596437454223633,-0.8564029932022095
scaling-tuned-adamw-10seeds-v1,cell-003-3e79f448723e,3,C32-d8-L2-H4-m4-ffnnone,3,0,800,8,8,32,4,4,4,2,4,,False,0.003,1,0,0.1959562599658966,0.5988779067993164,0.19962596893310547,0.20516586303710938,-0.048634424805641174,-0.057140350341796875,0.008505923673510551
scaling-tuned-adamw-10seeds-v1,cell-003-3e79f448723e,3,C32-d8-L2-H4-m4-ffnnone,3,0,800,8,8,32,4,4,4,2,4,,False,0.003,1,1,0.1856434941291809,0.5825665593147278,0.19418886303901672,0.2317899465560913,-0.06768276542425156,-0.05450689420104027,-0.013175878673791885
scaling-tuned-adamw-10seeds-v1,cell-003-3e79f448723e,3,C32-d8-L2-H4-m4-ffnnone,3,0,800,8,8,32,4,4,4,2,4,,False,0.003,1,2,0.20165351033210754,0.6051512956619263,0.2017170786857605,0.19319525361061096,-0.07488808035850525,0.19502928853034973,-0.269917368888855
scaling-tuned-adamw-10seeds-v1,cell-003-3e79f448723e,3,C32-d8-L2-H4-m4-ffnnone,3,0,800,8,8,32,4,4,4,2,4,,False,0.003,1,3,0.20186856389045715,0.6451541185379028,0.21505136787891388,0.1529773473739624,-0.26197919249534607,0.5509644746780396,-0.8129436373710632
scaling-tuned-adamw-10seeds-v1,cell-003-3e79f448723e,3,C32-d8-L2-H4-m4-ffnnone,3,800,800,8,8,32,4,4,4,2,4,,False,0.003,0,0,0.24120213091373444,0.5600036382675171,0.18666787445545197,0.19879424571990967,-0.1269415020942688,-0.12394071370363235,-0.003000795841217041
scaling-tuned-adamw-10seeds-v1,cell-003-3e79f448723e,3,C32-d8-L2-H4-m4-ffnnone,3,800,800,8,8,32,4,4,4,2,4,,False,0.003,0,1,0.4070736765861511,0.21697118878364563,0.072323739528656,0.37595510482788086,2.707038402557373,0.20455823838710785,2.5024800300598145
scaling-tuned-adamw-10seeds-v1,cell-003-3e79f448723e,3,C32-d8-L2-H4-m4-ffnnone,3,800,800,8,8,32,4,4,4,2,4,,False,0.003,0,2,0.3806036710739136,0.3081042170524597,0.10270140320062637,0.3112921118736267,1.4269883632659912,-0.35624855756759644,1.7832369804382324
scaling-tuned-adamw-10seeds-v1,cell-003-3e79f448723e,3,C32-d8-L2-H4-m4-ffnnone,3,800,800,8,8,32,4,4,4,2,4,,False,0.003,0,3,0.34510254859924316,0.5046988725662231,0.16823294758796692,0.15019862353801727,0.5942514538764954,0.9627470970153809,-0.3684956133365631
scaling-tuned-adamw-10seeds-v1,cell-003-3e79f448723e,3,C32-d8-L2-H4-m4-ffnnone,3,800,800,8,8,32,4,4,4,2,4,,False,0.003,1,0,0.38359224796295166,0.21749573945999146,0.07249858230352402,0.3989120125770569,2.9143714904785156,0.18202874064445496,2.7323427200317383
scaling-tuned-adamw-10seeds-v1,cell-003-3e79f448723e,3,C32-d8-L2-H4-m4-ffnnone,3,800,800,8,8,32,4,4,4,2,4,,False,0.003,1,1,0.24810834228992462,0.4843084216117859,0.16143614053726196,0.2675832509994507,0.4938463568687439,0.05461210012435913,0.43923428654670715
scaling-tuned-adamw-10seeds-v1,cell-003-3e79f448723e,3,C32-d8-L2-H4-m4-ffnnone,3,800,800,8,8,32,4,4,4,2,4,,False,0.003,1,2,0.366294264793396,0.2825683355331421,0.09418945014476776,0.3511373996734619,1.9832524061203003,0.21905453503131866,1.764197826385498
scaling-tuned-adamw-10seeds-v1,cell-003-3e79f448723e,3,C32-d8-L2-H4-m4-ffnnone,3,800,800,8,8,32,4,4,4,2,4,,False,0.003,1,3,0.1430387794971466,0.31891870498657227,0.10630623996257782,0.5380425453186035,0.046964772045612335,-2.1600852012634277,2.20704984664917
scaling-tuned-adamw-10seeds-v1,cell-003-3e79f448723e,3,C32-d8-L2-H4-m4-ffnnone,4,0,800,8,8,32,4,4,4,2,4,,False,0.003,0,0,0.19755351543426514,0.6460887789726257,0.21536293625831604,0.15635767579078674,-0.43332797288894653,0.3615713119506836,-0.7948992848396301
scaling-tuned-adamw-10seeds-v1,cell-003-3e79f448723e,3,C32-d8-L2-H4-m4-ffnnone,4,0,800,8,8,32,4,4,4,2,4,,False,0.003,0,1,0.1702842116355896,0.5669608116149902,0.18898692727088928,0.26275503635406494,-0.30469757318496704,-0.5973522663116455,0.2926546335220337
scaling-tuned-adamw-10seeds-v1,cell-003-3e79f448723e,3,C32-d8-L2-H4-m4-ffnnone,4,0,800,8,8,32,4,4,4,2,4,,False,0.003,0,2,0.19431324303150177,0.6403392553329468,0.21344643831253052,0.16534748673439026,-0.16741882264614105,0.12570878863334656,-0.2931276559829712
scaling-tuned-adamw-10seeds-v1,cell-003-3e79f448723e,3,C32-d8-L2-H4-m4-ffnnone,4,0,800,8,8,32,4,4,4,2,4,,False,0.003,0,3,0.17581143975257874,0.672165036201477,0.22405502200126648,0.1520235240459442,-0.5910613536834717,-0.06475621461868286,-0.5263051390647888
scaling-tuned-adamw-10seeds-v1,cell-003-3e79f448723e,3,C32-d8-L2-H4-m4-ffnnone,4,0,800,8,8,32,4,4,4,2,4,,False,0.003,1,0,0.1984483301639557,0.5884271860122681,0.19614240527153015,0.21312448382377625,-0.009848196059465408,-0.08577098697423935,0.07592278718948364
scaling-tuned-adamw-10seeds-v1,cell-003-3e79f448723e,3,C32-d8-L2-H4-m4-ffnnone,4,0,800,8,8,32,4,4,4,2,4,,False,0.003,1,1,0.19931140542030334,0.5748772621154785,0.19162574410438538,0.22581136226654053,-0.002912708558142185,-0.15442077815532684,0.15150806307792664
scaling-tuned-adamw-10seeds-v1,cell-003-3e79f448723e,3,C32-d8-L2-H4-m4-ffnnone,4,0,800,8,8,32,4,4,4,2,4,,False,0.003,1,2,0.20581912994384766,0.6207360625267029,0.20691202580928802,0.17344479262828827,-0.07302379608154297,0.13774892687797546,-0.21077272295951843
scaling-tuned-adamw-10seeds-v1,cell-003-3e79f448723e,3,C32-d8-L2-H4-m4-ffnnone,4,0,800,8,8,32,4,4,4,2,4,,False,0.003,1,3,0.1831873506307602,0.6492663621902466,0.21642214059829712,0.16754625737667084,-0.4387356638908386,-0.04271278530359268,-0.39602285623550415
scaling-tuned-adamw-10seeds-v1,cell-003-3e79f448723e,3,C32-d8-L2-H4-m4-ffnnone,4,800,800,8,8,32,4,4,4,2,4,,False,0.003,0,0,0.3429667353630066,0.45170503854751587,0.15056833624839783,0.20532824099063873,0.6374462842941284,0.5037611722946167,0.1336851418018341
scaling-tuned-adamw-10seeds-v1,cell-003-3e79f448723e,3,C32-d8-L2-H4-m4-ffnnone,4,800,800,8,8,32,4,4,4,2,4,,False,0.003,0,1,0.2864345610141754,0.3963826894760132,0.132127583026886,0.317182719707489,-0.557182788848877,-2.371405839920044,1.814223051071167
scaling-tuned-adamw-10seeds-v1,cell-003-3e79f448723e,3,C32-d8-L2-H4-m4-ffnnone,4,800,800,8,8,32,4,4,4,2,4,,False,0.003,0,2,0.5415427684783936,0.18788449466228485,0.06262816488742828,0.2705727815628052,3.732313632965088,0.7243387699127197,3.007974624633789
scaling-tuned-adamw-10seeds-v1,cell-003-3e79f448723e,3,C32-d8-L2-H4-m4-ffnnone,4,800,800,8,8,32,4,4,4,2,4,,False,0.003,0,3,0.3289443254470825,0.4858887195587158,0.16196291148662567,0.18516695499420166,0.33683905005455017,0.23467491567134857,0.1021641194820404
scaling-tuned-adamw-10seeds-v1,cell-003-3e79f448723e,3,C32-d8-L2-H4-m4-ffnnone,4,800,800,8,8,32,4,4,4,2,4,,False,0.003,1,0,0.2174094021320343,0.5420503616333008,0.18068347871303558,0.24054017663002014,0.17301568388938904,-0.019686082378029823,0.19270175695419312
scaling-tuned-adamw-10seeds-v1,cell-003-3e79f448723e,3,C32-d8-L2-H4-m4-ffnnone,4,800,800,8,8,32,4,4,4,2,4,,False,0.003,1,1,0.34473931789398193,0.28836268186569214,0.09612089395523071,0.3668980002403259,1.6709400415420532,-0.0039911046624183655,1.6749311685562134
scaling-tuned-adamw-10seeds-v1,cell-003-3e79f448723e,3,C32-d8-L2-H4-m4-ffnnone,4,800,800,8,8,32,4,4,4,2,4,,False,0.003,1,2,0.5179494619369507,0.35905763506889343,0.11968588829040527,0.12299295514822006,2.450892925262451,1.992425799369812,0.45846742391586304
scaling-tuned-adamw-10seeds-v1,cell-003-3e79f448723e,3,C32-d8-L2-H4-m4-ffnnone,4,800,800,8,8,32,4,4,4,2,4,,False,0.003,1,3,0.19279347360134125,0.4863894581794739,0.16212981939315796,0.32081708312034607,-0.272940456867218,-0.7288395166397095,0.45589911937713623
scaling-tuned-adamw-10seeds-v1,cell-003-3e79f448723e,3,C32-d8-L2-H4-m4-ffnnone,5,0,800,8,8,32,4,4,4,2,4,,False,0.003,0,0,0.17752543091773987,0.6408027410507202,0.21360091865062714,0.1816718578338623,-0.42987948656082153,0.010795477777719498,-0.44067493081092834
scaling-tuned-adamw-10seeds-v1,cell-003-3e79f448723e,3,C32-d8-L2-H4-m4-ffnnone,5,0,800,8,8,32,4,4,4,2,4,,False,0.003,0,1,0.21175745129585266,0.610501766204834,0.20350058376789093,0.17774084210395813,-0.1297122836112976,0.3359422981739044,-0.46565455198287964
scaling-tuned-adamw-10seeds-v1,cell-003-3e79f448723e,3,C32-d8-L2-H4-m4-ffnnone,5,0,800,8,8,32,4,4,4,2,4,,False,0.003,0,2,0.22318163514137268,0.5583668947219849,0.18612229824066162,0.21845148503780365,0.023294726386666298,-0.04528873786330223,0.06858345121145248
scaling-tuned-adamw-10seeds-v1,cell-003-3e79f448723e,3,C32-d8-L2-H4-m4-ffnnone,5,0,800,8,8,32,4,4,4,2,4,,False,0.003,0,3,0.19529497623443604,0.6258541345596313,0.20861804485321045,0.1788509488105774,-0.09628836065530777,0.09885933250188828,-0.19514770805835724
scaling-tuned-adamw-10seeds-v1,cell-003-3e79f448723e,3,C32-d8-L2-H4-m4-ffnnone,5,0,800,8,8,32,4,4,4,2,4,,False,0.003,1,0,0.19795072078704834,0.7053955793380737,0.2351318597793579,0.09665369987487793,-0.3823350965976715,0.8839127421379089,-1.2662477493286133
scaling-tuned-adamw-10seeds-v1,cell-003-3e79f448723e,3,C32-d8-L2-H4-m4-ffnnone,5,0,800,8,8,32,4,4,4,2,4,,False,0.003,1,1,0.17947357892990112,0.7205269932746887,0.24017567932605743,0.09999940544366837,-0.4894227385520935,0.6259638071060181,-1.1153866052627563
scaling-tuned-adamw-10seeds-v1,cell-003-3e79f448723e,3,C32-d8-L2-H4-m4-ffnnone,5,0,800,8,8,32,4,4,4,2,4,,False,0.003,1,2,0.21519812941551208,0.6273800134658813,0.20912668108940125,0.15742182731628418,-0.2835438847541809,0.48552316427230835,-0.7690670490264893
scaling-tuned-adamw-10seeds-v1,cell-003-3e79f448723e,3,C32-d8-L2-H4-m4-ffnnone,5,0,800,8,8,32,4,4,4,2,4,,False,0.003,1,3,0.20016245543956757,0.56878662109375,0.1895955502986908,0.23105090856552124,-0.027948688715696335,-0.20007647573947906,0.17212776839733124
scaling-tuned-adamw-10seeds-v1,cell-003-3e79f448723e,3,C32-d8-L2-H4-m4-ffnnone,5,800,800,8,8,32,4,4,4,2,4,,False,0.003,0,0,0.31461578607559204,0.4901837706565857,0.16339458525180817,0.19520045816898346,0.6435568928718567,0.7109130024909973,-0.0673561543226242
scaling-tuned-adamw-10seeds-v1,cell-003-3e79f448723e,3,C32-d8-L2-H4-m4-ffnnone,5,800,800,8,8,32,4,4,4,2,4,,False,0.003,0,1,0.2820047438144684,0.5008999109268188,0.16696664690971375,0.21709531545639038,0.3157467842102051,0.22811922430992126,0.08762753009796143
scaling-tuned-adamw-10seeds-v1,cell-003-3e79f448723e,3,C32-d8-L2-H4-m4-ffnnone,5,800,800,8,8,32,4,4,4,2,4,,False,0.003,0,2,0.3079708218574524,0.28854334354400635,0.09618112444877625,0.40348583459854126,1.4742082357406616,-0.3846289813518524,1.8588372468948364
scaling-tuned-adamw-10seeds-v1,cell-003-3e79f448723e,3,C32-d8-L2-H4-m4-ffnnone,5,800,800,8,8,32,4,4,4,2,4,,False,0.003,0,3,0.26880067586898804,0.37872546911239624,0.12624183297157288,0.3524738550186157,0.8057349920272827,-0.19193898141384125,0.9976739287376404
scaling-tuned-adamw-10seeds-v1,cell-003-3e79f448723e,3,C32-d8-L2-H4-m4-ffnnone,5,800,800,8,8,32,4,4,4,2,4,,False,0.003,1,0,0.29223594069480896,0.5231244564056396,0.17437481880187988,0.1846395879983902,0.5093138813972473,0.4470159411430359,0.06229793280363083
scaling-tuned-adamw-10seeds-v1,cell-003-3e79f448723e,3,C32-d8-L2-H4-m4-ffnnone,5,800,800,8,8,32,4,4,4,2,4,,False,0.003,1,1,0.2143574208021164,0.5498018860816956,0.18326729536056519,0.23584067821502686,-0.02314911037683487,0.05915020406246185,-0.08229932934045792
scaling-tuned-adamw-10seeds-v1,cell-003-3e79f448723e,3,C32-d8-L2-H4-m4-ffnnone,5,800,800,8,8,32,4,4,4,2,4,,False,0.003,1,2,0.35084640979766846,0.36558797955513,0.12186264991760254,0.28356561064720154,0.9912893772125244,-0.24243254959583282,1.2337219715118408
scaling-tuned-adamw-10seeds-v1,cell-003-3e79f448723e,3,C32-d8-L2-H4-m4-ffnnone,5,800,800,8,8,32,4,4,4,2,4,,False,0.003,1,3,0.4013739228248596,0.17645591497421265,0.05881863832473755,0.42217016220092773,2.4441747665405273,-0.15126819908618927,2.5954432487487793
scaling-tuned-adamw-10seeds-v1,cell-003-3e79f448723e,3,C32-d8-L2-H4-m4-ffnnone,6,0,800,8,8,32,4,4,4,2,4,,False,0.003,0,0,0.1958962231874466,0.6149963736534119,0.20499880611896515,0.18910740315914154,-0.1680249124765396,-0.06058994308114052,-0.10743498057126999
scaling-tuned-adamw-10seeds-v1,cell-003-3e79f448723e,3,C32-d8-L2-H4-m4-ffnnone,6,0,800,8,8,32,4,4,4,2,4,,False,0.003,0,1,0.20194417238235474,0.6308084726333618,0.2102694809436798,0.16724739968776703,-0.1394762247800827,0.24552160501480103,-0.3849978446960449
scaling-tuned-adamw-10seeds-v1,cell-003-3e79f448723e,3,C32-d8-L2-H4-m4-ffnnone,6,0,800,8,8,32,4,4,4,2,4,,False,0.003,0,2,0.23751583695411682,0.6569536924362183,0.21898455917835236,0.1055305004119873,-1.1310694217681885,0.07242251932621002,-1.2034921646118164
scaling-tuned-adamw-10seeds-v1,cell-003-3e79f448723e,3,C32-d8-L2-H4-m4-ffnnone,6,0,800,8,8,32,4,4,4,2,4,,False,0.003,0,3,0.20768581330776215,0.5484092235565186,0.18280306458473206,0.2439049631357193,0.1024244874715805,0.06634104251861572,0.03608344867825508
scaling-tuned-adamw-10seeds-v1,cell-003-3e79f448723e,3,C32-d8-L2-H4-m4-ffnnone,6,0,800,8,8,32,4,4,4,2,4,,False,0.003,1,0,0.18912675976753235,0.5920081734657288,0.19733606278896332,0.2188650667667389,-0.08381104469299316,-0.08665375411510468,0.002842715010046959
scaling-tuned-adamw-10seeds-v1,cell-003-3e79f448723e,3,C32-d8-L2-H4-m4-ffnnone,6,0,800,8,8,32,4,4,4,2,4,,False,0.003,1,1,0.1744568943977356,0.5692630410194397,0.18975433707237244,0.2562800645828247,-0.11998336762189865,-0.38697460293769836,0.2669912278652191
scaling-tuned-adamw-10seeds-v1,cell-003-3e79f448723e,3,C32-d8-L2-H4-m4-ffnnone,6,0,800,8,8,32,4,4,4,2,4,,False,0.003,1,2,0.1950748860836029,0.6327177286148071,0.21090590953826904,0.17220740020275116,-0.4601004421710968,-0.2065628468990326,-0.2535375952720642
scaling-tuned-adamw-10seeds-v1,cell-003-3e79f448723e,3,C32-d8-L2-H4-m4-ffnnone,6,0,800,8,8,32,4,4,4,2,4,,False,0.003,1,3,0.21666604280471802,0.619181215763092,0.2063937485218048,0.16415275633335114,-0.01719040796160698,0.3667198419570923,-0.38391023874282837
scaling-tuned-adamw-10seeds-v1,cell-003-3e79f448723e,3,C32-d8-L2-H4-m4-ffnnone,6,800,800,8,8,32,4,4,4,2,4,,False,0.003,0,0,0.3050571084022522,0.5537081956863403,0.18456938862800598,0.14123475551605225,0.39668795466423035,0.9359323978424072,-0.5392444729804993
scaling-tuned-adamw-10seeds-v1,cell-003-3e79f448723e,3,C32-d8-L2-H4-m4-ffnnone,6,800,800,8,8,32,4,4,4,2,4,,False,0.003,0,1,0.27163082361221313,0.38503509759902954,0.1283450424671173,0.3433341085910797,0.6983498334884644,-0.12963971495628357,0.8279895782470703
scaling-tuned-adamw-10seeds-v1,cell-003-3e79f448723e,3,C32-d8-L2-H4-m4-ffnnone,6,800,800,8,8,32,4,4,4,2,4,,False,0.003,0,2,0.31618401408195496,0.3768974542617798,0.12563247978687286,0.30691856145858765,0.9294223189353943,-0.012825164943933487,0.9422475099563599
scaling-tuned-adamw-10seeds-v1,cell-003-3e79f448723e,3,C32-d8-L2-H4-m4-ffnnone,6,800,800,8,8,32,4,4,4,2,4,,False,0.003,0,3,0.3806558847427368,0.2439756989479065,0.0813252404332161,0.3753684163093567,2.2837815284729004,-0.08182059973478317,2.3656020164489746
scaling-tuned-adamw-10seeds-v1,cell-003-3e79f448723e,3,C32-d8-L2-H4-m4-ffnnone,6,800,800,8,8,32,4,4,4,2,4,,False,0.003,1,0,0.44039589166641235,0.3643944263458252,0.1214648112654686,0.19520968198776245,1.6287329196929932,1.7016546726226807,-0.07292184233665466
scaling-tuned-adamw-10seeds-v1,cell-003-3e79f448723e,3,C32-d8-L2-H4-m4-ffnnone,6,800,800,8,8,32,4,4,4,2,4,,False,0.003,1,1,0.2178194373846054,0.637106716632843,0.2123689204454422,0.14507383108139038,-0.21057692170143127,0.4140908122062683,-0.624667763710022
scaling-tuned-adamw-10seeds-v1,cell-003-3e79f448723e,3,C32-d8-L2-H4-m4-ffnnone,6,800,800,8,8,32,4,4,4,2,4,,False,0.003,1,2,0.5039246082305908,0.19585353136062622,0.06528451293706894,0.30022186040878296,3.49047589302063,0.6314787864685059,2.858997106552124
scaling-tuned-adamw-10seeds-v1,cell-003-3e79f448723e,3,C32-d8-L2-H4-m4-ffnnone,6,800,800,8,8,32,4,4,4,2,4,,False,0.003,1,3,0.4533473253250122,0.38633596897125244,0.12877865135669708,0.16031670570373535,1.7620410919189453,1.8008809089660645,-0.038839805871248245
scaling-tuned-adamw-10seeds-v1,cell-003-3e79f448723e,3,C32-d8-L2-H4-m4-ffnnone,7,0,800,8,8,32,4,4,4,2,4,,False,0.003,0,0,0.18517738580703735,0.4539802670478821,0.1513267606496811,0.36084234714508057,0.12730740010738373,-0.7372187376022339,0.8645261526107788
scaling-tuned-adamw-10seeds-v1,cell-003-3e79f448723e,3,C32-d8-L2-H4-m4-ffnnone,7,0,800,8,8,32,4,4,4,2,4,,False,0.003,0,1,0.18512287735939026,0.5730962753295898,0.19103211164474487,0.2417808473110199,-0.27844083309173584,-0.4561016857624054,0.17766086757183075
scaling-tuned-adamw-10seeds-v1,cell-003-3e79f448723e,3,C32-d8-L2-H4-m4-ffnnone,7,0,800,8,8,32,4,4,4,2,4,,False,0.003,0,2,0.20829099416732788,0.626427412033081,0.20880913734436035,0.16528159379959106,-0.09361590445041656,0.2143920660018921,-0.30800795555114746
scaling-tuned-adamw-10seeds-v1,cell-003-3e79f448723e,3,C32-d8-L2-H4-m4-ffnnone,7,0,800,8,8,32,4,4,4,2,4,,False,0.003,0,3,0.14809125661849976,0.6092863082885742,0.2030954658985138,0.24262243509292603,-0.9711439609527588,-0.8597996234893799,-0.1113443672657013
scaling-tuned-adamw-10seeds-v1,cell-003-3e79f448723e,3,C32-d8-L2-H4-m4-ffnnone,7,0,800,8,8,32,4,4,4,2,4,,False,0.003,1,0,0.19995154440402985,0.5847019553184509,0.19490066170692444,0.21534651517868042,-0.03988198935985565,-0.0897877961397171,0.04990581423044205
scaling-tuned-adamw-10seeds-v1,cell-003-3e79f448723e,3,C32-d8-L2-H4-m4-ffnnone,7,0,800,8,8,32,4,4,4,2,4,,False,0.003,1,1,0.19311164319515228,0.5944870114326477,0.19816234707832336,0.21240131556987762,-0.08000551164150238,-0.11536551266908646,0.035360004752874374
scaling-tuned-adamw-10seeds-v1,cell-003-3e79f448723e,3,C32-d8-L2-H4-m4-ffnnone,7,0,800,8,8,32,4,4,4,2,4,,False,0.003,1,2,0.1913282871246338,0.6322376728057861,0.2107459008693695,0.17643406987190247,-0.22824469208717346,0.03173215687274933,-0.2599768340587616
scaling-tuned-adamw-10seeds-v1,cell-003-3e79f448723e,3,C32-d8-L2-H4-m4-ffnnone,7,0,800,8,8,32,4,4,4,2,4,,False,0.003,1,3,0.185500830411911,0.5869245529174805,0.19564151763916016,0.22757461667060852,-0.16313724219799042,-0.2601982057094574,0.09706096351146698
scaling-tuned-adamw-10seeds-v1,cell-003-3e79f448723e,3,C32-d8-L2-H4-m4-ffnnone,7,800,800,8,8,32,4,4,4,2,4,,False,0.003,0,0,0.041911642998456955,0.10226141661405563,0.03408713638782501,0.8558269143104553,0.7051447629928589,-3.7494113445281982,4.454555511474609
scaling-tuned-adamw-10seeds-v1,cell-003-3e79f448723e,3,C32-d8-L2-H4-m4-ffnnone,7,800,800,8,8,32,4,4,4,2,4,,False,0.003,0,1,0.30649566650390625,0.3241465091705322,0.10804884135723114,0.3693578243255615,2.1789145469665527,-1.9337446689605713,4.112658977508545
scaling-tuned-adamw-10seeds-v1,cell-003-3e79f448723e,3,C32-d8-L2-H4-m4-ffnnone,7,800,800,8,8,32,4,4,4,2,4,,False,0.003,0,2,0.3295729160308838,0.18120995163917542,0.06040331721305847,0.4892171025276184,2.909487009048462,-1.4720654487609863,4.381552696228027
scaling-tuned-adamw-10seeds-v1,cell-003-3e79f448723e,3,C32-d8-L2-H4-m4-ffnnone,7,800,800,8,8,32,4,4,4,2,4,,False,0.003,0,3,0.16770273447036743,0.6494240760803223,0.216474711894989,0.1828731894493103,-3.493417978286743,-0.8114668130874634,-2.6819510459899902
scaling-tuned-adamw-10seeds-v1,cell-003-3e79f448723e,3,C32-d8-L2-H4-m4-ffnnone,7,800,800,8,8,32,4,4,4,2,4,,False,0.003,1,0,0.24534395337104797,0.46391990780830383,0.15463997423648834,0.2907361090183258,0.3507613241672516,-0.09031461179256439,0.4410759210586548
scaling-tuned-adamw-10seeds-v1,cell-003-3e79f448723e,3,C32-d8-L2-H4-m4-ffnnone,7,800,800,8,8,32,4,4,4,2,4,,False,0.003,1,1,0.2411016821861267,0.22994281351566315,0.07664760947227478,0.5289555191993713,1.0809471607208252,-4.241636276245117,5.322583198547363
scaling-tuned-adamw-10seeds-v1,cell-003-3e79f448723e,3,C32-d8-L2-H4-m4-ffnnone,7,800,800,8,8,32,4,4,4,2,4,,False,0.003,1,2,0.07222538441419601,0.5685281753540039,0.18950939178466797,0.35924649238586426,-3.3407163619995117,-2.2339048385620117,-1.106811285018921
scaling-tuned-adamw-10seeds-v1,cell-003-3e79f448723e,3,C32-d8-L2-H4-m4-ffnnone,7,800,800,8,8,32,4,4,4,2,4,,False,0.003,1,3,0.16946513950824738,0.41448405385017395,0.13816134631633759,0.41605085134506226,-0.0982845276594162,-1.1476484537124634,1.0493638515472412
scaling-tuned-adamw-10seeds-v1,cell-003-3e79f448723e,3,C32-d8-L2-H4-m4-ffnnone,8,0,800,8,8,32,4,4,4,2,4,,False,0.003,0,0,0.1992562711238861,0.6221405267715454,0.20738017559051514,0.17860320210456848,-0.6757017970085144,-0.42137598991394043,-0.254325807094574
scaling-tuned-adamw-10seeds-v1,cell-003-3e79f448723e,3,C32-d8-L2-H4-m4-ffnnone,8,0,800,8,8,32,4,4,4,2,4,,False,0.003,0,1,0.18560442328453064,0.6304962635040283,0.21016541123390198,0.18389934301376343,-0.14305351674556732,0.006701378617435694,-0.14975491166114807
scaling-tuned-adamw-10seeds-v1,cell-003-3e79f448723e,3,C32-d8-L2-H4-m4-ffnnone,8,0,800,8,8,32,4,4,4,2,4,,False,0.003,0,2,0.20382627844810486,0.6195814609527588,0.20652715861797333,0.17659229040145874,-0.3741775155067444,-0.16890858113765717,-0.2052689790725708
scaling-tuned-adamw-10seeds-v1,cell-003-3e79f448723e,3,C32-d8-L2-H4-m4-ffnnone,8,0,800,8,8,32,4,4,4,2,4,,False,0.003,0,3,0.14137931168079376,0.4741121530532837,0.15803739428520203,0.38450855016708374,-0.494292676448822,-1.4883373975753784,0.9940447211265564
scaling-tuned-adamw-10seeds-v1,cell-003-3e79f448723e,3,C32-d8-L2-H4-m4-ffnnone,8,0,800,8,8,32,4,4,4,2,4,,False,0.003,1,0,0.20053140819072723,0.5885580778121948,0.19618600606918335,0.2109105885028839,-0.06246182695031166,-0.08124728500843048,0.01878545805811882
scaling-tuned-adamw-10seeds-v1,cell-003-3e79f448723e,3,C32-d8-L2-H4-m4-ffnnone,8,0,800,8,8,32,4,4,4,2,4,,False,0.003,1,1,0.190104141831398,0.5800814032554626,0.19336047768592834,0.22981446981430054,-0.38210034370422363,-0.3534984290599823,-0.028601892292499542
scaling-tuned-adamw-10seeds-v1,cell-003-3e79f448723e,3,C32-d8-L2-H4-m4-ffnnone,8,0,800,8,8,32,4,4,4,2,4,,False,0.003,1,2,0.20974957942962646,0.6711380481719971,0.22371268272399902,0.11911237239837646,-0.44915029406547546,0.4074699580669403,-0.856620192527771
scaling-tuned-adamw-10seeds-v1,cell-003-3e79f448723e,3,C32-d8-L2-H4-m4-ffnnone,8,0,800,8,8,32,4,4,4,2,4,,False,0.003,1,3,0.17783018946647644,0.5732991099357605,0.19109970331192017,0.24887067079544067,-0.1356346607208252,-0.33861154317855835,0.20297685265541077
scaling-tuned-adamw-10seeds-v1,cell-003-3e79f448723e,3,C32-d8-L2-H4-m4-ffnnone,8,800,800,8,8,32,4,4,4,2,4,,False,0.003,0,0,0.29781270027160645,0.42469680309295654,0.14156560599803925,0.2774904668331146,0.5779695510864258,0.07758718729019165,0.5003823637962341
scaling-tuned-adamw-10seeds-v1,cell-003-3e79f448723e,3,C32-d8-L2-H4-m4-ffnnone,8,800,800,8,8,32,4,4,4,2,4,,False,0.003,0,1,0.29434284567832947,0.48967689275741577,0.16322563588619232,0.21598029136657715,0.6346874237060547,0.3001318573951721,0.33455556631088257
scaling-tuned-adamw-10seeds-v1,cell-003-3e79f448723e,3,C32-d8-L2-H4-m4-ffnnone,8,800,800,8,8,32,4,4,4,2,4,,False,0.003,0,2,0.3267381191253662,0.48660027980804443,0.16220009326934814,0.18666158616542816,0.7144378423690796,0.5636351704597473,0.1508026421070099
scaling-tuned-adamw-10seeds-v1,cell-003-3e79f448723e,3,C32-d8-L2-H4-m4-ffnnone,8,800,800,8,8,32,4,4,4,2,4,,False,0.003,0,3,0.4126402735710144,0.28146499395370483,0.09382165968418121,0.30589476227760315,1.8373147249221802,0.30483245849609375,1.532482385635376
scaling-tuned-adamw-10seeds-v1,cell-003-3e79f448723e,3,C32-d8-L2-H4-m4-ffnnone,8,800,800,8,8,32,4,4,4,2,4,,False,0.003,1,0,0.38115301728248596,0.2950781583786011,0.09835939109325409,0.32376882433891296,1.92721426486969,0.011954821646213531,1.9152594804763794
scaling-tuned-adamw-10seeds-v1,cell-003-3e79f448723e,3,C32-d8-L2-H4-m4-ffnnone,8,800,800,8,8,32,4,4,4,2,4,,False,0.003,1,1,0.164411723613739,0.4036189615726471,0.1345396637916565,0.4319693446159363,0.07767622172832489,-0.7984553575515747,0.876131534576416
scaling-tuned-adamw-10seeds-v1,cell-003-3e79f448723e,3,C32-d8-L2-H4-m4-ffnnone,8,800,800,8,8,32,4,4,4,2,4,,False,0.003,1,2,0.18337605893611908,0.597122311592102,0.19904077053070068,0.21950164437294006,-0.34903401136398315,-0.2770024538040161,-0.07203156501054764
scaling-tuned-adamw-10seeds-v1,cell-003-3e79f448723e,3,C32-d8-L2-H4-m4-ffnnone,8,800,800,8,8,32,4,4,4,2,4,,False,0.003,1,3,0.4117802679538727,0.286953866481781,0.0956512987613678,0.3012658655643463,1.8921515941619873,0.3625325560569763,1.5296190977096558
scaling-tuned-adamw-10seeds-v1,cell-003-3e79f448723e,3,C32-d8-L2-H4-m4-ffnnone,9,0,800,8,8,32,4,4,4,2,4,,False,0.003,0,0,0.07431405782699585,0.24784168601036072,0.08261390030384064,0.677844226360321,-0.28358960151672363,-2.648531198501587,2.3649415969848633
scaling-tuned-adamw-10seeds-v1,cell-003-3e79f448723e,3,C32-d8-L2-H4-m4-ffnnone,9,0,800,8,8,32,4,4,4,2,4,,False,0.003,0,1,0.19584286212921143,0.6404496431350708,0.21348322927951813,0.16370746493339539,-0.1332392692565918,0.28609952330589294,-0.41933879256248474
scaling-tuned-adamw-10seeds-v1,cell-003-3e79f448723e,3,C32-d8-L2-H4-m4-ffnnone,9,0,800,8,8,32,4,4,4,2,4,,False,0.003,0,2,0.16986943781375885,0.5100898742675781,0.17002996802330017,0.32004067301750183,-0.03243432566523552,-0.5762203931808472,0.5437860488891602
scaling-tuned-adamw-10seeds-v1,cell-003-3e79f448723e,3,C32-d8-L2-H4-m4-ffnnone,9,0,800,8,8,32,4,4,4,2,4,,False,0.003,0,3,0.10355700552463531,0.33167189359664917,0.11055731028318405,0.5647710561752319,-0.0667051151394844,-1.6906993389129639,1.6239941120147705
scaling-tuned-adamw-10seeds-v1,cell-003-3e79f448723e,3,C32-d8-L2-H4-m4-ffnnone,9,0,800,8,8,32,4,4,4,2,4,,False,0.003,1,0,0.12099634110927582,0.3707541823387146,0.12358473241329193,0.5082494616508484,-0.07747049629688263,-1.516810417175293,1.4393399953842163
scaling-tuned-adamw-10seeds-v1,cell-003-3e79f448723e,3,C32-d8-L2-H4-m4-ffnnone,9,0,800,8,8,32,4,4,4,2,4,,False,0.003,1,1,0.1934014856815338,0.6082537174224854,0.2027512490749359,0.19834479689598083,-0.0734710618853569,-0.007227128371596336,-0.06624393165111542
scaling-tuned-adamw-10seeds-v1,cell-003-3e79f448723e,3,C32-d8-L2-H4-m4-ffnnone,9,0,800,8,8,32,4,4,4,2,4,,False,0.003,1,2,0.2025153636932373,0.6030963659286499,0.2010321319103241,0.1943882703781128,-0.011091740801930428,0.03306659311056137,-0.04415833204984665
scaling-tuned-adamw-10seeds-v1,cell-003-3e79f448723e,3,C32-d8-L2-H4-m4-ffnnone,9,0,800,8,8,32,4,4,4,2,4,,False,0.003,1,3,0.23180490732192993,0.7225211262702942,0.2408403903245926,0.04567396640777588,-0.1587144434452057,1.722313642501831,-1.8810280561447144
scaling-tuned-adamw-10seeds-v1,cell-003-3e79f448723e,3,C32-d8-L2-H4-m4-ffnnone,9,800,800,8,8,32,4,4,4,2,4,,False,0.003,0,0,0.02698403224349022,0.08076044917106628,0.026920150965452194,0.8922554850578308,0.12002940475940704,-3.737398862838745,3.857428550720215
scaling-tuned-adamw-10seeds-v1,cell-003-3e79f448723e,3,C32-d8-L2-H4-m4-ffnnone,9,800,800,8,8,32,4,4,4,2,4,,False,0.003,0,1,0.1176878809928894,0.28789106011390686,0.09596369415521622,0.5944210290908813,0.28538715839385986,-1.7256625890731812,2.011049747467041
scaling-tuned-adamw-10seeds-v1,cell-003-3e79f448723e,3,C32-d8-L2-H4-m4-ffnnone,9,800,800,8,8,32,4,4,4,2,4,,False,0.003,0,2,0.09851878881454468,0.27133607864379883,0.09044536203145981,0.6301451921463013,0.10533067584037781,-1.9604651927947998,2.065796136856079
scaling-tuned-adamw-10seeds-v1,cell-003-3e79f448723e,3,C32-d8-L2-H4-m4-ffnnone,9,800,800,8,8,32,4,4,4,2,4,,False,0.003,0,3,0.14194035530090332,0.35601353645324707,0.11867118626832962,0.5020461082458496,0.16514982283115387,-1.286602258682251,1.4517523050308228
scaling-tuned-adamw-10seeds-v1,cell-003-3e79f448723e,3,C32-d8-L2-H4-m4-ffnnone,9,800,800,8,8,32,4,4,4,2,4,,False,0.003,1,0,0.2266078144311905,0.5118881464004517,0.17062939703464508,0.26150405406951904,0.03650834411382675,-0.26661330461502075,0.3031216561794281
scaling-tuned-adamw-10seeds-v1,cell-003-3e79f448723e,3,C32-d8-L2-H4-m4-ffnnone,9,800,800,8,8,32,4,4,4,2,4,,False,0.003,1,1,0.49189165234565735,0.18682822585105896,0.06227608025074005,0.3212801218032837,3.505547523498535,1.0546473264694214,2.4509005546569824
scaling-tuned-adamw-10seeds-v1,cell-003-3e79f448723e,3,C32-d8-L2-H4-m4-ffnnone,9,800,800,8,8,32,4,4,4,2,4,,False,0.003,1,2,0.7781777381896973,0.09791304171085358,0.03263767808675766,0.12390923500061035,10.01955795288086,2.4465858936309814,7.572972774505615
scaling-tuned-adamw-10seeds-v1,cell-003-3e79f448723e,3,C32-d8-L2-H4-m4-ffnnone,9,800,800,8,8,32,4,4,4,2,4,,False,0.003,1,3,0.22551393508911133,0.5003112554550171,0.16677041351795197,0.2741748094558716,0.2967325448989868,0.0015484504401683807,0.29518407583236694
scaling-tuned-adamw-10seeds-v1,cell-006-f100eb25da99,6,C32-d8-L2-H1-m4-ffn16,0,0,800,8,8,32,4,1,1,2,4,16,True,0.003,0,0,0.0827484279870987,0.29218801856040955,0.09739600121974945,0.6250635385513306,-0.17684805393218994,-2.1995465755462646,2.0226988792419434
scaling-tuned-adamw-10seeds-v1,cell-006-f100eb25da99,6,C32-d8-L2-H1-m4-ffn16,0,0,800,8,8,32,4,1,1,2,4,16,True,0.003,1,0,0.15702730417251587,0.5424048900604248,0.1808016300201416,0.3005678057670593,-0.24097150564193726,-0.6045404672622681,0.3635689616203308
scaling-tuned-adamw-10seeds-v1,cell-006-f100eb25da99,6,C32-d8-L2-H1-m4-ffn16,0,800,800,8,8,32,4,1,1,2,4,16,True,0.003,0,0,0.48034363985061646,0.07150554656982422,0.023835182189941406,0.4481508433818817,4.0871477127075195,-0.02034980058670044,4.107497215270996
scaling-tuned-adamw-10seeds-v1,cell-006-f100eb25da99,6,C32-d8-L2-H1-m4-ffn16,0,800,800,8,8,32,4,1,1,2,4,16,True,0.003,1,0,0.4032862186431885,0.23771534860134125,0.07923845201730728,0.3589984178543091,2.134528160095215,0.18508681654930115,1.9494411945343018
scaling-tuned-adamw-10seeds-v1,cell-006-f100eb25da99,6,C32-d8-L2-H1-m4-ffn16,1,0,800,8,8,32,4,1,1,2,4,16,True,0.003,0,0,0.18165206909179688,0.6496935486793518,0.21656450629234314,0.1686544120311737,-0.5040913820266724,0.004499141126871109,-0.508590579032898
scaling-tuned-adamw-10seeds-v1,cell-006-f100eb25da99,6,C32-d8-L2-H1-m4-ffn16,1,0,800,8,8,32,4,1,1,2,4,16,True,0.003,1,0,0.1859891265630722,0.5143886208534241,0.17146289348602295,0.29962223768234253,-0.28079932928085327,-0.7488459348678589,0.4680465757846832
scaling-tuned-adamw-10seeds-v1,cell-006-f100eb25da99,6,C32-d8-L2-H1-m4-ffn16,1,800,800,8,8,32,4,1,1,2,4,16,True,0.003,0,0,0.15893587470054626,0.3906521201133728,0.13021737337112427,0.45041200518608093,0.3163302540779114,-0.9573768377304077,1.2737070322036743
scaling-tuned-adamw-10seeds-v1,cell-006-f100eb25da99,6,C32-d8-L2-H1-m4-ffn16,1,800,800,8,8,32,4,1,1,2,4,16,True,0.003,1,0,0.8692576885223389,0.07436101138591766,0.024787001311779022,0.05638126656413078,5.9496259689331055,3.693394899368286,2.2562308311462402
scaling-tuned-adamw-10seeds-v1,cell-006-f100eb25da99,6,C32-d8-L2-H1-m4-ffn16,2,0,800,8,8,32,4,1,1,2,4,16,True,0.003,0,0,0.2072904109954834,0.6665791869163513,0.22219304740428925,0.12613044679164886,-0.21626505255699158,0.5000484585762024,-0.7163135409355164
scaling-tuned-adamw-10seeds-v1,cell-006-f100eb25da99,6,C32-d8-L2-H1-m4-ffn16,2,0,800,8,8,32,4,1,1,2,4,16,True,0.003,1,0,0.18950876593589783,0.5002496838569641,0.16674990952014923,0.3102415204048157,0.08199024200439453,-0.450733482837677,0.5327237844467163
scaling-tuned-adamw-10seeds-v1,cell-006-f100eb25da99,6,C32-d8-L2-H1-m4-ffn16,2,800,800,8,8,32,4,1,1,2,4,16,True,0.003,0,0,0.5616686344146729,0.2156672328710556,0.07188907265663147,0.22266414761543274,3.000154972076416,1.3765928745269775,1.6235618591308594
scaling-tuned-adamw-10seeds-v1,cell-006-f100eb25da99,6,C32-d8-L2-H1-m4-ffn16,2,800,800,8,8,32,4,1,1,2,4,16,True,0.003,1,0,0.2856121361255646,0.16643640398979187,0.05547880381345749,0.5479514598846436,2.1624436378479004,-1.1038713455200195,3.26631498336792
scaling-tuned-adamw-10seeds-v1,cell-006-f100eb25da99,6,C32-d8-L2-H1-m4-ffn16,3,0,800,8,8,32,4,1,1,2,4,16,True,0.003,0,0,0.1333516538143158,0.5377525687217712,0.17925086617469788,0.32889577746391296,-0.4223839044570923,-0.9279829263687134,0.5055990219116211
scaling-tuned-adamw-10seeds-v1,cell-006-f100eb25da99,6,C32-d8-L2-H1-m4-ffn16,3,0,800,8,8,32,4,1,1,2,4,16,True,0.003,1,0,0.18773862719535828,0.6007617115974426,0.2002539038658142,0.2114996314048767,-0.23786458373069763,-0.13903869688510895,-0.09882589429616928
scaling-tuned-adamw-10seeds-v1,cell-006-f100eb25da99,6,C32-d8-L2-H1-m4-ffn16,3,800,800,8,8,32,4,1,1,2,4,16,True,0.003,0,0,0.10945099592208862,0.1846196949481964,0.0615399032831192,0.7059292793273926,0.7393285036087036,-2.142416477203369,2.8817451000213623
scaling-tuned-adamw-10seeds-v1,cell-006-f100eb25da99,6,C32-d8-L2-H1-m4-ffn16,3,800,800,8,8,32,4,1,1,2,4,16,True,0.003,1,0,0.8960996270179749,0.052040793001651764,0.017346931621432304,0.05185959115624428,7.660879135131836,4.686779975891113,2.9740993976593018
scaling-tuned-adamw-10seeds-v1,cell-006-f100eb25da99,6,C32-d8-L2-H1-m4-ffn16,4,0,800,8,8,32,4,1,1,2,4,16,True,0.003,0,0,0.19577018916606903,0.6441067457199097,0.21470226347446442,0.1601230502128601,-0.1991344690322876,0.25609108805656433,-0.4552255868911743
scaling-tuned-adamw-10seeds-v1,cell-006-f100eb25da99,6,C32-d8-L2-H1-m4-ffn16,4,0,800,8,8,32,4,1,1,2,4,16,True,0.003,1,0,0.20006641745567322,0.6288762092590332,0.20962539315223694,0.17105740308761597,-0.18042683601379395,0.11199603974819183,-0.292422890663147
scaling-tuned-adamw-10seeds-v1,cell-006-f100eb25da99,6,C32-d8-L2-H1-m4-ffn16,4,800,800,8,8,32,4,1,1,2,4,16,True,0.003,0,0,0.42510271072387695,0.1493208110332489,0.049773603677749634,0.42557647824287415,2.551713466644287,-0.08558771759271622,2.637301445007324
scaling-tuned-adamw-10seeds-v1,cell-006-f100eb25da99,6,C32-d8-L2-H1-m4-ffn16,4,800,800,8,8,32,4,1,1,2,4,16,True,0.003,1,0,0.6722382307052612,0.09795661270618439,0.03265220671892166,0.22980517148971558,4.820265769958496,1.680663824081421,3.1396021842956543
scaling-tuned-adamw-10seeds-v1,cell-006-f100eb25da99,6,C32-d8-L2-H1-m4-ffn16,5,0,800,8,8,32,4,1,1,2,4,16,True,0.003,0,0,0.2217022031545639,0.720120906829834,0.24004033207893372,0.05817685276269913,-0.3283804655075073,1.6786130666732788,-2.0069937705993652
scaling-tuned-adamw-10seeds-v1,cell-006-f100eb25da99,6,C32-d8-L2-H1-m4-ffn16,5,0,800,8,8,32,4,1,1,2,4,16,True,0.003,1,0,0.2197882980108261,0.6042471528053284,0.20141571760177612,0.17596453428268433,0.04801289364695549,0.32003551721572876,-0.2720226049423218
scaling-tuned-adamw-10seeds-v1,cell-006-f100eb25da99,6,C32-d8-L2-H1-m4-ffn16,5,800,800,8,8,32,4,1,1,2,4,16,True,0.003,0,0,0.72381591796875,0.10621264576911926,0.03540421649813652,0.16997143626213074,4.481667518615723,2.052910089492798,2.428757429122925
scaling-tuned-adamw-10seeds-v1,cell-006-f100eb25da99,6,C32-d8-L2-H1-m4-ffn16,5,800,800,8,8,32,4,1,1,2,4,16,True,0.003,1,0,0.39383628964424133,0.1683748960494995,0.056124962866306305,0.43778878450393677,2.5136852264404297,-1.2808982133865356,3.794583320617676
scaling-tuned-adamw-10seeds-v1,cell-006-f100eb25da99,6,C32-d8-L2-H1-m4-ffn16,6,0,800,8,8,32,4,1,1,2,4,16,True,0.003,0,0,0.14519435167312622,0.4450784921646118,0.1483595073223114,0.40972715616226196,-0.08158639073371887,-0.9950316548347473,0.913445234298706
scaling-tuned-adamw-10seeds-v1,cell-006-f100eb25da99,6,C32-d8-L2-H1-m4-ffn16,6,0,800,8,8,32,4,1,1,2,4,16,True,0.003,1,0,0.1679193079471588,0.699895441532135,0.23329849541187286,0.13218526542186737,-0.42924362421035767,0.5327199697494507,-0.9619635939598083
scaling-tuned-adamw-10seeds-v1,cell-006-f100eb25da99,6,C32-d8-L2-H1-m4-ffn16,6,800,800,8,8,32,4,1,1,2,4,16,True,0.003,0,0,0.40483736991882324,0.053607434034347534,0.017869144678115845,0.5415551662445068,3.9594645500183105,-0.5874032378196716,4.546867370605469
scaling-tuned-adamw-10seeds-v1,cell-006-f100eb25da99,6,C32-d8-L2-H1-m4-ffn16,6,800,800,8,8,32,4,1,1,2,4,16,True,0.003,1,0,0.3718486726284027,0.14975625276565552,0.049918755888938904,0.4783950746059418,2.4923553466796875,-0.45850563049316406,2.9508609771728516
scaling-tuned-adamw-10seeds-v1,cell-006-f100eb25da99,6,C32-d8-L2-H1-m4-ffn16,7,0,800,8,8,32,4,1,1,2,4,16,True,0.003,0,0,0.20902320742607117,0.6394819021224976,0.21316063404083252,0.15149490535259247,-0.13304531574249268,0.2474728524684906,-0.3805181682109833
scaling-tuned-adamw-10seeds-v1,cell-006-f100eb25da99,6,C32-d8-L2-H1-m4-ffn16,7,0,800,8,8,32,4,1,1,2,4,16,True,0.003,1,0,0.19380030035972595,0.4620499610900879,0.1540166586637497,0.34414976835250854,0.10444550216197968,-0.6927152872085571,0.7971608638763428
scaling-tuned-adamw-10seeds-v1,cell-006-f100eb25da99,6,C32-d8-L2-H1-m4-ffn16,7,800,800,8,8,32,4,1,1,2,4,16,True,0.003,0,0,0.6211462020874023,0.06658776104450226,0.02219592034816742,0.312266081571579,4.142721176147461,0.7914243936538696,3.3512966632843018
scaling-tuned-adamw-10seeds-v1,cell-006-f100eb25da99,6,C32-d8-L2-H1-m4-ffn16,7,800,800,8,8,32,4,1,1,2,4,16,True,0.003,1,0,0.28162628412246704,0.4428161680698395,0.14760538935661316,0.2755575478076935,0.6921501159667969,0.022709762677550316,0.6694403290748596
scaling-tuned-adamw-10seeds-v1,cell-006-f100eb25da99,6,C32-d8-L2-H1-m4-ffn16,8,0,800,8,8,32,4,1,1,2,4,16,True,0.003,0,0,0.2174673080444336,0.6922345161437988,0.2307448387145996,0.09029819071292877,-0.25242936611175537,0.8355095386505127,-1.087938904762268
scaling-tuned-adamw-10seeds-v1,cell-006-f100eb25da99,6,C32-d8-L2-H1-m4-ffn16,8,0,800,8,8,32,4,1,1,2,4,16,True,0.003,1,0,0.21301476657390594,0.6615850329399109,0.22052833437919617,0.12540020048618317,-0.14770889282226562,0.48234090209007263,-0.6300498247146606
scaling-tuned-adamw-10seeds-v1,cell-006-f100eb25da99,6,C32-d8-L2-H1-m4-ffn16,8,800,800,8,8,32,4,1,1,2,4,16,True,0.003,0,0,0.6857501864433289,0.15733855962753296,0.052446186542510986,0.15691125392913818,3.4429497718811035,1.6705622673034668,1.7723875045776367
scaling-tuned-adamw-10seeds-v1,cell-006-f100eb25da99,6,C32-d8-L2-H1-m4-ffn16,8,800,800,8,8,32,4,1,1,2,4,16,True,0.003,1,0,0.6501168608665466,0.10353663563728333,0.03451221436262131,0.24634647369384766,4.054944038391113,1.3695480823516846,2.6853957176208496
scaling-tuned-adamw-10seeds-v1,cell-006-f100eb25da99,6,C32-d8-L2-H1-m4-ffn16,9,0,800,8,8,32,4,1,1,2,4,16,True,0.003,0,0,0.12742063403129578,0.47672873735427856,0.15890957415103912,0.39585062861442566,-0.2942960262298584,-1.1621801853179932,0.8678841590881348
scaling-tuned-adamw-10seeds-v1,cell-006-f100eb25da99,6,C32-d8-L2-H1-m4-ffn16,9,0,800,8,8,32,4,1,1,2,4,16,True,0.003,1,0,0.21541418135166168,0.6511308550834656,0.21704363822937012,0.13345494866371155,-0.05334533378481865,0.5823318958282471,-0.6356772184371948
scaling-tuned-adamw-10seeds-v1,cell-006-f100eb25da99,6,C32-d8-L2-H1-m4-ffn16,9,800,800,8,8,32,4,1,1,2,4,16,True,0.003,0,0,0.12672469019889832,0.24401211738586426,0.08133737742900848,0.629263162612915,0.34440499544143677,-2.0230307579040527,2.3674356937408447
scaling-tuned-adamw-10seeds-v1,cell-006-f100eb25da99,6,C32-d8-L2-H1-m4-ffn16,9,800,800,8,8,32,4,1,1,2,4,16,True,0.003,1,0,0.7995583415031433,0.08367329835891724,0.027891099452972412,0.11676838248968124,5.208859920501709,2.395307779312134,2.813551664352417
scaling-tuned-adamw-10seeds-v1,cell-007-8736a677897e,7,C32-d8-L2-H4-m4-ffn16,0,0,800,8,8,32,4,4,4,2,4,16,True,0.003,0,0,0.1760871410369873,0.4811992943286896,0.16039977967739105,0.34271353483200073,0.027848564088344574,-0.7217642068862915,0.7496128082275391
scaling-tuned-adamw-10seeds-v1,cell-007-8736a677897e,7,C32-d8-L2-H4-m4-ffn16,0,0,800,8,8,32,4,4,4,2,4,16,True,0.003,0,1,0.06568902730941772,0.2818301320075989,0.09394337236881256,0.6524809002876282,-0.5224898457527161,-2.6807985305786133,2.158308982849121
scaling-tuned-adamw-10seeds-v1,cell-007-8736a677897e,7,C32-d8-L2-H4-m4-ffn16,0,0,800,8,8,32,4,4,4,2,4,16,True,0.003,0,2,0.17925983667373657,0.4186674952507019,0.13955584168434143,0.4020726680755615,0.22058601677417755,-0.8626985549926758,1.083284616470337
scaling-tuned-adamw-10seeds-v1,cell-007-8736a677897e,7,C32-d8-L2-H4-m4-ffn16,0,0,800,8,8,32,4,4,4,2,4,16,True,0.003,0,3,0.16809839010238647,0.6320418119430542,0.21068060398101807,0.19985979795455933,-0.36082038283348083,-0.13383185863494873,-0.22698849439620972
scaling-tuned-adamw-10seeds-v1,cell-007-8736a677897e,7,C32-d8-L2-H4-m4-ffn16,0,0,800,8,8,32,4,4,4,2,4,16,True,0.003,1,0,0.23028361797332764,0.6622045040130615,0.2207348346710205,0.10751192271709442,-0.15895545482635498,0.8807612657546997,-1.0397167205810547
scaling-tuned-adamw-10seeds-v1,cell-007-8736a677897e,7,C32-d8-L2-H4-m4-ffn16,0,0,800,8,8,32,4,4,4,2,4,16,True,0.003,1,1,0.18113675713539124,0.5903230905532837,0.19677436351776123,0.22854016721248627,-0.16096094250679016,0.09621185064315796,-0.2571727931499481
scaling-tuned-adamw-10seeds-v1,cell-007-8736a677897e,7,C32-d8-L2-H4-m4-ffn16,0,0,800,8,8,32,4,4,4,2,4,16,True,0.003,1,2,0.21375460922718048,0.6302765607833862,0.2100922018289566,0.1559688001871109,-0.05424928292632103,0.41880500316619873,-0.47305434942245483
scaling-tuned-adamw-10seeds-v1,cell-007-8736a677897e,7,C32-d8-L2-H4-m4-ffn16,0,0,800,8,8,32,4,4,4,2,4,16,True,0.003,1,3,0.1431550234556198,0.5289440155029297,0.17631468176841736,0.3279009461402893,-0.2788570821285248,-0.8270930647850037,0.5482359528541565
scaling-tuned-adamw-10seeds-v1,cell-007-8736a677897e,7,C32-d8-L2-H4-m4-ffn16,0,800,800,8,8,32,4,4,4,2,4,16,True,0.003,0,0,0.289165198802948,0.29164326190948486,0.09721442312002182,0.41919150948524475,1.8288633823394775,-1.2110859155654907,3.0399491786956787
scaling-tuned-adamw-10seeds-v1,cell-007-8736a677897e,7,C32-d8-L2-H4-m4-ffn16,0,800,800,8,8,32,4,4,4,2,4,16,True,0.003,0,1,0.1310996264219284,0.289876788854599,0.09662559628486633,0.5790235996246338,-0.6260383129119873,-2.974372386932373,2.348334312438965
scaling-tuned-adamw-10seeds-v1,cell-007-8736a677897e,7,C32-d8-L2-H4-m4-ffn16,0,800,800,8,8,32,4,4,4,2,4,16,True,0.003,0,2,0.5307140350341797,0.15808065235614777,0.052693553268909454,0.31120529770851135,4.293129920959473,0.5851965546607971,3.707933187484741
scaling-tuned-adamw-10seeds-v1,cell-007-8736a677897e,7,C32-d8-L2-H4-m4-ffn16,0,800,800,8,8,32,4,4,4,2,4,16,True,0.003,0,3,0.2507997751235962,0.5191551446914673,0.17305171489715576,0.2300451248884201,0.30357885360717773,0.06623872369527817,0.23734013736248016
scaling-tuned-adamw-10seeds-v1,cell-007-8736a677897e,7,C32-d8-L2-H4-m4-ffn16,0,800,800,8,8,32,4,4,4,2,4,16,True,0.003,1,0,0.2346951961517334,0.48418065905570984,0.16139356791973114,0.28112417459487915,0.2269052416086197,-0.23298417031764984,0.45988941192626953
scaling-tuned-adamw-10seeds-v1,cell-007-8736a677897e,7,C32-d8-L2-H4-m4-ffn16,0,800,800,8,8,32,4,4,4,2,4,16,True,0.003,1,1,0.278173565864563,0.3779059052467346,0.12596863508224487,0.3439205288887024,0.9127475023269653,-0.16259220242500305,1.0753397941589355
scaling-tuned-adamw-10seeds-v1,cell-007-8736a677897e,7,C32-d8-L2-H4-m4-ffn16,0,800,800,8,8,32,4,4,4,2,4,16,True,0.003,1,2,0.2850933074951172,0.44301027059555054,0.14767010509967804,0.2718964219093323,0.829932451248169,0.028175320476293564,0.8017571568489075
scaling-tuned-adamw-10seeds-v1,cell-007-8736a677897e,7,C32-d8-L2-H4-m4-ffn16,0,800,800,8,8,32,4,4,4,2,4,16,True,0.003,1,3,0.14002171158790588,0.685081958770752,0.22836065292358398,0.17489634454250336,-0.6316063404083252,-0.17111170291900635,-0.46049463748931885
scaling-tuned-adamw-10seeds-v1,cell-007-8736a677897e,7,C32-d8-L2-H4-m4-ffn16,1,0,800,8,8,32,4,4,4,2,4,16,True,0.003,0,0,0.21341150999069214,0.6558582782745361,0.2186194211244583,0.13073024153709412,-0.11778955906629562,0.44947898387908936,-0.5672684907913208
scaling-tuned-adamw-10seeds-v1,cell-007-8736a677897e,7,C32-d8-L2-H4-m4-ffn16,1,0,800,8,8,32,4,4,4,2,4,16,True,0.003,0,1,0.1694353222846985,0.5899686217308044,0.1966562122106552,0.24059605598449707,-0.8468015193939209,-0.7770891189575195,-0.0697123259305954
scaling-tuned-adamw-10seeds-v1,cell-007-8736a677897e,7,C32-d8-L2-H4-m4-ffn16,1,0,800,8,8,32,4,4,4,2,4,16,True,0.003,0,2,0.19127386808395386,0.6523182392120361,0.2174394130706787,0.1564079225063324,-0.21229729056358337,0.42348694801330566,-0.6357842683792114
scaling-tuned-adamw-10seeds-v1,cell-007-8736a677897e,7,C32-d8-L2-H4-m4-ffn16,1,0,800,8,8,32,4,4,4,2,4,16,True,0.003,0,3,0.20122024416923523,0.604570746421814,0.2015235871076584,0.1942089945077896,-0.1538168042898178,-0.0868784636259079,-0.06693833321332932
scaling-tuned-adamw-10seeds-v1,cell-007-8736a677897e,7,C32-d8-L2-H4-m4-ffn16,1,0,800,8,8,32,4,4,4,2,4,16,True,0.003,1,0,0.18034936487674713,0.5586773157119751,0.1862257719039917,0.2609733045101166,-0.6629399061203003,-0.7201286554336548,0.05718880146741867
scaling-tuned-adamw-10seeds-v1,cell-007-8736a677897e,7,C32-d8-L2-H4-m4-ffn16,1,0,800,8,8,32,4,4,4,2,4,16,True,0.003,1,1,0.19345101714134216,0.5748840570449829,0.19162800908088684,0.23166492581367493,-0.030264951288700104,-0.21206295490264893,0.18179801106452942
scaling-tuned-adamw-10seeds-v1,cell-007-8736a677897e,7,C32-d8-L2-H4-m4-ffn16,1,0,800,8,8,32,4,4,4,2,4,16,True,0.003,1,2,0.21626776456832886,0.577604353427887,0.19253477454185486,0.20612791180610657,-0.150320902466774,-0.2109064757823944,0.06058558076620102
scaling-tuned-adamw-10seeds-v1,cell-007-8736a677897e,7,C32-d8-L2-H4-m4-ffn16,1,0,800,8,8,32,4,4,4,2,4,16,True,0.003,1,3,0.19125016033649445,0.5465465784072876,0.1821821928024292,0.26220327615737915,0.03233326971530914,-0.32437828183174133,0.35671156644821167
scaling-tuned-adamw-10seeds-v1,cell-007-8736a677897e,7,C32-d8-L2-H4-m4-ffn16,1,800,800,8,8,32,4,4,4,2,4,16,True,0.003,0,0,0.2150392234325409,0.5684692859649658,0.18948978185653687,0.2164914309978485,0.10853032767772675,-0.02040182426571846,0.1289321482181549
scaling-tuned-adamw-10seeds-v1,cell-007-8736a677897e,7,C32-d8-L2-H4-m4-ffn16,1,800,800,8,8,32,4,4,4,2,4,16,True,0.003,0,1,0.18773528933525085,0.5532407760620117,0.1844136118888855,0.25902390480041504,-0.7332128882408142,-0.6913604736328125,-0.041852355003356934
scaling-tuned-adamw-10seeds-v1,cell-007-8736a677897e,7,C32-d8-L2-H4-m4-ffn16,1,800,800,8,8,32,4,4,4,2,4,16,True,0.003,0,2,0.2421407848596573,0.6605818271636963,0.22019393742084503,0.09727743268013,0.07653851807117462,0.9834722876548767,-0.9069337844848633
scaling-tuned-adamw-10seeds-v1,cell-007-8736a677897e,7,C32-d8-L2-H4-m4-ffn16,1,800,800,8,8,32,4,4,4,2,4,16,True,0.003,0,3,0.2250877320766449,0.5592645406723022,0.18642152845859528,0.21564769744873047,0.1508486419916153,0.009647662751376629,0.1412009745836258
scaling-tuned-adamw-10seeds-v1,cell-007-8736a677897e,7,C32-d8-L2-H4-m4-ffn16,1,800,800,8,8,32,4,4,4,2,4,16,True,0.003,1,0,0.314781129360199,0.45444267988204956,0.15148089826107025,0.23077622056007385,0.7551883459091187,0.3764428198337555,0.37874555587768555
scaling-tuned-adamw-10seeds-v1,cell-007-8736a677897e,7,C32-d8-L2-H4-m4-ffn16,1,800,800,8,8,32,4,4,4,2,4,16,True,0.003,1,1,0.47435691952705383,0.23173649609088898,0.07724550366401672,0.293906569480896,2.8127808570861816,0.5425528287887573,2.2702279090881348
scaling-tuned-adamw-10seeds-v1,cell-007-8736a677897e,7,C32-d8-L2-H4-m4-ffn16,1,800,800,8,8,32,4,4,4,2,4,16,True,0.003,1,2,0.8561328649520874,0.07870601862668991,0.026235342025756836,0.06516110897064209,14.164620399475098,3.1671652793884277,10.997455596923828
scaling-tuned-adamw-10seeds-v1,cell-007-8736a677897e,7,C32-d8-L2-H4-m4-ffn16,1,800,800,8,8,32,4,4,4,2,4,16,True,0.003,1,3,0.2698696553707123,0.32801711559295654,0.10933904349803925,0.40211325883865356,1.1284711360931396,-0.38729268312454224,1.5157639980316162
scaling-tuned-adamw-10seeds-v1,cell-007-8736a677897e,7,C32-d8-L2-H4-m4-ffn16,2,0,800,8,8,32,4,4,4,2,4,16,True,0.003,0,0,0.21824651956558228,0.6891421675682068,0.2297140657901764,0.09261131286621094,-0.28240716457366943,0.8673880100250244,-1.1497951745986938
scaling-tuned-adamw-10seeds-v1,cell-007-8736a677897e,7,C32-d8-L2-H4-m4-ffn16,2,0,800,8,8,32,4,4,4,2,4,16,True,0.003,0,1,0.18502815067768097,0.572380542755127,0.19079354405403137,0.2425912618637085,-0.08264291286468506,-0.30103063583374023,0.21838772296905518
scaling-tuned-adamw-10seeds-v1,cell-007-8736a677897e,7,C32-d8-L2-H4-m4-ffn16,2,0,800,8,8,32,4,4,4,2,4,16,True,0.003,0,2,0.20196598768234253,0.6249157190322876,0.2083052545785904,0.1731182485818863,-0.1362358182668686,0.15329821407794952,-0.2895340323448181
scaling-tuned-adamw-10seeds-v1,cell-007-8736a677897e,7,C32-d8-L2-H4-m4-ffn16,2,0,800,8,8,32,4,4,4,2,4,16,True,0.003,0,3,0.20322246849536896,0.6433858871459961,0.21446199715137482,0.15339159965515137,-0.10215532779693604,0.28044140338897705,-0.3825967311859131
scaling-tuned-adamw-10seeds-v1,cell-007-8736a677897e,7,C32-d8-L2-H4-m4-ffn16,2,0,800,8,8,32,4,4,4,2,4,16,True,0.003,1,0,0.20120321214199066,0.5748810768127441,0.19162704050540924,0.2239156812429428,-0.11656162142753601,-0.17676320672035217,0.06020158901810646
scaling-tuned-adamw-10seeds-v1,cell-007-8736a677897e,7,C32-d8-L2-H4-m4-ffn16,2,0,800,8,8,32,4,4,4,2,4,16,True,0.003,1,1,0.17359033226966858,0.5949795842170715,0.19832652807235718,0.23143009841442108,-0.20142555236816406,-0.2157539427280426,0.01432840432971716
scaling-tuned-adamw-10seeds-v1,cell-007-8736a677897e,7,C32-d8-L2-H4-m4-ffn16,2,0,800,8,8,32,4,4,4,2,4,16,True,0.003,1,2,0.23787102103233337,0.5520450472831726,0.18401503562927246,0.21008390188217163,0.210831880569458,0.15201258659362793,0.05881929025053978
scaling-tuned-adamw-10seeds-v1,cell-007-8736a677897e,7,C32-d8-L2-H4-m4-ffn16,2,0,800,8,8,32,4,4,4,2,4,16,True,0.003,1,3,0.18217775225639343,0.5599455833435059,0.18664853274822235,0.2578766644001007,-0.07333385199308395,-0.3388236165046692,0.265489786863327
scaling-tuned-adamw-10seeds-v1,cell-007-8736a677897e,7,C32-d8-L2-H4-m4-ffn16,2,800,800,8,8,32,4,4,4,2,4,16,True,0.003,0,0,0.2706766128540039,0.47409942746162415,0.15803314745426178,0.25522398948669434,0.4866847097873688,0.3529628813266754,0.13372182846069336
scaling-tuned-adamw-10seeds-v1,cell-007-8736a677897e,7,C32-d8-L2-H4-m4-ffn16,2,800,800,8,8,32,4,4,4,2,4,16,True,0.003,0,1,0.3097763657569885,0.4842970669269562,0.16143235564231873,0.20592659711837769,0.526092529296875,0.7003804445266724,-0.17428791522979736
scaling-tuned-adamw-10seeds-v1,cell-007-8736a677897e,7,C32-d8-L2-H4-m4-ffn16,2,800,800,8,8,32,4,4,4,2,4,16,True,0.003,0,2,0.22915606200695038,0.6757818460464478,0.2252606302499771,0.09506206214427948,-0.39524978399276733,0.7093826532363892,-1.1046324968338013
scaling-tuned-adamw-10seeds-v1,cell-007-8736a677897e,7,C32-d8-L2-H4-m4-ffn16,2,800,800,8,8,32,4,4,4,2,4,16,True,0.003,0,3,0.23724931478500366,0.5443271398544312,0.18144239485263824,0.2184235006570816,0.227835014462471,0.21752332150936127,0.010311686433851719
scaling-tuned-adamw-10seeds-v1,cell-007-8736a677897e,7,C32-d8-L2-H4-m4-ffn16,2,800,800,8,8,32,4,4,4,2,4,16,True,0.003,1,0,0.31800568103790283,0.3307276964187622,0.110242560505867,0.35126662254333496,1.723315715789795,-0.3467486798763275,2.0700645446777344
scaling-tuned-adamw-10seeds-v1,cell-007-8736a677897e,7,C32-d8-L2-H4-m4-ffn16,2,800,800,8,8,32,4,4,4,2,4,16,True,0.003,1,1,0.44127920269966125,0.21653366088867188,0.07217788696289062,0.34218713641166687,3.2726564407348633,0.3571896553039551,2.915466785430908
scaling-tuned-adamw-10seeds-v1,cell-007-8736a677897e,7,C32-d8-L2-H4-m4-ffn16,2,800,800,8,8,32,4,4,4,2,4,16,True,0.003,1,2,0.2637454867362976,0.380095899105072,0.12669864296913147,0.35615864396095276,0.8967459201812744,-0.30830416083335876,1.2050502300262451
scaling-tuned-adamw-10seeds-v1,cell-007-8736a677897e,7,C32-d8-L2-H4-m4-ffn16,2,800,800,8,8,32,4,4,4,2,4,16,True,0.003,1,3,0.35902512073516846,0.4045490026473999,0.1348496675491333,0.23642587661743164,1.2144548892974854,0.46738100051879883,0.7470738887786865
scaling-tuned-adamw-10seeds-v1,cell-007-8736a677897e,7,C32-d8-L2-H4-m4-ffn16,3,0,800,8,8,32,4,4,4,2,4,16,True,0.003,0,0,0.16778744757175446,0.7097783088684082,0.23659276962280273,0.12243425846099854,-0.6187838315963745,0.20928463339805603,-0.8280684947967529
scaling-tuned-adamw-10seeds-v1,cell-007-8736a677897e,7,C32-d8-L2-H4-m4-ffn16,3,0,800,8,8,32,4,4,4,2,4,16,True,0.003,0,1,0.1664571911096573,0.49821943044662476,0.16607314348220825,0.33532336354255676,-0.0748106837272644,-0.7581436634063721,0.6833330392837524
scaling-tuned-adamw-10seeds-v1,cell-007-8736a677897e,7,C32-d8-L2-H4-m4-ffn16,3,0,800,8,8,32,4,4,4,2,4,16,True,0.003,0,2,0.13732320070266724,0.43295764923095703,0.14431923627853394,0.42971915006637573,-0.12609808146953583,-1.212125301361084,1.0860271453857422
scaling-tuned-adamw-10seeds-v1,cell-007-8736a677897e,7,C32-d8-L2-H4-m4-ffn16,3,0,800,8,8,32,4,4,4,2,4,16,True,0.003,0,3,0.18141904473304749,0.6419335007667542,0.21397782862186432,0.17664751410484314,-0.4145260453224182,-0.09498147666454315,-0.3195445239543915
scaling-tuned-adamw-10seeds-v1,cell-007-8736a677897e,7,C32-d8-L2-H4-m4-ffn16,3,0,800,8,8,32,4,4,4,2,4,16,True,0.003,1,0,0.21398872137069702,0.6894608736038208,0.22982031106948853,0.096550352871418,-0.3993179202079773,0.8278400897979736,-1.2271580696105957
scaling-tuned-adamw-10seeds-v1,cell-007-8736a677897e,7,C32-d8-L2-H4-m4-ffn16,3,0,800,8,8,32,4,4,4,2,4,16,True,0.003,1,1,0.1443634033203125,0.44228875637054443,0.14742960035800934,0.41334784030914307,-0.4474174976348877,-1.5198547840118408,1.0724372863769531
scaling-tuned-adamw-10seeds-v1,cell-007-8736a677897e,7,C32-d8-L2-H4-m4-ffn16,3,0,800,8,8,32,4,4,4,2,4,16,True,0.003,1,2,0.23255383968353271,0.565239429473877,0.18841314315795898,0.20220673084259033,0.06864118576049805,0.15279918909072876,-0.08415800333023071
scaling-tuned-adamw-10seeds-v1,cell-007-8736a677897e,7,C32-d8-L2-H4-m4-ffn16,3,0,800,8,8,32,4,4,4,2,4,16,True,0.003,1,3,0.1917324662208557,0.656954288482666,0.21898475289344788,0.15131324529647827,-0.28690266609191895,0.19202087819576263,-0.47892358899116516
scaling-tuned-adamw-10seeds-v1,cell-007-8736a677897e,7,C32-d8-L2-H4-m4-ffn16,3,800,800,8,8,32,4,4,4,2,4,16,True,0.003,0,0,0.2520676553249359,0.5145860314369202,0.1715286672115326,0.2333463430404663,0.3780505657196045,0.08169464766979218,0.2963559031486511
scaling-tuned-adamw-10seeds-v1,cell-007-8736a677897e,7,C32-d8-L2-H4-m4-ffn16,3,800,800,8,8,32,4,4,4,2,4,16,True,0.003,0,1,0.3343609869480133,0.36858099699020386,0.12286032736301422,0.2970580458641052,1.0024009943008423,0.12228275835514069,0.8801183104515076
scaling-tuned-adamw-10seeds-v1,cell-007-8736a677897e,7,C32-d8-L2-H4-m4-ffn16,3,800,800,8,8,32,4,4,4,2,4,16,True,0.003,0,2,0.15469574928283691,0.361944317817688,0.12064811587333679,0.4833599328994751,0.4132610857486725,-1.5356557369232178,1.9489169120788574
scaling-tuned-adamw-10seeds-v1,cell-007-8736a677897e,7,C32-d8-L2-H4-m4-ffn16,3,800,800,8,8,32,4,4,4,2,4,16,True,0.003,0,3,0.18442754447460175,0.4264567494392395,0.14215227961540222,0.38911566138267517,0.30083924531936646,-0.8153378963470459,1.1161770820617676
scaling-tuned-adamw-10seeds-v1,cell-007-8736a677897e,7,C32-d8-L2-H4-m4-ffn16,3,800,800,8,8,32,4,4,4,2,4,16,True,0.003,1,0,0.6482375264167786,0.07274547219276428,0.02424849011003971,0.27901700139045715,11.32147216796875,1.2610876560211182,10.060384750366211
scaling-tuned-adamw-10seeds-v1,cell-007-8736a677897e,7,C32-d8-L2-H4-m4-ffn16,3,800,800,8,8,32,4,4,4,2,4,16,True,0.003,1,1,0.4433531165122986,0.11753097176551819,0.03917699307203293,0.4391159117221832,4.826183319091797,-0.16553741693496704,4.991721153259277
scaling-tuned-adamw-10seeds-v1,cell-007-8736a677897e,7,C32-d8-L2-H4-m4-ffn16,3,800,800,8,8,32,4,4,4,2,4,16,True,0.003,1,2,0.3305899500846863,0.15242648124694824,0.050808828324079514,0.5169835686683655,3.2436842918395996,-0.93567955493927,4.17936372756958
scaling-tuned-adamw-10seeds-v1,cell-007-8736a677897e,7,C32-d8-L2-H4-m4-ffn16,3,800,800,8,8,32,4,4,4,2,4,16,True,0.003,1,3,0.33464598655700684,0.25357359647750854,0.08452454209327698,0.41178035736083984,2.7534103393554688,-0.3118157982826233,3.065225839614868
scaling-tuned-adamw-10seeds-v1,cell-007-8736a677897e,7,C32-d8-L2-H4-m4-ffn16,4,0,800,8,8,32,4,4,4,2,4,16,True,0.003,0,0,0.19258125126361847,0.6387752294540405,0.21292507648468018,0.16864356398582458,-0.2699790298938751,0.0559467114508152,-0.3259257376194
scaling-tuned-adamw-10seeds-v1,cell-007-8736a677897e,7,C32-d8-L2-H4-m4-ffn16,4,0,800,8,8,32,4,4,4,2,4,16,True,0.003,0,1,0.20788511633872986,0.6573556065559387,0.21911853551864624,0.13475927710533142,-0.15474833548069,0.5093628764152527,-0.6641111373901367
scaling-tuned-adamw-10seeds-v1,cell-007-8736a677897e,7,C32-d8-L2-H4-m4-ffn16,4,0,800,8,8,32,4,4,4,2,4,16,True,0.003,0,2,0.171687513589859,0.6062038540840149,0.20206795632839203,0.2221086174249649,-0.3628760576248169,-0.33722570538520813,-0.025650393217802048
scaling-tuned-adamw-10seeds-v1,cell-007-8736a677897e,7,C32-d8-L2-H4-m4-ffn16,4,0,800,8,8,32,4,4,4,2,4,16,True,0.003,0,3,0.20911258459091187,0.6320382952690125,0.21067944169044495,0.1588490903377533,-0.10156108438968658,0.2840983271598816,-0.385659396648407
scaling-tuned-adamw-10seeds-v1,cell-007-8736a677897e,7,C32-d8-L2-H4-m4-ffn16,4,0,800,8,8,32,4,4,4,2,4,16,True,0.003,1,0,0.19970980286598206,0.6287834048271179,0.2095944732427597,0.17150679230690002,-0.2162093073129654,0.12350260466337204,-0.33971190452575684
scaling-tuned-adamw-10seeds-v1,cell-007-8736a677897e,7,C32-d8-L2-H4-m4-ffn16,4,0,800,8,8,32,4,4,4,2,4,16,True,0.003,1,1,0.205236554145813,0.5966980457305908,0.19889935851097107,0.1980654001235962,0.01359949354082346,0.05786643922328949,-0.044266946613788605
scaling-tuned-adamw-10seeds-v1,cell-007-8736a677897e,7,C32-d8-L2-H4-m4-ffn16,4,0,800,8,8,32,4,4,4,2,4,16,True,0.003,1,2,0.1954355537891388,0.6257474422454834,0.20858247578144073,0.1788170039653778,-0.12019753456115723,0.07384239882230759,-0.1940399408340454
scaling-tuned-adamw-10seeds-v1,cell-007-8736a677897e,7,C32-d8-L2-H4-m4-ffn16,4,0,800,8,8,32,4,4,4,2,4,16,True,0.003,1,3,0.19162744283676147,0.5812366604804993,0.19374556839466095,0.22713588178157806,-0.04959816485643387,-0.16607558727264404,0.11647742986679077
scaling-tuned-adamw-10seeds-v1,cell-007-8736a677897e,7,C32-d8-L2-H4-m4-ffn16,4,800,800,8,8,32,4,4,4,2,4,16,True,0.003,0,0,0.3075099587440491,0.46269869804382324,0.15423288941383362,0.2297913134098053,0.5580214858055115,0.13646194338798523,0.42155957221984863
scaling-tuned-adamw-10seeds-v1,cell-007-8736a677897e,7,C32-d8-L2-H4-m4-ffn16,4,800,800,8,8,32,4,4,4,2,4,16,True,0.003,0,1,0.5257141590118408,0.23071293532848358,0.07690431922674179,0.24357286095619202,2.6821303367614746,1.014534592628479,1.6675961017608643
scaling-tuned-adamw-10seeds-v1,cell-007-8736a677897e,7,C32-d8-L2-H4-m4-ffn16,4,800,800,8,8,32,4,4,4,2,4,16,True,0.003,0,2,0.3225597143173218,0.5165103673934937,0.17217011749744415,0.16092994809150696,0.507087767124176,0.8220743536949158,-0.3149866461753845
scaling-tuned-adamw-10seeds-v1,cell-007-8736a677897e,7,C32-d8-L2-H4-m4-ffn16,4,800,800,8,8,32,4,4,4,2,4,16,True,0.003,0,3,0.3161497712135315,0.47338247299194336,0.15779416263103485,0.21046775579452515,0.5343472957611084,0.34917759895324707,0.18516971170902252
scaling-tuned-adamw-10seeds-v1,cell-007-8736a677897e,7,C32-d8-L2-H4-m4-ffn16,4,800,800,8,8,32,4,4,4,2,4,16,True,0.003,1,0,0.37800198793411255,0.4911336898803711,0.16371123492717743,0.13086429238319397,0.9642384648323059,1.1804765462875366,-0.21623799204826355
scaling-tuned-adamw-10seeds-v1,cell-007-8736a677897e,7,C32-d8-L2-H4-m4-ffn16,4,800,800,8,8,32,4,4,4,2,4,16,True,0.003,1,1,0.13905635476112366,0.3889423608779907,0.12964746356010437,0.4720012843608856,-0.0063589224591851234,-1.3846256732940674,1.3782668113708496
scaling-tuned-adamw-10seeds-v1,cell-007-8736a677897e,7,C32-d8-L2-H4-m4-ffn16,4,800,800,8,8,32,4,4,4,2,4,16,True,0.003,1,2,0.31633540987968445,0.4963817000389099,0.16546055674552917,0.18728290498256683,0.6332916021347046,0.6827000379562378,-0.0494084469974041
scaling-tuned-adamw-10seeds-v1,cell-007-8736a677897e,7,C32-d8-L2-H4-m4-ffn16,4,800,800,8,8,32,4,4,4,2,4,16,True,0.003,1,3,0.2257627546787262,0.292729914188385,0.09757664054632187,0.4815073311328888,0.918307363986969,-1.059577465057373,1.9778850078582764
scaling-tuned-adamw-10seeds-v1,cell-007-8736a677897e,7,C32-d8-L2-H4-m4-ffn16,5,0,800,8,8,32,4,4,4,2,4,16,True,0.003,0,0,0.18868611752986908,0.6371361613273621,0.21237872540950775,0.17417773604393005,-0.2869521379470825,0.06539938598871231,-0.3523515462875366
scaling-tuned-adamw-10seeds-v1,cell-007-8736a677897e,7,C32-d8-L2-H4-m4-ffn16,5,0,800,8,8,32,4,4,4,2,4,16,True,0.003,0,1,0.23613055050373077,0.7086154222488403,0.23620513081550598,0.05525405704975128,-0.2832108438014984,1.4536418914794922,-1.7368526458740234
scaling-tuned-adamw-10seeds-v1,cell-007-8736a677897e,7,C32-d8-L2-H4-m4-ffn16,5,0,800,8,8,32,4,4,4,2,4,16,True,0.003,0,2,0.24154865741729736,0.7105463147163391,0.23684877157211304,0.047905027866363525,-0.12213830649852753,2.2773213386535645,-2.3994596004486084
scaling-tuned-adamw-10seeds-v1,cell-007-8736a677897e,7,C32-d8-L2-H4-m4-ffn16,5,0,800,8,8,32,4,4,4,2,4,16,True,0.003,0,3,0.1855446994304657,0.6199593544006348,0.20665311813354492,0.19449594616889954,-0.5785722732543945,-0.4391363561153412,-0.13943585753440857
scaling-tuned-adamw-10seeds-v1,cell-007-8736a677897e,7,C32-d8-L2-H4-m4-ffn16,5,0,800,8,8,32,4,4,4,2,4,16,True,0.003,1,0,0.19751906394958496,0.5867811441421509,0.1955937296152115,0.21569976210594177,-0.012651114724576473,-0.0831957757472992,0.07054466009140015
scaling-tuned-adamw-10seeds-v1,cell-007-8736a677897e,7,C32-d8-L2-H4-m4-ffn16,5,0,800,8,8,32,4,4,4,2,4,16,True,0.003,1,1,0.22208654880523682,0.5819984674453735,0.1939994990825653,0.19591495394706726,0.07923197746276855,0.33144259452819824,-0.2522106468677521
scaling-tuned-adamw-10seeds-v1,cell-007-8736a677897e,7,C32-d8-L2-H4-m4-ffn16,5,0,800,8,8,32,4,4,4,2,4,16,True,0.003,1,2,0.2129233032464981,0.6526356935501099,0.21754524111747742,0.13444098830223083,-0.18213173747062683,0.7215038537979126,-0.9036356210708618
scaling-tuned-adamw-10seeds-v1,cell-007-8736a677897e,7,C32-d8-L2-H4-m4-ffn16,5,0,800,8,8,32,4,4,4,2,4,16,True,0.003,1,3,0.21728098392486572,0.6143803596496582,0.20479343831539154,0.16833868622779846,-0.012386836111545563,0.231037899851799,-0.24342474341392517
scaling-tuned-adamw-10seeds-v1,cell-007-8736a677897e,7,C32-d8-L2-H4-m4-ffn16,5,800,800,8,8,32,4,4,4,2,4,16,True,0.003,0,0,0.130506694316864,0.5713061094284058,0.19043537974357605,0.2981871962547302,-5.567773342132568,-5.4271321296691895,-0.14064109325408936
scaling-tuned-adamw-10seeds-v1,cell-007-8736a677897e,7,C32-d8-L2-H4-m4-ffn16,5,800,800,8,8,32,4,4,4,2,4,16,True,0.003,0,1,0.39136597514152527,0.5549849271774292,0.18499499559402466,0.05364907160401344,0.7291654348373413,3.2536919116973877,-2.524526596069336
scaling-tuned-adamw-10seeds-v1,cell-007-8736a677897e,7,C32-d8-L2-H4-m4-ffn16,5,800,800,8,8,32,4,4,4,2,4,16,True,0.003,0,2,0.36014288663864136,0.2385302633047104,0.07951009273529053,0.40132683515548706,1.8369698524475098,0.05067259073257446,1.78629732131958
scaling-tuned-adamw-10seeds-v1,cell-007-8736a677897e,7,C32-d8-L2-H4-m4-ffn16,5,800,800,8,8,32,4,4,4,2,4,16,True,0.003,0,3,0.3427470922470093,0.3143114447593689,0.1047704890370369,0.3429414629936218,1.241138219833374,-0.13136005401611328,1.3724982738494873
scaling-tuned-adamw-10seeds-v1,cell-007-8736a677897e,7,C32-d8-L2-H4-m4-ffn16,5,800,800,8,8,32,4,4,4,2,4,16,True,0.003,1,0,0.16896961629390717,0.43767815828323364,0.14589270949363708,0.393352210521698,0.2495558261871338,-0.6476485729217529,0.8972043991088867
scaling-tuned-adamw-10seeds-v1,cell-007-8736a677897e,7,C32-d8-L2-H4-m4-ffn16,5,800,800,8,8,32,4,4,4,2,4,16,True,0.003,1,1,0.2912943363189697,0.5087680816650391,0.1695893406867981,0.1999376267194748,-0.6620947122573853,0.9283666014671326,-1.5904613733291626
scaling-tuned-adamw-10seeds-v1,cell-007-8736a677897e,7,C32-d8-L2-H4-m4-ffn16,5,800,800,8,8,32,4,4,4,2,4,16,True,0.003,1,2,0.25076013803482056,0.49264615774154663,0.16421540081501007,0.25659364461898804,0.4299205243587494,0.5924650430679321,-0.16254442930221558
scaling-tuned-adamw-10seeds-v1,cell-007-8736a677897e,7,C32-d8-L2-H4-m4-ffn16,5,800,800,8,8,32,4,4,4,2,4,16,True,0.003,1,3,0.19031520187854767,0.4885355234146118,0.162845179438591,0.32114923000335693,-0.35504013299942017,-1.017464280128479,0.6624240875244141
scaling-tuned-adamw-10seeds-v1,cell-007-8736a677897e,7,C32-d8-L2-H4-m4-ffn16,6,0,800,8,8,32,4,4,4,2,4,16,True,0.003,0,0,0.18677262961864471,0.5665937662124634,0.1888645887374878,0.2466336488723755,-0.05820927396416664,-0.19613873958587646,0.13792946934700012
scaling-tuned-adamw-10seeds-v1,cell-007-8736a677897e,7,C32-d8-L2-H4-m4-ffn16,6,0,800,8,8,32,4,4,4,2,4,16,True,0.003,0,1,0.17973652482032776,0.6266529560089111,0.2088843137025833,0.1936105489730835,-0.33071815967559814,0.03173348307609558,-0.36245158314704895
scaling-tuned-adamw-10seeds-v1,cell-007-8736a677897e,7,C32-d8-L2-H4-m4-ffn16,6,0,800,8,8,32,4,4,4,2,4,16,True,0.003,0,2,0.15995435416698456,0.42510953545570374,0.14170318841934204,0.4149361252784729,0.137902170419693,-0.9753903746604919,1.1132924556732178
scaling-tuned-adamw-10seeds-v1,cell-007-8736a677897e,7,C32-d8-L2-H4-m4-ffn16,6,0,800,8,8,32,4,4,4,2,4,16,True,0.003,0,3,0.14513826370239258,0.4624386131763458,0.154146209359169,0.392423152923584,-0.20459875464439392,-0.8502677083015442,0.6456689834594727
scaling-tuned-adamw-10seeds-v1,cell-007-8736a677897e,7,C32-d8-L2-H4-m4-ffn16,6,0,800,8,8,32,4,4,4,2,4,16,True,0.003,1,0,0.1666235774755478,0.7215001583099365,0.2405000627040863,0.11187626421451569,-0.5739158391952515,0.5618991851806641,-1.1358150243759155
scaling-tuned-adamw-10seeds-v1,cell-007-8736a677897e,7,C32-d8-L2-H4-m4-ffn16,6,0,800,8,8,32,4,4,4,2,4,16,True,0.003,1,1,0.1855623871088028,0.6692907810211182,0.22309693694114685,0.14514681696891785,-0.23708871006965637,0.28580576181411743,-0.5228945016860962
scaling-tuned-adamw-10seeds-v1,cell-007-8736a677897e,7,C32-d8-L2-H4-m4-ffn16,6,0,800,8,8,32,4,4,4,2,4,16,True,0.003,1,2,0.1846945583820343,0.6814547181129456,0.22715158760547638,0.13385069370269775,-0.3187016546726227,0.45661643147468567,-0.7753180265426636
scaling-tuned-adamw-10seeds-v1,cell-007-8736a677897e,7,C32-d8-L2-H4-m4-ffn16,6,0,800,8,8,32,4,4,4,2,4,16,True,0.003,1,3,0.20498716831207275,0.5967423915863037,0.19891412556171417,0.19827046990394592,-0.014611376449465752,0.044559579342603683,-0.05917095020413399
scaling-tuned-adamw-10seeds-v1,cell-007-8736a677897e,7,C32-d8-L2-H4-m4-ffn16,6,800,800,8,8,32,4,4,4,2,4,16,True,0.003,0,0,0.3692764639854431,0.19625520706176758,0.06541840732097626,0.4344683587551117,2.6166012287139893,-0.046543434262275696,2.663144588470459
scaling-tuned-adamw-10seeds-v1,cell-007-8736a677897e,7,C32-d8-L2-H4-m4-ffn16,6,800,800,8,8,32,4,4,4,2,4,16,True,0.003,0,1,0.34915608167648315,0.3739994466304779,0.1246664822101593,0.27684450149536133,1.0628349781036377,0.06616145372390747,0.9966734647750854
scaling-tuned-adamw-10seeds-v1,cell-007-8736a677897e,7,C32-d8-L2-H4-m4-ffn16,6,800,800,8,8,32,4,4,4,2,4,16,True,0.003,0,2,0.39760822057724,0.21211877465248108,0.07070626318454742,0.3902730345726013,2.920076847076416,-0.011676345020532608,2.931753396987915
scaling-tuned-adamw-10seeds-v1,cell-007-8736a677897e,7,C32-d8-L2-H4-m4-ffn16,6,800,800,8,8,32,4,4,4,2,4,16,True,0.003,0,3,0.2969316840171814,0.3000097870826721,0.10000326484441757,0.4030585289001465,1.3610284328460693,0.17152656614780426,1.1895020008087158
scaling-tuned-adamw-10seeds-v1,cell-007-8736a677897e,7,C32-d8-L2-H4-m4-ffn16,6,800,800,8,8,32,4,4,4,2,4,16,True,0.003,1,0,0.2529146075248718,0.5394936800003052,0.17983122169971466,0.20759177207946777,0.20894965529441833,0.22845856845378876,-0.019508913159370422
scaling-tuned-adamw-10seeds-v1,cell-007-8736a677897e,7,C32-d8-L2-H4-m4-ffn16,6,800,800,8,8,32,4,4,4,2,4,16,True,0.003,1,1,0.2858901023864746,0.3940994441509247,0.13136649131774902,0.3200104236602783,0.7894869446754456,-0.1819125860929489,0.9713995456695557
scaling-tuned-adamw-10seeds-v1,cell-007-8736a677897e,7,C32-d8-L2-H4-m4-ffn16,6,800,800,8,8,32,4,4,4,2,4,16,True,0.003,1,2,0.3192726969718933,0.3254231810569763,0.10847440361976624,0.35530412197113037,1.8062933683395386,-0.06037667393684387,1.86667001247406
scaling-tuned-adamw-10seeds-v1,cell-007-8736a677897e,7,C32-d8-L2-H4-m4-ffn16,6,800,800,8,8,32,4,4,4,2,4,16,True,0.003,1,3,0.3351553678512573,0.36262795329093933,0.12087598443031311,0.30221670866012573,1.2538282871246338,0.3293010890483856,0.9245271682739258
scaling-tuned-adamw-10seeds-v1,cell-007-8736a677897e,7,C32-d8-L2-H4-m4-ffn16,7,0,800,8,8,32,4,4,4,2,4,16,True,0.003,0,0,0.20126530528068542,0.6625065207481384,0.22083550691604614,0.13622815907001495,-0.1857878863811493,0.4617256820201874,-0.6475136280059814
scaling-tuned-adamw-10seeds-v1,cell-007-8736a677897e,7,C32-d8-L2-H4-m4-ffn16,7,0,800,8,8,32,4,4,4,2,4,16,True,0.003,0,1,0.20093664526939392,0.6547764539718628,0.2182588130235672,0.14428693056106567,-0.27343693375587463,0.25569725036621094,-0.5291341543197632
scaling-tuned-adamw-10seeds-v1,cell-007-8736a677897e,7,C32-d8-L2-H4-m4-ffn16,7,0,800,8,8,32,4,4,4,2,4,16,True,0.003,0,2,0.1746198832988739,0.546272873878479,0.18209096789360046,0.2791072726249695,-0.11065065860748291,-0.5019083023071289,0.391257643699646
scaling-tuned-adamw-10seeds-v1,cell-007-8736a677897e,7,C32-d8-L2-H4-m4-ffn16,7,0,800,8,8,32,4,4,4,2,4,16,True,0.003,0,3,0.22488591074943542,0.605779767036438,0.201926589012146,0.1693343073129654,0.029222043231129646,0.2794310450553894,-0.2502090334892273
scaling-tuned-adamw-10seeds-v1,cell-007-8736a677897e,7,C32-d8-L2-H4-m4-ffn16,7,0,800,8,8,32,4,4,4,2,4,16,True,0.003,1,0,0.16844022274017334,0.5039337277412415,0.16797789931297302,0.3276260495185852,-0.10090771317481995,-0.6183104515075684,0.5174027681350708
scaling-tuned-adamw-10seeds-v1,cell-007-8736a677897e,7,C32-d8-L2-H4-m4-ffn16,7,0,800,8,8,32,4,4,4,2,4,16,True,0.003,1,1,0.16955293715000153,0.576577365398407,0.1921924650669098,0.2538697123527527,-0.37327682971954346,-0.5473208427429199,0.17404402792453766
scaling-tuned-adamw-10seeds-v1,cell-007-8736a677897e,7,C32-d8-L2-H4-m4-ffn16,7,0,800,8,8,32,4,4,4,2,4,16,True,0.003,1,2,0.20465092360973358,0.5922403335571289,0.19741344451904297,0.20310872793197632,0.010212346911430359,0.016295090317726135,-0.006082744337618351
scaling-tuned-adamw-10seeds-v1,cell-007-8736a677897e,7,C32-d8-L2-H4-m4-ffn16,7,0,800,8,8,32,4,4,4,2,4,16,True,0.003,1,3,0.201660618185997,0.5214201211929321,0.17380669713020325,0.27691930532455444,0.09858822822570801,-0.33397355675697327,0.4325617849826813
scaling-tuned-adamw-10seeds-v1,cell-007-8736a677897e,7,C32-d8-L2-H4-m4-ffn16,7,800,800,8,8,32,4,4,4,2,4,16,True,0.003,0,0,0.4296170771121979,0.3214613199234009,0.10715377330780029,0.24892161786556244,1.8096058368682861,0.951641321182251,0.8579646348953247
scaling-tuned-adamw-10seeds-v1,cell-007-8736a677897e,7,C32-d8-L2-H4-m4-ffn16,7,800,800,8,8,32,4,4,4,2,4,16,True,0.003,0,1,0.24510174989700317,0.5565827488899231,0.18552759289741516,0.19831550121307373,0.20586639642715454,0.16882099211215973,0.03704538941383362
scaling-tuned-adamw-10seeds-v1,cell-007-8736a677897e,7,C32-d8-L2-H4-m4-ffn16,7,800,800,8,8,32,4,4,4,2,4,16,True,0.003,0,2,0.3673068881034851,0.3684881329536438,0.122829370200634,0.2642049789428711,1.371001958847046,0.2748206555843353,1.0961812734603882
scaling-tuned-adamw-10seeds-v1,cell-007-8736a677897e,7,C32-d8-L2-H4-m4-ffn16,7,800,800,8,8,32,4,4,4,2,4,16,True,0.003,0,3,0.5743198394775391,0.24401473999023438,0.08133825659751892,0.18166540563106537,3.6443471908569336,1.1507279872894287,2.493619203567505
scaling-tuned-adamw-10seeds-v1,cell-007-8736a677897e,7,C32-d8-L2-H4-m4-ffn16,7,800,800,8,8,32,4,4,4,2,4,16,True,0.003,1,0,0.10270094126462936,0.7718519568443298,0.2572839856147766,0.1254471242427826,-1.2866575717926025,-0.2042342722415924,-1.082423448562622
scaling-tuned-adamw-10seeds-v1,cell-007-8736a677897e,7,C32-d8-L2-H4-m4-ffn16,7,800,800,8,8,32,4,4,4,2,4,16,True,0.003,1,1,0.237103670835495,0.4806920886039734,0.16023069620132446,0.2822042405605316,0.3946762681007385,-0.15058597922325134,0.5452622175216675
scaling-tuned-adamw-10seeds-v1,cell-007-8736a677897e,7,C32-d8-L2-H4-m4-ffn16,7,800,800,8,8,32,4,4,4,2,4,16,True,0.003,1,2,0.20792610943317413,0.5148425102233887,0.1716141700744629,0.2772313952445984,0.19173389673233032,-0.26571691036224365,0.457450807094574
scaling-tuned-adamw-10seeds-v1,cell-007-8736a677897e,7,C32-d8-L2-H4-m4-ffn16,7,800,800,8,8,32,4,4,4,2,4,16,True,0.003,1,3,0.1849086582660675,0.5708965063095093,0.19029885530471802,0.24419480562210083,-0.059251535683870316,-0.2419789582490921,0.18272742629051208
scaling-tuned-adamw-10seeds-v1,cell-007-8736a677897e,7,C32-d8-L2-H4-m4-ffn16,8,0,800,8,8,32,4,4,4,2,4,16,True,0.003,0,0,0.21559077501296997,0.5558117032051086,0.18527056276798248,0.22859755158424377,0.13238799571990967,0.08468972146511078,0.04769826680421829
scaling-tuned-adamw-10seeds-v1,cell-007-8736a677897e,7,C32-d8-L2-H4-m4-ffn16,8,0,800,8,8,32,4,4,4,2,4,16,True,0.003,0,1,0.1974717378616333,0.720863938331604,0.24028798937797546,0.0816643089056015,-0.5718940496444702,0.657380998134613,-1.229275107383728
scaling-tuned-adamw-10seeds-v1,cell-007-8736a677897e,7,C32-d8-L2-H4-m4-ffn16,8,0,800,8,8,32,4,4,4,2,4,16,True,0.003,0,2,0.20307251811027527,0.7067440152168274,0.23558135330677032,0.09018344432115555,-0.3039608597755432,0.7536370754241943,-1.0575979948043823
scaling-tuned-adamw-10seeds-v1,cell-007-8736a677897e,7,C32-d8-L2-H4-m4-ffn16,8,0,800,8,8,32,4,4,4,2,4,16,True,0.003,0,3,0.20611993968486786,0.6248922944068909,0.20829743146896362,0.1689877212047577,-0.1715245544910431,0.17531119287014008,-0.346835732460022
scaling-tuned-adamw-10seeds-v1,cell-007-8736a677897e,7,C32-d8-L2-H4-m4-ffn16,8,0,800,8,8,32,4,4,4,2,4,16,True,0.003,1,0,0.19315044581890106,0.5893285870552063,0.1964428722858429,0.21752095222473145,-0.06169383227825165,-0.12153445929288864,0.05984063073992729
scaling-tuned-adamw-10seeds-v1,cell-007-8736a677897e,7,C32-d8-L2-H4-m4-ffn16,8,0,800,8,8,32,4,4,4,2,4,16,True,0.003,1,1,0.1858520805835724,0.6597145795822144,0.2199048548936844,0.15443335473537445,-0.36278319358825684,0.09173722565174103,-0.45452040433883667
scaling-tuned-adamw-10seeds-v1,cell-007-8736a677897e,7,C32-d8-L2-H4-m4-ffn16,8,0,800,8,8,32,4,4,4,2,4,16,True,0.003,1,2,0.24033591151237488,0.6386511325836182,0.21288371086120605,0.12101295590400696,0.08158452808856964,0.7539864182472229,-0.6724019050598145
scaling-tuned-adamw-10seeds-v1,cell-007-8736a677897e,7,C32-d8-L2-H4-m4-ffn16,8,0,800,8,8,32,4,4,4,2,4,16,True,0.003,1,3,0.20103371143341064,0.6443338394165039,0.21477794647216797,0.15463247895240784,-0.14650648832321167,0.25852686166763306,-0.4050333797931671
scaling-tuned-adamw-10seeds-v1,cell-007-8736a677897e,7,C32-d8-L2-H4-m4-ffn16,8,800,800,8,8,32,4,4,4,2,4,16,True,0.003,0,0,0.2086157500743866,0.42005205154418945,0.14001736044883728,0.37133216857910156,0.4467192590236664,-0.5384236574172974,0.9851429462432861
scaling-tuned-adamw-10seeds-v1,cell-007-8736a677897e,7,C32-d8-L2-H4-m4-ffn16,8,800,800,8,8,32,4,4,4,2,4,16,True,0.003,0,1,0.19711938500404358,0.6347967982292175,0.2115989476442337,0.1680838167667389,-0.13823817670345306,0.17168353497982025,-0.3099217116832733
scaling-tuned-adamw-10seeds-v1,cell-007-8736a677897e,7,C32-d8-L2-H4-m4-ffn16,8,800,800,8,8,32,4,4,4,2,4,16,True,0.003,0,2,0.2599520683288574,0.5903002619743347,0.19676676392555237,0.14974769949913025,0.14873547852039337,0.5486809611320496,-0.3999454975128174
scaling-tuned-adamw-10seeds-v1,cell-007-8736a677897e,7,C32-d8-L2-H4-m4-ffn16,8,800,800,8,8,32,4,4,4,2,4,16,True,0.003,0,3,0.35780245065689087,0.3612034320831299,0.12040114402770996,0.280994176864624,1.2100934982299805,0.3420346677303314,0.8680588006973267
scaling-tuned-adamw-10seeds-v1,cell-007-8736a677897e,7,C32-d8-L2-H4-m4-ffn16,8,800,800,8,8,32,4,4,4,2,4,16,True,0.003,1,0,0.2517448663711548,0.5052028894424438,0.16840097308158875,0.24305221438407898,0.3193204700946808,0.028812306001782417,0.2905081510543823
scaling-tuned-adamw-10seeds-v1,cell-007-8736a677897e,7,C32-d8-L2-H4-m4-ffn16,8,800,800,8,8,32,4,4,4,2,4,16,True,0.003,1,1,0.28479692339897156,0.5251451134681702,0.17504838109016418,0.19005794823169708,0.21028199791908264,0.4614250063896179,-0.2511430084705353
scaling-tuned-adamw-10seeds-v1,cell-007-8736a677897e,7,C32-d8-L2-H4-m4-ffn16,8,800,800,8,8,32,4,4,4,2,4,16,True,0.003,1,2,0.44149303436279297,0.1956484317779541,0.06521614640951157,0.36285853385925293,2.7902426719665527,0.5236471891403198,2.2665958404541016
scaling-tuned-adamw-10seeds-v1,cell-007-8736a677897e,7,C32-d8-L2-H4-m4-ffn16,8,800,800,8,8,32,4,4,4,2,4,16,True,0.003,1,3,0.7150591611862183,0.1693897843360901,0.05646326020359993,0.11555111408233643,5.270130157470703,3.1533823013305664,2.1167478561401367
scaling-tuned-adamw-10seeds-v1,cell-007-8736a677897e,7,C32-d8-L2-H4-m4-ffn16,9,0,800,8,8,32,4,4,4,2,4,16,True,0.003,0,0,0.20522546768188477,0.6324830651283264,0.21082770824432373,0.16229143738746643,-0.06699201464653015,0.26488974690437317,-0.3318817615509033
scaling-tuned-adamw-10seeds-v1,cell-007-8736a677897e,7,C32-d8-L2-H4-m4-ffn16,9,0,800,8,8,32,4,4,4,2,4,16,True,0.003,0,1,0.20060652494430542,0.6213501691818237,0.2071167230606079,0.17804332077503204,-0.08115311712026596,0.18801262974739075,-0.2691657245159149
scaling-tuned-adamw-10seeds-v1,cell-007-8736a677897e,7,C32-d8-L2-H4-m4-ffn16,9,0,800,8,8,32,4,4,4,2,4,16,True,0.003,0,2,0.1294475793838501,0.5141744613647461,0.17139148712158203,0.3563780188560486,-0.4432471990585327,-1.1415739059448242,0.6983267664909363
scaling-tuned-adamw-10seeds-v1,cell-007-8736a677897e,7,C32-d8-L2-H4-m4-ffn16,9,0,800,8,8,32,4,4,4,2,4,16,True,0.003,0,3,0.11098538339138031,0.38325515389442444,0.12775172293186188,0.5057594776153564,-0.22005853056907654,-1.6356887817382812,1.4156302213668823
scaling-tuned-adamw-10seeds-v1,cell-007-8736a677897e,7,C32-d8-L2-H4-m4-ffn16,9,0,800,8,8,32,4,4,4,2,4,16,True,0.003,1,0,0.21473273634910583,0.6676849126815796,0.22256164252758026,0.11758235841989517,-0.12263231724500656,0.6770734190940857,-0.7997057437896729
scaling-tuned-adamw-10seeds-v1,cell-007-8736a677897e,7,C32-d8-L2-H4-m4-ffn16,9,0,800,8,8,32,4,4,4,2,4,16,True,0.003,1,1,0.18435457348823547,0.5892203450202942,0.1964067816734314,0.22642506659030914,-0.10464639961719513,-0.03997281566262245,-0.06467358022928238
scaling-tuned-adamw-10seeds-v1,cell-007-8736a677897e,7,C32-d8-L2-H4-m4-ffn16,9,0,800,8,8,32,4,4,4,2,4,16,True,0.003,1,2,0.17748433351516724,0.5670508742332458,0.18901695311069489,0.2554648220539093,-0.3002697229385376,-0.2722617983818054,-0.028007932007312775
scaling-tuned-adamw-10seeds-v1,cell-007-8736a677897e,7,C32-d8-L2-H4-m4-ffn16,9,0,800,8,8,32,4,4,4,2,4,16,True,0.003,1,3,0.21720337867736816,0.6400421857833862,0.213347390294075,0.142754465341568,-0.016285914927721024,0.579659104347229,-0.5959450602531433
scaling-tuned-adamw-10seeds-v1,cell-007-8736a677897e,7,C32-d8-L2-H4-m4-ffn16,9,800,800,8,8,32,4,4,4,2,4,16,True,0.003,0,0,0.3655017614364624,0.36454421281814575,0.12151475250720978,0.26995402574539185,1.2157399654388428,0.31781718134880066,0.8979228138923645
scaling-tuned-adamw-10seeds-v1,cell-007-8736a677897e,7,C32-d8-L2-H4-m4-ffn16,9,800,800,8,8,32,4,4,4,2,4,16,True,0.003,0,1,0.2704501748085022,0.48402976989746094,0.1613432615995407,0.24552005529403687,0.533164381980896,0.34286051988601685,0.19030384719371796
scaling-tuned-adamw-10seeds-v1,cell-007-8736a677897e,7,C32-d8-L2-H4-m4-ffn16,9,800,800,8,8,32,4,4,4,2,4,16,True,0.003,0,2,0.12452563643455505,0.4197726249694824,0.13992421329021454,0.4557017385959625,-0.5120944976806641,-2.0759620666503906,1.5638678073883057
scaling-tuned-adamw-10seeds-v1,cell-007-8736a677897e,7,C32-d8-L2-H4-m4-ffn16,9,800,800,8,8,32,4,4,4,2,4,16,True,0.003,0,3,0.07265159487724304,0.09125881642103195,0.03041960671544075,0.8360896110534668,0.4515194594860077,-3.67889404296875,4.130413055419922
scaling-tuned-adamw-10seeds-v1,cell-007-8736a677897e,7,C32-d8-L2-H4-m4-ffn16,9,800,800,8,8,32,4,4,4,2,4,16,True,0.003,1,0,0.3745669424533844,0.32199805974960327,0.10733268409967422,0.3034350275993347,1.4317395687103271,0.06682203710079193,1.3649173974990845
scaling-tuned-adamw-10seeds-v1,cell-007-8736a677897e,7,C32-d8-L2-H4-m4-ffn16,9,800,800,8,8,32,4,4,4,2,4,16,True,0.003,1,1,0.3042222261428833,0.37285473942756653,0.12428492307662964,0.3229230046272278,1.1867420673370361,-0.21241050958633423,1.3991526365280151
scaling-tuned-adamw-10seeds-v1,cell-007-8736a677897e,7,C32-d8-L2-H4-m4-ffn16,9,800,800,8,8,32,4,4,4,2,4,16,True,0.003,1,2,0.35238438844680786,0.36861225962638855,0.12287075817584991,0.2790033519268036,0.5717719793319702,-1.5783101320266724,2.1500821113586426
scaling-tuned-adamw-10seeds-v1,cell-007-8736a677897e,7,C32-d8-L2-H4-m4-ffn16,9,800,800,8,8,32,4,4,4,2,4,16,True,0.003,1,3,0.1941801756620407,0.6167867183685303,0.20559556782245636,0.1890331506729126,-0.08904650062322617,0.13682584464550018,-0.22587233781814575
scaling-tuned-adamw-10seeds-v1,cell-011-23683cb9175a,11,C128-d32-L2-H4-m4-ffnnone,0,0,800,32,32,128,4,4,4,2,4,,False,0.003,0,0,0.16897408664226532,0.5558555126190186,0.18528518080711365,0.2751704156398773,-0.2089223712682724,-0.5789121389389038,0.3699897527694702
scaling-tuned-adamw-10seeds-v1,cell-011-23683cb9175a,11,C128-d32-L2-H4-m4-ffnnone,0,0,800,32,32,128,4,4,4,2,4,,False,0.003,0,1,0.21104559302330017,0.6482641696929932,0.21608805656433105,0.14069023728370667,-0.1803874373435974,0.41103920340538025,-0.5914266109466553
scaling-tuned-adamw-10seeds-v1,cell-011-23683cb9175a,11,C128-d32-L2-H4-m4-ffnnone,0,0,800,32,32,128,4,4,4,2,4,,False,0.003,0,2,0.21528124809265137,0.6700571775436401,0.22335241734981537,0.11466152966022491,-0.7743422985076904,0.3596395254135132,-1.1339818239212036
scaling-tuned-adamw-10seeds-v1,cell-011-23683cb9175a,11,C128-d32-L2-H4-m4-ffnnone,0,0,800,32,32,128,4,4,4,2,4,,False,0.003,0,3,0.1711861491203308,0.5825451612472534,0.19418171048164368,0.24626871943473816,-0.38447052240371704,-0.4911081790924072,0.1066376119852066
scaling-tuned-adamw-10seeds-v1,cell-011-23683cb9175a,11,C128-d32-L2-H4-m4-ffnnone,0,0,800,32,32,128,4,4,4,2,4,,False,0.003,1,0,0.1862831711769104,0.5793540477752686,0.19311800599098206,0.23436281085014343,-0.13387757539749146,-0.2874424457550049,0.15356488525867462
scaling-tuned-adamw-10seeds-v1,cell-011-23683cb9175a,11,C128-d32-L2-H4-m4-ffnnone,0,0,800,32,32,128,4,4,4,2,4,,False,0.003,1,1,0.20463678240776062,0.5666037797927856,0.18886792659759521,0.22875946760177612,-0.06385958194732666,-0.15746916830539703,0.09360958635807037
scaling-tuned-adamw-10seeds-v1,cell-011-23683cb9175a,11,C128-d32-L2-H4-m4-ffnnone,0,0,800,32,32,128,4,4,4,2,4,,False,0.003,1,2,0.1877976357936859,0.6171238422393799,0.20570795238018036,0.1950785219669342,-0.21468457579612732,-0.02513958513736725,-0.18954500555992126
scaling-tuned-adamw-10seeds-v1,cell-011-23683cb9175a,11,C128-d32-L2-H4-m4-ffnnone,0,0,800,32,32,128,4,4,4,2,4,,False,0.003,1,3,0.17992398142814636,0.5395259857177734,0.1798419952392578,0.2805500328540802,-0.09933565557003021,-0.47449904680252075,0.37516337633132935
scaling-tuned-adamw-10seeds-v1,cell-011-23683cb9175a,11,C128-d32-L2-H4-m4-ffnnone,0,800,800,32,32,128,4,4,4,2,4,,False,0.003,0,0,0.23806367814540863,0.4836028516292572,0.16120095551013947,0.27833348512649536,0.3156715929508209,-0.15724532306194305,0.47291693091392517
scaling-tuned-adamw-10seeds-v1,cell-011-23683cb9175a,11,C128-d32-L2-H4-m4-ffnnone,0,800,800,32,32,128,4,4,4,2,4,,False,0.003,0,1,0.8092644810676575,0.03642334043979645,0.012141112238168716,0.1543121337890625,5.867157936096191,2.027571201324463,3.8395869731903076
scaling-tuned-adamw-10seeds-v1,cell-011-23683cb9175a,11,C128-d32-L2-H4-m4-ffnnone,0,800,800,32,32,128,4,4,4,2,4,,False,0.003,0,2,0.07242986559867859,0.32428306341171265,0.10809435695409775,0.6032871007919312,-0.24717575311660767,-2.2214038372039795,1.9742281436920166
scaling-tuned-adamw-10seeds-v1,cell-011-23683cb9175a,11,C128-d32-L2-H4-m4-ffnnone,0,800,800,32,32,128,4,4,4,2,4,,False,0.003,0,3,0.20271795988082886,0.5050234794616699,0.16834117472171783,0.2922585606575012,-0.7484424114227295,-1.1187827587127686,0.37034034729003906
scaling-tuned-adamw-10seeds-v1,cell-011-23683cb9175a,11,C128-d32-L2-H4-m4-ffnnone,0,800,800,32,32,128,4,4,4,2,4,,False,0.003,1,0,0.28461605310440063,0.3837525248527527,0.12791751325130463,0.3316314220428467,0.9918439984321594,-0.16531506180763245,1.1571590900421143
scaling-tuned-adamw-10seeds-v1,cell-011-23683cb9175a,11,C128-d32-L2-H4-m4-ffnnone,0,800,800,32,32,128,4,4,4,2,4,,False,0.003,1,1,0.2514028549194336,0.23998188972473145,0.07999396324157715,0.508615255355835,2.0901308059692383,-1.372215986251831,3.4623467922210693
scaling-tuned-adamw-10seeds-v1,cell-011-23683cb9175a,11,C128-d32-L2-H4-m4-ffnnone,0,800,800,32,32,128,4,4,4,2,4,,False,0.003,1,2,0.4321973919868469,0.40908282995224,0.13636095821857452,0.1587197631597519,2.2527568340301514,1.3076988458633423,0.9450579881668091
scaling-tuned-adamw-10seeds-v1,cell-011-23683cb9175a,11,C128-d32-L2-H4-m4-ffnnone,0,800,800,32,32,128,4,4,4,2,4,,False,0.003,1,3,0.18851575255393982,0.23339375853538513,0.07779791951179504,0.578090488910675,1.3150994777679443,-1.729027271270752,3.0441267490386963
scaling-tuned-adamw-10seeds-v1,cell-011-23683cb9175a,11,C128-d32-L2-H4-m4-ffnnone,1,0,800,32,32,128,4,4,4,2,4,,False,0.003,0,0,0.19428202509880066,0.6138788461685181,0.20462627708911896,0.19183918833732605,-0.10478954017162323,0.11664804816246033,-0.22143757343292236
scaling-tuned-adamw-10seeds-v1,cell-011-23683cb9175a,11,C128-d32-L2-H4-m4-ffnnone,1,0,800,32,32,128,4,4,4,2,4,,False,0.003,0,1,0.19476859271526337,0.646989107131958,0.21566304564476013,0.15824225544929504,-0.33591875433921814,0.257585346698761,-0.5935040712356567
scaling-tuned-adamw-10seeds-v1,cell-011-23683cb9175a,11,C128-d32-L2-H4-m4-ffnnone,1,0,800,32,32,128,4,4,4,2,4,,False,0.003,0,2,0.23323404788970947,0.6622077822685242,0.22073592245578766,0.10455821454524994,-0.11130966246128082,0.8454571962356567,-0.9567668437957764
scaling-tuned-adamw-10seeds-v1,cell-011-23683cb9175a,11,C128-d32-L2-H4-m4-ffnnone,1,0,800,32,32,128,4,4,4,2,4,,False,0.003,0,3,0.21336977183818817,0.6631188988685608,0.22103962302207947,0.12351137399673462,-0.1876887083053589,0.6319887638092041,-0.8196773529052734
scaling-tuned-adamw-10seeds-v1,cell-011-23683cb9175a,11,C128-d32-L2-H4-m4-ffnnone,1,0,800,32,32,128,4,4,4,2,4,,False,0.003,1,0,0.1869935393333435,0.5730715394020081,0.19102385640144348,0.23993493616580963,-0.1145855113863945,-0.2679872512817383,0.15340173244476318
scaling-tuned-adamw-10seeds-v1,cell-011-23683cb9175a,11,C128-d32-L2-H4-m4-ffnnone,1,0,800,32,32,128,4,4,4,2,4,,False,0.003,1,1,0.19786548614501953,0.6185460090637207,0.20618200302124023,0.18358848989009857,-0.1209634467959404,0.06160140782594681,-0.1825648546218872
scaling-tuned-adamw-10seeds-v1,cell-011-23683cb9175a,11,C128-d32-L2-H4-m4-ffnnone,1,0,800,32,32,128,4,4,4,2,4,,False,0.003,1,2,0.22870205342769623,0.7235191464424133,0.24117305874824524,0.047778792679309845,-0.36202991008758545,1.447568655014038,-1.809598445892334
scaling-tuned-adamw-10seeds-v1,cell-011-23683cb9175a,11,C128-d32-L2-H4-m4-ffnnone,1,0,800,32,32,128,4,4,4,2,4,,False,0.003,1,3,0.18155264854431152,0.5512025356292725,0.18373417854309082,0.267244815826416,-0.04162246733903885,-0.3970317542552948,0.35540926456451416
scaling-tuned-adamw-10seeds-v1,cell-011-23683cb9175a,11,C128-d32-L2-H4-m4-ffnnone,1,800,800,32,32,128,4,4,4,2,4,,False,0.003,0,0,0.08945783227682114,0.2550583481788635,0.08501945436000824,0.6554837822914124,-0.046111077070236206,-2.4251976013183594,2.379086494445801
scaling-tuned-adamw-10seeds-v1,cell-011-23683cb9175a,11,C128-d32-L2-H4-m4-ffnnone,1,800,800,32,32,128,4,4,4,2,4,,False,0.003,0,1,0.7027979493141174,0.19955626130104065,0.06651875376701355,0.09764574468135834,2.9139275550842285,2.827901840209961,0.08602582663297653
scaling-tuned-adamw-10seeds-v1,cell-011-23683cb9175a,11,C128-d32-L2-H4-m4-ffnnone,1,800,800,32,32,128,4,4,4,2,4,,False,0.003,0,2,0.5172452926635742,0.2533465027809143,0.08444883674383163,0.22940823435783386,2.1258397102355957,1.0365631580352783,1.0892765522003174
scaling-tuned-adamw-10seeds-v1,cell-011-23683cb9175a,11,C128-d32-L2-H4-m4-ffnnone,1,800,800,32,32,128,4,4,4,2,4,,False,0.003,0,3,0.9194473028182983,0.021734897047281265,0.007244965992867947,0.05881776288151741,6.650261878967285,3.609422206878662,3.040839433670044
scaling-tuned-adamw-10seeds-v1,cell-011-23683cb9175a,11,C128-d32-L2-H4-m4-ffnnone,1,800,800,32,32,128,4,4,4,2,4,,False,0.003,1,0,0.344932496547699,0.3218459188938141,0.10728197544813156,0.3332216143608093,2.290633201599121,0.0368315689265728,2.2538015842437744
scaling-tuned-adamw-10seeds-v1,cell-011-23683cb9175a,11,C128-d32-L2-H4-m4-ffnnone,1,800,800,32,32,128,4,4,4,2,4,,False,0.003,1,1,0.23563531041145325,0.3602446913719177,0.12008156627416611,0.40411999821662903,0.7292287349700928,-0.5459462404251099,1.2751749753952026
scaling-tuned-adamw-10seeds-v1,cell-011-23683cb9175a,11,C128-d32-L2-H4-m4-ffnnone,1,800,800,32,32,128,4,4,4,2,4,,False,0.003,1,2,0.2587262988090515,0.34758687019348145,0.11586228758096695,0.39368683099746704,1.001584768295288,-0.4049977660179138,1.4065825939178467
scaling-tuned-adamw-10seeds-v1,cell-011-23683cb9175a,11,C128-d32-L2-H4-m4-ffnnone,1,800,800,32,32,128,4,4,4,2,4,,False,0.003,1,3,0.19648690521717072,0.24136315286159515,0.08045437932014465,0.5621499419212341,3.7436466217041016,-1.4345718622207642,5.178218364715576
scaling-tuned-adamw-10seeds-v1,cell-011-23683cb9175a,11,C128-d32-L2-H4-m4-ffnnone,2,0,800,32,32,128,4,4,4,2,4,,False,0.003,0,0,0.15781337022781372,0.544482946395874,0.1814943253993988,0.29770365357398987,-0.5096294283866882,-0.9533253908157349,0.44369593262672424
scaling-tuned-adamw-10seeds-v1,cell-011-23683cb9175a,11,C128-d32-L2-H4-m4-ffnnone,2,0,800,32,32,128,4,4,4,2,4,,False,0.003,0,1,0.0885862186551094,0.3139714002609253,0.1046571433544159,0.5974423885345459,-0.2031007558107376,-2.0923171043395996,1.889216423034668
scaling-tuned-adamw-10seeds-v1,cell-011-23683cb9175a,11,C128-d32-L2-H4-m4-ffnnone,2,0,800,32,32,128,4,4,4,2,4,,False,0.003,0,2,0.22108136117458344,0.6503406763076782,0.21678023040294647,0.12857794761657715,-0.2840283215045929,0.35964953899383545,-0.643677830696106
scaling-tuned-adamw-10seeds-v1,cell-011-23683cb9175a,11,C128-d32-L2-H4-m4-ffnnone,2,0,800,32,32,128,4,4,4,2,4,,False,0.003,0,3,0.17012371122837067,0.5567732453346252,0.18559108674526215,0.2731030583381653,-0.16315242648124695,-0.4536679983139038,0.2905155420303345
scaling-tuned-adamw-10seeds-v1,cell-011-23683cb9175a,11,C128-d32-L2-H4-m4-ffnnone,2,0,800,32,32,128,4,4,4,2,4,,False,0.003,1,0,0.20412877202033997,0.6358816027641296,0.21196052432060242,0.1599896401166916,-0.08169052749872208,0.2695344090461731,-0.3512249290943146
scaling-tuned-adamw-10seeds-v1,cell-011-23683cb9175a,11,C128-d32-L2-H4-m4-ffnnone,2,0,800,32,32,128,4,4,4,2,4,,False,0.003,1,1,0.18521592020988464,0.5915650129318237,0.1971883475780487,0.22321906685829163,-0.1860930323600769,-0.2050183266401291,0.018925288692116737
scaling-tuned-adamw-10seeds-v1,cell-011-23683cb9175a,11,C128-d32-L2-H4-m4-ffnnone,2,0,800,32,32,128,4,4,4,2,4,,False,0.003,1,2,0.22794346511363983,0.6684995889663696,0.22283320128917694,0.10355696082115173,-0.15687748789787292,0.7186050415039062,-0.8754826188087463
scaling-tuned-adamw-10seeds-v1,cell-011-23683cb9175a,11,C128-d32-L2-H4-m4-ffnnone,2,0,800,32,32,128,4,4,4,2,4,,False,0.003,1,3,0.1263105273246765,0.38533470034599304,0.12844491004943848,0.48835474252700806,-0.11923446506261826,-1.465788722038269,1.3465542793273926
scaling-tuned-adamw-10seeds-v1,cell-011-23683cb9175a,11,C128-d32-L2-H4-m4-ffnnone,2,800,800,32,32,128,4,4,4,2,4,,False,0.003,0,0,0.1089613065123558,0.3586433529853821,0.11954779922962189,0.5323953628540039,-0.3442789316177368,-2.0111210346221924,1.6668422222137451
scaling-tuned-adamw-10seeds-v1,cell-011-23683cb9175a,11,C128-d32-L2-H4-m4-ffnnone,2,800,800,32,32,128,4,4,4,2,4,,False,0.003,0,1,0.034878723323345184,0.12602674961090088,0.04200892150402069,0.8390945196151733,-0.08143705874681473,-3.677628993988037,3.596191883087158
scaling-tuned-adamw-10seeds-v1,cell-011-23683cb9175a,11,C128-d32-L2-H4-m4-ffnnone,2,800,800,32,32,128,4,4,4,2,4,,False,0.003,0,2,0.8184098601341248,0.032666537910699844,0.010888847522437572,0.1489235907793045,5.732889652252197,2.3250348567962646,3.4078545570373535
scaling-tuned-adamw-10seeds-v1,cell-011-23683cb9175a,11,C128-d32-L2-H4-m4-ffnnone,2,800,800,32,32,128,4,4,4,2,4,,False,0.003,0,3,0.2012501060962677,0.5101026296615601,0.1700342297554016,0.28864723443984985,0.04922556132078171,-0.40025752782821655,0.4494830369949341
scaling-tuned-adamw-10seeds-v1,cell-011-23683cb9175a,11,C128-d32-L2-H4-m4-ffnnone,2,800,800,32,32,128,4,4,4,2,4,,False,0.003,1,0,0.30314719676971436,0.3459984362125397,0.11533281207084656,0.35085436701774597,1.9481096267700195,1.8885384798049927,0.05957107990980148
scaling-tuned-adamw-10seeds-v1,cell-011-23683cb9175a,11,C128-d32-L2-H4-m4-ffnnone,2,800,800,32,32,128,4,4,4,2,4,,False,0.003,1,1,0.3140694499015808,0.39844679832458496,0.13281559944152832,0.28748375177383423,1.1630685329437256,0.7363035678863525,0.4267650246620178
scaling-tuned-adamw-10seeds-v1,cell-011-23683cb9175a,11,C128-d32-L2-H4-m4-ffnnone,2,800,800,32,32,128,4,4,4,2,4,,False,0.003,1,2,0.18630990386009216,0.30718308687210083,0.10239435732364655,0.5065070390701294,1.274077296257019,-1.4021813869476318,2.6762585639953613
scaling-tuned-adamw-10seeds-v1,cell-011-23683cb9175a,11,C128-d32-L2-H4-m4-ffnnone,2,800,800,32,32,128,4,4,4,2,4,,False,0.003,1,3,0.19161772727966309,0.2715735137462616,0.09052450954914093,0.5368087291717529,0.9159862399101257,-1.128483533859253,2.0444698333740234
scaling-tuned-adamw-10seeds-v1,cell-011-23683cb9175a,11,C128-d32-L2-H4-m4-ffnnone,3,0,800,32,32,128,4,4,4,2,4,,False,0.003,0,0,0.1832113265991211,0.5977616906166077,0.1992539018392563,0.21902701258659363,-0.31715089082717896,-0.19329817593097687,-0.12385271489620209
scaling-tuned-adamw-10seeds-v1,cell-011-23683cb9175a,11,C128-d32-L2-H4-m4-ffnnone,3,0,800,32,32,128,4,4,4,2,4,,False,0.003,0,1,0.21166497468948364,0.6237014532089233,0.2079004943370819,0.16463352739810944,-0.06620100140571594,0.30220505595207214,-0.3684060573577881
scaling-tuned-adamw-10seeds-v1,cell-011-23683cb9175a,11,C128-d32-L2-H4-m4-ffnnone,3,0,800,32,32,128,4,4,4,2,4,,False,0.003,0,2,0.2386365830898285,0.679963231086731,0.22665441036224365,0.08140020817518234,-0.04857654869556427,1.2627089023590088,-1.311285376548767
scaling-tuned-adamw-10seeds-v1,cell-011-23683cb9175a,11,C128-d32-L2-H4-m4-ffnnone,3,0,800,32,32,128,4,4,4,2,4,,False,0.003,0,3,0.22677703201770782,0.6453191637992859,0.21510639786720276,0.12790381908416748,-0.14320442080497742,0.6364154815673828,-0.7796198725700378
scaling-tuned-adamw-10seeds-v1,cell-011-23683cb9175a,11,C128-d32-L2-H4-m4-ffnnone,3,0,800,32,32,128,4,4,4,2,4,,False,0.003,1,0,0.19620850682258606,0.5871375203132629,0.19571250677108765,0.216653972864151,-0.03317159041762352,-0.05752415210008621,0.024352561682462692
scaling-tuned-adamw-10seeds-v1,cell-011-23683cb9175a,11,C128-d32-L2-H4-m4-ffnnone,3,0,800,32,32,128,4,4,4,2,4,,False,0.003,1,1,0.18668968975543976,0.57111656665802,0.19037216901779175,0.2421937882900238,-0.08584079146385193,-0.19452360272407532,0.10868281126022339
scaling-tuned-adamw-10seeds-v1,cell-011-23683cb9175a,11,C128-d32-L2-H4-m4-ffnnone,3,0,800,32,32,128,4,4,4,2,4,,False,0.003,1,2,0.20861679315567017,0.6272463202476501,0.20908211171627045,0.1641368567943573,-0.15293461084365845,0.20113441348075867,-0.3540690243244171
scaling-tuned-adamw-10seeds-v1,cell-011-23683cb9175a,11,C128-d32-L2-H4-m4-ffnnone,3,0,800,32,32,128,4,4,4,2,4,,False,0.003,1,3,0.19097666442394257,0.6174472570419312,0.20581576228141785,0.1915760636329651,-0.2065480351448059,0.0708746612071991,-0.2774226665496826
scaling-tuned-adamw-10seeds-v1,cell-011-23683cb9175a,11,C128-d32-L2-H4-m4-ffnnone,3,800,800,32,32,128,4,4,4,2,4,,False,0.003,0,0,0.26400652527809143,0.28895312547683716,0.09631771594285965,0.4470403492450714,1.1757481098175049,-0.5679286122322083,1.7436766624450684
scaling-tuned-adamw-10seeds-v1,cell-011-23683cb9175a,11,C128-d32-L2-H4-m4-ffnnone,3,800,800,32,32,128,4,4,4,2,4,,False,0.003,0,1,0.4417104423046112,0.33303922414779663,0.11101306974887848,0.22525036334991455,1.5884084701538086,0.8805453181266785,0.7078632116317749
scaling-tuned-adamw-10seeds-v1,cell-011-23683cb9175a,11,C128-d32-L2-H4-m4-ffnnone,3,800,800,32,32,128,4,4,4,2,4,,False,0.003,0,2,0.7843416929244995,0.03764457628130913,0.012548191472887993,0.17801374197006226,5.5815277099609375,1.9332988262176514,3.6482295989990234
scaling-tuned-adamw-10seeds-v1,cell-011-23683cb9175a,11,C128-d32-L2-H4-m4-ffnnone,3,800,800,32,32,128,4,4,4,2,4,,False,0.003,0,3,0.6325105428695679,0.12187807261943817,0.040626026690006256,0.24561136960983276,3.537421226501465,1.7552871704101562,1.7821340560913086
scaling-tuned-adamw-10seeds-v1,cell-011-23683cb9175a,11,C128-d32-L2-H4-m4-ffnnone,3,800,800,32,32,128,4,4,4,2,4,,False,0.003,1,0,0.2586294114589691,0.4050912857055664,0.13503043353557587,0.3362793028354645,0.8406481742858887,-0.23855388164520264,1.0792020559310913
scaling-tuned-adamw-10seeds-v1,cell-011-23683cb9175a,11,C128-d32-L2-H4-m4-ffnnone,3,800,800,32,32,128,4,4,4,2,4,,False,0.003,1,1,0.2538429796695709,0.30506810545921326,0.10168937593698502,0.4410889148712158,2.159351110458374,-0.7627051472663879,2.922056198120117
scaling-tuned-adamw-10seeds-v1,cell-011-23683cb9175a,11,C128-d32-L2-H4-m4-ffnnone,3,800,800,32,32,128,4,4,4,2,4,,False,0.003,1,2,0.22384129464626312,0.3478565514087677,0.11595217883586884,0.42830216884613037,0.7717719674110413,-0.6440057754516602,1.4157776832580566
scaling-tuned-adamw-10seeds-v1,cell-011-23683cb9175a,11,C128-d32-L2-H4-m4-ffnnone,3,800,800,32,32,128,4,4,4,2,4,,False,0.003,1,3,0.2614758610725403,0.321586549282074,0.10719552636146545,0.41693755984306335,1.6577656269073486,0.18193480372428894,1.4758307933807373
scaling-tuned-adamw-10seeds-v1,cell-011-23683cb9175a,11,C128-d32-L2-H4-m4-ffnnone,4,0,800,32,32,128,4,4,4,2,4,,False,0.003,0,0,0.18090306222438812,0.6021308898925781,0.20071032643318176,0.21696597337722778,-0.17658814787864685,-0.10152142494916916,-0.07506672292947769
scaling-tuned-adamw-10seeds-v1,cell-011-23683cb9175a,11,C128-d32-L2-H4-m4-ffnnone,4,0,800,32,32,128,4,4,4,2,4,,False,0.003,0,1,0.18708425760269165,0.5830583572387695,0.19435279071331024,0.22985738515853882,-0.14892268180847168,-0.262519508600235,0.11359687894582748
scaling-tuned-adamw-10seeds-v1,cell-011-23683cb9175a,11,C128-d32-L2-H4-m4-ffnnone,4,0,800,32,32,128,4,4,4,2,4,,False,0.003,0,2,0.15835216641426086,0.5270088911056519,0.17566964030265808,0.31463897228240967,-0.1977388858795166,-0.7133373618125916,0.515598475933075
scaling-tuned-adamw-10seeds-v1,cell-011-23683cb9175a,11,C128-d32-L2-H4-m4-ffnnone,4,0,800,32,32,128,4,4,4,2,4,,False,0.003,0,3,0.20803457498550415,0.5572782754898071,0.18575944006443024,0.23468710482120514,0.004021297208964825,-0.200516015291214,0.2045373171567917
scaling-tuned-adamw-10seeds-v1,cell-011-23683cb9175a,11,C128-d32-L2-H4-m4-ffnnone,4,0,800,32,32,128,4,4,4,2,4,,False,0.003,1,0,0.2157190591096878,0.6514335870742798,0.21714454889297485,0.1328473538160324,-0.1095433458685875,0.4856361448764801,-0.595179557800293
scaling-tuned-adamw-10seeds-v1,cell-011-23683cb9175a,11,C128-d32-L2-H4-m4-ffnnone,4,0,800,32,32,128,4,4,4,2,4,,False,0.003,1,1,0.21087701618671417,0.6531513929367065,0.21771714091300964,0.1359715759754181,-0.18766826391220093,0.42542925477027893,-0.6130974292755127
scaling-tuned-adamw-10seeds-v1,cell-011-23683cb9175a,11,C128-d32-L2-H4-m4-ffnnone,4,0,800,32,32,128,4,4,4,2,4,,False,0.003,1,2,0.20578396320343018,0.6177388429641724,0.20591294765472412,0.17647716403007507,-0.09018972516059875,0.1423390805721283,-0.23252882063388824
scaling-tuned-adamw-10seeds-v1,cell-011-23683cb9175a,11,C128-d32-L2-H4-m4-ffnnone,4,0,800,32,32,128,4,4,4,2,4,,False,0.003,1,3,0.19662362337112427,0.5845683813095093,0.19485613703727722,0.21880796551704407,-0.047793593257665634,-0.033191606402397156,-0.014601988717913628
scaling-tuned-adamw-10seeds-v1,cell-011-23683cb9175a,11,C128-d32-L2-H4-m4-ffnnone,4,800,800,32,32,128,4,4,4,2,4,,False,0.003,0,0,0.15431547164916992,0.6323246955871582,0.21077489852905273,0.21335983276367188,-0.3789013922214508,-0.30366551876068115,-0.07523586601018906
scaling-tuned-adamw-10seeds-v1,cell-011-23683cb9175a,11,C128-d32-L2-H4-m4-ffnnone,4,800,800,32,32,128,4,4,4,2,4,,False,0.003,0,1,0.5631250739097595,0.20073217153549194,0.06691072881221771,0.23614273965358734,2.578646183013916,0.998647153377533,1.5799992084503174
scaling-tuned-adamw-10seeds-v1,cell-011-23683cb9175a,11,C128-d32-L2-H4-m4-ffnnone,4,800,800,32,32,128,4,4,4,2,4,,False,0.003,0,2,0.2061934769153595,0.49129894375801086,0.16376632452011108,0.30250754952430725,0.07807129621505737,-0.566439688205719,0.6445109844207764
scaling-tuned-adamw-10seeds-v1,cell-011-23683cb9175a,11,C128-d32-L2-H4-m4-ffnnone,4,800,800,32,32,128,4,4,4,2,4,,False,0.003,0,3,0.708023726940155,0.040885575115680695,0.013628525659441948,0.2510907053947449,5.38601016998291,1.1910263299942017,4.194983959197998
scaling-tuned-adamw-10seeds-v1,cell-011-23683cb9175a,11,C128-d32-L2-H4-m4-ffnnone,4,800,800,32,32,128,4,4,4,2,4,,False,0.003,1,0,0.45595335960388184,0.41642099618911743,0.1388069987297058,0.12762562930583954,3.1780307292938232,1.7104146480560303,1.4676158428192139
scaling-tuned-adamw-10seeds-v1,cell-011-23683cb9175a,11,C128-d32-L2-H4-m4-ffnnone,4,800,800,32,32,128,4,4,4,2,4,,False,0.003,1,1,0.30349594354629517,0.34537702798843384,0.11512569338083267,0.3511269986629486,1.4756288528442383,-0.11279147863388062,1.5884203910827637
scaling-tuned-adamw-10seeds-v1,cell-011-23683cb9175a,11,C128-d32-L2-H4-m4-ffnnone,4,800,800,32,32,128,4,4,4,2,4,,False,0.003,1,2,0.35734695196151733,0.3709230422973633,0.12364102154970169,0.2717300057411194,1.7349798679351807,0.3531050980091095,1.3818747997283936
scaling-tuned-adamw-10seeds-v1,cell-011-23683cb9175a,11,C128-d32-L2-H4-m4-ffnnone,4,800,800,32,32,128,4,4,4,2,4,,False,0.003,1,3,0.2770586609840393,0.4115281105041504,0.1371760368347168,0.3114132881164551,0.7672804594039917,-0.10357078909873962,0.8708512187004089
scaling-tuned-adamw-10seeds-v1,cell-011-23683cb9175a,11,C128-d32-L2-H4-m4-ffnnone,5,0,800,32,32,128,4,4,4,2,4,,False,0.003,0,0,0.20753665268421173,0.7167881727218628,0.2389293909072876,0.07567517459392548,-0.26721394062042236,1.2006458044052124,-1.4678597450256348
scaling-tuned-adamw-10seeds-v1,cell-011-23683cb9175a,11,C128-d32-L2-H4-m4-ffnnone,5,0,800,32,32,128,4,4,4,2,4,,False,0.003,0,1,0.18368379771709442,0.5989459753036499,0.1996486485004425,0.21737024188041687,-0.31335315108299255,-0.22610719501972198,-0.08724595606327057
scaling-tuned-adamw-10seeds-v1,cell-011-23683cb9175a,11,C128-d32-L2-H4-m4-ffnnone,5,0,800,32,32,128,4,4,4,2,4,,False,0.003,0,2,0.17768365144729614,0.5821577310562134,0.19405260682106018,0.2401585876941681,-0.36426401138305664,-0.5294529795646667,0.16518892347812653
scaling-tuned-adamw-10seeds-v1,cell-011-23683cb9175a,11,C128-d32-L2-H4-m4-ffnnone,5,0,800,32,32,128,4,4,4,2,4,,False,0.003,0,3,0.19995538890361786,0.6118397116661072,0.2039465755224228,0.18820488452911377,-0.3075161576271057,-0.13713015615940094,-0.17038598656654358
scaling-tuned-adamw-10seeds-v1,cell-011-23683cb9175a,11,C128-d32-L2-H4-m4-ffnnone,5,0,800,32,32,128,4,4,4,2,4,,False,0.003,1,0,0.20020341873168945,0.6053749322891235,0.2017916589975357,0.194421648979187,-0.07417459040880203,-0.0030862856656312943,-0.07108829915523529
scaling-tuned-adamw-10seeds-v1,cell-011-23683cb9175a,11,C128-d32-L2-H4-m4-ffnnone,5,0,800,32,32,128,4,4,4,2,4,,False,0.003,1,1,0.18868178129196167,0.6356196999549866,0.21187323331832886,0.17569851875305176,-0.2787199020385742,0.0028148917481303215,-0.2815347909927368
scaling-tuned-adamw-10seeds-v1,cell-011-23683cb9175a,11,C128-d32-L2-H4-m4-ffnnone,5,0,800,32,32,128,4,4,4,2,4,,False,0.003,1,2,0.15989798307418823,0.5178778171539307,0.17262592911720276,0.3222242593765259,-0.1225350946187973,-0.7104082703590393,0.5878732204437256
scaling-tuned-adamw-10seeds-v1,cell-011-23683cb9175a,11,C128-d32-L2-H4-m4-ffnnone,5,0,800,32,32,128,4,4,4,2,4,,False,0.003,1,3,0.15074986219406128,0.46433690190315247,0.15477895736694336,0.38491326570510864,-0.07969747483730316,-0.9783170819282532,0.8986195921897888
scaling-tuned-adamw-10seeds-v1,cell-011-23683cb9175a,11,C128-d32-L2-H4-m4-ffnnone,5,800,800,32,32,128,4,4,4,2,4,,False,0.003,0,0,0.8542202115058899,0.01408317219465971,0.004694391041994095,0.13169661164283752,7.900158882141113,3.278568983078003,4.6215901374816895
scaling-tuned-adamw-10seeds-v1,cell-011-23683cb9175a,11,C128-d32-L2-H4-m4-ffnnone,5,800,800,32,32,128,4,4,4,2,4,,False,0.003,0,1,0.18630418181419373,0.36333951354026794,0.12111316621303558,0.45035630464553833,-0.031591370701789856,-1.7167248725891113,1.6851335763931274
scaling-tuned-adamw-10seeds-v1,cell-011-23683cb9175a,11,C128-d32-L2-H4-m4-ffnnone,5,800,800,32,32,128,4,4,4,2,4,,False,0.003,0,2,0.37125176191329956,0.27283886075019836,0.09094628691673279,0.3559093773365021,1.5596177577972412,0.02739040181040764,1.5322273969650269
scaling-tuned-adamw-10seeds-v1,cell-011-23683cb9175a,11,C128-d32-L2-H4-m4-ffnnone,5,800,800,32,32,128,4,4,4,2,4,,False,0.003,0,3,0.39106863737106323,0.47718894481658936,0.15906298160552979,0.1317424178123474,0.898887038230896,1.1432414054870605,-0.2443542778491974
scaling-tuned-adamw-10seeds-v1,cell-011-23683cb9175a,11,C128-d32-L2-H4-m4-ffnnone,5,800,800,32,32,128,4,4,4,2,4,,False,0.003,1,0,0.2841753661632538,0.3312973380088806,0.1104324460029602,0.384527325630188,2.7074384689331055,-0.2923565208911896,2.9997947216033936
scaling-tuned-adamw-10seeds-v1,cell-011-23683cb9175a,11,C128-d32-L2-H4-m4-ffnnone,5,800,800,32,32,128,4,4,4,2,4,,False,0.003,1,1,0.3323442339897156,0.4682866930961609,0.15609556436538696,0.19936907291412354,0.8930299282073975,0.6966617107391357,0.19636820256710052
scaling-tuned-adamw-10seeds-v1,cell-011-23683cb9175a,11,C128-d32-L2-H4-m4-ffnnone,5,800,800,32,32,128,4,4,4,2,4,,False,0.003,1,2,0.23575198650360107,0.301937073469162,0.10064569115638733,0.46231094002723694,1.0141921043395996,-0.6992336511611938,1.7134257555007935
scaling-tuned-adamw-10seeds-v1,cell-011-23683cb9175a,11,C128-d32-L2-H4-m4-ffnnone,5,800,800,32,32,128,4,4,4,2,4,,False,0.003,1,3,0.12509430944919586,0.6349262595176697,0.2116420865058899,0.23997941613197327,-1.6851001977920532,-0.4744465947151184,-1.21065354347229
scaling-tuned-adamw-10seeds-v1,cell-011-23683cb9175a,11,C128-d32-L2-H4-m4-ffnnone,6,0,800,32,32,128,4,4,4,2,4,,False,0.003,0,0,0.20605547726154327,0.6532399654388428,0.21774667501449585,0.14070451259613037,-0.14798912405967712,0.3682834506034851,-0.5162725448608398
scaling-tuned-adamw-10seeds-v1,cell-011-23683cb9175a,11,C128-d32-L2-H4-m4-ffnnone,6,0,800,32,32,128,4,4,4,2,4,,False,0.003,0,1,0.2104141116142273,0.5853216052055359,0.19510722160339355,0.20426425337791443,-0.014854652807116508,0.061924759298563004,-0.07677941769361496
scaling-tuned-adamw-10seeds-v1,cell-011-23683cb9175a,11,C128-d32-L2-H4-m4-ffnnone,6,0,800,32,32,128,4,4,4,2,4,,False,0.003,0,2,0.22751271724700928,0.6329599618911743,0.2109866589307785,0.1395273208618164,-0.026964208111166954,0.4960065484046936,-0.5229707956314087
scaling-tuned-adamw-10seeds-v1,cell-011-23683cb9175a,11,C128-d32-L2-H4-m4-ffnnone,6,0,800,32,32,128,4,4,4,2,4,,False,0.003,0,3,0.2026767134666443,0.6170881986618042,0.20569607615470886,0.1802351176738739,-0.14557674527168274,0.17338445782661438,-0.3189612030982971
scaling-tuned-adamw-10seeds-v1,cell-011-23683cb9175a,11,C128-d32-L2-H4-m4-ffnnone,6,0,800,32,32,128,4,4,4,2,4,,False,0.003,1,0,0.1526598483324051,0.48084312677383423,0.16028104722499847,0.3664970397949219,-0.21327245235443115,-1.0235097408294678,0.8102372288703918
scaling-tuned-adamw-10seeds-v1,cell-011-23683cb9175a,11,C128-d32-L2-H4-m4-ffnnone,6,0,800,32,32,128,4,4,4,2,4,,False,0.003,1,1,0.20254063606262207,0.6271796226501465,0.20905987918376923,0.17027972638607025,-0.2645801305770874,0.04834763705730438,-0.312927782535553
scaling-tuned-adamw-10seeds-v1,cell-011-23683cb9175a,11,C128-d32-L2-H4-m4-ffnnone,6,0,800,32,32,128,4,4,4,2,4,,False,0.003,1,2,0.20843514800071716,0.6656069755554199,0.22186902165412903,0.12595786154270172,-0.17085999250411987,0.5174076557159424,-0.6882676482200623
scaling-tuned-adamw-10seeds-v1,cell-011-23683cb9175a,11,C128-d32-L2-H4-m4-ffnnone,6,0,800,32,32,128,4,4,4,2,4,,False,0.003,1,3,0.20178619027137756,0.6078677177429199,0.20262257754802704,0.19034609198570251,-0.12377879023551941,0.0065110716968774796,-0.13028988242149353
scaling-tuned-adamw-10seeds-v1,cell-011-23683cb9175a,11,C128-d32-L2-H4-m4-ffnnone,6,800,800,32,32,128,4,4,4,2,4,,False,0.003,0,0,0.23504413664340973,0.5637719631195068,0.18792399764060974,0.20118385553359985,0.15212370455265045,0.1592838317155838,-0.007160143926739693
scaling-tuned-adamw-10seeds-v1,cell-011-23683cb9175a,11,C128-d32-L2-H4-m4-ffnnone,6,800,800,32,32,128,4,4,4,2,4,,False,0.003,0,1,0.8132374286651611,0.06879240274429321,0.022930799052119255,0.11797016859054565,4.68128776550293,2.3866350650787354,2.2946531772613525
scaling-tuned-adamw-10seeds-v1,cell-011-23683cb9175a,11,C128-d32-L2-H4-m4-ffnnone,6,800,800,32,32,128,4,4,4,2,4,,False,0.003,0,2,0.6900485754013062,0.17773403227329254,0.059244681149721146,0.1322174072265625,3.0563392639160156,1.9150711297988892,1.141268014907837
scaling-tuned-adamw-10seeds-v1,cell-011-23683cb9175a,11,C128-d32-L2-H4-m4-ffnnone,6,800,800,32,32,128,4,4,4,2,4,,False,0.003,0,3,0.5917760133743286,0.19146287441253662,0.06382095813751221,0.21676108241081238,2.768472194671631,1.368711233139038,1.3997610807418823
scaling-tuned-adamw-10seeds-v1,cell-011-23683cb9175a,11,C128-d32-L2-H4-m4-ffnnone,6,800,800,32,32,128,4,4,4,2,4,,False,0.003,1,0,0.26517900824546814,0.46256259083747864,0.15418754518032074,0.2722584009170532,0.5724275708198547,-0.02083517052233219,0.593262791633606
scaling-tuned-adamw-10seeds-v1,cell-011-23683cb9175a,11,C128-d32-L2-H4-m4-ffnnone,6,800,800,32,32,128,4,4,4,2,4,,False,0.003,1,1,0.27514708042144775,0.36248335242271423,0.12082779407501221,0.362369567155838,1.0900264978408813,-0.22080126404762268,1.3108277320861816
scaling-tuned-adamw-10seeds-v1,cell-011-23683cb9175a,11,C128-d32-L2-H4-m4-ffnnone,6,800,800,32,32,128,4,4,4,2,4,,False,0.003,1,2,0.41594550013542175,0.3712882995605469,0.12376275658607483,0.21276624500751495,3.361926555633545,0.7364084720611572,2.625518321990967
scaling-tuned-adamw-10seeds-v1,cell-011-23683cb9175a,11,C128-d32-L2-H4-m4-ffnnone,6,800,800,32,32,128,4,4,4,2,4,,False,0.003,1,3,0.3303823471069336,0.3922462463378906,0.13074876368045807,0.2773713767528534,1.4562182426452637,0.19264255464076996,1.263575553894043
scaling-tuned-adamw-10seeds-v1,cell-011-23683cb9175a,11,C128-d32-L2-H4-m4-ffnnone,7,0,800,32,32,128,4,4,4,2,4,,False,0.003,0,0,0.19895373284816742,0.612028956413269,0.20400965213775635,0.1890173703432083,-0.12417896836996078,0.013574482873082161,-0.1377534568309784
scaling-tuned-adamw-10seeds-v1,cell-011-23683cb9175a,11,C128-d32-L2-H4-m4-ffnnone,7,0,800,32,32,128,4,4,4,2,4,,False,0.003,0,1,0.21577218174934387,0.6031410098075867,0.20104701817035675,0.18108680844306946,-0.06374668329954147,0.2506980299949646,-0.3144446611404419
scaling-tuned-adamw-10seeds-v1,cell-011-23683cb9175a,11,C128-d32-L2-H4-m4-ffnnone,7,0,800,32,32,128,4,4,4,2,4,,False,0.003,0,2,0.166303813457489,0.5686318874359131,0.1895439624786377,0.2650642991065979,-0.21516099572181702,-0.48346927762031555,0.26830828189849854
scaling-tuned-adamw-10seeds-v1,cell-011-23683cb9175a,11,C128-d32-L2-H4-m4-ffnnone,7,0,800,32,32,128,4,4,4,2,4,,False,0.003,0,3,0.22178128361701965,0.6847717761993408,0.22825726866722107,0.09344694763422012,-0.176280677318573,0.927368700504303,-1.103649377822876
scaling-tuned-adamw-10seeds-v1,cell-011-23683cb9175a,11,C128-d32-L2-H4-m4-ffnnone,7,0,800,32,32,128,4,4,4,2,4,,False,0.003,1,0,0.15513452887535095,0.48251527547836304,0.16083842515945435,0.3623501658439636,-0.11618081480264664,-0.8771469593048096,0.7609661817550659
scaling-tuned-adamw-10seeds-v1,cell-011-23683cb9175a,11,C128-d32-L2-H4-m4-ffnnone,7,0,800,32,32,128,4,4,4,2,4,,False,0.003,1,1,0.1993461698293686,0.643060564994812,0.2143535315990448,0.1575932502746582,-0.526589572429657,0.020209772512316704,-0.54679936170578
scaling-tuned-adamw-10seeds-v1,cell-011-23683cb9175a,11,C128-d32-L2-H4-m4-ffnnone,7,0,800,32,32,128,4,4,4,2,4,,False,0.003,1,2,0.22190895676612854,0.648094892501831,0.21603162586688995,0.1299961805343628,-0.0532073974609375,0.5471979975700378,-0.6004053950309753
scaling-tuned-adamw-10seeds-v1,cell-011-23683cb9175a,11,C128-d32-L2-H4-m4-ffnnone,7,0,800,32,32,128,4,4,4,2,4,,False,0.003,1,3,0.18839824199676514,0.5488104820251465,0.18293684720993042,0.262791246175766,-0.019433163106441498,-0.32461774349212646,0.30518457293510437
scaling-tuned-adamw-10seeds-v1,cell-011-23683cb9175a,11,C128-d32-L2-H4-m4-ffnnone,7,800,800,32,32,128,4,4,4,2,4,,False,0.003,0,0,0.6965799927711487,0.14090487360954285,0.04696828871965408,0.16251513361930847,3.244194269180298,1.836113452911377,1.4080805778503418
scaling-tuned-adamw-10seeds-v1,cell-011-23683cb9175a,11,C128-d32-L2-H4-m4-ffnnone,7,800,800,32,32,128,4,4,4,2,4,,False,0.003,0,1,0.7987352609634399,0.046421244740486145,0.015473749488592148,0.15484344959259033,5.242944717407227,2.0616683959960938,3.1812758445739746
scaling-tuned-adamw-10seeds-v1,cell-011-23683cb9175a,11,C128-d32-L2-H4-m4-ffnnone,7,800,800,32,32,128,4,4,4,2,4,,False,0.003,0,2,0.1332758665084839,0.4240129590034485,0.14133763313293457,0.4427111744880676,-0.0639539361000061,-1.2298396825790405,1.1658856868743896
scaling-tuned-adamw-10seeds-v1,cell-011-23683cb9175a,11,C128-d32-L2-H4-m4-ffnnone,7,800,800,32,32,128,4,4,4,2,4,,False,0.003,0,3,0.31852591037750244,0.5452853441238403,0.18176178634166718,0.13618871569633484,0.48153766989707947,0.9788426160812378,-0.4973049461841583
scaling-tuned-adamw-10seeds-v1,cell-011-23683cb9175a,11,C128-d32-L2-H4-m4-ffnnone,7,800,800,32,32,128,4,4,4,2,4,,False,0.003,1,0,0.35307222604751587,0.3802167773246765,0.12673892080783844,0.2667110562324524,1.725718379020691,0.44553470611572266,1.2801836729049683
scaling-tuned-adamw-10seeds-v1,cell-011-23683cb9175a,11,C128-d32-L2-H4-m4-ffnnone,7,800,800,32,32,128,4,4,4,2,4,,False,0.003,1,1,0.2434006631374359,0.27665194869041443,0.09221731871366501,0.47994738817214966,1.7362017631530762,-0.6038782000541687,2.3400800228118896
scaling-tuned-adamw-10seeds-v1,cell-011-23683cb9175a,11,C128-d32-L2-H4-m4-ffnnone,7,800,800,32,32,128,4,4,4,2,4,,False,0.003,1,2,0.27756524085998535,0.4436787962913513,0.14789295196533203,0.27875596284866333,0.6774145364761353,0.00564343947917223,0.6717710494995117
scaling-tuned-adamw-10seeds-v1,cell-011-23683cb9175a,11,C128-d32-L2-H4-m4-ffnnone,7,800,800,32,32,128,4,4,4,2,4,,False,0.003,1,3,0.3268744945526123,0.33995360136032104,0.11331786215305328,0.33317190408706665,3.29241943359375,0.5811961889266968,2.7112231254577637
scaling-tuned-adamw-10seeds-v1,cell-011-23683cb9175a,11,C128-d32-L2-H4-m4-ffnnone,8,0,800,32,32,128,4,4,4,2,4,,False,0.003,0,0,0.16843359172344208,0.49215853214263916,0.1640528440475464,0.33940786123275757,-0.09685221314430237,-0.806844174861908,0.709991991519928
scaling-tuned-adamw-10seeds-v1,cell-011-23683cb9175a,11,C128-d32-L2-H4-m4-ffnnone,8,0,800,32,32,128,4,4,4,2,4,,False,0.003,0,1,0.2278291881084442,0.7134544849395752,0.2378181517124176,0.05871635675430298,-0.20412003993988037,1.4207837581634521,-1.6249037981033325
scaling-tuned-adamw-10seeds-v1,cell-011-23683cb9175a,11,C128-d32-L2-H4-m4-ffnnone,8,0,800,32,32,128,4,4,4,2,4,,False,0.003,0,2,0.1709996461868286,0.5254870653152466,0.17516234517097473,0.3035133481025696,-0.11328291893005371,-0.578150749206543,0.4648677706718445
scaling-tuned-adamw-10seeds-v1,cell-011-23683cb9175a,11,C128-d32-L2-H4-m4-ffnnone,8,0,800,32,32,128,4,4,4,2,4,,False,0.003,0,3,0.15639939904212952,0.5142260789871216,0.17140871286392212,0.3293744623661041,-0.30471518635749817,-0.8905508518218994,0.5858356952667236
scaling-tuned-adamw-10seeds-v1,cell-011-23683cb9175a,11,C128-d32-L2-H4-m4-ffnnone,8,0,800,32,32,128,4,4,4,2,4,,False,0.003,1,0,0.217322438955307,0.6381974220275879,0.2127324938774109,0.1444801390171051,-0.0339757464826107,0.4235883355140686,-0.457564115524292
scaling-tuned-adamw-10seeds-v1,cell-011-23683cb9175a,11,C128-d32-L2-H4-m4-ffnnone,8,0,800,32,32,128,4,4,4,2,4,,False,0.003,1,1,0.21714633703231812,0.6121780872344971,0.20405936241149902,0.1706756353378296,-0.029627054929733276,0.2107013761997223,-0.24032841622829437
scaling-tuned-adamw-10seeds-v1,cell-011-23683cb9175a,11,C128-d32-L2-H4-m4-ffnnone,8,0,800,32,32,128,4,4,4,2,4,,False,0.003,1,2,0.18091237545013428,0.5667916536331177,0.18893055617809296,0.25229597091674805,-0.2535231113433838,-0.4064826965332031,0.15295960009098053
scaling-tuned-adamw-10seeds-v1,cell-011-23683cb9175a,11,C128-d32-L2-H4-m4-ffnnone,8,0,800,32,32,128,4,4,4,2,4,,False,0.003,1,3,0.1987510323524475,0.6382955312728882,0.2127651870250702,0.16295337677001953,-0.1285940408706665,0.19947770237922668,-0.3280717134475708
scaling-tuned-adamw-10seeds-v1,cell-011-23683cb9175a,11,C128-d32-L2-H4-m4-ffnnone,8,800,800,32,32,128,4,4,4,2,4,,False,0.003,0,0,0.04026234894990921,0.11115739494562149,0.0370524637401104,0.8485802412033081,0.09595156461000443,-3.47025728225708,3.566209077835083
scaling-tuned-adamw-10seeds-v1,cell-011-23683cb9175a,11,C128-d32-L2-H4-m4-ffnnone,8,800,800,32,32,128,4,4,4,2,4,,False,0.003,0,1,0.012949978932738304,0.03147413954138756,0.010491379536688328,0.9555759429931641,0.16347429156303406,-4.942608833312988,5.106083393096924
scaling-tuned-adamw-10seeds-v1,cell-011-23683cb9175a,11,C128-d32-L2-H4-m4-ffnnone,8,800,800,32,32,128,4,4,4,2,4,,False,0.003,0,2,0.0014271631371229887,0.007986419834196568,0.002662139944732189,0.9905864000320435,-0.5869499444961548,-8.962811470031738,8.375862121582031
scaling-tuned-adamw-10seeds-v1,cell-011-23683cb9175a,11,C128-d32-L2-H4-m4-ffnnone,8,800,800,32,32,128,4,4,4,2,4,,False,0.003,0,3,0.001515234005637467,0.00341688166372478,0.001138960593380034,0.995067834854126,-0.8152296543121338,-8.90543270111084,8.090202331542969
scaling-tuned-adamw-10seeds-v1,cell-011-23683cb9175a,11,C128-d32-L2-H4-m4-ffnnone,8,800,800,32,32,128,4,4,4,2,4,,False,0.003,1,0,0.936637282371521,0.012890007346868515,0.0042966692708432674,0.050472673028707504,8.770341873168945,3.6444573402404785,5.125885009765625
scaling-tuned-adamw-10seeds-v1,cell-011-23683cb9175a,11,C128-d32-L2-H4-m4-ffnnone,8,800,800,32,32,128,4,4,4,2,4,,False,0.003,1,1,0.3890390992164612,0.17713335156440735,0.059044450521469116,0.43382754921913147,2.185915470123291,-0.1091562956571579,2.295071601867676
scaling-tuned-adamw-10seeds-v1,cell-011-23683cb9175a,11,C128-d32-L2-H4-m4-ffnnone,8,800,800,32,32,128,4,4,4,2,4,,False,0.003,1,2,0.394941121339798,0.21549907326698303,0.07183302193880081,0.389559805393219,2.054628849029541,0.07505413889884949,1.9795747995376587
scaling-tuned-adamw-10seeds-v1,cell-011-23683cb9175a,11,C128-d32-L2-H4-m4-ffnnone,8,800,800,32,32,128,4,4,4,2,4,,False,0.003,1,3,0.4099434018135071,0.13620002567768097,0.04540001228451729,0.45385658740997314,2.6743264198303223,-0.13278552889823914,2.807111978530884
scaling-tuned-adamw-10seeds-v1,cell-011-23683cb9175a,11,C128-d32-L2-H4-m4-ffnnone,9,0,800,32,32,128,4,4,4,2,4,,False,0.003,0,0,0.2221929281949997,0.6743782758712769,0.22479276359081268,0.10342879593372345,-0.21340881288051605,0.7334111928939819,-0.9468199610710144
scaling-tuned-adamw-10seeds-v1,cell-011-23683cb9175a,11,C128-d32-L2-H4-m4-ffnnone,9,0,800,32,32,128,4,4,4,2,4,,False,0.003,0,1,0.20255732536315918,0.6565769910812378,0.2188589870929718,0.1408657431602478,-0.16963186860084534,0.45283329486846924,-0.6224651336669922
scaling-tuned-adamw-10seeds-v1,cell-011-23683cb9175a,11,C128-d32-L2-H4-m4-ffnnone,9,0,800,32,32,128,4,4,4,2,4,,False,0.003,0,2,0.20163798332214355,0.6459029912948608,0.2153010070323944,0.15245899558067322,-0.23112301528453827,0.20619893074035645,-0.4373219609260559
scaling-tuned-adamw-10seeds-v1,cell-011-23683cb9175a,11,C128-d32-L2-H4-m4-ffnnone,9,0,800,32,32,128,4,4,4,2,4,,False,0.003,0,3,0.19526875019073486,0.6128993034362793,0.20429977774620056,0.19183194637298584,-0.1674911230802536,0.03119405172765255,-0.1986851692199707
scaling-tuned-adamw-10seeds-v1,cell-011-23683cb9175a,11,C128-d32-L2-H4-m4-ffnnone,9,0,800,32,32,128,4,4,4,2,4,,False,0.003,1,0,0.20505204796791077,0.6229524612426758,0.2076508104801178,0.17199552059173584,-0.18276308476924896,0.16271290183067322,-0.345475971698761
scaling-tuned-adamw-10seeds-v1,cell-011-23683cb9175a,11,C128-d32-L2-H4-m4-ffnnone,9,0,800,32,32,128,4,4,4,2,4,,False,0.003,1,1,0.1749895066022873,0.5402972102165222,0.18009907007217407,0.2847132682800293,-0.11804697662591934,-0.5152060389518738,0.3971590995788574
scaling-tuned-adamw-10seeds-v1,cell-011-23683cb9175a,11,C128-d32-L2-H4-m4-ffnnone,9,0,800,32,32,128,4,4,4,2,4,,False,0.003,1,2,0.20992252230644226,0.5911712646484375,0.1970570832490921,0.19890624284744263,-0.12408564984798431,-0.059489503502845764,-0.06459615379571915
scaling-tuned-adamw-10seeds-v1,cell-011-23683cb9175a,11,C128-d32-L2-H4-m4-ffnnone,9,0,800,32,32,128,4,4,4,2,4,,False,0.003,1,3,0.19855058193206787,0.7028846144676208,0.23429487645626068,0.09856480360031128,-0.34156420826911926,0.711475133895874,-1.053039312362671
scaling-tuned-adamw-10seeds-v1,cell-011-23683cb9175a,11,C128-d32-L2-H4-m4-ffnnone,9,800,800,32,32,128,4,4,4,2,4,,False,0.003,0,0,0.44772934913635254,0.3016943335533142,0.10056477785110474,0.25057634711265564,1.7468249797821045,0.6694881916046143,1.0773367881774902
scaling-tuned-adamw-10seeds-v1,cell-011-23683cb9175a,11,C128-d32-L2-H4-m4-ffnnone,9,800,800,32,32,128,4,4,4,2,4,,False,0.003,0,1,0.3005106449127197,0.530862033367157,0.1769540160894394,0.16862735152244568,0.4417615532875061,0.5567767024040222,-0.1150151714682579
scaling-tuned-adamw-10seeds-v1,cell-011-23683cb9175a,11,C128-d32-L2-H4-m4-ffnnone,9,800,800,32,32,128,4,4,4,2,4,,False,0.003,0,2,0.7500059008598328,0.02442081645131111,0.008140272460877895,0.22557324171066284,5.89019775390625,1.4757041931152344,4.414493560791016
scaling-tuned-adamw-10seeds-v1,cell-011-23683cb9175a,11,C128-d32-L2-H4-m4-ffnnone,9,800,800,32,32,128,4,4,4,2,4,,False,0.003,0,3,0.3878156244754791,0.3246166706085205,0.10820557177066803,0.287567675113678,1.4406780004501343,0.2648983597755432,1.1757795810699463
scaling-tuned-adamw-10seeds-v1,cell-011-23683cb9175a,11,C128-d32-L2-H4-m4-ffnnone,9,800,800,32,32,128,4,4,4,2,4,,False,0.003,1,0,0.40236303210258484,0.36086732149124146,0.12028910219669342,0.2367696464061737,2.5839881896972656,0.6782169938087463,1.905771255493164
scaling-tuned-adamw-10seeds-v1,cell-011-23683cb9175a,11,C128-d32-L2-H4-m4-ffnnone,9,800,800,32,32,128,4,4,4,2,4,,False,0.003,1,1,0.4128098487854004,0.4687999486923218,0.15626665949821472,0.11839020252227783,1.964493989944458,1.5155977010726929,0.4488963484764099
scaling-tuned-adamw-10seeds-v1,cell-011-23683cb9175a,11,C128-d32-L2-H4-m4-ffnnone,9,800,800,32,32,128,4,4,4,2,4,,False,0.003,1,2,0.2191455066204071,0.3750176429748535,0.12500590085983276,0.405836820602417,0.6311097145080566,-0.5936427116394043,1.224752426147461
scaling-tuned-adamw-10seeds-v1,cell-011-23683cb9175a,11,C128-d32-L2-H4-m4-ffnnone,9,800,800,32,32,128,4,4,4,2,4,,False,0.003,1,3,0.3873758912086487,0.4243580400943756,0.14145268499851227,0.1882660984992981,2.585590124130249,1.2452404499053955,1.3403496742248535
