schema_version,study_id,study_config_hash,cell_id,cell_index,config_hash,seed,checkpoint_index,step,num_concepts,memory_size,d_model,num_layers,num_heads,ffn_width,optimizer,learning_rate,momentum,steps,batch_size,weight_decay,eval_batch_size,loss,accuracy,value_flip_effect,target_key_effect,embedding_effective_rank,qk_frobenius_norms,ov_frobenius_norms,checkpoint_path,snapshot_path
1,replication-momentum-sgd-12seeds-v1,acac69fd0fb0eb72c223dcdbd380b2cff3f020d29c0cefc2e02ac2c1212afe00,cell-000-3a7c05ff2495,0,3a7c05ff2495d6105b2a546ec9174e85e28c16192f767bc2b2bdfd7e07b71b0a,0,0,0,16,4,16,2,1,,sgd,0.03,0.9,800,512,0.0,8192,1.8674366474151611,0.524169921875,0.12148070335388184,0.08070603758096695,7.229750633239746,"[4.029940605163574,4.001548767089844]","[4.1483235359191895,3.7004313468933105]",seeds/cell-000-3a7c05ff2495/seed-0/checkpoint.pt,seeds/cell-000-3a7c05ff2495/seed-0/snapshots/step-000000.pt
1,replication-momentum-sgd-12seeds-v1,acac69fd0fb0eb72c223dcdbd380b2cff3f020d29c0cefc2e02ac2c1212afe00,cell-000-3a7c05ff2495,0,3a7c05ff2495d6105b2a546ec9174e85e28c16192f767bc2b2bdfd7e07b71b0a,0,1,25,16,4,16,2,1,,sgd,0.03,0.9,800,512,0.0,8192,0.9361675977706909,0.6256103515625,0.16449874639511108,0.13214123249053955,7.3381476402282715,"[4.119091987609863,3.982623815536499]","[5.7752814292907715,5.537600040435791]",seeds/cell-000-3a7c05ff2495/seed-0/checkpoint.pt,seeds/cell-000-3a7c05ff2495/seed-0/snapshots/step-000025.pt
1,replication-momentum-sgd-12seeds-v1,acac69fd0fb0eb72c223dcdbd380b2cff3f020d29c0cefc2e02ac2c1212afe00,cell-000-3a7c05ff2495,0,3a7c05ff2495d6105b2a546ec9174e85e28c16192f767bc2b2bdfd7e07b71b0a,0,2,50,16,4,16,2,1,,sgd,0.03,0.9,800,512,0.0,8192,0.761843204498291,0.693115234375,0.23104575276374817,0.20620694756507874,7.308870315551758,"[4.048534393310547,3.969639301300049]","[6.022519588470459,5.8638787269592285]",seeds/cell-000-3a7c05ff2495/seed-0/checkpoint.pt,seeds/cell-000-3a7c05ff2495/seed-0/snapshots/step-000050.pt
1,replication-momentum-sgd-12seeds-v1,acac69fd0fb0eb72c223dcdbd380b2cff3f020d29c0cefc2e02ac2c1212afe00,cell-000-3a7c05ff2495,0,3a7c05ff2495d6105b2a546ec9174e85e28c16192f767bc2b2bdfd7e07b71b0a,0,3,100,16,4,16,2,1,,sgd,0.03,0.9,800,512,0.0,8192,0.6665387749671936,0.74560546875,0.34098178148269653,0.32782235741615295,6.624629020690918,"[4.442795753479004,3.961127281188965]","[6.087355613708496,5.724046230316162]",seeds/cell-000-3a7c05ff2495/seed-0/checkpoint.pt,seeds/cell-000-3a7c05ff2495/seed-0/snapshots/step-000100.pt
1,replication-momentum-sgd-12seeds-v1,acac69fd0fb0eb72c223dcdbd380b2cff3f020d29c0cefc2e02ac2c1212afe00,cell-000-3a7c05ff2495,0,3a7c05ff2495d6105b2a546ec9174e85e28c16192f767bc2b2bdfd7e07b71b0a,0,4,150,16,4,16,2,1,,sgd,0.03,0.9,800,512,0.0,8192,0.05723973363637924,0.9891357421875,0.9567166566848755,0.9710198044776917,5.98956823348999,"[6.017172813415527,4.035088539123535]","[6.4255595207214355,5.453385829925537]",seeds/cell-000-3a7c05ff2495/seed-0/checkpoint.pt,seeds/cell-000-3a7c05ff2495/seed-0/snapshots/step-000150.pt
1,replication-momentum-sgd-12seeds-v1,acac69fd0fb0eb72c223dcdbd380b2cff3f020d29c0cefc2e02ac2c1212afe00,cell-000-3a7c05ff2495,0,3a7c05ff2495d6105b2a546ec9174e85e28c16192f767bc2b2bdfd7e07b71b0a,0,5,200,16,4,16,2,1,,sgd,0.03,0.9,800,512,0.0,8192,0.0026452369056642056,0.9998779296875,0.9988532066345215,1.0043914318084717,6.051967144012451,"[6.437425136566162,4.031323432922363]","[6.604074478149414,5.395360946655273]",seeds/cell-000-3a7c05ff2495/seed-0/checkpoint.pt,seeds/cell-000-3a7c05ff2495/seed-0/snapshots/step-000200.pt
1,replication-momentum-sgd-12seeds-v1,acac69fd0fb0eb72c223dcdbd380b2cff3f020d29c0cefc2e02ac2c1212afe00,cell-000-3a7c05ff2495,0,3a7c05ff2495d6105b2a546ec9174e85e28c16192f767bc2b2bdfd7e07b71b0a,0,6,300,16,4,16,2,1,,sgd,0.03,0.9,800,512,0.0,8192,0.0007680465932935476,1.0,1.0003323554992676,1.003477692604065,6.051596164703369,"[6.503047943115234,4.028101444244385]","[6.6562323570251465,5.379449367523193]",seeds/cell-000-3a7c05ff2495/seed-0/checkpoint.pt,seeds/cell-000-3a7c05ff2495/seed-0/snapshots/step-000300.pt
1,replication-momentum-sgd-12seeds-v1,acac69fd0fb0eb72c223dcdbd380b2cff3f020d29c0cefc2e02ac2c1212afe00,cell-000-3a7c05ff2495,0,3a7c05ff2495d6105b2a546ec9174e85e28c16192f767bc2b2bdfd7e07b71b0a,0,7,400,16,4,16,2,1,,sgd,0.03,0.9,800,512,0.0,8192,0.0004507112316787243,1.0,1.000197410583496,1.0022470951080322,6.049499034881592,"[6.528829097747803,4.027017116546631]","[6.684952259063721,5.3721818923950195]",seeds/cell-000-3a7c05ff2495/seed-0/checkpoint.pt,seeds/cell-000-3a7c05ff2495/seed-0/snapshots/step-000400.pt
1,replication-momentum-sgd-12seeds-v1,acac69fd0fb0eb72c223dcdbd380b2cff3f020d29c0cefc2e02ac2c1212afe00,cell-000-3a7c05ff2495,0,3a7c05ff2495d6105b2a546ec9174e85e28c16192f767bc2b2bdfd7e07b71b0a,0,8,500,16,4,16,2,1,,sgd,0.03,0.9,800,512,0.0,8192,0.0003132762503810227,1.0,0.9999368190765381,1.0009217262268066,6.04850959777832,"[6.544178009033203,4.026381969451904]","[6.704544544219971,5.368261814117432]",seeds/cell-000-3a7c05ff2495/seed-0/checkpoint.pt,seeds/cell-000-3a7c05ff2495/seed-0/snapshots/step-000500.pt
1,replication-momentum-sgd-12seeds-v1,acac69fd0fb0eb72c223dcdbd380b2cff3f020d29c0cefc2e02ac2c1212afe00,cell-000-3a7c05ff2495,0,3a7c05ff2495d6105b2a546ec9174e85e28c16192f767bc2b2bdfd7e07b71b0a,0,9,600,16,4,16,2,1,,sgd,0.03,0.9,800,512,0.0,8192,0.000237616419326514,1.0,0.9995145797729492,1.0001412630081177,6.047684192657471,"[6.555266380310059,4.025937080383301]","[6.719807147979736,5.365884780883789]",seeds/cell-000-3a7c05ff2495/seed-0/checkpoint.pt,seeds/cell-000-3a7c05ff2495/seed-0/snapshots/step-000600.pt
1,replication-momentum-sgd-12seeds-v1,acac69fd0fb0eb72c223dcdbd380b2cff3f020d29c0cefc2e02ac2c1212afe00,cell-000-3a7c05ff2495,0,3a7c05ff2495d6105b2a546ec9174e85e28c16192f767bc2b2bdfd7e07b71b0a,0,10,800,16,4,16,2,1,,sgd,0.03,0.9,800,512,0.0,8192,0.00015583996719215065,1.0,1.0002847909927368,1.000117301940918,6.046926498413086,"[6.5710577964782715,4.025534629821777]","[6.742499351501465,5.363137722015381]",seeds/cell-000-3a7c05ff2495/seed-0/checkpoint.pt,seeds/cell-000-3a7c05ff2495/seed-0/snapshots/step-000800.pt
1,replication-momentum-sgd-12seeds-v1,acac69fd0fb0eb72c223dcdbd380b2cff3f020d29c0cefc2e02ac2c1212afe00,cell-000-3a7c05ff2495,0,3a7c05ff2495d6105b2a546ec9174e85e28c16192f767bc2b2bdfd7e07b71b0a,1,0,0,16,4,16,2,1,,sgd,0.03,0.9,800,512,0.0,8192,1.2039772272109985,0.4586181640625,-0.027553336694836617,9.517220314592123e-05,8.149219512939453,"[3.721236228942871,3.8536055088043213]","[3.537079334259033,3.7316064834594727]",seeds/cell-000-3a7c05ff2495/seed-1/checkpoint.pt,seeds/cell-000-3a7c05ff2495/seed-1/snapshots/step-000000.pt
1,replication-momentum-sgd-12seeds-v1,acac69fd0fb0eb72c223dcdbd380b2cff3f020d29c0cefc2e02ac2c1212afe00,cell-000-3a7c05ff2495,0,3a7c05ff2495d6105b2a546ec9174e85e28c16192f767bc2b2bdfd7e07b71b0a,1,1,25,16,4,16,2,1,,sgd,0.03,0.9,800,512,0.0,8192,0.7151967287063599,0.718505859375,0.3193439841270447,0.315069317817688,7.821617603302002,"[3.793802499771118,3.8179450035095215]","[3.878018379211426,3.8136355876922607]",seeds/cell-000-3a7c05ff2495/seed-1/checkpoint.pt,seeds/cell-000-3a7c05ff2495/seed-1/snapshots/step-000025.pt
1,replication-momentum-sgd-12seeds-v1,acac69fd0fb0eb72c223dcdbd380b2cff3f020d29c0cefc2e02ac2c1212afe00,cell-000-3a7c05ff2495,0,3a7c05ff2495d6105b2a546ec9174e85e28c16192f767bc2b2bdfd7e07b71b0a,1,2,50,16,4,16,2,1,,sgd,0.03,0.9,800,512,0.0,8192,0.35022908449172974,0.887451171875,0.6404544115066528,0.6672196388244629,6.66390323638916,"[4.505946636199951,3.8140792846679688]","[4.1006598472595215,3.7581629753112793]",seeds/cell-000-3a7c05ff2495/seed-1/checkpoint.pt,seeds/cell-000-3a7c05ff2495/seed-1/snapshots/step-000050.pt
1,replication-momentum-sgd-12seeds-v1,acac69fd0fb0eb72c223dcdbd380b2cff3f020d29c0cefc2e02ac2c1212afe00,cell-000-3a7c05ff2495,0,3a7c05ff2495d6105b2a546ec9174e85e28c16192f767bc2b2bdfd7e07b71b0a,1,3,100,16,4,16,2,1,,sgd,0.03,0.9,800,512,0.0,8192,0.0033002272248268127,1.0,1.0036396980285645,1.0092567205429077,6.310691833496094,"[5.632578372955322,3.7860267162323]","[4.4170732498168945,3.720827102661133]",seeds/cell-000-3a7c05ff2495/seed-1/checkpoint.pt,seeds/cell-000-3a7c05ff2495/seed-1/snapshots/step-000100.pt
1,replication-momentum-sgd-12seeds-v1,acac69fd0fb0eb72c223dcdbd380b2cff3f020d29c0cefc2e02ac2c1212afe00,cell-000-3a7c05ff2495,0,3a7c05ff2495d6105b2a546ec9174e85e28c16192f767bc2b2bdfd7e07b71b0a,1,4,150,16,4,16,2,1,,sgd,0.03,0.9,800,512,0.0,8192,0.0010469970293343067,1.0,1.001554012298584,1.0066958665847778,6.313406944274902,"[5.703347682952881,3.791116714477539]","[4.467395305633545,3.7533740997314453]",seeds/cell-000-3a7c05ff2495/seed-1/checkpoint.pt,seeds/cell-000-3a7c05ff2495/seed-1/snapshots/step-000150.pt
1,replication-momentum-sgd-12seeds-v1,acac69fd0fb0eb72c223dcdbd380b2cff3f020d29c0cefc2e02ac2c1212afe00,cell-000-3a7c05ff2495,0,3a7c05ff2495d6105b2a546ec9174e85e28c16192f767bc2b2bdfd7e07b71b0a,1,5,200,16,4,16,2,1,,sgd,0.03,0.9,800,512,0.0,8192,0.0006854780949652195,1.0,1.0014028549194336,1.0065209865570068,6.313562870025635,"[5.722239017486572,3.792823553085327]","[4.485999584197998,3.7702786922454834]",seeds/cell-000-3a7c05ff2495/seed-1/checkpoint.pt,seeds/cell-000-3a7c05ff2495/seed-1/snapshots/step-000200.pt
1,replication-momentum-sgd-12seeds-v1,acac69fd0fb0eb72c223dcdbd380b2cff3f020d29c0cefc2e02ac2c1212afe00,cell-000-3a7c05ff2495,0,3a7c05ff2495d6105b2a546ec9174e85e28c16192f767bc2b2bdfd7e07b71b0a,1,6,300,16,4,16,2,1,,sgd,0.03,0.9,800,512,0.0,8192,0.0004140446544624865,1.0,1.0000039339065552,1.005019187927246,6.311575889587402,"[5.747253894805908,3.7950921058654785]","[4.510799884796143,3.7931888103485107]",seeds/cell-000-3a7c05ff2495/seed-1/checkpoint.pt,seeds/cell-000-3a7c05ff2495/seed-1/snapshots/step-000300.pt
1,replication-momentum-sgd-12seeds-v1,acac69fd0fb0eb72c223dcdbd380b2cff3f020d29c0cefc2e02ac2c1212afe00,cell-000-3a7c05ff2495,0,3a7c05ff2495d6105b2a546ec9174e85e28c16192f767bc2b2bdfd7e07b71b0a,1,7,400,16,4,16,2,1,,sgd,0.03,0.9,800,512,0.0,8192,0.00029995955992490053,1.0,1.002011775970459,1.0069597959518433,6.309507369995117,"[5.765033721923828,3.796844244003296]","[4.529301643371582,3.8091795444488525]",seeds/cell-000-3a7c05ff2495/seed-1/checkpoint.pt,seeds/cell-000-3a7c05ff2495/seed-1/snapshots/step-000400.pt
1,replication-momentum-sgd-12seeds-v1,acac69fd0fb0eb72c223dcdbd380b2cff3f020d29c0cefc2e02ac2c1212afe00,cell-000-3a7c05ff2495,0,3a7c05ff2495d6105b2a546ec9174e85e28c16192f767bc2b2bdfd7e07b71b0a,1,8,500,16,4,16,2,1,,sgd,0.03,0.9,800,512,0.0,8192,0.00023127977328840643,1.0,0.9996938705444336,1.0046194791793823,6.308066368103027,"[5.777953624725342,3.7981817722320557]","[4.543798923492432,3.8213868141174316]",seeds/cell-000-3a7c05ff2495/seed-1/checkpoint.pt,seeds/cell-000-3a7c05ff2495/seed-1/snapshots/step-000500.pt
1,replication-momentum-sgd-12seeds-v1,acac69fd0fb0eb72c223dcdbd380b2cff3f020d29c0cefc2e02ac2c1212afe00,cell-000-3a7c05ff2495,0,3a7c05ff2495d6105b2a546ec9174e85e28c16192f767bc2b2bdfd7e07b71b0a,1,9,600,16,4,16,2,1,,sgd,0.03,0.9,800,512,0.0,8192,0.0001915141911013052,1.0,1.0008735656738281,1.005812644958496,6.306188583374023,"[5.788661956787109,3.799326181411743]","[4.555968761444092,3.8314929008483887]",seeds/cell-000-3a7c05ff2495/seed-1/checkpoint.pt,seeds/cell-000-3a7c05ff2495/seed-1/snapshots/step-000600.pt
1,replication-momentum-sgd-12seeds-v1,acac69fd0fb0eb72c223dcdbd380b2cff3f020d29c0cefc2e02ac2c1212afe00,cell-000-3a7c05ff2495,0,3a7c05ff2495d6105b2a546ec9174e85e28c16192f767bc2b2bdfd7e07b71b0a,1,10,800,16,4,16,2,1,,sgd,0.03,0.9,800,512,0.0,8192,0.00014038389781489968,1.0,0.9992404580116272,1.00410795211792,6.30300235748291,"[5.80500602722168,3.801269292831421]","[4.5757012367248535,3.847548484802246]",seeds/cell-000-3a7c05ff2495/seed-1/checkpoint.pt,seeds/cell-000-3a7c05ff2495/seed-1/snapshots/step-000800.pt
1,replication-momentum-sgd-12seeds-v1,acac69fd0fb0eb72c223dcdbd380b2cff3f020d29c0cefc2e02ac2c1212afe00,cell-000-3a7c05ff2495,0,3a7c05ff2495d6105b2a546ec9174e85e28c16192f767bc2b2bdfd7e07b71b0a,2,0,0,16,4,16,2,1,,sgd,0.03,0.9,800,512,0.0,8192,1.803229808807373,0.5263671875,0.09674611687660217,0.0893189013004303,8.403874397277832,"[4.001866340637207,3.8711061477661133]","[3.567533493041992,3.1201179027557373]",seeds/cell-000-3a7c05ff2495/seed-2/checkpoint.pt,seeds/cell-000-3a7c05ff2495/seed-2/snapshots/step-000000.pt
1,replication-momentum-sgd-12seeds-v1,acac69fd0fb0eb72c223dcdbd380b2cff3f020d29c0cefc2e02ac2c1212afe00,cell-000-3a7c05ff2495,0,3a7c05ff2495d6105b2a546ec9174e85e28c16192f767bc2b2bdfd7e07b71b0a,2,1,25,16,4,16,2,1,,sgd,0.03,0.9,800,512,0.0,8192,0.7729012966156006,0.690673828125,0.21980391442775726,0.18829455971717834,8.368751525878906,"[3.978736639022827,3.8511435985565186]","[3.911928415298462,3.581369161605835]",seeds/cell-000-3a7c05ff2495/seed-2/checkpoint.pt,seeds/cell-000-3a7c05ff2495/seed-2/snapshots/step-000025.pt
1,replication-momentum-sgd-12seeds-v1,acac69fd0fb0eb72c223dcdbd380b2cff3f020d29c0cefc2e02ac2c1212afe00,cell-000-3a7c05ff2495,0,3a7c05ff2495d6105b2a546ec9174e85e28c16192f767bc2b2bdfd7e07b71b0a,2,2,50,16,4,16,2,1,,sgd,0.03,0.9,800,512,0.0,8192,0.5705676078796387,0.7857666015625,0.45095115900039673,0.4452325999736786,8.054511070251465,"[4.183772563934326,3.887786626815796]","[4.108787536621094,3.7046234607696533]",seeds/cell-000-3a7c05ff2495/seed-2/checkpoint.pt,seeds/cell-000-3a7c05ff2495/seed-2/snapshots/step-000050.pt
1,replication-momentum-sgd-12seeds-v1,acac69fd0fb0eb72c223dcdbd380b2cff3f020d29c0cefc2e02ac2c1212afe00,cell-000-3a7c05ff2495,0,3a7c05ff2495d6105b2a546ec9174e85e28c16192f767bc2b2bdfd7e07b71b0a,2,3,100,16,4,16,2,1,,sgd,0.03,0.9,800,512,0.0,8192,0.004021796863526106,1.0,0.9937633275985718,1.005379319190979,7.0977067947387695,"[5.570993423461914,3.9622061252593994]","[4.530928134918213,3.6231229305267334]",seeds/cell-000-3a7c05ff2495/seed-2/checkpoint.pt,seeds/cell-000-3a7c05ff2495/seed-2/snapshots/step-000100.pt
1,replication-momentum-sgd-12seeds-v1,acac69fd0fb0eb72c223dcdbd380b2cff3f020d29c0cefc2e02ac2c1212afe00,cell-000-3a7c05ff2495,0,3a7c05ff2495d6105b2a546ec9174e85e28c16192f767bc2b2bdfd7e07b71b0a,2,4,150,16,4,16,2,1,,sgd,0.03,0.9,800,512,0.0,8192,0.0012125784996896982,1.0,1.0026140213012695,1.0145046710968018,7.059245586395264,"[5.660466194152832,3.9594333171844482]","[4.5810723304748535,3.631202459335327]",seeds/cell-000-3a7c05ff2495/seed-2/checkpoint.pt,seeds/cell-000-3a7c05ff2495/seed-2/snapshots/step-000150.pt
1,replication-momentum-sgd-12seeds-v1,acac69fd0fb0eb72c223dcdbd380b2cff3f020d29c0cefc2e02ac2c1212afe00,cell-000-3a7c05ff2495,0,3a7c05ff2495d6105b2a546ec9174e85e28c16192f767bc2b2bdfd7e07b71b0a,2,5,200,16,4,16,2,1,,sgd,0.03,0.9,800,512,0.0,8192,0.0008026083814911544,1.0,1.000535249710083,1.012381911277771,7.0525336265563965,"[5.685144424438477,3.9582247734069824]","[4.602723121643066,3.6368696689605713]",seeds/cell-000-3a7c05ff2495/seed-2/checkpoint.pt,seeds/cell-000-3a7c05ff2495/seed-2/snapshots/step-000200.pt
1,replication-momentum-sgd-12seeds-v1,acac69fd0fb0eb72c223dcdbd380b2cff3f020d29c0cefc2e02ac2c1212afe00,cell-000-3a7c05ff2495,0,3a7c05ff2495d6105b2a546ec9174e85e28c16192f767bc2b2bdfd7e07b71b0a,2,6,300,16,4,16,2,1,,sgd,0.03,0.9,800,512,0.0,8192,0.0004806495562661439,1.0,0.9982434511184692,1.0102388858795166,7.0451226234436035,"[5.715912342071533,3.95692777633667]","[4.635084629058838,3.6457648277282715]",seeds/cell-000-3a7c05ff2495/seed-2/checkpoint.pt,seeds/cell-000-3a7c05ff2495/seed-2/snapshots/step-000300.pt
1,replication-momentum-sgd-12seeds-v1,acac69fd0fb0eb72c223dcdbd380b2cff3f020d29c0cefc2e02ac2c1212afe00,cell-000-3a7c05ff2495,0,3a7c05ff2495d6105b2a546ec9174e85e28c16192f767bc2b2bdfd7e07b71b0a,2,7,400,16,4,16,2,1,,sgd,0.03,0.9,800,512,0.0,8192,0.00033770286245271564,1.0,0.9987432360649109,1.0109647512435913,7.041423320770264,"[5.7351765632629395,3.9562292098999023]","[4.657820701599121,3.6525697708129883]",seeds/cell-000-3a7c05ff2495/seed-2/checkpoint.pt,seeds/cell-000-3a7c05ff2495/seed-2/snapshots/step-000400.pt
1,replication-momentum-sgd-12seeds-v1,acac69fd0fb0eb72c223dcdbd380b2cff3f020d29c0cefc2e02ac2c1212afe00,cell-000-3a7c05ff2495,0,3a7c05ff2495d6105b2a546ec9174e85e28c16192f767bc2b2bdfd7e07b71b0a,2,8,500,16,4,16,2,1,,sgd,0.03,0.9,800,512,0.0,8192,0.0002636162389535457,1.0,0.9979369640350342,1.0101832151412964,7.039389133453369,"[5.75013542175293,3.955915689468384]","[4.676883697509766,3.658018112182617]",seeds/cell-000-3a7c05ff2495/seed-2/checkpoint.pt,seeds/cell-000-3a7c05ff2495/seed-2/snapshots/step-000500.pt
1,replication-momentum-sgd-12seeds-v1,acac69fd0fb0eb72c223dcdbd380b2cff3f020d29c0cefc2e02ac2c1212afe00,cell-000-3a7c05ff2495,0,3a7c05ff2495d6105b2a546ec9174e85e28c16192f767bc2b2bdfd7e07b71b0a,2,9,600,16,4,16,2,1,,sgd,0.03,0.9,800,512,0.0,8192,0.00021014525555074215,1.0,1.000798225402832,1.0131642818450928,7.036879539489746,"[5.762569427490234,3.955735206604004]","[4.693111419677734,3.6627302169799805]",seeds/cell-000-3a7c05ff2495/seed-2/checkpoint.pt,seeds/cell-000-3a7c05ff2495/seed-2/snapshots/step-000600.pt
1,replication-momentum-sgd-12seeds-v1,acac69fd0fb0eb72c223dcdbd380b2cff3f020d29c0cefc2e02ac2c1212afe00,cell-000-3a7c05ff2495,0,3a7c05ff2495d6105b2a546ec9174e85e28c16192f767bc2b2bdfd7e07b71b0a,2,10,800,16,4,16,2,1,,sgd,0.03,0.9,800,512,0.0,8192,0.00015094972332008183,1.0,0.99969482421875,1.0122582912445068,7.0334272384643555,"[5.781139373779297,3.955505609512329]","[4.718799114227295,3.6701571941375732]",seeds/cell-000-3a7c05ff2495/seed-2/checkpoint.pt,seeds/cell-000-3a7c05ff2495/seed-2/snapshots/step-000800.pt
1,replication-momentum-sgd-12seeds-v1,acac69fd0fb0eb72c223dcdbd380b2cff3f020d29c0cefc2e02ac2c1212afe00,cell-000-3a7c05ff2495,0,3a7c05ff2495d6105b2a546ec9174e85e28c16192f767bc2b2bdfd7e07b71b0a,3,0,0,16,4,16,2,1,,sgd,0.03,0.9,800,512,0.0,8192,1.3556430339813232,0.47998046875,-0.032169125974178314,-0.05057341605424881,7.6165771484375,"[3.915130376815796,3.8652234077453613]","[3.5674524307250977,3.659898519515991]",seeds/cell-000-3a7c05ff2495/seed-3/checkpoint.pt,seeds/cell-000-3a7c05ff2495/seed-3/snapshots/step-000000.pt
1,replication-momentum-sgd-12seeds-v1,acac69fd0fb0eb72c223dcdbd380b2cff3f020d29c0cefc2e02ac2c1212afe00,cell-000-3a7c05ff2495,0,3a7c05ff2495d6105b2a546ec9174e85e28c16192f767bc2b2bdfd7e07b71b0a,3,1,25,16,4,16,2,1,,sgd,0.03,0.9,800,512,0.0,8192,0.7730931639671326,0.6827392578125,0.2257007360458374,0.19297771155834198,7.576702117919922,"[3.8471975326538086,3.8284051418304443]","[3.664402723312378,3.802615165710449]",seeds/cell-000-3a7c05ff2495/seed-3/checkpoint.pt,seeds/cell-000-3a7c05ff2495/seed-3/snapshots/step-000025.pt
1,replication-momentum-sgd-12seeds-v1,acac69fd0fb0eb72c223dcdbd380b2cff3f020d29c0cefc2e02ac2c1212afe00,cell-000-3a7c05ff2495,0,3a7c05ff2495d6105b2a546ec9174e85e28c16192f767bc2b2bdfd7e07b71b0a,3,2,50,16,4,16,2,1,,sgd,0.03,0.9,800,512,0.0,8192,0.7277028560638428,0.7110595703125,0.2750979959964752,0.2532466650009155,7.542006492614746,"[3.931659460067749,3.820666551589966]","[3.737199306488037,3.8190739154815674]",seeds/cell-000-3a7c05ff2495/seed-3/checkpoint.pt,seeds/cell-000-3a7c05ff2495/seed-3/snapshots/step-000050.pt
1,replication-momentum-sgd-12seeds-v1,acac69fd0fb0eb72c223dcdbd380b2cff3f020d29c0cefc2e02ac2c1212afe00,cell-000-3a7c05ff2495,0,3a7c05ff2495d6105b2a546ec9174e85e28c16192f767bc2b2bdfd7e07b71b0a,3,3,100,16,4,16,2,1,,sgd,0.03,0.9,800,512,0.0,8192,0.27032768726348877,0.9139404296875,0.7664285898208618,0.7674961686134338,6.166431427001953,"[5.055929183959961,4.095666408538818]","[3.7810373306274414,3.7497777938842773]",seeds/cell-000-3a7c05ff2495/seed-3/checkpoint.pt,seeds/cell-000-3a7c05ff2495/seed-3/snapshots/step-000100.pt
1,replication-momentum-sgd-12seeds-v1,acac69fd0fb0eb72c223dcdbd380b2cff3f020d29c0cefc2e02ac2c1212afe00,cell-000-3a7c05ff2495,0,3a7c05ff2495d6105b2a546ec9174e85e28c16192f767bc2b2bdfd7e07b71b0a,3,4,150,16,4,16,2,1,,sgd,0.03,0.9,800,512,0.0,8192,0.0028002446051687002,1.0,0.9950509071350098,1.0072219371795654,5.882686614990234,"[5.9122633934021,4.195685863494873]","[4.059424877166748,3.754591703414917]",seeds/cell-000-3a7c05ff2495/seed-3/checkpoint.pt,seeds/cell-000-3a7c05ff2495/seed-3/snapshots/step-000150.pt
1,replication-momentum-sgd-12seeds-v1,acac69fd0fb0eb72c223dcdbd380b2cff3f020d29c0cefc2e02ac2c1212afe00,cell-000-3a7c05ff2495,0,3a7c05ff2495d6105b2a546ec9174e85e28c16192f767bc2b2bdfd7e07b71b0a,3,5,200,16,4,16,2,1,,sgd,0.03,0.9,800,512,0.0,8192,0.0010598612716421485,1.0,0.9890968203544617,1.0011696815490723,5.8836212158203125,"[5.973438739776611,4.200389862060547]","[4.104950428009033,3.7823116779327393]",seeds/cell-000-3a7c05ff2495/seed-3/checkpoint.pt,seeds/cell-000-3a7c05ff2495/seed-3/snapshots/step-000200.pt
1,replication-momentum-sgd-12seeds-v1,acac69fd0fb0eb72c223dcdbd380b2cff3f020d29c0cefc2e02ac2c1212afe00,cell-000-3a7c05ff2495,0,3a7c05ff2495d6105b2a546ec9174e85e28c16192f767bc2b2bdfd7e07b71b0a,3,6,300,16,4,16,2,1,,sgd,0.03,0.9,800,512,0.0,8192,0.00048569415230304003,1.0,1.0035102367401123,1.0161200761795044,5.891369342803955,"[6.010781764984131,4.203362941741943]","[4.133879661560059,3.809396505355835]",seeds/cell-000-3a7c05ff2495/seed-3/checkpoint.pt,seeds/cell-000-3a7c05ff2495/seed-3/snapshots/step-000300.pt
1,replication-momentum-sgd-12seeds-v1,acac69fd0fb0eb72c223dcdbd380b2cff3f020d29c0cefc2e02ac2c1212afe00,cell-000-3a7c05ff2495,0,3a7c05ff2495d6105b2a546ec9174e85e28c16192f767bc2b2bdfd7e07b71b0a,3,7,400,16,4,16,2,1,,sgd,0.03,0.9,800,512,0.0,8192,0.00032121926778927445,1.0,0.9976437091827393,1.0104905366897583,5.896044731140137,"[6.031389236450195,4.204986095428467]","[4.149951934814453,3.8269805908203125]",seeds/cell-000-3a7c05ff2495/seed-3/checkpoint.pt,seeds/cell-000-3a7c05ff2495/seed-3/snapshots/step-000400.pt
1,replication-momentum-sgd-12seeds-v1,acac69fd0fb0eb72c223dcdbd380b2cff3f020d29c0cefc2e02ac2c1212afe00,cell-000-3a7c05ff2495,0,3a7c05ff2495d6105b2a546ec9174e85e28c16192f767bc2b2bdfd7e07b71b0a,3,8,500,16,4,16,2,1,,sgd,0.03,0.9,800,512,0.0,8192,0.0002811304875649512,1.0,0.9965652227401733,1.0114634037017822,5.909104347229004,"[6.047057628631592,4.20704984664917]","[4.1622114181518555,3.8410420417785645]",seeds/cell-000-3a7c05ff2495/seed-3/checkpoint.pt,seeds/cell-000-3a7c05ff2495/seed-3/snapshots/step-000500.pt
1,replication-momentum-sgd-12seeds-v1,acac69fd0fb0eb72c223dcdbd380b2cff3f020d29c0cefc2e02ac2c1212afe00,cell-000-3a7c05ff2495,0,3a7c05ff2495d6105b2a546ec9174e85e28c16192f767bc2b2bdfd7e07b71b0a,3,9,600,16,4,16,2,1,,sgd,0.03,0.9,800,512,0.0,8192,0.00019053361029364169,1.0,0.9984457492828369,1.0138649940490723,5.910828590393066,"[6.058676242828369,4.2083659172058105]","[4.1715617179870605,3.853292226791382]",seeds/cell-000-3a7c05ff2495/seed-3/checkpoint.pt,seeds/cell-000-3a7c05ff2495/seed-3/snapshots/step-000600.pt
1,replication-momentum-sgd-12seeds-v1,acac69fd0fb0eb72c223dcdbd380b2cff3f020d29c0cefc2e02ac2c1212afe00,cell-000-3a7c05ff2495,0,3a7c05ff2495d6105b2a546ec9174e85e28c16192f767bc2b2bdfd7e07b71b0a,3,10,800,16,4,16,2,1,,sgd,0.03,0.9,800,512,0.0,8192,0.00013572972966358066,1.0,0.9975593090057373,1.012660026550293,5.913280963897705,"[6.073822975158691,4.209888935089111]","[4.183619499206543,3.870741605758667]",seeds/cell-000-3a7c05ff2495/seed-3/checkpoint.pt,seeds/cell-000-3a7c05ff2495/seed-3/snapshots/step-000800.pt
1,replication-momentum-sgd-12seeds-v1,acac69fd0fb0eb72c223dcdbd380b2cff3f020d29c0cefc2e02ac2c1212afe00,cell-000-3a7c05ff2495,0,3a7c05ff2495d6105b2a546ec9174e85e28c16192f767bc2b2bdfd7e07b71b0a,4,0,0,16,4,16,2,1,,sgd,0.03,0.9,800,512,0.0,8192,5.558333873748779,0.50390625,-0.03781648725271225,-0.036545149981975555,7.604416370391846,"[3.572401285171509,4.411995887756348]","[4.531334400177002,3.7164013385772705]",seeds/cell-000-3a7c05ff2495/seed-4/checkpoint.pt,seeds/cell-000-3a7c05ff2495/seed-4/snapshots/step-000000.pt
1,replication-momentum-sgd-12seeds-v1,acac69fd0fb0eb72c223dcdbd380b2cff3f020d29c0cefc2e02ac2c1212afe00,cell-000-3a7c05ff2495,0,3a7c05ff2495d6105b2a546ec9174e85e28c16192f767bc2b2bdfd7e07b71b0a,4,1,25,16,4,16,2,1,,sgd,0.03,0.9,800,512,0.0,8192,1.1215488910675049,0.4964599609375,0.0030969572253525257,0.0023153270594775677,7.748366832733154,"[4.659825801849365,4.5280938148498535]","[10.240152359008789,7.20758581161499]",seeds/cell-000-3a7c05ff2495/seed-4/checkpoint.pt,seeds/cell-000-3a7c05ff2495/seed-4/snapshots/step-000025.pt
1,replication-momentum-sgd-12seeds-v1,acac69fd0fb0eb72c223dcdbd380b2cff3f020d29c0cefc2e02ac2c1212afe00,cell-000-3a7c05ff2495,0,3a7c05ff2495d6105b2a546ec9174e85e28c16192f767bc2b2bdfd7e07b71b0a,4,2,50,16,4,16,2,1,,sgd,0.03,0.9,800,512,0.0,8192,1.0219371318817139,0.4964599609375,0.003254176350310445,0.002357113640755415,7.706860542297363,"[4.767953395843506,4.543569087982178]","[11.236767768859863,7.912359714508057]",seeds/cell-000-3a7c05ff2495/seed-4/checkpoint.pt,seeds/cell-000-3a7c05ff2495/seed-4/snapshots/step-000050.pt
1,replication-momentum-sgd-12seeds-v1,acac69fd0fb0eb72c223dcdbd380b2cff3f020d29c0cefc2e02ac2c1212afe00,cell-000-3a7c05ff2495,0,3a7c05ff2495d6105b2a546ec9174e85e28c16192f767bc2b2bdfd7e07b71b0a,4,3,100,16,4,16,2,1,,sgd,0.03,0.9,800,512,0.0,8192,0.9779167175292969,0.535888671875,0.014384116046130657,0.010154984891414642,7.7037787437438965,"[4.713399410247803,4.548299312591553]","[11.046977996826172,7.984391212463379]",seeds/cell-000-3a7c05ff2495/seed-4/checkpoint.pt,seeds/cell-000-3a7c05ff2495/seed-4/snapshots/step-000100.pt
1,replication-momentum-sgd-12seeds-v1,acac69fd0fb0eb72c223dcdbd380b2cff3f020d29c0cefc2e02ac2c1212afe00,cell-000-3a7c05ff2495,0,3a7c05ff2495d6105b2a546ec9174e85e28c16192f767bc2b2bdfd7e07b71b0a,4,4,150,16,4,16,2,1,,sgd,0.03,0.9,800,512,0.0,8192,0.7796000242233276,0.6925048828125,0.18344232439994812,0.14799511432647705,7.56546688079834,"[4.438080310821533,4.553259372711182]","[10.498132705688477,8.115189552307129]",seeds/cell-000-3a7c05ff2495/seed-4/checkpoint.pt,seeds/cell-000-3a7c05ff2495/seed-4/snapshots/step-000150.pt
1,replication-momentum-sgd-12seeds-v1,acac69fd0fb0eb72c223dcdbd380b2cff3f020d29c0cefc2e02ac2c1212afe00,cell-000-3a7c05ff2495,0,3a7c05ff2495d6105b2a546ec9174e85e28c16192f767bc2b2bdfd7e07b71b0a,4,5,200,16,4,16,2,1,,sgd,0.03,0.9,800,512,0.0,8192,0.7229542136192322,0.7218017578125,0.28628042340278625,0.2501596510410309,7.199674129486084,"[4.602223873138428,4.551016807556152]","[10.6754150390625,8.147134780883789]",seeds/cell-000-3a7c05ff2495/seed-4/checkpoint.pt,seeds/cell-000-3a7c05ff2495/seed-4/snapshots/step-000200.pt
1,replication-momentum-sgd-12seeds-v1,acac69fd0fb0eb72c223dcdbd380b2cff3f020d29c0cefc2e02ac2c1212afe00,cell-000-3a7c05ff2495,0,3a7c05ff2495d6105b2a546ec9174e85e28c16192f767bc2b2bdfd7e07b71b0a,4,6,300,16,4,16,2,1,,sgd,0.03,0.9,800,512,0.0,8192,0.09399931877851486,0.99462890625,0.9025535583496094,0.9195817708969116,5.504019737243652,"[7.601812362670898,4.598753452301025]","[11.351883888244629,7.981926918029785]",seeds/cell-000-3a7c05ff2495/seed-4/checkpoint.pt,seeds/cell-000-3a7c05ff2495/seed-4/snapshots/step-000300.pt
1,replication-momentum-sgd-12seeds-v1,acac69fd0fb0eb72c223dcdbd380b2cff3f020d29c0cefc2e02ac2c1212afe00,cell-000-3a7c05ff2495,0,3a7c05ff2495d6105b2a546ec9174e85e28c16192f767bc2b2bdfd7e07b71b0a,4,7,400,16,4,16,2,1,,sgd,0.03,0.9,800,512,0.0,8192,0.005150290206074715,1.0,0.9911309480667114,0.9974477291107178,5.284335136413574,"[8.887332916259766,4.590520858764648]","[11.494915008544922,7.995577812194824]",seeds/cell-000-3a7c05ff2495/seed-4/checkpoint.pt,seeds/cell-000-3a7c05ff2495/seed-4/snapshots/step-000400.pt
1,replication-momentum-sgd-12seeds-v1,acac69fd0fb0eb72c223dcdbd380b2cff3f020d29c0cefc2e02ac2c1212afe00,cell-000-3a7c05ff2495,0,3a7c05ff2495d6105b2a546ec9174e85e28c16192f767bc2b2bdfd7e07b71b0a,4,8,500,16,4,16,2,1,,sgd,0.03,0.9,800,512,0.0,8192,0.0020737946033477783,1.0,0.9982488751411438,1.0034117698669434,5.243946552276611,"[9.140517234802246,4.596960067749023]","[11.555132865905762,7.981638431549072]",seeds/cell-000-3a7c05ff2495/seed-4/checkpoint.pt,seeds/cell-000-3a7c05ff2495/seed-4/snapshots/step-000500.pt
1,replication-momentum-sgd-12seeds-v1,acac69fd0fb0eb72c223dcdbd380b2cff3f020d29c0cefc2e02ac2c1212afe00,cell-000-3a7c05ff2495,0,3a7c05ff2495d6105b2a546ec9174e85e28c16192f767bc2b2bdfd7e07b71b0a,4,9,600,16,4,16,2,1,,sgd,0.03,0.9,800,512,0.0,8192,0.0012740374077111483,1.0,1.0007288455963135,1.0051697492599487,5.22543478012085,"[9.267460823059082,4.6014084815979]","[11.594932556152344,7.965077877044678]",seeds/cell-000-3a7c05ff2495/seed-4/checkpoint.pt,seeds/cell-000-3a7c05ff2495/seed-4/snapshots/step-000600.pt
1,replication-momentum-sgd-12seeds-v1,acac69fd0fb0eb72c223dcdbd380b2cff3f020d29c0cefc2e02ac2c1212afe00,cell-000-3a7c05ff2495,0,3a7c05ff2495d6105b2a546ec9174e85e28c16192f767bc2b2bdfd7e07b71b0a,4,10,800,16,4,16,2,1,,sgd,0.03,0.9,800,512,0.0,8192,0.0007189736934378743,1.0,0.9998626708984375,1.0035285949707031,5.205127716064453,"[9.413049697875977,4.607001304626465]","[11.646315574645996,7.937429904937744]",seeds/cell-000-3a7c05ff2495/seed-4/checkpoint.pt,seeds/cell-000-3a7c05ff2495/seed-4/snapshots/step-000800.pt
1,replication-momentum-sgd-12seeds-v1,acac69fd0fb0eb72c223dcdbd380b2cff3f020d29c0cefc2e02ac2c1212afe00,cell-000-3a7c05ff2495,0,3a7c05ff2495d6105b2a546ec9174e85e28c16192f767bc2b2bdfd7e07b71b0a,5,0,0,16,4,16,2,1,,sgd,0.03,0.9,800,512,0.0,8192,3.9461922645568848,0.4915771484375,-0.12963838875293732,-0.13506732881069183,7.895124912261963,"[4.130829334259033,4.440303802490234]","[3.4162473678588867,3.5644686222076416]",seeds/cell-000-3a7c05ff2495/seed-5/checkpoint.pt,seeds/cell-000-3a7c05ff2495/seed-5/snapshots/step-000000.pt
1,replication-momentum-sgd-12seeds-v1,acac69fd0fb0eb72c223dcdbd380b2cff3f020d29c0cefc2e02ac2c1212afe00,cell-000-3a7c05ff2495,0,3a7c05ff2495d6105b2a546ec9174e85e28c16192f767bc2b2bdfd7e07b71b0a,5,1,25,16,4,16,2,1,,sgd,0.03,0.9,800,512,0.0,8192,0.8190422654151917,0.67333984375,0.1981348693370819,0.13936270773410797,7.934493064880371,"[4.36367130279541,4.514339923858643]","[4.9202399253845215,4.621427536010742]",seeds/cell-000-3a7c05ff2495/seed-5/checkpoint.pt,seeds/cell-000-3a7c05ff2495/seed-5/snapshots/step-000025.pt
1,replication-momentum-sgd-12seeds-v1,acac69fd0fb0eb72c223dcdbd380b2cff3f020d29c0cefc2e02ac2c1212afe00,cell-000-3a7c05ff2495,0,3a7c05ff2495d6105b2a546ec9174e85e28c16192f767bc2b2bdfd7e07b71b0a,5,2,50,16,4,16,2,1,,sgd,0.03,0.9,800,512,0.0,8192,0.6962770223617554,0.73291015625,0.3280290365219116,0.3029518127441406,7.7334771156311035,"[4.488125801086426,4.606588840484619]","[5.057918071746826,4.799680233001709]",seeds/cell-000-3a7c05ff2495/seed-5/checkpoint.pt,seeds/cell-000-3a7c05ff2495/seed-5/snapshots/step-000050.pt
1,replication-momentum-sgd-12seeds-v1,acac69fd0fb0eb72c223dcdbd380b2cff3f020d29c0cefc2e02ac2c1212afe00,cell-000-3a7c05ff2495,0,3a7c05ff2495d6105b2a546ec9174e85e28c16192f767bc2b2bdfd7e07b71b0a,5,3,100,16,4,16,2,1,,sgd,0.03,0.9,800,512,0.0,8192,0.4929521977901459,0.822265625,0.5219844579696655,0.5047234892845154,6.8644561767578125,"[4.888228416442871,4.902397632598877]","[4.8314361572265625,4.855556964874268]",seeds/cell-000-3a7c05ff2495/seed-5/checkpoint.pt,seeds/cell-000-3a7c05ff2495/seed-5/snapshots/step-000100.pt
1,replication-momentum-sgd-12seeds-v1,acac69fd0fb0eb72c223dcdbd380b2cff3f020d29c0cefc2e02ac2c1212afe00,cell-000-3a7c05ff2495,0,3a7c05ff2495d6105b2a546ec9174e85e28c16192f767bc2b2bdfd7e07b71b0a,5,4,150,16,4,16,2,1,,sgd,0.03,0.9,800,512,0.0,8192,0.14768724143505096,0.956787109375,0.8622146844863892,0.8571230173110962,6.287353515625,"[5.612687110900879,5.310847282409668]","[4.380719184875488,5.001139163970947]",seeds/cell-000-3a7c05ff2495/seed-5/checkpoint.pt,seeds/cell-000-3a7c05ff2495/seed-5/snapshots/step-000150.pt
1,replication-momentum-sgd-12seeds-v1,acac69fd0fb0eb72c223dcdbd380b2cff3f020d29c0cefc2e02ac2c1212afe00,cell-000-3a7c05ff2495,0,3a7c05ff2495d6105b2a546ec9174e85e28c16192f767bc2b2bdfd7e07b71b0a,5,5,200,16,4,16,2,1,,sgd,0.03,0.9,800,512,0.0,8192,0.020227577537298203,0.994873046875,1.0045864582061768,1.0073603391647339,6.191898822784424,"[5.9935526847839355,5.525547504425049]","[4.1467766761779785,5.3465704917907715]",seeds/cell-000-3a7c05ff2495/seed-5/checkpoint.pt,seeds/cell-000-3a7c05ff2495/seed-5/snapshots/step-000200.pt
1,replication-momentum-sgd-12seeds-v1,acac69fd0fb0eb72c223dcdbd380b2cff3f020d29c0cefc2e02ac2c1212afe00,cell-000-3a7c05ff2495,0,3a7c05ff2495d6105b2a546ec9174e85e28c16192f767bc2b2bdfd7e07b71b0a,5,6,300,16,4,16,2,1,,sgd,0.03,0.9,800,512,0.0,8192,0.0008125327876769006,1.0,0.9982638359069824,1.0051689147949219,6.214122772216797,"[6.118132591247559,5.602628231048584]","[4.123454570770264,5.521414279937744]",seeds/cell-000-3a7c05ff2495/seed-5/checkpoint.pt,seeds/cell-000-3a7c05ff2495/seed-5/snapshots/step-000300.pt
1,replication-momentum-sgd-12seeds-v1,acac69fd0fb0eb72c223dcdbd380b2cff3f020d29c0cefc2e02ac2c1212afe00,cell-000-3a7c05ff2495,0,3a7c05ff2495d6105b2a546ec9174e85e28c16192f767bc2b2bdfd7e07b71b0a,5,7,400,16,4,16,2,1,,sgd,0.03,0.9,800,512,0.0,8192,0.00043692707549780607,1.0,1.0016846656799316,1.0094246864318848,6.215348243713379,"[6.144272804260254,5.608221054077148]","[4.128508567810059,5.572402000427246]",seeds/cell-000-3a7c05ff2495/seed-5/checkpoint.pt,seeds/cell-000-3a7c05ff2495/seed-5/snapshots/step-000400.pt
1,replication-momentum-sgd-12seeds-v1,acac69fd0fb0eb72c223dcdbd380b2cff3f020d29c0cefc2e02ac2c1212afe00,cell-000-3a7c05ff2495,0,3a7c05ff2495d6105b2a546ec9174e85e28c16192f767bc2b2bdfd7e07b71b0a,5,8,500,16,4,16,2,1,,sgd,0.03,0.9,800,512,0.0,8192,0.0002831532037816942,1.0,1.0023709535598755,1.0112802982330322,6.211670398712158,"[6.160144329071045,5.610628128051758]","[4.140511989593506,5.6040802001953125]",seeds/cell-000-3a7c05ff2495/seed-5/checkpoint.pt,seeds/cell-000-3a7c05ff2495/seed-5/snapshots/step-000500.pt
1,replication-momentum-sgd-12seeds-v1,acac69fd0fb0eb72c223dcdbd380b2cff3f020d29c0cefc2e02ac2c1212afe00,cell-000-3a7c05ff2495,0,3a7c05ff2495d6105b2a546ec9174e85e28c16192f767bc2b2bdfd7e07b71b0a,5,9,600,16,4,16,2,1,,sgd,0.03,0.9,800,512,0.0,8192,0.0002127691695932299,1.0,0.999310314655304,1.0079598426818848,6.211311340332031,"[6.169772148132324,5.613008975982666]","[4.144799709320068,5.627854347229004]",seeds/cell-000-3a7c05ff2495/seed-5/checkpoint.pt,seeds/cell-000-3a7c05ff2495/seed-5/snapshots/step-000600.pt
1,replication-momentum-sgd-12seeds-v1,acac69fd0fb0eb72c223dcdbd380b2cff3f020d29c0cefc2e02ac2c1212afe00,cell-000-3a7c05ff2495,0,3a7c05ff2495d6105b2a546ec9174e85e28c16192f767bc2b2bdfd7e07b71b0a,5,10,800,16,4,16,2,1,,sgd,0.03,0.9,800,512,0.0,8192,0.000145440804772079,1.0,1.0002720355987549,1.0080132484436035,6.208494186401367,"[6.183631896972656,5.614939212799072]","[4.153945446014404,5.663405895233154]",seeds/cell-000-3a7c05ff2495/seed-5/checkpoint.pt,seeds/cell-000-3a7c05ff2495/seed-5/snapshots/step-000800.pt
1,replication-momentum-sgd-12seeds-v1,acac69fd0fb0eb72c223dcdbd380b2cff3f020d29c0cefc2e02ac2c1212afe00,cell-000-3a7c05ff2495,0,3a7c05ff2495d6105b2a546ec9174e85e28c16192f767bc2b2bdfd7e07b71b0a,6,0,0,16,4,16,2,1,,sgd,0.03,0.9,800,512,0.0,8192,1.1605558395385742,0.5660400390625,0.09716860949993134,0.09915982186794281,8.343366622924805,"[3.7326161861419678,3.7311863899230957]","[4.023718357086182,3.943589210510254]",seeds/cell-000-3a7c05ff2495/seed-6/checkpoint.pt,seeds/cell-000-3a7c05ff2495/seed-6/snapshots/step-000000.pt
1,replication-momentum-sgd-12seeds-v1,acac69fd0fb0eb72c223dcdbd380b2cff3f020d29c0cefc2e02ac2c1212afe00,cell-000-3a7c05ff2495,0,3a7c05ff2495d6105b2a546ec9174e85e28c16192f767bc2b2bdfd7e07b71b0a,6,1,25,16,4,16,2,1,,sgd,0.03,0.9,800,512,0.0,8192,0.6885051131248474,0.7314453125,0.3209038972854614,0.2883194386959076,7.901199817657471,"[3.699063301086426,3.701751470565796]","[4.1245646476745605,4.163093090057373]",seeds/cell-000-3a7c05ff2495/seed-6/checkpoint.pt,seeds/cell-000-3a7c05ff2495/seed-6/snapshots/step-000025.pt
1,replication-momentum-sgd-12seeds-v1,acac69fd0fb0eb72c223dcdbd380b2cff3f020d29c0cefc2e02ac2c1212afe00,cell-000-3a7c05ff2495,0,3a7c05ff2495d6105b2a546ec9174e85e28c16192f767bc2b2bdfd7e07b71b0a,6,2,50,16,4,16,2,1,,sgd,0.03,0.9,800,512,0.0,8192,0.2598491907119751,0.91845703125,0.7906513214111328,0.8025052547454834,6.665937900543213,"[4.350074291229248,3.7578556537628174]","[4.212911128997803,4.1095380783081055]",seeds/cell-000-3a7c05ff2495/seed-6/checkpoint.pt,seeds/cell-000-3a7c05ff2495/seed-6/snapshots/step-000050.pt
1,replication-momentum-sgd-12seeds-v1,acac69fd0fb0eb72c223dcdbd380b2cff3f020d29c0cefc2e02ac2c1212afe00,cell-000-3a7c05ff2495,0,3a7c05ff2495d6105b2a546ec9174e85e28c16192f767bc2b2bdfd7e07b71b0a,6,3,100,16,4,16,2,1,,sgd,0.03,0.9,800,512,0.0,8192,0.0040964400395751,1.0,1.006265640258789,1.0058417320251465,6.313364505767822,"[5.3963189125061035,3.7740511894226074]","[4.473353862762451,4.051792144775391]",seeds/cell-000-3a7c05ff2495/seed-6/checkpoint.pt,seeds/cell-000-3a7c05ff2495/seed-6/snapshots/step-000100.pt
1,replication-momentum-sgd-12seeds-v1,acac69fd0fb0eb72c223dcdbd380b2cff3f020d29c0cefc2e02ac2c1212afe00,cell-000-3a7c05ff2495,0,3a7c05ff2495d6105b2a546ec9174e85e28c16192f767bc2b2bdfd7e07b71b0a,6,4,150,16,4,16,2,1,,sgd,0.03,0.9,800,512,0.0,8192,0.0010292863007634878,1.0,0.9960982799530029,0.9985570311546326,6.290587425231934,"[5.497352600097656,3.781155586242676]","[4.526060104370117,4.062165260314941]",seeds/cell-000-3a7c05ff2495/seed-6/checkpoint.pt,seeds/cell-000-3a7c05ff2495/seed-6/snapshots/step-000150.pt
1,replication-momentum-sgd-12seeds-v1,acac69fd0fb0eb72c223dcdbd380b2cff3f020d29c0cefc2e02ac2c1212afe00,cell-000-3a7c05ff2495,0,3a7c05ff2495d6105b2a546ec9174e85e28c16192f767bc2b2bdfd7e07b71b0a,6,5,200,16,4,16,2,1,,sgd,0.03,0.9,800,512,0.0,8192,0.0006790959741920233,1.0,1.002809762954712,1.005547285079956,6.287664413452148,"[5.525578022003174,3.7841217517852783]","[4.544719219207764,4.0703959465026855]",seeds/cell-000-3a7c05ff2495/seed-6/checkpoint.pt,seeds/cell-000-3a7c05ff2495/seed-6/snapshots/step-000200.pt
1,replication-momentum-sgd-12seeds-v1,acac69fd0fb0eb72c223dcdbd380b2cff3f020d29c0cefc2e02ac2c1212afe00,cell-000-3a7c05ff2495,0,3a7c05ff2495d6105b2a546ec9174e85e28c16192f767bc2b2bdfd7e07b71b0a,6,6,300,16,4,16,2,1,,sgd,0.03,0.9,800,512,0.0,8192,0.00040514624561183155,1.0,1.0017229318618774,1.0048657655715942,6.2856831550598145,"[5.556187152862549,3.7881007194519043]","[4.569352626800537,4.08238410949707]",seeds/cell-000-3a7c05ff2495/seed-6/checkpoint.pt,seeds/cell-000-3a7c05ff2495/seed-6/snapshots/step-000300.pt
1,replication-momentum-sgd-12seeds-v1,acac69fd0fb0eb72c223dcdbd380b2cff3f020d29c0cefc2e02ac2c1212afe00,cell-000-3a7c05ff2495,0,3a7c05ff2495d6105b2a546ec9174e85e28c16192f767bc2b2bdfd7e07b71b0a,6,7,400,16,4,16,2,1,,sgd,0.03,0.9,800,512,0.0,8192,0.00028748216573148966,1.0,0.9983728528022766,1.001544713973999,6.283596038818359,"[5.574067115783691,3.79107403755188]","[4.586660861968994,4.0910468101501465]",seeds/cell-000-3a7c05ff2495/seed-6/checkpoint.pt,seeds/cell-000-3a7c05ff2495/seed-6/snapshots/step-000400.pt
1,replication-momentum-sgd-12seeds-v1,acac69fd0fb0eb72c223dcdbd380b2cff3f020d29c0cefc2e02ac2c1212afe00,cell-000-3a7c05ff2495,0,3a7c05ff2495d6105b2a546ec9174e85e28c16192f767bc2b2bdfd7e07b71b0a,6,8,500,16,4,16,2,1,,sgd,0.03,0.9,800,512,0.0,8192,0.00022091230493970215,1.0,1.0001205205917358,1.002881646156311,6.282538890838623,"[5.587770938873291,3.7935709953308105]","[4.600152969360352,4.097938537597656]",seeds/cell-000-3a7c05ff2495/seed-6/checkpoint.pt,seeds/cell-000-3a7c05ff2495/seed-6/snapshots/step-000500.pt
1,replication-momentum-sgd-12seeds-v1,acac69fd0fb0eb72c223dcdbd380b2cff3f020d29c0cefc2e02ac2c1212afe00,cell-000-3a7c05ff2495,0,3a7c05ff2495d6105b2a546ec9174e85e28c16192f767bc2b2bdfd7e07b71b0a,6,9,600,16,4,16,2,1,,sgd,0.03,0.9,800,512,0.0,8192,0.00017623064923100173,1.0,1.0000184774398804,1.0027883052825928,6.281329154968262,"[5.5977325439453125,3.7955238819122314]","[4.611151218414307,4.103562831878662]",seeds/cell-000-3a7c05ff2495/seed-6/checkpoint.pt,seeds/cell-000-3a7c05ff2495/seed-6/snapshots/step-000600.pt
1,replication-momentum-sgd-12seeds-v1,acac69fd0fb0eb72c223dcdbd380b2cff3f020d29c0cefc2e02ac2c1212afe00,cell-000-3a7c05ff2495,0,3a7c05ff2495d6105b2a546ec9174e85e28c16192f767bc2b2bdfd7e07b71b0a,6,10,800,16,4,16,2,1,,sgd,0.03,0.9,800,512,0.0,8192,0.0001287633494939655,1.0,0.9987611174583435,1.001434564590454,6.279870986938477,"[5.611419200897217,3.7986228466033936]","[4.628305435180664,4.112368583679199]",seeds/cell-000-3a7c05ff2495/seed-6/checkpoint.pt,seeds/cell-000-3a7c05ff2495/seed-6/snapshots/step-000800.pt
1,replication-momentum-sgd-12seeds-v1,acac69fd0fb0eb72c223dcdbd380b2cff3f020d29c0cefc2e02ac2c1212afe00,cell-000-3a7c05ff2495,0,3a7c05ff2495d6105b2a546ec9174e85e28c16192f767bc2b2bdfd7e07b71b0a,7,0,0,16,4,16,2,1,,sgd,0.03,0.9,800,512,0.0,8192,1.4891178607940674,0.596435546875,0.2249833643436432,0.19776493310928345,6.781848907470703,"[4.0287251472473145,4.105908393859863]","[3.9153873920440674,3.899204730987549]",seeds/cell-000-3a7c05ff2495/seed-7/checkpoint.pt,seeds/cell-000-3a7c05ff2495/seed-7/snapshots/step-000000.pt
1,replication-momentum-sgd-12seeds-v1,acac69fd0fb0eb72c223dcdbd380b2cff3f020d29c0cefc2e02ac2c1212afe00,cell-000-3a7c05ff2495,0,3a7c05ff2495d6105b2a546ec9174e85e28c16192f767bc2b2bdfd7e07b71b0a,7,1,25,16,4,16,2,1,,sgd,0.03,0.9,800,512,0.0,8192,0.7859362959861755,0.689208984375,0.2027294635772705,0.1795380711555481,6.8232316970825195,"[3.919391393661499,4.105640411376953]","[4.0120062828063965,4.535487651824951]",seeds/cell-000-3a7c05ff2495/seed-7/checkpoint.pt,seeds/cell-000-3a7c05ff2495/seed-7/snapshots/step-000025.pt
1,replication-momentum-sgd-12seeds-v1,acac69fd0fb0eb72c223dcdbd380b2cff3f020d29c0cefc2e02ac2c1212afe00,cell-000-3a7c05ff2495,0,3a7c05ff2495d6105b2a546ec9174e85e28c16192f767bc2b2bdfd7e07b71b0a,7,2,50,16,4,16,2,1,,sgd,0.03,0.9,800,512,0.0,8192,0.45614391565322876,0.8402099609375,0.5922167301177979,0.5907598733901978,6.131345748901367,"[4.373945236206055,4.161099910736084]","[4.147387981414795,4.5779194831848145]",seeds/cell-000-3a7c05ff2495/seed-7/checkpoint.pt,seeds/cell-000-3a7c05ff2495/seed-7/snapshots/step-000050.pt
1,replication-momentum-sgd-12seeds-v1,acac69fd0fb0eb72c223dcdbd380b2cff3f020d29c0cefc2e02ac2c1212afe00,cell-000-3a7c05ff2495,0,3a7c05ff2495d6105b2a546ec9174e85e28c16192f767bc2b2bdfd7e07b71b0a,7,3,100,16,4,16,2,1,,sgd,0.03,0.9,800,512,0.0,8192,0.0033841372933238745,1.0,0.9939345121383667,1.0046367645263672,5.6882829666137695,"[5.750666618347168,4.224287033081055]","[4.383262634277344,4.583128929138184]",seeds/cell-000-3a7c05ff2495/seed-7/checkpoint.pt,seeds/cell-000-3a7c05ff2495/seed-7/snapshots/step-000100.pt
1,replication-momentum-sgd-12seeds-v1,acac69fd0fb0eb72c223dcdbd380b2cff3f020d29c0cefc2e02ac2c1212afe00,cell-000-3a7c05ff2495,0,3a7c05ff2495d6105b2a546ec9174e85e28c16192f767bc2b2bdfd7e07b71b0a,7,4,150,16,4,16,2,1,,sgd,0.03,0.9,800,512,0.0,8192,0.0008465894497931004,1.0,0.9941068887710571,1.007948398590088,5.687600135803223,"[5.835179328918457,4.2256574630737305]","[4.429099082946777,4.6074652671813965]",seeds/cell-000-3a7c05ff2495/seed-7/checkpoint.pt,seeds/cell-000-3a7c05ff2495/seed-7/snapshots/step-000150.pt
1,replication-momentum-sgd-12seeds-v1,acac69fd0fb0eb72c223dcdbd380b2cff3f020d29c0cefc2e02ac2c1212afe00,cell-000-3a7c05ff2495,0,3a7c05ff2495d6105b2a546ec9174e85e28c16192f767bc2b2bdfd7e07b71b0a,7,5,200,16,4,16,2,1,,sgd,0.03,0.9,800,512,0.0,8192,0.0005018106894567609,1.0,0.9994961023330688,1.0142319202423096,5.68418025970459,"[5.85232400894165,4.226922512054443]","[4.446468353271484,4.616091251373291]",seeds/cell-000-3a7c05ff2495/seed-7/checkpoint.pt,seeds/cell-000-3a7c05ff2495/seed-7/snapshots/step-000200.pt
1,replication-momentum-sgd-12seeds-v1,acac69fd0fb0eb72c223dcdbd380b2cff3f020d29c0cefc2e02ac2c1212afe00,cell-000-3a7c05ff2495,0,3a7c05ff2495d6105b2a546ec9174e85e28c16192f767bc2b2bdfd7e07b71b0a,7,6,300,16,4,16,2,1,,sgd,0.03,0.9,800,512,0.0,8192,0.00028690561885014176,1.0,0.9989330768585205,1.0148323774337769,5.6807403564453125,"[5.869675159454346,4.228710174560547]","[4.468857765197754,4.626269817352295]",seeds/cell-000-3a7c05ff2495/seed-7/checkpoint.pt,seeds/cell-000-3a7c05ff2495/seed-7/snapshots/step-000300.pt
1,replication-momentum-sgd-12seeds-v1,acac69fd0fb0eb72c223dcdbd380b2cff3f020d29c0cefc2e02ac2c1212afe00,cell-000-3a7c05ff2495,0,3a7c05ff2495d6105b2a546ec9174e85e28c16192f767bc2b2bdfd7e07b71b0a,7,7,400,16,4,16,2,1,,sgd,0.03,0.9,800,512,0.0,8192,0.000205147109227255,1.0,1.0022315979003906,1.0188313722610474,5.678360462188721,"[5.880497932434082,4.23004150390625]","[4.4842000007629395,4.633424282073975]",seeds/cell-000-3a7c05ff2495/seed-7/checkpoint.pt,seeds/cell-000-3a7c05ff2495/seed-7/snapshots/step-000400.pt
1,replication-momentum-sgd-12seeds-v1,acac69fd0fb0eb72c223dcdbd380b2cff3f020d29c0cefc2e02ac2c1212afe00,cell-000-3a7c05ff2495,0,3a7c05ff2495d6105b2a546ec9174e85e28c16192f767bc2b2bdfd7e07b71b0a,7,8,500,16,4,16,2,1,,sgd,0.03,0.9,800,512,0.0,8192,0.00015625503147020936,1.0,1.0006848573684692,1.0178935527801514,5.676564693450928,"[5.888169765472412,4.230956077575684]","[4.495458126068115,4.638961315155029]",seeds/cell-000-3a7c05ff2495/seed-7/checkpoint.pt,seeds/cell-000-3a7c05ff2495/seed-7/snapshots/step-000500.pt
1,replication-momentum-sgd-12seeds-v1,acac69fd0fb0eb72c223dcdbd380b2cff3f020d29c0cefc2e02ac2c1212afe00,cell-000-3a7c05ff2495,0,3a7c05ff2495d6105b2a546ec9174e85e28c16192f767bc2b2bdfd7e07b71b0a,7,9,600,16,4,16,2,1,,sgd,0.03,0.9,800,512,0.0,8192,0.00012778273958247155,1.0,1.000600814819336,1.0182209014892578,5.675248622894287,"[5.893787384033203,4.2316975593566895]","[4.5046586990356445,4.6435227394104]",seeds/cell-000-3a7c05ff2495/seed-7/checkpoint.pt,seeds/cell-000-3a7c05ff2495/seed-7/snapshots/step-000600.pt
1,replication-momentum-sgd-12seeds-v1,acac69fd0fb0eb72c223dcdbd380b2cff3f020d29c0cefc2e02ac2c1212afe00,cell-000-3a7c05ff2495,0,3a7c05ff2495d6105b2a546ec9174e85e28c16192f767bc2b2bdfd7e07b71b0a,7,10,800,16,4,16,2,1,,sgd,0.03,0.9,800,512,0.0,8192,9.419639536645263e-05,1.0,0.9999294281005859,1.0178030729293823,5.673867225646973,"[5.902184009552002,4.232907772064209]","[4.5193963050842285,4.65089750289917]",seeds/cell-000-3a7c05ff2495/seed-7/checkpoint.pt,seeds/cell-000-3a7c05ff2495/seed-7/snapshots/step-000800.pt
1,replication-momentum-sgd-12seeds-v1,acac69fd0fb0eb72c223dcdbd380b2cff3f020d29c0cefc2e02ac2c1212afe00,cell-000-3a7c05ff2495,0,3a7c05ff2495d6105b2a546ec9174e85e28c16192f767bc2b2bdfd7e07b71b0a,8,0,0,16,4,16,2,1,,sgd,0.03,0.9,800,512,0.0,8192,1.3378726243972778,0.5396728515625,0.07974228262901306,0.003808479756116867,7.074413299560547,"[3.8673274517059326,3.919017791748047]","[3.771733522415161,3.8431859016418457]",seeds/cell-000-3a7c05ff2495/seed-8/checkpoint.pt,seeds/cell-000-3a7c05ff2495/seed-8/snapshots/step-000000.pt
1,replication-momentum-sgd-12seeds-v1,acac69fd0fb0eb72c223dcdbd380b2cff3f020d29c0cefc2e02ac2c1212afe00,cell-000-3a7c05ff2495,0,3a7c05ff2495d6105b2a546ec9174e85e28c16192f767bc2b2bdfd7e07b71b0a,8,1,25,16,4,16,2,1,,sgd,0.03,0.9,800,512,0.0,8192,0.7425071597099304,0.7132568359375,0.25409018993377686,0.20606480538845062,7.022027492523193,"[3.8068253993988037,3.8477542400360107]","[4.06972599029541,4.147674560546875]",seeds/cell-000-3a7c05ff2495/seed-8/checkpoint.pt,seeds/cell-000-3a7c05ff2495/seed-8/snapshots/step-000025.pt
1,replication-momentum-sgd-12seeds-v1,acac69fd0fb0eb72c223dcdbd380b2cff3f020d29c0cefc2e02ac2c1212afe00,cell-000-3a7c05ff2495,0,3a7c05ff2495d6105b2a546ec9174e85e28c16192f767bc2b2bdfd7e07b71b0a,8,2,50,16,4,16,2,1,,sgd,0.03,0.9,800,512,0.0,8192,0.596276044845581,0.7840576171875,0.41204750537872314,0.38228827714920044,6.695547580718994,"[4.018007278442383,3.987427234649658]","[4.037661552429199,4.216304302215576]",seeds/cell-000-3a7c05ff2495/seed-8/checkpoint.pt,seeds/cell-000-3a7c05ff2495/seed-8/snapshots/step-000050.pt
1,replication-momentum-sgd-12seeds-v1,acac69fd0fb0eb72c223dcdbd380b2cff3f020d29c0cefc2e02ac2c1212afe00,cell-000-3a7c05ff2495,0,3a7c05ff2495d6105b2a546ec9174e85e28c16192f767bc2b2bdfd7e07b71b0a,8,3,100,16,4,16,2,1,,sgd,0.03,0.9,800,512,0.0,8192,0.010475002229213715,0.99853515625,0.9999551773071289,0.9976316094398499,6.1145920753479,"[5.198757171630859,4.556846618652344]","[4.007027626037598,4.384176731109619]",seeds/cell-000-3a7c05ff2495/seed-8/checkpoint.pt,seeds/cell-000-3a7c05ff2495/seed-8/snapshots/step-000100.pt
1,replication-momentum-sgd-12seeds-v1,acac69fd0fb0eb72c223dcdbd380b2cff3f020d29c0cefc2e02ac2c1212afe00,cell-000-3a7c05ff2495,0,3a7c05ff2495d6105b2a546ec9174e85e28c16192f767bc2b2bdfd7e07b71b0a,8,4,150,16,4,16,2,1,,sgd,0.03,0.9,800,512,0.0,8192,0.0008866152493283153,1.0,0.998862624168396,0.9920123815536499,6.143007278442383,"[5.362387180328369,4.6161789894104]","[4.02187967300415,4.4747700691223145]",seeds/cell-000-3a7c05ff2495/seed-8/checkpoint.pt,seeds/cell-000-3a7c05ff2495/seed-8/snapshots/step-000150.pt
1,replication-momentum-sgd-12seeds-v1,acac69fd0fb0eb72c223dcdbd380b2cff3f020d29c0cefc2e02ac2c1212afe00,cell-000-3a7c05ff2495,0,3a7c05ff2495d6105b2a546ec9174e85e28c16192f767bc2b2bdfd7e07b71b0a,8,5,200,16,4,16,2,1,,sgd,0.03,0.9,800,512,0.0,8192,0.00045326512190513313,1.0,0.9977939128875732,0.9918287992477417,6.1375041007995605,"[5.375580310821533,4.622339725494385]","[4.029446125030518,4.494764804840088]",seeds/cell-000-3a7c05ff2495/seed-8/checkpoint.pt,seeds/cell-000-3a7c05ff2495/seed-8/snapshots/step-000200.pt
1,replication-momentum-sgd-12seeds-v1,acac69fd0fb0eb72c223dcdbd380b2cff3f020d29c0cefc2e02ac2c1212afe00,cell-000-3a7c05ff2495,0,3a7c05ff2495d6105b2a546ec9174e85e28c16192f767bc2b2bdfd7e07b71b0a,8,6,300,16,4,16,2,1,,sgd,0.03,0.9,800,512,0.0,8192,0.00026024464750662446,1.0,0.9991175532341003,0.9932703971862793,6.131980895996094,"[5.383200645446777,4.626803398132324]","[4.034207344055176,4.518569469451904]",seeds/cell-000-3a7c05ff2495/seed-8/checkpoint.pt,seeds/cell-000-3a7c05ff2495/seed-8/snapshots/step-000300.pt
1,replication-momentum-sgd-12seeds-v1,acac69fd0fb0eb72c223dcdbd380b2cff3f020d29c0cefc2e02ac2c1212afe00,cell-000-3a7c05ff2495,0,3a7c05ff2495d6105b2a546ec9174e85e28c16192f767bc2b2bdfd7e07b71b0a,8,7,400,16,4,16,2,1,,sgd,0.03,0.9,800,512,0.0,8192,0.000188322679605335,1.0,1.0012664794921875,0.9950181245803833,6.128817081451416,"[5.388698577880859,4.629889965057373]","[4.035963535308838,4.534650802612305]",seeds/cell-000-3a7c05ff2495/seed-8/checkpoint.pt,seeds/cell-000-3a7c05ff2495/seed-8/snapshots/step-000400.pt
1,replication-momentum-sgd-12seeds-v1,acac69fd0fb0eb72c223dcdbd380b2cff3f020d29c0cefc2e02ac2c1212afe00,cell-000-3a7c05ff2495,0,3a7c05ff2495d6105b2a546ec9174e85e28c16192f767bc2b2bdfd7e07b71b0a,8,8,500,16,4,16,2,1,,sgd,0.03,0.9,800,512,0.0,8192,0.0001601083786226809,1.0,1.0001749992370605,0.9932044744491577,6.124921798706055,"[5.398629188537598,4.633255481719971]","[4.039760112762451,4.547577381134033]",seeds/cell-000-3a7c05ff2495/seed-8/checkpoint.pt,seeds/cell-000-3a7c05ff2495/seed-8/snapshots/step-000500.pt
1,replication-momentum-sgd-12seeds-v1,acac69fd0fb0eb72c223dcdbd380b2cff3f020d29c0cefc2e02ac2c1212afe00,cell-000-3a7c05ff2495,0,3a7c05ff2495d6105b2a546ec9174e85e28c16192f767bc2b2bdfd7e07b71b0a,8,9,600,16,4,16,2,1,,sgd,0.03,0.9,800,512,0.0,8192,0.0001267798652406782,1.0,0.9987851977348328,0.9923364520072937,6.123610973358154,"[5.401350975036621,4.635086536407471]","[4.039814472198486,4.558485984802246]",seeds/cell-000-3a7c05ff2495/seed-8/checkpoint.pt,seeds/cell-000-3a7c05ff2495/seed-8/snapshots/step-000600.pt
1,replication-momentum-sgd-12seeds-v1,acac69fd0fb0eb72c223dcdbd380b2cff3f020d29c0cefc2e02ac2c1212afe00,cell-000-3a7c05ff2495,0,3a7c05ff2495d6105b2a546ec9174e85e28c16192f767bc2b2bdfd7e07b71b0a,8,10,800,16,4,16,2,1,,sgd,0.03,0.9,800,512,0.0,8192,9.35268762987107e-05,1.0,0.9997125267982483,0.9932910799980164,6.120898246765137,"[5.4084696769714355,4.638069152832031]","[4.040202617645264,4.575069427490234]",seeds/cell-000-3a7c05ff2495/seed-8/checkpoint.pt,seeds/cell-000-3a7c05ff2495/seed-8/snapshots/step-000800.pt
1,replication-momentum-sgd-12seeds-v1,acac69fd0fb0eb72c223dcdbd380b2cff3f020d29c0cefc2e02ac2c1212afe00,cell-000-3a7c05ff2495,0,3a7c05ff2495d6105b2a546ec9174e85e28c16192f767bc2b2bdfd7e07b71b0a,9,0,0,16,4,16,2,1,,sgd,0.03,0.9,800,512,0.0,8192,1.4433863162994385,0.450439453125,-0.038956575095653534,-0.05790460854768753,7.910628795623779,"[3.978569269180298,4.545608997344971]","[3.907696485519409,4.452484130859375]",seeds/cell-000-3a7c05ff2495/seed-9/checkpoint.pt,seeds/cell-000-3a7c05ff2495/seed-9/snapshots/step-000000.pt
1,replication-momentum-sgd-12seeds-v1,acac69fd0fb0eb72c223dcdbd380b2cff3f020d29c0cefc2e02ac2c1212afe00,cell-000-3a7c05ff2495,0,3a7c05ff2495d6105b2a546ec9174e85e28c16192f767bc2b2bdfd7e07b71b0a,9,1,25,16,4,16,2,1,,sgd,0.03,0.9,800,512,0.0,8192,0.7999671101570129,0.6917724609375,0.21980369091033936,0.18881529569625854,7.980424404144287,"[3.931082010269165,4.45527982711792]","[4.300923824310303,4.8937225341796875]",seeds/cell-000-3a7c05ff2495/seed-9/checkpoint.pt,seeds/cell-000-3a7c05ff2495/seed-9/snapshots/step-000025.pt
1,replication-momentum-sgd-12seeds-v1,acac69fd0fb0eb72c223dcdbd380b2cff3f020d29c0cefc2e02ac2c1212afe00,cell-000-3a7c05ff2495,0,3a7c05ff2495d6105b2a546ec9174e85e28c16192f767bc2b2bdfd7e07b71b0a,9,2,50,16,4,16,2,1,,sgd,0.03,0.9,800,512,0.0,8192,0.7664320468902588,0.68798828125,0.2527264356613159,0.22599279880523682,8.023685455322266,"[3.8918616771698,4.430576801300049]","[4.310022354125977,4.990581035614014]",seeds/cell-000-3a7c05ff2495/seed-9/checkpoint.pt,seeds/cell-000-3a7c05ff2495/seed-9/snapshots/step-000050.pt
1,replication-momentum-sgd-12seeds-v1,acac69fd0fb0eb72c223dcdbd380b2cff3f020d29c0cefc2e02ac2c1212afe00,cell-000-3a7c05ff2495,0,3a7c05ff2495d6105b2a546ec9174e85e28c16192f767bc2b2bdfd7e07b71b0a,9,3,100,16,4,16,2,1,,sgd,0.03,0.9,800,512,0.0,8192,0.5313153266906738,0.80224609375,0.4538687467575073,0.462421715259552,7.217164993286133,"[4.2460222244262695,4.6498589515686035]","[4.179059982299805,4.8839240074157715]",seeds/cell-000-3a7c05ff2495/seed-9/checkpoint.pt,seeds/cell-000-3a7c05ff2495/seed-9/snapshots/step-000100.pt
1,replication-momentum-sgd-12seeds-v1,acac69fd0fb0eb72c223dcdbd380b2cff3f020d29c0cefc2e02ac2c1212afe00,cell-000-3a7c05ff2495,0,3a7c05ff2495d6105b2a546ec9174e85e28c16192f767bc2b2bdfd7e07b71b0a,9,4,150,16,4,16,2,1,,sgd,0.03,0.9,800,512,0.0,8192,0.012859899550676346,0.9993896484375,0.9452713131904602,0.9474495053291321,6.604764938354492,"[5.3835906982421875,5.289097785949707]","[3.7841806411743164,4.959930896759033]",seeds/cell-000-3a7c05ff2495/seed-9/checkpoint.pt,seeds/cell-000-3a7c05ff2495/seed-9/snapshots/step-000150.pt
1,replication-momentum-sgd-12seeds-v1,acac69fd0fb0eb72c223dcdbd380b2cff3f020d29c0cefc2e02ac2c1212afe00,cell-000-3a7c05ff2495,0,3a7c05ff2495d6105b2a546ec9174e85e28c16192f767bc2b2bdfd7e07b71b0a,9,5,200,16,4,16,2,1,,sgd,0.03,0.9,800,512,0.0,8192,0.001755284145474434,0.9998779296875,0.984130859375,0.9829951524734497,6.619683742523193,"[5.53757905960083,5.350844860076904]","[3.758803129196167,5.075822830200195]",seeds/cell-000-3a7c05ff2495/seed-9/checkpoint.pt,seeds/cell-000-3a7c05ff2495/seed-9/snapshots/step-000200.pt
1,replication-momentum-sgd-12seeds-v1,acac69fd0fb0eb72c223dcdbd380b2cff3f020d29c0cefc2e02ac2c1212afe00,cell-000-3a7c05ff2495,0,3a7c05ff2495d6105b2a546ec9174e85e28c16192f767bc2b2bdfd7e07b71b0a,9,6,300,16,4,16,2,1,,sgd,0.03,0.9,800,512,0.0,8192,0.0004348858492448926,1.0,1.0028396844863892,1.0019400119781494,6.6099419593811035,"[5.559970855712891,5.355801105499268]","[3.750690460205078,5.1319098472595215]",seeds/cell-000-3a7c05ff2495/seed-9/checkpoint.pt,seeds/cell-000-3a7c05ff2495/seed-9/snapshots/step-000300.pt
1,replication-momentum-sgd-12seeds-v1,acac69fd0fb0eb72c223dcdbd380b2cff3f020d29c0cefc2e02ac2c1212afe00,cell-000-3a7c05ff2495,0,3a7c05ff2495d6105b2a546ec9174e85e28c16192f767bc2b2bdfd7e07b71b0a,9,7,400,16,4,16,2,1,,sgd,0.03,0.9,800,512,0.0,8192,0.0002813164028339088,1.0,0.9987335801124573,0.9981306791305542,6.602682590484619,"[5.568890571594238,5.357682704925537]","[3.7494828701019287,5.1615986824035645]",seeds/cell-000-3a7c05ff2495/seed-9/checkpoint.pt,seeds/cell-000-3a7c05ff2495/seed-9/snapshots/step-000400.pt
1,replication-momentum-sgd-12seeds-v1,acac69fd0fb0eb72c223dcdbd380b2cff3f020d29c0cefc2e02ac2c1212afe00,cell-000-3a7c05ff2495,0,3a7c05ff2495d6105b2a546ec9174e85e28c16192f767bc2b2bdfd7e07b71b0a,9,8,500,16,4,16,2,1,,sgd,0.03,0.9,800,512,0.0,8192,0.00020719351596198976,1.0,0.9998301267623901,0.9994863867759705,6.597660541534424,"[5.575634002685547,5.359057426452637]","[3.7487146854400635,5.182946681976318]",seeds/cell-000-3a7c05ff2495/seed-9/checkpoint.pt,seeds/cell-000-3a7c05ff2495/seed-9/snapshots/step-000500.pt
1,replication-momentum-sgd-12seeds-v1,acac69fd0fb0eb72c223dcdbd380b2cff3f020d29c0cefc2e02ac2c1212afe00,cell-000-3a7c05ff2495,0,3a7c05ff2495d6105b2a546ec9174e85e28c16192f767bc2b2bdfd7e07b71b0a,9,9,600,16,4,16,2,1,,sgd,0.03,0.9,800,512,0.0,8192,0.0001646606542635709,1.0,1.0006102323532104,1.0002977848052979,6.592972755432129,"[5.581616401672363,5.360172271728516]","[3.747993230819702,5.199706077575684]",seeds/cell-000-3a7c05ff2495/seed-9/checkpoint.pt,seeds/cell-000-3a7c05ff2495/seed-9/snapshots/step-000600.pt
1,replication-momentum-sgd-12seeds-v1,acac69fd0fb0eb72c223dcdbd380b2cff3f020d29c0cefc2e02ac2c1212afe00,cell-000-3a7c05ff2495,0,3a7c05ff2495d6105b2a546ec9174e85e28c16192f767bc2b2bdfd7e07b71b0a,9,10,800,16,4,16,2,1,,sgd,0.03,0.9,800,512,0.0,8192,0.00011551781062735245,1.0,0.999333381652832,0.9988504648208618,6.587010860443115,"[5.589897155761719,5.361665725708008]","[3.747955799102783,5.224937438964844]",seeds/cell-000-3a7c05ff2495/seed-9/checkpoint.pt,seeds/cell-000-3a7c05ff2495/seed-9/snapshots/step-000800.pt
1,replication-momentum-sgd-12seeds-v1,acac69fd0fb0eb72c223dcdbd380b2cff3f020d29c0cefc2e02ac2c1212afe00,cell-000-3a7c05ff2495,0,3a7c05ff2495d6105b2a546ec9174e85e28c16192f767bc2b2bdfd7e07b71b0a,10,0,0,16,4,16,2,1,,sgd,0.03,0.9,800,512,0.0,8192,2.409886360168457,0.4129638671875,-0.23774850368499756,-0.2092856764793396,7.9136881828308105,"[3.8724722862243652,3.7021572589874268]","[4.456478595733643,4.300592422485352]",seeds/cell-000-3a7c05ff2495/seed-10/checkpoint.pt,seeds/cell-000-3a7c05ff2495/seed-10/snapshots/step-000000.pt
1,replication-momentum-sgd-12seeds-v1,acac69fd0fb0eb72c223dcdbd380b2cff3f020d29c0cefc2e02ac2c1212afe00,cell-000-3a7c05ff2495,0,3a7c05ff2495d6105b2a546ec9174e85e28c16192f767bc2b2bdfd7e07b71b0a,10,1,25,16,4,16,2,1,,sgd,0.03,0.9,800,512,0.0,8192,0.7826924324035645,0.6905517578125,0.20725587010383606,0.1586078256368637,7.789890289306641,"[3.6516687870025635,3.664893388748169]","[5.040721416473389,5.152846813201904]",seeds/cell-000-3a7c05ff2495/seed-10/checkpoint.pt,seeds/cell-000-3a7c05ff2495/seed-10/snapshots/step-000025.pt
1,replication-momentum-sgd-12seeds-v1,acac69fd0fb0eb72c223dcdbd380b2cff3f020d29c0cefc2e02ac2c1212afe00,cell-000-3a7c05ff2495,0,3a7c05ff2495d6105b2a546ec9174e85e28c16192f767bc2b2bdfd7e07b71b0a,10,2,50,16,4,16,2,1,,sgd,0.03,0.9,800,512,0.0,8192,0.7515870332717896,0.706298828125,0.2576069235801697,0.22704705595970154,7.763169288635254,"[3.6259829998016357,3.6705973148345947]","[5.105731964111328,5.396810531616211]",seeds/cell-000-3a7c05ff2495/seed-10/checkpoint.pt,seeds/cell-000-3a7c05ff2495/seed-10/snapshots/step-000050.pt
1,replication-momentum-sgd-12seeds-v1,acac69fd0fb0eb72c223dcdbd380b2cff3f020d29c0cefc2e02ac2c1212afe00,cell-000-3a7c05ff2495,0,3a7c05ff2495d6105b2a546ec9174e85e28c16192f767bc2b2bdfd7e07b71b0a,10,3,100,16,4,16,2,1,,sgd,0.03,0.9,800,512,0.0,8192,0.6367254853248596,0.768798828125,0.3485186696052551,0.34069764614105225,7.335733413696289,"[3.9943199157714844,3.7702584266662598]","[5.048492431640625,5.409885883331299]",seeds/cell-000-3a7c05ff2495/seed-10/checkpoint.pt,seeds/cell-000-3a7c05ff2495/seed-10/snapshots/step-000100.pt
1,replication-momentum-sgd-12seeds-v1,acac69fd0fb0eb72c223dcdbd380b2cff3f020d29c0cefc2e02ac2c1212afe00,cell-000-3a7c05ff2495,0,3a7c05ff2495d6105b2a546ec9174e85e28c16192f767bc2b2bdfd7e07b71b0a,10,4,150,16,4,16,2,1,,sgd,0.03,0.9,800,512,0.0,8192,0.024371912702918053,0.9945068359375,0.9448376893997192,0.9401284456253052,6.241454601287842,"[5.610283374786377,4.092711925506592]","[5.154017925262451,5.280455589294434]",seeds/cell-000-3a7c05ff2495/seed-10/checkpoint.pt,seeds/cell-000-3a7c05ff2495/seed-10/snapshots/step-000150.pt
1,replication-momentum-sgd-12seeds-v1,acac69fd0fb0eb72c223dcdbd380b2cff3f020d29c0cefc2e02ac2c1212afe00,cell-000-3a7c05ff2495,0,3a7c05ff2495d6105b2a546ec9174e85e28c16192f767bc2b2bdfd7e07b71b0a,10,5,200,16,4,16,2,1,,sgd,0.03,0.9,800,512,0.0,8192,0.0013450081460177898,1.0,0.9937857985496521,0.9892942905426025,6.106990337371826,"[5.95409631729126,4.1373291015625]","[5.220847129821777,5.360868453979492]",seeds/cell-000-3a7c05ff2495/seed-10/checkpoint.pt,seeds/cell-000-3a7c05ff2495/seed-10/snapshots/step-000200.pt
1,replication-momentum-sgd-12seeds-v1,acac69fd0fb0eb72c223dcdbd380b2cff3f020d29c0cefc2e02ac2c1212afe00,cell-000-3a7c05ff2495,0,3a7c05ff2495d6105b2a546ec9174e85e28c16192f767bc2b2bdfd7e07b71b0a,10,6,300,16,4,16,2,1,,sgd,0.03,0.9,800,512,0.0,8192,0.00035583178396336734,1.0,0.9996777772903442,0.9951543807983398,6.065717697143555,"[6.0800042152404785,4.149736404418945]","[5.2412028312683105,5.394719123840332]",seeds/cell-000-3a7c05ff2495/seed-10/checkpoint.pt,seeds/cell-000-3a7c05ff2495/seed-10/snapshots/step-000300.pt
1,replication-momentum-sgd-12seeds-v1,acac69fd0fb0eb72c223dcdbd380b2cff3f020d29c0cefc2e02ac2c1212afe00,cell-000-3a7c05ff2495,0,3a7c05ff2495d6105b2a546ec9174e85e28c16192f767bc2b2bdfd7e07b71b0a,10,7,400,16,4,16,2,1,,sgd,0.03,0.9,800,512,0.0,8192,0.0002149264037143439,1.0,1.0015743970870972,0.9966892004013062,6.061532497406006,"[6.085310935974121,4.151259422302246]","[5.2547430992126465,5.409637451171875]",seeds/cell-000-3a7c05ff2495/seed-10/checkpoint.pt,seeds/cell-000-3a7c05ff2495/seed-10/snapshots/step-000400.pt
1,replication-momentum-sgd-12seeds-v1,acac69fd0fb0eb72c223dcdbd380b2cff3f020d29c0cefc2e02ac2c1212afe00,cell-000-3a7c05ff2495,0,3a7c05ff2495d6105b2a546ec9174e85e28c16192f767bc2b2bdfd7e07b71b0a,10,8,500,16,4,16,2,1,,sgd,0.03,0.9,800,512,0.0,8192,0.00016139658691827208,1.0,0.9996401071548462,0.9948230981826782,6.058793067932129,"[6.089240550994873,4.152623653411865]","[5.265604496002197,5.420323848724365]",seeds/cell-000-3a7c05ff2495/seed-10/checkpoint.pt,seeds/cell-000-3a7c05ff2495/seed-10/snapshots/step-000500.pt
1,replication-momentum-sgd-12seeds-v1,acac69fd0fb0eb72c223dcdbd380b2cff3f020d29c0cefc2e02ac2c1212afe00,cell-000-3a7c05ff2495,0,3a7c05ff2495d6105b2a546ec9174e85e28c16192f767bc2b2bdfd7e07b71b0a,10,9,600,16,4,16,2,1,,sgd,0.03,0.9,800,512,0.0,8192,0.00013405010395217687,1.0,1.0007131099700928,0.995851993560791,6.05700159072876,"[6.091983318328857,4.153741836547852]","[5.2744646072387695,5.428968906402588]",seeds/cell-000-3a7c05ff2495/seed-10/checkpoint.pt,seeds/cell-000-3a7c05ff2495/seed-10/snapshots/step-000600.pt
1,replication-momentum-sgd-12seeds-v1,acac69fd0fb0eb72c223dcdbd380b2cff3f020d29c0cefc2e02ac2c1212afe00,cell-000-3a7c05ff2495,0,3a7c05ff2495d6105b2a546ec9174e85e28c16192f767bc2b2bdfd7e07b71b0a,10,10,800,16,4,16,2,1,,sgd,0.03,0.9,800,512,0.0,8192,0.00010386684152763337,1.0,1.0014746189117432,0.9964640140533447,6.054276943206787,"[6.09624719619751,4.1555304527282715]","[5.28828763961792,5.442939281463623]",seeds/cell-000-3a7c05ff2495/seed-10/checkpoint.pt,seeds/cell-000-3a7c05ff2495/seed-10/snapshots/step-000800.pt
1,replication-momentum-sgd-12seeds-v1,acac69fd0fb0eb72c223dcdbd380b2cff3f020d29c0cefc2e02ac2c1212afe00,cell-000-3a7c05ff2495,0,3a7c05ff2495d6105b2a546ec9174e85e28c16192f767bc2b2bdfd7e07b71b0a,11,0,0,16,4,16,2,1,,sgd,0.03,0.9,800,512,0.0,8192,1.6269841194152832,0.39990234375,-0.13155341148376465,-0.09218083322048187,8.166877746582031,"[3.8854620456695557,4.351405143737793]","[4.065187931060791,4.330191135406494]",seeds/cell-000-3a7c05ff2495/seed-11/checkpoint.pt,seeds/cell-000-3a7c05ff2495/seed-11/snapshots/step-000000.pt
1,replication-momentum-sgd-12seeds-v1,acac69fd0fb0eb72c223dcdbd380b2cff3f020d29c0cefc2e02ac2c1212afe00,cell-000-3a7c05ff2495,0,3a7c05ff2495d6105b2a546ec9174e85e28c16192f767bc2b2bdfd7e07b71b0a,11,1,25,16,4,16,2,1,,sgd,0.03,0.9,800,512,0.0,8192,0.7414087057113647,0.7178955078125,0.2666880488395691,0.2346067726612091,7.977921009063721,"[3.8204915523529053,4.293449401855469]","[4.579545974731445,4.501901626586914]",seeds/cell-000-3a7c05ff2495/seed-11/checkpoint.pt,seeds/cell-000-3a7c05ff2495/seed-11/snapshots/step-000025.pt
1,replication-momentum-sgd-12seeds-v1,acac69fd0fb0eb72c223dcdbd380b2cff3f020d29c0cefc2e02ac2c1212afe00,cell-000-3a7c05ff2495,0,3a7c05ff2495d6105b2a546ec9174e85e28c16192f767bc2b2bdfd7e07b71b0a,11,2,50,16,4,16,2,1,,sgd,0.03,0.9,800,512,0.0,8192,0.4468929171562195,0.8421630859375,0.5267676115036011,0.5143481492996216,7.464346408843994,"[4.285142421722412,4.278289318084717]","[4.83493185043335,4.448152542114258]",seeds/cell-000-3a7c05ff2495/seed-11/checkpoint.pt,seeds/cell-000-3a7c05ff2495/seed-11/snapshots/step-000050.pt
1,replication-momentum-sgd-12seeds-v1,acac69fd0fb0eb72c223dcdbd380b2cff3f020d29c0cefc2e02ac2c1212afe00,cell-000-3a7c05ff2495,0,3a7c05ff2495d6105b2a546ec9174e85e28c16192f767bc2b2bdfd7e07b71b0a,11,3,100,16,4,16,2,1,,sgd,0.03,0.9,800,512,0.0,8192,0.003202202497050166,1.0,0.9996329545974731,0.9933804869651794,6.958142280578613,"[5.444746494293213,4.299829483032227]","[5.315683841705322,4.348541259765625]",seeds/cell-000-3a7c05ff2495/seed-11/checkpoint.pt,seeds/cell-000-3a7c05ff2495/seed-11/snapshots/step-000100.pt
1,replication-momentum-sgd-12seeds-v1,acac69fd0fb0eb72c223dcdbd380b2cff3f020d29c0cefc2e02ac2c1212afe00,cell-000-3a7c05ff2495,0,3a7c05ff2495d6105b2a546ec9174e85e28c16192f767bc2b2bdfd7e07b71b0a,11,4,150,16,4,16,2,1,,sgd,0.03,0.9,800,512,0.0,8192,0.0007123371469788253,1.0,1.0008643865585327,0.9958224296569824,6.943633079528809,"[5.521055221557617,4.30747127532959]","[5.385587692260742,4.357585906982422]",seeds/cell-000-3a7c05ff2495/seed-11/checkpoint.pt,seeds/cell-000-3a7c05ff2495/seed-11/snapshots/step-000150.pt
1,replication-momentum-sgd-12seeds-v1,acac69fd0fb0eb72c223dcdbd380b2cff3f020d29c0cefc2e02ac2c1212afe00,cell-000-3a7c05ff2495,0,3a7c05ff2495d6105b2a546ec9174e85e28c16192f767bc2b2bdfd7e07b71b0a,11,5,200,16,4,16,2,1,,sgd,0.03,0.9,800,512,0.0,8192,0.0004806621582247317,1.0,0.9954953789710999,0.9903272390365601,6.942549705505371,"[5.540766716003418,4.310670852661133]","[5.407556056976318,4.362013339996338]",seeds/cell-000-3a7c05ff2495/seed-11/checkpoint.pt,seeds/cell-000-3a7c05ff2495/seed-11/snapshots/step-000200.pt
1,replication-momentum-sgd-12seeds-v1,acac69fd0fb0eb72c223dcdbd380b2cff3f020d29c0cefc2e02ac2c1212afe00,cell-000-3a7c05ff2495,0,3a7c05ff2495d6105b2a546ec9174e85e28c16192f767bc2b2bdfd7e07b71b0a,11,6,300,16,4,16,2,1,,sgd,0.03,0.9,800,512,0.0,8192,0.0002843785914592445,1.0,0.9985772371292114,0.9934269189834595,6.939200401306152,"[5.5609049797058105,4.314480304718018]","[5.433590412139893,4.368446350097656]",seeds/cell-000-3a7c05ff2495/seed-11/checkpoint.pt,seeds/cell-000-3a7c05ff2495/seed-11/snapshots/step-000300.pt
1,replication-momentum-sgd-12seeds-v1,acac69fd0fb0eb72c223dcdbd380b2cff3f020d29c0cefc2e02ac2c1212afe00,cell-000-3a7c05ff2495,0,3a7c05ff2495d6105b2a546ec9174e85e28c16192f767bc2b2bdfd7e07b71b0a,11,7,400,16,4,16,2,1,,sgd,0.03,0.9,800,512,0.0,8192,0.00021119954180903733,1.0,1.002059817314148,0.99692702293396,6.936929225921631,"[5.572551250457764,4.31678581237793]","[5.450435638427734,4.373179912567139]",seeds/cell-000-3a7c05ff2495/seed-11/checkpoint.pt,seeds/cell-000-3a7c05ff2495/seed-11/snapshots/step-000400.pt
1,replication-momentum-sgd-12seeds-v1,acac69fd0fb0eb72c223dcdbd380b2cff3f020d29c0cefc2e02ac2c1212afe00,cell-000-3a7c05ff2495,0,3a7c05ff2495d6105b2a546ec9174e85e28c16192f767bc2b2bdfd7e07b71b0a,11,8,500,16,4,16,2,1,,sgd,0.03,0.9,800,512,0.0,8192,0.00016192137263715267,1.0,0.9990574717521667,0.994184136390686,6.935623645782471,"[5.58275842666626,4.319024562835693]","[5.46460485458374,4.3772125244140625]",seeds/cell-000-3a7c05ff2495/seed-11/checkpoint.pt,seeds/cell-000-3a7c05ff2495/seed-11/snapshots/step-000500.pt
1,replication-momentum-sgd-12seeds-v1,acac69fd0fb0eb72c223dcdbd380b2cff3f020d29c0cefc2e02ac2c1212afe00,cell-000-3a7c05ff2495,0,3a7c05ff2495d6105b2a546ec9174e85e28c16192f767bc2b2bdfd7e07b71b0a,11,9,600,16,4,16,2,1,,sgd,0.03,0.9,800,512,0.0,8192,0.00013343046884983778,1.0,0.9988919496536255,0.9939745664596558,6.934349060058594,"[5.590194225311279,4.320672035217285]","[5.475427150726318,4.3806328773498535]",seeds/cell-000-3a7c05ff2495/seed-11/checkpoint.pt,seeds/cell-000-3a7c05ff2495/seed-11/snapshots/step-000600.pt
1,replication-momentum-sgd-12seeds-v1,acac69fd0fb0eb72c223dcdbd380b2cff3f020d29c0cefc2e02ac2c1212afe00,cell-000-3a7c05ff2495,0,3a7c05ff2495d6105b2a546ec9174e85e28c16192f767bc2b2bdfd7e07b71b0a,11,10,800,16,4,16,2,1,,sgd,0.03,0.9,800,512,0.0,8192,9.783091809367761e-05,1.0,0.9996806383132935,0.9946343302726746,6.932122707366943,"[5.601805686950684,4.32307767868042]","[5.491866111755371,4.386323928833008]",seeds/cell-000-3a7c05ff2495/seed-11/checkpoint.pt,seeds/cell-000-3a7c05ff2495/seed-11/snapshots/step-000800.pt
1,replication-momentum-sgd-12seeds-v1,acac69fd0fb0eb72c223dcdbd380b2cff3f020d29c0cefc2e02ac2c1212afe00,cell-001-2d6242cada05,1,2d6242cada052d4e97d6ce509eb59836ccdef0ef3520e3d1a58d55bbd9f80b0d,0,0,0,16,4,16,2,4,,sgd,0.03,0.9,800,512,0.0,8192,1.636340618133545,0.5516357421875,0.1384502500295639,0.09472762793302536,7.229750633239746,"[2.157526969909668,1.6434897184371948,2.2621538639068604,1.6489391326904297,1.858146071434021,2.1020634174346924,1.928032398223877,2.1550629138946533]","[1.5357674360275269,2.3058831691741943,2.1335651874542236,1.8457165956497192,1.8972464799880981,1.9349077939987183,1.8240939378738403,1.7740541696548462]",seeds/cell-001-2d6242cada05/seed-0/checkpoint.pt,seeds/cell-001-2d6242cada05/seed-0/snapshots/step-000000.pt
1,replication-momentum-sgd-12seeds-v1,acac69fd0fb0eb72c223dcdbd380b2cff3f020d29c0cefc2e02ac2c1212afe00,cell-001-2d6242cada05,1,2d6242cada052d4e97d6ce509eb59836ccdef0ef3520e3d1a58d55bbd9f80b0d,0,1,25,16,4,16,2,4,,sgd,0.03,0.9,800,512,0.0,8192,0.8191385865211487,0.6790771484375,0.21423760056495667,0.1895008385181427,7.345923900604248,"[2.1612327098846436,1.7161823511123657,2.281812906265259,1.6293573379516602,1.8443336486816406,2.1173510551452637,1.9320862293243408,2.1115143299102783]","[1.776266098022461,2.81203556060791,2.6205055713653564,1.7842836380004883,2.093414068222046,2.1032731533050537,2.515991449356079,1.8865567445755005]",seeds/cell-001-2d6242cada05/seed-0/checkpoint.pt,seeds/cell-001-2d6242cada05/seed-0/snapshots/step-000025.pt
1,replication-momentum-sgd-12seeds-v1,acac69fd0fb0eb72c223dcdbd380b2cff3f020d29c0cefc2e02ac2c1212afe00,cell-001-2d6242cada05,1,2d6242cada052d4e97d6ce509eb59836ccdef0ef3520e3d1a58d55bbd9f80b0d,0,2,50,16,4,16,2,4,,sgd,0.03,0.9,800,512,0.0,8192,0.7480653524398804,0.708740234375,0.2599170207977295,0.23492443561553955,7.268636226654053,"[2.1812264919281006,1.7570362091064453,2.197700023651123,1.6238914728164673,1.8391855955123901,2.1190619468688965,1.943872094154358,2.094041585922241]","[1.8505597114562988,2.8914167881011963,2.6715915203094482,1.8575904369354248,2.1436245441436768,2.1328036785125732,2.64003849029541,1.9500269889831543]",seeds/cell-001-2d6242cada05/seed-0/checkpoint.pt,seeds/cell-001-2d6242cada05/seed-0/snapshots/step-000050.pt
1,replication-momentum-sgd-12seeds-v1,acac69fd0fb0eb72c223dcdbd380b2cff3f020d29c0cefc2e02ac2c1212afe00,cell-001-2d6242cada05,1,2d6242cada052d4e97d6ce509eb59836ccdef0ef3520e3d1a58d55bbd9f80b0d,0,3,100,16,4,16,2,4,,sgd,0.03,0.9,800,512,0.0,8192,0.5479616522789001,0.811279296875,0.4592905640602112,0.46684059500694275,6.203616619110107,"[2.2921571731567383,1.84938645362854,2.79364275932312,1.717326283454895,1.843541145324707,2.1179258823394775,1.9472780227661133,2.094240427017212]","[1.8443924188613892,2.852200508117676,3.0105388164520264,1.8669837713241577,2.1274771690368652,2.139045238494873,2.536647081375122,1.8855870962142944]",seeds/cell-001-2d6242cada05/seed-0/checkpoint.pt,seeds/cell-001-2d6242cada05/seed-0/snapshots/step-000100.pt
1,replication-momentum-sgd-12seeds-v1,acac69fd0fb0eb72c223dcdbd380b2cff3f020d29c0cefc2e02ac2c1212afe00,cell-001-2d6242cada05,1,2d6242cada052d4e97d6ce509eb59836ccdef0ef3520e3d1a58d55bbd9f80b0d,0,4,150,16,4,16,2,4,,sgd,0.03,0.9,800,512,0.0,8192,0.09265786409378052,0.9871826171875,0.9172449111938477,0.9363549947738647,5.464905738830566,"[2.4646480083465576,1.9532831907272339,3.8450777530670166,1.834997296333313,1.8451365232467651,2.089162826538086,1.924708366394043,2.1225204467773438]","[1.7734777927398682,2.7541632652282715,3.6277928352355957,1.8958195447921753,2.0737264156341553,2.1586742401123047,2.333843469619751,1.864315152168274]",seeds/cell-001-2d6242cada05/seed-0/checkpoint.pt,seeds/cell-001-2d6242cada05/seed-0/snapshots/step-000150.pt
1,replication-momentum-sgd-12seeds-v1,acac69fd0fb0eb72c223dcdbd380b2cff3f020d29c0cefc2e02ac2c1212afe00,cell-001-2d6242cada05,1,2d6242cada052d4e97d6ce509eb59836ccdef0ef3520e3d1a58d55bbd9f80b0d,0,5,200,16,4,16,2,4,,sgd,0.03,0.9,800,512,0.0,8192,0.004921651445329189,1.0,0.9977109432220459,1.0062177181243896,5.323688983917236,"[2.49351167678833,1.9888081550598145,4.364457607269287,1.8651145696640015,1.846532940864563,2.0663092136383057,1.921130895614624,2.1351516246795654]","[1.75750732421875,2.6189961433410645,4.203591346740723,1.8775867223739624,2.0577642917633057,2.1422972679138184,2.2754993438720703,1.8627649545669556]",seeds/cell-001-2d6242cada05/seed-0/checkpoint.pt,seeds/cell-001-2d6242cada05/seed-0/snapshots/step-000200.pt
1,replication-momentum-sgd-12seeds-v1,acac69fd0fb0eb72c223dcdbd380b2cff3f020d29c0cefc2e02ac2c1212afe00,cell-001-2d6242cada05,1,2d6242cada052d4e97d6ce509eb59836ccdef0ef3520e3d1a58d55bbd9f80b0d,0,6,300,16,4,16,2,4,,sgd,0.03,0.9,800,512,0.0,8192,0.0011769181583076715,1.0,0.9979188442230225,1.0069780349731445,5.289306163787842,"[2.4940884113311768,1.986833930015564,4.510339736938477,1.8592394590377808,1.850378155708313,2.0644242763519287,1.9212673902511597,2.141244649887085]","[1.7447911500930786,2.5862340927124023,4.44797945022583,1.844638705253601,2.0584890842437744,2.1287057399749756,2.2650344371795654,1.8579059839248657]",seeds/cell-001-2d6242cada05/seed-0/checkpoint.pt,seeds/cell-001-2d6242cada05/seed-0/snapshots/step-000300.pt
1,replication-momentum-sgd-12seeds-v1,acac69fd0fb0eb72c223dcdbd380b2cff3f020d29c0cefc2e02ac2c1212afe00,cell-001-2d6242cada05,1,2d6242cada052d4e97d6ce509eb59836ccdef0ef3520e3d1a58d55bbd9f80b0d,0,7,400,16,4,16,2,4,,sgd,0.03,0.9,800,512,0.0,8192,0.0006682904786430299,1.0,0.9993001222610474,1.0089523792266846,5.273041248321533,"[2.4939768314361572,1.984861135482788,4.565842628479004,1.8564645051956177,1.8515586853027344,2.0643458366394043,1.921286940574646,2.143876314163208]","[1.7389832735061646,2.5676894187927246,4.551713466644287,1.8308442831039429,2.059526205062866,2.124204397201538,2.260909080505371,1.85806405544281]",seeds/cell-001-2d6242cada05/seed-0/checkpoint.pt,seeds/cell-001-2d6242cada05/seed-0/snapshots/step-000400.pt
1,replication-momentum-sgd-12seeds-v1,acac69fd0fb0eb72c223dcdbd380b2cff3f020d29c0cefc2e02ac2c1212afe00,cell-001-2d6242cada05,1,2d6242cada052d4e97d6ce509eb59836ccdef0ef3520e3d1a58d55bbd9f80b0d,0,8,500,16,4,16,2,4,,sgd,0.03,0.9,800,512,0.0,8192,0.0004767266218550503,1.0,1.001244306564331,1.011164665222168,5.263564109802246,"[2.4938502311706543,1.9832366704940796,4.598633766174316,1.8544013500213623,1.8522353172302246,2.0643656253814697,1.9213143587112427,2.1455724239349365]","[1.734873652458191,2.554978609085083,4.6203083992004395,1.8216503858566284,2.060551404953003,2.1214730739593506,2.2582054138183594,1.8585809469223022]",seeds/cell-001-2d6242cada05/seed-0/checkpoint.pt,seeds/cell-001-2d6242cada05/seed-0/snapshots/step-000500.pt
1,replication-momentum-sgd-12seeds-v1,acac69fd0fb0eb72c223dcdbd380b2cff3f020d29c0cefc2e02ac2c1212afe00,cell-001-2d6242cada05,1,2d6242cada052d4e97d6ce509eb59836ccdef0ef3520e3d1a58d55bbd9f80b0d,0,9,600,16,4,16,2,4,,sgd,0.03,0.9,800,512,0.0,8192,0.00037278945092111826,1.0,0.9980068206787109,1.0080373287200928,5.256838798522949,"[2.493633270263672,1.9818722009658813,4.621140480041504,1.852834701538086,1.8527244329452515,2.0644235610961914,1.921262264251709,2.1468257904052734]","[1.731749415397644,2.544597625732422,4.67179012298584,1.815094232559204,2.0614752769470215,2.1195833683013916,2.256101131439209,1.8593908548355103]",seeds/cell-001-2d6242cada05/seed-0/checkpoint.pt,seeds/cell-001-2d6242cada05/seed-0/snapshots/step-000600.pt
1,replication-momentum-sgd-12seeds-v1,acac69fd0fb0eb72c223dcdbd380b2cff3f020d29c0cefc2e02ac2c1212afe00,cell-001-2d6242cada05,1,2d6242cada052d4e97d6ce509eb59836ccdef0ef3520e3d1a58d55bbd9f80b0d,0,10,800,16,4,16,2,4,,sgd,0.03,0.9,800,512,0.0,8192,0.0002537621767260134,1.0,1.000640869140625,1.0110104084014893,5.246368885040283,"[2.493269205093384,1.9794988632202148,4.6560378074646,1.8506970405578613,1.8534315824508667,2.0644116401672363,1.9211751222610474,2.1486828327178955]","[1.7262835502624512,2.5281691551208496,4.75208854675293,1.8049222230911255,2.0630486011505127,2.1168437004089355,2.252739429473877,1.861063838005066]",seeds/cell-001-2d6242cada05/seed-0/checkpoint.pt,seeds/cell-001-2d6242cada05/seed-0/snapshots/step-000800.pt
1,replication-momentum-sgd-12seeds-v1,acac69fd0fb0eb72c223dcdbd380b2cff3f020d29c0cefc2e02ac2c1212afe00,cell-001-2d6242cada05,1,2d6242cada052d4e97d6ce509eb59836ccdef0ef3520e3d1a58d55bbd9f80b0d,1,0,0,16,4,16,2,4,,sgd,0.03,0.9,800,512,0.0,8192,1.2335082292556763,0.4373779296875,-0.0488772913813591,-0.022290728986263275,8.149219512939453,"[1.7902252674102783,2.1663713455200195,1.5695066452026367,1.743998408317566,1.5645856857299805,2.289708137512207,1.862505316734314,1.7079237699508667]","[1.6585010290145874,2.0294411182403564,1.927230954170227,1.4731792211532593,1.941542625427246,1.7872258424758911,2.4918458461761475,1.8329212665557861]",seeds/cell-001-2d6242cada05/seed-1/checkpoint.pt,seeds/cell-001-2d6242cada05/seed-1/snapshots/step-000000.pt
1,replication-momentum-sgd-12seeds-v1,acac69fd0fb0eb72c223dcdbd380b2cff3f020d29c0cefc2e02ac2c1212afe00,cell-001-2d6242cada05,1,2d6242cada052d4e97d6ce509eb59836ccdef0ef3520e3d1a58d55bbd9f80b0d,1,1,25,16,4,16,2,4,,sgd,0.03,0.9,800,512,0.0,8192,0.7702789306640625,0.6953125,0.27243220806121826,0.24751067161560059,8.061882972717285,"[1.798709750175476,2.148832082748413,1.559032917022705,1.7664341926574707,1.5601063966751099,2.3071813583374023,1.8384981155395508,1.7037385702133179]","[1.7373403310775757,2.133418321609497,1.9432358741760254,1.5271590948104858,1.9455130100250244,1.831238865852356,2.488508939743042,1.8841756582260132]",seeds/cell-001-2d6242cada05/seed-1/checkpoint.pt,seeds/cell-001-2d6242cada05/seed-1/snapshots/step-000025.pt
1,replication-momentum-sgd-12seeds-v1,acac69fd0fb0eb72c223dcdbd380b2cff3f020d29c0cefc2e02ac2c1212afe00,cell-001-2d6242cada05,1,2d6242cada052d4e97d6ce509eb59836ccdef0ef3520e3d1a58d55bbd9f80b0d,1,2,50,16,4,16,2,4,,sgd,0.03,0.9,800,512,0.0,8192,0.7505874633789062,0.7003173828125,0.2981290817260742,0.2793985605239868,7.789315700531006,"[1.8211792707443237,2.1809256076812744,1.561196208000183,1.7696919441223145,1.557325005531311,2.3100078105926514,1.8328940868377686,1.7501726150512695]","[1.745010256767273,2.1834323406219482,1.9387518167495728,1.543860673904419,1.9403640031814575,1.8400084972381592,2.497128963470459,1.940406084060669]",seeds/cell-001-2d6242cada05/seed-1/checkpoint.pt,seeds/cell-001-2d6242cada05/seed-1/snapshots/step-000050.pt
1,replication-momentum-sgd-12seeds-v1,acac69fd0fb0eb72c223dcdbd380b2cff3f020d29c0cefc2e02ac2c1212afe00,cell-001-2d6242cada05,1,2d6242cada052d4e97d6ce509eb59836ccdef0ef3520e3d1a58d55bbd9f80b0d,1,3,100,16,4,16,2,4,,sgd,0.03,0.9,800,512,0.0,8192,0.26030153036117554,0.9190673828125,0.7197729349136353,0.7400853633880615,6.450409412384033,"[1.9861044883728027,2.800877332687378,1.6346131563186646,1.855135202407837,1.5482209920883179,2.2906832695007324,1.836755633354187,1.88086998462677]","[1.6902772188186646,2.3901329040527344,1.9791555404663086,1.5084596872329712,1.9354606866836548,1.841748595237732,2.438347578048706,1.9327362775802612]",seeds/cell-001-2d6242cada05/seed-1/checkpoint.pt,seeds/cell-001-2d6242cada05/seed-1/snapshots/step-000100.pt
1,replication-momentum-sgd-12seeds-v1,acac69fd0fb0eb72c223dcdbd380b2cff3f020d29c0cefc2e02ac2c1212afe00,cell-001-2d6242cada05,1,2d6242cada052d4e97d6ce509eb59836ccdef0ef3520e3d1a58d55bbd9f80b0d,1,4,150,16,4,16,2,4,,sgd,0.03,0.9,800,512,0.0,8192,0.003538914490491152,1.0,1.0100362300872803,1.014826774597168,6.021302700042725,"[2.039644956588745,3.54581356048584,1.6200683116912842,1.8642069101333618,1.5383899211883545,2.243274688720703,1.8365058898925781,1.9663112163543701]","[1.6301707029342651,3.1662611961364746,1.9064406156539917,1.4612963199615479,1.9153668880462646,1.7707149982452393,2.405203342437744,2.0860791206359863]",seeds/cell-001-2d6242cada05/seed-1/checkpoint.pt,seeds/cell-001-2d6242cada05/seed-1/snapshots/step-000150.pt
1,replication-momentum-sgd-12seeds-v1,acac69fd0fb0eb72c223dcdbd380b2cff3f020d29c0cefc2e02ac2c1212afe00,cell-001-2d6242cada05,1,2d6242cada052d4e97d6ce509eb59836ccdef0ef3520e3d1a58d55bbd9f80b0d,1,5,200,16,4,16,2,4,,sgd,0.03,0.9,800,512,0.0,8192,0.0008741369820199907,1.0,1.0023112297058105,1.0057568550109863,5.98258113861084,"[2.0344066619873047,3.6159167289733887,1.6144381761550903,1.8611315488815308,1.5385740995407104,2.24276065826416,1.8364521265029907,1.9741822481155396]","[1.6180508136749268,3.258573293685913,1.8873565196990967,1.448962688446045,1.9128665924072266,1.7664176225662231,2.411993980407715,2.133115291595459]",seeds/cell-001-2d6242cada05/seed-1/checkpoint.pt,seeds/cell-001-2d6242cada05/seed-1/snapshots/step-000200.pt
1,replication-momentum-sgd-12seeds-v1,acac69fd0fb0eb72c223dcdbd380b2cff3f020d29c0cefc2e02ac2c1212afe00,cell-001-2d6242cada05,1,2d6242cada052d4e97d6ce509eb59836ccdef0ef3520e3d1a58d55bbd9f80b0d,1,6,300,16,4,16,2,4,,sgd,0.03,0.9,800,512,0.0,8192,0.000417735252995044,1.0,1.002495288848877,1.005305528640747,5.963729381561279,"[2.028397560119629,3.6492919921875,1.6103976964950562,1.8592212200164795,1.5387961864471436,2.242384910583496,1.8357036113739014,1.978572130203247]","[1.6073700189590454,3.3139150142669678,1.8735980987548828,1.4414687156677246,1.9092047214508057,1.7625423669815063,2.4179277420043945,2.1702513694763184]",seeds/cell-001-2d6242cada05/seed-1/checkpoint.pt,seeds/cell-001-2d6242cada05/seed-1/snapshots/step-000300.pt
1,replication-momentum-sgd-12seeds-v1,acac69fd0fb0eb72c223dcdbd380b2cff3f020d29c0cefc2e02ac2c1212afe00,cell-001-2d6242cada05,1,2d6242cada052d4e97d6ce509eb59836ccdef0ef3520e3d1a58d55bbd9f80b0d,1,7,400,16,4,16,2,4,,sgd,0.03,0.9,800,512,0.0,8192,0.000286952214082703,1.0,1.00051748752594,1.0031803846359253,5.95387077331543,"[2.0247960090637207,3.6676909923553467,1.6081199645996094,1.8579047918319702,1.5387781858444214,2.2422122955322266,1.8357008695602417,1.980669379234314]","[1.600449800491333,3.349886894226074,1.865217685699463,1.4370450973510742,1.9059267044067383,1.759830117225647,2.4225480556488037,2.194538116455078]",seeds/cell-001-2d6242cada05/seed-1/checkpoint.pt,seeds/cell-001-2d6242cada05/seed-1/snapshots/step-000400.pt
1,replication-momentum-sgd-12seeds-v1,acac69fd0fb0eb72c223dcdbd380b2cff3f020d29c0cefc2e02ac2c1212afe00,cell-001-2d6242cada05,1,2d6242cada052d4e97d6ce509eb59836ccdef0ef3520e3d1a58d55bbd9f80b0d,1,8,500,16,4,16,2,4,,sgd,0.03,0.9,800,512,0.0,8192,0.00022722368885297328,1.0,1.0007590055465698,1.0035395622253418,5.947934150695801,"[2.0217173099517822,3.6806204319000244,1.6065008640289307,1.856858491897583,1.53860342502594,2.2420530319213867,1.8359196186065674,1.9821487665176392]","[1.5947052240371704,3.3769712448120117,1.8589835166931152,1.433890700340271,1.9029794931411743,1.757738471031189,2.4265546798706055,2.2137362957000732]",seeds/cell-001-2d6242cada05/seed-1/checkpoint.pt,seeds/cell-001-2d6242cada05/seed-1/snapshots/step-000500.pt
1,replication-momentum-sgd-12seeds-v1,acac69fd0fb0eb72c223dcdbd380b2cff3f020d29c0cefc2e02ac2c1212afe00,cell-001-2d6242cada05,1,2d6242cada052d4e97d6ce509eb59836ccdef0ef3520e3d1a58d55bbd9f80b0d,1,9,600,16,4,16,2,4,,sgd,0.03,0.9,800,512,0.0,8192,0.00018763280240818858,1.0,1.0002667903900146,1.0029106140136719,5.942499160766602,"[2.019660234451294,3.6904079914093018,1.6053683757781982,1.8560311794281006,1.5384407043457031,2.2420034408569336,1.8361077308654785,1.9832398891448975]","[1.59043550491333,3.3984012603759766,1.8541985750198364,1.4315088987350464,1.9003106355667114,1.7560749053955078,2.4300477504730225,2.229546070098877]",seeds/cell-001-2d6242cada05/seed-1/checkpoint.pt,seeds/cell-001-2d6242cada05/seed-1/snapshots/step-000600.pt
1,replication-momentum-sgd-12seeds-v1,acac69fd0fb0eb72c223dcdbd380b2cff3f020d29c0cefc2e02ac2c1212afe00,cell-001-2d6242cada05,1,2d6242cada052d4e97d6ce509eb59836ccdef0ef3520e3d1a58d55bbd9f80b0d,1,10,800,16,4,16,2,4,,sgd,0.03,0.9,800,512,0.0,8192,0.00014353191363625228,1.0,0.9998884201049805,1.002614140510559,5.932216644287109,"[2.016244649887085,3.7071354389190674,1.6035022735595703,1.8547041416168213,1.5381242036819458,2.241889715194702,1.8366680145263672,1.9850082397460938]","[1.5830026865005493,3.4334912300109863,1.8470062017440796,1.4276740550994873,1.8957818746566772,1.7532479763031006,2.436281442642212,2.255690574645996]",seeds/cell-001-2d6242cada05/seed-1/checkpoint.pt,seeds/cell-001-2d6242cada05/seed-1/snapshots/step-000800.pt
1,replication-momentum-sgd-12seeds-v1,acac69fd0fb0eb72c223dcdbd380b2cff3f020d29c0cefc2e02ac2c1212afe00,cell-001-2d6242cada05,1,2d6242cada052d4e97d6ce509eb59836ccdef0ef3520e3d1a58d55bbd9f80b0d,2,0,0,16,4,16,2,4,,sgd,0.03,0.9,800,512,0.0,8192,1.5519644021987915,0.5419921875,0.09562651813030243,0.08460283279418945,8.403874397277832,"[1.576196312904358,2.897052049636841,1.7643855810165405,1.7802401781082153,1.8216986656188965,1.4776448011398315,2.3620002269744873,1.9610741138458252]","[1.7429953813552856,1.6449569463729858,1.728824496269226,1.9183061122894287,1.4689593315124512,1.8434029817581177,1.8140947818756104,1.8236607313156128]",seeds/cell-001-2d6242cada05/seed-2/checkpoint.pt,seeds/cell-001-2d6242cada05/seed-2/snapshots/step-000000.pt
1,replication-momentum-sgd-12seeds-v1,acac69fd0fb0eb72c223dcdbd380b2cff3f020d29c0cefc2e02ac2c1212afe00,cell-001-2d6242cada05,1,2d6242cada052d4e97d6ce509eb59836ccdef0ef3520e3d1a58d55bbd9f80b0d,2,1,25,16,4,16,2,4,,sgd,0.03,0.9,800,512,0.0,8192,0.7598860263824463,0.701904296875,0.2650415897369385,0.22839504480361938,8.231927871704102,"[1.5259166955947876,2.9004716873168945,1.7694408893585205,1.7856221199035645,1.8257428407669067,1.4872426986694336,2.3523030281066895,1.9392057657241821]","[1.904837965965271,1.7842848300933838,1.98039972782135,1.8984674215316772,1.6899689435958862,1.8769421577453613,1.7715688943862915,1.9019652605056763]",seeds/cell-001-2d6242cada05/seed-2/checkpoint.pt,seeds/cell-001-2d6242cada05/seed-2/snapshots/step-000025.pt
1,replication-momentum-sgd-12seeds-v1,acac69fd0fb0eb72c223dcdbd380b2cff3f020d29c0cefc2e02ac2c1212afe00,cell-001-2d6242cada05,1,2d6242cada052d4e97d6ce509eb59836ccdef0ef3520e3d1a58d55bbd9f80b0d,2,2,50,16,4,16,2,4,,sgd,0.03,0.9,800,512,0.0,8192,0.5426919460296631,0.8023681640625,0.4973447322845459,0.5182861089706421,7.826053142547607,"[1.8441438674926758,2.944279193878174,1.8258087635040283,1.7767499685287476,1.8220609426498413,1.4880638122558594,2.354477643966675,1.956906795501709]","[2.136049509048462,1.8004875183105469,2.0621461868286133,1.873904824256897,1.6993083953857422,1.866622805595398,1.7800546884536743,1.9055160284042358]",seeds/cell-001-2d6242cada05/seed-2/checkpoint.pt,seeds/cell-001-2d6242cada05/seed-2/snapshots/step-000050.pt
1,replication-momentum-sgd-12seeds-v1,acac69fd0fb0eb72c223dcdbd380b2cff3f020d29c0cefc2e02ac2c1212afe00,cell-001-2d6242cada05,1,2d6242cada052d4e97d6ce509eb59836ccdef0ef3520e3d1a58d55bbd9f80b0d,2,3,100,16,4,16,2,4,,sgd,0.03,0.9,800,512,0.0,8192,0.038628384470939636,0.9913330078125,0.9516513347625732,0.9647258520126343,6.716324329376221,"[2.9567079544067383,3.039529800415039,1.900374174118042,1.7570849657058716,1.854859471321106,1.4918698072433472,2.3554704189300537,1.9949283599853516]","[2.848797082901001,1.7542003393173218,2.0046908855438232,1.8102939128875732,1.6834789514541626,1.8104572296142578,1.740004062652588,1.8854564428329468]",seeds/cell-001-2d6242cada05/seed-2/checkpoint.pt,seeds/cell-001-2d6242cada05/seed-2/snapshots/step-000100.pt
1,replication-momentum-sgd-12seeds-v1,acac69fd0fb0eb72c223dcdbd380b2cff3f020d29c0cefc2e02ac2c1212afe00,cell-001-2d6242cada05,1,2d6242cada052d4e97d6ce509eb59836ccdef0ef3520e3d1a58d55bbd9f80b0d,2,4,150,16,4,16,2,4,,sgd,0.03,0.9,800,512,0.0,8192,0.0022837626747787,1.0,1.0020064115524292,1.0119907855987549,6.472421169281006,"[3.2742536067962646,3.0402534008026123,1.8962855339050293,1.7532151937484741,1.869680643081665,1.4894604682922363,2.3548824787139893,2.0125372409820557]","[3.2019124031066895,1.7313753366470337,1.9489216804504395,1.7833298444747925,1.699507713317871,1.7872695922851562,1.722870111465454,1.9045606851577759]",seeds/cell-001-2d6242cada05/seed-2/checkpoint.pt,seeds/cell-001-2d6242cada05/seed-2/snapshots/step-000150.pt
1,replication-momentum-sgd-12seeds-v1,acac69fd0fb0eb72c223dcdbd380b2cff3f020d29c0cefc2e02ac2c1212afe00,cell-001-2d6242cada05,1,2d6242cada052d4e97d6ce509eb59836ccdef0ef3520e3d1a58d55bbd9f80b0d,2,5,200,16,4,16,2,4,,sgd,0.03,0.9,800,512,0.0,8192,0.001023813965730369,1.0,0.9958365559577942,1.0046573877334595,6.433433532714844,"[3.3307080268859863,3.039095163345337,1.8944754600524902,1.751285195350647,1.8722031116485596,1.488724708557129,2.3542072772979736,2.016493320465088]","[3.2973380088806152,1.7234563827514648,1.9348527193069458,1.7732499837875366,1.7085195779800415,1.782878041267395,1.7177848815917969,1.9149061441421509]",seeds/cell-001-2d6242cada05/seed-2/checkpoint.pt,seeds/cell-001-2d6242cada05/seed-2/snapshots/step-000200.pt
1,replication-momentum-sgd-12seeds-v1,acac69fd0fb0eb72c223dcdbd380b2cff3f020d29c0cefc2e02ac2c1212afe00,cell-001-2d6242cada05,1,2d6242cada052d4e97d6ce509eb59836ccdef0ef3520e3d1a58d55bbd9f80b0d,2,6,300,16,4,16,2,4,,sgd,0.03,0.9,800,512,0.0,8192,0.0005821181111969054,1.0,0.9977898597717285,1.0058376789093018,6.406686305999756,"[3.3760714530944824,3.038205862045288,1.8924790620803833,1.7494839429855347,1.873567819595337,1.4882079362869263,2.3537099361419678,2.0197651386260986]","[3.394300699234009,1.7144434452056885,1.9202886819839478,1.7632189989089966,1.7185105085372925,1.779061198234558,1.7128028869628906,1.9268397092819214]",seeds/cell-001-2d6242cada05/seed-2/checkpoint.pt,seeds/cell-001-2d6242cada05/seed-2/snapshots/step-000300.pt
1,replication-momentum-sgd-12seeds-v1,acac69fd0fb0eb72c223dcdbd380b2cff3f020d29c0cefc2e02ac2c1212afe00,cell-001-2d6242cada05,1,2d6242cada052d4e97d6ce509eb59836ccdef0ef3520e3d1a58d55bbd9f80b0d,2,7,400,16,4,16,2,4,,sgd,0.03,0.9,800,512,0.0,8192,0.0004177533555775881,1.0,1.000158667564392,1.0075209140777588,6.393103122711182,"[3.4014172554016113,3.037632703781128,1.8911654949188232,1.7482967376708984,1.87394380569458,1.487979531288147,2.3533883094787598,2.021660327911377]","[3.455679416656494,1.7085360288619995,1.9113162755966187,1.7567137479782104,1.7252588272094727,1.7768458127975464,1.7096205949783325,1.935866355895996]",seeds/cell-001-2d6242cada05/seed-2/checkpoint.pt,seeds/cell-001-2d6242cada05/seed-2/snapshots/step-000400.pt
1,replication-momentum-sgd-12seeds-v1,acac69fd0fb0eb72c223dcdbd380b2cff3f020d29c0cefc2e02ac2c1212afe00,cell-001-2d6242cada05,1,2d6242cada052d4e97d6ce509eb59836ccdef0ef3520e3d1a58d55bbd9f80b0d,2,8,500,16,4,16,2,4,,sgd,0.03,0.9,800,512,0.0,8192,0.00032572331838309765,1.0,0.9997892379760742,1.0067325830459595,6.381683349609375,"[3.4217097759246826,3.037140369415283,1.8902519941329956,1.7475078105926514,1.8741803169250488,1.487872838973999,2.3530964851379395,2.0233564376831055]","[3.504002332687378,1.703620433807373,1.904163122177124,1.7518963813781738,1.7307467460632324,1.7750988006591797,1.7071911096572876,1.9428719282150269]",seeds/cell-001-2d6242cada05/seed-2/checkpoint.pt,seeds/cell-001-2d6242cada05/seed-2/snapshots/step-000500.pt
1,replication-momentum-sgd-12seeds-v1,acac69fd0fb0eb72c223dcdbd380b2cff3f020d29c0cefc2e02ac2c1212afe00,cell-001-2d6242cada05,1,2d6242cada052d4e97d6ce509eb59836ccdef0ef3520e3d1a58d55bbd9f80b0d,2,9,600,16,4,16,2,4,,sgd,0.03,0.9,800,512,0.0,8192,0.0002659260935615748,1.0,0.9994351863861084,1.0060710906982422,6.373867988586426,"[3.436542510986328,3.03674578666687,1.8896119594573975,1.746917486190796,1.874266266822815,1.4878077507019043,2.352935791015625,2.0245022773742676]","[3.54237699508667,1.6993961334228516,1.8986393213272095,1.7481034994125366,1.7352715730667114,1.773711919784546,1.7052141427993774,1.9486968517303467]",seeds/cell-001-2d6242cada05/seed-2/checkpoint.pt,seeds/cell-001-2d6242cada05/seed-2/snapshots/step-000600.pt
1,replication-momentum-sgd-12seeds-v1,acac69fd0fb0eb72c223dcdbd380b2cff3f020d29c0cefc2e02ac2c1212afe00,cell-001-2d6242cada05,1,2d6242cada052d4e97d6ce509eb59836ccdef0ef3520e3d1a58d55bbd9f80b0d,2,10,800,16,4,16,2,4,,sgd,0.03,0.9,800,512,0.0,8192,0.00019533922022674233,1.0,1.0001373291015625,1.0062942504882812,6.3607916831970215,"[3.4601407051086426,3.0361649990081787,1.8888399600982666,1.745871663093567,1.8742209672927856,1.4877870082855225,2.352581024169922,2.026275157928467]","[3.603247880935669,1.692834734916687,1.890234351158142,1.7419646978378296,1.7424633502960205,1.7716575860977173,1.7019795179367065,1.9581363201141357]",seeds/cell-001-2d6242cada05/seed-2/checkpoint.pt,seeds/cell-001-2d6242cada05/seed-2/snapshots/step-000800.pt
1,replication-momentum-sgd-12seeds-v1,acac69fd0fb0eb72c223dcdbd380b2cff3f020d29c0cefc2e02ac2c1212afe00,cell-001-2d6242cada05,1,2d6242cada052d4e97d6ce509eb59836ccdef0ef3520e3d1a58d55bbd9f80b0d,3,0,0,16,4,16,2,4,,sgd,0.03,0.9,800,512,0.0,8192,1.3358738422393799,0.4696044921875,-0.03591826930642128,-0.048508018255233765,7.6165771484375,"[1.3367109298706055,2.3221516609191895,1.8210501670837402,2.3551340103149414,1.9253363609313965,2.0158867835998535,1.7574207782745361,1.8032222986221313]","[1.7386951446533203,1.474217176437378,1.7031991481781006,2.104142904281616,1.6849665641784668,2.175687551498413,1.7628283500671387,1.6758121252059937]",seeds/cell-001-2d6242cada05/seed-3/checkpoint.pt,seeds/cell-001-2d6242cada05/seed-3/snapshots/step-000000.pt
1,replication-momentum-sgd-12seeds-v1,acac69fd0fb0eb72c223dcdbd380b2cff3f020d29c0cefc2e02ac2c1212afe00,cell-001-2d6242cada05,1,2d6242cada052d4e97d6ce509eb59836ccdef0ef3520e3d1a58d55bbd9f80b0d,3,1,25,16,4,16,2,4,,sgd,0.03,0.9,800,512,0.0,8192,0.7791099548339844,0.6807861328125,0.2394082248210907,0.21598446369171143,7.358579158782959,"[1.2938791513442993,2.2951061725616455,1.8422859907150269,2.329033136367798,1.9087636470794678,2.045893430709839,1.7619786262512207,1.8292208909988403]","[1.7746201753616333,1.4522968530654907,1.8138219118118286,2.052175283432007,1.7105783224105835,2.1779282093048096,1.869948148727417,1.767612338066101]",seeds/cell-001-2d6242cada05/seed-3/checkpoint.pt,seeds/cell-001-2d6242cada05/seed-3/snapshots/step-000025.pt
1,replication-momentum-sgd-12seeds-v1,acac69fd0fb0eb72c223dcdbd380b2cff3f020d29c0cefc2e02ac2c1212afe00,cell-001-2d6242cada05,1,2d6242cada052d4e97d6ce509eb59836ccdef0ef3520e3d1a58d55bbd9f80b0d,3,2,50,16,4,16,2,4,,sgd,0.03,0.9,800,512,0.0,8192,0.6952473521232605,0.734375,0.27858448028564453,0.25784915685653687,7.041867733001709,"[1.3022757768630981,2.280512571334839,1.9013433456420898,2.3410208225250244,1.9115287065505981,2.051694869995117,1.8612334728240967,1.835033655166626]","[1.8139411211013794,1.4333781003952026,1.843939185142517,2.0698609352111816,1.718861699104309,2.176873207092285,1.9789795875549316,1.7819840908050537]",seeds/cell-001-2d6242cada05/seed-3/checkpoint.pt,seeds/cell-001-2d6242cada05/seed-3/snapshots/step-000050.pt
1,replication-momentum-sgd-12seeds-v1,acac69fd0fb0eb72c223dcdbd380b2cff3f020d29c0cefc2e02ac2c1212afe00,cell-001-2d6242cada05,1,2d6242cada052d4e97d6ce509eb59836ccdef0ef3520e3d1a58d55bbd9f80b0d,3,3,100,16,4,16,2,4,,sgd,0.03,0.9,800,512,0.0,8192,0.34620174765586853,0.88525390625,0.6558750867843628,0.6436871886253357,6.064140796661377,"[1.3636797666549683,2.296795129776001,2.13423490524292,2.364706516265869,1.9140712022781372,2.0606393814086914,2.346330404281616,1.8513286113739014]","[1.8411321640014648,1.4863208532333374,1.7929482460021973,2.066898822784424,1.6788365840911865,2.1877658367156982,2.1254782676696777,1.7663419246673584]",seeds/cell-001-2d6242cada05/seed-3/checkpoint.pt,seeds/cell-001-2d6242cada05/seed-3/snapshots/step-000100.pt
1,replication-momentum-sgd-12seeds-v1,acac69fd0fb0eb72c223dcdbd380b2cff3f020d29c0cefc2e02ac2c1212afe00,cell-001-2d6242cada05,1,2d6242cada052d4e97d6ce509eb59836ccdef0ef3520e3d1a58d55bbd9f80b0d,3,4,150,16,4,16,2,4,,sgd,0.03,0.9,800,512,0.0,8192,0.07178047299385071,0.98828125,0.9571363925933838,0.9322241544723511,5.974634170532227,"[1.4704891443252563,2.348219156265259,2.2799909114837646,2.319715976715088,1.8943812847137451,2.059007167816162,3.1305856704711914,1.8402568101882935]","[1.677575945854187,1.475211501121521,1.7274436950683594,1.8610666990280151,1.6061288118362427,2.059882879257202,2.5754218101501465,1.7268893718719482]",seeds/cell-001-2d6242cada05/seed-3/checkpoint.pt,seeds/cell-001-2d6242cada05/seed-3/snapshots/step-000150.pt
1,replication-momentum-sgd-12seeds-v1,acac69fd0fb0eb72c223dcdbd380b2cff3f020d29c0cefc2e02ac2c1212afe00,cell-001-2d6242cada05,1,2d6242cada052d4e97d6ce509eb59836ccdef0ef3520e3d1a58d55bbd9f80b0d,3,5,200,16,4,16,2,4,,sgd,0.03,0.9,800,512,0.0,8192,0.012749649584293365,0.9990234375,0.9867545366287231,0.9729069471359253,5.842184066772461,"[1.5189528465270996,2.3284246921539307,2.341562271118164,2.2949211597442627,1.8817750215530396,2.0544910430908203,3.5255179405212402,1.823807716369629]","[1.5790340900421143,1.4067946672439575,1.671207308769226,1.7629896402359009,1.5745718479156494,1.9860857725143433,3.1701669692993164,1.6993322372436523]",seeds/cell-001-2d6242cada05/seed-3/checkpoint.pt,seeds/cell-001-2d6242cada05/seed-3/snapshots/step-000200.pt
1,replication-momentum-sgd-12seeds-v1,acac69fd0fb0eb72c223dcdbd380b2cff3f020d29c0cefc2e02ac2c1212afe00,cell-001-2d6242cada05,1,2d6242cada052d4e97d6ce509eb59836ccdef0ef3520e3d1a58d55bbd9f80b0d,3,6,300,16,4,16,2,4,,sgd,0.03,0.9,800,512,0.0,8192,0.00174427661113441,1.0,0.9930390119552612,0.9770199656486511,5.725220680236816,"[1.5318834781646729,2.315703868865967,2.3587071895599365,2.2908270359039307,1.8697322607040405,2.049315929412842,3.726138114929199,1.8092178106307983]","[1.5303559303283691,1.3761554956436157,1.6057019233703613,1.7156668901443481,1.5408298969268799,1.9458798170089722,3.6376826763153076,1.6833407878875732]",seeds/cell-001-2d6242cada05/seed-3/checkpoint.pt,seeds/cell-001-2d6242cada05/seed-3/snapshots/step-000300.pt
1,replication-momentum-sgd-12seeds-v1,acac69fd0fb0eb72c223dcdbd380b2cff3f020d29c0cefc2e02ac2c1212afe00,cell-001-2d6242cada05,1,2d6242cada052d4e97d6ce509eb59836ccdef0ef3520e3d1a58d55bbd9f80b0d,3,7,400,16,4,16,2,4,,sgd,0.03,0.9,800,512,0.0,8192,0.0010929213603958488,1.0,1.002242088317871,0.9883334636688232,5.701480865478516,"[1.5327287912368774,2.309652805328369,2.3607120513916016,2.289687395095825,1.864823579788208,2.0459930896759033,3.7933454513549805,1.8040915727615356]","[1.5170756578445435,1.3659887313842773,1.5796966552734375,1.703755259513855,1.5272554159164429,1.931016206741333,3.8113744258880615,1.678579568862915]",seeds/cell-001-2d6242cada05/seed-3/checkpoint.pt,seeds/cell-001-2d6242cada05/seed-3/snapshots/step-000400.pt
1,replication-momentum-sgd-12seeds-v1,acac69fd0fb0eb72c223dcdbd380b2cff3f020d29c0cefc2e02ac2c1212afe00,cell-001-2d6242cada05,1,2d6242cada052d4e97d6ce509eb59836ccdef0ef3520e3d1a58d55bbd9f80b0d,3,8,500,16,4,16,2,4,,sgd,0.03,0.9,800,512,0.0,8192,0.0004911322612315416,1.0,1.0014615058898926,0.9864723086357117,5.673007488250732,"[1.5278260707855225,2.306851387023926,2.3677539825439453,2.294063091278076,1.8611363172531128,2.043833017349243,3.8385496139526367,1.8003919124603271]","[1.4963150024414062,1.3580923080444336,1.5711513757705688,1.6968625783920288,1.5182517766952515,1.9210888147354126,3.9263899326324463,1.67475163936615]",seeds/cell-001-2d6242cada05/seed-3/checkpoint.pt,seeds/cell-001-2d6242cada05/seed-3/snapshots/step-000500.pt
1,replication-momentum-sgd-12seeds-v1,acac69fd0fb0eb72c223dcdbd380b2cff3f020d29c0cefc2e02ac2c1212afe00,cell-001-2d6242cada05,1,2d6242cada052d4e97d6ce509eb59836ccdef0ef3520e3d1a58d55bbd9f80b0d,3,9,600,16,4,16,2,4,,sgd,0.03,0.9,800,512,0.0,8192,0.00039289254345931113,1.0,1.0019370317459106,0.9866651296615601,5.659727573394775,"[1.5296311378479004,2.303377151489258,2.369056463241577,2.294722080230713,1.8584518432617188,2.041693687438965,3.867030620574951,1.7980732917785645]","[1.4943159818649292,1.3490312099456787,1.561540961265564,1.6839773654937744,1.5109390020370483,1.9138474464416504,4.004959583282471,1.6719303131103516]",seeds/cell-001-2d6242cada05/seed-3/checkpoint.pt,seeds/cell-001-2d6242cada05/seed-3/snapshots/step-000600.pt
1,replication-momentum-sgd-12seeds-v1,acac69fd0fb0eb72c223dcdbd380b2cff3f020d29c0cefc2e02ac2c1212afe00,cell-001-2d6242cada05,1,2d6242cada052d4e97d6ce509eb59836ccdef0ef3520e3d1a58d55bbd9f80b0d,3,10,800,16,4,16,2,4,,sgd,0.03,0.9,800,512,0.0,8192,0.00024473434314131737,1.0,1.0001052618026733,0.9861280918121338,5.632647514343262,"[1.532763957977295,2.2988314628601074,2.3716697692871094,2.3004796504974365,1.8540619611740112,2.038426637649536,3.9181883335113525,1.7941009998321533]","[1.483497977256775,1.3425155878067017,1.5404438972473145,1.6802095174789429,1.4984781742095947,1.902106761932373,4.135059356689453,1.6679043769836426]",seeds/cell-001-2d6242cada05/seed-3/checkpoint.pt,seeds/cell-001-2d6242cada05/seed-3/snapshots/step-000800.pt
1,replication-momentum-sgd-12seeds-v1,acac69fd0fb0eb72c223dcdbd380b2cff3f020d29c0cefc2e02ac2c1212afe00,cell-001-2d6242cada05,1,2d6242cada052d4e97d6ce509eb59836ccdef0ef3520e3d1a58d55bbd9f80b0d,4,0,0,16,4,16,2,4,,sgd,0.03,0.9,800,512,0.0,8192,6.163381576538086,0.5035400390625,-0.015842096880078316,-0.014117680490016937,7.604416370391846,"[1.823602557182312,1.5776320695877075,1.9191679954528809,1.7988473176956177,2.2258265018463135,2.1575565338134766,2.209792375564575,2.19476318359375]","[1.983201265335083,2.1996090412139893,2.5990025997161865,1.8152657747268677,1.951823353767395,2.2304160594940186,1.8903758525848389,1.8150392770767212]",seeds/cell-001-2d6242cada05/seed-4/checkpoint.pt,seeds/cell-001-2d6242cada05/seed-4/snapshots/step-000000.pt
1,replication-momentum-sgd-12seeds-v1,acac69fd0fb0eb72c223dcdbd380b2cff3f020d29c0cefc2e02ac2c1212afe00,cell-001-2d6242cada05,1,2d6242cada052d4e97d6ce509eb59836ccdef0ef3520e3d1a58d55bbd9f80b0d,4,1,25,16,4,16,2,4,,sgd,0.03,0.9,800,512,0.0,8192,0.9314483404159546,0.60009765625,0.04401944577693939,0.04097547382116318,7.7048773765563965,"[1.903066873550415,1.6669683456420898,1.990660548210144,2.019831657409668,2.295199394226074,2.1849524974823,2.1807587146759033,2.2054338455200195]","[5.9303669929504395,4.065591812133789,2.9551827907562256,2.4042110443115234,2.594827651977539,2.805633306503296,2.0314838886260986,3.8249571323394775]",seeds/cell-001-2d6242cada05/seed-4/checkpoint.pt,seeds/cell-001-2d6242cada05/seed-4/snapshots/step-000025.pt
1,replication-momentum-sgd-12seeds-v1,acac69fd0fb0eb72c223dcdbd380b2cff3f020d29c0cefc2e02ac2c1212afe00,cell-001-2d6242cada05,1,2d6242cada052d4e97d6ce509eb59836ccdef0ef3520e3d1a58d55bbd9f80b0d,4,2,50,16,4,16,2,4,,sgd,0.03,0.9,800,512,0.0,8192,0.7668079733848572,0.6971435546875,0.23795011639595032,0.22574323415756226,7.643980503082275,"[1.880334734916687,1.7090740203857422,2.049832344055176,2.028151750564575,2.3013150691986084,2.1870529651641846,2.1813392639160156,2.2054505348205566]","[6.798178672790527,4.453641891479492,3.0395607948303223,2.4942467212677,2.7703700065612793,2.859955310821533,2.085146188735962,4.000877857208252]",seeds/cell-001-2d6242cada05/seed-4/checkpoint.pt,seeds/cell-001-2d6242cada05/seed-4/snapshots/step-000050.pt
1,replication-momentum-sgd-12seeds-v1,acac69fd0fb0eb72c223dcdbd380b2cff3f020d29c0cefc2e02ac2c1212afe00,cell-001-2d6242cada05,1,2d6242cada052d4e97d6ce509eb59836ccdef0ef3520e3d1a58d55bbd9f80b0d,4,3,100,16,4,16,2,4,,sgd,0.03,0.9,800,512,0.0,8192,0.6794040203094482,0.7637939453125,0.3247722387313843,0.31338822841644287,6.907986640930176,"[2.134150266647339,1.7235369682312012,2.0617387294769287,2.0541722774505615,2.300241231918335,2.1863784790039062,2.181471824645996,2.201866626739502]","[7.119565486907959,4.439803123474121,3.030411958694458,2.55155348777771,2.792809009552002,2.8600857257843018,2.0919785499572754,4.012889385223389]",seeds/cell-001-2d6242cada05/seed-4/checkpoint.pt,seeds/cell-001-2d6242cada05/seed-4/snapshots/step-000100.pt
1,replication-momentum-sgd-12seeds-v1,acac69fd0fb0eb72c223dcdbd380b2cff3f020d29c0cefc2e02ac2c1212afe00,cell-001-2d6242cada05,1,2d6242cada052d4e97d6ce509eb59836ccdef0ef3520e3d1a58d55bbd9f80b0d,4,4,150,16,4,16,2,4,,sgd,0.03,0.9,800,512,0.0,8192,0.2814180850982666,0.9111328125,0.7159273028373718,0.730138897895813,5.275146484375,"[3.7171969413757324,1.7865352630615234,2.058039665222168,2.1080322265625,2.2979838848114014,2.1874401569366455,2.1810340881347656,2.201866626739502]","[7.508790016174316,4.367325305938721,3.0204336643218994,2.560580015182495,2.8458545207977295,2.8468024730682373,2.0723044872283936,3.963682174682617]",seeds/cell-001-2d6242cada05/seed-4/checkpoint.pt,seeds/cell-001-2d6242cada05/seed-4/snapshots/step-000150.pt
1,replication-momentum-sgd-12seeds-v1,acac69fd0fb0eb72c223dcdbd380b2cff3f020d29c0cefc2e02ac2c1212afe00,cell-001-2d6242cada05,1,2d6242cada052d4e97d6ce509eb59836ccdef0ef3520e3d1a58d55bbd9f80b0d,4,5,200,16,4,16,2,4,,sgd,0.03,0.9,800,512,0.0,8192,0.048378847539424896,0.9949951171875,0.9926591515541077,1.0054214000701904,4.758365631103516,"[5.046974182128906,1.7755341529846191,2.076150894165039,2.114680051803589,2.3002796173095703,2.1880431175231934,2.181328058242798,2.188734531402588]","[7.422746181488037,4.47016716003418,3.060159206390381,2.55674409866333,2.890928268432617,2.856834888458252,2.074061155319214,3.93452525138855]",seeds/cell-001-2d6242cada05/seed-4/checkpoint.pt,seeds/cell-001-2d6242cada05/seed-4/snapshots/step-000200.pt
1,replication-momentum-sgd-12seeds-v1,acac69fd0fb0eb72c223dcdbd380b2cff3f020d29c0cefc2e02ac2c1212afe00,cell-001-2d6242cada05,1,2d6242cada052d4e97d6ce509eb59836ccdef0ef3520e3d1a58d55bbd9f80b0d,4,6,300,16,4,16,2,4,,sgd,0.03,0.9,800,512,0.0,8192,0.004915290512144566,1.0,0.9947533011436462,0.996017336845398,4.607231616973877,"[5.926514625549316,1.7502974271774292,2.0395238399505615,2.1085257530212402,2.308497905731201,2.184372663497925,2.1815309524536133,2.1846606731414795]","[7.5552659034729,4.546521186828613,3.0032451152801514,2.5204334259033203,2.856739044189453,2.8640332221984863,2.076786756515503,3.9187779426574707]",seeds/cell-001-2d6242cada05/seed-4/checkpoint.pt,seeds/cell-001-2d6242cada05/seed-4/snapshots/step-000300.pt
1,replication-momentum-sgd-12seeds-v1,acac69fd0fb0eb72c223dcdbd380b2cff3f020d29c0cefc2e02ac2c1212afe00,cell-001-2d6242cada05,1,2d6242cada052d4e97d6ce509eb59836ccdef0ef3520e3d1a58d55bbd9f80b0d,4,7,400,16,4,16,2,4,,sgd,0.03,0.9,800,512,0.0,8192,0.0027171389665454626,1.0,0.9961434006690979,0.9960141181945801,4.573431015014648,"[6.174197196960449,1.7360855340957642,2.0196759700775146,2.1028854846954346,2.3105766773223877,2.180649518966675,2.181429862976074,2.18406343460083]","[7.657718181610107,4.55643367767334,2.9720425605773926,2.4936444759368896,2.849003314971924,2.8665010929107666,2.0779876708984375,3.9135992527008057]",seeds/cell-001-2d6242cada05/seed-4/checkpoint.pt,seeds/cell-001-2d6242cada05/seed-4/snapshots/step-000400.pt
1,replication-momentum-sgd-12seeds-v1,acac69fd0fb0eb72c223dcdbd380b2cff3f020d29c0cefc2e02ac2c1212afe00,cell-001-2d6242cada05,1,2d6242cada052d4e97d6ce509eb59836ccdef0ef3520e3d1a58d55bbd9f80b0d,4,8,500,16,4,16,2,4,,sgd,0.03,0.9,800,512,0.0,8192,0.0018889021594077349,1.0,0.9990339279174805,0.9983132481575012,4.5527777671813965,"[6.3164896965026855,1.7282487154006958,2.007457733154297,2.0995290279388428,2.311598539352417,2.1776347160339355,2.181295394897461,2.1838796138763428]","[7.728281021118164,4.560017108917236,2.95337176322937,2.477971076965332,2.845970630645752,2.866511583328247,2.0784752368927,3.908949613571167]",seeds/cell-001-2d6242cada05/seed-4/checkpoint.pt,seeds/cell-001-2d6242cada05/seed-4/snapshots/step-000500.pt
1,replication-momentum-sgd-12seeds-v1,acac69fd0fb0eb72c223dcdbd380b2cff3f020d29c0cefc2e02ac2c1212afe00,cell-001-2d6242cada05,1,2d6242cada052d4e97d6ce509eb59836ccdef0ef3520e3d1a58d55bbd9f80b0d,4,9,600,16,4,16,2,4,,sgd,0.03,0.9,800,512,0.0,8192,0.0014675826532766223,1.0,0.9989028573036194,0.9977059960365295,4.535398483276367,"[6.413973808288574,1.723169207572937,1.9996403455734253,2.0974037647247314,2.312420606613159,2.175035238265991,2.181145668029785,2.1837873458862305]","[7.7848429679870605,4.561044216156006,2.9413208961486816,2.466214418411255,2.8433499336242676,2.8659069538116455,2.078704595565796,3.90421462059021]",seeds/cell-001-2d6242cada05/seed-4/checkpoint.pt,seeds/cell-001-2d6242cada05/seed-4/snapshots/step-000600.pt
1,replication-momentum-sgd-12seeds-v1,acac69fd0fb0eb72c223dcdbd380b2cff3f020d29c0cefc2e02ac2c1212afe00,cell-001-2d6242cada05,1,2d6242cada052d4e97d6ce509eb59836ccdef0ef3520e3d1a58d55bbd9f80b0d,4,10,800,16,4,16,2,4,,sgd,0.03,0.9,800,512,0.0,8192,0.0010094854515045881,1.0,0.9957857728004456,0.9938533902168274,4.51084566116333,"[6.552696704864502,1.7166826725006104,1.9891653060913086,2.094449281692505,2.3137617111206055,2.1709752082824707,2.180894613265991,2.1838161945343018]","[7.867942810058594,4.562220096588135,2.9257164001464844,2.4498038291931152,2.8401801586151123,2.8645734786987305,2.078782796859741,3.8968331813812256]",seeds/cell-001-2d6242cada05/seed-4/checkpoint.pt,seeds/cell-001-2d6242cada05/seed-4/snapshots/step-000800.pt
1,replication-momentum-sgd-12seeds-v1,acac69fd0fb0eb72c223dcdbd380b2cff3f020d29c0cefc2e02ac2c1212afe00,cell-001-2d6242cada05,1,2d6242cada052d4e97d6ce509eb59836ccdef0ef3520e3d1a58d55bbd9f80b0d,5,0,0,16,4,16,2,4,,sgd,0.03,0.9,800,512,0.0,8192,4.115228176116943,0.492431640625,-0.11365357041358948,-0.11911900341510773,7.895124912261963,"[2.398399829864502,2.027693748474121,2.1330790519714355,1.9041659832000732,2.0913641452789307,2.3899993896484375,1.7484828233718872,1.9260268211364746]","[2.0309362411499023,2.1324830055236816,1.525506854057312,1.5503532886505127,1.6495026350021362,1.6538056135177612,1.9000368118286133,2.0153183937072754]",seeds/cell-001-2d6242cada05/seed-5/checkpoint.pt,seeds/cell-001-2d6242cada05/seed-5/snapshots/step-000000.pt
1,replication-momentum-sgd-12seeds-v1,acac69fd0fb0eb72c223dcdbd380b2cff3f020d29c0cefc2e02ac2c1212afe00,cell-001-2d6242cada05,1,2d6242cada052d4e97d6ce509eb59836ccdef0ef3520e3d1a58d55bbd9f80b0d,5,1,25,16,4,16,2,4,,sgd,0.03,0.9,800,512,0.0,8192,0.8028720021247864,0.67919921875,0.1880759596824646,0.1534455120563507,7.930158615112305,"[2.430361270904541,2.2143073081970215,2.1967544555664062,1.8722690343856812,2.1126458644866943,2.464573621749878,1.7572704553604126,1.9657663106918335]","[2.465683698654175,2.774170398712158,1.9132462739944458,1.5776515007019043,2.066265106201172,1.8132048845291138,2.13688325881958,2.5613293647766113]",seeds/cell-001-2d6242cada05/seed-5/checkpoint.pt,seeds/cell-001-2d6242cada05/seed-5/snapshots/step-000025.pt
1,replication-momentum-sgd-12seeds-v1,acac69fd0fb0eb72c223dcdbd380b2cff3f020d29c0cefc2e02ac2c1212afe00,cell-001-2d6242cada05,1,2d6242cada052d4e97d6ce509eb59836ccdef0ef3520e3d1a58d55bbd9f80b0d,5,2,50,16,4,16,2,4,,sgd,0.03,0.9,800,512,0.0,8192,0.7222039699554443,0.7110595703125,0.2920719385147095,0.29203060269355774,7.894578456878662,"[2.419976234436035,2.2488181591033936,2.253906488418579,1.882449984550476,2.107123374938965,2.4710774421691895,1.745369791984558,1.9353731870651245]","[2.5422871112823486,2.8937394618988037,1.975588083267212,1.6898788213729858,2.1307108402252197,1.86577308177948,2.1893069744110107,2.608022689819336]",seeds/cell-001-2d6242cada05/seed-5/checkpoint.pt,seeds/cell-001-2d6242cada05/seed-5/snapshots/step-000050.pt
1,replication-momentum-sgd-12seeds-v1,acac69fd0fb0eb72c223dcdbd380b2cff3f020d29c0cefc2e02ac2c1212afe00,cell-001-2d6242cada05,1,2d6242cada052d4e97d6ce509eb59836ccdef0ef3520e3d1a58d55bbd9f80b0d,5,3,100,16,4,16,2,4,,sgd,0.03,0.9,800,512,0.0,8192,0.27151837944984436,0.9234619140625,0.7162537574768066,0.7466526031494141,7.200619220733643,"[2.5486626625061035,2.2066781520843506,2.770075559616089,2.4330179691314697,2.1952199935913086,2.629817008972168,1.7402873039245605,2.0359692573547363]","[2.626786947250366,2.5459704399108887,1.9364076852798462,2.0912301540374756,2.142976760864258,1.8454493284225464,2.22221040725708,2.581728935241699]",seeds/cell-001-2d6242cada05/seed-5/checkpoint.pt,seeds/cell-001-2d6242cada05/seed-5/snapshots/step-000100.pt
1,replication-momentum-sgd-12seeds-v1,acac69fd0fb0eb72c223dcdbd380b2cff3f020d29c0cefc2e02ac2c1212afe00,cell-001-2d6242cada05,1,2d6242cada052d4e97d6ce509eb59836ccdef0ef3520e3d1a58d55bbd9f80b0d,5,4,150,16,4,16,2,4,,sgd,0.03,0.9,800,512,0.0,8192,0.014883335679769516,0.998046875,1.0111759901046753,1.0187357664108276,6.86207914352417,"[2.581831693649292,2.2042293548583984,2.9186015129089355,3.1313068866729736,2.3115251064300537,2.7191591262817383,1.7059725522994995,2.0880613327026367]","[2.4967916011810303,2.46875262260437,1.9199528694152832,2.3289096355438232,2.31882643699646,1.9191151857376099,2.1493310928344727,2.637749671936035]",seeds/cell-001-2d6242cada05/seed-5/checkpoint.pt,seeds/cell-001-2d6242cada05/seed-5/snapshots/step-000150.pt
1,replication-momentum-sgd-12seeds-v1,acac69fd0fb0eb72c223dcdbd380b2cff3f020d29c0cefc2e02ac2c1212afe00,cell-001-2d6242cada05,1,2d6242cada052d4e97d6ce509eb59836ccdef0ef3520e3d1a58d55bbd9f80b0d,5,5,200,16,4,16,2,4,,sgd,0.03,0.9,800,512,0.0,8192,0.004286224488168955,0.9996337890625,0.9929628372192383,1.0036158561706543,6.781388759613037,"[2.579469919204712,2.213974714279175,2.907233238220215,3.353209972381592,2.362621784210205,2.7355897426605225,1.7094136476516724,2.09193754196167]","[2.438175678253174,2.443134069442749,1.8758165836334229,2.422482967376709,2.430655002593994,1.9586117267608643,2.1312506198883057,2.6520450115203857]",seeds/cell-001-2d6242cada05/seed-5/checkpoint.pt,seeds/cell-001-2d6242cada05/seed-5/snapshots/step-000200.pt
1,replication-momentum-sgd-12seeds-v1,acac69fd0fb0eb72c223dcdbd380b2cff3f020d29c0cefc2e02ac2c1212afe00,cell-001-2d6242cada05,1,2d6242cada052d4e97d6ce509eb59836ccdef0ef3520e3d1a58d55bbd9f80b0d,5,6,300,16,4,16,2,4,,sgd,0.03,0.9,800,512,0.0,8192,0.0020580091513693333,0.999755859375,0.9974949359893799,1.009871006011963,6.7060089111328125,"[2.571958303451538,2.2158877849578857,2.9155328273773193,3.4850714206695557,2.3867268562316895,2.7389533519744873,1.713482141494751,2.092679023742676]","[2.3889732360839844,2.429572343826294,1.8482284545898438,2.470614194869995,2.529304027557373,1.9900367259979248,2.130180597305298,2.6567366123199463]",seeds/cell-001-2d6242cada05/seed-5/checkpoint.pt,seeds/cell-001-2d6242cada05/seed-5/snapshots/step-000300.pt
1,replication-momentum-sgd-12seeds-v1,acac69fd0fb0eb72c223dcdbd380b2cff3f020d29c0cefc2e02ac2c1212afe00,cell-001-2d6242cada05,1,2d6242cada052d4e97d6ce509eb59836ccdef0ef3520e3d1a58d55bbd9f80b0d,5,7,400,16,4,16,2,4,,sgd,0.03,0.9,800,512,0.0,8192,0.0008943979046307504,1.0,0.9962248802185059,1.0092511177062988,6.672440528869629,"[2.564950942993164,2.220017433166504,2.909392833709717,3.5967977046966553,2.4024722576141357,2.742323637008667,1.7144883871078491,2.0926637649536133]","[2.3615128993988037,2.4118499755859375,1.8241777420043945,2.5117080211639404,2.5930979251861572,2.0123114585876465,2.13212251663208,2.6593477725982666]",seeds/cell-001-2d6242cada05/seed-5/checkpoint.pt,seeds/cell-001-2d6242cada05/seed-5/snapshots/step-000400.pt
1,replication-momentum-sgd-12seeds-v1,acac69fd0fb0eb72c223dcdbd380b2cff3f020d29c0cefc2e02ac2c1212afe00,cell-001-2d6242cada05,1,2d6242cada052d4e97d6ce509eb59836ccdef0ef3520e3d1a58d55bbd9f80b0d,5,8,500,16,4,16,2,4,,sgd,0.03,0.9,800,512,0.0,8192,0.0005437714862637222,1.0,0.9988318681716919,1.01266610622406,6.612438678741455,"[2.5581274032592773,2.2230188846588135,2.9091413021087646,3.6403865814208984,2.4103379249572754,2.74434494972229,1.7159711122512817,2.092660665512085]","[2.334791660308838,2.399028778076172,1.819334626197815,2.5292999744415283,2.6415371894836426,2.0289182662963867,2.134678602218628,2.6602678298950195]",seeds/cell-001-2d6242cada05/seed-5/checkpoint.pt,seeds/cell-001-2d6242cada05/seed-5/snapshots/step-000500.pt
1,replication-momentum-sgd-12seeds-v1,acac69fd0fb0eb72c223dcdbd380b2cff3f020d29c0cefc2e02ac2c1212afe00,cell-001-2d6242cada05,1,2d6242cada052d4e97d6ce509eb59836ccdef0ef3520e3d1a58d55bbd9f80b0d,5,9,600,16,4,16,2,4,,sgd,0.03,0.9,800,512,0.0,8192,0.00040377076948061585,1.0,0.9993585348129272,1.0146727561950684,6.599749565124512,"[2.5557801723480225,2.2226991653442383,2.908634901046753,3.649106979370117,2.4125828742980957,2.7444324493408203,1.7164720296859741,2.092526435852051]","[2.3229122161865234,2.3919408321380615,1.8076801300048828,2.5337142944335938,2.6752305030822754,2.0386030673980713,2.137026071548462,2.6617178916931152]",seeds/cell-001-2d6242cada05/seed-5/checkpoint.pt,seeds/cell-001-2d6242cada05/seed-5/snapshots/step-000600.pt
1,replication-momentum-sgd-12seeds-v1,acac69fd0fb0eb72c223dcdbd380b2cff3f020d29c0cefc2e02ac2c1212afe00,cell-001-2d6242cada05,1,2d6242cada052d4e97d6ce509eb59836ccdef0ef3520e3d1a58d55bbd9f80b0d,5,10,800,16,4,16,2,4,,sgd,0.03,0.9,800,512,0.0,8192,0.00027867266908288,1.0,0.9994699954986572,1.0141315460205078,6.590265274047852,"[2.552429676055908,2.2212138175964355,2.9074065685272217,3.65508770942688,2.413701295852661,2.7442209720611572,1.716775894165039,2.091477155685425]","[2.3066112995147705,2.37981915473938,1.7964601516723633,2.5369873046875,2.722648859024048,2.0522091388702393,2.1418356895446777,2.665158271789551]",seeds/cell-001-2d6242cada05/seed-5/checkpoint.pt,seeds/cell-001-2d6242cada05/seed-5/snapshots/step-000800.pt
1,replication-momentum-sgd-12seeds-v1,acac69fd0fb0eb72c223dcdbd380b2cff3f020d29c0cefc2e02ac2c1212afe00,cell-001-2d6242cada05,1,2d6242cada052d4e97d6ce509eb59836ccdef0ef3520e3d1a58d55bbd9f80b0d,6,0,0,16,4,16,2,4,,sgd,0.03,0.9,800,512,0.0,8192,1.1059331893920898,0.567626953125,0.11076606810092926,0.11943010985851288,8.343366622924805,"[1.5129334926605225,1.7286975383758545,1.9977630376815796,2.002736806869507,1.7312452793121338,2.042320489883423,2.2855050563812256,2.066810131072998]","[2.3389883041381836,1.9887460470199585,1.5647526979446411,2.119419813156128,2.23012638092041,2.2030420303344727,2.0462868213653564,1.855384111404419]",seeds/cell-001-2d6242cada05/seed-6/checkpoint.pt,seeds/cell-001-2d6242cada05/seed-6/snapshots/step-000000.pt
1,replication-momentum-sgd-12seeds-v1,acac69fd0fb0eb72c223dcdbd380b2cff3f020d29c0cefc2e02ac2c1212afe00,cell-001-2d6242cada05,1,2d6242cada052d4e97d6ce509eb59836ccdef0ef3520e3d1a58d55bbd9f80b0d,6,1,25,16,4,16,2,4,,sgd,0.03,0.9,800,512,0.0,8192,0.6749846339225769,0.7431640625,0.3216313421726227,0.31669801473617554,7.83606481552124,"[1.5227571725845337,1.7354555130004883,2.012566566467285,1.9948135614395142,1.704740047454834,2.0441794395446777,2.2753918170928955,2.075584650039673]","[2.3964250087738037,2.033564567565918,1.7005350589752197,2.0626800060272217,2.29813551902771,2.271784543991089,2.0592286586761475,1.8682042360305786]",seeds/cell-001-2d6242cada05/seed-6/checkpoint.pt,seeds/cell-001-2d6242cada05/seed-6/snapshots/step-000025.pt
1,replication-momentum-sgd-12seeds-v1,acac69fd0fb0eb72c223dcdbd380b2cff3f020d29c0cefc2e02ac2c1212afe00,cell-001-2d6242cada05,1,2d6242cada052d4e97d6ce509eb59836ccdef0ef3520e3d1a58d55bbd9f80b0d,6,2,50,16,4,16,2,4,,sgd,0.03,0.9,800,512,0.0,8192,0.3736468553543091,0.8802490234375,0.5929152965545654,0.6088035106658936,6.71088171005249,"[1.722913146018982,1.7617088556289673,2.162613868713379,2.107093334197998,1.6849957704544067,2.094196081161499,2.265930414199829,2.0751724243164062]","[2.450688600540161,2.096552848815918,1.8051320314407349,2.0371885299682617,2.2561678886413574,2.2593774795532227,2.0482780933380127,1.8466469049453735]",seeds/cell-001-2d6242cada05/seed-6/checkpoint.pt,seeds/cell-001-2d6242cada05/seed-6/snapshots/step-000050.pt
1,replication-momentum-sgd-12seeds-v1,acac69fd0fb0eb72c223dcdbd380b2cff3f020d29c0cefc2e02ac2c1212afe00,cell-001-2d6242cada05,1,2d6242cada052d4e97d6ce509eb59836ccdef0ef3520e3d1a58d55bbd9f80b0d,6,3,100,16,4,16,2,4,,sgd,0.03,0.9,800,512,0.0,8192,0.03444965183734894,0.99267578125,0.9809961318969727,0.9928169250488281,6.0754265785217285,"[2.4972527027130127,1.7745929956436157,2.5607411861419678,2.2055046558380127,1.6999982595443726,2.1796796321868896,2.2500524520874023,2.1000938415527344]","[2.6472129821777344,2.058203935623169,2.003923177719116,1.9619665145874023,2.2327704429626465,2.3427159786224365,1.9818490743637085,1.832005262374878]",seeds/cell-001-2d6242cada05/seed-6/checkpoint.pt,seeds/cell-001-2d6242cada05/seed-6/snapshots/step-000100.pt
1,replication-momentum-sgd-12seeds-v1,acac69fd0fb0eb72c223dcdbd380b2cff3f020d29c0cefc2e02ac2c1212afe00,cell-001-2d6242cada05,1,2d6242cada052d4e97d6ce509eb59836ccdef0ef3520e3d1a58d55bbd9f80b0d,6,4,150,16,4,16,2,4,,sgd,0.03,0.9,800,512,0.0,8192,0.008611930534243584,0.998291015625,0.9901453852653503,0.9996205568313599,5.928673267364502,"[2.748162269592285,1.7664581537246704,2.6454365253448486,2.2100205421447754,1.707937479019165,2.2247729301452637,2.2504818439483643,2.1103949546813965]","[2.7035319805145264,2.0195679664611816,2.0397284030914307,1.9348812103271484,2.231684923171997,2.450397253036499,1.97357976436615,1.8365281820297241]",seeds/cell-001-2d6242cada05/seed-6/checkpoint.pt,seeds/cell-001-2d6242cada05/seed-6/snapshots/step-000150.pt
1,replication-momentum-sgd-12seeds-v1,acac69fd0fb0eb72c223dcdbd380b2cff3f020d29c0cefc2e02ac2c1212afe00,cell-001-2d6242cada05,1,2d6242cada052d4e97d6ce509eb59836ccdef0ef3520e3d1a58d55bbd9f80b0d,6,5,200,16,4,16,2,4,,sgd,0.03,0.9,800,512,0.0,8192,0.0017919213278219104,0.999755859375,1.0016241073608398,1.0151355266571045,5.859867095947266,"[2.918846368789673,1.7584717273712158,2.6865487098693848,2.2194948196411133,1.7074816226959229,2.241050958633423,2.250896692276001,2.1118223667144775]","[2.713501453399658,2.003483295440674,2.0365214347839355,1.9520491361618042,2.2275891304016113,2.4920008182525635,1.9715317487716675,1.8384672403335571]",seeds/cell-001-2d6242cada05/seed-6/checkpoint.pt,seeds/cell-001-2d6242cada05/seed-6/snapshots/step-000200.pt
1,replication-momentum-sgd-12seeds-v1,acac69fd0fb0eb72c223dcdbd380b2cff3f020d29c0cefc2e02ac2c1212afe00,cell-001-2d6242cada05,1,2d6242cada052d4e97d6ce509eb59836ccdef0ef3520e3d1a58d55bbd9f80b0d,6,6,300,16,4,16,2,4,,sgd,0.03,0.9,800,512,0.0,8192,0.0006165621452964842,1.0,1.0029175281524658,1.0185511112213135,5.791561126708984,"[3.0131843090057373,1.7600114345550537,2.7114169597625732,2.215416669845581,1.705934762954712,2.2506871223449707,2.2509984970092773,2.11326265335083]","[2.7114856243133545,1.9896368980407715,2.059821367263794,1.9435451030731201,2.220079183578491,2.5494840145111084,1.969428300857544,1.8368940353393555]",seeds/cell-001-2d6242cada05/seed-6/checkpoint.pt,seeds/cell-001-2d6242cada05/seed-6/snapshots/step-000300.pt
1,replication-momentum-sgd-12seeds-v1,acac69fd0fb0eb72c223dcdbd380b2cff3f020d29c0cefc2e02ac2c1212afe00,cell-001-2d6242cada05,1,2d6242cada052d4e97d6ce509eb59836ccdef0ef3520e3d1a58d55bbd9f80b0d,6,7,400,16,4,16,2,4,,sgd,0.03,0.9,800,512,0.0,8192,0.0003807696921285242,1.0,0.9991686344146729,1.01680588722229,5.783290386199951,"[3.0220603942871094,1.7583301067352295,2.713833808898926,2.2119643688201904,1.7050294876098633,2.2526774406433105,2.2507665157318115,2.1137592792510986]","[2.726022958755493,1.9781763553619385,2.0618183612823486,1.9384140968322754,2.2147722244262695,2.5879082679748535,1.9677470922470093,1.8346079587936401]",seeds/cell-001-2d6242cada05/seed-6/checkpoint.pt,seeds/cell-001-2d6242cada05/seed-6/snapshots/step-000400.pt
1,replication-momentum-sgd-12seeds-v1,acac69fd0fb0eb72c223dcdbd380b2cff3f020d29c0cefc2e02ac2c1212afe00,cell-001-2d6242cada05,1,2d6242cada052d4e97d6ce509eb59836ccdef0ef3520e3d1a58d55bbd9f80b0d,6,8,500,16,4,16,2,4,,sgd,0.03,0.9,800,512,0.0,8192,0.00029913560138083994,1.0,0.9977725744247437,1.015581727027893,5.7763590812683105,"[3.028134346008301,1.7573366165161133,2.714874267578125,2.2095251083374023,1.7044130563735962,2.253448486328125,2.2505674362182617,2.113828420639038]","[2.7386460304260254,1.9711668491363525,2.0617382526397705,1.9346312284469604,2.211122512817383,2.614304542541504,1.9667117595672607,1.8329018354415894]",seeds/cell-001-2d6242cada05/seed-6/checkpoint.pt,seeds/cell-001-2d6242cada05/seed-6/snapshots/step-000500.pt
1,replication-momentum-sgd-12seeds-v1,acac69fd0fb0eb72c223dcdbd380b2cff3f020d29c0cefc2e02ac2c1212afe00,cell-001-2d6242cada05,1,2d6242cada052d4e97d6ce509eb59836ccdef0ef3520e3d1a58d55bbd9f80b0d,6,9,600,16,4,16,2,4,,sgd,0.03,0.9,800,512,0.0,8192,0.00024404186115134507,1.0,1.000726580619812,1.019171953201294,5.771146297454834,"[3.0324039459228516,1.7564135789871216,2.7155306339263916,2.2077903747558594,1.7038551568984985,2.2542636394500732,2.2504258155822754,2.113837480545044]","[2.7474701404571533,1.9652210474014282,2.061556816101074,1.9328042268753052,2.2080953121185303,2.635923385620117,1.9659614562988281,1.8315459489822388]",seeds/cell-001-2d6242cada05/seed-6/checkpoint.pt,seeds/cell-001-2d6242cada05/seed-6/snapshots/step-000600.pt
1,replication-momentum-sgd-12seeds-v1,acac69fd0fb0eb72c223dcdbd380b2cff3f020d29c0cefc2e02ac2c1212afe00,cell-001-2d6242cada05,1,2d6242cada052d4e97d6ce509eb59836ccdef0ef3520e3d1a58d55bbd9f80b0d,6,10,800,16,4,16,2,4,,sgd,0.03,0.9,800,512,0.0,8192,0.000191421655472368,1.0,0.9992475509643555,1.01815927028656,5.762166976928711,"[3.039320707321167,1.7548216581344604,2.7170329093933105,2.2050728797912598,1.7031887769699097,2.255034923553467,2.250277519226074,2.1136693954467773]","[2.7613508701324463,1.9557340145111084,2.0613503456115723,1.9297528266906738,2.2031965255737305,2.6703286170959473,1.964876651763916,1.8292523622512817]",seeds/cell-001-2d6242cada05/seed-6/checkpoint.pt,seeds/cell-001-2d6242cada05/seed-6/snapshots/step-000800.pt
1,replication-momentum-sgd-12seeds-v1,acac69fd0fb0eb72c223dcdbd380b2cff3f020d29c0cefc2e02ac2c1212afe00,cell-001-2d6242cada05,1,2d6242cada052d4e97d6ce509eb59836ccdef0ef3520e3d1a58d55bbd9f80b0d,7,0,0,16,4,16,2,4,,sgd,0.03,0.9,800,512,0.0,8192,1.1727904081344604,0.59716796875,0.19920450448989868,0.17065976560115814,6.781848907470703,"[1.9139500856399536,2.3591320514678955,2.1327385902404785,2.067237377166748,1.9648932218551636,1.8979790210723877,2.3922789096832275,2.043933153152466]","[1.890305519104004,1.9851547479629517,1.5344812870025635,2.2745747566223145,1.7113415002822876,2.1604743003845215,2.1753101348876953,2.0551626682281494]",seeds/cell-001-2d6242cada05/seed-7/checkpoint.pt,seeds/cell-001-2d6242cada05/seed-7/snapshots/step-000000.pt
1,replication-momentum-sgd-12seeds-v1,acac69fd0fb0eb72c223dcdbd380b2cff3f020d29c0cefc2e02ac2c1212afe00,cell-001-2d6242cada05,1,2d6242cada052d4e97d6ce509eb59836ccdef0ef3520e3d1a58d55bbd9f80b0d,7,1,25,16,4,16,2,4,,sgd,0.03,0.9,800,512,0.0,8192,0.7020381689071655,0.7347412109375,0.27255091071128845,0.25166118144989014,6.824207305908203,"[1.9393177032470703,2.428943395614624,2.053701162338257,2.1104929447174072,1.9661945104599,1.8885207176208496,2.3718247413635254,2.028318166732788]","[1.9106417894363403,2.096713066101074,1.368262767791748,2.4074721336364746,1.724787712097168,2.314606189727783,2.280158281326294,2.1277878284454346]",seeds/cell-001-2d6242cada05/seed-7/checkpoint.pt,seeds/cell-001-2d6242cada05/seed-7/snapshots/step-000025.pt
1,replication-momentum-sgd-12seeds-v1,acac69fd0fb0eb72c223dcdbd380b2cff3f020d29c0cefc2e02ac2c1212afe00,cell-001-2d6242cada05,1,2d6242cada052d4e97d6ce509eb59836ccdef0ef3520e3d1a58d55bbd9f80b0d,7,2,50,16,4,16,2,4,,sgd,0.03,0.9,800,512,0.0,8192,0.34813904762268066,0.89892578125,0.6706063747406006,0.685536801815033,6.054265022277832,"[2.051659345626831,2.410329818725586,2.087610960006714,2.636021137237549,1.9668607711791992,1.8891749382019043,2.363898277282715,2.040339231491089]","[1.9244922399520874,2.0607428550720215,1.3631770610809326,2.6240427494049072,1.7418248653411865,2.304845094680786,2.255556106567383,2.115832805633545]",seeds/cell-001-2d6242cada05/seed-7/checkpoint.pt,seeds/cell-001-2d6242cada05/seed-7/snapshots/step-000050.pt
1,replication-momentum-sgd-12seeds-v1,acac69fd0fb0eb72c223dcdbd380b2cff3f020d29c0cefc2e02ac2c1212afe00,cell-001-2d6242cada05,1,2d6242cada052d4e97d6ce509eb59836ccdef0ef3520e3d1a58d55bbd9f80b0d,7,3,100,16,4,16,2,4,,sgd,0.03,0.9,800,512,0.0,8192,0.02021798864006996,0.999755859375,0.998785138130188,1.0030791759490967,5.457823276519775,"[2.0736403465270996,2.392317533493042,2.0780086517333984,3.7542707920074463,1.979685664176941,1.874548316001892,2.3690309524536133,2.0343093872070312]","[1.8821061849594116,2.0332324504852295,1.3623459339141846,3.013441324234009,1.7525335550308228,2.3059096336364746,2.1977970600128174,2.0481832027435303]",seeds/cell-001-2d6242cada05/seed-7/checkpoint.pt,seeds/cell-001-2d6242cada05/seed-7/snapshots/step-000100.pt
1,replication-momentum-sgd-12seeds-v1,acac69fd0fb0eb72c223dcdbd380b2cff3f020d29c0cefc2e02ac2c1212afe00,cell-001-2d6242cada05,1,2d6242cada052d4e97d6ce509eb59836ccdef0ef3520e3d1a58d55bbd9f80b0d,7,4,150,16,4,16,2,4,,sgd,0.03,0.9,800,512,0.0,8192,0.002274234313517809,1.0,0.9942592978477478,1.0038484334945679,5.345479965209961,"[2.0700321197509766,2.380235195159912,2.0688343048095703,4.0602240562438965,1.9798836708068848,1.8718993663787842,2.367046356201172,2.042546033859253]","[1.8660390377044678,1.9624755382537842,1.3137056827545166,3.3917460441589355,1.7530077695846558,2.2823288440704346,2.160240411758423,2.03348970413208]",seeds/cell-001-2d6242cada05/seed-7/checkpoint.pt,seeds/cell-001-2d6242cada05/seed-7/snapshots/step-000150.pt
1,replication-momentum-sgd-12seeds-v1,acac69fd0fb0eb72c223dcdbd380b2cff3f020d29c0cefc2e02ac2c1212afe00,cell-001-2d6242cada05,1,2d6242cada052d4e97d6ce509eb59836ccdef0ef3520e3d1a58d55bbd9f80b0d,7,5,200,16,4,16,2,4,,sgd,0.03,0.9,800,512,0.0,8192,0.0012387133901938796,1.0,0.998507022857666,1.009441614151001,5.322828769683838,"[2.0672786235809326,2.3769314289093018,2.0657451152801514,4.120790004730225,1.9797062873840332,1.8712269067764282,2.36641526222229,2.0442936420440674]","[1.8590092658996582,1.943336009979248,1.295305848121643,3.513115882873535,1.752012848854065,2.277252197265625,2.153320550918579,2.0267770290374756]",seeds/cell-001-2d6242cada05/seed-7/checkpoint.pt,seeds/cell-001-2d6242cada05/seed-7/snapshots/step-000200.pt
1,replication-momentum-sgd-12seeds-v1,acac69fd0fb0eb72c223dcdbd380b2cff3f020d29c0cefc2e02ac2c1212afe00,cell-001-2d6242cada05,1,2d6242cada052d4e97d6ce509eb59836ccdef0ef3520e3d1a58d55bbd9f80b0d,7,6,300,16,4,16,2,4,,sgd,0.03,0.9,800,512,0.0,8192,0.0006604351801797748,1.0,1.0009112358093262,1.0129103660583496,5.300458908081055,"[2.063699722290039,2.3734092712402344,2.062725067138672,4.177185535430908,1.9794031381607056,1.8706283569335938,2.365774393081665,2.045865058898926]","[1.8504976034164429,1.9233205318450928,1.275901198387146,3.6469779014587402,1.7502721548080444,2.273193836212158,2.1457643508911133,2.0194075107574463]",seeds/cell-001-2d6242cada05/seed-7/checkpoint.pt,seeds/cell-001-2d6242cada05/seed-7/snapshots/step-000300.pt
1,replication-momentum-sgd-12seeds-v1,acac69fd0fb0eb72c223dcdbd380b2cff3f020d29c0cefc2e02ac2c1212afe00,cell-001-2d6242cada05,1,2d6242cada052d4e97d6ce509eb59836ccdef0ef3520e3d1a58d55bbd9f80b0d,7,7,400,16,4,16,2,4,,sgd,0.03,0.9,800,512,0.0,8192,0.00044799307943321764,1.0,0.9993497729301453,1.0114352703094482,5.288510799407959,"[2.0611228942871094,2.3711915016174316,2.060929775238037,4.210007190704346,1.979421615600586,1.8703376054763794,2.365496873855591,2.0466983318328857]","[1.8450040817260742,1.910945177078247,1.2640348672866821,3.732020139694214,1.7490545511245728,2.2713534832000732,2.141030788421631,2.01444411277771]",seeds/cell-001-2d6242cada05/seed-7/checkpoint.pt,seeds/cell-001-2d6242cada05/seed-7/snapshots/step-000400.pt
1,replication-momentum-sgd-12seeds-v1,acac69fd0fb0eb72c223dcdbd380b2cff3f020d29c0cefc2e02ac2c1212afe00,cell-001-2d6242cada05,1,2d6242cada052d4e97d6ce509eb59836ccdef0ef3520e3d1a58d55bbd9f80b0d,7,8,500,16,4,16,2,4,,sgd,0.03,0.9,800,512,0.0,8192,0.00035082860267721117,1.0,1.0034968852996826,1.0157968997955322,5.279253959655762,"[2.0592191219329834,2.369434356689453,2.0595879554748535,4.23381233215332,1.979551911354065,1.8702391386032104,2.3653063774108887,2.0472185611724854]","[1.8406567573547363,1.9018672704696655,1.2553622722625732,3.797105550765991,1.7480403184890747,2.2702670097351074,2.137544631958008,2.0108156204223633]",seeds/cell-001-2d6242cada05/seed-7/checkpoint.pt,seeds/cell-001-2d6242cada05/seed-7/snapshots/step-000500.pt
1,replication-momentum-sgd-12seeds-v1,acac69fd0fb0eb72c223dcdbd380b2cff3f020d29c0cefc2e02ac2c1212afe00,cell-001-2d6242cada05,1,2d6242cada052d4e97d6ce509eb59836ccdef0ef3520e3d1a58d55bbd9f80b0d,7,9,600,16,4,16,2,4,,sgd,0.03,0.9,800,512,0.0,8192,0.0002718226460274309,1.0,1.000972032546997,1.0132193565368652,5.272065162658691,"[2.05765438079834,2.368077516555786,2.0585780143737793,4.251709938049316,1.9797695875167847,1.8702188730239868,2.365190267562866,2.047534465789795]","[1.8372128009796143,1.8948605060577393,1.2488185167312622,3.849353551864624,1.7471758127212524,2.2694225311279297,2.134805202484131,2.007697820663452]",seeds/cell-001-2d6242cada05/seed-7/checkpoint.pt,seeds/cell-001-2d6242cada05/seed-7/snapshots/step-000600.pt
1,replication-momentum-sgd-12seeds-v1,acac69fd0fb0eb72c223dcdbd380b2cff3f020d29c0cefc2e02ac2c1212afe00,cell-001-2d6242cada05,1,2d6242cada052d4e97d6ce509eb59836ccdef0ef3520e3d1a58d55bbd9f80b0d,7,10,800,16,4,16,2,4,,sgd,0.03,0.9,800,512,0.0,8192,0.00020151480566710234,1.0,0.9974697232246399,1.009781002998352,5.261804580688477,"[2.0551459789276123,2.365915060043335,2.057098627090454,4.27777099609375,1.9801830053329468,1.8702386617660522,2.365091562271118,2.0479483604431152]","[1.8318326473236084,1.8842989206314087,1.2393221855163574,3.928687810897827,1.7459620237350464,2.2682931423187256,2.1307783126831055,2.002884864807129]",seeds/cell-001-2d6242cada05/seed-7/checkpoint.pt,seeds/cell-001-2d6242cada05/seed-7/snapshots/step-000800.pt
1,replication-momentum-sgd-12seeds-v1,acac69fd0fb0eb72c223dcdbd380b2cff3f020d29c0cefc2e02ac2c1212afe00,cell-001-2d6242cada05,1,2d6242cada052d4e97d6ce509eb59836ccdef0ef3520e3d1a58d55bbd9f80b0d,8,0,0,16,4,16,2,4,,sgd,0.03,0.9,800,512,0.0,8192,1.2465267181396484,0.5531005859375,0.08065424859523773,0.021319977939128876,7.074413299560547,"[2.036876678466797,2.1786019802093506,1.9482709169387817,1.3349334001541138,2.1023123264312744,1.7493853569030762,2.0901639461517334,2.1718029975891113]","[1.6608607769012451,1.860660433769226,2.14642333984375,2.1515088081359863,1.9147011041641235,1.8851890563964844,2.042349338531494,1.891218900680542]",seeds/cell-001-2d6242cada05/seed-8/checkpoint.pt,seeds/cell-001-2d6242cada05/seed-8/snapshots/step-000000.pt
1,replication-momentum-sgd-12seeds-v1,acac69fd0fb0eb72c223dcdbd380b2cff3f020d29c0cefc2e02ac2c1212afe00,cell-001-2d6242cada05,1,2d6242cada052d4e97d6ce509eb59836ccdef0ef3520e3d1a58d55bbd9f80b0d,8,1,25,16,4,16,2,4,,sgd,0.03,0.9,800,512,0.0,8192,0.7468540668487549,0.7109375,0.2544565796852112,0.1946549117565155,6.895777702331543,"[2.0210447311401367,2.1515696048736572,1.910398006439209,1.3164606094360352,2.072683811187744,1.7573344707489014,2.0821235179901123,2.175314426422119]","[1.7665455341339111,1.8609586954116821,2.264451742172241,2.181946277618408,1.982805848121643,1.9771430492401123,2.138510227203369,1.9486067295074463]",seeds/cell-001-2d6242cada05/seed-8/checkpoint.pt,seeds/cell-001-2d6242cada05/seed-8/snapshots/step-000025.pt
1,replication-momentum-sgd-12seeds-v1,acac69fd0fb0eb72c223dcdbd380b2cff3f020d29c0cefc2e02ac2c1212afe00,cell-001-2d6242cada05,1,2d6242cada052d4e97d6ce509eb59836ccdef0ef3520e3d1a58d55bbd9f80b0d,8,2,50,16,4,16,2,4,,sgd,0.03,0.9,800,512,0.0,8192,0.6594732403755188,0.746337890625,0.34615960717201233,0.30352652072906494,6.607215404510498,"[2.1314427852630615,2.159529685974121,1.9112153053283691,1.319859266281128,2.0940909385681152,1.8172886371612549,2.103808879852295,2.1728763580322266]","[1.8955192565917969,1.8237574100494385,2.189852476119995,2.1105613708496094,2.0029401779174805,2.012680768966675,2.147082805633545,1.9388964176177979]",seeds/cell-001-2d6242cada05/seed-8/checkpoint.pt,seeds/cell-001-2d6242cada05/seed-8/snapshots/step-000050.pt
1,replication-momentum-sgd-12seeds-v1,acac69fd0fb0eb72c223dcdbd380b2cff3f020d29c0cefc2e02ac2c1212afe00,cell-001-2d6242cada05,1,2d6242cada052d4e97d6ce509eb59836ccdef0ef3520e3d1a58d55bbd9f80b0d,8,3,100,16,4,16,2,4,,sgd,0.03,0.9,800,512,0.0,8192,0.06438375264406204,0.9813232421875,0.9135643243789673,0.9167590141296387,5.7890238761901855,"[3.257951498031616,2.191051483154297,1.9222427606582642,1.307359218597412,2.2047152519226074,1.816863775253296,2.149792432785034,2.16872239112854]","[2.6431283950805664,1.7331522703170776,1.9855685234069824,1.9907649755477905,2.107517719268799,1.8633525371551514,2.1200408935546875,1.8959124088287354]",seeds/cell-001-2d6242cada05/seed-8/checkpoint.pt,seeds/cell-001-2d6242cada05/seed-8/snapshots/step-000100.pt
1,replication-momentum-sgd-12seeds-v1,acac69fd0fb0eb72c223dcdbd380b2cff3f020d29c0cefc2e02ac2c1212afe00,cell-001-2d6242cada05,1,2d6242cada052d4e97d6ce509eb59836ccdef0ef3520e3d1a58d55bbd9f80b0d,8,4,150,16,4,16,2,4,,sgd,0.03,0.9,800,512,0.0,8192,0.0025200475938618183,0.999755859375,0.9951319098472595,1.0006370544433594,5.5400710105896,"[3.7178468704223633,2.1856305599212646,1.9124716520309448,1.2908412218093872,2.263456106185913,1.8136851787567139,2.151113510131836,2.163048505783081]","[2.929752826690674,1.687211513519287,1.9521243572235107,1.9353444576263428,2.2570807933807373,1.8272086381912231,2.095489263534546,1.8830240964889526]",seeds/cell-001-2d6242cada05/seed-8/checkpoint.pt,seeds/cell-001-2d6242cada05/seed-8/snapshots/step-000150.pt
1,replication-momentum-sgd-12seeds-v1,acac69fd0fb0eb72c223dcdbd380b2cff3f020d29c0cefc2e02ac2c1212afe00,cell-001-2d6242cada05,1,2d6242cada052d4e97d6ce509eb59836ccdef0ef3520e3d1a58d55bbd9f80b0d,8,5,200,16,4,16,2,4,,sgd,0.03,0.9,800,512,0.0,8192,0.0010253479704260826,1.0,1.0059961080551147,1.0078195333480835,5.480047702789307,"[3.7918198108673096,2.184269905090332,1.9082649946212769,1.2845137119293213,2.2724714279174805,1.8128042221069336,2.15183687210083,2.1625025272369385]","[2.97510027885437,1.6785560846328735,1.944709062576294,1.9171456098556519,2.2945220470428467,1.8229012489318848,2.094252109527588,1.8774303197860718]",seeds/cell-001-2d6242cada05/seed-8/checkpoint.pt,seeds/cell-001-2d6242cada05/seed-8/snapshots/step-000200.pt
1,replication-momentum-sgd-12seeds-v1,acac69fd0fb0eb72c223dcdbd380b2cff3f020d29c0cefc2e02ac2c1212afe00,cell-001-2d6242cada05,1,2d6242cada052d4e97d6ce509eb59836ccdef0ef3520e3d1a58d55bbd9f80b0d,8,6,300,16,4,16,2,4,,sgd,0.03,0.9,800,512,0.0,8192,0.005510659888386726,0.9981689453125,0.9938979148864746,0.9908847808837891,5.394418716430664,"[3.8981494903564453,2.181415557861328,1.9038190841674805,1.2758467197418213,2.2740859985351562,1.81193208694458,2.152625322341919,2.16168475151062]","[3.024381637573242,1.671116828918457,1.9360013008117676,1.89815092086792,2.324110507965088,1.8194340467453003,2.0959928035736084,1.8725749254226685]",seeds/cell-001-2d6242cada05/seed-8/checkpoint.pt,seeds/cell-001-2d6242cada05/seed-8/snapshots/step-000300.pt
1,replication-momentum-sgd-12seeds-v1,acac69fd0fb0eb72c223dcdbd380b2cff3f020d29c0cefc2e02ac2c1212afe00,cell-001-2d6242cada05,1,2d6242cada052d4e97d6ce509eb59836ccdef0ef3520e3d1a58d55bbd9f80b0d,8,7,400,16,4,16,2,4,,sgd,0.03,0.9,800,512,0.0,8192,0.00028139346977695823,1.0,1.0016485452651978,1.0003036260604858,5.322817802429199,"[3.984280586242676,2.179370164871216,1.902044415473938,1.272836685180664,2.2817866802215576,1.811327338218689,2.153320074081421,2.1612703800201416]","[3.0606606006622314,1.6646708250045776,1.932140827178955,1.892764687538147,2.3502700328826904,1.8167014122009277,2.094805955886841,1.8698045015335083]",seeds/cell-001-2d6242cada05/seed-8/checkpoint.pt,seeds/cell-001-2d6242cada05/seed-8/snapshots/step-000400.pt
1,replication-momentum-sgd-12seeds-v1,acac69fd0fb0eb72c223dcdbd380b2cff3f020d29c0cefc2e02ac2c1212afe00,cell-001-2d6242cada05,1,2d6242cada052d4e97d6ce509eb59836ccdef0ef3520e3d1a58d55bbd9f80b0d,8,8,500,16,4,16,2,4,,sgd,0.03,0.9,800,512,0.0,8192,0.00020467559807002544,1.0,1.0002915859222412,0.9995088577270508,5.320007801055908,"[3.9882891178131104,2.17802095413208,1.9002959728240967,1.2708946466445923,2.28232479095459,1.810869574546814,2.1538290977478027,2.1611204147338867]","[3.0774149894714355,1.661516785621643,1.9289522171020508,1.8858195543289185,2.366656541824341,1.8142131567001343,2.0954058170318604,1.869030237197876]",seeds/cell-001-2d6242cada05/seed-8/checkpoint.pt,seeds/cell-001-2d6242cada05/seed-8/snapshots/step-000500.pt
1,replication-momentum-sgd-12seeds-v1,acac69fd0fb0eb72c223dcdbd380b2cff3f020d29c0cefc2e02ac2c1212afe00,cell-001-2d6242cada05,1,2d6242cada052d4e97d6ce509eb59836ccdef0ef3520e3d1a58d55bbd9f80b0d,8,9,600,16,4,16,2,4,,sgd,0.03,0.9,800,512,0.0,8192,0.0011615399271249771,1.0,1.0007824897766113,0.9953160285949707,5.112685680389404,"[4.219563007354736,2.1808252334594727,1.8947311639785767,1.2637311220169067,2.2807250022888184,1.8121846914291382,2.1570072174072266,2.160323143005371]","[3.136012315750122,1.6594688892364502,1.921970009803772,1.8796403408050537,2.3658065795898438,1.8162169456481934,2.09651517868042,1.8669978380203247]",seeds/cell-001-2d6242cada05/seed-8/checkpoint.pt,seeds/cell-001-2d6242cada05/seed-8/snapshots/step-000600.pt
1,replication-momentum-sgd-12seeds-v1,acac69fd0fb0eb72c223dcdbd380b2cff3f020d29c0cefc2e02ac2c1212afe00,cell-001-2d6242cada05,1,2d6242cada052d4e97d6ce509eb59836ccdef0ef3520e3d1a58d55bbd9f80b0d,8,10,800,16,4,16,2,4,,sgd,0.03,0.9,800,512,0.0,8192,0.00017843903333414346,1.0,1.0032789707183838,0.9992995262145996,5.072535037994385,"[4.280430793762207,2.1773204803466797,1.8931427001953125,1.2595471143722534,2.2856690883636475,1.8106300830841064,2.158541202545166,2.158872604370117]","[3.1965558528900146,1.6497546434402466,1.918293833732605,1.8624422550201416,2.4087255001068115,1.8097317218780518,2.0963172912597656,1.8615564107894897]",seeds/cell-001-2d6242cada05/seed-8/checkpoint.pt,seeds/cell-001-2d6242cada05/seed-8/snapshots/step-000800.pt
1,replication-momentum-sgd-12seeds-v1,acac69fd0fb0eb72c223dcdbd380b2cff3f020d29c0cefc2e02ac2c1212afe00,cell-001-2d6242cada05,1,2d6242cada052d4e97d6ce509eb59836ccdef0ef3520e3d1a58d55bbd9f80b0d,9,0,0,16,4,16,2,4,,sgd,0.03,0.9,800,512,0.0,8192,1.3211538791656494,0.47705078125,-0.020432818681001663,-0.04665342718362808,7.910628795623779,"[2.010563373565674,1.6693861484527588,1.9392763376235962,1.810331106185913,2.0681381225585938,2.4772934913635254,2.0775208473205566,2.2820334434509277]","[1.9258521795272827,2.124157667160034,1.9847356081008911,2.2916414737701416,1.9527995586395264,2.2707359790802,2.2313199043273926,2.0571963787078857]",seeds/cell-001-2d6242cada05/seed-9/checkpoint.pt,seeds/cell-001-2d6242cada05/seed-9/snapshots/step-000000.pt
1,replication-momentum-sgd-12seeds-v1,acac69fd0fb0eb72c223dcdbd380b2cff3f020d29c0cefc2e02ac2c1212afe00,cell-001-2d6242cada05,1,2d6242cada052d4e97d6ce509eb59836ccdef0ef3520e3d1a58d55bbd9f80b0d,9,1,25,16,4,16,2,4,,sgd,0.03,0.9,800,512,0.0,8192,0.7798160314559937,0.69970703125,0.23114013671875,0.20138752460479736,7.836881637573242,"[2.013253688812256,1.6590434312820435,1.9892643690109253,1.7838053703308105,2.0566561222076416,2.436885118484497,2.0294718742370605,2.273064613342285]","[1.9697706699371338,2.084848403930664,1.9988795518875122,2.666516065597534,2.0151889324188232,2.382420778274536,2.247802972793579,2.2801074981689453]",seeds/cell-001-2d6242cada05/seed-9/checkpoint.pt,seeds/cell-001-2d6242cada05/seed-9/snapshots/step-000025.pt
1,replication-momentum-sgd-12seeds-v1,acac69fd0fb0eb72c223dcdbd380b2cff3f020d29c0cefc2e02ac2c1212afe00,cell-001-2d6242cada05,1,2d6242cada052d4e97d6ce509eb59836ccdef0ef3520e3d1a58d55bbd9f80b0d,9,2,50,16,4,16,2,4,,sgd,0.03,0.9,800,512,0.0,8192,0.7979521751403809,0.689208984375,0.25436803698539734,0.22364477813243866,7.721344470977783,"[2.0133070945739746,1.6723536252975464,1.9942677021026611,1.7872037887573242,2.0701186656951904,2.4291839599609375,2.0142123699188232,2.264570951461792]","[1.9741194248199463,2.1125786304473877,2.0210306644439697,2.724090576171875,2.0310380458831787,2.3799307346343994,2.2596166133880615,2.31911301612854]",seeds/cell-001-2d6242cada05/seed-9/checkpoint.pt,seeds/cell-001-2d6242cada05/seed-9/snapshots/step-000050.pt
1,replication-momentum-sgd-12seeds-v1,acac69fd0fb0eb72c223dcdbd380b2cff3f020d29c0cefc2e02ac2c1212afe00,cell-001-2d6242cada05,1,2d6242cada052d4e97d6ce509eb59836ccdef0ef3520e3d1a58d55bbd9f80b0d,9,3,100,16,4,16,2,4,,sgd,0.03,0.9,800,512,0.0,8192,0.4032961130142212,0.8680419921875,0.5701097249984741,0.6060595512390137,6.436318874359131,"[2.4801554679870605,1.831181287765503,2.0316262245178223,1.9926210641860962,2.1812899112701416,2.4669454097747803,1.9964483976364136,2.2835471630096436]","[2.278841733932495,2.2640702724456787,2.0018985271453857,2.8097939491271973,1.9721403121948242,2.334261894226074,2.216001033782959,2.162360906600952]",seeds/cell-001-2d6242cada05/seed-9/checkpoint.pt,seeds/cell-001-2d6242cada05/seed-9/snapshots/step-000100.pt
1,replication-momentum-sgd-12seeds-v1,acac69fd0fb0eb72c223dcdbd380b2cff3f020d29c0cefc2e02ac2c1212afe00,cell-001-2d6242cada05,1,2d6242cada052d4e97d6ce509eb59836ccdef0ef3520e3d1a58d55bbd9f80b0d,9,4,150,16,4,16,2,4,,sgd,0.03,0.9,800,512,0.0,8192,0.013876320794224739,1.0,0.9671895503997803,0.9742900133132935,5.461276054382324,"[3.647223711013794,1.7983371019363403,2.0464553833007812,2.122248888015747,2.259601354598999,2.4988672733306885,1.9567104578018188,2.2920501232147217]","[2.851700782775879,2.198901414871216,2.010657787322998,2.779313087463379,2.022505283355713,2.304065227508545,2.126862049102783,2.0761046409606934]",seeds/cell-001-2d6242cada05/seed-9/checkpoint.pt,seeds/cell-001-2d6242cada05/seed-9/snapshots/step-000150.pt
1,replication-momentum-sgd-12seeds-v1,acac69fd0fb0eb72c223dcdbd380b2cff3f020d29c0cefc2e02ac2c1212afe00,cell-001-2d6242cada05,1,2d6242cada052d4e97d6ce509eb59836ccdef0ef3520e3d1a58d55bbd9f80b0d,9,5,200,16,4,16,2,4,,sgd,0.03,0.9,800,512,0.0,8192,0.0021220631897449493,1.0,0.992369532585144,0.9953146576881409,5.363825798034668,"[3.8624422550201416,1.7861626148223877,2.044593095779419,2.114389181137085,2.2777538299560547,2.499807357788086,1.9510451555252075,2.2934110164642334]","[3.139622688293457,2.159482955932617,1.9785106182098389,2.7190868854522705,2.0816268920898438,2.304126739501953,2.107107639312744,2.055601119995117]",seeds/cell-001-2d6242cada05/seed-9/checkpoint.pt,seeds/cell-001-2d6242cada05/seed-9/snapshots/step-000200.pt
1,replication-momentum-sgd-12seeds-v1,acac69fd0fb0eb72c223dcdbd380b2cff3f020d29c0cefc2e02ac2c1212afe00,cell-001-2d6242cada05,1,2d6242cada052d4e97d6ce509eb59836ccdef0ef3520e3d1a58d55bbd9f80b0d,9,6,300,16,4,16,2,4,,sgd,0.03,0.9,800,512,0.0,8192,0.0009229090064764023,1.0,1.0022578239440918,1.0048394203186035,5.33270788192749,"[3.928661584854126,1.7779115438461304,2.0426127910614014,2.106689929962158,2.2855257987976074,2.4969098567962646,1.950359582901001,2.2944583892822266]","[3.304607391357422,2.1260125637054443,1.9604301452636719,2.6796443462371826,2.118182897567749,2.299912452697754,2.101567268371582,2.0498175621032715]",seeds/cell-001-2d6242cada05/seed-9/checkpoint.pt,seeds/cell-001-2d6242cada05/seed-9/snapshots/step-000300.pt
1,replication-momentum-sgd-12seeds-v1,acac69fd0fb0eb72c223dcdbd380b2cff3f020d29c0cefc2e02ac2c1212afe00,cell-001-2d6242cada05,1,2d6242cada052d4e97d6ce509eb59836ccdef0ef3520e3d1a58d55bbd9f80b0d,9,7,400,16,4,16,2,4,,sgd,0.03,0.9,800,512,0.0,8192,0.000590507232118398,1.0,0.9986698627471924,1.0008548498153687,5.315878868103027,"[3.961578845977783,1.7732226848602295,2.04119873046875,2.102724552154541,2.289180278778076,2.49543833732605,1.9504506587982178,2.294896364212036]","[3.397566080093384,2.1054835319519043,1.9515331983566284,2.657210111618042,2.138617992401123,2.297147750854492,2.0984182357788086,2.047008752822876]",seeds/cell-001-2d6242cada05/seed-9/checkpoint.pt,seeds/cell-001-2d6242cada05/seed-9/snapshots/step-000400.pt
1,replication-momentum-sgd-12seeds-v1,acac69fd0fb0eb72c223dcdbd380b2cff3f020d29c0cefc2e02ac2c1212afe00,cell-001-2d6242cada05,1,2d6242cada052d4e97d6ce509eb59836ccdef0ef3520e3d1a58d55bbd9f80b0d,9,8,500,16,4,16,2,4,,sgd,0.03,0.9,800,512,0.0,8192,0.00043726671719923615,1.0,0.9988186359405518,1.000769853591919,5.304915428161621,"[3.984065294265747,1.770066738128662,2.039808750152588,2.1004035472869873,2.2913928031921387,2.494443655014038,1.9507348537445068,2.295229434967041]","[3.464895725250244,2.089832067489624,1.9443037509918213,2.642033576965332,2.153642416000366,2.295269727706909,2.0963830947875977,2.0449578762054443]",seeds/cell-001-2d6242cada05/seed-9/checkpoint.pt,seeds/cell-001-2d6242cada05/seed-9/snapshots/step-000500.pt
1,replication-momentum-sgd-12seeds-v1,acac69fd0fb0eb72c223dcdbd380b2cff3f020d29c0cefc2e02ac2c1212afe00,cell-001-2d6242cada05,1,2d6242cada052d4e97d6ce509eb59836ccdef0ef3520e3d1a58d55bbd9f80b0d,9,9,600,16,4,16,2,4,,sgd,0.03,0.9,800,512,0.0,8192,0.00034948537359014153,1.0,0.9987748861312866,1.0005366802215576,5.296647071838379,"[4.000851154327393,1.767796277999878,2.038637638092041,2.098804473876953,2.293018341064453,2.4936680793762207,1.9510489702224731,2.295532703399658]","[3.5182483196258545,2.0774407386779785,1.9384174346923828,2.629951238632202,2.1654200553894043,2.2936851978302,2.0950212478637695,2.043379068374634]",seeds/cell-001-2d6242cada05/seed-9/checkpoint.pt,seeds/cell-001-2d6242cada05/seed-9/snapshots/step-000600.pt
1,replication-momentum-sgd-12seeds-v1,acac69fd0fb0eb72c223dcdbd380b2cff3f020d29c0cefc2e02ac2c1212afe00,cell-001-2d6242cada05,1,2d6242cada052d4e97d6ce509eb59836ccdef0ef3520e3d1a58d55bbd9f80b0d,9,10,800,16,4,16,2,4,,sgd,0.03,0.9,800,512,0.0,8192,0.00024633138673380017,1.0,0.9992745518684387,1.000638723373413,5.284451007843018,"[4.025620460510254,1.76417076587677,2.036958694458008,2.096459150314331,2.295271158218384,2.4925694465637207,1.9515751600265503,2.2959859371185303]","[3.5998144149780273,2.05759596824646,1.9301432371139526,2.611778736114502,2.1831088066101074,2.2913718223571777,2.092912197113037,2.0412087440490723]",seeds/cell-001-2d6242cada05/seed-9/checkpoint.pt,seeds/cell-001-2d6242cada05/seed-9/snapshots/step-000800.pt
1,replication-momentum-sgd-12seeds-v1,acac69fd0fb0eb72c223dcdbd380b2cff3f020d29c0cefc2e02ac2c1212afe00,cell-001-2d6242cada05,1,2d6242cada052d4e97d6ce509eb59836ccdef0ef3520e3d1a58d55bbd9f80b0d,10,0,0,16,4,16,2,4,,sgd,0.03,0.9,800,512,0.0,8192,2.953852891921997,0.4202880859375,-0.22665061056613922,-0.19806942343711853,7.9136881828308105,"[1.9599968194961548,2.348431348800659,1.6886465549468994,1.8350669145584106,2.0271458625793457,1.906369686126709,1.9641873836517334,1.8816537857055664]","[2.2530078887939453,1.8903828859329224,2.2024707794189453,2.4651429653167725,1.7250921726226807,2.589148998260498,2.0505244731903076,1.633531928062439]",seeds/cell-001-2d6242cada05/seed-10/checkpoint.pt,seeds/cell-001-2d6242cada05/seed-10/snapshots/step-000000.pt
1,replication-momentum-sgd-12seeds-v1,acac69fd0fb0eb72c223dcdbd380b2cff3f020d29c0cefc2e02ac2c1212afe00,cell-001-2d6242cada05,1,2d6242cada052d4e97d6ce509eb59836ccdef0ef3520e3d1a58d55bbd9f80b0d,10,1,25,16,4,16,2,4,,sgd,0.03,0.9,800,512,0.0,8192,0.8035122752189636,0.6846923828125,0.21839195489883423,0.18460212647914886,8.001468658447266,"[1.8963088989257812,2.2900748252868652,1.6668927669525146,1.8467624187469482,2.0358808040618896,1.903563380241394,1.9668161869049072,1.904353141784668]","[2.401524543762207,2.176021099090576,2.4923789501190186,2.458641529083252,2.1669013500213623,3.029165267944336,2.223867893218994,2.007753610610962]",seeds/cell-001-2d6242cada05/seed-10/checkpoint.pt,seeds/cell-001-2d6242cada05/seed-10/snapshots/step-000025.pt
1,replication-momentum-sgd-12seeds-v1,acac69fd0fb0eb72c223dcdbd380b2cff3f020d29c0cefc2e02ac2c1212afe00,cell-001-2d6242cada05,1,2d6242cada052d4e97d6ce509eb59836ccdef0ef3520e3d1a58d55bbd9f80b0d,10,2,50,16,4,16,2,4,,sgd,0.03,0.9,800,512,0.0,8192,0.7558716535568237,0.6915283203125,0.27739667892456055,0.24652056396007538,7.914575576782227,"[1.8882428407669067,2.3117854595184326,1.7418557405471802,1.833695888519287,2.030576229095459,1.911178708076477,1.9621098041534424,1.8913123607635498]","[2.4609949588775635,2.2361326217651367,2.6265344619750977,2.520272970199585,2.2349209785461426,3.1126010417938232,2.265280246734619,2.0525379180908203]",seeds/cell-001-2d6242cada05/seed-10/checkpoint.pt,seeds/cell-001-2d6242cada05/seed-10/snapshots/step-000050.pt
1,replication-momentum-sgd-12seeds-v1,acac69fd0fb0eb72c223dcdbd380b2cff3f020d29c0cefc2e02ac2c1212afe00,cell-001-2d6242cada05,1,2d6242cada052d4e97d6ce509eb59836ccdef0ef3520e3d1a58d55bbd9f80b0d,10,3,100,16,4,16,2,4,,sgd,0.03,0.9,800,512,0.0,8192,0.34187236428260803,0.8927001953125,0.6675475835800171,0.663713812828064,6.63870906829834,"[1.8747575283050537,2.3345754146575928,2.5944883823394775,2.049499750137329,2.040128231048584,1.9023492336273193,1.9653180837631226,1.891357183456421]","[2.4700276851654053,2.2903640270233154,3.099499464035034,2.552483081817627,2.1340789794921875,2.977898597717285,2.141777753829956,2.0582141876220703]",seeds/cell-001-2d6242cada05/seed-10/checkpoint.pt,seeds/cell-001-2d6242cada05/seed-10/snapshots/step-000100.pt
1,replication-momentum-sgd-12seeds-v1,acac69fd0fb0eb72c223dcdbd380b2cff3f020d29c0cefc2e02ac2c1212afe00,cell-001-2d6242cada05,1,2d6242cada052d4e97d6ce509eb59836ccdef0ef3520e3d1a58d55bbd9f80b0d,10,4,150,16,4,16,2,4,,sgd,0.03,0.9,800,512,0.0,8192,0.04727328196167946,0.9932861328125,0.9686353206634521,0.9613218307495117,6.087092399597168,"[1.8142622709274292,2.258178949356079,3.520219087600708,2.2656607627868652,2.0392088890075684,1.9172546863555908,1.9850258827209473,1.8975266218185425]","[2.3838608264923096,2.1184165477752686,3.550663948059082,2.675351858139038,2.0523438453674316,2.9065868854522705,2.141786813735962,2.08851957321167]",seeds/cell-001-2d6242cada05/seed-10/checkpoint.pt,seeds/cell-001-2d6242cada05/seed-10/snapshots/step-000150.pt
1,replication-momentum-sgd-12seeds-v1,acac69fd0fb0eb72c223dcdbd380b2cff3f020d29c0cefc2e02ac2c1212afe00,cell-001-2d6242cada05,1,2d6242cada052d4e97d6ce509eb59836ccdef0ef3520e3d1a58d55bbd9f80b0d,10,5,200,16,4,16,2,4,,sgd,0.03,0.9,800,512,0.0,8192,0.0027559830341488123,1.0,0.9914488792419434,0.9853631854057312,5.86881160736084,"[1.7970161437988281,2.244431734085083,3.901914358139038,2.32327938079834,2.048081636428833,1.942007064819336,2.0096473693847656,1.905687689781189]","[2.3139889240264893,2.0129940509796143,3.96086049079895,2.6589977741241455,2.02071213722229,2.9003403186798096,2.178161859512329,2.0663812160491943]",seeds/cell-001-2d6242cada05/seed-10/checkpoint.pt,seeds/cell-001-2d6242cada05/seed-10/snapshots/step-000200.pt
1,replication-momentum-sgd-12seeds-v1,acac69fd0fb0eb72c223dcdbd380b2cff3f020d29c0cefc2e02ac2c1212afe00,cell-001-2d6242cada05,1,2d6242cada052d4e97d6ce509eb59836ccdef0ef3520e3d1a58d55bbd9f80b0d,10,6,300,16,4,16,2,4,,sgd,0.03,0.9,800,512,0.0,8192,0.0009329838212579489,1.0,1.000877857208252,0.9947943687438965,5.8189921379089355,"[1.7900042533874512,2.2371184825897217,3.9886159896850586,2.3245351314544678,2.049867868423462,1.9479960203170776,2.015130043029785,1.9068479537963867]","[2.2885756492614746,1.9740875959396362,4.112692356109619,2.6390552520751953,2.0121607780456543,2.9082071781158447,2.204145908355713,2.052136182785034]",seeds/cell-001-2d6242cada05/seed-10/checkpoint.pt,seeds/cell-001-2d6242cada05/seed-10/snapshots/step-000300.pt
1,replication-momentum-sgd-12seeds-v1,acac69fd0fb0eb72c223dcdbd380b2cff3f020d29c0cefc2e02ac2c1212afe00,cell-001-2d6242cada05,1,2d6242cada052d4e97d6ce509eb59836ccdef0ef3520e3d1a58d55bbd9f80b0d,10,7,400,16,4,16,2,4,,sgd,0.03,0.9,800,512,0.0,8192,0.0005867653526365757,1.0,0.9960395693778992,0.9887868165969849,5.800304412841797,"[1.7861295938491821,2.2330806255340576,4.019540309906006,2.324002265930176,2.0501506328582764,1.9501245021820068,2.0168001651763916,1.9071937799453735]","[2.277369737625122,1.9549942016601562,4.184866428375244,2.6295204162597656,2.007946014404297,2.914558172225952,2.2181758880615234,2.048656940460205]",seeds/cell-001-2d6242cada05/seed-10/checkpoint.pt,seeds/cell-001-2d6242cada05/seed-10/snapshots/step-000400.pt
1,replication-momentum-sgd-12seeds-v1,acac69fd0fb0eb72c223dcdbd380b2cff3f020d29c0cefc2e02ac2c1212afe00,cell-001-2d6242cada05,1,2d6242cada052d4e97d6ce509eb59836ccdef0ef3520e3d1a58d55bbd9f80b0d,10,8,500,16,4,16,2,4,,sgd,0.03,0.9,800,512,0.0,8192,0.00042220548493787646,1.0,0.9988155961036682,0.9928238391876221,5.78685188293457,"[1.7833582162857056,2.2301549911499023,4.040133953094482,2.3238155841827393,2.050260066986084,1.951350212097168,2.017892837524414,1.9071669578552246]","[2.269561290740967,1.942057490348816,4.235652923583984,2.622978448867798,2.0051469802856445,2.919410467147827,2.228114604949951,2.0466468334198]",seeds/cell-001-2d6242cada05/seed-10/checkpoint.pt,seeds/cell-001-2d6242cada05/seed-10/snapshots/step-000500.pt
1,replication-momentum-sgd-12seeds-v1,acac69fd0fb0eb72c223dcdbd380b2cff3f020d29c0cefc2e02ac2c1212afe00,cell-001-2d6242cada05,1,2d6242cada052d4e97d6ce509eb59836ccdef0ef3520e3d1a58d55bbd9f80b0d,10,9,600,16,4,16,2,4,,sgd,0.03,0.9,800,512,0.0,8192,0.0003342259442433715,1.0,0.9999923706054688,0.994197428226471,5.778774261474609,"[1.7814117670059204,2.2278692722320557,4.054442405700684,2.32328200340271,2.050178050994873,1.9521377086639404,2.018679141998291,1.9071253538131714]","[2.264230251312256,1.9320355653762817,4.275177955627441,2.617335319519043,2.003028154373169,2.923496723175049,2.2358334064483643,2.0455143451690674]",seeds/cell-001-2d6242cada05/seed-10/checkpoint.pt,seeds/cell-001-2d6242cada05/seed-10/snapshots/step-000600.pt
1,replication-momentum-sgd-12seeds-v1,acac69fd0fb0eb72c223dcdbd380b2cff3f020d29c0cefc2e02ac2c1212afe00,cell-001-2d6242cada05,1,2d6242cada052d4e97d6ce509eb59836ccdef0ef3520e3d1a58d55bbd9f80b0d,10,10,800,16,4,16,2,4,,sgd,0.03,0.9,800,512,0.0,8192,0.00023709581000730395,1.0,1.000769853591919,0.9945249557495117,5.763711929321289,"[1.7784841060638428,2.224315643310547,4.075687408447266,2.3227055072784424,2.050136089324951,1.953007698059082,2.0196802616119385,1.9070795774459839]","[2.255655288696289,1.917710304260254,4.33412504196167,2.609086275100708,2.0002496242523193,2.929938554763794,2.2479848861694336,2.0440926551818848]",seeds/cell-001-2d6242cada05/seed-10/checkpoint.pt,seeds/cell-001-2d6242cada05/seed-10/snapshots/step-000800.pt
1,replication-momentum-sgd-12seeds-v1,acac69fd0fb0eb72c223dcdbd380b2cff3f020d29c0cefc2e02ac2c1212afe00,cell-001-2d6242cada05,1,2d6242cada052d4e97d6ce509eb59836ccdef0ef3520e3d1a58d55bbd9f80b0d,11,0,0,16,4,16,2,4,,sgd,0.03,0.9,800,512,0.0,8192,1.6109185218811035,0.38671875,-0.1514112800359726,-0.09803280979394913,8.166877746582031,"[2.349815607070923,1.6428335905075073,2.253941059112549,1.913945198059082,1.7880390882492065,2.2221736907958984,2.398261547088623,2.666092872619629]","[1.6776357889175415,2.2266364097595215,2.0775156021118164,1.9686006307601929,2.345513343811035,1.7728649377822876,1.9045168161392212,1.9309221506118774]",seeds/cell-001-2d6242cada05/seed-11/checkpoint.pt,seeds/cell-001-2d6242cada05/seed-11/snapshots/step-000000.pt
1,replication-momentum-sgd-12seeds-v1,acac69fd0fb0eb72c223dcdbd380b2cff3f020d29c0cefc2e02ac2c1212afe00,cell-001-2d6242cada05,1,2d6242cada052d4e97d6ce509eb59836ccdef0ef3520e3d1a58d55bbd9f80b0d,11,1,25,16,4,16,2,4,,sgd,0.03,0.9,800,512,0.0,8192,0.7522468566894531,0.698974609375,0.2677624821662903,0.24327702820301056,8.02085018157959,"[2.3202383518218994,1.6568779945373535,2.2353789806365967,1.896460771560669,1.7740174531936646,2.196392774581909,2.4176080226898193,2.6719789505004883]","[1.7963382005691528,2.317166805267334,2.2637805938720703,1.991722822189331,2.473402261734009,1.6631015539169312,1.9303404092788696,1.9413422346115112]",seeds/cell-001-2d6242cada05/seed-11/checkpoint.pt,seeds/cell-001-2d6242cada05/seed-11/snapshots/step-000025.pt
1,replication-momentum-sgd-12seeds-v1,acac69fd0fb0eb72c223dcdbd380b2cff3f020d29c0cefc2e02ac2c1212afe00,cell-001-2d6242cada05,1,2d6242cada052d4e97d6ce509eb59836ccdef0ef3520e3d1a58d55bbd9f80b0d,11,2,50,16,4,16,2,4,,sgd,0.03,0.9,800,512,0.0,8192,0.6492923498153687,0.7611083984375,0.3359858989715576,0.32259827852249146,7.781343936920166,"[2.4022305011749268,1.654574990272522,2.300602436065674,1.9253273010253906,1.7752723693847656,2.196056365966797,2.42307186126709,2.6751415729522705]","[1.9459986686706543,2.3226912021636963,2.3301124572753906,2.0034961700439453,2.4517769813537598,1.6776649951934814,1.9470208883285522,1.9184880256652832]",seeds/cell-001-2d6242cada05/seed-11/checkpoint.pt,seeds/cell-001-2d6242cada05/seed-11/snapshots/step-000050.pt
1,replication-momentum-sgd-12seeds-v1,acac69fd0fb0eb72c223dcdbd380b2cff3f020d29c0cefc2e02ac2c1212afe00,cell-001-2d6242cada05,1,2d6242cada052d4e97d6ce509eb59836ccdef0ef3520e3d1a58d55bbd9f80b0d,11,3,100,16,4,16,2,4,,sgd,0.03,0.9,800,512,0.0,8192,0.11089329421520233,0.97607421875,0.889920711517334,0.9101723432540894,6.541770935058594,"[3.0802395343780518,1.641065001487732,2.688601016998291,2.1171934604644775,1.8825396299362183,2.203784704208374,2.404785394668579,2.664034843444824]","[2.3433003425598145,2.2525789737701416,2.5127477645874023,2.0289549827575684,2.384033203125,1.7235015630722046,1.9480422735214233,1.8347656726837158]",seeds/cell-001-2d6242cada05/seed-11/checkpoint.pt,seeds/cell-001-2d6242cada05/seed-11/snapshots/step-000100.pt
1,replication-momentum-sgd-12seeds-v1,acac69fd0fb0eb72c223dcdbd380b2cff3f020d29c0cefc2e02ac2c1212afe00,cell-001-2d6242cada05,1,2d6242cada052d4e97d6ce509eb59836ccdef0ef3520e3d1a58d55bbd9f80b0d,11,4,150,16,4,16,2,4,,sgd,0.03,0.9,800,512,0.0,8192,0.006626967340707779,0.999267578125,1.0092129707336426,1.008812665939331,6.314335346221924,"[3.4227068424224854,1.6388567686080933,2.892685890197754,2.1539084911346436,1.9738144874572754,2.217548131942749,2.3971314430236816,2.6745641231536865]","[2.5528953075408936,2.1853363513946533,2.700648546218872,1.9992637634277344,2.4735798835754395,1.7451027631759644,1.9370723962783813,1.8142712116241455]",seeds/cell-001-2d6242cada05/seed-11/checkpoint.pt,seeds/cell-001-2d6242cada05/seed-11/snapshots/step-000150.pt
1,replication-momentum-sgd-12seeds-v1,acac69fd0fb0eb72c223dcdbd380b2cff3f020d29c0cefc2e02ac2c1212afe00,cell-001-2d6242cada05,1,2d6242cada052d4e97d6ce509eb59836ccdef0ef3520e3d1a58d55bbd9f80b0d,11,5,200,16,4,16,2,4,,sgd,0.03,0.9,800,512,0.0,8192,0.0023694755509495735,0.999755859375,0.9953778386116028,0.9975724220275879,6.259367942810059,"[3.507465362548828,1.6364976167678833,2.9605813026428223,2.148768663406372,2.005932331085205,2.2202017307281494,2.395280599594116,2.6740167140960693]","[2.602004051208496,2.1665775775909424,2.7515783309936523,1.966037631034851,2.5235421657562256,1.742851734161377,1.9339075088500977,1.8069044351577759]",seeds/cell-001-2d6242cada05/seed-11/checkpoint.pt,seeds/cell-001-2d6242cada05/seed-11/snapshots/step-000200.pt
1,replication-momentum-sgd-12seeds-v1,acac69fd0fb0eb72c223dcdbd380b2cff3f020d29c0cefc2e02ac2c1212afe00,cell-001-2d6242cada05,1,2d6242cada052d4e97d6ce509eb59836ccdef0ef3520e3d1a58d55bbd9f80b0d,11,6,300,16,4,16,2,4,,sgd,0.03,0.9,800,512,0.0,8192,0.0009094393462873995,1.0,0.99788898229599,0.9961172342300415,6.199048042297363,"[3.607719898223877,1.6322946548461914,3.0520730018615723,2.1463782787323,2.038309335708618,2.219545841217041,2.3952383995056152,2.6738669872283936]","[2.652902603149414,2.156266689300537,2.8019039630889893,1.9292933940887451,2.563891887664795,1.7349014282226562,1.9325534105300903,1.7992591857910156]",seeds/cell-001-2d6242cada05/seed-11/checkpoint.pt,seeds/cell-001-2d6242cada05/seed-11/snapshots/step-000300.pt
1,replication-momentum-sgd-12seeds-v1,acac69fd0fb0eb72c223dcdbd380b2cff3f020d29c0cefc2e02ac2c1212afe00,cell-001-2d6242cada05,1,2d6242cada052d4e97d6ce509eb59836ccdef0ef3520e3d1a58d55bbd9f80b0d,11,7,400,16,4,16,2,4,,sgd,0.03,0.9,800,512,0.0,8192,0.0003741307300515473,1.0,1.0017948150634766,0.998586118221283,6.190529823303223,"[3.6102564334869385,1.630795955657959,3.0591259002685547,2.1440224647521973,2.044609785079956,2.219507932662964,2.395371437072754,2.6735103130340576]","[2.6779332160949707,2.1497414112091064,2.810570478439331,1.9201394319534302,2.5886826515197754,1.730970859527588,1.932752251625061,1.7942252159118652]",seeds/cell-001-2d6242cada05/seed-11/checkpoint.pt,seeds/cell-001-2d6242cada05/seed-11/snapshots/step-000400.pt
1,replication-momentum-sgd-12seeds-v1,acac69fd0fb0eb72c223dcdbd380b2cff3f020d29c0cefc2e02ac2c1212afe00,cell-001-2d6242cada05,1,2d6242cada052d4e97d6ce509eb59836ccdef0ef3520e3d1a58d55bbd9f80b0d,11,8,500,16,4,16,2,4,,sgd,0.03,0.9,800,512,0.0,8192,0.0002873270132113248,1.0,0.997016429901123,0.9934477210044861,6.184848308563232,"[3.614201307296753,1.6294857263565063,3.0598487854003906,2.1423702239990234,2.045734405517578,2.2191126346588135,2.395526885986328,2.6731345653533936]","[2.697495937347412,2.145705223083496,2.81233811378479,1.9139554500579834,2.605175495147705,1.729113221168518,1.932542085647583,1.7903671264648438]",seeds/cell-001-2d6242cada05/seed-11/checkpoint.pt,seeds/cell-001-2d6242cada05/seed-11/snapshots/step-000500.pt
1,replication-momentum-sgd-12seeds-v1,acac69fd0fb0eb72c223dcdbd380b2cff3f020d29c0cefc2e02ac2c1212afe00,cell-001-2d6242cada05,1,2d6242cada052d4e97d6ce509eb59836ccdef0ef3520e3d1a58d55bbd9f80b0d,11,9,600,16,4,16,2,4,,sgd,0.03,0.9,800,512,0.0,8192,0.0002320064522791654,1.0,0.9977751970291138,0.9938534498214722,6.18018102645874,"[3.617508888244629,1.6285715103149414,3.0609018802642822,2.1411168575286865,2.0465304851531982,2.2189691066741943,2.3957464694976807,2.672872304916382]","[2.711509943008423,2.142531156539917,2.8143320083618164,1.908864140510559,2.6185173988342285,1.728273630142212,1.9325605630874634,1.7872265577316284]",seeds/cell-001-2d6242cada05/seed-11/checkpoint.pt,seeds/cell-001-2d6242cada05/seed-11/snapshots/step-000600.pt
1,replication-momentum-sgd-12seeds-v1,acac69fd0fb0eb72c223dcdbd380b2cff3f020d29c0cefc2e02ac2c1212afe00,cell-001-2d6242cada05,1,2d6242cada052d4e97d6ce509eb59836ccdef0ef3520e3d1a58d55bbd9f80b0d,11,10,800,16,4,16,2,4,,sgd,0.03,0.9,800,512,0.0,8192,0.0001694884558673948,1.0,1.0011032819747925,0.9964483380317688,6.174014568328857,"[3.621868133544922,1.627068042755127,3.063025951385498,2.1389291286468506,2.047736883163452,2.218999147415161,2.3962512016296387,2.6724634170532227]","[2.7326321601867676,2.1376113891601562,2.8175337314605713,1.8998292684555054,2.6398441791534424,1.7274726629257202,1.93311607837677,1.7821205854415894]",seeds/cell-001-2d6242cada05/seed-11/checkpoint.pt,seeds/cell-001-2d6242cada05/seed-11/snapshots/step-000800.pt
1,replication-momentum-sgd-12seeds-v1,acac69fd0fb0eb72c223dcdbd380b2cff3f020d29c0cefc2e02ac2c1212afe00,cell-002-5ca4208a020a,2,5ca4208a020aa334680abfc93eb5ea093c7b716ef1e0b27fb1ddb8d1a13a69a9,0,0,0,64,4,16,2,1,,sgd,0.03,0.9,800,512,0.0,8192,1.070798635482788,0.5928955078125,0.11663225293159485,0.10109173506498337,12.606853485107422,"[4.024342060089111,4.155787467956543]","[4.656942367553711,4.308075428009033]",seeds/cell-002-5ca4208a020a/seed-0/checkpoint.pt,seeds/cell-002-5ca4208a020a/seed-0/snapshots/step-000000.pt
1,replication-momentum-sgd-12seeds-v1,acac69fd0fb0eb72c223dcdbd380b2cff3f020d29c0cefc2e02ac2c1212afe00,cell-002-5ca4208a020a,2,5ca4208a020aa334680abfc93eb5ea093c7b716ef1e0b27fb1ddb8d1a13a69a9,0,1,25,64,4,16,2,1,,sgd,0.03,0.9,800,512,0.0,8192,0.8234964609146118,0.6785888671875,0.2165539264678955,0.18134760856628418,12.512212753295898,"[3.843029260635376,4.1257710456848145]","[4.923526763916016,4.517608642578125]",seeds/cell-002-5ca4208a020a/seed-0/checkpoint.pt,seeds/cell-002-5ca4208a020a/seed-0/snapshots/step-000025.pt
1,replication-momentum-sgd-12seeds-v1,acac69fd0fb0eb72c223dcdbd380b2cff3f020d29c0cefc2e02ac2c1212afe00,cell-002-5ca4208a020a,2,5ca4208a020aa334680abfc93eb5ea093c7b716ef1e0b27fb1ddb8d1a13a69a9,0,2,50,64,4,16,2,1,,sgd,0.03,0.9,800,512,0.0,8192,0.7551499009132385,0.7056884765625,0.26589420437812805,0.24044562876224518,12.347818374633789,"[3.810530662536621,4.1123456954956055]","[5.012458801269531,4.566161155700684]",seeds/cell-002-5ca4208a020a/seed-0/checkpoint.pt,seeds/cell-002-5ca4208a020a/seed-0/snapshots/step-000050.pt
1,replication-momentum-sgd-12seeds-v1,acac69fd0fb0eb72c223dcdbd380b2cff3f020d29c0cefc2e02ac2c1212afe00,cell-002-5ca4208a020a,2,5ca4208a020aa334680abfc93eb5ea093c7b716ef1e0b27fb1ddb8d1a13a69a9,0,3,100,64,4,16,2,1,,sgd,0.03,0.9,800,512,0.0,8192,0.31818997859954834,0.906982421875,0.7216978073120117,0.7366700768470764,11.393730163574219,"[5.03852653503418,4.112467288970947]","[5.183028221130371,4.45003080368042]",seeds/cell-002-5ca4208a020a/seed-0/checkpoint.pt,seeds/cell-002-5ca4208a020a/seed-0/snapshots/step-000100.pt
1,replication-momentum-sgd-12seeds-v1,acac69fd0fb0eb72c223dcdbd380b2cff3f020d29c0cefc2e02ac2c1212afe00,cell-002-5ca4208a020a,2,5ca4208a020aa334680abfc93eb5ea093c7b716ef1e0b27fb1ddb8d1a13a69a9,0,4,150,64,4,16,2,1,,sgd,0.03,0.9,800,512,0.0,8192,0.013128997758030891,0.99755859375,0.988868236541748,0.992663562297821,11.102493286132812,"[5.8696184158325195,4.079115867614746]","[5.565540313720703,4.273262977600098]",seeds/cell-002-5ca4208a020a/seed-0/checkpoint.pt,seeds/cell-002-5ca4208a020a/seed-0/snapshots/step-000150.pt
1,replication-momentum-sgd-12seeds-v1,acac69fd0fb0eb72c223dcdbd380b2cff3f020d29c0cefc2e02ac2c1212afe00,cell-002-5ca4208a020a,2,5ca4208a020aa334680abfc93eb5ea093c7b716ef1e0b27fb1ddb8d1a13a69a9,0,5,200,64,4,16,2,1,,sgd,0.03,0.9,800,512,0.0,8192,0.005194489844143391,0.998779296875,0.9961090087890625,0.9982893466949463,11.109635353088379,"[5.990058422088623,4.078623294830322]","[5.706613540649414,4.255753517150879]",seeds/cell-002-5ca4208a020a/seed-0/checkpoint.pt,seeds/cell-002-5ca4208a020a/seed-0/snapshots/step-000200.pt
1,replication-momentum-sgd-12seeds-v1,acac69fd0fb0eb72c223dcdbd380b2cff3f020d29c0cefc2e02ac2c1212afe00,cell-002-5ca4208a020a,2,5ca4208a020aa334680abfc93eb5ea093c7b716ef1e0b27fb1ddb8d1a13a69a9,0,6,300,64,4,16,2,1,,sgd,0.03,0.9,800,512,0.0,8192,0.0010856082662940025,0.9998779296875,0.9989393353462219,1.0053040981292725,11.104024887084961,"[6.063710689544678,4.084939002990723]","[5.804288387298584,4.259362697601318]",seeds/cell-002-5ca4208a020a/seed-0/checkpoint.pt,seeds/cell-002-5ca4208a020a/seed-0/snapshots/step-000300.pt
1,replication-momentum-sgd-12seeds-v1,acac69fd0fb0eb72c223dcdbd380b2cff3f020d29c0cefc2e02ac2c1212afe00,cell-002-5ca4208a020a,2,5ca4208a020aa334680abfc93eb5ea093c7b716ef1e0b27fb1ddb8d1a13a69a9,0,7,400,64,4,16,2,1,,sgd,0.03,0.9,800,512,0.0,8192,0.0003883782192133367,1.0,1.0004090070724487,1.0070161819458008,11.100788116455078,"[6.093708515167236,4.088401794433594]","[5.850299835205078,4.2630615234375]",seeds/cell-002-5ca4208a020a/seed-0/checkpoint.pt,seeds/cell-002-5ca4208a020a/seed-0/snapshots/step-000400.pt
1,replication-momentum-sgd-12seeds-v1,acac69fd0fb0eb72c223dcdbd380b2cff3f020d29c0cefc2e02ac2c1212afe00,cell-002-5ca4208a020a,2,5ca4208a020aa334680abfc93eb5ea093c7b716ef1e0b27fb1ddb8d1a13a69a9,0,8,500,64,4,16,2,1,,sgd,0.03,0.9,800,512,0.0,8192,0.00024533047690056264,1.0,1.0011855363845825,1.0065436363220215,11.091652870178223,"[6.108707427978516,4.089770793914795]","[5.877819061279297,4.2665815353393555]",seeds/cell-002-5ca4208a020a/seed-0/checkpoint.pt,seeds/cell-002-5ca4208a020a/seed-0/snapshots/step-000500.pt
1,replication-momentum-sgd-12seeds-v1,acac69fd0fb0eb72c223dcdbd380b2cff3f020d29c0cefc2e02ac2c1212afe00,cell-002-5ca4208a020a,2,5ca4208a020aa334680abfc93eb5ea093c7b716ef1e0b27fb1ddb8d1a13a69a9,0,9,600,64,4,16,2,1,,sgd,0.03,0.9,800,512,0.0,8192,0.00022118809283711016,1.0,1.0016379356384277,1.0083938837051392,11.087496757507324,"[6.123327255249023,4.090629577636719]","[5.897975921630859,4.268861770629883]",seeds/cell-002-5ca4208a020a/seed-0/checkpoint.pt,seeds/cell-002-5ca4208a020a/seed-0/snapshots/step-000600.pt
1,replication-momentum-sgd-12seeds-v1,acac69fd0fb0eb72c223dcdbd380b2cff3f020d29c0cefc2e02ac2c1212afe00,cell-002-5ca4208a020a,2,5ca4208a020aa334680abfc93eb5ea093c7b716ef1e0b27fb1ddb8d1a13a69a9,0,10,800,64,4,16,2,1,,sgd,0.03,0.9,800,512,0.0,8192,0.00013826314534526318,1.0,0.9990346431732178,1.0046793222427368,11.079970359802246,"[6.136235237121582,4.091960430145264]","[5.928827285766602,4.272510051727295]",seeds/cell-002-5ca4208a020a/seed-0/checkpoint.pt,seeds/cell-002-5ca4208a020a/seed-0/snapshots/step-000800.pt
1,replication-momentum-sgd-12seeds-v1,acac69fd0fb0eb72c223dcdbd380b2cff3f020d29c0cefc2e02ac2c1212afe00,cell-002-5ca4208a020a,2,5ca4208a020aa334680abfc93eb5ea093c7b716ef1e0b27fb1ddb8d1a13a69a9,1,0,0,64,4,16,2,1,,sgd,0.03,0.9,800,512,0.0,8192,3.1738638877868652,0.52001953125,0.11788433790206909,0.13369148969650269,13.410542488098145,"[4.260404109954834,4.367204189300537]","[4.574563503265381,4.018780708312988]",seeds/cell-002-5ca4208a020a/seed-1/checkpoint.pt,seeds/cell-002-5ca4208a020a/seed-1/snapshots/step-000000.pt
1,replication-momentum-sgd-12seeds-v1,acac69fd0fb0eb72c223dcdbd380b2cff3f020d29c0cefc2e02ac2c1212afe00,cell-002-5ca4208a020a,2,5ca4208a020aa334680abfc93eb5ea093c7b716ef1e0b27fb1ddb8d1a13a69a9,1,1,25,64,4,16,2,1,,sgd,0.03,0.9,800,512,0.0,8192,1.0048019886016846,0.575927734375,0.11926058679819107,0.09382441639900208,13.278894424438477,"[4.51361608505249,4.561586856842041]","[6.444435119628906,4.862776756286621]",seeds/cell-002-5ca4208a020a/seed-1/checkpoint.pt,seeds/cell-002-5ca4208a020a/seed-1/snapshots/step-000025.pt
1,replication-momentum-sgd-12seeds-v1,acac69fd0fb0eb72c223dcdbd380b2cff3f020d29c0cefc2e02ac2c1212afe00,cell-002-5ca4208a020a,2,5ca4208a020aa334680abfc93eb5ea093c7b716ef1e0b27fb1ddb8d1a13a69a9,1,2,50,64,4,16,2,1,,sgd,0.03,0.9,800,512,0.0,8192,0.8226699829101562,0.65380859375,0.16477277874946594,0.13053402304649353,13.247238159179688,"[4.466745376586914,4.539849281311035]","[6.785343647003174,5.088947296142578]",seeds/cell-002-5ca4208a020a/seed-1/checkpoint.pt,seeds/cell-002-5ca4208a020a/seed-1/snapshots/step-000050.pt
1,replication-momentum-sgd-12seeds-v1,acac69fd0fb0eb72c223dcdbd380b2cff3f020d29c0cefc2e02ac2c1212afe00,cell-002-5ca4208a020a,2,5ca4208a020aa334680abfc93eb5ea093c7b716ef1e0b27fb1ddb8d1a13a69a9,1,3,100,64,4,16,2,1,,sgd,0.03,0.9,800,512,0.0,8192,0.7616173028945923,0.6854248046875,0.22217720746994019,0.18269924819469452,13.151453018188477,"[4.196263313293457,4.405093193054199]","[6.6765265464782715,5.244412422180176]",seeds/cell-002-5ca4208a020a/seed-1/checkpoint.pt,seeds/cell-002-5ca4208a020a/seed-1/snapshots/step-000100.pt
1,replication-momentum-sgd-12seeds-v1,acac69fd0fb0eb72c223dcdbd380b2cff3f020d29c0cefc2e02ac2c1212afe00,cell-002-5ca4208a020a,2,5ca4208a020aa334680abfc93eb5ea093c7b716ef1e0b27fb1ddb8d1a13a69a9,1,4,150,64,4,16,2,1,,sgd,0.03,0.9,800,512,0.0,8192,0.7436871528625488,0.690185546875,0.24623730778694153,0.21979400515556335,13.036130905151367,"[4.171806812286377,4.303923606872559]","[6.622268199920654,5.347653388977051]",seeds/cell-002-5ca4208a020a/seed-1/checkpoint.pt,seeds/cell-002-5ca4208a020a/seed-1/snapshots/step-000150.pt
1,replication-momentum-sgd-12seeds-v1,acac69fd0fb0eb72c223dcdbd380b2cff3f020d29c0cefc2e02ac2c1212afe00,cell-002-5ca4208a020a,2,5ca4208a020aa334680abfc93eb5ea093c7b716ef1e0b27fb1ddb8d1a13a69a9,1,5,200,64,4,16,2,1,,sgd,0.03,0.9,800,512,0.0,8192,0.7256456017494202,0.7196044921875,0.26787883043289185,0.25588640570640564,12.828787803649902,"[4.249443054199219,4.327836990356445]","[6.525007724761963,5.393679618835449]",seeds/cell-002-5ca4208a020a/seed-1/checkpoint.pt,seeds/cell-002-5ca4208a020a/seed-1/snapshots/step-000200.pt
1,replication-momentum-sgd-12seeds-v1,acac69fd0fb0eb72c223dcdbd380b2cff3f020d29c0cefc2e02ac2c1212afe00,cell-002-5ca4208a020a,2,5ca4208a020aa334680abfc93eb5ea093c7b716ef1e0b27fb1ddb8d1a13a69a9,1,6,300,64,4,16,2,1,,sgd,0.03,0.9,800,512,0.0,8192,0.573272168636322,0.781494140625,0.4313979148864746,0.41371434926986694,11.546626091003418,"[4.958179473876953,4.930342674255371]","[6.192556858062744,5.365838527679443]",seeds/cell-002-5ca4208a020a/seed-1/checkpoint.pt,seeds/cell-002-5ca4208a020a/seed-1/snapshots/step-000300.pt
1,replication-momentum-sgd-12seeds-v1,acac69fd0fb0eb72c223dcdbd380b2cff3f020d29c0cefc2e02ac2c1212afe00,cell-002-5ca4208a020a,2,5ca4208a020aa334680abfc93eb5ea093c7b716ef1e0b27fb1ddb8d1a13a69a9,1,7,400,64,4,16,2,1,,sgd,0.03,0.9,800,512,0.0,8192,0.14475208520889282,0.957763671875,0.8725475072860718,0.8770086765289307,10.170665740966797,"[6.375524044036865,5.3827314376831055]","[5.9182024002075195,5.329319953918457]",seeds/cell-002-5ca4208a020a/seed-1/checkpoint.pt,seeds/cell-002-5ca4208a020a/seed-1/snapshots/step-000400.pt
1,replication-momentum-sgd-12seeds-v1,acac69fd0fb0eb72c223dcdbd380b2cff3f020d29c0cefc2e02ac2c1212afe00,cell-002-5ca4208a020a,2,5ca4208a020aa334680abfc93eb5ea093c7b716ef1e0b27fb1ddb8d1a13a69a9,1,8,500,64,4,16,2,1,,sgd,0.03,0.9,800,512,0.0,8192,0.026551615446805954,0.992431640625,0.9616644382476807,0.965499758720398,9.872601509094238,"[6.874606132507324,5.633508682250977]","[5.92881965637207,5.513396739959717]",seeds/cell-002-5ca4208a020a/seed-1/checkpoint.pt,seeds/cell-002-5ca4208a020a/seed-1/snapshots/step-000500.pt
1,replication-momentum-sgd-12seeds-v1,acac69fd0fb0eb72c223dcdbd380b2cff3f020d29c0cefc2e02ac2c1212afe00,cell-002-5ca4208a020a,2,5ca4208a020aa334680abfc93eb5ea093c7b716ef1e0b27fb1ddb8d1a13a69a9,1,9,600,64,4,16,2,1,,sgd,0.03,0.9,800,512,0.0,8192,0.0023444052785634995,0.999755859375,0.9897961616516113,1.0004856586456299,9.770562171936035,"[7.003493309020996,5.681064128875732]","[5.944538116455078,5.612578392028809]",seeds/cell-002-5ca4208a020a/seed-1/checkpoint.pt,seeds/cell-002-5ca4208a020a/seed-1/snapshots/step-000600.pt
1,replication-momentum-sgd-12seeds-v1,acac69fd0fb0eb72c223dcdbd380b2cff3f020d29c0cefc2e02ac2c1212afe00,cell-002-5ca4208a020a,2,5ca4208a020aa334680abfc93eb5ea093c7b716ef1e0b27fb1ddb8d1a13a69a9,1,10,800,64,4,16,2,1,,sgd,0.03,0.9,800,512,0.0,8192,0.00041259280988015234,1.0,0.9987672567367554,1.0101524591445923,9.756077766418457,"[7.0295000076293945,5.705954551696777]","[5.94429349899292,5.711439609527588]",seeds/cell-002-5ca4208a020a/seed-1/checkpoint.pt,seeds/cell-002-5ca4208a020a/seed-1/snapshots/step-000800.pt
1,replication-momentum-sgd-12seeds-v1,acac69fd0fb0eb72c223dcdbd380b2cff3f020d29c0cefc2e02ac2c1212afe00,cell-002-5ca4208a020a,2,5ca4208a020aa334680abfc93eb5ea093c7b716ef1e0b27fb1ddb8d1a13a69a9,2,0,0,64,4,16,2,1,,sgd,0.03,0.9,800,512,0.0,8192,2.5692124366760254,0.47802734375,-0.07780265808105469,-0.049739718437194824,12.932114601135254,"[3.3399999141693115,3.844196081161499]","[3.6906182765960693,3.6892940998077393]",seeds/cell-002-5ca4208a020a/seed-2/checkpoint.pt,seeds/cell-002-5ca4208a020a/seed-2/snapshots/step-000000.pt
1,replication-momentum-sgd-12seeds-v1,acac69fd0fb0eb72c223dcdbd380b2cff3f020d29c0cefc2e02ac2c1212afe00,cell-002-5ca4208a020a,2,5ca4208a020aa334680abfc93eb5ea093c7b716ef1e0b27fb1ddb8d1a13a69a9,2,1,25,64,4,16,2,1,,sgd,0.03,0.9,800,512,0.0,8192,0.852081298828125,0.677001953125,0.22341325879096985,0.18564210832118988,12.961421012878418,"[3.3319427967071533,3.8486390113830566]","[4.255127429962158,4.369398593902588]",seeds/cell-002-5ca4208a020a/seed-2/checkpoint.pt,seeds/cell-002-5ca4208a020a/seed-2/snapshots/step-000025.pt
1,replication-momentum-sgd-12seeds-v1,acac69fd0fb0eb72c223dcdbd380b2cff3f020d29c0cefc2e02ac2c1212afe00,cell-002-5ca4208a020a,2,5ca4208a020aa334680abfc93eb5ea093c7b716ef1e0b27fb1ddb8d1a13a69a9,2,2,50,64,4,16,2,1,,sgd,0.03,0.9,800,512,0.0,8192,0.7264817953109741,0.71875,0.24783656001091003,0.21435999870300293,12.91137409210205,"[3.3010447025299072,3.758577346801758]","[4.342413902282715,4.451778888702393]",seeds/cell-002-5ca4208a020a/seed-2/checkpoint.pt,seeds/cell-002-5ca4208a020a/seed-2/snapshots/step-000050.pt
1,replication-momentum-sgd-12seeds-v1,acac69fd0fb0eb72c223dcdbd380b2cff3f020d29c0cefc2e02ac2c1212afe00,cell-002-5ca4208a020a,2,5ca4208a020aa334680abfc93eb5ea093c7b716ef1e0b27fb1ddb8d1a13a69a9,2,3,100,64,4,16,2,1,,sgd,0.03,0.9,800,512,0.0,8192,0.3866065442562103,0.877685546875,0.6287474632263184,0.636874794960022,12.376846313476562,"[4.356439590454102,4.050404071807861]","[4.3759355545043945,4.310136795043945]",seeds/cell-002-5ca4208a020a/seed-2/checkpoint.pt,seeds/cell-002-5ca4208a020a/seed-2/snapshots/step-000100.pt
1,replication-momentum-sgd-12seeds-v1,acac69fd0fb0eb72c223dcdbd380b2cff3f020d29c0cefc2e02ac2c1212afe00,cell-002-5ca4208a020a,2,5ca4208a020aa334680abfc93eb5ea093c7b716ef1e0b27fb1ddb8d1a13a69a9,2,4,150,64,4,16,2,1,,sgd,0.03,0.9,800,512,0.0,8192,0.01991032063961029,0.99609375,0.9431877136230469,0.9465604424476624,11.817902565002441,"[5.514149188995361,4.182607650756836]","[4.617954730987549,4.3095927238464355]",seeds/cell-002-5ca4208a020a/seed-2/checkpoint.pt,seeds/cell-002-5ca4208a020a/seed-2/snapshots/step-000150.pt
1,replication-momentum-sgd-12seeds-v1,acac69fd0fb0eb72c223dcdbd380b2cff3f020d29c0cefc2e02ac2c1212afe00,cell-002-5ca4208a020a,2,5ca4208a020aa334680abfc93eb5ea093c7b716ef1e0b27fb1ddb8d1a13a69a9,2,5,200,64,4,16,2,1,,sgd,0.03,0.9,800,512,0.0,8192,0.00576404295861721,0.9986572265625,1.0029096603393555,1.0080902576446533,11.680130004882812,"[5.68665885925293,4.203335762023926]","[4.685067176818848,4.3558197021484375]",seeds/cell-002-5ca4208a020a/seed-2/checkpoint.pt,seeds/cell-002-5ca4208a020a/seed-2/snapshots/step-000200.pt
1,replication-momentum-sgd-12seeds-v1,acac69fd0fb0eb72c223dcdbd380b2cff3f020d29c0cefc2e02ac2c1212afe00,cell-002-5ca4208a020a,2,5ca4208a020aa334680abfc93eb5ea093c7b716ef1e0b27fb1ddb8d1a13a69a9,2,6,300,64,4,16,2,1,,sgd,0.03,0.9,800,512,0.0,8192,0.00088780268561095,1.0,1.0005402565002441,1.0107353925704956,11.61435317993164,"[5.778160572052002,4.21541690826416]","[4.723361492156982,4.411356449127197]",seeds/cell-002-5ca4208a020a/seed-2/checkpoint.pt,seeds/cell-002-5ca4208a020a/seed-2/snapshots/step-000300.pt
1,replication-momentum-sgd-12seeds-v1,acac69fd0fb0eb72c223dcdbd380b2cff3f020d29c0cefc2e02ac2c1212afe00,cell-002-5ca4208a020a,2,5ca4208a020aa334680abfc93eb5ea093c7b716ef1e0b27fb1ddb8d1a13a69a9,2,7,400,64,4,16,2,1,,sgd,0.03,0.9,800,512,0.0,8192,0.0005267646047286689,1.0,1.002497911453247,1.0108389854431152,11.593741416931152,"[5.80389928817749,4.220575332641602]","[4.740701675415039,4.448660373687744]",seeds/cell-002-5ca4208a020a/seed-2/checkpoint.pt,seeds/cell-002-5ca4208a020a/seed-2/snapshots/step-000400.pt
1,replication-momentum-sgd-12seeds-v1,acac69fd0fb0eb72c223dcdbd380b2cff3f020d29c0cefc2e02ac2c1212afe00,cell-002-5ca4208a020a,2,5ca4208a020aa334680abfc93eb5ea093c7b716ef1e0b27fb1ddb8d1a13a69a9,2,8,500,64,4,16,2,1,,sgd,0.03,0.9,800,512,0.0,8192,0.0003161755157634616,1.0,1.0001819133758545,1.009116530418396,11.582151412963867,"[5.825063705444336,4.223945140838623]","[4.752679347991943,4.473856449127197]",seeds/cell-002-5ca4208a020a/seed-2/checkpoint.pt,seeds/cell-002-5ca4208a020a/seed-2/snapshots/step-000500.pt
1,replication-momentum-sgd-12seeds-v1,acac69fd0fb0eb72c223dcdbd380b2cff3f020d29c0cefc2e02ac2c1212afe00,cell-002-5ca4208a020a,2,5ca4208a020aa334680abfc93eb5ea093c7b716ef1e0b27fb1ddb8d1a13a69a9,2,9,600,64,4,16,2,1,,sgd,0.03,0.9,800,512,0.0,8192,0.0002433233748888597,1.0,0.9996527433395386,1.0079008340835571,11.571067810058594,"[5.840487957000732,4.226128578186035]","[4.75857400894165,4.494381904602051]",seeds/cell-002-5ca4208a020a/seed-2/checkpoint.pt,seeds/cell-002-5ca4208a020a/seed-2/snapshots/step-000600.pt
1,replication-momentum-sgd-12seeds-v1,acac69fd0fb0eb72c223dcdbd380b2cff3f020d29c0cefc2e02ac2c1212afe00,cell-002-5ca4208a020a,2,5ca4208a020aa334680abfc93eb5ea093c7b716ef1e0b27fb1ddb8d1a13a69a9,2,10,800,64,4,16,2,1,,sgd,0.03,0.9,800,512,0.0,8192,0.00016961435903795063,1.0,0.9999340772628784,1.0093178749084473,11.564300537109375,"[5.8490777015686035,4.227975368499756]","[4.769147872924805,4.524438858032227]",seeds/cell-002-5ca4208a020a/seed-2/checkpoint.pt,seeds/cell-002-5ca4208a020a/seed-2/snapshots/step-000800.pt
1,replication-momentum-sgd-12seeds-v1,acac69fd0fb0eb72c223dcdbd380b2cff3f020d29c0cefc2e02ac2c1212afe00,cell-002-5ca4208a020a,2,5ca4208a020aa334680abfc93eb5ea093c7b716ef1e0b27fb1ddb8d1a13a69a9,3,0,0,64,4,16,2,1,,sgd,0.03,0.9,800,512,0.0,8192,1.5214334726333618,0.6339111328125,0.3621290326118469,0.16795367002487183,13.002161026000977,"[3.4068174362182617,3.3650565147399902]","[3.794023036956787,3.5819897651672363]",seeds/cell-002-5ca4208a020a/seed-3/checkpoint.pt,seeds/cell-002-5ca4208a020a/seed-3/snapshots/step-000000.pt
1,replication-momentum-sgd-12seeds-v1,acac69fd0fb0eb72c223dcdbd380b2cff3f020d29c0cefc2e02ac2c1212afe00,cell-002-5ca4208a020a,2,5ca4208a020aa334680abfc93eb5ea093c7b716ef1e0b27fb1ddb8d1a13a69a9,3,1,25,64,4,16,2,1,,sgd,0.03,0.9,800,512,0.0,8192,0.7876756191253662,0.6793212890625,0.23053134977817535,0.2121104896068573,12.909979820251465,"[3.382974624633789,3.3541595935821533]","[4.339951515197754,3.7869813442230225]",seeds/cell-002-5ca4208a020a/seed-3/checkpoint.pt,seeds/cell-002-5ca4208a020a/seed-3/snapshots/step-000025.pt
1,replication-momentum-sgd-12seeds-v1,acac69fd0fb0eb72c223dcdbd380b2cff3f020d29c0cefc2e02ac2c1212afe00,cell-002-5ca4208a020a,2,5ca4208a020aa334680abfc93eb5ea093c7b716ef1e0b27fb1ddb8d1a13a69a9,3,2,50,64,4,16,2,1,,sgd,0.03,0.9,800,512,0.0,8192,0.7320374250411987,0.7152099609375,0.2693302631378174,0.251456618309021,12.711191177368164,"[3.4359495639801025,3.3508260250091553]","[4.460238456726074,3.859985113143921]",seeds/cell-002-5ca4208a020a/seed-3/checkpoint.pt,seeds/cell-002-5ca4208a020a/seed-3/snapshots/step-000050.pt
1,replication-momentum-sgd-12seeds-v1,acac69fd0fb0eb72c223dcdbd380b2cff3f020d29c0cefc2e02ac2c1212afe00,cell-002-5ca4208a020a,2,5ca4208a020aa334680abfc93eb5ea093c7b716ef1e0b27fb1ddb8d1a13a69a9,3,3,100,64,4,16,2,1,,sgd,0.03,0.9,800,512,0.0,8192,0.248273104429245,0.9283447265625,0.7309571504592896,0.7488263845443726,11.538949966430664,"[4.976649761199951,3.3725123405456543]","[4.775257587432861,3.7263989448547363]",seeds/cell-002-5ca4208a020a/seed-3/checkpoint.pt,seeds/cell-002-5ca4208a020a/seed-3/snapshots/step-000100.pt
1,replication-momentum-sgd-12seeds-v1,acac69fd0fb0eb72c223dcdbd380b2cff3f020d29c0cefc2e02ac2c1212afe00,cell-002-5ca4208a020a,2,5ca4208a020aa334680abfc93eb5ea093c7b716ef1e0b27fb1ddb8d1a13a69a9,3,4,150,64,4,16,2,1,,sgd,0.03,0.9,800,512,0.0,8192,0.02660701796412468,0.9932861328125,1.0105170011520386,1.0114623308181763,11.094464302062988,"[5.933989524841309,3.3568947315216064]","[5.18316125869751,3.6716887950897217]",seeds/cell-002-5ca4208a020a/seed-3/checkpoint.pt,seeds/cell-002-5ca4208a020a/seed-3/snapshots/step-000150.pt
1,replication-momentum-sgd-12seeds-v1,acac69fd0fb0eb72c223dcdbd380b2cff3f020d29c0cefc2e02ac2c1212afe00,cell-002-5ca4208a020a,2,5ca4208a020aa334680abfc93eb5ea093c7b716ef1e0b27fb1ddb8d1a13a69a9,3,5,200,64,4,16,2,1,,sgd,0.03,0.9,800,512,0.0,8192,0.00537449587136507,0.9991455078125,1.0007870197296143,0.9995090961456299,11.016626358032227,"[6.112462043762207,3.355344533920288]","[5.338229656219482,3.6604599952697754]",seeds/cell-002-5ca4208a020a/seed-3/checkpoint.pt,seeds/cell-002-5ca4208a020a/seed-3/snapshots/step-000200.pt
1,replication-momentum-sgd-12seeds-v1,acac69fd0fb0eb72c223dcdbd380b2cff3f020d29c0cefc2e02ac2c1212afe00,cell-002-5ca4208a020a,2,5ca4208a020aa334680abfc93eb5ea093c7b716ef1e0b27fb1ddb8d1a13a69a9,3,6,300,64,4,16,2,1,,sgd,0.03,0.9,800,512,0.0,8192,0.0016581513918936253,0.9996337890625,0.9997402429580688,0.9961133003234863,10.964178085327148,"[6.187241554260254,3.363617181777954]","[5.46570348739624,3.664238214492798]",seeds/cell-002-5ca4208a020a/seed-3/checkpoint.pt,seeds/cell-002-5ca4208a020a/seed-3/snapshots/step-000300.pt
1,replication-momentum-sgd-12seeds-v1,acac69fd0fb0eb72c223dcdbd380b2cff3f020d29c0cefc2e02ac2c1212afe00,cell-002-5ca4208a020a,2,5ca4208a020aa334680abfc93eb5ea093c7b716ef1e0b27fb1ddb8d1a13a69a9,3,7,400,64,4,16,2,1,,sgd,0.03,0.9,800,512,0.0,8192,0.0019602454267442226,0.99951171875,0.9971110820770264,0.9920346736907959,10.95214557647705,"[6.252346038818359,3.370539903640747]","[5.532647609710693,3.6699140071868896]",seeds/cell-002-5ca4208a020a/seed-3/checkpoint.pt,seeds/cell-002-5ca4208a020a/seed-3/snapshots/step-000400.pt
1,replication-momentum-sgd-12seeds-v1,acac69fd0fb0eb72c223dcdbd380b2cff3f020d29c0cefc2e02ac2c1212afe00,cell-002-5ca4208a020a,2,5ca4208a020aa334680abfc93eb5ea093c7b716ef1e0b27fb1ddb8d1a13a69a9,3,8,500,64,4,16,2,1,,sgd,0.03,0.9,800,512,0.0,8192,0.0005721079651266336,0.9998779296875,1.0005466938018799,0.9956360459327698,10.931544303894043,"[6.284841060638428,3.3757452964782715]","[5.576016426086426,3.6776986122131348]",seeds/cell-002-5ca4208a020a/seed-3/checkpoint.pt,seeds/cell-002-5ca4208a020a/seed-3/snapshots/step-000500.pt
1,replication-momentum-sgd-12seeds-v1,acac69fd0fb0eb72c223dcdbd380b2cff3f020d29c0cefc2e02ac2c1212afe00,cell-002-5ca4208a020a,2,5ca4208a020aa334680abfc93eb5ea093c7b716ef1e0b27fb1ddb8d1a13a69a9,3,9,600,64,4,16,2,1,,sgd,0.03,0.9,800,512,0.0,8192,0.00021353771444410086,1.0,0.9992101192474365,0.9924192428588867,10.936047554016113,"[6.295966625213623,3.378815174102783]","[5.605876445770264,3.685262680053711]",seeds/cell-002-5ca4208a020a/seed-3/checkpoint.pt,seeds/cell-002-5ca4208a020a/seed-3/snapshots/step-000600.pt
1,replication-momentum-sgd-12seeds-v1,acac69fd0fb0eb72c223dcdbd380b2cff3f020d29c0cefc2e02ac2c1212afe00,cell-002-5ca4208a020a,2,5ca4208a020aa334680abfc93eb5ea093c7b716ef1e0b27fb1ddb8d1a13a69a9,3,10,800,64,4,16,2,1,,sgd,0.03,0.9,800,512,0.0,8192,0.00013878036406822503,1.0,0.9994590282440186,0.9945781826972961,10.92913818359375,"[6.303650379180908,3.381732940673828]","[5.64015007019043,3.6954994201660156]",seeds/cell-002-5ca4208a020a/seed-3/checkpoint.pt,seeds/cell-002-5ca4208a020a/seed-3/snapshots/step-000800.pt
1,replication-momentum-sgd-12seeds-v1,acac69fd0fb0eb72c223dcdbd380b2cff3f020d29c0cefc2e02ac2c1212afe00,cell-002-5ca4208a020a,2,5ca4208a020aa334680abfc93eb5ea093c7b716ef1e0b27fb1ddb8d1a13a69a9,4,0,0,64,4,16,2,1,,sgd,0.03,0.9,800,512,0.0,8192,1.0884337425231934,0.5689697265625,0.09857021272182465,0.09121130406856537,12.433082580566406,"[3.950787305831909,3.6670098304748535]","[4.034861087799072,3.8342747688293457]",seeds/cell-002-5ca4208a020a/seed-4/checkpoint.pt,seeds/cell-002-5ca4208a020a/seed-4/snapshots/step-000000.pt
1,replication-momentum-sgd-12seeds-v1,acac69fd0fb0eb72c223dcdbd380b2cff3f020d29c0cefc2e02ac2c1212afe00,cell-002-5ca4208a020a,2,5ca4208a020aa334680abfc93eb5ea093c7b716ef1e0b27fb1ddb8d1a13a69a9,4,1,25,64,4,16,2,1,,sgd,0.03,0.9,800,512,0.0,8192,0.7484674453735352,0.7044677734375,0.223847895860672,0.19490665197372437,12.380721092224121,"[3.805126428604126,3.5861995220184326]","[4.092838287353516,4.1116943359375]",seeds/cell-002-5ca4208a020a/seed-4/checkpoint.pt,seeds/cell-002-5ca4208a020a/seed-4/snapshots/step-000025.pt
1,replication-momentum-sgd-12seeds-v1,acac69fd0fb0eb72c223dcdbd380b2cff3f020d29c0cefc2e02ac2c1212afe00,cell-002-5ca4208a020a,2,5ca4208a020aa334680abfc93eb5ea093c7b716ef1e0b27fb1ddb8d1a13a69a9,4,2,50,64,4,16,2,1,,sgd,0.03,0.9,800,512,0.0,8192,0.6753144264221191,0.7374267578125,0.32891929149627686,0.31458309292793274,12.302299499511719,"[3.8911232948303223,3.584426164627075]","[4.11575174331665,4.130587577819824]",seeds/cell-002-5ca4208a020a/seed-4/checkpoint.pt,seeds/cell-002-5ca4208a020a/seed-4/snapshots/step-000050.pt
1,replication-momentum-sgd-12seeds-v1,acac69fd0fb0eb72c223dcdbd380b2cff3f020d29c0cefc2e02ac2c1212afe00,cell-002-5ca4208a020a,2,5ca4208a020aa334680abfc93eb5ea093c7b716ef1e0b27fb1ddb8d1a13a69a9,4,3,100,64,4,16,2,1,,sgd,0.03,0.9,800,512,0.0,8192,0.18174515664577484,0.9503173828125,0.8694077134132385,0.8813583254814148,11.6060791015625,"[5.068930625915527,3.9156811237335205]","[4.063835620880127,3.9055967330932617]",seeds/cell-002-5ca4208a020a/seed-4/checkpoint.pt,seeds/cell-002-5ca4208a020a/seed-4/snapshots/step-000100.pt
1,replication-momentum-sgd-12seeds-v1,acac69fd0fb0eb72c223dcdbd380b2cff3f020d29c0cefc2e02ac2c1212afe00,cell-002-5ca4208a020a,2,5ca4208a020aa334680abfc93eb5ea093c7b716ef1e0b27fb1ddb8d1a13a69a9,4,4,150,64,4,16,2,1,,sgd,0.03,0.9,800,512,0.0,8192,0.014151142910122871,0.99658203125,0.9989644885063171,0.9899027347564697,11.146942138671875,"[5.972792148590088,3.9800240993499756]","[4.2747368812561035,3.927219867706299]",seeds/cell-002-5ca4208a020a/seed-4/checkpoint.pt,seeds/cell-002-5ca4208a020a/seed-4/snapshots/step-000150.pt
1,replication-momentum-sgd-12seeds-v1,acac69fd0fb0eb72c223dcdbd380b2cff3f020d29c0cefc2e02ac2c1212afe00,cell-002-5ca4208a020a,2,5ca4208a020aa334680abfc93eb5ea093c7b716ef1e0b27fb1ddb8d1a13a69a9,4,5,200,64,4,16,2,1,,sgd,0.03,0.9,800,512,0.0,8192,0.008548440411686897,0.9976806640625,0.9956271648406982,0.9839422702789307,11.07921314239502,"[6.082700252532959,3.996609926223755]","[4.359905242919922,3.9440667629241943]",seeds/cell-002-5ca4208a020a/seed-4/checkpoint.pt,seeds/cell-002-5ca4208a020a/seed-4/snapshots/step-000200.pt
1,replication-momentum-sgd-12seeds-v1,acac69fd0fb0eb72c223dcdbd380b2cff3f020d29c0cefc2e02ac2c1212afe00,cell-002-5ca4208a020a,2,5ca4208a020aa334680abfc93eb5ea093c7b716ef1e0b27fb1ddb8d1a13a69a9,4,6,300,64,4,16,2,1,,sgd,0.03,0.9,800,512,0.0,8192,0.0010240308474749327,1.0,0.9969530701637268,0.9911696314811707,11.04496955871582,"[6.147779941558838,4.017674446105957]","[4.435855388641357,3.966459035873413]",seeds/cell-002-5ca4208a020a/seed-4/checkpoint.pt,seeds/cell-002-5ca4208a020a/seed-4/snapshots/step-000300.pt
1,replication-momentum-sgd-12seeds-v1,acac69fd0fb0eb72c223dcdbd380b2cff3f020d29c0cefc2e02ac2c1212afe00,cell-002-5ca4208a020a,2,5ca4208a020aa334680abfc93eb5ea093c7b716ef1e0b27fb1ddb8d1a13a69a9,4,7,400,64,4,16,2,1,,sgd,0.03,0.9,800,512,0.0,8192,0.0014129532501101494,0.9996337890625,0.9935784339904785,0.9922763109207153,11.022063255310059,"[6.18867301940918,4.023343086242676]","[4.471405506134033,3.9840774536132812]",seeds/cell-002-5ca4208a020a/seed-4/checkpoint.pt,seeds/cell-002-5ca4208a020a/seed-4/snapshots/step-000400.pt
1,replication-momentum-sgd-12seeds-v1,acac69fd0fb0eb72c223dcdbd380b2cff3f020d29c0cefc2e02ac2c1212afe00,cell-002-5ca4208a020a,2,5ca4208a020aa334680abfc93eb5ea093c7b716ef1e0b27fb1ddb8d1a13a69a9,4,8,500,64,4,16,2,1,,sgd,0.03,0.9,800,512,0.0,8192,0.000392912799725309,1.0,0.9979829788208008,1.0023844242095947,11.013161659240723,"[6.214556694030762,4.029300212860107]","[4.507859230041504,3.995500326156616]",seeds/cell-002-5ca4208a020a/seed-4/checkpoint.pt,seeds/cell-002-5ca4208a020a/seed-4/snapshots/step-000500.pt
1,replication-momentum-sgd-12seeds-v1,acac69fd0fb0eb72c223dcdbd380b2cff3f020d29c0cefc2e02ac2c1212afe00,cell-002-5ca4208a020a,2,5ca4208a020aa334680abfc93eb5ea093c7b716ef1e0b27fb1ddb8d1a13a69a9,4,9,600,64,4,16,2,1,,sgd,0.03,0.9,800,512,0.0,8192,0.00028924422804266214,1.0,1.0004925727844238,1.0019887685775757,11.023905754089355,"[6.250782489776611,4.035899639129639]","[4.531670093536377,4.005890369415283]",seeds/cell-002-5ca4208a020a/seed-4/checkpoint.pt,seeds/cell-002-5ca4208a020a/seed-4/snapshots/step-000600.pt
1,replication-momentum-sgd-12seeds-v1,acac69fd0fb0eb72c223dcdbd380b2cff3f020d29c0cefc2e02ac2c1212afe00,cell-002-5ca4208a020a,2,5ca4208a020aa334680abfc93eb5ea093c7b716ef1e0b27fb1ddb8d1a13a69a9,4,10,800,64,4,16,2,1,,sgd,0.03,0.9,800,512,0.0,8192,0.00017405387188773602,1.0,0.9994840621948242,1.0013535022735596,11.020017623901367,"[6.26029109954834,4.03916072845459]","[4.556753635406494,4.023278713226318]",seeds/cell-002-5ca4208a020a/seed-4/checkpoint.pt,seeds/cell-002-5ca4208a020a/seed-4/snapshots/step-000800.pt
1,replication-momentum-sgd-12seeds-v1,acac69fd0fb0eb72c223dcdbd380b2cff3f020d29c0cefc2e02ac2c1212afe00,cell-002-5ca4208a020a,2,5ca4208a020aa334680abfc93eb5ea093c7b716ef1e0b27fb1ddb8d1a13a69a9,5,0,0,64,4,16,2,1,,sgd,0.03,0.9,800,512,0.0,8192,1.2006325721740723,0.5452880859375,0.07112622261047363,0.06491892784833908,12.655357360839844,"[3.4471027851104736,3.930196762084961]","[4.48977518081665,3.7041478157043457]",seeds/cell-002-5ca4208a020a/seed-5/checkpoint.pt,seeds/cell-002-5ca4208a020a/seed-5/snapshots/step-000000.pt
1,replication-momentum-sgd-12seeds-v1,acac69fd0fb0eb72c223dcdbd380b2cff3f020d29c0cefc2e02ac2c1212afe00,cell-002-5ca4208a020a,2,5ca4208a020aa334680abfc93eb5ea093c7b716ef1e0b27fb1ddb8d1a13a69a9,5,1,25,64,4,16,2,1,,sgd,0.03,0.9,800,512,0.0,8192,0.8019413948059082,0.6807861328125,0.2323232889175415,0.18598204851150513,12.633294105529785,"[3.418836832046509,3.828442096710205]","[4.626741886138916,3.95719051361084]",seeds/cell-002-5ca4208a020a/seed-5/checkpoint.pt,seeds/cell-002-5ca4208a020a/seed-5/snapshots/step-000025.pt
1,replication-momentum-sgd-12seeds-v1,acac69fd0fb0eb72c223dcdbd380b2cff3f020d29c0cefc2e02ac2c1212afe00,cell-002-5ca4208a020a,2,5ca4208a020aa334680abfc93eb5ea093c7b716ef1e0b27fb1ddb8d1a13a69a9,5,2,50,64,4,16,2,1,,sgd,0.03,0.9,800,512,0.0,8192,0.7441391944885254,0.6983642578125,0.2578713297843933,0.23556220531463623,12.552474975585938,"[3.3700363636016846,3.79984450340271]","[4.637636184692383,4.007704257965088]",seeds/cell-002-5ca4208a020a/seed-5/checkpoint.pt,seeds/cell-002-5ca4208a020a/seed-5/snapshots/step-000050.pt
1,replication-momentum-sgd-12seeds-v1,acac69fd0fb0eb72c223dcdbd380b2cff3f020d29c0cefc2e02ac2c1212afe00,cell-002-5ca4208a020a,2,5ca4208a020aa334680abfc93eb5ea093c7b716ef1e0b27fb1ddb8d1a13a69a9,5,3,100,64,4,16,2,1,,sgd,0.03,0.9,800,512,0.0,8192,0.49918729066848755,0.8262939453125,0.5116715431213379,0.5137209296226501,11.99787712097168,"[3.902939558029175,4.106115818023682]","[4.644460678100586,3.9494218826293945]",seeds/cell-002-5ca4208a020a/seed-5/checkpoint.pt,seeds/cell-002-5ca4208a020a/seed-5/snapshots/step-000100.pt
1,replication-momentum-sgd-12seeds-v1,acac69fd0fb0eb72c223dcdbd380b2cff3f020d29c0cefc2e02ac2c1212afe00,cell-002-5ca4208a020a,2,5ca4208a020aa334680abfc93eb5ea093c7b716ef1e0b27fb1ddb8d1a13a69a9,5,4,150,64,4,16,2,1,,sgd,0.03,0.9,800,512,0.0,8192,0.030709775164723396,0.9931640625,0.9332050085067749,0.946611762046814,11.206151008605957,"[5.278042793273926,4.532283306121826]","[4.691385746002197,4.098037242889404]",seeds/cell-002-5ca4208a020a/seed-5/checkpoint.pt,seeds/cell-002-5ca4208a020a/seed-5/snapshots/step-000150.pt
1,replication-momentum-sgd-12seeds-v1,acac69fd0fb0eb72c223dcdbd380b2cff3f020d29c0cefc2e02ac2c1212afe00,cell-002-5ca4208a020a,2,5ca4208a020aa334680abfc93eb5ea093c7b716ef1e0b27fb1ddb8d1a13a69a9,5,5,200,64,4,16,2,1,,sgd,0.03,0.9,800,512,0.0,8192,0.007270380854606628,0.997802734375,0.9977595806121826,1.010229229927063,11.101879119873047,"[5.52842903137207,4.571863651275635]","[4.730686187744141,4.230971336364746]",seeds/cell-002-5ca4208a020a/seed-5/checkpoint.pt,seeds/cell-002-5ca4208a020a/seed-5/snapshots/step-000200.pt
1,replication-momentum-sgd-12seeds-v1,acac69fd0fb0eb72c223dcdbd380b2cff3f020d29c0cefc2e02ac2c1212afe00,cell-002-5ca4208a020a,2,5ca4208a020aa334680abfc93eb5ea093c7b716ef1e0b27fb1ddb8d1a13a69a9,5,6,300,64,4,16,2,1,,sgd,0.03,0.9,800,512,0.0,8192,0.0018905703909695148,0.99951171875,1.0015289783477783,1.0174610614776611,11.076838493347168,"[5.632876396179199,4.577831745147705]","[4.743850231170654,4.310586929321289]",seeds/cell-002-5ca4208a020a/seed-5/checkpoint.pt,seeds/cell-002-5ca4208a020a/seed-5/snapshots/step-000300.pt
1,replication-momentum-sgd-12seeds-v1,acac69fd0fb0eb72c223dcdbd380b2cff3f020d29c0cefc2e02ac2c1212afe00,cell-002-5ca4208a020a,2,5ca4208a020aa334680abfc93eb5ea093c7b716ef1e0b27fb1ddb8d1a13a69a9,5,7,400,64,4,16,2,1,,sgd,0.03,0.9,800,512,0.0,8192,0.0013064094819128513,0.9996337890625,0.9940372705459595,1.0034023523330688,11.049772262573242,"[5.675130844116211,4.581665992736816]","[4.7465620040893555,4.3531880378723145]",seeds/cell-002-5ca4208a020a/seed-5/checkpoint.pt,seeds/cell-002-5ca4208a020a/seed-5/snapshots/step-000400.pt
1,replication-momentum-sgd-12seeds-v1,acac69fd0fb0eb72c223dcdbd380b2cff3f020d29c0cefc2e02ac2c1212afe00,cell-002-5ca4208a020a,2,5ca4208a020aa334680abfc93eb5ea093c7b716ef1e0b27fb1ddb8d1a13a69a9,5,8,500,64,4,16,2,1,,sgd,0.03,0.9,800,512,0.0,8192,0.0009791156044229865,0.9998779296875,0.9965690970420837,1.0077159404754639,11.039789199829102,"[5.704204559326172,4.582077503204346]","[4.756761074066162,4.379396915435791]",seeds/cell-002-5ca4208a020a/seed-5/checkpoint.pt,seeds/cell-002-5ca4208a020a/seed-5/snapshots/step-000500.pt
1,replication-momentum-sgd-12seeds-v1,acac69fd0fb0eb72c223dcdbd380b2cff3f020d29c0cefc2e02ac2c1212afe00,cell-002-5ca4208a020a,2,5ca4208a020aa334680abfc93eb5ea093c7b716ef1e0b27fb1ddb8d1a13a69a9,5,9,600,64,4,16,2,1,,sgd,0.03,0.9,800,512,0.0,8192,0.0002385572879575193,1.0,0.9991369247436523,1.0119892358779907,11.035287857055664,"[5.722014904022217,4.581565856933594]","[4.7606201171875,4.400755882263184]",seeds/cell-002-5ca4208a020a/seed-5/checkpoint.pt,seeds/cell-002-5ca4208a020a/seed-5/snapshots/step-000600.pt
1,replication-momentum-sgd-12seeds-v1,acac69fd0fb0eb72c223dcdbd380b2cff3f020d29c0cefc2e02ac2c1212afe00,cell-002-5ca4208a020a,2,5ca4208a020aa334680abfc93eb5ea093c7b716ef1e0b27fb1ddb8d1a13a69a9,5,10,800,64,4,16,2,1,,sgd,0.03,0.9,800,512,0.0,8192,0.00015934596012812108,1.0,0.9999755024909973,1.012455701828003,11.031489372253418,"[5.731684684753418,4.5816168785095215]","[4.768596649169922,4.428207874298096]",seeds/cell-002-5ca4208a020a/seed-5/checkpoint.pt,seeds/cell-002-5ca4208a020a/seed-5/snapshots/step-000800.pt
1,replication-momentum-sgd-12seeds-v1,acac69fd0fb0eb72c223dcdbd380b2cff3f020d29c0cefc2e02ac2c1212afe00,cell-002-5ca4208a020a,2,5ca4208a020aa334680abfc93eb5ea093c7b716ef1e0b27fb1ddb8d1a13a69a9,6,0,0,64,4,16,2,1,,sgd,0.03,0.9,800,512,0.0,8192,1.118828296661377,0.51318359375,0.038826122879981995,0.04731147736310959,12.653124809265137,"[4.220017910003662,3.657197952270508]","[3.9316561222076416,3.55484938621521]",seeds/cell-002-5ca4208a020a/seed-6/checkpoint.pt,seeds/cell-002-5ca4208a020a/seed-6/snapshots/step-000000.pt
1,replication-momentum-sgd-12seeds-v1,acac69fd0fb0eb72c223dcdbd380b2cff3f020d29c0cefc2e02ac2c1212afe00,cell-002-5ca4208a020a,2,5ca4208a020aa334680abfc93eb5ea093c7b716ef1e0b27fb1ddb8d1a13a69a9,6,1,25,64,4,16,2,1,,sgd,0.03,0.9,800,512,0.0,8192,0.7778440713882446,0.69482421875,0.24925938248634338,0.21239633858203888,12.56158447265625,"[4.129663944244385,3.540722370147705]","[3.8908402919769287,3.8350021839141846]",seeds/cell-002-5ca4208a020a/seed-6/checkpoint.pt,seeds/cell-002-5ca4208a020a/seed-6/snapshots/step-000025.pt
1,replication-momentum-sgd-12seeds-v1,acac69fd0fb0eb72c223dcdbd380b2cff3f020d29c0cefc2e02ac2c1212afe00,cell-002-5ca4208a020a,2,5ca4208a020aa334680abfc93eb5ea093c7b716ef1e0b27fb1ddb8d1a13a69a9,6,2,50,64,4,16,2,1,,sgd,0.03,0.9,800,512,0.0,8192,0.8237434029579163,0.688720703125,0.2575097680091858,0.2480359524488449,12.478134155273438,"[4.12073278427124,3.5684893131256104]","[3.8512463569641113,3.9177536964416504]",seeds/cell-002-5ca4208a020a/seed-6/checkpoint.pt,seeds/cell-002-5ca4208a020a/seed-6/snapshots/step-000050.pt
1,replication-momentum-sgd-12seeds-v1,acac69fd0fb0eb72c223dcdbd380b2cff3f020d29c0cefc2e02ac2c1212afe00,cell-002-5ca4208a020a,2,5ca4208a020aa334680abfc93eb5ea093c7b716ef1e0b27fb1ddb8d1a13a69a9,6,3,100,64,4,16,2,1,,sgd,0.03,0.9,800,512,0.0,8192,0.34434008598327637,0.8892822265625,0.6686303615570068,0.625226616859436,11.909008979797363,"[4.355020046234131,4.448709011077881]","[3.7877748012542725,4.10225248336792]",seeds/cell-002-5ca4208a020a/seed-6/checkpoint.pt,seeds/cell-002-5ca4208a020a/seed-6/snapshots/step-000100.pt
1,replication-momentum-sgd-12seeds-v1,acac69fd0fb0eb72c223dcdbd380b2cff3f020d29c0cefc2e02ac2c1212afe00,cell-002-5ca4208a020a,2,5ca4208a020aa334680abfc93eb5ea093c7b716ef1e0b27fb1ddb8d1a13a69a9,6,4,150,64,4,16,2,1,,sgd,0.03,0.9,800,512,0.0,8192,0.03695705160498619,0.9910888671875,0.9475561380386353,0.8932635188102722,11.367866516113281,"[4.461616039276123,5.3655877113342285]","[3.500190258026123,4.754702091217041]",seeds/cell-002-5ca4208a020a/seed-6/checkpoint.pt,seeds/cell-002-5ca4208a020a/seed-6/snapshots/step-000150.pt
1,replication-momentum-sgd-12seeds-v1,acac69fd0fb0eb72c223dcdbd380b2cff3f020d29c0cefc2e02ac2c1212afe00,cell-002-5ca4208a020a,2,5ca4208a020aa334680abfc93eb5ea093c7b716ef1e0b27fb1ddb8d1a13a69a9,6,5,200,64,4,16,2,1,,sgd,0.03,0.9,800,512,0.0,8192,0.009065613150596619,0.9986572265625,0.9945687055587769,0.9463790059089661,11.252516746520996,"[4.553693771362305,5.593233108520508]","[3.350695848464966,5.10689115524292]",seeds/cell-002-5ca4208a020a/seed-6/checkpoint.pt,seeds/cell-002-5ca4208a020a/seed-6/snapshots/step-000200.pt
1,replication-momentum-sgd-12seeds-v1,acac69fd0fb0eb72c223dcdbd380b2cff3f020d29c0cefc2e02ac2c1212afe00,cell-002-5ca4208a020a,2,5ca4208a020aa334680abfc93eb5ea093c7b716ef1e0b27fb1ddb8d1a13a69a9,6,6,300,64,4,16,2,1,,sgd,0.03,0.9,800,512,0.0,8192,0.0030421719420701265,0.9993896484375,0.998690128326416,0.949831485748291,11.196582794189453,"[4.619599342346191,5.73671817779541]","[3.2472429275512695,5.3965888023376465]",seeds/cell-002-5ca4208a020a/seed-6/checkpoint.pt,seeds/cell-002-5ca4208a020a/seed-6/snapshots/step-000300.pt
1,replication-momentum-sgd-12seeds-v1,acac69fd0fb0eb72c223dcdbd380b2cff3f020d29c0cefc2e02ac2c1212afe00,cell-002-5ca4208a020a,2,5ca4208a020aa334680abfc93eb5ea093c7b716ef1e0b27fb1ddb8d1a13a69a9,6,7,400,64,4,16,2,1,,sgd,0.03,0.9,800,512,0.0,8192,0.001822788966819644,0.9996337890625,1.0019443035125732,0.9553381204605103,11.16883659362793,"[4.658657550811768,5.806055068969727]","[3.2148854732513428,5.540053367614746]",seeds/cell-002-5ca4208a020a/seed-6/checkpoint.pt,seeds/cell-002-5ca4208a020a/seed-6/snapshots/step-000400.pt
1,replication-momentum-sgd-12seeds-v1,acac69fd0fb0eb72c223dcdbd380b2cff3f020d29c0cefc2e02ac2c1212afe00,cell-002-5ca4208a020a,2,5ca4208a020aa334680abfc93eb5ea093c7b716ef1e0b27fb1ddb8d1a13a69a9,6,8,500,64,4,16,2,1,,sgd,0.03,0.9,800,512,0.0,8192,0.0010818884475156665,0.9996337890625,0.9996115565299988,0.9567698836326599,11.149089813232422,"[4.674514293670654,5.846088886260986]","[3.190850019454956,5.632935523986816]",seeds/cell-002-5ca4208a020a/seed-6/checkpoint.pt,seeds/cell-002-5ca4208a020a/seed-6/snapshots/step-000500.pt
1,replication-momentum-sgd-12seeds-v1,acac69fd0fb0eb72c223dcdbd380b2cff3f020d29c0cefc2e02ac2c1212afe00,cell-002-5ca4208a020a,2,5ca4208a020aa334680abfc93eb5ea093c7b716ef1e0b27fb1ddb8d1a13a69a9,6,9,600,64,4,16,2,1,,sgd,0.03,0.9,800,512,0.0,8192,0.0005372607265599072,0.9998779296875,0.9988893270492554,0.9559835195541382,11.134455680847168,"[4.683229446411133,5.874977111816406]","[3.1688215732574463,5.6984052658081055]",seeds/cell-002-5ca4208a020a/seed-6/checkpoint.pt,seeds/cell-002-5ca4208a020a/seed-6/snapshots/step-000600.pt
1,replication-momentum-sgd-12seeds-v1,acac69fd0fb0eb72c223dcdbd380b2cff3f020d29c0cefc2e02ac2c1212afe00,cell-002-5ca4208a020a,2,5ca4208a020aa334680abfc93eb5ea093c7b716ef1e0b27fb1ddb8d1a13a69a9,6,10,800,64,4,16,2,1,,sgd,0.03,0.9,800,512,0.0,8192,0.00038262311136350036,0.9998779296875,1.00083589553833,0.9583866596221924,11.117864608764648,"[4.690155506134033,5.908486366271973]","[3.1380186080932617,5.789089679718018]",seeds/cell-002-5ca4208a020a/seed-6/checkpoint.pt,seeds/cell-002-5ca4208a020a/seed-6/snapshots/step-000800.pt
1,replication-momentum-sgd-12seeds-v1,acac69fd0fb0eb72c223dcdbd380b2cff3f020d29c0cefc2e02ac2c1212afe00,cell-002-5ca4208a020a,2,5ca4208a020aa334680abfc93eb5ea093c7b716ef1e0b27fb1ddb8d1a13a69a9,7,0,0,64,4,16,2,1,,sgd,0.03,0.9,800,512,0.0,8192,2.0502467155456543,0.365966796875,-0.23119236528873444,-0.20972958207130432,12.656709671020508,"[3.92529034614563,3.8522441387176514]","[3.901686191558838,3.9542505741119385]",seeds/cell-002-5ca4208a020a/seed-7/checkpoint.pt,seeds/cell-002-5ca4208a020a/seed-7/snapshots/step-000000.pt
1,replication-momentum-sgd-12seeds-v1,acac69fd0fb0eb72c223dcdbd380b2cff3f020d29c0cefc2e02ac2c1212afe00,cell-002-5ca4208a020a,2,5ca4208a020aa334680abfc93eb5ea093c7b716ef1e0b27fb1ddb8d1a13a69a9,7,1,25,64,4,16,2,1,,sgd,0.03,0.9,800,512,0.0,8192,0.8094836473464966,0.6822509765625,0.1645049750804901,0.13198307156562805,12.609498023986816,"[3.7844297885894775,3.841287612915039]","[4.544414043426514,4.501689434051514]",seeds/cell-002-5ca4208a020a/seed-7/checkpoint.pt,seeds/cell-002-5ca4208a020a/seed-7/snapshots/step-000025.pt
1,replication-momentum-sgd-12seeds-v1,acac69fd0fb0eb72c223dcdbd380b2cff3f020d29c0cefc2e02ac2c1212afe00,cell-002-5ca4208a020a,2,5ca4208a020aa334680abfc93eb5ea093c7b716ef1e0b27fb1ddb8d1a13a69a9,7,2,50,64,4,16,2,1,,sgd,0.03,0.9,800,512,0.0,8192,0.73988938331604,0.7203369140625,0.21334049105644226,0.18873190879821777,12.513643264770508,"[3.7948524951934814,3.8266477584838867]","[4.676978588104248,4.581528186798096]",seeds/cell-002-5ca4208a020a/seed-7/checkpoint.pt,seeds/cell-002-5ca4208a020a/seed-7/snapshots/step-000050.pt
1,replication-momentum-sgd-12seeds-v1,acac69fd0fb0eb72c223dcdbd380b2cff3f020d29c0cefc2e02ac2c1212afe00,cell-002-5ca4208a020a,2,5ca4208a020aa334680abfc93eb5ea093c7b716ef1e0b27fb1ddb8d1a13a69a9,7,3,100,64,4,16,2,1,,sgd,0.03,0.9,800,512,0.0,8192,0.4526887536048889,0.84033203125,0.5224414467811584,0.5157245397567749,11.829903602600098,"[4.871006965637207,3.8200948238372803]","[4.988125324249268,4.383495330810547]",seeds/cell-002-5ca4208a020a/seed-7/checkpoint.pt,seeds/cell-002-5ca4208a020a/seed-7/snapshots/step-000100.pt
1,replication-momentum-sgd-12seeds-v1,acac69fd0fb0eb72c223dcdbd380b2cff3f020d29c0cefc2e02ac2c1212afe00,cell-002-5ca4208a020a,2,5ca4208a020aa334680abfc93eb5ea093c7b716ef1e0b27fb1ddb8d1a13a69a9,7,4,150,64,4,16,2,1,,sgd,0.03,0.9,800,512,0.0,8192,0.0734938383102417,0.9820556640625,0.95383620262146,0.9522004127502441,11.144556999206543,"[6.020946502685547,3.805635690689087]","[5.358904838562012,4.295074462890625]",seeds/cell-002-5ca4208a020a/seed-7/checkpoint.pt,seeds/cell-002-5ca4208a020a/seed-7/snapshots/step-000150.pt
1,replication-momentum-sgd-12seeds-v1,acac69fd0fb0eb72c223dcdbd380b2cff3f020d29c0cefc2e02ac2c1212afe00,cell-002-5ca4208a020a,2,5ca4208a020aa334680abfc93eb5ea093c7b716ef1e0b27fb1ddb8d1a13a69a9,7,5,200,64,4,16,2,1,,sgd,0.03,0.9,800,512,0.0,8192,0.007203277666121721,0.9991455078125,0.9992905855178833,0.992693305015564,11.068886756896973,"[6.342408657073975,3.8028922080993652]","[5.68061637878418,4.245891571044922]",seeds/cell-002-5ca4208a020a/seed-7/checkpoint.pt,seeds/cell-002-5ca4208a020a/seed-7/snapshots/step-000200.pt
1,replication-momentum-sgd-12seeds-v1,acac69fd0fb0eb72c223dcdbd380b2cff3f020d29c0cefc2e02ac2c1212afe00,cell-002-5ca4208a020a,2,5ca4208a020aa334680abfc93eb5ea093c7b716ef1e0b27fb1ddb8d1a13a69a9,7,6,300,64,4,16,2,1,,sgd,0.03,0.9,800,512,0.0,8192,0.0013208679156377912,1.0,1.0052862167358398,0.9956786036491394,11.033476829528809,"[6.459229946136475,3.805640697479248]","[5.848679542541504,4.236152172088623]",seeds/cell-002-5ca4208a020a/seed-7/checkpoint.pt,seeds/cell-002-5ca4208a020a/seed-7/snapshots/step-000300.pt
1,replication-momentum-sgd-12seeds-v1,acac69fd0fb0eb72c223dcdbd380b2cff3f020d29c0cefc2e02ac2c1212afe00,cell-002-5ca4208a020a,2,5ca4208a020aa334680abfc93eb5ea093c7b716ef1e0b27fb1ddb8d1a13a69a9,7,7,400,64,4,16,2,1,,sgd,0.03,0.9,800,512,0.0,8192,0.00043033523252233863,1.0,1.0006792545318604,0.9910680055618286,11.013383865356445,"[6.508796691894531,3.808509588241577]","[5.922016620635986,4.2354912757873535]",seeds/cell-002-5ca4208a020a/seed-7/checkpoint.pt,seeds/cell-002-5ca4208a020a/seed-7/snapshots/step-000400.pt
1,replication-momentum-sgd-12seeds-v1,acac69fd0fb0eb72c223dcdbd380b2cff3f020d29c0cefc2e02ac2c1212afe00,cell-002-5ca4208a020a,2,5ca4208a020aa334680abfc93eb5ea093c7b716ef1e0b27fb1ddb8d1a13a69a9,7,8,500,64,4,16,2,1,,sgd,0.03,0.9,800,512,0.0,8192,0.0003564789076335728,1.0,1.0016186237335205,0.9918457865715027,11.005084037780762,"[6.525975704193115,3.80975079536438]","[5.960615158081055,4.235679626464844]",seeds/cell-002-5ca4208a020a/seed-7/checkpoint.pt,seeds/cell-002-5ca4208a020a/seed-7/snapshots/step-000500.pt
1,replication-momentum-sgd-12seeds-v1,acac69fd0fb0eb72c223dcdbd380b2cff3f020d29c0cefc2e02ac2c1212afe00,cell-002-5ca4208a020a,2,5ca4208a020aa334680abfc93eb5ea093c7b716ef1e0b27fb1ddb8d1a13a69a9,7,9,600,64,4,16,2,1,,sgd,0.03,0.9,800,512,0.0,8192,0.0005425825947895646,1.0,0.998903751373291,0.9902119636535645,11.004607200622559,"[6.541618824005127,3.811727523803711]","[5.9902777671813965,4.236871719360352]",seeds/cell-002-5ca4208a020a/seed-7/checkpoint.pt,seeds/cell-002-5ca4208a020a/seed-7/snapshots/step-000600.pt
1,replication-momentum-sgd-12seeds-v1,acac69fd0fb0eb72c223dcdbd380b2cff3f020d29c0cefc2e02ac2c1212afe00,cell-002-5ca4208a020a,2,5ca4208a020aa334680abfc93eb5ea093c7b716ef1e0b27fb1ddb8d1a13a69a9,7,10,800,64,4,16,2,1,,sgd,0.03,0.9,800,512,0.0,8192,0.0005609222571365535,1.0,1.000367283821106,0.9896947145462036,10.997397422790527,"[6.580509185791016,3.814301013946533]","[6.049289226531982,4.236021995544434]",seeds/cell-002-5ca4208a020a/seed-7/checkpoint.pt,seeds/cell-002-5ca4208a020a/seed-7/snapshots/step-000800.pt
1,replication-momentum-sgd-12seeds-v1,acac69fd0fb0eb72c223dcdbd380b2cff3f020d29c0cefc2e02ac2c1212afe00,cell-002-5ca4208a020a,2,5ca4208a020aa334680abfc93eb5ea093c7b716ef1e0b27fb1ddb8d1a13a69a9,8,0,0,64,4,16,2,1,,sgd,0.03,0.9,800,512,0.0,8192,1.2731873989105225,0.466552734375,-0.030294666066765785,-0.011823469772934914,12.240180015563965,"[4.223188400268555,4.648670196533203]","[3.9909112453460693,4.293399810791016]",seeds/cell-002-5ca4208a020a/seed-8/checkpoint.pt,seeds/cell-002-5ca4208a020a/seed-8/snapshots/step-000000.pt
1,replication-momentum-sgd-12seeds-v1,acac69fd0fb0eb72c223dcdbd380b2cff3f020d29c0cefc2e02ac2c1212afe00,cell-002-5ca4208a020a,2,5ca4208a020aa334680abfc93eb5ea093c7b716ef1e0b27fb1ddb8d1a13a69a9,8,1,25,64,4,16,2,1,,sgd,0.03,0.9,800,512,0.0,8192,0.810955822467804,0.682861328125,0.17910589277744293,0.14389020204544067,12.22663402557373,"[4.1109209060668945,4.531567096710205]","[4.127009391784668,4.332112789154053]",seeds/cell-002-5ca4208a020a/seed-8/checkpoint.pt,seeds/cell-002-5ca4208a020a/seed-8/snapshots/step-000025.pt
1,replication-momentum-sgd-12seeds-v1,acac69fd0fb0eb72c223dcdbd380b2cff3f020d29c0cefc2e02ac2c1212afe00,cell-002-5ca4208a020a,2,5ca4208a020aa334680abfc93eb5ea093c7b716ef1e0b27fb1ddb8d1a13a69a9,8,2,50,64,4,16,2,1,,sgd,0.03,0.9,800,512,0.0,8192,0.7444510459899902,0.700927734375,0.2538920044898987,0.22225329279899597,12.203781127929688,"[4.023833751678467,4.514074325561523]","[4.078067302703857,4.398545742034912]",seeds/cell-002-5ca4208a020a/seed-8/checkpoint.pt,seeds/cell-002-5ca4208a020a/seed-8/snapshots/step-000050.pt
1,replication-momentum-sgd-12seeds-v1,acac69fd0fb0eb72c223dcdbd380b2cff3f020d29c0cefc2e02ac2c1212afe00,cell-002-5ca4208a020a,2,5ca4208a020aa334680abfc93eb5ea093c7b716ef1e0b27fb1ddb8d1a13a69a9,8,3,100,64,4,16,2,1,,sgd,0.03,0.9,800,512,0.0,8192,0.5307419300079346,0.8140869140625,0.4339972734451294,0.4047459363937378,12.094966888427734,"[4.094292163848877,4.946768283843994]","[4.065237045288086,4.394155502319336]",seeds/cell-002-5ca4208a020a/seed-8/checkpoint.pt,seeds/cell-002-5ca4208a020a/seed-8/snapshots/step-000100.pt
1,replication-momentum-sgd-12seeds-v1,acac69fd0fb0eb72c223dcdbd380b2cff3f020d29c0cefc2e02ac2c1212afe00,cell-002-5ca4208a020a,2,5ca4208a020aa334680abfc93eb5ea093c7b716ef1e0b27fb1ddb8d1a13a69a9,8,4,150,64,4,16,2,1,,sgd,0.03,0.9,800,512,0.0,8192,0.07361345738172531,0.982421875,0.9069381952285767,0.8640238046646118,11.683900833129883,"[4.393940448760986,5.890660762786865]","[4.198596000671387,4.77858304977417]",seeds/cell-002-5ca4208a020a/seed-8/checkpoint.pt,seeds/cell-002-5ca4208a020a/seed-8/snapshots/step-000150.pt
1,replication-momentum-sgd-12seeds-v1,acac69fd0fb0eb72c223dcdbd380b2cff3f020d29c0cefc2e02ac2c1212afe00,cell-002-5ca4208a020a,2,5ca4208a020aa334680abfc93eb5ea093c7b716ef1e0b27fb1ddb8d1a13a69a9,8,5,200,64,4,16,2,1,,sgd,0.03,0.9,800,512,0.0,8192,0.016578074544668198,0.9967041015625,0.9883159399032593,0.9662296772003174,11.536155700683594,"[4.512208461761475,6.166896820068359]","[4.130476951599121,5.185194492340088]",seeds/cell-002-5ca4208a020a/seed-8/checkpoint.pt,seeds/cell-002-5ca4208a020a/seed-8/snapshots/step-000200.pt
1,replication-momentum-sgd-12seeds-v1,acac69fd0fb0eb72c223dcdbd380b2cff3f020d29c0cefc2e02ac2c1212afe00,cell-002-5ca4208a020a,2,5ca4208a020aa334680abfc93eb5ea093c7b716ef1e0b27fb1ddb8d1a13a69a9,8,6,300,64,4,16,2,1,,sgd,0.03,0.9,800,512,0.0,8192,0.002225093077868223,1.0,0.9911617040634155,0.9773337841033936,11.472238540649414,"[4.591289043426514,6.354940414428711]","[4.040077209472656,5.537060260772705]",seeds/cell-002-5ca4208a020a/seed-8/checkpoint.pt,seeds/cell-002-5ca4208a020a/seed-8/snapshots/step-000300.pt
1,replication-momentum-sgd-12seeds-v1,acac69fd0fb0eb72c223dcdbd380b2cff3f020d29c0cefc2e02ac2c1212afe00,cell-002-5ca4208a020a,2,5ca4208a020aa334680abfc93eb5ea093c7b716ef1e0b27fb1ddb8d1a13a69a9,8,7,400,64,4,16,2,1,,sgd,0.03,0.9,800,512,0.0,8192,0.0008637987775728106,1.0,0.9978848695755005,0.9856991767883301,11.4495210647583,"[4.615792274475098,6.425110816955566]","[4.011656284332275,5.671586513519287]",seeds/cell-002-5ca4208a020a/seed-8/checkpoint.pt,seeds/cell-002-5ca4208a020a/seed-8/snapshots/step-000400.pt
1,replication-momentum-sgd-12seeds-v1,acac69fd0fb0eb72c223dcdbd380b2cff3f020d29c0cefc2e02ac2c1212afe00,cell-002-5ca4208a020a,2,5ca4208a020aa334680abfc93eb5ea093c7b716ef1e0b27fb1ddb8d1a13a69a9,8,8,500,64,4,16,2,1,,sgd,0.03,0.9,800,512,0.0,8192,0.0007419718313030899,0.9998779296875,0.9967844486236572,0.9876463413238525,11.413982391357422,"[4.646052360534668,6.465025901794434]","[3.995016574859619,5.7658491134643555]",seeds/cell-002-5ca4208a020a/seed-8/checkpoint.pt,seeds/cell-002-5ca4208a020a/seed-8/snapshots/step-000500.pt
1,replication-momentum-sgd-12seeds-v1,acac69fd0fb0eb72c223dcdbd380b2cff3f020d29c0cefc2e02ac2c1212afe00,cell-002-5ca4208a020a,2,5ca4208a020aa334680abfc93eb5ea093c7b716ef1e0b27fb1ddb8d1a13a69a9,8,9,600,64,4,16,2,1,,sgd,0.03,0.9,800,512,0.0,8192,0.00039101281436160207,1.0,0.9981222152709961,0.9909921884536743,11.392056465148926,"[4.660089015960693,6.5003767013549805]","[3.9806759357452393,5.833524227142334]",seeds/cell-002-5ca4208a020a/seed-8/checkpoint.pt,seeds/cell-002-5ca4208a020a/seed-8/snapshots/step-000600.pt
1,replication-momentum-sgd-12seeds-v1,acac69fd0fb0eb72c223dcdbd380b2cff3f020d29c0cefc2e02ac2c1212afe00,cell-002-5ca4208a020a,2,5ca4208a020aa334680abfc93eb5ea093c7b716ef1e0b27fb1ddb8d1a13a69a9,8,10,800,64,4,16,2,1,,sgd,0.03,0.9,800,512,0.0,8192,0.0002945394953712821,1.0,0.9978994131088257,0.9892904758453369,11.375773429870605,"[4.6800456047058105,6.53469705581665]","[3.9604952335357666,5.92091178894043]",seeds/cell-002-5ca4208a020a/seed-8/checkpoint.pt,seeds/cell-002-5ca4208a020a/seed-8/snapshots/step-000800.pt
1,replication-momentum-sgd-12seeds-v1,acac69fd0fb0eb72c223dcdbd380b2cff3f020d29c0cefc2e02ac2c1212afe00,cell-002-5ca4208a020a,2,5ca4208a020aa334680abfc93eb5ea093c7b716ef1e0b27fb1ddb8d1a13a69a9,9,0,0,64,4,16,2,1,,sgd,0.03,0.9,800,512,0.0,8192,1.0473450422286987,0.621337890625,0.16357478499412537,0.1377105563879013,12.80843734741211,"[4.523492336273193,4.038224220275879]","[4.575335502624512,3.857754707336426]",seeds/cell-002-5ca4208a020a/seed-9/checkpoint.pt,seeds/cell-002-5ca4208a020a/seed-9/snapshots/step-000000.pt
1,replication-momentum-sgd-12seeds-v1,acac69fd0fb0eb72c223dcdbd380b2cff3f020d29c0cefc2e02ac2c1212afe00,cell-002-5ca4208a020a,2,5ca4208a020aa334680abfc93eb5ea093c7b716ef1e0b27fb1ddb8d1a13a69a9,9,1,25,64,4,16,2,1,,sgd,0.03,0.9,800,512,0.0,8192,0.7974520921707153,0.6962890625,0.2656726837158203,0.21387606859207153,12.773332595825195,"[4.42555046081543,3.9816739559173584]","[4.657459259033203,4.227372169494629]",seeds/cell-002-5ca4208a020a/seed-9/checkpoint.pt,seeds/cell-002-5ca4208a020a/seed-9/snapshots/step-000025.pt
1,replication-momentum-sgd-12seeds-v1,acac69fd0fb0eb72c223dcdbd380b2cff3f020d29c0cefc2e02ac2c1212afe00,cell-002-5ca4208a020a,2,5ca4208a020aa334680abfc93eb5ea093c7b716ef1e0b27fb1ddb8d1a13a69a9,9,2,50,64,4,16,2,1,,sgd,0.03,0.9,800,512,0.0,8192,0.6832542419433594,0.739013671875,0.3094128966331482,0.27964746952056885,12.758790969848633,"[4.470649242401123,4.011104583740234]","[4.716440677642822,4.275566101074219]",seeds/cell-002-5ca4208a020a/seed-9/checkpoint.pt,seeds/cell-002-5ca4208a020a/seed-9/snapshots/step-000050.pt
1,replication-momentum-sgd-12seeds-v1,acac69fd0fb0eb72c223dcdbd380b2cff3f020d29c0cefc2e02ac2c1212afe00,cell-002-5ca4208a020a,2,5ca4208a020aa334680abfc93eb5ea093c7b716ef1e0b27fb1ddb8d1a13a69a9,9,3,100,64,4,16,2,1,,sgd,0.03,0.9,800,512,0.0,8192,0.17481248080730438,0.95654296875,0.826314389705658,0.7741154432296753,12.401288986206055,"[4.776309013366699,4.798523426055908]","[4.655296325683594,4.364043712615967]",seeds/cell-002-5ca4208a020a/seed-9/checkpoint.pt,seeds/cell-002-5ca4208a020a/seed-9/snapshots/step-000100.pt
1,replication-momentum-sgd-12seeds-v1,acac69fd0fb0eb72c223dcdbd380b2cff3f020d29c0cefc2e02ac2c1212afe00,cell-002-5ca4208a020a,2,5ca4208a020aa334680abfc93eb5ea093c7b716ef1e0b27fb1ddb8d1a13a69a9,9,4,150,64,4,16,2,1,,sgd,0.03,0.9,800,512,0.0,8192,0.023728065192699432,0.9971923828125,0.9874556064605713,0.9547463655471802,12.193514823913574,"[5.064855098724365,5.522341728210449]","[4.534317493438721,4.809509754180908]",seeds/cell-002-5ca4208a020a/seed-9/checkpoint.pt,seeds/cell-002-5ca4208a020a/seed-9/snapshots/step-000150.pt
1,replication-momentum-sgd-12seeds-v1,acac69fd0fb0eb72c223dcdbd380b2cff3f020d29c0cefc2e02ac2c1212afe00,cell-002-5ca4208a020a,2,5ca4208a020aa334680abfc93eb5ea093c7b716ef1e0b27fb1ddb8d1a13a69a9,9,5,200,64,4,16,2,1,,sgd,0.03,0.9,800,512,0.0,8192,0.008241042494773865,0.999267578125,0.9821804761886597,0.9567391276359558,12.128868103027344,"[5.145864009857178,5.732986927032471]","[4.458520889282227,5.095338344573975]",seeds/cell-002-5ca4208a020a/seed-9/checkpoint.pt,seeds/cell-002-5ca4208a020a/seed-9/snapshots/step-000200.pt
1,replication-momentum-sgd-12seeds-v1,acac69fd0fb0eb72c223dcdbd380b2cff3f020d29c0cefc2e02ac2c1212afe00,cell-002-5ca4208a020a,2,5ca4208a020aa334680abfc93eb5ea093c7b716ef1e0b27fb1ddb8d1a13a69a9,9,6,300,64,4,16,2,1,,sgd,0.03,0.9,800,512,0.0,8192,0.0023721125908195972,0.9998779296875,0.9904431700706482,0.9682778716087341,12.076610565185547,"[5.213426113128662,5.900262832641602]","[4.398953914642334,5.376437664031982]",seeds/cell-002-5ca4208a020a/seed-9/checkpoint.pt,seeds/cell-002-5ca4208a020a/seed-9/snapshots/step-000300.pt
1,replication-momentum-sgd-12seeds-v1,acac69fd0fb0eb72c223dcdbd380b2cff3f020d29c0cefc2e02ac2c1212afe00,cell-002-5ca4208a020a,2,5ca4208a020aa334680abfc93eb5ea093c7b716ef1e0b27fb1ddb8d1a13a69a9,9,7,400,64,4,16,2,1,,sgd,0.03,0.9,800,512,0.0,8192,0.0010536792688071728,1.0,0.9979746341705322,0.9768732786178589,12.057841300964355,"[5.244221210479736,5.975033283233643]","[4.373881816864014,5.521190643310547]",seeds/cell-002-5ca4208a020a/seed-9/checkpoint.pt,seeds/cell-002-5ca4208a020a/seed-9/snapshots/step-000400.pt
1,replication-momentum-sgd-12seeds-v1,acac69fd0fb0eb72c223dcdbd380b2cff3f020d29c0cefc2e02ac2c1212afe00,cell-002-5ca4208a020a,2,5ca4208a020aa334680abfc93eb5ea093c7b716ef1e0b27fb1ddb8d1a13a69a9,9,8,500,64,4,16,2,1,,sgd,0.03,0.9,800,512,0.0,8192,0.000688719330355525,1.0,0.9991240501403809,0.978915810585022,12.043558120727539,"[5.262641906738281,6.027661323547363]","[4.354907512664795,5.61968469619751]",seeds/cell-002-5ca4208a020a/seed-9/checkpoint.pt,seeds/cell-002-5ca4208a020a/seed-9/snapshots/step-000500.pt
1,replication-momentum-sgd-12seeds-v1,acac69fd0fb0eb72c223dcdbd380b2cff3f020d29c0cefc2e02ac2c1212afe00,cell-002-5ca4208a020a,2,5ca4208a020aa334680abfc93eb5ea093c7b716ef1e0b27fb1ddb8d1a13a69a9,9,9,600,64,4,16,2,1,,sgd,0.03,0.9,800,512,0.0,8192,0.0005833079339936376,1.0,0.9986090660095215,0.9790762662887573,12.035387992858887,"[5.2719340324401855,6.063409328460693]","[4.338086128234863,5.688587665557861]",seeds/cell-002-5ca4208a020a/seed-9/checkpoint.pt,seeds/cell-002-5ca4208a020a/seed-9/snapshots/step-000600.pt
1,replication-momentum-sgd-12seeds-v1,acac69fd0fb0eb72c223dcdbd380b2cff3f020d29c0cefc2e02ac2c1212afe00,cell-002-5ca4208a020a,2,5ca4208a020aa334680abfc93eb5ea093c7b716ef1e0b27fb1ddb8d1a13a69a9,9,10,800,64,4,16,2,1,,sgd,0.03,0.9,800,512,0.0,8192,0.00030859053367748857,1.0,1.000738501548767,0.9819898009300232,12.018172264099121,"[5.294987201690674,6.106618404388428]","[4.3245368003845215,5.7898478507995605]",seeds/cell-002-5ca4208a020a/seed-9/checkpoint.pt,seeds/cell-002-5ca4208a020a/seed-9/snapshots/step-000800.pt
1,replication-momentum-sgd-12seeds-v1,acac69fd0fb0eb72c223dcdbd380b2cff3f020d29c0cefc2e02ac2c1212afe00,cell-002-5ca4208a020a,2,5ca4208a020aa334680abfc93eb5ea093c7b716ef1e0b27fb1ddb8d1a13a69a9,10,0,0,64,4,16,2,1,,sgd,0.03,0.9,800,512,0.0,8192,4.911411285400391,0.4908447265625,-0.11281351745128632,-0.09940055012702942,12.45433235168457,"[3.9892241954803467,3.6670114994049072]","[4.2468976974487305,4.131952285766602]",seeds/cell-002-5ca4208a020a/seed-10/checkpoint.pt,seeds/cell-002-5ca4208a020a/seed-10/snapshots/step-000000.pt
1,replication-momentum-sgd-12seeds-v1,acac69fd0fb0eb72c223dcdbd380b2cff3f020d29c0cefc2e02ac2c1212afe00,cell-002-5ca4208a020a,2,5ca4208a020aa334680abfc93eb5ea093c7b716ef1e0b27fb1ddb8d1a13a69a9,10,1,25,64,4,16,2,1,,sgd,0.03,0.9,800,512,0.0,8192,1.148360013961792,0.50341796875,0.00013194709026720375,0.0009423999581485987,12.5798978805542,"[6.293945789337158,4.083618640899658]","[14.303526878356934,8.733277320861816]",seeds/cell-002-5ca4208a020a/seed-10/checkpoint.pt,seeds/cell-002-5ca4208a020a/seed-10/snapshots/step-000025.pt
1,replication-momentum-sgd-12seeds-v1,acac69fd0fb0eb72c223dcdbd380b2cff3f020d29c0cefc2e02ac2c1212afe00,cell-002-5ca4208a020a,2,5ca4208a020aa334680abfc93eb5ea093c7b716ef1e0b27fb1ddb8d1a13a69a9,10,2,50,64,4,16,2,1,,sgd,0.03,0.9,800,512,0.0,8192,0.96771240234375,0.560546875,0.019432101398706436,0.01899833232164383,12.593331336975098,"[6.5651679039001465,4.153780937194824]","[16.06504249572754,9.395193099975586]",seeds/cell-002-5ca4208a020a/seed-10/checkpoint.pt,seeds/cell-002-5ca4208a020a/seed-10/snapshots/step-000050.pt
1,replication-momentum-sgd-12seeds-v1,acac69fd0fb0eb72c223dcdbd380b2cff3f020d29c0cefc2e02ac2c1212afe00,cell-002-5ca4208a020a,2,5ca4208a020aa334680abfc93eb5ea093c7b716ef1e0b27fb1ddb8d1a13a69a9,10,3,100,64,4,16,2,1,,sgd,0.03,0.9,800,512,0.0,8192,0.9251362085342407,0.583740234375,0.08158788084983826,0.07700832188129425,12.603487014770508,"[6.646084308624268,4.159847259521484]","[15.889617919921875,9.413297653198242]",seeds/cell-002-5ca4208a020a/seed-10/checkpoint.pt,seeds/cell-002-5ca4208a020a/seed-10/snapshots/step-000100.pt
1,replication-momentum-sgd-12seeds-v1,acac69fd0fb0eb72c223dcdbd380b2cff3f020d29c0cefc2e02ac2c1212afe00,cell-002-5ca4208a020a,2,5ca4208a020aa334680abfc93eb5ea093c7b716ef1e0b27fb1ddb8d1a13a69a9,10,4,150,64,4,16,2,1,,sgd,0.03,0.9,800,512,0.0,8192,0.907434344291687,0.59765625,0.1065569669008255,0.09171605855226517,12.610766410827637,"[6.759767055511475,4.190120697021484]","[15.45697021484375,9.595415115356445]",seeds/cell-002-5ca4208a020a/seed-10/checkpoint.pt,seeds/cell-002-5ca4208a020a/seed-10/snapshots/step-000150.pt
1,replication-momentum-sgd-12seeds-v1,acac69fd0fb0eb72c223dcdbd380b2cff3f020d29c0cefc2e02ac2c1212afe00,cell-002-5ca4208a020a,2,5ca4208a020aa334680abfc93eb5ea093c7b716ef1e0b27fb1ddb8d1a13a69a9,10,5,200,64,4,16,2,1,,sgd,0.03,0.9,800,512,0.0,8192,0.8737790584564209,0.633056640625,0.13046103715896606,0.10145509988069534,12.615062713623047,"[6.878544807434082,4.209691524505615]","[14.876883506774902,9.860267639160156]",seeds/cell-002-5ca4208a020a/seed-10/checkpoint.pt,seeds/cell-002-5ca4208a020a/seed-10/snapshots/step-000200.pt
1,replication-momentum-sgd-12seeds-v1,acac69fd0fb0eb72c223dcdbd380b2cff3f020d29c0cefc2e02ac2c1212afe00,cell-002-5ca4208a020a,2,5ca4208a020aa334680abfc93eb5ea093c7b716ef1e0b27fb1ddb8d1a13a69a9,10,6,300,64,4,16,2,1,,sgd,0.03,0.9,800,512,0.0,8192,0.8180911540985107,0.6767578125,0.18327879905700684,0.14229050278663635,12.597845077514648,"[7.088595867156982,4.115196228027344]","[13.696331024169922,10.344430923461914]",seeds/cell-002-5ca4208a020a/seed-10/checkpoint.pt,seeds/cell-002-5ca4208a020a/seed-10/snapshots/step-000300.pt
1,replication-momentum-sgd-12seeds-v1,acac69fd0fb0eb72c223dcdbd380b2cff3f020d29c0cefc2e02ac2c1212afe00,cell-002-5ca4208a020a,2,5ca4208a020aa334680abfc93eb5ea093c7b716ef1e0b27fb1ddb8d1a13a69a9,10,7,400,64,4,16,2,1,,sgd,0.03,0.9,800,512,0.0,8192,0.7991490364074707,0.682861328125,0.23542353510856628,0.19780614972114563,12.550490379333496,"[7.096928119659424,4.028522491455078]","[12.729568481445312,10.793291091918945]",seeds/cell-002-5ca4208a020a/seed-10/checkpoint.pt,seeds/cell-002-5ca4208a020a/seed-10/snapshots/step-000400.pt
1,replication-momentum-sgd-12seeds-v1,acac69fd0fb0eb72c223dcdbd380b2cff3f020d29c0cefc2e02ac2c1212afe00,cell-002-5ca4208a020a,2,5ca4208a020aa334680abfc93eb5ea093c7b716ef1e0b27fb1ddb8d1a13a69a9,10,8,500,64,4,16,2,1,,sgd,0.03,0.9,800,512,0.0,8192,0.7662009000778198,0.68408203125,0.24178312718868256,0.21668531000614166,12.492621421813965,"[7.1027655601501465,4.007356643676758]","[12.303256034851074,11.055201530456543]",seeds/cell-002-5ca4208a020a/seed-10/checkpoint.pt,seeds/cell-002-5ca4208a020a/seed-10/snapshots/step-000500.pt
1,replication-momentum-sgd-12seeds-v1,acac69fd0fb0eb72c223dcdbd380b2cff3f020d29c0cefc2e02ac2c1212afe00,cell-002-5ca4208a020a,2,5ca4208a020aa334680abfc93eb5ea093c7b716ef1e0b27fb1ddb8d1a13a69a9,10,9,600,64,4,16,2,1,,sgd,0.03,0.9,800,512,0.0,8192,0.7626284956932068,0.682861328125,0.2435121089220047,0.22301208972930908,12.459485054016113,"[7.092628002166748,4.004833221435547]","[12.055863380432129,11.219592094421387]",seeds/cell-002-5ca4208a020a/seed-10/checkpoint.pt,seeds/cell-002-5ca4208a020a/seed-10/snapshots/step-000600.pt
1,replication-momentum-sgd-12seeds-v1,acac69fd0fb0eb72c223dcdbd380b2cff3f020d29c0cefc2e02ac2c1212afe00,cell-002-5ca4208a020a,2,5ca4208a020aa334680abfc93eb5ea093c7b716ef1e0b27fb1ddb8d1a13a69a9,10,10,800,64,4,16,2,1,,sgd,0.03,0.9,800,512,0.0,8192,0.7756450772285461,0.685546875,0.24585141241550446,0.2294275015592575,12.403090476989746,"[7.087101459503174,4.001341342926025]","[11.745604515075684,11.422313690185547]",seeds/cell-002-5ca4208a020a/seed-10/checkpoint.pt,seeds/cell-002-5ca4208a020a/seed-10/snapshots/step-000800.pt
1,replication-momentum-sgd-12seeds-v1,acac69fd0fb0eb72c223dcdbd380b2cff3f020d29c0cefc2e02ac2c1212afe00,cell-002-5ca4208a020a,2,5ca4208a020aa334680abfc93eb5ea093c7b716ef1e0b27fb1ddb8d1a13a69a9,11,0,0,64,4,16,2,1,,sgd,0.03,0.9,800,512,0.0,8192,2.9156246185302734,0.492919921875,-0.032789286226034164,-0.02690647728741169,12.985764503479004,"[4.146074295043945,4.215706825256348]","[4.102663516998291,3.8745224475860596]",seeds/cell-002-5ca4208a020a/seed-11/checkpoint.pt,seeds/cell-002-5ca4208a020a/seed-11/snapshots/step-000000.pt
1,replication-momentum-sgd-12seeds-v1,acac69fd0fb0eb72c223dcdbd380b2cff3f020d29c0cefc2e02ac2c1212afe00,cell-002-5ca4208a020a,2,5ca4208a020aa334680abfc93eb5ea093c7b716ef1e0b27fb1ddb8d1a13a69a9,11,1,25,64,4,16,2,1,,sgd,0.03,0.9,800,512,0.0,8192,0.9091309309005737,0.619873046875,0.10294362902641296,0.07680974900722504,12.967533111572266,"[4.079291343688965,4.185840606689453]","[4.72638463973999,4.132084369659424]",seeds/cell-002-5ca4208a020a/seed-11/checkpoint.pt,seeds/cell-002-5ca4208a020a/seed-11/snapshots/step-000025.pt
1,replication-momentum-sgd-12seeds-v1,acac69fd0fb0eb72c223dcdbd380b2cff3f020d29c0cefc2e02ac2c1212afe00,cell-002-5ca4208a020a,2,5ca4208a020aa334680abfc93eb5ea093c7b716ef1e0b27fb1ddb8d1a13a69a9,11,2,50,64,4,16,2,1,,sgd,0.03,0.9,800,512,0.0,8192,0.7481262683868408,0.7061767578125,0.2678958773612976,0.2224845588207245,12.939654350280762,"[3.9795994758605957,4.1264848709106445]","[4.885974884033203,4.202404022216797]",seeds/cell-002-5ca4208a020a/seed-11/checkpoint.pt,seeds/cell-002-5ca4208a020a/seed-11/snapshots/step-000050.pt
1,replication-momentum-sgd-12seeds-v1,acac69fd0fb0eb72c223dcdbd380b2cff3f020d29c0cefc2e02ac2c1212afe00,cell-002-5ca4208a020a,2,5ca4208a020aa334680abfc93eb5ea093c7b716ef1e0b27fb1ddb8d1a13a69a9,11,3,100,64,4,16,2,1,,sgd,0.03,0.9,800,512,0.0,8192,0.46554896235466003,0.8310546875,0.5744882225990295,0.5817869901657104,12.401412010192871,"[4.823935508728027,4.106783390045166]","[5.0795087814331055,4.127653121948242]",seeds/cell-002-5ca4208a020a/seed-11/checkpoint.pt,seeds/cell-002-5ca4208a020a/seed-11/snapshots/step-000100.pt
1,replication-momentum-sgd-12seeds-v1,acac69fd0fb0eb72c223dcdbd380b2cff3f020d29c0cefc2e02ac2c1212afe00,cell-002-5ca4208a020a,2,5ca4208a020aa334680abfc93eb5ea093c7b716ef1e0b27fb1ddb8d1a13a69a9,11,4,150,64,4,16,2,1,,sgd,0.03,0.9,800,512,0.0,8192,0.0283828005194664,0.9942626953125,0.9750978946685791,0.9882903695106506,11.52444839477539,"[6.088788032531738,4.057859420776367]","[5.574203014373779,4.016664505004883]",seeds/cell-002-5ca4208a020a/seed-11/checkpoint.pt,seeds/cell-002-5ca4208a020a/seed-11/snapshots/step-000150.pt
1,replication-momentum-sgd-12seeds-v1,acac69fd0fb0eb72c223dcdbd380b2cff3f020d29c0cefc2e02ac2c1212afe00,cell-002-5ca4208a020a,2,5ca4208a020aa334680abfc93eb5ea093c7b716ef1e0b27fb1ddb8d1a13a69a9,11,5,200,64,4,16,2,1,,sgd,0.03,0.9,800,512,0.0,8192,0.006377795711159706,0.998779296875,0.9861375093460083,0.9989990592002869,11.403512001037598,"[6.259411334991455,4.058053493499756]","[5.793936729431152,4.000794887542725]",seeds/cell-002-5ca4208a020a/seed-11/checkpoint.pt,seeds/cell-002-5ca4208a020a/seed-11/snapshots/step-000200.pt
1,replication-momentum-sgd-12seeds-v1,acac69fd0fb0eb72c223dcdbd380b2cff3f020d29c0cefc2e02ac2c1212afe00,cell-002-5ca4208a020a,2,5ca4208a020aa334680abfc93eb5ea093c7b716ef1e0b27fb1ddb8d1a13a69a9,11,6,300,64,4,16,2,1,,sgd,0.03,0.9,800,512,0.0,8192,0.0015456753317266703,0.999755859375,0.9991952180862427,1.0105432271957397,11.340604782104492,"[6.3657121658325195,4.065652370452881]","[5.9548258781433105,4.0054402351379395]",seeds/cell-002-5ca4208a020a/seed-11/checkpoint.pt,seeds/cell-002-5ca4208a020a/seed-11/snapshots/step-000300.pt
1,replication-momentum-sgd-12seeds-v1,acac69fd0fb0eb72c223dcdbd380b2cff3f020d29c0cefc2e02ac2c1212afe00,cell-002-5ca4208a020a,2,5ca4208a020aa334680abfc93eb5ea093c7b716ef1e0b27fb1ddb8d1a13a69a9,11,7,400,64,4,16,2,1,,sgd,0.03,0.9,800,512,0.0,8192,0.0006736026844009757,1.0,0.998725414276123,1.0125353336334229,11.322425842285156,"[6.407464981079102,4.0725202560424805]","[6.04050874710083,4.015126705169678]",seeds/cell-002-5ca4208a020a/seed-11/checkpoint.pt,seeds/cell-002-5ca4208a020a/seed-11/snapshots/step-000400.pt
1,replication-momentum-sgd-12seeds-v1,acac69fd0fb0eb72c223dcdbd380b2cff3f020d29c0cefc2e02ac2c1212afe00,cell-002-5ca4208a020a,2,5ca4208a020aa334680abfc93eb5ea093c7b716ef1e0b27fb1ddb8d1a13a69a9,11,8,500,64,4,16,2,1,,sgd,0.03,0.9,800,512,0.0,8192,0.0004651852650567889,1.0,1.0005111694335938,1.0149707794189453,11.316617012023926,"[6.431253910064697,4.075730800628662]","[6.089676380157471,4.021916389465332]",seeds/cell-002-5ca4208a020a/seed-11/checkpoint.pt,seeds/cell-002-5ca4208a020a/seed-11/snapshots/step-000500.pt
1,replication-momentum-sgd-12seeds-v1,acac69fd0fb0eb72c223dcdbd380b2cff3f020d29c0cefc2e02ac2c1212afe00,cell-002-5ca4208a020a,2,5ca4208a020aa334680abfc93eb5ea093c7b716ef1e0b27fb1ddb8d1a13a69a9,11,9,600,64,4,16,2,1,,sgd,0.03,0.9,800,512,0.0,8192,0.00029797799652442336,1.0,0.9995534420013428,1.0139825344085693,11.308920860290527,"[6.446140289306641,4.078042030334473]","[6.123500823974609,4.027408123016357]",seeds/cell-002-5ca4208a020a/seed-11/checkpoint.pt,seeds/cell-002-5ca4208a020a/seed-11/snapshots/step-000600.pt
1,replication-momentum-sgd-12seeds-v1,acac69fd0fb0eb72c223dcdbd380b2cff3f020d29c0cefc2e02ac2c1212afe00,cell-002-5ca4208a020a,2,5ca4208a020aa334680abfc93eb5ea093c7b716ef1e0b27fb1ddb8d1a13a69a9,11,10,800,64,4,16,2,1,,sgd,0.03,0.9,800,512,0.0,8192,0.00019717382383532822,1.0,1.0013270378112793,1.0165271759033203,11.302621841430664,"[6.468422889709473,4.082054615020752]","[6.172606945037842,4.035398483276367]",seeds/cell-002-5ca4208a020a/seed-11/checkpoint.pt,seeds/cell-002-5ca4208a020a/seed-11/snapshots/step-000800.pt
1,replication-momentum-sgd-12seeds-v1,acac69fd0fb0eb72c223dcdbd380b2cff3f020d29c0cefc2e02ac2c1212afe00,cell-003-d1cf56ef5b18,3,d1cf56ef5b184a9d8d601052f3642d11463fe7435c2ef760947a9f9e9d011969,0,0,0,64,4,16,2,4,,sgd,0.03,0.9,800,512,0.0,8192,1.0610169172286987,0.5855712890625,0.10513024032115936,0.08598504215478897,12.606853485107422,"[1.812355399131775,2.012052059173584,1.776341438293457,2.0607106685638428,2.1907739639282227,1.6593916416168213,2.2381553649902344,2.050201654434204]","[2.4639904499053955,2.331435441970825,1.8328787088394165,2.4577317237854004,1.714370608329773,2.261836290359497,2.0910770893096924,1.8251605033874512]",seeds/cell-003-d1cf56ef5b18/seed-0/checkpoint.pt,seeds/cell-003-d1cf56ef5b18/seed-0/snapshots/step-000000.pt
1,replication-momentum-sgd-12seeds-v1,acac69fd0fb0eb72c223dcdbd380b2cff3f020d29c0cefc2e02ac2c1212afe00,cell-003-d1cf56ef5b18,3,d1cf56ef5b184a9d8d601052f3642d11463fe7435c2ef760947a9f9e9d011969,0,1,25,64,4,16,2,4,,sgd,0.03,0.9,800,512,0.0,8192,0.7938086986541748,0.689697265625,0.23184064030647278,0.18300388753414154,12.567255973815918,"[1.727421760559082,1.9735901355743408,1.75497567653656,2.0497915744781494,2.2521722316741943,1.6595687866210938,2.2345001697540283,2.0321621894836426]","[2.5989370346069336,2.4675891399383545,1.8830621242523193,2.4528605937957764,1.713667392730713,2.2746407985687256,2.159874200820923,1.891713261604309]",seeds/cell-003-d1cf56ef5b18/seed-0/checkpoint.pt,seeds/cell-003-d1cf56ef5b18/seed-0/snapshots/step-000025.pt
1,replication-momentum-sgd-12seeds-v1,acac69fd0fb0eb72c223dcdbd380b2cff3f020d29c0cefc2e02ac2c1212afe00,cell-003-d1cf56ef5b18,3,d1cf56ef5b184a9d8d601052f3642d11463fe7435c2ef760947a9f9e9d011969,0,2,50,64,4,16,2,4,,sgd,0.03,0.9,800,512,0.0,8192,0.7342549562454224,0.7147216796875,0.26230838894844055,0.22980716824531555,12.460440635681152,"[1.7089804410934448,1.9706156253814697,1.7406432628631592,2.050217628479004,2.2676103115081787,1.6644808053970337,2.2366254329681396,2.02744722366333]","[2.6283037662506104,2.4852049350738525,1.9109681844711304,2.4562108516693115,1.7226887941360474,2.2758491039276123,2.1688578128814697,1.8855689764022827]",seeds/cell-003-d1cf56ef5b18/seed-0/checkpoint.pt,seeds/cell-003-d1cf56ef5b18/seed-0/snapshots/step-000050.pt
1,replication-momentum-sgd-12seeds-v1,acac69fd0fb0eb72c223dcdbd380b2cff3f020d29c0cefc2e02ac2c1212afe00,cell-003-d1cf56ef5b18,3,d1cf56ef5b184a9d8d601052f3642d11463fe7435c2ef760947a9f9e9d011969,0,3,100,64,4,16,2,4,,sgd,0.03,0.9,800,512,0.0,8192,0.4433461129665375,0.8577880859375,0.5403838157653809,0.5544368624687195,11.788619041442871,"[1.9349610805511475,2.5917441844940186,1.8156557083129883,2.094332456588745,2.2657740116119385,1.680914282798767,2.2490930557250977,2.053081750869751]","[2.6829605102539062,2.7075908184051514,1.9117130041122437,2.5742733478546143,1.659406065940857,2.239020824432373,2.0882627964019775,1.8709079027175903]",seeds/cell-003-d1cf56ef5b18/seed-0/checkpoint.pt,seeds/cell-003-d1cf56ef5b18/seed-0/snapshots/step-000100.pt
1,replication-momentum-sgd-12seeds-v1,acac69fd0fb0eb72c223dcdbd380b2cff3f020d29c0cefc2e02ac2c1212afe00,cell-003-d1cf56ef5b18,3,d1cf56ef5b184a9d8d601052f3642d11463fe7435c2ef760947a9f9e9d011969,0,4,150,64,4,16,2,4,,sgd,0.03,0.9,800,512,0.0,8192,0.11288268864154816,0.9720458984375,0.8734170794487,0.8832744359970093,11.305044174194336,"[1.9869767427444458,3.438924789428711,1.884228229522705,2.0924839973449707,2.2470340728759766,1.7239996194839478,2.2603487968444824,2.0276243686676025]","[2.6472017765045166,3.312185287475586,1.9124683141708374,2.436927318572998,1.6107892990112305,2.2522809505462646,2.0287585258483887,1.8696742057800293]",seeds/cell-003-d1cf56ef5b18/seed-0/checkpoint.pt,seeds/cell-003-d1cf56ef5b18/seed-0/snapshots/step-000150.pt
1,replication-momentum-sgd-12seeds-v1,acac69fd0fb0eb72c223dcdbd380b2cff3f020d29c0cefc2e02ac2c1212afe00,cell-003-d1cf56ef5b18,3,d1cf56ef5b184a9d8d601052f3642d11463fe7435c2ef760947a9f9e9d011969,0,5,200,64,4,16,2,4,,sgd,0.03,0.9,800,512,0.0,8192,0.05119206756353378,0.984619140625,0.9444010257720947,0.9494519233703613,10.914421081542969,"[1.9920333623886108,3.9378392696380615,1.9186187982559204,2.0858676433563232,2.2342348098754883,1.726864218711853,2.298734664916992,2.027487277984619]","[2.6184377670288086,3.731431484222412,1.896490454673767,2.3339123725891113,1.578811526298523,2.2635498046875,2.0360472202301025,1.8648189306259155]",seeds/cell-003-d1cf56ef5b18/seed-0/checkpoint.pt,seeds/cell-003-d1cf56ef5b18/seed-0/snapshots/step-000200.pt
1,replication-momentum-sgd-12seeds-v1,acac69fd0fb0eb72c223dcdbd380b2cff3f020d29c0cefc2e02ac2c1212afe00,cell-003-d1cf56ef5b18,3,d1cf56ef5b184a9d8d601052f3642d11463fe7435c2ef760947a9f9e9d011969,0,6,300,64,4,16,2,4,,sgd,0.03,0.9,800,512,0.0,8192,0.023922178894281387,0.99365234375,0.9740887880325317,0.98044353723526,10.434447288513184,"[2.0017948150634766,4.236782550811768,1.9818772077560425,2.0652060508728027,2.229253053665161,1.7294284105300903,2.338315963745117,2.0341391563415527]","[2.5770626068115234,3.9716694355010986,1.9394302368164062,2.252941846847534,1.5642261505126953,2.2684125900268555,2.0715436935424805,1.8624955415725708]",seeds/cell-003-d1cf56ef5b18/seed-0/checkpoint.pt,seeds/cell-003-d1cf56ef5b18/seed-0/snapshots/step-000300.pt
1,replication-momentum-sgd-12seeds-v1,acac69fd0fb0eb72c223dcdbd380b2cff3f020d29c0cefc2e02ac2c1212afe00,cell-003-d1cf56ef5b18,3,d1cf56ef5b184a9d8d601052f3642d11463fe7435c2ef760947a9f9e9d011969,0,7,400,64,4,16,2,4,,sgd,0.03,0.9,800,512,0.0,8192,0.008728333748877048,0.9979248046875,0.9869389533996582,0.9969475269317627,10.158795356750488,"[2.022960901260376,4.358757019042969,2.0363876819610596,2.043461799621582,2.2238214015960693,1.7349889278411865,2.3615431785583496,2.0363969802856445]","[2.5806424617767334,4.08177375793457,1.9904319047927856,2.1795499324798584,1.5520954132080078,2.2582623958587646,2.1098241806030273,1.8618628978729248]",seeds/cell-003-d1cf56ef5b18/seed-0/checkpoint.pt,seeds/cell-003-d1cf56ef5b18/seed-0/snapshots/step-000400.pt
1,replication-momentum-sgd-12seeds-v1,acac69fd0fb0eb72c223dcdbd380b2cff3f020d29c0cefc2e02ac2c1212afe00,cell-003-d1cf56ef5b18,3,d1cf56ef5b184a9d8d601052f3642d11463fe7435c2ef760947a9f9e9d011969,0,8,500,64,4,16,2,4,,sgd,0.03,0.9,800,512,0.0,8192,0.006881078705191612,0.9976806640625,0.9985594749450684,1.0060464143753052,10.030647277832031,"[2.0263166427612305,4.41077995300293,2.080148696899414,2.031074285507202,2.2226576805114746,1.7363930940628052,2.3772733211517334,2.037931442260742]","[2.5538928508758545,4.154833793640137,2.0251030921936035,2.151785373687744,1.546834111213684,2.2539048194885254,2.1323130130767822,1.8662137985229492]",seeds/cell-003-d1cf56ef5b18/seed-0/checkpoint.pt,seeds/cell-003-d1cf56ef5b18/seed-0/snapshots/step-000500.pt
1,replication-momentum-sgd-12seeds-v1,acac69fd0fb0eb72c223dcdbd380b2cff3f020d29c0cefc2e02ac2c1212afe00,cell-003-d1cf56ef5b18,3,d1cf56ef5b184a9d8d601052f3642d11463fe7435c2ef760947a9f9e9d011969,0,9,600,64,4,16,2,4,,sgd,0.03,0.9,800,512,0.0,8192,0.001830591820180416,0.9996337890625,0.9955866932868958,1.006389856338501,9.90061092376709,"[2.028353214263916,4.481672286987305,2.1038873195648193,2.030341863632202,2.2214627265930176,1.7384426593780518,2.391962766647339,2.039482593536377]","[2.5498979091644287,4.218553066253662,2.0252678394317627,2.1346018314361572,1.5434865951538086,2.254230260848999,2.152662992477417,1.8675220012664795]",seeds/cell-003-d1cf56ef5b18/seed-0/checkpoint.pt,seeds/cell-003-d1cf56ef5b18/seed-0/snapshots/step-000600.pt
1,replication-momentum-sgd-12seeds-v1,acac69fd0fb0eb72c223dcdbd380b2cff3f020d29c0cefc2e02ac2c1212afe00,cell-003-d1cf56ef5b18,3,d1cf56ef5b184a9d8d601052f3642d11463fe7435c2ef760947a9f9e9d011969,0,10,800,64,4,16,2,4,,sgd,0.03,0.9,800,512,0.0,8192,0.01077788695693016,0.9970703125,0.9855960607528687,0.9956066608428955,9.53365707397461,"[2.047865629196167,4.591858386993408,2.1830766201019287,2.0171682834625244,2.2205939292907715,1.7400554418563843,2.3965535163879395,2.0418436527252197]","[2.5567426681518555,4.254278659820557,2.089571714401245,2.098243474960327,1.5404783487319946,2.254140615463257,2.1711409091949463,1.8649101257324219]",seeds/cell-003-d1cf56ef5b18/seed-0/checkpoint.pt,seeds/cell-003-d1cf56ef5b18/seed-0/snapshots/step-000800.pt
1,replication-momentum-sgd-12seeds-v1,acac69fd0fb0eb72c223dcdbd380b2cff3f020d29c0cefc2e02ac2c1212afe00,cell-003-d1cf56ef5b18,3,d1cf56ef5b184a9d8d601052f3642d11463fe7435c2ef760947a9f9e9d011969,1,0,0,64,4,16,2,4,,sgd,0.03,0.9,800,512,0.0,8192,3.2177329063415527,0.522216796875,0.10323220491409302,0.10974244028329849,13.410542488098145,"[2.2384557723999023,2.030670166015625,1.9536871910095215,1.8094485998153687,1.866194248199463,2.1552491188049316,2.3287479877471924,2.183628797531128]","[2.3626999855041504,2.0205602645874023,1.967851996421814,1.9890590906143188,1.817794680595398,1.8362617492675781,1.9550424814224243,2.3329861164093018]",seeds/cell-003-d1cf56ef5b18/seed-1/checkpoint.pt,seeds/cell-003-d1cf56ef5b18/seed-1/snapshots/step-000000.pt
1,replication-momentum-sgd-12seeds-v1,acac69fd0fb0eb72c223dcdbd380b2cff3f020d29c0cefc2e02ac2c1212afe00,cell-003-d1cf56ef5b18,3,d1cf56ef5b184a9d8d601052f3642d11463fe7435c2ef760947a9f9e9d011969,1,1,25,64,4,16,2,4,,sgd,0.03,0.9,800,512,0.0,8192,0.8396923542022705,0.6572265625,0.2010885328054428,0.177173912525177,13.33070182800293,"[2.3136656284332275,2.1260898113250732,1.9387812614440918,1.7398792505264282,1.8250415325164795,2.182596445083618,2.334453821182251,2.2529654502868652]","[3.166609764099121,2.658600091934204,1.971388816833496,2.6568822860717773,2.3576321601867676,2.0587165355682373,1.9059621095657349,2.6164886951446533]",seeds/cell-003-d1cf56ef5b18/seed-1/checkpoint.pt,seeds/cell-003-d1cf56ef5b18/seed-1/snapshots/step-000025.pt
1,replication-momentum-sgd-12seeds-v1,acac69fd0fb0eb72c223dcdbd380b2cff3f020d29c0cefc2e02ac2c1212afe00,cell-003-d1cf56ef5b18,3,d1cf56ef5b184a9d8d601052f3642d11463fe7435c2ef760947a9f9e9d011969,1,2,50,64,4,16,2,4,,sgd,0.03,0.9,800,512,0.0,8192,0.7569668292999268,0.6929931640625,0.23095981776714325,0.19695080816745758,13.316301345825195,"[2.3102691173553467,2.1003315448760986,1.886078119277954,1.70000422000885,1.8250428438186646,2.179828643798828,2.3278512954711914,2.2533388137817383]","[3.3927841186523438,2.744558095932007,1.9923137426376343,2.7648050785064697,2.4533169269561768,2.1162893772125244,1.9595472812652588,2.672602891921997]",seeds/cell-003-d1cf56ef5b18/seed-1/checkpoint.pt,seeds/cell-003-d1cf56ef5b18/seed-1/snapshots/step-000050.pt
1,replication-momentum-sgd-12seeds-v1,acac69fd0fb0eb72c223dcdbd380b2cff3f020d29c0cefc2e02ac2c1212afe00,cell-003-d1cf56ef5b18,3,d1cf56ef5b184a9d8d601052f3642d11463fe7435c2ef760947a9f9e9d011969,1,3,100,64,4,16,2,4,,sgd,0.03,0.9,800,512,0.0,8192,0.7507520914077759,0.6927490234375,0.2332722544670105,0.20405803620815277,13.25244140625,"[2.2964529991149902,2.0742814540863037,1.8539618253707886,1.6810941696166992,1.812804102897644,2.1825263500213623,2.3099544048309326,2.2437241077423096]","[3.4365174770355225,2.7363433837890625,2.0142667293548584,2.84234356880188,2.472121238708496,2.1307878494262695,1.9445241689682007,2.6758387088775635]",seeds/cell-003-d1cf56ef5b18/seed-1/checkpoint.pt,seeds/cell-003-d1cf56ef5b18/seed-1/snapshots/step-000100.pt
1,replication-momentum-sgd-12seeds-v1,acac69fd0fb0eb72c223dcdbd380b2cff3f020d29c0cefc2e02ac2c1212afe00,cell-003-d1cf56ef5b18,3,d1cf56ef5b184a9d8d601052f3642d11463fe7435c2ef760947a9f9e9d011969,1,4,150,64,4,16,2,4,,sgd,0.03,0.9,800,512,0.0,8192,0.7383451461791992,0.7091064453125,0.25918108224868774,0.23105445504188538,13.147233009338379,"[2.3025949001312256,2.083305597305298,1.8623664379119873,1.732007622718811,1.8058265447616577,2.184656858444214,2.299224615097046,2.2365269660949707]","[3.390653610229492,2.7510688304901123,2.042085886001587,2.9443414211273193,2.469385862350464,2.1245269775390625,1.9258677959442139,2.666550397872925]",seeds/cell-003-d1cf56ef5b18/seed-1/checkpoint.pt,seeds/cell-003-d1cf56ef5b18/seed-1/snapshots/step-000150.pt
1,replication-momentum-sgd-12seeds-v1,acac69fd0fb0eb72c223dcdbd380b2cff3f020d29c0cefc2e02ac2c1212afe00,cell-003-d1cf56ef5b18,3,d1cf56ef5b184a9d8d601052f3642d11463fe7435c2ef760947a9f9e9d011969,1,5,200,64,4,16,2,4,,sgd,0.03,0.9,800,512,0.0,8192,0.7036924362182617,0.7357177734375,0.28799542784690857,0.26876160502433777,12.929449081420898,"[2.318925619125366,2.126655340194702,1.9062327146530151,1.9525940418243408,1.8023035526275635,2.1889214515686035,2.290614366531372,2.232404947280884]","[3.3716516494750977,2.7285315990448,2.0639028549194336,3.147617816925049,2.422278881072998,2.1248865127563477,1.8876824378967285,2.6509058475494385]",seeds/cell-003-d1cf56ef5b18/seed-1/checkpoint.pt,seeds/cell-003-d1cf56ef5b18/seed-1/snapshots/step-000200.pt
1,replication-momentum-sgd-12seeds-v1,acac69fd0fb0eb72c223dcdbd380b2cff3f020d29c0cefc2e02ac2c1212afe00,cell-003-d1cf56ef5b18,3,d1cf56ef5b184a9d8d601052f3642d11463fe7435c2ef760947a9f9e9d011969,1,6,300,64,4,16,2,4,,sgd,0.03,0.9,800,512,0.0,8192,0.09938427060842514,0.97119140625,0.9057785272598267,0.9205958843231201,11.121580123901367,"[2.3279426097869873,2.27061128616333,2.0865824222564697,4.132436752319336,1.875666856765747,2.196232318878174,2.271005630493164,2.2192835807800293]","[3.0311052799224854,2.449535369873047,2.0617165565490723,4.575043678283691,2.3358969688415527,2.092482089996338,1.8014636039733887,2.5918304920196533]",seeds/cell-003-d1cf56ef5b18/seed-1/checkpoint.pt,seeds/cell-003-d1cf56ef5b18/seed-1/snapshots/step-000300.pt
1,replication-momentum-sgd-12seeds-v1,acac69fd0fb0eb72c223dcdbd380b2cff3f020d29c0cefc2e02ac2c1212afe00,cell-003-d1cf56ef5b18,3,d1cf56ef5b184a9d8d601052f3642d11463fe7435c2ef760947a9f9e9d011969,1,7,400,64,4,16,2,4,,sgd,0.03,0.9,800,512,0.0,8192,0.058761872351169586,0.98291015625,0.9360015988349915,0.9392309188842773,10.265213966369629,"[2.333296060562134,2.270738124847412,2.0759034156799316,4.926541805267334,1.9087611436843872,2.187563896179199,2.2732646465301514,2.2149455547332764]","[2.88390851020813,2.390187978744507,2.0420217514038086,5.133868217468262,2.38499116897583,2.048326015472412,1.7886347770690918,2.563781499862671]",seeds/cell-003-d1cf56ef5b18/seed-1/checkpoint.pt,seeds/cell-003-d1cf56ef5b18/seed-1/snapshots/step-000400.pt
1,replication-momentum-sgd-12seeds-v1,acac69fd0fb0eb72c223dcdbd380b2cff3f020d29c0cefc2e02ac2c1212afe00,cell-003-d1cf56ef5b18,3,d1cf56ef5b184a9d8d601052f3642d11463fe7435c2ef760947a9f9e9d011969,1,8,500,64,4,16,2,4,,sgd,0.03,0.9,800,512,0.0,8192,0.013953922316432,0.996826171875,0.9831600785255432,0.9837548136711121,9.739550590515137,"[2.3288044929504395,2.2843642234802246,2.0771453380584717,5.274581432342529,1.9264181852340698,2.189481496810913,2.2776529788970947,2.2173070907592773]","[2.7873802185058594,2.355534076690674,2.0187716484069824,5.515861988067627,2.409926652908325,2.0288281440734863,1.7740294933319092,2.546294689178467]",seeds/cell-003-d1cf56ef5b18/seed-1/checkpoint.pt,seeds/cell-003-d1cf56ef5b18/seed-1/snapshots/step-000500.pt
1,replication-momentum-sgd-12seeds-v1,acac69fd0fb0eb72c223dcdbd380b2cff3f020d29c0cefc2e02ac2c1212afe00,cell-003-d1cf56ef5b18,3,d1cf56ef5b184a9d8d601052f3642d11463fe7435c2ef760947a9f9e9d011969,1,9,600,64,4,16,2,4,,sgd,0.03,0.9,800,512,0.0,8192,0.004586854483932257,0.9993896484375,1.0003998279571533,1.0013093948364258,9.44257640838623,"[2.3212461471557617,2.2896666526794434,2.070263624191284,5.483903884887695,1.9365108013153076,2.1975533962249756,2.282330274581909,2.221351385116577]","[2.714592218399048,2.3292970657348633,1.993000864982605,5.8029632568359375,2.4206881523132324,2.0221002101898193,1.7639753818511963,2.5384178161621094]",seeds/cell-003-d1cf56ef5b18/seed-1/checkpoint.pt,seeds/cell-003-d1cf56ef5b18/seed-1/snapshots/step-000600.pt
1,replication-momentum-sgd-12seeds-v1,acac69fd0fb0eb72c223dcdbd380b2cff3f020d29c0cefc2e02ac2c1212afe00,cell-003-d1cf56ef5b18,3,d1cf56ef5b184a9d8d601052f3642d11463fe7435c2ef760947a9f9e9d011969,1,10,800,64,4,16,2,4,,sgd,0.03,0.9,800,512,0.0,8192,0.005625826306641102,0.99853515625,0.9922880530357361,0.9958407878875732,9.080161094665527,"[2.31298565864563,2.293940782546997,2.072579860687256,5.719812393188477,1.9502463340759277,2.2109951972961426,2.284151077270508,2.227006196975708]","[2.6287076473236084,2.2764806747436523,1.9635106325149536,6.185276985168457,2.434628963470459,2.0186498165130615,1.747668743133545,2.5332930088043213]",seeds/cell-003-d1cf56ef5b18/seed-1/checkpoint.pt,seeds/cell-003-d1cf56ef5b18/seed-1/snapshots/step-000800.pt
1,replication-momentum-sgd-12seeds-v1,acac69fd0fb0eb72c223dcdbd380b2cff3f020d29c0cefc2e02ac2c1212afe00,cell-003-d1cf56ef5b18,3,d1cf56ef5b184a9d8d601052f3642d11463fe7435c2ef760947a9f9e9d011969,2,0,0,64,4,16,2,4,,sgd,0.03,0.9,800,512,0.0,8192,2.909031867980957,0.4794921875,-0.09316926449537277,-0.06815913319587708,12.932114601135254,"[1.460111141204834,1.8466383218765259,1.8374453783035278,1.6609413623809814,2.0751287937164307,1.8727182149887085,1.8756096363067627,2.0645902156829834]","[2.0004653930664062,1.7491390705108643,1.8536560535430908,1.8682904243469238,1.7333894968032837,1.7197238206863403,2.1283133029937744,1.826115369796753]",seeds/cell-003-d1cf56ef5b18/seed-2/checkpoint.pt,seeds/cell-003-d1cf56ef5b18/seed-2/snapshots/step-000000.pt
1,replication-momentum-sgd-12seeds-v1,acac69fd0fb0eb72c223dcdbd380b2cff3f020d29c0cefc2e02ac2c1212afe00,cell-003-d1cf56ef5b18,3,d1cf56ef5b184a9d8d601052f3642d11463fe7435c2ef760947a9f9e9d011969,2,1,25,64,4,16,2,4,,sgd,0.03,0.9,800,512,0.0,8192,0.7668763995170593,0.7066650390625,0.21975436806678772,0.19854317605495453,12.920336723327637,"[1.4930557012557983,1.7934699058532715,1.847524642944336,1.6850132942199707,2.048032760620117,1.8856120109558105,1.892467737197876,2.054807424545288]","[2.026967763900757,2.0589094161987305,1.9364054203033447,2.003507375717163,1.8622777462005615,1.9335486888885498,2.4661779403686523,2.066140651702881]",seeds/cell-003-d1cf56ef5b18/seed-2/checkpoint.pt,seeds/cell-003-d1cf56ef5b18/seed-2/snapshots/step-000025.pt
1,replication-momentum-sgd-12seeds-v1,acac69fd0fb0eb72c223dcdbd380b2cff3f020d29c0cefc2e02ac2c1212afe00,cell-003-d1cf56ef5b18,3,d1cf56ef5b184a9d8d601052f3642d11463fe7435c2ef760947a9f9e9d011969,2,2,50,64,4,16,2,4,,sgd,0.03,0.9,800,512,0.0,8192,0.7126593589782715,0.72802734375,0.2567071318626404,0.2399669587612152,12.862686157226562,"[1.5045263767242432,1.8267614841461182,1.8510702848434448,1.6912188529968262,2.0434725284576416,1.884162187576294,1.923980712890625,2.0845084190368652]","[2.0949831008911133,2.019249439239502,1.9974241256713867,1.9634294509887695,1.9165464639663696,1.9360350370407104,2.4874532222747803,2.161067247390747]",seeds/cell-003-d1cf56ef5b18/seed-2/checkpoint.pt,seeds/cell-003-d1cf56ef5b18/seed-2/snapshots/step-000050.pt
1,replication-momentum-sgd-12seeds-v1,acac69fd0fb0eb72c223dcdbd380b2cff3f020d29c0cefc2e02ac2c1212afe00,cell-003-d1cf56ef5b18,3,d1cf56ef5b184a9d8d601052f3642d11463fe7435c2ef760947a9f9e9d011969,2,3,100,64,4,16,2,4,,sgd,0.03,0.9,800,512,0.0,8192,0.4139033555984497,0.8662109375,0.6134543418884277,0.6074262857437134,12.445260047912598,"[1.562266230583191,2.0721371173858643,2.0196926593780518,1.8739981651306152,2.0199763774871826,2.014914035797119,2.0280206203460693,2.2634832859039307]","[2.119494676589966,1.9817290306091309,2.0233840942382812,2.059901475906372,1.9331157207489014,1.9270884990692139,2.349018096923828,2.1785929203033447]",seeds/cell-003-d1cf56ef5b18/seed-2/checkpoint.pt,seeds/cell-003-d1cf56ef5b18/seed-2/snapshots/step-000100.pt
1,replication-momentum-sgd-12seeds-v1,acac69fd0fb0eb72c223dcdbd380b2cff3f020d29c0cefc2e02ac2c1212afe00,cell-003-d1cf56ef5b18,3,d1cf56ef5b184a9d8d601052f3642d11463fe7435c2ef760947a9f9e9d011969,2,4,150,64,4,16,2,4,,sgd,0.03,0.9,800,512,0.0,8192,0.14543545246124268,0.958984375,0.8621772527694702,0.8298709392547607,12.036486625671387,"[1.4481303691864014,2.5149006843566895,2.1081182956695557,2.0533642768859863,1.9542944431304932,2.085667610168457,2.1760239601135254,2.4717886447906494]","[2.0339837074279785,2.0391311645507812,1.9792476892471313,2.0034821033477783,1.8811259269714355,1.8911261558532715,2.5774595737457275,2.3071815967559814]",seeds/cell-003-d1cf56ef5b18/seed-2/checkpoint.pt,seeds/cell-003-d1cf56ef5b18/seed-2/snapshots/step-000150.pt
1,replication-momentum-sgd-12seeds-v1,acac69fd0fb0eb72c223dcdbd380b2cff3f020d29c0cefc2e02ac2c1212afe00,cell-003-d1cf56ef5b18,3,d1cf56ef5b184a9d8d601052f3642d11463fe7435c2ef760947a9f9e9d011969,2,5,200,64,4,16,2,4,,sgd,0.03,0.9,800,512,0.0,8192,0.06939030438661575,0.9794921875,0.9248660802841187,0.8938055634498596,11.750099182128906,"[1.3745968341827393,2.898742437362671,2.1010212898254395,2.144500732421875,1.9417462348937988,2.127128839492798,2.288782835006714,2.5923643112182617]","[1.9049584865570068,2.072148323059082,1.8822697401046753,1.9836429357528687,1.843654751777649,1.8713335990905762,2.86963152885437,2.4374778270721436]",seeds/cell-003-d1cf56ef5b18/seed-2/checkpoint.pt,seeds/cell-003-d1cf56ef5b18/seed-2/snapshots/step-000200.pt
1,replication-momentum-sgd-12seeds-v1,acac69fd0fb0eb72c223dcdbd380b2cff3f020d29c0cefc2e02ac2c1212afe00,cell-003-d1cf56ef5b18,3,d1cf56ef5b184a9d8d601052f3642d11463fe7435c2ef760947a9f9e9d011969,2,6,300,64,4,16,2,4,,sgd,0.03,0.9,800,512,0.0,8192,0.037747014313936234,0.9888916015625,0.964134931564331,0.9385370016098022,11.376054763793945,"[1.31584632396698,3.3090240955352783,2.133333206176758,2.2558469772338867,1.9335018396377563,2.1720831394195557,2.378587007522583,2.687145233154297]","[1.76334547996521,2.032670736312866,1.76710045337677,1.8748735189437866,1.8135688304901123,1.8626255989074707,3.153841257095337,2.565774917602539]",seeds/cell-003-d1cf56ef5b18/seed-2/checkpoint.pt,seeds/cell-003-d1cf56ef5b18/seed-2/snapshots/step-000300.pt
1,replication-momentum-sgd-12seeds-v1,acac69fd0fb0eb72c223dcdbd380b2cff3f020d29c0cefc2e02ac2c1212afe00,cell-003-d1cf56ef5b18,3,d1cf56ef5b184a9d8d601052f3642d11463fe7435c2ef760947a9f9e9d011969,2,7,400,64,4,16,2,4,,sgd,0.03,0.9,800,512,0.0,8192,0.012387318536639214,0.996337890625,0.9830742478370667,0.966093897819519,11.163987159729004,"[1.3116048574447632,3.5337774753570557,2.1634373664855957,2.2785298824310303,1.9253385066986084,2.1779375076293945,2.428323745727539,2.7180328369140625]","[1.6868656873703003,2.0097780227661133,1.73240065574646,1.8044607639312744,1.783178687095642,1.8504806756973267,3.356647253036499,2.6155121326446533]",seeds/cell-003-d1cf56ef5b18/seed-2/checkpoint.pt,seeds/cell-003-d1cf56ef5b18/seed-2/snapshots/step-000400.pt
1,replication-momentum-sgd-12seeds-v1,acac69fd0fb0eb72c223dcdbd380b2cff3f020d29c0cefc2e02ac2c1212afe00,cell-003-d1cf56ef5b18,3,d1cf56ef5b184a9d8d601052f3642d11463fe7435c2ef760947a9f9e9d011969,2,8,500,64,4,16,2,4,,sgd,0.03,0.9,800,512,0.0,8192,0.008552280254662037,0.9976806640625,0.9944294691085815,0.9742463827133179,11.047993659973145,"[1.3261195421218872,3.638234853744507,2.1796610355377197,2.3097167015075684,1.920977234840393,2.1835262775421143,2.4470326900482178,2.7401363849639893]","[1.6511445045471191,1.9937998056411743,1.683847427368164,1.7788307666778564,1.7670822143554688,1.8453649282455444,3.465459108352661,2.6526951789855957]",seeds/cell-003-d1cf56ef5b18/seed-2/checkpoint.pt,seeds/cell-003-d1cf56ef5b18/seed-2/snapshots/step-000500.pt
1,replication-momentum-sgd-12seeds-v1,acac69fd0fb0eb72c223dcdbd380b2cff3f020d29c0cefc2e02ac2c1212afe00,cell-003-d1cf56ef5b18,3,d1cf56ef5b184a9d8d601052f3642d11463fe7435c2ef760947a9f9e9d011969,2,9,600,64,4,16,2,4,,sgd,0.03,0.9,800,512,0.0,8192,0.005723858252167702,0.998291015625,0.9985564947128296,0.9747064709663391,10.959009170532227,"[1.3231215476989746,3.715663433074951,2.192716121673584,2.311337471008301,1.9168905019760132,2.188094139099121,2.4688360691070557,2.7569711208343506]","[1.6398736238479614,1.996619701385498,1.6558877229690552,1.7469033002853394,1.756853461265564,1.844111680984497,3.550283432006836,2.671227216720581]",seeds/cell-003-d1cf56ef5b18/seed-2/checkpoint.pt,seeds/cell-003-d1cf56ef5b18/seed-2/snapshots/step-000600.pt
1,replication-momentum-sgd-12seeds-v1,acac69fd0fb0eb72c223dcdbd380b2cff3f020d29c0cefc2e02ac2c1212afe00,cell-003-d1cf56ef5b18,3,d1cf56ef5b184a9d8d601052f3642d11463fe7435c2ef760947a9f9e9d011969,2,10,800,64,4,16,2,4,,sgd,0.03,0.9,800,512,0.0,8192,0.0026652724482119083,0.9993896484375,0.9968371987342834,0.9835523366928101,10.786065101623535,"[1.317305564880371,3.836031675338745,2.2533934116363525,2.3231704235076904,1.9115197658538818,2.1943717002868652,2.509826421737671,2.777812957763672]","[1.5827285051345825,2.014549732208252,1.6266422271728516,1.7463891506195068,1.7388912439346313,1.8465608358383179,3.6539382934570312,2.7110068798065186]",seeds/cell-003-d1cf56ef5b18/seed-2/checkpoint.pt,seeds/cell-003-d1cf56ef5b18/seed-2/snapshots/step-000800.pt
1,replication-momentum-sgd-12seeds-v1,acac69fd0fb0eb72c223dcdbd380b2cff3f020d29c0cefc2e02ac2c1212afe00,cell-003-d1cf56ef5b18,3,d1cf56ef5b184a9d8d601052f3642d11463fe7435c2ef760947a9f9e9d011969,3,0,0,64,4,16,2,4,,sgd,0.03,0.9,800,512,0.0,8192,1.57158362865448,0.6368408203125,0.3753078579902649,0.19967931509017944,13.002161026000977,"[1.3440659046173096,1.7443288564682007,2.018559694290161,2.0256571769714355,1.8312400579452515,1.589189052581787,1.844340443611145,1.9475626945495605]","[1.7005606889724731,1.8288600444793701,1.8816708326339722,2.2547194957733154,1.1859729290008545,2.2729198932647705,1.9865111112594604,1.476914644241333]",seeds/cell-003-d1cf56ef5b18/seed-3/checkpoint.pt,seeds/cell-003-d1cf56ef5b18/seed-3/snapshots/step-000000.pt
1,replication-momentum-sgd-12seeds-v1,acac69fd0fb0eb72c223dcdbd380b2cff3f020d29c0cefc2e02ac2c1212afe00,cell-003-d1cf56ef5b18,3,d1cf56ef5b184a9d8d601052f3642d11463fe7435c2ef760947a9f9e9d011969,3,1,25,64,4,16,2,4,,sgd,0.03,0.9,800,512,0.0,8192,0.8334997296333313,0.6640625,0.24070501327514648,0.22222930192947388,12.933792114257812,"[1.3631359338760376,1.7693703174591064,2.0066018104553223,1.9868494272232056,1.8121223449707031,1.6050748825073242,1.8541431427001953,1.9461969137191772]","[2.018293857574463,2.096524715423584,1.8811386823654175,2.288562297821045,1.2809754610061646,2.351375102996826,2.0166962146759033,1.481539249420166]",seeds/cell-003-d1cf56ef5b18/seed-3/checkpoint.pt,seeds/cell-003-d1cf56ef5b18/seed-3/snapshots/step-000025.pt
1,replication-momentum-sgd-12seeds-v1,acac69fd0fb0eb72c223dcdbd380b2cff3f020d29c0cefc2e02ac2c1212afe00,cell-003-d1cf56ef5b18,3,d1cf56ef5b184a9d8d601052f3642d11463fe7435c2ef760947a9f9e9d011969,3,2,50,64,4,16,2,4,,sgd,0.03,0.9,800,512,0.0,8192,0.7664362192153931,0.6966552734375,0.27324244379997253,0.24971270561218262,12.834285736083984,"[1.3439111709594727,1.7648720741271973,2.0108819007873535,1.9790916442871094,1.8123070001602173,1.6045583486557007,1.8597060441970825,1.9464259147644043]","[2.0493268966674805,2.1796889305114746,1.9110004901885986,2.3217968940734863,1.3260829448699951,2.3805055618286133,2.0318193435668945,1.4990780353546143]",seeds/cell-003-d1cf56ef5b18/seed-3/checkpoint.pt,seeds/cell-003-d1cf56ef5b18/seed-3/snapshots/step-000050.pt
1,replication-momentum-sgd-12seeds-v1,acac69fd0fb0eb72c223dcdbd380b2cff3f020d29c0cefc2e02ac2c1212afe00,cell-003-d1cf56ef5b18,3,d1cf56ef5b184a9d8d601052f3642d11463fe7435c2ef760947a9f9e9d011969,3,3,100,64,4,16,2,4,,sgd,0.03,0.9,800,512,0.0,8192,0.6077764630317688,0.7760009765625,0.39248478412628174,0.3963872790336609,12.157158851623535,"[1.4108744859695435,2.5012898445129395,2.027942180633545,1.9782339334487915,1.8148565292358398,1.5923113822937012,1.862506628036499,1.9504594802856445]","[2.026219129562378,2.558398723602295,1.9048384428024292,2.332932949066162,1.332608938217163,2.3218109607696533,2.0076828002929688,1.4912651777267456]",seeds/cell-003-d1cf56ef5b18/seed-3/checkpoint.pt,seeds/cell-003-d1cf56ef5b18/seed-3/snapshots/step-000100.pt
1,replication-momentum-sgd-12seeds-v1,acac69fd0fb0eb72c223dcdbd380b2cff3f020d29c0cefc2e02ac2c1212afe00,cell-003-d1cf56ef5b18,3,d1cf56ef5b184a9d8d601052f3642d11463fe7435c2ef760947a9f9e9d011969,3,4,150,64,4,16,2,4,,sgd,0.03,0.9,800,512,0.0,8192,0.266116201877594,0.91845703125,0.7386904358863831,0.7652498483657837,11.057961463928223,"[1.5232802629470825,3.460961103439331,2.037648916244507,1.9837818145751953,1.8172346353530884,1.591355323791504,1.85043466091156,1.9576681852340698]","[2.018937110900879,3.0572760105133057,1.8998441696166992,2.281996965408325,1.300321102142334,2.314303398132324,1.98405122756958,1.4747300148010254]",seeds/cell-003-d1cf56ef5b18/seed-3/checkpoint.pt,seeds/cell-003-d1cf56ef5b18/seed-3/snapshots/step-000150.pt
1,replication-momentum-sgd-12seeds-v1,acac69fd0fb0eb72c223dcdbd380b2cff3f020d29c0cefc2e02ac2c1212afe00,cell-003-d1cf56ef5b18,3,d1cf56ef5b184a9d8d601052f3642d11463fe7435c2ef760947a9f9e9d011969,3,5,200,64,4,16,2,4,,sgd,0.03,0.9,800,512,0.0,8192,0.06745879352092743,0.979248046875,0.9225693941116333,0.9211865067481995,10.325475692749023,"[1.5508028268814087,4.190722465515137,2.036241292953491,1.97499680519104,1.8179820775985718,1.6006810665130615,1.8440635204315186,1.9576035737991333]","[1.9495019912719727,3.817671775817871,1.8552308082580566,2.2297792434692383,1.2482508420944214,2.257638931274414,1.956596851348877,1.4735503196716309]",seeds/cell-003-d1cf56ef5b18/seed-3/checkpoint.pt,seeds/cell-003-d1cf56ef5b18/seed-3/snapshots/step-000200.pt
1,replication-momentum-sgd-12seeds-v1,acac69fd0fb0eb72c223dcdbd380b2cff3f020d29c0cefc2e02ac2c1212afe00,cell-003-d1cf56ef5b18,3,d1cf56ef5b184a9d8d601052f3642d11463fe7435c2ef760947a9f9e9d011969,3,6,300,64,4,16,2,4,,sgd,0.03,0.9,800,512,0.0,8192,0.021181507036089897,0.9940185546875,0.9842668771743774,0.976646900177002,9.725390434265137,"[1.5466229915618896,4.604151725769043,2.0312204360961914,1.9633878469467163,1.819702386856079,1.6030689477920532,1.842913031578064,1.9588143825531006]","[1.9034717082977295,4.5475568771362305,1.8150891065597534,2.173778772354126,1.236858606338501,2.2088284492492676,1.9616432189941406,1.4778279066085815]",seeds/cell-003-d1cf56ef5b18/seed-3/checkpoint.pt,seeds/cell-003-d1cf56ef5b18/seed-3/snapshots/step-000300.pt
1,replication-momentum-sgd-12seeds-v1,acac69fd0fb0eb72c223dcdbd380b2cff3f020d29c0cefc2e02ac2c1212afe00,cell-003-d1cf56ef5b18,3,d1cf56ef5b184a9d8d601052f3642d11463fe7435c2ef760947a9f9e9d011969,3,7,400,64,4,16,2,4,,sgd,0.03,0.9,800,512,0.0,8192,0.010078482329845428,0.99755859375,0.9904943704605103,0.9809956550598145,9.369641304016113,"[1.5421624183654785,4.849419593811035,2.0247912406921387,1.9570622444152832,1.8205804824829102,1.6031359434127808,1.8434672355651855,1.95987868309021]","[1.8773696422576904,4.928308010101318,1.7762513160705566,2.1407532691955566,1.2341488599777222,2.193115711212158,1.9690293073654175,1.4792203903198242]",seeds/cell-003-d1cf56ef5b18/seed-3/checkpoint.pt,seeds/cell-003-d1cf56ef5b18/seed-3/snapshots/step-000400.pt
1,replication-momentum-sgd-12seeds-v1,acac69fd0fb0eb72c223dcdbd380b2cff3f020d29c0cefc2e02ac2c1212afe00,cell-003-d1cf56ef5b18,3,d1cf56ef5b184a9d8d601052f3642d11463fe7435c2ef760947a9f9e9d011969,3,8,500,64,4,16,2,4,,sgd,0.03,0.9,800,512,0.0,8192,0.003866946790367365,0.9990234375,0.9976422190666199,0.9898836612701416,9.08984661102295,"[1.53983473777771,5.013244152069092,2.019524574279785,1.9523764848709106,1.8213238716125488,1.602909803390503,1.8434151411056519,1.9607404470443726]","[1.8538295030593872,5.183905601501465,1.7499626874923706,2.1192550659179688,1.2328659296035767,2.182722806930542,1.9729000329971313,1.4809406995773315]",seeds/cell-003-d1cf56ef5b18/seed-3/checkpoint.pt,seeds/cell-003-d1cf56ef5b18/seed-3/snapshots/step-000500.pt
1,replication-momentum-sgd-12seeds-v1,acac69fd0fb0eb72c223dcdbd380b2cff3f020d29c0cefc2e02ac2c1212afe00,cell-003-d1cf56ef5b18,3,d1cf56ef5b184a9d8d601052f3642d11463fe7435c2ef760947a9f9e9d011969,3,9,600,64,4,16,2,4,,sgd,0.03,0.9,800,512,0.0,8192,0.000507019052747637,1.0,0.997668445110321,0.9859148859977722,8.99893569946289,"[1.5369035005569458,5.079162120819092,2.0172133445739746,1.9491016864776611,1.8216593265533447,1.6030473709106445,1.8444932699203491,1.9610389471054077]","[1.837755560874939,5.3581037521362305,1.7348395586013794,2.10221791267395,1.231197714805603,2.1770408153533936,1.974526286125183,1.4816195964813232]",seeds/cell-003-d1cf56ef5b18/seed-3/checkpoint.pt,seeds/cell-003-d1cf56ef5b18/seed-3/snapshots/step-000600.pt
1,replication-momentum-sgd-12seeds-v1,acac69fd0fb0eb72c223dcdbd380b2cff3f020d29c0cefc2e02ac2c1212afe00,cell-003-d1cf56ef5b18,3,d1cf56ef5b184a9d8d601052f3642d11463fe7435c2ef760947a9f9e9d011969,3,10,800,64,4,16,2,4,,sgd,0.03,0.9,800,512,0.0,8192,0.00024638394825160503,1.0,0.9983786344528198,0.9854674339294434,8.968708038330078,"[1.533632516860962,5.128066062927246,2.0149435997009277,1.9459024667739868,1.8219259977340698,1.6032888889312744,1.845473051071167,1.9611811637878418]","[1.8236206769943237,5.5117011070251465,1.722174882888794,2.0860166549682617,1.229821801185608,2.173537015914917,1.9754669666290283,1.481734275817871]",seeds/cell-003-d1cf56ef5b18/seed-3/checkpoint.pt,seeds/cell-003-d1cf56ef5b18/seed-3/snapshots/step-000800.pt
1,replication-momentum-sgd-12seeds-v1,acac69fd0fb0eb72c223dcdbd380b2cff3f020d29c0cefc2e02ac2c1212afe00,cell-003-d1cf56ef5b18,3,d1cf56ef5b184a9d8d601052f3642d11463fe7435c2ef760947a9f9e9d011969,4,0,0,64,4,16,2,4,,sgd,0.03,0.9,800,512,0.0,8192,0.9691535234451294,0.61376953125,0.13722333312034607,0.11186464130878448,12.433082580566406,"[2.026197910308838,2.150603771209717,1.7228927612304688,1.9802128076553345,1.942541480064392,1.9666228294372559,2.1412088871002197,1.905314326286316]","[2.4477667808532715,1.73225736618042,1.934912085533142,1.739000916481018,1.6840764284133911,1.7984682321548462,1.9904283285140991,2.075167655944824]",seeds/cell-003-d1cf56ef5b18/seed-4/checkpoint.pt,seeds/cell-003-d1cf56ef5b18/seed-4/snapshots/step-000000.pt
1,replication-momentum-sgd-12seeds-v1,acac69fd0fb0eb72c223dcdbd380b2cff3f020d29c0cefc2e02ac2c1212afe00,cell-003-d1cf56ef5b18,3,d1cf56ef5b184a9d8d601052f3642d11463fe7435c2ef760947a9f9e9d011969,4,1,25,64,4,16,2,4,,sgd,0.03,0.9,800,512,0.0,8192,0.7550257444381714,0.7005615234375,0.20989879965782166,0.18479838967323303,12.403831481933594,"[1.9810422658920288,2.1367130279541016,1.6673004627227783,1.9512873888015747,1.954134225845337,1.945798397064209,2.132429599761963,1.8949673175811768]","[2.516528844833374,1.7225852012634277,1.925628662109375,1.7764911651611328,1.7699095010757446,1.7762545347213745,2.06852650642395,2.1085078716278076]",seeds/cell-003-d1cf56ef5b18/seed-4/checkpoint.pt,seeds/cell-003-d1cf56ef5b18/seed-4/snapshots/step-000025.pt
1,replication-momentum-sgd-12seeds-v1,acac69fd0fb0eb72c223dcdbd380b2cff3f020d29c0cefc2e02ac2c1212afe00,cell-003-d1cf56ef5b18,3,d1cf56ef5b184a9d8d601052f3642d11463fe7435c2ef760947a9f9e9d011969,4,2,50,64,4,16,2,4,,sgd,0.03,0.9,800,512,0.0,8192,0.7274574637413025,0.721923828125,0.31775963306427,0.3033270239830017,12.369524955749512,"[1.9576265811920166,2.16361141204834,1.6738648414611816,1.9784735441207886,1.9749587774276733,1.9341932535171509,2.122504711151123,1.8900872468948364]","[2.559732675552368,1.7458709478378296,1.9208506345748901,1.8224540948867798,1.8092330694198608,1.7817598581314087,2.0312960147857666,2.0975379943847656]",seeds/cell-003-d1cf56ef5b18/seed-4/checkpoint.pt,seeds/cell-003-d1cf56ef5b18/seed-4/snapshots/step-000050.pt
1,replication-momentum-sgd-12seeds-v1,acac69fd0fb0eb72c223dcdbd380b2cff3f020d29c0cefc2e02ac2c1212afe00,cell-003-d1cf56ef5b18,3,d1cf56ef5b184a9d8d601052f3642d11463fe7435c2ef760947a9f9e9d011969,4,3,100,64,4,16,2,4,,sgd,0.03,0.9,800,512,0.0,8192,0.429836630821228,0.8677978515625,0.5283675193786621,0.5587588548660278,11.982545852661133,"[2.055216073989868,2.2959604263305664,2.0799708366394043,2.274247169494629,2.0734448432922363,1.892738938331604,2.1136438846588135,1.8733205795288086]","[2.484278440475464,1.8116427659988403,2.005298614501953,1.9395360946655273,1.809900164604187,1.7620574235916138,1.9847960472106934,2.02512526512146]",seeds/cell-003-d1cf56ef5b18/seed-4/checkpoint.pt,seeds/cell-003-d1cf56ef5b18/seed-4/snapshots/step-000100.pt
1,replication-momentum-sgd-12seeds-v1,acac69fd0fb0eb72c223dcdbd380b2cff3f020d29c0cefc2e02ac2c1212afe00,cell-003-d1cf56ef5b18,3,d1cf56ef5b184a9d8d601052f3642d11463fe7435c2ef760947a9f9e9d011969,4,4,150,64,4,16,2,4,,sgd,0.03,0.9,800,512,0.0,8192,0.10464147478342056,0.974609375,0.9091849327087402,0.9187955856323242,11.404484748840332,"[2.1170716285705566,2.2463412284851074,2.955350160598755,2.6644864082336426,2.1103320121765137,1.8530099391937256,2.08351469039917,1.842729091644287]","[2.3632967472076416,1.62740957736969,2.4272780418395996,2.0762016773223877,1.7817269563674927,1.7617422342300415,1.9697446823120117,1.970132827758789]",seeds/cell-003-d1cf56ef5b18/seed-4/checkpoint.pt,seeds/cell-003-d1cf56ef5b18/seed-4/snapshots/step-000150.pt
1,replication-momentum-sgd-12seeds-v1,acac69fd0fb0eb72c223dcdbd380b2cff3f020d29c0cefc2e02ac2c1212afe00,cell-003-d1cf56ef5b18,3,d1cf56ef5b184a9d8d601052f3642d11463fe7435c2ef760947a9f9e9d011969,4,5,200,64,4,16,2,4,,sgd,0.03,0.9,800,512,0.0,8192,0.031104937195777893,0.9940185546875,0.9905324578285217,0.9971646070480347,11.146759986877441,"[2.119542360305786,2.2355942726135254,3.293159246444702,2.8483779430389404,2.140957832336426,1.9075698852539062,2.0782032012939453,1.8368408679962158]","[2.2628703117370605,1.5445609092712402,2.7297303676605225,2.1531105041503906,1.7880780696868896,1.933980107307434,1.9599858522415161,1.9462143182754517]",seeds/cell-003-d1cf56ef5b18/seed-4/checkpoint.pt,seeds/cell-003-d1cf56ef5b18/seed-4/snapshots/step-000200.pt
1,replication-momentum-sgd-12seeds-v1,acac69fd0fb0eb72c223dcdbd380b2cff3f020d29c0cefc2e02ac2c1212afe00,cell-003-d1cf56ef5b18,3,d1cf56ef5b184a9d8d601052f3642d11463fe7435c2ef760947a9f9e9d011969,4,6,300,64,4,16,2,4,,sgd,0.03,0.9,800,512,0.0,8192,0.015343302860856056,0.9964599609375,0.9805688858032227,0.9778690338134766,10.97739028930664,"[2.1551740169525146,2.235910654067993,3.4854001998901367,3.0104358196258545,2.1525704860687256,1.9074821472167969,2.0784964561462402,1.8430745601654053]","[2.2025253772735596,1.5104336738586426,2.8839683532714844,2.223644733428955,1.8111224174499512,2.063891649246216,1.962915301322937,1.9499164819717407]",seeds/cell-003-d1cf56ef5b18/seed-4/checkpoint.pt,seeds/cell-003-d1cf56ef5b18/seed-4/snapshots/step-000300.pt
1,replication-momentum-sgd-12seeds-v1,acac69fd0fb0eb72c223dcdbd380b2cff3f020d29c0cefc2e02ac2c1212afe00,cell-003-d1cf56ef5b18,3,d1cf56ef5b184a9d8d601052f3642d11463fe7435c2ef760947a9f9e9d011969,4,7,400,64,4,16,2,4,,sgd,0.03,0.9,800,512,0.0,8192,0.004725058563053608,0.9990234375,0.9974707365036011,0.9980834722518921,10.86044979095459,"[2.166644334793091,2.225208282470703,3.5744848251342773,3.0894405841827393,2.159114360809326,1.9036083221435547,2.0793886184692383,1.8474459648132324]","[2.144709348678589,1.4797594547271729,2.9731028079986572,2.2978527545928955,1.825654149055481,2.123569965362549,1.9681285619735718,1.9563817977905273]",seeds/cell-003-d1cf56ef5b18/seed-4/checkpoint.pt,seeds/cell-003-d1cf56ef5b18/seed-4/snapshots/step-000400.pt
1,replication-momentum-sgd-12seeds-v1,acac69fd0fb0eb72c223dcdbd380b2cff3f020d29c0cefc2e02ac2c1212afe00,cell-003-d1cf56ef5b18,3,d1cf56ef5b184a9d8d601052f3642d11463fe7435c2ef760947a9f9e9d011969,4,8,500,64,4,16,2,4,,sgd,0.03,0.9,800,512,0.0,8192,0.0022747665643692017,0.999755859375,0.988429069519043,0.9917473793029785,10.80596923828125,"[2.180265188217163,2.218989133834839,3.6284186840057373,3.1239607334136963,2.163905382156372,1.9018563032150269,2.0789988040924072,1.8513585329055786]","[2.1391563415527344,1.4548758268356323,3.0363290309906006,2.3212943077087402,1.8373394012451172,2.1619081497192383,1.9719905853271484,1.9594106674194336]",seeds/cell-003-d1cf56ef5b18/seed-4/checkpoint.pt,seeds/cell-003-d1cf56ef5b18/seed-4/snapshots/step-000500.pt
1,replication-momentum-sgd-12seeds-v1,acac69fd0fb0eb72c223dcdbd380b2cff3f020d29c0cefc2e02ac2c1212afe00,cell-003-d1cf56ef5b18,3,d1cf56ef5b184a9d8d601052f3642d11463fe7435c2ef760947a9f9e9d011969,4,9,600,64,4,16,2,4,,sgd,0.03,0.9,800,512,0.0,8192,0.0030451463535428047,0.9993896484375,0.9942277669906616,0.9953818321228027,10.754257202148438,"[2.1880812644958496,2.2159268856048584,3.6775963306427,3.1505014896392822,2.1685409545898438,1.8990646600723267,2.079636573791504,1.8539749383926392]","[2.1191463470458984,1.437491774559021,3.100952625274658,2.3381121158599854,1.8492072820663452,2.1822896003723145,1.9755412340164185,1.964115858078003]",seeds/cell-003-d1cf56ef5b18/seed-4/checkpoint.pt,seeds/cell-003-d1cf56ef5b18/seed-4/snapshots/step-000600.pt
1,replication-momentum-sgd-12seeds-v1,acac69fd0fb0eb72c223dcdbd380b2cff3f020d29c0cefc2e02ac2c1212afe00,cell-003-d1cf56ef5b18,3,d1cf56ef5b184a9d8d601052f3642d11463fe7435c2ef760947a9f9e9d011969,4,10,800,64,4,16,2,4,,sgd,0.03,0.9,800,512,0.0,8192,0.004186008125543594,0.999267578125,0.9942209124565125,0.9959548711776733,10.640865325927734,"[2.2046825885772705,2.212108612060547,3.763518810272217,3.240205764770508,2.175380229949951,1.8853331804275513,2.0787787437438965,1.8600376844406128]","[2.0932915210723877,1.4170689582824707,3.123868465423584,2.437366485595703,1.8650457859039307,2.215749502182007,1.976514220237732,1.9706435203552246]",seeds/cell-003-d1cf56ef5b18/seed-4/checkpoint.pt,seeds/cell-003-d1cf56ef5b18/seed-4/snapshots/step-000800.pt
1,replication-momentum-sgd-12seeds-v1,acac69fd0fb0eb72c223dcdbd380b2cff3f020d29c0cefc2e02ac2c1212afe00,cell-003-d1cf56ef5b18,3,d1cf56ef5b184a9d8d601052f3642d11463fe7435c2ef760947a9f9e9d011969,5,0,0,64,4,16,2,4,,sgd,0.03,0.9,800,512,0.0,8192,1.2268781661987305,0.542236328125,0.056743159890174866,0.04336816444993019,12.655357360839844,"[1.4194681644439697,1.7003569602966309,1.5665652751922607,2.074610948562622,2.53790283203125,1.7779000997543335,1.9554154872894287,1.806839108467102]","[2.032353639602661,2.572751998901367,1.9629610776901245,2.2818551063537598,2.1421406269073486,2.101074695587158,1.8418982028961182,1.313095211982727]",seeds/cell-003-d1cf56ef5b18/seed-5/checkpoint.pt,seeds/cell-003-d1cf56ef5b18/seed-5/snapshots/step-000000.pt
1,replication-momentum-sgd-12seeds-v1,acac69fd0fb0eb72c223dcdbd380b2cff3f020d29c0cefc2e02ac2c1212afe00,cell-003-d1cf56ef5b18,3,d1cf56ef5b184a9d8d601052f3642d11463fe7435c2ef760947a9f9e9d011969,5,1,25,64,4,16,2,4,,sgd,0.03,0.9,800,512,0.0,8192,0.7782402634620667,0.6846923828125,0.23871132731437683,0.2004224807024002,12.598626136779785,"[1.419008493423462,1.6389799118041992,1.5739848613739014,2.0700693130493164,2.4719955921173096,1.7467671632766724,1.9132118225097656,1.7987451553344727]","[2.06907057762146,2.76334810256958,2.0078952312469482,2.3198370933532715,2.2578604221343994,2.141505718231201,1.9706424474716187,1.3552770614624023]",seeds/cell-003-d1cf56ef5b18/seed-5/checkpoint.pt,seeds/cell-003-d1cf56ef5b18/seed-5/snapshots/step-000025.pt
1,replication-momentum-sgd-12seeds-v1,acac69fd0fb0eb72c223dcdbd380b2cff3f020d29c0cefc2e02ac2c1212afe00,cell-003-d1cf56ef5b18,3,d1cf56ef5b184a9d8d601052f3642d11463fe7435c2ef760947a9f9e9d011969,5,2,50,64,4,16,2,4,,sgd,0.03,0.9,800,512,0.0,8192,0.7334239482879639,0.7071533203125,0.26407933235168457,0.24057984352111816,12.502371788024902,"[1.4292140007019043,1.6792113780975342,1.5856865644454956,2.0734055042266846,2.4468886852264404,1.7457804679870605,1.8874934911727905,1.7971495389938354]","[2.0660576820373535,2.8574233055114746,2.0296571254730225,2.327150583267212,2.241318941116333,2.1556711196899414,1.9708667993545532,1.376794695854187]",seeds/cell-003-d1cf56ef5b18/seed-5/checkpoint.pt,seeds/cell-003-d1cf56ef5b18/seed-5/snapshots/step-000050.pt
1,replication-momentum-sgd-12seeds-v1,acac69fd0fb0eb72c223dcdbd380b2cff3f020d29c0cefc2e02ac2c1212afe00,cell-003-d1cf56ef5b18,3,d1cf56ef5b184a9d8d601052f3642d11463fe7435c2ef760947a9f9e9d011969,5,3,100,64,4,16,2,4,,sgd,0.03,0.9,800,512,0.0,8192,0.34544771909713745,0.8902587890625,0.6680147051811218,0.6939992308616638,11.653663635253906,"[1.4225959777832031,2.723127841949463,1.6181163787841797,2.082188844680786,2.4113616943359375,1.754709005355835,1.8817346096038818,1.792259931564331]","[2.0560755729675293,3.2966811656951904,2.0235936641693115,2.354600667953491,2.129856824874878,2.1385276317596436,1.9087793827056885,1.333277702331543]",seeds/cell-003-d1cf56ef5b18/seed-5/checkpoint.pt,seeds/cell-003-d1cf56ef5b18/seed-5/snapshots/step-000100.pt
1,replication-momentum-sgd-12seeds-v1,acac69fd0fb0eb72c223dcdbd380b2cff3f020d29c0cefc2e02ac2c1212afe00,cell-003-d1cf56ef5b18,3,d1cf56ef5b184a9d8d601052f3642d11463fe7435c2ef760947a9f9e9d011969,5,4,150,64,4,16,2,4,,sgd,0.03,0.9,800,512,0.0,8192,0.1141258180141449,0.9661865234375,0.8558966517448425,0.8660587072372437,10.829349517822266,"[1.4397594928741455,3.6873910427093506,1.6075550317764282,2.064777135848999,2.3673927783966064,1.7650673389434814,1.8850516080856323,1.8043419122695923]","[2.0583462715148926,3.921748161315918,2.011380195617676,2.2696011066436768,2.0244572162628174,2.1120972633361816,1.8599272966384888,1.3303344249725342]",seeds/cell-003-d1cf56ef5b18/seed-5/checkpoint.pt,seeds/cell-003-d1cf56ef5b18/seed-5/snapshots/step-000150.pt
1,replication-momentum-sgd-12seeds-v1,acac69fd0fb0eb72c223dcdbd380b2cff3f020d29c0cefc2e02ac2c1212afe00,cell-003-d1cf56ef5b18,3,d1cf56ef5b184a9d8d601052f3642d11463fe7435c2ef760947a9f9e9d011969,5,5,200,64,4,16,2,4,,sgd,0.03,0.9,800,512,0.0,8192,0.06472074240446091,0.97900390625,0.9339889287948608,0.9406124353408813,10.408541679382324,"[1.4502547979354858,4.195362091064453,1.5931950807571411,2.0473434925079346,2.3534913063049316,1.7689602375030518,1.8903725147247314,1.8067750930786133]","[2.0254948139190674,4.407522201538086,1.9683353900909424,2.2163267135620117,1.9751942157745361,2.092069149017334,1.841821312904358,1.325752854347229]",seeds/cell-003-d1cf56ef5b18/seed-5/checkpoint.pt,seeds/cell-003-d1cf56ef5b18/seed-5/snapshots/step-000200.pt
1,replication-momentum-sgd-12seeds-v1,acac69fd0fb0eb72c223dcdbd380b2cff3f020d29c0cefc2e02ac2c1212afe00,cell-003-d1cf56ef5b18,3,d1cf56ef5b184a9d8d601052f3642d11463fe7435c2ef760947a9f9e9d011969,5,6,300,64,4,16,2,4,,sgd,0.03,0.9,800,512,0.0,8192,0.021012358367443085,0.9940185546875,0.9801877737045288,0.9864251017570496,9.926197052001953,"[1.4573005437850952,4.552938461303711,1.5778334140777588,2.0332553386688232,2.3443410396575928,1.7703726291656494,1.8942278623580933,1.8106528520584106]","[1.9930025339126587,4.8473334312438965,1.9248839616775513,2.173696756362915,1.9499331712722778,2.0723671913146973,1.835754632949829,1.3206948041915894]",seeds/cell-003-d1cf56ef5b18/seed-5/checkpoint.pt,seeds/cell-003-d1cf56ef5b18/seed-5/snapshots/step-000300.pt
1,replication-momentum-sgd-12seeds-v1,acac69fd0fb0eb72c223dcdbd380b2cff3f020d29c0cefc2e02ac2c1212afe00,cell-003-d1cf56ef5b18,3,d1cf56ef5b184a9d8d601052f3642d11463fe7435c2ef760947a9f9e9d011969,5,7,400,64,4,16,2,4,,sgd,0.03,0.9,800,512,0.0,8192,0.001922234776429832,0.9996337890625,0.9937150478363037,1.0067353248596191,9.679478645324707,"[1.4568419456481934,4.72421407699585,1.5701096057891846,2.0236525535583496,2.341212034225464,1.7717593908309937,1.89658784866333,1.8145478963851929]","[1.9737945795059204,5.111466407775879,1.9008461236953735,2.1356070041656494,1.9311293363571167,2.06540846824646,1.8363604545593262,1.3236396312713623]",seeds/cell-003-d1cf56ef5b18/seed-5/checkpoint.pt,seeds/cell-003-d1cf56ef5b18/seed-5/snapshots/step-000400.pt
1,replication-momentum-sgd-12seeds-v1,acac69fd0fb0eb72c223dcdbd380b2cff3f020d29c0cefc2e02ac2c1212afe00,cell-003-d1cf56ef5b18,3,d1cf56ef5b184a9d8d601052f3642d11463fe7435c2ef760947a9f9e9d011969,5,8,500,64,4,16,2,4,,sgd,0.03,0.9,800,512,0.0,8192,0.0019824844785034657,0.999755859375,0.9982942342758179,1.0127651691436768,9.546477317810059,"[1.4561032056808472,4.811519145965576,1.5637933015823364,2.0177061557769775,2.3404250144958496,1.7724359035491943,1.8974003791809082,1.8173115253448486]","[1.961753010749817,5.262593746185303,1.8801313638687134,2.1124916076660156,1.919809103012085,2.064122200012207,1.838935375213623,1.3352984189987183]",seeds/cell-003-d1cf56ef5b18/seed-5/checkpoint.pt,seeds/cell-003-d1cf56ef5b18/seed-5/snapshots/step-000500.pt
1,replication-momentum-sgd-12seeds-v1,acac69fd0fb0eb72c223dcdbd380b2cff3f020d29c0cefc2e02ac2c1212afe00,cell-003-d1cf56ef5b18,3,d1cf56ef5b184a9d8d601052f3642d11463fe7435c2ef760947a9f9e9d011969,5,9,600,64,4,16,2,4,,sgd,0.03,0.9,800,512,0.0,8192,0.0010915165767073631,0.999755859375,0.9961397051811218,1.010885238647461,9.445953369140625,"[1.4557751417160034,4.878281593322754,1.560949444770813,2.0132110118865967,2.339704751968384,1.7735735177993774,1.8980337381362915,1.8198392391204834]","[1.9528506994247437,5.366464614868164,1.868633508682251,2.097386360168457,1.9146636724472046,2.064361572265625,1.8384629487991333,1.3428254127502441]",seeds/cell-003-d1cf56ef5b18/seed-5/checkpoint.pt,seeds/cell-003-d1cf56ef5b18/seed-5/snapshots/step-000600.pt
1,replication-momentum-sgd-12seeds-v1,acac69fd0fb0eb72c223dcdbd380b2cff3f020d29c0cefc2e02ac2c1212afe00,cell-003-d1cf56ef5b18,3,d1cf56ef5b184a9d8d601052f3642d11463fe7435c2ef760947a9f9e9d011969,5,10,800,64,4,16,2,4,,sgd,0.03,0.9,800,512,0.0,8192,0.0005260460893623531,1.0,0.9966109991073608,1.0116686820983887,9.1431303024292,"[1.4561258554458618,5.0324530601501465,1.553699016571045,2.004389524459839,2.3377950191497803,1.7765140533447266,1.899788737297058,1.8264769315719604]","[1.938177227973938,5.5740275382995605,1.8473865985870361,2.064840316772461,1.9063475131988525,2.064500331878662,1.836276888847351,1.3563183546066284]",seeds/cell-003-d1cf56ef5b18/seed-5/checkpoint.pt,seeds/cell-003-d1cf56ef5b18/seed-5/snapshots/step-000800.pt
1,replication-momentum-sgd-12seeds-v1,acac69fd0fb0eb72c223dcdbd380b2cff3f020d29c0cefc2e02ac2c1212afe00,cell-003-d1cf56ef5b18,3,d1cf56ef5b184a9d8d601052f3642d11463fe7435c2ef760947a9f9e9d011969,6,0,0,64,4,16,2,4,,sgd,0.03,0.9,800,512,0.0,8192,1.2328256368637085,0.4921875,0.030077043920755386,0.050648048520088196,12.653124809265137,"[1.958540678024292,2.2756600379943848,2.0758535861968994,2.061150550842285,1.6938432455062866,1.8846166133880615,1.5943245887756348,2.346857786178589]","[1.5859969854354858,1.946012020111084,1.9647210836410522,2.2662932872772217,1.7259881496429443,1.7556098699569702,1.8055921792984009,2.10912823677063]",seeds/cell-003-d1cf56ef5b18/seed-6/checkpoint.pt,seeds/cell-003-d1cf56ef5b18/seed-6/snapshots/step-000000.pt
1,replication-momentum-sgd-12seeds-v1,acac69fd0fb0eb72c223dcdbd380b2cff3f020d29c0cefc2e02ac2c1212afe00,cell-003-d1cf56ef5b18,3,d1cf56ef5b184a9d8d601052f3642d11463fe7435c2ef760947a9f9e9d011969,6,1,25,64,4,16,2,4,,sgd,0.03,0.9,800,512,0.0,8192,0.8053852319717407,0.686279296875,0.2456798404455185,0.21948139369487762,12.585041046142578,"[1.9880062341690063,2.273458957672119,1.996244192123413,2.0169832706451416,1.694549560546875,1.8550089597702026,1.5767797231674194,2.2646679878234863]","[1.6344748735427856,1.9762886762619019,2.0313162803649902,2.2654526233673096,1.7532905340194702,1.858847737312317,1.9167786836624146,2.1620399951934814]",seeds/cell-003-d1cf56ef5b18/seed-6/checkpoint.pt,seeds/cell-003-d1cf56ef5b18/seed-6/snapshots/step-000025.pt
1,replication-momentum-sgd-12seeds-v1,acac69fd0fb0eb72c223dcdbd380b2cff3f020d29c0cefc2e02ac2c1212afe00,cell-003-d1cf56ef5b18,3,d1cf56ef5b184a9d8d601052f3642d11463fe7435c2ef760947a9f9e9d011969,6,2,50,64,4,16,2,4,,sgd,0.03,0.9,800,512,0.0,8192,0.7688895463943481,0.697021484375,0.25418737530708313,0.24974432587623596,12.5047607421875,"[2.034205913543701,2.28564190864563,1.9986985921859741,1.9876374006271362,1.6970304250717163,1.8547996282577515,1.5748697519302368,2.2270591259002686]","[1.6389572620391846,1.9804750680923462,2.0872833728790283,2.305750846862793,1.7487717866897583,1.8495992422103882,1.9675451517105103,2.1659018993377686]",seeds/cell-003-d1cf56ef5b18/seed-6/checkpoint.pt,seeds/cell-003-d1cf56ef5b18/seed-6/snapshots/step-000050.pt
1,replication-momentum-sgd-12seeds-v1,acac69fd0fb0eb72c223dcdbd380b2cff3f020d29c0cefc2e02ac2c1212afe00,cell-003-d1cf56ef5b18,3,d1cf56ef5b184a9d8d601052f3642d11463fe7435c2ef760947a9f9e9d011969,6,3,100,64,4,16,2,4,,sgd,0.03,0.9,800,512,0.0,8192,0.42610642313957214,0.8577880859375,0.589807391166687,0.6099424958229065,11.9711275100708,"[2.193140983581543,2.334306240081787,2.2745800018310547,2.33799409866333,1.7001591920852661,1.9421788454055786,1.6263773441314697,2.1922988891601562]","[1.709712266921997,2.065650701522827,2.103188991546631,2.3852779865264893,1.7554351091384888,1.791401743888855,1.9389064311981201,2.126664638519287]",seeds/cell-003-d1cf56ef5b18/seed-6/checkpoint.pt,seeds/cell-003-d1cf56ef5b18/seed-6/snapshots/step-000100.pt
1,replication-momentum-sgd-12seeds-v1,acac69fd0fb0eb72c223dcdbd380b2cff3f020d29c0cefc2e02ac2c1212afe00,cell-003-d1cf56ef5b18,3,d1cf56ef5b184a9d8d601052f3642d11463fe7435c2ef760947a9f9e9d011969,6,4,150,64,4,16,2,4,,sgd,0.03,0.9,800,512,0.0,8192,0.11424832791090012,0.96484375,0.8733600378036499,0.8735606670379639,11.420947074890137,"[2.2073497772216797,2.2638473510742188,2.6110992431640625,3.159674644470215,1.6747543811798096,2.095916271209717,1.665539026260376,2.118445634841919]","[1.5691250562667847,1.9722270965576172,2.2241008281707764,2.632026433944702,1.7325953245162964,1.84047269821167,1.8971388339996338,2.047637701034546]",seeds/cell-003-d1cf56ef5b18/seed-6/checkpoint.pt,seeds/cell-003-d1cf56ef5b18/seed-6/snapshots/step-000150.pt
1,replication-momentum-sgd-12seeds-v1,acac69fd0fb0eb72c223dcdbd380b2cff3f020d29c0cefc2e02ac2c1212afe00,cell-003-d1cf56ef5b18,3,d1cf56ef5b184a9d8d601052f3642d11463fe7435c2ef760947a9f9e9d011969,6,5,200,64,4,16,2,4,,sgd,0.03,0.9,800,512,0.0,8192,0.027688808739185333,0.992919921875,0.9948773980140686,0.9869181513786316,11.261963844299316,"[2.1581993103027344,2.2572994232177734,2.8267760276794434,3.533592939376831,1.675912618637085,2.156965494155884,1.6784204244613647,2.089960813522339]","[1.4945372343063354,1.9259140491485596,2.308668375015259,2.7394673824310303,1.7093324661254883,1.9590898752212524,1.8812181949615479,2.0163257122039795]",seeds/cell-003-d1cf56ef5b18/seed-6/checkpoint.pt,seeds/cell-003-d1cf56ef5b18/seed-6/snapshots/step-000200.pt
1,replication-momentum-sgd-12seeds-v1,acac69fd0fb0eb72c223dcdbd380b2cff3f020d29c0cefc2e02ac2c1212afe00,cell-003-d1cf56ef5b18,3,d1cf56ef5b184a9d8d601052f3642d11463fe7435c2ef760947a9f9e9d011969,6,6,300,64,4,16,2,4,,sgd,0.03,0.9,800,512,0.0,8192,0.010979663580656052,0.9969482421875,0.9787914752960205,0.9704064130783081,11.057982444763184,"[2.1214370727539062,2.2319648265838623,2.9995815753936768,3.800623893737793,1.6825926303863525,2.1942780017852783,1.6866400241851807,2.0818591117858887]","[1.4552178382873535,1.871841311454773,2.415018320083618,2.8070878982543945,1.6941723823547363,2.091252326965332,1.8775700330734253,1.985503077507019]",seeds/cell-003-d1cf56ef5b18/seed-6/checkpoint.pt,seeds/cell-003-d1cf56ef5b18/seed-6/snapshots/step-000300.pt
1,replication-momentum-sgd-12seeds-v1,acac69fd0fb0eb72c223dcdbd380b2cff3f020d29c0cefc2e02ac2c1212afe00,cell-003-d1cf56ef5b18,3,d1cf56ef5b184a9d8d601052f3642d11463fe7435c2ef760947a9f9e9d011969,6,7,400,64,4,16,2,4,,sgd,0.03,0.9,800,512,0.0,8192,0.00372516643255949,0.999267578125,0.999459981918335,0.9931654930114746,10.933340072631836,"[2.0980312824249268,2.2220394611358643,3.0954933166503906,3.8919336795806885,1.6865389347076416,2.210888624191284,1.6901615858078003,2.0780985355377197]","[1.4281282424926758,1.8332239389419556,2.46728515625,2.862431764602661,1.6909087896347046,2.151937961578369,1.877122163772583,1.9715349674224854]",seeds/cell-003-d1cf56ef5b18/seed-6/checkpoint.pt,seeds/cell-003-d1cf56ef5b18/seed-6/snapshots/step-000400.pt
1,replication-momentum-sgd-12seeds-v1,acac69fd0fb0eb72c223dcdbd380b2cff3f020d29c0cefc2e02ac2c1212afe00,cell-003-d1cf56ef5b18,3,d1cf56ef5b184a9d8d601052f3642d11463fe7435c2ef760947a9f9e9d011969,6,8,500,64,4,16,2,4,,sgd,0.03,0.9,800,512,0.0,8192,0.0030453766230493784,0.9993896484375,1.001827597618103,0.9973212480545044,10.856668472290039,"[2.0846939086914062,2.215303897857666,3.1414990425109863,3.9527587890625,1.688828468322754,2.2211709022521973,1.6908259391784668,2.0784010887145996]","[1.4149119853973389,1.8114224672317505,2.485675096511841,2.903191328048706,1.6877264976501465,2.2098488807678223,1.875231385231018,1.962587594985962]",seeds/cell-003-d1cf56ef5b18/seed-6/checkpoint.pt,seeds/cell-003-d1cf56ef5b18/seed-6/snapshots/step-000500.pt
1,replication-momentum-sgd-12seeds-v1,acac69fd0fb0eb72c223dcdbd380b2cff3f020d29c0cefc2e02ac2c1212afe00,cell-003-d1cf56ef5b18,3,d1cf56ef5b184a9d8d601052f3642d11463fe7435c2ef760947a9f9e9d011969,6,9,600,64,4,16,2,4,,sgd,0.03,0.9,800,512,0.0,8192,0.0028513511642813683,0.999267578125,0.9978418350219727,0.9928077459335327,10.794921875,"[2.079202651977539,2.2081234455108643,3.198354959487915,3.9866085052490234,1.691213846206665,2.228861093521118,1.6916518211364746,2.079087972640991]","[1.403052568435669,1.793965458869934,2.550989866256714,2.9004740715026855,1.6872477531433105,2.2500317096710205,1.8746508359909058,1.9558123350143433]",seeds/cell-003-d1cf56ef5b18/seed-6/checkpoint.pt,seeds/cell-003-d1cf56ef5b18/seed-6/snapshots/step-000600.pt
1,replication-momentum-sgd-12seeds-v1,acac69fd0fb0eb72c223dcdbd380b2cff3f020d29c0cefc2e02ac2c1212afe00,cell-003-d1cf56ef5b18,3,d1cf56ef5b184a9d8d601052f3642d11463fe7435c2ef760947a9f9e9d011969,6,10,800,64,4,16,2,4,,sgd,0.03,0.9,800,512,0.0,8192,0.0026405558455735445,0.9991455078125,0.9915918111801147,0.9826546311378479,10.672652244567871,"[2.057976484298706,2.2008988857269287,3.302337408065796,4.020411968231201,1.6927964687347412,2.2444911003112793,1.6915611028671265,2.080512046813965]","[1.3870067596435547,1.778101921081543,2.622579336166382,2.894275426864624,1.6862915754318237,2.324094533920288,1.8711766004562378,1.9508283138275146]",seeds/cell-003-d1cf56ef5b18/seed-6/checkpoint.pt,seeds/cell-003-d1cf56ef5b18/seed-6/snapshots/step-000800.pt
1,replication-momentum-sgd-12seeds-v1,acac69fd0fb0eb72c223dcdbd380b2cff3f020d29c0cefc2e02ac2c1212afe00,cell-003-d1cf56ef5b18,3,d1cf56ef5b184a9d8d601052f3642d11463fe7435c2ef760947a9f9e9d011969,7,0,0,64,4,16,2,4,,sgd,0.03,0.9,800,512,0.0,8192,2.2520053386688232,0.3902587890625,-0.22996705770492554,-0.1982555389404297,12.656709671020508,"[1.86165189743042,2.1749229431152344,1.8071813583374023,2.1574418544769287,1.5741430521011353,2.2199440002441406,1.9589812755584717,1.837679147720337]","[1.7569515705108643,1.8363207578659058,2.1351137161254883,2.003990650177002,2.1335394382476807,1.5562671422958374,1.7788972854614258,2.3907392024993896]",seeds/cell-003-d1cf56ef5b18/seed-7/checkpoint.pt,seeds/cell-003-d1cf56ef5b18/seed-7/snapshots/step-000000.pt
1,replication-momentum-sgd-12seeds-v1,acac69fd0fb0eb72c223dcdbd380b2cff3f020d29c0cefc2e02ac2c1212afe00,cell-003-d1cf56ef5b18,3,d1cf56ef5b184a9d8d601052f3642d11463fe7435c2ef760947a9f9e9d011969,7,1,25,64,4,16,2,4,,sgd,0.03,0.9,800,512,0.0,8192,0.7857424020767212,0.692138671875,0.1920214146375656,0.1639995276927948,12.59883975982666,"[1.8480687141418457,2.160494804382324,1.7911750078201294,2.0874111652374268,1.579074740409851,2.2093052864074707,1.9754011631011963,1.839553952217102]","[1.8956307172775269,1.8942307233810425,2.432528257369995,2.218010187149048,2.4719619750976562,1.7516288757324219,1.7976815700531006,2.520240306854248]",seeds/cell-003-d1cf56ef5b18/seed-7/checkpoint.pt,seeds/cell-003-d1cf56ef5b18/seed-7/snapshots/step-000025.pt
1,replication-momentum-sgd-12seeds-v1,acac69fd0fb0eb72c223dcdbd380b2cff3f020d29c0cefc2e02ac2c1212afe00,cell-003-d1cf56ef5b18,3,d1cf56ef5b184a9d8d601052f3642d11463fe7435c2ef760947a9f9e9d011969,7,2,50,64,4,16,2,4,,sgd,0.03,0.9,800,512,0.0,8192,0.6914273500442505,0.7301025390625,0.28460296988487244,0.2745208144187927,12.436084747314453,"[1.828617811203003,2.160294771194458,1.9179422855377197,2.111206293106079,1.5779434442520142,2.2100887298583984,1.9814378023147583,1.8467577695846558]","[1.9256565570831299,1.8951826095581055,2.5150387287139893,2.3036348819732666,2.466820478439331,1.771378755569458,1.7958950996398926,2.5479302406311035]",seeds/cell-003-d1cf56ef5b18/seed-7/checkpoint.pt,seeds/cell-003-d1cf56ef5b18/seed-7/snapshots/step-000050.pt
1,replication-momentum-sgd-12seeds-v1,acac69fd0fb0eb72c223dcdbd380b2cff3f020d29c0cefc2e02ac2c1212afe00,cell-003-d1cf56ef5b18,3,d1cf56ef5b184a9d8d601052f3642d11463fe7435c2ef760947a9f9e9d011969,7,3,100,64,4,16,2,4,,sgd,0.03,0.9,800,512,0.0,8192,0.38171619176864624,0.8736572265625,0.6495724320411682,0.6601442098617554,11.745004653930664,"[1.8882355690002441,2.2518277168273926,2.4077978134155273,2.380390167236328,1.5677716732025146,2.195054531097412,1.9713958501815796,1.861904501914978]","[1.9591772556304932,2.0007805824279785,2.7591018676757812,2.419610023498535,2.2737362384796143,1.7618340253829956,1.7339215278625488,2.5267672538757324]",seeds/cell-003-d1cf56ef5b18/seed-7/checkpoint.pt,seeds/cell-003-d1cf56ef5b18/seed-7/snapshots/step-000100.pt
1,replication-momentum-sgd-12seeds-v1,acac69fd0fb0eb72c223dcdbd380b2cff3f020d29c0cefc2e02ac2c1212afe00,cell-003-d1cf56ef5b18,3,d1cf56ef5b184a9d8d601052f3642d11463fe7435c2ef760947a9f9e9d011969,7,4,150,64,4,16,2,4,,sgd,0.03,0.9,800,512,0.0,8192,0.11291293799877167,0.9715576171875,0.8532018065452576,0.8560125827789307,11.406027793884277,"[1.9270278215408325,2.231999635696411,3.090423583984375,2.6615333557128906,1.5647687911987305,2.189418077468872,1.9663417339324951,1.9099968671798706]","[1.89191472530365,1.947455644607544,3.1252381801605225,2.520172357559204,2.1755120754241943,1.7233268022537231,1.6941797733306885,2.59948992729187]",seeds/cell-003-d1cf56ef5b18/seed-7/checkpoint.pt,seeds/cell-003-d1cf56ef5b18/seed-7/snapshots/step-000150.pt
1,replication-momentum-sgd-12seeds-v1,acac69fd0fb0eb72c223dcdbd380b2cff3f020d29c0cefc2e02ac2c1212afe00,cell-003-d1cf56ef5b18,3,d1cf56ef5b184a9d8d601052f3642d11463fe7435c2ef760947a9f9e9d011969,7,5,200,64,4,16,2,4,,sgd,0.03,0.9,800,512,0.0,8192,0.029054513201117516,0.9927978515625,0.9903049468994141,0.9912387728691101,11.247021675109863,"[1.9367198944091797,2.1901016235351562,3.503399610519409,2.788816452026367,1.5740996599197388,2.1785354614257812,1.97185480594635,1.9627443552017212]","[1.845605492591858,1.9336471557617188,3.2651350498199463,2.5963220596313477,2.160745143890381,1.6854238510131836,1.6925665140151978,2.7133283615112305]",seeds/cell-003-d1cf56ef5b18/seed-7/checkpoint.pt,seeds/cell-003-d1cf56ef5b18/seed-7/snapshots/step-000200.pt
1,replication-momentum-sgd-12seeds-v1,acac69fd0fb0eb72c223dcdbd380b2cff3f020d29c0cefc2e02ac2c1212afe00,cell-003-d1cf56ef5b18,3,d1cf56ef5b184a9d8d601052f3642d11463fe7435c2ef760947a9f9e9d011969,7,6,300,64,4,16,2,4,,sgd,0.03,0.9,800,512,0.0,8192,0.01719074882566929,0.9951171875,0.9854779243469238,0.9833649396896362,11.026060104370117,"[1.9328519105911255,2.132032871246338,3.7623178958892822,2.980048656463623,1.5742517709732056,2.1743075847625732,1.973283290863037,2.022742748260498]","[1.7909235954284668,1.9026414155960083,3.338465452194214,2.755887269973755,2.1576592922210693,1.667374849319458,1.694510579109192,2.826240062713623]",seeds/cell-003-d1cf56ef5b18/seed-7/checkpoint.pt,seeds/cell-003-d1cf56ef5b18/seed-7/snapshots/step-000300.pt
1,replication-momentum-sgd-12seeds-v1,acac69fd0fb0eb72c223dcdbd380b2cff3f020d29c0cefc2e02ac2c1212afe00,cell-003-d1cf56ef5b18,3,d1cf56ef5b184a9d8d601052f3642d11463fe7435c2ef760947a9f9e9d011969,7,7,400,64,4,16,2,4,,sgd,0.03,0.9,800,512,0.0,8192,0.009678557515144348,0.9970703125,0.9920365810394287,0.990156888961792,10.875967025756836,"[1.9354050159454346,2.125769853591919,3.8733553886413574,3.1054301261901855,1.575056791305542,2.173046350479126,1.9740290641784668,2.0502920150756836]","[1.772797703742981,1.9034779071807861,3.282128095626831,2.881241798400879,2.15777587890625,1.6626695394515991,1.6959868669509888,2.866426944732666]",seeds/cell-003-d1cf56ef5b18/seed-7/checkpoint.pt,seeds/cell-003-d1cf56ef5b18/seed-7/snapshots/step-000400.pt
1,replication-momentum-sgd-12seeds-v1,acac69fd0fb0eb72c223dcdbd380b2cff3f020d29c0cefc2e02ac2c1212afe00,cell-003-d1cf56ef5b18,3,d1cf56ef5b184a9d8d601052f3642d11463fe7435c2ef760947a9f9e9d011969,7,8,500,64,4,16,2,4,,sgd,0.03,0.9,800,512,0.0,8192,0.00967605970799923,0.99755859375,0.991843044757843,0.9923371076583862,10.798710823059082,"[1.9362291097640991,2.0978879928588867,3.916679859161377,3.1600124835968018,1.575653314590454,2.171576499938965,1.9744640588760376,2.0629327297210693]","[1.7534688711166382,1.8958793878555298,3.3037147521972656,2.923508405685425,2.1576881408691406,1.6564613580703735,1.695176124572754,2.911073923110962]",seeds/cell-003-d1cf56ef5b18/seed-7/checkpoint.pt,seeds/cell-003-d1cf56ef5b18/seed-7/snapshots/step-000500.pt
1,replication-momentum-sgd-12seeds-v1,acac69fd0fb0eb72c223dcdbd380b2cff3f020d29c0cefc2e02ac2c1212afe00,cell-003-d1cf56ef5b18,3,d1cf56ef5b184a9d8d601052f3642d11463fe7435c2ef760947a9f9e9d011969,7,9,600,64,4,16,2,4,,sgd,0.03,0.9,800,512,0.0,8192,0.003688013181090355,0.9989013671875,0.9904942512512207,0.9904389381408691,10.70370101928711,"[1.9381247758865356,2.0918080806732178,3.9740068912506104,3.2240655422210693,1.5760998725891113,2.1707398891448975,1.9741175174713135,2.073017120361328]","[1.7307926416397095,1.8789771795272827,3.299534797668457,3.0221128463745117,2.156022548675537,1.6546268463134766,1.6962190866470337,2.931579351425171]",seeds/cell-003-d1cf56ef5b18/seed-7/checkpoint.pt,seeds/cell-003-d1cf56ef5b18/seed-7/snapshots/step-000600.pt
1,replication-momentum-sgd-12seeds-v1,acac69fd0fb0eb72c223dcdbd380b2cff3f020d29c0cefc2e02ac2c1212afe00,cell-003-d1cf56ef5b18,3,d1cf56ef5b184a9d8d601052f3642d11463fe7435c2ef760947a9f9e9d011969,7,10,800,64,4,16,2,4,,sgd,0.03,0.9,800,512,0.0,8192,0.0027391582261770964,0.999267578125,0.9925994277000427,0.9940474033355713,10.476143836975098,"[1.9379125833511353,2.0629260540008545,4.112529754638672,3.402068853378296,1.57806396484375,2.1706392765045166,1.9732805490493774,2.094208240509033]","[1.7002980709075928,1.8865245580673218,3.314575433731079,3.1234514713287354,2.1551356315612793,1.6517467498779297,1.694905400276184,2.976151943206787]",seeds/cell-003-d1cf56ef5b18/seed-7/checkpoint.pt,seeds/cell-003-d1cf56ef5b18/seed-7/snapshots/step-000800.pt
1,replication-momentum-sgd-12seeds-v1,acac69fd0fb0eb72c223dcdbd380b2cff3f020d29c0cefc2e02ac2c1212afe00,cell-003-d1cf56ef5b18,3,d1cf56ef5b184a9d8d601052f3642d11463fe7435c2ef760947a9f9e9d011969,8,0,0,64,4,16,2,4,,sgd,0.03,0.9,800,512,0.0,8192,1.2674047946929932,0.49853515625,0.011767684482038021,0.03362628072500229,12.240180015563965,"[2.0651590824127197,1.886530876159668,2.148174524307251,1.7887262105941772,2.431124448776245,1.9252041578292847,2.266643762588501,2.1708216667175293]","[1.7048200368881226,1.9010494947433472,1.957123041152954,2.375067949295044,1.9705491065979004,2.072749137878418,2.1743662357330322,2.065324068069458]",seeds/cell-003-d1cf56ef5b18/seed-8/checkpoint.pt,seeds/cell-003-d1cf56ef5b18/seed-8/snapshots/step-000000.pt
1,replication-momentum-sgd-12seeds-v1,acac69fd0fb0eb72c223dcdbd380b2cff3f020d29c0cefc2e02ac2c1212afe00,cell-003-d1cf56ef5b18,3,d1cf56ef5b184a9d8d601052f3642d11463fe7435c2ef760947a9f9e9d011969,8,1,25,64,4,16,2,4,,sgd,0.03,0.9,800,512,0.0,8192,0.7814323306083679,0.69677734375,0.27136197686195374,0.23193854093551636,12.218771934509277,"[2.093698501586914,1.8738410472869873,2.1618223190307617,1.7109779119491577,2.403452157974243,1.9248120784759521,2.23258376121521,2.1796417236328125]","[1.739697813987732,1.9614574909210205,2.0026981830596924,2.3455238342285156,2.008641004562378,2.084707498550415,2.165407180786133,2.0340089797973633]",seeds/cell-003-d1cf56ef5b18/seed-8/checkpoint.pt,seeds/cell-003-d1cf56ef5b18/seed-8/snapshots/step-000025.pt
1,replication-momentum-sgd-12seeds-v1,acac69fd0fb0eb72c223dcdbd380b2cff3f020d29c0cefc2e02ac2c1212afe00,cell-003-d1cf56ef5b18,3,d1cf56ef5b184a9d8d601052f3642d11463fe7435c2ef760947a9f9e9d011969,8,2,50,64,4,16,2,4,,sgd,0.03,0.9,800,512,0.0,8192,0.7029373645782471,0.724609375,0.2924502491950989,0.27771317958831787,12.216437339782715,"[2.095655679702759,1.9027427434921265,2.177122116088867,1.7173404693603516,2.4045679569244385,1.9342986345291138,2.2231359481811523,2.2077577114105225]","[1.7498177289962769,1.980254888534546,2.029386043548584,2.313271999359131,2.028836965560913,2.0723276138305664,2.1607415676116943,2.062455415725708]",seeds/cell-003-d1cf56ef5b18/seed-8/checkpoint.pt,seeds/cell-003-d1cf56ef5b18/seed-8/snapshots/step-000050.pt
1,replication-momentum-sgd-12seeds-v1,acac69fd0fb0eb72c223dcdbd380b2cff3f020d29c0cefc2e02ac2c1212afe00,cell-003-d1cf56ef5b18,3,d1cf56ef5b184a9d8d601052f3642d11463fe7435c2ef760947a9f9e9d011969,8,3,100,64,4,16,2,4,,sgd,0.03,0.9,800,512,0.0,8192,0.41824764013290405,0.86279296875,0.5672081708908081,0.5662877559661865,11.9485502243042,"[2.1009633541107178,2.0057992935180664,2.209684133529663,2.2368760108947754,2.4816834926605225,1.9914805889129639,2.315093994140625,2.2528371810913086]","[1.6986511945724487,1.9730719327926636,2.083162546157837,2.3139798641204834,2.032515525817871,2.1128735542297363,2.1070756912231445,2.1754379272460938]",seeds/cell-003-d1cf56ef5b18/seed-8/checkpoint.pt,seeds/cell-003-d1cf56ef5b18/seed-8/snapshots/step-000100.pt
1,replication-momentum-sgd-12seeds-v1,acac69fd0fb0eb72c223dcdbd380b2cff3f020d29c0cefc2e02ac2c1212afe00,cell-003-d1cf56ef5b18,3,d1cf56ef5b184a9d8d601052f3642d11463fe7435c2ef760947a9f9e9d011969,8,4,150,64,4,16,2,4,,sgd,0.03,0.9,800,512,0.0,8192,0.12538298964500427,0.9642333984375,0.883823812007904,0.88105309009552,11.289669036865234,"[2.0556914806365967,2.008359909057617,2.2026095390319824,3.240818977355957,2.5083460807800293,2.0244312286376953,2.4453301429748535,2.211324691772461]","[1.6193894147872925,1.8980071544647217,2.0193073749542236,2.674144744873047,2.0342817306518555,2.1771233081817627,2.1767821311950684,2.168062925338745]",seeds/cell-003-d1cf56ef5b18/seed-8/checkpoint.pt,seeds/cell-003-d1cf56ef5b18/seed-8/snapshots/step-000150.pt
1,replication-momentum-sgd-12seeds-v1,acac69fd0fb0eb72c223dcdbd380b2cff3f020d29c0cefc2e02ac2c1212afe00,cell-003-d1cf56ef5b18,3,d1cf56ef5b184a9d8d601052f3642d11463fe7435c2ef760947a9f9e9d011969,8,5,200,64,4,16,2,4,,sgd,0.03,0.9,800,512,0.0,8192,0.05292993411421776,0.984375,0.9445068836212158,0.9373629093170166,10.900228500366211,"[2.039425849914551,1.9970238208770752,2.190809488296509,3.705867052078247,2.493786334991455,2.031665802001953,2.553873300552368,2.2101190090179443]","[1.5806410312652588,1.835755467414856,1.9030801057815552,2.938453435897827,2.017634630203247,2.21087908744812,2.2852485179901123,2.1703310012817383]",seeds/cell-003-d1cf56ef5b18/seed-8/checkpoint.pt,seeds/cell-003-d1cf56ef5b18/seed-8/snapshots/step-000200.pt
1,replication-momentum-sgd-12seeds-v1,acac69fd0fb0eb72c223dcdbd380b2cff3f020d29c0cefc2e02ac2c1212afe00,cell-003-d1cf56ef5b18,3,d1cf56ef5b184a9d8d601052f3642d11463fe7435c2ef760947a9f9e9d011969,8,6,300,64,4,16,2,4,,sgd,0.03,0.9,800,512,0.0,8192,0.026175234466791153,0.9918212890625,0.9617002010345459,0.9625787138938904,10.409412384033203,"[2.0056936740875244,1.972924828529358,2.1797471046447754,4.110221862792969,2.4729816913604736,2.0314347743988037,2.6220180988311768,2.2095415592193604]","[1.5213532447814941,1.7260020971298218,1.8308838605880737,3.256380796432495,1.986596941947937,2.2535102367401123,2.391587495803833,2.1739776134490967]",seeds/cell-003-d1cf56ef5b18/seed-8/checkpoint.pt,seeds/cell-003-d1cf56ef5b18/seed-8/snapshots/step-000300.pt
1,replication-momentum-sgd-12seeds-v1,acac69fd0fb0eb72c223dcdbd380b2cff3f020d29c0cefc2e02ac2c1212afe00,cell-003-d1cf56ef5b18,3,d1cf56ef5b184a9d8d601052f3642d11463fe7435c2ef760947a9f9e9d011969,8,7,400,64,4,16,2,4,,sgd,0.03,0.9,800,512,0.0,8192,0.015908844769001007,0.99560546875,0.9781995415687561,0.9862613081932068,9.981375694274902,"[2.0064609050750732,1.9585278034210205,2.1733152866363525,4.272271156311035,2.4672505855560303,2.0280921459198,2.6231682300567627,2.2157487869262695]","[1.4997729063034058,1.672507882118225,1.7990700006484985,3.3910579681396484,1.9849953651428223,2.2565529346466064,2.412961483001709,2.1954240798950195]",seeds/cell-003-d1cf56ef5b18/seed-8/checkpoint.pt,seeds/cell-003-d1cf56ef5b18/seed-8/snapshots/step-000400.pt
1,replication-momentum-sgd-12seeds-v1,acac69fd0fb0eb72c223dcdbd380b2cff3f020d29c0cefc2e02ac2c1212afe00,cell-003-d1cf56ef5b18,3,d1cf56ef5b184a9d8d601052f3642d11463fe7435c2ef760947a9f9e9d011969,8,8,500,64,4,16,2,4,,sgd,0.03,0.9,800,512,0.0,8192,0.004678325727581978,0.9990234375,1.0008740425109863,1.0090073347091675,9.652099609375,"[2.0035336017608643,1.9541957378387451,2.1662368774414062,4.362578392028809,2.4624345302581787,2.0287957191467285,2.6338632106781006,2.2185938358306885]","[1.4777823686599731,1.6492506265640259,1.767428994178772,3.507006883621216,1.9721349477767944,2.2688872814178467,2.442915678024292,2.198472738265991]",seeds/cell-003-d1cf56ef5b18/seed-8/checkpoint.pt,seeds/cell-003-d1cf56ef5b18/seed-8/snapshots/step-000500.pt
1,replication-momentum-sgd-12seeds-v1,acac69fd0fb0eb72c223dcdbd380b2cff3f020d29c0cefc2e02ac2c1212afe00,cell-003-d1cf56ef5b18,3,d1cf56ef5b184a9d8d601052f3642d11463fe7435c2ef760947a9f9e9d011969,8,9,600,64,4,16,2,4,,sgd,0.03,0.9,800,512,0.0,8192,0.0010823406046256423,0.9998779296875,0.9937865734100342,1.0071358680725098,9.527885437011719,"[1.996876835823059,1.9455760717391968,2.1636507511138916,4.41493558883667,2.4577221870422363,2.032071113586426,2.6491215229034424,2.2180397510528564]","[1.4670262336730957,1.6357784271240234,1.7505571842193604,3.6029744148254395,1.9611331224441528,2.2850136756896973,2.4758028984069824,2.190680980682373]",seeds/cell-003-d1cf56ef5b18/seed-8/checkpoint.pt,seeds/cell-003-d1cf56ef5b18/seed-8/snapshots/step-000600.pt
1,replication-momentum-sgd-12seeds-v1,acac69fd0fb0eb72c223dcdbd380b2cff3f020d29c0cefc2e02ac2c1212afe00,cell-003-d1cf56ef5b18,3,d1cf56ef5b184a9d8d601052f3642d11463fe7435c2ef760947a9f9e9d011969,8,10,800,64,4,16,2,4,,sgd,0.03,0.9,800,512,0.0,8192,0.0008645636262372136,0.9998779296875,0.9960882663726807,1.012472152709961,9.439997673034668,"[1.9996048212051392,1.9365684986114502,2.161410093307495,4.485507488250732,2.452768087387085,2.0338103771209717,2.654416799545288,2.2196197509765625]","[1.4645907878875732,1.6057758331298828,1.7309764623641968,3.6889829635620117,1.9497580528259277,2.2983992099761963,2.5134615898132324,2.1898040771484375]",seeds/cell-003-d1cf56ef5b18/seed-8/checkpoint.pt,seeds/cell-003-d1cf56ef5b18/seed-8/snapshots/step-000800.pt
1,replication-momentum-sgd-12seeds-v1,acac69fd0fb0eb72c223dcdbd380b2cff3f020d29c0cefc2e02ac2c1212afe00,cell-003-d1cf56ef5b18,3,d1cf56ef5b184a9d8d601052f3642d11463fe7435c2ef760947a9f9e9d011969,9,0,0,64,4,16,2,4,,sgd,0.03,0.9,800,512,0.0,8192,0.9730156660079956,0.632080078125,0.1616632342338562,0.12086689472198486,12.80843734741211,"[1.9919837713241577,1.851433515548706,2.4192042350769043,2.285379648208618,2.0021157264709473,1.9205080270767212,1.8777596950531006,1.9884681701660156]","[2.46675705909729,2.6363439559936523,1.6900134086608887,2.142380714416504,1.2178740501403809,1.772181749343872,1.7324892282485962,2.699249029159546]",seeds/cell-003-d1cf56ef5b18/seed-9/checkpoint.pt,seeds/cell-003-d1cf56ef5b18/seed-9/snapshots/step-000000.pt
1,replication-momentum-sgd-12seeds-v1,acac69fd0fb0eb72c223dcdbd380b2cff3f020d29c0cefc2e02ac2c1212afe00,cell-003-d1cf56ef5b18,3,d1cf56ef5b184a9d8d601052f3642d11463fe7435c2ef760947a9f9e9d011969,9,1,25,64,4,16,2,4,,sgd,0.03,0.9,800,512,0.0,8192,0.7606163024902344,0.6962890625,0.2460208535194397,0.19226859509944916,12.790199279785156,"[2.0054216384887695,1.8522953987121582,2.418156623840332,2.245044231414795,1.994621753692627,1.9177825450897217,1.8547050952911377,1.9699963331222534]","[2.5428836345672607,2.6359643936157227,1.713711142539978,2.1258351802825928,1.2835209369659424,1.9054772853851318,1.7824032306671143,2.8023133277893066]",seeds/cell-003-d1cf56ef5b18/seed-9/checkpoint.pt,seeds/cell-003-d1cf56ef5b18/seed-9/snapshots/step-000025.pt
1,replication-momentum-sgd-12seeds-v1,acac69fd0fb0eb72c223dcdbd380b2cff3f020d29c0cefc2e02ac2c1212afe00,cell-003-d1cf56ef5b18,3,d1cf56ef5b184a9d8d601052f3642d11463fe7435c2ef760947a9f9e9d011969,9,2,50,64,4,16,2,4,,sgd,0.03,0.9,800,512,0.0,8192,0.7334959506988525,0.7127685546875,0.24457944929599762,0.2018049955368042,12.78844928741455,"[2.039381504058838,1.860715389251709,2.4338884353637695,2.2459733486175537,2.004544496536255,1.9100573062896729,1.8536276817321777,1.9684137105941772]","[2.581160545349121,2.6032116413116455,1.7108509540557861,2.1323981285095215,1.3240548372268677,1.9302963018417358,1.7890397310256958,2.822567939758301]",seeds/cell-003-d1cf56ef5b18/seed-9/checkpoint.pt,seeds/cell-003-d1cf56ef5b18/seed-9/snapshots/step-000050.pt
1,replication-momentum-sgd-12seeds-v1,acac69fd0fb0eb72c223dcdbd380b2cff3f020d29c0cefc2e02ac2c1212afe00,cell-003-d1cf56ef5b18,3,d1cf56ef5b184a9d8d601052f3642d11463fe7435c2ef760947a9f9e9d011969,9,3,100,64,4,16,2,4,,sgd,0.03,0.9,800,512,0.0,8192,0.593338131904602,0.7822265625,0.4174158573150635,0.3817518353462219,12.623533248901367,"[2.1061341762542725,1.9927648305892944,2.546952962875366,2.3593461513519287,2.033827781677246,1.9570437669754028,1.9622454643249512,1.9832631349563599]","[2.6518235206604004,2.5695557594299316,1.7281482219696045,2.1110830307006836,1.3318003416061401,1.9459049701690674,1.8194447755813599,2.8135547637939453]",seeds/cell-003-d1cf56ef5b18/seed-9/checkpoint.pt,seeds/cell-003-d1cf56ef5b18/seed-9/snapshots/step-000100.pt
1,replication-momentum-sgd-12seeds-v1,acac69fd0fb0eb72c223dcdbd380b2cff3f020d29c0cefc2e02ac2c1212afe00,cell-003-d1cf56ef5b18,3,d1cf56ef5b184a9d8d601052f3642d11463fe7435c2ef760947a9f9e9d011969,9,4,150,64,4,16,2,4,,sgd,0.03,0.9,800,512,0.0,8192,0.4237888753414154,0.859130859375,0.6055988073348999,0.562595784664154,12.247140884399414,"[2.0617008209228516,2.08341121673584,2.843165636062622,2.525991916656494,2.1013522148132324,2.002514123916626,2.238171339035034,1.9947264194488525]","[2.7045106887817383,2.349583387374878,1.8193602561950684,2.202540636062622,1.3631212711334229,1.9392603635787964,1.9422646760940552,2.796267032623291]",seeds/cell-003-d1cf56ef5b18/seed-9/checkpoint.pt,seeds/cell-003-d1cf56ef5b18/seed-9/snapshots/step-000150.pt
1,replication-momentum-sgd-12seeds-v1,acac69fd0fb0eb72c223dcdbd380b2cff3f020d29c0cefc2e02ac2c1212afe00,cell-003-d1cf56ef5b18,3,d1cf56ef5b184a9d8d601052f3642d11463fe7435c2ef760947a9f9e9d011969,9,5,200,64,4,16,2,4,,sgd,0.03,0.9,800,512,0.0,8192,0.26498404145240784,0.9178466796875,0.7026175856590271,0.6759053468704224,11.853530883789062,"[2.03497052192688,2.140540361404419,3.2061305046081543,2.8209660053253174,2.175337314605713,2.1153407096862793,2.4209482669830322,1.9844043254852295]","[2.6699342727661133,2.202610492706299,1.7847278118133545,2.241351842880249,1.4182718992233276,1.9516897201538086,2.0757408142089844,2.7414586544036865]",seeds/cell-003-d1cf56ef5b18/seed-9/checkpoint.pt,seeds/cell-003-d1cf56ef5b18/seed-9/snapshots/step-000200.pt
1,replication-momentum-sgd-12seeds-v1,acac69fd0fb0eb72c223dcdbd380b2cff3f020d29c0cefc2e02ac2c1212afe00,cell-003-d1cf56ef5b18,3,d1cf56ef5b184a9d8d601052f3642d11463fe7435c2ef760947a9f9e9d011969,9,6,300,64,4,16,2,4,,sgd,0.03,0.9,800,512,0.0,8192,0.062286511063575745,0.981201171875,0.924197256565094,0.9056142568588257,11.177311897277832,"[2.050821542739868,2.1375417709350586,3.532484531402588,3.7310612201690674,2.3347043991088867,2.2676992416381836,2.707901954650879,1.9446475505828857]","[2.515305519104004,2.0500242710113525,1.6016020774841309,2.3049254417419434,1.5355219841003418,1.95737624168396,2.5490806102752686,2.697479486465454]",seeds/cell-003-d1cf56ef5b18/seed-9/checkpoint.pt,seeds/cell-003-d1cf56ef5b18/seed-9/snapshots/step-000300.pt
1,replication-momentum-sgd-12seeds-v1,acac69fd0fb0eb72c223dcdbd380b2cff3f020d29c0cefc2e02ac2c1212afe00,cell-003-d1cf56ef5b18,3,d1cf56ef5b184a9d8d601052f3642d11463fe7435c2ef760947a9f9e9d011969,9,7,400,64,4,16,2,4,,sgd,0.03,0.9,800,512,0.0,8192,0.031740810722112656,0.9908447265625,0.966949462890625,0.944290041923523,10.672679901123047,"[2.039853811264038,2.119962692260742,3.6079039573669434,4.349634170532227,2.3797717094421387,2.3087542057037354,2.7731080055236816,1.926928162574768]","[2.4172940254211426,1.9285324811935425,1.5365221500396729,2.346086025238037,1.5890412330627441,1.9752628803253174,2.8432469367980957,2.6943864822387695]",seeds/cell-003-d1cf56ef5b18/seed-9/checkpoint.pt,seeds/cell-003-d1cf56ef5b18/seed-9/snapshots/step-000400.pt
1,replication-momentum-sgd-12seeds-v1,acac69fd0fb0eb72c223dcdbd380b2cff3f020d29c0cefc2e02ac2c1212afe00,cell-003-d1cf56ef5b18,3,d1cf56ef5b184a9d8d601052f3642d11463fe7435c2ef760947a9f9e9d011969,9,8,500,64,4,16,2,4,,sgd,0.03,0.9,800,512,0.0,8192,0.007492535747587681,0.9981689453125,0.9898638725280762,0.972052812576294,10.439302444458008,"[2.0483202934265137,2.0995705127716064,3.657158136367798,4.566131114959717,2.395512104034424,2.319028854370117,2.792069435119629,1.9201654195785522]","[2.362603187561035,1.8479725122451782,1.5210957527160645,2.3431737422943115,1.609174370765686,1.979872465133667,3.0547122955322266,2.6913797855377197]",seeds/cell-003-d1cf56ef5b18/seed-9/checkpoint.pt,seeds/cell-003-d1cf56ef5b18/seed-9/snapshots/step-000500.pt
1,replication-momentum-sgd-12seeds-v1,acac69fd0fb0eb72c223dcdbd380b2cff3f020d29c0cefc2e02ac2c1212afe00,cell-003-d1cf56ef5b18,3,d1cf56ef5b184a9d8d601052f3642d11463fe7435c2ef760947a9f9e9d011969,9,9,600,64,4,16,2,4,,sgd,0.03,0.9,800,512,0.0,8192,0.022740840911865234,0.992919921875,0.9672191739082336,0.9474594593048096,10.220171928405762,"[2.040415048599243,2.106004476547241,3.676816940307617,4.714389801025391,2.3990819454193115,2.327486753463745,2.798147439956665,1.9165173768997192]","[2.294074058532715,1.8149003982543945,1.4883931875228882,2.3631844520568848,1.624053716659546,1.9871454238891602,3.174703359603882,2.682278633117676]",seeds/cell-003-d1cf56ef5b18/seed-9/checkpoint.pt,seeds/cell-003-d1cf56ef5b18/seed-9/snapshots/step-000600.pt
1,replication-momentum-sgd-12seeds-v1,acac69fd0fb0eb72c223dcdbd380b2cff3f020d29c0cefc2e02ac2c1212afe00,cell-003-d1cf56ef5b18,3,d1cf56ef5b184a9d8d601052f3642d11463fe7435c2ef760947a9f9e9d011969,9,10,800,64,4,16,2,4,,sgd,0.03,0.9,800,512,0.0,8192,0.004810611251741648,0.998779296875,0.9924134612083435,0.9805797338485718,9.882842063903809,"[2.040153980255127,2.100818157196045,3.6826910972595215,4.907058238983154,2.4112162590026855,2.338927984237671,2.828840732574463,1.912333369255066]","[2.2493910789489746,1.7416462898254395,1.457011342048645,2.370633363723755,1.6495373249053955,2.0000100135803223,3.369246244430542,2.675265312194824]",seeds/cell-003-d1cf56ef5b18/seed-9/checkpoint.pt,seeds/cell-003-d1cf56ef5b18/seed-9/snapshots/step-000800.pt
1,replication-momentum-sgd-12seeds-v1,acac69fd0fb0eb72c223dcdbd380b2cff3f020d29c0cefc2e02ac2c1212afe00,cell-003-d1cf56ef5b18,3,d1cf56ef5b184a9d8d601052f3642d11463fe7435c2ef760947a9f9e9d011969,10,0,0,64,4,16,2,4,,sgd,0.03,0.9,800,512,0.0,8192,3.8027844429016113,0.4974365234375,-0.03185514360666275,0.0019988741260021925,12.45433235168457,"[1.6622488498687744,2.278470277786255,2.1161229610443115,1.9445979595184326,1.8696295022964478,2.098792791366577,1.8387545347213745,1.6741788387298584]","[1.9197953939437866,2.1020915508270264,1.683632493019104,2.3377039432525635,1.9812872409820557,2.3301470279693604,1.7720156908035278,1.7476270198822021]",seeds/cell-003-d1cf56ef5b18/seed-10/checkpoint.pt,seeds/cell-003-d1cf56ef5b18/seed-10/snapshots/step-000000.pt
1,replication-momentum-sgd-12seeds-v1,acac69fd0fb0eb72c223dcdbd380b2cff3f020d29c0cefc2e02ac2c1212afe00,cell-003-d1cf56ef5b18,3,d1cf56ef5b184a9d8d601052f3642d11463fe7435c2ef760947a9f9e9d011969,10,1,25,64,4,16,2,4,,sgd,0.03,0.9,800,512,0.0,8192,0.9460784196853638,0.5908203125,0.1600807160139084,0.15212306380271912,12.548096656799316,"[1.7352445125579834,2.414024591445923,2.18972110748291,2.0149848461151123,1.7397360801696777,2.0792324542999268,1.8935786485671997,1.7821100950241089]","[2.979663848876953,4.505608081817627,2.36527681350708,5.813353538513184,3.3729708194732666,3.9879989624023438,4.117877960205078,2.5824804306030273]",seeds/cell-003-d1cf56ef5b18/seed-10/checkpoint.pt,seeds/cell-003-d1cf56ef5b18/seed-10/snapshots/step-000025.pt
1,replication-momentum-sgd-12seeds-v1,acac69fd0fb0eb72c223dcdbd380b2cff3f020d29c0cefc2e02ac2c1212afe00,cell-003-d1cf56ef5b18,3,d1cf56ef5b184a9d8d601052f3642d11463fe7435c2ef760947a9f9e9d011969,10,2,50,64,4,16,2,4,,sgd,0.03,0.9,800,512,0.0,8192,0.7894923686981201,0.682861328125,0.1976577639579773,0.18483015894889832,12.555774688720703,"[1.732749104499817,2.4355530738830566,2.1609272956848145,1.9394696950912476,1.7323927879333496,2.083137273788452,1.897666573524475,1.7973296642303467]","[3.312169075012207,4.7764892578125,2.6127939224243164,6.210650444030762,3.690883159637451,4.18579626083374,4.542200088500977,2.8058435916900635]",seeds/cell-003-d1cf56ef5b18/seed-10/checkpoint.pt,seeds/cell-003-d1cf56ef5b18/seed-10/snapshots/step-000050.pt
1,replication-momentum-sgd-12seeds-v1,acac69fd0fb0eb72c223dcdbd380b2cff3f020d29c0cefc2e02ac2c1212afe00,cell-003-d1cf56ef5b18,3,d1cf56ef5b184a9d8d601052f3642d11463fe7435c2ef760947a9f9e9d011969,10,3,100,64,4,16,2,4,,sgd,0.03,0.9,800,512,0.0,8192,0.7633812427520752,0.6905517578125,0.23906376957893372,0.22028253972530365,12.535127639770508,"[1.7395786046981812,2.4146032333374023,2.1332898139953613,1.82750403881073,1.7286421060562134,2.084275960922241,1.8981353044509888,1.7979627847671509]","[3.4632813930511475,4.5786919593811035,2.7871146202087402,6.160539627075195,3.804530143737793,4.2074151039123535,4.578215599060059,2.8255341053009033]",seeds/cell-003-d1cf56ef5b18/seed-10/checkpoint.pt,seeds/cell-003-d1cf56ef5b18/seed-10/snapshots/step-000100.pt
1,replication-momentum-sgd-12seeds-v1,acac69fd0fb0eb72c223dcdbd380b2cff3f020d29c0cefc2e02ac2c1212afe00,cell-003-d1cf56ef5b18,3,d1cf56ef5b184a9d8d601052f3642d11463fe7435c2ef760947a9f9e9d011969,10,4,150,64,4,16,2,4,,sgd,0.03,0.9,800,512,0.0,8192,0.7554276585578918,0.6944580078125,0.24263229966163635,0.2250911295413971,12.503266334533691,"[1.7586071491241455,2.4542787075042725,2.168039560317993,1.8280097246170044,1.7281190156936646,2.0849215984344482,1.8983181715011597,1.797929048538208]","[3.5068418979644775,4.469089508056641,2.8703227043151855,6.14878511428833,3.816666603088379,4.211495399475098,4.582991600036621,2.8274216651916504]",seeds/cell-003-d1cf56ef5b18/seed-10/checkpoint.pt,seeds/cell-003-d1cf56ef5b18/seed-10/snapshots/step-000150.pt
1,replication-momentum-sgd-12seeds-v1,acac69fd0fb0eb72c223dcdbd380b2cff3f020d29c0cefc2e02ac2c1212afe00,cell-003-d1cf56ef5b18,3,d1cf56ef5b184a9d8d601052f3642d11463fe7435c2ef760947a9f9e9d011969,10,5,200,64,4,16,2,4,,sgd,0.03,0.9,800,512,0.0,8192,0.7454580068588257,0.7037353515625,0.26484525203704834,0.24948084354400635,12.434989929199219,"[1.8160638809204102,2.5146212577819824,2.232611656188965,1.8774486780166626,1.7299463748931885,2.0857784748077393,1.898689866065979,1.7980177402496338]","[3.5521368980407715,4.418156147003174,2.9480135440826416,6.130369186401367,3.8129944801330566,4.2138590812683105,4.572417736053467,2.8243908882141113]",seeds/cell-003-d1cf56ef5b18/seed-10/checkpoint.pt,seeds/cell-003-d1cf56ef5b18/seed-10/snapshots/step-000200.pt
1,replication-momentum-sgd-12seeds-v1,acac69fd0fb0eb72c223dcdbd380b2cff3f020d29c0cefc2e02ac2c1212afe00,cell-003-d1cf56ef5b18,3,d1cf56ef5b184a9d8d601052f3642d11463fe7435c2ef760947a9f9e9d011969,10,6,300,64,4,16,2,4,,sgd,0.03,0.9,800,512,0.0,8192,0.6821553707122803,0.7562255859375,0.33977678418159485,0.3370407819747925,12.009604454040527,"[2.0935702323913574,2.765800952911377,2.572057008743286,2.289761781692505,1.739058017730713,2.087827682495117,1.8985204696655273,1.7985403537750244]","[3.5867960453033447,4.353656768798828,3.140186071395874,6.148074150085449,3.757692575454712,4.233259201049805,4.529842376708984,2.8188042640686035]",seeds/cell-003-d1cf56ef5b18/seed-10/checkpoint.pt,seeds/cell-003-d1cf56ef5b18/seed-10/snapshots/step-000300.pt
1,replication-momentum-sgd-12seeds-v1,acac69fd0fb0eb72c223dcdbd380b2cff3f020d29c0cefc2e02ac2c1212afe00,cell-003-d1cf56ef5b18,3,d1cf56ef5b184a9d8d601052f3642d11463fe7435c2ef760947a9f9e9d011969,10,7,400,64,4,16,2,4,,sgd,0.03,0.9,800,512,0.0,8192,0.27391278743743896,0.9232177734375,0.7989451885223389,0.8265323638916016,10.89355754852295,"[2.786141872406006,2.9489517211914062,3.733685255050659,2.8763415813446045,1.7639096975326538,2.0454161167144775,1.8764845132827759,1.798213243484497]","[3.7315382957458496,4.042817115783691,3.721043586730957,5.852865219116211,3.878264904022217,4.37901496887207,4.213031768798828,2.743309736251831]",seeds/cell-003-d1cf56ef5b18/seed-10/checkpoint.pt,seeds/cell-003-d1cf56ef5b18/seed-10/snapshots/step-000400.pt
1,replication-momentum-sgd-12seeds-v1,acac69fd0fb0eb72c223dcdbd380b2cff3f020d29c0cefc2e02ac2c1212afe00,cell-003-d1cf56ef5b18,3,d1cf56ef5b184a9d8d601052f3642d11463fe7435c2ef760947a9f9e9d011969,10,8,500,64,4,16,2,4,,sgd,0.03,0.9,800,512,0.0,8192,0.03764147311449051,0.990478515625,0.9580258131027222,0.9665184617042542,10.409031867980957,"[3.0119004249572754,2.9833128452301025,4.521236419677734,3.165905714035034,1.8756142854690552,2.060530424118042,1.9207653999328613,1.797348141670227]","[3.826043128967285,3.6860315799713135,4.490455150604248,6.2959136962890625,3.7671520709991455,4.2707085609436035,4.038539886474609,2.627347469329834]",seeds/cell-003-d1cf56ef5b18/seed-10/checkpoint.pt,seeds/cell-003-d1cf56ef5b18/seed-10/snapshots/step-000500.pt
1,replication-momentum-sgd-12seeds-v1,acac69fd0fb0eb72c223dcdbd380b2cff3f020d29c0cefc2e02ac2c1212afe00,cell-003-d1cf56ef5b18,3,d1cf56ef5b184a9d8d601052f3642d11463fe7435c2ef760947a9f9e9d011969,10,9,600,64,4,16,2,4,,sgd,0.03,0.9,800,512,0.0,8192,0.012851880863308907,0.9979248046875,0.9857025146484375,0.9892197251319885,10.168811798095703,"[3.105814218521118,2.9806346893310547,4.735585689544678,3.284686803817749,1.9110949039459229,2.0628366470336914,1.9455212354660034,1.7923275232315063]","[3.862384080886841,3.562791347503662,4.878798961639404,6.379103660583496,3.7512834072113037,4.228551387786865,3.964932918548584,2.591681957244873]",seeds/cell-003-d1cf56ef5b18/seed-10/checkpoint.pt,seeds/cell-003-d1cf56ef5b18/seed-10/snapshots/step-000600.pt
1,replication-momentum-sgd-12seeds-v1,acac69fd0fb0eb72c223dcdbd380b2cff3f020d29c0cefc2e02ac2c1212afe00,cell-003-d1cf56ef5b18,3,d1cf56ef5b184a9d8d601052f3642d11463fe7435c2ef760947a9f9e9d011969,10,10,800,64,4,16,2,4,,sgd,0.03,0.9,800,512,0.0,8192,0.003444438334554434,0.99951171875,1.0021018981933594,1.0043268203735352,9.938874244689941,"[3.1600334644317627,2.975687265396118,4.884093284606934,3.3856825828552246,1.949477195739746,2.0690529346466064,1.9691165685653687,1.7921717166900635]","[3.890129804611206,3.448352813720703,5.229223251342773,6.466303825378418,3.737440347671509,4.204305648803711,3.91283917427063,2.573883533477783]",seeds/cell-003-d1cf56ef5b18/seed-10/checkpoint.pt,seeds/cell-003-d1cf56ef5b18/seed-10/snapshots/step-000800.pt
1,replication-momentum-sgd-12seeds-v1,acac69fd0fb0eb72c223dcdbd380b2cff3f020d29c0cefc2e02ac2c1212afe00,cell-003-d1cf56ef5b18,3,d1cf56ef5b184a9d8d601052f3642d11463fe7435c2ef760947a9f9e9d011969,11,0,0,64,4,16,2,4,,sgd,0.03,0.9,800,512,0.0,8192,2.9766898155212402,0.4927978515625,-0.04550909996032715,-0.0390998013317585,12.985764503479004,"[2.086782217025757,1.8642271757125854,2.0796830654144287,1.8039604425430298,2.196805715560913,1.9310462474822998,1.9268945455551147,2.047874689102173]","[2.1232454776763916,2.24674654006958,2.080397844314575,1.8879121541976929,1.8785300254821777,1.7009602785110474,2.163984537124634,2.027161121368408]",seeds/cell-003-d1cf56ef5b18/seed-11/checkpoint.pt,seeds/cell-003-d1cf56ef5b18/seed-11/snapshots/step-000000.pt
1,replication-momentum-sgd-12seeds-v1,acac69fd0fb0eb72c223dcdbd380b2cff3f020d29c0cefc2e02ac2c1212afe00,cell-003-d1cf56ef5b18,3,d1cf56ef5b184a9d8d601052f3642d11463fe7435c2ef760947a9f9e9d011969,11,1,25,64,4,16,2,4,,sgd,0.03,0.9,800,512,0.0,8192,0.8359693288803101,0.6845703125,0.17691156268119812,0.14916184544563293,12.967122077941895,"[2.084962844848633,1.8461941480636597,2.0741097927093506,1.802617073059082,2.1909680366516113,1.9323108196258545,1.9301869869232178,2.0448780059814453]","[2.2602732181549072,2.489903688430786,2.15317440032959,2.0416157245635986,2.083716630935669,1.8319159746170044,2.111957550048828,2.000467538833618]",seeds/cell-003-d1cf56ef5b18/seed-11/checkpoint.pt,seeds/cell-003-d1cf56ef5b18/seed-11/snapshots/step-000025.pt
1,replication-momentum-sgd-12seeds-v1,acac69fd0fb0eb72c223dcdbd380b2cff3f020d29c0cefc2e02ac2c1212afe00,cell-003-d1cf56ef5b18,3,d1cf56ef5b184a9d8d601052f3642d11463fe7435c2ef760947a9f9e9d011969,11,2,50,64,4,16,2,4,,sgd,0.03,0.9,800,512,0.0,8192,0.7421568632125854,0.71533203125,0.20791643857955933,0.18646010756492615,12.92894458770752,"[2.061638116836548,1.8632410764694214,2.0700409412384033,1.7879657745361328,2.188704013824463,1.9264026880264282,1.92317795753479,2.056793689727783]","[2.2965893745422363,2.6103804111480713,2.168405055999756,2.063152551651001,2.1035220623016357,1.8415601253509521,2.0840399265289307,2.030752420425415]",seeds/cell-003-d1cf56ef5b18/seed-11/checkpoint.pt,seeds/cell-003-d1cf56ef5b18/seed-11/snapshots/step-000050.pt
1,replication-momentum-sgd-12seeds-v1,acac69fd0fb0eb72c223dcdbd380b2cff3f020d29c0cefc2e02ac2c1212afe00,cell-003-d1cf56ef5b18,3,d1cf56ef5b184a9d8d601052f3642d11463fe7435c2ef760947a9f9e9d011969,11,3,100,64,4,16,2,4,,sgd,0.03,0.9,800,512,0.0,8192,0.3781564235687256,0.8759765625,0.6601489186286926,0.6858591437339783,12.20972728729248,"[2.1087806224823,2.7658140659332275,2.1658194065093994,1.7906928062438965,2.198375701904297,1.9343053102493286,1.9322509765625,2.0727627277374268]","[2.230973243713379,2.9882352352142334,2.141615629196167,2.0836172103881836,2.082749843597412,1.809632658958435,2.054941177368164,2.0224711894989014]",seeds/cell-003-d1cf56ef5b18/seed-11/checkpoint.pt,seeds/cell-003-d1cf56ef5b18/seed-11/snapshots/step-000100.pt
1,replication-momentum-sgd-12seeds-v1,acac69fd0fb0eb72c223dcdbd380b2cff3f020d29c0cefc2e02ac2c1212afe00,cell-003-d1cf56ef5b18,3,d1cf56ef5b184a9d8d601052f3642d11463fe7435c2ef760947a9f9e9d011969,11,4,150,64,4,16,2,4,,sgd,0.03,0.9,800,512,0.0,8192,0.08677070587873459,0.9759521484375,0.8968536853790283,0.9064922332763672,11.245979309082031,"[2.0949060916900635,3.718427896499634,2.197011947631836,1.780892252922058,2.1962952613830566,1.9153791666030884,1.9256322383880615,2.0525782108306885]","[2.09342885017395,3.6491293907165527,2.086984395980835,2.0253617763519287,2.070389986038208,1.7917214632034302,2.0687029361724854,1.9793701171875]",seeds/cell-003-d1cf56ef5b18/seed-11/checkpoint.pt,seeds/cell-003-d1cf56ef5b18/seed-11/snapshots/step-000150.pt
1,replication-momentum-sgd-12seeds-v1,acac69fd0fb0eb72c223dcdbd380b2cff3f020d29c0cefc2e02ac2c1212afe00,cell-003-d1cf56ef5b18,3,d1cf56ef5b184a9d8d601052f3642d11463fe7435c2ef760947a9f9e9d011969,11,5,200,64,4,16,2,4,,sgd,0.03,0.9,800,512,0.0,8192,0.04040464758872986,0.987548828125,0.9564523100852966,0.9600387811660767,10.915102005004883,"[2.081430673599243,3.9957072734832764,2.18742299079895,1.7719547748565674,2.1967227458953857,1.909061074256897,1.9288411140441895,2.055795431137085]","[2.045105457305908,4.080330848693848,2.041698932647705,1.9777241945266724,2.0756876468658447,1.7870678901672363,2.0699331760406494,1.9719288349151611]",seeds/cell-003-d1cf56ef5b18/seed-11/checkpoint.pt,seeds/cell-003-d1cf56ef5b18/seed-11/snapshots/step-000200.pt
1,replication-momentum-sgd-12seeds-v1,acac69fd0fb0eb72c223dcdbd380b2cff3f020d29c0cefc2e02ac2c1212afe00,cell-003-d1cf56ef5b18,3,d1cf56ef5b184a9d8d601052f3642d11463fe7435c2ef760947a9f9e9d011969,11,6,300,64,4,16,2,4,,sgd,0.03,0.9,800,512,0.0,8192,0.008344375528395176,0.998046875,0.9955726861953735,1.0026683807373047,10.498469352722168,"[2.067127227783203,4.217587471008301,2.180500030517578,1.7623718976974487,2.2008800506591797,1.9104537963867188,1.9358634948730469,2.060513734817505]","[1.989503264427185,4.496677398681641,1.9921226501464844,1.9314326047897339,2.0835487842559814,1.7858811616897583,2.0739963054656982,1.9724761247634888]",seeds/cell-003-d1cf56ef5b18/seed-11/checkpoint.pt,seeds/cell-003-d1cf56ef5b18/seed-11/snapshots/step-000300.pt
1,replication-momentum-sgd-12seeds-v1,acac69fd0fb0eb72c223dcdbd380b2cff3f020d29c0cefc2e02ac2c1212afe00,cell-003-d1cf56ef5b18,3,d1cf56ef5b184a9d8d601052f3642d11463fe7435c2ef760947a9f9e9d011969,11,7,400,64,4,16,2,4,,sgd,0.03,0.9,800,512,0.0,8192,0.009266627952456474,0.9976806640625,0.9734578132629395,0.9776979684829712,10.262475967407227,"[2.061492919921875,4.360049724578857,2.169346809387207,1.753214716911316,2.2042298316955566,1.9146775007247925,1.9440699815750122,2.061471939086914]","[1.9580388069152832,4.758869171142578,1.9565573930740356,1.8976517915725708,2.095184326171875,1.7843632698059082,2.08113169670105,1.9712550640106201]",seeds/cell-003-d1cf56ef5b18/seed-11/checkpoint.pt,seeds/cell-003-d1cf56ef5b18/seed-11/snapshots/step-000400.pt
1,replication-momentum-sgd-12seeds-v1,acac69fd0fb0eb72c223dcdbd380b2cff3f020d29c0cefc2e02ac2c1212afe00,cell-003-d1cf56ef5b18,3,d1cf56ef5b184a9d8d601052f3642d11463fe7435c2ef760947a9f9e9d011969,11,8,500,64,4,16,2,4,,sgd,0.03,0.9,800,512,0.0,8192,0.0021026823669672012,0.9993896484375,0.9937043190002441,0.9996476173400879,10.009519577026367,"[2.057526111602783,4.480696201324463,2.16163969039917,1.748490571975708,2.205597400665283,1.9173321723937988,1.9483158588409424,2.0630531311035156]","[1.9402776956558228,4.921323299407959,1.9276002645492554,1.8780131340026855,2.10186505317688,1.787790298461914,2.082897901535034,1.9696577787399292]",seeds/cell-003-d1cf56ef5b18/seed-11/checkpoint.pt,seeds/cell-003-d1cf56ef5b18/seed-11/snapshots/step-000500.pt
1,replication-momentum-sgd-12seeds-v1,acac69fd0fb0eb72c223dcdbd380b2cff3f020d29c0cefc2e02ac2c1212afe00,cell-003-d1cf56ef5b18,3,d1cf56ef5b184a9d8d601052f3642d11463fe7435c2ef760947a9f9e9d011969,11,9,600,64,4,16,2,4,,sgd,0.03,0.9,800,512,0.0,8192,0.0005182870663702488,1.0,0.9986080527305603,1.0042797327041626,9.957609176635742,"[2.0554449558258057,4.521831512451172,2.158052921295166,1.7445532083511353,2.2071566581726074,1.9196691513061523,1.9522472620010376,2.0631825923919678]","[1.9297723770141602,5.0121283531188965,1.9117296934127808,1.8651511669158936,2.110647678375244,1.7865673303604126,2.0858285427093506,1.9693832397460938]",seeds/cell-003-d1cf56ef5b18/seed-11/checkpoint.pt,seeds/cell-003-d1cf56ef5b18/seed-11/snapshots/step-000600.pt
1,replication-momentum-sgd-12seeds-v1,acac69fd0fb0eb72c223dcdbd380b2cff3f020d29c0cefc2e02ac2c1212afe00,cell-003-d1cf56ef5b18,3,d1cf56ef5b184a9d8d601052f3642d11463fe7435c2ef760947a9f9e9d011969,11,10,800,64,4,16,2,4,,sgd,0.03,0.9,800,512,0.0,8192,0.0021586366929113865,0.9993896484375,0.9912779927253723,0.9979051351547241,9.79459285736084,"[2.0514512062072754,4.574912071228027,2.1560518741607666,1.7400634288787842,2.2094390392303467,1.9224398136138916,1.9558149576187134,2.0633223056793213]","[1.911734700202942,5.136366367340088,1.8996555805206299,1.846612811088562,2.1201841831207275,1.7882897853851318,2.089749813079834,1.9685910940170288]",seeds/cell-003-d1cf56ef5b18/seed-11/checkpoint.pt,seeds/cell-003-d1cf56ef5b18/seed-11/snapshots/step-000800.pt
1,replication-momentum-sgd-12seeds-v1,acac69fd0fb0eb72c223dcdbd380b2cff3f020d29c0cefc2e02ac2c1212afe00,cell-004-3af72ad1f350,4,3af72ad1f350a385511ddb12739b9083bdf50c10a54e2eba69cac33922a5cb18,0,0,0,16,4,16,2,1,32,sgd,0.03,0.9,800,512,0.0,8192,1.1248396635055542,0.5078125,0.007017174735665321,0.010932693257927895,7.686499118804932,"[4.332612037658691,4.283613681793213]","[3.8666813373565674,3.999436855316162]",seeds/cell-004-3af72ad1f350/seed-0/checkpoint.pt,seeds/cell-004-3af72ad1f350/seed-0/snapshots/step-000000.pt
1,replication-momentum-sgd-12seeds-v1,acac69fd0fb0eb72c223dcdbd380b2cff3f020d29c0cefc2e02ac2c1212afe00,cell-004-3af72ad1f350,4,3af72ad1f350a385511ddb12739b9083bdf50c10a54e2eba69cac33922a5cb18,0,1,25,16,4,16,2,1,32,sgd,0.03,0.9,800,512,0.0,8192,0.7026816606521606,0.72314453125,0.31342077255249023,0.27425771951675415,7.3469767570495605,"[4.175453186035156,4.2311811447143555]","[3.923830032348633,4.085833549499512]",seeds/cell-004-3af72ad1f350/seed-0/checkpoint.pt,seeds/cell-004-3af72ad1f350/seed-0/snapshots/step-000025.pt
1,replication-momentum-sgd-12seeds-v1,acac69fd0fb0eb72c223dcdbd380b2cff3f020d29c0cefc2e02ac2c1212afe00,cell-004-3af72ad1f350,4,3af72ad1f350a385511ddb12739b9083bdf50c10a54e2eba69cac33922a5cb18,0,2,50,16,4,16,2,1,32,sgd,0.03,0.9,800,512,0.0,8192,0.414243221282959,0.8631591796875,0.5727863907814026,0.5252653956413269,6.816019535064697,"[4.269924163818359,4.434760093688965]","[3.896432876586914,4.206753253936768]",seeds/cell-004-3af72ad1f350/seed-0/checkpoint.pt,seeds/cell-004-3af72ad1f350/seed-0/snapshots/step-000050.pt
1,replication-momentum-sgd-12seeds-v1,acac69fd0fb0eb72c223dcdbd380b2cff3f020d29c0cefc2e02ac2c1212afe00,cell-004-3af72ad1f350,4,3af72ad1f350a385511ddb12739b9083bdf50c10a54e2eba69cac33922a5cb18,0,3,100,16,4,16,2,1,32,sgd,0.03,0.9,800,512,0.0,8192,0.02106510102748871,0.9974365234375,0.9962650537490845,0.9377577304840088,6.481293678283691,"[4.553584098815918,5.346961975097656]","[3.5832462310791016,4.626481533050537]",seeds/cell-004-3af72ad1f350/seed-0/checkpoint.pt,seeds/cell-004-3af72ad1f350/seed-0/snapshots/step-000100.pt
1,replication-momentum-sgd-12seeds-v1,acac69fd0fb0eb72c223dcdbd380b2cff3f020d29c0cefc2e02ac2c1212afe00,cell-004-3af72ad1f350,4,3af72ad1f350a385511ddb12739b9083bdf50c10a54e2eba69cac33922a5cb18,0,4,150,16,4,16,2,1,32,sgd,0.03,0.9,800,512,0.0,8192,0.0014846962876617908,1.0,0.9969339370727539,0.9411110877990723,6.465588569641113,"[4.61153507232666,5.553194522857666]","[3.5218045711517334,4.764884948730469]",seeds/cell-004-3af72ad1f350/seed-0/checkpoint.pt,seeds/cell-004-3af72ad1f350/seed-0/snapshots/step-000150.pt
1,replication-momentum-sgd-12seeds-v1,acac69fd0fb0eb72c223dcdbd380b2cff3f020d29c0cefc2e02ac2c1212afe00,cell-004-3af72ad1f350,4,3af72ad1f350a385511ddb12739b9083bdf50c10a54e2eba69cac33922a5cb18,0,5,200,16,4,16,2,1,32,sgd,0.03,0.9,800,512,0.0,8192,0.0008191060042008758,1.0,1.0000922679901123,0.943305492401123,6.469472885131836,"[4.630033016204834,5.595942974090576]","[3.50925612449646,4.802959442138672]",seeds/cell-004-3af72ad1f350/seed-0/checkpoint.pt,seeds/cell-004-3af72ad1f350/seed-0/snapshots/step-000200.pt
1,replication-momentum-sgd-12seeds-v1,acac69fd0fb0eb72c223dcdbd380b2cff3f020d29c0cefc2e02ac2c1212afe00,cell-004-3af72ad1f350,4,3af72ad1f350a385511ddb12739b9083bdf50c10a54e2eba69cac33922a5cb18,0,6,300,16,4,16,2,1,32,sgd,0.03,0.9,800,512,0.0,8192,0.00042171537643298507,1.0,1.002064824104309,0.9457579851150513,6.467677593231201,"[4.645547866821289,5.640798568725586]","[3.490880012512207,4.845723628997803]",seeds/cell-004-3af72ad1f350/seed-0/checkpoint.pt,seeds/cell-004-3af72ad1f350/seed-0/snapshots/step-000300.pt
1,replication-momentum-sgd-12seeds-v1,acac69fd0fb0eb72c223dcdbd380b2cff3f020d29c0cefc2e02ac2c1212afe00,cell-004-3af72ad1f350,4,3af72ad1f350a385511ddb12739b9083bdf50c10a54e2eba69cac33922a5cb18,0,7,400,16,4,16,2,1,32,sgd,0.03,0.9,800,512,0.0,8192,0.00030077845440246165,1.0,0.9969147443771362,0.9401034116744995,6.4610185623168945,"[4.65524959564209,5.66630220413208]","[3.4769558906555176,4.872415065765381]",seeds/cell-004-3af72ad1f350/seed-0/checkpoint.pt,seeds/cell-004-3af72ad1f350/seed-0/snapshots/step-000400.pt
1,replication-momentum-sgd-12seeds-v1,acac69fd0fb0eb72c223dcdbd380b2cff3f020d29c0cefc2e02ac2c1212afe00,cell-004-3af72ad1f350,4,3af72ad1f350a385511ddb12739b9083bdf50c10a54e2eba69cac33922a5cb18,0,8,500,16,4,16,2,1,32,sgd,0.03,0.9,800,512,0.0,8192,0.00020940304966643453,1.0,0.9983261823654175,0.9407572746276855,6.459400653839111,"[4.662105560302734,5.683276176452637]","[3.4716975688934326,4.891117572784424]",seeds/cell-004-3af72ad1f350/seed-0/checkpoint.pt,seeds/cell-004-3af72ad1f350/seed-0/snapshots/step-000500.pt
1,replication-momentum-sgd-12seeds-v1,acac69fd0fb0eb72c223dcdbd380b2cff3f020d29c0cefc2e02ac2c1212afe00,cell-004-3af72ad1f350,4,3af72ad1f350a385511ddb12739b9083bdf50c10a54e2eba69cac33922a5cb18,0,9,600,16,4,16,2,1,32,sgd,0.03,0.9,800,512,0.0,8192,0.00016688689356669784,1.0,1.0001282691955566,0.9420804381370544,6.45789098739624,"[4.6673078536987305,5.6962432861328125]","[3.465324878692627,4.905909538269043]",seeds/cell-004-3af72ad1f350/seed-0/checkpoint.pt,seeds/cell-004-3af72ad1f350/seed-0/snapshots/step-000600.pt
1,replication-momentum-sgd-12seeds-v1,acac69fd0fb0eb72c223dcdbd380b2cff3f020d29c0cefc2e02ac2c1212afe00,cell-004-3af72ad1f350,4,3af72ad1f350a385511ddb12739b9083bdf50c10a54e2eba69cac33922a5cb18,0,10,800,16,4,16,2,1,32,sgd,0.03,0.9,800,512,0.0,8192,0.00011926214210689068,1.0,0.9990238547325134,0.9415678381919861,6.453016757965088,"[4.67486572265625,5.715919494628906]","[3.4538662433624268,4.928279876708984]",seeds/cell-004-3af72ad1f350/seed-0/checkpoint.pt,seeds/cell-004-3af72ad1f350/seed-0/snapshots/step-000800.pt
1,replication-momentum-sgd-12seeds-v1,acac69fd0fb0eb72c223dcdbd380b2cff3f020d29c0cefc2e02ac2c1212afe00,cell-004-3af72ad1f350,4,3af72ad1f350a385511ddb12739b9083bdf50c10a54e2eba69cac33922a5cb18,1,0,0,16,4,16,2,1,32,sgd,0.03,0.9,800,512,0.0,8192,1.4843761920928955,0.4853515625,-0.04323412850499153,-0.04613124579191208,7.553332805633545,"[4.255569934844971,3.9497838020324707]","[4.1270551681518555,3.457872152328491]",seeds/cell-004-3af72ad1f350/seed-1/checkpoint.pt,seeds/cell-004-3af72ad1f350/seed-1/snapshots/step-000000.pt
1,replication-momentum-sgd-12seeds-v1,acac69fd0fb0eb72c223dcdbd380b2cff3f020d29c0cefc2e02ac2c1212afe00,cell-004-3af72ad1f350,4,3af72ad1f350a385511ddb12739b9083bdf50c10a54e2eba69cac33922a5cb18,1,1,25,16,4,16,2,1,32,sgd,0.03,0.9,800,512,0.0,8192,0.7375128865242004,0.7135009765625,0.29029905796051025,0.2869468927383423,7.258848667144775,"[4.170598030090332,3.9539613723754883]","[4.394966125488281,3.859920024871826]",seeds/cell-004-3af72ad1f350/seed-1/checkpoint.pt,seeds/cell-004-3af72ad1f350/seed-1/snapshots/step-000025.pt
1,replication-momentum-sgd-12seeds-v1,acac69fd0fb0eb72c223dcdbd380b2cff3f020d29c0cefc2e02ac2c1212afe00,cell-004-3af72ad1f350,4,3af72ad1f350a385511ddb12739b9083bdf50c10a54e2eba69cac33922a5cb18,1,2,50,16,4,16,2,1,32,sgd,0.03,0.9,800,512,0.0,8192,0.49612030386924744,0.8275146484375,0.49315622448921204,0.4979163110256195,6.693044662475586,"[4.560713291168213,3.975001335144043]","[4.501563549041748,3.8947818279266357]",seeds/cell-004-3af72ad1f350/seed-1/checkpoint.pt,seeds/cell-004-3af72ad1f350/seed-1/snapshots/step-000050.pt
1,replication-momentum-sgd-12seeds-v1,acac69fd0fb0eb72c223dcdbd380b2cff3f020d29c0cefc2e02ac2c1212afe00,cell-004-3af72ad1f350,4,3af72ad1f350a385511ddb12739b9083bdf50c10a54e2eba69cac33922a5cb18,1,3,100,16,4,16,2,1,32,sgd,0.03,0.9,800,512,0.0,8192,0.004161865450441837,1.0,0.9990445375442505,1.0036091804504395,5.955665111541748,"[5.850320339202881,3.9995312690734863]","[4.793300628662109,3.8138344287872314]",seeds/cell-004-3af72ad1f350/seed-1/checkpoint.pt,seeds/cell-004-3af72ad1f350/seed-1/snapshots/step-000100.pt
1,replication-momentum-sgd-12seeds-v1,acac69fd0fb0eb72c223dcdbd380b2cff3f020d29c0cefc2e02ac2c1212afe00,cell-004-3af72ad1f350,4,3af72ad1f350a385511ddb12739b9083bdf50c10a54e2eba69cac33922a5cb18,1,4,150,16,4,16,2,1,32,sgd,0.03,0.9,800,512,0.0,8192,0.0010273245861753821,1.0,0.9960759878158569,1.0000451803207397,5.966769695281982,"[5.9335832595825195,4.003760814666748]","[4.8257341384887695,3.8015193939208984]",seeds/cell-004-3af72ad1f350/seed-1/checkpoint.pt,seeds/cell-004-3af72ad1f350/seed-1/snapshots/step-000150.pt
1,replication-momentum-sgd-12seeds-v1,acac69fd0fb0eb72c223dcdbd380b2cff3f020d29c0cefc2e02ac2c1212afe00,cell-004-3af72ad1f350,4,3af72ad1f350a385511ddb12739b9083bdf50c10a54e2eba69cac33922a5cb18,1,5,200,16,4,16,2,1,32,sgd,0.03,0.9,800,512,0.0,8192,0.0005887183360755444,1.0,1.0011463165283203,1.0051467418670654,5.966375827789307,"[5.948413372039795,4.004326343536377]","[4.834768295288086,3.795999765396118]",seeds/cell-004-3af72ad1f350/seed-1/checkpoint.pt,seeds/cell-004-3af72ad1f350/seed-1/snapshots/step-000200.pt
1,replication-momentum-sgd-12seeds-v1,acac69fd0fb0eb72c223dcdbd380b2cff3f020d29c0cefc2e02ac2c1212afe00,cell-004-3af72ad1f350,4,3af72ad1f350a385511ddb12739b9083bdf50c10a54e2eba69cac33922a5cb18,1,6,300,16,4,16,2,1,32,sgd,0.03,0.9,800,512,0.0,8192,0.0003835897659882903,1.0,1.0027209520339966,1.006620168685913,5.964470386505127,"[5.962479591369629,4.004100322723389]","[4.844044208526611,3.7892227172851562]",seeds/cell-004-3af72ad1f350/seed-1/checkpoint.pt,seeds/cell-004-3af72ad1f350/seed-1/snapshots/step-000300.pt
1,replication-momentum-sgd-12seeds-v1,acac69fd0fb0eb72c223dcdbd380b2cff3f020d29c0cefc2e02ac2c1212afe00,cell-004-3af72ad1f350,4,3af72ad1f350a385511ddb12739b9083bdf50c10a54e2eba69cac33922a5cb18,1,7,400,16,4,16,2,1,32,sgd,0.03,0.9,800,512,0.0,8192,0.00028644391568377614,1.0,0.9966181516647339,1.0004339218139648,5.962752342224121,"[5.971818923950195,4.003584384918213]","[4.850564002990723,3.78454852104187]",seeds/cell-004-3af72ad1f350/seed-1/checkpoint.pt,seeds/cell-004-3af72ad1f350/seed-1/snapshots/step-000400.pt
1,replication-momentum-sgd-12seeds-v1,acac69fd0fb0eb72c223dcdbd380b2cff3f020d29c0cefc2e02ac2c1212afe00,cell-004-3af72ad1f350,4,3af72ad1f350a385511ddb12739b9083bdf50c10a54e2eba69cac33922a5cb18,1,8,500,16,4,16,2,1,32,sgd,0.03,0.9,800,512,0.0,8192,0.0002210155944339931,1.0,1.0013139247894287,1.004911184310913,5.9608941078186035,"[5.9782938957214355,4.003269672393799]","[4.855414867401123,3.7811734676361084]",seeds/cell-004-3af72ad1f350/seed-1/checkpoint.pt,seeds/cell-004-3af72ad1f350/seed-1/snapshots/step-000500.pt
1,replication-momentum-sgd-12seeds-v1,acac69fd0fb0eb72c223dcdbd380b2cff3f020d29c0cefc2e02ac2c1212afe00,cell-004-3af72ad1f350,4,3af72ad1f350a385511ddb12739b9083bdf50c10a54e2eba69cac33922a5cb18,1,9,600,16,4,16,2,1,32,sgd,0.03,0.9,800,512,0.0,8192,0.0001825621584430337,1.0,1.0003607273101807,1.0040810108184814,5.959414958953857,"[5.983892917633057,4.00299072265625]","[4.859177589416504,3.7784290313720703]",seeds/cell-004-3af72ad1f350/seed-1/checkpoint.pt,seeds/cell-004-3af72ad1f350/seed-1/snapshots/step-000600.pt
1,replication-momentum-sgd-12seeds-v1,acac69fd0fb0eb72c223dcdbd380b2cff3f020d29c0cefc2e02ac2c1212afe00,cell-004-3af72ad1f350,4,3af72ad1f350a385511ddb12739b9083bdf50c10a54e2eba69cac33922a5cb18,1,10,800,16,4,16,2,1,32,sgd,0.03,0.9,800,512,0.0,8192,0.00013934183516539633,1.0,1.0007131099700928,1.004518985748291,5.9565534591674805,"[5.991943359375,4.002468585968018]","[4.864798069000244,3.774282217025757]",seeds/cell-004-3af72ad1f350/seed-1/checkpoint.pt,seeds/cell-004-3af72ad1f350/seed-1/snapshots/step-000800.pt
1,replication-momentum-sgd-12seeds-v1,acac69fd0fb0eb72c223dcdbd380b2cff3f020d29c0cefc2e02ac2c1212afe00,cell-004-3af72ad1f350,4,3af72ad1f350a385511ddb12739b9083bdf50c10a54e2eba69cac33922a5cb18,2,0,0,16,4,16,2,1,32,sgd,0.03,0.9,800,512,0.0,8192,2.498396873474121,0.4935302734375,-0.02270890772342682,-0.011540580540895462,8.411805152893066,"[3.6686158180236816,4.7019853591918945]","[3.692230224609375,3.6645772457122803]",seeds/cell-004-3af72ad1f350/seed-2/checkpoint.pt,seeds/cell-004-3af72ad1f350/seed-2/snapshots/step-000000.pt
1,replication-momentum-sgd-12seeds-v1,acac69fd0fb0eb72c223dcdbd380b2cff3f020d29c0cefc2e02ac2c1212afe00,cell-004-3af72ad1f350,4,3af72ad1f350a385511ddb12739b9083bdf50c10a54e2eba69cac33922a5cb18,2,1,25,16,4,16,2,1,32,sgd,0.03,0.9,800,512,0.0,8192,1.0045579671859741,0.524169921875,0.08874231576919556,0.08146411925554276,8.149070739746094,"[3.7898108959198,4.7190937995910645]","[5.171926498413086,4.210330009460449]",seeds/cell-004-3af72ad1f350/seed-2/checkpoint.pt,seeds/cell-004-3af72ad1f350/seed-2/snapshots/step-000025.pt
1,replication-momentum-sgd-12seeds-v1,acac69fd0fb0eb72c223dcdbd380b2cff3f020d29c0cefc2e02ac2c1212afe00,cell-004-3af72ad1f350,4,3af72ad1f350a385511ddb12739b9083bdf50c10a54e2eba69cac33922a5cb18,2,2,50,16,4,16,2,1,32,sgd,0.03,0.9,800,512,0.0,8192,0.7469043731689453,0.7027587890625,0.2578471302986145,0.22796054184436798,8.081706047058105,"[3.7440032958984375,4.625050067901611]","[5.375390529632568,4.4196577072143555]",seeds/cell-004-3af72ad1f350/seed-2/checkpoint.pt,seeds/cell-004-3af72ad1f350/seed-2/snapshots/step-000050.pt
1,replication-momentum-sgd-12seeds-v1,acac69fd0fb0eb72c223dcdbd380b2cff3f020d29c0cefc2e02ac2c1212afe00,cell-004-3af72ad1f350,4,3af72ad1f350a385511ddb12739b9083bdf50c10a54e2eba69cac33922a5cb18,2,3,100,16,4,16,2,1,32,sgd,0.03,0.9,800,512,0.0,8192,0.5942265391349792,0.7821044921875,0.42477521300315857,0.40215444564819336,7.518878936767578,"[4.093780994415283,4.618988990783691]","[5.538755416870117,4.33190393447876]",seeds/cell-004-3af72ad1f350/seed-2/checkpoint.pt,seeds/cell-004-3af72ad1f350/seed-2/snapshots/step-000100.pt
1,replication-momentum-sgd-12seeds-v1,acac69fd0fb0eb72c223dcdbd380b2cff3f020d29c0cefc2e02ac2c1212afe00,cell-004-3af72ad1f350,4,3af72ad1f350a385511ddb12739b9083bdf50c10a54e2eba69cac33922a5cb18,2,4,150,16,4,16,2,1,32,sgd,0.03,0.9,800,512,0.0,8192,0.055406663566827774,0.98779296875,0.9519086480140686,0.956875205039978,6.777529716491699,"[5.154692649841309,4.928986549377441]","[5.556004047393799,4.217624664306641]",seeds/cell-004-3af72ad1f350/seed-2/checkpoint.pt,seeds/cell-004-3af72ad1f350/seed-2/snapshots/step-000150.pt
1,replication-momentum-sgd-12seeds-v1,acac69fd0fb0eb72c223dcdbd380b2cff3f020d29c0cefc2e02ac2c1212afe00,cell-004-3af72ad1f350,4,3af72ad1f350a385511ddb12739b9083bdf50c10a54e2eba69cac33922a5cb18,2,5,200,16,4,16,2,1,32,sgd,0.03,0.9,800,512,0.0,8192,0.00238985288888216,1.0,1.000603437423706,1.0015404224395752,6.789687156677246,"[5.438665390014648,4.972109317779541]","[5.605315685272217,4.219417095184326]",seeds/cell-004-3af72ad1f350/seed-2/checkpoint.pt,seeds/cell-004-3af72ad1f350/seed-2/snapshots/step-000200.pt
1,replication-momentum-sgd-12seeds-v1,acac69fd0fb0eb72c223dcdbd380b2cff3f020d29c0cefc2e02ac2c1212afe00,cell-004-3af72ad1f350,4,3af72ad1f350a385511ddb12739b9083bdf50c10a54e2eba69cac33922a5cb18,2,6,300,16,4,16,2,1,32,sgd,0.03,0.9,800,512,0.0,8192,0.0007427115924656391,1.0,1.000532865524292,1.0012271404266357,6.765532970428467,"[5.493283271789551,4.971447467803955]","[5.6394944190979,4.22089147567749]",seeds/cell-004-3af72ad1f350/seed-2/checkpoint.pt,seeds/cell-004-3af72ad1f350/seed-2/snapshots/step-000300.pt
1,replication-momentum-sgd-12seeds-v1,acac69fd0fb0eb72c223dcdbd380b2cff3f020d29c0cefc2e02ac2c1212afe00,cell-004-3af72ad1f350,4,3af72ad1f350a385511ddb12739b9083bdf50c10a54e2eba69cac33922a5cb18,2,7,400,16,4,16,2,1,32,sgd,0.03,0.9,800,512,0.0,8192,0.00044302496826276183,1.0,1.0000653266906738,1.0008738040924072,6.751919269561768,"[5.519974708557129,4.971256256103516]","[5.658208847045898,4.221604347229004]",seeds/cell-004-3af72ad1f350/seed-2/checkpoint.pt,seeds/cell-004-3af72ad1f350/seed-2/snapshots/step-000400.pt
1,replication-momentum-sgd-12seeds-v1,acac69fd0fb0eb72c223dcdbd380b2cff3f020d29c0cefc2e02ac2c1212afe00,cell-004-3af72ad1f350,4,3af72ad1f350a385511ddb12739b9083bdf50c10a54e2eba69cac33922a5cb18,2,8,500,16,4,16,2,1,32,sgd,0.03,0.9,800,512,0.0,8192,0.00032018934143707156,1.0,1.0003478527069092,1.0010371208190918,6.743006706237793,"[5.538566589355469,4.971429824829102]","[5.673775672912598,4.222370147705078]",seeds/cell-004-3af72ad1f350/seed-2/checkpoint.pt,seeds/cell-004-3af72ad1f350/seed-2/snapshots/step-000500.pt
1,replication-momentum-sgd-12seeds-v1,acac69fd0fb0eb72c223dcdbd380b2cff3f020d29c0cefc2e02ac2c1212afe00,cell-004-3af72ad1f350,4,3af72ad1f350a385511ddb12739b9083bdf50c10a54e2eba69cac33922a5cb18,2,9,600,16,4,16,2,1,32,sgd,0.03,0.9,800,512,0.0,8192,0.00024499595747329295,1.0,0.9998447895050049,1.0005035400390625,6.736072540283203,"[5.550932884216309,4.9714035987854]","[5.683801174163818,4.22340202331543]",seeds/cell-004-3af72ad1f350/seed-2/checkpoint.pt,seeds/cell-004-3af72ad1f350/seed-2/snapshots/step-000600.pt
1,replication-momentum-sgd-12seeds-v1,acac69fd0fb0eb72c223dcdbd380b2cff3f020d29c0cefc2e02ac2c1212afe00,cell-004-3af72ad1f350,4,3af72ad1f350a385511ddb12739b9083bdf50c10a54e2eba69cac33922a5cb18,2,10,800,16,4,16,2,1,32,sgd,0.03,0.9,800,512,0.0,8192,0.000172209256561473,1.0,1.0018460750579834,1.0024642944335938,6.72728967666626,"[5.569980144500732,4.97134256362915]","[5.699987888336182,4.224642276763916]",seeds/cell-004-3af72ad1f350/seed-2/checkpoint.pt,seeds/cell-004-3af72ad1f350/seed-2/snapshots/step-000800.pt
1,replication-momentum-sgd-12seeds-v1,acac69fd0fb0eb72c223dcdbd380b2cff3f020d29c0cefc2e02ac2c1212afe00,cell-004-3af72ad1f350,4,3af72ad1f350a385511ddb12739b9083bdf50c10a54e2eba69cac33922a5cb18,3,0,0,16,4,16,2,1,32,sgd,0.03,0.9,800,512,0.0,8192,2.023151159286499,0.555419921875,0.22516381740570068,0.2047894448041916,8.813401222229004,"[3.8622231483459473,4.052639007568359]","[3.6774392127990723,3.8555822372436523]",seeds/cell-004-3af72ad1f350/seed-3/checkpoint.pt,seeds/cell-004-3af72ad1f350/seed-3/snapshots/step-000000.pt
1,replication-momentum-sgd-12seeds-v1,acac69fd0fb0eb72c223dcdbd380b2cff3f020d29c0cefc2e02ac2c1212afe00,cell-004-3af72ad1f350,4,3af72ad1f350a385511ddb12739b9083bdf50c10a54e2eba69cac33922a5cb18,3,1,25,16,4,16,2,1,32,sgd,0.03,0.9,800,512,0.0,8192,0.9165117740631104,0.5794677734375,0.11464639753103256,0.10722441226243973,8.853842735290527,"[4.156223297119141,4.045690536499023]","[5.561337471008301,5.302152156829834]",seeds/cell-004-3af72ad1f350/seed-3/checkpoint.pt,seeds/cell-004-3af72ad1f350/seed-3/snapshots/step-000025.pt
1,replication-momentum-sgd-12seeds-v1,acac69fd0fb0eb72c223dcdbd380b2cff3f020d29c0cefc2e02ac2c1212afe00,cell-004-3af72ad1f350,4,3af72ad1f350a385511ddb12739b9083bdf50c10a54e2eba69cac33922a5cb18,3,2,50,16,4,16,2,1,32,sgd,0.03,0.9,800,512,0.0,8192,0.7864766120910645,0.66650390625,0.21112969517707825,0.18065693974494934,8.75486946105957,"[4.187897205352783,4.053693771362305]","[5.687066555023193,5.688150405883789]",seeds/cell-004-3af72ad1f350/seed-3/checkpoint.pt,seeds/cell-004-3af72ad1f350/seed-3/snapshots/step-000050.pt
1,replication-momentum-sgd-12seeds-v1,acac69fd0fb0eb72c223dcdbd380b2cff3f020d29c0cefc2e02ac2c1212afe00,cell-004-3af72ad1f350,4,3af72ad1f350a385511ddb12739b9083bdf50c10a54e2eba69cac33922a5cb18,3,3,100,16,4,16,2,1,32,sgd,0.03,0.9,800,512,0.0,8192,0.6250617504119873,0.7593994140625,0.3653491735458374,0.35179534554481506,7.804685115814209,"[4.595670700073242,4.088193416595459]","[5.70461893081665,5.852528095245361]",seeds/cell-004-3af72ad1f350/seed-3/checkpoint.pt,seeds/cell-004-3af72ad1f350/seed-3/snapshots/step-000100.pt
1,replication-momentum-sgd-12seeds-v1,acac69fd0fb0eb72c223dcdbd380b2cff3f020d29c0cefc2e02ac2c1212afe00,cell-004-3af72ad1f350,4,3af72ad1f350a385511ddb12739b9083bdf50c10a54e2eba69cac33922a5cb18,3,4,150,16,4,16,2,1,32,sgd,0.03,0.9,800,512,0.0,8192,0.3672303557395935,0.87158203125,0.633593738079071,0.6232466697692871,6.158487319946289,"[5.914679527282715,4.320376873016357]","[5.640129566192627,5.772249698638916]",seeds/cell-004-3af72ad1f350/seed-3/checkpoint.pt,seeds/cell-004-3af72ad1f350/seed-3/snapshots/step-000150.pt
1,replication-momentum-sgd-12seeds-v1,acac69fd0fb0eb72c223dcdbd380b2cff3f020d29c0cefc2e02ac2c1212afe00,cell-004-3af72ad1f350,4,3af72ad1f350a385511ddb12739b9083bdf50c10a54e2eba69cac33922a5cb18,3,5,200,16,4,16,2,1,32,sgd,0.03,0.9,800,512,0.0,8192,0.02721071057021618,0.9927978515625,0.9367513656616211,0.9249618649482727,5.858826637268066,"[6.393034934997559,4.474270820617676]","[5.5708112716674805,5.761907577514648]",seeds/cell-004-3af72ad1f350/seed-3/checkpoint.pt,seeds/cell-004-3af72ad1f350/seed-3/snapshots/step-000200.pt
1,replication-momentum-sgd-12seeds-v1,acac69fd0fb0eb72c223dcdbd380b2cff3f020d29c0cefc2e02ac2c1212afe00,cell-004-3af72ad1f350,4,3af72ad1f350a385511ddb12739b9083bdf50c10a54e2eba69cac33922a5cb18,3,6,300,16,4,16,2,1,32,sgd,0.03,0.9,800,512,0.0,8192,0.0008337376639246941,1.0,0.9996531009674072,0.9910808801651001,5.865904808044434,"[6.47988224029541,4.51571798324585]","[5.619903087615967,5.75277853012085]",seeds/cell-004-3af72ad1f350/seed-3/checkpoint.pt,seeds/cell-004-3af72ad1f350/seed-3/snapshots/step-000300.pt
1,replication-momentum-sgd-12seeds-v1,acac69fd0fb0eb72c223dcdbd380b2cff3f020d29c0cefc2e02ac2c1212afe00,cell-004-3af72ad1f350,4,3af72ad1f350a385511ddb12739b9083bdf50c10a54e2eba69cac33922a5cb18,3,7,400,16,4,16,2,1,32,sgd,0.03,0.9,800,512,0.0,8192,0.0004753613320644945,1.0,0.999539852142334,0.990038275718689,5.858921051025391,"[6.487105846405029,4.525102138519287]","[5.639223098754883,5.744515419006348]",seeds/cell-004-3af72ad1f350/seed-3/checkpoint.pt,seeds/cell-004-3af72ad1f350/seed-3/snapshots/step-000400.pt
1,replication-momentum-sgd-12seeds-v1,acac69fd0fb0eb72c223dcdbd380b2cff3f020d29c0cefc2e02ac2c1212afe00,cell-004-3af72ad1f350,4,3af72ad1f350a385511ddb12739b9083bdf50c10a54e2eba69cac33922a5cb18,3,8,500,16,4,16,2,1,32,sgd,0.03,0.9,800,512,0.0,8192,0.0003523658961057663,1.0,1.0020278692245483,0.9923394322395325,5.855273723602295,"[6.491524696350098,4.531251430511475]","[5.65362024307251,5.738932132720947]",seeds/cell-004-3af72ad1f350/seed-3/checkpoint.pt,seeds/cell-004-3af72ad1f350/seed-3/snapshots/step-000500.pt
1,replication-momentum-sgd-12seeds-v1,acac69fd0fb0eb72c223dcdbd380b2cff3f020d29c0cefc2e02ac2c1212afe00,cell-004-3af72ad1f350,4,3af72ad1f350a385511ddb12739b9083bdf50c10a54e2eba69cac33922a5cb18,3,9,600,16,4,16,2,1,32,sgd,0.03,0.9,800,512,0.0,8192,0.0002776706824079156,1.0,1.001206398010254,0.9916287660598755,5.852080345153809,"[6.4949750900268555,4.53602409362793]","[5.663933277130127,5.734964847564697]",seeds/cell-004-3af72ad1f350/seed-3/checkpoint.pt,seeds/cell-004-3af72ad1f350/seed-3/snapshots/step-000600.pt
1,replication-momentum-sgd-12seeds-v1,acac69fd0fb0eb72c223dcdbd380b2cff3f020d29c0cefc2e02ac2c1212afe00,cell-004-3af72ad1f350,4,3af72ad1f350a385511ddb12739b9083bdf50c10a54e2eba69cac33922a5cb18,3,10,800,16,4,16,2,1,32,sgd,0.03,0.9,800,512,0.0,8192,0.00020594923989847302,1.0,1.0014643669128418,0.9919799566268921,5.8474860191345215,"[6.500027179718018,4.543485641479492]","[5.679469585418701,5.72925329208374]",seeds/cell-004-3af72ad1f350/seed-3/checkpoint.pt,seeds/cell-004-3af72ad1f350/seed-3/snapshots/step-000800.pt
1,replication-momentum-sgd-12seeds-v1,acac69fd0fb0eb72c223dcdbd380b2cff3f020d29c0cefc2e02ac2c1212afe00,cell-004-3af72ad1f350,4,3af72ad1f350a385511ddb12739b9083bdf50c10a54e2eba69cac33922a5cb18,4,0,0,16,4,16,2,1,32,sgd,0.03,0.9,800,512,0.0,8192,1.6973347663879395,0.524658203125,0.04723068326711655,0.03213093802332878,8.253628730773926,"[4.0082478523254395,3.9057953357696533]","[3.698805093765259,4.201759338378906]",seeds/cell-004-3af72ad1f350/seed-4/checkpoint.pt,seeds/cell-004-3af72ad1f350/seed-4/snapshots/step-000000.pt
1,replication-momentum-sgd-12seeds-v1,acac69fd0fb0eb72c223dcdbd380b2cff3f020d29c0cefc2e02ac2c1212afe00,cell-004-3af72ad1f350,4,3af72ad1f350a385511ddb12739b9083bdf50c10a54e2eba69cac33922a5cb18,4,1,25,16,4,16,2,1,32,sgd,0.03,0.9,800,512,0.0,8192,0.7404332160949707,0.717529296875,0.29391318559646606,0.2685506045818329,8.253986358642578,"[3.877254009246826,3.9012644290924072]","[4.12736701965332,4.338096618652344]",seeds/cell-004-3af72ad1f350/seed-4/checkpoint.pt,seeds/cell-004-3af72ad1f350/seed-4/snapshots/step-000025.pt
1,replication-momentum-sgd-12seeds-v1,acac69fd0fb0eb72c223dcdbd380b2cff3f020d29c0cefc2e02ac2c1212afe00,cell-004-3af72ad1f350,4,3af72ad1f350a385511ddb12739b9083bdf50c10a54e2eba69cac33922a5cb18,4,2,50,16,4,16,2,1,32,sgd,0.03,0.9,800,512,0.0,8192,0.2532036304473877,0.9227294921875,0.7925164699554443,0.8040868639945984,7.484227657318115,"[4.497588634490967,3.8940374851226807]","[4.3991851806640625,4.31461238861084]",seeds/cell-004-3af72ad1f350/seed-4/checkpoint.pt,seeds/cell-004-3af72ad1f350/seed-4/snapshots/step-000050.pt
1,replication-momentum-sgd-12seeds-v1,acac69fd0fb0eb72c223dcdbd380b2cff3f020d29c0cefc2e02ac2c1212afe00,cell-004-3af72ad1f350,4,3af72ad1f350a385511ddb12739b9083bdf50c10a54e2eba69cac33922a5cb18,4,3,100,16,4,16,2,1,32,sgd,0.03,0.9,800,512,0.0,8192,0.0021001927088946104,1.0,1.0051758289337158,1.0088847875595093,7.025585174560547,"[5.421792984008789,3.8962578773498535]","[4.83251428604126,4.215901851654053]",seeds/cell-004-3af72ad1f350/seed-4/checkpoint.pt,seeds/cell-004-3af72ad1f350/seed-4/snapshots/step-000100.pt
1,replication-momentum-sgd-12seeds-v1,acac69fd0fb0eb72c223dcdbd380b2cff3f020d29c0cefc2e02ac2c1212afe00,cell-004-3af72ad1f350,4,3af72ad1f350a385511ddb12739b9083bdf50c10a54e2eba69cac33922a5cb18,4,4,150,16,4,16,2,1,32,sgd,0.03,0.9,800,512,0.0,8192,0.0007429119432345033,1.0,1.0010348558425903,1.006232738494873,7.019315719604492,"[5.461467742919922,3.8972339630126953]","[4.88053035736084,4.2072248458862305]",seeds/cell-004-3af72ad1f350/seed-4/checkpoint.pt,seeds/cell-004-3af72ad1f350/seed-4/snapshots/step-000150.pt
1,replication-momentum-sgd-12seeds-v1,acac69fd0fb0eb72c223dcdbd380b2cff3f020d29c0cefc2e02ac2c1212afe00,cell-004-3af72ad1f350,4,3af72ad1f350a385511ddb12739b9083bdf50c10a54e2eba69cac33922a5cb18,4,5,200,16,4,16,2,1,32,sgd,0.03,0.9,800,512,0.0,8192,0.0005061628762632608,1.0,1.0015592575073242,1.00685715675354,7.017406940460205,"[5.473344326019287,3.8974852561950684]","[4.900799751281738,4.203726291656494]",seeds/cell-004-3af72ad1f350/seed-4/checkpoint.pt,seeds/cell-004-3af72ad1f350/seed-4/snapshots/step-000200.pt
1,replication-momentum-sgd-12seeds-v1,acac69fd0fb0eb72c223dcdbd380b2cff3f020d29c0cefc2e02ac2c1212afe00,cell-004-3af72ad1f350,4,3af72ad1f350a385511ddb12739b9083bdf50c10a54e2eba69cac33922a5cb18,4,6,300,16,4,16,2,1,32,sgd,0.03,0.9,800,512,0.0,8192,0.0003244773834012449,1.0,0.999933660030365,1.0061675310134888,7.015363693237305,"[5.488081455230713,3.8975915908813477]","[4.9281086921691895,4.1991658210754395]",seeds/cell-004-3af72ad1f350/seed-4/checkpoint.pt,seeds/cell-004-3af72ad1f350/seed-4/snapshots/step-000300.pt
1,replication-momentum-sgd-12seeds-v1,acac69fd0fb0eb72c223dcdbd380b2cff3f020d29c0cefc2e02ac2c1212afe00,cell-004-3af72ad1f350,4,3af72ad1f350a385511ddb12739b9083bdf50c10a54e2eba69cac33922a5cb18,4,7,400,16,4,16,2,1,32,sgd,0.03,0.9,800,512,0.0,8192,0.00024316116468980908,1.0,0.9994217157363892,1.0059372186660767,7.013766288757324,"[5.499287128448486,3.897564649581909]","[4.947479248046875,4.196048736572266]",seeds/cell-004-3af72ad1f350/seed-4/checkpoint.pt,seeds/cell-004-3af72ad1f350/seed-4/snapshots/step-000400.pt
1,replication-momentum-sgd-12seeds-v1,acac69fd0fb0eb72c223dcdbd380b2cff3f020d29c0cefc2e02ac2c1212afe00,cell-004-3af72ad1f350,4,3af72ad1f350a385511ddb12739b9083bdf50c10a54e2eba69cac33922a5cb18,4,8,500,16,4,16,2,1,32,sgd,0.03,0.9,800,512,0.0,8192,0.00019574225007090718,1.0,0.9998371601104736,1.006271243095398,7.013216972351074,"[5.507925510406494,3.897533893585205]","[4.963205337524414,4.193799018859863]",seeds/cell-004-3af72ad1f350/seed-4/checkpoint.pt,seeds/cell-004-3af72ad1f350/seed-4/snapshots/step-000500.pt
1,replication-momentum-sgd-12seeds-v1,acac69fd0fb0eb72c223dcdbd380b2cff3f020d29c0cefc2e02ac2c1212afe00,cell-004-3af72ad1f350,4,3af72ad1f350a385511ddb12739b9083bdf50c10a54e2eba69cac33922a5cb18,4,9,600,16,4,16,2,1,32,sgd,0.03,0.9,800,512,0.0,8192,0.00016298277478199452,1.0,0.99918532371521,1.0058977603912354,7.01268196105957,"[5.515157699584961,3.897578239440918]","[4.976205825805664,4.19194221496582]",seeds/cell-004-3af72ad1f350/seed-4/checkpoint.pt,seeds/cell-004-3af72ad1f350/seed-4/snapshots/step-000600.pt
1,replication-momentum-sgd-12seeds-v1,acac69fd0fb0eb72c223dcdbd380b2cff3f020d29c0cefc2e02ac2c1212afe00,cell-004-3af72ad1f350,4,3af72ad1f350a385511ddb12739b9083bdf50c10a54e2eba69cac33922a5cb18,4,10,800,16,4,16,2,1,32,sgd,0.03,0.9,800,512,0.0,8192,0.00012445302854757756,1.0,1.0014183521270752,1.008378267288208,7.010673999786377,"[5.526920318603516,3.897625684738159]","[4.996698379516602,4.189142227172852]",seeds/cell-004-3af72ad1f350/seed-4/checkpoint.pt,seeds/cell-004-3af72ad1f350/seed-4/snapshots/step-000800.pt
1,replication-momentum-sgd-12seeds-v1,acac69fd0fb0eb72c223dcdbd380b2cff3f020d29c0cefc2e02ac2c1212afe00,cell-004-3af72ad1f350,4,3af72ad1f350a385511ddb12739b9083bdf50c10a54e2eba69cac33922a5cb18,5,0,0,16,4,16,2,1,32,sgd,0.03,0.9,800,512,0.0,8192,1.2293521165847778,0.513916015625,0.03600749373435974,0.034993160516023636,7.869094371795654,"[4.048739910125732,4.368860721588135]","[3.98201060295105,3.7228877544403076]",seeds/cell-004-3af72ad1f350/seed-5/checkpoint.pt,seeds/cell-004-3af72ad1f350/seed-5/snapshots/step-000000.pt
1,replication-momentum-sgd-12seeds-v1,acac69fd0fb0eb72c223dcdbd380b2cff3f020d29c0cefc2e02ac2c1212afe00,cell-004-3af72ad1f350,4,3af72ad1f350a385511ddb12739b9083bdf50c10a54e2eba69cac33922a5cb18,5,1,25,16,4,16,2,1,32,sgd,0.03,0.9,800,512,0.0,8192,0.7038192749023438,0.721923828125,0.3370261788368225,0.3127402067184448,7.612367153167725,"[4.073398113250732,4.339662551879883]","[4.255918979644775,3.820866107940674]",seeds/cell-004-3af72ad1f350/seed-5/checkpoint.pt,seeds/cell-004-3af72ad1f350/seed-5/snapshots/step-000025.pt
1,replication-momentum-sgd-12seeds-v1,acac69fd0fb0eb72c223dcdbd380b2cff3f020d29c0cefc2e02ac2c1212afe00,cell-004-3af72ad1f350,4,3af72ad1f350a385511ddb12739b9083bdf50c10a54e2eba69cac33922a5cb18,5,2,50,16,4,16,2,1,32,sgd,0.03,0.9,800,512,0.0,8192,0.23687013983726501,0.9317626953125,0.7888988256454468,0.8024311065673828,6.937214374542236,"[4.90850305557251,4.371726989746094]","[4.3934783935546875,3.757537603378296]",seeds/cell-004-3af72ad1f350/seed-5/checkpoint.pt,seeds/cell-004-3af72ad1f350/seed-5/snapshots/step-000050.pt
1,replication-momentum-sgd-12seeds-v1,acac69fd0fb0eb72c223dcdbd380b2cff3f020d29c0cefc2e02ac2c1212afe00,cell-004-3af72ad1f350,4,3af72ad1f350a385511ddb12739b9083bdf50c10a54e2eba69cac33922a5cb18,5,3,100,16,4,16,2,1,32,sgd,0.03,0.9,800,512,0.0,8192,0.0021390863694250584,1.0,0.9986142516136169,1.0036849975585938,6.821246147155762,"[5.814108848571777,4.357769012451172]","[4.647457122802734,3.6873905658721924]",seeds/cell-004-3af72ad1f350/seed-5/checkpoint.pt,seeds/cell-004-3af72ad1f350/seed-5/snapshots/step-000100.pt
1,replication-momentum-sgd-12seeds-v1,acac69fd0fb0eb72c223dcdbd380b2cff3f020d29c0cefc2e02ac2c1212afe00,cell-004-3af72ad1f350,4,3af72ad1f350a385511ddb12739b9083bdf50c10a54e2eba69cac33922a5cb18,5,4,150,16,4,16,2,1,32,sgd,0.03,0.9,800,512,0.0,8192,0.0007992804748937488,1.0,0.9982149600982666,1.004122018814087,6.818349838256836,"[5.8469319343566895,4.357207298278809]","[4.692952632904053,3.6714937686920166]",seeds/cell-004-3af72ad1f350/seed-5/checkpoint.pt,seeds/cell-004-3af72ad1f350/seed-5/snapshots/step-000150.pt
1,replication-momentum-sgd-12seeds-v1,acac69fd0fb0eb72c223dcdbd380b2cff3f020d29c0cefc2e02ac2c1212afe00,cell-004-3af72ad1f350,4,3af72ad1f350a385511ddb12739b9083bdf50c10a54e2eba69cac33922a5cb18,5,5,200,16,4,16,2,1,32,sgd,0.03,0.9,800,512,0.0,8192,0.0005579330027103424,1.0,1.0004627704620361,1.0055241584777832,6.81880521774292,"[5.856941223144531,4.357158184051514]","[4.710018634796143,3.662273645401001]",seeds/cell-004-3af72ad1f350/seed-5/checkpoint.pt,seeds/cell-004-3af72ad1f350/seed-5/snapshots/step-000200.pt
1,replication-momentum-sgd-12seeds-v1,acac69fd0fb0eb72c223dcdbd380b2cff3f020d29c0cefc2e02ac2c1212afe00,cell-004-3af72ad1f350,4,3af72ad1f350a385511ddb12739b9083bdf50c10a54e2eba69cac33922a5cb18,5,6,300,16,4,16,2,1,32,sgd,0.03,0.9,800,512,0.0,8192,0.0003519007586874068,1.0,1.0015509128570557,1.0074872970581055,6.816327095031738,"[5.870335578918457,4.357074737548828]","[4.732007026672363,3.651385545730591]",seeds/cell-004-3af72ad1f350/seed-5/checkpoint.pt,seeds/cell-004-3af72ad1f350/seed-5/snapshots/step-000300.pt
1,replication-momentum-sgd-12seeds-v1,acac69fd0fb0eb72c223dcdbd380b2cff3f020d29c0cefc2e02ac2c1212afe00,cell-004-3af72ad1f350,4,3af72ad1f350a385511ddb12739b9083bdf50c10a54e2eba69cac33922a5cb18,5,7,400,16,4,16,2,1,32,sgd,0.03,0.9,800,512,0.0,8192,0.0002565934555605054,1.0,0.9988347887992859,1.0047415494918823,6.815328121185303,"[5.878699779510498,4.357082843780518]","[4.745742321014404,3.643953323364258]",seeds/cell-004-3af72ad1f350/seed-5/checkpoint.pt,seeds/cell-004-3af72ad1f350/seed-5/snapshots/step-000400.pt
1,replication-momentum-sgd-12seeds-v1,acac69fd0fb0eb72c223dcdbd380b2cff3f020d29c0cefc2e02ac2c1212afe00,cell-004-3af72ad1f350,4,3af72ad1f350a385511ddb12739b9083bdf50c10a54e2eba69cac33922a5cb18,5,8,500,16,4,16,2,1,32,sgd,0.03,0.9,800,512,0.0,8192,0.00020387675613164902,1.0,0.9992007613182068,1.0045286417007446,6.816328525543213,"[5.886384963989258,4.356998443603516]","[4.755773544311523,3.6381266117095947]",seeds/cell-004-3af72ad1f350/seed-5/checkpoint.pt,seeds/cell-004-3af72ad1f350/seed-5/snapshots/step-000500.pt
1,replication-momentum-sgd-12seeds-v1,acac69fd0fb0eb72c223dcdbd380b2cff3f020d29c0cefc2e02ac2c1212afe00,cell-004-3af72ad1f350,4,3af72ad1f350a385511ddb12739b9083bdf50c10a54e2eba69cac33922a5cb18,5,9,600,16,4,16,2,1,32,sgd,0.03,0.9,800,512,0.0,8192,0.0001692578080110252,1.0,0.9997473955154419,1.0053737163543701,6.816174030303955,"[5.89177131652832,4.356986999511719]","[4.763371467590332,3.6336705684661865]",seeds/cell-004-3af72ad1f350/seed-5/checkpoint.pt,seeds/cell-004-3af72ad1f350/seed-5/snapshots/step-000600.pt
1,replication-momentum-sgd-12seeds-v1,acac69fd0fb0eb72c223dcdbd380b2cff3f020d29c0cefc2e02ac2c1212afe00,cell-004-3af72ad1f350,4,3af72ad1f350a385511ddb12739b9083bdf50c10a54e2eba69cac33922a5cb18,5,10,800,16,4,16,2,1,32,sgd,0.03,0.9,800,512,0.0,8192,0.00012848447659052908,1.0,1.0004709959030151,1.0058557987213135,6.816549301147461,"[5.901188850402832,4.356932640075684]","[4.77530574798584,3.626410484313965]",seeds/cell-004-3af72ad1f350/seed-5/checkpoint.pt,seeds/cell-004-3af72ad1f350/seed-5/snapshots/step-000800.pt
1,replication-momentum-sgd-12seeds-v1,acac69fd0fb0eb72c223dcdbd380b2cff3f020d29c0cefc2e02ac2c1212afe00,cell-004-3af72ad1f350,4,3af72ad1f350a385511ddb12739b9083bdf50c10a54e2eba69cac33922a5cb18,6,0,0,16,4,16,2,1,32,sgd,0.03,0.9,800,512,0.0,8192,1.2632250785827637,0.54541015625,0.06585371494293213,0.05725597217679024,7.846508026123047,"[3.7790591716766357,4.007132053375244]","[4.118689060211182,3.7844908237457275]",seeds/cell-004-3af72ad1f350/seed-6/checkpoint.pt,seeds/cell-004-3af72ad1f350/seed-6/snapshots/step-000000.pt
1,replication-momentum-sgd-12seeds-v1,acac69fd0fb0eb72c223dcdbd380b2cff3f020d29c0cefc2e02ac2c1212afe00,cell-004-3af72ad1f350,4,3af72ad1f350a385511ddb12739b9083bdf50c10a54e2eba69cac33922a5cb18,6,1,25,16,4,16,2,1,32,sgd,0.03,0.9,800,512,0.0,8192,0.7891157269477844,0.6866455078125,0.24088558554649353,0.20269739627838135,7.491654396057129,"[3.6691946983337402,3.9806458950042725]","[4.146458148956299,3.980797290802002]",seeds/cell-004-3af72ad1f350/seed-6/checkpoint.pt,seeds/cell-004-3af72ad1f350/seed-6/snapshots/step-000025.pt
1,replication-momentum-sgd-12seeds-v1,acac69fd0fb0eb72c223dcdbd380b2cff3f020d29c0cefc2e02ac2c1212afe00,cell-004-3af72ad1f350,4,3af72ad1f350a385511ddb12739b9083bdf50c10a54e2eba69cac33922a5cb18,6,2,50,16,4,16,2,1,32,sgd,0.03,0.9,800,512,0.0,8192,0.6496315598487854,0.7584228515625,0.38583093881607056,0.3811998665332794,7.183954238891602,"[3.7791507244110107,3.994591474533081]","[4.148579120635986,3.998384952545166]",seeds/cell-004-3af72ad1f350/seed-6/checkpoint.pt,seeds/cell-004-3af72ad1f350/seed-6/snapshots/step-000050.pt
1,replication-momentum-sgd-12seeds-v1,acac69fd0fb0eb72c223dcdbd380b2cff3f020d29c0cefc2e02ac2c1212afe00,cell-004-3af72ad1f350,4,3af72ad1f350a385511ddb12739b9083bdf50c10a54e2eba69cac33922a5cb18,6,3,100,16,4,16,2,1,32,sgd,0.03,0.9,800,512,0.0,8192,0.00484741386026144,0.9996337890625,1.0093116760253906,1.021414041519165,6.234088897705078,"[5.217573642730713,4.073191165924072]","[4.498358249664307,3.9067375659942627]",seeds/cell-004-3af72ad1f350/seed-6/checkpoint.pt,seeds/cell-004-3af72ad1f350/seed-6/snapshots/step-000100.pt
1,replication-momentum-sgd-12seeds-v1,acac69fd0fb0eb72c223dcdbd380b2cff3f020d29c0cefc2e02ac2c1212afe00,cell-004-3af72ad1f350,4,3af72ad1f350a385511ddb12739b9083bdf50c10a54e2eba69cac33922a5cb18,6,4,150,16,4,16,2,1,32,sgd,0.03,0.9,800,512,0.0,8192,0.0007880443008616567,1.0,0.9997734427452087,1.0070990324020386,6.222213268280029,"[5.3363566398620605,4.079381942749023]","[4.578666687011719,3.8970746994018555]",seeds/cell-004-3af72ad1f350/seed-6/checkpoint.pt,seeds/cell-004-3af72ad1f350/seed-6/snapshots/step-000150.pt
1,replication-momentum-sgd-12seeds-v1,acac69fd0fb0eb72c223dcdbd380b2cff3f020d29c0cefc2e02ac2c1212afe00,cell-004-3af72ad1f350,4,3af72ad1f350a385511ddb12739b9083bdf50c10a54e2eba69cac33922a5cb18,6,5,200,16,4,16,2,1,32,sgd,0.03,0.9,800,512,0.0,8192,0.0005328188417479396,1.0,1.0001342296600342,1.0071134567260742,6.217697620391846,"[5.350336074829102,4.081689357757568]","[4.596339702606201,3.8949482440948486]",seeds/cell-004-3af72ad1f350/seed-6/checkpoint.pt,seeds/cell-004-3af72ad1f350/seed-6/snapshots/step-000200.pt
1,replication-momentum-sgd-12seeds-v1,acac69fd0fb0eb72c223dcdbd380b2cff3f020d29c0cefc2e02ac2c1212afe00,cell-004-3af72ad1f350,4,3af72ad1f350a385511ddb12739b9083bdf50c10a54e2eba69cac33922a5cb18,6,6,300,16,4,16,2,1,32,sgd,0.03,0.9,800,512,0.0,8192,0.00033628096571192145,1.0,1.0019962787628174,1.0086160898208618,6.212313175201416,"[5.367203712463379,4.084532737731934]","[4.617621421813965,3.89225697517395]",seeds/cell-004-3af72ad1f350/seed-6/checkpoint.pt,seeds/cell-004-3af72ad1f350/seed-6/snapshots/step-000300.pt
1,replication-momentum-sgd-12seeds-v1,acac69fd0fb0eb72c223dcdbd380b2cff3f020d29c0cefc2e02ac2c1212afe00,cell-004-3af72ad1f350,4,3af72ad1f350a385511ddb12739b9083bdf50c10a54e2eba69cac33922a5cb18,6,7,400,16,4,16,2,1,32,sgd,0.03,0.9,800,512,0.0,8192,0.0002529204939492047,1.0,0.9987264275550842,1.004232406616211,6.208975315093994,"[5.380283355712891,4.086719512939453]","[4.630731105804443,3.890951156616211]",seeds/cell-004-3af72ad1f350/seed-6/checkpoint.pt,seeds/cell-004-3af72ad1f350/seed-6/snapshots/step-000400.pt
1,replication-momentum-sgd-12seeds-v1,acac69fd0fb0eb72c223dcdbd380b2cff3f020d29c0cefc2e02ac2c1212afe00,cell-004-3af72ad1f350,4,3af72ad1f350a385511ddb12739b9083bdf50c10a54e2eba69cac33922a5cb18,6,8,500,16,4,16,2,1,32,sgd,0.03,0.9,800,512,0.0,8192,0.00019434563000686467,1.0,1.0017307996749878,1.0071065425872803,6.207016468048096,"[5.389111518859863,4.08828067779541]","[4.641245365142822,3.8903844356536865]",seeds/cell-004-3af72ad1f350/seed-6/checkpoint.pt,seeds/cell-004-3af72ad1f350/seed-6/snapshots/step-000500.pt
1,replication-momentum-sgd-12seeds-v1,acac69fd0fb0eb72c223dcdbd380b2cff3f020d29c0cefc2e02ac2c1212afe00,cell-004-3af72ad1f350,4,3af72ad1f350a385511ddb12739b9083bdf50c10a54e2eba69cac33922a5cb18,6,9,600,16,4,16,2,1,32,sgd,0.03,0.9,800,512,0.0,8192,0.00015781979891471565,1.0,0.9985226988792419,1.0035440921783447,6.205306529998779,"[5.395978927612305,4.089459419250488]","[4.649534702301025,3.8902101516723633]",seeds/cell-004-3af72ad1f350/seed-6/checkpoint.pt,seeds/cell-004-3af72ad1f350/seed-6/snapshots/step-000600.pt
1,replication-momentum-sgd-12seeds-v1,acac69fd0fb0eb72c223dcdbd380b2cff3f020d29c0cefc2e02ac2c1212afe00,cell-004-3af72ad1f350,4,3af72ad1f350a385511ddb12739b9083bdf50c10a54e2eba69cac33922a5cb18,6,10,800,16,4,16,2,1,32,sgd,0.03,0.9,800,512,0.0,8192,0.00011659327719826251,1.0,1.0005558729171753,1.0056769847869873,6.202536582946777,"[5.406561851501465,4.091407775878906]","[4.662271499633789,3.8901755809783936]",seeds/cell-004-3af72ad1f350/seed-6/checkpoint.pt,seeds/cell-004-3af72ad1f350/seed-6/snapshots/step-000800.pt
1,replication-momentum-sgd-12seeds-v1,acac69fd0fb0eb72c223dcdbd380b2cff3f020d29c0cefc2e02ac2c1212afe00,cell-004-3af72ad1f350,4,3af72ad1f350a385511ddb12739b9083bdf50c10a54e2eba69cac33922a5cb18,7,0,0,16,4,16,2,1,32,sgd,0.03,0.9,800,512,0.0,8192,1.040012001991272,0.5390625,0.021077629178762436,0.0072262766771018505,7.592530250549316,"[3.9155232906341553,3.6710119247436523]","[3.992565155029297,3.56840181350708]",seeds/cell-004-3af72ad1f350/seed-7/checkpoint.pt,seeds/cell-004-3af72ad1f350/seed-7/snapshots/step-000000.pt
1,replication-momentum-sgd-12seeds-v1,acac69fd0fb0eb72c223dcdbd380b2cff3f020d29c0cefc2e02ac2c1212afe00,cell-004-3af72ad1f350,4,3af72ad1f350a385511ddb12739b9083bdf50c10a54e2eba69cac33922a5cb18,7,1,25,16,4,16,2,1,32,sgd,0.03,0.9,800,512,0.0,8192,0.7154945135116577,0.7208251953125,0.30711829662323,0.2714443504810333,7.27303409576416,"[3.777769088745117,3.6511528491973877]","[4.513761043548584,3.5527541637420654]",seeds/cell-004-3af72ad1f350/seed-7/checkpoint.pt,seeds/cell-004-3af72ad1f350/seed-7/snapshots/step-000025.pt
1,replication-momentum-sgd-12seeds-v1,acac69fd0fb0eb72c223dcdbd380b2cff3f020d29c0cefc2e02ac2c1212afe00,cell-004-3af72ad1f350,4,3af72ad1f350a385511ddb12739b9083bdf50c10a54e2eba69cac33922a5cb18,7,2,50,16,4,16,2,1,32,sgd,0.03,0.9,800,512,0.0,8192,0.36809268593788147,0.8836669921875,0.72877037525177,0.7341557741165161,6.374525547027588,"[4.503109931945801,3.644263744354248]","[4.917657852172852,3.492741107940674]",seeds/cell-004-3af72ad1f350/seed-7/checkpoint.pt,seeds/cell-004-3af72ad1f350/seed-7/snapshots/step-000050.pt
1,replication-momentum-sgd-12seeds-v1,acac69fd0fb0eb72c223dcdbd380b2cff3f020d29c0cefc2e02ac2c1212afe00,cell-004-3af72ad1f350,4,3af72ad1f350a385511ddb12739b9083bdf50c10a54e2eba69cac33922a5cb18,7,3,100,16,4,16,2,1,32,sgd,0.03,0.9,800,512,0.0,8192,0.002150067361071706,1.0,0.9930428266525269,1.0110440254211426,5.897003650665283,"[5.475841999053955,3.6522216796875]","[5.330050945281982,3.507190465927124]",seeds/cell-004-3af72ad1f350/seed-7/checkpoint.pt,seeds/cell-004-3af72ad1f350/seed-7/snapshots/step-000100.pt
1,replication-momentum-sgd-12seeds-v1,acac69fd0fb0eb72c223dcdbd380b2cff3f020d29c0cefc2e02ac2c1212afe00,cell-004-3af72ad1f350,4,3af72ad1f350a385511ddb12739b9083bdf50c10a54e2eba69cac33922a5cb18,7,4,150,16,4,16,2,1,32,sgd,0.03,0.9,800,512,0.0,8192,0.0006666157860308886,1.0,0.9992811679840088,1.0173695087432861,5.910446643829346,"[5.523186206817627,3.656954050064087]","[5.378499984741211,3.509253978729248]",seeds/cell-004-3af72ad1f350/seed-7/checkpoint.pt,seeds/cell-004-3af72ad1f350/seed-7/snapshots/step-000150.pt
1,replication-momentum-sgd-12seeds-v1,acac69fd0fb0eb72c223dcdbd380b2cff3f020d29c0cefc2e02ac2c1212afe00,cell-004-3af72ad1f350,4,3af72ad1f350a385511ddb12739b9083bdf50c10a54e2eba69cac33922a5cb18,7,5,200,16,4,16,2,1,32,sgd,0.03,0.9,800,512,0.0,8192,0.00044328541844151914,1.0,0.998519778251648,1.0172921419143677,5.9122490882873535,"[5.536546230316162,3.65895938873291]","[5.394913673400879,3.5114612579345703]",seeds/cell-004-3af72ad1f350/seed-7/checkpoint.pt,seeds/cell-004-3af72ad1f350/seed-7/snapshots/step-000200.pt
1,replication-momentum-sgd-12seeds-v1,acac69fd0fb0eb72c223dcdbd380b2cff3f020d29c0cefc2e02ac2c1212afe00,cell-004-3af72ad1f350,4,3af72ad1f350a385511ddb12739b9083bdf50c10a54e2eba69cac33922a5cb18,7,6,300,16,4,16,2,1,32,sgd,0.03,0.9,800,512,0.0,8192,0.0002737249596975744,1.0,1.0016740560531616,1.0198800563812256,5.913058280944824,"[5.553996562957764,3.6609175205230713]","[5.418160438537598,3.5144236087799072]",seeds/cell-004-3af72ad1f350/seed-7/checkpoint.pt,seeds/cell-004-3af72ad1f350/seed-7/snapshots/step-000300.pt
1,replication-momentum-sgd-12seeds-v1,acac69fd0fb0eb72c223dcdbd380b2cff3f020d29c0cefc2e02ac2c1212afe00,cell-004-3af72ad1f350,4,3af72ad1f350a385511ddb12739b9083bdf50c10a54e2eba69cac33922a5cb18,7,7,400,16,4,16,2,1,32,sgd,0.03,0.9,800,512,0.0,8192,0.00020533586211968213,1.0,1.0009467601776123,1.0188086032867432,5.912108898162842,"[5.566267490386963,3.6620590686798096]","[5.434482097625732,3.516422748565674]",seeds/cell-004-3af72ad1f350/seed-7/checkpoint.pt,seeds/cell-004-3af72ad1f350/seed-7/snapshots/step-000400.pt
1,replication-momentum-sgd-12seeds-v1,acac69fd0fb0eb72c223dcdbd380b2cff3f020d29c0cefc2e02ac2c1212afe00,cell-004-3af72ad1f350,4,3af72ad1f350a385511ddb12739b9083bdf50c10a54e2eba69cac33922a5cb18,7,8,500,16,4,16,2,1,32,sgd,0.03,0.9,800,512,0.0,8192,0.00016236442024819553,1.0,1.0009477138519287,1.018444538116455,5.910510063171387,"[5.576516151428223,3.662832021713257]","[5.447947025299072,3.5179319381713867]",seeds/cell-004-3af72ad1f350/seed-7/checkpoint.pt,seeds/cell-004-3af72ad1f350/seed-7/snapshots/step-000500.pt
1,replication-momentum-sgd-12seeds-v1,acac69fd0fb0eb72c223dcdbd380b2cff3f020d29c0cefc2e02ac2c1212afe00,cell-004-3af72ad1f350,4,3af72ad1f350a385511ddb12739b9083bdf50c10a54e2eba69cac33922a5cb18,7,9,600,16,4,16,2,1,32,sgd,0.03,0.9,800,512,0.0,8192,0.00013983134704176337,1.0,0.9978981018066406,1.015317678451538,5.9093122482299805,"[5.583860874176025,3.663397789001465]","[5.458595275878906,3.5192508697509766]",seeds/cell-004-3af72ad1f350/seed-7/checkpoint.pt,seeds/cell-004-3af72ad1f350/seed-7/snapshots/step-000600.pt
1,replication-momentum-sgd-12seeds-v1,acac69fd0fb0eb72c223dcdbd380b2cff3f020d29c0cefc2e02ac2c1212afe00,cell-004-3af72ad1f350,4,3af72ad1f350a385511ddb12739b9083bdf50c10a54e2eba69cac33922a5cb18,7,10,800,16,4,16,2,1,32,sgd,0.03,0.9,800,512,0.0,8192,0.00010473578004166484,1.0,0.9998552799224854,1.0162935256958008,5.907124042510986,"[5.598751068115234,3.6643316745758057]","[5.4762139320373535,3.5213372707366943]",seeds/cell-004-3af72ad1f350/seed-7/checkpoint.pt,seeds/cell-004-3af72ad1f350/seed-7/snapshots/step-000800.pt
1,replication-momentum-sgd-12seeds-v1,acac69fd0fb0eb72c223dcdbd380b2cff3f020d29c0cefc2e02ac2c1212afe00,cell-004-3af72ad1f350,4,3af72ad1f350a385511ddb12739b9083bdf50c10a54e2eba69cac33922a5cb18,8,0,0,16,4,16,2,1,32,sgd,0.03,0.9,800,512,0.0,8192,1.6979432106018066,0.4705810546875,-0.08605389297008514,-0.06129062920808792,8.444381713867188,"[3.7621116638183594,4.52175760269165]","[4.584685802459717,3.937044620513916]",seeds/cell-004-3af72ad1f350/seed-8/checkpoint.pt,seeds/cell-004-3af72ad1f350/seed-8/snapshots/step-000000.pt
1,replication-momentum-sgd-12seeds-v1,acac69fd0fb0eb72c223dcdbd380b2cff3f020d29c0cefc2e02ac2c1212afe00,cell-004-3af72ad1f350,4,3af72ad1f350a385511ddb12739b9083bdf50c10a54e2eba69cac33922a5cb18,8,1,25,16,4,16,2,1,32,sgd,0.03,0.9,800,512,0.0,8192,0.7100038528442383,0.723876953125,0.2723596692085266,0.25856322050094604,8.249330520629883,"[3.7020485401153564,4.496963024139404]","[4.998510360717773,4.08889102935791]",seeds/cell-004-3af72ad1f350/seed-8/checkpoint.pt,seeds/cell-004-3af72ad1f350/seed-8/snapshots/step-000025.pt
1,replication-momentum-sgd-12seeds-v1,acac69fd0fb0eb72c223dcdbd380b2cff3f020d29c0cefc2e02ac2c1212afe00,cell-004-3af72ad1f350,4,3af72ad1f350a385511ddb12739b9083bdf50c10a54e2eba69cac33922a5cb18,8,2,50,16,4,16,2,1,32,sgd,0.03,0.9,800,512,0.0,8192,0.28456974029541016,0.9144287109375,0.7560897469520569,0.7800887823104858,6.940133571624756,"[4.361499786376953,4.479888916015625]","[5.220308780670166,4.0881195068359375]",seeds/cell-004-3af72ad1f350/seed-8/checkpoint.pt,seeds/cell-004-3af72ad1f350/seed-8/snapshots/step-000050.pt
1,replication-momentum-sgd-12seeds-v1,acac69fd0fb0eb72c223dcdbd380b2cff3f020d29c0cefc2e02ac2c1212afe00,cell-004-3af72ad1f350,4,3af72ad1f350a385511ddb12739b9083bdf50c10a54e2eba69cac33922a5cb18,8,3,100,16,4,16,2,1,32,sgd,0.03,0.9,800,512,0.0,8192,0.00527902040630579,1.0,0.9873961210250854,0.9965204000473022,6.348774433135986,"[5.360068321228027,4.457316875457764]","[5.425515651702881,4.022552967071533]",seeds/cell-004-3af72ad1f350/seed-8/checkpoint.pt,seeds/cell-004-3af72ad1f350/seed-8/snapshots/step-000100.pt
1,replication-momentum-sgd-12seeds-v1,acac69fd0fb0eb72c223dcdbd380b2cff3f020d29c0cefc2e02ac2c1212afe00,cell-004-3af72ad1f350,4,3af72ad1f350a385511ddb12739b9083bdf50c10a54e2eba69cac33922a5cb18,8,4,150,16,4,16,2,1,32,sgd,0.03,0.9,800,512,0.0,8192,0.001483224332332611,1.0,0.9989040493965149,1.00692880153656,6.3286004066467285,"[5.466802597045898,4.457995891571045]","[5.475725173950195,4.008731365203857]",seeds/cell-004-3af72ad1f350/seed-8/checkpoint.pt,seeds/cell-004-3af72ad1f350/seed-8/snapshots/step-000150.pt
1,replication-momentum-sgd-12seeds-v1,acac69fd0fb0eb72c223dcdbd380b2cff3f020d29c0cefc2e02ac2c1212afe00,cell-004-3af72ad1f350,4,3af72ad1f350a385511ddb12739b9083bdf50c10a54e2eba69cac33922a5cb18,8,5,200,16,4,16,2,1,32,sgd,0.03,0.9,800,512,0.0,8192,0.0008754964219406247,1.0,0.9979947209358215,1.005561113357544,6.318575382232666,"[5.501689910888672,4.458446502685547]","[5.498863220214844,4.0028886795043945]",seeds/cell-004-3af72ad1f350/seed-8/checkpoint.pt,seeds/cell-004-3af72ad1f350/seed-8/snapshots/step-000200.pt
1,replication-momentum-sgd-12seeds-v1,acac69fd0fb0eb72c223dcdbd380b2cff3f020d29c0cefc2e02ac2c1212afe00,cell-004-3af72ad1f350,4,3af72ad1f350a385511ddb12739b9083bdf50c10a54e2eba69cac33922a5cb18,8,6,300,16,4,16,2,1,32,sgd,0.03,0.9,800,512,0.0,8192,0.00046406121691688895,1.0,1.000209093093872,1.0071864128112793,6.305640697479248,"[5.5392937660217285,4.459416389465332]","[5.5285491943359375,3.996690273284912]",seeds/cell-004-3af72ad1f350/seed-8/checkpoint.pt,seeds/cell-004-3af72ad1f350/seed-8/snapshots/step-000300.pt
1,replication-momentum-sgd-12seeds-v1,acac69fd0fb0eb72c223dcdbd380b2cff3f020d29c0cefc2e02ac2c1212afe00,cell-004-3af72ad1f350,4,3af72ad1f350a385511ddb12739b9083bdf50c10a54e2eba69cac33922a5cb18,8,7,400,16,4,16,2,1,32,sgd,0.03,0.9,800,512,0.0,8192,0.0003091321268584579,1.0,1.0015549659729004,1.0081676244735718,6.297583103179932,"[5.562130928039551,4.460066795349121]","[5.548974514007568,3.9926750659942627]",seeds/cell-004-3af72ad1f350/seed-8/checkpoint.pt,seeds/cell-004-3af72ad1f350/seed-8/snapshots/step-000400.pt
1,replication-momentum-sgd-12seeds-v1,acac69fd0fb0eb72c223dcdbd380b2cff3f020d29c0cefc2e02ac2c1212afe00,cell-004-3af72ad1f350,4,3af72ad1f350a385511ddb12739b9083bdf50c10a54e2eba69cac33922a5cb18,8,8,500,16,4,16,2,1,32,sgd,0.03,0.9,800,512,0.0,8192,0.00022415017883758992,1.0,0.9994628429412842,1.0059351921081543,6.291197299957275,"[5.57721471786499,4.46095609664917]","[5.564071178436279,3.9896833896636963]",seeds/cell-004-3af72ad1f350/seed-8/checkpoint.pt,seeds/cell-004-3af72ad1f350/seed-8/snapshots/step-000500.pt
1,replication-momentum-sgd-12seeds-v1,acac69fd0fb0eb72c223dcdbd380b2cff3f020d29c0cefc2e02ac2c1212afe00,cell-004-3af72ad1f350,4,3af72ad1f350a385511ddb12739b9083bdf50c10a54e2eba69cac33922a5cb18,8,9,600,16,4,16,2,1,32,sgd,0.03,0.9,800,512,0.0,8192,0.00017980916891247034,1.0,1.000608205795288,1.00697660446167,6.286341667175293,"[5.588751316070557,4.461562633514404]","[5.576070308685303,3.9871866703033447]",seeds/cell-004-3af72ad1f350/seed-8/checkpoint.pt,seeds/cell-004-3af72ad1f350/seed-8/snapshots/step-000600.pt
1,replication-momentum-sgd-12seeds-v1,acac69fd0fb0eb72c223dcdbd380b2cff3f020d29c0cefc2e02ac2c1212afe00,cell-004-3af72ad1f350,4,3af72ad1f350a385511ddb12739b9083bdf50c10a54e2eba69cac33922a5cb18,8,10,800,16,4,16,2,1,32,sgd,0.03,0.9,800,512,0.0,8192,0.000133615467348136,1.0,1.0018103122711182,1.008047342300415,6.278977394104004,"[5.605953216552734,4.4626054763793945]","[5.594943046569824,3.9831173419952393]",seeds/cell-004-3af72ad1f350/seed-8/checkpoint.pt,seeds/cell-004-3af72ad1f350/seed-8/snapshots/step-000800.pt
1,replication-momentum-sgd-12seeds-v1,acac69fd0fb0eb72c223dcdbd380b2cff3f020d29c0cefc2e02ac2c1212afe00,cell-004-3af72ad1f350,4,3af72ad1f350a385511ddb12739b9083bdf50c10a54e2eba69cac33922a5cb18,9,0,0,16,4,16,2,1,32,sgd,0.03,0.9,800,512,0.0,8192,3.783336639404297,0.5076904296875,-0.06641406565904617,-0.06850539147853851,8.00259780883789,"[4.2877912521362305,3.7632155418395996]","[3.5120418071746826,3.9426870346069336]",seeds/cell-004-3af72ad1f350/seed-9/checkpoint.pt,seeds/cell-004-3af72ad1f350/seed-9/snapshots/step-000000.pt
1,replication-momentum-sgd-12seeds-v1,acac69fd0fb0eb72c223dcdbd380b2cff3f020d29c0cefc2e02ac2c1212afe00,cell-004-3af72ad1f350,4,3af72ad1f350a385511ddb12739b9083bdf50c10a54e2eba69cac33922a5cb18,9,1,25,16,4,16,2,1,32,sgd,0.03,0.9,800,512,0.0,8192,1.0107089281082153,0.5078125,0.02516241744160652,0.02099030651152134,8.094710350036621,"[4.381597518920898,3.745407819747925]","[5.773772716522217,4.809625148773193]",seeds/cell-004-3af72ad1f350/seed-9/checkpoint.pt,seeds/cell-004-3af72ad1f350/seed-9/snapshots/step-000025.pt
1,replication-momentum-sgd-12seeds-v1,acac69fd0fb0eb72c223dcdbd380b2cff3f020d29c0cefc2e02ac2c1212afe00,cell-004-3af72ad1f350,4,3af72ad1f350a385511ddb12739b9083bdf50c10a54e2eba69cac33922a5cb18,9,2,50,16,4,16,2,1,32,sgd,0.03,0.9,800,512,0.0,8192,0.829436182975769,0.6678466796875,0.20982888340950012,0.1781831979751587,8.038769721984863,"[4.459564208984375,3.7608132362365723]","[6.194365978240967,5.0471415519714355]",seeds/cell-004-3af72ad1f350/seed-9/checkpoint.pt,seeds/cell-004-3af72ad1f350/seed-9/snapshots/step-000050.pt
1,replication-momentum-sgd-12seeds-v1,acac69fd0fb0eb72c223dcdbd380b2cff3f020d29c0cefc2e02ac2c1212afe00,cell-004-3af72ad1f350,4,3af72ad1f350a385511ddb12739b9083bdf50c10a54e2eba69cac33922a5cb18,9,3,100,16,4,16,2,1,32,sgd,0.03,0.9,800,512,0.0,8192,0.712356448173523,0.713623046875,0.33319371938705444,0.31568673253059387,7.187354564666748,"[5.0342535972595215,3.692080497741699]","[6.128023624420166,5.247015476226807]",seeds/cell-004-3af72ad1f350/seed-9/checkpoint.pt,seeds/cell-004-3af72ad1f350/seed-9/snapshots/step-000100.pt
1,replication-momentum-sgd-12seeds-v1,acac69fd0fb0eb72c223dcdbd380b2cff3f020d29c0cefc2e02ac2c1212afe00,cell-004-3af72ad1f350,4,3af72ad1f350a385511ddb12739b9083bdf50c10a54e2eba69cac33922a5cb18,9,4,150,16,4,16,2,1,32,sgd,0.03,0.9,800,512,0.0,8192,0.6196223497390747,0.757568359375,0.38731199502944946,0.37151217460632324,6.097672939300537,"[5.979456424713135,3.697988271713257]","[5.877491474151611,5.374760150909424]",seeds/cell-004-3af72ad1f350/seed-9/checkpoint.pt,seeds/cell-004-3af72ad1f350/seed-9/snapshots/step-000150.pt
1,replication-momentum-sgd-12seeds-v1,acac69fd0fb0eb72c223dcdbd380b2cff3f020d29c0cefc2e02ac2c1212afe00,cell-004-3af72ad1f350,4,3af72ad1f350a385511ddb12739b9083bdf50c10a54e2eba69cac33922a5cb18,9,5,200,16,4,16,2,1,32,sgd,0.03,0.9,800,512,0.0,8192,0.474839985370636,0.8323974609375,0.5439686179161072,0.529355525970459,5.624149799346924,"[6.544968605041504,3.8905019760131836]","[5.632753849029541,5.421514987945557]",seeds/cell-004-3af72ad1f350/seed-9/checkpoint.pt,seeds/cell-004-3af72ad1f350/seed-9/snapshots/step-000200.pt
1,replication-momentum-sgd-12seeds-v1,acac69fd0fb0eb72c223dcdbd380b2cff3f020d29c0cefc2e02ac2c1212afe00,cell-004-3af72ad1f350,4,3af72ad1f350a385511ddb12739b9083bdf50c10a54e2eba69cac33922a5cb18,9,6,300,16,4,16,2,1,32,sgd,0.03,0.9,800,512,0.0,8192,0.04304574429988861,0.9915771484375,0.9899085164070129,0.9779354333877563,5.3638916015625,"[6.671017169952393,5.008285999298096]","[4.789198398590088,5.6186089515686035]",seeds/cell-004-3af72ad1f350/seed-9/checkpoint.pt,seeds/cell-004-3af72ad1f350/seed-9/snapshots/step-000300.pt
1,replication-momentum-sgd-12seeds-v1,acac69fd0fb0eb72c223dcdbd380b2cff3f020d29c0cefc2e02ac2c1212afe00,cell-004-3af72ad1f350,4,3af72ad1f350a385511ddb12739b9083bdf50c10a54e2eba69cac33922a5cb18,9,7,400,16,4,16,2,1,32,sgd,0.03,0.9,800,512,0.0,8192,0.006557334680110216,0.999267578125,0.9985567927360535,0.9899424910545349,5.303210258483887,"[6.753766059875488,5.397570610046387]","[4.528107166290283,5.898682117462158]",seeds/cell-004-3af72ad1f350/seed-9/checkpoint.pt,seeds/cell-004-3af72ad1f350/seed-9/snapshots/step-000400.pt
1,replication-momentum-sgd-12seeds-v1,acac69fd0fb0eb72c223dcdbd380b2cff3f020d29c0cefc2e02ac2c1212afe00,cell-004-3af72ad1f350,4,3af72ad1f350a385511ddb12739b9083bdf50c10a54e2eba69cac33922a5cb18,9,8,500,16,4,16,2,1,32,sgd,0.03,0.9,800,512,0.0,8192,0.0008729047840461135,1.0,0.9997775554656982,0.9916077852249146,5.3592023849487305,"[6.871978282928467,5.583280563354492]","[4.433324337005615,6.026291370391846]",seeds/cell-004-3af72ad1f350/seed-9/checkpoint.pt,seeds/cell-004-3af72ad1f350/seed-9/snapshots/step-000500.pt
1,replication-momentum-sgd-12seeds-v1,acac69fd0fb0eb72c223dcdbd380b2cff3f020d29c0cefc2e02ac2c1212afe00,cell-004-3af72ad1f350,4,3af72ad1f350a385511ddb12739b9083bdf50c10a54e2eba69cac33922a5cb18,9,9,600,16,4,16,2,1,32,sgd,0.03,0.9,800,512,0.0,8192,0.00040398896089755,1.0,1.0005640983581543,0.9920492172241211,5.365744113922119,"[6.873956680297852,5.601113796234131]","[4.408532619476318,6.072131156921387]",seeds/cell-004-3af72ad1f350/seed-9/checkpoint.pt,seeds/cell-004-3af72ad1f350/seed-9/snapshots/step-000600.pt
1,replication-momentum-sgd-12seeds-v1,acac69fd0fb0eb72c223dcdbd380b2cff3f020d29c0cefc2e02ac2c1212afe00,cell-004-3af72ad1f350,4,3af72ad1f350a385511ddb12739b9083bdf50c10a54e2eba69cac33922a5cb18,9,10,800,16,4,16,2,1,32,sgd,0.03,0.9,800,512,0.0,8192,0.00021488172933459282,1.0,0.9998837113380432,0.9900603890419006,5.358588218688965,"[6.874490261077881,5.60961389541626]","[4.397908687591553,6.112480163574219]",seeds/cell-004-3af72ad1f350/seed-9/checkpoint.pt,seeds/cell-004-3af72ad1f350/seed-9/snapshots/step-000800.pt
1,replication-momentum-sgd-12seeds-v1,acac69fd0fb0eb72c223dcdbd380b2cff3f020d29c0cefc2e02ac2c1212afe00,cell-004-3af72ad1f350,4,3af72ad1f350a385511ddb12739b9083bdf50c10a54e2eba69cac33922a5cb18,10,0,0,16,4,16,2,1,32,sgd,0.03,0.9,800,512,0.0,8192,1.2687361240386963,0.48486328125,-0.007988031022250652,-0.01050310768187046,8.41893482208252,"[3.82198166847229,4.016744613647461]","[3.857255458831787,3.945034980773926]",seeds/cell-004-3af72ad1f350/seed-10/checkpoint.pt,seeds/cell-004-3af72ad1f350/seed-10/snapshots/step-000000.pt
1,replication-momentum-sgd-12seeds-v1,acac69fd0fb0eb72c223dcdbd380b2cff3f020d29c0cefc2e02ac2c1212afe00,cell-004-3af72ad1f350,4,3af72ad1f350a385511ddb12739b9083bdf50c10a54e2eba69cac33922a5cb18,10,1,25,16,4,16,2,1,32,sgd,0.03,0.9,800,512,0.0,8192,0.7644263505935669,0.69482421875,0.22310549020767212,0.18775521218776703,8.442837715148926,"[3.7503609657287598,3.9951789379119873]","[3.9707374572753906,4.148679256439209]",seeds/cell-004-3af72ad1f350/seed-10/checkpoint.pt,seeds/cell-004-3af72ad1f350/seed-10/snapshots/step-000025.pt
1,replication-momentum-sgd-12seeds-v1,acac69fd0fb0eb72c223dcdbd380b2cff3f020d29c0cefc2e02ac2c1212afe00,cell-004-3af72ad1f350,4,3af72ad1f350a385511ddb12739b9083bdf50c10a54e2eba69cac33922a5cb18,10,2,50,16,4,16,2,1,32,sgd,0.03,0.9,800,512,0.0,8192,0.6819884777069092,0.73583984375,0.31139853596687317,0.2784906029701233,8.288507461547852,"[3.8125526905059814,4.033808708190918]","[4.119597434997559,4.2442827224731445]",seeds/cell-004-3af72ad1f350/seed-10/checkpoint.pt,seeds/cell-004-3af72ad1f350/seed-10/snapshots/step-000050.pt
1,replication-momentum-sgd-12seeds-v1,acac69fd0fb0eb72c223dcdbd380b2cff3f020d29c0cefc2e02ac2c1212afe00,cell-004-3af72ad1f350,4,3af72ad1f350a385511ddb12739b9083bdf50c10a54e2eba69cac33922a5cb18,10,3,100,16,4,16,2,1,32,sgd,0.03,0.9,800,512,0.0,8192,0.06834210455417633,0.9852294921875,0.9359662532806396,0.9041049480438232,7.255068302154541,"[4.463853359222412,4.9727678298950195]","[3.895850658416748,4.466670989990234]",seeds/cell-004-3af72ad1f350/seed-10/checkpoint.pt,seeds/cell-004-3af72ad1f350/seed-10/snapshots/step-000100.pt
1,replication-momentum-sgd-12seeds-v1,acac69fd0fb0eb72c223dcdbd380b2cff3f020d29c0cefc2e02ac2c1212afe00,cell-004-3af72ad1f350,4,3af72ad1f350a385511ddb12739b9083bdf50c10a54e2eba69cac33922a5cb18,10,4,150,16,4,16,2,1,32,sgd,0.03,0.9,800,512,0.0,8192,0.002612462267279625,1.0,0.9932718873023987,0.9633828401565552,7.240082740783691,"[4.62973690032959,5.369781970977783]","[3.740849018096924,4.764350414276123]",seeds/cell-004-3af72ad1f350/seed-10/checkpoint.pt,seeds/cell-004-3af72ad1f350/seed-10/snapshots/step-000150.pt
1,replication-momentum-sgd-12seeds-v1,acac69fd0fb0eb72c223dcdbd380b2cff3f020d29c0cefc2e02ac2c1212afe00,cell-004-3af72ad1f350,4,3af72ad1f350a385511ddb12739b9083bdf50c10a54e2eba69cac33922a5cb18,10,5,200,16,4,16,2,1,32,sgd,0.03,0.9,800,512,0.0,8192,0.0011445721611380577,1.0,1.0020861625671387,0.9749829769134521,7.228127956390381,"[4.651627063751221,5.4246721267700195]","[3.7202725410461426,4.8278326988220215]",seeds/cell-004-3af72ad1f350/seed-10/checkpoint.pt,seeds/cell-004-3af72ad1f350/seed-10/snapshots/step-000200.pt
1,replication-momentum-sgd-12seeds-v1,acac69fd0fb0eb72c223dcdbd380b2cff3f020d29c0cefc2e02ac2c1212afe00,cell-004-3af72ad1f350,4,3af72ad1f350a385511ddb12739b9083bdf50c10a54e2eba69cac33922a5cb18,10,6,300,16,4,16,2,1,32,sgd,0.03,0.9,800,512,0.0,8192,0.00046067475341260433,1.0,0.9979402422904968,0.969460129737854,7.2184672355651855,"[4.668270587921143,5.461991786956787]","[3.695888042449951,4.882632255554199]",seeds/cell-004-3af72ad1f350/seed-10/checkpoint.pt,seeds/cell-004-3af72ad1f350/seed-10/snapshots/step-000300.pt
1,replication-momentum-sgd-12seeds-v1,acac69fd0fb0eb72c223dcdbd380b2cff3f020d29c0cefc2e02ac2c1212afe00,cell-004-3af72ad1f350,4,3af72ad1f350a385511ddb12739b9083bdf50c10a54e2eba69cac33922a5cb18,10,7,400,16,4,16,2,1,32,sgd,0.03,0.9,800,512,0.0,8192,0.000421796808950603,1.0,1.0016512870788574,0.9686765670776367,7.207856178283691,"[4.673793792724609,5.4798712730407715]","[3.675189256668091,4.915594577789307]",seeds/cell-004-3af72ad1f350/seed-10/checkpoint.pt,seeds/cell-004-3af72ad1f350/seed-10/snapshots/step-000400.pt
1,replication-momentum-sgd-12seeds-v1,acac69fd0fb0eb72c223dcdbd380b2cff3f020d29c0cefc2e02ac2c1212afe00,cell-004-3af72ad1f350,4,3af72ad1f350a385511ddb12739b9083bdf50c10a54e2eba69cac33922a5cb18,10,8,500,16,4,16,2,1,32,sgd,0.03,0.9,800,512,0.0,8192,0.00027528798091225326,1.0,0.999516487121582,0.9702413082122803,7.208214282989502,"[4.6833977699279785,5.496889591217041]","[3.65969181060791,4.941648483276367]",seeds/cell-004-3af72ad1f350/seed-10/checkpoint.pt,seeds/cell-004-3af72ad1f350/seed-10/snapshots/step-000500.pt
1,replication-momentum-sgd-12seeds-v1,acac69fd0fb0eb72c223dcdbd380b2cff3f020d29c0cefc2e02ac2c1212afe00,cell-004-3af72ad1f350,4,3af72ad1f350a385511ddb12739b9083bdf50c10a54e2eba69cac33922a5cb18,10,9,600,16,4,16,2,1,32,sgd,0.03,0.9,800,512,0.0,8192,0.000180714632733725,1.0,0.9994926452636719,0.9697131514549255,7.208183765411377,"[4.68868350982666,5.507689952850342]","[3.651854991912842,4.958740711212158]",seeds/cell-004-3af72ad1f350/seed-10/checkpoint.pt,seeds/cell-004-3af72ad1f350/seed-10/snapshots/step-000600.pt
1,replication-momentum-sgd-12seeds-v1,acac69fd0fb0eb72c223dcdbd380b2cff3f020d29c0cefc2e02ac2c1212afe00,cell-004-3af72ad1f350,4,3af72ad1f350a385511ddb12739b9083bdf50c10a54e2eba69cac33922a5cb18,10,10,800,16,4,16,2,1,32,sgd,0.03,0.9,800,512,0.0,8192,0.00013353141548577696,1.0,1.0009191036224365,0.970389723777771,7.192135810852051,"[4.694791793823242,5.518984317779541]","[3.639434337615967,4.984992980957031]",seeds/cell-004-3af72ad1f350/seed-10/checkpoint.pt,seeds/cell-004-3af72ad1f350/seed-10/snapshots/step-000800.pt
1,replication-momentum-sgd-12seeds-v1,acac69fd0fb0eb72c223dcdbd380b2cff3f020d29c0cefc2e02ac2c1212afe00,cell-004-3af72ad1f350,4,3af72ad1f350a385511ddb12739b9083bdf50c10a54e2eba69cac33922a5cb18,11,0,0,16,4,16,2,1,32,sgd,0.03,0.9,800,512,0.0,8192,4.041934013366699,0.4952392578125,0.07744161039590836,0.07727622985839844,8.081852912902832,"[4.519779682159424,3.9607272148132324]","[3.6187806129455566,4.032871723175049]",seeds/cell-004-3af72ad1f350/seed-11/checkpoint.pt,seeds/cell-004-3af72ad1f350/seed-11/snapshots/step-000000.pt
1,replication-momentum-sgd-12seeds-v1,acac69fd0fb0eb72c223dcdbd380b2cff3f020d29c0cefc2e02ac2c1212afe00,cell-004-3af72ad1f350,4,3af72ad1f350a385511ddb12739b9083bdf50c10a54e2eba69cac33922a5cb18,11,1,25,16,4,16,2,1,32,sgd,0.03,0.9,800,512,0.0,8192,0.9107691645622253,0.656005859375,0.057478755712509155,0.05610577017068863,8.213398933410645,"[4.794363975524902,4.060693264007568]","[5.713533401489258,6.792356967926025]",seeds/cell-004-3af72ad1f350/seed-11/checkpoint.pt,seeds/cell-004-3af72ad1f350/seed-11/snapshots/step-000025.pt
1,replication-momentum-sgd-12seeds-v1,acac69fd0fb0eb72c223dcdbd380b2cff3f020d29c0cefc2e02ac2c1212afe00,cell-004-3af72ad1f350,4,3af72ad1f350a385511ddb12739b9083bdf50c10a54e2eba69cac33922a5cb18,11,2,50,16,4,16,2,1,32,sgd,0.03,0.9,800,512,0.0,8192,0.7528371810913086,0.710693359375,0.21390566229820251,0.20466792583465576,8.058329582214355,"[4.616620063781738,4.067925453186035]","[6.084673881530762,7.040722370147705]",seeds/cell-004-3af72ad1f350/seed-11/checkpoint.pt,seeds/cell-004-3af72ad1f350/seed-11/snapshots/step-000050.pt
1,replication-momentum-sgd-12seeds-v1,acac69fd0fb0eb72c223dcdbd380b2cff3f020d29c0cefc2e02ac2c1212afe00,cell-004-3af72ad1f350,4,3af72ad1f350a385511ddb12739b9083bdf50c10a54e2eba69cac33922a5cb18,11,3,100,16,4,16,2,1,32,sgd,0.03,0.9,800,512,0.0,8192,0.07859699428081512,0.9835205078125,0.9007568955421448,0.891478419303894,6.363866329193115,"[5.971776008605957,4.060774803161621]","[6.147749900817871,6.924551486968994]",seeds/cell-004-3af72ad1f350/seed-11/checkpoint.pt,seeds/cell-004-3af72ad1f350/seed-11/snapshots/step-000100.pt
1,replication-momentum-sgd-12seeds-v1,acac69fd0fb0eb72c223dcdbd380b2cff3f020d29c0cefc2e02ac2c1212afe00,cell-004-3af72ad1f350,4,3af72ad1f350a385511ddb12739b9083bdf50c10a54e2eba69cac33922a5cb18,11,4,150,16,4,16,2,1,32,sgd,0.03,0.9,800,512,0.0,8192,0.004971117712557316,1.0,0.9987388849258423,0.9949331879615784,6.325593948364258,"[6.554416656494141,4.063343048095703]","[6.156829833984375,6.880196571350098]",seeds/cell-004-3af72ad1f350/seed-11/checkpoint.pt,seeds/cell-004-3af72ad1f350/seed-11/snapshots/step-000150.pt
1,replication-momentum-sgd-12seeds-v1,acac69fd0fb0eb72c223dcdbd380b2cff3f020d29c0cefc2e02ac2c1212afe00,cell-004-3af72ad1f350,4,3af72ad1f350a385511ddb12739b9083bdf50c10a54e2eba69cac33922a5cb18,11,5,200,16,4,16,2,1,32,sgd,0.03,0.9,800,512,0.0,8192,0.0023982017301023006,1.0,1.000761866569519,0.9971505403518677,6.340050220489502,"[6.633643627166748,4.067043304443359]","[6.156184196472168,6.849484920501709]",seeds/cell-004-3af72ad1f350/seed-11/checkpoint.pt,seeds/cell-004-3af72ad1f350/seed-11/snapshots/step-000200.pt
1,replication-momentum-sgd-12seeds-v1,acac69fd0fb0eb72c223dcdbd380b2cff3f020d29c0cefc2e02ac2c1212afe00,cell-004-3af72ad1f350,4,3af72ad1f350a385511ddb12739b9083bdf50c10a54e2eba69cac33922a5cb18,11,6,300,16,4,16,2,1,32,sgd,0.03,0.9,800,512,0.0,8192,0.001276631373912096,1.0,0.9925847053527832,0.9897595643997192,6.3470354080200195,"[6.7132158279418945,4.071102142333984]","[6.155794620513916,6.80811882019043]",seeds/cell-004-3af72ad1f350/seed-11/checkpoint.pt,seeds/cell-004-3af72ad1f350/seed-11/snapshots/step-000300.pt
1,replication-momentum-sgd-12seeds-v1,acac69fd0fb0eb72c223dcdbd380b2cff3f020d29c0cefc2e02ac2c1212afe00,cell-004-3af72ad1f350,4,3af72ad1f350a385511ddb12739b9083bdf50c10a54e2eba69cac33922a5cb18,11,7,400,16,4,16,2,1,32,sgd,0.03,0.9,800,512,0.0,8192,0.0008340342319570482,1.0,1.000047206878662,0.9976969957351685,6.3475141525268555,"[6.7599897384643555,4.073213577270508]","[6.1541032791137695,6.776176452636719]",seeds/cell-004-3af72ad1f350/seed-11/checkpoint.pt,seeds/cell-004-3af72ad1f350/seed-11/snapshots/step-000400.pt
1,replication-momentum-sgd-12seeds-v1,acac69fd0fb0eb72c223dcdbd380b2cff3f020d29c0cefc2e02ac2c1212afe00,cell-004-3af72ad1f350,4,3af72ad1f350a385511ddb12739b9083bdf50c10a54e2eba69cac33922a5cb18,11,8,500,16,4,16,2,1,32,sgd,0.03,0.9,800,512,0.0,8192,0.0006425753235816956,1.0,0.9968680143356323,0.9948552846908569,6.349853515625,"[6.791997909545898,4.075417518615723]","[6.153931617736816,6.753747463226318]",seeds/cell-004-3af72ad1f350/seed-11/checkpoint.pt,seeds/cell-004-3af72ad1f350/seed-11/snapshots/step-000500.pt
1,replication-momentum-sgd-12seeds-v1,acac69fd0fb0eb72c223dcdbd380b2cff3f020d29c0cefc2e02ac2c1212afe00,cell-004-3af72ad1f350,4,3af72ad1f350a385511ddb12739b9083bdf50c10a54e2eba69cac33922a5cb18,11,9,600,16,4,16,2,1,32,sgd,0.03,0.9,800,512,0.0,8192,0.0005159947322681546,1.0,0.9999392628669739,0.9981895685195923,6.351253032684326,"[6.8163652420043945,4.076911449432373]","[6.153065204620361,6.734314441680908]",seeds/cell-004-3af72ad1f350/seed-11/checkpoint.pt,seeds/cell-004-3af72ad1f350/seed-11/snapshots/step-000600.pt
1,replication-momentum-sgd-12seeds-v1,acac69fd0fb0eb72c223dcdbd380b2cff3f020d29c0cefc2e02ac2c1212afe00,cell-004-3af72ad1f350,4,3af72ad1f350a385511ddb12739b9083bdf50c10a54e2eba69cac33922a5cb18,11,10,800,16,4,16,2,1,32,sgd,0.03,0.9,800,512,0.0,8192,0.0003735581994988024,1.0,0.9995800852775574,0.9980610609054565,6.351094722747803,"[6.852779865264893,4.079425811767578]","[6.149612903594971,6.706033706665039]",seeds/cell-004-3af72ad1f350/seed-11/checkpoint.pt,seeds/cell-004-3af72ad1f350/seed-11/snapshots/step-000800.pt
1,replication-momentum-sgd-12seeds-v1,acac69fd0fb0eb72c223dcdbd380b2cff3f020d29c0cefc2e02ac2c1212afe00,cell-005-a5fde9563f2b,5,a5fde9563f2bb6363f7ddfb51033db3b7bdad44266119864d6218853389cae31,0,0,0,16,4,16,2,4,32,sgd,0.03,0.9,800,512,0.0,8192,1.6835753917694092,0.521484375,0.052111975848674774,0.06381133943796158,7.686499118804932,"[2.057340145111084,2.274960517883301,2.0073628425598145,2.4893596172332764,1.456931710243225,2.515467405319214,1.9771230220794678,2.104468584060669]","[1.8380939960479736,2.4128172397613525,2.024794340133667,1.9077706336975098,1.982225775718689,1.8668862581253052,2.088691473007202,1.8150177001953125]",seeds/cell-005-a5fde9563f2b/seed-0/checkpoint.pt,seeds/cell-005-a5fde9563f2b/seed-0/snapshots/step-000000.pt
1,replication-momentum-sgd-12seeds-v1,acac69fd0fb0eb72c223dcdbd380b2cff3f020d29c0cefc2e02ac2c1212afe00,cell-005-a5fde9563f2b,5,a5fde9563f2bb6363f7ddfb51033db3b7bdad44266119864d6218853389cae31,0,1,25,16,4,16,2,4,32,sgd,0.03,0.9,800,512,0.0,8192,0.8389641046524048,0.673828125,0.24660561978816986,0.18877272307872772,7.561072826385498,"[2.088848114013672,2.194920063018799,1.982515573501587,2.6184959411621094,1.4723694324493408,2.518012762069702,1.9349884986877441,2.104583501815796]","[1.8533648252487183,2.4246535301208496,2.161534547805786,2.040471315383911,2.150157928466797,1.9036945104599,2.096514940261841,1.8912893533706665]",seeds/cell-005-a5fde9563f2b/seed-0/checkpoint.pt,seeds/cell-005-a5fde9563f2b/seed-0/snapshots/step-000025.pt
1,replication-momentum-sgd-12seeds-v1,acac69fd0fb0eb72c223dcdbd380b2cff3f020d29c0cefc2e02ac2c1212afe00,cell-005-a5fde9563f2b,5,a5fde9563f2bb6363f7ddfb51033db3b7bdad44266119864d6218853389cae31,0,2,50,16,4,16,2,4,32,sgd,0.03,0.9,800,512,0.0,8192,0.7798624038696289,0.685546875,0.2669484615325928,0.22574853897094727,7.430551052093506,"[2.0961203575134277,2.1863574981689453,1.979818344116211,2.6388237476348877,1.4761736392974854,2.5139758586883545,1.916319489479065,2.106966018676758]","[1.8411383628845215,2.450108289718628,2.2389020919799805,2.0915486812591553,2.1945409774780273,1.9114331007003784,2.111299753189087,1.9265427589416504]",seeds/cell-005-a5fde9563f2b/seed-0/checkpoint.pt,seeds/cell-005-a5fde9563f2b/seed-0/snapshots/step-000050.pt
1,replication-momentum-sgd-12seeds-v1,acac69fd0fb0eb72c223dcdbd380b2cff3f020d29c0cefc2e02ac2c1212afe00,cell-005-a5fde9563f2b,5,a5fde9563f2bb6363f7ddfb51033db3b7bdad44266119864d6218853389cae31,0,3,100,16,4,16,2,4,32,sgd,0.03,0.9,800,512,0.0,8192,0.6585308909416199,0.7503662109375,0.3513132929801941,0.3363267183303833,6.840646266937256,"[2.0973188877105713,2.225130796432495,2.2544121742248535,2.630209445953369,1.4450099468231201,2.513578176498413,1.9357492923736572,2.1001670360565186]","[1.811152458190918,2.448784351348877,2.523933172225952,2.0377206802368164,2.121361494064331,1.9113956689834595,2.0906989574432373,1.9165579080581665]",seeds/cell-005-a5fde9563f2b/seed-0/checkpoint.pt,seeds/cell-005-a5fde9563f2b/seed-0/snapshots/step-000100.pt
1,replication-momentum-sgd-12seeds-v1,acac69fd0fb0eb72c223dcdbd380b2cff3f020d29c0cefc2e02ac2c1212afe00,cell-005-a5fde9563f2b,5,a5fde9563f2bb6363f7ddfb51033db3b7bdad44266119864d6218853389cae31,0,4,150,16,4,16,2,4,32,sgd,0.03,0.9,800,512,0.0,8192,0.11547598242759705,0.96923828125,0.861520528793335,0.8694316744804382,5.766351699829102,"[2.085615873336792,2.2877280712127686,3.3094091415405273,2.6147284507751465,1.442711591720581,2.51981520652771,1.9556083679199219,2.0976483821868896]","[1.7942057847976685,2.3756237030029297,3.075110912322998,2.0553410053253174,2.0572562217712402,1.8989468812942505,2.0261714458465576,1.9309067726135254]",seeds/cell-005-a5fde9563f2b/seed-0/checkpoint.pt,seeds/cell-005-a5fde9563f2b/seed-0/snapshots/step-000150.pt
1,replication-momentum-sgd-12seeds-v1,acac69fd0fb0eb72c223dcdbd380b2cff3f020d29c0cefc2e02ac2c1212afe00,cell-005-a5fde9563f2b,5,a5fde9563f2bb6363f7ddfb51033db3b7bdad44266119864d6218853389cae31,0,5,200,16,4,16,2,4,32,sgd,0.03,0.9,800,512,0.0,8192,0.005794242490082979,1.0,0.9939443469047546,0.9882440567016602,5.344183444976807,"[2.0752620697021484,2.270043134689331,4.019437789916992,2.6109743118286133,1.4457463026046753,2.5200042724609375,1.954652190208435,2.0989556312561035]","[1.7630888223648071,2.2828266620635986,3.4849853515625,2.0264720916748047,2.03544020652771,1.89298677444458,2.0259153842926025,1.915701150894165]",seeds/cell-005-a5fde9563f2b/seed-0/checkpoint.pt,seeds/cell-005-a5fde9563f2b/seed-0/snapshots/step-000200.pt
1,replication-momentum-sgd-12seeds-v1,acac69fd0fb0eb72c223dcdbd380b2cff3f020d29c0cefc2e02ac2c1212afe00,cell-005-a5fde9563f2b,5,a5fde9563f2bb6363f7ddfb51033db3b7bdad44266119864d6218853389cae31,0,6,300,16,4,16,2,4,32,sgd,0.03,0.9,800,512,0.0,8192,0.0014128440525382757,1.0,1.00016450881958,0.9934325814247131,5.274539470672607,"[2.0695104598999023,2.2593770027160645,4.199399948120117,2.609731435775757,1.4463564157485962,2.5199503898620605,1.953892469406128,2.100217819213867]","[1.7353794574737549,2.236318588256836,3.666057586669922,2.0169472694396973,2.0275824069976807,1.8798185586929321,2.0239317417144775,1.910489559173584]",seeds/cell-005-a5fde9563f2b/seed-0/checkpoint.pt,seeds/cell-005-a5fde9563f2b/seed-0/snapshots/step-000300.pt
1,replication-momentum-sgd-12seeds-v1,acac69fd0fb0eb72c223dcdbd380b2cff3f020d29c0cefc2e02ac2c1212afe00,cell-005-a5fde9563f2b,5,a5fde9563f2bb6363f7ddfb51033db3b7bdad44266119864d6218853389cae31,0,7,400,16,4,16,2,4,32,sgd,0.03,0.9,800,512,0.0,8192,0.0008330187411047518,1.0,0.9989833235740662,0.9928087592124939,5.252514362335205,"[2.0677731037139893,2.255268096923828,4.263376235961914,2.608851671218872,1.4466781616210938,2.5201058387756348,1.9536179304122925,2.1005067825317383]","[1.722373366355896,2.214991331100464,3.7521748542785645,2.0109286308288574,2.023380756378174,1.8729310035705566,2.0224132537841797,1.908026933670044]",seeds/cell-005-a5fde9563f2b/seed-0/checkpoint.pt,seeds/cell-005-a5fde9563f2b/seed-0/snapshots/step-000400.pt
1,replication-momentum-sgd-12seeds-v1,acac69fd0fb0eb72c223dcdbd380b2cff3f020d29c0cefc2e02ac2c1212afe00,cell-005-a5fde9563f2b,5,a5fde9563f2bb6363f7ddfb51033db3b7bdad44266119864d6218853389cae31,0,8,500,16,4,16,2,4,32,sgd,0.03,0.9,800,512,0.0,8192,0.0005889581516385078,1.0,0.9985471963882446,0.9927905201911926,5.239846706390381,"[2.066932439804077,2.2522201538085938,4.303401470184326,2.6085216999053955,1.4469976425170898,2.520096778869629,1.9535208940505981,2.100628614425659]","[1.7140907049179077,2.1998367309570312,3.810955286026001,2.006502151489258,2.0201332569122314,1.867906093597412,2.0215139389038086,1.9064019918441772]",seeds/cell-005-a5fde9563f2b/seed-0/checkpoint.pt,seeds/cell-005-a5fde9563f2b/seed-0/snapshots/step-000500.pt
1,replication-momentum-sgd-12seeds-v1,acac69fd0fb0eb72c223dcdbd380b2cff3f020d29c0cefc2e02ac2c1212afe00,cell-005-a5fde9563f2b,5,a5fde9563f2bb6363f7ddfb51033db3b7bdad44266119864d6218853389cae31,0,9,600,16,4,16,2,4,32,sgd,0.03,0.9,800,512,0.0,8192,0.00045869708992540836,1.0,0.9998770356178284,0.9943632483482361,5.231164932250977,"[2.0666463375091553,2.250014066696167,4.331653594970703,2.608409881591797,1.447218418121338,2.520092487335205,1.9534779787063599,2.1006829738616943]","[1.7079349756240845,2.1883747577667236,3.855469226837158,2.002596139907837,2.0172927379608154,1.864342212677002,2.020893096923828,1.9051786661148071]",seeds/cell-005-a5fde9563f2b/seed-0/checkpoint.pt,seeds/cell-005-a5fde9563f2b/seed-0/snapshots/step-000600.pt
1,replication-momentum-sgd-12seeds-v1,acac69fd0fb0eb72c223dcdbd380b2cff3f020d29c0cefc2e02ac2c1212afe00,cell-005-a5fde9563f2b,5,a5fde9563f2bb6363f7ddfb51033db3b7bdad44266119864d6218853389cae31,0,10,800,16,4,16,2,4,32,sgd,0.03,0.9,800,512,0.0,8192,0.0003161968488711864,1.0,1.000072956085205,0.9952254295349121,5.218568801879883,"[2.066380739212036,2.246598958969116,4.3727498054504395,2.6081433296203613,1.4476372003555298,2.520080089569092,1.9534192085266113,2.1007180213928223]","[1.6990090608596802,2.1707825660705566,3.9234864711761475,1.996312141418457,2.0128092765808105,1.8589940071105957,2.0200209617614746,1.903382658958435]",seeds/cell-005-a5fde9563f2b/seed-0/checkpoint.pt,seeds/cell-005-a5fde9563f2b/seed-0/snapshots/step-000800.pt
1,replication-momentum-sgd-12seeds-v1,acac69fd0fb0eb72c223dcdbd380b2cff3f020d29c0cefc2e02ac2c1212afe00,cell-005-a5fde9563f2b,5,a5fde9563f2bb6363f7ddfb51033db3b7bdad44266119864d6218853389cae31,1,0,0,16,4,16,2,4,32,sgd,0.03,0.9,800,512,0.0,8192,1.8004001379013062,0.51171875,0.030487969517707825,0.009569725953042507,7.553332805633545,"[2.0435500144958496,1.882441520690918,2.0456578731536865,2.22485613822937,1.8307291269302368,1.9309687614440918,2.695241928100586,1.7592504024505615]","[2.341834545135498,2.0649666786193848,1.94217050075531,2.1175713539123535,1.899777889251709,1.7595269680023193,1.8913252353668213,1.4242422580718994]",seeds/cell-005-a5fde9563f2b/seed-1/checkpoint.pt,seeds/cell-005-a5fde9563f2b/seed-1/snapshots/step-000000.pt
1,replication-momentum-sgd-12seeds-v1,acac69fd0fb0eb72c223dcdbd380b2cff3f020d29c0cefc2e02ac2c1212afe00,cell-005-a5fde9563f2b,5,a5fde9563f2bb6363f7ddfb51033db3b7bdad44266119864d6218853389cae31,1,1,25,16,4,16,2,4,32,sgd,0.03,0.9,800,512,0.0,8192,0.7854564189910889,0.6925048828125,0.21020328998565674,0.18714292347431183,7.286735534667969,"[2.1434102058410645,1.8653117418289185,2.082152843475342,2.1457877159118652,1.8133131265640259,1.9635859727859497,2.730048656463623,1.7697417736053467]","[2.3240411281585693,2.166499376296997,1.911799669265747,2.386089324951172,1.9922151565551758,1.8727216720581055,2.3273229598999023,1.5380233526229858]",seeds/cell-005-a5fde9563f2b/seed-1/checkpoint.pt,seeds/cell-005-a5fde9563f2b/seed-1/snapshots/step-000025.pt
1,replication-momentum-sgd-12seeds-v1,acac69fd0fb0eb72c223dcdbd380b2cff3f020d29c0cefc2e02ac2c1212afe00,cell-005-a5fde9563f2b,5,a5fde9563f2bb6363f7ddfb51033db3b7bdad44266119864d6218853389cae31,1,2,50,16,4,16,2,4,32,sgd,0.03,0.9,800,512,0.0,8192,0.7205265164375305,0.7220458984375,0.2908995747566223,0.27586817741394043,7.055036544799805,"[2.149600028991699,1.880898356437683,2.080448627471924,2.0872998237609863,1.8127765655517578,1.9670103788375854,2.731055974960327,1.7709546089172363]","[2.3485350608825684,2.2591073513031006,1.9240690469741821,2.3488495349884033,2.0118093490600586,1.8826072216033936,2.4431891441345215,1.556164264678955]",seeds/cell-005-a5fde9563f2b/seed-1/checkpoint.pt,seeds/cell-005-a5fde9563f2b/seed-1/snapshots/step-000050.pt
1,replication-momentum-sgd-12seeds-v1,acac69fd0fb0eb72c223dcdbd380b2cff3f020d29c0cefc2e02ac2c1212afe00,cell-005-a5fde9563f2b,5,a5fde9563f2bb6363f7ddfb51033db3b7bdad44266119864d6218853389cae31,1,3,100,16,4,16,2,4,32,sgd,0.03,0.9,800,512,0.0,8192,0.1870766431093216,0.941650390625,0.793082594871521,0.7977784276008606,6.164651393890381,"[2.183789014816284,2.7835094928741455,2.097100257873535,2.2825725078582764,1.8120005130767822,1.9616034030914307,2.9513440132141113,1.7758805751800537]","[2.4121971130371094,2.525698184967041,1.8729952573776245,2.3917336463928223,1.9665194749832153,1.8868663311004639,2.4223783016204834,1.530156135559082]",seeds/cell-005-a5fde9563f2b/seed-1/checkpoint.pt,seeds/cell-005-a5fde9563f2b/seed-1/snapshots/step-000100.pt
1,replication-momentum-sgd-12seeds-v1,acac69fd0fb0eb72c223dcdbd380b2cff3f020d29c0cefc2e02ac2c1212afe00,cell-005-a5fde9563f2b,5,a5fde9563f2bb6363f7ddfb51033db3b7bdad44266119864d6218853389cae31,1,4,150,16,4,16,2,4,32,sgd,0.03,0.9,800,512,0.0,8192,0.006366102956235409,0.999755859375,1.016331672668457,1.0188044309616089,6.095681667327881,"[2.2247517108917236,3.478933334350586,2.091482639312744,2.413281202316284,1.8039741516113281,1.958390235900879,3.029623508453369,1.7707394361495972]","[2.420319080352783,2.734515428543091,1.8108865022659302,2.2938880920410156,1.9422576427459717,1.8469890356063843,2.5348901748657227,1.51971435546875]",seeds/cell-005-a5fde9563f2b/seed-1/checkpoint.pt,seeds/cell-005-a5fde9563f2b/seed-1/snapshots/step-000150.pt
1,replication-momentum-sgd-12seeds-v1,acac69fd0fb0eb72c223dcdbd380b2cff3f020d29c0cefc2e02ac2c1212afe00,cell-005-a5fde9563f2b,5,a5fde9563f2bb6363f7ddfb51033db3b7bdad44266119864d6218853389cae31,1,5,200,16,4,16,2,4,32,sgd,0.03,0.9,800,512,0.0,8192,0.001192258670926094,1.0,0.9997683763504028,0.9981096982955933,6.073827743530273,"[2.219020128250122,3.5789756774902344,2.0839176177978516,2.437772035598755,1.8030526638031006,1.9582083225250244,3.0427398681640625,1.7688287496566772]","[2.4035446643829346,2.7945797443389893,1.7917085886001587,2.305652618408203,1.935338020324707,1.833621621131897,2.6004292964935303,1.5146703720092773]",seeds/cell-005-a5fde9563f2b/seed-1/checkpoint.pt,seeds/cell-005-a5fde9563f2b/seed-1/snapshots/step-000200.pt
1,replication-momentum-sgd-12seeds-v1,acac69fd0fb0eb72c223dcdbd380b2cff3f020d29c0cefc2e02ac2c1212afe00,cell-005-a5fde9563f2b,5,a5fde9563f2bb6363f7ddfb51033db3b7bdad44266119864d6218853389cae31,1,6,300,16,4,16,2,4,32,sgd,0.03,0.9,800,512,0.0,8192,0.0005523187573999166,1.0,1.0011783838272095,0.9981319904327393,6.057898998260498,"[2.215531826019287,3.5994508266448975,2.0787010192871094,2.439452886581421,1.8027839660644531,1.9578437805175781,3.045895576477051,1.7682033777236938]","[2.3945484161376953,2.825066089630127,1.780361294746399,2.293745279312134,1.931458830833435,1.8277150392532349,2.6435599327087402,1.5115317106246948]",seeds/cell-005-a5fde9563f2b/seed-1/checkpoint.pt,seeds/cell-005-a5fde9563f2b/seed-1/snapshots/step-000300.pt
1,replication-momentum-sgd-12seeds-v1,acac69fd0fb0eb72c223dcdbd380b2cff3f020d29c0cefc2e02ac2c1212afe00,cell-005-a5fde9563f2b,5,a5fde9563f2bb6363f7ddfb51033db3b7bdad44266119864d6218853389cae31,1,7,400,16,4,16,2,4,32,sgd,0.03,0.9,800,512,0.0,8192,0.000405457045417279,1.0,1.002123236656189,1.0006763935089111,6.050193786621094,"[2.213343858718872,3.614077568054199,2.0754554271698,2.4396567344665527,1.8027290105819702,1.9575328826904297,3.047524929046631,1.7680708169937134]","[2.388293743133545,2.8450100421905518,1.774048924446106,2.2836360931396484,1.9291505813598633,1.8249863386154175,2.6692872047424316,1.5100524425506592]",seeds/cell-005-a5fde9563f2b/seed-1/checkpoint.pt,seeds/cell-005-a5fde9563f2b/seed-1/snapshots/step-000400.pt
1,replication-momentum-sgd-12seeds-v1,acac69fd0fb0eb72c223dcdbd380b2cff3f020d29c0cefc2e02ac2c1212afe00,cell-005-a5fde9563f2b,5,a5fde9563f2bb6363f7ddfb51033db3b7bdad44266119864d6218853389cae31,1,8,500,16,4,16,2,4,32,sgd,0.03,0.9,800,512,0.0,8192,0.0003017087874468416,1.0,1.0023396015167236,0.9991223812103271,6.043065547943115,"[2.2113165855407715,3.621551513671875,2.0733258724212646,2.439509153366089,1.8027652502059937,1.9573681354522705,3.0484249591827393,1.76802659034729]","[2.384470224380493,2.858375310897827,1.770121455192566,2.2744178771972656,1.9275871515274048,1.823112964630127,2.688920259475708,1.5090126991271973]",seeds/cell-005-a5fde9563f2b/seed-1/checkpoint.pt,seeds/cell-005-a5fde9563f2b/seed-1/snapshots/step-000500.pt
1,replication-momentum-sgd-12seeds-v1,acac69fd0fb0eb72c223dcdbd380b2cff3f020d29c0cefc2e02ac2c1212afe00,cell-005-a5fde9563f2b,5,a5fde9563f2bb6363f7ddfb51033db3b7bdad44266119864d6218853389cae31,1,9,600,16,4,16,2,4,32,sgd,0.03,0.9,800,512,0.0,8192,0.00024202276836149395,1.0,0.9997656345367432,0.9957445859909058,6.03739595413208,"[2.2094740867614746,3.6277003288269043,2.071761131286621,2.4397246837615967,1.8028253316879272,1.9572317600250244,3.0490872859954834,1.7680200338363647]","[2.380873918533325,2.86930251121521,1.7672938108444214,2.267592668533325,1.9263038635253906,1.8214877843856812,2.704281806945801,1.5082179307937622]",seeds/cell-005-a5fde9563f2b/seed-1/checkpoint.pt,seeds/cell-005-a5fde9563f2b/seed-1/snapshots/step-000600.pt
1,replication-momentum-sgd-12seeds-v1,acac69fd0fb0eb72c223dcdbd380b2cff3f020d29c0cefc2e02ac2c1212afe00,cell-005-a5fde9563f2b,5,a5fde9563f2bb6363f7ddfb51033db3b7bdad44266119864d6218853389cae31,1,10,800,16,4,16,2,4,32,sgd,0.03,0.9,800,512,0.0,8192,0.00018005562014877796,1.0,1.000176191329956,0.9965335130691528,6.028685569763184,"[2.206557273864746,3.637650728225708,2.0692105293273926,2.4401676654815674,1.8029162883758545,1.9570212364196777,3.050137758255005,1.7680392265319824]","[2.3747775554656982,2.8868179321289062,1.7626641988754272,2.2561564445495605,1.924360990524292,1.8189104795455933,2.7292232513427734,1.5070874691009521]",seeds/cell-005-a5fde9563f2b/seed-1/checkpoint.pt,seeds/cell-005-a5fde9563f2b/seed-1/snapshots/step-000800.pt
1,replication-momentum-sgd-12seeds-v1,acac69fd0fb0eb72c223dcdbd380b2cff3f020d29c0cefc2e02ac2c1212afe00,cell-005-a5fde9563f2b,5,a5fde9563f2bb6363f7ddfb51033db3b7bdad44266119864d6218853389cae31,2,0,0,16,4,16,2,4,32,sgd,0.03,0.9,800,512,0.0,8192,3.361515522003174,0.4906005859375,-0.07323049008846283,-0.05872834473848343,8.411805152893066,"[1.808337926864624,1.8781040906906128,2.1720967292785645,1.384231686592102,1.909688115119934,2.2634778022766113,2.4465153217315674,2.4058291912078857]","[1.8485770225524902,1.8329533338546753,2.053401231765747,1.4254685640335083,1.6818745136260986,1.7474678754806519,2.2860918045043945,1.5517082214355469]",seeds/cell-005-a5fde9563f2b/seed-2/checkpoint.pt,seeds/cell-005-a5fde9563f2b/seed-2/snapshots/step-000000.pt
1,replication-momentum-sgd-12seeds-v1,acac69fd0fb0eb72c223dcdbd380b2cff3f020d29c0cefc2e02ac2c1212afe00,cell-005-a5fde9563f2b,5,a5fde9563f2bb6363f7ddfb51033db3b7bdad44266119864d6218853389cae31,2,1,25,16,4,16,2,4,32,sgd,0.03,0.9,800,512,0.0,8192,1.0623903274536133,0.5020751953125,0.02605346031486988,0.02647900953888893,8.006119728088379,"[1.8933606147766113,1.901362419128418,2.2054121494293213,1.424269199371338,1.9043539762496948,2.263200044631958,2.468959093093872,2.4264800548553467]","[2.821011543273926,2.4355580806732178,2.370807647705078,1.4786628484725952,1.9572190046310425,1.974487543106079,2.35686993598938,1.813919186592102]",seeds/cell-005-a5fde9563f2b/seed-2/checkpoint.pt,seeds/cell-005-a5fde9563f2b/seed-2/snapshots/step-000025.pt
1,replication-momentum-sgd-12seeds-v1,acac69fd0fb0eb72c223dcdbd380b2cff3f020d29c0cefc2e02ac2c1212afe00,cell-005-a5fde9563f2b,5,a5fde9563f2bb6363f7ddfb51033db3b7bdad44266119864d6218853389cae31,2,2,50,16,4,16,2,4,32,sgd,0.03,0.9,800,512,0.0,8192,0.7605165243148804,0.6949462890625,0.23316951096057892,0.22838926315307617,8.016901016235352,"[1.9012326002120972,1.928690791130066,2.1958539485931396,1.4439433813095093,1.904253363609314,2.263641119003296,2.4709577560424805,2.4274466037750244]","[2.9114413261413574,2.7531771659851074,2.588423252105713,1.5924382209777832,1.97110915184021,1.9791914224624634,2.371469497680664,1.8483996391296387]",seeds/cell-005-a5fde9563f2b/seed-2/checkpoint.pt,seeds/cell-005-a5fde9563f2b/seed-2/snapshots/step-000050.pt
1,replication-momentum-sgd-12seeds-v1,acac69fd0fb0eb72c223dcdbd380b2cff3f020d29c0cefc2e02ac2c1212afe00,cell-005-a5fde9563f2b,5,a5fde9563f2bb6363f7ddfb51033db3b7bdad44266119864d6218853389cae31,2,3,100,16,4,16,2,4,32,sgd,0.03,0.9,800,512,0.0,8192,0.6333093643188477,0.772705078125,0.3524990379810333,0.3519366979598999,7.593441009521484,"[1.9041473865509033,2.276362180709839,2.3586411476135254,1.4738081693649292,1.9041517972946167,2.262101888656616,2.470930576324463,2.4252991676330566]","[2.8731212615966797,2.927581548690796,2.6344218254089355,1.5743184089660645,1.9736121892929077,1.9748889207839966,2.3722915649414062,1.8447060585021973]",seeds/cell-005-a5fde9563f2b/seed-2/checkpoint.pt,seeds/cell-005-a5fde9563f2b/seed-2/snapshots/step-000100.pt
1,replication-momentum-sgd-12seeds-v1,acac69fd0fb0eb72c223dcdbd380b2cff3f020d29c0cefc2e02ac2c1212afe00,cell-005-a5fde9563f2b,5,a5fde9563f2bb6363f7ddfb51033db3b7bdad44266119864d6218853389cae31,2,4,150,16,4,16,2,4,32,sgd,0.03,0.9,800,512,0.0,8192,0.20531465113162994,0.951904296875,0.7954347133636475,0.8054252862930298,6.180187225341797,"[1.9200334548950195,3.1678459644317627,3.1075141429901123,1.5482866764068604,1.9020118713378906,2.260873794555664,2.464871406555176,2.4258246421813965]","[2.7470951080322266,2.9218194484710693,2.800926446914673,1.465187668800354,1.995619535446167,1.984574556350708,2.413665771484375,1.8508063554763794]",seeds/cell-005-a5fde9563f2b/seed-2/checkpoint.pt,seeds/cell-005-a5fde9563f2b/seed-2/snapshots/step-000150.pt
1,replication-momentum-sgd-12seeds-v1,acac69fd0fb0eb72c223dcdbd380b2cff3f020d29c0cefc2e02ac2c1212afe00,cell-005-a5fde9563f2b,5,a5fde9563f2bb6363f7ddfb51033db3b7bdad44266119864d6218853389cae31,2,5,200,16,4,16,2,4,32,sgd,0.03,0.9,800,512,0.0,8192,0.03309360891580582,0.9971923828125,0.9661455154418945,0.9790234565734863,5.946669578552246,"[1.9236228466033936,3.3933167457580566,3.5909616947174072,1.5581879615783691,1.9033753871917725,2.2598214149475098,2.4641289710998535,2.408742904663086]","[2.570039749145508,2.645193338394165,3.100677728652954,1.4266027212142944,2.031045436859131,1.9998257160186768,2.4587883949279785,1.8592966794967651]",seeds/cell-005-a5fde9563f2b/seed-2/checkpoint.pt,seeds/cell-005-a5fde9563f2b/seed-2/snapshots/step-000200.pt
1,replication-momentum-sgd-12seeds-v1,acac69fd0fb0eb72c223dcdbd380b2cff3f020d29c0cefc2e02ac2c1212afe00,cell-005-a5fde9563f2b,5,a5fde9563f2bb6363f7ddfb51033db3b7bdad44266119864d6218853389cae31,2,6,300,16,4,16,2,4,32,sgd,0.03,0.9,800,512,0.0,8192,0.0032816347666084766,1.0,1.0002059936523438,1.0001966953277588,5.843199729919434,"[1.9245643615722656,3.4328646659851074,3.8535594940185547,1.553678274154663,1.920267105102539,2.265315055847168,2.472127914428711,2.4118354320526123]","[2.5319089889526367,2.5235040187835693,3.237849473953247,1.3951141834259033,2.0273072719573975,1.987785816192627,2.4394266605377197,1.8115302324295044]",seeds/cell-005-a5fde9563f2b/seed-2/checkpoint.pt,seeds/cell-005-a5fde9563f2b/seed-2/snapshots/step-000300.pt
1,replication-momentum-sgd-12seeds-v1,acac69fd0fb0eb72c223dcdbd380b2cff3f020d29c0cefc2e02ac2c1212afe00,cell-005-a5fde9563f2b,5,a5fde9563f2bb6363f7ddfb51033db3b7bdad44266119864d6218853389cae31,2,7,400,16,4,16,2,4,32,sgd,0.03,0.9,800,512,0.0,8192,0.001686255680397153,1.0,0.9991111755371094,0.9982690215110779,5.805760383605957,"[1.9291311502456665,3.446551561355591,3.914811134338379,1.5527514219284058,1.9270657300949097,2.2678792476654053,2.4756815433502197,2.415083885192871]","[2.5251197814941406,2.5008749961853027,3.264150857925415,1.3875902891159058,2.0241847038269043,1.982896089553833,2.4344353675842285,1.797603964805603]",seeds/cell-005-a5fde9563f2b/seed-2/checkpoint.pt,seeds/cell-005-a5fde9563f2b/seed-2/snapshots/step-000400.pt
1,replication-momentum-sgd-12seeds-v1,acac69fd0fb0eb72c223dcdbd380b2cff3f020d29c0cefc2e02ac2c1212afe00,cell-005-a5fde9563f2b,5,a5fde9563f2bb6363f7ddfb51033db3b7bdad44266119864d6218853389cae31,2,8,500,16,4,16,2,4,32,sgd,0.03,0.9,800,512,0.0,8192,0.0011418011272326112,1.0,1.0009487867355347,1.0000158548355103,5.784998416900635,"[1.9324665069580078,3.4538521766662598,3.949552536010742,1.5522488355636597,1.9313993453979492,2.2696328163146973,2.477468729019165,2.4173738956451416]","[2.522202968597412,2.4891090393066406,3.2836756706237793,1.3816590309143066,2.021951198577881,1.9797383546829224,2.4316508769989014,1.790456771850586]",seeds/cell-005-a5fde9563f2b/seed-2/checkpoint.pt,seeds/cell-005-a5fde9563f2b/seed-2/snapshots/step-000500.pt
1,replication-momentum-sgd-12seeds-v1,acac69fd0fb0eb72c223dcdbd380b2cff3f020d29c0cefc2e02ac2c1212afe00,cell-005-a5fde9563f2b,5,a5fde9563f2bb6363f7ddfb51033db3b7bdad44266119864d6218853389cae31,2,9,600,16,4,16,2,4,32,sgd,0.03,0.9,800,512,0.0,8192,0.0008205750491470098,1.0,1.000288486480713,0.9991546273231506,5.768558025360107,"[1.935511827468872,3.460610866546631,3.973329782485962,1.5518338680267334,1.9346559047698975,2.2710514068603516,2.479001998901367,2.4190359115600586]","[2.5200693607330322,2.4822092056274414,3.296877861022949,1.3770769834518433,2.0203211307525635,1.9771159887313843,2.4296858310699463,1.7857165336608887]",seeds/cell-005-a5fde9563f2b/seed-2/checkpoint.pt,seeds/cell-005-a5fde9563f2b/seed-2/snapshots/step-000600.pt
1,replication-momentum-sgd-12seeds-v1,acac69fd0fb0eb72c223dcdbd380b2cff3f020d29c0cefc2e02ac2c1212afe00,cell-005-a5fde9563f2b,5,a5fde9563f2bb6363f7ddfb51033db3b7bdad44266119864d6218853389cae31,2,10,800,16,4,16,2,4,32,sgd,0.03,0.9,800,512,0.0,8192,0.0005325893871486187,1.0,0.9977547526359558,0.9964843988418579,5.7463059425354,"[1.9400660991668701,3.467820644378662,4.005496978759766,1.5513843297958374,1.9391826391220093,2.2731380462646484,2.480799913406372,2.4218008518218994]","[2.517014741897583,2.4719791412353516,3.3186490535736084,1.3695323467254639,2.0178585052490234,1.9732871055603027,2.4271249771118164,1.7799668312072754]",seeds/cell-005-a5fde9563f2b/seed-2/checkpoint.pt,seeds/cell-005-a5fde9563f2b/seed-2/snapshots/step-000800.pt
1,replication-momentum-sgd-12seeds-v1,acac69fd0fb0eb72c223dcdbd380b2cff3f020d29c0cefc2e02ac2c1212afe00,cell-005-a5fde9563f2b,5,a5fde9563f2bb6363f7ddfb51033db3b7bdad44266119864d6218853389cae31,3,0,0,16,4,16,2,4,32,sgd,0.03,0.9,800,512,0.0,8192,2.047781467437744,0.5521240234375,0.20988354086875916,0.18736568093299866,8.813401222229004,"[2.05550217628479,2.2225372791290283,1.6646835803985596,1.7572526931762695,2.0774216651916504,2.1381399631500244,2.2464663982391357,1.67436683177948]","[1.673073649406433,2.0179603099823,1.4918513298034668,1.9727991819381714,1.746567726135254,2.0322024822235107,1.8546152114868164,2.4242184162139893]",seeds/cell-005-a5fde9563f2b/seed-3/checkpoint.pt,seeds/cell-005-a5fde9563f2b/seed-3/snapshots/step-000000.pt
1,replication-momentum-sgd-12seeds-v1,acac69fd0fb0eb72c223dcdbd380b2cff3f020d29c0cefc2e02ac2c1212afe00,cell-005-a5fde9563f2b,5,a5fde9563f2bb6363f7ddfb51033db3b7bdad44266119864d6218853389cae31,3,1,25,16,4,16,2,4,32,sgd,0.03,0.9,800,512,0.0,8192,0.8276082277297974,0.659912109375,0.16690947115421295,0.13231782615184784,8.824688911437988,"[2.0549447536468506,2.569030523300171,1.6537953615188599,1.8149441480636597,2.085055112838745,2.1752469539642334,2.2459301948547363,1.6462901830673218]","[2.147634506225586,2.462374687194824,1.661173701286316,2.1854217052459717,1.556380033493042,2.0767929553985596,1.9744112491607666,3.3533928394317627]",seeds/cell-005-a5fde9563f2b/seed-3/checkpoint.pt,seeds/cell-005-a5fde9563f2b/seed-3/snapshots/step-000025.pt
1,replication-momentum-sgd-12seeds-v1,acac69fd0fb0eb72c223dcdbd380b2cff3f020d29c0cefc2e02ac2c1212afe00,cell-005-a5fde9563f2b,5,a5fde9563f2bb6363f7ddfb51033db3b7bdad44266119864d6218853389cae31,3,2,50,16,4,16,2,4,32,sgd,0.03,0.9,800,512,0.0,8192,0.7630981206893921,0.6910400390625,0.2547381818294525,0.21678626537322998,8.771926879882812,"[1.9139351844787598,2.590728759765625,1.6458234786987305,1.8212995529174805,2.0869009494781494,2.1818482875823975,2.2492878437042236,1.6268219947814941]","[2.3405120372772217,2.4377806186676025,1.6966423988342285,2.232015371322632,1.553684115409851,2.1055946350097656,1.992966890335083,3.4433441162109375]",seeds/cell-005-a5fde9563f2b/seed-3/checkpoint.pt,seeds/cell-005-a5fde9563f2b/seed-3/snapshots/step-000050.pt
1,replication-momentum-sgd-12seeds-v1,acac69fd0fb0eb72c223dcdbd380b2cff3f020d29c0cefc2e02ac2c1212afe00,cell-005-a5fde9563f2b,5,a5fde9563f2bb6363f7ddfb51033db3b7bdad44266119864d6218853389cae31,3,3,100,16,4,16,2,4,32,sgd,0.03,0.9,800,512,0.0,8192,0.36072951555252075,0.8740234375,0.6424944400787354,0.6471958160400391,7.210894584655762,"[2.784761905670166,2.6509945392608643,1.6662571430206299,1.8402236700057983,2.082432508468628,2.183058977127075,2.2448647022247314,1.626070261001587]","[2.8303170204162598,2.283747673034668,1.6608033180236816,2.2415595054626465,1.566901683807373,2.0633065700531006,1.9274927377700806,3.341177225112915]",seeds/cell-005-a5fde9563f2b/seed-3/checkpoint.pt,seeds/cell-005-a5fde9563f2b/seed-3/snapshots/step-000100.pt
1,replication-momentum-sgd-12seeds-v1,acac69fd0fb0eb72c223dcdbd380b2cff3f020d29c0cefc2e02ac2c1212afe00,cell-005-a5fde9563f2b,5,a5fde9563f2bb6363f7ddfb51033db3b7bdad44266119864d6218853389cae31,3,4,150,16,4,16,2,4,32,sgd,0.03,0.9,800,512,0.0,8192,0.012237325310707092,1.0,1.0078660249710083,1.025127649307251,6.1687774658203125,"[3.7492430210113525,2.7016263008117676,1.6727373600006104,1.8263185024261475,2.081879138946533,2.1842174530029297,2.249490976333618,1.6330294609069824]","[3.3079819679260254,2.1148934364318848,1.6150752305984497,2.1049702167510986,1.5699901580810547,2.0491676330566406,1.9184983968734741,3.313140630722046]",seeds/cell-005-a5fde9563f2b/seed-3/checkpoint.pt,seeds/cell-005-a5fde9563f2b/seed-3/snapshots/step-000150.pt
1,replication-momentum-sgd-12seeds-v1,acac69fd0fb0eb72c223dcdbd380b2cff3f020d29c0cefc2e02ac2c1212afe00,cell-005-a5fde9563f2b,5,a5fde9563f2bb6363f7ddfb51033db3b7bdad44266119864d6218853389cae31,3,5,200,16,4,16,2,4,32,sgd,0.03,0.9,800,512,0.0,8192,0.0026680973824113607,1.0,0.9970226287841797,1.0097514390945435,6.001989364624023,"[3.923480749130249,2.710498332977295,1.6664546728134155,1.8099397420883179,2.0796964168548584,2.1848039627075195,2.2519149780273438,1.634584903717041]","[3.4954209327697754,2.0585007667541504,1.5910279750823975,2.033231496810913,1.559424638748169,2.0513782501220703,1.9183464050292969,3.308073043823242]",seeds/cell-005-a5fde9563f2b/seed-3/checkpoint.pt,seeds/cell-005-a5fde9563f2b/seed-3/snapshots/step-000200.pt
1,replication-momentum-sgd-12seeds-v1,acac69fd0fb0eb72c223dcdbd380b2cff3f020d29c0cefc2e02ac2c1212afe00,cell-005-a5fde9563f2b,5,a5fde9563f2bb6363f7ddfb51033db3b7bdad44266119864d6218853389cae31,3,6,300,16,4,16,2,4,32,sgd,0.03,0.9,800,512,0.0,8192,0.001258456613868475,1.0,0.999537467956543,1.011901617050171,5.939122200012207,"[3.983876943588257,2.713707208633423,1.661448359489441,1.8015927076339722,2.076040029525757,2.1852355003356934,2.2538037300109863,1.6329231262207031]","[3.5939979553222656,2.027843475341797,1.5717432498931885,1.993600845336914,1.5552871227264404,2.0551257133483887,1.9191490411758423,3.294001579284668]",seeds/cell-005-a5fde9563f2b/seed-3/checkpoint.pt,seeds/cell-005-a5fde9563f2b/seed-3/snapshots/step-000300.pt
1,replication-momentum-sgd-12seeds-v1,acac69fd0fb0eb72c223dcdbd380b2cff3f020d29c0cefc2e02ac2c1212afe00,cell-005-a5fde9563f2b,5,a5fde9563f2bb6363f7ddfb51033db3b7bdad44266119864d6218853389cae31,3,7,400,16,4,16,2,4,32,sgd,0.03,0.9,800,512,0.0,8192,0.0008250066312029958,1.0,0.9992803335189819,1.0116543769836426,5.901930809020996,"[4.01798152923584,2.715803861618042,1.6585477590560913,1.7970134019851685,2.0737497806549072,2.185609817504883,2.254847288131714,1.6316441297531128]","[3.650826930999756,2.0102405548095703,1.5596593618392944,1.971961259841919,1.552645206451416,2.056884765625,1.9193730354309082,3.283273220062256]",seeds/cell-005-a5fde9563f2b/seed-3/checkpoint.pt,seeds/cell-005-a5fde9563f2b/seed-3/snapshots/step-000400.pt
1,replication-momentum-sgd-12seeds-v1,acac69fd0fb0eb72c223dcdbd380b2cff3f020d29c0cefc2e02ac2c1212afe00,cell-005-a5fde9563f2b,5,a5fde9563f2bb6363f7ddfb51033db3b7bdad44266119864d6218853389cae31,3,8,500,16,4,16,2,4,32,sgd,0.03,0.9,800,512,0.0,8192,0.0006193937733769417,1.0,1.0019028186798096,1.0141657590866089,5.873891830444336,"[4.042815208435059,2.7172672748565674,1.6557947397232056,1.7938364744186401,2.072134494781494,2.185981035232544,2.25566029548645,1.6303008794784546]","[3.69073224067688,1.998093843460083,1.550194501876831,1.9572906494140625,1.5503416061401367,2.057769775390625,1.9192452430725098,3.2753167152404785]",seeds/cell-005-a5fde9563f2b/seed-3/checkpoint.pt,seeds/cell-005-a5fde9563f2b/seed-3/snapshots/step-000500.pt
1,replication-momentum-sgd-12seeds-v1,acac69fd0fb0eb72c223dcdbd380b2cff3f020d29c0cefc2e02ac2c1212afe00,cell-005-a5fde9563f2b,5,a5fde9563f2bb6363f7ddfb51033db3b7bdad44266119864d6218853389cae31,3,9,600,16,4,16,2,4,32,sgd,0.03,0.9,800,512,0.0,8192,0.00048719788901507854,1.0,0.9993237257003784,1.0111819505691528,5.854152679443359,"[4.0605998039245605,2.7182745933532715,1.6533386707305908,1.7914609909057617,2.071065664291382,2.186363697052002,2.2561912536621094,1.6293646097183228]","[3.719339609146118,1.9888086318969727,1.542557954788208,1.9465117454528809,1.5487908124923706,2.0585286617279053,1.9191519021987915,3.269026041030884]",seeds/cell-005-a5fde9563f2b/seed-3/checkpoint.pt,seeds/cell-005-a5fde9563f2b/seed-3/snapshots/step-000600.pt
1,replication-momentum-sgd-12seeds-v1,acac69fd0fb0eb72c223dcdbd380b2cff3f020d29c0cefc2e02ac2c1212afe00,cell-005-a5fde9563f2b,5,a5fde9563f2bb6363f7ddfb51033db3b7bdad44266119864d6218853389cae31,3,10,800,16,4,16,2,4,32,sgd,0.03,0.9,800,512,0.0,8192,0.0003531287657096982,1.0,0.9974084496498108,1.0092557668685913,5.825654983520508,"[4.083725929260254,2.719353199005127,1.6495541334152222,1.7876983880996704,2.069434881210327,2.187180280685425,2.256970167160034,1.6277296543121338]","[3.7609987258911133,1.9754446744918823,1.5308376550674438,1.9311546087265015,1.546311616897583,2.059720277786255,1.9188472032546997,3.2588038444519043]",seeds/cell-005-a5fde9563f2b/seed-3/checkpoint.pt,seeds/cell-005-a5fde9563f2b/seed-3/snapshots/step-000800.pt
1,replication-momentum-sgd-12seeds-v1,acac69fd0fb0eb72c223dcdbd380b2cff3f020d29c0cefc2e02ac2c1212afe00,cell-005-a5fde9563f2b,5,a5fde9563f2bb6363f7ddfb51033db3b7bdad44266119864d6218853389cae31,4,0,0,16,4,16,2,4,32,sgd,0.03,0.9,800,512,0.0,8192,1.6426475048065186,0.529052734375,0.047738201916217804,0.03290324658155441,8.253628730773926,"[2.073530912399292,1.9555951356887817,1.6526310443878174,1.697033166885376,2.058802366256714,1.7482880353927612,1.7710177898406982,1.8393299579620361]","[1.5404914617538452,1.9591724872589111,2.063593864440918,1.926141619682312,1.6925022602081299,1.8162132501602173,2.240102767944336,2.2022106647491455]",seeds/cell-005-a5fde9563f2b/seed-4/checkpoint.pt,seeds/cell-005-a5fde9563f2b/seed-4/snapshots/step-000000.pt
1,replication-momentum-sgd-12seeds-v1,acac69fd0fb0eb72c223dcdbd380b2cff3f020d29c0cefc2e02ac2c1212afe00,cell-005-a5fde9563f2b,5,a5fde9563f2bb6363f7ddfb51033db3b7bdad44266119864d6218853389cae31,4,1,25,16,4,16,2,4,32,sgd,0.03,0.9,800,512,0.0,8192,0.7242974042892456,0.7200927734375,0.3024734854698181,0.28376251459121704,8.235556602478027,"[2.072064161300659,1.9327290058135986,1.680869221687317,1.6338790655136108,2.0436744689941406,1.7450207471847534,1.777042269706726,1.8432538509368896]","[1.540184497833252,2.021388292312622,2.3763086795806885,2.1007823944091797,1.681074857711792,1.8641266822814941,2.2423272132873535,2.2017018795013428]",seeds/cell-005-a5fde9563f2b/seed-4/checkpoint.pt,seeds/cell-005-a5fde9563f2b/seed-4/snapshots/step-000025.pt
1,replication-momentum-sgd-12seeds-v1,acac69fd0fb0eb72c223dcdbd380b2cff3f020d29c0cefc2e02ac2c1212afe00,cell-005-a5fde9563f2b,5,a5fde9563f2bb6363f7ddfb51033db3b7bdad44266119864d6218853389cae31,4,2,50,16,4,16,2,4,32,sgd,0.03,0.9,800,512,0.0,8192,0.4450691342353821,0.8482666015625,0.6016515493392944,0.632745623588562,7.430194854736328,"[2.068455696105957,1.977414608001709,1.9971954822540283,1.7055084705352783,2.0434165000915527,1.7434496879577637,1.7884596586227417,1.8452988862991333]","[1.5292789936065674,1.9975638389587402,2.6650445461273193,2.164703369140625,1.6779396533966064,1.873324990272522,2.202385663986206,2.1846461296081543]",seeds/cell-005-a5fde9563f2b/seed-4/checkpoint.pt,seeds/cell-005-a5fde9563f2b/seed-4/snapshots/step-000050.pt
1,replication-momentum-sgd-12seeds-v1,acac69fd0fb0eb72c223dcdbd380b2cff3f020d29c0cefc2e02ac2c1212afe00,cell-005-a5fde9563f2b,5,a5fde9563f2bb6363f7ddfb51033db3b7bdad44266119864d6218853389cae31,4,3,100,16,4,16,2,4,32,sgd,0.03,0.9,800,512,0.0,8192,0.024348948150873184,0.9964599609375,0.9678665399551392,0.9739290475845337,6.495029926300049,"[2.047229051589966,2.1095974445343018,2.4771883487701416,2.2169601917266846,2.0427916049957275,1.7190757989883423,1.7994669675827026,1.8398692607879639]","[1.4804625511169434,1.960439920425415,2.9544098377227783,2.3996293544769287,1.6500643491744995,1.894680142402649,2.1236696243286133,2.167037010192871]",seeds/cell-005-a5fde9563f2b/seed-4/checkpoint.pt,seeds/cell-005-a5fde9563f2b/seed-4/snapshots/step-000100.pt
1,replication-momentum-sgd-12seeds-v1,acac69fd0fb0eb72c223dcdbd380b2cff3f020d29c0cefc2e02ac2c1212afe00,cell-005-a5fde9563f2b,5,a5fde9563f2bb6363f7ddfb51033db3b7bdad44266119864d6218853389cae31,4,4,150,16,4,16,2,4,32,sgd,0.03,0.9,800,512,0.0,8192,0.0025575142353773117,1.0,1.0002213716506958,0.9973381757736206,6.420704364776611,"[2.0399065017700195,2.1281909942626953,2.6558382511138916,2.350520133972168,2.0428824424743652,1.7190393209457397,1.8007595539093018,1.835099220275879]","[1.4569942951202393,1.9334100484848022,3.051884889602661,2.5264594554901123,1.644527792930603,1.8737456798553467,2.1133766174316406,2.1551761627197266]",seeds/cell-005-a5fde9563f2b/seed-4/checkpoint.pt,seeds/cell-005-a5fde9563f2b/seed-4/snapshots/step-000150.pt
1,replication-momentum-sgd-12seeds-v1,acac69fd0fb0eb72c223dcdbd380b2cff3f020d29c0cefc2e02ac2c1212afe00,cell-005-a5fde9563f2b,5,a5fde9563f2bb6363f7ddfb51033db3b7bdad44266119864d6218853389cae31,4,5,200,16,4,16,2,4,32,sgd,0.03,0.9,800,512,0.0,8192,0.0012197301257401705,1.0,1.0016670227050781,0.9994393587112427,6.408105373382568,"[2.0375139713287354,2.1275529861450195,2.6858725547790527,2.377464532852173,2.0430448055267334,1.7199158668518066,1.8005950450897217,1.833630919456482]","[1.4482835531234741,1.9193702936172485,3.0773379802703857,2.563925266265869,1.642338514328003,1.8682647943496704,2.112004280090332,2.150667667388916]",seeds/cell-005-a5fde9563f2b/seed-4/checkpoint.pt,seeds/cell-005-a5fde9563f2b/seed-4/snapshots/step-000200.pt
1,replication-momentum-sgd-12seeds-v1,acac69fd0fb0eb72c223dcdbd380b2cff3f020d29c0cefc2e02ac2c1212afe00,cell-005-a5fde9563f2b,5,a5fde9563f2bb6363f7ddfb51033db3b7bdad44266119864d6218853389cae31,4,6,300,16,4,16,2,4,32,sgd,0.03,0.9,800,512,0.0,8192,0.0007115461630746722,1.0,0.9986470937728882,0.9933658838272095,6.390233516693115,"[2.0345115661621094,2.12490177154541,2.7089412212371826,2.3950634002685547,2.043440103530884,1.7203402519226074,1.7996478080749512,1.832265019416809]","[1.4380749464035034,1.9057717323303223,3.1125404834747314,2.5922796726226807,1.6405829191207886,1.861964464187622,2.1107616424560547,2.1444506645202637]",seeds/cell-005-a5fde9563f2b/seed-4/checkpoint.pt,seeds/cell-005-a5fde9563f2b/seed-4/snapshots/step-000300.pt
1,replication-momentum-sgd-12seeds-v1,acac69fd0fb0eb72c223dcdbd380b2cff3f020d29c0cefc2e02ac2c1212afe00,cell-005-a5fde9563f2b,5,a5fde9563f2bb6363f7ddfb51033db3b7bdad44266119864d6218853389cae31,4,7,400,16,4,16,2,4,32,sgd,0.03,0.9,800,512,0.0,8192,0.0005052830092608929,1.0,0.9998214840888977,0.9943892955780029,6.378517150878906,"[2.0323920249938965,2.12325382232666,2.721942186355591,2.4031121730804443,2.0437865257263184,1.7204275131225586,1.7989436388015747,1.831580638885498]","[1.431344747543335,1.8971402645111084,3.1342897415161133,2.6081762313842773,1.6392489671707153,1.8579552173614502,2.109926223754883,2.140573024749756]",seeds/cell-005-a5fde9563f2b/seed-4/checkpoint.pt,seeds/cell-005-a5fde9563f2b/seed-4/snapshots/step-000400.pt
1,replication-momentum-sgd-12seeds-v1,acac69fd0fb0eb72c223dcdbd380b2cff3f020d29c0cefc2e02ac2c1212afe00,cell-005-a5fde9563f2b,5,a5fde9563f2bb6363f7ddfb51033db3b7bdad44266119864d6218853389cae31,4,8,500,16,4,16,2,4,32,sgd,0.03,0.9,800,512,0.0,8192,0.0004023962828796357,1.0,1.001343846321106,0.995335578918457,6.3674139976501465,"[2.0308125019073486,2.1225767135620117,2.732466459274292,2.4087696075439453,2.0440618991851807,1.7204591035842896,1.7983204126358032,1.8310481309890747]","[1.4261994361877441,1.8910795450210571,3.152390480041504,2.618459701538086,1.6379963159561157,1.8548213243484497,2.109311819076538,2.1373672485351562]",seeds/cell-005-a5fde9563f2b/seed-4/checkpoint.pt,seeds/cell-005-a5fde9563f2b/seed-4/snapshots/step-000500.pt
1,replication-momentum-sgd-12seeds-v1,acac69fd0fb0eb72c223dcdbd380b2cff3f020d29c0cefc2e02ac2c1212afe00,cell-005-a5fde9563f2b,5,a5fde9563f2bb6363f7ddfb51033db3b7bdad44266119864d6218853389cae31,4,9,600,16,4,16,2,4,32,sgd,0.03,0.9,800,512,0.0,8192,0.0003328502061776817,1.0,1.0009913444519043,0.9943909645080566,6.359045028686523,"[2.0293731689453125,2.1216180324554443,2.7397124767303467,2.4135007858276367,2.044327735900879,1.7205299139022827,1.7977890968322754,1.8306657075881958]","[1.4218432903289795,1.885779857635498,3.1658568382263184,2.6271963119506836,1.6370337009429932,1.8526322841644287,2.108798027038574,2.1348330974578857]",seeds/cell-005-a5fde9563f2b/seed-4/checkpoint.pt,seeds/cell-005-a5fde9563f2b/seed-4/snapshots/step-000600.pt
1,replication-momentum-sgd-12seeds-v1,acac69fd0fb0eb72c223dcdbd380b2cff3f020d29c0cefc2e02ac2c1212afe00,cell-005-a5fde9563f2b,5,a5fde9563f2bb6363f7ddfb51033db3b7bdad44266119864d6218853389cae31,4,10,800,16,4,16,2,4,32,sgd,0.03,0.9,800,512,0.0,8192,0.00024543399922549725,1.0,0.9991631507873535,0.992037296295166,6.345460414886475,"[2.027092218399048,2.1209397315979004,2.753429651260376,2.4224965572357178,2.0447628498077393,1.7207753658294678,1.796858787536621,1.8300068378448486]","[1.4148873090744019,1.8782083988189697,3.189802646636963,2.639305830001831,1.635297417640686,1.849360466003418,2.108013153076172,2.130892038345337]",seeds/cell-005-a5fde9563f2b/seed-4/checkpoint.pt,seeds/cell-005-a5fde9563f2b/seed-4/snapshots/step-000800.pt
1,replication-momentum-sgd-12seeds-v1,acac69fd0fb0eb72c223dcdbd380b2cff3f020d29c0cefc2e02ac2c1212afe00,cell-005-a5fde9563f2b,5,a5fde9563f2bb6363f7ddfb51033db3b7bdad44266119864d6218853389cae31,5,0,0,16,4,16,2,4,32,sgd,0.03,0.9,800,512,0.0,8192,1.6387711763381958,0.478271484375,-0.02567819505929947,-0.034435372799634933,7.869094371795654,"[2.0595128536224365,2.0706474781036377,1.9889315366744995,2.0675551891326904,2.2690682411193848,1.8477449417114258,2.3872125148773193,1.7640862464904785]","[2.2285332679748535,1.6557285785675049,1.984210729598999,2.1464056968688965,1.7444961071014404,1.7463520765304565,2.2357711791992188,1.7717550992965698]",seeds/cell-005-a5fde9563f2b/seed-5/checkpoint.pt,seeds/cell-005-a5fde9563f2b/seed-5/snapshots/step-000000.pt
1,replication-momentum-sgd-12seeds-v1,acac69fd0fb0eb72c223dcdbd380b2cff3f020d29c0cefc2e02ac2c1212afe00,cell-005-a5fde9563f2b,5,a5fde9563f2bb6363f7ddfb51033db3b7bdad44266119864d6218853389cae31,5,1,25,16,4,16,2,4,32,sgd,0.03,0.9,800,512,0.0,8192,0.7896647453308105,0.6912841796875,0.23956748843193054,0.20731410384178162,8.005216598510742,"[2.0507657527923584,2.134112596511841,1.9162390232086182,2.1014392375946045,2.2725794315338135,1.852645754814148,2.4575016498565674,1.8180537223815918]","[2.931887626647949,1.7119009494781494,2.055225372314453,2.499535083770752,2.1425108909606934,1.6527771949768066,2.3640835285186768,2.2142410278320312]",seeds/cell-005-a5fde9563f2b/seed-5/checkpoint.pt,seeds/cell-005-a5fde9563f2b/seed-5/snapshots/step-000025.pt
1,replication-momentum-sgd-12seeds-v1,acac69fd0fb0eb72c223dcdbd380b2cff3f020d29c0cefc2e02ac2c1212afe00,cell-005-a5fde9563f2b,5,a5fde9563f2bb6363f7ddfb51033db3b7bdad44266119864d6218853389cae31,5,2,50,16,4,16,2,4,32,sgd,0.03,0.9,800,512,0.0,8192,0.6210688352584839,0.769287109375,0.3886970579624176,0.3721955716609955,7.705480098724365,"[2.267082452774048,2.1413426399230957,1.9144545793533325,2.169886350631714,2.2667508125305176,1.8548988103866577,2.468130350112915,1.8188639879226685]","[3.197795867919922,1.7398017644882202,2.0892817974090576,2.6356546878814697,2.1596193313598633,1.6645581722259521,2.3827261924743652,2.2466561794281006]",seeds/cell-005-a5fde9563f2b/seed-5/checkpoint.pt,seeds/cell-005-a5fde9563f2b/seed-5/snapshots/step-000050.pt
1,replication-momentum-sgd-12seeds-v1,acac69fd0fb0eb72c223dcdbd380b2cff3f020d29c0cefc2e02ac2c1212afe00,cell-005-a5fde9563f2b,5,a5fde9563f2bb6363f7ddfb51033db3b7bdad44266119864d6218853389cae31,5,3,100,16,4,16,2,4,32,sgd,0.03,0.9,800,512,0.0,8192,0.08076398819684982,0.9779052734375,0.9327647686004639,0.9552403688430786,6.5633344650268555,"[3.5951285362243652,2.142313241958618,1.9318982362747192,2.533902406692505,2.2661333084106445,1.8655421733856201,2.490036964416504,1.8229676485061646]","[3.5957958698272705,1.722296118736267,2.066805124282837,2.597426652908325,2.1216683387756348,1.7111493349075317,2.3989052772521973,2.195404291152954]",seeds/cell-005-a5fde9563f2b/seed-5/checkpoint.pt,seeds/cell-005-a5fde9563f2b/seed-5/snapshots/step-000100.pt
1,replication-momentum-sgd-12seeds-v1,acac69fd0fb0eb72c223dcdbd380b2cff3f020d29c0cefc2e02ac2c1212afe00,cell-005-a5fde9563f2b,5,a5fde9563f2bb6363f7ddfb51033db3b7bdad44266119864d6218853389cae31,5,4,150,16,4,16,2,4,32,sgd,0.03,0.9,800,512,0.0,8192,0.004097153432667255,1.0,0.9931753277778625,1.0104299783706665,6.379383087158203,"[3.887315034866333,2.1342649459838867,1.9230480194091797,2.5807077884674072,2.267117738723755,1.8754112720489502,2.495602607727051,1.8356491327285767]","[3.76619553565979,1.7127400636672974,2.050981283187866,2.5546741485595703,2.1144542694091797,1.6973222494125366,2.3959591388702393,2.1755900382995605]",seeds/cell-005-a5fde9563f2b/seed-5/checkpoint.pt,seeds/cell-005-a5fde9563f2b/seed-5/snapshots/step-000150.pt
1,replication-momentum-sgd-12seeds-v1,acac69fd0fb0eb72c223dcdbd380b2cff3f020d29c0cefc2e02ac2c1212afe00,cell-005-a5fde9563f2b,5,a5fde9563f2bb6363f7ddfb51033db3b7bdad44266119864d6218853389cae31,5,5,200,16,4,16,2,4,32,sgd,0.03,0.9,800,512,0.0,8192,0.001473922049626708,1.0,0.9956689476966858,1.0091729164123535,6.336289882659912,"[3.9522032737731934,2.1303329467773438,1.9208203554153442,2.5798728466033936,2.266191005706787,1.8813153505325317,2.495577335357666,1.841647744178772]","[3.822544574737549,1.7051725387573242,2.0420937538146973,2.5291213989257812,2.1138501167297363,1.6895190477371216,2.3936514854431152,2.170485019683838]",seeds/cell-005-a5fde9563f2b/seed-5/checkpoint.pt,seeds/cell-005-a5fde9563f2b/seed-5/snapshots/step-000200.pt
1,replication-momentum-sgd-12seeds-v1,acac69fd0fb0eb72c223dcdbd380b2cff3f020d29c0cefc2e02ac2c1212afe00,cell-005-a5fde9563f2b,5,a5fde9563f2bb6363f7ddfb51033db3b7bdad44266119864d6218853389cae31,5,6,300,16,4,16,2,4,32,sgd,0.03,0.9,800,512,0.0,8192,0.0006827720208093524,1.0,0.9995885491371155,1.0138399600982666,6.317878246307373,"[3.97784161567688,2.1279022693634033,1.919338345527649,2.5742430686950684,2.264075756072998,1.8864189386367798,2.4953410625457764,1.8474265336990356]","[3.858182430267334,1.6995964050292969,2.036391496658325,2.5123233795166016,2.112612724304199,1.6851105690002441,2.3926191329956055,2.16774582862854]",seeds/cell-005-a5fde9563f2b/seed-5/checkpoint.pt,seeds/cell-005-a5fde9563f2b/seed-5/snapshots/step-000300.pt
1,replication-momentum-sgd-12seeds-v1,acac69fd0fb0eb72c223dcdbd380b2cff3f020d29c0cefc2e02ac2c1212afe00,cell-005-a5fde9563f2b,5,a5fde9563f2bb6363f7ddfb51033db3b7bdad44266119864d6218853389cae31,5,7,400,16,4,16,2,4,32,sgd,0.03,0.9,800,512,0.0,8192,0.0004902827786281705,1.0,1.0030388832092285,1.0175635814666748,6.3059186935424805,"[3.993881940841675,2.1262521743774414,1.917958378791809,2.5712475776672363,2.2625792026519775,1.8888955116271973,2.495208740234375,1.8508939743041992]","[3.8802995681762695,1.6959153413772583,2.0317330360412598,2.5035152435302734,2.1111080646514893,1.683627724647522,2.3925251960754395,2.1670029163360596]",seeds/cell-005-a5fde9563f2b/seed-5/checkpoint.pt,seeds/cell-005-a5fde9563f2b/seed-5/snapshots/step-000400.pt
1,replication-momentum-sgd-12seeds-v1,acac69fd0fb0eb72c223dcdbd380b2cff3f020d29c0cefc2e02ac2c1212afe00,cell-005-a5fde9563f2b,5,a5fde9563f2bb6363f7ddfb51033db3b7bdad44266119864d6218853389cae31,5,8,500,16,4,16,2,4,32,sgd,0.03,0.9,800,512,0.0,8192,0.00038692442467436194,1.0,1.0033326148986816,1.0181210041046143,6.296694755554199,"[4.005263805389404,2.1250579357147217,1.917015790939331,2.56901478767395,2.261335849761963,1.8905965089797974,2.4950826168060303,1.853548526763916]","[3.896613597869873,1.693244457244873,2.028172492980957,2.497340679168701,2.109697103500366,1.682930588722229,2.3925564289093018,2.166882276535034]",seeds/cell-005-a5fde9563f2b/seed-5/checkpoint.pt,seeds/cell-005-a5fde9563f2b/seed-5/snapshots/step-000500.pt
1,replication-momentum-sgd-12seeds-v1,acac69fd0fb0eb72c223dcdbd380b2cff3f020d29c0cefc2e02ac2c1212afe00,cell-005-a5fde9563f2b,5,a5fde9563f2bb6363f7ddfb51033db3b7bdad44266119864d6218853389cae31,5,9,600,16,4,16,2,4,32,sgd,0.03,0.9,800,512,0.0,8192,0.00030844187131151557,1.0,0.9996256232261658,1.0143275260925293,6.289747714996338,"[4.013776779174805,2.1241109371185303,1.9161337614059448,2.567122459411621,2.260312080383301,1.891786813735962,2.4949886798858643,1.8556913137435913]","[3.909271240234375,1.6909478902816772,2.02514910697937,2.492133617401123,2.1085705757141113,1.6824396848678589,2.392700433731079,2.1670899391174316]",seeds/cell-005-a5fde9563f2b/seed-5/checkpoint.pt,seeds/cell-005-a5fde9563f2b/seed-5/snapshots/step-000600.pt
1,replication-momentum-sgd-12seeds-v1,acac69fd0fb0eb72c223dcdbd380b2cff3f020d29c0cefc2e02ac2c1212afe00,cell-005-a5fde9563f2b,5,a5fde9563f2bb6363f7ddfb51033db3b7bdad44266119864d6218853389cae31,5,10,800,16,4,16,2,4,32,sgd,0.03,0.9,800,512,0.0,8192,0.00022933114087209105,1.0,0.9996537566184998,1.014962077140808,6.277898788452148,"[4.027702808380127,2.1225249767303467,1.9147136211395264,2.5642876625061035,2.2587170600891113,1.8933987617492676,2.494849920272827,1.8588855266571045]","[3.9304163455963135,1.6873050928115845,2.0201833248138428,2.4837472438812256,2.1066184043884277,1.682032823562622,2.3929550647735596,2.1676154136657715]",seeds/cell-005-a5fde9563f2b/seed-5/checkpoint.pt,seeds/cell-005-a5fde9563f2b/seed-5/snapshots/step-000800.pt
1,replication-momentum-sgd-12seeds-v1,acac69fd0fb0eb72c223dcdbd380b2cff3f020d29c0cefc2e02ac2c1212afe00,cell-005-a5fde9563f2b,5,a5fde9563f2bb6363f7ddfb51033db3b7bdad44266119864d6218853389cae31,6,0,0,16,4,16,2,4,32,sgd,0.03,0.9,800,512,0.0,8192,1.3805296421051025,0.529052734375,0.04654129594564438,0.04331725463271141,7.846508026123047,"[2.1249568462371826,2.081897258758545,2.02536940574646,1.5753509998321533,1.9312283992767334,1.904577612876892,1.8735435009002686,2.3825862407684326]","[1.6999677419662476,2.089556932449341,2.670879602432251,1.4623557329177856,1.8598006963729858,1.8150273561477661,1.9517967700958252,1.8500694036483765]",seeds/cell-005-a5fde9563f2b/seed-6/checkpoint.pt,seeds/cell-005-a5fde9563f2b/seed-6/snapshots/step-000000.pt
1,replication-momentum-sgd-12seeds-v1,acac69fd0fb0eb72c223dcdbd380b2cff3f020d29c0cefc2e02ac2c1212afe00,cell-005-a5fde9563f2b,5,a5fde9563f2bb6363f7ddfb51033db3b7bdad44266119864d6218853389cae31,6,1,25,16,4,16,2,4,32,sgd,0.03,0.9,800,512,0.0,8192,0.7844860553741455,0.6832275390625,0.24594071507453918,0.20224407315254211,7.44397497177124,"[2.0922935009002686,2.067741632461548,1.93703031539917,1.5613765716552734,1.909656047821045,1.8976781368255615,1.874240756034851,2.389319658279419]","[1.7429720163345337,2.1182262897491455,2.7528791427612305,1.4789117574691772,1.8363299369812012,1.8619364500045776,1.9518026113510132,1.9753689765930176]",seeds/cell-005-a5fde9563f2b/seed-6/checkpoint.pt,seeds/cell-005-a5fde9563f2b/seed-6/snapshots/step-000025.pt
1,replication-momentum-sgd-12seeds-v1,acac69fd0fb0eb72c223dcdbd380b2cff3f020d29c0cefc2e02ac2c1212afe00,cell-005-a5fde9563f2b,5,a5fde9563f2bb6363f7ddfb51033db3b7bdad44266119864d6218853389cae31,6,2,50,16,4,16,2,4,32,sgd,0.03,0.9,800,512,0.0,8192,0.6720390319824219,0.7373046875,0.36428189277648926,0.356828510761261,7.197226047515869,"[2.071218729019165,2.2097718715667725,1.9295800924301147,1.5641647577285767,1.9035004377365112,1.8967422246932983,1.8768930435180664,2.3849284648895264]","[1.7215458154678345,2.2411959171295166,2.666290283203125,1.5025713443756104,1.8273279666900635,1.8600223064422607,1.9434398412704468,1.9743452072143555]",seeds/cell-005-a5fde9563f2b/seed-6/checkpoint.pt,seeds/cell-005-a5fde9563f2b/seed-6/snapshots/step-000050.pt
1,replication-momentum-sgd-12seeds-v1,acac69fd0fb0eb72c223dcdbd380b2cff3f020d29c0cefc2e02ac2c1212afe00,cell-005-a5fde9563f2b,5,a5fde9563f2bb6363f7ddfb51033db3b7bdad44266119864d6218853389cae31,6,3,100,16,4,16,2,4,32,sgd,0.03,0.9,800,512,0.0,8192,0.09160569310188293,0.97216796875,0.9254590272903442,0.9381825923919678,5.672293186187744,"[2.0530779361724854,3.596579074859619,2.024975061416626,1.5846385955810547,1.903781533241272,1.9037013053894043,1.8780356645584106,2.375676393508911]","[1.6493077278137207,2.743361711502075,2.579777479171753,1.4597108364105225,1.8122901916503906,1.8329719305038452,1.9374746084213257,1.9670461416244507]",seeds/cell-005-a5fde9563f2b/seed-6/checkpoint.pt,seeds/cell-005-a5fde9563f2b/seed-6/snapshots/step-000100.pt
1,replication-momentum-sgd-12seeds-v1,acac69fd0fb0eb72c223dcdbd380b2cff3f020d29c0cefc2e02ac2c1212afe00,cell-005-a5fde9563f2b,5,a5fde9563f2bb6363f7ddfb51033db3b7bdad44266119864d6218853389cae31,6,4,150,16,4,16,2,4,32,sgd,0.03,0.9,800,512,0.0,8192,0.003146492876112461,0.9998779296875,0.9987859129905701,1.0052986145019531,5.420102119445801,"[2.0384411811828613,4.086239814758301,2.030945062637329,1.5824273824691772,1.9029430150985718,1.9033035039901733,1.8787612915039062,2.3940203189849854]","[1.6183522939682007,3.001898765563965,2.5469539165496826,1.455129861831665,1.7871180772781372,1.8235443830490112,1.930834412574768,1.9610188007354736]",seeds/cell-005-a5fde9563f2b/seed-6/checkpoint.pt,seeds/cell-005-a5fde9563f2b/seed-6/snapshots/step-000150.pt
1,replication-momentum-sgd-12seeds-v1,acac69fd0fb0eb72c223dcdbd380b2cff3f020d29c0cefc2e02ac2c1212afe00,cell-005-a5fde9563f2b,5,a5fde9563f2bb6363f7ddfb51033db3b7bdad44266119864d6218853389cae31,6,5,200,16,4,16,2,4,32,sgd,0.03,0.9,800,512,0.0,8192,0.0008938253158703446,1.0,1.0006695985794067,1.004770278930664,5.390422821044922,"[2.036494255065918,4.131262302398682,2.0275909900665283,1.5819953680038452,1.9027578830718994,1.9028364419937134,1.8788663148880005,2.3938353061676025]","[1.6094928979873657,3.051687002182007,2.531205415725708,1.4545602798461914,1.7796967029571533,1.8215179443359375,1.9254207611083984,1.9440639019012451]",seeds/cell-005-a5fde9563f2b/seed-6/checkpoint.pt,seeds/cell-005-a5fde9563f2b/seed-6/snapshots/step-000200.pt
1,replication-momentum-sgd-12seeds-v1,acac69fd0fb0eb72c223dcdbd380b2cff3f020d29c0cefc2e02ac2c1212afe00,cell-005-a5fde9563f2b,5,a5fde9563f2bb6363f7ddfb51033db3b7bdad44266119864d6218853389cae31,6,6,300,16,4,16,2,4,32,sgd,0.03,0.9,800,512,0.0,8192,0.0007466652896255255,1.0,1.000470757484436,1.0074553489685059,5.367175579071045,"[2.03450083732605,4.162866592407227,2.0251893997192383,1.581382393836975,1.902482509613037,1.9024996757507324,1.8790621757507324,2.3934240341186523]","[1.601418375968933,3.0887327194213867,2.5219461917877197,1.4537338018417358,1.7726668119430542,1.8196470737457275,1.91921865940094,1.9253710508346558]",seeds/cell-005-a5fde9563f2b/seed-6/checkpoint.pt,seeds/cell-005-a5fde9563f2b/seed-6/snapshots/step-000300.pt
1,replication-momentum-sgd-12seeds-v1,acac69fd0fb0eb72c223dcdbd380b2cff3f020d29c0cefc2e02ac2c1212afe00,cell-005-a5fde9563f2b,5,a5fde9563f2bb6363f7ddfb51033db3b7bdad44266119864d6218853389cae31,6,7,400,16,4,16,2,4,32,sgd,0.03,0.9,800,512,0.0,8192,0.0003796170640271157,1.0,0.9998185634613037,1.0039992332458496,5.3540730476379395,"[2.0330514907836914,4.183218955993652,2.0228354930877686,1.5808542966842651,1.902348279953003,1.9023329019546509,1.8791052103042603,2.393220901489258]","[1.5962474346160889,3.1167032718658447,2.5142786502838135,1.4531084299087524,1.7688267230987549,1.8186887502670288,1.9151426553726196,1.912689447402954]",seeds/cell-005-a5fde9563f2b/seed-6/checkpoint.pt,seeds/cell-005-a5fde9563f2b/seed-6/snapshots/step-000400.pt
1,replication-momentum-sgd-12seeds-v1,acac69fd0fb0eb72c223dcdbd380b2cff3f020d29c0cefc2e02ac2c1212afe00,cell-005-a5fde9563f2b,5,a5fde9563f2bb6363f7ddfb51033db3b7bdad44266119864d6218853389cae31,6,8,500,16,4,16,2,4,32,sgd,0.03,0.9,800,512,0.0,8192,0.00028309578192420304,1.0,1.0007860660552979,1.0056984424591064,5.346647262573242,"[2.0320639610290527,4.191305160522461,2.021010637283325,1.5805957317352295,1.9022235870361328,1.9022340774536133,1.8792343139648438,2.393158435821533]","[1.5925558805465698,3.1353354454040527,2.5087497234344482,1.4527044296264648,1.7661590576171875,1.8181079626083374,1.9126375913619995,1.9028406143188477]",seeds/cell-005-a5fde9563f2b/seed-6/checkpoint.pt,seeds/cell-005-a5fde9563f2b/seed-6/snapshots/step-000500.pt
1,replication-momentum-sgd-12seeds-v1,acac69fd0fb0eb72c223dcdbd380b2cff3f020d29c0cefc2e02ac2c1212afe00,cell-005-a5fde9563f2b,5,a5fde9563f2bb6363f7ddfb51033db3b7bdad44266119864d6218853389cae31,6,9,600,16,4,16,2,4,32,sgd,0.03,0.9,800,512,0.0,8192,0.00023925438290461898,1.0,0.9992250800132751,1.004148244857788,5.342249870300293,"[2.0312719345092773,4.196970462799072,2.0194382667541504,1.58039128780365,1.9021419286727905,1.9021481275558472,1.879347562789917,2.3932535648345947]","[1.589821457862854,3.1499269008636475,2.5044384002685547,1.4523402452468872,1.7641717195510864,1.817673683166504,1.910651683807373,1.8949631452560425]",seeds/cell-005-a5fde9563f2b/seed-6/checkpoint.pt,seeds/cell-005-a5fde9563f2b/seed-6/snapshots/step-000600.pt
1,replication-momentum-sgd-12seeds-v1,acac69fd0fb0eb72c223dcdbd380b2cff3f020d29c0cefc2e02ac2c1212afe00,cell-005-a5fde9563f2b,5,a5fde9563f2bb6363f7ddfb51033db3b7bdad44266119864d6218853389cae31,6,10,800,16,4,16,2,4,32,sgd,0.03,0.9,800,512,0.0,8192,0.00018163019558414817,1.0,0.9989886283874512,1.0040836334228516,5.334108352661133,"[2.029966115951538,4.206707954406738,2.017024040222168,1.5800120830535889,1.9019639492034912,1.9020124673843384,1.8795415163040161,2.393568277359009]","[1.5854558944702148,3.1736655235290527,2.4978625774383545,1.4516069889068604,1.761033296585083,1.8170368671417236,1.907679796218872,1.882193922996521]",seeds/cell-005-a5fde9563f2b/seed-6/checkpoint.pt,seeds/cell-005-a5fde9563f2b/seed-6/snapshots/step-000800.pt
1,replication-momentum-sgd-12seeds-v1,acac69fd0fb0eb72c223dcdbd380b2cff3f020d29c0cefc2e02ac2c1212afe00,cell-005-a5fde9563f2b,5,a5fde9563f2bb6363f7ddfb51033db3b7bdad44266119864d6218853389cae31,7,0,0,16,4,16,2,4,32,sgd,0.03,0.9,800,512,0.0,8192,1.112382173538208,0.522216796875,0.022260045632719994,0.00480349175632,7.592530250549316,"[1.8036431074142456,1.5946412086486816,1.4592015743255615,2.701979160308838,1.7791852951049805,1.674347996711731,2.3228607177734375,1.551985740661621]","[2.1529171466827393,2.0364561080932617,1.6562029123306274,2.3629302978515625,1.4664570093154907,1.844793677330017,1.97697114944458,1.829675316810608]",seeds/cell-005-a5fde9563f2b/seed-7/checkpoint.pt,seeds/cell-005-a5fde9563f2b/seed-7/snapshots/step-000000.pt
1,replication-momentum-sgd-12seeds-v1,acac69fd0fb0eb72c223dcdbd380b2cff3f020d29c0cefc2e02ac2c1212afe00,cell-005-a5fde9563f2b,5,a5fde9563f2bb6363f7ddfb51033db3b7bdad44266119864d6218853389cae31,7,1,25,16,4,16,2,4,32,sgd,0.03,0.9,800,512,0.0,8192,0.7837584614753723,0.685302734375,0.2409859001636505,0.2099560797214508,7.484510898590088,"[1.7457153797149658,1.5896201133728027,1.4553505182266235,2.629647970199585,1.778038740158081,1.678943395614624,2.315992832183838,1.5564212799072266]","[2.50895357131958,2.139909505844116,1.833619475364685,2.5841619968414307,1.4826219081878662,1.818257212638855,1.8771275281906128,1.9175055027008057]",seeds/cell-005-a5fde9563f2b/seed-7/checkpoint.pt,seeds/cell-005-a5fde9563f2b/seed-7/snapshots/step-000025.pt
1,replication-momentum-sgd-12seeds-v1,acac69fd0fb0eb72c223dcdbd380b2cff3f020d29c0cefc2e02ac2c1212afe00,cell-005-a5fde9563f2b,5,a5fde9563f2bb6363f7ddfb51033db3b7bdad44266119864d6218853389cae31,7,2,50,16,4,16,2,4,32,sgd,0.03,0.9,800,512,0.0,8192,0.6843472719192505,0.7445068359375,0.32096531987190247,0.29132580757141113,7.079736232757568,"[1.744873046875,1.582811951637268,1.4620267152786255,2.715909957885742,1.7773464918136597,1.6791704893112183,2.3166446685791016,1.549023151397705]","[2.569903612136841,2.1743812561035156,1.8543939590454102,2.702202081680298,1.4847749471664429,1.8142414093017578,1.874524712562561,1.9085030555725098]",seeds/cell-005-a5fde9563f2b/seed-7/checkpoint.pt,seeds/cell-005-a5fde9563f2b/seed-7/snapshots/step-000050.pt
1,replication-momentum-sgd-12seeds-v1,acac69fd0fb0eb72c223dcdbd380b2cff3f020d29c0cefc2e02ac2c1212afe00,cell-005-a5fde9563f2b,5,a5fde9563f2bb6363f7ddfb51033db3b7bdad44266119864d6218853389cae31,7,3,100,16,4,16,2,4,32,sgd,0.03,0.9,800,512,0.0,8192,0.07586967945098877,0.9803466796875,0.9351809024810791,0.9440431594848633,5.7879638671875,"[1.9179975986480713,1.5924041271209717,1.5239973068237305,3.8329968452453613,1.7770568132400513,1.6733424663543701,2.3096354007720947,1.5502004623413086]","[2.526665687561035,2.118489980697632,1.7006959915161133,3.440742254257202,1.4849834442138672,1.8121896982192993,1.9028558731079102,1.7532120943069458]",seeds/cell-005-a5fde9563f2b/seed-7/checkpoint.pt,seeds/cell-005-a5fde9563f2b/seed-7/snapshots/step-000100.pt
1,replication-momentum-sgd-12seeds-v1,acac69fd0fb0eb72c223dcdbd380b2cff3f020d29c0cefc2e02ac2c1212afe00,cell-005-a5fde9563f2b,5,a5fde9563f2bb6363f7ddfb51033db3b7bdad44266119864d6218853389cae31,7,4,150,16,4,16,2,4,32,sgd,0.03,0.9,800,512,0.0,8192,0.004283228889107704,0.999755859375,0.985248327255249,0.989385187625885,5.506791591644287,"[1.9106711149215698,1.5862451791763306,1.5303540229797363,4.331335067749023,1.7773778438568115,1.674459457397461,2.317347526550293,1.5541391372680664]","[2.4383087158203125,2.0892598628997803,1.6502838134765625,3.9142751693725586,1.4724162817001343,1.812804102897644,1.8631595373153687,1.743966817855835]",seeds/cell-005-a5fde9563f2b/seed-7/checkpoint.pt,seeds/cell-005-a5fde9563f2b/seed-7/snapshots/step-000150.pt
1,replication-momentum-sgd-12seeds-v1,acac69fd0fb0eb72c223dcdbd380b2cff3f020d29c0cefc2e02ac2c1212afe00,cell-005-a5fde9563f2b,5,a5fde9563f2bb6363f7ddfb51033db3b7bdad44266119864d6218853389cae31,7,5,200,16,4,16,2,4,32,sgd,0.03,0.9,800,512,0.0,8192,0.001354058156721294,1.0,1.001394510269165,1.0049021244049072,5.454001426696777,"[1.906606674194336,1.5820159912109375,1.529181957244873,4.408977508544922,1.777335524559021,1.6754034757614136,2.3203928470611572,1.5539463758468628]","[2.406116008758545,2.0810911655426025,1.6393132209777832,4.033740043640137,1.4667236804962158,1.811574101448059,1.8575196266174316,1.743475317955017]",seeds/cell-005-a5fde9563f2b/seed-7/checkpoint.pt,seeds/cell-005-a5fde9563f2b/seed-7/snapshots/step-000200.pt
1,replication-momentum-sgd-12seeds-v1,acac69fd0fb0eb72c223dcdbd380b2cff3f020d29c0cefc2e02ac2c1212afe00,cell-005-a5fde9563f2b,5,a5fde9563f2bb6363f7ddfb51033db3b7bdad44266119864d6218853389cae31,7,6,300,16,4,16,2,4,32,sgd,0.03,0.9,800,512,0.0,8192,0.0006678795907646418,1.0,0.9988139271736145,1.0028871297836304,5.428366184234619,"[1.9038501977920532,1.5780203342437744,1.5279923677444458,4.453171730041504,1.7772397994995117,1.6758513450622559,2.321932315826416,1.5528759956359863]","[2.382941484451294,2.0718722343444824,1.6318304538726807,4.131393909454346,1.4626232385635376,1.8101567029953003,1.8570581674575806,1.742641806602478]",seeds/cell-005-a5fde9563f2b/seed-7/checkpoint.pt,seeds/cell-005-a5fde9563f2b/seed-7/snapshots/step-000300.pt
1,replication-momentum-sgd-12seeds-v1,acac69fd0fb0eb72c223dcdbd380b2cff3f020d29c0cefc2e02ac2c1212afe00,cell-005-a5fde9563f2b,5,a5fde9563f2bb6363f7ddfb51033db3b7bdad44266119864d6218853389cae31,7,7,400,16,4,16,2,4,32,sgd,0.03,0.9,800,512,0.0,8192,0.0004643852007575333,1.0,0.9999377727508545,1.0044353008270264,5.416388988494873,"[1.9021735191345215,1.5755248069763184,1.527417778968811,4.476438045501709,1.7771531343460083,1.6760859489440918,2.3228795528411865,1.5524755716323853]","[2.36826491355896,2.065717935562134,1.6277345418930054,4.192357540130615,1.4602782726287842,1.8094792366027832,1.8582820892333984,1.7424018383026123]",seeds/cell-005-a5fde9563f2b/seed-7/checkpoint.pt,seeds/cell-005-a5fde9563f2b/seed-7/snapshots/step-000400.pt
1,replication-momentum-sgd-12seeds-v1,acac69fd0fb0eb72c223dcdbd380b2cff3f020d29c0cefc2e02ac2c1212afe00,cell-005-a5fde9563f2b,5,a5fde9563f2bb6363f7ddfb51033db3b7bdad44266119864d6218853389cae31,7,8,500,16,4,16,2,4,32,sgd,0.03,0.9,800,512,0.0,8192,0.000359360477887094,1.0,0.9991248250007629,1.003767490386963,5.407155513763428,"[1.9010637998580933,1.5736497640609741,1.5269495248794556,4.4923200607299805,1.777066707611084,1.6762235164642334,2.3235507011413574,1.5522485971450806]","[2.357729196548462,2.0608203411102295,1.6247825622558594,4.238364219665527,1.4586232900619507,1.8090455532073975,1.8597198724746704,1.7424381971359253]",seeds/cell-005-a5fde9563f2b/seed-7/checkpoint.pt,seeds/cell-005-a5fde9563f2b/seed-7/snapshots/step-000500.pt
1,replication-momentum-sgd-12seeds-v1,acac69fd0fb0eb72c223dcdbd380b2cff3f020d29c0cefc2e02ac2c1212afe00,cell-005-a5fde9563f2b,5,a5fde9563f2bb6363f7ddfb51033db3b7bdad44266119864d6218853389cae31,7,9,600,16,4,16,2,4,32,sgd,0.03,0.9,800,512,0.0,8192,0.0002971832291223109,1.0,0.9988692998886108,1.003660798072815,5.400552749633789,"[1.900023102760315,1.572202205657959,1.5265705585479736,4.504644393920898,1.7770190238952637,1.676337480545044,2.324153184890747,1.5521137714385986]","[2.3488597869873047,2.056946277618408,1.6225378513336182,4.275475025177002,1.4574062824249268,1.808731198310852,1.8610113859176636,1.7425638437271118]",seeds/cell-005-a5fde9563f2b/seed-7/checkpoint.pt,seeds/cell-005-a5fde9563f2b/seed-7/snapshots/step-000600.pt
1,replication-momentum-sgd-12seeds-v1,acac69fd0fb0eb72c223dcdbd380b2cff3f020d29c0cefc2e02ac2c1212afe00,cell-005-a5fde9563f2b,5,a5fde9563f2bb6363f7ddfb51033db3b7bdad44266119864d6218853389cae31,7,10,800,16,4,16,2,4,32,sgd,0.03,0.9,800,512,0.0,8192,0.00022311086650006473,1.0,1.0010356903076172,1.0058715343475342,5.390479564666748,"[1.898207426071167,1.5699371099472046,1.5258944034576416,4.523864269256592,1.776909351348877,1.676448106765747,2.3251583576202393,1.5520923137664795]","[2.3347575664520264,2.050952672958374,1.6189697980880737,4.3350043296813965,1.4557123184204102,1.8083070516586304,1.8629854917526245,1.7430630922317505]",seeds/cell-005-a5fde9563f2b/seed-7/checkpoint.pt,seeds/cell-005-a5fde9563f2b/seed-7/snapshots/step-000800.pt
1,replication-momentum-sgd-12seeds-v1,acac69fd0fb0eb72c223dcdbd380b2cff3f020d29c0cefc2e02ac2c1212afe00,cell-005-a5fde9563f2b,5,a5fde9563f2bb6363f7ddfb51033db3b7bdad44266119864d6218853389cae31,8,0,0,16,4,16,2,4,32,sgd,0.03,0.9,800,512,0.0,8192,1.7626218795776367,0.4627685546875,-0.07826908677816391,-0.06002425029873848,8.444381713867188,"[1.8050200939178467,1.9699801206588745,2.1415300369262695,2.0291802883148193,2.243767261505127,2.004209518432617,2.1384458541870117,2.46335506439209]","[2.683530807495117,2.1831812858581543,1.7062265872955322,2.2061612606048584,1.937292218208313,1.7736295461654663,2.1146175861358643,1.823519229888916]",seeds/cell-005-a5fde9563f2b/seed-8/checkpoint.pt,seeds/cell-005-a5fde9563f2b/seed-8/snapshots/step-000000.pt
1,replication-momentum-sgd-12seeds-v1,acac69fd0fb0eb72c223dcdbd380b2cff3f020d29c0cefc2e02ac2c1212afe00,cell-005-a5fde9563f2b,5,a5fde9563f2bb6363f7ddfb51033db3b7bdad44266119864d6218853389cae31,8,1,25,16,4,16,2,4,32,sgd,0.03,0.9,800,512,0.0,8192,0.7158876657485962,0.7181396484375,0.26491400599479675,0.2558863162994385,8.132648468017578,"[1.8361223936080933,1.9751319885253906,2.172553062438965,2.041409969329834,2.240905523300171,2.0054705142974854,2.1347029209136963,2.4514660835266113]","[2.884368658065796,2.2819550037384033,1.7727994918823242,2.410057306289673,2.081289529800415,1.7759983539581299,2.2044334411621094,1.8712775707244873]",seeds/cell-005-a5fde9563f2b/seed-8/checkpoint.pt,seeds/cell-005-a5fde9563f2b/seed-8/snapshots/step-000025.pt
1,replication-momentum-sgd-12seeds-v1,acac69fd0fb0eb72c223dcdbd380b2cff3f020d29c0cefc2e02ac2c1212afe00,cell-005-a5fde9563f2b,5,a5fde9563f2bb6363f7ddfb51033db3b7bdad44266119864d6218853389cae31,8,2,50,16,4,16,2,4,32,sgd,0.03,0.9,800,512,0.0,8192,0.42711639404296875,0.85498046875,0.5793407559394836,0.6145755052566528,7.285465240478516,"[2.099855422973633,1.9832234382629395,2.1999263763427734,2.308121681213379,2.248547077178955,2.007767677307129,2.142496109008789,2.443704605102539]","[2.995443820953369,2.2851321697235107,1.8301596641540527,2.5253663063049316,2.1086525917053223,1.7776325941085815,2.1907365322113037,1.8786872625350952]",seeds/cell-005-a5fde9563f2b/seed-8/checkpoint.pt,seeds/cell-005-a5fde9563f2b/seed-8/snapshots/step-000050.pt
1,replication-momentum-sgd-12seeds-v1,acac69fd0fb0eb72c223dcdbd380b2cff3f020d29c0cefc2e02ac2c1212afe00,cell-005-a5fde9563f2b,5,a5fde9563f2bb6363f7ddfb51033db3b7bdad44266119864d6218853389cae31,8,3,100,16,4,16,2,4,32,sgd,0.03,0.9,800,512,0.0,8192,0.014044392853975296,0.9990234375,0.9861080646514893,1.000246286392212,6.665562152862549,"[2.4054954051971436,1.9123488664627075,2.225658893585205,3.1076321601867676,2.2469124794006348,2.010857343673706,2.151913642883301,2.4366238117218018]","[3.0475053787231445,2.1748046875,1.7893953323364258,3.0014841556549072,2.0976836681365967,1.772065281867981,2.1726746559143066,1.85941743850708]",seeds/cell-005-a5fde9563f2b/seed-8/checkpoint.pt,seeds/cell-005-a5fde9563f2b/seed-8/snapshots/step-000100.pt
1,replication-momentum-sgd-12seeds-v1,acac69fd0fb0eb72c223dcdbd380b2cff3f020d29c0cefc2e02ac2c1212afe00,cell-005-a5fde9563f2b,5,a5fde9563f2bb6363f7ddfb51033db3b7bdad44266119864d6218853389cae31,8,4,150,16,4,16,2,4,32,sgd,0.03,0.9,800,512,0.0,8192,0.002393214264884591,1.0,0.994453489780426,1.0092651844024658,6.580905437469482,"[2.4387805461883545,1.9010165929794312,2.217052936553955,3.272454023361206,2.2453765869140625,2.0110104084014893,2.150442123413086,2.434269905090332]","[3.038318157196045,2.1255908012390137,1.7454713582992554,3.174048662185669,2.0843307971954346,1.75894033908844,2.158437728881836,1.8545663356781006]",seeds/cell-005-a5fde9563f2b/seed-8/checkpoint.pt,seeds/cell-005-a5fde9563f2b/seed-8/snapshots/step-000150.pt
1,replication-momentum-sgd-12seeds-v1,acac69fd0fb0eb72c223dcdbd380b2cff3f020d29c0cefc2e02ac2c1212afe00,cell-005-a5fde9563f2b,5,a5fde9563f2bb6363f7ddfb51033db3b7bdad44266119864d6218853389cae31,8,5,200,16,4,16,2,4,32,sgd,0.03,0.9,800,512,0.0,8192,0.0013551716692745686,1.0,0.998895525932312,1.0146794319152832,6.554262161254883,"[2.4438095092773438,1.8973572254180908,2.2132270336151123,3.31066632270813,2.2446205615997314,2.010394334793091,2.1494295597076416,2.4335451126098633]","[3.0244479179382324,2.1093175411224365,1.7297974824905396,3.230429172515869,2.078519582748413,1.7525634765625,2.1523098945617676,1.852793574333191]",seeds/cell-005-a5fde9563f2b/seed-8/checkpoint.pt,seeds/cell-005-a5fde9563f2b/seed-8/snapshots/step-000200.pt
1,replication-momentum-sgd-12seeds-v1,acac69fd0fb0eb72c223dcdbd380b2cff3f020d29c0cefc2e02ac2c1212afe00,cell-005-a5fde9563f2b,5,a5fde9563f2bb6363f7ddfb51033db3b7bdad44266119864d6218853389cae31,8,6,300,16,4,16,2,4,32,sgd,0.03,0.9,800,512,0.0,8192,0.0009307890431955457,1.0,1.000077724456787,1.0149625539779663,6.518147945404053,"[2.448333263397217,1.8933063745498657,2.2102744579315186,3.3530590534210205,2.243724822998047,2.009347677230835,2.147844076156616,2.433002471923828]","[3.0092506408691406,2.0911059379577637,1.7157033681869507,3.2911295890808105,2.0722713470458984,1.7443491220474243,2.1448004245758057,1.851359248161316]",seeds/cell-005-a5fde9563f2b/seed-8/checkpoint.pt,seeds/cell-005-a5fde9563f2b/seed-8/snapshots/step-000300.pt
1,replication-momentum-sgd-12seeds-v1,acac69fd0fb0eb72c223dcdbd380b2cff3f020d29c0cefc2e02ac2c1212afe00,cell-005-a5fde9563f2b,5,a5fde9563f2bb6363f7ddfb51033db3b7bdad44266119864d6218853389cae31,8,7,400,16,4,16,2,4,32,sgd,0.03,0.9,800,512,0.0,8192,0.000552684476133436,1.0,1.0014147758483887,1.0146567821502686,6.499504089355469,"[2.45207142829895,1.8901984691619873,2.2088565826416016,3.377415657043457,2.24320387840271,2.008775472640991,2.146735191345215,2.4329986572265625]","[3.0006661415100098,2.078998327255249,1.7081727981567383,3.3296921253204346,2.0687825679779053,1.7390674352645874,2.1398720741271973,1.8504328727722168]",seeds/cell-005-a5fde9563f2b/seed-8/checkpoint.pt,seeds/cell-005-a5fde9563f2b/seed-8/snapshots/step-000400.pt
1,replication-momentum-sgd-12seeds-v1,acac69fd0fb0eb72c223dcdbd380b2cff3f020d29c0cefc2e02ac2c1212afe00,cell-005-a5fde9563f2b,5,a5fde9563f2bb6363f7ddfb51033db3b7bdad44266119864d6218853389cae31,8,8,500,16,4,16,2,4,32,sgd,0.03,0.9,800,512,0.0,8192,0.000430543499533087,1.0,0.9973393678665161,1.0107858180999756,6.4873046875,"[2.4545083045959473,1.888276219367981,2.2080442905426025,3.3915598392486572,2.242717742919922,2.0083506107330322,2.145887851715088,2.43300199508667]","[2.9948084354400635,2.0701851844787598,1.702776551246643,3.3561527729034424,2.066223621368408,1.7354047298431396,2.1363587379455566,1.8498317003250122]",seeds/cell-005-a5fde9563f2b/seed-8/checkpoint.pt,seeds/cell-005-a5fde9563f2b/seed-8/snapshots/step-000500.pt
1,replication-momentum-sgd-12seeds-v1,acac69fd0fb0eb72c223dcdbd380b2cff3f020d29c0cefc2e02ac2c1212afe00,cell-005-a5fde9563f2b,5,a5fde9563f2bb6363f7ddfb51033db3b7bdad44266119864d6218853389cae31,8,9,600,16,4,16,2,4,32,sgd,0.03,0.9,800,512,0.0,8192,0.00036415469367057085,1.0,1.003185749053955,1.0170550346374512,6.4776434898376465,"[2.456928014755249,1.8865245580673218,2.207324743270874,3.402799367904663,2.242340087890625,2.0080504417419434,2.14520525932312,2.433058023452759]","[2.9904439449310303,2.0627455711364746,1.699055790901184,3.377079963684082,2.064248561859131,1.732600450515747,2.1333584785461426,1.8494291305541992]",seeds/cell-005-a5fde9563f2b/seed-8/checkpoint.pt,seeds/cell-005-a5fde9563f2b/seed-8/snapshots/step-000600.pt
1,replication-momentum-sgd-12seeds-v1,acac69fd0fb0eb72c223dcdbd380b2cff3f020d29c0cefc2e02ac2c1212afe00,cell-005-a5fde9563f2b,5,a5fde9563f2bb6363f7ddfb51033db3b7bdad44266119864d6218853389cae31,8,10,800,16,4,16,2,4,32,sgd,0.03,0.9,800,512,0.0,8192,0.00026977312518283725,1.0,1.0022969245910645,1.015026569366455,6.461628437042236,"[2.4598388671875,1.8838483095169067,2.206129550933838,3.4196293354034424,2.241692543029785,2.007490873336792,2.1440885066986084,2.4331655502319336]","[2.9837448596954346,2.0509989261627197,1.6931369304656982,3.4096362590789795,2.0611748695373535,1.7282848358154297,2.1285839080810547,1.8491759300231934]",seeds/cell-005-a5fde9563f2b/seed-8/checkpoint.pt,seeds/cell-005-a5fde9563f2b/seed-8/snapshots/step-000800.pt
1,replication-momentum-sgd-12seeds-v1,acac69fd0fb0eb72c223dcdbd380b2cff3f020d29c0cefc2e02ac2c1212afe00,cell-005-a5fde9563f2b,5,a5fde9563f2bb6363f7ddfb51033db3b7bdad44266119864d6218853389cae31,9,0,0,16,4,16,2,4,32,sgd,0.03,0.9,800,512,0.0,8192,6.57435417175293,0.5076904296875,-0.05837992951273918,-0.043037377297878265,8.00259780883789,"[1.9281010627746582,2.01078462600708,2.6313107013702393,1.7903951406478882,1.557471513748169,2.1492576599121094,1.6785786151885986,2.0857315063476562]","[2.182889938354492,1.619157075881958,1.5796757936477661,1.999679446220398,1.9940731525421143,1.8912512063980103,2.045727252960205,2.133331537246704]",seeds/cell-005-a5fde9563f2b/seed-9/checkpoint.pt,seeds/cell-005-a5fde9563f2b/seed-9/snapshots/step-000000.pt
1,replication-momentum-sgd-12seeds-v1,acac69fd0fb0eb72c223dcdbd380b2cff3f020d29c0cefc2e02ac2c1212afe00,cell-005-a5fde9563f2b,5,a5fde9563f2bb6363f7ddfb51033db3b7bdad44266119864d6218853389cae31,9,1,25,16,4,16,2,4,32,sgd,0.03,0.9,800,512,0.0,8192,0.8602188229560852,0.664306640625,0.20047888159751892,0.1774837076663971,8.166068077087402,"[1.9003429412841797,2.120370388031006,2.6436281204223633,2.064988613128662,1.519037127494812,2.231889247894287,1.7178783416748047,2.0670664310455322]","[3.2189323902130127,2.3533525466918945,2.217193603515625,2.7586042881011963,2.3649191856384277,3.1173064708709717,2.737514019012451,2.4508883953094482]",seeds/cell-005-a5fde9563f2b/seed-9/checkpoint.pt,seeds/cell-005-a5fde9563f2b/seed-9/snapshots/step-000025.pt
1,replication-momentum-sgd-12seeds-v1,acac69fd0fb0eb72c223dcdbd380b2cff3f020d29c0cefc2e02ac2c1212afe00,cell-005-a5fde9563f2b,5,a5fde9563f2bb6363f7ddfb51033db3b7bdad44266119864d6218853389cae31,9,2,50,16,4,16,2,4,32,sgd,0.03,0.9,800,512,0.0,8192,0.8299834728240967,0.6849365234375,0.22975707054138184,0.2146023064851761,8.09897232055664,"[1.8617370128631592,2.0715034008026123,2.6398253440856934,2.077054023742676,1.5163105726242065,2.240931987762451,1.719221591949463,2.066572427749634]","[3.3813018798828125,2.589113235473633,2.3475990295410156,2.859586715698242,2.46264386177063,3.335578441619873,2.8843584060668945,2.5598599910736084]",seeds/cell-005-a5fde9563f2b/seed-9/checkpoint.pt,seeds/cell-005-a5fde9563f2b/seed-9/snapshots/step-000050.pt
1,replication-momentum-sgd-12seeds-v1,acac69fd0fb0eb72c223dcdbd380b2cff3f020d29c0cefc2e02ac2c1212afe00,cell-005-a5fde9563f2b,5,a5fde9563f2bb6363f7ddfb51033db3b7bdad44266119864d6218853389cae31,9,3,100,16,4,16,2,4,32,sgd,0.03,0.9,800,512,0.0,8192,0.7003160715103149,0.7371826171875,0.29974842071533203,0.3011809289455414,7.705817222595215,"[2.105985164642334,2.1138691902160645,2.6535863876342773,2.048635721206665,1.5146286487579346,2.2415590286254883,1.7137235403060913,2.066812038421631]","[3.5203723907470703,2.6976516246795654,2.3734519481658936,2.8274588584899902,2.4554526805877686,3.3214738368988037,2.8552606105804443,2.5858829021453857]",seeds/cell-005-a5fde9563f2b/seed-9/checkpoint.pt,seeds/cell-005-a5fde9563f2b/seed-9/snapshots/step-000100.pt
1,replication-momentum-sgd-12seeds-v1,acac69fd0fb0eb72c223dcdbd380b2cff3f020d29c0cefc2e02ac2c1212afe00,cell-005-a5fde9563f2b,5,a5fde9563f2bb6363f7ddfb51033db3b7bdad44266119864d6218853389cae31,9,4,150,16,4,16,2,4,32,sgd,0.03,0.9,800,512,0.0,8192,0.3121609389781952,0.9000244140625,0.7086261510848999,0.7504577040672302,6.093157768249512,"[3.272705316543579,2.6003615856170654,2.72458553314209,2.053466320037842,1.5176267623901367,2.23667049407959,1.7073932886123657,2.0485432147979736]","[3.9050168991088867,2.771233081817627,2.2521119117736816,2.733693838119507,2.408041000366211,3.259279251098633,2.786994457244873,2.674661636352539]",seeds/cell-005-a5fde9563f2b/seed-9/checkpoint.pt,seeds/cell-005-a5fde9563f2b/seed-9/snapshots/step-000150.pt
1,replication-momentum-sgd-12seeds-v1,acac69fd0fb0eb72c223dcdbd380b2cff3f020d29c0cefc2e02ac2c1212afe00,cell-005-a5fde9563f2b,5,a5fde9563f2bb6363f7ddfb51033db3b7bdad44266119864d6218853389cae31,9,5,200,16,4,16,2,4,32,sgd,0.03,0.9,800,512,0.0,8192,0.03721548616886139,0.994873046875,0.9594571590423584,0.9640092849731445,5.667047023773193,"[3.8374416828155518,2.870387554168701,2.7415881156921387,2.046396493911743,1.5186504125595093,2.221209764480591,1.7061060667037964,2.042100191116333]","[4.093764781951904,2.762279987335205,2.1490602493286133,2.6747519969940186,2.399068832397461,3.183394193649292,2.7387707233428955,2.6514194011688232]",seeds/cell-005-a5fde9563f2b/seed-9/checkpoint.pt,seeds/cell-005-a5fde9563f2b/seed-9/snapshots/step-000200.pt
1,replication-momentum-sgd-12seeds-v1,acac69fd0fb0eb72c223dcdbd380b2cff3f020d29c0cefc2e02ac2c1212afe00,cell-005-a5fde9563f2b,5,a5fde9563f2bb6363f7ddfb51033db3b7bdad44266119864d6218853389cae31,9,6,300,16,4,16,2,4,32,sgd,0.03,0.9,800,512,0.0,8192,0.0020695747807621956,1.0,0.9999806880950928,0.9985040426254272,5.5788254737854,"[4.201658725738525,2.9003567695617676,2.7382378578186035,2.047313928604126,1.5181403160095215,2.2177393436431885,1.7141529321670532,2.0507872104644775]","[4.321183681488037,2.6553728580474854,2.061554431915283,2.643117666244507,2.4059128761291504,3.114022970199585,2.6895575523376465,2.5881922245025635]",seeds/cell-005-a5fde9563f2b/seed-9/checkpoint.pt,seeds/cell-005-a5fde9563f2b/seed-9/snapshots/step-000300.pt
1,replication-momentum-sgd-12seeds-v1,acac69fd0fb0eb72c223dcdbd380b2cff3f020d29c0cefc2e02ac2c1212afe00,cell-005-a5fde9563f2b,5,a5fde9563f2bb6363f7ddfb51033db3b7bdad44266119864d6218853389cae31,9,7,400,16,4,16,2,4,32,sgd,0.03,0.9,800,512,0.0,8192,0.0011580908903852105,1.0,0.998918890953064,0.997421383857727,5.555048942565918,"[4.269144058227539,2.8991200923919678,2.7365081310272217,2.047157049179077,1.517539381980896,2.217799663543701,1.7171961069107056,2.0513408184051514]","[4.367652416229248,2.630136489868164,2.0437188148498535,2.6329712867736816,2.408538818359375,3.103710651397705,2.6808371543884277,2.5784223079681396]",seeds/cell-005-a5fde9563f2b/seed-9/checkpoint.pt,seeds/cell-005-a5fde9563f2b/seed-9/snapshots/step-000400.pt
1,replication-momentum-sgd-12seeds-v1,acac69fd0fb0eb72c223dcdbd380b2cff3f020d29c0cefc2e02ac2c1212afe00,cell-005-a5fde9563f2b,5,a5fde9563f2bb6363f7ddfb51033db3b7bdad44266119864d6218853389cae31,9,8,500,16,4,16,2,4,32,sgd,0.03,0.9,800,512,0.0,8192,0.0007040582713671029,1.0,1.001276969909668,0.9978660941123962,5.5406317710876465,"[4.304032802581787,2.8987088203430176,2.735015630722046,2.046888828277588,1.5171573162078857,2.217494010925293,1.7190243005752563,2.0515851974487305]","[4.395707607269287,2.6148176193237305,2.0337443351745605,2.625929832458496,2.4097743034362793,3.098513603210449,2.676635265350342,2.5745186805725098]",seeds/cell-005-a5fde9563f2b/seed-9/checkpoint.pt,seeds/cell-005-a5fde9563f2b/seed-9/snapshots/step-000500.pt
1,replication-momentum-sgd-12seeds-v1,acac69fd0fb0eb72c223dcdbd380b2cff3f020d29c0cefc2e02ac2c1212afe00,cell-005-a5fde9563f2b,5,a5fde9563f2bb6363f7ddfb51033db3b7bdad44266119864d6218853389cae31,9,9,600,16,4,16,2,4,32,sgd,0.03,0.9,800,512,0.0,8192,0.0005739454063586891,1.0,1.0017364025115967,0.9986613988876343,5.529277324676514,"[4.327975273132324,2.8978872299194336,2.733788013458252,2.0467305183410645,1.5167895555496216,2.217097282409668,1.7202026844024658,2.051675319671631]","[4.414868354797363,2.6025612354278564,2.0272395610809326,2.6216278076171875,2.410215139389038,3.095083236694336,2.6743922233581543,2.572500467300415]",seeds/cell-005-a5fde9563f2b/seed-9/checkpoint.pt,seeds/cell-005-a5fde9563f2b/seed-9/snapshots/step-000600.pt
1,replication-momentum-sgd-12seeds-v1,acac69fd0fb0eb72c223dcdbd380b2cff3f020d29c0cefc2e02ac2c1212afe00,cell-005-a5fde9563f2b,5,a5fde9563f2bb6363f7ddfb51033db3b7bdad44266119864d6218853389cae31,9,10,800,16,4,16,2,4,32,sgd,0.03,0.9,800,512,0.0,8192,0.00039103429298847914,1.0,1.002428412437439,0.9983163475990295,5.515950679779053,"[4.3547282218933105,2.897803783416748,2.7322869300842285,2.0456252098083496,1.516252875328064,2.216371536254883,1.7221956253051758,2.0517852306365967]","[4.438070297241211,2.58994722366333,2.0183799266815186,2.613389015197754,2.410778045654297,3.0902769565582275,2.6713953018188477,2.569859027862549]",seeds/cell-005-a5fde9563f2b/seed-9/checkpoint.pt,seeds/cell-005-a5fde9563f2b/seed-9/snapshots/step-000800.pt
1,replication-momentum-sgd-12seeds-v1,acac69fd0fb0eb72c223dcdbd380b2cff3f020d29c0cefc2e02ac2c1212afe00,cell-005-a5fde9563f2b,5,a5fde9563f2bb6363f7ddfb51033db3b7bdad44266119864d6218853389cae31,10,0,0,16,4,16,2,4,32,sgd,0.03,0.9,800,512,0.0,8192,1.2445788383483887,0.4869384765625,-0.0022484250366687775,-0.005294788628816605,8.41893482208252,"[1.9029302597045898,2.3507750034332275,1.5444960594177246,1.6267647743225098,2.0084826946258545,1.8563804626464844,1.9801894426345825,2.025932788848877]","[1.836039423942566,2.1324825286865234,1.7768759727478027,2.135258913040161,2.1703734397888184,1.450089931488037,2.068794012069702,1.9536375999450684]",seeds/cell-005-a5fde9563f2b/seed-10/checkpoint.pt,seeds/cell-005-a5fde9563f2b/seed-10/snapshots/step-000000.pt
1,replication-momentum-sgd-12seeds-v1,acac69fd0fb0eb72c223dcdbd380b2cff3f020d29c0cefc2e02ac2c1212afe00,cell-005-a5fde9563f2b,5,a5fde9563f2bb6363f7ddfb51033db3b7bdad44266119864d6218853389cae31,10,1,25,16,4,16,2,4,32,sgd,0.03,0.9,800,512,0.0,8192,0.7568944692611694,0.7001953125,0.24566473066806793,0.21040555834770203,8.353863716125488,"[1.9263520240783691,2.32704758644104,1.5444473028182983,1.6132705211639404,2.0095057487487793,1.860554575920105,1.9681713581085205,2.026278018951416]","[1.8160609006881714,2.2588584423065186,1.839992642402649,2.2113115787506104,2.1822586059570312,1.4494491815567017,2.1377460956573486,2.0041959285736084]",seeds/cell-005-a5fde9563f2b/seed-10/checkpoint.pt,seeds/cell-005-a5fde9563f2b/seed-10/snapshots/step-000025.pt
1,replication-momentum-sgd-12seeds-v1,acac69fd0fb0eb72c223dcdbd380b2cff3f020d29c0cefc2e02ac2c1212afe00,cell-005-a5fde9563f2b,5,a5fde9563f2bb6363f7ddfb51033db3b7bdad44266119864d6218853389cae31,10,2,50,16,4,16,2,4,32,sgd,0.03,0.9,800,512,0.0,8192,0.7191556692123413,0.7244873046875,0.3275960683822632,0.2982912063598633,8.091581344604492,"[1.9311689138412476,2.365203619003296,1.6311230659484863,1.6209769248962402,2.000335216522217,1.880095362663269,1.9660708904266357,2.082618236541748]","[1.814797282218933,2.2647433280944824,1.938276767730713,2.2306106090545654,2.177569627761841,1.462154746055603,2.1602706909179688,2.0296952724456787]",seeds/cell-005-a5fde9563f2b/seed-10/checkpoint.pt,seeds/cell-005-a5fde9563f2b/seed-10/snapshots/step-000050.pt
1,replication-momentum-sgd-12seeds-v1,acac69fd0fb0eb72c223dcdbd380b2cff3f020d29c0cefc2e02ac2c1212afe00,cell-005-a5fde9563f2b,5,a5fde9563f2bb6363f7ddfb51033db3b7bdad44266119864d6218853389cae31,10,3,100,16,4,16,2,4,32,sgd,0.03,0.9,800,512,0.0,8192,0.2923983633518219,0.8994140625,0.7255335450172424,0.705933690071106,7.12300968170166,"[2.0043652057647705,2.676887273788452,2.000494956970215,1.8256727457046509,2.0000362396240234,1.928121566772461,1.9660310745239258,2.211972951889038]","[1.7812089920043945,2.331192970275879,2.049652338027954,2.1671571731567383,2.154358386993408,1.4623397588729858,2.141082286834717,2.047823429107666]",seeds/cell-005-a5fde9563f2b/seed-10/checkpoint.pt,seeds/cell-005-a5fde9563f2b/seed-10/snapshots/step-000100.pt
1,replication-momentum-sgd-12seeds-v1,acac69fd0fb0eb72c223dcdbd380b2cff3f020d29c0cefc2e02ac2c1212afe00,cell-005-a5fde9563f2b,5,a5fde9563f2bb6363f7ddfb51033db3b7bdad44266119864d6218853389cae31,10,4,150,16,4,16,2,4,32,sgd,0.03,0.9,800,512,0.0,8192,0.042512062937021255,0.9896240234375,0.97281813621521,0.9514297842979431,6.9462175369262695,"[2.012218713760376,2.9810211658477783,2.2677412033081055,2.144080400466919,2.0160534381866455,1.920828938484192,1.9619431495666504,2.412895917892456]","[1.7398111820220947,2.246030569076538,2.0134270191192627,2.20155668258667,2.1509389877319336,1.4739350080490112,2.061396598815918,2.2191572189331055]",seeds/cell-005-a5fde9563f2b/seed-10/checkpoint.pt,seeds/cell-005-a5fde9563f2b/seed-10/snapshots/step-000150.pt
1,replication-momentum-sgd-12seeds-v1,acac69fd0fb0eb72c223dcdbd380b2cff3f020d29c0cefc2e02ac2c1212afe00,cell-005-a5fde9563f2b,5,a5fde9563f2bb6363f7ddfb51033db3b7bdad44266119864d6218853389cae31,10,5,200,16,4,16,2,4,32,sgd,0.03,0.9,800,512,0.0,8192,0.0036973399110138416,0.99951171875,0.9949390888214111,0.9811262488365173,7.013123512268066,"[1.9930469989776611,3.1047537326812744,2.3620920181274414,2.316088914871216,2.0182950496673584,1.9172065258026123,1.9596354961395264,2.4918408393859863]","[1.6955093145370483,2.2303171157836914,1.984193205833435,2.2246110439300537,2.1342737674713135,1.478284239768982,2.033869504928589,2.3487837314605713]",seeds/cell-005-a5fde9563f2b/seed-10/checkpoint.pt,seeds/cell-005-a5fde9563f2b/seed-10/snapshots/step-000200.pt
1,replication-momentum-sgd-12seeds-v1,acac69fd0fb0eb72c223dcdbd380b2cff3f020d29c0cefc2e02ac2c1212afe00,cell-005-a5fde9563f2b,5,a5fde9563f2bb6363f7ddfb51033db3b7bdad44266119864d6218853389cae31,10,6,300,16,4,16,2,4,32,sgd,0.03,0.9,800,512,0.0,8192,0.000691103283315897,1.0,0.9989242553710938,0.9863026142120361,7.026576519012451,"[1.9885631799697876,3.1469948291778564,2.372954845428467,2.379432439804077,2.0169973373413086,1.9170376062393188,1.9578741788864136,2.5109755992889404]","[1.6817408800125122,2.214383363723755,1.9721277952194214,2.2365448474884033,2.121865749359131,1.4794799089431763,2.0216333866119385,2.4355344772338867]",seeds/cell-005-a5fde9563f2b/seed-10/checkpoint.pt,seeds/cell-005-a5fde9563f2b/seed-10/snapshots/step-000300.pt
1,replication-momentum-sgd-12seeds-v1,acac69fd0fb0eb72c223dcdbd380b2cff3f020d29c0cefc2e02ac2c1212afe00,cell-005-a5fde9563f2b,5,a5fde9563f2bb6363f7ddfb51033db3b7bdad44266119864d6218853389cae31,10,7,400,16,4,16,2,4,32,sgd,0.03,0.9,800,512,0.0,8192,0.000800418434664607,0.999755859375,0.9992706179618835,0.9873343110084534,7.033013343811035,"[1.9861739873886108,3.1484055519104004,2.3758955001831055,2.392519235610962,2.016380786895752,1.9171173572540283,1.9567774534225464,2.514551877975464]","[1.673819899559021,2.206458330154419,1.9770961999893188,2.2474794387817383,2.1161365509033203,1.4803012609481812,2.0170464515686035,2.4744174480438232]",seeds/cell-005-a5fde9563f2b/seed-10/checkpoint.pt,seeds/cell-005-a5fde9563f2b/seed-10/snapshots/step-000400.pt
1,replication-momentum-sgd-12seeds-v1,acac69fd0fb0eb72c223dcdbd380b2cff3f020d29c0cefc2e02ac2c1212afe00,cell-005-a5fde9563f2b,5,a5fde9563f2bb6363f7ddfb51033db3b7bdad44266119864d6218853389cae31,10,8,500,16,4,16,2,4,32,sgd,0.03,0.9,800,512,0.0,8192,0.00028658699011430144,1.0,0.9999092817306519,0.9901391863822937,7.028347969055176,"[1.9848803281784058,3.1548831462860107,2.393770217895508,2.4100747108459473,2.0161473751068115,1.9172959327697754,1.9560297727584839,2.5251264572143555]","[1.6682064533233643,2.194554328918457,1.9757580757141113,2.245526075363159,2.111469030380249,1.4808155298233032,2.012922525405884,2.505587577819824]",seeds/cell-005-a5fde9563f2b/seed-10/checkpoint.pt,seeds/cell-005-a5fde9563f2b/seed-10/snapshots/step-000500.pt
1,replication-momentum-sgd-12seeds-v1,acac69fd0fb0eb72c223dcdbd380b2cff3f020d29c0cefc2e02ac2c1212afe00,cell-005-a5fde9563f2b,5,a5fde9563f2bb6363f7ddfb51033db3b7bdad44266119864d6218853389cae31,10,9,600,16,4,16,2,4,32,sgd,0.03,0.9,800,512,0.0,8192,0.00026212696684524417,1.0,1.001556634902954,0.9931040406227112,7.0269455909729,"[1.9823389053344727,3.1608471870422363,2.3906304836273193,2.414419651031494,2.01581072807312,1.9175214767456055,1.9551753997802734,2.5245871543884277]","[1.6624712944030762,2.2017836570739746,1.9691566228866577,2.2398388385772705,2.1078996658325195,1.4813212156295776,2.009908676147461,2.5279667377471924]",seeds/cell-005-a5fde9563f2b/seed-10/checkpoint.pt,seeds/cell-005-a5fde9563f2b/seed-10/snapshots/step-000600.pt
1,replication-momentum-sgd-12seeds-v1,acac69fd0fb0eb72c223dcdbd380b2cff3f020d29c0cefc2e02ac2c1212afe00,cell-005-a5fde9563f2b,5,a5fde9563f2bb6363f7ddfb51033db3b7bdad44266119864d6218853389cae31,10,10,800,16,4,16,2,4,32,sgd,0.03,0.9,800,512,0.0,8192,0.00016066318494267762,1.0,1.0001500844955444,0.9898781776428223,7.023608684539795,"[1.978325366973877,3.172471046447754,2.3941895961761475,2.431457757949829,2.015474319458008,1.9177323579788208,1.9542152881622314,2.528639554977417]","[1.656093716621399,2.2054100036621094,1.9546860456466675,2.256150722503662,2.1026687622070312,1.4816009998321533,2.0054006576538086,2.5621023178100586]",seeds/cell-005-a5fde9563f2b/seed-10/checkpoint.pt,seeds/cell-005-a5fde9563f2b/seed-10/snapshots/step-000800.pt
1,replication-momentum-sgd-12seeds-v1,acac69fd0fb0eb72c223dcdbd380b2cff3f020d29c0cefc2e02ac2c1212afe00,cell-005-a5fde9563f2b,5,a5fde9563f2bb6363f7ddfb51033db3b7bdad44266119864d6218853389cae31,11,0,0,16,4,16,2,4,32,sgd,0.03,0.9,800,512,0.0,8192,4.329913139343262,0.4952392578125,0.07957108318805695,0.09203063696622849,8.081852912902832,"[2.5716452598571777,1.8581596612930298,2.445060968399048,2.001173496246338,1.93448805809021,1.9247667789459229,1.5538266897201538,2.1317145824432373]","[1.671830177307129,2.082683801651001,1.8841376304626465,1.8208914995193481,2.1248178482055664,2.348872184753418,1.8298648595809937,1.7509773969650269]",seeds/cell-005-a5fde9563f2b/seed-11/checkpoint.pt,seeds/cell-005-a5fde9563f2b/seed-11/snapshots/step-000000.pt
1,replication-momentum-sgd-12seeds-v1,acac69fd0fb0eb72c223dcdbd380b2cff3f020d29c0cefc2e02ac2c1212afe00,cell-005-a5fde9563f2b,5,a5fde9563f2bb6363f7ddfb51033db3b7bdad44266119864d6218853389cae31,11,1,25,16,4,16,2,4,32,sgd,0.03,0.9,800,512,0.0,8192,0.8285305500030518,0.6697998046875,0.12565653026103973,0.12081865221261978,8.219970703125,"[2.6252262592315674,1.9132500886917114,2.4538605213165283,2.15352201461792,1.974024772644043,1.941872477531433,1.519883155822754,2.204789638519287]","[2.3791937828063965,2.8143773078918457,2.6870784759521484,3.1229653358459473,3.4413580894470215,2.860640287399292,2.8301432132720947,2.513633966445923]",seeds/cell-005-a5fde9563f2b/seed-11/checkpoint.pt,seeds/cell-005-a5fde9563f2b/seed-11/snapshots/step-000025.pt
1,replication-momentum-sgd-12seeds-v1,acac69fd0fb0eb72c223dcdbd380b2cff3f020d29c0cefc2e02ac2c1212afe00,cell-005-a5fde9563f2b,5,a5fde9563f2bb6363f7ddfb51033db3b7bdad44266119864d6218853389cae31,11,2,50,16,4,16,2,4,32,sgd,0.03,0.9,800,512,0.0,8192,0.7406770586967468,0.703369140625,0.23629987239837646,0.22629648447036743,8.07414436340332,"[2.619802236557007,1.8913697004318237,2.4338395595550537,2.0598628520965576,1.9778591394424438,1.9436004161834717,1.5183625221252441,2.209195375442505]","[2.4696526527404785,3.0853402614593506,2.922450304031372,3.2702207565307617,3.582127332687378,2.9383652210235596,2.915452003479004,2.611029863357544]",seeds/cell-005-a5fde9563f2b/seed-11/checkpoint.pt,seeds/cell-005-a5fde9563f2b/seed-11/snapshots/step-000050.pt
1,replication-momentum-sgd-12seeds-v1,acac69fd0fb0eb72c223dcdbd380b2cff3f020d29c0cefc2e02ac2c1212afe00,cell-005-a5fde9563f2b,5,a5fde9563f2bb6363f7ddfb51033db3b7bdad44266119864d6218853389cae31,11,3,100,16,4,16,2,4,32,sgd,0.03,0.9,800,512,0.0,8192,0.5973976850509644,0.779296875,0.4131143093109131,0.4010801315307617,6.9979047775268555,"[2.633603811264038,2.157890796661377,2.7299458980560303,2.1640100479125977,1.9771696329116821,1.9434223175048828,1.5184143781661987,2.2069103717803955]","[2.350961208343506,3.1485493183135986,3.0498812198638916,3.2642102241516113,3.5717122554779053,2.928553581237793,2.9033966064453125,2.604116916656494]",seeds/cell-005-a5fde9563f2b/seed-11/checkpoint.pt,seeds/cell-005-a5fde9563f2b/seed-11/snapshots/step-000100.pt
1,replication-momentum-sgd-12seeds-v1,acac69fd0fb0eb72c223dcdbd380b2cff3f020d29c0cefc2e02ac2c1212afe00,cell-005-a5fde9563f2b,5,a5fde9563f2bb6363f7ddfb51033db3b7bdad44266119864d6218853389cae31,11,4,150,16,4,16,2,4,32,sgd,0.03,0.9,800,512,0.0,8192,0.1306658387184143,0.9697265625,0.8773835897445679,0.8959451913833618,5.88859224319458,"[2.6286427974700928,3.07474946975708,3.4328088760375977,2.4325592517852783,1.9609909057617188,1.9427253007888794,1.5202804803848267,2.2058584690093994]","[2.2602195739746094,3.485651731491089,3.0080325603485107,3.061915397644043,3.6152350902557373,2.90389084815979,2.8829965591430664,2.619492769241333]",seeds/cell-005-a5fde9563f2b/seed-11/checkpoint.pt,seeds/cell-005-a5fde9563f2b/seed-11/snapshots/step-000150.pt
1,replication-momentum-sgd-12seeds-v1,acac69fd0fb0eb72c223dcdbd380b2cff3f020d29c0cefc2e02ac2c1212afe00,cell-005-a5fde9563f2b,5,a5fde9563f2bb6363f7ddfb51033db3b7bdad44266119864d6218853389cae31,11,5,200,16,4,16,2,4,32,sgd,0.03,0.9,800,512,0.0,8192,0.016861319541931152,0.9990234375,0.979962944984436,0.9825048446655273,5.884411811828613,"[2.6181695461273193,3.488718271255493,3.663982391357422,2.456204414367676,1.9507091045379639,1.9380486011505127,1.5191601514816284,2.2104320526123047]","[2.211245536804199,3.7281787395477295,3.1145100593566895,2.6287858486175537,3.5814883708953857,2.860239267349243,2.8909473419189453,2.6352908611297607]",seeds/cell-005-a5fde9563f2b/seed-11/checkpoint.pt,seeds/cell-005-a5fde9563f2b/seed-11/snapshots/step-000200.pt
1,replication-momentum-sgd-12seeds-v1,acac69fd0fb0eb72c223dcdbd380b2cff3f020d29c0cefc2e02ac2c1212afe00,cell-005-a5fde9563f2b,5,a5fde9563f2bb6363f7ddfb51033db3b7bdad44266119864d6218853389cae31,11,6,300,16,4,16,2,4,32,sgd,0.03,0.9,800,512,0.0,8192,0.0030165270436555147,1.0,0.99590003490448,0.9927250146865845,5.8628926277160645,"[2.609894037246704,3.676196575164795,3.769150733947754,2.4387500286102295,1.9524590969085693,1.9361623525619507,1.5183466672897339,2.2165348529815674]","[2.1872239112854004,3.843313217163086,3.2189009189605713,2.3890249729156494,3.5396811962127686,2.8115880489349365,2.8792800903320312,2.6300113201141357]",seeds/cell-005-a5fde9563f2b/seed-11/checkpoint.pt,seeds/cell-005-a5fde9563f2b/seed-11/snapshots/step-000300.pt
1,replication-momentum-sgd-12seeds-v1,acac69fd0fb0eb72c223dcdbd380b2cff3f020d29c0cefc2e02ac2c1212afe00,cell-005-a5fde9563f2b,5,a5fde9563f2bb6363f7ddfb51033db3b7bdad44266119864d6218853389cae31,11,7,400,16,4,16,2,4,32,sgd,0.03,0.9,800,512,0.0,8192,0.0016560638323426247,1.0,1.0003395080566406,0.9965688586235046,5.840845108032227,"[2.604098081588745,3.7307465076446533,3.803382158279419,2.4303178787231445,1.9537875652313232,1.9353469610214233,1.5178446769714355,2.2217116355895996]","[2.1777307987213135,3.8764452934265137,3.2542617321014404,2.30781626701355,3.515727996826172,2.794853448867798,2.871734380722046,2.6233553886413574]",seeds/cell-005-a5fde9563f2b/seed-11/checkpoint.pt,seeds/cell-005-a5fde9563f2b/seed-11/snapshots/step-000400.pt
1,replication-momentum-sgd-12seeds-v1,acac69fd0fb0eb72c223dcdbd380b2cff3f020d29c0cefc2e02ac2c1212afe00,cell-005-a5fde9563f2b,5,a5fde9563f2bb6363f7ddfb51033db3b7bdad44266119864d6218853389cae31,11,8,500,16,4,16,2,4,32,sgd,0.03,0.9,800,512,0.0,8192,0.0011655348353087902,1.0,0.9965702891349792,0.9930791854858398,5.829420566558838,"[2.6000354290008545,3.761215925216675,3.8227391242980957,2.4252381324768066,1.9550575017929077,1.9347448348999023,1.5175294876098633,2.2256064414978027]","[2.1712758541107178,3.893521547317505,3.2724850177764893,2.2623257637023926,3.499326467514038,2.786008596420288,2.867070198059082,2.618563175201416]",seeds/cell-005-a5fde9563f2b/seed-11/checkpoint.pt,seeds/cell-005-a5fde9563f2b/seed-11/snapshots/step-000500.pt
1,replication-momentum-sgd-12seeds-v1,acac69fd0fb0eb72c223dcdbd380b2cff3f020d29c0cefc2e02ac2c1212afe00,cell-005-a5fde9563f2b,5,a5fde9563f2bb6363f7ddfb51033db3b7bdad44266119864d6218853389cae31,11,9,600,16,4,16,2,4,32,sgd,0.03,0.9,800,512,0.0,8192,0.0009015706600621343,1.0,0.9992201328277588,0.9961990118026733,5.822188854217529,"[2.597182273864746,3.7823259830474854,3.8366239070892334,2.42138934135437,1.9561692476272583,1.9342684745788574,1.517290472984314,2.2288386821746826]","[2.1666066646575928,3.9026741981506348,3.2839696407318115,2.2314271926879883,3.487732172012329,2.7791974544525146,2.864029884338379,2.614511728286743]",seeds/cell-005-a5fde9563f2b/seed-11/checkpoint.pt,seeds/cell-005-a5fde9563f2b/seed-11/snapshots/step-000600.pt
1,replication-momentum-sgd-12seeds-v1,acac69fd0fb0eb72c223dcdbd380b2cff3f020d29c0cefc2e02ac2c1212afe00,cell-005-a5fde9563f2b,5,a5fde9563f2bb6363f7ddfb51033db3b7bdad44266119864d6218853389cae31,11,10,800,16,4,16,2,4,32,sgd,0.03,0.9,800,512,0.0,8192,0.0006205298705026507,1.0,0.9998976588249207,0.9965611696243286,5.810220241546631,"[2.593181848526001,3.815330743789673,3.8578829765319824,2.4157793521881104,1.958038330078125,1.9335013628005981,1.516948938369751,2.2335379123687744]","[2.1609137058258057,3.910907030105591,3.2992441654205322,2.184558391571045,3.4707226753234863,2.7694380283355713,2.860222101211548,2.6083266735076904]",seeds/cell-005-a5fde9563f2b/seed-11/checkpoint.pt,seeds/cell-005-a5fde9563f2b/seed-11/snapshots/step-000800.pt
1,replication-momentum-sgd-12seeds-v1,acac69fd0fb0eb72c223dcdbd380b2cff3f020d29c0cefc2e02ac2c1212afe00,cell-006-e6777e303cd8,6,e6777e303cd841ea1232366b101d070d7967b7be22a604201f5e551a15aae347,0,0,0,64,4,16,2,1,32,sgd,0.03,0.9,800,512,0.0,8192,1.7060561180114746,0.5565185546875,0.1410742551088333,0.07693853974342346,12.355873107910156,"[4.123597145080566,4.04725456237793]","[3.8916754722595215,3.8831567764282227]",seeds/cell-006-e6777e303cd8/seed-0/checkpoint.pt,seeds/cell-006-e6777e303cd8/seed-0/snapshots/step-000000.pt
1,replication-momentum-sgd-12seeds-v1,acac69fd0fb0eb72c223dcdbd380b2cff3f020d29c0cefc2e02ac2c1212afe00,cell-006-e6777e303cd8,6,e6777e303cd841ea1232366b101d070d7967b7be22a604201f5e551a15aae347,0,1,25,64,4,16,2,1,32,sgd,0.03,0.9,800,512,0.0,8192,0.8028961420059204,0.6787109375,0.18912631273269653,0.16708695888519287,12.378962516784668,"[4.130216598510742,4.0437188148498535]","[5.235351085662842,5.222618579864502]",seeds/cell-006-e6777e303cd8/seed-0/checkpoint.pt,seeds/cell-006-e6777e303cd8/seed-0/snapshots/step-000025.pt
1,replication-momentum-sgd-12seeds-v1,acac69fd0fb0eb72c223dcdbd380b2cff3f020d29c0cefc2e02ac2c1212afe00,cell-006-e6777e303cd8,6,e6777e303cd841ea1232366b101d070d7967b7be22a604201f5e551a15aae347,0,2,50,64,4,16,2,1,32,sgd,0.03,0.9,800,512,0.0,8192,0.7530097961425781,0.705810546875,0.2374466061592102,0.2144177258014679,12.363203048706055,"[4.006214141845703,4.032975673675537]","[5.351212024688721,5.497976303100586]",seeds/cell-006-e6777e303cd8/seed-0/checkpoint.pt,seeds/cell-006-e6777e303cd8/seed-0/snapshots/step-000050.pt
1,replication-momentum-sgd-12seeds-v1,acac69fd0fb0eb72c223dcdbd380b2cff3f020d29c0cefc2e02ac2c1212afe00,cell-006-e6777e303cd8,6,e6777e303cd841ea1232366b101d070d7967b7be22a604201f5e551a15aae347,0,3,100,64,4,16,2,1,32,sgd,0.03,0.9,800,512,0.0,8192,0.6597391366958618,0.7479248046875,0.32967090606689453,0.316907674074173,12.167564392089844,"[4.222531318664551,4.019052505493164]","[5.4555511474609375,5.464815616607666]",seeds/cell-006-e6777e303cd8/seed-0/checkpoint.pt,seeds/cell-006-e6777e303cd8/seed-0/snapshots/step-000100.pt
1,replication-momentum-sgd-12seeds-v1,acac69fd0fb0eb72c223dcdbd380b2cff3f020d29c0cefc2e02ac2c1212afe00,cell-006-e6777e303cd8,6,e6777e303cd841ea1232366b101d070d7967b7be22a604201f5e551a15aae347,0,4,150,64,4,16,2,1,32,sgd,0.03,0.9,800,512,0.0,8192,0.0862380787730217,0.9761962890625,0.9199965000152588,0.9176347255706787,11.324405670166016,"[5.803973197937012,4.08275032043457]","[5.737321376800537,5.314669132232666]",seeds/cell-006-e6777e303cd8/seed-0/checkpoint.pt,seeds/cell-006-e6777e303cd8/seed-0/snapshots/step-000150.pt
1,replication-momentum-sgd-12seeds-v1,acac69fd0fb0eb72c223dcdbd380b2cff3f020d29c0cefc2e02ac2c1212afe00,cell-006-e6777e303cd8,6,e6777e303cd841ea1232366b101d070d7967b7be22a604201f5e551a15aae347,0,5,200,64,4,16,2,1,32,sgd,0.03,0.9,800,512,0.0,8192,0.009332370012998581,0.9976806640625,0.9941458702087402,0.9939427375793457,11.201836585998535,"[6.094542026519775,4.081407070159912]","[5.889279842376709,5.317534446716309]",seeds/cell-006-e6777e303cd8/seed-0/checkpoint.pt,seeds/cell-006-e6777e303cd8/seed-0/snapshots/step-000200.pt
1,replication-momentum-sgd-12seeds-v1,acac69fd0fb0eb72c223dcdbd380b2cff3f020d29c0cefc2e02ac2c1212afe00,cell-006-e6777e303cd8,6,e6777e303cd841ea1232366b101d070d7967b7be22a604201f5e551a15aae347,0,6,300,64,4,16,2,1,32,sgd,0.03,0.9,800,512,0.0,8192,0.0030633914284408092,0.9993896484375,0.9998858571052551,0.9925843477249146,11.165380477905273,"[6.147066116333008,4.0817718505859375]","[5.995177745819092,5.309741497039795]",seeds/cell-006-e6777e303cd8/seed-0/checkpoint.pt,seeds/cell-006-e6777e303cd8/seed-0/snapshots/step-000300.pt
1,replication-momentum-sgd-12seeds-v1,acac69fd0fb0eb72c223dcdbd380b2cff3f020d29c0cefc2e02ac2c1212afe00,cell-006-e6777e303cd8,6,e6777e303cd841ea1232366b101d070d7967b7be22a604201f5e551a15aae347,0,7,400,64,4,16,2,1,32,sgd,0.03,0.9,800,512,0.0,8192,0.0012180963531136513,0.9998779296875,0.995892345905304,0.9858132600784302,11.13709545135498,"[6.195545196533203,4.082010269165039]","[6.052846431732178,5.302143573760986]",seeds/cell-006-e6777e303cd8/seed-0/checkpoint.pt,seeds/cell-006-e6777e303cd8/seed-0/snapshots/step-000400.pt
1,replication-momentum-sgd-12seeds-v1,acac69fd0fb0eb72c223dcdbd380b2cff3f020d29c0cefc2e02ac2c1212afe00,cell-006-e6777e303cd8,6,e6777e303cd841ea1232366b101d070d7967b7be22a604201f5e551a15aae347,0,8,500,64,4,16,2,1,32,sgd,0.03,0.9,800,512,0.0,8192,0.0006712550530210137,1.0,0.996853232383728,0.986618161201477,11.12832260131836,"[6.212666988372803,4.08200216293335]","[6.086860179901123,5.2978363037109375]",seeds/cell-006-e6777e303cd8/seed-0/checkpoint.pt,seeds/cell-006-e6777e303cd8/seed-0/snapshots/step-000500.pt
1,replication-momentum-sgd-12seeds-v1,acac69fd0fb0eb72c223dcdbd380b2cff3f020d29c0cefc2e02ac2c1212afe00,cell-006-e6777e303cd8,6,e6777e303cd841ea1232366b101d070d7967b7be22a604201f5e551a15aae347,0,9,600,64,4,16,2,1,32,sgd,0.03,0.9,800,512,0.0,8192,0.0005317903123795986,1.0,1.0001344680786133,0.9897677898406982,11.122081756591797,"[6.220048904418945,4.081538200378418]","[6.110657215118408,5.294191360473633]",seeds/cell-006-e6777e303cd8/seed-0/checkpoint.pt,seeds/cell-006-e6777e303cd8/seed-0/snapshots/step-000600.pt
1,replication-momentum-sgd-12seeds-v1,acac69fd0fb0eb72c223dcdbd380b2cff3f020d29c0cefc2e02ac2c1212afe00,cell-006-e6777e303cd8,6,e6777e303cd841ea1232366b101d070d7967b7be22a604201f5e551a15aae347,0,10,800,64,4,16,2,1,32,sgd,0.03,0.9,800,512,0.0,8192,0.0003761620610021055,1.0,1.0020420551300049,0.9901530742645264,11.112367630004883,"[6.235263347625732,4.080870628356934]","[6.146277904510498,5.288539886474609]",seeds/cell-006-e6777e303cd8/seed-0/checkpoint.pt,seeds/cell-006-e6777e303cd8/seed-0/snapshots/step-000800.pt
1,replication-momentum-sgd-12seeds-v1,acac69fd0fb0eb72c223dcdbd380b2cff3f020d29c0cefc2e02ac2c1212afe00,cell-006-e6777e303cd8,6,e6777e303cd841ea1232366b101d070d7967b7be22a604201f5e551a15aae347,1,0,0,64,4,16,2,1,32,sgd,0.03,0.9,800,512,0.0,8192,1.5526843070983887,0.540771484375,0.07336632162332535,0.038510411977767944,12.593384742736816,"[3.8308346271514893,4.283239364624023]","[4.444087982177734,4.23473596572876]",seeds/cell-006-e6777e303cd8/seed-1/checkpoint.pt,seeds/cell-006-e6777e303cd8/seed-1/snapshots/step-000000.pt
1,replication-momentum-sgd-12seeds-v1,acac69fd0fb0eb72c223dcdbd380b2cff3f020d29c0cefc2e02ac2c1212afe00,cell-006-e6777e303cd8,6,e6777e303cd841ea1232366b101d070d7967b7be22a604201f5e551a15aae347,1,1,25,64,4,16,2,1,32,sgd,0.03,0.9,800,512,0.0,8192,0.7718985676765442,0.693359375,0.2515769302845001,0.18298478424549103,12.662630081176758,"[3.7726879119873047,4.296700477600098]","[4.654040813446045,4.582226753234863]",seeds/cell-006-e6777e303cd8/seed-1/checkpoint.pt,seeds/cell-006-e6777e303cd8/seed-1/snapshots/step-000025.pt
1,replication-momentum-sgd-12seeds-v1,acac69fd0fb0eb72c223dcdbd380b2cff3f020d29c0cefc2e02ac2c1212afe00,cell-006-e6777e303cd8,6,e6777e303cd841ea1232366b101d070d7967b7be22a604201f5e551a15aae347,1,2,50,64,4,16,2,1,32,sgd,0.03,0.9,800,512,0.0,8192,0.735779881477356,0.7125244140625,0.24331513047218323,0.20210424065589905,12.69769287109375,"[3.7818820476531982,4.258083343505859]","[4.678758144378662,4.669344902038574]",seeds/cell-006-e6777e303cd8/seed-1/checkpoint.pt,seeds/cell-006-e6777e303cd8/seed-1/snapshots/step-000050.pt
1,replication-momentum-sgd-12seeds-v1,acac69fd0fb0eb72c223dcdbd380b2cff3f020d29c0cefc2e02ac2c1212afe00,cell-006-e6777e303cd8,6,e6777e303cd841ea1232366b101d070d7967b7be22a604201f5e551a15aae347,1,3,100,64,4,16,2,1,32,sgd,0.03,0.9,800,512,0.0,8192,0.4007476568222046,0.8638916015625,0.5728358030319214,0.5838621258735657,12.376555442810059,"[4.762152671813965,4.302742958068848]","[4.8718414306640625,4.635754585266113]",seeds/cell-006-e6777e303cd8/seed-1/checkpoint.pt,seeds/cell-006-e6777e303cd8/seed-1/snapshots/step-000100.pt
1,replication-momentum-sgd-12seeds-v1,acac69fd0fb0eb72c223dcdbd380b2cff3f020d29c0cefc2e02ac2c1212afe00,cell-006-e6777e303cd8,6,e6777e303cd841ea1232366b101d070d7967b7be22a604201f5e551a15aae347,1,4,150,64,4,16,2,1,32,sgd,0.03,0.9,800,512,0.0,8192,0.017872100695967674,0.995849609375,0.9895880222320557,0.9919767379760742,11.752413749694824,"[5.944820404052734,4.305788516998291]","[5.084453582763672,4.712442398071289]",seeds/cell-006-e6777e303cd8/seed-1/checkpoint.pt,seeds/cell-006-e6777e303cd8/seed-1/snapshots/step-000150.pt
1,replication-momentum-sgd-12seeds-v1,acac69fd0fb0eb72c223dcdbd380b2cff3f020d29c0cefc2e02ac2c1212afe00,cell-006-e6777e303cd8,6,e6777e303cd841ea1232366b101d070d7967b7be22a604201f5e551a15aae347,1,5,200,64,4,16,2,1,32,sgd,0.03,0.9,800,512,0.0,8192,0.004399776458740234,0.9993896484375,0.9938644766807556,0.9910489320755005,11.671401023864746,"[6.038806438446045,4.316691875457764]","[5.140448570251465,4.724855899810791]",seeds/cell-006-e6777e303cd8/seed-1/checkpoint.pt,seeds/cell-006-e6777e303cd8/seed-1/snapshots/step-000200.pt
1,replication-momentum-sgd-12seeds-v1,acac69fd0fb0eb72c223dcdbd380b2cff3f020d29c0cefc2e02ac2c1212afe00,cell-006-e6777e303cd8,6,e6777e303cd841ea1232366b101d070d7967b7be22a604201f5e551a15aae347,1,6,300,64,4,16,2,1,32,sgd,0.03,0.9,800,512,0.0,8192,0.0008992721559479833,1.0,0.9974709749221802,0.9954290986061096,11.60543441772461,"[6.130040645599365,4.320318222045898]","[5.201192378997803,4.730744361877441]",seeds/cell-006-e6777e303cd8/seed-1/checkpoint.pt,seeds/cell-006-e6777e303cd8/seed-1/snapshots/step-000300.pt
1,replication-momentum-sgd-12seeds-v1,acac69fd0fb0eb72c223dcdbd380b2cff3f020d29c0cefc2e02ac2c1212afe00,cell-006-e6777e303cd8,6,e6777e303cd841ea1232366b101d070d7967b7be22a604201f5e551a15aae347,1,7,400,64,4,16,2,1,32,sgd,0.03,0.9,800,512,0.0,8192,0.0004319033760111779,1.0,1.0032751560211182,1.0010079145431519,11.593573570251465,"[6.1454362869262695,4.3204827308654785]","[5.218317985534668,4.741571426391602]",seeds/cell-006-e6777e303cd8/seed-1/checkpoint.pt,seeds/cell-006-e6777e303cd8/seed-1/snapshots/step-000400.pt
1,replication-momentum-sgd-12seeds-v1,acac69fd0fb0eb72c223dcdbd380b2cff3f020d29c0cefc2e02ac2c1212afe00,cell-006-e6777e303cd8,6,e6777e303cd841ea1232366b101d070d7967b7be22a604201f5e551a15aae347,1,8,500,64,4,16,2,1,32,sgd,0.03,0.9,800,512,0.0,8192,0.00030631228582933545,1.0,0.9980420470237732,0.9955806732177734,11.590649604797363,"[6.157111167907715,4.320267200469971]","[5.228325366973877,4.748584747314453]",seeds/cell-006-e6777e303cd8/seed-1/checkpoint.pt,seeds/cell-006-e6777e303cd8/seed-1/snapshots/step-000500.pt
1,replication-momentum-sgd-12seeds-v1,acac69fd0fb0eb72c223dcdbd380b2cff3f020d29c0cefc2e02ac2c1212afe00,cell-006-e6777e303cd8,6,e6777e303cd841ea1232366b101d070d7967b7be22a604201f5e551a15aae347,1,9,600,64,4,16,2,1,32,sgd,0.03,0.9,800,512,0.0,8192,0.00023922239779494703,1.0,0.9982283115386963,0.9959859251976013,11.586981773376465,"[6.1656341552734375,4.319360733032227]","[5.2356038093566895,4.753666400909424]",seeds/cell-006-e6777e303cd8/seed-1/checkpoint.pt,seeds/cell-006-e6777e303cd8/seed-1/snapshots/step-000600.pt
1,replication-momentum-sgd-12seeds-v1,acac69fd0fb0eb72c223dcdbd380b2cff3f020d29c0cefc2e02ac2c1212afe00,cell-006-e6777e303cd8,6,e6777e303cd841ea1232366b101d070d7967b7be22a604201f5e551a15aae347,1,10,800,64,4,16,2,1,32,sgd,0.03,0.9,800,512,0.0,8192,0.00032778995227999985,1.0,0.9999384880065918,0.9968889951705933,11.566407203674316,"[6.199366569519043,4.319468021392822]","[5.257423400878906,4.761119365692139]",seeds/cell-006-e6777e303cd8/seed-1/checkpoint.pt,seeds/cell-006-e6777e303cd8/seed-1/snapshots/step-000800.pt
1,replication-momentum-sgd-12seeds-v1,acac69fd0fb0eb72c223dcdbd380b2cff3f020d29c0cefc2e02ac2c1212afe00,cell-006-e6777e303cd8,6,e6777e303cd841ea1232366b101d070d7967b7be22a604201f5e551a15aae347,2,0,0,64,4,16,2,1,32,sgd,0.03,0.9,800,512,0.0,8192,2.1938042640686035,0.499267578125,0.03897453844547272,0.01137045118957758,12.61670970916748,"[3.906691551208496,3.749028205871582]","[4.529792308807373,3.775343418121338]",seeds/cell-006-e6777e303cd8/seed-2/checkpoint.pt,seeds/cell-006-e6777e303cd8/seed-2/snapshots/step-000000.pt
1,replication-momentum-sgd-12seeds-v1,acac69fd0fb0eb72c223dcdbd380b2cff3f020d29c0cefc2e02ac2c1212afe00,cell-006-e6777e303cd8,6,e6777e303cd841ea1232366b101d070d7967b7be22a604201f5e551a15aae347,2,1,25,64,4,16,2,1,32,sgd,0.03,0.9,800,512,0.0,8192,0.8874093294143677,0.6435546875,0.13243043422698975,0.11634611338376999,12.620464324951172,"[3.9569430351257324,3.764634370803833]","[5.287779331207275,4.758094310760498]",seeds/cell-006-e6777e303cd8/seed-2/checkpoint.pt,seeds/cell-006-e6777e303cd8/seed-2/snapshots/step-000025.pt
1,replication-momentum-sgd-12seeds-v1,acac69fd0fb0eb72c223dcdbd380b2cff3f020d29c0cefc2e02ac2c1212afe00,cell-006-e6777e303cd8,6,e6777e303cd841ea1232366b101d070d7967b7be22a604201f5e551a15aae347,2,2,50,64,4,16,2,1,32,sgd,0.03,0.9,800,512,0.0,8192,0.7457345128059387,0.7032470703125,0.26882705092430115,0.23931768536567688,12.62893295288086,"[3.6618154048919678,3.7635767459869385]","[5.424590587615967,4.952939033508301]",seeds/cell-006-e6777e303cd8/seed-2/checkpoint.pt,seeds/cell-006-e6777e303cd8/seed-2/snapshots/step-000050.pt
1,replication-momentum-sgd-12seeds-v1,acac69fd0fb0eb72c223dcdbd380b2cff3f020d29c0cefc2e02ac2c1212afe00,cell-006-e6777e303cd8,6,e6777e303cd841ea1232366b101d070d7967b7be22a604201f5e551a15aae347,2,3,100,64,4,16,2,1,32,sgd,0.03,0.9,800,512,0.0,8192,0.4456963837146759,0.84228515625,0.5547887682914734,0.5518338680267334,12.190234184265137,"[4.52559757232666,3.825218677520752]","[5.518611431121826,4.853023052215576]",seeds/cell-006-e6777e303cd8/seed-2/checkpoint.pt,seeds/cell-006-e6777e303cd8/seed-2/snapshots/step-000100.pt
1,replication-momentum-sgd-12seeds-v1,acac69fd0fb0eb72c223dcdbd380b2cff3f020d29c0cefc2e02ac2c1212afe00,cell-006-e6777e303cd8,6,e6777e303cd841ea1232366b101d070d7967b7be22a604201f5e551a15aae347,2,4,150,64,4,16,2,1,32,sgd,0.03,0.9,800,512,0.0,8192,0.0153009919449687,0.9964599609375,0.9795276522636414,0.9660031795501709,11.304821014404297,"[5.9713897705078125,3.9117307662963867]","[5.849305152893066,4.700558185577393]",seeds/cell-006-e6777e303cd8/seed-2/checkpoint.pt,seeds/cell-006-e6777e303cd8/seed-2/snapshots/step-000150.pt
1,replication-momentum-sgd-12seeds-v1,acac69fd0fb0eb72c223dcdbd380b2cff3f020d29c0cefc2e02ac2c1212afe00,cell-006-e6777e303cd8,6,e6777e303cd841ea1232366b101d070d7967b7be22a604201f5e551a15aae347,2,5,200,64,4,16,2,1,32,sgd,0.03,0.9,800,512,0.0,8192,0.004368437919765711,0.9993896484375,0.9959697723388672,0.9814591407775879,11.21585464477539,"[6.075765132904053,3.912365674972534]","[5.953685283660889,4.679287433624268]",seeds/cell-006-e6777e303cd8/seed-2/checkpoint.pt,seeds/cell-006-e6777e303cd8/seed-2/snapshots/step-000200.pt
1,replication-momentum-sgd-12seeds-v1,acac69fd0fb0eb72c223dcdbd380b2cff3f020d29c0cefc2e02ac2c1212afe00,cell-006-e6777e303cd8,6,e6777e303cd841ea1232366b101d070d7967b7be22a604201f5e551a15aae347,2,6,300,64,4,16,2,1,32,sgd,0.03,0.9,800,512,0.0,8192,0.0011878411751240492,0.9998779296875,0.9991264343261719,0.9827428460121155,11.167536735534668,"[6.137170791625977,3.9123847484588623]","[6.027493953704834,4.667087554931641]",seeds/cell-006-e6777e303cd8/seed-2/checkpoint.pt,seeds/cell-006-e6777e303cd8/seed-2/snapshots/step-000300.pt
1,replication-momentum-sgd-12seeds-v1,acac69fd0fb0eb72c223dcdbd380b2cff3f020d29c0cefc2e02ac2c1212afe00,cell-006-e6777e303cd8,6,e6777e303cd841ea1232366b101d070d7967b7be22a604201f5e551a15aae347,2,7,400,64,4,16,2,1,32,sgd,0.03,0.9,800,512,0.0,8192,0.0006420702557079494,0.9998779296875,0.9993835687637329,0.9810301065444946,11.157356262207031,"[6.162402629852295,3.9128966331481934]","[6.0672454833984375,4.661708831787109]",seeds/cell-006-e6777e303cd8/seed-2/checkpoint.pt,seeds/cell-006-e6777e303cd8/seed-2/snapshots/step-000400.pt
1,replication-momentum-sgd-12seeds-v1,acac69fd0fb0eb72c223dcdbd380b2cff3f020d29c0cefc2e02ac2c1212afe00,cell-006-e6777e303cd8,6,e6777e303cd841ea1232366b101d070d7967b7be22a604201f5e551a15aae347,2,8,500,64,4,16,2,1,32,sgd,0.03,0.9,800,512,0.0,8192,0.0006258870125748217,0.9998779296875,0.9997586011886597,0.9802398681640625,11.15077018737793,"[6.174765586853027,3.9131245613098145]","[6.094343185424805,4.658071994781494]",seeds/cell-006-e6777e303cd8/seed-2/checkpoint.pt,seeds/cell-006-e6777e303cd8/seed-2/snapshots/step-000500.pt
1,replication-momentum-sgd-12seeds-v1,acac69fd0fb0eb72c223dcdbd380b2cff3f020d29c0cefc2e02ac2c1212afe00,cell-006-e6777e303cd8,6,e6777e303cd841ea1232366b101d070d7967b7be22a604201f5e551a15aae347,2,9,600,64,4,16,2,1,32,sgd,0.03,0.9,800,512,0.0,8192,0.00036206393269822,1.0,0.9991309642791748,0.9800194501876831,11.14549446105957,"[6.187665939331055,3.9135236740112305]","[6.113336086273193,4.655633449554443]",seeds/cell-006-e6777e303cd8/seed-2/checkpoint.pt,seeds/cell-006-e6777e303cd8/seed-2/snapshots/step-000600.pt
1,replication-momentum-sgd-12seeds-v1,acac69fd0fb0eb72c223dcdbd380b2cff3f020d29c0cefc2e02ac2c1212afe00,cell-006-e6777e303cd8,6,e6777e303cd841ea1232366b101d070d7967b7be22a604201f5e551a15aae347,2,10,800,64,4,16,2,1,32,sgd,0.03,0.9,800,512,0.0,8192,0.0006902606692165136,0.9998779296875,0.9996441602706909,0.9824069738388062,11.132884979248047,"[6.213712692260742,3.9137229919433594]","[6.146843433380127,4.651231288909912]",seeds/cell-006-e6777e303cd8/seed-2/checkpoint.pt,seeds/cell-006-e6777e303cd8/seed-2/snapshots/step-000800.pt
1,replication-momentum-sgd-12seeds-v1,acac69fd0fb0eb72c223dcdbd380b2cff3f020d29c0cefc2e02ac2c1212afe00,cell-006-e6777e303cd8,6,e6777e303cd841ea1232366b101d070d7967b7be22a604201f5e551a15aae347,3,0,0,64,4,16,2,1,32,sgd,0.03,0.9,800,512,0.0,8192,1.052419900894165,0.5086669921875,0.008607128635048866,0.0013205977156758308,13.330070495605469,"[4.664605140686035,4.012296199798584]","[4.256390571594238,3.860663414001465]",seeds/cell-006-e6777e303cd8/seed-3/checkpoint.pt,seeds/cell-006-e6777e303cd8/seed-3/snapshots/step-000000.pt
1,replication-momentum-sgd-12seeds-v1,acac69fd0fb0eb72c223dcdbd380b2cff3f020d29c0cefc2e02ac2c1212afe00,cell-006-e6777e303cd8,6,e6777e303cd841ea1232366b101d070d7967b7be22a604201f5e551a15aae347,3,1,25,64,4,16,2,1,32,sgd,0.03,0.9,800,512,0.0,8192,0.8251507878303528,0.6727294921875,0.21721398830413818,0.18699777126312256,13.326875686645508,"[4.565413475036621,3.99784517288208]","[4.2607102394104,4.033548355102539]",seeds/cell-006-e6777e303cd8/seed-3/checkpoint.pt,seeds/cell-006-e6777e303cd8/seed-3/snapshots/step-000025.pt
1,replication-momentum-sgd-12seeds-v1,acac69fd0fb0eb72c223dcdbd380b2cff3f020d29c0cefc2e02ac2c1212afe00,cell-006-e6777e303cd8,6,e6777e303cd841ea1232366b101d070d7967b7be22a604201f5e551a15aae347,3,2,50,64,4,16,2,1,32,sgd,0.03,0.9,800,512,0.0,8192,0.7206788063049316,0.72509765625,0.34242358803749084,0.3291926681995392,13.258051872253418,"[4.652440071105957,3.9792990684509277]","[4.362993240356445,4.055177688598633]",seeds/cell-006-e6777e303cd8/seed-3/checkpoint.pt,seeds/cell-006-e6777e303cd8/seed-3/snapshots/step-000050.pt
1,replication-momentum-sgd-12seeds-v1,acac69fd0fb0eb72c223dcdbd380b2cff3f020d29c0cefc2e02ac2c1212afe00,cell-006-e6777e303cd8,6,e6777e303cd841ea1232366b101d070d7967b7be22a604201f5e551a15aae347,3,3,100,64,4,16,2,1,32,sgd,0.03,0.9,800,512,0.0,8192,0.07583186030387878,0.979248046875,0.9180730581283569,0.9295477867126465,12.28966999053955,"[6.07966947555542,3.9969027042388916]","[4.67471170425415,3.9387943744659424]",seeds/cell-006-e6777e303cd8/seed-3/checkpoint.pt,seeds/cell-006-e6777e303cd8/seed-3/snapshots/step-000100.pt
1,replication-momentum-sgd-12seeds-v1,acac69fd0fb0eb72c223dcdbd380b2cff3f020d29c0cefc2e02ac2c1212afe00,cell-006-e6777e303cd8,6,e6777e303cd841ea1232366b101d070d7967b7be22a604201f5e551a15aae347,3,4,150,64,4,16,2,1,32,sgd,0.03,0.9,800,512,0.0,8192,0.005255264230072498,0.999267578125,0.9920057058334351,1.0073356628417969,12.039645195007324,"[6.387911319732666,3.9784066677093506]","[4.86087703704834,3.8958051204681396]",seeds/cell-006-e6777e303cd8/seed-3/checkpoint.pt,seeds/cell-006-e6777e303cd8/seed-3/snapshots/step-000150.pt
1,replication-momentum-sgd-12seeds-v1,acac69fd0fb0eb72c223dcdbd380b2cff3f020d29c0cefc2e02ac2c1212afe00,cell-006-e6777e303cd8,6,e6777e303cd841ea1232366b101d070d7967b7be22a604201f5e551a15aae347,3,5,200,64,4,16,2,1,32,sgd,0.03,0.9,800,512,0.0,8192,0.0022176019847393036,0.99951171875,0.995330810546875,1.010218858718872,12.009511947631836,"[6.416778087615967,3.9776663780212402]","[4.911093711853027,3.884894847869873]",seeds/cell-006-e6777e303cd8/seed-3/checkpoint.pt,seeds/cell-006-e6777e303cd8/seed-3/snapshots/step-000200.pt
1,replication-momentum-sgd-12seeds-v1,acac69fd0fb0eb72c223dcdbd380b2cff3f020d29c0cefc2e02ac2c1212afe00,cell-006-e6777e303cd8,6,e6777e303cd841ea1232366b101d070d7967b7be22a604201f5e551a15aae347,3,6,300,64,4,16,2,1,32,sgd,0.03,0.9,800,512,0.0,8192,0.0008881614776328206,0.9998779296875,0.9956123232841492,1.0110589265823364,11.969099998474121,"[6.455066204071045,3.978057622909546]","[4.956136703491211,3.8765275478363037]",seeds/cell-006-e6777e303cd8/seed-3/checkpoint.pt,seeds/cell-006-e6777e303cd8/seed-3/snapshots/step-000300.pt
1,replication-momentum-sgd-12seeds-v1,acac69fd0fb0eb72c223dcdbd380b2cff3f020d29c0cefc2e02ac2c1212afe00,cell-006-e6777e303cd8,6,e6777e303cd841ea1232366b101d070d7967b7be22a604201f5e551a15aae347,3,7,400,64,4,16,2,1,32,sgd,0.03,0.9,800,512,0.0,8192,0.00033020091359503567,1.0,0.9994868636131287,1.0150549411773682,11.958624839782715,"[6.468235969543457,3.9786717891693115]","[4.977595806121826,3.872504949569702]",seeds/cell-006-e6777e303cd8/seed-3/checkpoint.pt,seeds/cell-006-e6777e303cd8/seed-3/snapshots/step-000400.pt
1,replication-momentum-sgd-12seeds-v1,acac69fd0fb0eb72c223dcdbd380b2cff3f020d29c0cefc2e02ac2c1212afe00,cell-006-e6777e303cd8,6,e6777e303cd841ea1232366b101d070d7967b7be22a604201f5e551a15aae347,3,8,500,64,4,16,2,1,32,sgd,0.03,0.9,800,512,0.0,8192,0.0002561158034950495,1.0,0.998614490032196,1.0135741233825684,11.952041625976562,"[6.481765270233154,3.9791722297668457]","[4.990322113037109,3.8690879344940186]",seeds/cell-006-e6777e303cd8/seed-3/checkpoint.pt,seeds/cell-006-e6777e303cd8/seed-3/snapshots/step-000500.pt
1,replication-momentum-sgd-12seeds-v1,acac69fd0fb0eb72c223dcdbd380b2cff3f020d29c0cefc2e02ac2c1212afe00,cell-006-e6777e303cd8,6,e6777e303cd841ea1232366b101d070d7967b7be22a604201f5e551a15aae347,3,9,600,64,4,16,2,1,32,sgd,0.03,0.9,800,512,0.0,8192,0.00018023377924691886,1.0,0.9997785091400146,1.014490008354187,11.949419975280762,"[6.485748291015625,3.9797523021698]","[4.999761581420898,3.867507219314575]",seeds/cell-006-e6777e303cd8/seed-3/checkpoint.pt,seeds/cell-006-e6777e303cd8/seed-3/snapshots/step-000600.pt
1,replication-momentum-sgd-12seeds-v1,acac69fd0fb0eb72c223dcdbd380b2cff3f020d29c0cefc2e02ac2c1212afe00,cell-006-e6777e303cd8,6,e6777e303cd841ea1232366b101d070d7967b7be22a604201f5e551a15aae347,3,10,800,64,4,16,2,1,32,sgd,0.03,0.9,800,512,0.0,8192,0.0001287755003431812,1.0,0.9988558292388916,1.0145621299743652,11.94262981414795,"[6.495903491973877,3.9807510375976562]","[5.014281749725342,3.865407705307007]",seeds/cell-006-e6777e303cd8/seed-3/checkpoint.pt,seeds/cell-006-e6777e303cd8/seed-3/snapshots/step-000800.pt
1,replication-momentum-sgd-12seeds-v1,acac69fd0fb0eb72c223dcdbd380b2cff3f020d29c0cefc2e02ac2c1212afe00,cell-006-e6777e303cd8,6,e6777e303cd841ea1232366b101d070d7967b7be22a604201f5e551a15aae347,4,0,0,64,4,16,2,1,32,sgd,0.03,0.9,800,512,0.0,8192,1.3118879795074463,0.5618896484375,0.08869937062263489,0.04534585028886795,12.968238830566406,"[4.127933025360107,4.295650005340576]","[3.695587396621704,4.150326728820801]",seeds/cell-006-e6777e303cd8/seed-4/checkpoint.pt,seeds/cell-006-e6777e303cd8/seed-4/snapshots/step-000000.pt
1,replication-momentum-sgd-12seeds-v1,acac69fd0fb0eb72c223dcdbd380b2cff3f020d29c0cefc2e02ac2c1212afe00,cell-006-e6777e303cd8,6,e6777e303cd841ea1232366b101d070d7967b7be22a604201f5e551a15aae347,4,1,25,64,4,16,2,1,32,sgd,0.03,0.9,800,512,0.0,8192,0.8426171541213989,0.6639404296875,0.20402632653713226,0.16167715191841125,12.99849796295166,"[3.911708354949951,4.265217304229736]","[3.9219601154327393,4.347849369049072]",seeds/cell-006-e6777e303cd8/seed-4/checkpoint.pt,seeds/cell-006-e6777e303cd8/seed-4/snapshots/step-000025.pt
1,replication-momentum-sgd-12seeds-v1,acac69fd0fb0eb72c223dcdbd380b2cff3f020d29c0cefc2e02ac2c1212afe00,cell-006-e6777e303cd8,6,e6777e303cd841ea1232366b101d070d7967b7be22a604201f5e551a15aae347,4,2,50,64,4,16,2,1,32,sgd,0.03,0.9,800,512,0.0,8192,0.7500870227813721,0.70361328125,0.2847793996334076,0.2592550218105316,13.001340866088867,"[3.870288610458374,4.212121486663818]","[4.000974655151367,4.386497974395752]",seeds/cell-006-e6777e303cd8/seed-4/checkpoint.pt,seeds/cell-006-e6777e303cd8/seed-4/snapshots/step-000050.pt
1,replication-momentum-sgd-12seeds-v1,acac69fd0fb0eb72c223dcdbd380b2cff3f020d29c0cefc2e02ac2c1212afe00,cell-006-e6777e303cd8,6,e6777e303cd841ea1232366b101d070d7967b7be22a604201f5e551a15aae347,4,3,100,64,4,16,2,1,32,sgd,0.03,0.9,800,512,0.0,8192,0.4740464389324188,0.8370361328125,0.4841955602169037,0.47603172063827515,12.5696439743042,"[4.540929317474365,4.461676597595215]","[3.8697099685668945,4.316921234130859]",seeds/cell-006-e6777e303cd8/seed-4/checkpoint.pt,seeds/cell-006-e6777e303cd8/seed-4/snapshots/step-000100.pt
1,replication-momentum-sgd-12seeds-v1,acac69fd0fb0eb72c223dcdbd380b2cff3f020d29c0cefc2e02ac2c1212afe00,cell-006-e6777e303cd8,6,e6777e303cd841ea1232366b101d070d7967b7be22a604201f5e551a15aae347,4,4,150,64,4,16,2,1,32,sgd,0.03,0.9,800,512,0.0,8192,0.03269699960947037,0.9915771484375,0.9769909977912903,0.9716386795043945,11.79823112487793,"[5.906764507293701,4.7632269859313965]","[3.905550479888916,4.399528503417969]",seeds/cell-006-e6777e303cd8/seed-4/checkpoint.pt,seeds/cell-006-e6777e303cd8/seed-4/snapshots/step-000150.pt
1,replication-momentum-sgd-12seeds-v1,acac69fd0fb0eb72c223dcdbd380b2cff3f020d29c0cefc2e02ac2c1212afe00,cell-006-e6777e303cd8,6,e6777e303cd841ea1232366b101d070d7967b7be22a604201f5e551a15aae347,4,5,200,64,4,16,2,1,32,sgd,0.03,0.9,800,512,0.0,8192,0.009249148890376091,0.9976806640625,0.9852554798126221,0.9814616441726685,11.710593223571777,"[6.047273635864258,4.79272985458374]","[3.94286847114563,4.45539665222168]",seeds/cell-006-e6777e303cd8/seed-4/checkpoint.pt,seeds/cell-006-e6777e303cd8/seed-4/snapshots/step-000200.pt
1,replication-momentum-sgd-12seeds-v1,acac69fd0fb0eb72c223dcdbd380b2cff3f020d29c0cefc2e02ac2c1212afe00,cell-006-e6777e303cd8,6,e6777e303cd841ea1232366b101d070d7967b7be22a604201f5e551a15aae347,4,6,300,64,4,16,2,1,32,sgd,0.03,0.9,800,512,0.0,8192,0.0010406884830445051,1.0,0.9972176551818848,0.9904302358627319,11.689156532287598,"[6.108253479003906,4.803155422210693]","[3.953192949295044,4.493176460266113]",seeds/cell-006-e6777e303cd8/seed-4/checkpoint.pt,seeds/cell-006-e6777e303cd8/seed-4/snapshots/step-000300.pt
1,replication-momentum-sgd-12seeds-v1,acac69fd0fb0eb72c223dcdbd380b2cff3f020d29c0cefc2e02ac2c1212afe00,cell-006-e6777e303cd8,6,e6777e303cd841ea1232366b101d070d7967b7be22a604201f5e551a15aae347,4,7,400,64,4,16,2,1,32,sgd,0.03,0.9,800,512,0.0,8192,0.00041979431989602745,1.0,1.0004950761795044,0.9924564361572266,11.664677619934082,"[6.1208038330078125,4.808050155639648]","[3.9614150524139404,4.520308494567871]",seeds/cell-006-e6777e303cd8/seed-4/checkpoint.pt,seeds/cell-006-e6777e303cd8/seed-4/snapshots/step-000400.pt
1,replication-momentum-sgd-12seeds-v1,acac69fd0fb0eb72c223dcdbd380b2cff3f020d29c0cefc2e02ac2c1212afe00,cell-006-e6777e303cd8,6,e6777e303cd841ea1232366b101d070d7967b7be22a604201f5e551a15aae347,4,8,500,64,4,16,2,1,32,sgd,0.03,0.9,800,512,0.0,8192,0.0002707450767047703,1.0,0.9992290735244751,0.9931997060775757,11.661605834960938,"[6.123286724090576,4.809223651885986]","[3.9648025035858154,4.539260387420654]",seeds/cell-006-e6777e303cd8/seed-4/checkpoint.pt,seeds/cell-006-e6777e303cd8/seed-4/snapshots/step-000500.pt
1,replication-momentum-sgd-12seeds-v1,acac69fd0fb0eb72c223dcdbd380b2cff3f020d29c0cefc2e02ac2c1212afe00,cell-006-e6777e303cd8,6,e6777e303cd841ea1232366b101d070d7967b7be22a604201f5e551a15aae347,4,9,600,64,4,16,2,1,32,sgd,0.03,0.9,800,512,0.0,8192,0.0002082738938042894,1.0,1.0007405281066895,0.9943909645080566,11.659661293029785,"[6.126200199127197,4.809658050537109]","[3.966707944869995,4.552358150482178]",seeds/cell-006-e6777e303cd8/seed-4/checkpoint.pt,seeds/cell-006-e6777e303cd8/seed-4/snapshots/step-000600.pt
1,replication-momentum-sgd-12seeds-v1,acac69fd0fb0eb72c223dcdbd380b2cff3f020d29c0cefc2e02ac2c1212afe00,cell-006-e6777e303cd8,6,e6777e303cd841ea1232366b101d070d7967b7be22a604201f5e551a15aae347,4,10,800,64,4,16,2,1,32,sgd,0.03,0.9,800,512,0.0,8192,0.0001492297014920041,1.0,0.9985403418540955,0.99058598279953,11.658915519714355,"[6.135145664215088,4.811312675476074]","[3.9736671447753906,4.573344707489014]",seeds/cell-006-e6777e303cd8/seed-4/checkpoint.pt,seeds/cell-006-e6777e303cd8/seed-4/snapshots/step-000800.pt
1,replication-momentum-sgd-12seeds-v1,acac69fd0fb0eb72c223dcdbd380b2cff3f020d29c0cefc2e02ac2c1212afe00,cell-006-e6777e303cd8,6,e6777e303cd841ea1232366b101d070d7967b7be22a604201f5e551a15aae347,5,0,0,64,4,16,2,1,32,sgd,0.03,0.9,800,512,0.0,8192,2.4687702655792236,0.509033203125,0.11446840316057205,0.09084805101156235,12.487133026123047,"[4.25583553314209,4.082116603851318]","[4.271725177764893,4.1572651863098145]",seeds/cell-006-e6777e303cd8/seed-5/checkpoint.pt,seeds/cell-006-e6777e303cd8/seed-5/snapshots/step-000000.pt
1,replication-momentum-sgd-12seeds-v1,acac69fd0fb0eb72c223dcdbd380b2cff3f020d29c0cefc2e02ac2c1212afe00,cell-006-e6777e303cd8,6,e6777e303cd841ea1232366b101d070d7967b7be22a604201f5e551a15aae347,5,1,25,64,4,16,2,1,32,sgd,0.03,0.9,800,512,0.0,8192,0.836757242679596,0.6834716796875,0.27328604459762573,0.2148779332637787,12.510348320007324,"[4.236956596374512,4.091167449951172]","[4.77481746673584,4.423497200012207]",seeds/cell-006-e6777e303cd8/seed-5/checkpoint.pt,seeds/cell-006-e6777e303cd8/seed-5/snapshots/step-000025.pt
1,replication-momentum-sgd-12seeds-v1,acac69fd0fb0eb72c223dcdbd380b2cff3f020d29c0cefc2e02ac2c1212afe00,cell-006-e6777e303cd8,6,e6777e303cd841ea1232366b101d070d7967b7be22a604201f5e551a15aae347,5,2,50,64,4,16,2,1,32,sgd,0.03,0.9,800,512,0.0,8192,0.7338097095489502,0.7158203125,0.2920033633708954,0.25759193301200867,12.428977966308594,"[4.225496768951416,4.005119800567627]","[4.964659690856934,4.396020889282227]",seeds/cell-006-e6777e303cd8/seed-5/checkpoint.pt,seeds/cell-006-e6777e303cd8/seed-5/snapshots/step-000050.pt
1,replication-momentum-sgd-12seeds-v1,acac69fd0fb0eb72c223dcdbd380b2cff3f020d29c0cefc2e02ac2c1212afe00,cell-006-e6777e303cd8,6,e6777e303cd841ea1232366b101d070d7967b7be22a604201f5e551a15aae347,5,3,100,64,4,16,2,1,32,sgd,0.03,0.9,800,512,0.0,8192,0.11787661910057068,0.9661865234375,0.9248738288879395,0.9428598880767822,11.368804931640625,"[5.654434680938721,3.9861538410186768]","[5.269628047943115,4.250905990600586]",seeds/cell-006-e6777e303cd8/seed-5/checkpoint.pt,seeds/cell-006-e6777e303cd8/seed-5/snapshots/step-000100.pt
1,replication-momentum-sgd-12seeds-v1,acac69fd0fb0eb72c223dcdbd380b2cff3f020d29c0cefc2e02ac2c1212afe00,cell-006-e6777e303cd8,6,e6777e303cd841ea1232366b101d070d7967b7be22a604201f5e551a15aae347,5,4,150,64,4,16,2,1,32,sgd,0.03,0.9,800,512,0.0,8192,0.00842977873980999,0.9986572265625,0.9942165613174438,1.0022151470184326,10.923628807067871,"[6.179378032684326,3.975329637527466]","[5.399503231048584,4.222922325134277]",seeds/cell-006-e6777e303cd8/seed-5/checkpoint.pt,seeds/cell-006-e6777e303cd8/seed-5/snapshots/step-000150.pt
1,replication-momentum-sgd-12seeds-v1,acac69fd0fb0eb72c223dcdbd380b2cff3f020d29c0cefc2e02ac2c1212afe00,cell-006-e6777e303cd8,6,e6777e303cd841ea1232366b101d070d7967b7be22a604201f5e551a15aae347,5,5,200,64,4,16,2,1,32,sgd,0.03,0.9,800,512,0.0,8192,0.003904622280970216,0.999267578125,0.9948722124099731,1.0018672943115234,10.863808631896973,"[6.264710903167725,3.9799225330352783]","[5.4521284103393555,4.219679355621338]",seeds/cell-006-e6777e303cd8/seed-5/checkpoint.pt,seeds/cell-006-e6777e303cd8/seed-5/snapshots/step-000200.pt
1,replication-momentum-sgd-12seeds-v1,acac69fd0fb0eb72c223dcdbd380b2cff3f020d29c0cefc2e02ac2c1212afe00,cell-006-e6777e303cd8,6,e6777e303cd841ea1232366b101d070d7967b7be22a604201f5e551a15aae347,5,6,300,64,4,16,2,1,32,sgd,0.03,0.9,800,512,0.0,8192,0.0008237216388806701,1.0,0.9989135265350342,1.0071146488189697,10.831048965454102,"[6.346947193145752,3.9834964275360107]","[5.508496284484863,4.215368270874023]",seeds/cell-006-e6777e303cd8/seed-5/checkpoint.pt,seeds/cell-006-e6777e303cd8/seed-5/snapshots/step-000300.pt
1,replication-momentum-sgd-12seeds-v1,acac69fd0fb0eb72c223dcdbd380b2cff3f020d29c0cefc2e02ac2c1212afe00,cell-006-e6777e303cd8,6,e6777e303cd841ea1232366b101d070d7967b7be22a604201f5e551a15aae347,5,7,400,64,4,16,2,1,32,sgd,0.03,0.9,800,512,0.0,8192,0.0006053444813005626,1.0,1.0009677410125732,1.007150650024414,10.815670013427734,"[6.377074241638184,3.9854137897491455]","[5.533979415893555,4.2152886390686035]",seeds/cell-006-e6777e303cd8/seed-5/checkpoint.pt,seeds/cell-006-e6777e303cd8/seed-5/snapshots/step-000400.pt
1,replication-momentum-sgd-12seeds-v1,acac69fd0fb0eb72c223dcdbd380b2cff3f020d29c0cefc2e02ac2c1212afe00,cell-006-e6777e303cd8,6,e6777e303cd841ea1232366b101d070d7967b7be22a604201f5e551a15aae347,5,8,500,64,4,16,2,1,32,sgd,0.03,0.9,800,512,0.0,8192,0.00026082104886882007,1.0,0.9999817609786987,1.0073155164718628,10.810432434082031,"[6.390544891357422,3.9868004322052]","[5.553218841552734,4.216188907623291]",seeds/cell-006-e6777e303cd8/seed-5/checkpoint.pt,seeds/cell-006-e6777e303cd8/seed-5/snapshots/step-000500.pt
1,replication-momentum-sgd-12seeds-v1,acac69fd0fb0eb72c223dcdbd380b2cff3f020d29c0cefc2e02ac2c1212afe00,cell-006-e6777e303cd8,6,e6777e303cd841ea1232366b101d070d7967b7be22a604201f5e551a15aae347,5,9,600,64,4,16,2,1,32,sgd,0.03,0.9,800,512,0.0,8192,0.00020691295503638685,1.0,1.0008108615875244,1.00887131690979,10.80370044708252,"[6.401372909545898,3.9875311851501465]","[5.565639019012451,4.217233180999756]",seeds/cell-006-e6777e303cd8/seed-5/checkpoint.pt,seeds/cell-006-e6777e303cd8/seed-5/snapshots/step-000600.pt
1,replication-momentum-sgd-12seeds-v1,acac69fd0fb0eb72c223dcdbd380b2cff3f020d29c0cefc2e02ac2c1212afe00,cell-006-e6777e303cd8,6,e6777e303cd841ea1232366b101d070d7967b7be22a604201f5e551a15aae347,5,10,800,64,4,16,2,1,32,sgd,0.03,0.9,800,512,0.0,8192,0.0008073615026660264,0.9996337890625,1.0002108812332153,1.0071121454238892,10.784794807434082,"[6.438117980957031,3.9893319606781006]","[5.589646339416504,4.218636512756348]",seeds/cell-006-e6777e303cd8/seed-5/checkpoint.pt,seeds/cell-006-e6777e303cd8/seed-5/snapshots/step-000800.pt
1,replication-momentum-sgd-12seeds-v1,acac69fd0fb0eb72c223dcdbd380b2cff3f020d29c0cefc2e02ac2c1212afe00,cell-006-e6777e303cd8,6,e6777e303cd841ea1232366b101d070d7967b7be22a604201f5e551a15aae347,6,0,0,64,4,16,2,1,32,sgd,0.03,0.9,800,512,0.0,8192,2.9179129600524902,0.4271240234375,-0.1925884485244751,-0.20346513390541077,12.522788047790527,"[4.30503511428833,3.560816526412964]","[4.154288291931152,4.138602256774902]",seeds/cell-006-e6777e303cd8/seed-6/checkpoint.pt,seeds/cell-006-e6777e303cd8/seed-6/snapshots/step-000000.pt
1,replication-momentum-sgd-12seeds-v1,acac69fd0fb0eb72c223dcdbd380b2cff3f020d29c0cefc2e02ac2c1212afe00,cell-006-e6777e303cd8,6,e6777e303cd841ea1232366b101d070d7967b7be22a604201f5e551a15aae347,6,1,25,64,4,16,2,1,32,sgd,0.03,0.9,800,512,0.0,8192,0.9125330448150635,0.6378173828125,0.06713634729385376,0.03385275602340698,12.419448852539062,"[4.935472011566162,3.497030258178711]","[5.394002437591553,4.800102233886719]",seeds/cell-006-e6777e303cd8/seed-6/checkpoint.pt,seeds/cell-006-e6777e303cd8/seed-6/snapshots/step-000025.pt
1,replication-momentum-sgd-12seeds-v1,acac69fd0fb0eb72c223dcdbd380b2cff3f020d29c0cefc2e02ac2c1212afe00,cell-006-e6777e303cd8,6,e6777e303cd841ea1232366b101d070d7967b7be22a604201f5e551a15aae347,6,2,50,64,4,16,2,1,32,sgd,0.03,0.9,800,512,0.0,8192,0.7829511165618896,0.6878662109375,0.2127189338207245,0.21155193448066711,12.391328811645508,"[5.020143985748291,3.440896511077881]","[5.603080749511719,5.168088436126709]",seeds/cell-006-e6777e303cd8/seed-6/checkpoint.pt,seeds/cell-006-e6777e303cd8/seed-6/snapshots/step-000050.pt
1,replication-momentum-sgd-12seeds-v1,acac69fd0fb0eb72c223dcdbd380b2cff3f020d29c0cefc2e02ac2c1212afe00,cell-006-e6777e303cd8,6,e6777e303cd841ea1232366b101d070d7967b7be22a604201f5e551a15aae347,6,3,100,64,4,16,2,1,32,sgd,0.03,0.9,800,512,0.0,8192,0.7463972568511963,0.6951904296875,0.2515777349472046,0.2478383481502533,12.346878051757812,"[5.040740013122559,3.448920488357544]","[5.550666809082031,5.31300163269043]",seeds/cell-006-e6777e303cd8/seed-6/checkpoint.pt,seeds/cell-006-e6777e303cd8/seed-6/snapshots/step-000100.pt
1,replication-momentum-sgd-12seeds-v1,acac69fd0fb0eb72c223dcdbd380b2cff3f020d29c0cefc2e02ac2c1212afe00,cell-006-e6777e303cd8,6,e6777e303cd841ea1232366b101d070d7967b7be22a604201f5e551a15aae347,6,4,150,64,4,16,2,1,32,sgd,0.03,0.9,800,512,0.0,8192,0.7252800464630127,0.706787109375,0.2932947278022766,0.27741721272468567,12.254961013793945,"[5.048043251037598,3.671936511993408]","[5.503504753112793,5.360742568969727]",seeds/cell-006-e6777e303cd8/seed-6/checkpoint.pt,seeds/cell-006-e6777e303cd8/seed-6/snapshots/step-000150.pt
1,replication-momentum-sgd-12seeds-v1,acac69fd0fb0eb72c223dcdbd380b2cff3f020d29c0cefc2e02ac2c1212afe00,cell-006-e6777e303cd8,6,e6777e303cd841ea1232366b101d070d7967b7be22a604201f5e551a15aae347,6,5,200,64,4,16,2,1,32,sgd,0.03,0.9,800,512,0.0,8192,0.4760597348213196,0.822021484375,0.5177299976348877,0.4450097680091858,11.893779754638672,"[5.074161529541016,4.31646728515625]","[5.756678581237793,5.3390703201293945]",seeds/cell-006-e6777e303cd8/seed-6/checkpoint.pt,seeds/cell-006-e6777e303cd8/seed-6/snapshots/step-000200.pt
1,replication-momentum-sgd-12seeds-v1,acac69fd0fb0eb72c223dcdbd380b2cff3f020d29c0cefc2e02ac2c1212afe00,cell-006-e6777e303cd8,6,e6777e303cd841ea1232366b101d070d7967b7be22a604201f5e551a15aae347,6,6,300,64,4,16,2,1,32,sgd,0.03,0.9,800,512,0.0,8192,0.032919906079769135,0.9931640625,0.9665970206260681,0.9557747840881348,11.15251350402832,"[5.450002193450928,5.61829137802124]","[6.22002649307251,5.89276123046875]",seeds/cell-006-e6777e303cd8/seed-6/checkpoint.pt,seeds/cell-006-e6777e303cd8/seed-6/snapshots/step-000300.pt
1,replication-momentum-sgd-12seeds-v1,acac69fd0fb0eb72c223dcdbd380b2cff3f020d29c0cefc2e02ac2c1212afe00,cell-006-e6777e303cd8,6,e6777e303cd841ea1232366b101d070d7967b7be22a604201f5e551a15aae347,6,7,400,64,4,16,2,1,32,sgd,0.03,0.9,800,512,0.0,8192,0.0055717723444104195,0.99951171875,0.9857560396194458,0.9793965816497803,11.04352855682373,"[5.551171779632568,5.977856636047363]","[6.2025885581970215,6.360065460205078]",seeds/cell-006-e6777e303cd8/seed-6/checkpoint.pt,seeds/cell-006-e6777e303cd8/seed-6/snapshots/step-000400.pt
1,replication-momentum-sgd-12seeds-v1,acac69fd0fb0eb72c223dcdbd380b2cff3f020d29c0cefc2e02ac2c1212afe00,cell-006-e6777e303cd8,6,e6777e303cd841ea1232366b101d070d7967b7be22a604201f5e551a15aae347,6,8,500,64,4,16,2,1,32,sgd,0.03,0.9,800,512,0.0,8192,0.003427954390645027,0.99951171875,0.9963897466659546,0.9842942953109741,11.015207290649414,"[5.587067127227783,6.12692928314209]","[6.157078266143799,6.562464714050293]",seeds/cell-006-e6777e303cd8/seed-6/checkpoint.pt,seeds/cell-006-e6777e303cd8/seed-6/snapshots/step-000500.pt
1,replication-momentum-sgd-12seeds-v1,acac69fd0fb0eb72c223dcdbd380b2cff3f020d29c0cefc2e02ac2c1212afe00,cell-006-e6777e303cd8,6,e6777e303cd841ea1232366b101d070d7967b7be22a604201f5e551a15aae347,6,9,600,64,4,16,2,1,32,sgd,0.03,0.9,800,512,0.0,8192,0.0007833841955289245,1.0,0.9984766244888306,0.9947038292884827,10.973793983459473,"[5.607759952545166,6.208080291748047]","[6.166555881500244,6.693058967590332]",seeds/cell-006-e6777e303cd8/seed-6/checkpoint.pt,seeds/cell-006-e6777e303cd8/seed-6/snapshots/step-000600.pt
1,replication-momentum-sgd-12seeds-v1,acac69fd0fb0eb72c223dcdbd380b2cff3f020d29c0cefc2e02ac2c1212afe00,cell-006-e6777e303cd8,6,e6777e303cd841ea1232366b101d070d7967b7be22a604201f5e551a15aae347,6,10,800,64,4,16,2,1,32,sgd,0.03,0.9,800,512,0.0,8192,0.0007318744319491088,1.0,0.996667206287384,0.989324152469635,10.77369213104248,"[5.676431655883789,6.331445217132568]","[6.273952960968018,6.881921291351318]",seeds/cell-006-e6777e303cd8/seed-6/checkpoint.pt,seeds/cell-006-e6777e303cd8/seed-6/snapshots/step-000800.pt
1,replication-momentum-sgd-12seeds-v1,acac69fd0fb0eb72c223dcdbd380b2cff3f020d29c0cefc2e02ac2c1212afe00,cell-006-e6777e303cd8,6,e6777e303cd841ea1232366b101d070d7967b7be22a604201f5e551a15aae347,7,0,0,64,4,16,2,1,32,sgd,0.03,0.9,800,512,0.0,8192,0.9845832586288452,0.5467529296875,0.04236007481813431,0.03754039481282234,12.935783386230469,"[3.7472188472747803,3.7650694847106934]","[3.594209909439087,4.428197383880615]",seeds/cell-006-e6777e303cd8/seed-7/checkpoint.pt,seeds/cell-006-e6777e303cd8/seed-7/snapshots/step-000000.pt
1,replication-momentum-sgd-12seeds-v1,acac69fd0fb0eb72c223dcdbd380b2cff3f020d29c0cefc2e02ac2c1212afe00,cell-006-e6777e303cd8,6,e6777e303cd841ea1232366b101d070d7967b7be22a604201f5e551a15aae347,7,1,25,64,4,16,2,1,32,sgd,0.03,0.9,800,512,0.0,8192,0.7400195598602295,0.710205078125,0.24714353680610657,0.20808854699134827,12.888379096984863,"[3.655466079711914,3.747440814971924]","[3.8369293212890625,4.486941337585449]",seeds/cell-006-e6777e303cd8/seed-7/checkpoint.pt,seeds/cell-006-e6777e303cd8/seed-7/snapshots/step-000025.pt
1,replication-momentum-sgd-12seeds-v1,acac69fd0fb0eb72c223dcdbd380b2cff3f020d29c0cefc2e02ac2c1212afe00,cell-006-e6777e303cd8,6,e6777e303cd841ea1232366b101d070d7967b7be22a604201f5e551a15aae347,7,2,50,64,4,16,2,1,32,sgd,0.03,0.9,800,512,0.0,8192,0.5573722720146179,0.797607421875,0.4299728274345398,0.4159308969974518,12.662603378295898,"[4.019482612609863,3.721834897994995]","[3.9936716556549072,4.4485626220703125]",seeds/cell-006-e6777e303cd8/seed-7/checkpoint.pt,seeds/cell-006-e6777e303cd8/seed-7/snapshots/step-000050.pt
1,replication-momentum-sgd-12seeds-v1,acac69fd0fb0eb72c223dcdbd380b2cff3f020d29c0cefc2e02ac2c1212afe00,cell-006-e6777e303cd8,6,e6777e303cd841ea1232366b101d070d7967b7be22a604201f5e551a15aae347,7,3,100,64,4,16,2,1,32,sgd,0.03,0.9,800,512,0.0,8192,0.023637808859348297,0.9940185546875,0.9830194711685181,0.9605913162231445,11.817463874816895,"[5.476130485534668,3.7075469493865967]","[4.382998466491699,4.4091925621032715]",seeds/cell-006-e6777e303cd8/seed-7/checkpoint.pt,seeds/cell-006-e6777e303cd8/seed-7/snapshots/step-000100.pt
1,replication-momentum-sgd-12seeds-v1,acac69fd0fb0eb72c223dcdbd380b2cff3f020d29c0cefc2e02ac2c1212afe00,cell-006-e6777e303cd8,6,e6777e303cd841ea1232366b101d070d7967b7be22a604201f5e551a15aae347,7,4,150,64,4,16,2,1,32,sgd,0.03,0.9,800,512,0.0,8192,0.006086339242756367,0.9986572265625,0.9928385019302368,0.9752302169799805,11.742035865783691,"[5.618701457977295,3.7163538932800293]","[4.495945453643799,4.382625579833984]",seeds/cell-006-e6777e303cd8/seed-7/checkpoint.pt,seeds/cell-006-e6777e303cd8/seed-7/snapshots/step-000150.pt
1,replication-momentum-sgd-12seeds-v1,acac69fd0fb0eb72c223dcdbd380b2cff3f020d29c0cefc2e02ac2c1212afe00,cell-006-e6777e303cd8,6,e6777e303cd841ea1232366b101d070d7967b7be22a604201f5e551a15aae347,7,5,200,64,4,16,2,1,32,sgd,0.03,0.9,800,512,0.0,8192,0.0028257733210921288,0.99951171875,0.9963489770889282,0.9821677207946777,11.714726448059082,"[5.671631336212158,3.7214457988739014]","[4.5484161376953125,4.368519306182861]",seeds/cell-006-e6777e303cd8/seed-7/checkpoint.pt,seeds/cell-006-e6777e303cd8/seed-7/snapshots/step-000200.pt
1,replication-momentum-sgd-12seeds-v1,acac69fd0fb0eb72c223dcdbd380b2cff3f020d29c0cefc2e02ac2c1212afe00,cell-006-e6777e303cd8,6,e6777e303cd841ea1232366b101d070d7967b7be22a604201f5e551a15aae347,7,6,300,64,4,16,2,1,32,sgd,0.03,0.9,800,512,0.0,8192,0.0011649691732600331,0.999755859375,0.9979571104049683,0.9826783537864685,11.661910057067871,"[5.702930450439453,3.729116678237915]","[4.600419521331787,4.356254577636719]",seeds/cell-006-e6777e303cd8/seed-7/checkpoint.pt,seeds/cell-006-e6777e303cd8/seed-7/snapshots/step-000300.pt
1,replication-momentum-sgd-12seeds-v1,acac69fd0fb0eb72c223dcdbd380b2cff3f020d29c0cefc2e02ac2c1212afe00,cell-006-e6777e303cd8,6,e6777e303cd841ea1232366b101d070d7967b7be22a604201f5e551a15aae347,7,7,400,64,4,16,2,1,32,sgd,0.03,0.9,800,512,0.0,8192,0.0004593422927428037,1.0,1.0026733875274658,0.9909934997558594,11.653572082519531,"[5.729864120483398,3.7335991859436035]","[4.630679130554199,4.352539539337158]",seeds/cell-006-e6777e303cd8/seed-7/checkpoint.pt,seeds/cell-006-e6777e303cd8/seed-7/snapshots/step-000400.pt
1,replication-momentum-sgd-12seeds-v1,acac69fd0fb0eb72c223dcdbd380b2cff3f020d29c0cefc2e02ac2c1212afe00,cell-006-e6777e303cd8,6,e6777e303cd841ea1232366b101d070d7967b7be22a604201f5e551a15aae347,7,8,500,64,4,16,2,1,32,sgd,0.03,0.9,800,512,0.0,8192,0.0003067797515541315,1.0,0.9980697631835938,0.9868072271347046,11.64510726928711,"[5.745770454406738,3.7367501258850098]","[4.657800674438477,4.34912109375]",seeds/cell-006-e6777e303cd8/seed-7/checkpoint.pt,seeds/cell-006-e6777e303cd8/seed-7/snapshots/step-000500.pt
1,replication-momentum-sgd-12seeds-v1,acac69fd0fb0eb72c223dcdbd380b2cff3f020d29c0cefc2e02ac2c1212afe00,cell-006-e6777e303cd8,6,e6777e303cd841ea1232366b101d070d7967b7be22a604201f5e551a15aae347,7,9,600,64,4,16,2,1,32,sgd,0.03,0.9,800,512,0.0,8192,0.0002330761926714331,1.0,1.0002784729003906,0.9899753928184509,11.63576889038086,"[5.763031005859375,3.7391891479492188]","[4.680181980133057,4.347278118133545]",seeds/cell-006-e6777e303cd8/seed-7/checkpoint.pt,seeds/cell-006-e6777e303cd8/seed-7/snapshots/step-000600.pt
1,replication-momentum-sgd-12seeds-v1,acac69fd0fb0eb72c223dcdbd380b2cff3f020d29c0cefc2e02ac2c1212afe00,cell-006-e6777e303cd8,6,e6777e303cd841ea1232366b101d070d7967b7be22a604201f5e551a15aae347,7,10,800,64,4,16,2,1,32,sgd,0.03,0.9,800,512,0.0,8192,0.00046422379091382027,0.9998779296875,1.000647783279419,0.9889841675758362,11.627107620239258,"[5.774725914001465,3.7424607276916504]","[4.703314304351807,4.346749305725098]",seeds/cell-006-e6777e303cd8/seed-7/checkpoint.pt,seeds/cell-006-e6777e303cd8/seed-7/snapshots/step-000800.pt
1,replication-momentum-sgd-12seeds-v1,acac69fd0fb0eb72c223dcdbd380b2cff3f020d29c0cefc2e02ac2c1212afe00,cell-006-e6777e303cd8,6,e6777e303cd841ea1232366b101d070d7967b7be22a604201f5e551a15aae347,8,0,0,64,4,16,2,1,32,sgd,0.03,0.9,800,512,0.0,8192,2.6572132110595703,0.4869384765625,-0.03703385591506958,-0.03225601091980934,12.73018741607666,"[3.573154926300049,4.301636695861816]","[4.633659839630127,3.6588168144226074]",seeds/cell-006-e6777e303cd8/seed-8/checkpoint.pt,seeds/cell-006-e6777e303cd8/seed-8/snapshots/step-000000.pt
1,replication-momentum-sgd-12seeds-v1,acac69fd0fb0eb72c223dcdbd380b2cff3f020d29c0cefc2e02ac2c1212afe00,cell-006-e6777e303cd8,6,e6777e303cd841ea1232366b101d070d7967b7be22a604201f5e551a15aae347,8,1,25,64,4,16,2,1,32,sgd,0.03,0.9,800,512,0.0,8192,0.8822922110557556,0.6455078125,0.2382306158542633,0.18817144632339478,12.742046356201172,"[3.469526767730713,4.340773105621338]","[5.394369125366211,4.2901129722595215]",seeds/cell-006-e6777e303cd8/seed-8/checkpoint.pt,seeds/cell-006-e6777e303cd8/seed-8/snapshots/step-000025.pt
1,replication-momentum-sgd-12seeds-v1,acac69fd0fb0eb72c223dcdbd380b2cff3f020d29c0cefc2e02ac2c1212afe00,cell-006-e6777e303cd8,6,e6777e303cd841ea1232366b101d070d7967b7be22a604201f5e551a15aae347,8,2,50,64,4,16,2,1,32,sgd,0.03,0.9,800,512,0.0,8192,0.6873397827148438,0.739013671875,0.2976680397987366,0.28534576296806335,12.710320472717285,"[3.5385286808013916,4.3219099044799805]","[5.563034534454346,4.370471000671387]",seeds/cell-006-e6777e303cd8/seed-8/checkpoint.pt,seeds/cell-006-e6777e303cd8/seed-8/snapshots/step-000050.pt
1,replication-momentum-sgd-12seeds-v1,acac69fd0fb0eb72c223dcdbd380b2cff3f020d29c0cefc2e02ac2c1212afe00,cell-006-e6777e303cd8,6,e6777e303cd841ea1232366b101d070d7967b7be22a604201f5e551a15aae347,8,3,100,64,4,16,2,1,32,sgd,0.03,0.9,800,512,0.0,8192,0.09500035643577576,0.97607421875,0.9099406003952026,0.9249234199523926,12.01358699798584,"[5.133617401123047,4.276020526885986]","[5.795015811920166,4.308342456817627]",seeds/cell-006-e6777e303cd8/seed-8/checkpoint.pt,seeds/cell-006-e6777e303cd8/seed-8/snapshots/step-000100.pt
1,replication-momentum-sgd-12seeds-v1,acac69fd0fb0eb72c223dcdbd380b2cff3f020d29c0cefc2e02ac2c1212afe00,cell-006-e6777e303cd8,6,e6777e303cd841ea1232366b101d070d7967b7be22a604201f5e551a15aae347,8,4,150,64,4,16,2,1,32,sgd,0.03,0.9,800,512,0.0,8192,0.00978866033256054,0.998046875,0.989789605140686,0.9911452531814575,11.84168529510498,"[5.604610443115234,4.260159969329834]","[6.019399642944336,4.232349872589111]",seeds/cell-006-e6777e303cd8/seed-8/checkpoint.pt,seeds/cell-006-e6777e303cd8/seed-8/snapshots/step-000150.pt
1,replication-momentum-sgd-12seeds-v1,acac69fd0fb0eb72c223dcdbd380b2cff3f020d29c0cefc2e02ac2c1212afe00,cell-006-e6777e303cd8,6,e6777e303cd841ea1232366b101d070d7967b7be22a604201f5e551a15aae347,8,5,200,64,4,16,2,1,32,sgd,0.03,0.9,800,512,0.0,8192,0.003025681944563985,0.9998779296875,1.0018219947814941,1.0035154819488525,11.816375732421875,"[5.68033504486084,4.26667594909668]","[6.097414016723633,4.2154860496521]",seeds/cell-006-e6777e303cd8/seed-8/checkpoint.pt,seeds/cell-006-e6777e303cd8/seed-8/snapshots/step-000200.pt
1,replication-momentum-sgd-12seeds-v1,acac69fd0fb0eb72c223dcdbd380b2cff3f020d29c0cefc2e02ac2c1212afe00,cell-006-e6777e303cd8,6,e6777e303cd841ea1232366b101d070d7967b7be22a604201f5e551a15aae347,8,6,300,64,4,16,2,1,32,sgd,0.03,0.9,800,512,0.0,8192,0.0014026013668626547,0.9998779296875,0.9996901750564575,1.0000158548355103,11.795736312866211,"[5.762238025665283,4.271982669830322]","[6.165849208831787,4.204230785369873]",seeds/cell-006-e6777e303cd8/seed-8/checkpoint.pt,seeds/cell-006-e6777e303cd8/seed-8/snapshots/step-000300.pt
1,replication-momentum-sgd-12seeds-v1,acac69fd0fb0eb72c223dcdbd380b2cff3f020d29c0cefc2e02ac2c1212afe00,cell-006-e6777e303cd8,6,e6777e303cd841ea1232366b101d070d7967b7be22a604201f5e551a15aae347,8,7,400,64,4,16,2,1,32,sgd,0.03,0.9,800,512,0.0,8192,0.0011720216134563088,0.9998779296875,0.9988889694213867,1.000776767730713,11.78411865234375,"[5.791380405426025,4.27409029006958]","[6.202666759490967,4.198836803436279]",seeds/cell-006-e6777e303cd8/seed-8/checkpoint.pt,seeds/cell-006-e6777e303cd8/seed-8/snapshots/step-000400.pt
1,replication-momentum-sgd-12seeds-v1,acac69fd0fb0eb72c223dcdbd380b2cff3f020d29c0cefc2e02ac2c1212afe00,cell-006-e6777e303cd8,6,e6777e303cd841ea1232366b101d070d7967b7be22a604201f5e551a15aae347,8,8,500,64,4,16,2,1,32,sgd,0.03,0.9,800,512,0.0,8192,0.0006721713580191135,0.9998779296875,1.0003046989440918,1.001938819885254,11.779708862304688,"[5.8182806968688965,4.275589942932129]","[6.23402214050293,4.194701194763184]",seeds/cell-006-e6777e303cd8/seed-8/checkpoint.pt,seeds/cell-006-e6777e303cd8/seed-8/snapshots/step-000500.pt
1,replication-momentum-sgd-12seeds-v1,acac69fd0fb0eb72c223dcdbd380b2cff3f020d29c0cefc2e02ac2c1212afe00,cell-006-e6777e303cd8,6,e6777e303cd841ea1232366b101d070d7967b7be22a604201f5e551a15aae347,8,9,600,64,4,16,2,1,32,sgd,0.03,0.9,800,512,0.0,8192,0.00032978857052512467,1.0,0.9981290102005005,0.9985587000846863,11.775931358337402,"[5.8319902420043945,4.276907920837402]","[6.253115177154541,4.194021701812744]",seeds/cell-006-e6777e303cd8/seed-8/checkpoint.pt,seeds/cell-006-e6777e303cd8/seed-8/snapshots/step-000600.pt
1,replication-momentum-sgd-12seeds-v1,acac69fd0fb0eb72c223dcdbd380b2cff3f020d29c0cefc2e02ac2c1212afe00,cell-006-e6777e303cd8,6,e6777e303cd841ea1232366b101d070d7967b7be22a604201f5e551a15aae347,8,10,800,64,4,16,2,1,32,sgd,0.03,0.9,800,512,0.0,8192,0.0002129698114003986,1.0,0.998874306678772,0.999397337436676,11.761999130249023,"[5.851588726043701,4.2785186767578125]","[6.279165267944336,4.193513870239258]",seeds/cell-006-e6777e303cd8/seed-8/checkpoint.pt,seeds/cell-006-e6777e303cd8/seed-8/snapshots/step-000800.pt
1,replication-momentum-sgd-12seeds-v1,acac69fd0fb0eb72c223dcdbd380b2cff3f020d29c0cefc2e02ac2c1212afe00,cell-006-e6777e303cd8,6,e6777e303cd841ea1232366b101d070d7967b7be22a604201f5e551a15aae347,9,0,0,64,4,16,2,1,32,sgd,0.03,0.9,800,512,0.0,8192,1.237902045249939,0.4989013671875,-0.005339691415429115,-0.012596676126122475,12.665444374084473,"[4.001247406005859,4.164623260498047]","[3.723081111907959,4.269006729125977]",seeds/cell-006-e6777e303cd8/seed-9/checkpoint.pt,seeds/cell-006-e6777e303cd8/seed-9/snapshots/step-000000.pt
1,replication-momentum-sgd-12seeds-v1,acac69fd0fb0eb72c223dcdbd380b2cff3f020d29c0cefc2e02ac2c1212afe00,cell-006-e6777e303cd8,6,e6777e303cd841ea1232366b101d070d7967b7be22a604201f5e551a15aae347,9,1,25,64,4,16,2,1,32,sgd,0.03,0.9,800,512,0.0,8192,0.7569023370742798,0.705810546875,0.22723853588104248,0.20393072068691254,12.624290466308594,"[3.958082914352417,4.101640701293945]","[3.989684820175171,4.371628284454346]",seeds/cell-006-e6777e303cd8/seed-9/checkpoint.pt,seeds/cell-006-e6777e303cd8/seed-9/snapshots/step-000025.pt
1,replication-momentum-sgd-12seeds-v1,acac69fd0fb0eb72c223dcdbd380b2cff3f020d29c0cefc2e02ac2c1212afe00,cell-006-e6777e303cd8,6,e6777e303cd841ea1232366b101d070d7967b7be22a604201f5e551a15aae347,9,2,50,64,4,16,2,1,32,sgd,0.03,0.9,800,512,0.0,8192,0.6295305490493774,0.7679443359375,0.33974796533584595,0.33970725536346436,12.437434196472168,"[4.1883673667907715,4.047463893890381]","[4.050669193267822,4.366948127746582]",seeds/cell-006-e6777e303cd8/seed-9/checkpoint.pt,seeds/cell-006-e6777e303cd8/seed-9/snapshots/step-000050.pt
1,replication-momentum-sgd-12seeds-v1,acac69fd0fb0eb72c223dcdbd380b2cff3f020d29c0cefc2e02ac2c1212afe00,cell-006-e6777e303cd8,6,e6777e303cd841ea1232366b101d070d7967b7be22a604201f5e551a15aae347,9,3,100,64,4,16,2,1,32,sgd,0.03,0.9,800,512,0.0,8192,0.05030883476138115,0.987060546875,0.9388856887817383,0.9522345662117004,11.519521713256836,"[5.535386085510254,4.018496990203857]","[4.405533790588379,4.294407367706299]",seeds/cell-006-e6777e303cd8/seed-9/checkpoint.pt,seeds/cell-006-e6777e303cd8/seed-9/snapshots/step-000100.pt
1,replication-momentum-sgd-12seeds-v1,acac69fd0fb0eb72c223dcdbd380b2cff3f020d29c0cefc2e02ac2c1212afe00,cell-006-e6777e303cd8,6,e6777e303cd841ea1232366b101d070d7967b7be22a604201f5e551a15aae347,9,4,150,64,4,16,2,1,32,sgd,0.03,0.9,800,512,0.0,8192,0.006075059063732624,0.9991455078125,0.9937447309494019,0.9869813323020935,11.349854469299316,"[5.7895588874816895,4.016655445098877]","[4.556763648986816,4.253784656524658]",seeds/cell-006-e6777e303cd8/seed-9/checkpoint.pt,seeds/cell-006-e6777e303cd8/seed-9/snapshots/step-000150.pt
1,replication-momentum-sgd-12seeds-v1,acac69fd0fb0eb72c223dcdbd380b2cff3f020d29c0cefc2e02ac2c1212afe00,cell-006-e6777e303cd8,6,e6777e303cd841ea1232366b101d070d7967b7be22a604201f5e551a15aae347,9,5,200,64,4,16,2,1,32,sgd,0.03,0.9,800,512,0.0,8192,0.003387897741049528,0.999267578125,0.9915182590484619,0.9880499839782715,11.302809715270996,"[5.851044654846191,4.018039226531982]","[4.6017327308654785,4.240157127380371]",seeds/cell-006-e6777e303cd8/seed-9/checkpoint.pt,seeds/cell-006-e6777e303cd8/seed-9/snapshots/step-000200.pt
1,replication-momentum-sgd-12seeds-v1,acac69fd0fb0eb72c223dcdbd380b2cff3f020d29c0cefc2e02ac2c1212afe00,cell-006-e6777e303cd8,6,e6777e303cd841ea1232366b101d070d7967b7be22a604201f5e551a15aae347,9,6,300,64,4,16,2,1,32,sgd,0.03,0.9,800,512,0.0,8192,0.000977364252321422,0.9998779296875,1.0000567436218262,0.9934364557266235,11.275861740112305,"[5.894574165344238,4.019911289215088]","[4.662662982940674,4.223464488983154]",seeds/cell-006-e6777e303cd8/seed-9/checkpoint.pt,seeds/cell-006-e6777e303cd8/seed-9/snapshots/step-000300.pt
1,replication-momentum-sgd-12seeds-v1,acac69fd0fb0eb72c223dcdbd380b2cff3f020d29c0cefc2e02ac2c1212afe00,cell-006-e6777e303cd8,6,e6777e303cd841ea1232366b101d070d7967b7be22a604201f5e551a15aae347,9,7,400,64,4,16,2,1,32,sgd,0.03,0.9,800,512,0.0,8192,0.0005115522653795779,1.0,0.9980982542037964,0.989639401435852,11.266345024108887,"[5.91571569442749,4.0221967697143555]","[4.6871442794799805,4.221805095672607]",seeds/cell-006-e6777e303cd8/seed-9/checkpoint.pt,seeds/cell-006-e6777e303cd8/seed-9/snapshots/step-000400.pt
1,replication-momentum-sgd-12seeds-v1,acac69fd0fb0eb72c223dcdbd380b2cff3f020d29c0cefc2e02ac2c1212afe00,cell-006-e6777e303cd8,6,e6777e303cd841ea1232366b101d070d7967b7be22a604201f5e551a15aae347,9,8,500,64,4,16,2,1,32,sgd,0.03,0.9,800,512,0.0,8192,0.0003301844699308276,1.0,0.9967681765556335,0.9877375960350037,11.257624626159668,"[5.934938430786133,4.023179531097412]","[4.708242416381836,4.219546794891357]",seeds/cell-006-e6777e303cd8/seed-9/checkpoint.pt,seeds/cell-006-e6777e303cd8/seed-9/snapshots/step-000500.pt
1,replication-momentum-sgd-12seeds-v1,acac69fd0fb0eb72c223dcdbd380b2cff3f020d29c0cefc2e02ac2c1212afe00,cell-006-e6777e303cd8,6,e6777e303cd841ea1232366b101d070d7967b7be22a604201f5e551a15aae347,9,9,600,64,4,16,2,1,32,sgd,0.03,0.9,800,512,0.0,8192,0.00025361342704854906,1.0,0.9979294538497925,0.9879060983657837,11.255544662475586,"[5.9418134689331055,4.024289608001709]","[4.721320152282715,4.219298362731934]",seeds/cell-006-e6777e303cd8/seed-9/checkpoint.pt,seeds/cell-006-e6777e303cd8/seed-9/snapshots/step-000600.pt
1,replication-momentum-sgd-12seeds-v1,acac69fd0fb0eb72c223dcdbd380b2cff3f020d29c0cefc2e02ac2c1212afe00,cell-006-e6777e303cd8,6,e6777e303cd841ea1232366b101d070d7967b7be22a604201f5e551a15aae347,9,10,800,64,4,16,2,1,32,sgd,0.03,0.9,800,512,0.0,8192,0.0001792714319890365,1.0,0.9998100996017456,0.9920603036880493,11.239532470703125,"[5.971889972686768,4.026132583618164]","[4.745344638824463,4.217945098876953]",seeds/cell-006-e6777e303cd8/seed-9/checkpoint.pt,seeds/cell-006-e6777e303cd8/seed-9/snapshots/step-000800.pt
1,replication-momentum-sgd-12seeds-v1,acac69fd0fb0eb72c223dcdbd380b2cff3f020d29c0cefc2e02ac2c1212afe00,cell-006-e6777e303cd8,6,e6777e303cd841ea1232366b101d070d7967b7be22a604201f5e551a15aae347,10,0,0,64,4,16,2,1,32,sgd,0.03,0.9,800,512,0.0,8192,2.6628808975219727,0.5106201171875,0.03765992075204849,0.04897744953632355,12.805933952331543,"[4.2282586097717285,3.937769651412964]","[3.8760507106781006,4.100001335144043]",seeds/cell-006-e6777e303cd8/seed-10/checkpoint.pt,seeds/cell-006-e6777e303cd8/seed-10/snapshots/step-000000.pt
1,replication-momentum-sgd-12seeds-v1,acac69fd0fb0eb72c223dcdbd380b2cff3f020d29c0cefc2e02ac2c1212afe00,cell-006-e6777e303cd8,6,e6777e303cd841ea1232366b101d070d7967b7be22a604201f5e551a15aae347,10,1,25,64,4,16,2,1,32,sgd,0.03,0.9,800,512,0.0,8192,0.9722082018852234,0.5977783203125,0.15547865629196167,0.12685075402259827,12.774352073669434,"[4.028378963470459,3.8967456817626953]","[5.057072639465332,4.528154373168945]",seeds/cell-006-e6777e303cd8/seed-10/checkpoint.pt,seeds/cell-006-e6777e303cd8/seed-10/snapshots/step-000025.pt
1,replication-momentum-sgd-12seeds-v1,acac69fd0fb0eb72c223dcdbd380b2cff3f020d29c0cefc2e02ac2c1212afe00,cell-006-e6777e303cd8,6,e6777e303cd841ea1232366b101d070d7967b7be22a604201f5e551a15aae347,10,2,50,64,4,16,2,1,32,sgd,0.03,0.9,800,512,0.0,8192,0.8393925428390503,0.6754150390625,0.22752124071121216,0.1990048885345459,12.791207313537598,"[3.9108645915985107,3.889411449432373]","[5.165208339691162,4.6719183921813965]",seeds/cell-006-e6777e303cd8/seed-10/checkpoint.pt,seeds/cell-006-e6777e303cd8/seed-10/snapshots/step-000050.pt
1,replication-momentum-sgd-12seeds-v1,acac69fd0fb0eb72c223dcdbd380b2cff3f020d29c0cefc2e02ac2c1212afe00,cell-006-e6777e303cd8,6,e6777e303cd841ea1232366b101d070d7967b7be22a604201f5e551a15aae347,10,3,100,64,4,16,2,1,32,sgd,0.03,0.9,800,512,0.0,8192,0.7550469636917114,0.6973876953125,0.24007506668567657,0.22927822172641754,12.77408218383789,"[3.948662281036377,3.8687477111816406]","[5.172835826873779,4.733832359313965]",seeds/cell-006-e6777e303cd8/seed-10/checkpoint.pt,seeds/cell-006-e6777e303cd8/seed-10/snapshots/step-000100.pt
1,replication-momentum-sgd-12seeds-v1,acac69fd0fb0eb72c223dcdbd380b2cff3f020d29c0cefc2e02ac2c1212afe00,cell-006-e6777e303cd8,6,e6777e303cd841ea1232366b101d070d7967b7be22a604201f5e551a15aae347,10,4,150,64,4,16,2,1,32,sgd,0.03,0.9,800,512,0.0,8192,0.605722188949585,0.78369140625,0.39106285572052,0.4033946692943573,12.478506088256836,"[4.672563552856445,3.8775570392608643]","[5.306549549102783,4.6416521072387695]",seeds/cell-006-e6777e303cd8/seed-10/checkpoint.pt,seeds/cell-006-e6777e303cd8/seed-10/snapshots/step-000150.pt
1,replication-momentum-sgd-12seeds-v1,acac69fd0fb0eb72c223dcdbd380b2cff3f020d29c0cefc2e02ac2c1212afe00,cell-006-e6777e303cd8,6,e6777e303cd841ea1232366b101d070d7967b7be22a604201f5e551a15aae347,10,5,200,64,4,16,2,1,32,sgd,0.03,0.9,800,512,0.0,8192,0.060590747743844986,0.984375,0.921028733253479,0.9308750629425049,11.598061561584473,"[6.343189716339111,3.8351669311523438]","[5.540159225463867,4.627524375915527]",seeds/cell-006-e6777e303cd8/seed-10/checkpoint.pt,seeds/cell-006-e6777e303cd8/seed-10/snapshots/step-000200.pt
1,replication-momentum-sgd-12seeds-v1,acac69fd0fb0eb72c223dcdbd380b2cff3f020d29c0cefc2e02ac2c1212afe00,cell-006-e6777e303cd8,6,e6777e303cd841ea1232366b101d070d7967b7be22a604201f5e551a15aae347,10,6,300,64,4,16,2,1,32,sgd,0.03,0.9,800,512,0.0,8192,0.00634433887898922,0.998291015625,0.9998685121536255,1.0031213760375977,11.361461639404297,"[6.752527236938477,3.838772773742676]","[5.728676795959473,4.595098495483398]",seeds/cell-006-e6777e303cd8/seed-10/checkpoint.pt,seeds/cell-006-e6777e303cd8/seed-10/snapshots/step-000300.pt
1,replication-momentum-sgd-12seeds-v1,acac69fd0fb0eb72c223dcdbd380b2cff3f020d29c0cefc2e02ac2c1212afe00,cell-006-e6777e303cd8,6,e6777e303cd841ea1232366b101d070d7967b7be22a604201f5e551a15aae347,10,7,400,64,4,16,2,1,32,sgd,0.03,0.9,800,512,0.0,8192,0.0022101332433521748,0.99951171875,0.9996750354766846,1.0044949054718018,11.337640762329102,"[6.796751976013184,3.842144250869751]","[5.784363746643066,4.589386940002441]",seeds/cell-006-e6777e303cd8/seed-10/checkpoint.pt,seeds/cell-006-e6777e303cd8/seed-10/snapshots/step-000400.pt
1,replication-momentum-sgd-12seeds-v1,acac69fd0fb0eb72c223dcdbd380b2cff3f020d29c0cefc2e02ac2c1212afe00,cell-006-e6777e303cd8,6,e6777e303cd841ea1232366b101d070d7967b7be22a604201f5e551a15aae347,10,8,500,64,4,16,2,1,32,sgd,0.03,0.9,800,512,0.0,8192,0.0013837527949362993,0.999755859375,1.000867247581482,1.0062764883041382,11.317237854003906,"[6.836411476135254,3.844636917114258]","[5.817066669464111,4.584664344787598]",seeds/cell-006-e6777e303cd8/seed-10/checkpoint.pt,seeds/cell-006-e6777e303cd8/seed-10/snapshots/step-000500.pt
1,replication-momentum-sgd-12seeds-v1,acac69fd0fb0eb72c223dcdbd380b2cff3f020d29c0cefc2e02ac2c1212afe00,cell-006-e6777e303cd8,6,e6777e303cd841ea1232366b101d070d7967b7be22a604201f5e551a15aae347,10,9,600,64,4,16,2,1,32,sgd,0.03,0.9,800,512,0.0,8192,0.0011051683686673641,0.9998779296875,0.9980362057685852,1.0028998851776123,11.300793647766113,"[6.8565802574157715,3.8462445735931396]","[5.84184455871582,4.580953121185303]",seeds/cell-006-e6777e303cd8/seed-10/checkpoint.pt,seeds/cell-006-e6777e303cd8/seed-10/snapshots/step-000600.pt
1,replication-momentum-sgd-12seeds-v1,acac69fd0fb0eb72c223dcdbd380b2cff3f020d29c0cefc2e02ac2c1212afe00,cell-006-e6777e303cd8,6,e6777e303cd841ea1232366b101d070d7967b7be22a604201f5e551a15aae347,10,10,800,64,4,16,2,1,32,sgd,0.03,0.9,800,512,0.0,8192,0.00034679911914281547,1.0,0.9999957084655762,1.004072666168213,11.278271675109863,"[6.8967084884643555,3.8491973876953125]","[5.875332355499268,4.57525634765625]",seeds/cell-006-e6777e303cd8/seed-10/checkpoint.pt,seeds/cell-006-e6777e303cd8/seed-10/snapshots/step-000800.pt
1,replication-momentum-sgd-12seeds-v1,acac69fd0fb0eb72c223dcdbd380b2cff3f020d29c0cefc2e02ac2c1212afe00,cell-006-e6777e303cd8,6,e6777e303cd841ea1232366b101d070d7967b7be22a604201f5e551a15aae347,11,0,0,64,4,16,2,1,32,sgd,0.03,0.9,800,512,0.0,8192,2.156938076019287,0.413818359375,-0.14384062588214874,-0.06563541293144226,12.324060440063477,"[3.670578956604004,4.01758337020874]","[3.4368984699249268,3.90490984916687]",seeds/cell-006-e6777e303cd8/seed-11/checkpoint.pt,seeds/cell-006-e6777e303cd8/seed-11/snapshots/step-000000.pt
1,replication-momentum-sgd-12seeds-v1,acac69fd0fb0eb72c223dcdbd380b2cff3f020d29c0cefc2e02ac2c1212afe00,cell-006-e6777e303cd8,6,e6777e303cd841ea1232366b101d070d7967b7be22a604201f5e551a15aae347,11,1,25,64,4,16,2,1,32,sgd,0.03,0.9,800,512,0.0,8192,0.7527323365211487,0.70458984375,0.21283333003520966,0.18311138451099396,12.290182113647461,"[3.6333179473876953,3.9389867782592773]","[3.8466339111328125,4.378416538238525]",seeds/cell-006-e6777e303cd8/seed-11/checkpoint.pt,seeds/cell-006-e6777e303cd8/seed-11/snapshots/step-000025.pt
1,replication-momentum-sgd-12seeds-v1,acac69fd0fb0eb72c223dcdbd380b2cff3f020d29c0cefc2e02ac2c1212afe00,cell-006-e6777e303cd8,6,e6777e303cd841ea1232366b101d070d7967b7be22a604201f5e551a15aae347,11,2,50,64,4,16,2,1,32,sgd,0.03,0.9,800,512,0.0,8192,0.6880382299423218,0.7398681640625,0.295885294675827,0.2798449397087097,12.173747062683105,"[3.8254921436309814,3.9427499771118164]","[4.000672340393066,4.461889743804932]",seeds/cell-006-e6777e303cd8/seed-11/checkpoint.pt,seeds/cell-006-e6777e303cd8/seed-11/snapshots/step-000050.pt
1,replication-momentum-sgd-12seeds-v1,acac69fd0fb0eb72c223dcdbd380b2cff3f020d29c0cefc2e02ac2c1212afe00,cell-006-e6777e303cd8,6,e6777e303cd841ea1232366b101d070d7967b7be22a604201f5e551a15aae347,11,3,100,64,4,16,2,1,32,sgd,0.03,0.9,800,512,0.0,8192,0.14978447556495667,0.9561767578125,0.8559333086013794,0.8674064874649048,11.349187850952148,"[5.4154253005981445,3.988346576690674]","[4.198140621185303,4.421144008636475]",seeds/cell-006-e6777e303cd8/seed-11/checkpoint.pt,seeds/cell-006-e6777e303cd8/seed-11/snapshots/step-000100.pt
1,replication-momentum-sgd-12seeds-v1,acac69fd0fb0eb72c223dcdbd380b2cff3f020d29c0cefc2e02ac2c1212afe00,cell-006-e6777e303cd8,6,e6777e303cd841ea1232366b101d070d7967b7be22a604201f5e551a15aae347,11,4,150,64,4,16,2,1,32,sgd,0.03,0.9,800,512,0.0,8192,0.010682107880711555,0.9981689453125,0.9956686496734619,0.9950381517410278,11.047784805297852,"[5.949545860290527,3.9856784343719482]","[4.385883331298828,4.347521781921387]",seeds/cell-006-e6777e303cd8/seed-11/checkpoint.pt,seeds/cell-006-e6777e303cd8/seed-11/snapshots/step-000150.pt
1,replication-momentum-sgd-12seeds-v1,acac69fd0fb0eb72c223dcdbd380b2cff3f020d29c0cefc2e02ac2c1212afe00,cell-006-e6777e303cd8,6,e6777e303cd841ea1232366b101d070d7967b7be22a604201f5e551a15aae347,11,5,200,64,4,16,2,1,32,sgd,0.03,0.9,800,512,0.0,8192,0.003639714326709509,0.999267578125,1.0006520748138428,1.003612756729126,10.980585098266602,"[6.057952880859375,3.990917682647705]","[4.459238529205322,4.334346771240234]",seeds/cell-006-e6777e303cd8/seed-11/checkpoint.pt,seeds/cell-006-e6777e303cd8/seed-11/snapshots/step-000200.pt
1,replication-momentum-sgd-12seeds-v1,acac69fd0fb0eb72c223dcdbd380b2cff3f020d29c0cefc2e02ac2c1212afe00,cell-006-e6777e303cd8,6,e6777e303cd841ea1232366b101d070d7967b7be22a604201f5e551a15aae347,11,6,300,64,4,16,2,1,32,sgd,0.03,0.9,800,512,0.0,8192,0.0012506897328421474,0.9996337890625,0.9999445676803589,1.007948398590088,10.943285942077637,"[6.106216907501221,3.9940578937530518]","[4.5192742347717285,4.3268723487854]",seeds/cell-006-e6777e303cd8/seed-11/checkpoint.pt,seeds/cell-006-e6777e303cd8/seed-11/snapshots/step-000300.pt
1,replication-momentum-sgd-12seeds-v1,acac69fd0fb0eb72c223dcdbd380b2cff3f020d29c0cefc2e02ac2c1212afe00,cell-006-e6777e303cd8,6,e6777e303cd841ea1232366b101d070d7967b7be22a604201f5e551a15aae347,11,7,400,64,4,16,2,1,32,sgd,0.03,0.9,800,512,0.0,8192,0.0005794258322566748,1.0,0.9964951276779175,1.001526951789856,10.912714004516602,"[6.159494400024414,3.9949960708618164]","[4.55316686630249,4.321784496307373]",seeds/cell-006-e6777e303cd8/seed-11/checkpoint.pt,seeds/cell-006-e6777e303cd8/seed-11/snapshots/step-000400.pt
1,replication-momentum-sgd-12seeds-v1,acac69fd0fb0eb72c223dcdbd380b2cff3f020d29c0cefc2e02ac2c1212afe00,cell-006-e6777e303cd8,6,e6777e303cd841ea1232366b101d070d7967b7be22a604201f5e551a15aae347,11,8,500,64,4,16,2,1,32,sgd,0.03,0.9,800,512,0.0,8192,0.0006053450633771718,0.9998779296875,0.998077392578125,1.0051062107086182,10.898719787597656,"[6.178589344024658,3.9957783222198486]","[4.57357120513916,4.32016658782959]",seeds/cell-006-e6777e303cd8/seed-11/checkpoint.pt,seeds/cell-006-e6777e303cd8/seed-11/snapshots/step-000500.pt
1,replication-momentum-sgd-12seeds-v1,acac69fd0fb0eb72c223dcdbd380b2cff3f020d29c0cefc2e02ac2c1212afe00,cell-006-e6777e303cd8,6,e6777e303cd841ea1232366b101d070d7967b7be22a604201f5e551a15aae347,11,9,600,64,4,16,2,1,32,sgd,0.03,0.9,800,512,0.0,8192,0.000431632564868778,0.9998779296875,0.999609112739563,1.0067332983016968,10.890910148620605,"[6.185751438140869,3.996269464492798]","[4.587610244750977,4.319080829620361]",seeds/cell-006-e6777e303cd8/seed-11/checkpoint.pt,seeds/cell-006-e6777e303cd8/seed-11/snapshots/step-000600.pt
1,replication-momentum-sgd-12seeds-v1,acac69fd0fb0eb72c223dcdbd380b2cff3f020d29c0cefc2e02ac2c1212afe00,cell-006-e6777e303cd8,6,e6777e303cd841ea1232366b101d070d7967b7be22a604201f5e551a15aae347,11,10,800,64,4,16,2,1,32,sgd,0.03,0.9,800,512,0.0,8192,0.00039476476376876235,0.9998779296875,0.9968351125717163,1.0073566436767578,10.873808860778809,"[6.206696510314941,3.99639630317688]","[4.608550548553467,4.318376064300537]",seeds/cell-006-e6777e303cd8/seed-11/checkpoint.pt,seeds/cell-006-e6777e303cd8/seed-11/snapshots/step-000800.pt
1,replication-momentum-sgd-12seeds-v1,acac69fd0fb0eb72c223dcdbd380b2cff3f020d29c0cefc2e02ac2c1212afe00,cell-007-0f2b695d9caf,7,0f2b695d9caff0dad9eab170484009d434e64faeb22d0a7e793e545f0f3fb12e,0,0,0,64,4,16,2,4,32,sgd,0.03,0.9,800,512,0.0,8192,1.602602243423462,0.522705078125,0.08597659319639206,0.03680391609668732,12.355873107910156,"[2.252674102783203,2.094904899597168,1.8735402822494507,2.102350950241089,2.002980947494507,2.3968353271484375,1.9061778783798218,1.9087990522384644]","[1.6132971048355103,2.4702723026275635,2.08280611038208,1.651474118232727,2.1643009185791016,2.027656078338623,1.6235835552215576,1.8250246047973633]",seeds/cell-007-0f2b695d9caf/seed-0/checkpoint.pt,seeds/cell-007-0f2b695d9caf/seed-0/snapshots/step-000000.pt
1,replication-momentum-sgd-12seeds-v1,acac69fd0fb0eb72c223dcdbd380b2cff3f020d29c0cefc2e02ac2c1212afe00,cell-007-0f2b695d9caf,7,0f2b695d9caff0dad9eab170484009d434e64faeb22d0a7e793e545f0f3fb12e,0,1,25,64,4,16,2,4,32,sgd,0.03,0.9,800,512,0.0,8192,0.806037425994873,0.6865234375,0.21953874826431274,0.20068153738975525,12.407455444335938,"[2.255695104598999,2.043811082839966,1.8851536512374878,2.090620756149292,2.007061004638672,2.4115710258483887,1.9379476308822632,1.9023207426071167]","[1.7425380945205688,2.8345069885253906,2.3727643489837646,1.823122501373291,2.4178335666656494,2.1024606227874756,1.9259594678878784,1.9894806146621704]",seeds/cell-007-0f2b695d9caf/seed-0/checkpoint.pt,seeds/cell-007-0f2b695d9caf/seed-0/snapshots/step-000025.pt
1,replication-momentum-sgd-12seeds-v1,acac69fd0fb0eb72c223dcdbd380b2cff3f020d29c0cefc2e02ac2c1212afe00,cell-007-0f2b695d9caf,7,0f2b695d9caff0dad9eab170484009d434e64faeb22d0a7e793e545f0f3fb12e,0,2,50,64,4,16,2,4,32,sgd,0.03,0.9,800,512,0.0,8192,0.7468160390853882,0.7027587890625,0.24567413330078125,0.2250993400812149,12.407683372497559,"[2.227135181427002,2.058297872543335,1.8727693557739258,2.081864833831787,2.00785493850708,2.414401054382324,1.9457743167877197,1.89506995677948]","[1.7304325103759766,2.9117116928100586,2.3951263427734375,1.8548071384429932,2.4490106105804443,2.150135040283203,1.9754043817520142,2.0166239738464355]",seeds/cell-007-0f2b695d9caf/seed-0/checkpoint.pt,seeds/cell-007-0f2b695d9caf/seed-0/snapshots/step-000050.pt
1,replication-momentum-sgd-12seeds-v1,acac69fd0fb0eb72c223dcdbd380b2cff3f020d29c0cefc2e02ac2c1212afe00,cell-007-0f2b695d9caf,7,0f2b695d9caff0dad9eab170484009d434e64faeb22d0a7e793e545f0f3fb12e,0,3,100,64,4,16,2,4,32,sgd,0.03,0.9,800,512,0.0,8192,0.5469141006469727,0.8026123046875,0.44201934337615967,0.4521550238132477,12.158341407775879,"[2.2029688358306885,2.7249364852905273,1.8348509073257446,2.0990142822265625,2.006265878677368,2.4071238040924072,1.9406073093414307,1.8844209909439087]","[1.69557523727417,3.288825511932373,2.3393304347991943,1.8201438188552856,2.4382753372192383,2.148909091949463,1.8986997604370117,1.9720818996429443]",seeds/cell-007-0f2b695d9caf/seed-0/checkpoint.pt,seeds/cell-007-0f2b695d9caf/seed-0/snapshots/step-000100.pt
1,replication-momentum-sgd-12seeds-v1,acac69fd0fb0eb72c223dcdbd380b2cff3f020d29c0cefc2e02ac2c1212afe00,cell-007-0f2b695d9caf,7,0f2b695d9caff0dad9eab170484009d434e64faeb22d0a7e793e545f0f3fb12e,0,4,150,64,4,16,2,4,32,sgd,0.03,0.9,800,512,0.0,8192,0.19607479870319366,0.938232421875,0.8298736810684204,0.835982084274292,11.362359046936035,"[2.198659896850586,3.8576719760894775,1.7712626457214355,2.1371846199035645,2.0068140029907227,2.4032936096191406,1.9303079843521118,1.8892713785171509]","[1.6902828216552734,3.6684701442718506,2.2227237224578857,1.8163622617721558,2.4453821182250977,2.136471748352051,1.8794504404067993,1.968300223350525]",seeds/cell-007-0f2b695d9caf/seed-0/checkpoint.pt,seeds/cell-007-0f2b695d9caf/seed-0/snapshots/step-000150.pt
1,replication-momentum-sgd-12seeds-v1,acac69fd0fb0eb72c223dcdbd380b2cff3f020d29c0cefc2e02ac2c1212afe00,cell-007-0f2b695d9caf,7,0f2b695d9caff0dad9eab170484009d434e64faeb22d0a7e793e545f0f3fb12e,0,5,200,64,4,16,2,4,32,sgd,0.03,0.9,800,512,0.0,8192,0.07849785685539246,0.9769287109375,0.892258882522583,0.8954688310623169,10.946109771728516,"[2.1890482902526855,4.379351615905762,1.7426856756210327,2.153639316558838,2.0133817195892334,2.4351375102996826,1.9349627494812012,1.9048385620117188]","[1.6728917360305786,3.9631216526031494,2.147893190383911,1.8167978525161743,2.42478346824646,2.143136978149414,1.870346188545227,1.9418672323226929]",seeds/cell-007-0f2b695d9caf/seed-0/checkpoint.pt,seeds/cell-007-0f2b695d9caf/seed-0/snapshots/step-000200.pt
1,replication-momentum-sgd-12seeds-v1,acac69fd0fb0eb72c223dcdbd380b2cff3f020d29c0cefc2e02ac2c1212afe00,cell-007-0f2b695d9caf,7,0f2b695d9caff0dad9eab170484009d434e64faeb22d0a7e793e545f0f3fb12e,0,6,300,64,4,16,2,4,32,sgd,0.03,0.9,800,512,0.0,8192,0.019807055592536926,0.993896484375,0.9873359799385071,0.9842835664749146,10.451990127563477,"[2.1687068939208984,4.725778579711914,1.7338699102401733,2.1725714206695557,2.019028663635254,2.4409050941467285,1.9417994022369385,1.9123930931091309]","[1.6236780881881714,4.310312271118164,2.1141586303710938,1.792629599571228,2.394456624984741,2.1189181804656982,1.8613560199737549,1.923986554145813]",seeds/cell-007-0f2b695d9caf/seed-0/checkpoint.pt,seeds/cell-007-0f2b695d9caf/seed-0/snapshots/step-000300.pt
1,replication-momentum-sgd-12seeds-v1,acac69fd0fb0eb72c223dcdbd380b2cff3f020d29c0cefc2e02ac2c1212afe00,cell-007-0f2b695d9caf,7,0f2b695d9caff0dad9eab170484009d434e64faeb22d0a7e793e545f0f3fb12e,0,7,400,64,4,16,2,4,32,sgd,0.03,0.9,800,512,0.0,8192,0.00975744053721428,0.9970703125,0.9810885787010193,0.9760379791259766,10.036802291870117,"[2.1576082706451416,4.945562839508057,1.7338238954544067,2.1905734539031982,2.0205891132354736,2.4420087337493896,1.9451230764389038,1.9183732271194458]","[1.600880742073059,4.494271278381348,2.0858333110809326,1.799702763557434,2.3813676834106445,2.1110689640045166,1.8581880331039429,1.9189201593399048]",seeds/cell-007-0f2b695d9caf/seed-0/checkpoint.pt,seeds/cell-007-0f2b695d9caf/seed-0/snapshots/step-000400.pt
1,replication-momentum-sgd-12seeds-v1,acac69fd0fb0eb72c223dcdbd380b2cff3f020d29c0cefc2e02ac2c1212afe00,cell-007-0f2b695d9caf,7,0f2b695d9caff0dad9eab170484009d434e64faeb22d0a7e793e545f0f3fb12e,0,8,500,64,4,16,2,4,32,sgd,0.03,0.9,800,512,0.0,8192,0.003859886433929205,0.9989013671875,1.0057729482650757,0.9989848136901855,9.825789451599121,"[2.1504180431365967,5.028791904449463,1.7302087545394897,2.1967074871063232,2.0227792263031006,2.444993257522583,1.9485242366790771,1.9211452007293701]","[1.5867483615875244,4.6238579750061035,2.0612924098968506,1.7963753938674927,2.374513864517212,2.100507974624634,1.8631716966629028,1.9157143831253052]",seeds/cell-007-0f2b695d9caf/seed-0/checkpoint.pt,seeds/cell-007-0f2b695d9caf/seed-0/snapshots/step-000500.pt
1,replication-momentum-sgd-12seeds-v1,acac69fd0fb0eb72c223dcdbd380b2cff3f020d29c0cefc2e02ac2c1212afe00,cell-007-0f2b695d9caf,7,0f2b695d9caff0dad9eab170484009d434e64faeb22d0a7e793e545f0f3fb12e,0,9,600,64,4,16,2,4,32,sgd,0.03,0.9,800,512,0.0,8192,0.0013266410678625107,0.9998779296875,0.9906216263771057,0.9862716794013977,9.684233665466309,"[2.1461315155029297,5.109055042266846,1.7283042669296265,2.199955701828003,2.022848606109619,2.4465601444244385,1.9510105848312378,1.9231866598129272]","[1.5782890319824219,4.724706172943115,2.041118860244751,1.7875789403915405,2.3699562549591064,2.0963313579559326,1.8652772903442383,1.9127060174942017]",seeds/cell-007-0f2b695d9caf/seed-0/checkpoint.pt,seeds/cell-007-0f2b695d9caf/seed-0/snapshots/step-000600.pt
1,replication-momentum-sgd-12seeds-v1,acac69fd0fb0eb72c223dcdbd380b2cff3f020d29c0cefc2e02ac2c1212afe00,cell-007-0f2b695d9caf,7,0f2b695d9caff0dad9eab170484009d434e64faeb22d0a7e793e545f0f3fb12e,0,10,800,64,4,16,2,4,32,sgd,0.03,0.9,800,512,0.0,8192,0.0019189282320439816,0.99951171875,0.9967759251594543,0.9920268654823303,9.355374336242676,"[2.1395392417907715,5.219682693481445,1.7267272472381592,2.2094290256500244,2.0241551399230957,2.446915626525879,1.9539397954940796,1.9257925748825073]","[1.5712274312973022,4.8252949714660645,2.017150402069092,1.7927601337432861,2.3647172451019287,2.0879483222961426,1.8672794103622437,1.9103611707687378]",seeds/cell-007-0f2b695d9caf/seed-0/checkpoint.pt,seeds/cell-007-0f2b695d9caf/seed-0/snapshots/step-000800.pt
1,replication-momentum-sgd-12seeds-v1,acac69fd0fb0eb72c223dcdbd380b2cff3f020d29c0cefc2e02ac2c1212afe00,cell-007-0f2b695d9caf,7,0f2b695d9caff0dad9eab170484009d434e64faeb22d0a7e793e545f0f3fb12e,1,0,0,64,4,16,2,4,32,sgd,0.03,0.9,800,512,0.0,8192,1.8434034585952759,0.5477294921875,0.1149282157421112,0.08720501512289047,12.593384742736816,"[1.9784802198410034,1.7887513637542725,1.6888729333877563,2.3359375,1.7368708848953247,2.4412295818328857,1.4113306999206543,2.3760464191436768]","[2.252469301223755,2.032057046890259,2.367873430252075,1.5225862264633179,2.273386240005493,2.4275336265563965,2.0064620971679688,1.8578726053237915]",seeds/cell-007-0f2b695d9caf/seed-1/checkpoint.pt,seeds/cell-007-0f2b695d9caf/seed-1/snapshots/step-000000.pt
1,replication-momentum-sgd-12seeds-v1,acac69fd0fb0eb72c223dcdbd380b2cff3f020d29c0cefc2e02ac2c1212afe00,cell-007-0f2b695d9caf,7,0f2b695d9caff0dad9eab170484009d434e64faeb22d0a7e793e545f0f3fb12e,1,1,25,64,4,16,2,4,32,sgd,0.03,0.9,800,512,0.0,8192,0.8112056851387024,0.67822265625,0.20447735488414764,0.1766095757484436,12.623772621154785,"[1.94029700756073,1.79742431640625,1.657198190689087,2.3604471683502197,1.7415851354599,2.4399585723876953,1.429802417755127,2.394300937652588]","[2.445716619491577,2.1215877532958984,2.5534300804138184,1.5794377326965332,2.2565948963165283,2.556839942932129,2.076308488845825,2.0247838497161865]",seeds/cell-007-0f2b695d9caf/seed-1/checkpoint.pt,seeds/cell-007-0f2b695d9caf/seed-1/snapshots/step-000025.pt
1,replication-momentum-sgd-12seeds-v1,acac69fd0fb0eb72c223dcdbd380b2cff3f020d29c0cefc2e02ac2c1212afe00,cell-007-0f2b695d9caf,7,0f2b695d9caff0dad9eab170484009d434e64faeb22d0a7e793e545f0f3fb12e,1,2,50,64,4,16,2,4,32,sgd,0.03,0.9,800,512,0.0,8192,0.7371070981025696,0.710693359375,0.26901280879974365,0.2461005598306656,12.646636962890625,"[1.9293569326400757,1.8081177473068237,1.689818263053894,2.3758790493011475,1.7453022003173828,2.434136152267456,1.43040132522583,2.3971526622772217]","[2.5093235969543457,2.1586010456085205,2.64728045463562,1.5941647291183472,2.265279769897461,2.604367256164551,2.113483428955078,2.047100305557251]",seeds/cell-007-0f2b695d9caf/seed-1/checkpoint.pt,seeds/cell-007-0f2b695d9caf/seed-1/snapshots/step-000050.pt
1,replication-momentum-sgd-12seeds-v1,acac69fd0fb0eb72c223dcdbd380b2cff3f020d29c0cefc2e02ac2c1212afe00,cell-007-0f2b695d9caf,7,0f2b695d9caff0dad9eab170484009d434e64faeb22d0a7e793e545f0f3fb12e,1,3,100,64,4,16,2,4,32,sgd,0.03,0.9,800,512,0.0,8192,0.3792237639427185,0.879638671875,0.5955402851104736,0.6303725242614746,12.160284042358398,"[2.591106414794922,1.813157320022583,2.3085830211639404,2.4390740394592285,1.7638001441955566,2.444227457046509,1.4385470151901245,2.368900775909424]","[2.6560275554656982,2.276108503341675,2.774474859237671,1.5823783874511719,2.2643790245056152,2.5662107467651367,2.0906381607055664,2.0655643939971924]",seeds/cell-007-0f2b695d9caf/seed-1/checkpoint.pt,seeds/cell-007-0f2b695d9caf/seed-1/snapshots/step-000100.pt
1,replication-momentum-sgd-12seeds-v1,acac69fd0fb0eb72c223dcdbd380b2cff3f020d29c0cefc2e02ac2c1212afe00,cell-007-0f2b695d9caf,7,0f2b695d9caff0dad9eab170484009d434e64faeb22d0a7e793e545f0f3fb12e,1,4,150,64,4,16,2,4,32,sgd,0.03,0.9,800,512,0.0,8192,0.06442281603813171,0.98388671875,0.9292502999305725,0.9200134873390198,11.627082824707031,"[3.1958398818969727,1.750230312347412,2.85587739944458,2.509810209274292,1.7679413557052612,2.453458070755005,1.4468835592269897,2.3500564098358154]","[2.924030065536499,2.2106740474700928,2.9326701164245605,1.5707550048828125,2.261249303817749,2.520003080368042,2.09775447845459,2.0385820865631104]",seeds/cell-007-0f2b695d9caf/seed-1/checkpoint.pt,seeds/cell-007-0f2b695d9caf/seed-1/snapshots/step-000150.pt
1,replication-momentum-sgd-12seeds-v1,acac69fd0fb0eb72c223dcdbd380b2cff3f020d29c0cefc2e02ac2c1212afe00,cell-007-0f2b695d9caf,7,0f2b695d9caff0dad9eab170484009d434e64faeb22d0a7e793e545f0f3fb12e,1,5,200,64,4,16,2,4,32,sgd,0.03,0.9,800,512,0.0,8192,0.02056061662733555,0.9952392578125,0.9611107707023621,0.9459418058395386,11.480193138122559,"[3.4276347160339355,1.7095643281936646,3.0726161003112793,2.5316810607910156,1.771551489830017,2.456918716430664,1.4501769542694092,2.340468168258667]","[2.993443250656128,2.184704303741455,3.058511972427368,1.5371538400650024,2.25891375541687,2.5061824321746826,2.092681884765625,2.014178514480591]",seeds/cell-007-0f2b695d9caf/seed-1/checkpoint.pt,seeds/cell-007-0f2b695d9caf/seed-1/snapshots/step-000200.pt
1,replication-momentum-sgd-12seeds-v1,acac69fd0fb0eb72c223dcdbd380b2cff3f020d29c0cefc2e02ac2c1212afe00,cell-007-0f2b695d9caf,7,0f2b695d9caff0dad9eab170484009d434e64faeb22d0a7e793e545f0f3fb12e,1,6,300,64,4,16,2,4,32,sgd,0.03,0.9,800,512,0.0,8192,0.005019643343985081,0.9991455078125,0.9848393201828003,0.9705346822738647,11.332342147827148,"[3.641289472579956,1.6869475841522217,3.201117992401123,2.5502424240112305,1.7745349407196045,2.459852695465088,1.4520212411880493,2.332672595977783]","[3.133652925491333,2.1440844535827637,3.0630359649658203,1.5082892179489136,2.2574777603149414,2.504117488861084,2.087329149246216,1.9976725578308105]",seeds/cell-007-0f2b695d9caf/seed-1/checkpoint.pt,seeds/cell-007-0f2b695d9caf/seed-1/snapshots/step-000300.pt
1,replication-momentum-sgd-12seeds-v1,acac69fd0fb0eb72c223dcdbd380b2cff3f020d29c0cefc2e02ac2c1212afe00,cell-007-0f2b695d9caf,7,0f2b695d9caff0dad9eab170484009d434e64faeb22d0a7e793e545f0f3fb12e,1,7,400,64,4,16,2,4,32,sgd,0.03,0.9,800,512,0.0,8192,0.0026734289713203907,0.999267578125,1.0035970211029053,0.990835428237915,11.214786529541016,"[3.7098276615142822,1.680968165397644,3.2588024139404297,2.551532506942749,1.775608777999878,2.460383415222168,1.452531099319458,2.3305819034576416]","[3.149357795715332,2.151134490966797,3.099688768386841,1.4834275245666504,2.2578110694885254,2.5083751678466797,2.0834908485412598,1.9906022548675537]",seeds/cell-007-0f2b695d9caf/seed-1/checkpoint.pt,seeds/cell-007-0f2b695d9caf/seed-1/snapshots/step-000400.pt
1,replication-momentum-sgd-12seeds-v1,acac69fd0fb0eb72c223dcdbd380b2cff3f020d29c0cefc2e02ac2c1212afe00,cell-007-0f2b695d9caf,7,0f2b695d9caff0dad9eab170484009d434e64faeb22d0a7e793e545f0f3fb12e,1,8,500,64,4,16,2,4,32,sgd,0.03,0.9,800,512,0.0,8192,0.0026651222724467516,0.99951171875,0.9965593814849854,0.9798895120620728,11.173517227172852,"[3.743317127227783,1.663367509841919,3.3042075634002686,2.55664324760437,1.7758241891860962,2.4603986740112305,1.4525631666183472,2.3303470611572266]","[3.1855757236480713,2.1333391666412354,3.1114888191223145,1.4722317457199097,2.258430004119873,2.509392023086548,2.081221342086792,1.9893709421157837]",seeds/cell-007-0f2b695d9caf/seed-1/checkpoint.pt,seeds/cell-007-0f2b695d9caf/seed-1/snapshots/step-000500.pt
1,replication-momentum-sgd-12seeds-v1,acac69fd0fb0eb72c223dcdbd380b2cff3f020d29c0cefc2e02ac2c1212afe00,cell-007-0f2b695d9caf,7,0f2b695d9caff0dad9eab170484009d434e64faeb22d0a7e793e545f0f3fb12e,1,9,600,64,4,16,2,4,32,sgd,0.03,0.9,800,512,0.0,8192,0.004098824225366116,0.9990234375,0.9935168027877808,0.982511043548584,11.09372329711914,"[3.815420389175415,1.6523081064224243,3.3225502967834473,2.5567147731781006,1.7765449285507202,2.459796667098999,1.4530510902404785,2.330735206604004]","[3.243140459060669,2.133439779281616,3.0736887454986572,1.455208659172058,2.2586519718170166,2.5064024925231934,2.0808496475219727,1.9909685850143433]",seeds/cell-007-0f2b695d9caf/seed-1/checkpoint.pt,seeds/cell-007-0f2b695d9caf/seed-1/snapshots/step-000600.pt
1,replication-momentum-sgd-12seeds-v1,acac69fd0fb0eb72c223dcdbd380b2cff3f020d29c0cefc2e02ac2c1212afe00,cell-007-0f2b695d9caf,7,0f2b695d9caff0dad9eab170484009d434e64faeb22d0a7e793e545f0f3fb12e,1,10,800,64,4,16,2,4,32,sgd,0.03,0.9,800,512,0.0,8192,0.000988576328381896,0.9998779296875,0.9983471632003784,0.9831197261810303,10.993332862854004,"[3.888463020324707,1.62962806224823,3.4153075218200684,2.5632822513580322,1.776981234550476,2.45965576171875,1.4527044296264648,2.3321549892425537]","[3.2451653480529785,2.1182949542999268,3.121829032897949,1.4358984231948853,2.259808301925659,2.5043394565582275,2.078667640686035,1.9919592142105103]",seeds/cell-007-0f2b695d9caf/seed-1/checkpoint.pt,seeds/cell-007-0f2b695d9caf/seed-1/snapshots/step-000800.pt
1,replication-momentum-sgd-12seeds-v1,acac69fd0fb0eb72c223dcdbd380b2cff3f020d29c0cefc2e02ac2c1212afe00,cell-007-0f2b695d9caf,7,0f2b695d9caff0dad9eab170484009d434e64faeb22d0a7e793e545f0f3fb12e,2,0,0,64,4,16,2,4,32,sgd,0.03,0.9,800,512,0.0,8192,2.423245906829834,0.5054931640625,0.04919558763504028,0.010068530216813087,12.61670970916748,"[1.6120094060897827,2.075968027114868,1.5698741674423218,2.1924140453338623,1.983648657798767,1.9488996267318726,1.8852417469024658,1.6653364896774292]","[2.4220786094665527,2.073361873626709,1.9178056716918945,2.445955753326416,1.6486704349517822,2.0871260166168213,2.00693941116333,1.5575634241104126]",seeds/cell-007-0f2b695d9caf/seed-2/checkpoint.pt,seeds/cell-007-0f2b695d9caf/seed-2/snapshots/step-000000.pt
1,replication-momentum-sgd-12seeds-v1,acac69fd0fb0eb72c223dcdbd380b2cff3f020d29c0cefc2e02ac2c1212afe00,cell-007-0f2b695d9caf,7,0f2b695d9caff0dad9eab170484009d434e64faeb22d0a7e793e545f0f3fb12e,2,1,25,64,4,16,2,4,32,sgd,0.03,0.9,800,512,0.0,8192,0.8016676902770996,0.679931640625,0.21282947063446045,0.1894720047712326,12.627521514892578,"[1.599865436553955,2.0756564140319824,1.5586858987808228,2.19197940826416,1.9923450946807861,1.9622455835342407,1.9033087491989136,1.6432113647460938]","[2.741445779800415,2.419483184814453,2.3974030017852783,2.433806896209717,1.8734344244003296,2.5389726161956787,2.3680431842803955,1.6994599103927612]",seeds/cell-007-0f2b695d9caf/seed-2/checkpoint.pt,seeds/cell-007-0f2b695d9caf/seed-2/snapshots/step-000025.pt
1,replication-momentum-sgd-12seeds-v1,acac69fd0fb0eb72c223dcdbd380b2cff3f020d29c0cefc2e02ac2c1212afe00,cell-007-0f2b695d9caf,7,0f2b695d9caff0dad9eab170484009d434e64faeb22d0a7e793e545f0f3fb12e,2,2,50,64,4,16,2,4,32,sgd,0.03,0.9,800,512,0.0,8192,0.7358153462409973,0.714111328125,0.2569255828857422,0.23078495264053345,12.636255264282227,"[1.6249374151229858,2.0470781326293945,1.5319610834121704,2.187624454498291,1.9929357767105103,1.9686685800552368,1.904995083808899,1.6419072151184082]","[2.8518741130828857,2.4681177139282227,2.5180506706237793,2.4335641860961914,1.8966147899627686,2.6163864135742188,2.4311840534210205,1.73198401927948]",seeds/cell-007-0f2b695d9caf/seed-2/checkpoint.pt,seeds/cell-007-0f2b695d9caf/seed-2/snapshots/step-000050.pt
1,replication-momentum-sgd-12seeds-v1,acac69fd0fb0eb72c223dcdbd380b2cff3f020d29c0cefc2e02ac2c1212afe00,cell-007-0f2b695d9caf,7,0f2b695d9caff0dad9eab170484009d434e64faeb22d0a7e793e545f0f3fb12e,2,3,100,64,4,16,2,4,32,sgd,0.03,0.9,800,512,0.0,8192,0.5873662233352661,0.7872314453125,0.4173628091812134,0.4127190113067627,12.446869850158691,"[2.1453394889831543,2.149230480194092,1.6521135568618774,2.2138681411743164,1.9924572706222534,1.9643635749816895,1.9007073640823364,1.6432439088821411]","[3.015768051147461,2.4132261276245117,2.4926671981811523,2.445484161376953,1.8893024921417236,2.558634042739868,2.381173849105835,1.7309682369232178]",seeds/cell-007-0f2b695d9caf/seed-2/checkpoint.pt,seeds/cell-007-0f2b695d9caf/seed-2/snapshots/step-000100.pt
1,replication-momentum-sgd-12seeds-v1,acac69fd0fb0eb72c223dcdbd380b2cff3f020d29c0cefc2e02ac2c1212afe00,cell-007-0f2b695d9caf,7,0f2b695d9caff0dad9eab170484009d434e64faeb22d0a7e793e545f0f3fb12e,2,4,150,64,4,16,2,4,32,sgd,0.03,0.9,800,512,0.0,8192,0.16455620527267456,0.950927734375,0.8719215989112854,0.889824628829956,11.524660110473633,"[3.2001900672912598,2.296429395675659,1.9757931232452393,2.1507437229156494,1.9778220653533936,1.9681416749954224,1.891416072845459,1.6397573947906494]","[3.3921618461608887,2.339221477508545,2.5232155323028564,2.342118263244629,1.8649240732192993,2.5318691730499268,2.3360116481781006,1.737467885017395]",seeds/cell-007-0f2b695d9caf/seed-2/checkpoint.pt,seeds/cell-007-0f2b695d9caf/seed-2/snapshots/step-000150.pt
1,replication-momentum-sgd-12seeds-v1,acac69fd0fb0eb72c223dcdbd380b2cff3f020d29c0cefc2e02ac2c1212afe00,cell-007-0f2b695d9caf,7,0f2b695d9caff0dad9eab170484009d434e64faeb22d0a7e793e545f0f3fb12e,2,5,200,64,4,16,2,4,32,sgd,0.03,0.9,800,512,0.0,8192,0.030282175168395042,0.9913330078125,0.9827142953872681,0.9738752841949463,11.079248428344727,"[3.616875410079956,2.3288166522979736,2.1990509033203125,2.068965435028076,1.9708869457244873,1.9663351774215698,1.8802835941314697,1.6236361265182495]","[3.668942928314209,2.269404172897339,2.62337589263916,2.233422040939331,1.8215776681900024,2.5259761810302734,2.300290822982788,1.704301118850708]",seeds/cell-007-0f2b695d9caf/seed-2/checkpoint.pt,seeds/cell-007-0f2b695d9caf/seed-2/snapshots/step-000200.pt
1,replication-momentum-sgd-12seeds-v1,acac69fd0fb0eb72c223dcdbd380b2cff3f020d29c0cefc2e02ac2c1212afe00,cell-007-0f2b695d9caf,7,0f2b695d9caff0dad9eab170484009d434e64faeb22d0a7e793e545f0f3fb12e,2,6,300,64,4,16,2,4,32,sgd,0.03,0.9,800,512,0.0,8192,0.006349616684019566,0.9990234375,0.9986419677734375,0.9910520315170288,10.83143424987793,"[3.8227078914642334,2.329368829727173,2.367414951324463,2.0157344341278076,1.962532639503479,1.9665656089782715,1.8826792240142822,1.6113475561141968]","[3.8402607440948486,2.1826977729797363,2.726198434829712,2.1612210273742676,1.7862918376922607,2.550663948059082,2.28033447265625,1.656615972518921]",seeds/cell-007-0f2b695d9caf/seed-2/checkpoint.pt,seeds/cell-007-0f2b695d9caf/seed-2/snapshots/step-000300.pt
1,replication-momentum-sgd-12seeds-v1,acac69fd0fb0eb72c223dcdbd380b2cff3f020d29c0cefc2e02ac2c1212afe00,cell-007-0f2b695d9caf,7,0f2b695d9caff0dad9eab170484009d434e64faeb22d0a7e793e545f0f3fb12e,2,7,400,64,4,16,2,4,32,sgd,0.03,0.9,800,512,0.0,8192,0.0027900671120733023,0.999755859375,0.9992632865905762,0.9890007972717285,10.681802749633789,"[3.9263288974761963,2.3356752395629883,2.4524030685424805,1.9966139793395996,1.9597176313400269,1.9700008630752563,1.882354736328125,1.6079002618789673]","[3.895183801651001,2.151496648788452,2.784993886947632,2.1260054111480713,1.7753634452819824,2.572223424911499,2.268228530883789,1.6347334384918213]",seeds/cell-007-0f2b695d9caf/seed-2/checkpoint.pt,seeds/cell-007-0f2b695d9caf/seed-2/snapshots/step-000400.pt
1,replication-momentum-sgd-12seeds-v1,acac69fd0fb0eb72c223dcdbd380b2cff3f020d29c0cefc2e02ac2c1212afe00,cell-007-0f2b695d9caf,7,0f2b695d9caff0dad9eab170484009d434e64faeb22d0a7e793e545f0f3fb12e,2,8,500,64,4,16,2,4,32,sgd,0.03,0.9,800,512,0.0,8192,0.001963650342077017,0.999755859375,0.9978811740875244,0.9895725250244141,10.606335639953613,"[3.970008611679077,2.3437929153442383,2.4791533946990967,1.9844752550125122,1.9593942165374756,1.9714913368225098,1.881633996963501,1.6059964895248413]","[3.9389400482177734,2.142942190170288,2.7871713638305664,2.1170427799224854,1.7713695764541626,2.5815577507019043,2.2597012519836426,1.6222738027572632]",seeds/cell-007-0f2b695d9caf/seed-2/checkpoint.pt,seeds/cell-007-0f2b695d9caf/seed-2/snapshots/step-000500.pt
1,replication-momentum-sgd-12seeds-v1,acac69fd0fb0eb72c223dcdbd380b2cff3f020d29c0cefc2e02ac2c1212afe00,cell-007-0f2b695d9caf,7,0f2b695d9caff0dad9eab170484009d434e64faeb22d0a7e793e545f0f3fb12e,2,9,600,64,4,16,2,4,32,sgd,0.03,0.9,800,512,0.0,8192,0.00240415520966053,0.99951171875,0.9977865219116211,0.986572265625,10.525080680847168,"[4.01543664932251,2.3424623012542725,2.5178921222686768,1.9693673849105835,1.9591255187988281,1.9729169607162476,1.8808125257492065,1.605017900466919]","[3.953585624694824,2.1274611949920654,2.837711811065674,2.0897440910339355,1.7669609785079956,2.588131904602051,2.256065607070923,1.6135705709457397]",seeds/cell-007-0f2b695d9caf/seed-2/checkpoint.pt,seeds/cell-007-0f2b695d9caf/seed-2/snapshots/step-000600.pt
1,replication-momentum-sgd-12seeds-v1,acac69fd0fb0eb72c223dcdbd380b2cff3f020d29c0cefc2e02ac2c1212afe00,cell-007-0f2b695d9caf,7,0f2b695d9caff0dad9eab170484009d434e64faeb22d0a7e793e545f0f3fb12e,2,10,800,64,4,16,2,4,32,sgd,0.03,0.9,800,512,0.0,8192,0.0018378718523308635,0.999755859375,0.9944875836372375,0.9834852814674377,10.39697265625,"[4.071553707122803,2.346198558807373,2.587883949279785,1.9620403051376343,1.9582064151763916,1.9763433933258057,1.8802800178527832,1.6037449836730957]","[3.9420480728149414,2.110551595687866,2.905869245529175,2.069061040878296,1.7627397775650024,2.5996036529541016,2.2485408782958984,1.6023356914520264]",seeds/cell-007-0f2b695d9caf/seed-2/checkpoint.pt,seeds/cell-007-0f2b695d9caf/seed-2/snapshots/step-000800.pt
1,replication-momentum-sgd-12seeds-v1,acac69fd0fb0eb72c223dcdbd380b2cff3f020d29c0cefc2e02ac2c1212afe00,cell-007-0f2b695d9caf,7,0f2b695d9caff0dad9eab170484009d434e64faeb22d0a7e793e545f0f3fb12e,3,0,0,64,4,16,2,4,32,sgd,0.03,0.9,800,512,0.0,8192,1.08393394947052,0.50048828125,0.0020707184448838234,-0.006737167946994305,13.330070495605469,"[2.3397912979125977,1.8779879808425903,2.0200843811035156,2.5263137817382812,2.129859685897827,1.9169400930404663,1.6585842370986938,2.0309863090515137]","[2.3605666160583496,2.0272769927978516,1.9116997718811035,2.1247193813323975,1.8430081605911255,2.4144461154937744,2.0936734676361084,1.9105982780456543]",seeds/cell-007-0f2b695d9caf/seed-3/checkpoint.pt,seeds/cell-007-0f2b695d9caf/seed-3/snapshots/step-000000.pt
1,replication-momentum-sgd-12seeds-v1,acac69fd0fb0eb72c223dcdbd380b2cff3f020d29c0cefc2e02ac2c1212afe00,cell-007-0f2b695d9caf,7,0f2b695d9caff0dad9eab170484009d434e64faeb22d0a7e793e545f0f3fb12e,3,1,25,64,4,16,2,4,32,sgd,0.03,0.9,800,512,0.0,8192,0.801817774772644,0.68505859375,0.23029100894927979,0.2083781212568283,13.329268455505371,"[2.3138203620910645,1.8529549837112427,1.9689584970474243,2.4829981327056885,2.135342836380005,1.8736658096313477,1.6534316539764404,2.0285794734954834]","[2.311408758163452,2.017427921295166,1.9300847053527832,2.1777901649475098,1.9478596448898315,2.4339406490325928,2.0024752616882324,1.9381227493286133]",seeds/cell-007-0f2b695d9caf/seed-3/checkpoint.pt,seeds/cell-007-0f2b695d9caf/seed-3/snapshots/step-000025.pt
1,replication-momentum-sgd-12seeds-v1,acac69fd0fb0eb72c223dcdbd380b2cff3f020d29c0cefc2e02ac2c1212afe00,cell-007-0f2b695d9caf,7,0f2b695d9caff0dad9eab170484009d434e64faeb22d0a7e793e545f0f3fb12e,3,2,50,64,4,16,2,4,32,sgd,0.03,0.9,800,512,0.0,8192,0.7746289968490601,0.6944580078125,0.27286607027053833,0.26154041290283203,13.287421226501465,"[2.349374532699585,1.8594194650650024,1.9340429306030273,2.4763896465301514,2.141697406768799,1.8701835870742798,1.6508212089538574,2.0274367332458496]","[2.3545303344726562,2.0266900062561035,1.9280593395233154,2.2048842906951904,1.9757239818572998,2.4291820526123047,1.9903948307037354,1.95138680934906]",seeds/cell-007-0f2b695d9caf/seed-3/checkpoint.pt,seeds/cell-007-0f2b695d9caf/seed-3/snapshots/step-000050.pt
1,replication-momentum-sgd-12seeds-v1,acac69fd0fb0eb72c223dcdbd380b2cff3f020d29c0cefc2e02ac2c1212afe00,cell-007-0f2b695d9caf,7,0f2b695d9caff0dad9eab170484009d434e64faeb22d0a7e793e545f0f3fb12e,3,3,100,64,4,16,2,4,32,sgd,0.03,0.9,800,512,0.0,8192,0.4766179323196411,0.8331298828125,0.544602632522583,0.584247350692749,12.735512733459473,"[2.8377468585968018,1.9246923923492432,2.047710418701172,2.594184398651123,2.1407947540283203,1.8654426336288452,1.6392637491226196,2.043140411376953]","[2.6450581550598145,1.9683314561843872,1.9449244737625122,2.218344211578369,1.9263615608215332,2.417879104614258,1.989226222038269,1.9516212940216064]",seeds/cell-007-0f2b695d9caf/seed-3/checkpoint.pt,seeds/cell-007-0f2b695d9caf/seed-3/snapshots/step-000100.pt
1,replication-momentum-sgd-12seeds-v1,acac69fd0fb0eb72c223dcdbd380b2cff3f020d29c0cefc2e02ac2c1212afe00,cell-007-0f2b695d9caf,7,0f2b695d9caff0dad9eab170484009d434e64faeb22d0a7e793e545f0f3fb12e,3,4,150,64,4,16,2,4,32,sgd,0.03,0.9,800,512,0.0,8192,0.14124795794487,0.959716796875,0.8585690259933472,0.8887707591056824,11.919061660766602,"[3.3551690578460693,1.9765751361846924,2.1245031356811523,2.7950549125671387,2.1094138622283936,1.8498589992523193,1.6112432479858398,2.051875591278076]","[2.930006742477417,1.9305992126464844,1.9438186883926392,2.198552370071411,1.8894368410110474,2.423110246658325,1.960542917251587,1.9413931369781494]",seeds/cell-007-0f2b695d9caf/seed-3/checkpoint.pt,seeds/cell-007-0f2b695d9caf/seed-3/snapshots/step-000150.pt
1,replication-momentum-sgd-12seeds-v1,acac69fd0fb0eb72c223dcdbd380b2cff3f020d29c0cefc2e02ac2c1212afe00,cell-007-0f2b695d9caf,7,0f2b695d9caff0dad9eab170484009d434e64faeb22d0a7e793e545f0f3fb12e,3,5,200,64,4,16,2,4,32,sgd,0.03,0.9,800,512,0.0,8192,0.041110944002866745,0.98779296875,0.9453659057617188,0.962926983833313,11.375053405761719,"[3.784153699874878,1.9956531524658203,2.138561487197876,2.8471243381500244,2.1074018478393555,1.825683832168579,1.610826849937439,2.0535600185394287]","[3.1396567821502686,1.8928099870681763,1.9299306869506836,2.1711583137512207,1.8843846321105957,2.4068641662597656,1.9426558017730713,1.929811716079712]",seeds/cell-007-0f2b695d9caf/seed-3/checkpoint.pt,seeds/cell-007-0f2b695d9caf/seed-3/snapshots/step-000200.pt
1,replication-momentum-sgd-12seeds-v1,acac69fd0fb0eb72c223dcdbd380b2cff3f020d29c0cefc2e02ac2c1212afe00,cell-007-0f2b695d9caf,7,0f2b695d9caff0dad9eab170484009d434e64faeb22d0a7e793e545f0f3fb12e,3,6,300,64,4,16,2,4,32,sgd,0.03,0.9,800,512,0.0,8192,0.01389729417860508,0.995849609375,0.9801508188247681,0.9966590404510498,10.889593124389648,"[4.070870399475098,1.9942748546600342,2.1591429710388184,2.8639416694641113,2.1070261001586914,1.8129096031188965,1.6147959232330322,2.0545194149017334]","[3.2953414916992188,1.8340736627578735,1.8933467864990234,2.125670909881592,1.892311692237854,2.4163451194763184,1.9427355527877808,1.9143004417419434]",seeds/cell-007-0f2b695d9caf/seed-3/checkpoint.pt,seeds/cell-007-0f2b695d9caf/seed-3/snapshots/step-000300.pt
1,replication-momentum-sgd-12seeds-v1,acac69fd0fb0eb72c223dcdbd380b2cff3f020d29c0cefc2e02ac2c1212afe00,cell-007-0f2b695d9caf,7,0f2b695d9caff0dad9eab170484009d434e64faeb22d0a7e793e545f0f3fb12e,3,7,400,64,4,16,2,4,32,sgd,0.03,0.9,800,512,0.0,8192,0.004048417322337627,0.9991455078125,1.003598690032959,1.0200531482696533,10.621380805969238,"[4.189919471740723,1.9931480884552002,2.159116268157959,2.8805253505706787,2.1055893898010254,1.8093913793563843,1.61307954788208,2.0534889698028564]","[3.311037063598633,1.8139396905899048,1.8908584117889404,2.1643850803375244,1.8935973644256592,2.4180057048797607,1.9386544227600098,1.9058846235275269]",seeds/cell-007-0f2b695d9caf/seed-3/checkpoint.pt,seeds/cell-007-0f2b695d9caf/seed-3/snapshots/step-000400.pt
1,replication-momentum-sgd-12seeds-v1,acac69fd0fb0eb72c223dcdbd380b2cff3f020d29c0cefc2e02ac2c1212afe00,cell-007-0f2b695d9caf,7,0f2b695d9caff0dad9eab170484009d434e64faeb22d0a7e793e545f0f3fb12e,3,8,500,64,4,16,2,4,32,sgd,0.03,0.9,800,512,0.0,8192,0.0027668362017720938,0.999267578125,1.0006895065307617,1.0219154357910156,10.486557960510254,"[4.257385730743408,1.9843289852142334,2.14847993850708,2.882962703704834,2.1058387756347656,1.8082278966903687,1.612770915031433,2.0544872283935547]","[3.3534958362579346,1.7863565683364868,1.8714547157287598,2.163254737854004,1.891788125038147,2.4147210121154785,1.9401074647903442,1.9048049449920654]",seeds/cell-007-0f2b695d9caf/seed-3/checkpoint.pt,seeds/cell-007-0f2b695d9caf/seed-3/snapshots/step-000500.pt
1,replication-momentum-sgd-12seeds-v1,acac69fd0fb0eb72c223dcdbd380b2cff3f020d29c0cefc2e02ac2c1212afe00,cell-007-0f2b695d9caf,7,0f2b695d9caff0dad9eab170484009d434e64faeb22d0a7e793e545f0f3fb12e,3,9,600,64,4,16,2,4,32,sgd,0.03,0.9,800,512,0.0,8192,0.0006490202504210174,1.0,1.0017056465148926,1.0166095495224,10.299095153808594,"[4.299568176269531,1.9853239059448242,2.151078701019287,2.906742572784424,2.107095956802368,1.8014380931854248,1.6112507581710815,2.0557823181152344]","[3.353409767150879,1.7742295265197754,1.8630276918411255,2.1903631687164307,1.896972894668579,2.4167706966400146,1.9416147470474243,1.9015957117080688]",seeds/cell-007-0f2b695d9caf/seed-3/checkpoint.pt,seeds/cell-007-0f2b695d9caf/seed-3/snapshots/step-000600.pt
1,replication-momentum-sgd-12seeds-v1,acac69fd0fb0eb72c223dcdbd380b2cff3f020d29c0cefc2e02ac2c1212afe00,cell-007-0f2b695d9caf,7,0f2b695d9caff0dad9eab170484009d434e64faeb22d0a7e793e545f0f3fb12e,3,10,800,64,4,16,2,4,32,sgd,0.03,0.9,800,512,0.0,8192,0.0037147747352719307,0.9986572265625,0.9922287464141846,1.0084620714187622,10.056594848632812,"[4.410868167877197,1.9857258796691895,2.1648929119110107,2.925910472869873,2.107253074645996,1.797743797302246,1.610112190246582,2.056192636489868]","[3.381136655807495,1.7563989162445068,1.8437491655349731,2.1898410320281982,1.895121693611145,2.42122745513916,1.9403799772262573,1.8978590965270996]",seeds/cell-007-0f2b695d9caf/seed-3/checkpoint.pt,seeds/cell-007-0f2b695d9caf/seed-3/snapshots/step-000800.pt
1,replication-momentum-sgd-12seeds-v1,acac69fd0fb0eb72c223dcdbd380b2cff3f020d29c0cefc2e02ac2c1212afe00,cell-007-0f2b695d9caf,7,0f2b695d9caff0dad9eab170484009d434e64faeb22d0a7e793e545f0f3fb12e,4,0,0,64,4,16,2,4,32,sgd,0.03,0.9,800,512,0.0,8192,1.3525638580322266,0.5576171875,0.10865786671638489,0.06698282063007355,12.968238830566406,"[2.445768356323242,2.2979581356048584,1.9703452587127686,2.010552406311035,1.84684157371521,2.2452168464660645,2.1335105895996094,2.046917200088501]","[2.0045273303985596,1.8882421255111694,1.7149848937988281,1.8674228191375732,2.070310592651367,2.017899751663208,2.3684699535369873,1.8523094654083252]",seeds/cell-007-0f2b695d9caf/seed-4/checkpoint.pt,seeds/cell-007-0f2b695d9caf/seed-4/snapshots/step-000000.pt
1,replication-momentum-sgd-12seeds-v1,acac69fd0fb0eb72c223dcdbd380b2cff3f020d29c0cefc2e02ac2c1212afe00,cell-007-0f2b695d9caf,7,0f2b695d9caff0dad9eab170484009d434e64faeb22d0a7e793e545f0f3fb12e,4,1,25,64,4,16,2,4,32,sgd,0.03,0.9,800,512,0.0,8192,0.763434648513794,0.701171875,0.21681275963783264,0.17826154828071594,12.952735900878906,"[2.442972421646118,2.3124794960021973,1.956047773361206,2.011162519454956,1.8211981058120728,2.2361698150634766,2.1305932998657227,2.0374767780303955]","[2.052013635635376,1.9545835256576538,1.7422921657562256,2.0972230434417725,2.0905661582946777,2.1335368156433105,2.490342378616333,1.8317776918411255]",seeds/cell-007-0f2b695d9caf/seed-4/checkpoint.pt,seeds/cell-007-0f2b695d9caf/seed-4/snapshots/step-000025.pt
1,replication-momentum-sgd-12seeds-v1,acac69fd0fb0eb72c223dcdbd380b2cff3f020d29c0cefc2e02ac2c1212afe00,cell-007-0f2b695d9caf,7,0f2b695d9caff0dad9eab170484009d434e64faeb22d0a7e793e545f0f3fb12e,4,2,50,64,4,16,2,4,32,sgd,0.03,0.9,800,512,0.0,8192,0.6486803293228149,0.7554931640625,0.35036882758140564,0.3305525481700897,12.844189643859863,"[2.457176923751831,2.3373889923095703,1.9413419961929321,2.1908161640167236,1.8085838556289673,2.231139898300171,2.1240458488464355,2.034499168395996]","[2.0325727462768555,1.9658865928649902,1.7357046604156494,2.2724602222442627,2.051413059234619,2.148507595062256,2.4887752532958984,1.8175339698791504]",seeds/cell-007-0f2b695d9caf/seed-4/checkpoint.pt,seeds/cell-007-0f2b695d9caf/seed-4/snapshots/step-000050.pt
1,replication-momentum-sgd-12seeds-v1,acac69fd0fb0eb72c223dcdbd380b2cff3f020d29c0cefc2e02ac2c1212afe00,cell-007-0f2b695d9caf,7,0f2b695d9caff0dad9eab170484009d434e64faeb22d0a7e793e545f0f3fb12e,4,3,100,64,4,16,2,4,32,sgd,0.03,0.9,800,512,0.0,8192,0.178876593708992,0.9459228515625,0.7769285440444946,0.75554358959198,12.09763240814209,"[2.507396936416626,2.3850598335266113,1.924107313156128,3.1552276611328125,1.852278709411621,2.231630802154541,2.1242384910583496,2.0371201038360596]","[1.9135336875915527,1.9972145557403564,1.6445204019546509,2.603440284729004,2.0020062923431396,2.1630442142486572,2.426966667175293,1.8197890520095825]",seeds/cell-007-0f2b695d9caf/seed-4/checkpoint.pt,seeds/cell-007-0f2b695d9caf/seed-4/snapshots/step-000100.pt
1,replication-momentum-sgd-12seeds-v1,acac69fd0fb0eb72c223dcdbd380b2cff3f020d29c0cefc2e02ac2c1212afe00,cell-007-0f2b695d9caf,7,0f2b695d9caff0dad9eab170484009d434e64faeb22d0a7e793e545f0f3fb12e,4,4,150,64,4,16,2,4,32,sgd,0.03,0.9,800,512,0.0,8192,0.05049867555499077,0.9847412109375,0.9409627318382263,0.9096769094467163,11.530061721801758,"[2.5207126140594482,2.3733866214752197,1.903916835784912,3.7804179191589355,1.87200129032135,2.2347235679626465,2.119137763977051,2.0380992889404297]","[1.8443963527679443,1.8850232362747192,1.5830106735229492,3.0033154487609863,1.9677306413650513,2.1710333824157715,2.4130656719207764,1.8173573017120361]",seeds/cell-007-0f2b695d9caf/seed-4/checkpoint.pt,seeds/cell-007-0f2b695d9caf/seed-4/snapshots/step-000150.pt
1,replication-momentum-sgd-12seeds-v1,acac69fd0fb0eb72c223dcdbd380b2cff3f020d29c0cefc2e02ac2c1212afe00,cell-007-0f2b695d9caf,7,0f2b695d9caff0dad9eab170484009d434e64faeb22d0a7e793e545f0f3fb12e,4,5,200,64,4,16,2,4,32,sgd,0.03,0.9,800,512,0.0,8192,0.05643734708428383,0.982177734375,0.9490467309951782,0.920107364654541,11.14585018157959,"[2.5282397270202637,2.3668506145477295,1.9012091159820557,4.0495781898498535,1.8759450912475586,2.2378876209259033,2.114706039428711,2.0389084815979004]","[1.8258037567138672,1.8257745504379272,1.5672791004180908,3.1149418354034424,1.9601483345031738,2.184068202972412,2.40765643119812,1.8211467266082764]",seeds/cell-007-0f2b695d9caf/seed-4/checkpoint.pt,seeds/cell-007-0f2b695d9caf/seed-4/snapshots/step-000200.pt
1,replication-momentum-sgd-12seeds-v1,acac69fd0fb0eb72c223dcdbd380b2cff3f020d29c0cefc2e02ac2c1212afe00,cell-007-0f2b695d9caf,7,0f2b695d9caff0dad9eab170484009d434e64faeb22d0a7e793e545f0f3fb12e,4,6,300,64,4,16,2,4,32,sgd,0.03,0.9,800,512,0.0,8192,0.006446216255426407,0.998046875,0.9935422539710999,0.9741993546485901,10.597415924072266,"[2.5325212478637695,2.3477954864501953,1.8976528644561768,4.299850940704346,1.878061294555664,2.2422518730163574,2.1122076511383057,2.0392026901245117]","[1.788273811340332,1.7672556638717651,1.5411700010299683,3.264768600463867,1.9545551538467407,2.1955363750457764,2.400634527206421,1.8216325044631958]",seeds/cell-007-0f2b695d9caf/seed-4/checkpoint.pt,seeds/cell-007-0f2b695d9caf/seed-4/snapshots/step-000300.pt
1,replication-momentum-sgd-12seeds-v1,acac69fd0fb0eb72c223dcdbd380b2cff3f020d29c0cefc2e02ac2c1212afe00,cell-007-0f2b695d9caf,7,0f2b695d9caff0dad9eab170484009d434e64faeb22d0a7e793e545f0f3fb12e,4,7,400,64,4,16,2,4,32,sgd,0.03,0.9,800,512,0.0,8192,0.005395038053393364,0.9986572265625,1.0035189390182495,0.9808013439178467,10.346648216247559,"[2.5278429985046387,2.336261034011841,1.8914217948913574,4.421967029571533,1.8803812265396118,2.24222469329834,2.110428810119629,2.040316581726074]","[1.7468489408493042,1.7347315549850464,1.5273195505142212,3.4078824520111084,1.9472558498382568,2.1902198791503906,2.397199869155884,1.8179012537002563]",seeds/cell-007-0f2b695d9caf/seed-4/checkpoint.pt,seeds/cell-007-0f2b695d9caf/seed-4/snapshots/step-000400.pt
1,replication-momentum-sgd-12seeds-v1,acac69fd0fb0eb72c223dcdbd380b2cff3f020d29c0cefc2e02ac2c1212afe00,cell-007-0f2b695d9caf,7,0f2b695d9caff0dad9eab170484009d434e64faeb22d0a7e793e545f0f3fb12e,4,8,500,64,4,16,2,4,32,sgd,0.03,0.9,800,512,0.0,8192,0.004423308186233044,0.9989013671875,0.997370719909668,0.9779610633850098,10.17284107208252,"[2.5244462490081787,2.3341434001922607,1.8872292041778564,4.505908012390137,1.881109595298767,2.242396116256714,2.109340190887451,2.0407543182373047]","[1.7259076833724976,1.7237498760223389,1.520029067993164,3.4660565853118896,1.945607304573059,2.1876301765441895,2.395181179046631,1.816846251487732]",seeds/cell-007-0f2b695d9caf/seed-4/checkpoint.pt,seeds/cell-007-0f2b695d9caf/seed-4/snapshots/step-000500.pt
1,replication-momentum-sgd-12seeds-v1,acac69fd0fb0eb72c223dcdbd380b2cff3f020d29c0cefc2e02ac2c1212afe00,cell-007-0f2b695d9caf,7,0f2b695d9caff0dad9eab170484009d434e64faeb22d0a7e793e545f0f3fb12e,4,9,600,64,4,16,2,4,32,sgd,0.03,0.9,800,512,0.0,8192,0.013338306918740273,0.9964599609375,1.0002729892730713,0.9784507751464844,9.881134033203125,"[2.5256474018096924,2.3307454586029053,1.8843375444412231,4.574634552001953,1.8817808628082275,2.2423603534698486,2.109585762023926,2.0409324169158936]","[1.714659333229065,1.7095378637313843,1.5136713981628418,3.490957498550415,1.9442893266677856,2.1866533756256104,2.394202470779419,1.8158073425292969]",seeds/cell-007-0f2b695d9caf/seed-4/checkpoint.pt,seeds/cell-007-0f2b695d9caf/seed-4/snapshots/step-000600.pt
1,replication-momentum-sgd-12seeds-v1,acac69fd0fb0eb72c223dcdbd380b2cff3f020d29c0cefc2e02ac2c1212afe00,cell-007-0f2b695d9caf,7,0f2b695d9caff0dad9eab170484009d434e64faeb22d0a7e793e545f0f3fb12e,4,10,800,64,4,16,2,4,32,sgd,0.03,0.9,800,512,0.0,8192,0.0006242664530873299,1.0,0.9972872138023376,0.9756525754928589,9.456573486328125,"[2.5194036960601807,2.322096824645996,1.881365418434143,4.717564105987549,1.8829160928726196,2.245260238647461,2.1083171367645264,2.0417444705963135]","[1.6740247011184692,1.6822848320007324,1.503097653388977,3.594355583190918,1.941743016242981,2.1831564903259277,2.38974928855896,1.813775658607483]",seeds/cell-007-0f2b695d9caf/seed-4/checkpoint.pt,seeds/cell-007-0f2b695d9caf/seed-4/snapshots/step-000800.pt
1,replication-momentum-sgd-12seeds-v1,acac69fd0fb0eb72c223dcdbd380b2cff3f020d29c0cefc2e02ac2c1212afe00,cell-007-0f2b695d9caf,7,0f2b695d9caff0dad9eab170484009d434e64faeb22d0a7e793e545f0f3fb12e,5,0,0,64,4,16,2,4,32,sgd,0.03,0.9,800,512,0.0,8192,2.3685855865478516,0.5047607421875,0.0861644595861435,0.06962227821350098,12.487133026123047,"[1.9658135175704956,2.2535905838012695,2.1022274494171143,1.9601831436157227,2.131812572479248,2.1084401607513428,1.732079267501831,1.7641910314559937]","[2.337526559829712,1.859658122062683,2.166898012161255,1.6936219930648804,2.0024948120117188,2.2053775787353516,2.164857864379883,1.9995249509811401]",seeds/cell-007-0f2b695d9caf/seed-5/checkpoint.pt,seeds/cell-007-0f2b695d9caf/seed-5/snapshots/step-000000.pt
1,replication-momentum-sgd-12seeds-v1,acac69fd0fb0eb72c223dcdbd380b2cff3f020d29c0cefc2e02ac2c1212afe00,cell-007-0f2b695d9caf,7,0f2b695d9caff0dad9eab170484009d434e64faeb22d0a7e793e545f0f3fb12e,5,1,25,64,4,16,2,4,32,sgd,0.03,0.9,800,512,0.0,8192,0.8169933557510376,0.671630859375,0.1909862756729126,0.16399401426315308,12.505095481872559,"[1.963194489479065,2.266841411590576,2.067234516143799,1.97686767578125,2.1258723735809326,2.1204748153686523,1.7208012342453003,1.7512454986572266]","[2.395261287689209,1.9273513555526733,2.1824240684509277,1.9909299612045288,2.0752689838409424,2.244473695755005,2.2656610012054443,2.037464141845703]",seeds/cell-007-0f2b695d9caf/seed-5/checkpoint.pt,seeds/cell-007-0f2b695d9caf/seed-5/snapshots/step-000025.pt
1,replication-momentum-sgd-12seeds-v1,acac69fd0fb0eb72c223dcdbd380b2cff3f020d29c0cefc2e02ac2c1212afe00,cell-007-0f2b695d9caf,7,0f2b695d9caff0dad9eab170484009d434e64faeb22d0a7e793e545f0f3fb12e,5,2,50,64,4,16,2,4,32,sgd,0.03,0.9,800,512,0.0,8192,0.7435160875320435,0.70849609375,0.26037320494651794,0.244940847158432,12.460638999938965,"[1.9831347465515137,2.267414093017578,2.0739617347717285,1.9826329946517944,2.131903886795044,2.1086349487304688,1.7177441120147705,1.744735836982727]","[2.4028637409210205,1.9384530782699585,2.2091848850250244,2.064689874649048,2.1058952808380127,2.227980375289917,2.29874324798584,2.041083335876465]",seeds/cell-007-0f2b695d9caf/seed-5/checkpoint.pt,seeds/cell-007-0f2b695d9caf/seed-5/snapshots/step-000050.pt
1,replication-momentum-sgd-12seeds-v1,acac69fd0fb0eb72c223dcdbd380b2cff3f020d29c0cefc2e02ac2c1212afe00,cell-007-0f2b695d9caf,7,0f2b695d9caff0dad9eab170484009d434e64faeb22d0a7e793e545f0f3fb12e,5,3,100,64,4,16,2,4,32,sgd,0.03,0.9,800,512,0.0,8192,0.5132288336753845,0.8150634765625,0.4844266176223755,0.48970210552215576,11.984977722167969,"[2.1611337661743164,2.2790603637695312,2.5239410400390625,2.011591911315918,2.161471128463745,2.120164394378662,1.8014549016952515,1.7623461484909058]","[2.425563335418701,1.950134515762329,2.3647563457489014,2.0450966358184814,2.1302289962768555,2.149782180786133,2.3069539070129395,1.9959254264831543]",seeds/cell-007-0f2b695d9caf/seed-5/checkpoint.pt,seeds/cell-007-0f2b695d9caf/seed-5/snapshots/step-000100.pt
1,replication-momentum-sgd-12seeds-v1,acac69fd0fb0eb72c223dcdbd380b2cff3f020d29c0cefc2e02ac2c1212afe00,cell-007-0f2b695d9caf,7,0f2b695d9caff0dad9eab170484009d434e64faeb22d0a7e793e545f0f3fb12e,5,4,150,64,4,16,2,4,32,sgd,0.03,0.9,800,512,0.0,8192,0.13716837763786316,0.95751953125,0.8718894124031067,0.8757171034812927,11.094257354736328,"[2.2676448822021484,2.2166152000427246,3.5026021003723145,1.9776816368103027,2.1578311920166016,2.1368536949157715,1.8884934186935425,1.7576117515563965]","[2.4431114196777344,1.887385606765747,2.702507495880127,1.9132617712020874,2.110987663269043,2.0923893451690674,2.365724802017212,1.9766596555709839]",seeds/cell-007-0f2b695d9caf/seed-5/checkpoint.pt,seeds/cell-007-0f2b695d9caf/seed-5/snapshots/step-000150.pt
1,replication-momentum-sgd-12seeds-v1,acac69fd0fb0eb72c223dcdbd380b2cff3f020d29c0cefc2e02ac2c1212afe00,cell-007-0f2b695d9caf,7,0f2b695d9caff0dad9eab170484009d434e64faeb22d0a7e793e545f0f3fb12e,5,5,200,64,4,16,2,4,32,sgd,0.03,0.9,800,512,0.0,8192,0.058721501380205154,0.9815673828125,0.9393471479415894,0.9362871646881104,10.708340644836426,"[2.2954025268554688,2.187990427017212,3.981368064880371,1.9883276224136353,2.1491193771362305,2.1417434215545654,1.9148911237716675,1.7465543746948242]","[2.4043521881103516,1.813853144645691,2.981119394302368,1.8329079151153564,2.087867498397827,2.0712265968322754,2.4069337844848633,1.9682706594467163]",seeds/cell-007-0f2b695d9caf/seed-5/checkpoint.pt,seeds/cell-007-0f2b695d9caf/seed-5/snapshots/step-000200.pt
1,replication-momentum-sgd-12seeds-v1,acac69fd0fb0eb72c223dcdbd380b2cff3f020d29c0cefc2e02ac2c1212afe00,cell-007-0f2b695d9caf,7,0f2b695d9caff0dad9eab170484009d434e64faeb22d0a7e793e545f0f3fb12e,5,6,300,64,4,16,2,4,32,sgd,0.03,0.9,800,512,0.0,8192,0.010711703449487686,0.997802734375,0.992083728313446,0.9852161407470703,10.097837448120117,"[2.299891948699951,2.1692705154418945,4.355670928955078,1.9861235618591309,2.1546249389648438,2.146334648132324,1.944161057472229,1.7403351068496704]","[2.3632779121398926,1.7397974729537964,3.220625877380371,1.8025482892990112,2.087052822113037,2.058323383331299,2.455817937850952,1.9673621654510498]",seeds/cell-007-0f2b695d9caf/seed-5/checkpoint.pt,seeds/cell-007-0f2b695d9caf/seed-5/snapshots/step-000300.pt
1,replication-momentum-sgd-12seeds-v1,acac69fd0fb0eb72c223dcdbd380b2cff3f020d29c0cefc2e02ac2c1212afe00,cell-007-0f2b695d9caf,7,0f2b695d9caff0dad9eab170484009d434e64faeb22d0a7e793e545f0f3fb12e,5,7,400,64,4,16,2,4,32,sgd,0.03,0.9,800,512,0.0,8192,0.01675357297062874,0.9952392578125,0.9617846012115479,0.9588087201118469,9.844932556152344,"[2.3141040802001953,2.155658483505249,4.45839262008667,1.992175817489624,2.1568562984466553,2.1459741592407227,1.9593483209609985,1.7398884296417236]","[2.337214231491089,1.708735704421997,3.3475160598754883,1.7797406911849976,2.079115629196167,2.0520455837249756,2.474336862564087,1.9679534435272217]",seeds/cell-007-0f2b695d9caf/seed-5/checkpoint.pt,seeds/cell-007-0f2b695d9caf/seed-5/snapshots/step-000400.pt
1,replication-momentum-sgd-12seeds-v1,acac69fd0fb0eb72c223dcdbd380b2cff3f020d29c0cefc2e02ac2c1212afe00,cell-007-0f2b695d9caf,7,0f2b695d9caff0dad9eab170484009d434e64faeb22d0a7e793e545f0f3fb12e,5,8,500,64,4,16,2,4,32,sgd,0.03,0.9,800,512,0.0,8192,0.0024142786860466003,0.9993896484375,0.9960023164749146,0.9960601329803467,9.598944664001465,"[2.317476511001587,2.144894599914551,4.535492897033691,2.0050299167633057,2.1577699184417725,2.145395278930664,1.966842532157898,1.7401554584503174]","[2.324312210083008,1.6842705011367798,3.4384641647338867,1.7697172164916992,2.0761187076568604,2.0513525009155273,2.4836063385009766,1.96818208694458]",seeds/cell-007-0f2b695d9caf/seed-5/checkpoint.pt,seeds/cell-007-0f2b695d9caf/seed-5/snapshots/step-000500.pt
1,replication-momentum-sgd-12seeds-v1,acac69fd0fb0eb72c223dcdbd380b2cff3f020d29c0cefc2e02ac2c1212afe00,cell-007-0f2b695d9caf,7,0f2b695d9caff0dad9eab170484009d434e64faeb22d0a7e793e545f0f3fb12e,5,9,600,64,4,16,2,4,32,sgd,0.03,0.9,800,512,0.0,8192,0.0023736136499792337,0.9993896484375,0.9965752959251404,0.9940088391304016,9.46842098236084,"[2.3164429664611816,2.1383814811706543,4.602718830108643,2.005059003829956,2.1584486961364746,2.145918846130371,1.9704328775405884,1.7397171258926392]","[2.3022449016571045,1.6685811281204224,3.526667833328247,1.7576642036437988,2.0712034702301025,2.051515817642212,2.489168643951416,1.9653797149658203]",seeds/cell-007-0f2b695d9caf/seed-5/checkpoint.pt,seeds/cell-007-0f2b695d9caf/seed-5/snapshots/step-000600.pt
1,replication-momentum-sgd-12seeds-v1,acac69fd0fb0eb72c223dcdbd380b2cff3f020d29c0cefc2e02ac2c1212afe00,cell-007-0f2b695d9caf,7,0f2b695d9caff0dad9eab170484009d434e64faeb22d0a7e793e545f0f3fb12e,5,10,800,64,4,16,2,4,32,sgd,0.03,0.9,800,512,0.0,8192,0.00045555346878245473,1.0,1.00222647190094,1.0011881589889526,9.372827529907227,"[2.302945852279663,2.131019353866577,4.665846347808838,2.0054428577423096,2.1595351696014404,2.1447219848632812,1.9711554050445557,1.7401235103607178]","[2.2639150619506836,1.6512924432754517,3.640536308288574,1.7486919164657593,2.064478635787964,2.0480732917785645,2.4929633140563965,1.961560845375061]",seeds/cell-007-0f2b695d9caf/seed-5/checkpoint.pt,seeds/cell-007-0f2b695d9caf/seed-5/snapshots/step-000800.pt
1,replication-momentum-sgd-12seeds-v1,acac69fd0fb0eb72c223dcdbd380b2cff3f020d29c0cefc2e02ac2c1212afe00,cell-007-0f2b695d9caf,7,0f2b695d9caff0dad9eab170484009d434e64faeb22d0a7e793e545f0f3fb12e,6,0,0,64,4,16,2,4,32,sgd,0.03,0.9,800,512,0.0,8192,2.690474510192871,0.437255859375,-0.1681097447872162,-0.18535269796848297,12.522788047790527,"[1.8796021938323975,2.183577060699463,1.6774377822875977,2.4310128688812256,1.794272541999817,1.428648829460144,1.913333535194397,1.9979400634765625]","[1.9815731048583984,2.239616870880127,2.0010671615600586,2.0264058113098145,1.924459457397461,1.9173542261123657,2.1537420749664307,2.1814332008361816]",seeds/cell-007-0f2b695d9caf/seed-6/checkpoint.pt,seeds/cell-007-0f2b695d9caf/seed-6/snapshots/step-000000.pt
1,replication-momentum-sgd-12seeds-v1,acac69fd0fb0eb72c223dcdbd380b2cff3f020d29c0cefc2e02ac2c1212afe00,cell-007-0f2b695d9caf,7,0f2b695d9caff0dad9eab170484009d434e64faeb22d0a7e793e545f0f3fb12e,6,1,25,64,4,16,2,4,32,sgd,0.03,0.9,800,512,0.0,8192,0.8061636686325073,0.6812744140625,0.23365889489650726,0.20226135849952698,12.478391647338867,"[1.8703724145889282,2.2104721069335938,1.65537691116333,2.468696355819702,1.8096312284469604,1.4072014093399048,1.9006433486938477,2.044196367263794]","[2.708956003189087,2.5459351539611816,2.355745315551758,2.2594621181488037,2.0487401485443115,1.9861973524093628,2.340623140335083,2.6402571201324463]",seeds/cell-007-0f2b695d9caf/seed-6/checkpoint.pt,seeds/cell-007-0f2b695d9caf/seed-6/snapshots/step-000025.pt
1,replication-momentum-sgd-12seeds-v1,acac69fd0fb0eb72c223dcdbd380b2cff3f020d29c0cefc2e02ac2c1212afe00,cell-007-0f2b695d9caf,7,0f2b695d9caff0dad9eab170484009d434e64faeb22d0a7e793e545f0f3fb12e,6,2,50,64,4,16,2,4,32,sgd,0.03,0.9,800,512,0.0,8192,0.7741798162460327,0.68798828125,0.24100521206855774,0.21142128109931946,12.470510482788086,"[1.809206485748291,2.1840171813964844,1.5782356262207031,2.4636950492858887,1.8099435567855835,1.4005175828933716,1.903412938117981,2.055361032485962]","[2.8877053260803223,2.571763038635254,2.3615570068359375,2.3202481269836426,2.0700325965881348,2.033351182937622,2.4308881759643555,2.7037057876586914]",seeds/cell-007-0f2b695d9caf/seed-6/checkpoint.pt,seeds/cell-007-0f2b695d9caf/seed-6/snapshots/step-000050.pt
1,replication-momentum-sgd-12seeds-v1,acac69fd0fb0eb72c223dcdbd380b2cff3f020d29c0cefc2e02ac2c1212afe00,cell-007-0f2b695d9caf,7,0f2b695d9caff0dad9eab170484009d434e64faeb22d0a7e793e545f0f3fb12e,6,3,100,64,4,16,2,4,32,sgd,0.03,0.9,800,512,0.0,8192,0.7143522500991821,0.7198486328125,0.28584522008895874,0.26928409934043884,12.371736526489258,"[1.8957804441452026,2.1944499015808105,1.6372454166412354,2.4664111137390137,1.8067800998687744,1.3972551822662354,1.8923360109329224,2.0648727416992188]","[3.017294406890869,2.5887460708618164,2.4464893341064453,2.312875747680664,2.0564773082733154,2.0278303623199463,2.4229369163513184,2.693068504333496]",seeds/cell-007-0f2b695d9caf/seed-6/checkpoint.pt,seeds/cell-007-0f2b695d9caf/seed-6/snapshots/step-000100.pt
1,replication-momentum-sgd-12seeds-v1,acac69fd0fb0eb72c223dcdbd380b2cff3f020d29c0cefc2e02ac2c1212afe00,cell-007-0f2b695d9caf,7,0f2b695d9caff0dad9eab170484009d434e64faeb22d0a7e793e545f0f3fb12e,6,4,150,64,4,16,2,4,32,sgd,0.03,0.9,800,512,0.0,8192,0.45656538009643555,0.8402099609375,0.559729278087616,0.5775392651557922,11.793407440185547,"[2.429023265838623,2.358611822128296,2.151862144470215,2.493211507797241,1.80805504322052,1.3950121402740479,1.8790491819381714,2.0885379314422607]","[3.2577922344207764,2.5995841026306152,2.6021413803100586,2.317995071411133,2.0246713161468506,1.9928885698318481,2.4070611000061035,2.6190240383148193]",seeds/cell-007-0f2b695d9caf/seed-6/checkpoint.pt,seeds/cell-007-0f2b695d9caf/seed-6/snapshots/step-000150.pt
1,replication-momentum-sgd-12seeds-v1,acac69fd0fb0eb72c223dcdbd380b2cff3f020d29c0cefc2e02ac2c1212afe00,cell-007-0f2b695d9caf,7,0f2b695d9caff0dad9eab170484009d434e64faeb22d0a7e793e545f0f3fb12e,6,5,200,64,4,16,2,4,32,sgd,0.03,0.9,800,512,0.0,8192,0.11845453083515167,0.96630859375,0.8942563533782959,0.9130537509918213,10.906108856201172,"[3.030940294265747,2.4607081413269043,2.8184382915496826,2.4249491691589355,1.8086777925491333,1.390365481376648,1.8125252723693848,2.0849251747131348]","[3.353332996368408,2.5100011825561523,2.9821207523345947,2.2644171714782715,2.0270824432373047,1.9872021675109863,2.367854595184326,2.5656704902648926]",seeds/cell-007-0f2b695d9caf/seed-6/checkpoint.pt,seeds/cell-007-0f2b695d9caf/seed-6/snapshots/step-000200.pt
1,replication-momentum-sgd-12seeds-v1,acac69fd0fb0eb72c223dcdbd380b2cff3f020d29c0cefc2e02ac2c1212afe00,cell-007-0f2b695d9caf,7,0f2b695d9caff0dad9eab170484009d434e64faeb22d0a7e793e545f0f3fb12e,6,6,300,64,4,16,2,4,32,sgd,0.03,0.9,800,512,0.0,8192,0.013640832155942917,0.9967041015625,0.9929760098457336,0.9989941120147705,10.442485809326172,"[3.323826313018799,2.4593210220336914,3.164189100265503,2.3656928539276123,1.8196868896484375,1.3964287042617798,1.810549259185791,2.058760166168213]","[3.5701022148132324,2.3642241954803467,3.3818371295928955,2.0745933055877686,2.018890142440796,1.9754914045333862,2.3231232166290283,2.512855291366577]",seeds/cell-007-0f2b695d9caf/seed-6/checkpoint.pt,seeds/cell-007-0f2b695d9caf/seed-6/snapshots/step-000300.pt
1,replication-momentum-sgd-12seeds-v1,acac69fd0fb0eb72c223dcdbd380b2cff3f020d29c0cefc2e02ac2c1212afe00,cell-007-0f2b695d9caf,7,0f2b695d9caff0dad9eab170484009d434e64faeb22d0a7e793e545f0f3fb12e,6,7,400,64,4,16,2,4,32,sgd,0.03,0.9,800,512,0.0,8192,0.008246522396802902,0.99755859375,0.9898989200592041,0.990590512752533,10.299298286437988,"[3.4113266468048096,2.4669277667999268,3.257248878479004,2.352991819381714,1.8242390155792236,1.3983314037322998,1.8158845901489258,2.0560073852539062]","[3.6609721183776855,2.3169898986816406,3.4699292182922363,2.0135326385498047,2.0160224437713623,1.9687983989715576,2.3184866905212402,2.5000710487365723]",seeds/cell-007-0f2b695d9caf/seed-6/checkpoint.pt,seeds/cell-007-0f2b695d9caf/seed-6/snapshots/step-000400.pt
1,replication-momentum-sgd-12seeds-v1,acac69fd0fb0eb72c223dcdbd380b2cff3f020d29c0cefc2e02ac2c1212afe00,cell-007-0f2b695d9caf,7,0f2b695d9caff0dad9eab170484009d434e64faeb22d0a7e793e545f0f3fb12e,6,8,500,64,4,16,2,4,32,sgd,0.03,0.9,800,512,0.0,8192,0.005984731949865818,0.9986572265625,0.9912076592445374,0.9907424449920654,10.142330169677734,"[3.4639670848846436,2.4696555137634277,3.3208131790161133,2.3447744846343994,1.8276680707931519,1.3995124101638794,1.8185416460037231,2.055314064025879]","[3.714498281478882,2.27405047416687,3.526461601257324,1.984216570854187,2.0137667655944824,1.9653444290161133,2.3192331790924072,2.4925148487091064]",seeds/cell-007-0f2b695d9caf/seed-6/checkpoint.pt,seeds/cell-007-0f2b695d9caf/seed-6/snapshots/step-000500.pt
1,replication-momentum-sgd-12seeds-v1,acac69fd0fb0eb72c223dcdbd380b2cff3f020d29c0cefc2e02ac2c1212afe00,cell-007-0f2b695d9caf,7,0f2b695d9caff0dad9eab170484009d434e64faeb22d0a7e793e545f0f3fb12e,6,9,600,64,4,16,2,4,32,sgd,0.03,0.9,800,512,0.0,8192,0.0027362327091395855,0.9993896484375,1.0013327598571777,1.0045478343963623,10.059061050415039,"[3.5038998126983643,2.4765007495880127,3.369903326034546,2.3354077339172363,1.8296140432357788,1.3996840715408325,1.8199039697647095,2.0552659034729004]","[3.7286343574523926,2.2687559127807617,3.5698559284210205,1.9601279497146606,2.0122451782226562,1.9624027013778687,2.319415330886841,2.487203359603882]",seeds/cell-007-0f2b695d9caf/seed-6/checkpoint.pt,seeds/cell-007-0f2b695d9caf/seed-6/snapshots/step-000600.pt
1,replication-momentum-sgd-12seeds-v1,acac69fd0fb0eb72c223dcdbd380b2cff3f020d29c0cefc2e02ac2c1212afe00,cell-007-0f2b695d9caf,7,0f2b695d9caff0dad9eab170484009d434e64faeb22d0a7e793e545f0f3fb12e,6,10,800,64,4,16,2,4,32,sgd,0.03,0.9,800,512,0.0,8192,0.0007714330567978323,1.0,0.9981257319450378,0.9998775720596313,9.979499816894531,"[3.5365376472473145,2.479872465133667,3.403566837310791,2.3284754753112793,1.8322275876998901,1.4002364873886108,1.8228778839111328,2.0563759803771973]","[3.783109664916992,2.2445785999298096,3.609649419784546,1.9355684518814087,2.0107409954071045,1.959232211112976,2.319051504135132,2.481078624725342]",seeds/cell-007-0f2b695d9caf/seed-6/checkpoint.pt,seeds/cell-007-0f2b695d9caf/seed-6/snapshots/step-000800.pt
1,replication-momentum-sgd-12seeds-v1,acac69fd0fb0eb72c223dcdbd380b2cff3f020d29c0cefc2e02ac2c1212afe00,cell-007-0f2b695d9caf,7,0f2b695d9caff0dad9eab170484009d434e64faeb22d0a7e793e545f0f3fb12e,7,0,0,64,4,16,2,4,32,sgd,0.03,0.9,800,512,0.0,8192,1.0022270679473877,0.53759765625,0.041598930954933167,0.040924567729234695,12.935783386230469,"[1.7403790950775146,2.1240081787109375,1.5382665395736694,1.940269947052002,1.3340034484863281,2.0114192962646484,2.1555933952331543,1.8412448167800903]","[1.6629819869995117,1.6411070823669434,2.192833423614502,1.5591555833816528,2.3375494480133057,1.8997080326080322,2.4474680423736572,1.5731873512268066]",seeds/cell-007-0f2b695d9caf/seed-7/checkpoint.pt,seeds/cell-007-0f2b695d9caf/seed-7/snapshots/step-000000.pt
1,replication-momentum-sgd-12seeds-v1,acac69fd0fb0eb72c223dcdbd380b2cff3f020d29c0cefc2e02ac2c1212afe00,cell-007-0f2b695d9caf,7,0f2b695d9caff0dad9eab170484009d434e64faeb22d0a7e793e545f0f3fb12e,7,1,25,64,4,16,2,4,32,sgd,0.03,0.9,800,512,0.0,8192,0.7874259948730469,0.699951171875,0.24529124796390533,0.21252813935279846,12.869722366333008,"[1.7297075986862183,2.0572078227996826,1.5103402137756348,1.994644284248352,1.3321011066436768,1.998058557510376,2.147191286087036,1.8370548486709595]","[1.6612955331802368,1.5966342687606812,2.3665382862091064,1.7513002157211304,2.360389471054077,1.917919635772705,2.4912919998168945,1.572194218635559]",seeds/cell-007-0f2b695d9caf/seed-7/checkpoint.pt,seeds/cell-007-0f2b695d9caf/seed-7/snapshots/step-000025.pt
1,replication-momentum-sgd-12seeds-v1,acac69fd0fb0eb72c223dcdbd380b2cff3f020d29c0cefc2e02ac2c1212afe00,cell-007-0f2b695d9caf,7,0f2b695d9caff0dad9eab170484009d434e64faeb22d0a7e793e545f0f3fb12e,7,2,50,64,4,16,2,4,32,sgd,0.03,0.9,800,512,0.0,8192,0.5988612174987793,0.775390625,0.38885730504989624,0.37592482566833496,12.638823509216309,"[1.7289003133773804,2.0456113815307617,1.5499671697616577,2.326071262359619,1.32021164894104,1.9907147884368896,2.143339157104492,1.8310840129852295]","[1.6389132738113403,1.5642333030700684,2.373650312423706,2.006551742553711,2.3458092212677,1.9073060750961304,2.4770240783691406,1.5554208755493164]",seeds/cell-007-0f2b695d9caf/seed-7/checkpoint.pt,seeds/cell-007-0f2b695d9caf/seed-7/snapshots/step-000050.pt
1,replication-momentum-sgd-12seeds-v1,acac69fd0fb0eb72c223dcdbd380b2cff3f020d29c0cefc2e02ac2c1212afe00,cell-007-0f2b695d9caf,7,0f2b695d9caff0dad9eab170484009d434e64faeb22d0a7e793e545f0f3fb12e,7,3,100,64,4,16,2,4,32,sgd,0.03,0.9,800,512,0.0,8192,0.1359655261039734,0.9556884765625,0.8805787563323975,0.8607879281044006,11.529303550720215,"[1.7328875064849854,2.0458602905273438,1.594792366027832,3.4272124767303467,1.3011667728424072,1.9878032207489014,2.109947443008423,1.8303617238998413]","[1.5989564657211304,1.5661908388137817,2.282052516937256,2.6038761138916016,2.305250406265259,1.907873511314392,2.4532558917999268,1.5435028076171875]",seeds/cell-007-0f2b695d9caf/seed-7/checkpoint.pt,seeds/cell-007-0f2b695d9caf/seed-7/snapshots/step-000100.pt
1,replication-momentum-sgd-12seeds-v1,acac69fd0fb0eb72c223dcdbd380b2cff3f020d29c0cefc2e02ac2c1212afe00,cell-007-0f2b695d9caf,7,0f2b695d9caff0dad9eab170484009d434e64faeb22d0a7e793e545f0f3fb12e,7,4,150,64,4,16,2,4,32,sgd,0.03,0.9,800,512,0.0,8192,0.05696849152445793,0.9822998046875,0.9437369108200073,0.9200634360313416,11.01950454711914,"[1.7217073440551758,2.0325677394866943,1.5921820402145386,3.9323768615722656,1.2926970720291138,1.9841294288635254,2.091465473175049,1.8292884826660156]","[1.5624969005584717,1.5381667613983154,2.256115674972534,2.8958871364593506,2.277833938598633,1.9127447605133057,2.4293172359466553,1.5430426597595215]",seeds/cell-007-0f2b695d9caf/seed-7/checkpoint.pt,seeds/cell-007-0f2b695d9caf/seed-7/snapshots/step-000150.pt
1,replication-momentum-sgd-12seeds-v1,acac69fd0fb0eb72c223dcdbd380b2cff3f020d29c0cefc2e02ac2c1212afe00,cell-007-0f2b695d9caf,7,0f2b695d9caff0dad9eab170484009d434e64faeb22d0a7e793e545f0f3fb12e,7,5,200,64,4,16,2,4,32,sgd,0.03,0.9,800,512,0.0,8192,0.021947823464870453,0.99365234375,0.9811526536941528,0.9565669298171997,10.5703763961792,"[1.715591311454773,2.0224525928497314,1.5929808616638184,4.142745018005371,1.2899072170257568,1.9797459840774536,2.081892728805542,1.828722596168518]","[1.5450451374053955,1.5063551664352417,2.2486488819122314,3.04179048538208,2.2659926414489746,1.9130959510803223,2.4040517807006836,1.5428013801574707]",seeds/cell-007-0f2b695d9caf/seed-7/checkpoint.pt,seeds/cell-007-0f2b695d9caf/seed-7/snapshots/step-000200.pt
1,replication-momentum-sgd-12seeds-v1,acac69fd0fb0eb72c223dcdbd380b2cff3f020d29c0cefc2e02ac2c1212afe00,cell-007-0f2b695d9caf,7,0f2b695d9caff0dad9eab170484009d434e64faeb22d0a7e793e545f0f3fb12e,7,6,300,64,4,16,2,4,32,sgd,0.03,0.9,800,512,0.0,8192,0.015568436123430729,0.9954833984375,0.9762454032897949,0.9523061513900757,10.116037368774414,"[1.7091174125671387,2.0062546730041504,1.6040288209915161,4.3476881980896,1.2896925210952759,1.9763025045394897,2.0737481117248535,1.8273383378982544]","[1.5194337368011475,1.4661803245544434,2.235144853591919,3.223306894302368,2.2472622394561768,1.909236192703247,2.372892141342163,1.5419061183929443]",seeds/cell-007-0f2b695d9caf/seed-7/checkpoint.pt,seeds/cell-007-0f2b695d9caf/seed-7/snapshots/step-000300.pt
1,replication-momentum-sgd-12seeds-v1,acac69fd0fb0eb72c223dcdbd380b2cff3f020d29c0cefc2e02ac2c1212afe00,cell-007-0f2b695d9caf,7,0f2b695d9caff0dad9eab170484009d434e64faeb22d0a7e793e545f0f3fb12e,7,7,400,64,4,16,2,4,32,sgd,0.03,0.9,800,512,0.0,8192,0.0038922401145100594,0.9993896484375,0.9930798411369324,0.9749768972396851,9.909439086914062,"[1.7049596309661865,1.9994550943374634,1.607047438621521,4.447227954864502,1.2906484603881836,1.9751209020614624,2.07059645652771,1.8271533250808716]","[1.5027871131896973,1.4513918161392212,2.224804639816284,3.336244821548462,2.2389824390411377,1.9073060750961304,2.3531181812286377,1.540183663368225]",seeds/cell-007-0f2b695d9caf/seed-7/checkpoint.pt,seeds/cell-007-0f2b695d9caf/seed-7/snapshots/step-000400.pt
1,replication-momentum-sgd-12seeds-v1,acac69fd0fb0eb72c223dcdbd380b2cff3f020d29c0cefc2e02ac2c1212afe00,cell-007-0f2b695d9caf,7,0f2b695d9caff0dad9eab170484009d434e64faeb22d0a7e793e545f0f3fb12e,7,8,500,64,4,16,2,4,32,sgd,0.03,0.9,800,512,0.0,8192,0.003941799513995647,0.9990234375,1.0065808296203613,0.9832473993301392,9.686185836791992,"[1.7037055492401123,1.9950119256973267,1.6109800338745117,4.532918453216553,1.2917447090148926,1.9751172065734863,2.067622661590576,1.826838493347168]","[1.4921185970306396,1.4390915632247925,2.216597318649292,3.421306610107422,2.235705614089966,1.9066823720932007,2.336228609085083,1.5379284620285034]",seeds/cell-007-0f2b695d9caf/seed-7/checkpoint.pt,seeds/cell-007-0f2b695d9caf/seed-7/snapshots/step-000500.pt
1,replication-momentum-sgd-12seeds-v1,acac69fd0fb0eb72c223dcdbd380b2cff3f020d29c0cefc2e02ac2c1212afe00,cell-007-0f2b695d9caf,7,0f2b695d9caff0dad9eab170484009d434e64faeb22d0a7e793e545f0f3fb12e,7,9,600,64,4,16,2,4,32,sgd,0.03,0.9,800,512,0.0,8192,0.0010385402711108327,0.9998779296875,0.9965760111808777,0.9690984487533569,9.436182975769043,"[1.7026417255401611,1.9895662069320679,1.6157487630844116,4.623263359069824,1.2923624515533447,1.9752510786056519,2.064957857131958,1.8274849653244019]","[1.4865676164627075,1.4284754991531372,2.202394485473633,3.4793615341186523,2.231337547302246,1.9046140909194946,2.324826240539551,1.5381327867507935]",seeds/cell-007-0f2b695d9caf/seed-7/checkpoint.pt,seeds/cell-007-0f2b695d9caf/seed-7/snapshots/step-000600.pt
1,replication-momentum-sgd-12seeds-v1,acac69fd0fb0eb72c223dcdbd380b2cff3f020d29c0cefc2e02ac2c1212afe00,cell-007-0f2b695d9caf,7,0f2b695d9caff0dad9eab170484009d434e64faeb22d0a7e793e545f0f3fb12e,7,10,800,64,4,16,2,4,32,sgd,0.03,0.9,800,512,0.0,8192,0.005661708302795887,0.998291015625,1.0018881559371948,0.977046012878418,9.168022155761719,"[1.697792887687683,1.9816397428512573,1.607851505279541,4.727663516998291,1.2926338911056519,1.974310278892517,2.060375213623047,1.8266706466674805]","[1.4776408672332764,1.4086366891860962,2.185215473175049,3.57747220993042,2.22805118560791,1.9034093618392944,2.3075520992279053,1.5358424186706543]",seeds/cell-007-0f2b695d9caf/seed-7/checkpoint.pt,seeds/cell-007-0f2b695d9caf/seed-7/snapshots/step-000800.pt
1,replication-momentum-sgd-12seeds-v1,acac69fd0fb0eb72c223dcdbd380b2cff3f020d29c0cefc2e02ac2c1212afe00,cell-007-0f2b695d9caf,7,0f2b695d9caff0dad9eab170484009d434e64faeb22d0a7e793e545f0f3fb12e,8,0,0,64,4,16,2,4,32,sgd,0.03,0.9,800,512,0.0,8192,2.5263113975524902,0.47265625,-0.07083994150161743,-0.07124119997024536,12.73018741607666,"[2.2192187309265137,1.6995545625686646,1.5979245901107788,1.8425111770629883,2.1401543617248535,2.001332998275757,2.2257142066955566,2.3240137100219727]","[1.8916269540786743,2.362621545791626,1.985245943069458,2.7185397148132324,1.9638508558273315,1.5673818588256836,1.8843410015106201,1.998571753501892]",seeds/cell-007-0f2b695d9caf/seed-8/checkpoint.pt,seeds/cell-007-0f2b695d9caf/seed-8/snapshots/step-000000.pt
1,replication-momentum-sgd-12seeds-v1,acac69fd0fb0eb72c223dcdbd380b2cff3f020d29c0cefc2e02ac2c1212afe00,cell-007-0f2b695d9caf,7,0f2b695d9caff0dad9eab170484009d434e64faeb22d0a7e793e545f0f3fb12e,8,1,25,64,4,16,2,4,32,sgd,0.03,0.9,800,512,0.0,8192,0.832818329334259,0.6773681640625,0.238077774643898,0.21318307518959045,12.768714904785156,"[2.1950271129608154,1.6562597751617432,1.6003485918045044,1.7976760864257812,2.149813413619995,1.9798166751861572,2.213698387145996,2.3105289936065674]","[2.028040647506714,2.560882568359375,2.119382619857788,2.9724044799804688,2.2913458347320557,1.608232855796814,2.0272083282470703,1.9815109968185425]",seeds/cell-007-0f2b695d9caf/seed-8/checkpoint.pt,seeds/cell-007-0f2b695d9caf/seed-8/snapshots/step-000025.pt
1,replication-momentum-sgd-12seeds-v1,acac69fd0fb0eb72c223dcdbd380b2cff3f020d29c0cefc2e02ac2c1212afe00,cell-007-0f2b695d9caf,7,0f2b695d9caff0dad9eab170484009d434e64faeb22d0a7e793e545f0f3fb12e,8,2,50,64,4,16,2,4,32,sgd,0.03,0.9,800,512,0.0,8192,0.716038703918457,0.7218017578125,0.26841017603874207,0.25664854049682617,12.757169723510742,"[2.1881234645843506,1.6639901399612427,1.5886307954788208,1.8908283710479736,2.1493046283721924,1.9768685102462769,2.2130885124206543,2.3042685985565186]","[2.0403823852539062,2.587547540664673,2.132310628890991,3.103699207305908,2.337702751159668,1.6157721281051636,2.0410900115966797,1.9910156726837158]",seeds/cell-007-0f2b695d9caf/seed-8/checkpoint.pt,seeds/cell-007-0f2b695d9caf/seed-8/snapshots/step-000050.pt
1,replication-momentum-sgd-12seeds-v1,acac69fd0fb0eb72c223dcdbd380b2cff3f020d29c0cefc2e02ac2c1212afe00,cell-007-0f2b695d9caf,7,0f2b695d9caff0dad9eab170484009d434e64faeb22d0a7e793e545f0f3fb12e,8,3,100,64,4,16,2,4,32,sgd,0.03,0.9,800,512,0.0,8192,0.35679537057876587,0.8782958984375,0.6875061988830566,0.7234467267990112,12.31474781036377,"[2.2508277893066406,1.862165927886963,1.614435076713562,2.92625093460083,2.1380627155303955,1.9756907224655151,2.1823196411132812,2.310431480407715]","[1.9411306381225586,2.523785352706909,2.1179497241973877,3.5131914615631104,2.3050038814544678,1.6250447034835815,2.0320022106170654,1.9692858457565308]",seeds/cell-007-0f2b695d9caf/seed-8/checkpoint.pt,seeds/cell-007-0f2b695d9caf/seed-8/snapshots/step-000100.pt
1,replication-momentum-sgd-12seeds-v1,acac69fd0fb0eb72c223dcdbd380b2cff3f020d29c0cefc2e02ac2c1212afe00,cell-007-0f2b695d9caf,7,0f2b695d9caff0dad9eab170484009d434e64faeb22d0a7e793e545f0f3fb12e,8,4,150,64,4,16,2,4,32,sgd,0.03,0.9,800,512,0.0,8192,0.13042128086090088,0.9576416015625,0.8346055150032043,0.8552684783935547,11.908085823059082,"[2.3009259700775146,1.9091556072235107,1.592624306678772,3.777818441390991,2.1367032527923584,1.968599557876587,2.143235445022583,2.311828374862671]","[1.9221453666687012,2.4690396785736084,2.0745444297790527,3.9382052421569824,2.273761034011841,1.6517715454101562,1.9937595129013062,1.951181173324585]",seeds/cell-007-0f2b695d9caf/seed-8/checkpoint.pt,seeds/cell-007-0f2b695d9caf/seed-8/snapshots/step-000150.pt
1,replication-momentum-sgd-12seeds-v1,acac69fd0fb0eb72c223dcdbd380b2cff3f020d29c0cefc2e02ac2c1212afe00,cell-007-0f2b695d9caf,7,0f2b695d9caff0dad9eab170484009d434e64faeb22d0a7e793e545f0f3fb12e,8,5,200,64,4,16,2,4,32,sgd,0.03,0.9,800,512,0.0,8192,0.02930932119488716,0.9921875,0.9757733941078186,0.9895931482315063,11.60450267791748,"[2.3219668865203857,1.9163637161254883,1.5822240114212036,4.112258434295654,2.1310081481933594,1.9636662006378174,2.1344153881073,2.311392307281494]","[1.9220709800720215,2.4446523189544678,2.02949857711792,4.1520233154296875,2.2521932125091553,1.6315869092941284,1.9591671228408813,1.9402886629104614]",seeds/cell-007-0f2b695d9caf/seed-8/checkpoint.pt,seeds/cell-007-0f2b695d9caf/seed-8/snapshots/step-000200.pt
1,replication-momentum-sgd-12seeds-v1,acac69fd0fb0eb72c223dcdbd380b2cff3f020d29c0cefc2e02ac2c1212afe00,cell-007-0f2b695d9caf,7,0f2b695d9caff0dad9eab170484009d434e64faeb22d0a7e793e545f0f3fb12e,8,6,300,64,4,16,2,4,32,sgd,0.03,0.9,800,512,0.0,8192,0.034990422427654266,0.9898681640625,0.9715701341629028,0.9771586060523987,11.133666038513184,"[2.335540771484375,1.9532562494277954,1.5731465816497803,4.419642925262451,2.1228508949279785,1.965895414352417,2.1295175552368164,2.310269355773926]","[1.9038552045822144,2.4554061889648438,2.0019919872283936,4.311359405517578,2.2442469596862793,1.6194247007369995,1.9314899444580078,1.9418649673461914]",seeds/cell-007-0f2b695d9caf/seed-8/checkpoint.pt,seeds/cell-007-0f2b695d9caf/seed-8/snapshots/step-000300.pt
1,replication-momentum-sgd-12seeds-v1,acac69fd0fb0eb72c223dcdbd380b2cff3f020d29c0cefc2e02ac2c1212afe00,cell-007-0f2b695d9caf,7,0f2b695d9caff0dad9eab170484009d434e64faeb22d0a7e793e545f0f3fb12e,8,7,400,64,4,16,2,4,32,sgd,0.03,0.9,800,512,0.0,8192,0.0036492624785751104,0.99951171875,0.9912883043289185,1.002295970916748,10.817173957824707,"[2.3439273834228516,1.988999843597412,1.5631457567214966,4.531784534454346,2.1203577518463135,1.9687515497207642,2.127413272857666,2.3106472492218018]","[1.8893769979476929,2.46079421043396,1.9780910015106201,4.412245750427246,2.235447883605957,1.6064586639404297,1.906768560409546,1.9408960342407227]",seeds/cell-007-0f2b695d9caf/seed-8/checkpoint.pt,seeds/cell-007-0f2b695d9caf/seed-8/snapshots/step-000400.pt
1,replication-momentum-sgd-12seeds-v1,acac69fd0fb0eb72c223dcdbd380b2cff3f020d29c0cefc2e02ac2c1212afe00,cell-007-0f2b695d9caf,7,0f2b695d9caff0dad9eab170484009d434e64faeb22d0a7e793e545f0f3fb12e,8,8,500,64,4,16,2,4,32,sgd,0.03,0.9,800,512,0.0,8192,0.0014384975656867027,0.9998779296875,0.9941956400871277,1.0024638175964355,10.650357246398926,"[2.3460745811462402,2.00764799118042,1.5606637001037598,4.642393112182617,2.1200571060180664,1.9698840379714966,2.127586841583252,2.3105483055114746]","[1.8731216192245483,2.4609901905059814,1.9623478651046753,4.504464149475098,2.2280023097991943,1.5986932516098022,1.8947184085845947,1.939608097076416]",seeds/cell-007-0f2b695d9caf/seed-8/checkpoint.pt,seeds/cell-007-0f2b695d9caf/seed-8/snapshots/step-000500.pt
1,replication-momentum-sgd-12seeds-v1,acac69fd0fb0eb72c223dcdbd380b2cff3f020d29c0cefc2e02ac2c1212afe00,cell-007-0f2b695d9caf,7,0f2b695d9caff0dad9eab170484009d434e64faeb22d0a7e793e545f0f3fb12e,8,9,600,64,4,16,2,4,32,sgd,0.03,0.9,800,512,0.0,8192,0.0008111038478091359,1.0,0.9965828657150269,1.0083012580871582,10.49586296081543,"[2.346848249435425,2.0265135765075684,1.559286117553711,4.715355396270752,2.1184959411621094,1.9716191291809082,2.1272635459899902,2.3105392456054688]","[1.8629014492034912,2.465313196182251,1.9485536813735962,4.565948486328125,2.2206368446350098,1.5960681438446045,1.889131784439087,1.9387738704681396]",seeds/cell-007-0f2b695d9caf/seed-8/checkpoint.pt,seeds/cell-007-0f2b695d9caf/seed-8/snapshots/step-000600.pt
1,replication-momentum-sgd-12seeds-v1,acac69fd0fb0eb72c223dcdbd380b2cff3f020d29c0cefc2e02ac2c1212afe00,cell-007-0f2b695d9caf,7,0f2b695d9caff0dad9eab170484009d434e64faeb22d0a7e793e545f0f3fb12e,8,10,800,64,4,16,2,4,32,sgd,0.03,0.9,800,512,0.0,8192,0.00038369951653294265,1.0,0.9963959455490112,1.0077407360076904,10.435467720031738,"[2.346024990081787,2.026031017303467,1.5553081035614014,4.7748003005981445,2.1179111003875732,1.9721640348434448,2.127899408340454,2.310600519180298]","[1.851947546005249,2.4471797943115234,1.9313231706619263,4.661739349365234,2.207526206970215,1.5916376113891602,1.8824156522750854,1.9387919902801514]",seeds/cell-007-0f2b695d9caf/seed-8/checkpoint.pt,seeds/cell-007-0f2b695d9caf/seed-8/snapshots/step-000800.pt
1,replication-momentum-sgd-12seeds-v1,acac69fd0fb0eb72c223dcdbd380b2cff3f020d29c0cefc2e02ac2c1212afe00,cell-007-0f2b695d9caf,7,0f2b695d9caff0dad9eab170484009d434e64faeb22d0a7e793e545f0f3fb12e,9,0,0,64,4,16,2,4,32,sgd,0.03,0.9,800,512,0.0,8192,1.2577756643295288,0.4876708984375,-0.019468916580080986,-0.041056178510189056,12.665444374084473,"[1.781014084815979,2.2539923191070557,1.9866981506347656,1.734171986579895,1.8624509572982788,2.5149741172790527,2.0815041065216064,1.8270435333251953]","[1.9373486042022705,2.452671766281128,1.5388120412826538,1.904160499572754,2.3555023670196533,1.7785842418670654,2.049913167953491,2.1777474880218506]",seeds/cell-007-0f2b695d9caf/seed-9/checkpoint.pt,seeds/cell-007-0f2b695d9caf/seed-9/snapshots/step-000000.pt
1,replication-momentum-sgd-12seeds-v1,acac69fd0fb0eb72c223dcdbd380b2cff3f020d29c0cefc2e02ac2c1212afe00,cell-007-0f2b695d9caf,7,0f2b695d9caff0dad9eab170484009d434e64faeb22d0a7e793e545f0f3fb12e,9,1,25,64,4,16,2,4,32,sgd,0.03,0.9,800,512,0.0,8192,0.7759625315666199,0.6962890625,0.2128848135471344,0.17568853497505188,12.623924255371094,"[1.738387942314148,2.261446952819824,1.9890090227127075,1.7457526922225952,1.8500497341156006,2.496621608734131,2.069044589996338,1.8205358982086182]","[1.9471935033798218,2.5658376216888428,1.6383932828903198,2.0372042655944824,2.4555654525756836,1.826348066329956,2.0826237201690674,2.109330415725708]",seeds/cell-007-0f2b695d9caf/seed-9/checkpoint.pt,seeds/cell-007-0f2b695d9caf/seed-9/snapshots/step-000025.pt
1,replication-momentum-sgd-12seeds-v1,acac69fd0fb0eb72c223dcdbd380b2cff3f020d29c0cefc2e02ac2c1212afe00,cell-007-0f2b695d9caf,7,0f2b695d9caff0dad9eab170484009d434e64faeb22d0a7e793e545f0f3fb12e,9,2,50,64,4,16,2,4,32,sgd,0.03,0.9,800,512,0.0,8192,0.770366370677948,0.6888427734375,0.25559601187705994,0.2318597137928009,12.519618034362793,"[1.7341301441192627,2.2887563705444336,2.004986047744751,1.75375235080719,1.845981478691101,2.4676148891448975,2.057534694671631,1.8241369724273682]","[1.9760699272155762,2.5604162216186523,1.6600130796432495,2.0836732387542725,2.479227066040039,1.8180447816848755,2.0776233673095703,2.11987566947937]",seeds/cell-007-0f2b695d9caf/seed-9/checkpoint.pt,seeds/cell-007-0f2b695d9caf/seed-9/snapshots/step-000050.pt
1,replication-momentum-sgd-12seeds-v1,acac69fd0fb0eb72c223dcdbd380b2cff3f020d29c0cefc2e02ac2c1212afe00,cell-007-0f2b695d9caf,7,0f2b695d9caff0dad9eab170484009d434e64faeb22d0a7e793e545f0f3fb12e,9,3,100,64,4,16,2,4,32,sgd,0.03,0.9,800,512,0.0,8192,0.3893503248691559,0.87744140625,0.6199789047241211,0.6511095762252808,11.847092628479004,"[2.248713254928589,2.483316421508789,2.178007125854492,1.7944165468215942,1.8628195524215698,2.512868881225586,2.056732654571533,1.820554494857788]","[2.188976287841797,2.53118896484375,1.685357689857483,2.063605546951294,2.452080488204956,1.7932953834533691,2.046147346496582,2.131274461746216]",seeds/cell-007-0f2b695d9caf/seed-9/checkpoint.pt,seeds/cell-007-0f2b695d9caf/seed-9/snapshots/step-000100.pt
1,replication-momentum-sgd-12seeds-v1,acac69fd0fb0eb72c223dcdbd380b2cff3f020d29c0cefc2e02ac2c1212afe00,cell-007-0f2b695d9caf,7,0f2b695d9caff0dad9eab170484009d434e64faeb22d0a7e793e545f0f3fb12e,9,4,150,64,4,16,2,4,32,sgd,0.03,0.9,800,512,0.0,8192,0.07803978025913239,0.9788818359375,0.9573986530303955,0.9640401601791382,11.27646541595459,"[3.0125324726104736,2.64945125579834,2.2531611919403076,1.775244951248169,1.8646444082260132,2.5539965629577637,2.061655282974243,1.8578767776489258]","[2.4582111835479736,2.5219225883483887,1.6213021278381348,1.9923688173294067,2.434298038482666,1.7953699827194214,2.0094244480133057,2.1810109615325928]",seeds/cell-007-0f2b695d9caf/seed-9/checkpoint.pt,seeds/cell-007-0f2b695d9caf/seed-9/snapshots/step-000150.pt
1,replication-momentum-sgd-12seeds-v1,acac69fd0fb0eb72c223dcdbd380b2cff3f020d29c0cefc2e02ac2c1212afe00,cell-007-0f2b695d9caf,7,0f2b695d9caff0dad9eab170484009d434e64faeb22d0a7e793e545f0f3fb12e,9,5,200,64,4,16,2,4,32,sgd,0.03,0.9,800,512,0.0,8192,0.033471837639808655,0.9908447265625,0.9654631018638611,0.958931565284729,10.992238998413086,"[3.4197776317596436,2.6952061653137207,2.282924175262451,1.7737095355987549,1.8699276447296143,2.5695502758026123,2.0727686882019043,1.8763991594314575]","[2.593825101852417,2.4892332553863525,1.5933618545532227,1.9279555082321167,2.4370882511138916,1.7996132373809814,1.9967526197433472,2.2063729763031006]",seeds/cell-007-0f2b695d9caf/seed-9/checkpoint.pt,seeds/cell-007-0f2b695d9caf/seed-9/snapshots/step-000200.pt
1,replication-momentum-sgd-12seeds-v1,acac69fd0fb0eb72c223dcdbd380b2cff3f020d29c0cefc2e02ac2c1212afe00,cell-007-0f2b695d9caf,7,0f2b695d9caff0dad9eab170484009d434e64faeb22d0a7e793e545f0f3fb12e,9,6,300,64,4,16,2,4,32,sgd,0.03,0.9,800,512,0.0,8192,0.009799185208976269,0.996826171875,0.9829045534133911,0.9742822647094727,10.658430099487305,"[3.645951986312866,2.715542793273926,2.3130884170532227,1.7689039707183838,1.8822402954101562,2.5777578353881836,2.081704616546631,1.8888614177703857]","[2.742661237716675,2.4193308353424072,1.606814980506897,1.8833062648773193,2.415184497833252,1.7972617149353027,1.9915413856506348,2.2358195781707764]",seeds/cell-007-0f2b695d9caf/seed-9/checkpoint.pt,seeds/cell-007-0f2b695d9caf/seed-9/snapshots/step-000300.pt
1,replication-momentum-sgd-12seeds-v1,acac69fd0fb0eb72c223dcdbd380b2cff3f020d29c0cefc2e02ac2c1212afe00,cell-007-0f2b695d9caf,7,0f2b695d9caff0dad9eab170484009d434e64faeb22d0a7e793e545f0f3fb12e,9,7,400,64,4,16,2,4,32,sgd,0.03,0.9,800,512,0.0,8192,0.00495216716080904,0.99853515625,0.9917132258415222,0.9805538654327393,10.473968505859375,"[3.771649122238159,2.7293426990509033,2.324401378631592,1.76563560962677,1.8849290609359741,2.5817251205444336,2.0855019092559814,1.891158103942871]","[2.83239483833313,2.4103477001190186,1.5732988119125366,1.8613570928573608,2.4035940170288086,1.7914350032806396,1.9876134395599365,2.252307415008545]",seeds/cell-007-0f2b695d9caf/seed-9/checkpoint.pt,seeds/cell-007-0f2b695d9caf/seed-9/snapshots/step-000400.pt
1,replication-momentum-sgd-12seeds-v1,acac69fd0fb0eb72c223dcdbd380b2cff3f020d29c0cefc2e02ac2c1212afe00,cell-007-0f2b695d9caf,7,0f2b695d9caff0dad9eab170484009d434e64faeb22d0a7e793e545f0f3fb12e,9,8,500,64,4,16,2,4,32,sgd,0.03,0.9,800,512,0.0,8192,0.004985013511031866,0.998779296875,0.9948086738586426,0.984965443611145,10.335443496704102,"[3.8531665802001953,2.726393222808838,2.325256586074829,1.7639868259429932,1.8865774869918823,2.5823936462402344,2.088115692138672,1.8939865827560425]","[2.875681161880493,2.379143714904785,1.576555848121643,1.8483378887176514,2.403106689453125,1.7897201776504517,1.9908720254898071,2.2619149684906006]",seeds/cell-007-0f2b695d9caf/seed-9/checkpoint.pt,seeds/cell-007-0f2b695d9caf/seed-9/snapshots/step-000500.pt
1,replication-momentum-sgd-12seeds-v1,acac69fd0fb0eb72c223dcdbd380b2cff3f020d29c0cefc2e02ac2c1212afe00,cell-007-0f2b695d9caf,7,0f2b695d9caff0dad9eab170484009d434e64faeb22d0a7e793e545f0f3fb12e,9,9,600,64,4,16,2,4,32,sgd,0.03,0.9,800,512,0.0,8192,0.003204244188964367,0.9993896484375,0.9966720342636108,0.9867263436317444,10.120926856994629,"[3.9330902099609375,2.7580552101135254,2.340400457382202,1.7597771883010864,1.8897038698196411,2.5842247009277344,2.0900561809539795,1.8925949335098267]","[2.8817739486694336,2.3943288326263428,1.5830539464950562,1.8254404067993164,2.394843816757202,1.7871568202972412,1.9898008108139038,2.2716662883758545]",seeds/cell-007-0f2b695d9caf/seed-9/checkpoint.pt,seeds/cell-007-0f2b695d9caf/seed-9/snapshots/step-000600.pt
1,replication-momentum-sgd-12seeds-v1,acac69fd0fb0eb72c223dcdbd380b2cff3f020d29c0cefc2e02ac2c1212afe00,cell-007-0f2b695d9caf,7,0f2b695d9caff0dad9eab170484009d434e64faeb22d0a7e793e545f0f3fb12e,9,10,800,64,4,16,2,4,32,sgd,0.03,0.9,800,512,0.0,8192,0.0015353162307292223,0.999755859375,1.000199794769287,0.9890984892845154,9.776638984680176,"[4.019423484802246,2.7734451293945312,2.3668322563171387,1.7562005519866943,1.8945661783218384,2.585387706756592,2.092703104019165,1.8924353122711182]","[2.910487651824951,2.3906052112579346,1.6011371612548828,1.7999941110610962,2.3889646530151367,1.785567045211792,1.9866482019424438,2.290431499481201]",seeds/cell-007-0f2b695d9caf/seed-9/checkpoint.pt,seeds/cell-007-0f2b695d9caf/seed-9/snapshots/step-000800.pt
1,replication-momentum-sgd-12seeds-v1,acac69fd0fb0eb72c223dcdbd380b2cff3f020d29c0cefc2e02ac2c1212afe00,cell-007-0f2b695d9caf,7,0f2b695d9caff0dad9eab170484009d434e64faeb22d0a7e793e545f0f3fb12e,10,0,0,64,4,16,2,4,32,sgd,0.03,0.9,800,512,0.0,8192,2.3041114807128906,0.5118408203125,0.06448905169963837,0.07566194236278534,12.805933952331543,"[1.9655265808105469,2.240535259246826,2.6590044498443604,1.5309410095214844,1.9498757123947144,2.0757896900177,1.6720637083053589,2.0588557720184326]","[1.7454657554626465,1.9265642166137695,1.9414727687835693,1.975274682044983,2.0014970302581787,2.0776925086975098,1.9273933172225952,2.1803317070007324]",seeds/cell-007-0f2b695d9caf/seed-10/checkpoint.pt,seeds/cell-007-0f2b695d9caf/seed-10/snapshots/step-000000.pt
1,replication-momentum-sgd-12seeds-v1,acac69fd0fb0eb72c223dcdbd380b2cff3f020d29c0cefc2e02ac2c1212afe00,cell-007-0f2b695d9caf,7,0f2b695d9caff0dad9eab170484009d434e64faeb22d0a7e793e545f0f3fb12e,10,1,25,64,4,16,2,4,32,sgd,0.03,0.9,800,512,0.0,8192,0.8151473999023438,0.6759033203125,0.2245662957429886,0.16705960035324097,12.788846969604492,"[1.954725980758667,2.146820068359375,2.627086639404297,1.5314276218414307,1.9519857168197632,2.017160415649414,1.666507601737976,2.0075273513793945]","[1.9769935607910156,2.223546266555786,2.46590518951416,2.0862746238708496,2.2097995281219482,2.1667544841766357,1.9602646827697754,2.246995687484741]",seeds/cell-007-0f2b695d9caf/seed-10/checkpoint.pt,seeds/cell-007-0f2b695d9caf/seed-10/snapshots/step-000025.pt
1,replication-momentum-sgd-12seeds-v1,acac69fd0fb0eb72c223dcdbd380b2cff3f020d29c0cefc2e02ac2c1212afe00,cell-007-0f2b695d9caf,7,0f2b695d9caff0dad9eab170484009d434e64faeb22d0a7e793e545f0f3fb12e,10,2,50,64,4,16,2,4,32,sgd,0.03,0.9,800,512,0.0,8192,0.7938936352729797,0.68505859375,0.24937164783477783,0.21704056859016418,12.781006813049316,"[1.9509507417678833,2.1371490955352783,2.5461292266845703,1.483822226524353,1.93205726146698,2.014847755432129,1.6668870449066162,1.9462007284164429]","[2.0068724155426025,2.2900261878967285,2.498263120651245,2.190840721130371,2.2466611862182617,2.2242085933685303,1.9702016115188599,2.184680461883545]",seeds/cell-007-0f2b695d9caf/seed-10/checkpoint.pt,seeds/cell-007-0f2b695d9caf/seed-10/snapshots/step-000050.pt
1,replication-momentum-sgd-12seeds-v1,acac69fd0fb0eb72c223dcdbd380b2cff3f020d29c0cefc2e02ac2c1212afe00,cell-007-0f2b695d9caf,7,0f2b695d9caff0dad9eab170484009d434e64faeb22d0a7e793e545f0f3fb12e,10,3,100,64,4,16,2,4,32,sgd,0.03,0.9,800,512,0.0,8192,0.7543496489524841,0.6988525390625,0.2432871162891388,0.22467286884784698,12.737295150756836,"[1.9469715356826782,2.1578571796417236,2.5046443939208984,1.4266247749328613,1.9207148551940918,2.0196917057037354,1.6665927171707153,1.9188278913497925]","[2.011507272720337,2.345520257949829,2.5191738605499268,2.220776081085205,2.2539784908294678,2.237112283706665,1.9726630449295044,2.1528313159942627]",seeds/cell-007-0f2b695d9caf/seed-10/checkpoint.pt,seeds/cell-007-0f2b695d9caf/seed-10/snapshots/step-000100.pt
1,replication-momentum-sgd-12seeds-v1,acac69fd0fb0eb72c223dcdbd380b2cff3f020d29c0cefc2e02ac2c1212afe00,cell-007-0f2b695d9caf,7,0f2b695d9caff0dad9eab170484009d434e64faeb22d0a7e793e545f0f3fb12e,10,4,150,64,4,16,2,4,32,sgd,0.03,0.9,800,512,0.0,8192,0.674730122089386,0.7490234375,0.3271666169166565,0.32115036249160767,12.499906539916992,"[1.9634759426116943,2.219749689102173,2.8129630088806152,1.433250904083252,1.9182828664779663,2.030466318130493,1.6674809455871582,1.9188339710235596]","[2.0373833179473877,2.3433873653411865,2.7143986225128174,2.2268710136413574,2.1927108764648438,2.203653573989868,1.9667840003967285,2.129039764404297]",seeds/cell-007-0f2b695d9caf/seed-10/checkpoint.pt,seeds/cell-007-0f2b695d9caf/seed-10/snapshots/step-000150.pt
1,replication-momentum-sgd-12seeds-v1,acac69fd0fb0eb72c223dcdbd380b2cff3f020d29c0cefc2e02ac2c1212afe00,cell-007-0f2b695d9caf,7,0f2b695d9caff0dad9eab170484009d434e64faeb22d0a7e793e545f0f3fb12e,10,5,200,64,4,16,2,4,32,sgd,0.03,0.9,800,512,0.0,8192,0.2046169489622116,0.94140625,0.7959126234054565,0.8105095624923706,11.498489379882812,"[1.9628304243087769,2.314180612564087,3.820586681365967,1.4654200077056885,1.9315450191497803,2.0383877754211426,1.6693657636642456,1.8896310329437256]","[2.0476624965667725,2.29030704498291,3.2643730640411377,2.182565212249756,2.1146481037139893,2.136500835418701,1.9834964275360107,2.1366183757781982]",seeds/cell-007-0f2b695d9caf/seed-10/checkpoint.pt,seeds/cell-007-0f2b695d9caf/seed-10/snapshots/step-000200.pt
1,replication-momentum-sgd-12seeds-v1,acac69fd0fb0eb72c223dcdbd380b2cff3f020d29c0cefc2e02ac2c1212afe00,cell-007-0f2b695d9caf,7,0f2b695d9caff0dad9eab170484009d434e64faeb22d0a7e793e545f0f3fb12e,10,6,300,64,4,16,2,4,32,sgd,0.03,0.9,800,512,0.0,8192,0.023981301113963127,0.9930419921875,0.9682551622390747,0.9815819263458252,10.469847679138184,"[1.8926377296447754,2.352940082550049,4.760140419006348,1.4158074855804443,1.9276567697525024,2.0306785106658936,1.6714593172073364,1.8923795223236084]","[1.8706238269805908,2.290041923522949,3.9785239696502686,2.0450236797332764,2.100847005844116,2.117375612258911,2.007737636566162,2.114847183227539]",seeds/cell-007-0f2b695d9caf/seed-10/checkpoint.pt,seeds/cell-007-0f2b695d9caf/seed-10/snapshots/step-000300.pt
1,replication-momentum-sgd-12seeds-v1,acac69fd0fb0eb72c223dcdbd380b2cff3f020d29c0cefc2e02ac2c1212afe00,cell-007-0f2b695d9caf,7,0f2b695d9caff0dad9eab170484009d434e64faeb22d0a7e793e545f0f3fb12e,10,7,400,64,4,16,2,4,32,sgd,0.03,0.9,800,512,0.0,8192,0.018909938633441925,0.994384765625,0.9748766422271729,0.9840227365493774,10.086288452148438,"[1.8819106817245483,2.3750689029693604,5.0156049728393555,1.4000777006149292,1.9258795976638794,2.029627561569214,1.6728218793869019,1.8944066762924194]","[1.8478877544403076,2.2903246879577637,4.127859115600586,2.0038700103759766,2.093836545944214,2.113220453262329,2.014875650405884,2.1107585430145264]",seeds/cell-007-0f2b695d9caf/seed-10/checkpoint.pt,seeds/cell-007-0f2b695d9caf/seed-10/snapshots/step-000400.pt
1,replication-momentum-sgd-12seeds-v1,acac69fd0fb0eb72c223dcdbd380b2cff3f020d29c0cefc2e02ac2c1212afe00,cell-007-0f2b695d9caf,7,0f2b695d9caff0dad9eab170484009d434e64faeb22d0a7e793e545f0f3fb12e,10,8,500,64,4,16,2,4,32,sgd,0.03,0.9,800,512,0.0,8192,0.0072478679940104485,0.998046875,0.9949032068252563,1.0082042217254639,9.787181854248047,"[1.8744138479232788,2.3959853649139404,5.16651725769043,1.3886128664016724,1.9260387420654297,2.0294241905212402,1.6724624633789062,1.8939350843429565]","[1.8354343175888062,2.2824976444244385,4.189663887023926,1.9821035861968994,2.0886149406433105,2.1103899478912354,2.023198366165161,2.1125380992889404]",seeds/cell-007-0f2b695d9caf/seed-10/checkpoint.pt,seeds/cell-007-0f2b695d9caf/seed-10/snapshots/step-000500.pt
1,replication-momentum-sgd-12seeds-v1,acac69fd0fb0eb72c223dcdbd380b2cff3f020d29c0cefc2e02ac2c1212afe00,cell-007-0f2b695d9caf,7,0f2b695d9caff0dad9eab170484009d434e64faeb22d0a7e793e545f0f3fb12e,10,9,600,64,4,16,2,4,32,sgd,0.03,0.9,800,512,0.0,8192,0.0052909813821315765,0.9986572265625,0.9970399141311646,1.010744571685791,9.570369720458984,"[1.8702877759933472,2.403865337371826,5.273466110229492,1.3795404434204102,1.9255702495574951,2.0294017791748047,1.6699947118759155,1.89455246925354]","[1.827075481414795,2.2773375511169434,4.267595291137695,1.9531607627868652,2.0852322578430176,2.110273838043213,2.0227417945861816,2.1110825538635254]",seeds/cell-007-0f2b695d9caf/seed-10/checkpoint.pt,seeds/cell-007-0f2b695d9caf/seed-10/snapshots/step-000600.pt
1,replication-momentum-sgd-12seeds-v1,acac69fd0fb0eb72c223dcdbd380b2cff3f020d29c0cefc2e02ac2c1212afe00,cell-007-0f2b695d9caf,7,0f2b695d9caff0dad9eab170484009d434e64faeb22d0a7e793e545f0f3fb12e,10,10,800,64,4,16,2,4,32,sgd,0.03,0.9,800,512,0.0,8192,0.005710973404347897,0.9984130859375,0.9938147068023682,1.0033245086669922,9.1973295211792,"[1.858436107635498,2.4236347675323486,5.405903339385986,1.3572801351547241,1.925430178642273,2.0303666591644287,1.6664639711380005,1.8941433429718018]","[1.807389736175537,2.291288375854492,4.372117519378662,1.9056645631790161,2.0815017223358154,2.1101763248443604,2.0180118083953857,2.104678153991699]",seeds/cell-007-0f2b695d9caf/seed-10/checkpoint.pt,seeds/cell-007-0f2b695d9caf/seed-10/snapshots/step-000800.pt
1,replication-momentum-sgd-12seeds-v1,acac69fd0fb0eb72c223dcdbd380b2cff3f020d29c0cefc2e02ac2c1212afe00,cell-007-0f2b695d9caf,7,0f2b695d9caff0dad9eab170484009d434e64faeb22d0a7e793e545f0f3fb12e,11,0,0,64,4,16,2,4,32,sgd,0.03,0.9,800,512,0.0,8192,1.903498649597168,0.413330078125,-0.13624173402786255,-0.06842902302742004,12.324060440063477,"[2.244337320327759,1.5753241777420044,1.7554377317428589,2.0674641132354736,1.5403562784194946,2.040027618408203,2.1075196266174316,2.3025095462799072]","[1.8128955364227295,2.1359190940856934,1.5723028182983398,1.6812291145324707,2.3965048789978027,2.043034315109253,1.478082299232483,1.8380342721939087]",seeds/cell-007-0f2b695d9caf/seed-11/checkpoint.pt,seeds/cell-007-0f2b695d9caf/seed-11/snapshots/step-000000.pt
1,replication-momentum-sgd-12seeds-v1,acac69fd0fb0eb72c223dcdbd380b2cff3f020d29c0cefc2e02ac2c1212afe00,cell-007-0f2b695d9caf,7,0f2b695d9caff0dad9eab170484009d434e64faeb22d0a7e793e545f0f3fb12e,11,1,25,64,4,16,2,4,32,sgd,0.03,0.9,800,512,0.0,8192,0.7427772283554077,0.7109375,0.22307929396629333,0.19443348050117493,12.255655288696289,"[2.2472727298736572,1.594490885734558,1.7319625616073608,2.075721025466919,1.5188319683074951,2.047778844833374,2.0692222118377686,2.293433666229248]","[1.904030203819275,2.164374828338623,1.7202129364013672,1.9366848468780518,2.4951281547546387,2.067547559738159,1.5555791854858398,1.8620681762695312]",seeds/cell-007-0f2b695d9caf/seed-11/checkpoint.pt,seeds/cell-007-0f2b695d9caf/seed-11/snapshots/step-000025.pt
1,replication-momentum-sgd-12seeds-v1,acac69fd0fb0eb72c223dcdbd380b2cff3f020d29c0cefc2e02ac2c1212afe00,cell-007-0f2b695d9caf,7,0f2b695d9caff0dad9eab170484009d434e64faeb22d0a7e793e545f0f3fb12e,11,2,50,64,4,16,2,4,32,sgd,0.03,0.9,800,512,0.0,8192,0.6932134628295898,0.73828125,0.30950313806533813,0.2975952923297882,12.081428527832031,"[2.2429943084716797,1.6406081914901733,1.7052167654037476,2.230342149734497,1.5268925428390503,2.0423331260681152,2.065138339996338,2.2873294353485107]","[1.9124165773391724,2.256396532058716,1.7358574867248535,2.09648060798645,2.484388589859009,2.051187038421631,1.5665698051452637,1.8751968145370483]",seeds/cell-007-0f2b695d9caf/seed-11/checkpoint.pt,seeds/cell-007-0f2b695d9caf/seed-11/snapshots/step-000050.pt
1,replication-momentum-sgd-12seeds-v1,acac69fd0fb0eb72c223dcdbd380b2cff3f020d29c0cefc2e02ac2c1212afe00,cell-007-0f2b695d9caf,7,0f2b695d9caff0dad9eab170484009d434e64faeb22d0a7e793e545f0f3fb12e,11,3,100,64,4,16,2,4,32,sgd,0.03,0.9,800,512,0.0,8192,0.3299064338207245,0.8956298828125,0.6584290266036987,0.6983655691146851,11.300214767456055,"[2.2145369052886963,1.8459603786468506,1.6823891401290894,3.1135573387145996,1.571813941001892,2.049806594848633,2.0852930545806885,2.287168502807617]","[1.8638832569122314,2.4508752822875977,1.6647528409957886,2.581692934036255,2.4452874660491943,2.0570833683013916,1.5788753032684326,1.886141061782837]",seeds/cell-007-0f2b695d9caf/seed-11/checkpoint.pt,seeds/cell-007-0f2b695d9caf/seed-11/snapshots/step-000100.pt
1,replication-momentum-sgd-12seeds-v1,acac69fd0fb0eb72c223dcdbd380b2cff3f020d29c0cefc2e02ac2c1212afe00,cell-007-0f2b695d9caf,7,0f2b695d9caff0dad9eab170484009d434e64faeb22d0a7e793e545f0f3fb12e,11,4,150,64,4,16,2,4,32,sgd,0.03,0.9,800,512,0.0,8192,0.0825800895690918,0.9754638671875,0.9010846614837646,0.9043404459953308,10.6792631149292,"[2.20878005027771,1.8891785144805908,1.6591960191726685,3.9530484676361084,1.617854356765747,2.0641963481903076,2.1049396991729736,2.29292368888855]","[1.7817637920379639,2.4205081462860107,1.607557773590088,3.0232014656066895,2.47562837600708,2.052874803543091,1.6203991174697876,1.885712742805481]",seeds/cell-007-0f2b695d9caf/seed-11/checkpoint.pt,seeds/cell-007-0f2b695d9caf/seed-11/snapshots/step-000150.pt
1,replication-momentum-sgd-12seeds-v1,acac69fd0fb0eb72c223dcdbd380b2cff3f020d29c0cefc2e02ac2c1212afe00,cell-007-0f2b695d9caf,7,0f2b695d9caff0dad9eab170484009d434e64faeb22d0a7e793e545f0f3fb12e,11,5,200,64,4,16,2,4,32,sgd,0.03,0.9,800,512,0.0,8192,0.044695839285850525,0.987060546875,0.9483723640441895,0.9423201084136963,10.342991828918457,"[2.201944351196289,1.8935719728469849,1.6502158641815186,4.269340991973877,1.6282100677490234,2.072892665863037,2.11118483543396,2.297168016433716]","[1.7420741319656372,2.359600782394409,1.5940954685211182,3.20065975189209,2.482100486755371,2.0410449504852295,1.6376047134399414,1.8804093599319458]",seeds/cell-007-0f2b695d9caf/seed-11/checkpoint.pt,seeds/cell-007-0f2b695d9caf/seed-11/snapshots/step-000200.pt
1,replication-momentum-sgd-12seeds-v1,acac69fd0fb0eb72c223dcdbd380b2cff3f020d29c0cefc2e02ac2c1212afe00,cell-007-0f2b695d9caf,7,0f2b695d9caff0dad9eab170484009d434e64faeb22d0a7e793e545f0f3fb12e,11,6,300,64,4,16,2,4,32,sgd,0.03,0.9,800,512,0.0,8192,0.009945511817932129,0.9974365234375,0.98056560754776,0.9690738916397095,10.048772811889648,"[2.1954996585845947,1.8976144790649414,1.635550618171692,4.446047306060791,1.6395443677902222,2.077629804611206,2.1111457347869873,2.2935290336608887]","[1.705570936203003,2.2985167503356934,1.5803145170211792,3.398355722427368,2.4800703525543213,2.037555456161499,1.6345629692077637,1.8726024627685547]",seeds/cell-007-0f2b695d9caf/seed-11/checkpoint.pt,seeds/cell-007-0f2b695d9caf/seed-11/snapshots/step-000300.pt
1,replication-momentum-sgd-12seeds-v1,acac69fd0fb0eb72c223dcdbd380b2cff3f020d29c0cefc2e02ac2c1212afe00,cell-007-0f2b695d9caf,7,0f2b695d9caff0dad9eab170484009d434e64faeb22d0a7e793e545f0f3fb12e,11,7,400,64,4,16,2,4,32,sgd,0.03,0.9,800,512,0.0,8192,0.003079736139625311,0.9990234375,0.9995502233505249,0.9891834259033203,9.795814514160156,"[2.1887307167053223,1.9022008180618286,1.6302237510681152,4.604789733886719,1.6491315364837646,2.079768419265747,2.1122100353240967,2.291348695755005]","[1.689285159111023,2.2532145977020264,1.5673339366912842,3.518301010131836,2.483395576477051,2.0347135066986084,1.6353013515472412,1.869219183921814]",seeds/cell-007-0f2b695d9caf/seed-11/checkpoint.pt,seeds/cell-007-0f2b695d9caf/seed-11/snapshots/step-000400.pt
1,replication-momentum-sgd-12seeds-v1,acac69fd0fb0eb72c223dcdbd380b2cff3f020d29c0cefc2e02ac2c1212afe00,cell-007-0f2b695d9caf,7,0f2b695d9caff0dad9eab170484009d434e64faeb22d0a7e793e545f0f3fb12e,11,8,500,64,4,16,2,4,32,sgd,0.03,0.9,800,512,0.0,8192,0.0016668564639985561,0.999755859375,1.0008071660995483,0.9941016435623169,9.70968246459961,"[2.1856801509857178,1.8969730138778687,1.624050259590149,4.671759605407715,1.6518125534057617,2.0807888507843018,2.1121323108673096,2.2894654273986816]","[1.679463505744934,2.2296335697174072,1.5554262399673462,3.6073718070983887,2.485687732696533,2.034111976623535,1.6333603858947754,1.8649812936782837]",seeds/cell-007-0f2b695d9caf/seed-11/checkpoint.pt,seeds/cell-007-0f2b695d9caf/seed-11/snapshots/step-000500.pt
1,replication-momentum-sgd-12seeds-v1,acac69fd0fb0eb72c223dcdbd380b2cff3f020d29c0cefc2e02ac2c1212afe00,cell-007-0f2b695d9caf,7,0f2b695d9caff0dad9eab170484009d434e64faeb22d0a7e793e545f0f3fb12e,11,9,600,64,4,16,2,4,32,sgd,0.03,0.9,800,512,0.0,8192,0.0020962825510650873,0.999267578125,0.9939172267913818,0.9833571910858154,9.594730377197266,"[2.1834850311279297,1.8969197273254395,1.6214357614517212,4.7345452308654785,1.655028223991394,2.082082748413086,2.1135780811309814,2.2876675128936768]","[1.6713007688522339,2.2154767513275146,1.550266981124878,3.6631019115448,2.4835712909698486,2.033353567123413,1.633055329322815,1.8622227907180786]",seeds/cell-007-0f2b695d9caf/seed-11/checkpoint.pt,seeds/cell-007-0f2b695d9caf/seed-11/snapshots/step-000600.pt
1,replication-momentum-sgd-12seeds-v1,acac69fd0fb0eb72c223dcdbd380b2cff3f020d29c0cefc2e02ac2c1212afe00,cell-007-0f2b695d9caf,7,0f2b695d9caff0dad9eab170484009d434e64faeb22d0a7e793e545f0f3fb12e,11,10,800,64,4,16,2,4,32,sgd,0.03,0.9,800,512,0.0,8192,0.002508284291252494,0.9993896484375,0.9953754544258118,0.981326162815094,9.420904159545898,"[2.1819214820861816,1.887742280960083,1.6185238361358643,4.83213472366333,1.6580004692077637,2.0839152336120605,2.11370849609375,2.2851779460906982]","[1.6621320247650146,2.1865479946136475,1.542546033859253,3.7539913654327393,2.4849743843078613,2.0346317291259766,1.6355183124542236,1.8588835000991821]",seeds/cell-007-0f2b695d9caf/seed-11/checkpoint.pt,seeds/cell-007-0f2b695d9caf/seed-11/snapshots/step-000800.pt
