cell,maximum,mean,metric,minimum,n_seeds,optimizer,standard_deviation,step
C16-d16-L2-H1-m4-ffn32,0.0025350917130708694,-0.0073064051975961775,attention_key_selectivity,-0.02304050698876381,12,adamw,0.006821545610654014,0
C16-d16-L2-H1-m4-ffn32,0.2193453013896942,0.18587423581629992,attention_mean_distractor_mass,0.1459207534790039,12,adamw,0.02557949914905121,0
C16-d16-L2-H1-m4-ffn32,0.4248519614338875,0.26380948365355533,attention_self_mass,0.12614203989505768,12,adamw,0.1036266553695762,0
C16-d16-L2-H1-m4-ffn32,0.21582207083702087,0.1785678289209803,attention_target_mass,0.13738583773374557,12,adamw,0.027506152072619285,0
C16-d16-L2-H1-m4-ffn32,-0.11000782623887062,-0.18127598272015652,attention_target_over_distractor_log_margin,-0.3126922473311424,12,adamw,0.05547491547053411,0
C16-d16-L2-H1-m4-ffn32,0.5859375,0.5183919270833334,donor_accuracy,0.47265625,12,adamw,0.03382356412037737,0
C16-d16-L2-H1-m4-ffn32,2.1684658527374268,0.949701781074206,donor_risk,0.5223815441131592,12,adamw,0.5427133954315374,0
C16-d16-L2-H1-m4-ffn32,0.7056615352630615,0.6333619902531306,embedding_coherence,0.5239017605781555,12,adamw,0.055883182771460635,0
C16-d16-L2-H1-m4-ffn32,8.813401222229004,8.08121391137441,embedding_effective_rank,7.553332805633545,12,adamw,0.39319141354762094,0
C16-d16-L2-H1-m4-ffn32,0.026394199579954147,0.0013183099993815024,ffn_branch_signed,-0.018365557305514812,12,adamw,0.010807075739712409,0
C16-d16-L2-H1-m4-ffn32,0.35864466428756714,0.2679427204032739,ffn_cancellation_fraction,0.14460068196058273,12,adamw,0.0649575197302096,0
C16-d16-L2-H1-m4-ffn32,0.630859375,0.5035807291666666,ffn_opposition_rate,0.3125,12,adamw,0.09577315580912395,0
C16-d16-L2-H1-m4-ffn32,0.031277946662157774,0.003989472194613579,ffn_skip_signed,-0.01326796319335699,12,adamw,0.01237257852579276,0
C16-d16-L2-H1-m4-ffn32,0.05767214484512806,0.005307782092131674,ffn_total_signed,-0.03163352236151695,12,adamw,0.022323417035886212,0
C16-d16-L2-H1-m4-ffn32,0.58984375,0.5216471354166666,function_accuracy,0.46875,12,adamw,0.03591219245910854,0
C16-d16-L2-H1-m4-ffn32,0.22030074894428253,0.151908736055096,natural_swap_mae,0.08329996466636658,12,adamw,0.04084445132560152,0
C16-d16-L2-H1-m4-ffn32,0.09837017953395844,0.05397468743224939,natural_swap_mse,0.012514961883425713,12,adamw,0.02696420786361021,0
C16-d16-L2-H1-m4-ffn32,1.1251603364944458,0.9536183824141821,ov_distractor_gain,0.8363679945468903,12,adamw,0.07318014704404845,0
C16-d16-L2-H1-m4-ffn32,0.19883136823773384,-0.05589084497963389,ov_log_target_over_distractor_gain,-0.38727517426013947,12,adamw,0.1884171650354895,0
C16-d16-L2-H1-m4-ffn32,1.0890954732894897,0.9049647102753321,ov_target_gain,0.6724216043949127,12,adamw,0.1409347691640068,0
C16-d16-L2-H1-m4-ffn32,0.25507186353206635,0.21928865710894266,qk_cancellation_fraction,0.17909053713083267,12,adamw,0.017209456024914128,0
C16-d16-L2-H1-m4-ffn32,0.043190931901335716,0.021531344250737067,qk_content_energy,0.005859247175976634,12,adamw,0.012541192498491584,0
C16-d16-L2-H1-m4-ffn32,0.03178763296455145,0.0041663904024365666,qk_content_signed,-0.017712313681840897,12,adamw,0.013561277494783627,0
C16-d16-L2-H1-m4-ffn32,0.53125,0.4876302083333333,qk_opposition_rate,0.45703125,12,adamw,0.021485720085304184,0
C16-d16-L2-H1-m4-ffn32,0.016529827378690243,0.0006622533134456413,qk_route_signed,-0.007275950629264116,12,adamw,0.005766078847576698,0
C16-d16-L2-H1-m4-ffn32,-0.06563345342874527,-0.3638331894762814,qk_suppression_log_ratio,-0.6318721771240234,12,adamw,0.1878782033267314,0
C16-d16-L2-H1-m4-ffn32,0.04831746220588684,0.004828644072404131,qk_total_signed,-0.024988263845443726,12,adamw,0.018250190324500298,0
C16-d16-L2-H1-m4-ffn32,2.1704599857330322,0.9513254662354788,risk,0.5223835706710815,12,adamw,0.5427683024868554,0
C16-d16-L2-H1-m4-ffn32,0.19638898968696594,0.015944005038666848,target_key_effect,-0.07577356696128845,12,adamw,0.07095195358528775,0
C16-d16-L2-H1-m4-ffn32,0.22355353832244873,0.01984889250403891,value_flip_effect,-0.09441018849611282,12,adamw,0.08217723523317792,0
C16-d16-L2-H1-m4-ffn32,3.1898021697998047,0.8951076784481605,walsh_bias_energy,0.06193166226148605,12,adamw,1.0372161599668415,0
C16-d16-L2-H1-m4-ffn32,0.20806485414505005,0.04778565683712562,walsh_distractor_direct_energy,0.004739248193800449,12,adamw,0.053735933474834165,0
C16-d16-L2-H1-m4-ffn32,0.024815311655402184,0.006869016195802639,walsh_interaction_energy,0.0005733335274271667,12,adamw,0.006904593107401389,0
C16-d16-L2-H1-m4-ffn32,0.2220868170261383,0.019158231172089774,walsh_target_coefficient,-0.08629986643791199,12,adamw,0.08085982652946555,0
C16-d16-L2-H1-m4-ffn32,1.190749168395996,0.9760291576385498,walsh_target_error_energy,0.6273469924926758,12,adamw,0.14803548138400702,0
C16-d16-L2-H1-m4-ffn32,4.1227641105651855,1.925791511933009,walsh_total_error_energy,1.0377824306488037,12,adamw,1.0439972713635075,0
C16-d16-L2-H1-m4-ffn32,0.4902626872062683,0.37061187252402306,attention_key_selectivity,0.035757675766944885,12,adamw,0.1314998029325598,50
C16-d16-L2-H1-m4-ffn32,0.14353633671998978,0.08613225399555328,attention_mean_distractor_mass,0.04350116848945618,12,adamw,0.029015205896724263,50
C16-d16-L2-H1-m4-ffn32,0.569360226392746,0.2848591248815258,attention_self_mass,0.14105042070150375,12,adamw,0.11219143780377294,50
C16-d16-L2-H1-m4-ffn32,0.5656107366085052,0.4567441243464903,attention_target_mass,0.13447820965666324,12,adamw,0.11657714821105246,50
C16-d16-L2-H1-m4-ffn32,3.2378438115119934,2.1632579000045857,attention_target_over_distractor_log_margin,-0.3136409819126129,12,adamw,1.0382040387189098,50
C16-d16-L2-H1-m4-ffn32,1.0,0.9620768229166666,donor_accuracy,0.72265625,12,adamw,0.0827193908544303,50
C16-d16-L2-H1-m4-ffn32,0.3421064019203186,0.05668630047390858,donor_risk,0.0024041091091930866,12,adamw,0.10155251070959043,50
C16-d16-L2-H1-m4-ffn32,0.8103969097137451,0.7324810822804769,embedding_coherence,0.6551828384399414,12,adamw,0.05709797479654252,50
C16-d16-L2-H1-m4-ffn32,7.269988536834717,6.4407583475112915,embedding_effective_rank,5.620994567871094,12,adamw,0.6068305719696472,50
C16-d16-L2-H1-m4-ffn32,0.0012043547467328608,-0.000277551737099202,ffn_branch_signed,-0.0019679148390423506,12,adamw,0.000983172880596771,50
C16-d16-L2-H1-m4-ffn32,0.2899278700351715,0.21421199726561704,ffn_cancellation_fraction,0.1383313164114952,12,adamw,0.048392641235001824,50
C16-d16-L2-H1-m4-ffn32,0.59375,0.4862467447916667,ffn_opposition_rate,0.388671875,12,adamw,0.06581014083449348,50
C16-d16-L2-H1-m4-ffn32,0.005205857669352554,-0.0007785904369181177,ffn_skip_signed,-0.00954568525776267,12,adamw,0.0038808365578753205,50
C16-d16-L2-H1-m4-ffn32,0.004532984516117722,-0.0010561420325151023,ffn_total_signed,-0.009285356849431992,12,adamw,0.004024572066895159,50
C16-d16-L2-H1-m4-ffn32,1.0,0.9640299479166666,function_accuracy,0.72265625,12,adamw,0.08190203200806191,50
C16-d16-L2-H1-m4-ffn32,0.12634320557117462,0.04970362689346075,natural_swap_mae,0.01057998277246952,12,adamw,0.03386150900603578,50
C16-d16-L2-H1-m4-ffn32,0.04823962599039078,0.013933311114669777,natural_swap_mse,0.0005350393475964665,12,adamw,0.013841473582957058,50
C16-d16-L2-H1-m4-ffn32,1.2443863153457642,1.0599503368139267,ov_distractor_gain,0.8884364366531372,12,adamw,0.10797908185178381,50
C16-d16-L2-H1-m4-ffn32,1.0875546336174011,0.6462924826579789,ov_log_target_over_distractor_gain,0.3809812515974045,12,adamw,0.22361451602968546,50
C16-d16-L2-H1-m4-ffn32,2.828778922557831,2.1569503669937453,ov_target_gain,1.5890110433101654,12,adamw,0.3530099301174935,50
C16-d16-L2-H1-m4-ffn32,0.26613178849220276,0.22702566906809807,qk_cancellation_fraction,0.1967470794916153,12,adamw,0.02283258208835757,50
C16-d16-L2-H1-m4-ffn32,0.003259677439928055,0.0007490362616806578,qk_content_energy,3.787177047342993e-05,12,adamw,0.0009554102873425462,50
C16-d16-L2-H1-m4-ffn32,0.000843062371131964,-0.00037751793570350856,qk_content_signed,-0.0016175549535546452,12,adamw,0.0006200975394337984,50
C16-d16-L2-H1-m4-ffn32,0.5732421875,0.5237630208333334,qk_opposition_rate,0.4775390625,12,adamw,0.026615366285998747,50
C16-d16-L2-H1-m4-ffn32,0.004854079714277759,-0.0005928712131814488,qk_route_signed,-0.005754686178988777,12,adamw,0.0030741555742724944,50
C16-d16-L2-H1-m4-ffn32,-1.1849622130393982,-1.5722252054450412,qk_suppression_log_ratio,-1.888384461402893,12,adamw,0.19211085199862715,50
C16-d16-L2-H1-m4-ffn32,0.0048447707667946815,-0.0009703890803696898,qk_total_signed,-0.006478213821537793,12,adamw,0.003195870640604528,50
C16-d16-L2-H1-m4-ffn32,0.3360077142715454,0.05561112014887234,risk,0.002563309855759144,12,adamw,0.09950860047786846,50
C16-d16-L2-H1-m4-ffn32,1.0392882823944092,0.8972873215874037,target_key_effect,0.32341471314430237,12,adamw,0.20685345869941146,50
C16-d16-L2-H1-m4-ffn32,1.0196337699890137,0.8945192421476046,value_flip_effect,0.337262362241745,12,adamw,0.19141104450124,50
C16-d16-L2-H1-m4-ffn32,0.02674773335456848,0.007576155224038909,walsh_bias_energy,0.0013506109826266766,12,adamw,0.007215159621676477,50
C16-d16-L2-H1-m4-ffn32,0.19290700554847717,0.037533506333905585,walsh_distractor_direct_energy,0.0006633589509874582,12,adamw,0.06457662972430137,50
C16-d16-L2-H1-m4-ffn32,0.014221731573343277,0.002871931981644593,walsh_interaction_energy,0.0002809558645822108,12,adamw,0.003762200059906303,50
C16-d16-L2-H1-m4-ffn32,1.0195777416229248,0.8949113339185715,walsh_target_coefficient,0.33539366722106934,12,adamw,0.1917693473741338,50
C16-d16-L2-H1-m4-ffn32,0.44816556572914124,0.05993711308110505,walsh_target_error_energy,0.0017094409558922052,12,adamw,0.12880546744001492,50
C16-d16-L2-H1-m4-ffn32,0.6505168080329895,0.10791870835237205,walsh_total_error_energy,0.004715419840067625,12,adamw,0.1946490691370998,50
C16-d16-L2-H1-m4-ffn32,0.5245074033737183,0.4904708464940389,attention_key_selectivity,0.4432476758956909,12,adamw,0.030660847689443736,100
C16-d16-L2-H1-m4-ffn32,0.08504612557590008,0.06118410862109158,attention_mean_distractor_mass,0.012218291347380728,12,adamw,0.022637958251684614,100
C16-d16-L2-H1-m4-ffn32,0.5050653275102377,0.26479273367052275,attention_self_mass,0.1609661541879177,12,adamw,0.10344708730213178,100
C16-d16-L2-H1-m4-ffn32,0.5957738757133484,0.5516549461899558,attention_target_mass,0.45827979006571695,12,adamw,0.042929698865531676,100
C16-d16-L2-H1-m4-ffn32,4.414195477962494,3.539102186759313,attention_target_over_distractor_log_margin,2.8411449193954468,12,adamw,0.4643068596778271,100
C16-d16-L2-H1-m4-ffn32,1.0,1.0,donor_accuracy,1.0,12,adamw,0.0,100
C16-d16-L2-H1-m4-ffn32,0.011572654359042645,0.0013870707698515616,donor_risk,0.00017444477998651564,12,adamw,0.0032178271331566146,100
C16-d16-L2-H1-m4-ffn32,0.8012735247612,0.7483246028423309,embedding_coherence,0.667876660823822,12,adamw,0.0445434675536026,100
C16-d16-L2-H1-m4-ffn32,7.150656223297119,6.14672573407491,embedding_effective_rank,4.862272262573242,12,adamw,0.6726706365589049,100
C16-d16-L2-H1-m4-ffn32,0.0004985875348211266,6.815560103253422e-05,ffn_branch_signed,-0.0002979456330649555,12,adamw,0.00022204650959540986,100
C16-d16-L2-H1-m4-ffn32,0.41953641176223755,0.3249418567866087,ffn_cancellation_fraction,0.21136292815208435,12,adamw,0.06689411850481583,100
C16-d16-L2-H1-m4-ffn32,0.7392578125,0.6239420572916666,ffn_opposition_rate,0.533203125,12,adamw,0.06793121077203144,100
C16-d16-L2-H1-m4-ffn32,0.003394003608264029,0.00017663501444076246,ffn_skip_signed,-0.0009326598083134741,12,adamw,0.0011280520715210801,100
C16-d16-L2-H1-m4-ffn32,0.003301063581602648,0.0002447906474571937,ffn_total_signed,-0.0006190675194375217,12,adamw,0.001101139522671477,100
C16-d16-L2-H1-m4-ffn32,1.0,0.9998372395833334,function_accuracy,0.998046875,12,adamw,0.0005638186222554939,100
C16-d16-L2-H1-m4-ffn32,0.05061360076069832,0.011594612539435426,natural_swap_mae,0.0029071588069200516,12,adamw,0.012774159245881555,100
C16-d16-L2-H1-m4-ffn32,0.018702026456594467,0.0017674731943770894,natural_swap_mse,2.1616524463752285e-05,12,adamw,0.005336240377110838,100
C16-d16-L2-H1-m4-ffn32,1.2793511152267456,1.0306931932767232,ov_distractor_gain,0.8789725303649902,12,adamw,0.11835065390757425,100
C16-d16-L2-H1-m4-ffn32,1.1802615523338318,0.7799915429204702,ov_log_target_over_distractor_gain,0.4869784861803055,12,adamw,0.2345103692312234,100
C16-d16-L2-H1-m4-ffn32,3.1035159826278687,2.4542136241992316,ov_target_gain,1.7435739040374756,12,adamw,0.3735366878857388,100
C16-d16-L2-H1-m4-ffn32,0.27081191539764404,0.22751070000231266,qk_cancellation_fraction,0.19811493903398514,12,adamw,0.020858514026028726,100
C16-d16-L2-H1-m4-ffn32,0.00017959958267965703,6.259437846267701e-05,qk_content_energy,7.91399685340366e-06,12,adamw,5.532368775261469e-05,100
C16-d16-L2-H1-m4-ffn32,0.00030101167067186907,-8.602934504627531e-05,qk_content_signed,-0.0005467582086566836,12,adamw,0.00024256291570848006,100
C16-d16-L2-H1-m4-ffn32,0.59765625,0.5371907552083334,qk_opposition_rate,0.5,12,adamw,0.032339244110394995,100
C16-d16-L2-H1-m4-ffn32,0.0032809112381073646,0.00029240457797641284,qk_route_signed,-0.0006184322555782273,12,adamw,0.0010089489073180666,100
C16-d16-L2-H1-m4-ffn32,-0.6886677965521812,-1.34732170154651,qk_suppression_log_ratio,-1.8825680017471313,12,adamw,0.3255008938630773,100
C16-d16-L2-H1-m4-ffn32,0.0035819228214677423,0.0002063752144749742,qk_total_signed,-0.0006020370783517137,12,adamw,0.001148008209056487,100
C16-d16-L2-H1-m4-ffn32,0.01408060546964407,0.0015936631340688716,risk,0.00017689306696411222,12,adamw,0.003941207551784413,100
C16-d16-L2-H1-m4-ffn32,1.0895755290985107,1.0046940793593724,target_key_effect,0.9287742376327515,12,adamw,0.043123636545222395,100
C16-d16-L2-H1-m4-ffn32,1.003915548324585,0.9979185114304224,value_flip_effect,0.9930121898651123,12,adamw,0.0031814169579572446,100
C16-d16-L2-H1-m4-ffn32,0.003878128482028842,0.0006145972741554336,walsh_bias_energy,0.00012946545029990375,12,adamw,0.0010525589226666604,100
C16-d16-L2-H1-m4-ffn32,0.009206576272845268,0.0009141622382837037,walsh_distractor_direct_energy,1.5112767869140953e-05,12,adamw,0.002614121058236156,100
C16-d16-L2-H1-m4-ffn32,0.0008036150247789919,0.0001541480924061034,walsh_interaction_energy,2.178021168219857e-05,12,adamw,0.00021484013934006373,100
C16-d16-L2-H1-m4-ffn32,1.0040979385375977,0.9979021549224854,walsh_target_coefficient,0.993511438369751,12,adamw,0.0031934863765657323,100
C16-d16-L2-H1-m4-ffn32,0.009760787710547447,0.0011250425086473115,walsh_target_error_energy,0.00011159211862832308,12,adamw,0.0027285959579445994,100
C16-d16-L2-H1-m4-ffn32,0.023649107664823532,0.002807950098940637,walsh_total_error_energy,0.00036371033638715744,12,adamw,0.006588637013999968,100
C16-d16-L2-H1-m4-ffn32,0.5301727652549744,0.49387314170598984,attention_key_selectivity,0.4349636435508728,12,adamw,0.028742852775113372,400
C16-d16-L2-H1-m4-ffn32,0.0800054483115673,0.058251679666379154,attention_mean_distractor_mass,0.001372265222016722,12,adamw,0.02505874337061862,400
C16-d16-L2-H1-m4-ffn32,0.5069533782079816,0.27312014539105195,attention_self_mass,0.19000084698200226,12,adamw,0.10474237901070858,400
C16-d16-L2-H1-m4-ffn32,0.5942893028259277,0.5521248197813596,attention_target_mass,0.4889298461494036,12,adamw,0.0384517028090552,400
C16-d16-L2-H1-m4-ffn32,7.257359266281128,3.958482245604197,attention_target_over_distractor_log_margin,2.9991832971572876,12,adamw,1.1419902791674486,400
C16-d16-L2-H1-m4-ffn32,1.0,1.0,donor_accuracy,1.0,12,adamw,0.0,400
C16-d16-L2-H1-m4-ffn32,0.00011572905350476503,5.241400882975237e-05,donor_risk,2.237324952147901e-05,12,adamw,3.061289181268322e-05,400
C16-d16-L2-H1-m4-ffn32,0.8065136671066284,0.7469780892133713,embedding_coherence,0.6618444919586182,12,adamw,0.04737715233243236,400
C16-d16-L2-H1-m4-ffn32,7.056591033935547,6.1054050127665205,embedding_effective_rank,4.738129138946533,12,adamw,0.6828348945986161,400
C16-d16-L2-H1-m4-ffn32,0.000594884913880378,0.00011115419272300642,ffn_branch_signed,-0.00016545943799428642,12,adamw,0.0002186517887713951,400
C16-d16-L2-H1-m4-ffn32,0.4907553493976593,0.38720602728426456,ffn_cancellation_fraction,0.29457083344459534,12,adamw,0.060823402652002125,400
C16-d16-L2-H1-m4-ffn32,0.7578125,0.669189453125,ffn_opposition_rate,0.5791015625,12,adamw,0.053508180380182055,400
C16-d16-L2-H1-m4-ffn32,0.0003239308134652674,-8.736858990232577e-05,ffn_skip_signed,-0.0005205586785450578,12,adamw,0.00024061928709610136,400
C16-d16-L2-H1-m4-ffn32,0.000373207192751579,2.378559959955358e-05,ffn_total_signed,-0.0002528991171857342,12,adamw,0.00021648019141511687,400
C16-d16-L2-H1-m4-ffn32,1.0,1.0,function_accuracy,1.0,12,adamw,0.0,400
C16-d16-L2-H1-m4-ffn32,0.005137923639267683,0.0034063966886606067,natural_swap_mae,0.0016039855545386672,12,adamw,0.001251617900763756,400
C16-d16-L2-H1-m4-ffn32,7.860294135753065e-05,3.637824367312229e-05,natural_swap_mse,6.1528880905825645e-06,12,adamw,2.5137425903601734e-05,400
C16-d16-L2-H1-m4-ffn32,1.3473488092422485,1.0071361859639485,ov_distractor_gain,0.8224346041679382,12,adamw,0.1400033343622224,400
C16-d16-L2-H1-m4-ffn32,1.2737654447555542,0.8537848374495903,ov_log_target_over_distractor_gain,0.46299856901168823,12,adamw,0.24883529695076823,400
C16-d16-L2-H1-m4-ffn32,3.2921512126922607,2.5897318348288536,ov_target_gain,1.7874064147472382,12,adamw,0.4177773356186254,400
C16-d16-L2-H1-m4-ffn32,0.2673894912004471,0.23511934032042822,qk_cancellation_fraction,0.2092800885438919,12,adamw,0.017074760420052758,400
C16-d16-L2-H1-m4-ffn32,3.7353889865698875e-05,1.4777040797516369e-05,qk_content_energy,2.53067463518164e-06,12,adamw,1.0617328798555313e-05,400
C16-d16-L2-H1-m4-ffn32,0.00015197354514384642,-2.8134125197235942e-05,qk_content_signed,-0.0001788829663382785,12,adamw,0.00011299723519333887,400
C16-d16-L2-H1-m4-ffn32,0.6201171875,0.54248046875,qk_opposition_rate,0.509765625,12,adamw,0.032656821320170934,400
C16-d16-L2-H1-m4-ffn32,0.0002651741961017251,-7.2171986478982335e-06,qk_route_signed,-0.0005823657047585584,12,adamw,0.00020436789334531813,400
C16-d16-L2-H1-m4-ffn32,-0.5528999418020248,-1.1119992057792842,qk_suppression_log_ratio,-1.4259456247091293,12,adamw,0.27262664885922205,400
C16-d16-L2-H1-m4-ffn32,0.00041714775579748675,-3.5351322821952635e-05,qk_total_signed,-0.0005193513698031893,12,adamw,0.0002262019606205142,400
C16-d16-L2-H1-m4-ffn32,0.00010898877371801063,5.155755570740439e-05,risk,2.2961892682360485e-05,12,adamw,2.864756519957515e-05,400
C16-d16-L2-H1-m4-ffn32,1.07730233669281,1.0073001980781555,target_key_effect,0.9474337100982666,12,adamw,0.0385756286668436,400
C16-d16-L2-H1-m4-ffn32,1.0009979009628296,0.9998697837193807,value_flip_effect,0.997620701789856,12,adamw,0.001000109212343369,400
C16-d16-L2-H1-m4-ffn32,6.0531612689374015e-05,3.0266925402126315e-05,walsh_bias_energy,1.5225982679112349e-05,12,adamw,1.4919769689420974e-05,400
C16-d16-L2-H1-m4-ffn32,5.6255721574416384e-05,2.246893257051852e-05,walsh_distractor_direct_energy,4.807422556041274e-06,12,adamw,1.5358834871267647e-05,400
C16-d16-L2-H1-m4-ffn32,4.0834514948073775e-05,1.661630320389425e-05,walsh_interaction_energy,5.147183401277289e-06,12,adamw,1.0530927271409822e-05,400
C16-d16-L2-H1-m4-ffn32,1.000864863395691,0.9998222043116888,walsh_target_coefficient,0.9976550340652466,12,adamw,0.0009407021791991597,400
C16-d16-L2-H1-m4-ffn32,7.189046300482005e-05,3.500935334462459e-05,walsh_target_error_energy,1.4319825822894927e-05,12,adamw,2.0489371929205543e-05,400
C16-d16-L2-H1-m4-ffn32,0.0002038974198512733,0.00010436151599909256,walsh_total_error_energy,4.6464956540148705e-05,12,adamw,5.6081908431190536e-05,400
C16-d16-L2-H1-m4-ffnnone,0.015331161208450794,-0.006321766316735496,attention_key_selectivity,-0.03289726749062538,12,adamw,0.01146834242513484,0
C16-d16-L2-H1-m4-ffnnone,0.21575970947742462,0.2007805829246839,attention_mean_distractor_mass,0.1668686792254448,12,adamw,0.015770569863854274,0
C16-d16-L2-H1-m4-ffnnone,0.33334288001060486,0.20319945023705563,attention_self_mass,0.14876732230186462,12,adamw,0.06723439744417689,0
C16-d16-L2-H1-m4-ffnnone,0.2217191606760025,0.19445881868402162,attention_target_mass,0.14222846925258636,12,adamw,0.021968743686810233,0
C16-d16-L2-H1-m4-ffnnone,-0.01705581322312355,-0.15925791417248547,attention_target_over_distractor_log_margin,-0.38809583708643913,12,adamw,0.10286017868788624,0
C16-d16-L2-H1-m4-ffnnone,0.625,0.48974609375,donor_accuracy,0.38671875,12,adamw,0.0654495602452873,0
C16-d16-L2-H1-m4-ffnnone,3.0105152130126953,1.0654715200265248,donor_risk,0.5963432788848877,12,adamw,0.7187518641829973,0
C16-d16-L2-H1-m4-ffnnone,0.7035661339759827,0.6192736675341924,embedding_coherence,0.5073335766792297,12,adamw,0.05969237045508729,0
C16-d16-L2-H1-m4-ffnnone,8.403874397277832,7.757482210795085,embedding_effective_rank,6.781848907470703,12,adamw,0.5124959780989643,0
C16-d16-L2-H1-m4-ffnnone,0.615234375,0.4967447916666667,function_accuracy,0.3828125,12,adamw,0.06749572808890165,0
C16-d16-L2-H1-m4-ffnnone,0.29760387539863586,0.19579971147080263,natural_swap_mae,0.12045042961835861,12,adamw,0.055432048576800536,0
C16-d16-L2-H1-m4-ffnnone,0.2150137573480606,0.08422088188429673,natural_swap_mse,0.034784361720085144,12,adamw,0.059859074447887094,0
C16-d16-L2-H1-m4-ffnnone,1.0544920563697815,0.9524964913725853,ov_distractor_gain,0.8112470209598541,12,adamw,0.08941488064247857,0
C16-d16-L2-H1-m4-ffnnone,0.199908297508955,-0.05148716765688732,ov_log_target_over_distractor_gain,-0.2957853227853775,12,adamw,0.13524646323703188,0
C16-d16-L2-H1-m4-ffnnone,1.0406994819641113,0.8922925492127737,ov_target_gain,0.7368736565113068,12,adamw,0.11374093244041143,0
C16-d16-L2-H1-m4-ffnnone,0.27693748474121094,0.22990948831041655,qk_cancellation_fraction,0.16654294729232788,12,adamw,0.031177094053419622,0
C16-d16-L2-H1-m4-ffnnone,0.07703986763954163,0.03378287601905564,qk_content_energy,0.015440603718161583,12,adamw,0.022008329302387407,0
C16-d16-L2-H1-m4-ffnnone,0.0163006535731256,-0.0011738482959723722,qk_content_signed,-0.023849504999816418,12,adamw,0.013362547970300039,0
C16-d16-L2-H1-m4-ffnnone,0.57421875,0.5126139322916666,qk_opposition_rate,0.4541015625,12,adamw,0.035957128017210495,0
C16-d16-L2-H1-m4-ffnnone,0.0038794693537056446,-0.0029684894992290842,qk_route_signed,-0.012925272807478905,12,adamw,0.0051433716263233255,0
C16-d16-L2-H1-m4-ffnnone,0.02137566637247801,-0.19280222454108298,qk_suppression_log_ratio,-0.6513930559158325,12,adamw,0.17210704744324878,0
C16-d16-L2-H1-m4-ffnnone,0.020180122461169958,-0.004142337992864971,qk_total_signed,-0.0367747787386179,12,adamw,0.01692871242236209,0
C16-d16-L2-H1-m4-ffnnone,3.003941297531128,1.0585696051518123,risk,0.5688995122909546,12,adamw,0.7185630945173985,0
C16-d16-L2-H1-m4-ffnnone,0.19383536279201508,-0.0100413549807854,target_key_effect,-0.21243053674697876,12,adamw,0.11284408530573929,0
C16-d16-L2-H1-m4-ffnnone,0.2303975522518158,0.0007831278877953688,value_flip_effect,-0.24029983580112457,12,adamw,0.13274489751126403,0
C16-d16-L2-H1-m4-ffnnone,4.52419900894165,0.9490425804009041,walsh_bias_energy,0.11558438092470169,12,adamw,1.2960037865375398,0
C16-d16-L2-H1-m4-ffnnone,0.3888819217681885,0.10443214342618982,walsh_distractor_direct_energy,0.01650117337703705,12,adamw,0.12168126645123815,0
C16-d16-L2-H1-m4-ffnnone,0.05873645842075348,0.011756659271971634,walsh_interaction_energy,0.0016560724470764399,12,adamw,0.01712055053407898,0
C16-d16-L2-H1-m4-ffnnone,0.2247624397277832,-0.0005829913231233755,walsh_target_coefficient,-0.2485576719045639,12,adamw,0.1329108746379043,0
C16-d16-L2-H1-m4-ffnnone,1.6108119487762451,1.0307368487119675,walsh_target_error_energy,0.6352106332778931,12,adamw,0.27431517769189767,0
C16-d16-L2-H1-m4-ffnnone,5.629827499389648,2.0959682762622833,walsh_total_error_energy,1.1685209274291992,12,adamw,1.334866465579531,0
C16-d16-L2-H1-m4-ffnnone,0.5574632883071899,0.33514255975993973,attention_key_selectivity,0.012085908092558384,12,adamw,0.16827899124984183,50
C16-d16-L2-H1-m4-ffnnone,0.17311713844537735,0.0919286070081095,attention_mean_distractor_mass,0.051931340247392654,12,adamw,0.045598350909240803,50
C16-d16-L2-H1-m4-ffnnone,0.4701259434223175,0.29714302097757656,attention_self_mass,0.1548922136425972,12,adamw,0.10127292404139074,50
C16-d16-L2-H1-m4-ffnnone,0.6151469945907593,0.4270711690187454,attention_target_mass,0.18520305305719376,12,adamw,0.13253221236438129,50
C16-d16-L2-H1-m4-ffnnone,3.503951668739319,1.8524935667713482,attention_target_over_distractor_log_margin,-1.4564490169286728,12,adamw,1.390620263365108,50
C16-d16-L2-H1-m4-ffnnone,1.0,0.9397786458333334,donor_accuracy,0.775390625,12,adamw,0.08342645239716376,50
C16-d16-L2-H1-m4-ffnnone,0.2969106137752533,0.09631823224481195,donor_risk,0.0036404994316399097,12,adamw,0.11239950393307574,50
C16-d16-L2-H1-m4-ffnnone,0.812397301197052,0.7286656945943832,embedding_coherence,0.6640650033950806,12,adamw,0.052065378253720956,50
C16-d16-L2-H1-m4-ffnnone,7.250061511993408,6.185941815376282,embedding_effective_rank,5.475327014923096,12,adamw,0.497647322470439,50
C16-d16-L2-H1-m4-ffnnone,1.0,0.9410807291666666,function_accuracy,0.78515625,12,adamw,0.08059325948546196,50
C16-d16-L2-H1-m4-ffnnone,0.16834163665771484,0.08845287763203184,natural_swap_mae,0.016484415158629417,12,adamw,0.05624680517819471,50
C16-d16-L2-H1-m4-ffnnone,0.08022235333919525,0.03134236217980894,natural_swap_mse,0.0009926313068717718,12,adamw,0.02724558254675575,50
C16-d16-L2-H1-m4-ffnnone,1.2998472452163696,1.1278057148059208,ov_distractor_gain,0.8926229476928711,12,adamw,0.1291484315641888,50
C16-d16-L2-H1-m4-ffnnone,1.1151474714279175,0.5798216468344132,ov_log_target_over_distractor_gain,0.2497289925813675,12,adamw,0.278973766540254,50
C16-d16-L2-H1-m4-ffnnone,2.6853578090667725,2.0283337930838266,ov_target_gain,1.410228431224823,12,adamw,0.4015642669495306,50
C16-d16-L2-H1-m4-ffnnone,0.2830730378627777,0.23654338903725147,qk_cancellation_fraction,0.17423927038908005,12,adamw,0.03649113097322762,50
C16-d16-L2-H1-m4-ffnnone,0.018819316290318966,0.004545475416459037,qk_content_energy,0.0001296883128816262,12,adamw,0.005749391546444505,50
C16-d16-L2-H1-m4-ffnnone,0.0039010412292554975,-0.0006827690055312511,qk_content_signed,-0.005198156461119652,12,adamw,0.002675148390806721,50
C16-d16-L2-H1-m4-ffnnone,0.5908203125,0.52099609375,qk_opposition_rate,0.42578125,12,adamw,0.04870990660588072,50
C16-d16-L2-H1-m4-ffnnone,0.004856142681092024,-0.001921403591647201,qk_route_signed,-0.010608452372252941,12,adamw,0.004165138501112824,50
C16-d16-L2-H1-m4-ffnnone,-0.7464230805635452,-1.5615482591092587,qk_suppression_log_ratio,-2.162703573703766,12,adamw,0.4815456465564857,50
C16-d16-L2-H1-m4-ffnnone,0.008757183561101556,-0.0026041727942356374,qk_total_signed,-0.01580660743638873,12,adamw,0.006687348873217952,50
C16-d16-L2-H1-m4-ffnnone,0.28768885135650635,0.09556632409415518,risk,0.003683091839775443,12,adamw,0.11009054498151069,50
C16-d16-L2-H1-m4-ffnnone,1.0393950939178467,0.8111395239830017,target_key_effect,0.3815927505493164,12,adamw,0.24623498467091112,50
C16-d16-L2-H1-m4-ffnnone,1.014563798904419,0.819340335826079,value_flip_effect,0.4352748692035675,12,adamw,0.2172897136319711,50
C16-d16-L2-H1-m4-ffnnone,0.03191080689430237,0.013554456895993402,walsh_bias_energy,0.0017709438689053059,12,adamw,0.01136576152096638,50
C16-d16-L2-H1-m4-ffnnone,0.19085246324539185,0.0649888588329001,walsh_distractor_direct_energy,0.0017739153699949384,12,adamw,0.06971119528689884,50
C16-d16-L2-H1-m4-ffnnone,0.061698686331510544,0.011289476523719108,walsh_interaction_energy,0.0005505859153345227,12,adamw,0.01709367300544263,50
C16-d16-L2-H1-m4-ffnnone,1.0159224271774292,0.8210480660200119,walsh_target_coefficient,0.43492788076400757,12,adamw,0.216299237086862,50
C16-d16-L2-H1-m4-ffnnone,0.34715116024017334,0.09922911316001166,walsh_target_error_energy,0.0024075426626950502,12,adamw,0.13167295052032849,50
C16-d16-L2-H1-m4-ffnnone,0.5642271041870117,0.18906190195896974,walsh_total_error_energy,0.007390938699245453,12,adamw,0.2188737929579042,50
C16-d16-L2-H1-m4-ffnnone,0.7064988613128662,0.49479258929689723,attention_key_selectivity,0.10679079592227936,12,adamw,0.14599617699456024,100
C16-d16-L2-H1-m4-ffnnone,0.13034847378730774,0.054764733591582626,attention_mean_distractor_mass,0.01163505157455802,12,adamw,0.030862234698571037,100
C16-d16-L2-H1-m4-ffnnone,0.5113500207662582,0.2861484841754039,attention_self_mass,0.14610447734594345,12,adamw,0.10881249418916693,100
C16-d16-L2-H1-m4-ffnnone,0.7433480322360992,0.5495573184452951,attention_target_mass,0.2371392622590065,12,adamw,0.1268415221819759,100
C16-d16-L2-H1-m4-ffnnone,5.346129655838013,3.460509161154429,attention_target_over_distractor_log_margin,-0.5214839577674866,12,adamw,1.390026237075107,100
C16-d16-L2-H1-m4-ffnnone,1.0,0.9915364583333334,donor_accuracy,0.90234375,12,adamw,0.028110857660671982,100
C16-d16-L2-H1-m4-ffnnone,0.15388508141040802,0.015466252523765434,donor_risk,0.0001602692063897848,12,adamw,0.04415642631732264,100
C16-d16-L2-H1-m4-ffnnone,0.8428539633750916,0.7406457265218099,embedding_coherence,0.6326858997344971,12,adamw,0.06330453489757115,100
C16-d16-L2-H1-m4-ffnnone,6.485569477081299,5.878238240877788,embedding_effective_rank,5.096269607543945,12,adamw,0.37351632062326784,100
C16-d16-L2-H1-m4-ffnnone,1.0,0.9913736979166666,function_accuracy,0.908203125,12,adamw,0.02640770946270507,100
C16-d16-L2-H1-m4-ffnnone,0.18569138646125793,0.030913534845846396,natural_swap_mae,0.005271060857921839,12,adamw,0.05227941888229805,100
C16-d16-L2-H1-m4-ffnnone,0.10070114582777023,0.011148116960612242,natural_swap_mse,8.478151721647009e-05,12,adamw,0.029373734925168992,100
C16-d16-L2-H1-m4-ffnnone,1.2898926138877869,1.1011639013886452,ov_distractor_gain,0.8686568439006805,12,adamw,0.13170163862524387,100
C16-d16-L2-H1-m4-ffnnone,1.3097602128982544,0.7723236555854479,ov_log_target_over_distractor_gain,0.015579581260681152,12,adamw,0.36695711056820046,100
C16-d16-L2-H1-m4-ffnnone,3.2009663581848145,2.4933971042434373,ov_target_gain,1.2094467282295227,12,adamw,0.5591070145656626,100
C16-d16-L2-H1-m4-ffnnone,0.29248465597629547,0.25494275490442914,qk_cancellation_fraction,0.20671363174915314,12,adamw,0.027726059790836876,100
C16-d16-L2-H1-m4-ffnnone,0.02995316870510578,0.002891282082335541,qk_content_energy,2.299020707141608e-05,12,adamw,0.008581786554011176,100
C16-d16-L2-H1-m4-ffnnone,0.0033028533216565847,0.00023243641256461464,qk_content_signed,-0.0020980718545615673,12,adamw,0.0011982667896757628,100
C16-d16-L2-H1-m4-ffnnone,0.61328125,0.5481770833333334,qk_opposition_rate,0.48828125,12,adamw,0.03625218622995351,100
C16-d16-L2-H1-m4-ffnnone,0.0006740022072335705,-0.0021461321585623714,qk_route_signed,-0.014598052017390728,12,adamw,0.005005198543635235,100
C16-d16-L2-H1-m4-ffnnone,-0.8016145080327988,-1.3748875899861257,qk_suppression_log_ratio,-1.7376310527324677,12,adamw,0.3270175998596686,100
C16-d16-L2-H1-m4-ffnnone,0.0008995304233394563,-0.0019136956498186919,qk_total_signed,-0.01669612480327487,12,adamw,0.005163938238946486,100
C16-d16-L2-H1-m4-ffnnone,0.14431360363960266,0.014833697034191573,risk,0.00015766183787491173,12,adamw,0.041467183486006164,100
C16-d16-L2-H1-m4-ffnnone,1.0532373189926147,0.9785915364821752,target_key_effect,0.6828110218048096,12,adamw,0.09720320104059467,100
C16-d16-L2-H1-m4-ffnnone,1.0001966953277588,0.9753593057394028,value_flip_effect,0.7374509572982788,12,adamw,0.07503429098675289,100
C16-d16-L2-H1-m4-ffnnone,0.02988063171505928,0.0033951781582193994,walsh_bias_energy,0.00010403359920019284,12,adamw,0.00861420448842975,100
C16-d16-L2-H1-m4-ffnnone,0.08254942297935486,0.008787999421353257,walsh_distractor_direct_energy,4.9291331379208714e-05,12,adamw,0.023866213377802835,100
C16-d16-L2-H1-m4-ffnnone,0.04678582772612572,0.004588998153243058,walsh_interaction_energy,4.80749731650576e-05,12,adamw,0.013414308106415418,100
C16-d16-L2-H1-m4-ffnnone,0.9998850226402283,0.975833902756373,walsh_target_coefficient,0.7414149045944214,12,adamw,0.07392447447485015,100
C16-d16-L2-H1-m4-ffnnone,0.09678150713443756,0.00975388312023521,walsh_target_error_energy,9.65201179496944e-05,12,adamw,0.027710463896850227,100
C16-d16-L2-H1-m4-ffnnone,0.25599735975265503,0.026526056455622893,walsh_total_error_energy,0.0003092418482992798,12,adamw,0.0735245668146506,100
C16-d16-L2-H1-m4-ffnnone,0.7045623064041138,0.525562641521295,attention_key_selectivity,0.394659161567688,12,adamw,0.09023204942659466,400
C16-d16-L2-H1-m4-ffnnone,0.077771105337888,0.04363813131931238,attention_mean_distractor_mass,0.004823641153052449,12,adamw,0.02400703601482494,400
C16-d16-L2-H1-m4-ffnnone,0.5488761812448502,0.2998848535741369,attention_self_mass,0.16073116287589073,12,adamw,0.11634825190903056,400
C16-d16-L2-H1-m4-ffnnone,0.7382389307022095,0.5692007634012649,attention_target_mass,0.43665290530771017,12,adamw,0.0880998380056811,400
C16-d16-L2-H1-m4-ffnnone,6.574259996414185,4.260242201387882,attention_target_over_distractor_log_margin,2.829740345478058,12,adamw,1.0935284374059728,400
C16-d16-L2-H1-m4-ffnnone,1.0,1.0,donor_accuracy,1.0,12,adamw,0.0,400
C16-d16-L2-H1-m4-ffnnone,0.0002638554433360696,7.783746241329936e-05,donor_risk,2.373526876908727e-05,12,adamw,6.601466699961413e-05,400
C16-d16-L2-H1-m4-ffnnone,0.8477224111557007,0.7537021040916443,embedding_coherence,0.6405665278434753,12,adamw,0.07087079484255604,400
C16-d16-L2-H1-m4-ffnnone,6.501423358917236,5.821661988894145,embedding_effective_rank,4.964728832244873,12,adamw,0.4099193891990994,400
C16-d16-L2-H1-m4-ffnnone,1.0,1.0,function_accuracy,1.0,12,adamw,0.0,400
C16-d16-L2-H1-m4-ffnnone,0.006772936321794987,0.004305316426325589,natural_swap_mae,0.0021552881225943565,12,adamw,0.0013939363911949526,400
C16-d16-L2-H1-m4-ffnnone,0.00017292973643634468,6.117358248047822e-05,natural_swap_mse,1.3165846212359611e-05,12,adamw,4.9562654058938456e-05,400
C16-d16-L2-H1-m4-ffnnone,1.249932885169983,1.0718709900975227,ov_distractor_gain,0.8345448970794678,12,adamw,0.13054820415945928,400
C16-d16-L2-H1-m4-ffnnone,1.415485441684723,0.9509169471760591,ov_log_target_over_distractor_gain,0.12075835466384888,12,adamw,0.3543135212780382,400
C16-d16-L2-H1-m4-ffnnone,4.003509998321533,2.9701024691263833,ov_target_gain,1.3615719079971313,12,adamw,0.6661651652074683,400
C16-d16-L2-H1-m4-ffnnone,0.31411193311214447,0.26954786106944084,qk_cancellation_fraction,0.20909277349710464,12,adamw,0.03350964833583156,400
C16-d16-L2-H1-m4-ffnnone,0.00016583146498305723,3.398475394789102e-05,qk_content_energy,4.644487717087031e-06,12,adamw,4.653490449185643e-05,400
C16-d16-L2-H1-m4-ffnnone,0.00022650200844509527,1.7313709804511745e-05,qk_content_signed,-0.0003077505389228463,12,adamw,0.00015530296617643534,400
C16-d16-L2-H1-m4-ffnnone,0.609375,0.5584309895833334,qk_opposition_rate,0.482421875,12,adamw,0.04367684196746947,400
C16-d16-L2-H1-m4-ffnnone,0.000208817349630408,-7.033883639451233e-05,qk_route_signed,-0.0003865753533318639,12,adamw,0.00016593259378622533,400
C16-d16-L2-H1-m4-ffnnone,-0.5509380325675011,-1.1532918737114717,qk_suppression_log_ratio,-1.5573125183582306,12,adamw,0.3506454888068086,400
C16-d16-L2-H1-m4-ffnnone,0.00026674411492422223,-5.3025109385392476e-05,qk_total_signed,-0.0006943257176317275,12,adamw,0.0002792107773214252,400
C16-d16-L2-H1-m4-ffnnone,0.0002593930112197995,7.88421983391648e-05,risk,2.185894663853105e-05,12,adamw,6.471591191633297e-05,400
C16-d16-L2-H1-m4-ffnnone,1.0555672645568848,1.0095437963803608,target_key_effect,0.9585518836975098,12,adamw,0.030169249552976077,400
C16-d16-L2-H1-m4-ffnnone,1.001603364944458,0.9999580234289169,value_flip_effect,0.9979274272918701,12,adamw,0.0010766246459411313,400
C16-d16-L2-H1-m4-ffnnone,0.0002117475523846224,4.367044342264611e-05,walsh_bias_energy,1.0775416740216315e-05,12,adamw,5.5587574939879764e-05,400
C16-d16-L2-H1-m4-ffnnone,9.286689601140097e-05,3.953670822435621e-05,walsh_distractor_direct_energy,1.0477842806722037e-05,12,adamw,2.64951340349915e-05,400
C16-d16-L2-H1-m4-ffnnone,8.245076605817303e-05,2.5045269580914464e-05,walsh_interaction_energy,7.250931503222091e-06,12,adamw,2.2544626067776126e-05,400
C16-d16-L2-H1-m4-ffnnone,1.0019114017486572,1.0000140964984894,walsh_target_coefficient,0.9980679750442505,12,adamw,0.0010723593885467188,400
C16-d16-L2-H1-m4-ffnnone,9.785233123693615e-05,4.701931872356605e-05,walsh_target_error_energy,1.5345118299592286e-05,12,adamw,2.701581857474822e-05,400
C16-d16-L2-H1-m4-ffnnone,0.00048491754569113255,0.00015527173976200478,walsh_total_error_energy,4.384930798551068e-05,12,adamw,0.0001218786319655627,400
C16-d16-L2-H4-m4-ffn32,0.002083336003124714,-0.005886057255944858,attention_key_selectivity,-0.011755725368857384,12,adamw,0.0037603248550552946,0
C16-d16-L2-H4-m4-ffn32,0.20899478159844875,0.19417084124870598,attention_mean_distractor_mass,0.1788482628762722,12,adamw,0.009437358265494411,0
C16-d16-L2-H4-m4-ffn32,0.29465757869184017,0.22920270672087403,attention_self_mass,0.17084850883111358,12,adamw,0.03889498846551968,0
C16-d16-L2-H4-m4-ffn32,0.20216715894639492,0.18828478544795266,attention_target_mass,0.16879764012992382,12,adamw,0.011028096246642314,0
C16-d16-L2-H4-m4-ffn32,-0.15249965898692608,-0.2078229550194616,attention_target_over_distractor_log_margin,-0.34930300805717707,12,adamw,0.054035370803673516,0
C16-d16-L2-H4-m4-ffn32,0.5859375,0.5105794270833334,donor_accuracy,0.44921875,12,adamw,0.03791330094568254,0
C16-d16-L2-H4-m4-ffn32,3.3509297370910645,1.185233677426974,donor_risk,0.5596205592155457,12,adamw,0.8425754429026882,0
C16-d16-L2-H4-m4-ffn32,0.7056615352630615,0.6333619902531306,embedding_coherence,0.5239017605781555,12,adamw,0.055883182771460635,0
C16-d16-L2-H4-m4-ffn32,8.813401222229004,8.08121391137441,embedding_effective_rank,7.553332805633545,12,adamw,0.39319141354762094,0
C16-d16-L2-H4-m4-ffn32,0.020818585995584726,0.0032260569278150797,ffn_branch_signed,-0.029534658417105675,12,adamw,0.013507179490498468,0
C16-d16-L2-H4-m4-ffn32,0.387037068605423,0.27096563080946606,ffn_cancellation_fraction,0.1862224116921425,12,adamw,0.06582129091223282,0
C16-d16-L2-H4-m4-ffn32,0.6416015625,0.5015462239583334,ffn_opposition_rate,0.3720703125,12,adamw,0.09794653087228668,0
C16-d16-L2-H4-m4-ffn32,0.034151624888181686,0.010425630209889883,ffn_skip_signed,-0.010798298753798008,12,adamw,0.013378552750055162,0
C16-d16-L2-H4-m4-ffn32,0.049103131517767906,0.013651687622768804,ffn_total_signed,-0.04033295623958111,12,adamw,0.025677875765730766,0
C16-d16-L2-H4-m4-ffn32,0.572265625,0.5099283854166666,function_accuracy,0.4453125,12,adamw,0.036610340119353046,0
C16-d16-L2-H4-m4-ffn32,0.2662794888019562,0.17777851223945618,natural_swap_mae,0.08404134213924408,12,adamw,0.04970706127489364,0
C16-d16-L2-H4-m4-ffn32,0.13754874467849731,0.06431283856121202,natural_swap_mse,0.011591496877372265,12,adamw,0.03382080823114324,0
C16-d16-L2-H4-m4-ffn32,0.4982927106320858,0.4533947144324581,ov_distractor_gain,0.4018835090100765,12,adamw,0.02879713033289307,0
C16-d16-L2-H4-m4-ffn32,0.1482422777917236,-0.008966498542577028,ov_log_target_over_distractor_gain,-0.20226121344603598,12,adamw,0.11105704965264826,0
C16-d16-L2-H4-m4-ffn32,0.5144970454275608,0.4401302559611698,ov_target_gain,0.3255028445273638,12,adamw,0.05255817353603829,0
C16-d16-L2-H4-m4-ffn32,0.24391340091824532,0.2224312035056452,qk_cancellation_fraction,0.201179763302207,12,adamw,0.01295255690837397,0
C16-d16-L2-H4-m4-ffn32,0.01741648599272594,0.00741694322823605,qk_content_energy,0.0012412501746439375,12,adamw,0.004418898742827793,0
C16-d16-L2-H4-m4-ffn32,0.0074327168258605525,0.0013723410926710737,qk_content_signed,-0.0078051622258499265,12,adamw,0.004140005905487307,0
C16-d16-L2-H4-m4-ffn32,0.519775390625,0.50286865234375,qk_opposition_rate,0.485107421875,12,adamw,0.012526503555432724,0
C16-d16-L2-H4-m4-ffn32,0.0026194739766651765,0.0007918482676814165,qk_route_signed,-0.0017726451842463575,12,adamw,0.001048284663926736,0
C16-d16-L2-H4-m4-ffn32,-0.17912885127589107,-0.26581710863198776,qk_suppression_log_ratio,-0.4156447071582079,12,adamw,0.07651094254972708,0
C16-d16-L2-H4-m4-ffn32,0.010052190817077644,0.0021641893769507683,qk_total_signed,-0.009577807737514377,12,adamw,0.005054302536313081,0
C16-d16-L2-H4-m4-ffn32,3.347142219543457,1.18742968638738,risk,0.5575050115585327,12,adamw,0.8407020072484241,0
C16-d16-L2-H4-m4-ffn32,0.19041861593723297,0.015311496991974613,target_key_effect,-0.07696080207824707,12,adamw,0.07031845030897314,0
C16-d16-L2-H4-m4-ffn32,0.2116854339838028,0.020806007087230682,value_flip_effect,-0.07666371017694473,12,adamw,0.07807686829964412,0
C16-d16-L2-H4-m4-ffn32,5.462130546569824,1.3331674113869667,walsh_bias_energy,0.12392017245292664,12,adamw,1.6129156409318035,0
C16-d16-L2-H4-m4-ffn32,0.20528768002986908,0.05903765046969056,walsh_distractor_direct_energy,0.0067122019827365875,12,adamw,0.04955089682314029,0
C16-d16-L2-H4-m4-ffn32,0.07127609848976135,0.016770308565658826,walsh_interaction_energy,0.0009356066584587097,12,adamw,0.02083147345293605,0
C16-d16-L2-H4-m4-ffn32,0.21031278371810913,0.019904754667853315,walsh_target_coefficient,-0.07679014652967453,12,adamw,0.07864408393439527,0
C16-d16-L2-H4-m4-ffn32,1.1766266822814941,0.9753870417674383,walsh_target_error_energy,0.6450549960136414,12,adamw,0.14709183560872788,0
C16-d16-L2-H4-m4-ffn32,6.705506324768066,2.3843624194463096,walsh_total_error_energy,1.1217453479766846,12,adamw,1.659309928241244,0
C16-d16-L2-H4-m4-ffn32,0.20369946956634521,0.1075458349660039,attention_key_selectivity,0.020648855715990067,12,adamw,0.05913555437561952,50
C16-d16-L2-H4-m4-ffn32,0.1756443791091442,0.15586752747185528,attention_mean_distractor_mass,0.13983104936778545,12,adamw,0.012192595372149208,50
C16-d16-L2-H4-m4-ffn32,0.35551827028393745,0.26898406899999827,attention_self_mass,0.20722555881366134,12,adamw,0.04946004959050336,50
C16-d16-L2-H4-m4-ffn32,0.3467807024717331,0.2634133636311162,attention_target_mass,0.18534142151474953,12,adamw,0.05280488820680129,50
C16-d16-L2-H4-m4-ffn32,0.9235596470534801,0.4234457113489043,attention_target_over_distractor_log_margin,-0.022483625449240208,12,adamw,0.34947433046123844,50
C16-d16-L2-H4-m4-ffn32,0.98828125,0.8935546875,donor_accuracy,0.71484375,12,adamw,0.08788273323155453,50
C16-d16-L2-H4-m4-ffn32,0.34762006998062134,0.15899853315204382,donor_risk,0.02557191625237465,12,adamw,0.10427220226193246,50
C16-d16-L2-H4-m4-ffn32,0.8497987389564514,0.7111722528934479,embedding_coherence,0.6071276664733887,12,adamw,0.08040442896571173,50
C16-d16-L2-H4-m4-ffn32,7.347506999969482,6.570245901743571,embedding_effective_rank,5.334781169891357,12,adamw,0.6427920138596138,50
C16-d16-L2-H4-m4-ffn32,0.00756092881783843,0.0014027381184860133,ffn_branch_signed,-0.0049157809698954225,12,adamw,0.004025633862921435,50
C16-d16-L2-H4-m4-ffn32,0.27087555825710297,0.18027536229540905,ffn_cancellation_fraction,0.11070722341537476,12,adamw,0.04333927560775481,50
C16-d16-L2-H4-m4-ffn32,0.5830078125,0.420654296875,ffn_opposition_rate,0.279296875,12,adamw,0.0774430071555838,50
C16-d16-L2-H4-m4-ffn32,0.013103945646435022,0.0011636039926088415,ffn_skip_signed,-0.004428573069162667,12,adamw,0.005390540126233142,50
C16-d16-L2-H4-m4-ffn32,0.01950177364051342,0.002566342387581244,ffn_total_signed,-0.009344353806227446,12,adamw,0.008765325039693982,50
C16-d16-L2-H4-m4-ffn32,0.982421875,0.8868815104166666,function_accuracy,0.716796875,12,adamw,0.0868265700672025,50
C16-d16-L2-H4-m4-ffn32,0.1627865582704544,0.11486597048739593,natural_swap_mae,0.05735819786787033,12,adamw,0.03653245509099623,50
C16-d16-L2-H4-m4-ffn32,0.0817444697022438,0.039356003903473415,natural_swap_mse,0.006121370941400528,12,adamw,0.022416136012326626,50
C16-d16-L2-H4-m4-ffn32,0.5467601120471954,0.4970781036342184,ov_distractor_gain,0.4593755640089512,12,adamw,0.030465752720003958,50
C16-d16-L2-H4-m4-ffn32,0.65964618884027,0.34449566423427314,ov_log_target_over_distractor_gain,-0.02470722422003746,12,adamw,0.1624706891557504,50
C16-d16-L2-H4-m4-ffn32,1.0891364254057407,0.7653675794911882,ov_target_gain,0.5982562284916639,12,adamw,0.1239044525567083,50
C16-d16-L2-H4-m4-ffn32,0.26973957382142544,0.22574012586846948,qk_cancellation_fraction,0.207805085927248,12,adamw,0.017113224679849416,50
C16-d16-L2-H4-m4-ffn32,0.00269352021132363,0.000879682038994171,qk_content_energy,0.0002692182970349677,12,adamw,0.0007836225739362431,50
C16-d16-L2-H4-m4-ffn32,0.0010146574313694146,-1.660770779684147e-05,qk_content_signed,-0.0012184913430246525,12,adamw,0.0005436664179839974,50
C16-d16-L2-H4-m4-ffn32,0.541015625,0.505615234375,qk_opposition_rate,0.486328125,12,adamw,0.0155767215121926,50
C16-d16-L2-H4-m4-ffn32,0.0035628127880045213,0.00028635333395262325,qk_route_signed,-0.0009447001675653155,12,adamw,0.0014046528609348206,50
C16-d16-L2-H4-m4-ffn32,-0.4561047498136759,-0.8589310065532724,qk_suppression_log_ratio,-1.1662005772814155,12,adamw,0.20848616579301815,50
C16-d16-L2-H4-m4-ffn32,0.0037353801817516796,0.0002697456705694397,qk_total_signed,-0.0021228294062893838,12,adamw,0.001578545545091602,50
C16-d16-L2-H4-m4-ffn32,0.3531544506549835,0.16231830324977636,risk,0.02946925163269043,12,adamw,0.10387153227204163,50
C16-d16-L2-H4-m4-ffn32,0.9598417282104492,0.6875343322753906,target_key_effect,0.3162228465080261,12,adamw,0.21386682916178043,50
C16-d16-L2-H4-m4-ffn32,0.9431445598602295,0.6973348259925842,value_flip_effect,0.32365721464157104,12,adamw,0.20428747730547767,50
C16-d16-L2-H4-m4-ffn32,0.031437866389751434,0.016077030915766954,walsh_bias_energy,0.00754303764551878,12,adamw,0.006507650590753939,50
C16-d16-L2-H4-m4-ffn32,0.22033435106277466,0.13203729316592216,walsh_distractor_direct_energy,0.024245500564575195,12,adamw,0.07060017753097908,50
C16-d16-L2-H4-m4-ffn32,0.013567556627094746,0.008761367003899068,walsh_interaction_energy,0.002319356193765998,12,adamw,0.0036996811609487884,50
C16-d16-L2-H4-m4-ffn32,0.9454596638679504,0.6972201069196066,walsh_target_coefficient,0.3244227170944214,12,adamw,0.20337212874601646,50
C16-d16-L2-H4-m4-ffn32,0.46413373947143555,0.16442362250139317,walsh_target_error_energy,0.01746312901377678,12,adamw,0.14146606678635912,50
C16-d16-L2-H4-m4-ffn32,0.6705683469772339,0.3212993188450734,walsh_total_error_energy,0.06629294157028198,12,adamw,0.19903112985924024,50
C16-d16-L2-H4-m4-ffn32,0.3340979814529419,0.22607320174574852,attention_key_selectivity,0.15046826004981995,12,adamw,0.05252247567750902,100
C16-d16-L2-H4-m4-ffn32,0.14424458984285593,0.12248851166805252,attention_mean_distractor_mass,0.10162505460903049,12,adamw,0.014439033863798736,100
C16-d16-L2-H4-m4-ffn32,0.3630438018590212,0.28397275942067307,attention_self_mass,0.21938740462064743,12,adamw,0.04967387504646221,100
C16-d16-L2-H4-m4-ffn32,0.4379980303347111,0.3485617151018232,attention_target_mass,0.27796718943864107,12,adamw,0.045391347885248144,100
C16-d16-L2-H4-m4-ffn32,2.0554886795580387,1.4233387588368107,attention_target_over_distractor_log_margin,0.776037435978651,12,adamw,0.40620401215871016,100
C16-d16-L2-H4-m4-ffn32,1.0,0.9993489583333334,donor_accuracy,0.994140625,12,adamw,0.00173364329023163,100
C16-d16-L2-H4-m4-ffn32,0.009662148542702198,0.0024689317118221274,donor_risk,0.0002679213648661971,12,adamw,0.0026436031442448314,100
C16-d16-L2-H4-m4-ffn32,0.8733240365982056,0.7472630143165588,embedding_coherence,0.6547031402587891,12,adamw,0.05929721148105307,100
C16-d16-L2-H4-m4-ffn32,6.454314708709717,5.728734294573466,embedding_effective_rank,4.835268974304199,12,adamw,0.49340681234794453,100
C16-d16-L2-H4-m4-ffn32,0.004340188868809491,0.0004506137056523585,ffn_branch_signed,-0.001512040093075484,12,adamw,0.0015959154483886717,100
C16-d16-L2-H4-m4-ffn32,0.45989787578582764,0.3645357384035985,ffn_cancellation_fraction,0.28189225494861603,12,adamw,0.051041119358783575,100
C16-d16-L2-H4-m4-ffn32,0.755859375,0.6600748697916666,ffn_opposition_rate,0.5498046875,12,adamw,0.05756443549663091,100
C16-d16-L2-H4-m4-ffn32,0.004910723073408008,-0.0002582048624996484,ffn_skip_signed,-0.00390868668910116,12,adamw,0.0024627128039685386,100
C16-d16-L2-H4-m4-ffn32,0.009250911884009838,0.00019240888771795048,ffn_total_signed,-0.0050239774864166975,12,adamw,0.0034982460602560788,100
C16-d16-L2-H4-m4-ffn32,1.0,0.9993489583333334,function_accuracy,0.994140625,12,adamw,0.00173364329023163,100
C16-d16-L2-H4-m4-ffn32,0.04619763791561127,0.0237448838694642,natural_swap_mae,0.008241568692028522,12,adamw,0.01097107470293652,100
C16-d16-L2-H4-m4-ffn32,0.011767451651394367,0.0027515852840830726,natural_swap_mse,0.00014476339856628329,12,adamw,0.0032487968945095606,100
C16-d16-L2-H4-m4-ffn32,0.5295804962515831,0.480451423364381,ov_distractor_gain,0.4293538108468056,12,adamw,0.030967949985455143,100
C16-d16-L2-H4-m4-ffn32,0.769343102350831,0.4222823935657895,ov_log_target_over_distractor_gain,0.10824195109307766,12,adamw,0.16154308862454717,100
C16-d16-L2-H4-m4-ffn32,1.2481781169772148,0.8692469792440534,ov_target_gain,0.6984030902385712,12,adamw,0.14204701473641004,100
C16-d16-L2-H4-m4-ffn32,0.26293516531586647,0.23578608315438032,qk_cancellation_fraction,0.20856339670717716,12,adamw,0.01338196171582013,100
C16-d16-L2-H4-m4-ffn32,0.0009337648625660222,0.000178395034062954,qk_content_energy,1.104917272698458e-05,12,adamw,0.0002511755396430159,100
C16-d16-L2-H4-m4-ffn32,0.000535734146978939,-7.36378318417034e-05,qk_content_signed,-0.0005318263665685663,12,adamw,0.00029218158711067743,100
C16-d16-L2-H4-m4-ffn32,0.5498046875,0.5252278645833334,qk_opposition_rate,0.499755859375,12,adamw,0.01809677333711708,100
C16-d16-L2-H4-m4-ffn32,0.0020191552648611832,0.00015038766964892147,qk_route_signed,-0.00041205386969522806,12,adamw,0.0006567523748385313,100
C16-d16-L2-H4-m4-ffn32,-0.6228658212348819,-0.8106594803199793,qk_suppression_log_ratio,-0.9642468462698162,12,adamw,0.0996863670680324,100
C16-d16-L2-H4-m4-ffn32,0.002554889351813472,7.674984885852609e-05,qk_total_signed,-0.0009029495540744392,12,adamw,0.0008913469984534542,100
C16-d16-L2-H4-m4-ffn32,0.009623590856790543,0.002197859820929201,risk,0.0002818102075252682,12,adamw,0.0025213639013476176,100
C16-d16-L2-H4-m4-ffn32,1.0580015182495117,0.9926931858062744,target_key_effect,0.9285503029823303,12,adamw,0.04210762222405938,100
C16-d16-L2-H4-m4-ffn32,1.0156893730163574,0.9962531129519144,value_flip_effect,0.9826799631118774,12,adamw,0.009444649883376396,100
C16-d16-L2-H4-m4-ffn32,0.003933554049581289,0.0011103129557644327,walsh_bias_energy,0.00023018408683128655,12,adamw,0.0010032419035845056,100
C16-d16-L2-H4-m4-ffn32,0.00884401798248291,0.0015750416156758245,walsh_distractor_direct_energy,0.0001750330557115376,12,adamw,0.0023928512192178033,100
C16-d16-L2-H4-m4-ffn32,0.0042467801831662655,0.0010033824789085581,walsh_interaction_energy,9.444593160878867e-05,12,adamw,0.0011239891068408967,100
C16-d16-L2-H4-m4-ffn32,1.0151742696762085,0.9965827167034149,walsh_target_coefficient,0.98419588804245,12,adamw,0.008888032074007405,100
C16-d16-L2-H4-m4-ffn32,0.007209036499261856,0.0014315314231983696,walsh_target_error_energy,0.00025100185303017497,12,adamw,0.0018898816285731908,100
C16-d16-L2-H4-m4-ffn32,0.024233389645814896,0.005120268596025805,walsh_total_error_energy,0.0007506649708375335,12,adamw,0.006351113490337049,100
C16-d16-L2-H4-m4-ffn32,0.34478920698165894,0.23984564592440924,attention_key_selectivity,0.1737111508846283,12,adamw,0.0507879088627869,400
C16-d16-L2-H4-m4-ffn32,0.13814961700700223,0.11366249882848933,attention_mean_distractor_mass,0.0932950412388891,12,adamw,0.014476645775815158,400
C16-d16-L2-H4-m4-ffn32,0.3915602881461382,0.3055043605854735,attention_self_mass,0.244362473487854,12,adamw,0.04880422105615145,400
C16-d16-L2-H4-m4-ffn32,0.44169481843709946,0.35350815263033536,attention_target_mass,0.2908572743181139,12,adamw,0.043603923580221075,400
C16-d16-L2-H4-m4-ffn32,2.276269480586052,1.6423488311702386,attention_target_over_distractor_log_margin,1.1292897211387753,12,adamw,0.3794054283842269,400
C16-d16-L2-H4-m4-ffn32,1.0,1.0,donor_accuracy,1.0,12,adamw,0.0,400
C16-d16-L2-H4-m4-ffn32,0.00013855588622391224,8.93719616215094e-05,donor_risk,3.066378485527821e-05,12,adamw,3.379693081065276e-05,400
C16-d16-L2-H4-m4-ffn32,0.8763189911842346,0.7531060179074606,embedding_coherence,0.6614097356796265,12,adamw,0.060124799928800585,400
C16-d16-L2-H4-m4-ffn32,6.335200309753418,5.587125976880391,embedding_effective_rank,4.794276237487793,12,adamw,0.4657961854970406,400
C16-d16-L2-H4-m4-ffn32,0.0008250934770330787,0.0001881817212658158,ffn_branch_signed,-0.0006946561043150723,12,adamw,0.000387655910791051,400
C16-d16-L2-H4-m4-ffn32,0.5604332089424133,0.4722981924811999,ffn_cancellation_fraction,0.3947773873806,12,adamw,0.05224126434516337,400
C16-d16-L2-H4-m4-ffn32,0.814453125,0.7486979166666666,ffn_opposition_rate,0.6962890625,12,adamw,0.03978672854542753,400
C16-d16-L2-H4-m4-ffn32,0.001161833293735981,-0.0002609714338177582,ffn_skip_signed,-0.0013849959941580892,12,adamw,0.0007743608172429728,400
C16-d16-L2-H4-m4-ffn32,0.001043404859956354,-7.278969557470798e-05,ffn_total_signed,-0.0013269708724692464,12,adamw,0.000617827303246379,400
C16-d16-L2-H4-m4-ffn32,1.0,1.0,function_accuracy,1.0,12,adamw,0.0,400
C16-d16-L2-H4-m4-ffn32,0.00933021865785122,0.006810490624047816,natural_swap_mae,0.0038397368043661118,12,adamw,0.0017473888278773243,400
C16-d16-L2-H4-m4-ffn32,0.00016567911370657384,9.462396974413423e-05,natural_swap_mse,2.7780140953836963e-05,12,adamw,4.199769754555202e-05,400
C16-d16-L2-H4-m4-ffn32,0.5203372873365879,0.46705133312692243,ov_distractor_gain,0.413768969476223,12,adamw,0.030670538657282302,400
C16-d16-L2-H4-m4-ffn32,0.7981591075658798,0.4476363266488382,ov_log_target_over_distractor_gain,0.2450856533832848,12,adamw,0.1563092955176027,400
C16-d16-L2-H4-m4-ffn32,1.2774389535188675,0.8976128672948107,ov_target_gain,0.7333966847509146,12,adamw,0.14246717407072793,400
C16-d16-L2-H4-m4-ffn32,0.259917538613081,0.2370183194677035,qk_cancellation_fraction,0.2235333602875471,12,adamw,0.012437296756122809,400
C16-d16-L2-H4-m4-ffn32,3.6269869013949574e-05,1.6648665382090755e-05,qk_content_energy,3.6994061405337675e-06,12,adamw,1.0756245375840101e-05,400
C16-d16-L2-H4-m4-ffn32,9.582771826899261e-05,-1.2907064579792404e-05,qk_content_signed,-0.00013305180502243275,12,adamw,7.827647572049663e-05,400
C16-d16-L2-H4-m4-ffn32,0.5625,0.53216552734375,qk_opposition_rate,0.5107421875,12,adamw,0.018339709553710944,400
C16-d16-L2-H4-m4-ffn32,0.00015791130954312393,-6.2411077266233406e-06,qk_route_signed,-0.00021769001477878192,12,adamw,9.396445764184076e-05,400
C16-d16-L2-H4-m4-ffn32,-0.45912364358082414,-0.6490629613690544,qk_suppression_log_ratio,-0.7439523697830737,12,adamw,0.07818734594252938,400
C16-d16-L2-H4-m4-ffn32,0.00024196481945182313,-1.9148174885685876e-05,qk_total_signed,-0.00025073615506698843,12,adamw,0.00013333756687727638,400
C16-d16-L2-H4-m4-ffn32,0.00013630256580654532,8.952627892237312e-05,risk,3.3398529922124e-05,12,adamw,3.233006368937196e-05,400
C16-d16-L2-H4-m4-ffn32,1.065665364265442,0.99419005215168,target_key_effect,0.9343963861465454,12,adamw,0.044345751973704516,400
C16-d16-L2-H4-m4-ffn32,1.0013647079467773,0.9992224077383677,value_flip_effect,0.9957758188247681,12,adamw,0.0015682260295578475,400
C16-d16-L2-H4-m4-ffn32,8.83544998941943e-05,5.641217633941172e-05,walsh_bias_energy,2.7961248633801006e-05,12,adamw,2.0205024490531094e-05,400
C16-d16-L2-H4-m4-ffn32,6.0883954574819654e-05,3.637484473983932e-05,walsh_distractor_direct_energy,9.775788385013584e-06,12,adamw,1.5001880142765343e-05,400
C16-d16-L2-H4-m4-ffn32,6.25366810709238e-05,4.1312171106255846e-05,walsh_interaction_energy,1.6835148926475085e-05,12,adamw,1.614434547744651e-05,400
C16-d16-L2-H4-m4-ffn32,1.0012800693511963,0.9992232720057169,walsh_target_coefficient,0.9960291385650635,12,adamw,0.0014728543411288925,400
C16-d16-L2-H4-m4-ffn32,7.699878187850118e-05,4.432048293286547e-05,walsh_target_error_energy,1.6142603271873668e-05,12,adamw,1.8625065562492977e-05,400
C16-d16-L2-H4-m4-ffn32,0.0002722209901548922,0.00017841967504258113,walsh_total_error_energy,7.243479922180995e-05,12,adamw,6.313953927885107e-05,400
C16-d16-L2-H4-m4-ffnnone,0.003892684355378151,-0.005439259849178295,attention_key_selectivity,-0.015869639813899994,12,adamw,0.005315132532210458,0
C16-d16-L2-H4-m4-ffnnone,0.21193272806704044,0.200673288355271,attention_mean_distractor_mass,0.18166599422693253,12,adamw,0.008822776061500903,0
C16-d16-L2-H4-m4-ffnnone,0.2774221692234278,0.20274612637391934,attention_self_mass,0.1626849751919508,12,adamw,0.036677019674634236,0
C16-d16-L2-H4-m4-ffnnone,0.2070152871310711,0.1952340294762204,attention_target_mass,0.17051243036985397,12,adamw,0.01113394352466665,0
C16-d16-L2-H4-m4-ffnnone,-0.09400783339515328,-0.17172958805652647,attention_target_over_distractor_log_margin,-0.3239335408434272,12,adamw,0.06165866197454609,0
C16-d16-L2-H4-m4-ffnnone,0.58984375,0.4978841145833333,donor_accuracy,0.375,12,adamw,0.06515393753333633,0
C16-d16-L2-H4-m4-ffnnone,3.3158936500549316,1.081522544225057,donor_risk,0.5617884397506714,12,adamw,0.8270928148201508,0
C16-d16-L2-H4-m4-ffnnone,0.7035661339759827,0.6192736675341924,embedding_coherence,0.5073335766792297,12,adamw,0.05969237045508729,0
C16-d16-L2-H4-m4-ffnnone,8.403874397277832,7.757482210795085,embedding_effective_rank,6.781848907470703,12,adamw,0.5124959780989643,0
C16-d16-L2-H4-m4-ffnnone,0.59765625,0.5076497395833334,function_accuracy,0.408203125,12,adamw,0.06396682033798358,0
C16-d16-L2-H4-m4-ffnnone,0.3422272205352783,0.20076363471647105,natural_swap_mae,0.11361578851938248,12,adamw,0.06362209281415765,0
C16-d16-L2-H4-m4-ffnnone,0.24944299459457397,0.0813605384901166,natural_swap_mse,0.02361416071653366,12,adamw,0.0633095912963881,0
C16-d16-L2-H4-m4-ffnnone,0.5121821351349354,0.4553447077050805,ov_distractor_gain,0.39733583107590675,12,adamw,0.03826244955018509,0
C16-d16-L2-H4-m4-ffnnone,0.22804356552660465,-0.0065504015316643445,ov_log_target_over_distractor_gain,-0.20751846581697464,12,adamw,0.13556129903621533,0
C16-d16-L2-H4-m4-ffnnone,0.5408872552216053,0.4537868819509943,ov_target_gain,0.36819279566407204,12,adamw,0.054103401809219555,0
C16-d16-L2-H4-m4-ffnnone,0.23879045248031616,0.22286842484027147,qk_cancellation_fraction,0.19754393585026264,12,adamw,0.011490229964201754,0
C16-d16-L2-H4-m4-ffnnone,0.014536749455146492,0.0071162568501677015,qk_content_energy,0.003423842557822354,12,adamw,0.004247450853964743,0
C16-d16-L2-H4-m4-ffnnone,0.006333915956929559,-0.00048799476068476605,qk_content_signed,-0.006023601526976563,12,adamw,0.003406500410546199,0
C16-d16-L2-H4-m4-ffnnone,0.522216796875,0.50518798828125,qk_opposition_rate,0.489013671875,12,adamw,0.011443695986289627,0
C16-d16-L2-H4-m4-ffnnone,0.0016520757526450325,-0.00025156606792127906,qk_route_signed,-0.0017120688062277623,12,adamw,0.0010769462137410425,0
C16-d16-L2-H4-m4-ffnnone,-0.15173611789941788,-0.2464323351062679,qk_suppression_log_ratio,-0.4171531144529581,12,adamw,0.08460767600106445,0
C16-d16-L2-H4-m4-ffnnone,0.007985991978785023,-0.0007395608269386381,qk_total_signed,-0.0072980240220204,12,adamw,0.00426297163091127,0
C16-d16-L2-H4-m4-ffnnone,3.3050997257232666,1.073339432477951,risk,0.5319682955741882,12,adamw,0.8276873235340954,0
C16-d16-L2-H4-m4-ffnnone,0.1530734896659851,-0.007671904284507036,target_key_effect,-0.21495482325553894,12,adamw,0.10674442697395835,0
C16-d16-L2-H4-m4-ffnnone,0.1920866072177887,0.002245514110351602,value_flip_effect,-0.2271880954504013,12,adamw,0.12701877456310245,0
C16-d16-L2-H4-m4-ffnnone,5.173493385314941,1.0020743099351723,walsh_bias_energy,0.08615121245384216,12,adamw,1.4996302811069075,0
C16-d16-L2-H4-m4-ffnnone,0.3055263161659241,0.08919241659653683,walsh_distractor_direct_energy,0.013160807080566883,12,adamw,0.09077759035029204,0
C16-d16-L2-H4-m4-ffnnone,0.04416810721158981,0.009025887275735537,walsh_interaction_energy,0.002170208375900984,12,adamw,0.01195226427032634,0
C16-d16-L2-H4-m4-ffnnone,0.19373589754104614,0.002692952441672484,walsh_target_coefficient,-0.22533643245697021,12,adamw,0.12723487114766444,0
C16-d16-L2-H4-m4-ffnnone,1.5232571363449097,1.018846129377683,walsh_target_error_energy,0.6606677770614624,12,adamw,0.2584748388789738,0
C16-d16-L2-H4-m4-ffnnone,6.220033645629883,2.119138797124227,walsh_total_error_energy,1.1077327728271484,12,adamw,1.5557344065553784,0
C16-d16-L2-H4-m4-ffnnone,0.21113628149032593,0.1329877016445001,attention_key_selectivity,0.0645577609539032,12,adamw,0.04753961468759985,50
C16-d16-L2-H4-m4-ffnnone,0.18006481975317,0.1530772305559367,attention_mean_distractor_mass,0.1284463657066226,12,adamw,0.014704180085901747,50
C16-d16-L2-H4-m4-ffnnone,0.32246937043964863,0.25470339277914417,attention_self_mass,0.20732855750247836,12,adamw,0.03948685859861222,50
C16-d16-L2-H4-m4-ffnnone,0.3516603112220764,0.28606492684533197,attention_target_mass,0.22208998398855329,12,adamw,0.03789690399070289,50
C16-d16-L2-H4-m4-ffnnone,1.0950444005429745,0.5347452801652253,attention_target_over_distractor_log_margin,-0.03344274125993252,12,adamw,0.3422682082021308,50
C16-d16-L2-H4-m4-ffnnone,0.994140625,0.9254557291666666,donor_accuracy,0.802734375,12,adamw,0.061902513695032864,50
C16-d16-L2-H4-m4-ffnnone,0.2676028609275818,0.1236023777940621,donor_risk,0.01556133572012186,12,adamw,0.0846407625604677,50
C16-d16-L2-H4-m4-ffnnone,0.841642439365387,0.7380970120429993,embedding_coherence,0.6594939231872559,12,adamw,0.05956887542440724,50
C16-d16-L2-H4-m4-ffnnone,7.195656776428223,5.996120611826579,embedding_effective_rank,5.2348952293396,12,adamw,0.579152346194349,50
C16-d16-L2-H4-m4-ffnnone,0.994140625,0.9205729166666666,function_accuracy,0.80078125,12,adamw,0.0650254021650633,50
C16-d16-L2-H4-m4-ffnnone,0.20883670449256897,0.13663879968225956,natural_swap_mae,0.06476475298404694,12,adamw,0.036798834026951596,50
C16-d16-L2-H4-m4-ffnnone,0.11623764038085938,0.04978769070779284,natural_swap_mse,0.011906357482075691,12,adamw,0.026328777570157905,50
C16-d16-L2-H4-m4-ffnnone,0.5623928643763065,0.49836458917707205,ov_distractor_gain,0.4359462521970272,12,adamw,0.04386702113203878,50
C16-d16-L2-H4-m4-ffnnone,0.607147641479969,0.37157682074272697,ov_log_target_over_distractor_gain,0.19862311938777566,12,adamw,0.13617740055583955,50
C16-d16-L2-H4-m4-ffnnone,0.9043495245277882,0.7577047881980737,ov_target_gain,0.5941599253565073,12,adamw,0.08322534773286495,50
C16-d16-L2-H4-m4-ffnnone,0.24457216821610928,0.23463988055785498,qk_cancellation_fraction,0.2258764486759901,12,adamw,0.006008644190692871,50
C16-d16-L2-H4-m4-ffnnone,0.004871101467870176,0.001573952397298702,qk_content_energy,0.0003663769521153881,12,adamw,0.0011542777456313724,50
C16-d16-L2-H4-m4-ffnnone,0.0013156109780538827,-4.960049098675275e-05,qk_content_signed,-0.0010742179438238963,12,adamw,0.0007128584347309685,50
C16-d16-L2-H4-m4-ffnnone,0.52490234375,0.5125528971354166,qk_opposition_rate,0.492431640625,12,adamw,0.00839584235218039,50
C16-d16-L2-H4-m4-ffnnone,0.0030573373223887756,0.000158295824197315,qk_route_signed,-0.0016060759917309042,12,adamw,0.0015283443183497709,50
C16-d16-L2-H4-m4-ffnnone,-0.583719271235168,-0.8923365113635858,qk_suppression_log_ratio,-1.1570486386772245,12,adamw,0.15397412750718092,50
C16-d16-L2-H4-m4-ffnnone,0.002898809645557776,0.00010869527083438395,qk_total_signed,-0.0026802941210917197,12,adamw,0.001713722328038489,50
C16-d16-L2-H4-m4-ffnnone,0.26639705896377563,0.12427216380213697,risk,0.01373513974249363,12,adamw,0.08360908490290234,50
C16-d16-L2-H4-m4-ffnnone,0.9700582027435303,0.7692634214957556,target_key_effect,0.4901835322380066,12,adamw,0.18031339055141568,50
C16-d16-L2-H4-m4-ffnnone,0.957878828048706,0.7676441396276156,value_flip_effect,0.47844448685646057,12,adamw,0.17044199736197985,50
C16-d16-L2-H4-m4-ffnnone,0.029753750190138817,0.01708221381219725,walsh_bias_energy,0.0042814030312001705,12,adamw,0.007978322896236598,50
C16-d16-L2-H4-m4-ffnnone,0.18087808787822723,0.09812490091038246,walsh_distractor_direct_energy,0.011620675213634968,12,adamw,0.06615794788874128,50
C16-d16-L2-H4-m4-ffnnone,0.025684382766485214,0.011383288792179277,walsh_interaction_energy,0.0038341570179909468,12,adamw,0.006637519935834859,50
C16-d16-L2-H4-m4-ffnnone,0.9588780403137207,0.7680394773681959,walsh_target_coefficient,0.4731537401676178,12,adamw,0.17118255592470935,50
C16-d16-L2-H4-m4-ffnnone,0.3081842362880707,0.11769604946797092,walsh_target_error_energy,0.01069079153239727,12,adamw,0.09841800959241774,50
C16-d16-L2-H4-m4-ffnnone,0.5085285902023315,0.24428645350659886,walsh_total_error_energy,0.030427025631070137,12,adamw,0.16699600429507316,50
C16-d16-L2-H4-m4-ffnnone,0.30684441328048706,0.23991510644555092,attention_key_selectivity,0.19429700076580048,12,adamw,0.035547349723460527,100
C16-d16-L2-H4-m4-ffnnone,0.1406659404747188,0.11952874600926104,attention_mean_distractor_mass,0.09998505678959191,12,adamw,0.011478163910805564,100
C16-d16-L2-H4-m4-ffnnone,0.3297411687672138,0.28196992507825297,attention_self_mass,0.2400651704519987,12,adamw,0.030247962819659763,100
C16-d16-L2-H4-m4-ffnnone,0.40972717851400375,0.35944385182422894,attention_target_mass,0.31328745651990175,12,adamw,0.027949967662080997,100
C16-d16-L2-H4-m4-ffnnone,1.870861742645502,1.4103765621548519,attention_target_over_distractor_log_margin,0.3138430416584015,12,adamw,0.4402853969518365,100
C16-d16-L2-H4-m4-ffnnone,1.0,0.99853515625,donor_accuracy,0.990234375,12,adamw,0.003129989801811824,100
C16-d16-L2-H4-m4-ffnnone,0.014196985401213169,0.003967920764504622,donor_risk,0.00043913163244724274,12,adamw,0.004514737503405813,100
C16-d16-L2-H4-m4-ffnnone,0.82672518491745,0.762145459651947,embedding_coherence,0.7014237642288208,12,adamw,0.04056688788894646,100
C16-d16-L2-H4-m4-ffnnone,6.295383930206299,5.467038154602051,embedding_effective_rank,4.813008785247803,12,adamw,0.4066405438247744,100
C16-d16-L2-H4-m4-ffnnone,1.0,0.99853515625,function_accuracy,0.98828125,12,adamw,0.0036420794561019204,100
C16-d16-L2-H4-m4-ffnnone,0.053715869784355164,0.03096580955510338,natural_swap_mae,0.013937646523118019,12,adamw,0.014126197450920303,100
C16-d16-L2-H4-m4-ffnnone,0.011807410046458244,0.003909167770567971,natural_swap_mse,0.00043291668407619,12,adamw,0.004062397197259084,100
C16-d16-L2-H4-m4-ffnnone,0.5848901942372322,0.48530259914696217,ov_distractor_gain,0.42224765568971634,12,adamw,0.04862807538696438,100
C16-d16-L2-H4-m4-ffnnone,0.8408417217433453,0.583100162136058,ov_log_target_over_distractor_gain,0.15260135754942894,12,adamw,0.19211460959474805,100
C16-d16-L2-H4-m4-ffnnone,1.2025199308991432,0.9777599656954408,ov_target_gain,0.6923422142863274,12,adamw,0.14823010977805282,100
C16-d16-L2-H4-m4-ffnnone,0.2634513657540083,0.23977773248528442,qk_cancellation_fraction,0.21989353373646736,12,adamw,0.012630546430941286,100
C16-d16-L2-H4-m4-ffnnone,0.0006797970586376323,0.00023276307242052022,qk_content_energy,4.378975540930696e-05,12,adamw,0.0002112971891895403,100
C16-d16-L2-H4-m4-ffnnone,0.00014602424198528752,-0.00011059239479512446,qk_content_signed,-0.0005232567655184539,12,adamw,0.00018097285530389637,100
C16-d16-L2-H4-m4-ffnnone,0.5458984375,0.5260823567708334,qk_opposition_rate,0.5126953125,12,adamw,0.01011656006170375,100
C16-d16-L2-H4-m4-ffnnone,0.0004754061237690621,-1.6595934823726566e-05,qk_route_signed,-0.0006128602781245718,12,adamw,0.00030457702300109283,100
C16-d16-L2-H4-m4-ffnnone,-0.6786396373063326,-0.8944801187608391,qk_suppression_log_ratio,-1.1737261414527893,12,adamw,0.15798687774861517,100
C16-d16-L2-H4-m4-ffnnone,0.0004892873475910164,-0.00012718831597643052,qk_total_signed,-0.0011361169763404178,12,adamw,0.0004289640919498979,100
C16-d16-L2-H4-m4-ffnnone,0.016490556299686432,0.00416312605375424,risk,0.00047345022903755307,12,adamw,0.005276646074115828,100
C16-d16-L2-H4-m4-ffnnone,1.0574084520339966,1.0001369615395863,target_key_effect,0.9272921085357666,12,adamw,0.038520311662723385,100
C16-d16-L2-H4-m4-ffnnone,1.0002585649490356,0.9922641019026438,value_flip_effect,0.9766589999198914,12,adamw,0.007973611415275375,100
C16-d16-L2-H4-m4-ffnnone,0.0032398842740803957,0.0011790944505870964,walsh_bias_energy,0.00025794244720600545,12,adamw,0.0009583292292287833,100
C16-d16-L2-H4-m4-ffnnone,0.011320129968225956,0.002411379318800755,walsh_distractor_direct_energy,0.00028190755983814597,12,adamw,0.0032319720087903704,100
C16-d16-L2-H4-m4-ffnnone,0.004859435372054577,0.0013555508594436105,walsh_interaction_energy,0.00024193596618715674,12,adamw,0.0015127153015824684,100
C16-d16-L2-H4-m4-ffnnone,0.9990649223327637,0.9920694679021835,walsh_target_coefficient,0.974582850933075,12,adamw,0.007978369426405257,100
C16-d16-L2-H4-m4-ffnnone,0.011368365958333015,0.002270059718284756,walsh_target_error_energy,0.00028071767883375287,12,adamw,0.003281540619150075,100
C16-d16-L2-H4-m4-ffnnone,0.026117626577615738,0.007216084224637598,walsh_total_error_energy,0.0011273695854470134,12,adamw,0.008119310858965226,100
C16-d16-L2-H4-m4-ffnnone,0.3270362615585327,0.2584654949605465,attention_key_selectivity,0.20690812170505524,12,adamw,0.03490441994230144,400
C16-d16-L2-H4-m4-ffnnone,0.1231253637233749,0.10896066908511177,attention_mean_distractor_mass,0.09085112297907472,12,adamw,0.010869248732192461,400
C16-d16-L2-H4-m4-ffnnone,0.3627427387982607,0.3056918394674237,attention_self_mass,0.23396684136241674,12,adamw,0.034334058524788616,400
C16-d16-L2-H4-m4-ffnnone,0.42184479907155037,0.3674261612274374,attention_target_mass,0.3219123166054487,12,adamw,0.029223688919199263,400
C16-d16-L2-H4-m4-ffnnone,2.1878815591335297,1.738021908250327,attention_target_over_distractor_log_margin,0.3782581686973572,12,adamw,0.48156622206947136,400
C16-d16-L2-H4-m4-ffnnone,1.0,0.9990234375,donor_accuracy,0.994140625,12,adamw,0.0022807586254732118,400
C16-d16-L2-H4-m4-ffnnone,0.012002883478999138,0.0019344072467598987,donor_risk,4.242620343575254e-05,12,adamw,0.004305323401138214,400
C16-d16-L2-H4-m4-ffnnone,0.8436460494995117,0.7769653697808584,embedding_coherence,0.7288683652877808,12,adamw,0.03379334337067513,400
C16-d16-L2-H4-m4-ffnnone,6.073507785797119,5.3097041845321655,embedding_effective_rank,4.535000801086426,12,adamw,0.4232074811682436,400
C16-d16-L2-H4-m4-ffnnone,1.0,0.9991861979166666,function_accuracy,0.9921875,12,adamw,0.0022744143610963184,400
C16-d16-L2-H4-m4-ffnnone,0.021953627467155457,0.009484976180829108,natural_swap_mae,0.0044299582950770855,12,adamw,0.005163642603188203,400
C16-d16-L2-H4-m4-ffnnone,0.014302988536655903,0.0020329966476613968,natural_swap_mse,3.685105184558779e-05,12,adamw,0.004624536973427623,400
C16-d16-L2-H4-m4-ffnnone,0.585863895714283,0.47767773518959683,ov_distractor_gain,0.4123052805662155,12,adamw,0.05046080468603455,400
C16-d16-L2-H4-m4-ffnnone,0.9885746650397778,0.7120889841365473,ov_log_target_over_distractor_gain,0.2562685414450243,12,adamw,0.21066962297811126,400
C16-d16-L2-H4-m4-ffnnone,1.4061461985111237,1.1481050685979426,ov_target_gain,0.8012448698282242,12,adamw,0.17459809524576603,400
C16-d16-L2-H4-m4-ffnnone,0.2624901495873928,0.24350676980490485,qk_cancellation_fraction,0.22946065664291382,12,adamw,0.011412415059379797,400
C16-d16-L2-H4-m4-ffnnone,0.0007034415076532241,0.00011504517019500504,qk_content_energy,9.693191088899766e-06,12,adamw,0.00022341010887538977,400
C16-d16-L2-H4-m4-ffnnone,2.5820470000326168e-05,-0.0001128441492710408,qk_content_signed,-0.0006139562628959538,12,adamw,0.00017988826967636393,400
C16-d16-L2-H4-m4-ffnnone,0.550537109375,0.53497314453125,qk_opposition_rate,0.51171875,12,adamw,0.012955617867879464,400
C16-d16-L2-H4-m4-ffnnone,0.0013385315105551854,0.00017047156372029804,qk_route_signed,-0.00011532089320098748,12,adamw,0.00041327957626762196,400
C16-d16-L2-H4-m4-ffnnone,-0.5433630309998989,-0.7315433512364203,qk_suppression_log_ratio,-0.9456646535545588,12,adamw,0.11473051908774833,400
C16-d16-L2-H4-m4-ffnnone,0.00102306363714888,5.76274217299518e-05,qk_total_signed,-0.0002000071035581641,12,adamw,0.0003135545377522815,400
C16-d16-L2-H4-m4-ffnnone,0.007469547912478447,0.001154090421247626,risk,3.935691711376421e-05,12,adamw,0.0025050095695665717,400
C16-d16-L2-H4-m4-ffnnone,1.0331330299377441,1.008327230811119,target_key_effect,0.9305865168571472,12,adamw,0.027448560255540138,400
C16-d16-L2-H4-m4-ffnnone,1.0018150806427002,0.9987253944079081,value_flip_effect,0.9912703037261963,12,adamw,0.003521066489285758,400
C16-d16-L2-H4-m4-ffnnone,0.0025719429831951857,0.0003721613267468153,walsh_bias_energy,1.3100872820359655e-05,12,adamw,0.0007910136480816013,400
C16-d16-L2-H4-m4-ffnnone,0.003578188829123974,0.00046950502132858674,walsh_distractor_direct_energy,1.380571393383434e-05,12,adamw,0.0010749992970809001,400
C16-d16-L2-H4-m4-ffnnone,0.005890174303203821,0.0007324435211254846,walsh_interaction_energy,2.4368371668970212e-05,12,adamw,0.0017594900176815464,400
C16-d16-L2-H4-m4-ffnnone,1.0017385482788086,0.9985775301853815,walsh_target_coefficient,0.9906586408615112,12,adamw,0.0036882227614575594,400
C16-d16-L2-H4-m4-ffnnone,0.0027394103817641735,0.0003825803044795369,walsh_target_error_energy,2.644842243171297e-05,12,adamw,0.0008349808166341541,400
C16-d16-L2-H4-m4-ffnnone,0.014779716730117798,0.001956690231357546,walsh_total_error_energy,8.95821867743507e-05,12,adamw,0.004456239974919899,400
C64-d16-L2-H1-m4-ffn32,0.002568274736404419,-0.0061968259590988355,attention_key_selectivity,-0.018110627308487892,12,adamw,0.007170889421322574,0
C64-d16-L2-H1-m4-ffn32,0.21149636059999466,0.19345472411563,attention_mean_distractor_mass,0.11697829887270927,12,adamw,0.026006476076528753,0
C64-d16-L2-H1-m4-ffn32,0.5385273396968842,0.23237795600046715,attention_self_mass,0.15900592505931854,12,adamw,0.1035665018882289,0
C64-d16-L2-H1-m4-ffn32,0.2101520672440529,0.18725789400438467,attention_target_mass,0.11053775995969772,12,adamw,0.02628804804370963,0
C64-d16-L2-H1-m4-ffn32,-0.09339617006480694,-0.1951099579843382,attention_target_over_distractor_log_margin,-0.37388166785240173,12,adamw,0.08860974661506851,0
C64-d16-L2-H1-m4-ffn32,0.556640625,0.5021158854166666,donor_accuracy,0.376953125,12,adamw,0.054244721911142754,0
C64-d16-L2-H1-m4-ffn32,1.6001324653625488,0.961296076575915,donor_risk,0.4928102493286133,12,adamw,0.35105111025784363,0
C64-d16-L2-H1-m4-ffn32,0.8422908782958984,0.7656993369261423,embedding_coherence,0.6933339834213257,12,adamw,0.044349480571403775,0
C64-d16-L2-H1-m4-ffn32,13.330070495605469,12.694633960723877,embedding_effective_rank,12.324060440063477,12,adamw,0.28481108998502735,0
C64-d16-L2-H1-m4-ffn32,0.007767757400870323,-0.0042666362326902645,ffn_branch_signed,-0.020079861395061016,12,adamw,0.010027547390287436,0
C64-d16-L2-H1-m4-ffn32,0.4088665246963501,0.2915574287374814,ffn_cancellation_fraction,0.20590296387672424,12,adamw,0.07015608222895939,0
C64-d16-L2-H1-m4-ffn32,0.6669921875,0.5228678385416666,ffn_opposition_rate,0.3916015625,12,adamw,0.09524041153415355,0
C64-d16-L2-H1-m4-ffn32,0.02667010063305497,-0.0047111488577987375,ffn_skip_signed,-0.037839874625205994,12,adamw,0.018226566468156964,0
C64-d16-L2-H1-m4-ffn32,0.0343006900511682,-0.008977785172949856,ffn_total_signed,-0.05094322748482227,12,adamw,0.02724987271481521,0
C64-d16-L2-H1-m4-ffn32,0.5625,0.5081380208333334,function_accuracy,0.421875,12,adamw,0.04801404705076118,0
C64-d16-L2-H1-m4-ffn32,0.4269270896911621,0.18326762753228346,natural_swap_mae,0.06297484785318375,12,adamw,0.10013485473788147,0
C64-d16-L2-H1-m4-ffn32,0.3888263404369354,0.08980645646806806,natural_swap_mse,0.007283445913344622,12,adamw,0.10589312239525005,0
C64-d16-L2-H1-m4-ffn32,1.0808995068073273,0.9851731260617574,ov_distractor_gain,0.8866097927093506,12,adamw,0.05683662089021701,0
C64-d16-L2-H1-m4-ffn32,0.26018694043159485,0.010175134132926663,ov_log_target_over_distractor_gain,-0.3127729743719101,12,adamw,0.18518945148399588,0
C64-d16-L2-H1-m4-ffn32,1.220876693725586,0.9963362688819567,ov_target_gain,0.7508997917175293,12,adamw,0.15704341228380478,0
C64-d16-L2-H1-m4-ffn32,0.24771733582019806,0.22543099336326122,qk_cancellation_fraction,0.20846091210842133,12,adamw,0.01024033860577452,0
C64-d16-L2-H1-m4-ffn32,0.20519305020570755,0.042841254791710526,qk_content_energy,0.002698579104617238,12,adamw,0.054893556159949085,0
C64-d16-L2-H1-m4-ffn32,0.010962882544845343,-0.00763837529423957,qk_content_signed,-0.030977778136730194,12,adamw,0.014670409429436175,0
C64-d16-L2-H1-m4-ffn32,0.537109375,0.5076497395833334,qk_opposition_rate,0.48828125,12,adamw,0.014585169556848228,0
C64-d16-L2-H1-m4-ffn32,0.001850732835009694,-0.002096279593388317,qk_route_signed,-0.010293985716998577,12,adamw,0.003944319700201174,0
C64-d16-L2-H1-m4-ffn32,-0.14541256427764893,-0.26976425759494305,qk_suppression_log_ratio,-0.5884906053543091,12,adamw,0.13125926547086508,0
C64-d16-L2-H1-m4-ffn32,0.012093392666429281,-0.009734655405433537,qk_total_signed,-0.03735518269240856,12,adamw,0.01670921300906528,0
C64-d16-L2-H1-m4-ffn32,1.5688778162002563,0.9541951318581899,risk,0.49126946926116943,12,adamw,0.34666688945715374,0
C64-d16-L2-H1-m4-ffn32,0.09642328321933746,0.0005382892171231409,target_key_effect,-0.2166995257139206,12,adamw,0.08220685957543042,0
C64-d16-L2-H1-m4-ffn32,0.14266766607761383,0.012226097091721991,value_flip_effect,-0.19641365110874176,12,adamw,0.09906373530175196,0
C64-d16-L2-H1-m4-ffn32,1.7617104053497314,0.8444991745054722,walsh_bias_energy,0.05481705069541931,12,adamw,0.5918252022947693,0
C64-d16-L2-H1-m4-ffn32,0.23073473572731018,0.06757976902493586,walsh_distractor_direct_energy,0.0073739695362746716,12,adamw,0.06642102952185393,0
C64-d16-L2-H1-m4-ffn32,0.042590945959091187,0.011756011454660134,walsh_interaction_energy,0.0005620709271170199,12,adamw,0.01299392895568614,0
C64-d16-L2-H1-m4-ffn32,0.1397651731967926,0.01411815759881089,walsh_target_coefficient,-0.18824982643127441,12,adamw,0.09676442416009394,0
C64-d16-L2-H1-m4-ffn32,1.4521024227142334,0.9931817253430685,walsh_target_error_energy,0.7555614709854126,12,adamw,0.2063338887898191,0
C64-d16-L2-H1-m4-ffn32,2.9233498573303223,1.9170167297124863,walsh_total_error_energy,0.9962207674980164,12,adamw,0.6813073405123761,0
C64-d16-L2-H1-m4-ffn32,0.46682900190353394,0.28842027485370636,attention_key_selectivity,0.017462901771068573,12,adamw,0.16003813716944315,50
C64-d16-L2-H1-m4-ffn32,0.1929541528224945,0.12159807801557083,attention_mean_distractor_mass,0.07069259881973267,12,adamw,0.04151950465191447,50
C64-d16-L2-H1-m4-ffn32,0.45408323407173157,0.22518743326266608,attention_self_mass,0.12134232372045517,12,adamw,0.0887362837018414,50
C64-d16-L2-H1-m4-ffn32,0.5546043068170547,0.4100183465828498,attention_target_mass,0.1870700567960739,12,adamw,0.12651512598820847,50
C64-d16-L2-H1-m4-ffn32,3.1652631759643555,1.457789683714509,attention_target_over_distractor_log_margin,-0.1557358056306839,12,adamw,1.0923171992808753,50
C64-d16-L2-H1-m4-ffn32,1.0,0.9114583333333334,donor_accuracy,0.72265625,12,adamw,0.09104135313139444,50
C64-d16-L2-H1-m4-ffn32,0.3389779031276703,0.12858252788040167,donor_risk,0.002094684401527047,12,adamw,0.11545336543746025,50
C64-d16-L2-H1-m4-ffn32,0.8814429640769958,0.8198227087656657,embedding_coherence,0.7398646473884583,12,adamw,0.044517778621716506,50
C64-d16-L2-H1-m4-ffn32,11.534814834594727,10.056456724802652,embedding_effective_rank,8.635690689086914,12,adamw,1.0272367152712636,50
C64-d16-L2-H1-m4-ffn32,0.0034144039382226765,4.1988149556952216e-05,ffn_branch_signed,-0.004798759473487735,12,adamw,0.002554512431806832,50
C64-d16-L2-H1-m4-ffn32,0.34383048117160797,0.2060791403055191,ffn_cancellation_fraction,0.09429582580924034,12,adamw,0.07080568084044961,50
C64-d16-L2-H1-m4-ffn32,0.6650390625,0.4517415364583333,ffn_opposition_rate,0.2705078125,12,adamw,0.12284904896792437,50
C64-d16-L2-H1-m4-ffn32,0.0033756697084754705,-0.00281774017639691,ffn_skip_signed,-0.013437816873192787,12,adamw,0.004923910891312624,50
C64-d16-L2-H1-m4-ffn32,0.006790073122829199,-0.002775752237842729,ffn_total_signed,-0.01465719472616911,12,adamw,0.006241248893345441,50
C64-d16-L2-H1-m4-ffn32,0.99609375,0.9112955729166666,function_accuracy,0.7109375,12,adamw,0.09320263062772123,50
C64-d16-L2-H1-m4-ffn32,0.20274773240089417,0.08488148481895526,natural_swap_mae,0.014949560165405273,12,adamw,0.04962970810169707,50
C64-d16-L2-H1-m4-ffn32,0.10889234393835068,0.03626679450583955,natural_swap_mse,0.006437981501221657,12,adamw,0.026184424254676538,50
C64-d16-L2-H1-m4-ffn32,1.3257381916046143,1.1558317840099335,ov_distractor_gain,1.005584716796875,12,adamw,0.09885596437842718,50
C64-d16-L2-H1-m4-ffn32,0.9225597977638245,0.6474183568110069,ov_log_target_over_distractor_gain,0.27160173654556274,12,adamw,0.16013864475462566,50
C64-d16-L2-H1-m4-ffn32,2.643441677093506,2.2262435207764306,ov_target_gain,1.6388033628463745,12,adamw,0.23842511878059902,50
C64-d16-L2-H1-m4-ffn32,0.264204204082489,0.21987096406519413,qk_cancellation_fraction,0.19099970161914825,12,adamw,0.02166065146721872,50
C64-d16-L2-H1-m4-ffn32,0.0133588882163167,0.0023325672855207813,qk_content_energy,7.026622370176483e-05,12,adamw,0.0036057233742700324,50
C64-d16-L2-H1-m4-ffn32,0.004775344743393362,0.000654335369290493,qk_content_signed,-0.0024983457988128066,12,adamw,0.001813863657416764,50
C64-d16-L2-H1-m4-ffn32,0.5439453125,0.5056966145833334,qk_opposition_rate,0.4609375,12,adamw,0.027786696572403884,50
C64-d16-L2-H1-m4-ffn32,0.00585396820679307,-0.002972847630492955,qk_route_signed,-0.012548650149255991,12,adamw,0.006189271274742347,50
C64-d16-L2-H1-m4-ffn32,-0.944015622138977,-1.4428908688326676,qk_suppression_log_ratio,-2.0166162252426147,12,adamw,0.3071843981902675,50
C64-d16-L2-H1-m4-ffn32,0.006206672289408743,-0.00231851225059169,qk_total_signed,-0.0113131208345294,12,adamw,0.005659317831759413,50
C64-d16-L2-H1-m4-ffn32,0.3406897187232971,0.12696649654147527,risk,0.007988912053406239,12,adamw,0.11635771290968547,50
C64-d16-L2-H1-m4-ffn32,1.0417373180389404,0.7298568338155746,target_key_effect,0.29790055751800537,12,adamw,0.25590923008816174,50
C64-d16-L2-H1-m4-ffn32,1.0159987211227417,0.7460269803802172,value_flip_effect,0.33070844411849976,12,adamw,0.24184559008309928,50
C64-d16-L2-H1-m4-ffn32,0.028798270970582962,0.014807674936794987,walsh_bias_energy,0.002547930460423231,12,adamw,0.008557271057291089,50
C64-d16-L2-H1-m4-ffn32,0.2162260115146637,0.09249219791187595,walsh_distractor_direct_energy,0.00282016908749938,12,adamw,0.07656018408252062,50
C64-d16-L2-H1-m4-ffn32,0.024565331637859344,0.011704565394514551,walsh_interaction_energy,0.0021356232464313507,12,adamw,0.0086330866838885,50
C64-d16-L2-H1-m4-ffn32,1.0155057907104492,0.7460323323806127,walsh_target_coefficient,0.33107471466064453,12,adamw,0.24102134021903343,50
C64-d16-L2-H1-m4-ffn32,0.4739247262477875,0.14435421485298625,walsh_target_error_energy,0.0032033133320510387,12,adamw,0.155378657112066,50
C64-d16-L2-H1-m4-ffn32,0.6719218492507935,0.2633586561617752,walsh_total_error_energy,0.010707035660743713,12,adamw,0.23782542325378003,50
C64-d16-L2-H1-m4-ffn32,0.5446142554283142,0.4745246022939682,attention_key_selectivity,0.29808080196380615,12,adamw,0.062441551712513005,100
C64-d16-L2-H1-m4-ffn32,0.08462785929441452,0.06766769507278998,attention_mean_distractor_mass,0.014451570808887482,12,adamw,0.01853254205746877,100
C64-d16-L2-H1-m4-ffn32,0.5038056448101997,0.25480462114016217,attention_self_mass,0.16382569074630737,12,adamw,0.11268131153858109,100
C64-d16-L2-H1-m4-ffn32,0.6175042688846588,0.5421923043516775,attention_target_mass,0.35577601939439774,12,adamw,0.071190692411023,100
C64-d16-L2-H1-m4-ffn32,3.8453569412231445,3.28825899772346,attention_target_over_distractor_log_margin,2.567591428756714,12,adamw,0.42356062652801285,100
C64-d16-L2-H1-m4-ffn32,1.0,0.9973958333333334,donor_accuracy,0.986328125,12,adamw,0.004191745078036405,100
C64-d16-L2-H1-m4-ffn32,0.020146440714597702,0.005021951374753068,donor_risk,0.00020836348994635046,12,adamw,0.0064517736365026605,100
C64-d16-L2-H1-m4-ffn32,0.9180769920349121,0.8383838385343552,embedding_coherence,0.7814589738845825,12,adamw,0.037088027336531576,100
C64-d16-L2-H1-m4-ffn32,9.653420448303223,8.88287123044332,embedding_effective_rank,8.251221656799316,12,adamw,0.5680500684270194,100
C64-d16-L2-H1-m4-ffn32,0.0013936486502643675,0.0002197078335181383,ffn_branch_signed,-0.0005258732271613553,12,adamw,0.0005904111538411655,100
C64-d16-L2-H1-m4-ffn32,0.3794472962617874,0.32536636603375274,ffn_cancellation_fraction,0.23874105513095856,12,adamw,0.0480098407529227,100
C64-d16-L2-H1-m4-ffn32,0.7607421875,0.6442057291666666,ffn_opposition_rate,0.482421875,12,adamw,0.08116140092141408,100
C64-d16-L2-H1-m4-ffn32,0.0016433383570984006,0.00015061985989935542,ffn_skip_signed,-0.0029987022280693054,12,adamw,0.0012870231238433865,100
C64-d16-L2-H1-m4-ffn32,0.0030369870364665985,0.0003703277361637447,ffn_total_signed,-0.0033353679900756106,12,adamw,0.001693666310125362,100
C64-d16-L2-H1-m4-ffn32,1.0,0.9983723958333334,function_accuracy,0.990234375,12,adamw,0.0028648523461839367,100
C64-d16-L2-H1-m4-ffn32,0.051585420966148376,0.015843270424132545,natural_swap_mae,0.004312957637012005,12,adamw,0.014028072913335885,100
C64-d16-L2-H1-m4-ffn32,0.020884117111563683,0.005602204979368253,natural_swap_mse,9.215132740791887e-05,12,adamw,0.006880497035857141,100
C64-d16-L2-H1-m4-ffn32,1.3662886023521423,1.1001012921333313,ov_distractor_gain,0.9893845319747925,12,adamw,0.11388105099768678,100
C64-d16-L2-H1-m4-ffn32,1.182352066040039,0.8408412542194128,ov_log_target_over_distractor_gain,0.3518762141466141,12,adamw,0.18712435359956078,100
C64-d16-L2-H1-m4-ffn32,3.1865930557250977,2.63911705215772,ov_target_gain,2.1580628156661987,12,adamw,0.2720871732470256,100
C64-d16-L2-H1-m4-ffn32,0.24047140032052994,0.2157305652896563,qk_cancellation_fraction,0.1775960475206375,12,adamw,0.015019260273008797,100
C64-d16-L2-H1-m4-ffn32,0.0009440532594453543,0.00016888779452983727,qk_content_energy,1.3975906767882407e-05,12,adamw,0.0002821968992287396,100
C64-d16-L2-H1-m4-ffn32,0.0003475221019471064,2.7985222307809938e-05,qk_content_signed,-0.00045416178909363225,12,adamw,0.00024373670545419215,100
C64-d16-L2-H1-m4-ffn32,0.5576171875,0.5243326822916666,qk_opposition_rate,0.4677734375,12,adamw,0.029507582518286363,100
C64-d16-L2-H1-m4-ffn32,0.0037657355424016714,0.00036366392214404186,qk_route_signed,-0.0029427552508423105,12,adamw,0.002073124067569344,100
C64-d16-L2-H1-m4-ffn32,-0.7464654855430126,-1.2808734499073278,qk_suppression_log_ratio,-1.4985783398151398,12,adamw,0.21554224215162637,100
C64-d16-L2-H1-m4-ffn32,0.003944388357922435,0.0003916491802253101,qk_total_signed,-0.0030216897575883195,12,adamw,0.002082195370268742,100
C64-d16-L2-H1-m4-ffn32,0.01810201071202755,0.0048131872463272884,risk,0.00020353819127194583,12,adamw,0.006364802841391517,100
C64-d16-L2-H1-m4-ffn32,1.061408281326294,0.9809203247229258,target_key_effect,0.8749328255653381,12,adamw,0.05522352821997437,100
C64-d16-L2-H1-m4-ffn32,1.008137822151184,0.993896946310997,value_flip_effect,0.9628730416297913,12,adamw,0.011823772138476957,100
C64-d16-L2-H1-m4-ffn32,0.005513968877494335,0.001705538413564985,walsh_bias_energy,0.00021100963931530714,12,adamw,0.0014502781599263913,100
C64-d16-L2-H1-m4-ffn32,0.012637237086892128,0.0027320072173703616,walsh_distractor_direct_energy,0.0002319923514733091,12,adamw,0.003636526334279048,100
C64-d16-L2-H1-m4-ffn32,0.005677643232047558,0.001124272964564928,walsh_interaction_energy,0.00019602302927523851,12,adamw,0.0014779801925052997,100
C64-d16-L2-H1-m4-ffn32,1.0097544193267822,0.9946059683958689,walsh_target_coefficient,0.9647166132926941,12,adamw,0.011405101881631182,100
C64-d16-L2-H1-m4-ffn32,0.012992115691304207,0.0030806973397072093,walsh_target_error_energy,0.0002473440836183727,12,adamw,0.003952273587916074,100
C64-d16-L2-H1-m4-ffn32,0.029980335384607315,0.00864251601160504,walsh_total_error_energy,0.0008863691473379731,12,adamw,0.00973245158335475,100
C64-d16-L2-H1-m4-ffn32,0.5769146680831909,0.5165924082199732,attention_key_selectivity,0.38920915126800537,12,adamw,0.0509565635841536,400
C64-d16-L2-H1-m4-ffn32,0.07527995947748423,0.061614154993246,attention_mean_distractor_mass,0.0036815153434872627,12,adamw,0.019519152752605098,400
C64-d16-L2-H1-m4-ffn32,0.5105754844844341,0.2369509826724728,attention_self_mass,0.15099038556218147,12,adamw,0.10952177399673133,400
C64-d16-L2-H1-m4-ffn32,0.6397218108177185,0.5782065648430338,attention_target_mass,0.44014766812324524,12,adamw,0.061670026304552546,400
C64-d16-L2-H1-m4-ffn32,6.737016797065735,4.1244132071733475,attention_target_over_distractor_log_margin,3.221694827079773,12,adamw,0.9283128482667802,400
C64-d16-L2-H1-m4-ffn32,1.0,1.0,donor_accuracy,1.0,12,adamw,0.0,400
C64-d16-L2-H1-m4-ffn32,0.00012426669127307832,6.876872597179802e-05,donor_risk,2.8185151677462272e-05,12,adamw,3.2318426238084695e-05,400
C64-d16-L2-H1-m4-ffn32,0.9231604337692261,0.8359696368376414,embedding_coherence,0.7868634462356567,12,adamw,0.03752162807259508,400
C64-d16-L2-H1-m4-ffn32,9.690142631530762,8.81911826133728,embedding_effective_rank,8.142579078674316,12,adamw,0.5627366583982528,400
C64-d16-L2-H1-m4-ffn32,0.00019680649711517617,4.675163275654389e-05,ffn_branch_signed,-7.048501720419154e-05,12,adamw,9.004488854811426e-05,400
C64-d16-L2-H1-m4-ffn32,0.4899260103702545,0.41904942442973453,ffn_cancellation_fraction,0.3025640845298767,12,adamw,0.052597032500184916,400
C64-d16-L2-H1-m4-ffn32,0.8369140625,0.7177734375,ffn_opposition_rate,0.560546875,12,adamw,0.07434946622909365,400
C64-d16-L2-H1-m4-ffn32,6.532884799526073e-05,-0.00016719257594862333,ffn_skip_signed,-0.0005536212120205164,12,adamw,0.000161244543682168,400
C64-d16-L2-H1-m4-ffn32,0.00014268232916947454,-0.00012044093136864831,ffn_total_signed,-0.0003954777494072914,12,adamw,0.0001531768768089794,400
C64-d16-L2-H1-m4-ffn32,1.0,1.0,function_accuracy,1.0,12,adamw,0.0,400
C64-d16-L2-H1-m4-ffn32,0.004853382706642151,0.002817721930720533,natural_swap_mae,0.001641937531530857,12,adamw,0.0011047989693386332,400
C64-d16-L2-H1-m4-ffn32,9.323506674263626e-05,3.1747778545347195e-05,natural_swap_mse,7.243459549499676e-06,12,adamw,2.8069335301821422e-05,400
C64-d16-L2-H1-m4-ffn32,1.3148465752601624,1.051893763244152,ov_distractor_gain,0.9536596834659576,12,adamw,0.10404820485012503,400
C64-d16-L2-H1-m4-ffn32,1.2783353328704834,0.9998503041764101,ov_log_target_over_distractor_gain,0.6259229183197021,12,adamw,0.16040058265360455,400
C64-d16-L2-H1-m4-ffn32,3.4349344968795776,2.9745220839977264,ov_target_gain,2.4979093074798584,12,adamw,0.29709678892845215,400
C64-d16-L2-H1-m4-ffn32,0.2509053349494934,0.22577928192913532,qk_cancellation_fraction,0.1980520561337471,12,adamw,0.016434057492325665,400
C64-d16-L2-H1-m4-ffn32,4.393219751364086e-05,1.136369852498357e-05,qk_content_energy,2.54503729024691e-06,12,adamw,1.1598547180903538e-05,400
C64-d16-L2-H1-m4-ffn32,0.0002807401560858125,2.353676643451763e-05,qk_content_signed,-0.00014270471547206398,12,adamw,0.00011390982252942795,400
C64-d16-L2-H1-m4-ffn32,0.5673828125,0.5293782552083334,qk_opposition_rate,0.498046875,12,adamw,0.022220170523594696,400
C64-d16-L2-H1-m4-ffn32,0.0002804048199323006,-7.06883001839742e-05,qk_route_signed,-0.0002088461296807509,12,adamw,0.00012523469581217134,400
C64-d16-L2-H1-m4-ffn32,-0.6137076504528522,-0.8512713193582991,qk_suppression_log_ratio,-1.082144170999527,12,adamw,0.1559303488463119,400
C64-d16-L2-H1-m4-ffn32,0.00023065003915689886,-4.715153742533099e-05,qk_total_signed,-0.00018137024744646624,12,adamw,0.00013593004958239164,400
C64-d16-L2-H1-m4-ffn32,0.0001258447446161881,6.948187031715254e-05,risk,2.6410751161165535e-05,12,adamw,3.412487914328316e-05,400
C64-d16-L2-H1-m4-ffn32,1.050729513168335,0.9845300217469534,target_key_effect,0.9042841196060181,12,adamw,0.04050036271609387,400
C64-d16-L2-H1-m4-ffn32,1.001906156539917,1.0000706017017365,value_flip_effect,0.9986950159072876,12,adamw,0.0011281879847588792,400
C64-d16-L2-H1-m4-ffn32,0.00016268638137262315,5.9014321777794976e-05,walsh_bias_energy,1.617955058463849e-05,12,adamw,3.783818916768233e-05,400
C64-d16-L2-H1-m4-ffn32,5.125897951074876e-05,1.8452136487212556e-05,walsh_distractor_direct_energy,3.4856343518185895e-06,12,adamw,1.698892822456728e-05,400
C64-d16-L2-H1-m4-ffn32,6.609894626308233e-05,2.097318095669228e-05,walsh_interaction_energy,6.09672861173749e-06,12,adamw,1.893641918829523e-05,400
C64-d16-L2-H1-m4-ffn32,1.0019469261169434,1.000209738810857,walsh_target_coefficient,0.9989124536514282,12,adamw,0.0010544531892098718,400
C64-d16-L2-H1-m4-ffn32,8.021091343834996e-05,4.671289010123777e-05,walsh_target_error_energy,1.67846264957916e-05,12,adamw,2.1100530602717757e-05,400
C64-d16-L2-H1-m4-ffn32,0.000312717049382627,0.00014515253072507525,walsh_total_error_energy,4.96265638503246e-05,12,adamw,8.512398675985361e-05,400
C64-d16-L2-H1-m4-ffnnone,0.006228339858353138,-0.008477822528220713,attention_key_selectivity,-0.023323876783251762,12,adamw,0.008512390585950644,0
C64-d16-L2-H1-m4-ffnnone,0.2242106944322586,0.19499718770384789,attention_mean_distractor_mass,0.15377917885780334,12,adamw,0.018837748463460556,0
C64-d16-L2-H1-m4-ffnnone,0.39748354256153107,0.22848907920221487,attention_self_mass,0.09711463376879692,12,adamw,0.0776259457640364,0
C64-d16-L2-H1-m4-ffnnone,0.23025330901145935,0.18651936575770378,attention_target_mass,0.1411789208650589,12,adamw,0.0222757790032394,0
C64-d16-L2-H1-m4-ffnnone,-0.07604557555168867,-0.1917576293926686,attention_target_over_distractor_log_margin,-0.28644248843193054,12,adamw,0.06853273048246933,0
C64-d16-L2-H1-m4-ffnnone,0.63671875,0.5320638020833334,donor_accuracy,0.373046875,12,adamw,0.08217679497836403,0
C64-d16-L2-H1-m4-ffnnone,2.4625372886657715,0.9779287700851759,donor_risk,0.48359575867652893,12,adamw,0.6000007597868001,0
C64-d16-L2-H1-m4-ffnnone,0.8320221900939941,0.7520911196867625,embedding_coherence,0.6883110404014587,12,adamw,0.038525092206876214,0
C64-d16-L2-H1-m4-ffnnone,13.410542488098145,12.736555020014444,embedding_effective_rank,12.240180015563965,12,adamw,0.3140941335245938,0
C64-d16-L2-H1-m4-ffnnone,0.65625,0.5275065104166666,function_accuracy,0.369140625,12,adamw,0.08573330245777683,0
C64-d16-L2-H1-m4-ffnnone,0.4250805974006653,0.17964136973023415,natural_swap_mae,0.0826771929860115,12,adamw,0.0987640225658054,0
C64-d16-L2-H1-m4-ffnnone,0.3546549081802368,0.08224286239904662,natural_swap_mse,0.013321555219590664,12,adamw,0.0994934730711648,0
C64-d16-L2-H1-m4-ffnnone,1.060458242893219,0.9784999762972196,ov_distractor_gain,0.8880262076854706,12,adamw,0.05698225195019544,0
C64-d16-L2-H1-m4-ffnnone,0.2227317839860916,0.0031004430105288825,ov_log_target_over_distractor_gain,-0.21174097806215286,12,adamw,0.13739252363245116,0
C64-d16-L2-H1-m4-ffnnone,1.2522376775741577,0.9815816233555476,ov_target_gain,0.748261034488678,12,adamw,0.15961120650389238,0
C64-d16-L2-H1-m4-ffnnone,0.24842790514230728,0.2241957069685062,qk_cancellation_fraction,0.19280102103948593,12,adamw,0.017964513339127318,0
C64-d16-L2-H1-m4-ffnnone,0.12412598729133606,0.032951106530769415,qk_content_energy,0.006419843761250377,12,adamw,0.03689188142892161,0
C64-d16-L2-H1-m4-ffnnone,0.031839560717344284,-0.0006050969532225281,qk_content_signed,-0.021247624419629574,12,adamw,0.014569065395299757,0
C64-d16-L2-H1-m4-ffnnone,0.5283203125,0.4969075520833333,qk_opposition_rate,0.4453125,12,adamw,0.02383668596986922,0
C64-d16-L2-H1-m4-ffnnone,0.011436309665441513,0.0028223148680505497,qk_route_signed,-0.004913568962365389,12,adamw,0.004380486168484392,0
C64-d16-L2-H1-m4-ffnnone,-0.21765955165028572,-0.35648695286363363,qk_suppression_log_ratio,-0.4656028151512146,12,adamw,0.08565436944942918,0
C64-d16-L2-H1-m4-ffnnone,0.0432758703827858,0.0022172180955143026,qk_total_signed,-0.0261611919850111,12,adamw,0.018039307907077574,0
C64-d16-L2-H1-m4-ffnnone,2.4566550254821777,0.9795263310273489,risk,0.4884580969810486,12,adamw,0.6006485200378127,0
C64-d16-L2-H1-m4-ffnnone,0.17481321096420288,0.03561006455371777,target_key_effect,-0.20869995653629303,12,adamw,0.1151078057481953,0
C64-d16-L2-H1-m4-ffnnone,0.3491666913032532,0.04044654220342636,value_flip_effect,-0.23428556323051453,12,adamw,0.15233620784936142,0
C64-d16-L2-H1-m4-ffnnone,3.6239051818847656,0.898630402982235,walsh_bias_energy,0.16407468914985657,12,adamw,1.105068214966823,0
C64-d16-L2-H1-m4-ffnnone,0.6057766675949097,0.13356146255197623,walsh_distractor_direct_energy,0.010842635296285152,12,adamw,0.16907269417591284,0
C64-d16-L2-H1-m4-ffnnone,0.024585526436567307,0.008492074441164732,walsh_interaction_energy,0.0014091504272073507,12,adamw,0.0072288820450692876,0
C64-d16-L2-H1-m4-ffnnone,0.35008925199508667,0.04023675977562865,walsh_target_coefficient,-0.22874310612678528,12,adamw,0.1516860224968507,0
C64-d16-L2-H1-m4-ffnnone,1.5276005268096924,0.9575672745704651,walsh_target_error_energy,0.4811123013496399,12,adamw,0.2836575091316046,0
C64-d16-L2-H1-m4-ffnnone,5.136487007141113,1.9982511401176453,walsh_total_error_energy,1.011592984199524,12,adamw,1.2418351069635658,0
C64-d16-L2-H1-m4-ffnnone,0.4858236014842987,0.2927803910570219,attention_key_selectivity,0.007006270345300436,12,adamw,0.15724796021091805,50
C64-d16-L2-H1-m4-ffnnone,0.22312483191490173,0.10347058887903889,attention_mean_distractor_mass,0.05117016099393368,12,adamw,0.05093768088314807,50
C64-d16-L2-H1-m4-ffnnone,0.42891131341457367,0.29333726533999044,attention_self_mass,0.10049443319439888,12,adamw,0.0910277839748174,50
C64-d16-L2-H1-m4-ffnnone,0.5439360737800598,0.3962509750078122,attention_target_mass,0.2301310896873474,12,adamw,0.11328178318127596,50
C64-d16-L2-H1-m4-ffnnone,2.996534824371338,1.5750558711588383,attention_target_over_distractor_log_margin,-0.8711110353469849,12,adamw,1.155753347945044,50
C64-d16-L2-H1-m4-ffnnone,0.994140625,0.921875,donor_accuracy,0.7421875,12,adamw,0.08692054607456495,50
C64-d16-L2-H1-m4-ffnnone,0.3570973873138428,0.12415810100113352,donor_risk,0.02071481943130493,12,adamw,0.1138307778264766,50
C64-d16-L2-H1-m4-ffnnone,0.9161022305488586,0.8270600338776907,embedding_coherence,0.7299454808235168,12,adamw,0.04611522902296205,50
C64-d16-L2-H1-m4-ffnnone,12.162941932678223,9.557605465253195,embedding_effective_rank,7.796020984649658,12,adamw,1.0865400084950652,50
C64-d16-L2-H1-m4-ffnnone,0.994140625,0.9181315104166666,function_accuracy,0.69921875,12,adamw,0.09214362073457938,50
C64-d16-L2-H1-m4-ffnnone,0.14747002720832825,0.09416378041108449,natural_swap_mae,0.038699567317962646,12,adamw,0.032574620093635424,50
C64-d16-L2-H1-m4-ffnnone,0.05969371274113655,0.0338078069811066,natural_swap_mse,0.008540239185094833,12,adamw,0.016331090438385026,50
C64-d16-L2-H1-m4-ffnnone,1.349639117717743,1.1221559618910153,ov_distractor_gain,0.9582464098930359,12,adamw,0.11932359357606334,50
C64-d16-L2-H1-m4-ffnnone,0.9794052541255951,0.5515532127271096,ov_log_target_over_distractor_gain,0.17534208297729492,12,adamw,0.18871176284958316,50
C64-d16-L2-H1-m4-ffnnone,2.6516307592391968,1.9781267146269481,ov_target_gain,1.3504236340522766,12,adamw,0.3536762040652391,50
C64-d16-L2-H1-m4-ffnnone,0.26949310302734375,0.2367557833592097,qk_cancellation_fraction,0.19713295996189117,12,adamw,0.02366420323076965,50
C64-d16-L2-H1-m4-ffnnone,0.007448351942002773,0.0028812831466590674,qk_content_energy,0.00041088569560088217,12,adamw,0.0022344704699434332,50
C64-d16-L2-H1-m4-ffnnone,0.0037319406401365995,0.0003037602352075434,qk_content_signed,-0.0021374025964178145,12,adamw,0.0017653203263232496,50
C64-d16-L2-H1-m4-ffnnone,0.55859375,0.5068359375,qk_opposition_rate,0.4404296875,12,adamw,0.03586427972003129,50
C64-d16-L2-H1-m4-ffnnone,0.003592409804696217,-0.0004886981041636318,qk_route_signed,-0.0035441460786387324,12,adamw,0.0021293143566139395,50
C64-d16-L2-H1-m4-ffnnone,-0.6108520831912756,-1.3578879366007943,qk_suppression_log_ratio,-1.881043255329132,12,adamw,0.39145675385808826,50
C64-d16-L2-H1-m4-ffnnone,0.004777415655553341,-0.00018493765189001957,qk_total_signed,-0.005345074459910393,12,adamw,0.003024144258784491,50
C64-d16-L2-H1-m4-ffnnone,0.3660975694656372,0.12381618951136868,risk,0.017568903043866158,12,adamw,0.1135296788112215,50
C64-d16-L2-H1-m4-ffnnone,1.0069546699523926,0.7448091556628545,target_key_effect,0.17897936701774597,12,adamw,0.2531504102010309,50
C64-d16-L2-H1-m4-ffnnone,0.9559162259101868,0.7588445395231247,value_flip_effect,0.2344599962234497,12,adamw,0.23796648816364224,50
C64-d16-L2-H1-m4-ffnnone,0.041582703590393066,0.014979755079063276,walsh_bias_energy,0.006133216433227062,12,adamw,0.00939278533694108,50
C64-d16-L2-H1-m4-ffnnone,0.18196728825569153,0.08800207303526501,walsh_distractor_direct_energy,0.010787581093609333,12,adamw,0.06330429004464211,50
C64-d16-L2-H1-m4-ffnnone,0.013070326298475266,0.007579330219111095,walsh_interaction_energy,0.0032869649585336447,12,adamw,0.0033649490666454816,50
C64-d16-L2-H1-m4-ffnnone,0.9583181142807007,0.758884534239769,walsh_target_coefficient,0.22991502285003662,12,adamw,0.24009638684358076,50
C64-d16-L2-H1-m4-ffnnone,0.5953382253646851,0.13971153716556728,walsh_target_error_energy,0.011641768738627434,12,adamw,0.18213150389023336,50
C64-d16-L2-H1-m4-ffnnone,0.7821207642555237,0.2502726962169011,walsh_total_error_energy,0.034360527992248535,12,adamw,0.23825338119124895,50
C64-d16-L2-H1-m4-ffnnone,0.6504784822463989,0.4959271679011484,attention_key_selectivity,0.024582570418715477,12,adamw,0.15883890762514152,100
C64-d16-L2-H1-m4-ffnnone,0.20128055661916733,0.0634918559808284,attention_mean_distractor_mass,0.019249609671533108,12,adamw,0.046968310523504725,100
C64-d16-L2-H1-m4-ffnnone,0.3473129943013191,0.25010541019340354,attention_self_mass,0.17029520124197006,12,adamw,0.05965346710480026,100
C64-d16-L2-H1-m4-ffnnone,0.6697280704975128,0.5594190284609795,attention_target_mass,0.22586312890052795,12,adamw,0.11486477108931958,100
C64-d16-L2-H1-m4-ffnnone,4.948479175567627,3.482862811225156,attention_target_over_distractor_log_margin,-0.9160108454525471,12,adamw,1.4719654461468983,100
C64-d16-L2-H1-m4-ffnnone,1.0,0.9791666666666666,donor_accuracy,0.767578125,12,adamw,0.06669978850651212,100
C64-d16-L2-H1-m4-ffnnone,0.3131791949272156,0.02913819932534049,donor_risk,0.00043021945748478174,12,adamw,0.08951935133515561,100
C64-d16-L2-H1-m4-ffnnone,0.9260850548744202,0.8496463696161906,embedding_coherence,0.7542816996574402,12,adamw,0.04549588410195424,100
C64-d16-L2-H1-m4-ffnnone,11.309944152832031,8.830293575922648,embedding_effective_rank,7.708126544952393,12,adamw,1.0135577958510675,100
C64-d16-L2-H1-m4-ffnnone,1.0,0.9794921875,function_accuracy,0.76171875,12,adamw,0.06859233842899418,100
C64-d16-L2-H1-m4-ffnnone,0.08274506032466888,0.01906406336153547,natural_swap_mae,0.005020428914576769,12,adamw,0.020871029216333617,100
C64-d16-L2-H1-m4-ffnnone,0.014869993552565575,0.00397229348042553,natural_swap_mse,0.00015582569176331162,12,adamw,0.0052461517260987784,100
C64-d16-L2-H1-m4-ffnnone,1.3965903520584106,1.078584146996339,ov_distractor_gain,0.9213233590126038,12,adamw,0.12577437983272224,100
C64-d16-L2-H1-m4-ffnnone,1.258162796497345,0.9361093937962627,ov_log_target_over_distractor_gain,0.6193091571331024,12,adamw,0.21045816154374714,100
C64-d16-L2-H1-m4-ffnnone,3.652706265449524,2.8696168710788093,ov_target_gain,2.1949493288993835,12,adamw,0.4558157300112513,100
C64-d16-L2-H1-m4-ffnnone,0.28942224383354187,0.24160736799240112,qk_cancellation_fraction,0.17431850731372833,12,adamw,0.03246318839771261,100
C64-d16-L2-H1-m4-ffnnone,0.006601272616535425,0.0006986947702785073,qk_content_energy,1.1249581120864605e-05,12,adamw,0.0018640718948320105,100
C64-d16-L2-H1-m4-ffnnone,0.0006740924727637321,8.711096158246316e-05,qk_content_signed,-0.00034959358163177967,12,adamw,0.0003001544365791298,100
C64-d16-L2-H1-m4-ffnnone,0.5576171875,0.514892578125,qk_opposition_rate,0.4365234375,12,adamw,0.03518613835648706,100
C64-d16-L2-H1-m4-ffnnone,0.0034089102409780025,-8.936666169271727e-05,qk_route_signed,-0.0014974463265389204,12,adamw,0.0013050629459167994,100
C64-d16-L2-H1-m4-ffnnone,-0.7301274389028549,-1.2269338605304558,qk_suppression_log_ratio,-2.098104476928711,12,adamw,0.4088700561343316,100
C64-d16-L2-H1-m4-ffnnone,0.0030593170085921884,-2.2556162851590975e-06,qk_total_signed,-0.001397314976202324,12,adamw,0.0012618538177331785,100
C64-d16-L2-H1-m4-ffnnone,0.3160339593887329,0.028340822076036904,risk,0.00039733745506964624,12,adamw,0.09062060747416714,100
C64-d16-L2-H1-m4-ffnnone,1.0773487091064453,0.9307495802640915,target_key_effect,0.26173555850982666,12,adamw,0.21380940226598674,100
C64-d16-L2-H1-m4-ffnnone,1.0051852464675903,0.939542884627978,value_flip_effect,0.30720651149749756,12,adamw,0.19922683293765808,100
C64-d16-L2-H1-m4-ffnnone,0.018105000257492065,0.0027642428855566927,walsh_bias_energy,0.0005676039727404714,12,adamw,0.004892032429148638,100
C64-d16-L2-H1-m4-ffnnone,0.1605674922466278,0.014703730378338756,walsh_distractor_direct_energy,0.000284445530269295,12,adamw,0.04594387147185692,100
C64-d16-L2-H1-m4-ffnnone,0.010450953617691994,0.0017775343537020187,walsh_interaction_energy,0.0001980084925889969,12,adamw,0.0028230593520489683,100
C64-d16-L2-H1-m4-ffnnone,1.0066170692443848,0.9390958448251089,walsh_target_coefficient,0.303716778755188,12,adamw,0.20017583635258543,100
C64-d16-L2-H1-m4-ffnnone,0.4939948320388794,0.042677944962633774,walsh_target_error_energy,0.0004023697692900896,12,adamw,0.14213070231356667,100
C64-d16-L2-H1-m4-ffnnone,0.6831182837486267,0.06192345304104189,walsh_total_error_energy,0.001588884275406599,12,adamw,0.1956476444466575,100
C64-d16-L2-H1-m4-ffnnone,0.7641637921333313,0.571737731496493,attention_key_selectivity,0.41923725605010986,12,adamw,0.08188848733852747,400
C64-d16-L2-H1-m4-ffnnone,0.07067423313856125,0.043730214956061296,attention_mean_distractor_mass,0.01621962944045663,12,adamw,0.02032159117365498,400
C64-d16-L2-H1-m4-ffnnone,0.3963956832885742,0.25334141884619993,attention_self_mass,0.15903572738170624,12,adamw,0.07974188543622063,400
C64-d16-L2-H1-m4-ffnnone,0.7803833782672882,0.6154679413884878,attention_target_mass,0.4750879630446434,12,adamw,0.07334904985921704,400
C64-d16-L2-H1-m4-ffnnone,5.7046167850494385,4.578713769714038,attention_target_over_distractor_log_margin,4.202964901924133,12,adamw,0.4444959546687386,400
C64-d16-L2-H1-m4-ffnnone,1.0,1.0,donor_accuracy,1.0,12,adamw,0.0,400
C64-d16-L2-H1-m4-ffnnone,0.0006771530024707317,0.00019646493001346244,donor_risk,4.9339698307449e-05,12,adamw,0.00019597827159412615,400
C64-d16-L2-H1-m4-ffnnone,0.9262653589248657,0.8584847003221512,embedding_coherence,0.8191156983375549,12,adamw,0.03080177571956631,400
C64-d16-L2-H1-m4-ffnnone,9.723454475402832,8.538112878799438,embedding_effective_rank,7.196825981140137,12,adamw,0.7746474258504252,400
C64-d16-L2-H1-m4-ffnnone,1.0,0.9996744791666666,function_accuracy,0.998046875,12,adamw,0.0007602528751577373,400
C64-d16-L2-H1-m4-ffnnone,0.009099531918764114,0.003954700912193705,natural_swap_mae,0.0017048767767846584,12,adamw,0.0023037928831614895,400
C64-d16-L2-H1-m4-ffnnone,0.0060714674182236195,0.0008574840174636241,natural_swap_mse,7.865030056564137e-06,12,adamw,0.001956108828269917,400
C64-d16-L2-H1-m4-ffnnone,1.3359667658805847,1.0517321427663167,ov_distractor_gain,0.87077796459198,12,adamw,0.12100483828538168,400
C64-d16-L2-H1-m4-ffnnone,1.4413692355155945,1.1663332362659276,ov_log_target_over_distractor_gain,0.7377408593893051,12,adamw,0.20388361500261967,400
C64-d16-L2-H1-m4-ffnnone,4.348912954330444,3.6717337667942047,ov_target_gain,2.7005594968795776,12,adamw,0.5700814140003315,400
C64-d16-L2-H1-m4-ffnnone,0.29957789182662964,0.25611980445683,qk_cancellation_fraction,0.20373877882957458,12,adamw,0.0293727532356068,400
C64-d16-L2-H1-m4-ffnnone,9.14740958251059e-05,2.3143440580260705e-05,qk_content_energy,2.540783967219795e-06,12,adamw,2.636480098889038e-05,400
C64-d16-L2-H1-m4-ffnnone,0.0003106385756836971,-2.0272856393906597e-05,qk_content_signed,-0.0004381040344014764,12,adamw,0.00019082066343883007,400
C64-d16-L2-H1-m4-ffnnone,0.58984375,0.5336100260416666,qk_opposition_rate,0.4755859375,12,adamw,0.03262483731712812,400
C64-d16-L2-H1-m4-ffnnone,0.00025079814076889306,-0.00044032289497408783,qk_route_signed,-0.0031316454405896366,12,adamw,0.0009362638734821027,400
C64-d16-L2-H1-m4-ffnnone,-0.5001923777163029,-0.9380358979105949,qk_suppression_log_ratio,-1.8554336428642273,12,adamw,0.3735074584243558,400
C64-d16-L2-H1-m4-ffnnone,0.00033714761229930446,-0.00046059574333412456,qk_total_signed,-0.003569749416783452,12,adamw,0.0010931531926522179,400
C64-d16-L2-H1-m4-ffnnone,0.004276826046407223,0.000656177551112099,risk,4.8124165914487094e-05,12,adamw,0.0012919535972349336,400
C64-d16-L2-H1-m4-ffnnone,1.0489345788955688,1.0029705613851547,target_key_effect,0.9618692398071289,12,adamw,0.031606175178299035,400
C64-d16-L2-H1-m4-ffnnone,1.0009835958480835,0.999286875128746,value_flip_effect,0.9933464527130127,12,adamw,0.0020075816643406294,400
C64-d16-L2-H1-m4-ffnnone,0.0013137785717844963,0.00018679445035256018,walsh_bias_energy,2.507252611394506e-05,12,adamw,0.000362256846449613,400
C64-d16-L2-H1-m4-ffnnone,0.000771230726968497,0.00013132264234627655,walsh_distractor_direct_energy,6.468263563874643e-06,12,adamw,0.00022174217368801246,400
C64-d16-L2-H1-m4-ffnnone,0.0006952410913072526,0.00010997333977987485,walsh_interaction_energy,7.174558959377464e-06,12,adamw,0.00019814143068425162,400
C64-d16-L2-H1-m4-ffnnone,1.0013049840927124,0.9995800703763962,walsh_target_coefficient,0.994943380355835,12,adamw,0.0016976324074606467,400
C64-d16-L2-H1-m4-ffnnone,0.001515862881205976,0.00022553832999013443,walsh_target_error_energy,3.670222213258967e-05,12,adamw,0.0004164107902050687,400
C64-d16-L2-H1-m4-ffnnone,0.004296113736927509,0.0006536288025624041,walsh_total_error_energy,8.889470336725935e-05,12,adamw,0.0011917826769451368,400
C64-d16-L2-H4-m4-ffn32,-0.0001703526359051466,-0.005952904126994933,attention_key_selectivity,-0.010973533615469933,12,adamw,0.004374482580685449,0
C64-d16-L2-H4-m4-ffn32,0.20835356786847115,0.19812767254188657,attention_mean_distractor_mass,0.159251119941473,12,adamw,0.012941344861112734,0
C64-d16-L2-H4-m4-ffn32,0.3732203505933285,0.2134422294329852,attention_self_mass,0.17668567411601543,12,adamw,0.05284234246345066,0
C64-d16-L2-H4-m4-ffn32,0.2047306876629591,0.19217476838578781,attention_target_mass,0.14902628771960735,12,adamw,0.014491214907362167,0
C64-d16-L2-H4-m4-ffn32,-0.08620803849771619,-0.18713068034655103,attention_target_over_distractor_log_margin,-0.32610228657722473,12,adamw,0.06544751834502006,0
C64-d16-L2-H4-m4-ffn32,0.552734375,0.4947916666666667,donor_accuracy,0.392578125,12,adamw,0.04802487986631765,0
C64-d16-L2-H4-m4-ffn32,1.4279558658599854,0.9440067484974861,donor_risk,0.4938376843929291,12,adamw,0.30761195389747553,0
C64-d16-L2-H4-m4-ffn32,0.8422908782958984,0.7656993369261423,embedding_coherence,0.6933339834213257,12,adamw,0.044349480571403775,0
C64-d16-L2-H4-m4-ffn32,13.330070495605469,12.694633960723877,embedding_effective_rank,12.324060440063477,12,adamw,0.28481108998502735,0
C64-d16-L2-H4-m4-ffn32,0.009864652412943542,-0.0034150237382467217,ffn_branch_signed,-0.014658323489129543,12,adamw,0.00959069766591672,0
C64-d16-L2-H4-m4-ffn32,0.42325881123542786,0.29645981018741924,ffn_cancellation_fraction,0.2022372931241989,12,adamw,0.07306017982289537,0
C64-d16-L2-H4-m4-ffn32,0.69140625,0.526611328125,ffn_opposition_rate,0.3779296875,12,adamw,0.10690419959743523,0
C64-d16-L2-H4-m4-ffn32,0.02599105704575777,-0.0055902782623888925,ffn_skip_signed,-0.038608623668551445,12,adamw,0.01804079563768572,0
C64-d16-L2-H4-m4-ffn32,0.03187863901257515,-0.009005301767804971,ffn_total_signed,-0.053266944363713264,12,adamw,0.026822123005173674,0
C64-d16-L2-H4-m4-ffn32,0.5625,0.5021158854166666,function_accuracy,0.412109375,12,adamw,0.042729660990588496,0
C64-d16-L2-H4-m4-ffn32,0.44886514544487,0.19514277670532465,natural_swap_mae,0.06143183633685112,12,adamw,0.10063346329751667,0
C64-d16-L2-H4-m4-ffn32,0.3704490065574646,0.09143134660553187,natural_swap_mse,0.0067833648063242435,12,adamw,0.09876981966994552,0
C64-d16-L2-H4-m4-ffn32,0.5029970444738865,0.4708399061734478,ov_distractor_gain,0.4428410306572914,12,adamw,0.01931369829875286,0
C64-d16-L2-H4-m4-ffn32,0.13905100664123893,-0.018143117689760402,ov_log_target_over_distractor_gain,-0.2716910489834845,12,adamw,0.14655471428026773,0
C64-d16-L2-H4-m4-ffn32,0.5491875447332859,0.46208347100764513,ov_target_gain,0.3670795410871506,12,adamw,0.05590165281704832,0
C64-d16-L2-H4-m4-ffn32,0.23352963477373123,0.22392652292425433,qk_cancellation_fraction,0.2034523580223322,12,adamw,0.008016700347476279,0
C64-d16-L2-H4-m4-ffn32,0.036433755536563694,0.009534932961287268,qk_content_energy,0.0008440669953415636,12,adamw,0.009175452494328275,0
C64-d16-L2-H4-m4-ffn32,0.002996521187014878,-0.0018816962641115726,qk_content_signed,-0.007980092370416969,12,adamw,0.0035670692998971665,0
C64-d16-L2-H4-m4-ffn32,0.519287109375,0.5075276692708334,qk_opposition_rate,0.494140625,12,adamw,0.007281058715895504,0
C64-d16-L2-H4-m4-ffn32,0.001185764922411181,-0.0005003742230655917,qk_route_signed,-0.002805204188916832,12,adamw,0.001316508600859952,0
C64-d16-L2-H4-m4-ffn32,-0.1431861179880798,-0.23916501454853764,qk_suppression_log_ratio,-0.35770563781261444,12,adamw,0.06132926603369083,0
C64-d16-L2-H4-m4-ffn32,0.0034035219068755396,-0.0023820705855541746,qk_total_signed,-0.009043873636983335,12,adamw,0.0040086878661631615,0
C64-d16-L2-H4-m4-ffn32,1.431565284729004,0.9364458446701368,risk,0.4940928518772125,12,adamw,0.30408741270371875,0
C64-d16-L2-H4-m4-ffn32,0.08666309714317322,0.000946366460993886,target_key_effect,-0.17534410953521729,12,adamw,0.07826361493413189,0
C64-d16-L2-H4-m4-ffn32,0.11630244553089142,0.014365252427523956,value_flip_effect,-0.1736856997013092,12,adamw,0.0970156403210276,0
C64-d16-L2-H4-m4-ffn32,1.4531104564666748,0.7936432547867298,walsh_bias_energy,0.06176523119211197,12,adamw,0.5347677078647811,0
C64-d16-L2-H4-m4-ffn32,0.19941341876983643,0.06587348195413749,walsh_distractor_direct_energy,0.009544143453240395,12,adamw,0.054416310027976665,0
C64-d16-L2-H4-m4-ffn32,0.029740191996097565,0.010408335816464387,walsh_interaction_energy,0.0007744196918793023,12,adamw,0.00846455412600399,0
C64-d16-L2-H4-m4-ffn32,0.11645720899105072,0.015295753498018408,walsh_target_coefficient,-0.16642507910728455,12,adamw,0.09514932908851696,0
C64-d16-L2-H4-m4-ffn32,1.3989874124526978,0.9901502579450607,walsh_target_error_energy,0.7912204265594482,12,adamw,0.2018757059754115,0
C64-d16-L2-H4-m4-ffn32,2.6724801063537598,1.8600753446420033,walsh_total_error_energy,1.0044987201690674,12,adamw,0.5895631546243555,0
C64-d16-L2-H4-m4-ffn32,0.22896604239940643,0.10218195958683889,attention_key_selectivity,0.008095204830169678,12,adamw,0.06805619167848816,50
C64-d16-L2-H4-m4-ffn32,0.2013292759656906,0.1700858707384517,attention_mean_distractor_mass,0.13341664243489504,12,adamw,0.022688242722286985,50
C64-d16-L2-H4-m4-ffn32,0.2774211522191763,0.21747457414555052,attention_self_mass,0.15498988050967455,12,adamw,0.03553825861883384,50
C64-d16-L2-H4-m4-ffn32,0.36238267831504345,0.2722678290059169,attention_target_mass,0.20942448265850544,12,adamw,0.04738361061009897,50
C64-d16-L2-H4-m4-ffn32,1.3410451535601169,0.3563807226746576,attention_target_over_distractor_log_margin,-0.2136193488840945,12,adamw,0.47739622098107537,50
C64-d16-L2-H4-m4-ffn32,0.98828125,0.87548828125,donor_accuracy,0.74609375,12,adamw,0.07882817867176523,50
C64-d16-L2-H4-m4-ffn32,0.3340565264225006,0.18299381900578737,donor_risk,0.026539932936429977,12,adamw,0.1042547461113997,50
C64-d16-L2-H4-m4-ffn32,0.8803436756134033,0.8078701396783193,embedding_coherence,0.7251238226890564,12,adamw,0.05251712746434785,50
C64-d16-L2-H4-m4-ffn32,12.1683349609375,10.033120473225912,embedding_effective_rank,8.181318283081055,12,adamw,1.2448205966849484,50
C64-d16-L2-H4-m4-ffn32,0.0099775071721524,0.0001143578107682212,ffn_branch_signed,-0.00498980563133955,12,adamw,0.004083985485668477,50
C64-d16-L2-H4-m4-ffn32,0.29181432723999023,0.19729354263593754,ffn_cancellation_fraction,0.13179078698158264,12,adamw,0.048467545981333515,50
C64-d16-L2-H4-m4-ffn32,0.5712890625,0.4239095052083333,ffn_opposition_rate,0.2890625,12,adamw,0.07032909261751516,50
C64-d16-L2-H4-m4-ffn32,0.013144939672201872,-0.0005741709028370678,ffn_skip_signed,-0.01039382116869092,12,adamw,0.006806458301654968,50
C64-d16-L2-H4-m4-ffn32,0.023122446611523628,-0.0004598130132459725,ffn_total_signed,-0.01538362680003047,12,adamw,0.010235919982581266,50
C64-d16-L2-H4-m4-ffn32,0.984375,0.87109375,function_accuracy,0.74609375,12,adamw,0.08124112167401601,50
C64-d16-L2-H4-m4-ffn32,0.16818767786026,0.10853989453365405,natural_swap_mae,0.04955781623721123,12,adamw,0.03707238749351171,50
C64-d16-L2-H4-m4-ffn32,0.09460067749023438,0.04209245423165461,natural_swap_mse,0.004340688697993755,12,adamw,0.027214041194916133,50
C64-d16-L2-H4-m4-ffn32,0.5667411014437675,0.5177752180024981,ov_distractor_gain,0.46235978975892067,12,adamw,0.03012777764233208,50
C64-d16-L2-H4-m4-ffn32,0.5865586921572685,0.42838059982750565,ov_log_target_over_distractor_gain,0.2540054451674223,12,adamw,0.10372776787712087,50
C64-d16-L2-H4-m4-ffn32,0.9616458751261234,0.8152134524037441,ov_target_gain,0.7098849974572659,12,adamw,0.06481205049946369,50
C64-d16-L2-H4-m4-ffn32,0.25883324444293976,0.23346759052947164,qk_cancellation_fraction,0.20853424444794655,12,adamw,0.014806422529487658,50
C64-d16-L2-H4-m4-ffn32,0.001963112114026444,0.0009958862974409992,qk_content_energy,0.00019807124090220896,12,adamw,0.0006121142046360253,50
C64-d16-L2-H4-m4-ffn32,0.003048119804589078,0.0004060021088510742,qk_content_signed,-0.0005957167304586619,12,adamw,0.0010338243434071628,50
C64-d16-L2-H4-m4-ffn32,0.5361328125,0.50921630859375,qk_opposition_rate,0.478515625,12,adamw,0.016989714343861786,50
C64-d16-L2-H4-m4-ffn32,0.001917609290103428,-0.0004793784079879515,qk_route_signed,-0.003413921716855839,12,adamw,0.0016311919827870335,50
C64-d16-L2-H4-m4-ffn32,-0.4182373434305191,-0.7942905428644735,qk_suppression_log_ratio,-1.1981292068958282,12,adamw,0.24845024644760322,50
C64-d16-L2-H4-m4-ffn32,0.0026605291495798156,-7.337628153436526e-05,qk_total_signed,-0.003874517780786846,12,adamw,0.0018527141391277476,50
C64-d16-L2-H4-m4-ffn32,0.33263301849365234,0.18254580860957503,risk,0.02974785305559635,12,adamw,0.10364550870859239,50
C64-d16-L2-H4-m4-ffn32,0.9759832620620728,0.617363008360068,target_key_effect,0.2784406244754791,12,adamw,0.22434679946426964,50
C64-d16-L2-H4-m4-ffn32,0.9614872932434082,0.6294579456249872,value_flip_effect,0.30711930990219116,12,adamw,0.21909827696898798,50
C64-d16-L2-H4-m4-ffn32,0.04036107286810875,0.018871952740785975,walsh_bias_energy,0.006314505357295275,12,adamw,0.009549269272370802,50
C64-d16-L2-H4-m4-ffn32,0.2250054031610489,0.1348831101010243,walsh_distractor_direct_energy,0.02426101639866829,12,adamw,0.07238477115308059,50
C64-d16-L2-H4-m4-ffn32,0.019512798637151718,0.01129112885488818,walsh_interaction_energy,0.003306550905108452,12,adamw,0.005514106729623572,50
C64-d16-L2-H4-m4-ffn32,0.9546689391136169,0.6292364646991094,walsh_target_coefficient,0.3098934590816498,12,adamw,0.2175722461979076,50
C64-d16-L2-H4-m4-ffn32,0.47806963324546814,0.21058085017527142,walsh_target_error_energy,0.021098244935274124,12,adamw,0.14849697740657247,50
C64-d16-L2-H4-m4-ffn32,0.7126799821853638,0.3756270402421554,walsh_total_error_energy,0.06566236913204193,12,adamw,0.21505418353528383,50
C64-d16-L2-H4-m4-ffn32,0.29353389143943787,0.22220195829868317,attention_key_selectivity,0.1418495625257492,12,adamw,0.043972908383119215,100
C64-d16-L2-H4-m4-ffn32,0.15578414406627417,0.13324545294744894,attention_mean_distractor_mass,0.10061399172991514,12,adamw,0.01674652744072487,100
C64-d16-L2-H4-m4-ffn32,0.32074291724711657,0.24481623619794846,attention_self_mass,0.1978565463796258,12,adamw,0.03910203031012362,100
C64-d16-L2-H4-m4-ffn32,0.41996877267956734,0.3554474162713935,attention_target_mass,0.2976337093859911,12,adamw,0.031482000669030744,100
C64-d16-L2-H4-m4-ffn32,1.7095709759742022,1.2150582722388208,attention_target_over_distractor_log_margin,0.5640317350625992,12,adamw,0.3623244615647216,100
C64-d16-L2-H4-m4-ffn32,0.998046875,0.9910481770833334,donor_accuracy,0.9765625,12,adamw,0.0056150735422454455,100
C64-d16-L2-H4-m4-ffn32,0.03397241607308388,0.01550519117154181,donor_risk,0.003930119797587395,12,adamw,0.008631892370910452,100
C64-d16-L2-H4-m4-ffn32,0.9100258350372314,0.8432428389787674,embedding_coherence,0.7956355214118958,12,adamw,0.03170880324798736,100
C64-d16-L2-H4-m4-ffn32,9.13987922668457,7.975176692008972,embedding_effective_rank,6.810347080230713,12,adamw,0.6637568741902671,100
C64-d16-L2-H4-m4-ffn32,0.008172401459887624,-0.0013290899199394819,ffn_branch_signed,-0.006600027583772317,12,adamw,0.004750437179537179,100
C64-d16-L2-H4-m4-ffn32,0.4387309104204178,0.34849996988972026,ffn_cancellation_fraction,0.22036674618721008,12,adamw,0.06541014903488938,100
C64-d16-L2-H4-m4-ffn32,0.7275390625,0.6334635416666666,ffn_opposition_rate,0.4697265625,12,adamw,0.07337444655704112,100
C64-d16-L2-H4-m4-ffn32,0.012235206086188555,-0.0008809873943391722,ffn_skip_signed,-0.012420015409588814,12,adamw,0.006437063061592406,100
C64-d16-L2-H4-m4-ffn32,0.02040760824456811,-0.0022100773615723788,ffn_total_signed,-0.018835446797311306,12,adamw,0.010995886233606275,100
C64-d16-L2-H4-m4-ffn32,0.998046875,0.99072265625,function_accuracy,0.98046875,12,adamw,0.0055944487763452235,100
C64-d16-L2-H4-m4-ffn32,0.09276537597179413,0.04346096764008204,natural_swap_mae,0.019163895398378372,12,adamw,0.02184143549036792,100
C64-d16-L2-H4-m4-ffn32,0.04014021158218384,0.018439743163374562,natural_swap_mse,0.007547848392277956,12,adamw,0.010802309488295057,100
C64-d16-L2-H4-m4-ffn32,0.5606950595974922,0.508418656575183,ov_distractor_gain,0.4652010537683964,12,adamw,0.030674028078621823,100
C64-d16-L2-H4-m4-ffn32,0.6768204364925623,0.5052689490257762,ov_log_target_over_distractor_gain,0.3461824716068804,12,adamw,0.11489481933275132,100
C64-d16-L2-H4-m4-ffn32,1.0168013088405132,0.9171987632289529,ov_target_gain,0.7649896144866943,12,adamw,0.07010453693818394,100
C64-d16-L2-H4-m4-ffn32,0.263555197045207,0.23476212983950973,qk_cancellation_fraction,0.2210436649620533,12,adamw,0.013745123402636828,100
C64-d16-L2-H4-m4-ffn32,0.0008102398151095258,0.0002999221171364752,qk_content_energy,2.716774872624228e-05,12,adamw,0.00025821571652681884,100
C64-d16-L2-H4-m4-ffn32,0.001048195948897046,0.00017548823010808215,qk_content_signed,-0.00011152944125569775,12,adamw,0.0003175002640092062,100
C64-d16-L2-H4-m4-ffn32,0.5439453125,0.5206095377604166,qk_opposition_rate,0.50244140625,12,adamw,0.013914441795930623,100
C64-d16-L2-H4-m4-ffn32,0.00457707541045238,-0.0004229803402419445,qk_route_signed,-0.0029299522439032444,12,adamw,0.002174514880480802,100
C64-d16-L2-H4-m4-ffn32,-0.725391449406743,-0.866433796424341,qk_suppression_log_ratio,-1.0561599042266607,12,adamw,0.09390939350018596,100
C64-d16-L2-H4-m4-ffn32,0.004471104646654567,-0.0002474920767857232,qk_total_signed,-0.002803022273837996,12,adamw,0.0022830748468260225,100
C64-d16-L2-H4-m4-ffn32,0.029095813632011414,0.01566316212605064,risk,0.003400781424716115,12,adamw,0.008643879448804456,100
C64-d16-L2-H4-m4-ffn32,1.0399423837661743,0.9647737642129263,target_key_effect,0.8953709602355957,12,adamw,0.05175921362397952,100
C64-d16-L2-H4-m4-ffn32,1.0006756782531738,0.9773539900779724,value_flip_effect,0.941716194152832,12,adamw,0.017436764446678504,100
C64-d16-L2-H4-m4-ffn32,0.009659083560109138,0.005041364483380069,walsh_bias_energy,0.0017324641812592745,12,adamw,0.0028142636471864854,100
C64-d16-L2-H4-m4-ffn32,0.023333411663770676,0.011103002082866928,walsh_distractor_direct_energy,0.002728971652686596,12,adamw,0.007016079640174433,100
C64-d16-L2-H4-m4-ffn32,0.014453662559390068,0.00618701009079814,walsh_interaction_energy,0.0018857677932828665,12,adamw,0.003533202245675679,100
C64-d16-L2-H4-m4-ffn32,0.9987106323242188,0.9765245715777079,walsh_target_coefficient,0.942310094833374,12,adamw,0.017669177799302067,100
C64-d16-L2-H4-m4-ffn32,0.019258342683315277,0.009129603082935015,walsh_target_error_energy,0.002162147546187043,12,adamw,0.005798769213392906,100
C64-d16-L2-H4-m4-ffn32,0.06055503338575363,0.031460979798187814,walsh_total_error_energy,0.00851051602512598,12,adamw,0.017945369989068854,100
C64-d16-L2-H4-m4-ffn32,0.3416971266269684,0.2817307598888874,attention_key_selectivity,0.20140422880649567,12,adamw,0.04859075002466781,400
C64-d16-L2-H4-m4-ffn32,0.1415671594440937,0.11823967599290579,attention_mean_distractor_mass,0.08799549750983715,12,adamw,0.016046180007288996,400
C64-d16-L2-H4-m4-ffn32,0.30890605598688126,0.24531054613180459,attention_self_mass,0.18797437939792871,12,adamw,0.037743279331927365,400
C64-d16-L2-H4-m4-ffn32,0.45785910449922085,0.39997043274343014,attention_target_mass,0.3429713863879442,12,adamw,0.03680346021887303,400
C64-d16-L2-H4-m4-ffn32,2.4971409887075424,1.956643632845953,attention_target_over_distractor_log_margin,1.1855804529041052,12,adamw,0.39491198568304964,400
C64-d16-L2-H4-m4-ffn32,1.0,0.9993489583333334,donor_accuracy,0.998046875,12,adamw,0.000961652273276037,400
C64-d16-L2-H4-m4-ffn32,0.00479742931202054,0.001548682129093019,donor_risk,0.00010857491724891588,12,adamw,0.0017853221422260846,400
C64-d16-L2-H4-m4-ffn32,0.9090573787689209,0.8729219684998194,embedding_coherence,0.8098455667495728,12,adamw,0.030123737898212006,400
C64-d16-L2-H4-m4-ffn32,8.573820114135742,7.192582647005717,embedding_effective_rank,6.05496072769165,12,adamw,0.8012215356261073,400
C64-d16-L2-H4-m4-ffn32,0.009357177186757326,0.001238127159619277,ffn_branch_signed,-0.0013019001271459274,12,adamw,0.002879284390289783,400
C64-d16-L2-H4-m4-ffn32,0.5666054487228394,0.47606242448091507,ffn_cancellation_fraction,0.31927013397216797,12,adamw,0.07307395509074477,400
C64-d16-L2-H4-m4-ffn32,0.8232421875,0.7549641927083334,ffn_opposition_rate,0.6015625,12,adamw,0.07083148987899096,400
C64-d16-L2-H4-m4-ffn32,0.004647332360036671,0.0004561197123014911,ffn_skip_signed,-0.0020669487421400845,12,adamw,0.0017138385372278168,400
C64-d16-L2-H4-m4-ffn32,0.014004508033394814,0.0016942466912344873,ffn_total_signed,-0.0033688489347696304,12,adamw,0.004439968222070302,400
C64-d16-L2-H4-m4-ffn32,1.0,0.9986979166666666,function_accuracy,0.99609375,12,adamw,0.00173364329023163,400
C64-d16-L2-H4-m4-ffn32,0.011025311425328255,0.00859783737299343,natural_swap_mae,0.0054650865495204926,12,adamw,0.001573501485031755,400
C64-d16-L2-H4-m4-ffn32,0.006267679389566183,0.0017939697463589255,natural_swap_mse,0.00011965462181251496,12,adamw,0.002047165870641772,400
C64-d16-L2-H4-m4-ffn32,0.5354152992367744,0.48172204103320837,ov_distractor_gain,0.4411240294575691,12,adamw,0.03267222505566366,400
C64-d16-L2-H4-m4-ffn32,0.8684030883014202,0.6276072689021627,ov_log_target_over_distractor_gain,0.3502990286797285,12,adamw,0.1532967122072659,400
C64-d16-L2-H4-m4-ffn32,1.1770356707274914,1.0221106895866494,ov_target_gain,0.7633761279284954,12,adamw,0.10602578297925971,400
C64-d16-L2-H4-m4-ffn32,0.2481203768402338,0.2345688947631667,qk_cancellation_fraction,0.21316561195999384,12,adamw,0.010455467120734944,400
C64-d16-L2-H4-m4-ffn32,0.001572792606651774,0.00020454642548332438,qk_content_energy,4.286542917952829e-06,12,adamw,0.00044893772636140245,400
C64-d16-L2-H4-m4-ffn32,0.000581392413323556,8.501754532138268e-05,qk_content_signed,-0.0001286149056340946,12,adamw,0.00019069937369007987,400
C64-d16-L2-H4-m4-ffn32,0.543212890625,0.5228068033854166,qk_opposition_rate,0.496826171875,12,adamw,0.014652305631761417,400
C64-d16-L2-H4-m4-ffn32,0.0019560957043722738,5.193034497826451e-05,qk_route_signed,-0.001372266248381493,12,adamw,0.0007501623974590269,400
C64-d16-L2-H4-m4-ffn32,-0.4626870071515441,-0.6293180418336609,qk_suppression_log_ratio,-0.7807207740843296,12,adamw,0.09797390288212354,400
C64-d16-L2-H4-m4-ffn32,0.0021938882027825457,0.00013694789006043115,qk_total_signed,-0.0015008810305516818,12,adamw,0.0008451945867987163,400
C64-d16-L2-H4-m4-ffn32,0.00524723157286644,0.001550984207521348,risk,0.0001271392247872427,12,adamw,0.0016848608223172135,400
C64-d16-L2-H4-m4-ffn32,1.0571982860565186,0.9830564260482788,target_key_effect,0.921337366104126,12,adamw,0.04489095228503581,400
C64-d16-L2-H4-m4-ffn32,1.0056524276733398,0.9970249285300573,value_flip_effect,0.9900708794593811,12,adamw,0.004451650195150575,400
C64-d16-L2-H4-m4-ffn32,0.0012606120435521007,0.0005462417442079944,walsh_bias_energy,9.611230052541941e-05,12,adamw,0.00040134733471262473,400
C64-d16-L2-H4-m4-ffn32,0.0017410381697118282,0.0007902780189397163,walsh_distractor_direct_energy,5.8749039453687146e-05,12,adamw,0.0005614747691407591,400
C64-d16-L2-H4-m4-ffn32,0.002046455629169941,0.0008363778597413329,walsh_interaction_energy,5.190779484109953e-05,12,adamw,0.0006378047965517675,400
C64-d16-L2-H4-m4-ffn32,1.0052356719970703,0.9979934344689051,walsh_target_coefficient,0.9924755096435547,12,adamw,0.0036727626106824083,400
C64-d16-L2-H4-m4-ffn32,0.001581621472723782,0.0006976899251943299,walsh_target_error_energy,7.471231219824404e-05,12,adamw,0.0005158598532444417,400
C64-d16-L2-H4-m4-ffn32,0.006438418757170439,0.0028705874477357915,walsh_total_error_energy,0.0002814814215525985,12,adamw,0.001869184948011635,400
C64-d16-L2-H4-m4-ffnnone,0.001407568110153079,-0.006464406382292509,attention_key_selectivity,-0.013895093463361263,12,adamw,0.004778818062128788,0
C64-d16-L2-H4-m4-ffnnone,0.21452074125409126,0.19707208080217242,attention_mean_distractor_mass,0.1792022529989481,12,adamw,0.009514422598719976,0
C64-d16-L2-H4-m4-ffnnone,0.2929317969828844,0.21817610009262958,attention_self_mass,0.14050948759540915,12,adamw,0.04018676763659035,0
C64-d16-L2-H4-m4-ffnnone,0.21592831052839756,0.19060767395421863,attention_target_mass,0.1694614626467228,12,adamw,0.012218805895625604,0
C64-d16-L2-H4-m4-ffnnone,-0.07985537382774055,-0.17152706220804248,attention_target_over_distractor_log_margin,-0.2419630982913077,12,adamw,0.050858113566632154,0
C64-d16-L2-H4-m4-ffnnone,0.671875,0.5485026041666666,donor_accuracy,0.419921875,12,adamw,0.08762718304359542,0
C64-d16-L2-H4-m4-ffnnone,1.9587095975875854,0.9549539436896642,donor_risk,0.4633346199989319,12,adamw,0.5154773016511787,0
C64-d16-L2-H4-m4-ffnnone,0.8320221900939941,0.7520911196867625,embedding_coherence,0.6883110404014587,12,adamw,0.038525092206876214,0
C64-d16-L2-H4-m4-ffnnone,13.410542488098145,12.736555020014444,embedding_effective_rank,12.240180015563965,12,adamw,0.3140941335245938,0
C64-d16-L2-H4-m4-ffnnone,0.6953125,0.54541015625,function_accuracy,0.400390625,12,adamw,0.09187475918070054,0
C64-d16-L2-H4-m4-ffnnone,0.43480026721954346,0.18727012226978937,natural_swap_mae,0.10804703086614609,12,adamw,0.0954315920608445,0
C64-d16-L2-H4-m4-ffnnone,0.3441622257232666,0.08153928987060984,natural_swap_mse,0.020688718184828758,12,adamw,0.09494742039690403,0
C64-d16-L2-H4-m4-ffnnone,0.4823222942650318,0.46184454827258986,ov_distractor_gain,0.4249015338718891,12,adamw,0.019768441192250512,0
C64-d16-L2-H4-m4-ffnnone,0.23244960559532046,-0.0016021736470671992,ov_log_target_over_distractor_gain,-0.1370841022580862,12,adamw,0.10301152007313559,0
C64-d16-L2-H4-m4-ffnnone,0.5606976002454758,0.45343092052886885,ov_target_gain,0.3916456289589405,12,adamw,0.04550899602817595,0
C64-d16-L2-H4-m4-ffnnone,0.23953136429190636,0.22021742475529513,qk_cancellation_fraction,0.20405080914497375,12,adamw,0.011096913667908964,0
C64-d16-L2-H4-m4-ffnnone,0.035689152660779655,0.009146698243663801,qk_content_energy,0.0023381570717901923,12,adamw,0.00977458942212452,0
C64-d16-L2-H4-m4-ffnnone,0.01229697122471407,0.0003129454292623753,qk_content_signed,-0.0053353995172074065,12,adamw,0.0046791426251120306,0
C64-d16-L2-H4-m4-ffnnone,0.53173828125,0.5051676432291666,qk_opposition_rate,0.489501953125,12,adamw,0.01211651156416321,0
C64-d16-L2-H4-m4-ffnnone,0.0037034666747786105,0.0004538910628374045,qk_route_signed,-0.0012331336656643543,12,adamw,0.001410317959353214,0
C64-d16-L2-H4-m4-ffnnone,-0.10868987208232284,-0.2418384029685209,qk_suppression_log_ratio,-0.3537389594130218,12,adamw,0.07905343879684615,0
C64-d16-L2-H4-m4-ffnnone,0.014585859142243862,0.0007668364927061097,qk_total_signed,-0.006262727212742902,12,adamw,0.0056450293965943695,0
C64-d16-L2-H4-m4-ffnnone,1.900223731994629,0.9554720694820086,risk,0.4659862518310547,12,adamw,0.5072751650188361,0
C64-d16-L2-H4-m4-ffnnone,0.19036883115768433,0.03954425283397237,target_key_effect,-0.194568932056427,12,adamw,0.10351942788862589,0
C64-d16-L2-H4-m4-ffnnone,0.36702364683151245,0.049318416664997734,value_flip_effect,-0.22739621996879578,12,adamw,0.1490753976634299,0
C64-d16-L2-H4-m4-ffnnone,2.48760986328125,0.8578468623260657,walsh_bias_energy,0.1333555430173874,12,adamw,0.8797170119969704,0
C64-d16-L2-H4-m4-ffnnone,0.6750683784484863,0.13247297463628152,walsh_distractor_direct_energy,0.013515903614461422,12,adamw,0.18412367088524456,0
C64-d16-L2-H4-m4-ffnnone,0.037794433534145355,0.01076743744003276,walsh_interaction_energy,0.0011148094199597836,12,adamw,0.01000340636575308,0
C64-d16-L2-H4-m4-ffnnone,0.36288920044898987,0.04737108099895219,walsh_target_coefficient,-0.22581163048744202,12,adamw,0.1480288976810148,0
C64-d16-L2-H4-m4-ffnnone,1.5157109498977661,0.9425009389718374,walsh_target_error_energy,0.465248703956604,12,adamw,0.27251365450557685,0
C64-d16-L2-H4-m4-ffnnone,3.859022855758667,1.94358824690183,walsh_total_error_energy,0.9613887071609497,12,adamw,1.0092716131100008,0
C64-d16-L2-H4-m4-ffnnone,0.13408507406711578,0.08193596799780305,attention_key_selectivity,0.0028359468560665846,12,adamw,0.040674535775156825,50
C64-d16-L2-H4-m4-ffnnone,0.21112568117678165,0.16628491808660328,attention_mean_distractor_mass,0.133043073117733,12,adamw,0.021017014854490996,50
C64-d16-L2-H4-m4-ffnnone,0.3349782004952431,0.2529243722674437,attention_self_mass,0.1526613614987582,12,adamw,0.05538861823281806,50
C64-d16-L2-H4-m4-ffnnone,0.2819438995793462,0.24822088804406425,attention_target_mass,0.21144811995327473,12,adamw,0.026127454391731433,50
C64-d16-L2-H4-m4-ffnnone,0.4707398358732462,0.17056954244617373,attention_target_over_distractor_log_margin,-0.23585159005597234,12,adamw,0.2307980181902949,50
C64-d16-L2-H4-m4-ffnnone,0.951171875,0.8640950520833334,donor_accuracy,0.7421875,12,adamw,0.07680642568650814,50
C64-d16-L2-H4-m4-ffnnone,0.3438822031021118,0.2040976583957672,donor_risk,0.0952816754579544,12,adamw,0.09102438303062528,50
C64-d16-L2-H4-m4-ffnnone,0.903553307056427,0.82326573630174,embedding_coherence,0.7348225116729736,12,adamw,0.049865557676517694,50
C64-d16-L2-H4-m4-ffnnone,12.40880012512207,9.510955015818277,embedding_effective_rank,7.854012489318848,12,adamw,1.4726694660497521,50
C64-d16-L2-H4-m4-ffnnone,0.94140625,0.8640950520833334,function_accuracy,0.724609375,12,adamw,0.0777934117863595,50
C64-d16-L2-H4-m4-ffnnone,0.2001073956489563,0.14385000305871168,natural_swap_mae,0.07095729559659958,12,adamw,0.04648522247252553,50
C64-d16-L2-H4-m4-ffnnone,0.0989164337515831,0.05562224673728148,natural_swap_mse,0.00872749462723732,12,adamw,0.0318543722747536,50
C64-d16-L2-H4-m4-ffnnone,0.5305406078696251,0.5099074322109421,ov_distractor_gain,0.46364668756723404,12,adamw,0.02006501926079273,50
C64-d16-L2-H4-m4-ffnnone,0.5382190458476543,0.27987919621712837,ov_log_target_over_distractor_gain,0.08360959216952324,12,adamw,0.14519210526026638,50
C64-d16-L2-H4-m4-ffnnone,0.8110315427184105,0.7069825483486056,ov_target_gain,0.5615208148956299,12,adamw,0.07817268919741331,50
C64-d16-L2-H4-m4-ffnnone,0.25522650964558125,0.23755390864486495,qk_cancellation_fraction,0.21213273890316486,12,adamw,0.014069230602440285,50
C64-d16-L2-H4-m4-ffnnone,0.005104378666146658,0.0020548580543315134,qk_content_energy,0.0003932002673536772,12,adamw,0.001503418329459021,50
C64-d16-L2-H4-m4-ffnnone,0.0012200877572468016,0.0001046349218540854,qk_content_signed,-0.0011259193051955663,12,adamw,0.0006182103542071772,50
C64-d16-L2-H4-m4-ffnnone,0.52685546875,0.5123494466145834,qk_opposition_rate,0.477783203125,12,adamw,0.01349574329450005,50
C64-d16-L2-H4-m4-ffnnone,0.002300843563716626,0.00022531639069711673,qk_route_signed,-0.0020281431134208106,12,adamw,0.0013495457069572835,50
C64-d16-L2-H4-m4-ffnnone,-0.3022701106965542,-0.7035107861544626,qk_suppression_log_ratio,-1.0208109691739082,12,adamw,0.19623021554357417,50
C64-d16-L2-H4-m4-ffnnone,0.0023115660223993473,0.000329951245172803,qk_total_signed,-0.0020832003065152094,12,adamw,0.001377052532548703,50
C64-d16-L2-H4-m4-ffnnone,0.3467586636543274,0.20057029649615288,risk,0.1020008772611618,12,adamw,0.09103542376543051,50
C64-d16-L2-H4-m4-ffnnone,0.8272870182991028,0.5809865047534307,target_key_effect,0.20242252945899963,12,adamw,0.2063138842356699,50
C64-d16-L2-H4-m4-ffnnone,0.8460825681686401,0.590899895876646,value_flip_effect,0.23890714347362518,12,adamw,0.19548247148225972,50
C64-d16-L2-H4-m4-ffnnone,0.04159808158874512,0.02132306791221102,walsh_bias_energy,0.012901296839118004,12,adamw,0.008600836030002635,50
C64-d16-L2-H4-m4-ffnnone,0.1866394281387329,0.13931058968106905,walsh_distractor_direct_energy,0.07327181100845337,12,adamw,0.036342359269290476,50
C64-d16-L2-H4-m4-ffnnone,0.02110419236123562,0.012129334228423735,walsh_interaction_energy,0.0030329180881381035,12,adamw,0.005636565457028025,50
C64-d16-L2-H4-m4-ffnnone,0.8505747318267822,0.591738353172938,walsh_target_coefficient,0.23887845873832703,12,adamw,0.19609542652674494,50
C64-d16-L2-H4-m4-ffnnone,0.5816575288772583,0.23614865727722645,walsh_target_error_energy,0.06519631296396255,12,adamw,0.16276321963475843,50
C64-d16-L2-H4-m4-ffnnone,0.7566779851913452,0.40891165658831596,walsh_total_error_energy,0.1837073266506195,12,adamw,0.1835465438206017,50
C64-d16-L2-H4-m4-ffnnone,0.2874619662761688,0.2199060513327519,attention_key_selectivity,0.06206590682268143,12,adamw,0.06562432086800327,100
C64-d16-L2-H4-m4-ffnnone,0.1918623112142086,0.1263771610101685,attention_mean_distractor_mass,0.09292581025511026,12,adamw,0.024012688438944763,100
C64-d16-L2-H4-m4-ffnnone,0.36294354125857353,0.2745853056355069,attention_self_mass,0.1704848576337099,12,adamw,0.05107961241439113,100
C64-d16-L2-H4-m4-ffnnone,0.40229513868689537,0.3462832155637443,attention_target_mass,0.2539282087236643,12,adamw,0.04639361680908229,100
C64-d16-L2-H4-m4-ffnnone,1.8321474455296993,1.271228220507813,attention_target_over_distractor_log_margin,0.044448431581258774,12,adamw,0.5467072202019566,100
C64-d16-L2-H4-m4-ffnnone,1.0,0.9781901041666666,donor_accuracy,0.84375,12,adamw,0.04275704345869896,100
C64-d16-L2-H4-m4-ffnnone,0.23770771920681,0.03709066810552031,donor_risk,0.0025940355844795704,12,adamw,0.0642919593946662,100
C64-d16-L2-H4-m4-ffnnone,0.9106029272079468,0.8557202517986298,embedding_coherence,0.7780630588531494,12,adamw,0.03539501503251077,100
C64-d16-L2-H4-m4-ffnnone,10.25907039642334,7.596608599026998,embedding_effective_rank,5.946065902709961,12,adamw,1.152299927022057,100
C64-d16-L2-H4-m4-ffnnone,1.0,0.9781901041666666,function_accuracy,0.857421875,12,adamw,0.038909798597599764,100
C64-d16-L2-H4-m4-ffnnone,0.1392979919910431,0.06065927756329378,natural_swap_mae,0.030722513794898987,12,adamw,0.03504118541129332,100
C64-d16-L2-H4-m4-ffnnone,0.04787527024745941,0.023913881780269246,natural_swap_mse,0.006089142058044672,12,adamw,0.01583592797337406,100
C64-d16-L2-H4-m4-ffnnone,0.5384072624146938,0.49734294911225635,ov_distractor_gain,0.4487719163298607,12,adamw,0.02910435212883247,100
C64-d16-L2-H4-m4-ffnnone,0.8259089295752347,0.5343897689696556,ov_log_target_over_distractor_gain,0.17783125978894532,12,adamw,0.172453837887799,100
C64-d16-L2-H4-m4-ffnnone,1.1647016555070877,0.9382589445449412,ov_target_gain,0.6703782081604004,12,adamw,0.15241798534202522,100
C64-d16-L2-H4-m4-ffnnone,0.25486697256565094,0.24175954967116317,qk_cancellation_fraction,0.22359039820730686,12,adamw,0.008372990848212214,100
C64-d16-L2-H4-m4-ffnnone,0.0032028933565015905,0.0007715988516944586,qk_content_energy,0.00017025869601638988,12,adamw,0.0008502183486447383,100
C64-d16-L2-H4-m4-ffnnone,0.0009748059128469322,0.00023511174761855122,qk_content_signed,-0.0004513946514634881,12,adamw,0.00047770448032575315,100
C64-d16-L2-H4-m4-ffnnone,0.537841796875,0.52496337890625,qk_opposition_rate,0.506591796875,12,adamw,0.010196741124279896,100
C64-d16-L2-H4-m4-ffnnone,0.0041981363865488674,1.9218771020253673e-05,qk_route_signed,-0.004553078364551766,12,adamw,0.0021912567820520034,100
C64-d16-L2-H4-m4-ffnnone,-0.5530519541352987,-0.8664294550350556,qk_suppression_log_ratio,-1.1489530969411135,12,adamw,0.20082647766466433,100
C64-d16-L2-H4-m4-ffnnone,0.0049936490886466345,0.0002543305442183434,qk_total_signed,-0.005004472923246794,12,adamw,0.0024421346944676244,100
C64-d16-L2-H4-m4-ffnnone,0.2295834720134735,0.03593439368220667,risk,0.0049862004816532135,12,adamw,0.0622235052430055,100
C64-d16-L2-H4-m4-ffnnone,1.02237069606781,0.9160958876212438,target_key_effect,0.4162936210632324,12,adamw,0.15991715167441756,100
C64-d16-L2-H4-m4-ffnnone,0.9854652881622314,0.9211587061484655,value_flip_effect,0.43931007385253906,12,adamw,0.15346087474784095,100
C64-d16-L2-H4-m4-ffnnone,0.019988611340522766,0.006482577824499458,walsh_bias_energy,0.002187794540077448,12,adamw,0.005161427774841478,100
C64-d16-L2-H4-m4-ffnnone,0.15221530199050903,0.02554443172023942,walsh_distractor_direct_energy,0.004052876029163599,12,adamw,0.041063692129979006,100
C64-d16-L2-H4-m4-ffnnone,0.014832785353064537,0.006716209570489203,walsh_interaction_energy,0.001346784527413547,12,adamw,0.003885311754117791,100
C64-d16-L2-H4-m4-ffnnone,0.9816266298294067,0.9209999144077301,walsh_target_coefficient,0.44379425048828125,12,adamw,0.1518851900835218,100
C64-d16-L2-H4-m4-ffnnone,0.33297961950302124,0.039201692289983235,walsh_target_error_energy,0.0029335077852010727,12,adamw,0.09299065611294946,100
C64-d16-L2-H4-m4-ffnnone,0.5177350044250488,0.07794491147312026,walsh_total_error_energy,0.01379488781094551,12,adamw,0.1404956475728256,100
C64-d16-L2-H4-m4-ffnnone,0.3763435184955597,0.31017326936125755,attention_key_selectivity,0.23573970794677734,12,adamw,0.048989409941340475,400
C64-d16-L2-H4-m4-ffnnone,0.12918584141880274,0.10555446084860402,attention_mean_distractor_mass,0.07642145804129541,12,adamw,0.01749765068972172,400
C64-d16-L2-H4-m4-ffnnone,0.3557414133101702,0.26760889516056824,attention_self_mass,0.2143192607909441,12,adamw,0.045561205381227474,400
C64-d16-L2-H4-m4-ffnnone,0.4715041108429432,0.415727732082208,attention_target_mass,0.3644405575469136,12,adamw,0.03742224209464457,400
C64-d16-L2-H4-m4-ffnnone,3.1481566429138184,2.4606369736914835,attention_target_over_distractor_log_margin,1.1119359284639359,12,adamw,0.6009064792954244,400
C64-d16-L2-H4-m4-ffnnone,1.0,0.9986979166666666,donor_accuracy,0.9921875,12,adamw,0.002677126628290398,400
C64-d16-L2-H4-m4-ffnnone,0.010333390906453133,0.0022678271282832916,donor_risk,0.0001645999582251534,12,adamw,0.003243010618702522,400
C64-d16-L2-H4-m4-ffnnone,0.9688378572463989,0.8941615919272105,embedding_coherence,0.8349941968917847,12,adamw,0.0350801036516027,400
C64-d16-L2-H4-m4-ffnnone,7.7987284660339355,6.594829956690471,embedding_effective_rank,5.190598964691162,12,adamw,0.787666125153566,400
C64-d16-L2-H4-m4-ffnnone,1.0,0.99853515625,function_accuracy,0.9921875,12,adamw,0.0023738888418183483,400
C64-d16-L2-H4-m4-ffnnone,0.01908195950090885,0.012293522129766643,natural_swap_mae,0.0061769732274115086,12,adamw,0.0037995986796114426,400
C64-d16-L2-H4-m4-ffnnone,0.007340023294091225,0.0031802225409289044,natural_swap_mse,0.00017452746396884322,12,adamw,0.0029109216748601932,400
C64-d16-L2-H4-m4-ffnnone,0.5223422534763813,0.4823646418129404,ov_distractor_gain,0.41865474730730057,12,adamw,0.03347793372819419,400
C64-d16-L2-H4-m4-ffnnone,1.0434318501502275,0.7797239996240629,ov_log_target_over_distractor_gain,0.5860013063065708,12,adamw,0.14949883164821465,400
C64-d16-L2-H4-m4-ffnnone,1.4729485027492046,1.225679285203417,ov_target_gain,1.0011764653027058,12,adamw,0.1500878790598218,400
C64-d16-L2-H4-m4-ffnnone,0.27111388370394707,0.24954154963294664,qk_cancellation_fraction,0.24020188488066196,12,adamw,0.009239607000461217,400
C64-d16-L2-H4-m4-ffnnone,0.00019277773344583693,6.829494231178994e-05,qk_content_energy,1.1494655325350323e-05,12,adamw,5.580496025381031e-05,400
C64-d16-L2-H4-m4-ffnnone,0.00026026997875305824,3.339348307918044e-05,qk_content_signed,-0.00011265753073530504,12,adamw,0.00012560014803890973,400
C64-d16-L2-H4-m4-ffnnone,0.552978515625,0.5359090169270834,qk_opposition_rate,0.520263671875,12,adamw,0.010538722696916145,400
C64-d16-L2-H4-m4-ffnnone,0.0012837708654842572,0.00019706247684325717,qk_route_signed,-0.0003540615762176458,12,adamw,0.0004152473784445548,400
C64-d16-L2-H4-m4-ffnnone,-0.26568763970863074,-0.5668307690842388,qk_suppression_log_ratio,-0.8526524901390076,12,adamw,0.17286327913396282,400
C64-d16-L2-H4-m4-ffnnone,0.0011711133120115846,0.00023045595185067214,qk_total_signed,-0.00045425704320223304,12,adamw,0.0004267545138075064,400
C64-d16-L2-H4-m4-ffnnone,0.010055426508188248,0.0024304902071889956,risk,0.00010185404971707612,12,adamw,0.0031912196699731676,400
C64-d16-L2-H4-m4-ffnnone,1.0377014875411987,0.972814217209816,target_key_effect,0.9132636189460754,12,adamw,0.031022759693975027,400
C64-d16-L2-H4-m4-ffnnone,1.0045968294143677,0.9943313946326574,value_flip_effect,0.9821828007698059,12,adamw,0.00641185631474417,400
C64-d16-L2-H4-m4-ffnnone,0.0016404897905886173,0.0008307310587648923,walsh_bias_energy,7.68910686019808e-05,12,adamw,0.0005208956681227141,400
C64-d16-L2-H4-m4-ffnnone,0.005051888525485992,0.001274703197547448,walsh_distractor_direct_energy,2.01653856493067e-05,12,adamw,0.0013528202286649759,400
C64-d16-L2-H4-m4-ffnnone,0.0016977146733552217,0.001003340710667544,walsh_interaction_energy,4.744293255498633e-05,12,adamw,0.0005311321133668683,400
C64-d16-L2-H4-m4-ffnnone,1.0031818151474,0.9944457908471426,walsh_target_coefficient,0.9830015897750854,12,adamw,0.006186672408231696,400
C64-d16-L2-H4-m4-ffnnone,0.0056846654042601585,0.0012520512482296908,walsh_target_error_energy,3.91763387597166e-05,12,adamw,0.0015408873718747217,400
C64-d16-L2-H4-m4-ffnnone,0.013487108051776886,0.004360826108798695,walsh_total_error_energy,0.00018367572920396924,12,adamw,0.003578623893591921,400
C16-d16-L2-H1-m4-ffn32,0.0025350917130708694,-0.0073064051975961775,attention_key_selectivity,-0.02304050698876381,12,sgd,0.006821545610654014,0
C16-d16-L2-H1-m4-ffn32,0.2193453013896942,0.18587423581629992,attention_mean_distractor_mass,0.1459207534790039,12,sgd,0.02557949914905121,0
C16-d16-L2-H1-m4-ffn32,0.4248519614338875,0.26380948365355533,attention_self_mass,0.12614203989505768,12,sgd,0.1036266553695762,0
C16-d16-L2-H1-m4-ffn32,0.21582207083702087,0.1785678289209803,attention_target_mass,0.13738583773374557,12,sgd,0.027506152072619285,0
C16-d16-L2-H1-m4-ffn32,-0.11000782623887062,-0.18127598272015652,attention_target_over_distractor_log_margin,-0.3126922473311424,12,sgd,0.05547491547053411,0
C16-d16-L2-H1-m4-ffn32,0.5859375,0.5183919270833334,donor_accuracy,0.47265625,12,sgd,0.03382356412037737,0
C16-d16-L2-H1-m4-ffn32,2.1684658527374268,0.949701781074206,donor_risk,0.5223815441131592,12,sgd,0.5427133954315374,0
C16-d16-L2-H1-m4-ffn32,0.7056615352630615,0.6333619902531306,embedding_coherence,0.5239017605781555,12,sgd,0.055883182771460635,0
C16-d16-L2-H1-m4-ffn32,8.813401222229004,8.08121391137441,embedding_effective_rank,7.553332805633545,12,sgd,0.39319141354762094,0
C16-d16-L2-H1-m4-ffn32,0.026394199579954147,0.0013183099993815024,ffn_branch_signed,-0.018365557305514812,12,sgd,0.010807075739712409,0
C16-d16-L2-H1-m4-ffn32,0.35864466428756714,0.2679427204032739,ffn_cancellation_fraction,0.14460068196058273,12,sgd,0.0649575197302096,0
C16-d16-L2-H1-m4-ffn32,0.630859375,0.5035807291666666,ffn_opposition_rate,0.3125,12,sgd,0.09577315580912395,0
C16-d16-L2-H1-m4-ffn32,0.031277946662157774,0.003989472194613579,ffn_skip_signed,-0.01326796319335699,12,sgd,0.01237257852579276,0
C16-d16-L2-H1-m4-ffn32,0.05767214484512806,0.005307782092131674,ffn_total_signed,-0.03163352236151695,12,sgd,0.022323417035886212,0
C16-d16-L2-H1-m4-ffn32,0.58984375,0.5216471354166666,function_accuracy,0.46875,12,sgd,0.03591219245910854,0
C16-d16-L2-H1-m4-ffn32,0.22030074894428253,0.151908736055096,natural_swap_mae,0.08329996466636658,12,sgd,0.04084445132560152,0
C16-d16-L2-H1-m4-ffn32,0.09837017953395844,0.05397468743224939,natural_swap_mse,0.012514961883425713,12,sgd,0.02696420786361021,0
C16-d16-L2-H1-m4-ffn32,1.1251603364944458,0.9536183824141821,ov_distractor_gain,0.8363679945468903,12,sgd,0.07318014704404845,0
C16-d16-L2-H1-m4-ffn32,0.19883136823773384,-0.05589084497963389,ov_log_target_over_distractor_gain,-0.38727517426013947,12,sgd,0.1884171650354895,0
C16-d16-L2-H1-m4-ffn32,1.0890954732894897,0.9049647102753321,ov_target_gain,0.6724216043949127,12,sgd,0.1409347691640068,0
C16-d16-L2-H1-m4-ffn32,0.25507186353206635,0.21928865710894266,qk_cancellation_fraction,0.17909053713083267,12,sgd,0.017209456024914128,0
C16-d16-L2-H1-m4-ffn32,0.043190931901335716,0.021531344250737067,qk_content_energy,0.005859247175976634,12,sgd,0.012541192498491584,0
C16-d16-L2-H1-m4-ffn32,0.03178763296455145,0.0041663904024365666,qk_content_signed,-0.017712313681840897,12,sgd,0.013561277494783627,0
C16-d16-L2-H1-m4-ffn32,0.53125,0.4876302083333333,qk_opposition_rate,0.45703125,12,sgd,0.021485720085304184,0
C16-d16-L2-H1-m4-ffn32,0.016529827378690243,0.0006622533134456413,qk_route_signed,-0.007275950629264116,12,sgd,0.005766078847576698,0
C16-d16-L2-H1-m4-ffn32,-0.06563345342874527,-0.3638331894762814,qk_suppression_log_ratio,-0.6318721771240234,12,sgd,0.1878782033267314,0
C16-d16-L2-H1-m4-ffn32,0.04831746220588684,0.004828644072404131,qk_total_signed,-0.024988263845443726,12,sgd,0.018250190324500298,0
C16-d16-L2-H1-m4-ffn32,2.1704599857330322,0.9513254662354788,risk,0.5223835706710815,12,sgd,0.5427683024868554,0
C16-d16-L2-H1-m4-ffn32,0.19638898968696594,0.015944005038666848,target_key_effect,-0.07577356696128845,12,sgd,0.07095195358528775,0
C16-d16-L2-H1-m4-ffn32,0.22355353832244873,0.01984889250403891,value_flip_effect,-0.09441018849611282,12,sgd,0.08217723523317792,0
C16-d16-L2-H1-m4-ffn32,3.1898021697998047,0.8951076784481605,walsh_bias_energy,0.06193166226148605,12,sgd,1.0372161599668415,0
C16-d16-L2-H1-m4-ffn32,0.20806485414505005,0.04778565683712562,walsh_distractor_direct_energy,0.004739248193800449,12,sgd,0.053735933474834165,0
C16-d16-L2-H1-m4-ffn32,0.024815311655402184,0.006869016195802639,walsh_interaction_energy,0.0005733335274271667,12,sgd,0.006904593107401389,0
C16-d16-L2-H1-m4-ffn32,0.2220868170261383,0.019158231172089774,walsh_target_coefficient,-0.08629986643791199,12,sgd,0.08085982652946555,0
C16-d16-L2-H1-m4-ffn32,1.190749168395996,0.9760291576385498,walsh_target_error_energy,0.6273469924926758,12,sgd,0.14803548138400702,0
C16-d16-L2-H1-m4-ffn32,4.1227641105651855,1.925791511933009,walsh_total_error_energy,1.0377824306488037,12,sgd,1.0439972713635075,0
C16-d16-L2-H1-m4-ffn32,0.4672517478466034,0.3818462137132883,attention_key_selectivity,0.08011715859174728,12,sgd,0.10398848621960256,200
C16-d16-L2-H1-m4-ffn32,0.18379846215248108,0.08517539834914108,attention_mean_distractor_mass,0.026755289174616337,12,sgd,0.0389371495552519,200
C16-d16-L2-H1-m4-ffn32,0.4895208925008774,0.2774522015824914,attention_self_mass,0.17004507780075073,12,sgd,0.10990227905398749,200
C16-d16-L2-H1-m4-ffn32,0.5509436279535294,0.4670216084147493,attention_target_mass,0.26391562819480896,12,sgd,0.08112661686288342,200
C16-d16-L2-H1-m4-ffn32,3.0925132036209106,1.898837799206376,attention_target_over_distractor_log_margin,-3.34476400911808,12,sgd,1.674557034156772,200
C16-d16-L2-H1-m4-ffn32,1.0,0.9835611979166666,donor_accuracy,0.810546875,12,sgd,0.05453165149400148,200
C16-d16-L2-H1-m4-ffn32,0.24400010704994202,0.022084845358525246,donor_risk,0.00021748768631368876,12,sgd,0.0700153191645115,200
C16-d16-L2-H1-m4-ffn32,0.7729015350341797,0.7187515298525492,embedding_coherence,0.6301882863044739,12,sgd,0.052469553540941904,200
C16-d16-L2-H1-m4-ffn32,7.228127956390381,6.380118727684021,embedding_effective_rank,5.624149799346924,12,sgd,0.500774450563778,200
C16-d16-L2-H1-m4-ffn32,0.016619166359305382,0.0016292535109035573,ffn_branch_signed,-0.0006297799554886296,12,sgd,0.004829979804897262,200
C16-d16-L2-H1-m4-ffn32,0.3565855920314789,0.261384970198075,ffn_cancellation_fraction,0.14280349761247635,12,sgd,0.06668583043921572,200
C16-d16-L2-H1-m4-ffn32,0.640625,0.5416666666666666,ffn_opposition_rate,0.345703125,12,sgd,0.07480324261550612,200
C16-d16-L2-H1-m4-ffn32,0.01683789538219571,0.0015935797018755693,ffn_skip_signed,-0.0013799384469166398,12,sgd,0.005045463688559558,200
C16-d16-L2-H1-m4-ffn32,0.033457063138484955,0.003222833313581456,ffn_total_signed,-0.0010145844426006079,12,sgd,0.009824868664600282,200
C16-d16-L2-H1-m4-ffn32,1.0,0.98388671875,function_accuracy,0.81640625,12,sgd,0.052817333999535955,200
C16-d16-L2-H1-m4-ffn32,0.1856365203857422,0.026978112990036607,natural_swap_mae,0.005559202749282122,12,sgd,0.05043507925036836,200
C16-d16-L2-H1-m4-ffn32,0.13135172426700592,0.01282707394178336,natural_swap_mse,9.322560799773782e-05,12,sgd,0.0376283978242535,200
C16-d16-L2-H1-m4-ffn32,1.4031324982643127,1.0273771062493324,ov_distractor_gain,0.8560230433940887,12,sgd,0.16425333886916704,200
C16-d16-L2-H1-m4-ffn32,1.0352005362510681,0.6976406070558975,ov_log_target_over_distractor_gain,0.32547733187675476,12,sgd,0.213797021444506,200
C16-d16-L2-H1-m4-ffn32,3.227749228477478,2.3055003906289735,ov_target_gain,1.8614104390144348,12,sgd,0.37688645728724196,200
C16-d16-L2-H1-m4-ffn32,0.27863356471061707,0.24392337165772915,qk_cancellation_fraction,0.20368319749832153,12,sgd,0.025695328647911665,200
C16-d16-L2-H1-m4-ffn32,0.03716258401982486,0.0032438248739670903,qk_content_energy,2.645769745868165e-05,12,sgd,0.01068488611427732,200
C16-d16-L2-H1-m4-ffn32,0.0015035966644063592,-0.0012454055261059693,qk_content_signed,-0.014587156940251589,12,sgd,0.004238857553862835,200
C16-d16-L2-H1-m4-ffn32,0.6328125,0.5447591145833334,qk_opposition_rate,0.4912109375,12,sgd,0.037828597137330285,200
C16-d16-L2-H1-m4-ffn32,0.024557518307119608,0.002307726373449744,qk_route_signed,-0.0006817404209868982,12,sgd,0.0071118185672166805,200
C16-d16-L2-H1-m4-ffn32,-0.7050894424319267,-1.1938455329897504,qk_suppression_log_ratio,-1.7020985782146454,12,sgd,0.3401870776088671,200
C16-d16-L2-H1-m4-ffn32,0.009970359969884157,0.0010623206784051338,qk_total_signed,-0.000791750819189474,12,sgd,0.0032642684819862377,200
C16-d16-L2-H1-m4-ffn32,0.24575307965278625,0.02249403613435182,risk,0.00022880517644807696,12,sgd,0.07048537289493455,200
C16-d16-L2-H1-m4-ffn32,1.0542947053909302,0.9652303059895834,target_key_effect,0.5617082118988037,12,sgd,0.1348437145920259,200
C16-d16-L2-H1-m4-ffn32,1.0029220581054688,0.9572012474139532,value_flip_effect,0.5516301393508911,12,sgd,0.12907245568661263,200
C16-d16-L2-H1-m4-ffn32,0.027291124686598778,0.0030220537967882897,walsh_bias_energy,0.00011472350161056966,12,sgd,0.007861323329819406,200
C16-d16-L2-H1-m4-ffn32,0.12775959074497223,0.011553457780488921,walsh_distractor_direct_energy,6.662103987764567e-05,12,sgd,0.03666799946448037,200
C16-d16-L2-H1-m4-ffn32,0.05387091264128685,0.0053322827867911355,walsh_interaction_energy,4.5526707253884524e-05,12,sgd,0.015467606469574268,200
C16-d16-L2-H1-m4-ffn32,1.0022344589233398,0.9568808724482855,walsh_target_coefficient,0.5502412915229797,12,sgd,0.12949254319607625,200
C16-d16-L2-H1-m4-ffn32,0.2505570650100708,0.022440988937887596,walsh_target_error_energy,0.00019644845451693982,12,sgd,0.07195833592805603,200
C16-d16-L2-H1-m4-ffn32,0.4594786763191223,0.042348781891632825,walsh_total_error_energy,0.00046188366832211614,12,sgd,0.131794267293277,200
C16-d16-L2-H1-m4-ffn32,0.4707145094871521,0.4191705162326495,attention_key_selectivity,0.3529353439807892,12,sgd,0.03570707424576414,400
C16-d16-L2-H1-m4-ffn32,0.09656586311757565,0.07352212125745912,attention_mean_distractor_mass,0.02285174746066332,12,sgd,0.02368389563854164,400
C16-d16-L2-H1-m4-ffn32,0.4995621480047703,0.2867410021523635,attention_self_mass,0.17373600602149963,12,sgd,0.10726396412169673,400
C16-d16-L2-H1-m4-ffn32,0.5539597868919373,0.4926926425347726,attention_target_mass,0.4178849160671234,12,sgd,0.04636653117681804,400
C16-d16-L2-H1-m4-ffn32,3.1300944089889526,2.4593953788280487,attention_target_over_distractor_log_margin,2.0575380325317383,12,sgd,0.2869595637487002,400
C16-d16-L2-H1-m4-ffn32,1.0,1.0,donor_accuracy,1.0,12,sgd,0.0,400
C16-d16-L2-H1-m4-ffn32,0.0035285484045743942,0.0004685003599054956,donor_risk,0.00010243389988318086,12,sgd,0.0009682339323808209,400
C16-d16-L2-H1-m4-ffn32,0.7726021409034729,0.7191547801097234,embedding_coherence,0.6334362626075745,12,sgd,0.052018788835279786,400
C16-d16-L2-H1-m4-ffn32,7.207856178283691,6.3450794617335005,embedding_effective_rank,5.303210258483887,12,sgd,0.5450508886993274,400
C16-d16-L2-H1-m4-ffn32,0.0031437494762940332,0.0002496752378344051,ffn_branch_signed,-0.00034882720501627773,12,sgd,0.0009403299976114187,400
C16-d16-L2-H1-m4-ffn32,0.3791857808828354,0.3043381292372942,ffn_cancellation_fraction,0.21065311133861542,12,sgd,0.055171902156234576,400
C16-d16-L2-H1-m4-ffn32,0.662109375,0.5965983072916666,ffn_opposition_rate,0.5439453125,12,sgd,0.033955633166379465,400
C16-d16-L2-H1-m4-ffn32,0.004031480988487601,0.00041118337700633373,ffn_skip_signed,-0.0004998576332582161,12,sgd,0.0012496825816671984,400
C16-d16-L2-H1-m4-ffn32,0.0071752306539565325,0.0006608586718357401,ffn_total_signed,-0.0004487883416004479,12,sgd,0.0021102972130760556,400
C16-d16-L2-H1-m4-ffn32,1.0,1.0,function_accuracy,1.0,12,sgd,0.0,400
C16-d16-L2-H1-m4-ffn32,0.02422594465315342,0.008398487193820378,natural_swap_mae,0.004333344288170338,12,sgd,0.0058929098135422015,400
C16-d16-L2-H1-m4-ffn32,0.003834808710962534,0.0005180069326039908,natural_swap_mse,5.530221460503526e-05,12,sgd,0.0011018290827732148,400
C16-d16-L2-H1-m4-ffn32,1.3384093046188354,0.99199345211188,ov_distractor_gain,0.8503750562667847,12,sgd,0.1381980835974878,400
C16-d16-L2-H1-m4-ffn32,1.1503862142562866,0.7300775504069558,ov_log_target_over_distractor_gain,0.3629015237092972,12,sgd,0.22656934569798937,400
C16-d16-L2-H1-m4-ffn32,3.372758626937866,2.365703168014685,ov_target_gain,1.910347193479538,12,sgd,0.39054809633755977,400
C16-d16-L2-H1-m4-ffn32,0.28357595205307007,0.2441469207406044,qk_cancellation_fraction,0.19974257797002792,12,sgd,0.024655812696810837,400
C16-d16-L2-H1-m4-ffn32,0.0007851903792470694,0.00010052252735211671,qk_content_energy,1.2986278875359858e-05,12,sgd,0.00021764113575465936,400
C16-d16-L2-H1-m4-ffn32,0.0002472064697940368,-0.00011548450045969123,qk_content_signed,-0.00038616341771557927,12,sgd,0.00020236541754428846,400
C16-d16-L2-H1-m4-ffn32,0.583984375,0.5413411458333334,qk_opposition_rate,0.4814453125,12,sgd,0.029941804485790324,400
C16-d16-L2-H1-m4-ffn32,0.0013338546268641949,0.0002288436620195474,qk_route_signed,-0.00043971250852337107,12,sgd,0.0005581786670555936,400
C16-d16-L2-H1-m4-ffn32,-0.48523835837841034,-1.0932366186752915,qk_suppression_log_ratio,-1.6163619756698608,12,sgd,0.3138616027200994,400
C16-d16-L2-H1-m4-ffn32,0.0010650380863808095,0.00011335910464064607,qk_total_signed,-0.00031174822652246803,12,sgd,0.00047535101630298636,400
C16-d16-L2-H1-m4-ffn32,0.0018610474653542042,0.0003696515759656904,risk,0.00010879496403504163,12,sgd,0.0005260537015071252,400
C16-d16-L2-H1-m4-ffn32,1.0524779558181763,1.0069256176551182,target_key_effect,0.9603932499885559,12,sgd,0.032526202061390265,400
C16-d16-L2-H1-m4-ffn32,1.0020856857299805,0.9990333418051401,value_flip_effect,0.9957111477851868,12,sgd,0.0017384999249406168,400
C16-d16-L2-H1-m4-ffn32,0.0021239696070551872,0.0002591488206841556,walsh_bias_energy,4.8812860768521205e-05,12,sgd,0.0005885934198861263,400
C16-d16-L2-H1-m4-ffn32,0.002093073446303606,0.00025285168218639836,walsh_distractor_direct_energy,3.110606485279277e-05,12,sgd,0.0005841075554334902,400
C16-d16-L2-H1-m4-ffn32,0.002765119541436434,0.00029295700217820314,walsh_interaction_energy,2.2938122128834948e-05,12,sgd,0.0007804251237283318,400
C16-d16-L2-H1-m4-ffn32,1.0012738704681396,0.999106099208196,walsh_target_coefficient,0.9966667890548706,12,sgd,0.0015625026491808117,400
C16-d16-L2-H1-m4-ffn32,0.0016163269756361842,0.0002554229813540587,walsh_target_error_energy,8.908543532015756e-05,12,sgd,0.00043120837948161235,400
C16-d16-L2-H1-m4-ffn32,0.008598489686846733,0.0010603804973167523,walsh_total_error_energy,0.00021020151325501502,12,sgd,0.0023821038078080136,400
C16-d16-L2-H1-m4-ffn32,0.48655492067337036,0.4259985685348511,attention_key_selectivity,0.3556509017944336,12,sgd,0.0399386041172926,800
C16-d16-L2-H1-m4-ffn32,0.09414189215749502,0.06999543654577185,attention_mean_distractor_mass,0.020514349918812513,12,sgd,0.024289725876835994,800
C16-d16-L2-H1-m4-ffn32,0.5075385347008705,0.2940196789180239,attention_self_mass,0.1788366585969925,12,sgd,0.10942081087213286,800
C16-d16-L2-H1-m4-ffn32,0.5542090833187103,0.4959940081462264,attention_target_mass,0.41998641192913055,12,sgd,0.04918918227162505,800
C16-d16-L2-H1-m4-ffn32,3.1884288787841797,2.5819350567956767,attention_target_over_distractor_log_margin,2.0856264531612396,12,sgd,0.3300162325884904,800
C16-d16-L2-H1-m4-ffn32,1.0,1.0,donor_accuracy,1.0,12,sgd,0.0,800
C16-d16-L2-H1-m4-ffn32,0.00019133702153339982,9.073516230273526e-05,donor_risk,5.4563977755606174e-05,12,sgd,4.274399035625509e-05,800
C16-d16-L2-H1-m4-ffn32,0.7930424809455872,0.7234111775954565,embedding_coherence,0.6391182541847229,12,sgd,0.05540871447090505,800
C16-d16-L2-H1-m4-ffn32,7.192135810852051,6.3418354988098145,embedding_effective_rank,5.358588218688965,12,sgd,0.5333137346761413,800
C16-d16-L2-H1-m4-ffn32,0.0010583217954263091,6.598995878448477e-05,ffn_branch_signed,-0.00025963865482481197,12,sgd,0.00034227744723423434,800
C16-d16-L2-H1-m4-ffn32,0.47931016981601715,0.32806211709976196,ffn_cancellation_fraction,0.2437925860285759,12,sgd,0.06503048965844897,800
C16-d16-L2-H1-m4-ffn32,0.7314453125,0.6166178385416666,ffn_opposition_rate,0.5625,12,sgd,0.04855295034996014,800
C16-d16-L2-H1-m4-ffn32,0.002626318484544754,0.00031367137459407485,ffn_skip_signed,-0.00027566640346776694,12,sgd,0.0008378122159302067,800
C16-d16-L2-H1-m4-ffn32,0.0036846401635557413,0.0003796613309532404,ffn_total_signed,-0.0003578729520086199,12,sgd,0.001109882847677193,800
C16-d16-L2-H1-m4-ffn32,1.0,1.0,function_accuracy,1.0,12,sgd,0.0,800
C16-d16-L2-H1-m4-ffn32,0.010311354883015156,0.004987306077964604,natural_swap_mae,0.003191005904227495,12,sgd,0.001928607783527422,800
C16-d16-L2-H1-m4-ffn32,0.00034293526550754905,8.521183478175469e-05,natural_swap_mse,2.739833689702209e-05,12,sgd,8.725261162927561e-05,800
C16-d16-L2-H1-m4-ffn32,1.284637689590454,0.97687678784132,ov_distractor_gain,0.8445626497268677,12,sgd,0.12606616864599227,800
C16-d16-L2-H1-m4-ffn32,1.1853606402873993,0.7651210920885205,ov_log_target_over_distractor_gain,0.3994949609041214,12,sgd,0.22454191064842463,800
C16-d16-L2-H1-m4-ffn32,3.4321773052215576,2.4305177852511406,ov_target_gain,1.9565979540348053,12,sgd,0.3907141497364273,800
C16-d16-L2-H1-m4-ffn32,0.2898412048816681,0.2475915178656578,qk_cancellation_fraction,0.1946997195482254,12,sgd,0.02659794086923147,800
C16-d16-L2-H1-m4-ffn32,9.768226118467283e-05,2.7878002304267586e-05,qk_content_energy,6.507663044885703e-06,12,sgd,2.7315803826884034e-05,800
C16-d16-L2-H1-m4-ffn32,0.0005047935992479324,-3.564322355487093e-05,qk_content_signed,-0.0002647840592544526,12,sgd,0.0002262238139259366,800
C16-d16-L2-H1-m4-ffn32,0.58984375,0.541015625,qk_opposition_rate,0.474609375,12,sgd,0.029526796651949364,800
C16-d16-L2-H1-m4-ffn32,0.001109070290112868,0.0001399843955975181,qk_route_signed,-0.0003323924174765125,12,sgd,0.0003777686886560871,800
C16-d16-L2-H1-m4-ffn32,-0.5171706564724445,-1.003615581120054,qk_suppression_log_ratio,-1.2906214594841003,12,sgd,0.24282550401387815,800
C16-d16-L2-H1-m4-ffn32,0.0008848709403537214,0.00010434117969756092,qk_total_signed,-0.0002968844346469268,12,sgd,0.0004034095389995269,800
C16-d16-L2-H1-m4-ffn32,0.00027338837389834225,9.001192817474173e-05,risk,5.390003934735432e-05,12,sgd,6.035722045835377e-05,800
C16-d16-L2-H1-m4-ffn32,1.057615041732788,1.0076399842898052,target_key_effect,0.9621641635894775,12,sgd,0.033881272929895644,800
C16-d16-L2-H1-m4-ffn32,1.001617670059204,1.000602235396703,value_flip_effect,0.9991077184677124,12,sgd,0.000850235402938088,800
C16-d16-L2-H1-m4-ffn32,7.767850183881819e-05,4.1861572299239924e-05,walsh_bias_energy,2.3199305360321887e-05,12,sgd,1.828529161401475e-05,800
C16-d16-L2-H1-m4-ffn32,0.00011764719965867698,3.6425206417334266e-05,walsh_distractor_direct_energy,1.5947460269671865e-05,12,sgd,2.8879156406322656e-05,800
C16-d16-L2-H1-m4-ffn32,0.00010090809519169852,3.2541860491619445e-05,walsh_interaction_energy,1.2515145499492064e-05,12,sgd,2.4303695777403965e-05,800
C16-d16-L2-H1-m4-ffn32,1.0018179416656494,1.0006017138560612,walsh_target_coefficient,0.9990721940994263,12,sgd,0.0008764482601750706,800
C16-d16-L2-H1-m4-ffn32,0.00010323342576157302,5.486227564688306e-05,walsh_target_error_energy,3.418136475374922e-05,12,sgd,1.8596626336482827e-05,800
C16-d16-L2-H1-m4-ffn32,0.00039173386176116765,0.00016569091470349426,walsh_total_error_energy,0.0001011635540635325,12,sgd,8.001730644367723e-05,800
C16-d16-L2-H1-m4-ffnnone,0.015331161208450794,-0.006321766316735496,attention_key_selectivity,-0.03289726749062538,12,sgd,0.01146834242513484,0
C16-d16-L2-H1-m4-ffnnone,0.21575970947742462,0.2007805829246839,attention_mean_distractor_mass,0.1668686792254448,12,sgd,0.015770569863854274,0
C16-d16-L2-H1-m4-ffnnone,0.33334288001060486,0.20319945023705563,attention_self_mass,0.14876732230186462,12,sgd,0.06723439744417689,0
C16-d16-L2-H1-m4-ffnnone,0.2217191606760025,0.19445881868402162,attention_target_mass,0.14222846925258636,12,sgd,0.021968743686810233,0
C16-d16-L2-H1-m4-ffnnone,-0.01705581322312355,-0.15925791417248547,attention_target_over_distractor_log_margin,-0.38809583708643913,12,sgd,0.10286017868788624,0
C16-d16-L2-H1-m4-ffnnone,0.625,0.48974609375,donor_accuracy,0.38671875,12,sgd,0.0654495602452873,0
C16-d16-L2-H1-m4-ffnnone,3.0105152130126953,1.0654715200265248,donor_risk,0.5963432788848877,12,sgd,0.7187518641829973,0
C16-d16-L2-H1-m4-ffnnone,0.7035661339759827,0.6192736675341924,embedding_coherence,0.5073335766792297,12,sgd,0.05969237045508729,0
C16-d16-L2-H1-m4-ffnnone,8.403874397277832,7.757482210795085,embedding_effective_rank,6.781848907470703,12,sgd,0.5124959780989643,0
C16-d16-L2-H1-m4-ffnnone,0.615234375,0.4967447916666667,function_accuracy,0.3828125,12,sgd,0.06749572808890165,0
C16-d16-L2-H1-m4-ffnnone,0.29760387539863586,0.19579971147080263,natural_swap_mae,0.12045042961835861,12,sgd,0.055432048576800536,0
C16-d16-L2-H1-m4-ffnnone,0.2150137573480606,0.08422088188429673,natural_swap_mse,0.034784361720085144,12,sgd,0.059859074447887094,0
C16-d16-L2-H1-m4-ffnnone,1.0544920563697815,0.9524964913725853,ov_distractor_gain,0.8112470209598541,12,sgd,0.08941488064247857,0
C16-d16-L2-H1-m4-ffnnone,0.199908297508955,-0.05148716765688732,ov_log_target_over_distractor_gain,-0.2957853227853775,12,sgd,0.13524646323703188,0
C16-d16-L2-H1-m4-ffnnone,1.0406994819641113,0.8922925492127737,ov_target_gain,0.7368736565113068,12,sgd,0.11374093244041143,0
C16-d16-L2-H1-m4-ffnnone,0.27693748474121094,0.22990948831041655,qk_cancellation_fraction,0.16654294729232788,12,sgd,0.031177094053419622,0
C16-d16-L2-H1-m4-ffnnone,0.07703986763954163,0.03378287601905564,qk_content_energy,0.015440603718161583,12,sgd,0.022008329302387407,0
C16-d16-L2-H1-m4-ffnnone,0.0163006535731256,-0.0011738482959723722,qk_content_signed,-0.023849504999816418,12,sgd,0.013362547970300039,0
C16-d16-L2-H1-m4-ffnnone,0.57421875,0.5126139322916666,qk_opposition_rate,0.4541015625,12,sgd,0.035957128017210495,0
C16-d16-L2-H1-m4-ffnnone,0.0038794693537056446,-0.0029684894992290842,qk_route_signed,-0.012925272807478905,12,sgd,0.0051433716263233255,0
C16-d16-L2-H1-m4-ffnnone,0.02137566637247801,-0.19280222454108298,qk_suppression_log_ratio,-0.6513930559158325,12,sgd,0.17210704744324878,0
C16-d16-L2-H1-m4-ffnnone,0.020180122461169958,-0.004142337992864971,qk_total_signed,-0.0367747787386179,12,sgd,0.01692871242236209,0
C16-d16-L2-H1-m4-ffnnone,3.003941297531128,1.0585696051518123,risk,0.5688995122909546,12,sgd,0.7185630945173985,0
C16-d16-L2-H1-m4-ffnnone,0.19383536279201508,-0.0100413549807854,target_key_effect,-0.21243053674697876,12,sgd,0.11284408530573929,0
C16-d16-L2-H1-m4-ffnnone,0.2303975522518158,0.0007831278877953688,value_flip_effect,-0.24029983580112457,12,sgd,0.13274489751126403,0
C16-d16-L2-H1-m4-ffnnone,4.52419900894165,0.9490425804009041,walsh_bias_energy,0.11558438092470169,12,sgd,1.2960037865375398,0
C16-d16-L2-H1-m4-ffnnone,0.3888819217681885,0.10443214342618982,walsh_distractor_direct_energy,0.01650117337703705,12,sgd,0.12168126645123815,0
C16-d16-L2-H1-m4-ffnnone,0.05873645842075348,0.011756659271971634,walsh_interaction_energy,0.0016560724470764399,12,sgd,0.01712055053407898,0
C16-d16-L2-H1-m4-ffnnone,0.2247624397277832,-0.0005829913231233755,walsh_target_coefficient,-0.2485576719045639,12,sgd,0.1329108746379043,0
C16-d16-L2-H1-m4-ffnnone,1.6108119487762451,1.0307368487119675,walsh_target_error_energy,0.6352106332778931,12,sgd,0.27431517769189767,0
C16-d16-L2-H1-m4-ffnnone,5.629827499389648,2.0959682762622833,walsh_total_error_energy,1.1685209274291992,12,sgd,1.334866465579531,0
C16-d16-L2-H1-m4-ffnnone,0.5661090016365051,0.42899589193984866,attention_key_selectivity,0.020086640492081642,12,sgd,0.13745333638506568,200
C16-d16-L2-H1-m4-ffnnone,0.20462819933891296,0.08093601216872533,attention_mean_distractor_mass,0.051811300218105316,12,sgd,0.04014163942638615,200
C16-d16-L2-H1-m4-ffnnone,0.3687402084469795,0.2472600769251585,attention_self_mass,0.16140060871839523,12,sgd,0.05061172877240861,200
C16-d16-L2-H1-m4-ffnnone,0.6179202795028687,0.5099319033324718,attention_target_mass,0.22471483051776886,12,sgd,0.09988192525992638,200
C16-d16-L2-H1-m4-ffnnone,3.0396586656570435,2.499882163402314,attention_target_over_distractor_log_margin,0.05254026409238577,12,sgd,0.8013632645759405,200
C16-d16-L2-H1-m4-ffnnone,1.0,0.9793294270833334,donor_accuracy,0.7578125,12,sgd,0.0697800742692235,200
C16-d16-L2-H1-m4-ffnnone,0.33988410234451294,0.029715412526760094,donor_risk,0.00023116410011425614,12,sgd,0.09773081878152926,200
C16-d16-L2-H1-m4-ffnnone,0.8404337167739868,0.7181901037693024,embedding_coherence,0.6102960705757141,12,sgd,0.06719591543010495,200
C16-d16-L2-H1-m4-ffnnone,7.199674129486084,6.372652530670166,embedding_effective_rank,5.68418025970459,12,sgd,0.47837344740188403,200
C16-d16-L2-H1-m4-ffnnone,1.0,0.9788411458333334,function_accuracy,0.751953125,12,sgd,0.07147104891104894,200
C16-d16-L2-H1-m4-ffnnone,0.043687671422958374,0.013769532204605639,natural_swap_mae,0.005397404544055462,12,sgd,0.011489061059972395,200
C16-d16-L2-H1-m4-ffnnone,0.007614489644765854,0.001158854200184578,natural_swap_mse,8.569742931285873e-05,12,sgd,0.002219414174767909,200
C16-d16-L2-H1-m4-ffnnone,1.8588235974311829,1.0868028650681179,ov_distractor_gain,0.7896330952644348,12,sgd,0.2835493519544041,200
C16-d16-L2-H1-m4-ffnnone,1.0014120936393738,0.876742543031772,ov_log_target_over_distractor_gain,0.699138268828392,12,sgd,0.10082281421777305,200
C16-d16-L2-H1-m4-ffnnone,3.9443345069885254,2.631604477763176,ov_target_gain,2.0994068384170532,12,sgd,0.5749853364423347,200
C16-d16-L2-H1-m4-ffnnone,0.2938457876443863,0.2395570365091165,qk_cancellation_fraction,0.17205853760242462,12,sgd,0.03940459505280173,200
C16-d16-L2-H1-m4-ffnnone,0.005381689639762044,0.0005740510043210634,qk_content_energy,1.1313616823827033e-05,12,sgd,0.001541408542680707,200
C16-d16-L2-H1-m4-ffnnone,0.0025522157666273415,-6.582677906408207e-05,qk_content_signed,-0.0021235672757029533,12,sgd,0.001023643670092607,200
C16-d16-L2-H1-m4-ffnnone,0.6259765625,0.52734375,qk_opposition_rate,0.4775390625,12,sgd,0.04074841938687204,200
C16-d16-L2-H1-m4-ffnnone,0.0005623856850434095,-0.00035622594759843196,qk_route_signed,-0.0042633728589862585,12,sgd,0.00130603268123042,200
C16-d16-L2-H1-m4-ffnnone,-0.27584561705589294,-1.1702648562689622,qk_suppression_log_ratio,-1.9826863780617714,12,sgd,0.49476013197490387,200
C16-d16-L2-H1-m4-ffnnone,0.0005920809344388545,-0.0004220527575853339,qk_total_signed,-0.0022498478065244853,12,sgd,0.0009288921214453969,200
C16-d16-L2-H1-m4-ffnnone,0.34151148796081543,0.02972803172087879,risk,0.0002288863033754751,12,sgd,0.0982263129410085,200
C16-d16-L2-H1-m4-ffnnone,1.062976598739624,0.9489308223128319,target_key_effect,0.24851742386817932,12,sgd,0.22320853521829526,200
C16-d16-L2-H1-m4-ffnnone,1.0073416233062744,0.9380524580677351,value_flip_effect,0.28933748602867126,12,sgd,0.20438793016225923,200
C16-d16-L2-H1-m4-ffnnone,0.0033583559561520815,0.0007583753395010717,walsh_bias_energy,8.136250835377723e-05,12,sgd,0.0011802585249932273,200
C16-d16-L2-H1-m4-ffnnone,0.20768553018569946,0.01806657441193238,walsh_distractor_direct_energy,6.723978731315583e-05,12,sgd,0.059742456495721456,200
C16-d16-L2-H1-m4-ffnnone,0.004393020179122686,0.0004976497090562285,walsh_interaction_energy,3.6328627174953e-05,12,sgd,0.0012328372111970552,200
C16-d16-L2-H1-m4-ffnnone,1.0043063163757324,0.9376085797945658,walsh_target_coefficient,0.28879475593566895,12,sgd,0.20440663772265263,200
C16-d16-L2-H1-m4-ffnnone,0.5075472593307495,0.043173597601708025,walsh_target_error_energy,0.00016616738867014647,12,sgd,0.14624947759537563,200
C16-d16-L2-H1-m4-ffnnone,0.7190459966659546,0.06249619964607215,walsh_total_error_energy,0.0004570134333334863,12,sgd,0.20683472017887017,200
C16-d16-L2-H1-m4-ffnnone,0.5715043544769287,0.47344350069761276,attention_key_selectivity,0.39816808700561523,12,sgd,0.04497957239241301,400
C16-d16-L2-H1-m4-ffnnone,0.09082510229200125,0.07068905090757956,attention_mean_distractor_mass,0.04914574697613716,12,sgd,0.011686141679733348,400
C16-d16-L2-H1-m4-ffnnone,0.3733798786997795,0.24380030715838075,attention_self_mass,0.15520787052810192,12,sgd,0.05264098134883176,400
C16-d16-L2-H1-m4-ffnnone,0.6245276778936386,0.5441325511783361,attention_target_mass,0.47261475026607513,12,sgd,0.04243160652958973,400
C16-d16-L2-H1-m4-ffnnone,3.2984163761138916,2.836404209335645,attention_target_over_distractor_log_margin,2.5073078870773315,12,sgd,0.24567417211515025,400
C16-d16-L2-H1-m4-ffnnone,1.0,1.0,donor_accuracy,1.0,12,sgd,0.0,400
C16-d16-L2-H1-m4-ffnnone,0.002435533795505762,0.0003401516059966525,donor_risk,9.217482147505507e-05,12,sgd,0.0006617130308219006,400
C16-d16-L2-H1-m4-ffnnone,0.8394050002098083,0.732253630956014,embedding_coherence,0.6122527122497559,12,sgd,0.058515546883615065,400
C16-d16-L2-H1-m4-ffnnone,7.041423320770264,6.207339644432068,embedding_effective_rank,5.284335136413574,12,sgd,0.4937435841879474,400
C16-d16-L2-H1-m4-ffnnone,1.0,1.0,function_accuracy,1.0,12,sgd,0.0,400
C16-d16-L2-H1-m4-ffnnone,0.03293036296963692,0.0078093212796375155,natural_swap_mae,0.003222555387765169,12,sgd,0.008035064483850165,400
C16-d16-L2-H1-m4-ffnnone,0.003006706014275551,0.0003327162715625794,natural_swap_mse,2.940725244116038e-05,12,sgd,0.0008435132393691576,400
C16-d16-L2-H1-m4-ffnnone,1.780795693397522,1.0567565287152927,ov_distractor_gain,0.7818197011947632,12,sgd,0.26367699426277313,400
C16-d16-L2-H1-m4-ffnnone,1.0937092006206512,0.9444969634835919,ov_log_target_over_distractor_gain,0.7199805118143559,12,sgd,0.12099510002074243,400
C16-d16-L2-H1-m4-ffnnone,4.245280504226685,2.7738484889268875,ov_target_gain,2.2159754037857056,12,sgd,0.6306373869195898,400
C16-d16-L2-H1-m4-ffnnone,0.30473656952381134,0.24002216507991156,qk_cancellation_fraction,0.1846122294664383,12,sgd,0.03973405956830382,400
C16-d16-L2-H1-m4-ffnnone,0.0003739446360668808,5.4330792664814e-05,qk_content_energy,6.59512545553298e-06,12,sgd,0.00010305028196861162,400
C16-d16-L2-H1-m4-ffnnone,0.0012838056209147908,4.027175979596601e-05,qk_content_signed,-0.00034759978734655306,12,sgd,0.0004134508313619809,400
C16-d16-L2-H1-m4-ffnnone,0.58984375,0.5318196614583334,qk_opposition_rate,0.48828125,12,sgd,0.028381345667486287,400
C16-d16-L2-H1-m4-ffnnone,0.000354007504938636,-7.671061181705834e-05,qk_route_signed,-0.001382341855787672,12,sgd,0.0004714697196455127,400
C16-d16-L2-H1-m4-ffnnone,-0.5077025890350342,-1.1066621208253007,qk_suppression_log_ratio,-1.9692536108195782,12,sgd,0.43248442471107856,400
C16-d16-L2-H1-m4-ffnnone,0.00040408153290627524,-3.643885785701665e-05,qk_total_signed,-0.0005998238630127162,12,sgd,0.0002982802475924711,400
C16-d16-L2-H1-m4-ffnnone,0.0022692084312438965,0.00032322407969331834,risk,9.376492380397394e-05,12,sgd,0.0006141986867443021,400
C16-d16-L2-H1-m4-ffnnone,1.0538214445114136,1.0149242629607518,target_key_effect,0.9595478773117065,12,sgd,0.03052446254544186,400
C16-d16-L2-H1-m4-ffnnone,1.0027761459350586,0.9993949383497238,value_flip_effect,0.9898353219032288,12,sgd,0.0035443560970143985,400
C16-d16-L2-H1-m4-ffnnone,0.0008097637910395861,0.0001290447729237106,walsh_bias_energy,3.0465325835393742e-05,12,sgd,0.0002168191786197778,400
C16-d16-L2-H1-m4-ffnnone,0.0017866771668195724,0.0002120309821596796,walsh_distractor_direct_energy,3.0257171601988375e-05,12,sgd,0.0004967773139126046,400
C16-d16-L2-H1-m4-ffnnone,0.00034146319376304746,6.444852851927863e-05,walsh_interaction_energy,1.936335684149526e-05,12,sgd,8.919072365361826e-05,400
C16-d16-L2-H1-m4-ffnnone,1.002445936203003,0.9993592997392019,walsh_target_coefficient,0.9904754161834717,12,sgd,0.003306572937613793,400
C16-d16-L2-H1-m4-ffnnone,0.0021020807325839996,0.0002919466599754135,walsh_target_error_energy,6.221109651960433e-05,12,sgd,0.0005713520035952518,400
C16-d16-L2-H1-m4-ffnnone,0.005039984825998545,0.0006974709419106754,walsh_total_error_energy,0.00019161372620146722,12,sgd,0.0013703099877461669,400
C16-d16-L2-H1-m4-ffnnone,0.5679409503936768,0.4756173963348071,attention_key_selectivity,0.4030236005783081,12,sgd,0.0432861837298333,800
C16-d16-L2-H1-m4-ffnnone,0.08493712916970253,0.07008353904044877,attention_mean_distractor_mass,0.049052901566028595,12,sgd,0.010526235679710023,800
C16-d16-L2-H1-m4-ffnnone,0.3718634396791458,0.2440484524704516,attention_self_mass,0.16059519909322262,12,sgd,0.05170182827040192,800
C16-d16-L2-H1-m4-ffnnone,0.6224584877490997,0.5457009387513002,attention_target_mass,0.47629816830158234,12,sgd,0.041726914129054375,800
C16-d16-L2-H1-m4-ffnnone,3.9824505001306534,2.9491986371576786,attention_target_over_distractor_log_margin,2.5442833304405212,12,sgd,0.39585648040650634,800
C16-d16-L2-H1-m4-ffnnone,1.0,1.0,donor_accuracy,1.0,12,sgd,0.0,800
C16-d16-L2-H1-m4-ffnnone,0.00034259905805811286,8.630944648757577e-05,donor_risk,4.54508226539474e-05,12,sgd,8.196954672198397e-05,800
C16-d16-L2-H1-m4-ffnnone,0.8376317024230957,0.732384999593099,embedding_coherence,0.6136696338653564,12,sgd,0.05763217361624224,800
C16-d16-L2-H1-m4-ffnnone,7.0334272384643555,6.196525494257609,embedding_effective_rank,5.205127716064453,12,sgd,0.5042560973146413,800
C16-d16-L2-H1-m4-ffnnone,1.0,1.0,function_accuracy,1.0,12,sgd,0.0,800
C16-d16-L2-H1-m4-ffnnone,0.013778412714600563,0.0045453988132067025,natural_swap_mae,0.0023154597729444504,12,sgd,0.00299698117556334,800
C16-d16-L2-H1-m4-ffnnone,0.0004012601566500962,6.820127153635742e-05,natural_swap_mse,1.4459493286267389e-05,12,sgd,0.00010597827770163749,800
C16-d16-L2-H1-m4-ffnnone,1.729077160358429,1.0386713594198227,ov_distractor_gain,0.7742691040039062,12,sgd,0.251750580291161,800
C16-d16-L2-H1-m4-ffnnone,1.1563594937324524,0.9922131259615222,ov_log_target_over_distractor_gain,0.737767469137907,12,sgd,0.1276137938371701,800
C16-d16-L2-H1-m4-ffnnone,4.284375786781311,2.860940476258596,ov_target_gain,2.3145129680633545,12,sgd,0.6225305156544201,800
C16-d16-L2-H1-m4-ffnnone,0.3113136291503906,0.24244637601077557,qk_cancellation_fraction,0.17600534111261368,12,sgd,0.04211946972026089,800
C16-d16-L2-H1-m4-ffnnone,9.376363800583931e-05,1.999324374916493e-05,qk_content_energy,4.357722332315461e-06,12,sgd,2.5633269366677645e-05,800
C16-d16-L2-H1-m4-ffnnone,0.0007689749290875625,1.9006946937831042e-05,qk_content_signed,-0.0002676255753613077,12,sgd,0.0002552286886849504,800
C16-d16-L2-H1-m4-ffnnone,0.607421875,0.5428059895833334,qk_opposition_rate,0.498046875,12,sgd,0.03091201652783838,800
C16-d16-L2-H1-m4-ffnnone,0.00028334745729807764,3.309898943371081e-05,qk_route_signed,-0.0002686512852960732,12,sgd,0.00018026509422945045,800
C16-d16-L2-H1-m4-ffnnone,-0.4728713184595108,-0.9799623487051576,qk_suppression_log_ratio,-1.6657280027866364,12,sgd,0.34723304783292686,800
C16-d16-L2-H1-m4-ffnnone,0.0005627814753097482,5.2105930687199965e-05,qk_total_signed,-0.0003505097047309391,12,sgd,0.0002672113792547596,800
C16-d16-L2-H1-m4-ffnnone,0.00031325925374403596,8.317080846609315e-05,risk,4.607844311976805e-05,12,sgd,7.355479117344014e-05,800
C16-d16-L2-H1-m4-ffnnone,1.0482006072998047,1.0151009658972423,target_key_effect,0.9535263776779175,12,sgd,0.03243951163840682,800
C16-d16-L2-H1-m4-ffnnone,1.001644492149353,0.9995580514272054,value_flip_effect,0.9979228973388672,12,sgd,0.0009967494948109705,800
C16-d16-L2-H1-m4-ffnnone,0.00015826676099095494,3.827914103264144e-05,walsh_bias_energy,1.2971459000254981e-05,12,sgd,3.915560977314322e-05,800
C16-d16-L2-H1-m4-ffnnone,0.00019128888379782438,4.109167760664908e-05,walsh_distractor_direct_energy,1.4724719221703708e-05,12,sgd,4.835240267442687e-05,800
C16-d16-L2-H1-m4-ffnnone,7.584967534057796e-05,2.2787744228480733e-05,walsh_interaction_energy,1.1699796232278459e-05,12,sgd,1.7883549613091493e-05,800
C16-d16-L2-H1-m4-ffnnone,1.0016237497329712,0.9995392809311548,walsh_target_coefficient,0.9978816509246826,12,sgd,0.000965301010287444,800
C16-d16-L2-H1-m4-ffnnone,0.00025170083972625434,7.153558726713527e-05,walsh_target_error_energy,2.9856299079256132e-05,12,sgd,5.840632037445765e-05,800
C16-d16-L2-H1-m4-ffnnone,0.0006771060870960355,0.00017369414733063118,walsh_total_error_energy,9.275632328353822e-05,12,sgd,0.00016057704487947252,800
C16-d16-L2-H4-m4-ffn32,0.002083336003124714,-0.005886057255944858,attention_key_selectivity,-0.011755725368857384,12,sgd,0.0037603248550552946,0
C16-d16-L2-H4-m4-ffn32,0.20899478159844875,0.19417084124870598,attention_mean_distractor_mass,0.1788482628762722,12,sgd,0.009437358265494411,0
C16-d16-L2-H4-m4-ffn32,0.29465757869184017,0.22920270672087403,attention_self_mass,0.17084850883111358,12,sgd,0.03889498846551968,0
C16-d16-L2-H4-m4-ffn32,0.20216715894639492,0.18828478544795266,attention_target_mass,0.16879764012992382,12,sgd,0.011028096246642314,0
C16-d16-L2-H4-m4-ffn32,-0.15249965898692608,-0.2078229550194616,attention_target_over_distractor_log_margin,-0.34930300805717707,12,sgd,0.054035370803673516,0
C16-d16-L2-H4-m4-ffn32,0.5859375,0.5105794270833334,donor_accuracy,0.44921875,12,sgd,0.03791330094568254,0
C16-d16-L2-H4-m4-ffn32,3.3509297370910645,1.185233677426974,donor_risk,0.5596205592155457,12,sgd,0.8425754429026882,0
C16-d16-L2-H4-m4-ffn32,0.7056615352630615,0.6333619902531306,embedding_coherence,0.5239017605781555,12,sgd,0.055883182771460635,0
C16-d16-L2-H4-m4-ffn32,8.813401222229004,8.08121391137441,embedding_effective_rank,7.553332805633545,12,sgd,0.39319141354762094,0
C16-d16-L2-H4-m4-ffn32,0.020818585995584726,0.0032260569278150797,ffn_branch_signed,-0.029534658417105675,12,sgd,0.013507179490498468,0
C16-d16-L2-H4-m4-ffn32,0.387037068605423,0.27096563080946606,ffn_cancellation_fraction,0.1862224116921425,12,sgd,0.06582129091223282,0
C16-d16-L2-H4-m4-ffn32,0.6416015625,0.5015462239583334,ffn_opposition_rate,0.3720703125,12,sgd,0.09794653087228668,0
C16-d16-L2-H4-m4-ffn32,0.034151624888181686,0.010425630209889883,ffn_skip_signed,-0.010798298753798008,12,sgd,0.013378552750055162,0
C16-d16-L2-H4-m4-ffn32,0.049103131517767906,0.013651687622768804,ffn_total_signed,-0.04033295623958111,12,sgd,0.025677875765730766,0
C16-d16-L2-H4-m4-ffn32,0.572265625,0.5099283854166666,function_accuracy,0.4453125,12,sgd,0.036610340119353046,0
C16-d16-L2-H4-m4-ffn32,0.2662794888019562,0.17777851223945618,natural_swap_mae,0.08404134213924408,12,sgd,0.04970706127489364,0
C16-d16-L2-H4-m4-ffn32,0.13754874467849731,0.06431283856121202,natural_swap_mse,0.011591496877372265,12,sgd,0.03382080823114324,0
C16-d16-L2-H4-m4-ffn32,0.4982927106320858,0.4533947144324581,ov_distractor_gain,0.4018835090100765,12,sgd,0.02879713033289307,0
C16-d16-L2-H4-m4-ffn32,0.1482422777917236,-0.008966498542577028,ov_log_target_over_distractor_gain,-0.20226121344603598,12,sgd,0.11105704965264826,0
C16-d16-L2-H4-m4-ffn32,0.5144970454275608,0.4401302559611698,ov_target_gain,0.3255028445273638,12,sgd,0.05255817353603829,0
C16-d16-L2-H4-m4-ffn32,0.24391340091824532,0.2224312035056452,qk_cancellation_fraction,0.201179763302207,12,sgd,0.01295255690837397,0
C16-d16-L2-H4-m4-ffn32,0.01741648599272594,0.00741694322823605,qk_content_energy,0.0012412501746439375,12,sgd,0.004418898742827793,0
C16-d16-L2-H4-m4-ffn32,0.0074327168258605525,0.0013723410926710737,qk_content_signed,-0.0078051622258499265,12,sgd,0.004140005905487307,0
C16-d16-L2-H4-m4-ffn32,0.519775390625,0.50286865234375,qk_opposition_rate,0.485107421875,12,sgd,0.012526503555432724,0
C16-d16-L2-H4-m4-ffn32,0.0026194739766651765,0.0007918482676814165,qk_route_signed,-0.0017726451842463575,12,sgd,0.001048284663926736,0
C16-d16-L2-H4-m4-ffn32,-0.17912885127589107,-0.26581710863198776,qk_suppression_log_ratio,-0.4156447071582079,12,sgd,0.07651094254972708,0
C16-d16-L2-H4-m4-ffn32,0.010052190817077644,0.0021641893769507683,qk_total_signed,-0.009577807737514377,12,sgd,0.005054302536313081,0
C16-d16-L2-H4-m4-ffn32,3.347142219543457,1.18742968638738,risk,0.5575050115585327,12,sgd,0.8407020072484241,0
C16-d16-L2-H4-m4-ffn32,0.19041861593723297,0.015311496991974613,target_key_effect,-0.07696080207824707,12,sgd,0.07031845030897314,0
C16-d16-L2-H4-m4-ffn32,0.2116854339838028,0.020806007087230682,value_flip_effect,-0.07666371017694473,12,sgd,0.07807686829964412,0
C16-d16-L2-H4-m4-ffn32,5.462130546569824,1.3331674113869667,walsh_bias_energy,0.12392017245292664,12,sgd,1.6129156409318035,0
C16-d16-L2-H4-m4-ffn32,0.20528768002986908,0.05903765046969056,walsh_distractor_direct_energy,0.0067122019827365875,12,sgd,0.04955089682314029,0
C16-d16-L2-H4-m4-ffn32,0.07127609848976135,0.016770308565658826,walsh_interaction_energy,0.0009356066584587097,12,sgd,0.02083147345293605,0
C16-d16-L2-H4-m4-ffn32,0.21031278371810913,0.019904754667853315,walsh_target_coefficient,-0.07679014652967453,12,sgd,0.07864408393439527,0
C16-d16-L2-H4-m4-ffn32,1.1766266822814941,0.9753870417674383,walsh_target_error_energy,0.6450549960136414,12,sgd,0.14709183560872788,0
C16-d16-L2-H4-m4-ffn32,6.705506324768066,2.3843624194463096,walsh_total_error_energy,1.1217453479766846,12,sgd,1.659309928241244,0
C16-d16-L2-H4-m4-ffn32,0.1857689619064331,0.14006171189248562,attention_key_selectivity,0.09139185398817062,12,sgd,0.026716577153000378,200
C16-d16-L2-H4-m4-ffn32,0.17015789449214935,0.1514776572973157,attention_mean_distractor_mass,0.1309029385447502,12,sgd,0.011962441483005376,200
C16-d16-L2-H4-m4-ffn32,0.3413036670535803,0.25402767513878644,attention_self_mass,0.21823152992874384,12,sgd,0.037496876743571654,200
C16-d16-L2-H4-m4-ffn32,0.3316577021032572,0.2915393651443689,attention_target_mass,0.2615497405640781,12,sgd,0.02139008319171448,200
C16-d16-L2-H4-m4-ffn32,1.0263209380209446,0.6785281393288946,attention_target_over_distractor_log_margin,0.41202539671212435,12,sgd,0.19430104933295905,200
C16-d16-L2-H4-m4-ffn32,1.0,0.99951171875,donor_accuracy,0.99609375,12,sgd,0.0012140264853673067,200
C16-d16-L2-H4-m4-ffn32,0.017327342182397842,0.0043497102936574565,donor_risk,0.0004260813002474606,12,sgd,0.006324713798385162,200
C16-d16-L2-H4-m4-ffn32,0.7963951230049133,0.7213429510593414,embedding_coherence,0.6445364952087402,12,sgd,0.05423558973807696,200
C16-d16-L2-H4-m4-ffn32,7.013123512268066,6.006194512049357,embedding_effective_rank,5.344183444976807,12,sgd,0.5085735206950538,200
C16-d16-L2-H4-m4-ffn32,0.0015602049825247377,0.0004412109610711923,ffn_branch_signed,-0.0011214053447474726,12,sgd,0.0009492097040785346,200
C16-d16-L2-H4-m4-ffn32,0.356473833322525,0.27439774200320244,ffn_cancellation_fraction,0.11983620747923851,12,sgd,0.07935091348765454,200
C16-d16-L2-H4-m4-ffn32,0.634765625,0.543212890625,ffn_opposition_rate,0.3212890625,12,sgd,0.10367390226559059,200
C16-d16-L2-H4-m4-ffn32,0.003622968215495348,0.0004240524037110542,ffn_skip_signed,-0.002554801758378744,12,sgd,0.0018326593940610853,200
C16-d16-L2-H4-m4-ffn32,0.00394602376036346,0.0008652633284024583,ffn_total_signed,-0.003418189939111471,12,sgd,0.0023284655273560335,200
C16-d16-L2-H4-m4-ffn32,1.0,0.9990234375,function_accuracy,0.990234375,12,sgd,0.0028242140839110203,200
C16-d16-L2-H4-m4-ffn32,0.08805223554372787,0.03352731768973172,natural_swap_mae,0.011783730238676071,12,sgd,0.027653076924596287,200
C16-d16-L2-H4-m4-ffn32,0.029221083968877792,0.0062363001294822125,natural_swap_mse,0.0002931106719188392,12,sgd,0.01027471335646617,200
C16-d16-L2-H4-m4-ffn32,0.6577060893177986,0.5002775369212031,ov_distractor_gain,0.41510625928640366,12,sgd,0.07375107515354257,200
C16-d16-L2-H4-m4-ffn32,0.610159058123827,0.3660301007621456,ov_log_target_over_distractor_gain,0.10977272037416697,12,sgd,0.13985302696745877,200
C16-d16-L2-H4-m4-ffn32,1.204304113984108,0.8850354676445326,ov_target_gain,0.7060583904385567,12,sgd,0.1395185672552902,200
C16-d16-L2-H4-m4-ffn32,0.24843709357082844,0.2289763561760386,qk_cancellation_fraction,0.20508581213653088,12,sgd,0.011543758973953017,200
C16-d16-L2-H4-m4-ffn32,0.0003385017057553341,0.00013506761042592075,qk_content_energy,3.112853298148366e-05,12,sgd,0.00011541673040174628,200
C16-d16-L2-H4-m4-ffn32,0.0004139950433454942,2.3308806495000074e-05,qk_content_signed,-0.00034494521423766855,12,sgd,0.00019931336875934148,200
C16-d16-L2-H4-m4-ffn32,0.53857421875,0.51690673828125,qk_opposition_rate,0.494140625,12,sgd,0.01286959232725018,200
C16-d16-L2-H4-m4-ffn32,0.0004744235170619504,-1.2629643625435468e-05,qk_route_signed,-0.0012495155606302433,12,sgd,0.0004400627484545981,200
C16-d16-L2-H4-m4-ffn32,-0.53444938454777,-0.7823062150855549,qk_suppression_log_ratio,-1.1032075500115752,12,sgd,0.166858476878346,200
C16-d16-L2-H4-m4-ffn32,0.0005162340003153076,1.0679152561957986e-05,qk_total_signed,-0.0015944608876452548,12,sgd,0.0005550350225309302,200
C16-d16-L2-H4-m4-ffn32,0.020815983414649963,0.004807162200449966,risk,0.00047140574315562844,12,sgd,0.007532845360736447,200
C16-d16-L2-H4-m4-ffn32,1.074962854385376,0.9965780973434448,target_key_effect,0.9574819207191467,12,sgd,0.032250725123481296,200
C16-d16-L2-H4-m4-ffn32,1.0025228261947632,0.99034550289313,value_flip_effect,0.9565137624740601,12,sgd,0.015391237768008239,200
C16-d16-L2-H4-m4-ffn32,0.0034307867754250765,0.0011368268314981833,walsh_bias_energy,0.00026259972946718335,12,sgd,0.0011579777439875171,200
C16-d16-L2-H4-m4-ffn32,0.0185750350356102,0.003981653889544153,walsh_distractor_direct_energy,0.00017323443898931146,12,sgd,0.006895125393838363,200
C16-d16-L2-H4-m4-ffn32,0.003171824384480715,0.0010308458950021304,walsh_interaction_energy,0.00022392789833247662,12,sgd,0.001095674143962193,200
C16-d16-L2-H4-m4-ffn32,1.0020997524261475,0.9906836946805319,walsh_target_coefficient,0.9566330313682556,12,sgd,0.014980037234240648,200
C16-d16-L2-H4-m4-ffn32,0.014495544135570526,0.0033119819587833868,walsh_target_error_energy,0.0002612211974337697,12,sgd,0.0052402501532444485,200
C16-d16-L2-H4-m4-ffn32,0.039361029863357544,0.009461308451136574,walsh_total_error_energy,0.0009209832642227411,12,sgd,0.01416366752414062,200
C16-d16-L2-H4-m4-ffn32,0.20406696200370789,0.15040148794651031,attention_key_selectivity,0.09520493447780609,12,sgd,0.03182155095757769,400
C16-d16-L2-H4-m4-ffn32,0.1701877631712705,0.14772763392344737,attention_mean_distractor_mass,0.12034577992744744,12,sgd,0.014594224000380272,400
C16-d16-L2-H4-m4-ffn32,0.3407441880553961,0.25868798994148773,attention_self_mass,0.21543727070093155,12,sgd,0.039973168693956354,400
C16-d16-L2-H4-m4-ffn32,0.3366138283163309,0.298129122214353,attention_target_mass,0.26539270114153624,12,sgd,0.022802357780438622,400
C16-d16-L2-H4-m4-ffn32,1.26769560854882,0.7806326367814714,attention_target_over_distractor_log_margin,0.4437517988262698,12,sgd,0.25681789454807885,400
C16-d16-L2-H4-m4-ffn32,1.0,1.0,donor_accuracy,1.0,12,sgd,0.0,400
C16-d16-L2-H4-m4-ffn32,0.0008947215974330902,0.0004208673247679447,donor_risk,0.00018517342687118798,12,sgd,0.00025649724443384253,400
C16-d16-L2-H4-m4-ffn32,0.7987755537033081,0.7252110441525778,embedding_coherence,0.6568973064422607,12,sgd,0.053833770877628855,400
C16-d16-L2-H4-m4-ffn32,7.033013343811035,5.949475725491841,embedding_effective_rank,5.252514362335205,12,sgd,0.5319420602233476,400
C16-d16-L2-H4-m4-ffn32,0.0011042996047763154,0.0002983706593416476,ffn_branch_signed,-0.0007416035150527023,12,sgd,0.000565089717376062,400
C16-d16-L2-H4-m4-ffn32,0.41611050069332123,0.3270502897600333,ffn_cancellation_fraction,0.21866130083799362,12,sgd,0.05303782550076051,400
C16-d16-L2-H4-m4-ffn32,0.673828125,0.6163736979166666,ffn_opposition_rate,0.498046875,12,sgd,0.05051907527668802,400
C16-d16-L2-H4-m4-ffn32,0.0020852062734775245,0.0006042864351911703,ffn_skip_signed,-0.000821251654997468,12,sgd,0.0008868832126630147,400
C16-d16-L2-H4-m4-ffn32,0.002699927892535925,0.0009026570939264881,ffn_total_signed,-0.00047093097236938775,12,sgd,0.0010639547234012508,400
C16-d16-L2-H4-m4-ffn32,1.0,1.0,function_accuracy,1.0,12,sgd,0.0,400
C16-d16-L2-H4-m4-ffn32,0.01958579197525978,0.012499155282663802,natural_swap_mae,0.007620600517839193,12,sgd,0.003956333850627069,400
C16-d16-L2-H4-m4-ffn32,0.0008961292332969606,0.0004363667521829484,natural_swap_mse,0.0001211998678627424,12,sgd,0.000299019811655728,400
C16-d16-L2-H4-m4-ffn32,0.6461607813835144,0.49092613129566115,ov_distractor_gain,0.4126455970108509,12,sgd,0.06839154008139002,400
C16-d16-L2-H4-m4-ffn32,0.5984313733060844,0.3520827849715715,ov_log_target_over_distractor_gain,0.12025080248713493,12,sgd,0.13826072193926628,400
C16-d16-L2-H4-m4-ffn32,1.185824517160654,0.8874937601697942,ov_target_gain,0.7002725787460804,12,sgd,0.13129584684250586,400
C16-d16-L2-H4-m4-ffn32,0.24004135839641094,0.22728810870709518,qk_cancellation_fraction,0.20870436169207096,12,sgd,0.00941131152498307,400
C16-d16-L2-H4-m4-ffn32,6.867260862009061e-05,3.162995213716139e-05,qk_content_energy,1.338286472218897e-05,12,sgd,1.8605465824631512e-05,400
C16-d16-L2-H4-m4-ffn32,0.00026797832106240094,1.0997687563000605e-05,qk_content_signed,-0.00015280541992979124,12,sgd,0.00012237818304229847,400
C16-d16-L2-H4-m4-ffn32,0.544921875,0.5210978190104166,qk_opposition_rate,0.512451171875,12,sgd,0.010061038270997956,400
C16-d16-L2-H4-m4-ffn32,0.0003447280269028852,9.478957660273106e-05,qk_route_signed,-5.607743605651194e-05,12,sgd,0.00012243005149825928,400
C16-d16-L2-H4-m4-ffn32,-0.4584222889970988,-0.7295945048438929,qk_suppression_log_ratio,-1.1008614832535386,12,sgd,0.166127260588202,400
C16-d16-L2-H4-m4-ffn32,0.00036810963320021983,0.00010578725996879257,qk_total_signed,-0.00018115675266017206,12,sgd,0.0001834965139086132,400
C16-d16-L2-H4-m4-ffn32,0.0009321625693701208,0.0003986986715365977,risk,0.00019164335390087217,12,sgd,0.0002542161532992587,400
C16-d16-L2-H4-m4-ffn32,1.0665369033813477,1.0062489956617355,target_key_effect,0.9697850346565247,12,sgd,0.03152900493511059,400
C16-d16-L2-H4-m4-ffn32,1.003026008605957,1.0003281782070796,value_flip_effect,0.9985452890396118,12,sgd,0.0014236161720459094,400
C16-d16-L2-H4-m4-ffn32,0.00032654748065397143,0.00017799945817387197,walsh_bias_energy,9.099763701669872e-05,12,sgd,8.321054899186523e-05,400
C16-d16-L2-H4-m4-ffn32,0.0006452059024013579,0.00020627561995449165,walsh_distractor_direct_energy,6.515874702017754e-05,12,sgd,0.00017865295912142801,400
C16-d16-L2-H4-m4-ffn32,0.0003902164753526449,0.00015973299014149234,walsh_interaction_energy,8.478207746520638e-05,12,sgd,8.151178055243871e-05,400
C16-d16-L2-H4-m4-ffn32,1.0031039714813232,1.0003356635570526,walsh_target_coefficient,0.9988299608230591,12,sgd,0.0013169654812227633,400
C16-d16-L2-H4-m4-ffn32,0.0005882917903363705,0.00025055244683850714,walsh_target_error_energy,9.454933751840144e-05,12,sgd,0.00015383083774179912,400
C16-d16-L2-H4-m4-ffn32,0.0017563386354595423,0.0007945605126830438,walsh_total_error_energy,0.00038212252547964454,12,sgd,0.00045706457193453643,400
C16-d16-L2-H4-m4-ffn32,0.21107181906700134,0.15395880242188772,attention_key_selectivity,0.09540437161922455,12,sgd,0.032942471804071255,800
C16-d16-L2-H4-m4-ffn32,0.17007678630761802,0.1457841813826235,attention_mean_distractor_mass,0.1150790173560381,12,sgd,0.015708455326500673,800
C16-d16-L2-H4-m4-ffn32,0.3471212303265929,0.26290449135315913,attention_self_mass,0.21518399193882942,12,sgd,0.04310926943223967,800
C16-d16-L2-H4-m4-ffn32,0.33920575492084026,0.2997429828586367,attention_target_mass,0.26548116002231836,12,sgd,0.02320001209490742,800
C16-d16-L2-H4-m4-ffn32,1.3666205659974366,0.8206634306019017,attention_target_over_distractor_log_margin,0.447051651077345,12,sgd,0.2753220108832754,800
C16-d16-L2-H4-m4-ffn32,1.0,1.0,donor_accuracy,1.0,12,sgd,0.0,800
C16-d16-L2-H4-m4-ffn32,0.00030002265702933073,0.0001550710755206334,donor_risk,7.15420683263801e-05,12,sgd,7.556891636951195e-05,800
C16-d16-L2-H4-m4-ffn32,0.8003416657447815,0.7278336683909098,embedding_coherence,0.6565953493118286,12,sgd,0.053348286372052835,800
C16-d16-L2-H4-m4-ffn32,7.023608684539795,5.914880871772766,embedding_effective_rank,5.218568801879883,12,sgd,0.5361448568698352,800
C16-d16-L2-H4-m4-ffn32,0.0007897852738096844,0.0001460322321994075,ffn_branch_signed,-0.0007136461263144156,12,sgd,0.00042621603569245966,800
C16-d16-L2-H4-m4-ffn32,0.4826074093580246,0.3540465980768204,ffn_cancellation_fraction,0.2689269185066223,12,sgd,0.06322999253355621,800
C16-d16-L2-H4-m4-ffn32,0.7470703125,0.64404296875,ffn_opposition_rate,0.5400390625,12,sgd,0.059249262937959034,800
C16-d16-L2-H4-m4-ffn32,0.0016003769123926759,0.0004559013050311478,ffn_skip_signed,-0.0006950785755179822,12,sgd,0.0007087158873608396,800
C16-d16-L2-H4-m4-ffn32,0.001973493315745145,0.000601933536472643,ffn_total_signed,-0.0006791387277189642,12,sgd,0.0008143066597460878,800
C16-d16-L2-H4-m4-ffn32,1.0,1.0,function_accuracy,1.0,12,sgd,0.0,800
C16-d16-L2-H4-m4-ffn32,0.012141101062297821,0.008058163415019711,natural_swap_mae,0.0055346256121993065,12,sgd,0.002058782865778677,800
C16-d16-L2-H4-m4-ffn32,0.0003168828843627125,0.00014620297103344151,natural_swap_mse,5.7839562941808254e-05,12,sgd,8.010257504368744e-05,800
C16-d16-L2-H4-m4-ffn32,0.64411860704422,0.48616460245102644,ov_distractor_gain,0.4108854681253433,12,sgd,0.06700499404352256,800
C16-d16-L2-H4-m4-ffn32,0.5886276393430308,0.34544954680798884,ov_log_target_over_distractor_gain,0.12131460383534431,12,sgd,0.13908998892181088,800
C16-d16-L2-H4-m4-ffn32,1.1725108623504639,0.8908867399829129,ov_target_gain,0.6976991798728704,12,sgd,0.12736592791641288,800
C16-d16-L2-H4-m4-ffn32,0.2461352739483118,0.225956972145165,qk_cancellation_fraction,0.21037483774125576,12,sgd,0.010506973974955452,800
C16-d16-L2-H4-m4-ffn32,3.286344916375583e-05,1.5581230347727626e-05,qk_content_energy,7.191138308826339e-06,12,sgd,8.567782625928224e-06,800
C16-d16-L2-H4-m4-ffn32,0.0001787946139302221,6.255197376958677e-06,qk_content_signed,-9.89121917882585e-05,12,sgd,8.932642298165452e-05,800
C16-d16-L2-H4-m4-ffn32,0.537841796875,0.5213623046875,qk_opposition_rate,0.508544921875,12,sgd,0.008471043247764695,800
C16-d16-L2-H4-m4-ffn32,0.0002464305689500179,6.468734693025151e-05,qk_route_signed,-4.55598587905115e-05,12,sgd,8.019516154658359e-05,800
C16-d16-L2-H4-m4-ffn32,-0.43991531943902373,-0.6839817347499775,qk_suppression_log_ratio,-1.0034868335351348,12,sgd,0.14712679593902933,800
C16-d16-L2-H4-m4-ffn32,0.00026396822340757353,7.094254259243371e-05,qk_total_signed,-0.00014447203739109682,12,sgd,0.00011962935815191394,800
C16-d16-L2-H4-m4-ffn32,0.0003029947984032333,0.00015732836739819808,risk,7.561681559309363e-05,12,sgd,7.706444588323918e-05,800
C16-d16-L2-H4-m4-ffn32,1.0642755031585693,1.0066186288992565,target_key_effect,0.9692755341529846,12,sgd,0.029326508216088856,800
C16-d16-L2-H4-m4-ffn32,1.0022348165512085,1.000063916047414,value_flip_effect,0.9968407154083252,12,sgd,0.0014599993576738589,800
C16-d16-L2-H4-m4-ffn32,0.00012633010919671506,7.636490757552868e-05,walsh_bias_energy,2.9432174414978363e-05,12,sgd,3.209174182966337e-05,800
C16-d16-L2-H4-m4-ffn32,0.00016372615937143564,6.796692529557428e-05,walsh_distractor_direct_energy,2.392041278653778e-05,12,sgd,4.343512588764155e-05,800
C16-d16-L2-H4-m4-ffn32,0.0001784221240086481,7.01861317793373e-05,walsh_interaction_energy,4.284061287762597e-05,12,sgd,3.6429688527541906e-05,800
C16-d16-L2-H4-m4-ffn32,1.0023549795150757,1.000061626235644,walsh_target_coefficient,0.9970025420188904,12,sgd,0.0014229435645295226,800
C16-d16-L2-H4-m4-ffn32,0.00017215403204318136,9.406667413713876e-05,walsh_target_error_energy,4.536219785222784e-05,12,sgd,4.263310787424286e-05,800
C16-d16-L2-H4-m4-ffn32,0.0005946996388956904,0.00030858464136448066,walsh_total_error_energy,0.00015295362391043454,12,sgd,0.0001387272779387904,800
C16-d16-L2-H4-m4-ffnnone,0.003892684355378151,-0.005439259849178295,attention_key_selectivity,-0.015869639813899994,12,sgd,0.005315132532210458,0
C16-d16-L2-H4-m4-ffnnone,0.21193272806704044,0.200673288355271,attention_mean_distractor_mass,0.18166599422693253,12,sgd,0.008822776061500903,0
C16-d16-L2-H4-m4-ffnnone,0.2774221692234278,0.20274612637391934,attention_self_mass,0.1626849751919508,12,sgd,0.036677019674634236,0
C16-d16-L2-H4-m4-ffnnone,0.2070152871310711,0.1952340294762204,attention_target_mass,0.17051243036985397,12,sgd,0.01113394352466665,0
C16-d16-L2-H4-m4-ffnnone,-0.09400783339515328,-0.17172958805652647,attention_target_over_distractor_log_margin,-0.3239335408434272,12,sgd,0.06165866197454609,0
C16-d16-L2-H4-m4-ffnnone,0.58984375,0.4978841145833333,donor_accuracy,0.375,12,sgd,0.06515393753333633,0
C16-d16-L2-H4-m4-ffnnone,3.3158936500549316,1.081522544225057,donor_risk,0.5617884397506714,12,sgd,0.8270928148201508,0
C16-d16-L2-H4-m4-ffnnone,0.7035661339759827,0.6192736675341924,embedding_coherence,0.5073335766792297,12,sgd,0.05969237045508729,0
C16-d16-L2-H4-m4-ffnnone,8.403874397277832,7.757482210795085,embedding_effective_rank,6.781848907470703,12,sgd,0.5124959780989643,0
C16-d16-L2-H4-m4-ffnnone,0.59765625,0.5076497395833334,function_accuracy,0.408203125,12,sgd,0.06396682033798358,0
C16-d16-L2-H4-m4-ffnnone,0.3422272205352783,0.20076363471647105,natural_swap_mae,0.11361578851938248,12,sgd,0.06362209281415765,0
C16-d16-L2-H4-m4-ffnnone,0.24944299459457397,0.0813605384901166,natural_swap_mse,0.02361416071653366,12,sgd,0.0633095912963881,0
C16-d16-L2-H4-m4-ffnnone,0.5121821351349354,0.4553447077050805,ov_distractor_gain,0.39733583107590675,12,sgd,0.03826244955018509,0
C16-d16-L2-H4-m4-ffnnone,0.22804356552660465,-0.0065504015316643445,ov_log_target_over_distractor_gain,-0.20751846581697464,12,sgd,0.13556129903621533,0
C16-d16-L2-H4-m4-ffnnone,0.5408872552216053,0.4537868819509943,ov_target_gain,0.36819279566407204,12,sgd,0.054103401809219555,0
C16-d16-L2-H4-m4-ffnnone,0.23879045248031616,0.22286842484027147,qk_cancellation_fraction,0.19754393585026264,12,sgd,0.011490229964201754,0
C16-d16-L2-H4-m4-ffnnone,0.014536749455146492,0.0071162568501677015,qk_content_energy,0.003423842557822354,12,sgd,0.004247450853964743,0
C16-d16-L2-H4-m4-ffnnone,0.006333915956929559,-0.00048799476068476605,qk_content_signed,-0.006023601526976563,12,sgd,0.003406500410546199,0
C16-d16-L2-H4-m4-ffnnone,0.522216796875,0.50518798828125,qk_opposition_rate,0.489013671875,12,sgd,0.011443695986289627,0
C16-d16-L2-H4-m4-ffnnone,0.0016520757526450325,-0.00025156606792127906,qk_route_signed,-0.0017120688062277623,12,sgd,0.0010769462137410425,0
C16-d16-L2-H4-m4-ffnnone,-0.15173611789941788,-0.2464323351062679,qk_suppression_log_ratio,-0.4171531144529581,12,sgd,0.08460767600106445,0
C16-d16-L2-H4-m4-ffnnone,0.007985991978785023,-0.0007395608269386381,qk_total_signed,-0.0072980240220204,12,sgd,0.00426297163091127,0
C16-d16-L2-H4-m4-ffnnone,3.3050997257232666,1.073339432477951,risk,0.5319682955741882,12,sgd,0.8276873235340954,0
C16-d16-L2-H4-m4-ffnnone,0.1530734896659851,-0.007671904284507036,target_key_effect,-0.21495482325553894,12,sgd,0.10674442697395835,0
C16-d16-L2-H4-m4-ffnnone,0.1920866072177887,0.002245514110351602,value_flip_effect,-0.2271880954504013,12,sgd,0.12701877456310245,0
C16-d16-L2-H4-m4-ffnnone,5.173493385314941,1.0020743099351723,walsh_bias_energy,0.08615121245384216,12,sgd,1.4996302811069075,0
C16-d16-L2-H4-m4-ffnnone,0.3055263161659241,0.08919241659653683,walsh_distractor_direct_energy,0.013160807080566883,12,sgd,0.09077759035029204,0
C16-d16-L2-H4-m4-ffnnone,0.04416810721158981,0.009025887275735537,walsh_interaction_energy,0.002170208375900984,12,sgd,0.01195226427032634,0
C16-d16-L2-H4-m4-ffnnone,0.19373589754104614,0.002692952441672484,walsh_target_coefficient,-0.22533643245697021,12,sgd,0.12723487114766444,0
C16-d16-L2-H4-m4-ffnnone,1.5232571363449097,1.018846129377683,walsh_target_error_energy,0.6606677770614624,12,sgd,0.2584748388789738,0
C16-d16-L2-H4-m4-ffnnone,6.220033645629883,2.119138797124227,walsh_total_error_energy,1.1077327728271484,12,sgd,1.5557344065553784,0
C16-d16-L2-H4-m4-ffnnone,0.2274368405342102,0.14998429082334042,attention_key_selectivity,0.09611474722623825,12,sgd,0.04070303151940246,200
C16-d16-L2-H4-m4-ffnnone,0.1791861855890602,0.1595317076620025,attention_mean_distractor_mass,0.13917861599475145,12,sgd,0.013712122421256096,200
C16-d16-L2-H4-m4-ffnnone,0.26240142062306404,0.21188888989854604,attention_self_mass,0.1700336472131312,12,sgd,0.030545312409528395,200
C16-d16-L2-H4-m4-ffnnone,0.36661545746028423,0.30951600063902635,attention_target_mass,0.2722749568056315,12,sgd,0.030195029524649194,200
C16-d16-L2-H4-m4-ffnnone,0.969578929245472,0.6379252290062141,attention_target_over_distractor_log_margin,0.04999930039048195,12,sgd,0.2650839613872043,200
C16-d16-L2-H4-m4-ffnnone,1.0,0.99951171875,donor_accuracy,0.998046875,12,sgd,0.0008833340173176669,200
C16-d16-L2-H4-m4-ffnnone,0.018903149291872978,0.0032154863535348945,donor_risk,0.00044390905532054603,12,sgd,0.005256262556771162,200
C16-d16-L2-H4-m4-ffnnone,0.837759792804718,0.7223433951536814,embedding_coherence,0.6407817006111145,12,sgd,0.062461887660408714,200
C16-d16-L2-H4-m4-ffnnone,6.781388759613037,5.773032585779826,embedding_effective_rank,4.758365631103516,12,sgd,0.5594049236171367,200
C16-d16-L2-H4-m4-ffnnone,1.0,0.99951171875,function_accuracy,0.99609375,12,sgd,0.0012140264853673067,200
C16-d16-L2-H4-m4-ffnnone,0.08888708055019379,0.027374026210357744,natural_swap_mae,0.01185600459575653,12,sgd,0.022055046510659947,200
C16-d16-L2-H4-m4-ffnnone,0.02449522167444229,0.004046160218422301,natural_swap_mse,0.0003938513109460473,12,sgd,0.00699913672920586,200
C16-d16-L2-H4-m4-ffnnone,0.7076604291796684,0.4891424858942628,ov_distractor_gain,0.4008224382996559,12,sgd,0.08417020717942143,200
C16-d16-L2-H4-m4-ffnnone,0.8823230266571045,0.4540828854369465,ov_log_target_over_distractor_gain,0.11118944268673658,12,sgd,0.19625339819820228,200
C16-d16-L2-H4-m4-ffnnone,1.2894987910985947,0.9257121567303935,ov_target_gain,0.713465042412281,12,sgd,0.16933669241931287,200
C16-d16-L2-H4-m4-ffnnone,0.2374560944736004,0.2258611498400569,qk_cancellation_fraction,0.21385405212640762,12,sgd,0.007708505118473035,200
C16-d16-L2-H4-m4-ffnnone,0.0004384715011838125,0.00013054312442288088,qk_content_energy,2.4566775095991034e-05,12,sgd,0.00013847397641963968,200
C16-d16-L2-H4-m4-ffnnone,0.000544042468391126,3.110169144330636e-05,qk_content_signed,-0.00025317656218248885,12,sgd,0.00020119359831198907,200
C16-d16-L2-H4-m4-ffnnone,0.544921875,0.5239461263020834,qk_opposition_rate,0.49267578125,12,sgd,0.0168366808010768,200
C16-d16-L2-H4-m4-ffnnone,0.0009427505174244288,-4.074203566043858e-05,qk_route_signed,-0.001180009590825648,12,sgd,0.0005766170620523001,200
C16-d16-L2-H4-m4-ffnnone,-0.5608135089278221,-0.8421820170090845,qk_suppression_log_ratio,-1.227291762828827,12,sgd,0.2141749939609628,200
C16-d16-L2-H4-m4-ffnnone,0.001066036034899298,-9.64032780833198e-06,qk_total_signed,-0.0008632831404611352,12,sgd,0.0005595391627408299,200
C16-d16-L2-H4-m4-ffnnone,0.021250780671834946,0.0030651631435224167,risk,0.0003875193069688976,12,sgd,0.005818964845056016,200
C16-d16-L2-H4-m4-ffnnone,1.0576640367507935,0.99493408203125,target_key_effect,0.9032980799674988,12,sgd,0.04180908211633284,200
C16-d16-L2-H4-m4-ffnnone,1.0052378177642822,0.9958187143007914,value_flip_effect,0.9860401749610901,12,sgd,0.005700233176602591,200
C16-d16-L2-H4-m4-ffnnone,0.005202511791139841,0.000927787616092246,walsh_bias_energy,0.00020277744624763727,12,sgd,0.0014430649407798815,200
C16-d16-L2-H4-m4-ffnnone,0.019605379551649094,0.002461584300666194,walsh_distractor_direct_energy,0.00015454491949640214,12,sgd,0.005530627335785334,200
C16-d16-L2-H4-m4-ffnnone,0.004655896686017513,0.0009569356285889322,walsh_interaction_energy,0.00014074260252527893,12,sgd,0.0012968658268737944,200
C16-d16-L2-H4-m4-ffnnone,1.0049031972885132,0.9961337099472681,walsh_target_coefficient,0.9859224557876587,12,sgd,0.005390932796794663,200
C16-d16-L2-H4-m4-ffnnone,0.019990216940641403,0.0024551984315621667,walsh_target_error_energy,0.000275672908173874,12,sgd,0.005572563753387949,200
C16-d16-L2-H4-m4-ffnnone,0.04687218368053436,0.006801505868982834,walsh_total_error_energy,0.000909889058675617,12,sgd,0.013134233260066165,200
C16-d16-L2-H4-m4-ffnnone,0.24131999909877777,0.15817366167902946,attention_key_selectivity,0.09517472982406616,12,sgd,0.044065671713708364,400
C16-d16-L2-H4-m4-ffnnone,0.1778836763696745,0.15700656604409838,attention_mean_distractor_mass,0.13552189921028912,12,sgd,0.013527464004768433,400
C16-d16-L2-H4-m4-ffnnone,0.2492515416815877,0.2138000915874727,attention_self_mass,0.17081616795621812,12,sgd,0.027681522480595362,400
C16-d16-L2-H4-m4-ffnnone,0.3768418990075588,0.3151802260739108,attention_target_mass,0.2708220034837723,12,sgd,0.03315007820934319,400
C16-d16-L2-H4-m4-ffnnone,1.2091799713671207,0.759227890635278,attention_target_over_distractor_log_margin,0.08488194644451141,12,sgd,0.3020301695713982,400
C16-d16-L2-H4-m4-ffnnone,1.0,1.0,donor_accuracy,1.0,12,sgd,0.0,400
C16-d16-L2-H4-m4-ffnnone,0.001308150589466095,0.00035597798826832633,donor_risk,0.00013254616351332515,12,sgd,0.0003215779404560458,400
C16-d16-L2-H4-m4-ffnnone,0.837741494178772,0.7214664270480474,embedding_coherence,0.6389584541320801,12,sgd,0.0653674833167445,400
C16-d16-L2-H4-m4-ffnnone,6.672440528869629,5.689058303833008,embedding_effective_rank,4.573431015014648,12,sgd,0.5766089328564975,400
C16-d16-L2-H4-m4-ffnnone,1.0,1.0,function_accuracy,1.0,12,sgd,0.0,400
C16-d16-L2-H4-m4-ffnnone,0.02958575263619423,0.012060052016749978,natural_swap_mae,0.007486902177333832,12,sgd,0.006000936164471981,400
C16-d16-L2-H4-m4-ffnnone,0.00170314428396523,0.0003795635178297137,natural_swap_mse,0.00011298354365862906,12,sgd,0.00043772343912924,400
C16-d16-L2-H4-m4-ffnnone,0.6759996563196182,0.48031428052733344,ov_distractor_gain,0.39579540118575096,12,sgd,0.07746382565661863,400
C16-d16-L2-H4-m4-ffnnone,0.918989285826683,0.4708559218949328,ov_log_target_over_distractor_gain,0.12315763998776674,12,sgd,0.20376570545998318,400
C16-d16-L2-H4-m4-ffnnone,1.3017480596899986,0.9539707247167826,ov_target_gain,0.7710700705647469,12,sgd,0.16469632318856492,400
C16-d16-L2-H4-m4-ffnnone,0.24314672499895096,0.22629582664618889,qk_cancellation_fraction,0.21098429895937443,12,sgd,0.010660362340595763,400
C16-d16-L2-H4-m4-ffnnone,0.00013701592752113356,3.3158432840944364e-05,qk_content_energy,9.255542664732275e-06,12,sgd,3.4760238672780743e-05,400
C16-d16-L2-H4-m4-ffnnone,0.00017423265126126353,8.402045513851894e-06,qk_content_signed,-0.0001520801547485462,12,sgd,9.539755709921773e-05,400
C16-d16-L2-H4-m4-ffnnone,0.55712890625,0.5247802734375,qk_opposition_rate,0.491455078125,12,sgd,0.019990684550627878,400
C16-d16-L2-H4-m4-ffnnone,0.00014690123452965054,-3.290020536420949e-05,qk_route_signed,-0.0003457421430539398,12,sgd,0.00014928918036155407,400
C16-d16-L2-H4-m4-ffnnone,-0.4964431608095765,-0.7699800088109138,qk_suppression_log_ratio,-1.081883542239666,12,sgd,0.19392818877057866,400
C16-d16-L2-H4-m4-ffnnone,0.0002598587416287046,-2.4498164994687006e-05,qk_total_signed,-0.00045174266460890067,12,sgd,0.00019196152691967308,400
C16-d16-L2-H4-m4-ffnnone,0.001306583872064948,0.00034440605183287215,risk,0.00014329227269627154,12,sgd,0.00031794492443668667,400
C16-d16-L2-H4-m4-ffnnone,1.0644252300262451,1.0078128029902775,target_key_effect,0.9233732223510742,12,sgd,0.039087310953578654,400
C16-d16-L2-H4-m4-ffnnone,1.0019375085830688,0.9989162137111028,value_flip_effect,0.9949127435684204,12,sgd,0.0022220431580943045,400
C16-d16-L2-H4-m4-ffnnone,0.0007325013284571469,0.00015507403319740357,walsh_bias_energy,5.613018583972007e-05,12,sgd,0.00018719460332859502,400
C16-d16-L2-H4-m4-ffnnone,0.0007521349471062422,0.00016534039756758526,walsh_distractor_direct_energy,4.4282147428020835e-05,12,sgd,0.0001969819612933733,400
C16-d16-L2-H4-m4-ffnnone,0.00038163704448379576,0.00016358380526071414,walsh_interaction_energy,6.834170926595107e-05,12,sgd,0.00010111421309559776,400
C16-d16-L2-H4-m4-ffnnone,1.001612663269043,0.9990469614664713,walsh_target_coefficient,0.9954975843429565,12,sgd,0.0021168667592627883,400
C16-d16-L2-H4-m4-ffnnone,0.0010263473959639668,0.00023739964854030404,walsh_target_error_energy,9.45662977756001e-05,12,sgd,0.0002538101232977217,400
C16-d16-L2-H4-m4-ffnnone,0.002713693305850029,0.0007213978678919375,walsh_total_error_energy,0.00029081141110509634,12,sgd,0.0006666032957377911,400
C16-d16-L2-H4-m4-ffnnone,0.2531142234802246,0.16300682040552297,attention_key_selectivity,0.09737500548362732,12,sgd,0.045433977331243526,800
C16-d16-L2-H4-m4-ffnnone,0.1762004365446046,0.1552624916851831,attention_mean_distractor_mass,0.13449825439602137,12,sgd,0.01329133900787868,800
C16-d16-L2-H4-m4-ffnnone,0.26799715496599674,0.21594322484452277,attention_self_mass,0.17301634117029607,12,sgd,0.029039355766144942,800
C16-d16-L2-H4-m4-ffnnone,0.3876124657690525,0.31826931424438953,attention_target_mass,0.27332561975345016,12,sgd,0.03505747752594789,800
C16-d16-L2-H4-m4-ffnnone,1.329748261719942,0.8126044944510795,attention_target_over_distractor_log_margin,0.06528133153915405,12,sgd,0.33386769559194934,800
C16-d16-L2-H4-m4-ffnnone,1.0,1.0,donor_accuracy,1.0,12,sgd,0.0,800
C16-d16-L2-H4-m4-ffnnone,0.0004884159425273538,0.00014189994969153,donor_risk,6.570320692844689e-05,12,sgd,0.0001126818362284681,800
C16-d16-L2-H4-m4-ffnnone,0.8368621468544006,0.7243525683879852,embedding_coherence,0.634550154209137,12,sgd,0.06722529833098766,800
C16-d16-L2-H4-m4-ffnnone,6.590265274047852,5.632651646931966,embedding_effective_rank,4.51084566116333,12,sgd,0.5911576223392073,800
C16-d16-L2-H4-m4-ffnnone,1.0,1.0,function_accuracy,1.0,12,sgd,0.0,800
C16-d16-L2-H4-m4-ffnnone,0.018076788634061813,0.007905956008471549,natural_swap_mae,0.005137027241289616,12,sgd,0.00338781380850576,800
C16-d16-L2-H4-m4-ffnnone,0.000623186060693115,0.00015473297389689833,natural_swap_mse,6.125500658527017e-05,12,sgd,0.00015506502541857674,800
C16-d16-L2-H4-m4-ffnnone,0.6563310101628304,0.4744645518561204,ov_distractor_gain,0.3920438140630722,12,sgd,0.07341855029641244,800
C16-d16-L2-H4-m4-ffnnone,0.9600030705332756,0.48009618429932743,ov_log_target_over_distractor_gain,0.1354601625353098,12,sgd,0.21262833004593942,800
C16-d16-L2-H4-m4-ffnnone,1.3175083138048649,0.9769020834937692,ov_target_gain,0.7918784413486719,12,sgd,0.16388273628970831,800
C16-d16-L2-H4-m4-ffnnone,0.24502321518957615,0.22512417503943047,qk_cancellation_fraction,0.21176201850175858,12,sgd,0.01045546950140234,800
C16-d16-L2-H4-m4-ffnnone,6.91417921672155e-05,1.580873540873995e-05,qk_content_energy,4.776854638066652e-06,12,sgd,1.723809443020995e-05,800
C16-d16-L2-H4-m4-ffnnone,9.588976240593183e-05,6.24840341364082e-06,qk_content_signed,-0.00010338021706957079,12,sgd,5.780195464794132e-05,800
C16-d16-L2-H4-m4-ffnnone,0.560302734375,0.5244954427083334,qk_opposition_rate,0.4931640625,12,sgd,0.020489396803420087,800
C16-d16-L2-H4-m4-ffnnone,8.726057177455004e-05,-2.164844669512907e-05,qk_route_signed,-0.00021564356256931205,12,sgd,8.424615456316594e-05,800
C16-d16-L2-H4-m4-ffnnone,-0.5142459087073803,-0.7444617312479144,qk_suppression_log_ratio,-1.0472054556012154,12,sgd,0.18305556032135817,800
C16-d16-L2-H4-m4-ffnnone,8.132886341627454e-05,-1.5400038194002263e-05,qk_total_signed,-0.00027983234849671135,12,sgd,0.00011233436043218971,800
C16-d16-L2-H4-m4-ffnnone,0.00046614499296993017,0.00013652149815849649,risk,6.886327901156619e-05,12,sgd,0.00010633663815579033,800
C16-d16-L2-H4-m4-ffnnone,1.083003282546997,1.0104510933160782,target_key_effect,0.9304074048995972,12,sgd,0.041337571544337676,800
C16-d16-L2-H4-m4-ffnnone,1.0024566650390625,0.9994768351316452,value_flip_effect,0.99571293592453,12,sgd,0.0016546832490514898,800
C16-d16-L2-H4-m4-ffnnone,0.0002613044634927064,5.7144363684831965e-05,walsh_bias_energy,2.3990771296666935e-05,12,sgd,6.561520136583201e-05,800
C16-d16-L2-H4-m4-ffnnone,0.00022511994757223874,5.367882310262454e-05,walsh_distractor_direct_energy,1.91513063327875e-05,12,sgd,5.550019203720223e-05,800
C16-d16-L2-H4-m4-ffnnone,0.0001053534506354481,6.91381919750711e-05,walsh_interaction_energy,4.577138679451309e-05,12,sgd,2.3922766286002326e-05,800
C16-d16-L2-H4-m4-ffnnone,1.0026755332946777,0.9996252258618673,walsh_target_coefficient,0.995993971824646,12,sgd,0.0016623823177018557,800
C16-d16-L2-H4-m4-ffnnone,0.0004133769834879786,9.918197277632619e-05,walsh_target_error_energy,4.508743586484343e-05,12,sgd,0.00010038945415167937,800
C16-d16-L2-H4-m4-ffnnone,0.001003103330731392,0.00027914335078094155,walsh_total_error_energy,0.00014365595416165888,12,sgd,0.00023088529477726928,800
C64-d16-L2-H1-m4-ffn32,0.002568274736404419,-0.0061968259590988355,attention_key_selectivity,-0.018110627308487892,12,sgd,0.007170889421322574,0
C64-d16-L2-H1-m4-ffn32,0.21149636059999466,0.19345472411563,attention_mean_distractor_mass,0.11697829887270927,12,sgd,0.026006476076528753,0
C64-d16-L2-H1-m4-ffn32,0.5385273396968842,0.23237795600046715,attention_self_mass,0.15900592505931854,12,sgd,0.1035665018882289,0
C64-d16-L2-H1-m4-ffn32,0.2101520672440529,0.18725789400438467,attention_target_mass,0.11053775995969772,12,sgd,0.02628804804370963,0
C64-d16-L2-H1-m4-ffn32,-0.09339617006480694,-0.1951099579843382,attention_target_over_distractor_log_margin,-0.37388166785240173,12,sgd,0.08860974661506851,0
C64-d16-L2-H1-m4-ffn32,0.556640625,0.5021158854166666,donor_accuracy,0.376953125,12,sgd,0.054244721911142754,0
C64-d16-L2-H1-m4-ffn32,1.6001324653625488,0.961296076575915,donor_risk,0.4928102493286133,12,sgd,0.35105111025784363,0
C64-d16-L2-H1-m4-ffn32,0.8422908782958984,0.7656993369261423,embedding_coherence,0.6933339834213257,12,sgd,0.044349480571403775,0
C64-d16-L2-H1-m4-ffn32,13.330070495605469,12.694633960723877,embedding_effective_rank,12.324060440063477,12,sgd,0.28481108998502735,0
C64-d16-L2-H1-m4-ffn32,0.007767757400870323,-0.0042666362326902645,ffn_branch_signed,-0.020079861395061016,12,sgd,0.010027547390287436,0
C64-d16-L2-H1-m4-ffn32,0.4088665246963501,0.2915574287374814,ffn_cancellation_fraction,0.20590296387672424,12,sgd,0.07015608222895939,0
C64-d16-L2-H1-m4-ffn32,0.6669921875,0.5228678385416666,ffn_opposition_rate,0.3916015625,12,sgd,0.09524041153415355,0
C64-d16-L2-H1-m4-ffn32,0.02667010063305497,-0.0047111488577987375,ffn_skip_signed,-0.037839874625205994,12,sgd,0.018226566468156964,0
C64-d16-L2-H1-m4-ffn32,0.0343006900511682,-0.008977785172949856,ffn_total_signed,-0.05094322748482227,12,sgd,0.02724987271481521,0
C64-d16-L2-H1-m4-ffn32,0.5625,0.5081380208333334,function_accuracy,0.421875,12,sgd,0.04801404705076118,0
C64-d16-L2-H1-m4-ffn32,0.4269270896911621,0.18326762753228346,natural_swap_mae,0.06297484785318375,12,sgd,0.10013485473788147,0
C64-d16-L2-H1-m4-ffn32,0.3888263404369354,0.08980645646806806,natural_swap_mse,0.007283445913344622,12,sgd,0.10589312239525005,0
C64-d16-L2-H1-m4-ffn32,1.0808995068073273,0.9851731260617574,ov_distractor_gain,0.8866097927093506,12,sgd,0.05683662089021701,0
C64-d16-L2-H1-m4-ffn32,0.26018694043159485,0.010175134132926663,ov_log_target_over_distractor_gain,-0.3127729743719101,12,sgd,0.18518945148399588,0
C64-d16-L2-H1-m4-ffn32,1.220876693725586,0.9963362688819567,ov_target_gain,0.7508997917175293,12,sgd,0.15704341228380478,0
C64-d16-L2-H1-m4-ffn32,0.24771733582019806,0.22543099336326122,qk_cancellation_fraction,0.20846091210842133,12,sgd,0.01024033860577452,0
C64-d16-L2-H1-m4-ffn32,0.20519305020570755,0.042841254791710526,qk_content_energy,0.002698579104617238,12,sgd,0.054893556159949085,0
C64-d16-L2-H1-m4-ffn32,0.010962882544845343,-0.00763837529423957,qk_content_signed,-0.030977778136730194,12,sgd,0.014670409429436175,0
C64-d16-L2-H1-m4-ffn32,0.537109375,0.5076497395833334,qk_opposition_rate,0.48828125,12,sgd,0.014585169556848228,0
C64-d16-L2-H1-m4-ffn32,0.001850732835009694,-0.002096279593388317,qk_route_signed,-0.010293985716998577,12,sgd,0.003944319700201174,0
C64-d16-L2-H1-m4-ffn32,-0.14541256427764893,-0.26976425759494305,qk_suppression_log_ratio,-0.5884906053543091,12,sgd,0.13125926547086508,0
C64-d16-L2-H1-m4-ffn32,0.012093392666429281,-0.009734655405433537,qk_total_signed,-0.03735518269240856,12,sgd,0.01670921300906528,0
C64-d16-L2-H1-m4-ffn32,1.5688778162002563,0.9541951318581899,risk,0.49126946926116943,12,sgd,0.34666688945715374,0
C64-d16-L2-H1-m4-ffn32,0.09642328321933746,0.0005382892171231409,target_key_effect,-0.2166995257139206,12,sgd,0.08220685957543042,0
C64-d16-L2-H1-m4-ffn32,0.14266766607761383,0.012226097091721991,value_flip_effect,-0.19641365110874176,12,sgd,0.09906373530175196,0
C64-d16-L2-H1-m4-ffn32,1.7617104053497314,0.8444991745054722,walsh_bias_energy,0.05481705069541931,12,sgd,0.5918252022947693,0
C64-d16-L2-H1-m4-ffn32,0.23073473572731018,0.06757976902493586,walsh_distractor_direct_energy,0.0073739695362746716,12,sgd,0.06642102952185393,0
C64-d16-L2-H1-m4-ffn32,0.042590945959091187,0.011756011454660134,walsh_interaction_energy,0.0005620709271170199,12,sgd,0.01299392895568614,0
C64-d16-L2-H1-m4-ffn32,0.1397651731967926,0.01411815759881089,walsh_target_coefficient,-0.18824982643127441,12,sgd,0.09676442416009394,0
C64-d16-L2-H1-m4-ffn32,1.4521024227142334,0.9931817253430685,walsh_target_error_energy,0.7555614709854126,12,sgd,0.2063338887898191,0
C64-d16-L2-H1-m4-ffn32,2.9233498573303223,1.9170167297124863,walsh_total_error_energy,0.9962207674980164,12,sgd,0.6813073405123761,0
C64-d16-L2-H1-m4-ffn32,0.4996373653411865,0.4014952778816223,attention_key_selectivity,0.10673075914382935,12,sgd,0.10400548712860085,200
C64-d16-L2-H1-m4-ffn32,0.10695644840598106,0.0898017916479148,attention_mean_distractor_mass,0.06430070195347071,12,sgd,0.01052525936674305,200
C64-d16-L2-H1-m4-ffn32,0.5416906662285328,0.23929757128159204,attention_self_mass,0.16891208663582802,12,sgd,0.09825049825891043,200
C64-d16-L2-H1-m4-ffn32,0.5639380812644958,0.4912970675116715,attention_target_mass,0.1946254230570048,12,sgd,0.10096435938576656,200
C64-d16-L2-H1-m4-ffn32,2.963306248188019,1.9770301145811875,attention_target_over_distractor_log_margin,-0.9638227224349976,12,sgd,0.9836349451839194,200
C64-d16-L2-H1-m4-ffn32,1.0,0.9816080729166666,donor_accuracy,0.806640625,12,sgd,0.055207918055408194,200
C64-d16-L2-H1-m4-ffn32,0.24578751623630524,0.02501359538291581,donor_risk,0.0007984742987900972,12,sgd,0.0698907180430484,200
C64-d16-L2-H1-m4-ffn32,0.8318195343017578,0.7933037628730139,embedding_coherence,0.7257582545280457,12,sgd,0.03699111807430679,200
C64-d16-L2-H1-m4-ffn32,12.009511947631836,11.498278697331747,embedding_effective_rank,10.863808631896973,12,sgd,0.3726111320854846,200
C64-d16-L2-H1-m4-ffn32,0.0010167600557906553,-0.00029423440203875845,ffn_branch_signed,-0.002140821816283278,12,sgd,0.0008277748111186514,200
C64-d16-L2-H1-m4-ffn32,0.335232749581337,0.2623692285269499,ffn_cancellation_fraction,0.1222517192363739,12,sgd,0.06882676373673145,200
C64-d16-L2-H1-m4-ffn32,0.6357421875,0.5171712239583334,ffn_opposition_rate,0.3037109375,12,sgd,0.10036846105587177,200
C64-d16-L2-H1-m4-ffn32,0.003922172589227557,-0.0013705448421508966,ffn_skip_signed,-0.007460397155227838,12,sgd,0.003098283362517806,200
C64-d16-L2-H1-m4-ffn32,0.004412527661770582,-0.0016647793994100841,ffn_total_signed,-0.007832146486180136,12,sgd,0.003649435621074553,200
C64-d16-L2-H1-m4-ffn32,1.0,0.9822591145833334,function_accuracy,0.810546875,12,sgd,0.054180753427826966,200
C64-d16-L2-H1-m4-ffn32,0.1642998456954956,0.028039593482390046,natural_swap_mae,0.007904133759438992,12,sgd,0.04535817460290549,200
C64-d16-L2-H1-m4-ffn32,0.06907600164413452,0.008873629907611758,natural_swap_mse,0.00042210350511595607,12,sgd,0.019644582189837053,200
C64-d16-L2-H1-m4-ffn32,1.4614160060882568,1.1000072658061981,ov_distractor_gain,0.9411970674991608,12,sgd,0.1602604859148514,200
C64-d16-L2-H1-m4-ffn32,0.9710986912250519,0.7503237912897021,ov_log_target_over_distractor_gain,0.33052730560302734,12,sgd,0.16295348413627692,200
C64-d16-L2-H1-m4-ffn32,3.112843632698059,2.471795178949833,ov_target_gain,2.054200768470764,12,sgd,0.3439386908649364,200
C64-d16-L2-H1-m4-ffn32,0.2694580554962158,0.23739125082890192,qk_cancellation_fraction,0.1952071636915207,12,sgd,0.021092557321219944,200
C64-d16-L2-H1-m4-ffn32,0.0033110432077592122,0.0007999148012534837,qk_content_energy,2.4726994524826296e-05,12,sgd,0.001075026364814311,200
C64-d16-L2-H1-m4-ffn32,0.0012923617759952322,-1.4234944804532764e-05,qk_content_signed,-0.0010702826839406043,12,sgd,0.0006245435155613492,200
C64-d16-L2-H1-m4-ffn32,0.5732421875,0.52880859375,qk_opposition_rate,0.4892578125,12,sgd,0.027698152261771258,200
C64-d16-L2-H1-m4-ffn32,0.007923345023300499,-0.0015205298786895582,qk_route_signed,-0.008386284629523288,12,sgd,0.0044310204862583105,200
C64-d16-L2-H1-m4-ffn32,-0.6950512528419495,-1.0377087482096006,qk_suppression_log_ratio,-1.4753272533416748,12,sgd,0.20788264444931373,200
C64-d16-L2-H1-m4-ffn32,0.006853062252048403,-0.0015347648101548355,qk_total_signed,-0.008315374921949115,12,sgd,0.004204811567624424,200
C64-d16-L2-H1-m4-ffn32,0.24406540393829346,0.02464645947232687,risk,0.0005430293385870755,12,sgd,0.06943357964556006,200
C64-d16-L2-H1-m4-ffn32,1.0597084760665894,0.9312331651647886,target_key_effect,0.44732800126075745,12,sgd,0.15998754934457152,200
C64-d16-L2-H1-m4-ffn32,1.000532627105713,0.9485481629769007,value_flip_effect,0.5183566808700562,12,sgd,0.13715829572223842,200
C64-d16-L2-H1-m4-ffn32,0.011623534373939037,0.002423495265247766,walsh_bias_energy,0.0004679255944211036,12,sgd,0.0032813675574654873,200
C64-d16-L2-H1-m4-ffn32,0.1917896568775177,0.019205072395076666,walsh_distractor_direct_energy,0.00034256663639098406,12,sgd,0.05483001362133275,200
C64-d16-L2-H1-m4-ffn32,0.011653052642941475,0.0020891335734631866,walsh_interaction_energy,0.00029977090889588,12,sgd,0.0033454830227770396,200
C64-d16-L2-H1-m4-ffn32,1.0019949674606323,0.9485967506965002,walsh_target_coefficient,0.5179842114448547,12,sgd,0.13748072242479717,200
C64-d16-L2-H1-m4-ffn32,0.2629743218421936,0.02546253784385044,walsh_target_error_energy,0.0005112874787300825,12,sgd,0.0751682040143986,200
C64-d16-L2-H1-m4-ffn32,0.47804057598114014,0.04918023989497063,walsh_total_error_energy,0.0016645569121465087,12,sgd,0.13620156634853767,200
C64-d16-L2-H1-m4-ffn32,0.523509681224823,0.4587709953387578,attention_key_selectivity,0.42410653829574585,12,sgd,0.029176132916230873,400
C64-d16-L2-H1-m4-ffn32,0.0928468406200409,0.07651802274388804,attention_mean_distractor_mass,0.009205650276271626,12,sgd,0.02266174464972906,400
C64-d16-L2-H1-m4-ffn32,0.5098024476319551,0.23515692834431925,attention_self_mass,0.18399593234062195,12,sgd,0.08796471904278184,400
C64-d16-L2-H1-m4-ffn32,0.5863888263702393,0.5352890087518366,attention_target_mass,0.46258058351668296,12,sgd,0.03212816889488772,400
C64-d16-L2-H1-m4-ffn32,3.2163493037223816,2.490986072768768,attention_target_over_distractor_log_margin,1.902766466140747,12,sgd,0.31293789173135733,400
C64-d16-L2-H1-m4-ffn32,1.0,1.0,donor_accuracy,1.0,12,sgd,0.0,400
C64-d16-L2-H1-m4-ffn32,0.0024398774839937687,0.0004395253733188535,donor_risk,0.00016620005771983415,12,sgd,0.0006351010492985226,400
C64-d16-L2-H1-m4-ffn32,0.8644628524780273,0.8026653776566187,embedding_coherence,0.75038743019104,12,sgd,0.035724163610500265,400
C64-d16-L2-H1-m4-ffn32,11.958624839782715,11.3604097366333,embedding_effective_rank,10.815670013427734,12,sgd,0.3653556337921333,400
C64-d16-L2-H1-m4-ffn32,0.0017384198145009577,7.634914506600883e-05,ffn_branch_signed,-0.0005115514875342342,12,sgd,0.0005553119089984981,400
C64-d16-L2-H1-m4-ffn32,0.4212455004453659,0.2899851966649294,ffn_cancellation_fraction,0.1633126065135002,12,sgd,0.06808466438494348,400
C64-d16-L2-H1-m4-ffn32,0.7041015625,0.566162109375,ffn_opposition_rate,0.42578125,12,sgd,0.07487829911418764,400
C64-d16-L2-H1-m4-ffn32,0.00213772855931893,-0.0001532745586700912,ffn_skip_signed,-0.0019085733802057803,12,sgd,0.0009975865465871295,400
C64-d16-L2-H1-m4-ffn32,0.003876148257404566,-7.692543992258531e-05,ffn_total_signed,-0.002151874366973061,12,sgd,0.001499026314737514,400
C64-d16-L2-H1-m4-ffn32,1.0,1.0,function_accuracy,1.0,12,sgd,0.0,400
C64-d16-L2-H1-m4-ffn32,0.014922058209776878,0.005717300751712173,natural_swap_mae,0.0037435307167470455,12,sgd,0.0031945212291014267,400
C64-d16-L2-H1-m4-ffn32,0.002684718929231167,0.0003775275399675593,natural_swap_mse,4.675176023738459e-05,12,sgd,0.0007794474005063528,400
C64-d16-L2-H1-m4-ffn32,1.5046138763427734,1.084211252629757,ov_distractor_gain,0.9219402372837067,12,sgd,0.1688102104503264,400
C64-d16-L2-H1-m4-ffn32,1.0256230235099792,0.8184420346903304,ov_log_target_over_distractor_gain,0.5094104707241058,12,sgd,0.1379592771948925,400
C64-d16-L2-H1-m4-ffn32,3.1933518052101135,2.663603732983271,ov_target_gain,2.2046136260032654,12,sgd,0.346333528545454,400
C64-d16-L2-H1-m4-ffn32,0.27186307311058044,0.23947707315286001,qk_cancellation_fraction,0.20340721309185028,12,sgd,0.023483214918963866,400
C64-d16-L2-H1-m4-ffn32,8.121461905830074e-05,2.8765961911147997e-05,qk_content_energy,8.872019861883018e-06,12,sgd,2.493115187106003e-05,400
C64-d16-L2-H1-m4-ffn32,0.00022314021771308035,-2.8521548832335004e-05,qk_content_signed,-0.00032299118902301416,12,sgd,0.00014644388451733544,400
C64-d16-L2-H1-m4-ffn32,0.5908203125,0.5343424479166666,qk_opposition_rate,0.4951171875,12,sgd,0.030496944966172727,400
C64-d16-L2-H1-m4-ffn32,0.0035103440313832834,-7.17026850907132e-05,qk_route_signed,-0.002560237460784265,12,sgd,0.001372982981858266,400
C64-d16-L2-H1-m4-ffn32,-0.6154756285250187,-0.8500367116648704,qk_suppression_log_ratio,-1.1405290365219116,12,sgd,0.16906306086548933,400
C64-d16-L2-H1-m4-ffn32,0.0037334844237193465,-0.00010022419928645832,qk_total_signed,-0.002684139011762454,12,sgd,0.0014717425128470652,400
C64-d16-L2-H1-m4-ffn32,0.0024565206840634346,0.0004893160548817832,risk,0.00014234564150683582,12,sgd,0.000664620000351986,400
C64-d16-L2-H1-m4-ffn32,1.0598838329315186,0.9906168778737386,target_key_effect,0.9409710168838501,12,sgd,0.036544032585861724,400
C64-d16-L2-H1-m4-ffn32,1.0037322044372559,0.9983456383148829,value_flip_effect,0.9861817359924316,12,sgd,0.004588048878523888,400
C64-d16-L2-H1-m4-ffn32,0.0007152343168854713,0.00025981105924680986,walsh_bias_energy,0.00011189318320248276,12,sgd,0.00018077037182953308,400
C64-d16-L2-H1-m4-ffn32,0.0014411765150725842,0.0002041344275009275,walsh_distractor_direct_energy,3.0131315725157037e-05,12,sgd,0.00039300273317926306,400
C64-d16-L2-H1-m4-ffn32,0.0005269240937195718,0.00014079353180325901,walsh_interaction_energy,2.6526871806709096e-05,12,sgd,0.00014344011314329676,400
C64-d16-L2-H1-m4-ffn32,1.0039687156677246,0.99852121869723,walsh_target_coefficient,0.987933337688446,12,sgd,0.004125084366951913,400
C64-d16-L2-H1-m4-ffn32,0.002130354754626751,0.00040326706463626277,walsh_target_error_energy,0.00018324225675314665,12,sgd,0.0005479410925433364,400
C64-d16-L2-H1-m4-ffn32,0.004813689738512039,0.0010080060868252378,walsh_total_error_energy,0.0003876913688145578,12,sgd,0.0012268602138876372,400
C64-d16-L2-H1-m4-ffn32,0.514865517616272,0.4674552728732427,attention_key_selectivity,0.43312838673591614,12,sgd,0.025107716346643796,800
C64-d16-L2-H1-m4-ffn32,0.09065344464033842,0.07446665465734743,attention_mean_distractor_mass,0.005468135874252766,12,sgd,0.022654442400518882,800
C64-d16-L2-H1-m4-ffn32,0.5050868075340986,0.2346781208179891,attention_self_mass,0.18578387796878815,12,sgd,0.08632847163115633,800
C64-d16-L2-H1-m4-ffn32,0.5813378393650055,0.541921920880668,attention_target_mass,0.4785087681411824,12,sgd,0.028218401914330865,800
C64-d16-L2-H1-m4-ffn32,3.181066632270813,2.621531909952561,attention_target_over_distractor_log_margin,2.3364210724830627,12,sgd,0.21988065990506028,800
C64-d16-L2-H1-m4-ffn32,1.0,1.0,donor_accuracy,1.0,12,sgd,0.0,800
C64-d16-L2-H1-m4-ffn32,0.0006597984465770423,0.00017001320823813634,donor_risk,6.252690945984796e-05,12,sgd,0.00016887576052839102,800
C64-d16-L2-H1-m4-ffn32,0.8653081059455872,0.8024714489777883,embedding_coherence,0.7507095336914062,12,sgd,0.03549208951744895,800
C64-d16-L2-H1-m4-ffn32,11.94262981414795,11.312700986862183,embedding_effective_rank,10.77369213104248,12,sgd,0.3957283350082299,800
C64-d16-L2-H1-m4-ffn32,0.00012861931463703513,-8.222205072646224e-06,ffn_branch_signed,-0.000179014888999518,12,sgd,8.221804693761244e-05,800
C64-d16-L2-H1-m4-ffn32,0.43419939279556274,0.2962047305578987,ffn_cancellation_fraction,0.2159527987241745,12,sgd,0.06141054335831531,800
C64-d16-L2-H1-m4-ffn32,0.7333984375,0.5790201822916666,ffn_opposition_rate,0.4833984375,12,sgd,0.06963906999271752,800
C64-d16-L2-H1-m4-ffn32,0.0005258066958049312,2.7695679364114767e-05,ffn_skip_signed,-0.000776449844124727,12,sgd,0.0003329681519176336,800
C64-d16-L2-H1-m4-ffn32,0.0005783914239145815,1.9473465727060102e-05,ffn_total_signed,-0.0008926026348490268,12,sgd,0.0003835185310258534,800
C64-d16-L2-H1-m4-ffn32,1.0,1.0,function_accuracy,1.0,12,sgd,0.0,800
C64-d16-L2-H1-m4-ffn32,0.00529010035097599,0.0034034251584671438,natural_swap_mae,0.0024510808289051056,12,sgd,0.0008721004953989243,800
C64-d16-L2-H1-m4-ffn32,0.001129413372837007,0.0001487041930280005,natural_swap_mse,1.7898117221193388e-05,12,sgd,0.0003121206375655935,800
C64-d16-L2-H1-m4-ffn32,1.503797709941864,1.0714766532182693,ov_distractor_gain,0.9030317664146423,12,sgd,0.1690493849857442,800
C64-d16-L2-H1-m4-ffn32,1.0702196955680847,0.8620481081306934,ov_log_target_over_distractor_gain,0.5779240429401398,12,sgd,0.13773423624948491,800
C64-d16-L2-H1-m4-ffn32,3.3171992897987366,2.7735899860660234,ov_target_gain,2.272812843322754,12,sgd,0.3777193473891729,800
C64-d16-L2-H1-m4-ffn32,0.26326704025268555,0.23759526945650578,qk_cancellation_fraction,0.20061247795820236,12,sgd,0.020649466530432044,800
C64-d16-L2-H1-m4-ffn32,3.383628313713416e-05,1.0252545862362203e-05,qk_content_energy,4.558432920021005e-06,12,sgd,8.245915221369385e-06,800
C64-d16-L2-H1-m4-ffn32,0.00013918449621996842,-9.5580320097118e-06,qk_content_signed,-0.00019298584084026515,12,sgd,9.141037592390857e-05,800
C64-d16-L2-H1-m4-ffn32,0.5810546875,0.5380859375,qk_opposition_rate,0.49609375,12,sgd,0.024935830732038484,800
C64-d16-L2-H1-m4-ffn32,0.0005827147178933956,1.781435404761093e-05,qk_route_signed,-0.000499855352245504,12,sgd,0.0002966265425319742,800
C64-d16-L2-H1-m4-ffn32,-0.5015940479934216,-0.7873743271532779,qk_suppression_log_ratio,-1.1070756614208221,12,sgd,0.15313422847294297,800
C64-d16-L2-H1-m4-ffn32,0.0006895863189129159,8.256333937121477e-06,qk_total_signed,-0.0006928411894477904,12,sgd,0.0003323479421512791,800
C64-d16-L2-H1-m4-ffn32,0.0002873630728572607,0.00011934477758283417,risk,6.106009823270142e-05,12,sgd,6.21169900885982e-05,800
C64-d16-L2-H1-m4-ffn32,1.0550596714019775,0.9927828013896942,target_key_effect,0.937787652015686,12,sgd,0.03675513592451689,800
C64-d16-L2-H1-m4-ffn32,1.001044511795044,0.9994127849737803,value_flip_effect,0.9970666766166687,12,sgd,0.0012906364649298602,800
C64-d16-L2-H1-m4-ffn32,0.00013263747678138316,7.79671684843682e-05,walsh_bias_energy,3.370717604411766e-05,12,sgd,3.360064896946747e-05,800
C64-d16-L2-H1-m4-ffn32,9.494480036664754e-05,3.192328093367299e-05,walsh_distractor_direct_energy,1.266758317797212e-05,12,sgd,2.7135361470727e-05,800
C64-d16-L2-H1-m4-ffn32,6.637653859797865e-05,3.3282644456752074e-05,walsh_interaction_energy,1.4167363588057924e-05,12,sgd,1.9778855944663603e-05,800
C64-d16-L2-H1-m4-ffn32,1.0015352964401245,0.9993965874115626,walsh_target_coefficient,0.9967172145843506,12,sgd,0.0014098237700057715,800
C64-d16-L2-H1-m4-ffn32,0.0003842534206341952,0.000121317955442161,walsh_target_error_energy,6.340155232464895e-05,12,sgd,8.491246851365467e-05,800
C64-d16-L2-H1-m4-ffn32,0.000653059221804142,0.0002644910467400526,walsh_total_error_energy,0.00013027081149630249,12,sgd,0.00014305419500286213,800
C64-d16-L2-H1-m4-ffnnone,0.006228339858353138,-0.008477822528220713,attention_key_selectivity,-0.023323876783251762,12,sgd,0.008512390585950644,0
C64-d16-L2-H1-m4-ffnnone,0.2242106944322586,0.19499718770384789,attention_mean_distractor_mass,0.15377917885780334,12,sgd,0.018837748463460556,0
C64-d16-L2-H1-m4-ffnnone,0.39748354256153107,0.22848907920221487,attention_self_mass,0.09711463376879692,12,sgd,0.0776259457640364,0
C64-d16-L2-H1-m4-ffnnone,0.23025330901145935,0.18651936575770378,attention_target_mass,0.1411789208650589,12,sgd,0.0222757790032394,0
C64-d16-L2-H1-m4-ffnnone,-0.07604557555168867,-0.1917576293926686,attention_target_over_distractor_log_margin,-0.28644248843193054,12,sgd,0.06853273048246933,0
C64-d16-L2-H1-m4-ffnnone,0.63671875,0.5320638020833334,donor_accuracy,0.373046875,12,sgd,0.08217679497836403,0
C64-d16-L2-H1-m4-ffnnone,2.4625372886657715,0.9779287700851759,donor_risk,0.48359575867652893,12,sgd,0.6000007597868001,0
C64-d16-L2-H1-m4-ffnnone,0.8320221900939941,0.7520911196867625,embedding_coherence,0.6883110404014587,12,sgd,0.038525092206876214,0
C64-d16-L2-H1-m4-ffnnone,13.410542488098145,12.736555020014444,embedding_effective_rank,12.240180015563965,12,sgd,0.3140941335245938,0
C64-d16-L2-H1-m4-ffnnone,0.65625,0.5275065104166666,function_accuracy,0.369140625,12,sgd,0.08573330245777683,0
C64-d16-L2-H1-m4-ffnnone,0.4250805974006653,0.17964136973023415,natural_swap_mae,0.0826771929860115,12,sgd,0.0987640225658054,0
C64-d16-L2-H1-m4-ffnnone,0.3546549081802368,0.08224286239904662,natural_swap_mse,0.013321555219590664,12,sgd,0.0994934730711648,0
C64-d16-L2-H1-m4-ffnnone,1.060458242893219,0.9784999762972196,ov_distractor_gain,0.8880262076854706,12,sgd,0.05698225195019544,0
C64-d16-L2-H1-m4-ffnnone,0.2227317839860916,0.0031004430105288825,ov_log_target_over_distractor_gain,-0.21174097806215286,12,sgd,0.13739252363245116,0
C64-d16-L2-H1-m4-ffnnone,1.2522376775741577,0.9815816233555476,ov_target_gain,0.748261034488678,12,sgd,0.15961120650389238,0
C64-d16-L2-H1-m4-ffnnone,0.24842790514230728,0.2241957069685062,qk_cancellation_fraction,0.19280102103948593,12,sgd,0.017964513339127318,0
C64-d16-L2-H1-m4-ffnnone,0.12412598729133606,0.032951106530769415,qk_content_energy,0.006419843761250377,12,sgd,0.03689188142892161,0
C64-d16-L2-H1-m4-ffnnone,0.031839560717344284,-0.0006050969532225281,qk_content_signed,-0.021247624419629574,12,sgd,0.014569065395299757,0
C64-d16-L2-H1-m4-ffnnone,0.5283203125,0.4969075520833333,qk_opposition_rate,0.4453125,12,sgd,0.02383668596986922,0
C64-d16-L2-H1-m4-ffnnone,0.011436309665441513,0.0028223148680505497,qk_route_signed,-0.004913568962365389,12,sgd,0.004380486168484392,0
C64-d16-L2-H1-m4-ffnnone,-0.21765955165028572,-0.35648695286363363,qk_suppression_log_ratio,-0.4656028151512146,12,sgd,0.08565436944942918,0
C64-d16-L2-H1-m4-ffnnone,0.0432758703827858,0.0022172180955143026,qk_total_signed,-0.0261611919850111,12,sgd,0.018039307907077574,0
C64-d16-L2-H1-m4-ffnnone,2.4566550254821777,0.9795263310273489,risk,0.4884580969810486,12,sgd,0.6006485200378127,0
C64-d16-L2-H1-m4-ffnnone,0.17481321096420288,0.03561006455371777,target_key_effect,-0.20869995653629303,12,sgd,0.1151078057481953,0
C64-d16-L2-H1-m4-ffnnone,0.3491666913032532,0.04044654220342636,value_flip_effect,-0.23428556323051453,12,sgd,0.15233620784936142,0
C64-d16-L2-H1-m4-ffnnone,3.6239051818847656,0.898630402982235,walsh_bias_energy,0.16407468914985657,12,sgd,1.105068214966823,0
C64-d16-L2-H1-m4-ffnnone,0.6057766675949097,0.13356146255197623,walsh_distractor_direct_energy,0.010842635296285152,12,sgd,0.16907269417591284,0
C64-d16-L2-H1-m4-ffnnone,0.024585526436567307,0.008492074441164732,walsh_interaction_energy,0.0014091504272073507,12,sgd,0.0072288820450692876,0
C64-d16-L2-H1-m4-ffnnone,0.35008925199508667,0.04023675977562865,walsh_target_coefficient,-0.22874310612678528,12,sgd,0.1516860224968507,0
C64-d16-L2-H1-m4-ffnnone,1.5276005268096924,0.9575672745704651,walsh_target_error_energy,0.4811123013496399,12,sgd,0.2836575091316046,0
C64-d16-L2-H1-m4-ffnnone,5.136487007141113,1.9982511401176453,walsh_total_error_energy,1.011592984199524,12,sgd,1.2418351069635658,0
C64-d16-L2-H1-m4-ffnnone,0.5011436343193054,0.3684274146022896,attention_key_selectivity,0.005077855661511421,12,sgd,0.1727257653965804,200
C64-d16-L2-H1-m4-ffnnone,0.21760369837284088,0.0855736993253231,attention_mean_distractor_mass,0.015284836292266846,12,sgd,0.06152751923696558,200
C64-d16-L2-H1-m4-ffnnone,0.5297138169407845,0.2892778003588319,attention_self_mass,0.12417586520314217,12,sgd,0.1351944235800253,200
C64-d16-L2-H1-m4-ffnnone,0.5648626685142517,0.4540011095814407,attention_target_mass,0.1959984228014946,12,sgd,0.12485238991360885,200
C64-d16-L2-H1-m4-ffnnone,2.758837103843689,1.7267890847288072,attention_target_over_distractor_log_margin,-3.4496732391417027,12,sgd,1.8643992573240573,200
C64-d16-L2-H1-m4-ffnnone,1.0,0.9449869791666666,donor_accuracy,0.662109375,12,sgd,0.12415886131953811,200
C64-d16-L2-H1-m4-ffnnone,0.4170449376106262,0.06985480814667729,donor_risk,0.0015764170093461871,12,sgd,0.15332137381751657,200
C64-d16-L2-H1-m4-ffnnone,0.835055947303772,0.7796508471171061,embedding_coherence,0.742263674736023,12,sgd,0.03044537173449265,200
C64-d16-L2-H1-m4-ffnnone,12.828787803649902,11.568439483642578,embedding_effective_rank,11.016626358032227,12,sgd,0.6295796898690048,200
C64-d16-L2-H1-m4-ffnnone,1.0,0.9469401041666666,function_accuracy,0.6640625,12,sgd,0.1207663546753775,200
C64-d16-L2-H1-m4-ffnnone,0.042328089475631714,0.021290321368724108,natural_swap_mae,0.010842984542250633,12,sgd,0.008429137384954623,200
C64-d16-L2-H1-m4-ffnnone,0.0109270503744483,0.005376825623291855,natural_swap_mse,0.0012861157301813364,12,sgd,0.003322113414385509,200
C64-d16-L2-H1-m4-ffnnone,3.0948994159698486,1.2195875147978466,ov_distractor_gain,0.8988204002380371,12,sgd,0.6138790259147431,200
C64-d16-L2-H1-m4-ffnnone,1.0628836154937744,0.6771894202878078,ov_log_target_over_distractor_gain,0.223094642162323,12,sgd,0.2474362928619954,200
C64-d16-L2-H1-m4-ffnnone,5.102326393127441,2.6770867059628167,ov_target_gain,1.9734005630016327,12,sgd,0.8105592802473103,200
C64-d16-L2-H1-m4-ffnnone,0.3371657580137253,0.23861569290359816,qk_cancellation_fraction,0.19304268062114716,12,sgd,0.03837371727635737,200
C64-d16-L2-H1-m4-ffnnone,0.0016821225872263312,0.0004409711291752198,qk_content_energy,4.18629178966512e-05,12,sgd,0.0004819272823460216,200
C64-d16-L2-H1-m4-ffnnone,0.0008220740128308535,0.00013146976046603717,qk_content_signed,-0.0005280538425722625,12,sgd,0.00042114478913018007,200
C64-d16-L2-H1-m4-ffnnone,0.6396484375,0.5287272135416666,qk_opposition_rate,0.4775390625,12,sgd,0.046554781770785564,200
C64-d16-L2-H1-m4-ffnnone,0.00398387957829982,-0.0003637275309908243,qk_route_signed,-0.008242615847848356,12,sgd,0.0036036258221735116,200
C64-d16-L2-H1-m4-ffnnone,-0.17992385663092136,-1.0723266631054382,qk_suppression_log_ratio,-1.584568478167057,12,sgd,0.388800389955022,200
C64-d16-L2-H1-m4-ffnnone,0.004805953009054065,-0.00023225774414944075,qk_total_signed,-0.007910078507848084,12,sgd,0.0036306978447689193,200
C64-d16-L2-H1-m4-ffnnone,0.41618919372558594,0.06964566260770273,risk,0.0008647887734696269,12,sgd,0.15370755636059782,200
C64-d16-L2-H1-m4-ffnnone,1.0235426425933838,0.8523123624424139,target_key_effect,0.10148422420024872,12,sgd,0.31687874073860456,200
C64-d16-L2-H1-m4-ffnnone,1.0069353580474854,0.8629251793026924,value_flip_effect,0.13985565304756165,12,sgd,0.3096249672749453,200
C64-d16-L2-H1-m4-ffnnone,0.005739865358918905,0.0018541867611929774,walsh_bias_energy,0.0005761156789958477,12,sgd,0.0016550720493791185,200
C64-d16-L2-H1-m4-ffnnone,0.18406237661838531,0.023465210921131074,walsh_distractor_direct_energy,0.0010292071383446455,12,sgd,0.05437688488694502,200
C64-d16-L2-H1-m4-ffnnone,0.03152181953191757,0.0038917125178462206,walsh_interaction_energy,0.00041993262129835784,12,sgd,0.008740067108698056,200
C64-d16-L2-H1-m4-ffnnone,1.0051168203353882,0.8633067334691683,walsh_target_coefficient,0.1345123052597046,12,sgd,0.31040474601966395,200
C64-d16-L2-H1-m4-ffnnone,0.7556710243225098,0.10992981071467511,walsh_target_error_energy,0.0011840559309348464,12,sgd,0.25475732250733035,200
C64-d16-L2-H1-m4-ffnnone,0.8639551401138306,0.1391409226732018,walsh_total_error_energy,0.0038086881395429373,12,sgd,0.30859067214168723,200
C64-d16-L2-H1-m4-ffnnone,0.5084662437438965,0.4134634738632788,attention_key_selectivity,0.008941239677369595,12,sgd,0.14316700657531206,400
C64-d16-L2-H1-m4-ffnnone,0.21018819510936737,0.06889914531105508,attention_mean_distractor_mass,0.00996624305844307,12,sgd,0.05148743061796069,400
C64-d16-L2-H1-m4-ffnnone,0.5321509055793285,0.31093994869540137,attention_self_mass,0.15030597150325775,12,sgd,0.14314928427152984,400
C64-d16-L2-H1-m4-ffnnone,0.5818377137184143,0.4823626088909805,attention_target_mass,0.21912944316864014,12,sgd,0.11199399580760358,400
C64-d16-L2-H1-m4-ffnnone,3.0874871015548706,2.1934716646016263,attention_target_over_distractor_log_margin,-3.5305610592477024,12,sgd,1.8386748650595777,400
C64-d16-L2-H1-m4-ffnnone,1.0,0.9720052083333334,donor_accuracy,0.703125,12,sgd,0.08541670275544323,400
C64-d16-L2-H1-m4-ffnnone,0.3836880922317505,0.03734047470788937,donor_risk,0.00019331077055539936,12,sgd,0.11041281399164497,400
C64-d16-L2-H1-m4-ffnnone,0.8326237797737122,0.782037208477656,embedding_coherence,0.7327361106872559,12,sgd,0.03171572473652767,400
C64-d16-L2-H1-m4-ffnnone,12.550490379333496,11.287639617919922,embedding_effective_rank,10.170665740966797,12,sgd,0.5970121904124764,400
C64-d16-L2-H1-m4-ffnnone,1.0,0.9703776041666666,function_accuracy,0.697265625,12,sgd,0.08723052834904477,400
C64-d16-L2-H1-m4-ffnnone,0.09054715931415558,0.015437771585614731,natural_swap_mae,0.003719516796991229,12,sgd,0.02503899221870137,400
C64-d16-L2-H1-m4-ffnnone,0.06279519945383072,0.005922481269105144,natural_swap_mse,5.058125680079684e-05,12,sgd,0.017929059848201825,400
C64-d16-L2-H1-m4-ffnnone,3.2470896244049072,1.2130545477072399,ov_distractor_gain,0.8630748093128204,12,sgd,0.6628070278222677,400
C64-d16-L2-H1-m4-ffnnone,1.193902850151062,0.7166666924022138,ov_log_target_over_distractor_gain,0.3589239940047264,12,sgd,0.28236214041244473,400
C64-d16-L2-H1-m4-ffnnone,4.574381589889526,2.7663029419879117,ov_target_gain,2.142562210559845,12,sgd,0.6058747732372755,400
C64-d16-L2-H1-m4-ffnnone,0.274343878030777,0.2351200624058644,qk_cancellation_fraction,0.1831279695034027,12,sgd,0.02958322156293773,400
C64-d16-L2-H1-m4-ffnnone,0.009679663111455739,0.0010499030129693665,qk_content_energy,5.193703600525623e-06,12,sgd,0.0027787798694215676,400
C64-d16-L2-H1-m4-ffnnone,0.001176314486656338,0.00017393704805120555,qk_content_signed,-0.0003491699790174607,12,sgd,0.00045850703192249403,400
C64-d16-L2-H1-m4-ffnnone,0.580078125,0.5302734375,qk_opposition_rate,0.4990234375,12,sgd,0.023786318811961842,400
C64-d16-L2-H1-m4-ffnnone,0.02406373154371977,0.0028322108566195916,qk_route_signed,-0.0006970141566853272,12,sgd,0.006966080736110945,400
C64-d16-L2-H1-m4-ffnnone,-0.22768571972846985,-1.0084078209474683,qk_suppression_log_ratio,-1.3551785349845886,12,sgd,0.31104952585602064,400
C64-d16-L2-H1-m4-ffnnone,0.025240043178200722,0.003006147660623052,qk_total_signed,-0.0010461841375217773,12,sgd,0.007295464146003017,400
C64-d16-L2-H1-m4-ffnnone,0.38310226798057556,0.0393698241993358,risk,0.00018258517957292497,12,sgd,0.11093009114550549,400
C64-d16-L2-H1-m4-ffnnone,1.029036045074463,0.9169804143408934,target_key_effect,0.18972788751125336,12,sgd,0.23267251082333362,400
C64-d16-L2-H1-m4-ffnnone,1.0040863752365112,0.9243201700349649,value_flip_effect,0.23721157014369965,12,sgd,0.21967431476102517,400
C64-d16-L2-H1-m4-ffnnone,0.03418910130858421,0.005512366841988599,walsh_bias_energy,9.098199370782822e-05,12,sgd,0.012526333879588061,400
C64-d16-L2-H1-m4-ffnnone,0.17177337408065796,0.017751507003292016,walsh_distractor_direct_energy,4.389407695271075e-05,12,sgd,0.04980484364970315,400
C64-d16-L2-H1-m4-ffnnone,0.023490149527788162,0.0027512726992426906,walsh_interaction_energy,3.6126763006905094e-05,12,sgd,0.006920977734501939,400
C64-d16-L2-H1-m4-ffnnone,1.0042445659637451,0.925151601433754,walsh_target_coefficient,0.23839986324310303,12,sgd,0.21924292874369714,400
C64-d16-L2-H1-m4-ffnnone,0.5817370414733887,0.0522946505031238,walsh_target_error_energy,0.00021091001690365374,12,sgd,0.16717413068988096,400
C64-d16-L2-H1-m4-ffnnone,0.7919673323631287,0.0783097919387122,walsh_total_error_energy,0.00039161607855930924,12,sgd,0.22826949799849036,400
C64-d16-L2-H1-m4-ffnnone,0.5117585062980652,0.42996110309225816,attention_key_selectivity,0.007002656348049641,12,sgd,0.14010855761567564,800
C64-d16-L2-H1-m4-ffnnone,0.2154231294989586,0.06544578475101541,attention_mean_distractor_mass,0.008728178683668375,12,sgd,0.05405664616295953,800
C64-d16-L2-H1-m4-ffnnone,0.5250228866934776,0.3082557727272312,attention_self_mass,0.13130484148859978,12,sgd,0.1494940594755886,800
C64-d16-L2-H1-m4-ffnnone,0.5881897211074829,0.4954068788016836,attention_target_mass,0.22242578119039536,12,sgd,0.10744096404167638,800
C64-d16-L2-H1-m4-ffnnone,3.638190269470215,2.4878262646961957,attention_target_over_distractor_log_margin,-3.1759787583723664,12,sgd,1.801712004337572,800
C64-d16-L2-H1-m4-ffnnone,1.0,0.97412109375,donor_accuracy,0.69140625,12,sgd,0.08903385656947517,800
C64-d16-L2-H1-m4-ffnnone,0.3716927766799927,0.03121970507891092,donor_risk,6.978595774853602e-05,12,sgd,0.10722198885909354,800
C64-d16-L2-H1-m4-ffnnone,0.8339130878448486,0.7835670113563538,embedding_coherence,0.7311702370643616,12,sgd,0.03094627604846338,800
C64-d16-L2-H1-m4-ffnnone,12.403090476989746,11.216326157251993,embedding_effective_rank,9.756077766418457,12,sgd,0.6444902580448111,800
C64-d16-L2-H1-m4-ffnnone,1.0,0.9737955729166666,function_accuracy,0.6875,12,sgd,0.09016147167069294,800
C64-d16-L2-H1-m4-ffnnone,0.024372490122914314,0.004954093310516328,natural_swap_mae,0.0013348434586077929,12,sgd,0.006184006536641727,800
C64-d16-L2-H1-m4-ffnnone,0.00115134846419096,0.00020588923325703945,natural_swap_mse,8.68828828970436e-06,12,sgd,0.0003397410855458458,800
C64-d16-L2-H1-m4-ffnnone,3.156640648841858,1.1742922738194466,ov_distractor_gain,0.8357721865177155,12,sgd,0.635751676191535,800
C64-d16-L2-H1-m4-ffnnone,1.2698196172714233,0.7985722864978015,ov_log_target_over_distractor_gain,0.3397151958197355,12,sgd,0.28038889920149773,800
C64-d16-L2-H1-m4-ffnnone,4.661945104598999,2.948467217385769,ov_target_gain,2.5590719878673553,12,sgd,0.556529483545742,800
C64-d16-L2-H1-m4-ffnnone,0.2721487730741501,0.2395537147919337,qk_cancellation_fraction,0.20561260730028152,12,sgd,0.02052288826589287,800
C64-d16-L2-H1-m4-ffnnone,0.0009371565247420222,8.80082679823128e-05,qk_content_energy,1.8434178912229982e-06,12,sgd,0.00026755627244323655,800
C64-d16-L2-H1-m4-ffnnone,0.000930209323996678,6.263101367191364e-05,qk_content_signed,-0.0001650068188610021,12,sgd,0.00029919613698661216,800
C64-d16-L2-H1-m4-ffnnone,0.5703125,0.5353190104166666,qk_opposition_rate,0.5029296875,12,sgd,0.01771976421601965,800
C64-d16-L2-H1-m4-ffnnone,0.00040805161552270874,-0.00011682389352548246,qk_route_signed,-0.0004146017963648774,12,sgd,0.00027246088827964616,800
C64-d16-L2-H1-m4-ffnnone,0.0782528817653656,-0.9574868579705557,qk_suppression_log_ratio,-1.6099212765693665,12,sgd,0.42224308682828193,800
C64-d16-L2-H1-m4-ffnnone,0.0006609690026380122,-5.419286503638432e-05,qk_total_signed,-0.00047721663304400863,12,sgd,0.00037974473696132443,800
C64-d16-L2-H1-m4-ffnnone,0.37104135751724243,0.031238593620704098,risk,6.603802466997877e-05,12,sgd,0.10701219635602026,800
C64-d16-L2-H1-m4-ffnnone,1.0343663692474365,0.9307969249784946,target_key_effect,0.21647928655147552,12,sgd,0.22630127277830392,800
C64-d16-L2-H1-m4-ffnnone,1.0016913414001465,0.9368901426593462,value_flip_effect,0.24585363268852234,12,sgd,0.21762275930702465,800
C64-d16-L2-H1-m4-ffnnone,0.020269034430384636,0.0017446439217868222,walsh_bias_energy,1.701481596683152e-05,12,sgd,0.005833796451713743,800
C64-d16-L2-H1-m4-ffnnone,0.18240106105804443,0.015246104458128684,walsh_distractor_direct_energy,1.119522494263947e-05,12,sgd,0.052640176028056276,800
C64-d16-L2-H1-m4-ffnnone,0.0010482165962457657,0.00013075778546559982,walsh_interaction_energy,3.7795202842971776e-06,12,sgd,0.00029471916532263165,800
C64-d16-L2-H1-m4-ffnnone,1.0015537738800049,0.937130785236756,walsh_target_coefficient,0.24663574993610382,12,sgd,0.2174519082728217,800
C64-d16-L2-H1-m4-ffnnone,0.5677822828292847,0.04742638939508955,walsh_target_error_energy,8.511255873600021e-05,12,sgd,0.16386961326179025,800
C64-d16-L2-H1-m4-ffnnone,0.7715005278587341,0.06454788998113752,walsh_total_error_energy,0.00014152939547784626,12,sgd,0.2226323979314605,800
C64-d16-L2-H4-m4-ffn32,-0.0001703526359051466,-0.005952904126994933,attention_key_selectivity,-0.010973533615469933,12,sgd,0.004374482580685449,0
C64-d16-L2-H4-m4-ffn32,0.20835356786847115,0.19812767254188657,attention_mean_distractor_mass,0.159251119941473,12,sgd,0.012941344861112734,0
C64-d16-L2-H4-m4-ffn32,0.3732203505933285,0.2134422294329852,attention_self_mass,0.17668567411601543,12,sgd,0.05284234246345066,0
C64-d16-L2-H4-m4-ffn32,0.2047306876629591,0.19217476838578781,attention_target_mass,0.14902628771960735,12,sgd,0.014491214907362167,0
C64-d16-L2-H4-m4-ffn32,-0.08620803849771619,-0.18713068034655103,attention_target_over_distractor_log_margin,-0.32610228657722473,12,sgd,0.06544751834502006,0
C64-d16-L2-H4-m4-ffn32,0.552734375,0.4947916666666667,donor_accuracy,0.392578125,12,sgd,0.04802487986631765,0
C64-d16-L2-H4-m4-ffn32,1.4279558658599854,0.9440067484974861,donor_risk,0.4938376843929291,12,sgd,0.30761195389747553,0
C64-d16-L2-H4-m4-ffn32,0.8422908782958984,0.7656993369261423,embedding_coherence,0.6933339834213257,12,sgd,0.044349480571403775,0
C64-d16-L2-H4-m4-ffn32,13.330070495605469,12.694633960723877,embedding_effective_rank,12.324060440063477,12,sgd,0.28481108998502735,0
C64-d16-L2-H4-m4-ffn32,0.009864652412943542,-0.0034150237382467217,ffn_branch_signed,-0.014658323489129543,12,sgd,0.00959069766591672,0
C64-d16-L2-H4-m4-ffn32,0.42325881123542786,0.29645981018741924,ffn_cancellation_fraction,0.2022372931241989,12,sgd,0.07306017982289537,0
C64-d16-L2-H4-m4-ffn32,0.69140625,0.526611328125,ffn_opposition_rate,0.3779296875,12,sgd,0.10690419959743523,0
C64-d16-L2-H4-m4-ffn32,0.02599105704575777,-0.0055902782623888925,ffn_skip_signed,-0.038608623668551445,12,sgd,0.01804079563768572,0
C64-d16-L2-H4-m4-ffn32,0.03187863901257515,-0.009005301767804971,ffn_total_signed,-0.053266944363713264,12,sgd,0.026822123005173674,0
C64-d16-L2-H4-m4-ffn32,0.5625,0.5021158854166666,function_accuracy,0.412109375,12,sgd,0.042729660990588496,0
C64-d16-L2-H4-m4-ffn32,0.44886514544487,0.19514277670532465,natural_swap_mae,0.06143183633685112,12,sgd,0.10063346329751667,0
C64-d16-L2-H4-m4-ffn32,0.3704490065574646,0.09143134660553187,natural_swap_mse,0.0067833648063242435,12,sgd,0.09876981966994552,0
C64-d16-L2-H4-m4-ffn32,0.5029970444738865,0.4708399061734478,ov_distractor_gain,0.4428410306572914,12,sgd,0.01931369829875286,0
C64-d16-L2-H4-m4-ffn32,0.13905100664123893,-0.018143117689760402,ov_log_target_over_distractor_gain,-0.2716910489834845,12,sgd,0.14655471428026773,0
C64-d16-L2-H4-m4-ffn32,0.5491875447332859,0.46208347100764513,ov_target_gain,0.3670795410871506,12,sgd,0.05590165281704832,0
C64-d16-L2-H4-m4-ffn32,0.23352963477373123,0.22392652292425433,qk_cancellation_fraction,0.2034523580223322,12,sgd,0.008016700347476279,0
C64-d16-L2-H4-m4-ffn32,0.036433755536563694,0.009534932961287268,qk_content_energy,0.0008440669953415636,12,sgd,0.009175452494328275,0
C64-d16-L2-H4-m4-ffn32,0.002996521187014878,-0.0018816962641115726,qk_content_signed,-0.007980092370416969,12,sgd,0.0035670692998971665,0
C64-d16-L2-H4-m4-ffn32,0.519287109375,0.5075276692708334,qk_opposition_rate,0.494140625,12,sgd,0.007281058715895504,0
C64-d16-L2-H4-m4-ffn32,0.001185764922411181,-0.0005003742230655917,qk_route_signed,-0.002805204188916832,12,sgd,0.001316508600859952,0
C64-d16-L2-H4-m4-ffn32,-0.1431861179880798,-0.23916501454853764,qk_suppression_log_ratio,-0.35770563781261444,12,sgd,0.06132926603369083,0
C64-d16-L2-H4-m4-ffn32,0.0034035219068755396,-0.0023820705855541746,qk_total_signed,-0.009043873636983335,12,sgd,0.0040086878661631615,0
C64-d16-L2-H4-m4-ffn32,1.431565284729004,0.9364458446701368,risk,0.4940928518772125,12,sgd,0.30408741270371875,0
C64-d16-L2-H4-m4-ffn32,0.08666309714317322,0.000946366460993886,target_key_effect,-0.17534410953521729,12,sgd,0.07826361493413189,0
C64-d16-L2-H4-m4-ffn32,0.11630244553089142,0.014365252427523956,value_flip_effect,-0.1736856997013092,12,sgd,0.0970156403210276,0
C64-d16-L2-H4-m4-ffn32,1.4531104564666748,0.7936432547867298,walsh_bias_energy,0.06176523119211197,12,sgd,0.5347677078647811,0
C64-d16-L2-H4-m4-ffn32,0.19941341876983643,0.06587348195413749,walsh_distractor_direct_energy,0.009544143453240395,12,sgd,0.054416310027976665,0
C64-d16-L2-H4-m4-ffn32,0.029740191996097565,0.010408335816464387,walsh_interaction_energy,0.0007744196918793023,12,sgd,0.00846455412600399,0
C64-d16-L2-H4-m4-ffn32,0.11645720899105072,0.015295753498018408,walsh_target_coefficient,-0.16642507910728455,12,sgd,0.09514932908851696,0
C64-d16-L2-H4-m4-ffn32,1.3989874124526978,0.9901502579450607,walsh_target_error_energy,0.7912204265594482,12,sgd,0.2018757059754115,0
C64-d16-L2-H4-m4-ffn32,2.6724801063537598,1.8600753446420033,walsh_total_error_energy,1.0044987201690674,12,sgd,0.5895631546243555,0
C64-d16-L2-H4-m4-ffn32,0.15276359021663666,0.10930514304588239,attention_key_selectivity,0.05410640686750412,12,sgd,0.031543831279049646,200
C64-d16-L2-H4-m4-ffn32,0.18782090581953526,0.1684957108615587,attention_mean_distractor_mass,0.14891733275726438,12,sgd,0.012033593224596415,200
C64-d16-L2-H4-m4-ffn32,0.26213226467370987,0.21671202460614344,attention_self_mass,0.1622985117137432,12,sgd,0.027430368993252994,200
C64-d16-L2-H4-m4-ffn32,0.3138157445937395,0.27780085476115346,attention_target_mass,0.23967193253338337,12,sgd,0.02235943526468345,200
C64-d16-L2-H4-m4-ffn32,0.7266378616914153,0.4432624798209872,attention_target_over_distractor_log_margin,0.11240946315228939,12,sgd,0.19461692355654878,200
C64-d16-L2-H4-m4-ffn32,1.0,0.9850260416666666,donor_accuracy,0.9609375,12,sgd,0.01338563314145199,200
C64-d16-L2-H4-m4-ffn32,0.08026003837585449,0.027208356264357764,donor_risk,0.00426526740193367,12,sgd,0.023265268288086317,200
C64-d16-L2-H4-m4-ffn32,0.883741021156311,0.805162638425827,embedding_coherence,0.7641292214393616,12,sgd,0.03756592278140245,200
C64-d16-L2-H4-m4-ffn32,11.60450267791748,11.054125308990479,embedding_effective_rank,10.342991828918457,12,sgd,0.39203953308724293,200
C64-d16-L2-H4-m4-ffn32,0.004831047961488366,0.0008540708392198818,ffn_branch_signed,-0.0039506517350673676,12,sgd,0.0025307376992202107,200
C64-d16-L2-H4-m4-ffn32,0.3019058555364609,0.23502588520447412,ffn_cancellation_fraction,0.13168227672576904,12,sgd,0.054728990587199614,200
C64-d16-L2-H4-m4-ffn32,0.5869140625,0.4998372395833333,ffn_opposition_rate,0.3291015625,12,sgd,0.07209967476933327,200
C64-d16-L2-H4-m4-ffn32,0.007838755380362272,-0.00121819842994834,ffn_skip_signed,-0.009324190439656377,12,sgd,0.005484825754504337,200
C64-d16-L2-H4-m4-ffn32,0.012669803109019995,-0.00036412749129037064,ffn_total_signed,-0.011458381079137325,12,sgd,0.007747443565810115,200
C64-d16-L2-H4-m4-ffn32,0.998046875,0.9833984375,function_accuracy,0.95703125,12,sgd,0.013415824715812208,200
C64-d16-L2-H4-m4-ffn32,0.14757123589515686,0.06883666788538297,natural_swap_mae,0.02933880314230919,12,sgd,0.03534099659631789,200
C64-d16-L2-H4-m4-ffn32,0.06065358594059944,0.03106261029218634,natural_swap_mse,0.008461465127766132,12,sgd,0.018914797953046906,200
C64-d16-L2-H4-m4-ffn32,0.5802366212010384,0.502532021763424,ov_distractor_gain,0.45045116171240807,12,sgd,0.03424540386037504,200
C64-d16-L2-H4-m4-ffn32,0.7812437899410725,0.41660860436968505,ov_log_target_over_distractor_gain,0.20366687141358852,12,sgd,0.15215331020912323,200
C64-d16-L2-H4-m4-ffn32,1.1329936310648918,0.8923376882448792,ov_target_gain,0.7431555688381195,12,sgd,0.12391132082820201,200
C64-d16-L2-H4-m4-ffn32,0.25056600384414196,0.22910928539931774,qk_cancellation_fraction,0.21350323781371117,12,sgd,0.009548396959842541,200
C64-d16-L2-H4-m4-ffn32,0.001160799860372208,0.0006436653959553951,qk_content_energy,0.00013098901990815648,12,sgd,0.00034137762322271705,200
C64-d16-L2-H4-m4-ffn32,0.0008626593980807229,1.0286172520560891e-05,qk_content_signed,-0.000635285166936228,12,sgd,0.00042299076121221727,200
C64-d16-L2-H4-m4-ffn32,0.53955078125,0.5163370768229166,qk_opposition_rate,0.50439453125,12,sgd,0.010234577848465666,200
C64-d16-L2-H4-m4-ffn32,0.0019698927317222115,-8.844270492621338e-05,qk_route_signed,-0.002745185458479682,12,sgd,0.0015045282472636466,200
C64-d16-L2-H4-m4-ffn32,-0.5660260990262032,-0.7898550860894223,qk_suppression_log_ratio,-1.1007416918873787,12,sgd,0.16656891052813808,200
C64-d16-L2-H4-m4-ffn32,0.0022519763369928114,-7.815654521436954e-05,qk_total_signed,-0.002801247959723696,12,sgd,0.0016950788792593702,200
C64-d16-L2-H4-m4-ffn32,0.08314064145088196,0.02785645060551663,risk,0.005859308876097202,12,sgd,0.023688853333842814,200
C64-d16-L2-H4-m4-ffn32,1.006304383277893,0.9208262215058008,target_key_effect,0.7915800213813782,12,sgd,0.0582977502423144,200
C64-d16-L2-H4-m4-ffn32,0.9916856288909912,0.9368328750133514,value_flip_effect,0.7976734638214111,12,sgd,0.053289176613254066,200
C64-d16-L2-H4-m4-ffn32,0.01653551682829857,0.008532252899991969,walsh_bias_energy,0.002264301758259535,12,sgd,0.004948267308614263,200
C64-d16-L2-H4-m4-ffn32,0.09087192267179489,0.022235228156205267,walsh_distractor_direct_energy,0.003205016488209367,12,sgd,0.024385792381709025,200
C64-d16-L2-H4-m4-ffn32,0.014680497348308563,0.008300697663798928,walsh_interaction_energy,0.002462091390043497,12,sgd,0.0037875262090657255,200
C64-d16-L2-H4-m4-ffn32,0.987928032875061,0.9362543672323227,walsh_target_coefficient,0.7978329658508301,12,sgd,0.05388145932452568,200
C64-d16-L2-H4-m4-ffn32,0.08778232336044312,0.02163420937722549,walsh_target_error_energy,0.0036186545621603727,12,sgd,0.02366421566191452,200
C64-d16-L2-H4-m4-ffn32,0.20279113948345184,0.0607023877867808,walsh_total_error_energy,0.011975911445915699,12,sgd,0.05367724429721354,200
C64-d16-L2-H4-m4-ffn32,0.18593242764472961,0.14671293087303638,attention_key_selectivity,0.07637514173984528,12,sgd,0.03632542037417023,400
C64-d16-L2-H4-m4-ffn32,0.18999805254861712,0.15995865639221543,attention_mean_distractor_mass,0.13795712077990174,12,sgd,0.014301326507018807,400
C64-d16-L2-H4-m4-ffn32,0.26223911717534065,0.21345245613095662,attention_self_mass,0.15321225207298994,12,sgd,0.02895010669405812,400
C64-d16-L2-H4-m4-ffn32,0.3344748914241791,0.30667158813836676,attention_target_mass,0.25640921480953693,12,sgd,0.024199079642941254,400
C64-d16-L2-H4-m4-ffn32,1.1301254746504128,0.7868890129320789,attention_target_over_distractor_log_margin,0.3263339074328542,12,sgd,0.24371179230196824,400
C64-d16-L2-H4-m4-ffn32,1.0,0.9982096354166666,donor_accuracy,0.99609375,12,sgd,0.001305777194182659,400
C64-d16-L2-H4-m4-ffn32,0.008226015605032444,0.0036311739774343246,donor_risk,0.0005166130140423775,12,sgd,0.002445548750173541,400
C64-d16-L2-H4-m4-ffn32,0.8621067404747009,0.814688965678215,embedding_coherence,0.7825789451599121,12,sgd,0.02926625723053392,400
C64-d16-L2-H4-m4-ffn32,11.214786529541016,10.344027996063232,embedding_effective_rank,9.795814514160156,12,sgd,0.43602701587286974,400
C64-d16-L2-H4-m4-ffn32,0.004971211077645421,0.0007603285448567476,ffn_branch_signed,-0.002158336035790853,12,sgd,0.00179302531177787,400
C64-d16-L2-H4-m4-ffn32,0.3733522444963455,0.319145780056715,ffn_cancellation_fraction,0.25328904390335083,12,sgd,0.03279522100332509,400
C64-d16-L2-H4-m4-ffn32,0.685546875,0.6095377604166666,ffn_opposition_rate,0.546875,12,sgd,0.03691221486076714,400
C64-d16-L2-H4-m4-ffn32,0.003158614970743656,0.00022848681571000876,ffn_skip_signed,-0.0025376954581588507,12,sgd,0.001774059767399572,400
C64-d16-L2-H4-m4-ffn32,0.007482394576072693,0.0009888153290376067,ffn_total_signed,-0.0038234370294958353,12,sgd,0.0032091458926771484,400
C64-d16-L2-H4-m4-ffn32,1.0,0.9973958333333334,function_accuracy,0.994140625,12,sgd,0.001923304546552074,400
C64-d16-L2-H4-m4-ffn32,0.026334378868341446,0.017902453973268468,natural_swap_mae,0.012494259513914585,12,sgd,0.004014343834473795,400
C64-d16-L2-H4-m4-ffn32,0.009873287752270699,0.0032117604957117387,natural_swap_mse,0.0003930607927031815,12,sgd,0.0030987626598533995,400
C64-d16-L2-H4-m4-ffn32,0.5455289706587791,0.48899166223903495,ov_distractor_gain,0.44009651243686676,12,sgd,0.028848735575605237,400
C64-d16-L2-H4-m4-ffn32,0.8221081867814064,0.4266932740914247,ov_log_target_over_distractor_gain,0.21767376735806465,12,sgd,0.17485086927911006,400
C64-d16-L2-H4-m4-ffn32,1.1841001771390438,0.9307844187133014,ov_target_gain,0.7506906278431416,12,sgd,0.13992673170266332,400
C64-d16-L2-H4-m4-ffn32,0.2468368485569954,0.22588974439228574,qk_cancellation_fraction,0.21031773835420609,12,sgd,0.011750048861993441,400
C64-d16-L2-H4-m4-ffn32,0.0008885709269179642,0.00020873999972555643,qk_content_energy,2.816241971004274e-05,12,sgd,0.00025237623954716955,400
C64-d16-L2-H4-m4-ffn32,0.0003155071017317823,8.319634654678035e-06,qk_content_signed,-0.0003512592156766914,12,sgd,0.00023263779877668374,400
C64-d16-L2-H4-m4-ffn32,0.52880859375,0.5091349283854166,qk_opposition_rate,0.487548828125,12,sgd,0.01081380797383173,400
C64-d16-L2-H4-m4-ffn32,0.002494505333743291,-1.9231575341412583e-05,qk_route_signed,-0.0018906852556028753,12,sgd,0.0010811821519924167,400
C64-d16-L2-H4-m4-ffn32,-0.42125134402886033,-0.6215890430030413,qk_suppression_log_ratio,-0.8971795067191124,12,sgd,0.15430119618249766,400
C64-d16-L2-H4-m4-ffn32,0.002143245656043291,-1.0912004199781222e-05,qk_total_signed,-0.0016629512629151577,12,sgd,0.0009703553773479445,400
C64-d16-L2-H4-m4-ffn32,0.008594969287514687,0.004099423153093085,risk,0.0005128296324983239,12,sgd,0.0025643312624021777,400
C64-d16-L2-H4-m4-ffn32,1.0311882495880127,0.9690447847048441,target_key_effect,0.8993507623672485,12,sgd,0.03780128177882572,400
C64-d16-L2-H4-m4-ffn32,1.004807710647583,0.9890133440494537,value_flip_effect,0.960885763168335,12,sgd,0.014548521415483908,400
C64-d16-L2-H4-m4-ffn32,0.006245502736419439,0.0017532427785530065,walsh_bias_energy,0.0003504376800265163,12,sgd,0.0017871736151212373,400
C64-d16-L2-H4-m4-ffn32,0.006045712158083916,0.001957596658030525,walsh_distractor_direct_energy,0.0006339913234114647,12,sgd,0.0016966917405513,400
C64-d16-L2-H4-m4-ffn32,0.005862800404429436,0.0020083226045244373,walsh_interaction_energy,0.0003653826133813709,12,sgd,0.0016022420559704093,400
C64-d16-L2-H4-m4-ffn32,1.0041399002075195,0.9900689671436945,walsh_target_coefficient,0.9572752714157104,12,sgd,0.014389233710056066,400
C64-d16-L2-H4-m4-ffn32,0.006389934569597244,0.0021306784474290907,walsh_target_error_energy,0.0006257100612856448,12,sgd,0.002117040930933861,400
C64-d16-L2-H4-m4-ffn32,0.024414125829935074,0.00784984027268365,walsh_total_error_energy,0.002423057332634926,12,sgd,0.007106035829778034,400
C64-d16-L2-H4-m4-ffn32,0.20829150080680847,0.16292398857573667,attention_key_selectivity,0.08538730442523956,12,sgd,0.04043258924844433,800
C64-d16-L2-H4-m4-ffn32,0.1908321923110634,0.15620988837326877,attention_mean_distractor_mass,0.13237957283854485,12,sgd,0.01625341172976045,800
C64-d16-L2-H4-m4-ffn32,0.26473065838217735,0.21223647810984403,attention_self_mass,0.1512839561328292,12,sgd,0.030867273711631657,800
C64-d16-L2-H4-m4-ffn32,0.3521592225879431,0.31913387472741306,attention_target_mass,0.2691499460488558,12,sgd,0.025918576559440663,800
C64-d16-L2-H4-m4-ffn32,1.3486979277804494,1.0022077860776335,attention_target_over_distractor_log_margin,0.6058086548000574,12,sgd,0.27126500277836085,800
C64-d16-L2-H4-m4-ffn32,1.0,0.9996744791666666,donor_accuracy,0.998046875,12,sgd,0.0007602528751577373,800
C64-d16-L2-H4-m4-ffn32,0.0037480732426047325,0.0007913780924961126,donor_risk,0.00016466276429127902,12,sgd,0.0011716605116177201,800
C64-d16-L2-H4-m4-ffn32,0.8536079525947571,0.8193805466095606,embedding_coherence,0.7795021533966064,12,sgd,0.024723308991554834,800
C64-d16-L2-H4-m4-ffn32,10.993332862854004,9.800794839859009,embedding_effective_rank,9.168022155761719,12,sgd,0.5789700558869605,800
C64-d16-L2-H4-m4-ffn32,0.0016265088052023202,0.00025121749846827396,ffn_branch_signed,-0.002111524867359549,12,sgd,0.0010991239927133298,800
C64-d16-L2-H4-m4-ffn32,0.4012066274881363,0.33056259900331497,ffn_cancellation_fraction,0.27281656861305237,12,sgd,0.03378714562434111,800
C64-d16-L2-H4-m4-ffn32,0.71484375,0.6231282552083334,ffn_opposition_rate,0.5712890625,12,sgd,0.0382584560005747,800
C64-d16-L2-H4-m4-ffn32,0.0016970266005955637,0.00021352279145503417,ffn_skip_signed,-0.00231804046779871,12,sgd,0.0013430182120487343,800
C64-d16-L2-H4-m4-ffn32,0.003323535667732358,0.00046474035843857564,ffn_total_signed,-0.0044295648112893105,12,sgd,0.0023584965584641875,800
C64-d16-L2-H4-m4-ffn32,1.0,0.9998372395833334,function_accuracy,0.998046875,12,sgd,0.0005638186222554939,800
C64-d16-L2-H4-m4-ffn32,0.015188265591859818,0.010439550426478187,natural_swap_mae,0.008031809702515602,12,sgd,0.0022497801280839105,800
C64-d16-L2-H4-m4-ffn32,0.007058927323669195,0.001608090514006714,natural_swap_mse,0.0001434343575965613,12,sgd,0.0022655665533982865,800
C64-d16-L2-H4-m4-ffn32,0.5289120264351368,0.47722802342226106,ov_distractor_gain,0.4271933436393738,12,sgd,0.02699650749489797,800
C64-d16-L2-H4-m4-ffn32,0.8587813451886177,0.4532837455335539,ov_log_target_over_distractor_gain,0.2080249092541635,12,sgd,0.18724777420542646,800
C64-d16-L2-H4-m4-ffn32,1.2180308625102043,0.963184354826808,ov_target_gain,0.782230019569397,12,sgd,0.14853099181685395,800
C64-d16-L2-H4-m4-ffn32,0.24414920434355736,0.22340906504541636,qk_cancellation_fraction,0.20605267770588398,12,sgd,0.011918426955062504,800
C64-d16-L2-H4-m4-ffn32,0.00037193217190178984,6.411721066316527e-05,qk_content_energy,1.361271642963402e-05,12,sgd,9.813517249271448e-05,800
C64-d16-L2-H4-m4-ffn32,0.00019617489397205645,-3.667794671476562e-05,qk_content_signed,-0.0002685518211364979,12,sgd,0.00015275604372191434,800
C64-d16-L2-H4-m4-ffn32,0.529296875,0.5078531901041666,qk_opposition_rate,0.48486328125,12,sgd,0.012512960361941688,800
C64-d16-L2-H4-m4-ffn32,0.0010731486213444441,0.0001191045280961589,qk_route_signed,-0.0007381856667052489,12,sgd,0.0005286854523589611,800
C64-d16-L2-H4-m4-ffn32,-0.41481802985072136,-0.5610963747797845,qk_suppression_log_ratio,-0.906269658356905,12,sgd,0.1493920514562693,800
C64-d16-L2-H4-m4-ffn32,0.0010201488839811645,8.242659265533803e-05,qk_total_signed,-0.000917050333782754,12,sgd,0.000526572753412084,800
C64-d16-L2-H4-m4-ffn32,0.0018322396790608764,0.0005297871393850073,risk,0.00016414839774370193,12,sgd,0.0005093769608366765,800
C64-d16-L2-H4-m4-ffn32,1.0343003273010254,0.9824843009312948,target_key_effect,0.9326193332672119,12,sgd,0.03855345712303033,800
C64-d16-L2-H4-m4-ffn32,1.0039572715759277,0.9973391989866892,value_flip_effect,0.9921970367431641,12,sgd,0.003454812212179226,800
C64-d16-L2-H4-m4-ffn32,0.0012848041951656342,0.000525911007571267,walsh_bias_energy,0.0001275700342375785,12,sgd,0.0003621845773228543,800
C64-d16-L2-H4-m4-ffn32,0.0012826577294617891,0.00048764481471152976,walsh_distractor_direct_energy,4.332418029662222e-05,12,sgd,0.0003802698572965813,800
C64-d16-L2-H4-m4-ffn32,0.001314088236540556,0.0005667556858194681,walsh_interaction_energy,7.540290243923664e-05,12,sgd,0.0003785461737067569,800
C64-d16-L2-H4-m4-ffn32,1.0023853778839111,0.9973444392283758,walsh_target_coefficient,0.9919407367706299,12,sgd,0.003041266610058671,800
C64-d16-L2-H4-m4-ffn32,0.001399546512402594,0.0005432315665530041,walsh_target_error_energy,0.00010411968105472624,12,sgd,0.0004106651544145293,800
C64-d16-L2-H4-m4-ffn32,0.005281096789985895,0.002123543083143886,walsh_total_error_energy,0.0003504167834762484,12,sgd,0.0014981900248681155,800
C64-d16-L2-H4-m4-ffnnone,0.001407568110153079,-0.006464406382292509,attention_key_selectivity,-0.013895093463361263,12,sgd,0.004778818062128788,0
C64-d16-L2-H4-m4-ffnnone,0.21452074125409126,0.19707208080217242,attention_mean_distractor_mass,0.1792022529989481,12,sgd,0.009514422598719976,0
C64-d16-L2-H4-m4-ffnnone,0.2929317969828844,0.21817610009262958,attention_self_mass,0.14050948759540915,12,sgd,0.04018676763659035,0
C64-d16-L2-H4-m4-ffnnone,0.21592831052839756,0.19060767395421863,attention_target_mass,0.1694614626467228,12,sgd,0.012218805895625604,0
C64-d16-L2-H4-m4-ffnnone,-0.07985537382774055,-0.17152706220804248,attention_target_over_distractor_log_margin,-0.2419630982913077,12,sgd,0.050858113566632154,0
C64-d16-L2-H4-m4-ffnnone,0.671875,0.5485026041666666,donor_accuracy,0.419921875,12,sgd,0.08762718304359542,0
C64-d16-L2-H4-m4-ffnnone,1.9587095975875854,0.9549539436896642,donor_risk,0.4633346199989319,12,sgd,0.5154773016511787,0
C64-d16-L2-H4-m4-ffnnone,0.8320221900939941,0.7520911196867625,embedding_coherence,0.6883110404014587,12,sgd,0.038525092206876214,0
C64-d16-L2-H4-m4-ffnnone,13.410542488098145,12.736555020014444,embedding_effective_rank,12.240180015563965,12,sgd,0.3140941335245938,0
C64-d16-L2-H4-m4-ffnnone,0.6953125,0.54541015625,function_accuracy,0.400390625,12,sgd,0.09187475918070054,0
C64-d16-L2-H4-m4-ffnnone,0.43480026721954346,0.18727012226978937,natural_swap_mae,0.10804703086614609,12,sgd,0.0954315920608445,0
C64-d16-L2-H4-m4-ffnnone,0.3441622257232666,0.08153928987060984,natural_swap_mse,0.020688718184828758,12,sgd,0.09494742039690403,0
C64-d16-L2-H4-m4-ffnnone,0.4823222942650318,0.46184454827258986,ov_distractor_gain,0.4249015338718891,12,sgd,0.019768441192250512,0
C64-d16-L2-H4-m4-ffnnone,0.23244960559532046,-0.0016021736470671992,ov_log_target_over_distractor_gain,-0.1370841022580862,12,sgd,0.10301152007313559,0
C64-d16-L2-H4-m4-ffnnone,0.5606976002454758,0.45343092052886885,ov_target_gain,0.3916456289589405,12,sgd,0.04550899602817595,0
C64-d16-L2-H4-m4-ffnnone,0.23953136429190636,0.22021742475529513,qk_cancellation_fraction,0.20405080914497375,12,sgd,0.011096913667908964,0
C64-d16-L2-H4-m4-ffnnone,0.035689152660779655,0.009146698243663801,qk_content_energy,0.0023381570717901923,12,sgd,0.00977458942212452,0
C64-d16-L2-H4-m4-ffnnone,0.01229697122471407,0.0003129454292623753,qk_content_signed,-0.0053353995172074065,12,sgd,0.0046791426251120306,0
C64-d16-L2-H4-m4-ffnnone,0.53173828125,0.5051676432291666,qk_opposition_rate,0.489501953125,12,sgd,0.01211651156416321,0
C64-d16-L2-H4-m4-ffnnone,0.0037034666747786105,0.0004538910628374045,qk_route_signed,-0.0012331336656643543,12,sgd,0.001410317959353214,0
C64-d16-L2-H4-m4-ffnnone,-0.10868987208232284,-0.2418384029685209,qk_suppression_log_ratio,-0.3537389594130218,12,sgd,0.07905343879684615,0
C64-d16-L2-H4-m4-ffnnone,0.014585859142243862,0.0007668364927061097,qk_total_signed,-0.006262727212742902,12,sgd,0.0056450293965943695,0
C64-d16-L2-H4-m4-ffnnone,1.900223731994629,0.9554720694820086,risk,0.4659862518310547,12,sgd,0.5072751650188361,0
C64-d16-L2-H4-m4-ffnnone,0.19036883115768433,0.03954425283397237,target_key_effect,-0.194568932056427,12,sgd,0.10351942788862589,0
C64-d16-L2-H4-m4-ffnnone,0.36702364683151245,0.049318416664997734,value_flip_effect,-0.22739621996879578,12,sgd,0.1490753976634299,0
C64-d16-L2-H4-m4-ffnnone,2.48760986328125,0.8578468623260657,walsh_bias_energy,0.1333555430173874,12,sgd,0.8797170119969704,0
C64-d16-L2-H4-m4-ffnnone,0.6750683784484863,0.13247297463628152,walsh_distractor_direct_energy,0.013515903614461422,12,sgd,0.18412367088524456,0
C64-d16-L2-H4-m4-ffnnone,0.037794433534145355,0.01076743744003276,walsh_interaction_energy,0.0011148094199597836,12,sgd,0.01000340636575308,0
C64-d16-L2-H4-m4-ffnnone,0.36288920044898987,0.04737108099895219,walsh_target_coefficient,-0.22581163048744202,12,sgd,0.1480288976810148,0
C64-d16-L2-H4-m4-ffnnone,1.5157109498977661,0.9425009389718374,walsh_target_error_energy,0.465248703956604,12,sgd,0.27251365450557685,0
C64-d16-L2-H4-m4-ffnnone,3.859022855758667,1.94358824690183,walsh_total_error_energy,0.9613887071609497,12,sgd,1.0092716131100008,0
C64-d16-L2-H4-m4-ffnnone,0.15269535779953003,0.1021842376406615,attention_key_selectivity,0.003620606381446123,12,sgd,0.04831216510275396,200
C64-d16-L2-H4-m4-ffnnone,0.21376128494739532,0.17016557755414397,attention_mean_distractor_mass,0.14598629623651505,12,sgd,0.020815104721009173,200
C64-d16-L2-H4-m4-ffnnone,0.30824318900704384,0.21715346913939962,attention_self_mass,0.13291562488302588,12,sgd,0.04947568742437396,200
C64-d16-L2-H4-m4-ffnnone,0.30455425195395947,0.2723498153500259,attention_target_mass,0.20648430101573467,12,sgd,0.032599146388395325,200
C64-d16-L2-H4-m4-ffnnone,0.8011783920228481,0.35056515202207567,attention_target_over_distractor_log_margin,-0.1688347680028528,12,sgd,0.35502922387028996,200
C64-d16-L2-H4-m4-ffnnone,0.998046875,0.9392903645833334,donor_accuracy,0.734375,12,sgd,0.09707732639589224,200
C64-d16-L2-H4-m4-ffnnone,0.361827552318573,0.0854943507971863,donor_risk,0.010404806584119797,12,sgd,0.12877924176278194,200
C64-d16-L2-H4-m4-ffnnone,0.828667163848877,0.779578963915507,embedding_coherence,0.7312852144241333,12,sgd,0.03208007584787641,200
C64-d16-L2-H4-m4-ffnnone,12.929449081420898,11.34063196182251,embedding_effective_rank,10.325475692749023,12,sgd,0.7781824407992498,200
C64-d16-L2-H4-m4-ffnnone,0.998046875,0.93701171875,function_accuracy,0.724609375,12,sgd,0.09964983929112738,200
C64-d16-L2-H4-m4-ffnnone,0.18242207169532776,0.06763928259412448,natural_swap_mae,0.034679654985666275,12,sgd,0.039652012978804614,200
C64-d16-L2-H4-m4-ffnnone,0.09474676102399826,0.028397099988069385,natural_swap_mse,0.0022244853898882866,12,sgd,0.02560071299560846,200
C64-d16-L2-H4-m4-ffnnone,0.9841546341776848,0.5285506978010138,ov_distractor_gain,0.43378228321671486,12,sgd,0.1479010411156678,200
C64-d16-L2-H4-m4-ffnnone,0.6329026445746422,0.3818947410133357,ov_log_target_over_distractor_gain,-0.27426165202632546,12,sgd,0.2617339190041554,200
C64-d16-L2-H4-m4-ffnnone,1.7319651693105698,0.9164037260537347,ov_target_gain,0.6784583367407322,12,sgd,0.2817833700217179,200
C64-d16-L2-H4-m4-ffnnone,0.2619713209569454,0.23039142539103827,qk_cancellation_fraction,0.20652618072926998,12,sgd,0.015045473288059734,200
C64-d16-L2-H4-m4-ffnnone,0.004453619243577123,0.001243421679994583,qk_content_energy,0.00012573281946970383,12,sgd,0.0015396672298737097,200
C64-d16-L2-H4-m4-ffnnone,0.001239949619048275,0.00019806499138515696,qk_content_signed,-0.0005183683315408416,12,sgd,0.0005054013751778323,200
C64-d16-L2-H4-m4-ffnnone,0.543212890625,0.52032470703125,qk_opposition_rate,0.50390625,12,sgd,0.012772386182589034,200
C64-d16-L2-H4-m4-ffnnone,0.005045001482358202,-9.839368653767148e-05,qk_route_signed,-0.00213765722764947,12,sgd,0.0018474238744752478,200
C64-d16-L2-H4-m4-ffnnone,-0.4222776432870887,-0.708176022885406,qk_suppression_log_ratio,-1.024043621495366,12,sgd,0.16566172513060418,200
C64-d16-L2-H4-m4-ffnnone,0.006284951385168824,9.967137528595534e-05,qk_total_signed,-0.0022314004836516688,12,sgd,0.0022001943061248992,200
C64-d16-L2-H4-m4-ffnnone,0.3661939203739166,0.08726684811214606,risk,0.008834233507514,12,sgd,0.12985313731252615,200
C64-d16-L2-H4-m4-ffnnone,0.9995678067207336,0.8019771948456764,target_key_effect,0.2367185652256012,12,sgd,0.2728082664220667,200
C64-d16-L2-H4-m4-ffnnone,1.0011365413665771,0.8246856431166331,value_flip_effect,0.2665039896965027,12,sgd,0.26672722163275747,200
C64-d16-L2-H4-m4-ffnnone,0.017994437366724014,0.006257841227731357,walsh_bias_energy,0.00275261327624321,12,sgd,0.004171265704034838,200
C64-d16-L2-H4-m4-ffnnone,0.19368217885494232,0.05138500756584108,walsh_distractor_direct_energy,0.007537792436778545,12,sgd,0.0693647548205634,200
C64-d16-L2-H4-m4-ffnnone,0.03140641748905182,0.008637426692682007,walsh_interaction_energy,0.0015296265482902527,12,sgd,0.00823340237412793,200
C64-d16-L2-H4-m4-ffnnone,1.0006928443908691,0.8260503609975179,walsh_target_coefficient,0.2654968798160553,12,sgd,0.2669103856790632,200
C64-d16-L2-H4-m4-ffnnone,0.5403484106063843,0.10705815426384409,walsh_target_error_energy,0.004452401772141457,12,sgd,0.19650720853537904,200
C64-d16-L2-H4-m4-ffnnone,0.7362024784088135,0.17333843419328332,walsh_total_error_energy,0.02355111949145794,12,sgd,0.26313875700857264,200
C64-d16-L2-H4-m4-ffnnone,0.2040809839963913,0.15752333650986353,attention_key_selectivity,0.1057695671916008,12,sgd,0.032202236212031846,400
C64-d16-L2-H4-m4-ffnnone,0.17494216188788414,0.15469993218236291,attention_mean_distractor_mass,0.1255302526988089,12,sgd,0.015972946479212217,400
C64-d16-L2-H4-m4-ffnnone,0.327987365424633,0.2236769469260859,attention_self_mass,0.15877902577631176,12,sgd,0.04664597950930117,400
C64-d16-L2-H4-m4-ffnnone,0.3440413847565651,0.31222326873103157,attention_target_mass,0.27789691276848316,12,sgd,0.023585898613087058,400
C64-d16-L2-H4-m4-ffnnone,1.26799838244915,0.7177805750397965,attention_target_over_distractor_log_margin,-0.18099625781178474,12,sgd,0.39973184961694147,400
C64-d16-L2-H4-m4-ffnnone,1.0,0.9890950520833334,donor_accuracy,0.927734375,12,sgd,0.020660842283599653,400
C64-d16-L2-H4-m4-ffnnone,0.13884992897510529,0.019159518531523645,donor_risk,0.0005348778795450926,12,sgd,0.038698417940674336,400
C64-d16-L2-H4-m4-ffnnone,0.8484793901443481,0.7878072361151377,embedding_coherence,0.745392382144928,12,sgd,0.03337077991374075,400
C64-d16-L2-H4-m4-ffnnone,11.163987159729004,10.426413536071777,embedding_effective_rank,9.369641304016113,12,sgd,0.5614562320053742,400
C64-d16-L2-H4-m4-ffnnone,1.0,0.9900716145833334,function_accuracy,0.9375,12,sgd,0.018063806695142747,400
C64-d16-L2-H4-m4-ffnnone,0.18847738206386566,0.040383073423678674,natural_swap_mae,0.010755771771073341,12,sgd,0.04978457254015391,400
C64-d16-L2-H4-m4-ffnnone,0.09002615511417389,0.018092698703791637,natural_swap_mse,0.0003242134116590023,12,sgd,0.026607411587514857,400
C64-d16-L2-H4-m4-ffnnone,1.1183926090598106,0.5281360279768705,ov_distractor_gain,0.4168167747557163,12,sgd,0.18999147746582168,400
C64-d16-L2-H4-m4-ffnnone,0.7044257018715143,0.43200608497621334,ov_log_target_over_distractor_gain,-0.19950906932353973,12,sgd,0.2608254931395558,400
C64-d16-L2-H4-m4-ffnnone,1.9467684403061867,1.0276900814690937,ov_target_gain,0.8237671284005046,12,sgd,0.3136216209094375,400
C64-d16-L2-H4-m4-ffnnone,0.2677246145904064,0.22761029470711946,qk_cancellation_fraction,0.201965956017375,12,sgd,0.0180816989753609,400
C64-d16-L2-H4-m4-ffnnone,0.0025452415429754183,0.0006041747779335083,qk_content_energy,3.239287917722322e-05,12,sgd,0.0009038337517502877,400
C64-d16-L2-H4-m4-ffnnone,0.0006321398032014258,-3.935095905186851e-05,qk_content_signed,-0.0006782269938412355,12,sgd,0.0003775593793604455,400
C64-d16-L2-H4-m4-ffnnone,0.5458984375,0.5196126302083334,qk_opposition_rate,0.503173828125,12,sgd,0.011696225492281928,400
C64-d16-L2-H4-m4-ffnnone,0.001221652326421463,-0.00017048286753151842,qk_route_signed,-0.0010233515968138818,12,sgd,0.0007319406810133469,400
C64-d16-L2-H4-m4-ffnnone,-0.501619502902031,-0.7200093631011745,qk_suppression_log_ratio,-1.0417901948094368,12,sgd,0.17683940134062645,400
C64-d16-L2-H4-m4-ffnnone,0.0016296896756102797,-0.00020983384930180668,qk_total_signed,-0.0015450777173100505,12,sgd,0.0008300980251381466,400
C64-d16-L2-H4-m4-ffnnone,0.13471052050590515,0.01945019426542179,risk,0.0005669674137607217,12,sgd,0.037907035866468264,400
C64-d16-L2-H4-m4-ffnnone,0.9989086389541626,0.9456122318903605,target_key_effect,0.7879899144172668,12,sgd,0.055752149326604265,400
C64-d16-L2-H4-m4-ffnnone,0.9984898567199707,0.9678914099931717,value_flip_effect,0.8063691258430481,12,sgd,0.05396689210659555,400
C64-d16-L2-H4-m4-ffnnone,0.024138474836945534,0.004577695775272635,walsh_bias_energy,0.0002702553756535053,12,sgd,0.007273191136577286,400
C64-d16-L2-H4-m4-ffnnone,0.1334766447544098,0.015226547371033424,walsh_distractor_direct_energy,0.00020669199875555933,12,sgd,0.03758870534026688,400
C64-d16-L2-H4-m4-ffnnone,0.013339061290025711,0.004497172172705177,walsh_interaction_energy,0.00020273387781344354,12,sgd,0.004747076746525452,400
C64-d16-L2-H4-m4-ffnnone,0.9984651803970337,0.9675557414690653,walsh_target_coefficient,0.8024680614471436,12,sgd,0.05503289483755105,400
C64-d16-L2-H4-m4-ffnnone,0.09790000319480896,0.012152516569282549,walsh_target_error_energy,0.0004377725417725742,12,sgd,0.027520746918103585,400
C64-d16-L2-H4-m4-ffnnone,0.26885420083999634,0.036453933435647436,walsh_total_error_energy,0.0011174536775797606,12,sgd,0.07532769539138368,400
C64-d16-L2-H4-m4-ffnnone,0.23508016765117645,0.18832302962740263,attention_key_selectivity,0.11533351242542267,12,sgd,0.03870795789547555,800
C64-d16-L2-H4-m4-ffnnone,0.1751229406800121,0.1496030560131961,attention_mean_distractor_mass,0.1188035006634891,12,sgd,0.017477246116420743,800
C64-d16-L2-H4-m4-ffnnone,0.3184940256178379,0.21326476217169935,attention_self_mass,0.14382125530391932,12,sgd,0.04928492992782865,800
C64-d16-L2-H4-m4-ffnnone,0.37176899844780564,0.3379260843503289,attention_target_mass,0.29045645892620087,12,sgd,0.028541515886491692,800
C64-d16-L2-H4-m4-ffnnone,1.557985208928585,1.0199939363519661,attention_target_over_distractor_log_margin,0.27101452834904194,12,sgd,0.36812977451571327,800
C64-d16-L2-H4-m4-ffnnone,1.0,0.9996744791666666,donor_accuracy,0.998046875,12,sgd,0.0007602528751577373,800
C64-d16-L2-H4-m4-ffnnone,0.0033261836506426334,0.0009091107482769681,donor_risk,0.00012017921835649759,12,sgd,0.000952377232076852,800
C64-d16-L2-H4-m4-ffnnone,0.8478647470474243,0.7991148233413696,embedding_coherence,0.7491090893745422,12,sgd,0.030997850752975946,800
C64-d16-L2-H4-m4-ffnnone,10.786065101623535,9.86314082145691,embedding_effective_rank,8.968708038330078,12,sgd,0.6548865727053806,800
C64-d16-L2-H4-m4-ffnnone,1.0,0.9996744791666666,function_accuracy,0.998046875,12,sgd,0.0007602528751577373,800
C64-d16-L2-H4-m4-ffnnone,0.016316767781972885,0.011694359748313824,natural_swap_mae,0.00473191449418664,12,sgd,0.00402915983638803,800
C64-d16-L2-H4-m4-ffnnone,0.009610641747713089,0.001698497834695445,natural_swap_mse,5.969503763481043e-05,12,sgd,0.0027555519454254013,800
C64-d16-L2-H4-m4-ffnnone,0.957558698952198,0.5049323914572597,ov_distractor_gain,0.41017258539795876,12,sgd,0.14744360649031546,800
C64-d16-L2-H4-m4-ffnnone,0.7752858549356461,0.4879288075074631,ov_log_target_over_distractor_gain,-0.15131999924778938,12,sgd,0.2700562335797418,800
C64-d16-L2-H4-m4-ffnnone,2.137037508189678,1.1099378114255767,ov_target_gain,0.9025668017566204,12,sgd,0.34852981692730206,800
C64-d16-L2-H4-m4-ffnnone,0.25374453887343407,0.22914291017999253,qk_cancellation_fraction,0.20122666656970978,12,sgd,0.016151479366094117,800
C64-d16-L2-H4-m4-ffnnone,0.00042387327016513154,7.736635881272491e-05,qk_content_energy,6.857442016894311e-06,12,sgd,0.00011355925004846777,800
C64-d16-L2-H4-m4-ffnnone,0.00016510270597791532,-6.349871084410097e-05,qk_content_signed,-0.0004941305378451943,12,sgd,0.00016850963194382651,800
C64-d16-L2-H4-m4-ffnnone,0.53955078125,0.5200602213541666,qk_opposition_rate,0.50439453125,12,sgd,0.010429865249263844,800
C64-d16-L2-H4-m4-ffnnone,0.0005660702117893379,-0.00018889141506406304,qk_route_signed,-0.000649733206955716,12,sgd,0.0003329598157599805,800
C64-d16-L2-H4-m4-ffnnone,-0.38854903914034367,-0.6095276677903408,qk_suppression_log_ratio,-1.0491582583636045,12,sgd,0.19101235130147895,800
C64-d16-L2-H4-m4-ffnnone,0.0004116284235351486,-0.00025239015297984224,qk_total_signed,-0.0011438638794061262,12,sgd,0.00039730212642622326,800
C64-d16-L2-H4-m4-ffnnone,0.003213979071006179,0.000813203976576915,risk,0.00013845539069734514,12,sgd,0.0008936916416210197,800
C64-d16-L2-H4-m4-ffnnone,1.0303623676300049,0.9764619022607803,target_key_effect,0.9187653064727783,12,sgd,0.02962108799886976,800
C64-d16-L2-H4-m4-ffnnone,1.0025033950805664,0.9947370092074076,value_flip_effect,0.9881311655044556,12,sgd,0.004189929140751481,800
C64-d16-L2-H4-m4-ffnnone,0.00177563086617738,0.0005780272422271082,walsh_bias_energy,3.7870893720537424e-05,12,sgd,0.0005140326648706069,800
C64-d16-L2-H4-m4-ffnnone,0.002008848823606968,0.0008099552239097344,walsh_distractor_direct_energy,3.4656586649362e-05,12,sgd,0.0006507464837637211,800
C64-d16-L2-H4-m4-ffnnone,0.0030798660591244698,0.0011557809740831242,walsh_interaction_energy,2.8875272619188763e-05,12,sgd,0.0010225679174727103,800
C64-d16-L2-H4-m4-ffnnone,1.0025564432144165,0.9944772372643153,walsh_target_coefficient,0.98707115650177,12,sgd,0.004334412211095286,800
C64-d16-L2-H4-m4-ffnnone,0.0019318833947181702,0.000737219777268668,walsh_target_error_energy,0.00012789414904545993,12,sgd,0.0005498770469212641,800
C64-d16-L2-H4-m4-ffnnone,0.00879622995853424,0.0032809832870649793,walsh_total_error_energy,0.0002636231656651944,12,sgd,0.0026548469427315775,800
