cell,confidence_interval_excludes_zero,confidence_interval_high,confidence_interval_low,confidence_level,confirmatory_sample_size_pass,desired_direction,direction,eligibility_rule,estimate,final_mean,initial_mean,metric,n_pairs,n_resamples,optimizer,population,rng_seed,standard_deviation,standardized_paired_effect,supports_desired_direction
C16-d16-L2-H1-m4-ffn32,True,-0.11406197174801493,-0.1389459638907283,0.95,True,decrease,negative,all_scheduled,-0.12762255614992077,0.058251679666379154,0.18587423581629992,attention_mean_distractor_mass,12,20000,adamw,all_scheduled,20260815,0.02327877015593152,-5.482358187097013,True
C16-d16-L2-H1-m4-ffn32,False,0.05748524199589153,-0.04720800016463423,0.95,True,descriptive,positive,all_scheduled,0.009310661737496654,0.27312014539105195,0.26380948365355533,attention_self_mass,12,20000,adamw,all_scheduled,20260815,0.09727485379430818,0.0957149908154521,False
C16-d16-L2-H1-m4-ffn32,True,0.39360191447970766,0.3531804072230443,0.95,True,increase,positive,all_scheduled,0.3735569908603793,0.5521248197813596,0.1785678289209803,attention_target_mass,12,20000,adamw,all_scheduled,20260815,0.03754016940049368,9.950860553534604,True
C16-d16-L2-H1-m4-ffn32,True,4.832017837542419,3.654780746693723,0.95,True,increase,positive,all_scheduled,4.139758228324354,3.958482245604197,-0.18127598272015652,attention_target_over_distractor_log_margin,12,20000,adamw,all_scheduled,20260815,1.1218358144122236,3.6901640820705524,True
C16-d16-L2-H1-m4-ffn32,True,0.4991861979166667,0.46240234375,0.95,True,increase,positive,all_scheduled,0.4816080729166667,1.0,0.5183919270833334,donor_accuracy,12,20000,adamw,all_scheduled,20260815,0.03382356412037737,14.238832761758443,True
C16-d16-L2-H1-m4-ffn32,True,-0.6872556367208216,-1.2695041195940615,0.95,True,decrease,negative,all_scheduled,-0.9496493670653763,5.241400882975237e-05,0.949701781074206,donor_risk,12,20000,adamw,all_scheduled,20260815,0.5426927561426289,-1.7498839929527128,True
C16-d16-L2-H1-m4-ffn32,True,0.1559955384582281,0.07163349154094856,0.95,True,descriptive,positive,all_scheduled,0.11361609896024068,0.7469780892133713,0.6333619902531306,embedding_coherence,12,20000,adamw,all_scheduled,20260815,0.07822597218153156,1.4524089096212525,False
C16-d16-L2-H1-m4-ffn32,True,-1.6623749961455663,-2.3077878246704735,0.95,True,descriptive,negative,all_scheduled,-1.9758088986078899,6.1054050127665205,8.08121391137441,embedding_effective_rank,12,20000,adamw,all_scheduled,20260815,0.6001435295910033,-3.2922272776220716,False
C16-d16-L2-H1-m4-ffn32,False,0.004425779770123003,-0.007181819948170679,0.95,True,descriptive,negative,all_scheduled,-0.001207155806658496,0.00011115419272300642,0.0013183099993815024,ffn_branch_signed,12,20000,adamw,all_scheduled,20260815,0.010864179421622619,-0.11111339014301748,False
C16-d16-L2-H1-m4-ffn32,True,0.16098419611031806,0.07828765857654314,0.95,True,increase,positive,all_scheduled,0.11926330688099067,0.38720602728426456,0.2679427204032739,ffn_cancellation_fraction,12,20000,adamw,all_scheduled,20260815,0.07632285035857041,1.5626159966600148,True
C16-d16-L2-H1-m4-ffn32,True,0.207763671875,0.1311014811197917,0.95,True,increase,positive,all_scheduled,0.16560872395833334,0.669189453125,0.5035807291666666,ffn_opposition_rate,12,20000,adamw,all_scheduled,20260815,0.07158150237257598,2.313568707965268,True
C16-d16-L2-H1-m4-ffn32,False,0.0023012805566054286,-0.010889636238202154,0.95,True,descriptive,negative,all_scheduled,-0.0040768407845159045,-8.736858990232577e-05,0.003989472194613579,ffn_skip_signed,12,20000,adamw,all_scheduled,20260815,0.012279035790039028,-0.3320163614005515,False
C16-d16-L2-H1-m4-ffn32,False,0.006320753767946961,-0.01776400732975768,0.95,True,descriptive,negative,all_scheduled,-0.005283996492532121,2.378559959955358e-05,0.005307782092131674,ffn_total_signed,12,20000,adamw,all_scheduled,20260815,0.022313112357120184,-0.2368112707883166,False
C16-d16-L2-H1-m4-ffn32,True,0.4973958333333333,0.4583333333333333,0.95,True,increase,positive,all_scheduled,0.4783528645833333,1.0,0.5216471354166666,function_accuracy,12,20000,adamw,all_scheduled,20260815,0.03591219245910854,13.320068529038164,True
C16-d16-L2-H1-m4-ffn32,True,0.5167173838022184,0.48431109978870757,0.95,True,increase,positive,all_scheduled,0.501179546903586,0.49387314170598984,-0.0073064051975961775,key_selectivity,12,20000,adamw,all_scheduled,20260815,0.029874589384845225,16.776114993494247,True
C16-d16-L2-H1-m4-ffn32,True,-0.12627044500962561,-0.17052926911176958,0.95,True,decrease,negative,all_scheduled,-0.1485023393664354,0.0034063966886606067,0.151908736055096,natural_swap_mae,12,20000,adamw,all_scheduled,20260815,0.04061623073942913,-3.656231429231895,True
C16-d16-L2-H1-m4-ffn32,True,-0.0394332669655815,-0.06873578307190845,0.95,True,decrease,negative,all_scheduled,-0.05393830918857626,3.637824367312229e-05,0.05397468743224939,natural_swap_mse,12,20000,adamw,all_scheduled,20260815,0.02696754820014928,-2.0001191353494154,True
C16-d16-L2-H1-m4-ffn32,False,0.13980921283364295,-0.011213674706717304,0.95,True,decrease,positive,all_scheduled,0.05351780354976654,1.0071361859639485,0.9536183824141821,ov_distractor_gain,12,20000,adamw,all_scheduled,20260815,0.14049698140380865,0.3809178176999307,False
C16-d16-L2-H1-m4-ffn32,True,1.0699559769282738,0.7384053250619521,0.95,True,increase,positive,all_scheduled,0.9096756824292243,0.8537848374495903,-0.05589084497963389,ov_log_target_over_distractor_gain,12,20000,adamw,all_scheduled,20260815,0.30522978379227883,2.9802978959887323,True
C16-d16-L2-H1-m4-ffn32,True,1.9054772629092134,1.44987247766306,0.95,True,increase,positive,all_scheduled,1.6847671245535214,2.5897318348288536,0.9049647102753321,ov_target_gain,12,20000,adamw,all_scheduled,20260815,0.4184532539460558,4.026177616414737,True
C16-d16-L2-H1-m4-ffn32,True,0.02792901249291994,0.0033926478742311405,0.95,True,increase,positive,all_scheduled,0.015830683211485546,0.23511934032042822,0.21928865710894266,qk_cancellation_fraction,12,20000,adamw,all_scheduled,20260815,0.02256979973492933,0.7014099990876642,True
C16-d16-L2-H1-m4-ffn32,True,-0.014963940235703861,-0.028541307124830696,0.95,True,descriptive,negative,all_scheduled,-0.021516567209939552,1.4777040797516369e-05,0.021531344250737067,qk_content_energy,12,20000,adamw,all_scheduled,20260815,0.012540545054703306,-1.7157601297297527,False
C16-d16-L2-H1-m4-ffn32,False,0.0029762570213449557,-0.011560499294929132,0.95,True,descriptive,negative,all_scheduled,-0.004194524527633803,-2.8134125197235942e-05,0.0041663904024365666,qk_content_signed,12,20000,adamw,all_scheduled,20260815,0.013571390582041222,-0.30907109350933737,False
C16-d16-L2-H1-m4-ffn32,True,0.072021484375,0.038248697916666664,0.95,True,increase,positive,all_scheduled,0.054850260416666664,0.54248046875,0.4876302083333333,qk_opposition_rate,12,20000,adamw,all_scheduled,20260815,0.03161089035509416,1.7351697405709876,True
C16-d16-L2-H1-m4-ffn32,False,0.0020727894215080206,-0.00408979880525256,0.95,True,descriptive,negative,all_scheduled,-0.0006694705120935396,-7.2171986478982335e-06,0.0006622533134456413,qk_route_signed,12,20000,adamw,all_scheduled,20260815,0.005780385987045964,-0.1158176138399486,False
C16-d16-L2-H1-m4-ffn32,True,-0.6040748599062985,-0.8998399881723647,0.95,True,increase,negative,all_scheduled,-0.7481660163030028,-1.1119992057792842,-0.3638331894762814,qk_suppression_log_ratio,12,20000,adamw,all_scheduled,20260815,0.27289517380217004,-2.741587569611513,False
C16-d16-L2-H1-m4-ffn32,False,0.004558157041753926,-0.015187262544331283,0.95,True,descriptive,negative,all_scheduled,-0.004863995395226084,-3.5351322821952635e-05,0.004828644072404131,qk_total_signed,12,20000,adamw,all_scheduled,20260815,0.018322772389586392,-0.26546175937820954,False
C16-d16-L2-H1-m4-ffn32,True,-0.6889221972985221,-1.2704528263424815,0.95,True,decrease,negative,all_scheduled,-0.9512739086797714,5.155755570740439e-05,0.9513254662354788,risk,12,20000,adamw,all_scheduled,20260815,0.5427496748641449,-1.752693650010723,True
C16-d16-L2-H1-m4-ffn32,True,1.0392910019601307,0.935234973076149,0.95,True,increase,positive,all_scheduled,0.9913561930394886,1.0073001980781555,0.015944005038666848,target_key_effect,12,20000,adamw,all_scheduled,20260815,0.09655473021847144,10.267298047401482,True
C16-d16-L2-H1-m4-ffn32,True,1.021551100880606,0.9319244078205278,0.95,True,increase,positive,all_scheduled,0.9800208912153417,0.9998697837193807,0.01984889250403891,value_flip_effect,12,20000,adamw,all_scheduled,20260815,0.08259582589534849,11.86525929841853,True
C16-d16-L2-H1-m4-ffn32,True,-0.39197911779534983,-1.4996073062876933,0.95,True,decrease,negative,all_scheduled,-0.8950774115227583,3.0266925402126315e-05,0.8951076784481605,walsh_bias_energy,12,20000,adamw,all_scheduled,20260815,1.0372050502222887,-0.8629705489101983,True
C16-d16-L2-H1-m4-ffn32,True,-0.025282759531812846,-0.08122925564754171,0.95,True,decrease,negative,all_scheduled,-0.0477631879045551,2.246893257051852e-05,0.04778565683712562,walsh_distractor_direct_energy,12,20000,adamw,all_scheduled,20260815,0.05372817266514537,-0.8889784546039498,True
C16-d16-L2-H1-m4-ffn32,True,-0.003576747372312641,-0.010962585417354375,0.95,True,decrease,negative,all_scheduled,-0.006852399892598744,1.661630320389425e-05,0.006869016195802639,walsh_interaction_energy,12,20000,adamw,all_scheduled,20260815,0.006899877735794744,-0.9931190312330178,True
C16-d16-L2-H1-m4-ffn32,True,1.0210820018236213,0.9332470532487303,0.95,True,increase,positive,all_scheduled,0.980663973139599,0.9998222043116888,0.019158231172089774,walsh_target_coefficient,12,20000,adamw,all_scheduled,20260815,0.08125908324282918,12.068361271183047,True
C16-d16-L2-H1-m4-ffn32,True,-0.8914041763266236,-1.052022517240357,0.95,True,decrease,negative,all_scheduled,-0.9759941482852051,3.500935334462459e-05,0.9760291576385498,walsh_target_error_energy,12,20000,adamw,all_scheduled,20260815,0.14804177241387992,-6.592694294125454,True
C16-d16-L2-H1-m4-ffn32,True,-1.4166595831139,-2.538536500821904,0.95,True,decrease,negative,all_scheduled,-1.9256871504170097,0.00010436151599909256,1.925791511933009,walsh_total_error_energy,12,20000,adamw,all_scheduled,20260815,1.0439610525121432,-1.8445967364233737,True
C16-d16-L2-H1-m4-ffn32,True,-0.11406197174801493,-0.1389459638907283,0.95,True,decrease,negative,function_gate,-0.12762255614992077,0.058251679666379154,0.18587423581629992,attention_mean_distractor_mass,12,20000,adamw,claim_eligible,20260815,0.02327877015593152,-5.482358187097013,True
C16-d16-L2-H1-m4-ffn32,False,0.05748524199589153,-0.04720800016463423,0.95,True,descriptive,positive,function_gate,0.009310661737496654,0.27312014539105195,0.26380948365355533,attention_self_mass,12,20000,adamw,claim_eligible,20260815,0.09727485379430818,0.0957149908154521,False
C16-d16-L2-H1-m4-ffn32,True,0.39360191447970766,0.3531804072230443,0.95,True,increase,positive,function_gate,0.3735569908603793,0.5521248197813596,0.1785678289209803,attention_target_mass,12,20000,adamw,claim_eligible,20260815,0.03754016940049368,9.950860553534604,True
C16-d16-L2-H1-m4-ffn32,True,4.832017837542419,3.654780746693723,0.95,True,increase,positive,function_gate,4.139758228324354,3.958482245604197,-0.18127598272015652,attention_target_over_distractor_log_margin,12,20000,adamw,claim_eligible,20260815,1.1218358144122236,3.6901640820705524,True
C16-d16-L2-H1-m4-ffn32,True,0.4991861979166667,0.46240234375,0.95,True,increase,positive,all_scheduled,0.4816080729166667,1.0,0.5183919270833334,donor_accuracy,12,20000,adamw,claim_eligible,20260815,0.03382356412037737,14.238832761758443,True
C16-d16-L2-H1-m4-ffn32,True,-0.6872556367208216,-1.2695041195940615,0.95,True,decrease,negative,all_scheduled,-0.9496493670653763,5.241400882975237e-05,0.949701781074206,donor_risk,12,20000,adamw,claim_eligible,20260815,0.5426927561426289,-1.7498839929527128,True
C16-d16-L2-H1-m4-ffn32,True,0.1559955384582281,0.07163349154094856,0.95,True,descriptive,positive,function_gate,0.11361609896024068,0.7469780892133713,0.6333619902531306,embedding_coherence,12,20000,adamw,claim_eligible,20260815,0.07822597218153156,1.4524089096212525,False
C16-d16-L2-H1-m4-ffn32,True,-1.6623749961455663,-2.3077878246704735,0.95,True,descriptive,negative,function_gate,-1.9758088986078899,6.1054050127665205,8.08121391137441,embedding_effective_rank,12,20000,adamw,claim_eligible,20260815,0.6001435295910033,-3.2922272776220716,False
C16-d16-L2-H1-m4-ffn32,False,0.004425779770123003,-0.007181819948170679,0.95,True,descriptive,negative,function_and_donor_gate,-0.001207155806658496,0.00011115419272300642,0.0013183099993815024,ffn_branch_signed,12,20000,adamw,claim_eligible,20260815,0.010864179421622619,-0.11111339014301748,False
C16-d16-L2-H1-m4-ffn32,True,0.16098419611031806,0.07828765857654314,0.95,True,increase,positive,function_and_donor_gate,0.11926330688099067,0.38720602728426456,0.2679427204032739,ffn_cancellation_fraction,12,20000,adamw,claim_eligible,20260815,0.07632285035857041,1.5626159966600148,True
C16-d16-L2-H1-m4-ffn32,True,0.207763671875,0.1311014811197917,0.95,True,increase,positive,function_and_donor_gate,0.16560872395833334,0.669189453125,0.5035807291666666,ffn_opposition_rate,12,20000,adamw,claim_eligible,20260815,0.07158150237257598,2.313568707965268,True
C16-d16-L2-H1-m4-ffn32,False,0.0023012805566054286,-0.010889636238202154,0.95,True,descriptive,negative,function_and_donor_gate,-0.0040768407845159045,-8.736858990232577e-05,0.003989472194613579,ffn_skip_signed,12,20000,adamw,claim_eligible,20260815,0.012279035790039028,-0.3320163614005515,False
C16-d16-L2-H1-m4-ffn32,False,0.006320753767946961,-0.01776400732975768,0.95,True,descriptive,negative,function_and_donor_gate,-0.005283996492532121,2.378559959955358e-05,0.005307782092131674,ffn_total_signed,12,20000,adamw,claim_eligible,20260815,0.022313112357120184,-0.2368112707883166,False
C16-d16-L2-H1-m4-ffn32,True,0.4973958333333333,0.4583333333333333,0.95,True,increase,positive,all_scheduled,0.4783528645833333,1.0,0.5216471354166666,function_accuracy,12,20000,adamw,claim_eligible,20260815,0.03591219245910854,13.320068529038164,True
C16-d16-L2-H1-m4-ffn32,True,0.5167173838022184,0.48431109978870757,0.95,True,increase,positive,function_gate,0.501179546903586,0.49387314170598984,-0.0073064051975961775,key_selectivity,12,20000,adamw,claim_eligible,20260815,0.029874589384845225,16.776114993494247,True
C16-d16-L2-H1-m4-ffn32,True,-0.12627044500962561,-0.17052926911176958,0.95,True,decrease,negative,all_scheduled,-0.1485023393664354,0.0034063966886606067,0.151908736055096,natural_swap_mae,12,20000,adamw,claim_eligible,20260815,0.04061623073942913,-3.656231429231895,True
C16-d16-L2-H1-m4-ffn32,True,-0.0394332669655815,-0.06873578307190845,0.95,True,decrease,negative,all_scheduled,-0.05393830918857626,3.637824367312229e-05,0.05397468743224939,natural_swap_mse,12,20000,adamw,claim_eligible,20260815,0.02696754820014928,-2.0001191353494154,True
C16-d16-L2-H1-m4-ffn32,False,0.13980921283364295,-0.011213674706717304,0.95,True,decrease,positive,function_and_donor_gate,0.05351780354976654,1.0071361859639485,0.9536183824141821,ov_distractor_gain,12,20000,adamw,claim_eligible,20260815,0.14049698140380865,0.3809178176999307,False
C16-d16-L2-H1-m4-ffn32,True,1.0699559769282738,0.7384053250619521,0.95,True,increase,positive,function_and_donor_gate,0.9096756824292243,0.8537848374495903,-0.05589084497963389,ov_log_target_over_distractor_gain,12,20000,adamw,claim_eligible,20260815,0.30522978379227883,2.9802978959887323,True
C16-d16-L2-H1-m4-ffn32,True,1.9054772629092134,1.44987247766306,0.95,True,increase,positive,function_and_donor_gate,1.6847671245535214,2.5897318348288536,0.9049647102753321,ov_target_gain,12,20000,adamw,claim_eligible,20260815,0.4184532539460558,4.026177616414737,True
C16-d16-L2-H1-m4-ffn32,True,0.02792901249291994,0.0033926478742311405,0.95,True,increase,positive,function_and_donor_gate,0.015830683211485546,0.23511934032042822,0.21928865710894266,qk_cancellation_fraction,12,20000,adamw,claim_eligible,20260815,0.02256979973492933,0.7014099990876642,True
C16-d16-L2-H1-m4-ffn32,True,-0.014963940235703861,-0.028541307124830696,0.95,True,descriptive,negative,function_and_donor_gate,-0.021516567209939552,1.4777040797516369e-05,0.021531344250737067,qk_content_energy,12,20000,adamw,claim_eligible,20260815,0.012540545054703306,-1.7157601297297527,False
C16-d16-L2-H1-m4-ffn32,False,0.0029762570213449557,-0.011560499294929132,0.95,True,descriptive,negative,function_and_donor_gate,-0.004194524527633803,-2.8134125197235942e-05,0.0041663904024365666,qk_content_signed,12,20000,adamw,claim_eligible,20260815,0.013571390582041222,-0.30907109350933737,False
C16-d16-L2-H1-m4-ffn32,True,0.072021484375,0.038248697916666664,0.95,True,increase,positive,function_and_donor_gate,0.054850260416666664,0.54248046875,0.4876302083333333,qk_opposition_rate,12,20000,adamw,claim_eligible,20260815,0.03161089035509416,1.7351697405709876,True
C16-d16-L2-H1-m4-ffn32,False,0.0020727894215080206,-0.00408979880525256,0.95,True,descriptive,negative,function_and_donor_gate,-0.0006694705120935396,-7.2171986478982335e-06,0.0006622533134456413,qk_route_signed,12,20000,adamw,claim_eligible,20260815,0.005780385987045964,-0.1158176138399486,False
C16-d16-L2-H1-m4-ffn32,True,-0.6040748599062985,-0.8998399881723647,0.95,True,increase,negative,function_and_donor_gate,-0.7481660163030028,-1.1119992057792842,-0.3638331894762814,qk_suppression_log_ratio,12,20000,adamw,claim_eligible,20260815,0.27289517380217004,-2.741587569611513,False
C16-d16-L2-H1-m4-ffn32,False,0.004558157041753926,-0.015187262544331283,0.95,True,descriptive,negative,function_and_donor_gate,-0.004863995395226084,-3.5351322821952635e-05,0.004828644072404131,qk_total_signed,12,20000,adamw,claim_eligible,20260815,0.018322772389586392,-0.26546175937820954,False
C16-d16-L2-H1-m4-ffn32,True,-0.6889221972985221,-1.2704528263424815,0.95,True,decrease,negative,all_scheduled,-0.9512739086797714,5.155755570740439e-05,0.9513254662354788,risk,12,20000,adamw,claim_eligible,20260815,0.5427496748641449,-1.752693650010723,True
C16-d16-L2-H1-m4-ffn32,True,1.0392910019601307,0.935234973076149,0.95,True,increase,positive,function_gate,0.9913561930394886,1.0073001980781555,0.015944005038666848,target_key_effect,12,20000,adamw,claim_eligible,20260815,0.09655473021847144,10.267298047401482,True
C16-d16-L2-H1-m4-ffn32,True,1.021551100880606,0.9319244078205278,0.95,True,increase,positive,function_gate,0.9800208912153417,0.9998697837193807,0.01984889250403891,value_flip_effect,12,20000,adamw,claim_eligible,20260815,0.08259582589534849,11.86525929841853,True
C16-d16-L2-H1-m4-ffn32,True,-0.39197911779534983,-1.4996073062876933,0.95,True,decrease,negative,function_gate,-0.8950774115227583,3.0266925402126315e-05,0.8951076784481605,walsh_bias_energy,12,20000,adamw,claim_eligible,20260815,1.0372050502222887,-0.8629705489101983,True
C16-d16-L2-H1-m4-ffn32,True,-0.025282759531812846,-0.08122925564754171,0.95,True,decrease,negative,function_gate,-0.0477631879045551,2.246893257051852e-05,0.04778565683712562,walsh_distractor_direct_energy,12,20000,adamw,claim_eligible,20260815,0.05372817266514537,-0.8889784546039498,True
C16-d16-L2-H1-m4-ffn32,True,-0.003576747372312641,-0.010962585417354375,0.95,True,decrease,negative,function_gate,-0.006852399892598744,1.661630320389425e-05,0.006869016195802639,walsh_interaction_energy,12,20000,adamw,claim_eligible,20260815,0.006899877735794744,-0.9931190312330178,True
C16-d16-L2-H1-m4-ffn32,True,1.0210820018236213,0.9332470532487303,0.95,True,increase,positive,function_gate,0.980663973139599,0.9998222043116888,0.019158231172089774,walsh_target_coefficient,12,20000,adamw,claim_eligible,20260815,0.08125908324282918,12.068361271183047,True
C16-d16-L2-H1-m4-ffn32,True,-0.8914041763266236,-1.052022517240357,0.95,True,decrease,negative,function_gate,-0.9759941482852051,3.500935334462459e-05,0.9760291576385498,walsh_target_error_energy,12,20000,adamw,claim_eligible,20260815,0.14804177241387992,-6.592694294125454,True
C16-d16-L2-H1-m4-ffn32,True,-1.4166595831139,-2.538536500821904,0.95,True,decrease,negative,function_gate,-1.9256871504170097,0.00010436151599909256,1.925791511933009,walsh_total_error_energy,12,20000,adamw,claim_eligible,20260815,1.0439610525121432,-1.8445967364233737,True
C16-d16-L2-H1-m4-ffnnone,True,-0.13895524885544244,-0.17402757854676262,0.95,True,decrease,negative,all_scheduled,-0.15714245160537152,0.04363813131931238,0.2007805829246839,attention_mean_distractor_mass,12,20000,adamw,all_scheduled,20260815,0.03217399542588096,-4.884144773606985,True
C16-d16-L2-H1-m4-ffnnone,True,0.16296831693810715,0.026310346089303493,0.95,True,descriptive,positive,all_scheduled,0.09668540333708127,0.2998848535741369,0.20319945023705563,attention_self_mass,12,20000,adamw,all_scheduled,20260815,0.12573552226641677,0.7689585376852996,False
C16-d16-L2-H1-m4-ffnnone,True,0.42067110020046433,0.3307055809690307,0.95,True,increase,positive,all_scheduled,0.3747419447172433,0.5692007634012649,0.19445881868402162,attention_target_mass,12,20000,adamw,all_scheduled,20260815,0.08351632653703882,4.48705014044228,True
C16-d16-L2-H1-m4-ffnnone,True,5.077479508817971,3.855753631501769,0.95,True,increase,positive,all_scheduled,4.419500115560368,4.260242201387882,-0.15925791417248547,attention_target_over_distractor_log_margin,12,20000,adamw,all_scheduled,20260815,1.1322127094784533,3.903418570169719,True
C16-d16-L2-H1-m4-ffnnone,True,0.544921875,0.4739542643229167,0.95,True,increase,positive,all_scheduled,0.51025390625,1.0,0.48974609375,donor_accuracy,12,20000,adamw,all_scheduled,20260815,0.0654495602452873,7.796139566678615,True
C16-d16-L2-H1-m4-ffnnone,True,-0.7426670780035092,-1.5161276417281593,0.95,True,decrease,negative,all_scheduled,-1.0653936825641115,7.783746241329936e-05,1.0654715200265248,donor_risk,12,20000,adamw,all_scheduled,20260815,0.7187110877452225,-1.4823671162588008,True
C16-d16-L2-H1-m4-ffnnone,True,0.18700411704679326,0.08155373483896258,0.95,True,descriptive,positive,all_scheduled,0.13442843655745187,0.7537021040916443,0.6192736675341924,embedding_coherence,12,20000,adamw,all_scheduled,20260815,0.09813373349963993,1.3698494061468183,False
C16-d16-L2-H1-m4-ffnnone,True,-1.6677225788434349,-2.1707379976908365,0.95,True,descriptive,negative,all_scheduled,-1.93582022190094,5.821661988894145,7.757482210795085,embedding_effective_rank,12,20000,adamw,all_scheduled,20260815,0.46914089921870006,-4.126308802163326,False
C16-d16-L2-H1-m4-ffnnone,True,0.5397135416666666,0.466796875,0.95,True,increase,positive,all_scheduled,0.5032552083333334,1.0,0.4967447916666667,function_accuracy,12,20000,adamw,all_scheduled,20260815,0.06749572808890165,7.456104594804479,True
C16-d16-L2-H1-m4-ffnnone,True,0.5831722140132721,0.48563692827059035,0.95,True,increase,positive,all_scheduled,0.5318844078380304,0.525562641521295,-0.006321766316735496,key_selectivity,12,20000,adamw,all_scheduled,20260815,0.09039262781298588,5.8841569352143495,True
C16-d16-L2-H1-m4-ffnnone,True,-0.16348932641946398,-0.22346254398823173,0.95,True,decrease,negative,all_scheduled,-0.19149439504447704,0.004305316426325589,0.19579971147080263,natural_swap_mae,12,20000,adamw,all_scheduled,20260815,0.05556385432242744,-3.4463842974835432,True
C16-d16-L2-H1-m4-ffnnone,True,-0.05498155140026978,-0.11982181502144347,0.95,True,decrease,negative,all_scheduled,-0.08415970830181625,6.117358248047822e-05,0.08422088188429673,natural_swap_mse,12,20000,adamw,all_scheduled,20260815,0.059865924389017874,-1.4058032037546715,True
C16-d16-L2-H1-m4-ffnnone,True,0.17649110195537407,0.0654738783215483,0.95,True,decrease,positive,all_scheduled,0.11937449872493744,1.0718709900975227,0.9524964913725853,ov_distractor_gain,12,20000,adamw,all_scheduled,20260815,0.1029521081136031,1.1595148551325725,False
C16-d16-L2-H1-m4-ffnnone,True,1.1773711419155006,0.8126457754449803,0.95,True,increase,positive,all_scheduled,1.0024041148329463,0.9509169471760591,-0.05148716765688732,ov_log_target_over_distractor_gain,12,20000,adamw,all_scheduled,20260815,0.3389346756091112,2.957514196597003,True
C16-d16-L2-H1-m4-ffnnone,True,2.412747224109868,1.702289996109903,0.95,True,increase,positive,all_scheduled,2.07780991991361,2.9701024691263833,0.8922925492127737,ov_target_gain,12,20000,adamw,all_scheduled,20260815,0.6622943741420854,3.1372906082814573,True
C16-d16-L2-H1-m4-ffnnone,True,0.06293943988469738,0.017469307687133555,0.95,True,increase,positive,all_scheduled,0.0396383727590243,0.26954786106944084,0.22990948831041655,qk_cancellation_fraction,12,20000,adamw,all_scheduled,20260815,0.042244610808803484,0.9383060229487056,True
C16-d16-L2-H1-m4-ffnnone,True,-0.022807822334730877,-0.04663381066457634,0.95,True,descriptive,negative,all_scheduled,-0.03374889126510775,3.398475394789102e-05,0.03378287601905564,qk_content_energy,12,20000,adamw,all_scheduled,20260815,0.022020500601965934,-1.5326123540576884,False
C16-d16-L2-H1-m4-ffnnone,False,0.008752771218485098,-0.0056851232750356456,0.95,True,descriptive,positive,all_scheduled,0.001191162005776884,1.7313709804511745e-05,-0.0011738482959723722,qk_content_signed,12,20000,adamw,all_scheduled,20260815,0.01333600672082445,0.0893192415625331,False
C16-d16-L2-H1-m4-ffnnone,True,0.08024088541666667,0.010416666666666666,0.95,True,increase,positive,all_scheduled,0.045817057291666664,0.5584309895833334,0.5126139322916666,qk_opposition_rate,12,20000,adamw,all_scheduled,20260815,0.0647355992826128,0.7077567489820484,True
C16-d16-L2-H1-m4-ffnnone,True,0.0057091620770051985,0.00020229479013475366,0.95,True,descriptive,positive,all_scheduled,0.002898150662834572,-7.033883639451233e-05,-0.0029684894992290842,qk_route_signed,12,20000,adamw,all_scheduled,20260815,0.005085807665545255,0.5698506222460259,False
C16-d16-L2-H1-m4-ffnnone,True,-0.7489029870135712,-1.1570521498137774,0.95,True,increase,negative,all_scheduled,-0.9604896491703888,-1.1532918737114717,-0.19280222454108298,qk_suppression_log_ratio,12,20000,adamw,all_scheduled,20260815,0.3845078409221842,-2.4979715546679073,False
C16-d16-L2-H1-m4-ffnnone,False,0.01363655903935522,-0.004585591064983418,0.95,True,descriptive,positive,all_scheduled,0.004089312883479579,-5.3025109385392476e-05,-0.004142337992864971,qk_total_signed,12,20000,adamw,all_scheduled,20260815,0.016840106457673854,0.24283177150677235,False
C16-d16-L2-H1-m4-ffnnone,True,-0.7361554630374675,-1.5099789141197106,0.95,True,decrease,negative,all_scheduled,-1.058490762953473,7.88421983391648e-05,1.0585696051518123,risk,12,20000,adamw,all_scheduled,20260815,0.7185222312271637,-1.4731496353921816,True
C16-d16-L2-H1-m4-ffnnone,True,1.0793903414315233,0.9643324912991376,0.95,True,increase,positive,all_scheduled,1.0195851513611462,1.0095437963803608,-0.0100413549807854,target_key_effect,12,20000,adamw,all_scheduled,20260815,0.10623737705426547,9.597235734089592,True
C16-d16-L2-H1-m4-ffnnone,True,1.0715525427872004,0.9275982586977383,0.95,True,increase,positive,all_scheduled,0.9991748955411216,0.9999580234289169,0.0007831278877953688,value_flip_effect,12,20000,adamw,all_scheduled,20260815,0.13263107278281064,7.533490264210677,True
C16-d16-L2-H1-m4-ffnnone,True,-0.3700171858316139,-1.7616077053490582,0.95,True,decrease,negative,all_scheduled,-0.9489989099574814,4.367044342264611e-05,0.9490425804009041,walsh_bias_energy,12,20000,adamw,all_scheduled,20260815,1.2959743702918831,-0.7322667266511953,True
C16-d16-L2-H1-m4-ffnnone,True,-0.04692275019552691,-0.17792268601015165,0.95,True,decrease,negative,all_scheduled,-0.10439260671796546,3.953670822435621e-05,0.10443214342618982,walsh_distractor_direct_energy,12,20000,adamw,all_scheduled,20260815,0.12167425372920378,-0.8579679226987489,True
C16-d16-L2-H1-m4-ffnnone,True,-0.004047431938825717,-0.022259867689186304,0.95,True,decrease,negative,all_scheduled,-0.01173161400239072,2.5045269580914464e-05,0.011756659271971634,walsh_interaction_energy,12,20000,adamw,all_scheduled,20260815,0.017117328372016065,-0.6853647804975175,True
C16-d16-L2-H1-m4-ffnnone,True,1.0730384879939567,0.9292308384242157,0.95,True,increase,positive,all_scheduled,1.0005970878216128,1.0000140964984894,-0.0005829913231233755,walsh_target_coefficient,12,20000,adamw,all_scheduled,20260815,0.1328396406220789,7.532368223339701,True
C16-d16-L2-H1-m4-ffnnone,True,-0.887371163101898,-1.1850250026681048,0.95,True,decrease,negative,all_scheduled,-1.0306898293932438,4.701931872356605e-05,1.0307368487119675,walsh_target_error_energy,12,20000,adamw,all_scheduled,20260815,0.2743184726620432,-3.7572745990862977,True
C16-d16-L2-H1-m4-ffnnone,True,-1.48594840436305,-2.9274780847609536,0.95,True,decrease,negative,all_scheduled,-2.095813004522521,0.00015527173976200478,2.0959682762622833,walsh_total_error_energy,12,20000,adamw,all_scheduled,20260815,1.3347862012562082,-1.5701488392298986,True
C16-d16-L2-H1-m4-ffnnone,True,-0.13895524885544244,-0.17402757854676262,0.95,True,decrease,negative,function_gate,-0.15714245160537152,0.04363813131931238,0.2007805829246839,attention_mean_distractor_mass,12,20000,adamw,claim_eligible,20260815,0.03217399542588096,-4.884144773606985,True
C16-d16-L2-H1-m4-ffnnone,True,0.16296831693810715,0.026310346089303493,0.95,True,descriptive,positive,function_gate,0.09668540333708127,0.2998848535741369,0.20319945023705563,attention_self_mass,12,20000,adamw,claim_eligible,20260815,0.12573552226641677,0.7689585376852996,False
C16-d16-L2-H1-m4-ffnnone,True,0.42067110020046433,0.3307055809690307,0.95,True,increase,positive,function_gate,0.3747419447172433,0.5692007634012649,0.19445881868402162,attention_target_mass,12,20000,adamw,claim_eligible,20260815,0.08351632653703882,4.48705014044228,True
C16-d16-L2-H1-m4-ffnnone,True,5.077479508817971,3.855753631501769,0.95,True,increase,positive,function_gate,4.419500115560368,4.260242201387882,-0.15925791417248547,attention_target_over_distractor_log_margin,12,20000,adamw,claim_eligible,20260815,1.1322127094784533,3.903418570169719,True
C16-d16-L2-H1-m4-ffnnone,True,0.544921875,0.4739542643229167,0.95,True,increase,positive,all_scheduled,0.51025390625,1.0,0.48974609375,donor_accuracy,12,20000,adamw,claim_eligible,20260815,0.0654495602452873,7.796139566678615,True
C16-d16-L2-H1-m4-ffnnone,True,-0.7426670780035092,-1.5161276417281593,0.95,True,decrease,negative,all_scheduled,-1.0653936825641115,7.783746241329936e-05,1.0654715200265248,donor_risk,12,20000,adamw,claim_eligible,20260815,0.7187110877452225,-1.4823671162588008,True
C16-d16-L2-H1-m4-ffnnone,True,0.18700411704679326,0.08155373483896258,0.95,True,descriptive,positive,function_gate,0.13442843655745187,0.7537021040916443,0.6192736675341924,embedding_coherence,12,20000,adamw,claim_eligible,20260815,0.09813373349963993,1.3698494061468183,False
C16-d16-L2-H1-m4-ffnnone,True,-1.6677225788434349,-2.1707379976908365,0.95,True,descriptive,negative,function_gate,-1.93582022190094,5.821661988894145,7.757482210795085,embedding_effective_rank,12,20000,adamw,claim_eligible,20260815,0.46914089921870006,-4.126308802163326,False
C16-d16-L2-H1-m4-ffnnone,True,0.5397135416666666,0.466796875,0.95,True,increase,positive,all_scheduled,0.5032552083333334,1.0,0.4967447916666667,function_accuracy,12,20000,adamw,claim_eligible,20260815,0.06749572808890165,7.456104594804479,True
C16-d16-L2-H1-m4-ffnnone,True,0.5831722140132721,0.48563692827059035,0.95,True,increase,positive,function_gate,0.5318844078380304,0.525562641521295,-0.006321766316735496,key_selectivity,12,20000,adamw,claim_eligible,20260815,0.09039262781298588,5.8841569352143495,True
C16-d16-L2-H1-m4-ffnnone,True,-0.16348932641946398,-0.22346254398823173,0.95,True,decrease,negative,all_scheduled,-0.19149439504447704,0.004305316426325589,0.19579971147080263,natural_swap_mae,12,20000,adamw,claim_eligible,20260815,0.05556385432242744,-3.4463842974835432,True
C16-d16-L2-H1-m4-ffnnone,True,-0.05498155140026978,-0.11982181502144347,0.95,True,decrease,negative,all_scheduled,-0.08415970830181625,6.117358248047822e-05,0.08422088188429673,natural_swap_mse,12,20000,adamw,claim_eligible,20260815,0.059865924389017874,-1.4058032037546715,True
C16-d16-L2-H1-m4-ffnnone,True,0.17649110195537407,0.0654738783215483,0.95,True,decrease,positive,function_and_donor_gate,0.11937449872493744,1.0718709900975227,0.9524964913725853,ov_distractor_gain,12,20000,adamw,claim_eligible,20260815,0.1029521081136031,1.1595148551325725,False
C16-d16-L2-H1-m4-ffnnone,True,1.1773711419155006,0.8126457754449803,0.95,True,increase,positive,function_and_donor_gate,1.0024041148329463,0.9509169471760591,-0.05148716765688732,ov_log_target_over_distractor_gain,12,20000,adamw,claim_eligible,20260815,0.3389346756091112,2.957514196597003,True
C16-d16-L2-H1-m4-ffnnone,True,2.412747224109868,1.702289996109903,0.95,True,increase,positive,function_and_donor_gate,2.07780991991361,2.9701024691263833,0.8922925492127737,ov_target_gain,12,20000,adamw,claim_eligible,20260815,0.6622943741420854,3.1372906082814573,True
C16-d16-L2-H1-m4-ffnnone,True,0.06293943988469738,0.017469307687133555,0.95,True,increase,positive,function_and_donor_gate,0.0396383727590243,0.26954786106944084,0.22990948831041655,qk_cancellation_fraction,12,20000,adamw,claim_eligible,20260815,0.042244610808803484,0.9383060229487056,True
C16-d16-L2-H1-m4-ffnnone,True,-0.022807822334730877,-0.04663381066457634,0.95,True,descriptive,negative,function_and_donor_gate,-0.03374889126510775,3.398475394789102e-05,0.03378287601905564,qk_content_energy,12,20000,adamw,claim_eligible,20260815,0.022020500601965934,-1.5326123540576884,False
C16-d16-L2-H1-m4-ffnnone,False,0.008752771218485098,-0.0056851232750356456,0.95,True,descriptive,positive,function_and_donor_gate,0.001191162005776884,1.7313709804511745e-05,-0.0011738482959723722,qk_content_signed,12,20000,adamw,claim_eligible,20260815,0.01333600672082445,0.0893192415625331,False
C16-d16-L2-H1-m4-ffnnone,True,0.08024088541666667,0.010416666666666666,0.95,True,increase,positive,function_and_donor_gate,0.045817057291666664,0.5584309895833334,0.5126139322916666,qk_opposition_rate,12,20000,adamw,claim_eligible,20260815,0.0647355992826128,0.7077567489820484,True
C16-d16-L2-H1-m4-ffnnone,True,0.0057091620770051985,0.00020229479013475366,0.95,True,descriptive,positive,function_and_donor_gate,0.002898150662834572,-7.033883639451233e-05,-0.0029684894992290842,qk_route_signed,12,20000,adamw,claim_eligible,20260815,0.005085807665545255,0.5698506222460259,False
C16-d16-L2-H1-m4-ffnnone,True,-0.7489029870135712,-1.1570521498137774,0.95,True,increase,negative,function_and_donor_gate,-0.9604896491703888,-1.1532918737114717,-0.19280222454108298,qk_suppression_log_ratio,12,20000,adamw,claim_eligible,20260815,0.3845078409221842,-2.4979715546679073,False
C16-d16-L2-H1-m4-ffnnone,False,0.01363655903935522,-0.004585591064983418,0.95,True,descriptive,positive,function_and_donor_gate,0.004089312883479579,-5.3025109385392476e-05,-0.004142337992864971,qk_total_signed,12,20000,adamw,claim_eligible,20260815,0.016840106457673854,0.24283177150677235,False
C16-d16-L2-H1-m4-ffnnone,True,-0.7361554630374675,-1.5099789141197106,0.95,True,decrease,negative,all_scheduled,-1.058490762953473,7.88421983391648e-05,1.0585696051518123,risk,12,20000,adamw,claim_eligible,20260815,0.7185222312271637,-1.4731496353921816,True
C16-d16-L2-H1-m4-ffnnone,True,1.0793903414315233,0.9643324912991376,0.95,True,increase,positive,function_gate,1.0195851513611462,1.0095437963803608,-0.0100413549807854,target_key_effect,12,20000,adamw,claim_eligible,20260815,0.10623737705426547,9.597235734089592,True
C16-d16-L2-H1-m4-ffnnone,True,1.0715525427872004,0.9275982586977383,0.95,True,increase,positive,function_gate,0.9991748955411216,0.9999580234289169,0.0007831278877953688,value_flip_effect,12,20000,adamw,claim_eligible,20260815,0.13263107278281064,7.533490264210677,True
C16-d16-L2-H1-m4-ffnnone,True,-0.3700171858316139,-1.7616077053490582,0.95,True,decrease,negative,function_gate,-0.9489989099574814,4.367044342264611e-05,0.9490425804009041,walsh_bias_energy,12,20000,adamw,claim_eligible,20260815,1.2959743702918831,-0.7322667266511953,True
C16-d16-L2-H1-m4-ffnnone,True,-0.04692275019552691,-0.17792268601015165,0.95,True,decrease,negative,function_gate,-0.10439260671796546,3.953670822435621e-05,0.10443214342618982,walsh_distractor_direct_energy,12,20000,adamw,claim_eligible,20260815,0.12167425372920378,-0.8579679226987489,True
C16-d16-L2-H1-m4-ffnnone,True,-0.004047431938825717,-0.022259867689186304,0.95,True,decrease,negative,function_gate,-0.01173161400239072,2.5045269580914464e-05,0.011756659271971634,walsh_interaction_energy,12,20000,adamw,claim_eligible,20260815,0.017117328372016065,-0.6853647804975175,True
C16-d16-L2-H1-m4-ffnnone,True,1.0730384879939567,0.9292308384242157,0.95,True,increase,positive,function_gate,1.0005970878216128,1.0000140964984894,-0.0005829913231233755,walsh_target_coefficient,12,20000,adamw,claim_eligible,20260815,0.1328396406220789,7.532368223339701,True
C16-d16-L2-H1-m4-ffnnone,True,-0.887371163101898,-1.1850250026681048,0.95,True,decrease,negative,function_gate,-1.0306898293932438,4.701931872356605e-05,1.0307368487119675,walsh_target_error_energy,12,20000,adamw,claim_eligible,20260815,0.2743184726620432,-3.7572745990862977,True
C16-d16-L2-H1-m4-ffnnone,True,-1.48594840436305,-2.9274780847609536,0.95,True,decrease,negative,function_gate,-2.095813004522521,0.00015527173976200478,2.0959682762622833,walsh_total_error_energy,12,20000,adamw,claim_eligible,20260815,1.3347862012562082,-1.5701488392298986,True
C16-d16-L2-H4-m4-ffn32,True,-0.06925100010679065,-0.09071361720804512,0.95,True,decrease,negative,all_scheduled,-0.08050834242021665,0.11366249882848933,0.19417084124870598,attention_mean_distractor_mass,12,20000,adamw,all_scheduled,20260815,0.019818412880124776,-4.062300190594766,True
C16-d16-L2-H4-m4-ffn32,True,0.10885193121782016,0.042065615238849816,0.95,True,descriptive,positive,all_scheduled,0.07630165386459946,0.3055043605854735,0.22920270672087403,attention_self_mass,12,20000,adamw,all_scheduled,20260815,0.06169470696409205,1.2367617518470269,False
C16-d16-L2-H4-m4-ffn32,True,0.189271083753556,0.14384068799796904,0.95,True,increase,positive,all_scheduled,0.1652233671823827,0.35350815263033536,0.18828478544795266,attention_target_mass,12,20000,adamw,all_scheduled,20260815,0.04221929867616951,3.913455987264949,True
C16-d16-L2-H4-m4-ffn32,True,2.0626455671629325,1.6466957313522774,0.95,True,increase,positive,all_scheduled,1.8501717861897002,1.6423488311702386,-0.2078229550194616,attention_target_over_distractor_log_margin,12,20000,adamw,all_scheduled,20260815,0.38511463645040683,4.804210515712135,True
C16-d16-L2-H4-m4-ffn32,True,0.50927734375,0.4684244791666667,0.95,True,increase,positive,all_scheduled,0.4894205729166667,1.0,0.5105794270833334,donor_accuracy,12,20000,adamw,all_scheduled,20260815,0.03791330094568254,12.90894120820151,True
C16-d16-L2-H4-m4-ffn32,True,-0.7925577255237617,-1.6899037563651897,0.95,True,decrease,negative,all_scheduled,-1.1851443054653525,8.93719616215094e-05,1.185233677426974,donor_risk,12,20000,adamw,all_scheduled,20260815,0.8425562078241939,-1.4066056299387475,True
C16-d16-L2-H4-m4-ffn32,True,0.15359054779012996,0.08223919135828814,0.95,True,descriptive,positive,all_scheduled,0.11974402765432994,0.7531060179074606,0.6333619902531306,embedding_coherence,12,20000,adamw,all_scheduled,20260815,0.06615086013634046,1.8101658452744394,False
C16-d16-L2-H4-m4-ffn32,True,-2.250810507933299,-2.767990713318189,0.95,True,descriptive,negative,all_scheduled,-2.4940879344940186,5.587125976880391,8.08121391137441,embedding_effective_rank,12,20000,adamw,all_scheduled,20260815,0.478620988285057,-5.2109873898981425,False
C16-d16-L2-H4-m4-ffn32,False,0.0047601504130398075,-0.009805437429698333,0.95,True,descriptive,negative,all_scheduled,-0.003037875206549264,0.0001881817212658158,0.0032260569278150797,ffn_branch_signed,12,20000,adamw,all_scheduled,20260815,0.013547916339266438,-0.22423191363711595,False
C16-d16-L2-H4-m4-ffn32,True,0.23987455726601173,0.1640429334715009,0.95,True,increase,positive,all_scheduled,0.20133256167173386,0.4722981924811999,0.27096563080946606,ffn_cancellation_fraction,12,20000,adamw,all_scheduled,20260815,0.0704271517478131,2.8587349718851245,True
C16-d16-L2-H4-m4-ffn32,True,0.30127156575520814,0.1936014811197917,0.95,True,increase,positive,all_scheduled,0.24715169270833334,0.7486979166666666,0.5015462239583334,ffn_opposition_rate,12,20000,adamw,all_scheduled,20260815,0.09953489369235462,2.483065822848388,True
C16-d16-L2-H4-m4-ffn32,True,-0.0036967005344346704,-0.018032885248567252,0.95,True,descriptive,negative,all_scheduled,-0.010686601643707641,-0.0002609714338177582,0.010425630209889883,ffn_skip_signed,12,20000,adamw,all_scheduled,20260815,0.01333578707977243,-0.8013476504822844,False
C16-d16-L2-H4-m4-ffn32,False,0.00048704445553083653,-0.027136473940049647,0.95,True,descriptive,negative,all_scheduled,-0.013724477318343512,-7.278969557470798e-05,0.013651687622768804,ffn_total_signed,12,20000,adamw,all_scheduled,20260815,0.025771765607049482,-0.5325392729239081,False
C16-d16-L2-H4-m4-ffn32,True,0.509765625,0.47021484375,0.95,True,increase,positive,all_scheduled,0.4900716145833333,1.0,0.5099283854166666,function_accuracy,12,20000,adamw,all_scheduled,20260815,0.036610340119353046,13.386153009932581,True
C16-d16-L2-H4-m4-ffn32,True,0.27556209815714583,0.21969453311370066,0.95,True,increase,positive,all_scheduled,0.2457317031803541,0.23984564592440924,-0.005886057255944858,key_selectivity,12,20000,adamw,all_scheduled,20260815,0.05175864552522669,4.747645551516349,True
C16-d16-L2-H4-m4-ffn32,True,-0.14448794685595204,-0.19768935336129895,0.95,True,decrease,negative,all_scheduled,-0.17096802161540836,0.006810490624047816,0.17777851223945618,natural_swap_mae,12,20000,adamw,all_scheduled,20260815,0.04899422417493243,-3.489554625969218,True
C16-d16-L2-H4-m4-ffn32,True,-0.04682158019353817,-0.08326221285313598,0.95,True,decrease,negative,all_scheduled,-0.06421821459146788,9.462396974413423e-05,0.06431283856121202,natural_swap_mse,12,20000,adamw,all_scheduled,20260815,0.03380801169863865,-1.8994969347473858,True
C16-d16-L2-H4-m4-ffn32,False,0.032195686649841564,-0.003999731565515197,0.95,True,decrease,positive,all_scheduled,0.013656618694464365,0.46705133312692243,0.4533947144324581,ov_distractor_gain,12,20000,adamw,all_scheduled,20260815,0.03346738849885088,0.4080574943854156,False
C16-d16-L2-H4-m4-ffn32,True,0.526071442652998,0.38550670950256366,0.95,True,increase,positive,all_scheduled,0.4566028251914152,0.4476363266488382,-0.008966498542577028,ov_log_target_over_distractor_gain,12,20000,adamw,all_scheduled,20260815,0.12920885204908353,3.5338354760551707,True
C16-d16-L2-H4-m4-ffn32,True,0.542987227369061,0.385607213350401,0.95,True,increase,positive,all_scheduled,0.45748261133364093,0.8976128672948107,0.4401302559611698,ov_target_gain,12,20000,adamw,all_scheduled,20260815,0.1441956174997355,3.1726526732650533,True
C16-d16-L2-H4-m4-ffn32,True,0.023579392151441406,0.006103932535431039,0.95,True,increase,positive,all_scheduled,0.014587115962058306,0.2370183194677035,0.2224312035056452,qk_cancellation_fraction,12,20000,adamw,all_scheduled,20260815,0.016189243935578315,0.9010375049078673,True
C16-d16-L2-H4-m4-ffn32,True,-0.005140324288513441,-0.00998801191718561,0.95,True,descriptive,negative,all_scheduled,-0.00740029456285396,1.6648665382090755e-05,0.00741694322823605,qk_content_energy,12,20000,adamw,all_scheduled,20260815,0.004411283099093943,-1.6775832329541365,False
C16-d16-L2-H4-m4-ffn32,False,0.0009097082596283561,-0.0035514872268248487,0.95,True,descriptive,negative,all_scheduled,-0.0013852481572508661,-1.2907064579792404e-05,0.0013723410926710737,qk_content_signed,12,20000,adamw,all_scheduled,20260815,0.004132570253975777,-0.33520256695410694,False
C16-d16-L2-H4-m4-ffn32,True,0.04180908203125,0.018371073404947924,0.95,True,increase,positive,all_scheduled,0.029296875,0.53216552734375,0.50286865234375,qk_opposition_rate,12,20000,adamw,all_scheduled,20260815,0.02163642484482864,1.3540534173325913,True
C16-d16-L2-H4-m4-ffn32,True,-0.0001888765792458004,-0.0013348969853423632,0.95,True,descriptive,negative,all_scheduled,-0.0007980893754080398,-6.2411077266233406e-06,0.0007918482676814165,qk_route_signed,12,20000,adamw,all_scheduled,20260815,0.0010615449205043986,-0.751818750193655,False
C16-d16-L2-H4-m4-ffn32,True,-0.31192822543477344,-0.45003233533304104,0.95,True,increase,negative,all_scheduled,-0.38324585273706663,-0.6490629613690544,-0.26581710863198776,qk_suppression_log_ratio,12,20000,adamw,all_scheduled,20260815,0.1280353243022218,-2.99328216510337,False
C16-d16-L2-H4-m4-ffn32,False,0.0006532359129669327,-0.004826507784945496,0.95,True,descriptive,negative,all_scheduled,-0.002183337551836454,-1.9148174885685876e-05,0.0021641893769507683,qk_total_signed,12,20000,adamw,all_scheduled,20260815,0.005075967270989744,-0.4301323147441676,False
C16-d16-L2-H4-m4-ffn32,True,-0.7947306523965079,-1.6918444206291343,0.95,True,decrease,negative,all_scheduled,-1.1873401601084577,8.952627892237312e-05,1.18742968638738,risk,12,20000,adamw,all_scheduled,20260815,0.8406848398285861,-1.4123487231559377,True
C16-d16-L2-H4-m4-ffn32,True,1.0322350782856422,0.9216971686216615,0.95,True,increase,positive,all_scheduled,0.9788785551597053,0.99419005215168,0.015311496991974613,target_key_effect,12,20000,adamw,all_scheduled,20260815,0.10188724173338957,9.607469379936271,True
C16-d16-L2-H4-m4-ffn32,True,1.018166824542762,0.9328815443829324,0.95,True,increase,positive,all_scheduled,0.978416400651137,0.9992224077383677,0.020806007087230682,value_flip_effect,12,20000,adamw,all_scheduled,20260815,0.07892709485310152,12.396457800355604,True
C16-d16-L2-H4-m4-ffn32,True,-0.5837520059831703,-2.3002198401481904,0.95,True,decrease,negative,all_scheduled,-1.3331109992106274,5.641217633941172e-05,1.3331674113869667,walsh_bias_energy,12,20000,adamw,all_scheduled,20260815,1.612904216526149,-0.826528311818704,True
C16-d16-L2-H4-m4-ffn32,True,-0.03769978704560991,-0.08962936218420811,0.95,True,decrease,negative,all_scheduled,-0.05900127562495072,3.637484473983932e-05,0.05903765046969056,walsh_distractor_direct_energy,12,20000,adamw,all_scheduled,20260815,0.049542853484440603,-1.1909139558035473,True
C16-d16-L2-H4-m4-ffn32,True,-0.007034709805888424,-0.029418933837769144,0.95,True,decrease,negative,all_scheduled,-0.01672899639455257,4.1312171106255846e-05,0.016770308565658826,walsh_interaction_energy,12,20000,adamw,all_scheduled,20260815,0.02082239095041093,-0.803413807491806,True
C16-d16-L2-H4-m4-ffn32,True,1.0194086343341042,0.9334624625179762,0.95,True,increase,positive,all_scheduled,0.9793185173378637,0.9992232720057169,0.019904754667853315,walsh_target_coefficient,12,20000,adamw,all_scheduled,20260815,0.07946142552426498,12.324451907030173,True
C16-d16-L2-H4-m4-ffn32,True,-0.8925977129033376,-1.0518724623840776,0.95,True,decrease,negative,all_scheduled,-0.9753427212845054,4.432048293286547e-05,0.9753870417674383,walsh_target_error_energy,12,20000,adamw,all_scheduled,20260815,0.147096813240989,-6.630617617028857,True
C16-d16-L2-H4-m4-ffn32,True,-1.6126084448968117,-3.3848196856016632,0.95,True,decrease,negative,all_scheduled,-2.384183999771267,0.00017841967504258113,2.3843624194463096,walsh_total_error_energy,12,20000,adamw,all_scheduled,20260815,1.659275056382276,-1.4368829270353238,True
C16-d16-L2-H4-m4-ffn32,True,-0.06925100010679065,-0.09071361720804512,0.95,True,decrease,negative,function_gate,-0.08050834242021665,0.11366249882848933,0.19417084124870598,attention_mean_distractor_mass,12,20000,adamw,claim_eligible,20260815,0.019818412880124776,-4.062300190594766,True
C16-d16-L2-H4-m4-ffn32,True,0.10885193121782016,0.042065615238849816,0.95,True,descriptive,positive,function_gate,0.07630165386459946,0.3055043605854735,0.22920270672087403,attention_self_mass,12,20000,adamw,claim_eligible,20260815,0.06169470696409205,1.2367617518470269,False
C16-d16-L2-H4-m4-ffn32,True,0.189271083753556,0.14384068799796904,0.95,True,increase,positive,function_gate,0.1652233671823827,0.35350815263033536,0.18828478544795266,attention_target_mass,12,20000,adamw,claim_eligible,20260815,0.04221929867616951,3.913455987264949,True
C16-d16-L2-H4-m4-ffn32,True,2.0626455671629325,1.6466957313522774,0.95,True,increase,positive,function_gate,1.8501717861897002,1.6423488311702386,-0.2078229550194616,attention_target_over_distractor_log_margin,12,20000,adamw,claim_eligible,20260815,0.38511463645040683,4.804210515712135,True
C16-d16-L2-H4-m4-ffn32,True,0.50927734375,0.4684244791666667,0.95,True,increase,positive,all_scheduled,0.4894205729166667,1.0,0.5105794270833334,donor_accuracy,12,20000,adamw,claim_eligible,20260815,0.03791330094568254,12.90894120820151,True
C16-d16-L2-H4-m4-ffn32,True,-0.7925577255237617,-1.6899037563651897,0.95,True,decrease,negative,all_scheduled,-1.1851443054653525,8.93719616215094e-05,1.185233677426974,donor_risk,12,20000,adamw,claim_eligible,20260815,0.8425562078241939,-1.4066056299387475,True
C16-d16-L2-H4-m4-ffn32,True,0.15359054779012996,0.08223919135828814,0.95,True,descriptive,positive,function_gate,0.11974402765432994,0.7531060179074606,0.6333619902531306,embedding_coherence,12,20000,adamw,claim_eligible,20260815,0.06615086013634046,1.8101658452744394,False
C16-d16-L2-H4-m4-ffn32,True,-2.250810507933299,-2.767990713318189,0.95,True,descriptive,negative,function_gate,-2.4940879344940186,5.587125976880391,8.08121391137441,embedding_effective_rank,12,20000,adamw,claim_eligible,20260815,0.478620988285057,-5.2109873898981425,False
C16-d16-L2-H4-m4-ffn32,False,0.0047601504130398075,-0.009805437429698333,0.95,True,descriptive,negative,function_and_donor_gate,-0.003037875206549264,0.0001881817212658158,0.0032260569278150797,ffn_branch_signed,12,20000,adamw,claim_eligible,20260815,0.013547916339266438,-0.22423191363711595,False
C16-d16-L2-H4-m4-ffn32,True,0.23987455726601173,0.1640429334715009,0.95,True,increase,positive,function_and_donor_gate,0.20133256167173386,0.4722981924811999,0.27096563080946606,ffn_cancellation_fraction,12,20000,adamw,claim_eligible,20260815,0.0704271517478131,2.8587349718851245,True
C16-d16-L2-H4-m4-ffn32,True,0.30127156575520814,0.1936014811197917,0.95,True,increase,positive,function_and_donor_gate,0.24715169270833334,0.7486979166666666,0.5015462239583334,ffn_opposition_rate,12,20000,adamw,claim_eligible,20260815,0.09953489369235462,2.483065822848388,True
C16-d16-L2-H4-m4-ffn32,True,-0.0036967005344346704,-0.018032885248567252,0.95,True,descriptive,negative,function_and_donor_gate,-0.010686601643707641,-0.0002609714338177582,0.010425630209889883,ffn_skip_signed,12,20000,adamw,claim_eligible,20260815,0.01333578707977243,-0.8013476504822844,False
C16-d16-L2-H4-m4-ffn32,False,0.00048704445553083653,-0.027136473940049647,0.95,True,descriptive,negative,function_and_donor_gate,-0.013724477318343512,-7.278969557470798e-05,0.013651687622768804,ffn_total_signed,12,20000,adamw,claim_eligible,20260815,0.025771765607049482,-0.5325392729239081,False
C16-d16-L2-H4-m4-ffn32,True,0.509765625,0.47021484375,0.95,True,increase,positive,all_scheduled,0.4900716145833333,1.0,0.5099283854166666,function_accuracy,12,20000,adamw,claim_eligible,20260815,0.036610340119353046,13.386153009932581,True
C16-d16-L2-H4-m4-ffn32,True,0.27556209815714583,0.21969453311370066,0.95,True,increase,positive,function_gate,0.2457317031803541,0.23984564592440924,-0.005886057255944858,key_selectivity,12,20000,adamw,claim_eligible,20260815,0.05175864552522669,4.747645551516349,True
C16-d16-L2-H4-m4-ffn32,True,-0.14448794685595204,-0.19768935336129895,0.95,True,decrease,negative,all_scheduled,-0.17096802161540836,0.006810490624047816,0.17777851223945618,natural_swap_mae,12,20000,adamw,claim_eligible,20260815,0.04899422417493243,-3.489554625969218,True
C16-d16-L2-H4-m4-ffn32,True,-0.04682158019353817,-0.08326221285313598,0.95,True,decrease,negative,all_scheduled,-0.06421821459146788,9.462396974413423e-05,0.06431283856121202,natural_swap_mse,12,20000,adamw,claim_eligible,20260815,0.03380801169863865,-1.8994969347473858,True
C16-d16-L2-H4-m4-ffn32,False,0.032195686649841564,-0.003999731565515197,0.95,True,decrease,positive,function_and_donor_gate,0.013656618694464365,0.46705133312692243,0.4533947144324581,ov_distractor_gain,12,20000,adamw,claim_eligible,20260815,0.03346738849885088,0.4080574943854156,False
C16-d16-L2-H4-m4-ffn32,True,0.526071442652998,0.38550670950256366,0.95,True,increase,positive,function_and_donor_gate,0.4566028251914152,0.4476363266488382,-0.008966498542577028,ov_log_target_over_distractor_gain,12,20000,adamw,claim_eligible,20260815,0.12920885204908353,3.5338354760551707,True
C16-d16-L2-H4-m4-ffn32,True,0.542987227369061,0.385607213350401,0.95,True,increase,positive,function_and_donor_gate,0.45748261133364093,0.8976128672948107,0.4401302559611698,ov_target_gain,12,20000,adamw,claim_eligible,20260815,0.1441956174997355,3.1726526732650533,True
C16-d16-L2-H4-m4-ffn32,True,0.023579392151441406,0.006103932535431039,0.95,True,increase,positive,function_and_donor_gate,0.014587115962058306,0.2370183194677035,0.2224312035056452,qk_cancellation_fraction,12,20000,adamw,claim_eligible,20260815,0.016189243935578315,0.9010375049078673,True
C16-d16-L2-H4-m4-ffn32,True,-0.005140324288513441,-0.00998801191718561,0.95,True,descriptive,negative,function_and_donor_gate,-0.00740029456285396,1.6648665382090755e-05,0.00741694322823605,qk_content_energy,12,20000,adamw,claim_eligible,20260815,0.004411283099093943,-1.6775832329541365,False
C16-d16-L2-H4-m4-ffn32,False,0.0009097082596283561,-0.0035514872268248487,0.95,True,descriptive,negative,function_and_donor_gate,-0.0013852481572508661,-1.2907064579792404e-05,0.0013723410926710737,qk_content_signed,12,20000,adamw,claim_eligible,20260815,0.004132570253975777,-0.33520256695410694,False
C16-d16-L2-H4-m4-ffn32,True,0.04180908203125,0.018371073404947924,0.95,True,increase,positive,function_and_donor_gate,0.029296875,0.53216552734375,0.50286865234375,qk_opposition_rate,12,20000,adamw,claim_eligible,20260815,0.02163642484482864,1.3540534173325913,True
C16-d16-L2-H4-m4-ffn32,True,-0.0001888765792458004,-0.0013348969853423632,0.95,True,descriptive,negative,function_and_donor_gate,-0.0007980893754080398,-6.2411077266233406e-06,0.0007918482676814165,qk_route_signed,12,20000,adamw,claim_eligible,20260815,0.0010615449205043986,-0.751818750193655,False
C16-d16-L2-H4-m4-ffn32,True,-0.31192822543477344,-0.45003233533304104,0.95,True,increase,negative,function_and_donor_gate,-0.38324585273706663,-0.6490629613690544,-0.26581710863198776,qk_suppression_log_ratio,12,20000,adamw,claim_eligible,20260815,0.1280353243022218,-2.99328216510337,False
C16-d16-L2-H4-m4-ffn32,False,0.0006532359129669327,-0.004826507784945496,0.95,True,descriptive,negative,function_and_donor_gate,-0.002183337551836454,-1.9148174885685876e-05,0.0021641893769507683,qk_total_signed,12,20000,adamw,claim_eligible,20260815,0.005075967270989744,-0.4301323147441676,False
C16-d16-L2-H4-m4-ffn32,True,-0.7947306523965079,-1.6918444206291343,0.95,True,decrease,negative,all_scheduled,-1.1873401601084577,8.952627892237312e-05,1.18742968638738,risk,12,20000,adamw,claim_eligible,20260815,0.8406848398285861,-1.4123487231559377,True
C16-d16-L2-H4-m4-ffn32,True,1.0322350782856422,0.9216971686216615,0.95,True,increase,positive,function_gate,0.9788785551597053,0.99419005215168,0.015311496991974613,target_key_effect,12,20000,adamw,claim_eligible,20260815,0.10188724173338957,9.607469379936271,True
C16-d16-L2-H4-m4-ffn32,True,1.018166824542762,0.9328815443829324,0.95,True,increase,positive,function_gate,0.978416400651137,0.9992224077383677,0.020806007087230682,value_flip_effect,12,20000,adamw,claim_eligible,20260815,0.07892709485310152,12.396457800355604,True
C16-d16-L2-H4-m4-ffn32,True,-0.5837520059831703,-2.3002198401481904,0.95,True,decrease,negative,function_gate,-1.3331109992106274,5.641217633941172e-05,1.3331674113869667,walsh_bias_energy,12,20000,adamw,claim_eligible,20260815,1.612904216526149,-0.826528311818704,True
C16-d16-L2-H4-m4-ffn32,True,-0.03769978704560991,-0.08962936218420811,0.95,True,decrease,negative,function_gate,-0.05900127562495072,3.637484473983932e-05,0.05903765046969056,walsh_distractor_direct_energy,12,20000,adamw,claim_eligible,20260815,0.049542853484440603,-1.1909139558035473,True
C16-d16-L2-H4-m4-ffn32,True,-0.007034709805888424,-0.029418933837769144,0.95,True,decrease,negative,function_gate,-0.01672899639455257,4.1312171106255846e-05,0.016770308565658826,walsh_interaction_energy,12,20000,adamw,claim_eligible,20260815,0.02082239095041093,-0.803413807491806,True
C16-d16-L2-H4-m4-ffn32,True,1.0194086343341042,0.9334624625179762,0.95,True,increase,positive,function_gate,0.9793185173378637,0.9992232720057169,0.019904754667853315,walsh_target_coefficient,12,20000,adamw,claim_eligible,20260815,0.07946142552426498,12.324451907030173,True
C16-d16-L2-H4-m4-ffn32,True,-0.8925977129033376,-1.0518724623840776,0.95,True,decrease,negative,function_gate,-0.9753427212845054,4.432048293286547e-05,0.9753870417674383,walsh_target_error_energy,12,20000,adamw,claim_eligible,20260815,0.147096813240989,-6.630617617028857,True
C16-d16-L2-H4-m4-ffn32,True,-1.6126084448968117,-3.3848196856016632,0.95,True,decrease,negative,function_gate,-2.384183999771267,0.00017841967504258113,2.3843624194463096,walsh_total_error_energy,12,20000,adamw,claim_eligible,20260815,1.659275056382276,-1.4368829270353238,True
C16-d16-L2-H4-m4-ffnnone,True,-0.08592879989082576,-0.09773329338907691,0.95,True,decrease,negative,all_scheduled,-0.09171261927015924,0.10896066908511177,0.200673288355271,attention_mean_distractor_mass,12,20000,adamw,all_scheduled,20260815,0.01078110120855251,-8.506795131225072,True
C16-d16-L2-H4-m4-ffnnone,True,0.11966898360115008,0.08234163159116482,0.95,True,descriptive,positive,all_scheduled,0.10294571309350431,0.3056918394674237,0.20274612637391934,attention_self_mass,12,20000,adamw,all_scheduled,20260815,0.03482956404621004,2.955699157098875,False
C16-d16-L2-H4-m4-ffnnone,True,0.18876762927296414,0.1555736412507637,0.95,True,increase,positive,all_scheduled,0.17219213175121695,0.3674261612274374,0.1952340294762204,attention_target_mass,12,20000,adamw,all_scheduled,20260815,0.0305735916079856,5.632054420006108,True
C16-d16-L2-H4-m4-ffnnone,True,2.142408684506518,1.6066199591645274,0.95,True,increase,positive,all_scheduled,1.9097514963068534,1.738021908250327,-0.17172958805652647,attention_target_over_distractor_log_margin,12,20000,adamw,all_scheduled,20260815,0.5003606536114269,3.8167499433117693,True
C16-d16-L2-H4-m4-ffnnone,True,0.5367838541666666,0.4671223958333333,0.95,True,increase,positive,all_scheduled,0.5011393229166666,0.9990234375,0.4978841145833333,donor_accuracy,12,20000,adamw,all_scheduled,20260815,0.06478028159576263,7.735985558751366,True
C16-d16-L2-H4-m4-ffnnone,True,-0.7038277491832109,-1.5908283924586915,0.95,True,decrease,negative,all_scheduled,-1.0795881369782971,0.0019344072467598987,1.081522544225057,donor_risk,12,20000,adamw,all_scheduled,20260815,0.8230837081057499,-1.3116383259035318,True
C16-d16-L2-H4-m4-ffnnone,True,0.19874195270240302,0.12276013555626075,0.95,True,descriptive,positive,all_scheduled,0.15769170224666595,0.7769653697808584,0.6192736675341924,embedding_coherence,12,20000,adamw,all_scheduled,20260815,0.07087255350685615,2.2250038194462824,False
C16-d16-L2-H4-m4-ffnnone,True,-2.2377095351616543,-2.6608795315027236,0.95,True,descriptive,negative,all_scheduled,-2.447778026262919,5.3097041845321655,7.757482210795085,embedding_effective_rank,12,20000,adamw,all_scheduled,20260815,0.3951874225960558,-6.193967434952848,False
C16-d16-L2-H4-m4-ffnnone,True,0.5260416666666666,0.4576822916666667,0.95,True,increase,positive,all_scheduled,0.4915364583333333,0.9991861979166666,0.5076497395833334,function_accuracy,12,20000,adamw,all_scheduled,20260815,0.06336150155933191,7.757651669177331,True
C16-d16-L2-H4-m4-ffnnone,True,0.2839623359507338,0.24459742306838356,0.95,True,increase,positive,all_scheduled,0.2639047548097248,0.2584654949605465,-0.005439259849178295,key_selectivity,12,20000,adamw,all_scheduled,20260815,0.036150914952005606,7.300085078346924,True
C16-d16-L2-H4-m4-ffnnone,True,-0.15858086715452377,-0.22904347922691765,0.95,True,decrease,negative,all_scheduled,-0.19127865853564194,0.009484976180829108,0.20076363471647105,natural_swap_mae,12,20000,adamw,all_scheduled,20260815,0.0650832286903646,-2.938985394311887,True
C16-d16-L2-H4-m4-ffnnone,True,-0.04928035355574139,-0.11864895145246615,0.95,True,decrease,negative,all_scheduled,-0.0793275418424552,0.0020329966476613968,0.0813605384901166,natural_swap_mse,12,20000,adamw,all_scheduled,20260815,0.06463448052856585,-1.2273254336343835,True
C16-d16-L2-H4-m4-ffnnone,True,0.04440224302622176,0.0047347539570182584,0.95,True,decrease,positive,all_scheduled,0.022333027484516304,0.47767773518959683,0.4553447077050805,ov_distractor_gain,12,20000,adamw,all_scheduled,20260815,0.03647548477811435,0.6122750011513579,False
C16-d16-L2-H4-m4-ffnnone,True,0.7956584146600411,0.6367540803143735,0.95,True,increase,positive,all_scheduled,0.7186393856682116,0.7120889841365473,-0.0065504015316643445,ov_log_target_over_distractor_gain,12,20000,adamw,all_scheduled,20260815,0.14662022607341277,4.901365963713552,True
C16-d16-L2-H4-m4-ffnnone,True,0.7711950053228065,0.6149139191024006,0.95,True,increase,positive,all_scheduled,0.6943181866469482,1.1481050685979426,0.4537868819509943,ov_target_gain,12,20000,adamw,all_scheduled,20260815,0.1445033785656852,4.8048578070535575,True
C16-d16-L2-H4-m4-ffnnone,True,0.027241978383002168,0.013799433573149146,0.95,True,increase,positive,all_scheduled,0.020638344964633386,0.24350676980490485,0.22286842484027147,qk_cancellation_fraction,12,20000,adamw,all_scheduled,20260815,0.012304421474395859,1.677311282580778,True
C16-d16-L2-H4-m4-ffnnone,True,-0.004792311919406299,-0.009481801273203238,0.95,True,descriptive,negative,all_scheduled,-0.0070012116799726964,0.00011504517019500504,0.0071162568501677015,qk_content_energy,12,20000,adamw,all_scheduled,20260815,0.004330853632208044,-1.616589308838682,False
C16-d16-L2-H4-m4-ffnnone,False,0.002119702856589351,-0.0014675002743899765,0.95,True,descriptive,positive,all_scheduled,0.00037515061141372524,-0.0001128441492710408,-0.00048799476068476605,qk_content_signed,12,20000,adamw,all_scheduled,20260815,0.0033292183754131885,0.11268429075853739,False
C16-d16-L2-H4-m4-ffnnone,True,0.03790283203125,0.020772298177083332,0.95,True,increase,positive,all_scheduled,0.02978515625,0.53497314453125,0.50518798828125,qk_opposition_rate,12,20000,adamw,all_scheduled,20260815,0.01585393857732998,1.878722823651574,True
C16-d16-L2-H4-m4-ffnnone,False,0.001133582911983429,-0.00026415906839692585,0.95,True,descriptive,positive,all_scheduled,0.0004220376316415771,0.00017047156372029804,-0.00025156606792127906,qk_route_signed,12,20000,adamw,all_scheduled,20260815,0.0012898383909848215,0.3272019460665468,False
C16-d16-L2-H4-m4-ffnnone,True,-0.42055143221077756,-0.5515816550956515,0.95,True,increase,negative,all_scheduled,-0.48511101613015245,-0.7315433512364203,-0.2464323351062679,qk_suppression_log_ratio,12,20000,adamw,all_scheduled,20260815,0.12153122544506846,-3.991657406181758,False
C16-d16-L2-H4-m4-ffnnone,False,0.00317321564882888,-0.0016262985639135265,0.95,True,descriptive,positive,all_scheduled,0.00079718824866859,5.76274217299518e-05,-0.0007395608269386381,qk_total_signed,12,20000,adamw,all_scheduled,20260815,0.004432086576743556,0.17986748112089415,False
C16-d16-L2-H4-m4-ffnnone,True,-0.6949764409621367,-1.5839073150483045,0.95,True,decrease,negative,all_scheduled,-1.0721853420567033,0.001154090421247626,1.073339432477951,risk,12,20000,adamw,all_scheduled,20260815,0.8253068564178625,-1.2991353866977247,True
C16-d16-L2-H4-m4-ffnnone,True,1.075053117563948,0.9610369049555932,0.95,True,increase,positive,all_scheduled,1.0159991350956261,1.008327230811119,-0.007671904284507036,target_key_effect,12,20000,adamw,all_scheduled,20260815,0.10502310330654664,9.674053642559747,True
C16-d16-L2-H4-m4-ffnnone,True,1.066164445124256,0.9294049196352716,0.95,True,increase,positive,all_scheduled,0.9964798802975565,0.9987253944079081,0.002245514110351602,value_flip_effect,12,20000,adamw,all_scheduled,20260815,0.126295690783288,7.890054475472374,True
C16-d16-L2-H4-m4-ffnnone,True,-0.34454374566328183,-1.948980268658715,0.95,True,decrease,negative,all_scheduled,-1.0017021486084257,0.0003721613267468153,1.0020743099351723,walsh_bias_energy,12,20000,adamw,all_scheduled,20260815,1.498853656960569,-0.6683121757461729,True
C16-d16-L2-H4-m4-ffnnone,True,-0.044928802206874285,-0.14308123025141034,0.95,True,decrease,negative,all_scheduled,-0.08872291157520824,0.00046950502132858674,0.08919241659653683,walsh_distractor_direct_energy,12,20000,adamw,all_scheduled,20260815,0.09107933742445544,-0.9741277668911271,True
C16-d16-L2-H4-m4-ffnnone,True,-0.0030504510292379,-0.015905639431741746,0.95,True,decrease,negative,all_scheduled,-0.008293443754610053,0.0007324435211254846,0.009025887275735537,walsh_interaction_energy,12,20000,adamw,all_scheduled,20260815,0.012236182925361603,-0.6777803016838247,True
C16-d16-L2-H4-m4-ffnnone,True,1.0656723711756055,0.928492606501095,0.95,True,increase,positive,all_scheduled,0.9958845777437091,0.9985775301853815,0.002692952441672484,walsh_target_coefficient,12,20000,adamw,all_scheduled,20260815,0.1265905080219674,7.866976705480099,True
C16-d16-L2-H4-m4-ffnnone,True,-0.883166699677319,-1.1624472981775549,0.95,True,decrease,negative,all_scheduled,-1.0184635490732035,0.0003825803044795369,1.018846129377683,walsh_target_error_energy,12,20000,adamw,all_scheduled,20260815,0.25837088974402317,-3.9418664776137513,True
C16-d16-L2-H4-m4-ffnnone,True,-1.396021290467737,-3.078480375412558,0.95,True,decrease,negative,all_scheduled,-2.1171821068928693,0.001956690231357546,2.119138797124227,walsh_total_error_energy,12,20000,adamw,all_scheduled,20260815,1.5514953482958316,-1.364607447401238,True
C16-d16-L2-H4-m4-ffnnone,True,-0.08592879989082576,-0.09773329338907691,0.95,True,decrease,negative,function_gate,-0.09171261927015924,0.10896066908511177,0.200673288355271,attention_mean_distractor_mass,12,20000,adamw,claim_eligible,20260815,0.01078110120855251,-8.506795131225072,True
C16-d16-L2-H4-m4-ffnnone,True,0.11966898360115008,0.08234163159116482,0.95,True,descriptive,positive,function_gate,0.10294571309350431,0.3056918394674237,0.20274612637391934,attention_self_mass,12,20000,adamw,claim_eligible,20260815,0.03482956404621004,2.955699157098875,False
C16-d16-L2-H4-m4-ffnnone,True,0.18876762927296414,0.1555736412507637,0.95,True,increase,positive,function_gate,0.17219213175121695,0.3674261612274374,0.1952340294762204,attention_target_mass,12,20000,adamw,claim_eligible,20260815,0.0305735916079856,5.632054420006108,True
C16-d16-L2-H4-m4-ffnnone,True,2.142408684506518,1.6066199591645274,0.95,True,increase,positive,function_gate,1.9097514963068534,1.738021908250327,-0.17172958805652647,attention_target_over_distractor_log_margin,12,20000,adamw,claim_eligible,20260815,0.5003606536114269,3.8167499433117693,True
C16-d16-L2-H4-m4-ffnnone,True,0.5367838541666666,0.4671223958333333,0.95,True,increase,positive,all_scheduled,0.5011393229166666,0.9990234375,0.4978841145833333,donor_accuracy,12,20000,adamw,claim_eligible,20260815,0.06478028159576263,7.735985558751366,True
C16-d16-L2-H4-m4-ffnnone,True,-0.7038277491832109,-1.5908283924586915,0.95,True,decrease,negative,all_scheduled,-1.0795881369782971,0.0019344072467598987,1.081522544225057,donor_risk,12,20000,adamw,claim_eligible,20260815,0.8230837081057499,-1.3116383259035318,True
C16-d16-L2-H4-m4-ffnnone,True,0.19874195270240302,0.12276013555626075,0.95,True,descriptive,positive,function_gate,0.15769170224666595,0.7769653697808584,0.6192736675341924,embedding_coherence,12,20000,adamw,claim_eligible,20260815,0.07087255350685615,2.2250038194462824,False
C16-d16-L2-H4-m4-ffnnone,True,-2.2377095351616543,-2.6608795315027236,0.95,True,descriptive,negative,function_gate,-2.447778026262919,5.3097041845321655,7.757482210795085,embedding_effective_rank,12,20000,adamw,claim_eligible,20260815,0.3951874225960558,-6.193967434952848,False
C16-d16-L2-H4-m4-ffnnone,True,0.5260416666666666,0.4576822916666667,0.95,True,increase,positive,all_scheduled,0.4915364583333333,0.9991861979166666,0.5076497395833334,function_accuracy,12,20000,adamw,claim_eligible,20260815,0.06336150155933191,7.757651669177331,True
C16-d16-L2-H4-m4-ffnnone,True,0.2839623359507338,0.24459742306838356,0.95,True,increase,positive,function_gate,0.2639047548097248,0.2584654949605465,-0.005439259849178295,key_selectivity,12,20000,adamw,claim_eligible,20260815,0.036150914952005606,7.300085078346924,True
C16-d16-L2-H4-m4-ffnnone,True,-0.15858086715452377,-0.22904347922691765,0.95,True,decrease,negative,all_scheduled,-0.19127865853564194,0.009484976180829108,0.20076363471647105,natural_swap_mae,12,20000,adamw,claim_eligible,20260815,0.0650832286903646,-2.938985394311887,True
C16-d16-L2-H4-m4-ffnnone,True,-0.04928035355574139,-0.11864895145246615,0.95,True,decrease,negative,all_scheduled,-0.0793275418424552,0.0020329966476613968,0.0813605384901166,natural_swap_mse,12,20000,adamw,claim_eligible,20260815,0.06463448052856585,-1.2273254336343835,True
C16-d16-L2-H4-m4-ffnnone,False,0.020511034876108142,-0.0013438142742961533,0.95,True,decrease,positive,function_and_donor_gate,0.009551551938056946,0.4691478066146374,0.45959625467658044,ov_distractor_gain,10,20000,adamw,claim_eligible,20260815,0.01878506537473744,0.5084651954899279,False
C16-d16-L2-H4-m4-ffnnone,True,0.8261003120010718,0.6630431052262429,0.95,True,increase,positive,function_and_donor_gate,0.7496852876618505,0.7175103048910387,-0.032174982770811766,ov_log_target_over_distractor_gain,10,20000,adamw,claim_eligible,20260815,0.13980988791250107,5.362176444423124,True
C16-d16-L2-H4-m4-ffnnone,True,0.7695150776719674,0.6056014482770115,0.95,True,increase,positive,function_and_donor_gate,0.6905109500512481,1.1408703420311213,0.4503593919798732,ov_target_gain,10,20000,adamw,claim_eligible,20260815,0.13997948143095554,4.932944050030937,True
C16-d16-L2-H4-m4-ffnnone,True,0.026123982267454264,0.011323781870305541,0.95,True,increase,positive,function_and_donor_gate,0.01874111369252205,0.23995526172220707,0.22121414802968503,qk_cancellation_fraction,10,20000,adamw,claim_eligible,20260815,0.012662378856594525,1.4800626252595295,True
C16-d16-L2-H4-m4-ffnnone,True,-0.005328544697405371,-0.010424177002855917,0.95,True,descriptive,negative,function_and_donor_gate,-0.00776811444804375,2.231122569460453e-05,0.007790425673738355,qk_content_energy,10,20000,adamw,claim_eligible,20260815,0.00435421216283292,-1.7840459209478874,False
C16-d16-L2-H4-m4-ffnnone,False,0.0010775619003561584,-0.0022817421951526738,0.95,True,descriptive,negative,function_and_donor_gate,-0.0005011389879655326,-4.247055330779404e-05,0.00045866843465773853,qk_content_signed,10,20000,adamw,claim_eligible,20260815,0.0028681546479963514,-0.17472523258661124,False
C16-d16-L2-H4-m4-ffnnone,True,0.0378662109375,0.0185791015625,0.95,True,increase,positive,function_and_donor_gate,0.0287841796875,0.5328125,0.5040283203125,qk_opposition_rate,10,20000,adamw,claim_eligible,20260815,0.016561802143613732,1.7379859654101257,True
C16-d16-L2-H4-m4-ffnnone,False,0.000678318254340126,-0.0005471097994423246,0.95,True,descriptive,positive,function_and_donor_gate,5.489587694569309e-05,8.645882206792522e-06,-4.624999473890057e-05,qk_route_signed,10,20000,adamw,claim_eligible,20260815,0.0010520131326378782,0.05218174112336793,False
C16-d16-L2-H4-m4-ffnnone,True,-0.4101194257929456,-0.5576970992606949,0.95,True,increase,negative,function_and_donor_gate,-0.4824832318467088,-0.7172755369450897,-0.2347923050983809,qk_suppression_log_ratio,10,20000,adamw,claim_eligible,20260815,0.12505506980891753,-3.858166107011389,False
C16-d16-L2-H4-m4-ffnnone,False,0.0015909512705269402,-0.002685962271177686,0.95,True,descriptive,negative,function_and_donor_gate,-0.00044624306535752113,-3.3824671822912934e-05,0.0004124183935346082,qk_total_signed,10,20000,adamw,claim_eligible,20260815,0.003649883803287369,-0.12226226625505172,False
C16-d16-L2-H4-m4-ffnnone,True,-0.6949764409621367,-1.5839073150483045,0.95,True,decrease,negative,all_scheduled,-1.0721853420567033,0.001154090421247626,1.073339432477951,risk,12,20000,adamw,claim_eligible,20260815,0.8253068564178625,-1.2991353866977247,True
C16-d16-L2-H4-m4-ffnnone,True,1.075053117563948,0.9610369049555932,0.95,True,increase,positive,function_gate,1.0159991350956261,1.008327230811119,-0.007671904284507036,target_key_effect,12,20000,adamw,claim_eligible,20260815,0.10502310330654664,9.674053642559747,True
C16-d16-L2-H4-m4-ffnnone,True,1.066164445124256,0.9294049196352716,0.95,True,increase,positive,function_gate,0.9964798802975565,0.9987253944079081,0.002245514110351602,value_flip_effect,12,20000,adamw,claim_eligible,20260815,0.126295690783288,7.890054475472374,True
C16-d16-L2-H4-m4-ffnnone,True,-0.34454374566328183,-1.948980268658715,0.95,True,decrease,negative,function_gate,-1.0017021486084257,0.0003721613267468153,1.0020743099351723,walsh_bias_energy,12,20000,adamw,claim_eligible,20260815,1.498853656960569,-0.6683121757461729,True
C16-d16-L2-H4-m4-ffnnone,True,-0.044928802206874285,-0.14308123025141034,0.95,True,decrease,negative,function_gate,-0.08872291157520824,0.00046950502132858674,0.08919241659653683,walsh_distractor_direct_energy,12,20000,adamw,claim_eligible,20260815,0.09107933742445544,-0.9741277668911271,True
C16-d16-L2-H4-m4-ffnnone,True,-0.0030504510292379,-0.015905639431741746,0.95,True,decrease,negative,function_gate,-0.008293443754610053,0.0007324435211254846,0.009025887275735537,walsh_interaction_energy,12,20000,adamw,claim_eligible,20260815,0.012236182925361603,-0.6777803016838247,True
C16-d16-L2-H4-m4-ffnnone,True,1.0656723711756055,0.928492606501095,0.95,True,increase,positive,function_gate,0.9958845777437091,0.9985775301853815,0.002692952441672484,walsh_target_coefficient,12,20000,adamw,claim_eligible,20260815,0.1265905080219674,7.866976705480099,True
C16-d16-L2-H4-m4-ffnnone,True,-0.883166699677319,-1.1624472981775549,0.95,True,decrease,negative,function_gate,-1.0184635490732035,0.0003825803044795369,1.018846129377683,walsh_target_error_energy,12,20000,adamw,claim_eligible,20260815,0.25837088974402317,-3.9418664776137513,True
C16-d16-L2-H4-m4-ffnnone,True,-1.396021290467737,-3.078480375412558,0.95,True,decrease,negative,function_gate,-2.1171821068928693,0.001956690231357546,2.119138797124227,walsh_total_error_energy,12,20000,adamw,claim_eligible,20260815,1.5514953482958316,-1.364607447401238,True
C64-d16-L2-H1-m4-ffn32,True,-0.11295827561261834,-0.1457062025607835,0.95,True,decrease,negative,all_scheduled,-0.13184056912238398,0.061614154993246,0.19345472411563,attention_mean_distractor_mass,12,20000,adamw,all_scheduled,20260815,0.03058957903603062,-4.309983114415946,True
C64-d16-L2-H1-m4-ffn32,False,0.07718201652945329,-0.07488444746316718,0.95,True,descriptive,positive,all_scheduled,0.004573026672005653,0.2369509826724728,0.23237795600046715,attention_self_mass,12,20000,adamw,all_scheduled,20260815,0.14051028559222345,0.03254584995490713,False
C64-d16-L2-H1-m4-ffn32,True,0.42301630014553665,0.3541027523363785,0.95,True,increase,positive,all_scheduled,0.3909486708386491,0.5782065648430338,0.18725789400438467,attention_target_mass,12,20000,adamw,all_scheduled,20260815,0.06443353780673482,6.06747175688661,True
C64-d16-L2-H1-m4-ffn32,True,4.8698662042307355,3.9084028537540387,0.95,True,increase,positive,all_scheduled,4.319523165157686,4.1244132071733475,-0.1951099579843382,attention_target_over_distractor_log_margin,12,20000,adamw,all_scheduled,20260815,0.9064999826069077,4.765055982390232,True
C64-d16-L2-H1-m4-ffn32,True,0.52880859375,0.4715169270833333,0.95,True,increase,positive,all_scheduled,0.4978841145833333,1.0,0.5021158854166666,donor_accuracy,12,20000,adamw,all_scheduled,20260815,0.05424472191114276,9.17848035793985,True
C64-d16-L2-H1-m4-ffn32,True,-0.7746931847704982,-1.1524367326294584,0.95,True,decrease,negative,all_scheduled,-0.9612273078499433,6.876872597179802e-05,0.961296076575915,donor_risk,12,20000,adamw,all_scheduled,20260815,0.351029598912613,-2.7383084242113607,True
C64-d16-L2-H1-m4-ffn32,True,0.09693356019755203,0.04267833592991034,0.95,True,descriptive,positive,all_scheduled,0.07027029991149902,0.8359696368376414,0.7656993369261423,embedding_coherence,12,20000,adamw,all_scheduled,20260815,0.05030430537189666,1.3969042886487546,False
C64-d16-L2-H1-m4-ffn32,True,-3.624989414215088,-4.110254849990209,0.95,True,descriptive,negative,all_scheduled,-3.8755156993865967,8.81911826133728,12.694633960723877,embedding_effective_rank,12,20000,adamw,all_scheduled,20260815,0.45066440155809384,-8.599560306932775,False
C64-d16-L2-H1-m4-ffn32,False,0.009747316575593832,-0.0010986714519371308,0.95,True,descriptive,positive,all_scheduled,0.004313387865446809,4.675163275654389e-05,-0.0042666362326902645,ffn_branch_signed,12,20000,adamw,all_scheduled,20260815,0.010025109147145396,0.4302584442858686,False
C64-d16-L2-H1-m4-ffn32,True,0.1730176272181173,0.08186270759130518,0.95,True,increase,positive,all_scheduled,0.1274919956922531,0.41904942442973453,0.2915574287374814,ffn_cancellation_fraction,12,20000,adamw,all_scheduled,20260815,0.0844961815203489,1.508849197659301,True
C64-d16-L2-H1-m4-ffn32,True,0.2525227864583333,0.13264973958333334,0.95,True,increase,positive,all_scheduled,0.19490559895833334,0.7177734375,0.5228678385416666,ffn_opposition_rate,12,20000,adamw,all_scheduled,20260815,0.11048187066758249,1.7641410104718873,True
C64-d16-L2-H1-m4-ffn32,False,0.014409048950741021,-0.005267330026784595,0.95,True,descriptive,positive,all_scheduled,0.0045439562818501145,-0.00016719257594862333,-0.0047111488577987375,ffn_skip_signed,12,20000,adamw,all_scheduled,20260815,0.018204859348797228,0.24960128473337137,False
C64-d16-L2-H1-m4-ffn32,False,0.023385634642628852,-0.005972406426928955,0.95,True,descriptive,positive,all_scheduled,0.008857344241581208,-0.00012044093136864831,-0.008977785172949856,ffn_total_signed,12,20000,adamw,all_scheduled,20260815,0.027225032491391285,0.32533824319151694,False
C64-d16-L2-H1-m4-ffn32,True,0.5188802083333334,0.4676106770833333,0.95,True,increase,positive,all_scheduled,0.4918619791666667,1.0,0.5081380208333334,function_accuracy,12,20000,adamw,all_scheduled,20260815,0.048014047050761184,10.244126654157327,True
C64-d16-L2-H1-m4-ffn32,True,0.5489440825304579,0.4935099179124033,0.95,True,increase,positive,all_scheduled,0.5227892341790721,0.5165924082199732,-0.0061968259590988355,key_selectivity,12,20000,adamw,all_scheduled,20260815,0.051936642766348656,10.065903499596306,True
C64-d16-L2-H1-m4-ffn32,True,-0.1315855232947797,-0.23886244333164844,0.95,True,decrease,negative,all_scheduled,-0.18044990560156293,0.002817721930720533,0.18326762753228346,natural_swap_mae,12,20000,adamw,all_scheduled,20260815,0.09981793922762594,-1.8077903330589,True
C64-d16-L2-H1-m4-ffn32,True,-0.04333995138514604,-0.15518030391889964,0.95,True,decrease,negative,all_scheduled,-0.08977470868952271,3.1747778545347195e-05,0.08980645646806806,natural_swap_mse,12,20000,adamw,all_scheduled,20260815,0.10587566242074957,-0.8479258276822702,True
C64-d16-L2-H1-m4-ffn32,True,0.12866133196900287,0.017935782484710217,0.95,True,decrease,positive,all_scheduled,0.06672063718239467,1.051893763244152,0.9851731260617574,ov_distractor_gain,12,20000,adamw,all_scheduled,20260815,0.10403860177068816,0.6413065539793956,False
C64-d16-L2-H1-m4-ffn32,True,1.1075595683728654,0.8700802563340404,0.95,True,increase,positive,all_scheduled,0.9896751700434834,0.9998503041764101,0.010175134132926663,ov_log_target_over_distractor_gain,12,20000,adamw,all_scheduled,20260815,0.2186201785850078,4.526915934517271,True
C64-d16-L2-H1-m4-ffn32,True,2.1254151021440824,1.8168740240236123,0.95,True,increase,positive,all_scheduled,1.9781858151157696,2.9745220839977264,0.9963362688819567,ov_target_gain,12,20000,adamw,all_scheduled,20260815,0.2873227202260634,6.884891711867922,True
C64-d16-L2-H1-m4-ffn32,False,0.00910577080212533,-0.007781281368806957,0.95,True,increase,positive,all_scheduled,0.00034828856587409973,0.22577928192913532,0.22543099336326122,qk_cancellation_fraction,12,20000,adamw,all_scheduled,20260815,0.01564986694363422,0.02225504965176528,False
C64-d16-L2-H1-m4-ffn32,True,-0.019892190894218294,-0.07682725842257951,0.95,True,descriptive,negative,all_scheduled,-0.042829891093185544,1.136369852498357e-05,0.042841254791710526,qk_content_energy,12,20000,adamw,all_scheduled,20260815,0.05489404857842252,-0.7802283162262676,False
C64-d16-L2-H1-m4-ffn32,False,0.015610544106127121,-0.00021273052603305073,0.95,True,descriptive,positive,all_scheduled,0.007661912060674088,2.353676643451763e-05,-0.00763837529423957,qk_content_signed,12,20000,adamw,all_scheduled,20260815,0.014720244077243662,0.520501699596055,False
C64-d16-L2-H1-m4-ffn32,True,0.032877604166666664,0.010498046875,0.95,True,increase,positive,all_scheduled,0.021728515625,0.5293782552083334,0.5076497395833334,qk_opposition_rate,12,20000,adamw,all_scheduled,20260815,0.02097440409820853,1.0359538951981897,True
C64-d16-L2-H1-m4-ffn32,True,0.004315771845354744,0.00010347324018766834,0.95,True,descriptive,positive,all_scheduled,0.002025591293204343,-7.06883001839742e-05,-0.002096279593388317,qk_route_signed,12,20000,adamw,all_scheduled,20260815,0.0039355114768765695,0.5146958165681579,False
C64-d16-L2-H1-m4-ffn32,True,-0.47582278058010485,-0.6889053951910076,0.95,True,increase,negative,all_scheduled,-0.5815070617633561,-0.8512713193582991,-0.26976425759494305,qk_suppression_log_ratio,12,20000,adamw,all_scheduled,20260815,0.19672791468355827,-2.9558950121477405,False
C64-d16-L2-H1-m4-ffn32,True,0.01880507568678998,0.0008462272110061059,0.95,True,descriptive,positive,all_scheduled,0.009687503868008207,-4.715153742533099e-05,-0.009734655405433537,qk_total_signed,12,20000,adamw,all_scheduled,20260815,0.01671195657849529,0.5796750262308574,False
C64-d16-L2-H1-m4-ffn32,True,-0.7700638193956973,-1.1421286638447024,0.95,True,decrease,negative,all_scheduled,-0.9541256499878727,6.948187031715254e-05,0.9541951318581899,risk,12,20000,adamw,all_scheduled,20260815,0.34664188380675753,-2.7524823010706037,True
C64-d16-L2-H1-m4-ffn32,True,1.0384402112613313,0.9400319061862926,0.95,True,increase,positive,all_scheduled,0.9839917325298302,0.9845300217469534,0.0005382892171231409,target_key_effect,12,20000,adamw,all_scheduled,20260815,0.09336977032638974,10.538654310598833,True
C64-d16-L2-H1-m4-ffn32,True,1.0442164672732663,0.9382927119149828,0.95,True,increase,positive,all_scheduled,0.9878445046100145,1.0000706017017365,0.012226097091721991,value_flip_effect,12,20000,adamw,all_scheduled,20260815,0.09832093632131723,10.04714297453082,True
C64-d16-L2-H1-m4-ffn32,True,-0.5273868790762587,-1.165929526394954,0.95,True,decrease,negative,all_scheduled,-0.8444401601836944,5.9014321777794976e-05,0.8444991745054722,walsh_bias_energy,12,20000,adamw,all_scheduled,20260815,0.5917996402848705,-1.426902118049974,True
C64-d16-L2-H1-m4-ffn32,True,-0.035481241321886625,-0.10630338646029618,0.95,True,decrease,negative,all_scheduled,-0.06756131688844864,1.8452136487212556e-05,0.06757976902493586,walsh_distractor_direct_energy,12,20000,adamw,all_scheduled,20260815,0.06641456141524187,-1.0172666272090085,True
C64-d16-L2-H1-m4-ffn32,True,-0.0054150402041557326,-0.019329124817581558,0.95,True,decrease,negative,all_scheduled,-0.011735038273703443,2.097318095669228e-05,0.011756011454660134,walsh_interaction_energy,12,20000,adamw,all_scheduled,20260815,0.012997370160674926,-0.9028778998084692,True
C64-d16-L2-H1-m4-ffn32,True,1.0409867482832245,0.9373703134003639,0.95,True,increase,positive,all_scheduled,0.9860915812120462,1.000209738810857,0.01411815759881089,walsh_target_coefficient,12,20000,adamw,all_scheduled,20260815,0.09608383608051797,10.262824856260988,True
C64-d16-L2-H1-m4-ffn32,True,-0.8912752753168548,-1.1127953588114337,0.95,True,decrease,negative,all_scheduled,-0.9931350124529672,4.671289010123777e-05,0.9931817253430685,walsh_target_error_energy,12,20000,adamw,all_scheduled,20260815,0.20633172924955367,-4.813292730425345,True
C64-d16-L2-H1-m4-ffn32,True,-1.552170835981983,-2.285284860296921,0.95,True,decrease,negative,all_scheduled,-1.9168715771817613,0.00014515253072507525,1.9170167297124863,walsh_total_error_energy,12,20000,adamw,all_scheduled,20260815,0.6812556756825013,-2.8137330015803315,True
C64-d16-L2-H1-m4-ffn32,True,-0.11295827561261834,-0.1457062025607835,0.95,True,decrease,negative,function_gate,-0.13184056912238398,0.061614154993246,0.19345472411563,attention_mean_distractor_mass,12,20000,adamw,claim_eligible,20260815,0.03058957903603062,-4.309983114415946,True
C64-d16-L2-H1-m4-ffn32,False,0.07718201652945329,-0.07488444746316718,0.95,True,descriptive,positive,function_gate,0.004573026672005653,0.2369509826724728,0.23237795600046715,attention_self_mass,12,20000,adamw,claim_eligible,20260815,0.14051028559222345,0.03254584995490713,False
C64-d16-L2-H1-m4-ffn32,True,0.42301630014553665,0.3541027523363785,0.95,True,increase,positive,function_gate,0.3909486708386491,0.5782065648430338,0.18725789400438467,attention_target_mass,12,20000,adamw,claim_eligible,20260815,0.06443353780673482,6.06747175688661,True
C64-d16-L2-H1-m4-ffn32,True,4.8698662042307355,3.9084028537540387,0.95,True,increase,positive,function_gate,4.319523165157686,4.1244132071733475,-0.1951099579843382,attention_target_over_distractor_log_margin,12,20000,adamw,claim_eligible,20260815,0.9064999826069077,4.765055982390232,True
C64-d16-L2-H1-m4-ffn32,True,0.52880859375,0.4715169270833333,0.95,True,increase,positive,all_scheduled,0.4978841145833333,1.0,0.5021158854166666,donor_accuracy,12,20000,adamw,claim_eligible,20260815,0.05424472191114276,9.17848035793985,True
C64-d16-L2-H1-m4-ffn32,True,-0.7746931847704982,-1.1524367326294584,0.95,True,decrease,negative,all_scheduled,-0.9612273078499433,6.876872597179802e-05,0.961296076575915,donor_risk,12,20000,adamw,claim_eligible,20260815,0.351029598912613,-2.7383084242113607,True
C64-d16-L2-H1-m4-ffn32,True,0.09693356019755203,0.04267833592991034,0.95,True,descriptive,positive,function_gate,0.07027029991149902,0.8359696368376414,0.7656993369261423,embedding_coherence,12,20000,adamw,claim_eligible,20260815,0.05030430537189666,1.3969042886487546,False
C64-d16-L2-H1-m4-ffn32,True,-3.624989414215088,-4.110254849990209,0.95,True,descriptive,negative,function_gate,-3.8755156993865967,8.81911826133728,12.694633960723877,embedding_effective_rank,12,20000,adamw,claim_eligible,20260815,0.45066440155809384,-8.599560306932775,False
C64-d16-L2-H1-m4-ffn32,False,0.009747316575593832,-0.0010986714519371308,0.95,True,descriptive,positive,function_and_donor_gate,0.004313387865446809,4.675163275654389e-05,-0.0042666362326902645,ffn_branch_signed,12,20000,adamw,claim_eligible,20260815,0.010025109147145396,0.4302584442858686,False
C64-d16-L2-H1-m4-ffn32,True,0.1730176272181173,0.08186270759130518,0.95,True,increase,positive,function_and_donor_gate,0.1274919956922531,0.41904942442973453,0.2915574287374814,ffn_cancellation_fraction,12,20000,adamw,claim_eligible,20260815,0.0844961815203489,1.508849197659301,True
C64-d16-L2-H1-m4-ffn32,True,0.2525227864583333,0.13264973958333334,0.95,True,increase,positive,function_and_donor_gate,0.19490559895833334,0.7177734375,0.5228678385416666,ffn_opposition_rate,12,20000,adamw,claim_eligible,20260815,0.11048187066758249,1.7641410104718873,True
C64-d16-L2-H1-m4-ffn32,False,0.014409048950741021,-0.005267330026784595,0.95,True,descriptive,positive,function_and_donor_gate,0.0045439562818501145,-0.00016719257594862333,-0.0047111488577987375,ffn_skip_signed,12,20000,adamw,claim_eligible,20260815,0.018204859348797228,0.24960128473337137,False
C64-d16-L2-H1-m4-ffn32,False,0.023385634642628852,-0.005972406426928955,0.95,True,descriptive,positive,function_and_donor_gate,0.008857344241581208,-0.00012044093136864831,-0.008977785172949856,ffn_total_signed,12,20000,adamw,claim_eligible,20260815,0.027225032491391285,0.32533824319151694,False
C64-d16-L2-H1-m4-ffn32,True,0.5188802083333334,0.4676106770833333,0.95,True,increase,positive,all_scheduled,0.4918619791666667,1.0,0.5081380208333334,function_accuracy,12,20000,adamw,claim_eligible,20260815,0.048014047050761184,10.244126654157327,True
C64-d16-L2-H1-m4-ffn32,True,0.5489440825304579,0.4935099179124033,0.95,True,increase,positive,function_gate,0.5227892341790721,0.5165924082199732,-0.0061968259590988355,key_selectivity,12,20000,adamw,claim_eligible,20260815,0.051936642766348656,10.065903499596306,True
C64-d16-L2-H1-m4-ffn32,True,-0.1315855232947797,-0.23886244333164844,0.95,True,decrease,negative,all_scheduled,-0.18044990560156293,0.002817721930720533,0.18326762753228346,natural_swap_mae,12,20000,adamw,claim_eligible,20260815,0.09981793922762594,-1.8077903330589,True
C64-d16-L2-H1-m4-ffn32,True,-0.04333995138514604,-0.15518030391889964,0.95,True,decrease,negative,all_scheduled,-0.08977470868952271,3.1747778545347195e-05,0.08980645646806806,natural_swap_mse,12,20000,adamw,claim_eligible,20260815,0.10587566242074957,-0.8479258276822702,True
C64-d16-L2-H1-m4-ffn32,True,0.12866133196900287,0.017935782484710217,0.95,True,decrease,positive,function_and_donor_gate,0.06672063718239467,1.051893763244152,0.9851731260617574,ov_distractor_gain,12,20000,adamw,claim_eligible,20260815,0.10403860177068816,0.6413065539793956,False
C64-d16-L2-H1-m4-ffn32,True,1.1075595683728654,0.8700802563340404,0.95,True,increase,positive,function_and_donor_gate,0.9896751700434834,0.9998503041764101,0.010175134132926663,ov_log_target_over_distractor_gain,12,20000,adamw,claim_eligible,20260815,0.2186201785850078,4.526915934517271,True
C64-d16-L2-H1-m4-ffn32,True,2.1254151021440824,1.8168740240236123,0.95,True,increase,positive,function_and_donor_gate,1.9781858151157696,2.9745220839977264,0.9963362688819567,ov_target_gain,12,20000,adamw,claim_eligible,20260815,0.2873227202260634,6.884891711867922,True
C64-d16-L2-H1-m4-ffn32,False,0.00910577080212533,-0.007781281368806957,0.95,True,increase,positive,function_and_donor_gate,0.00034828856587409973,0.22577928192913532,0.22543099336326122,qk_cancellation_fraction,12,20000,adamw,claim_eligible,20260815,0.01564986694363422,0.02225504965176528,False
C64-d16-L2-H1-m4-ffn32,True,-0.019892190894218294,-0.07682725842257951,0.95,True,descriptive,negative,function_and_donor_gate,-0.042829891093185544,1.136369852498357e-05,0.042841254791710526,qk_content_energy,12,20000,adamw,claim_eligible,20260815,0.05489404857842252,-0.7802283162262676,False
C64-d16-L2-H1-m4-ffn32,False,0.015610544106127121,-0.00021273052603305073,0.95,True,descriptive,positive,function_and_donor_gate,0.007661912060674088,2.353676643451763e-05,-0.00763837529423957,qk_content_signed,12,20000,adamw,claim_eligible,20260815,0.014720244077243662,0.520501699596055,False
C64-d16-L2-H1-m4-ffn32,True,0.032877604166666664,0.010498046875,0.95,True,increase,positive,function_and_donor_gate,0.021728515625,0.5293782552083334,0.5076497395833334,qk_opposition_rate,12,20000,adamw,claim_eligible,20260815,0.02097440409820853,1.0359538951981897,True
C64-d16-L2-H1-m4-ffn32,True,0.004315771845354744,0.00010347324018766834,0.95,True,descriptive,positive,function_and_donor_gate,0.002025591293204343,-7.06883001839742e-05,-0.002096279593388317,qk_route_signed,12,20000,adamw,claim_eligible,20260815,0.0039355114768765695,0.5146958165681579,False
C64-d16-L2-H1-m4-ffn32,True,-0.47582278058010485,-0.6889053951910076,0.95,True,increase,negative,function_and_donor_gate,-0.5815070617633561,-0.8512713193582991,-0.26976425759494305,qk_suppression_log_ratio,12,20000,adamw,claim_eligible,20260815,0.19672791468355827,-2.9558950121477405,False
C64-d16-L2-H1-m4-ffn32,True,0.01880507568678998,0.0008462272110061059,0.95,True,descriptive,positive,function_and_donor_gate,0.009687503868008207,-4.715153742533099e-05,-0.009734655405433537,qk_total_signed,12,20000,adamw,claim_eligible,20260815,0.01671195657849529,0.5796750262308574,False
C64-d16-L2-H1-m4-ffn32,True,-0.7700638193956973,-1.1421286638447024,0.95,True,decrease,negative,all_scheduled,-0.9541256499878727,6.948187031715254e-05,0.9541951318581899,risk,12,20000,adamw,claim_eligible,20260815,0.34664188380675753,-2.7524823010706037,True
C64-d16-L2-H1-m4-ffn32,True,1.0384402112613313,0.9400319061862926,0.95,True,increase,positive,function_gate,0.9839917325298302,0.9845300217469534,0.0005382892171231409,target_key_effect,12,20000,adamw,claim_eligible,20260815,0.09336977032638974,10.538654310598833,True
C64-d16-L2-H1-m4-ffn32,True,1.0442164672732663,0.9382927119149828,0.95,True,increase,positive,function_gate,0.9878445046100145,1.0000706017017365,0.012226097091721991,value_flip_effect,12,20000,adamw,claim_eligible,20260815,0.09832093632131723,10.04714297453082,True
C64-d16-L2-H1-m4-ffn32,True,-0.5273868790762587,-1.165929526394954,0.95,True,decrease,negative,function_gate,-0.8444401601836944,5.9014321777794976e-05,0.8444991745054722,walsh_bias_energy,12,20000,adamw,claim_eligible,20260815,0.5917996402848705,-1.426902118049974,True
C64-d16-L2-H1-m4-ffn32,True,-0.035481241321886625,-0.10630338646029618,0.95,True,decrease,negative,function_gate,-0.06756131688844864,1.8452136487212556e-05,0.06757976902493586,walsh_distractor_direct_energy,12,20000,adamw,claim_eligible,20260815,0.06641456141524187,-1.0172666272090085,True
C64-d16-L2-H1-m4-ffn32,True,-0.0054150402041557326,-0.019329124817581558,0.95,True,decrease,negative,function_gate,-0.011735038273703443,2.097318095669228e-05,0.011756011454660134,walsh_interaction_energy,12,20000,adamw,claim_eligible,20260815,0.012997370160674926,-0.9028778998084692,True
C64-d16-L2-H1-m4-ffn32,True,1.0409867482832245,0.9373703134003639,0.95,True,increase,positive,function_gate,0.9860915812120462,1.000209738810857,0.01411815759881089,walsh_target_coefficient,12,20000,adamw,claim_eligible,20260815,0.09608383608051797,10.262824856260988,True
C64-d16-L2-H1-m4-ffn32,True,-0.8912752753168548,-1.1127953588114337,0.95,True,decrease,negative,function_gate,-0.9931350124529672,4.671289010123777e-05,0.9931817253430685,walsh_target_error_energy,12,20000,adamw,claim_eligible,20260815,0.20633172924955367,-4.813292730425345,True
C64-d16-L2-H1-m4-ffn32,True,-1.552170835981983,-2.285284860296921,0.95,True,decrease,negative,function_gate,-1.9168715771817613,0.00014515253072507525,1.9170167297124863,walsh_total_error_energy,12,20000,adamw,claim_eligible,20260815,0.6812556756825013,-2.8137330015803315,True
C64-d16-L2-H1-m4-ffnnone,True,-0.13941839890224708,-0.16261164203363782,0.95,True,decrease,negative,all_scheduled,-0.15126697274778658,0.043730214956061296,0.19499718770384789,attention_mean_distractor_mass,12,20000,adamw,all_scheduled,20260815,0.021479212420288565,-7.042482274857747,True
C64-d16-L2-H1-m4-ffnnone,False,0.07351345208783942,-0.028724543730883543,0.95,True,descriptive,positive,all_scheduled,0.024852339643985033,0.25334141884619993,0.22848907920221487,attention_self_mass,12,20000,adamw,all_scheduled,20260815,0.09486556623903585,0.2619742929838608,False
C64-d16-L2-H1-m4-ffnnone,True,0.47144639158310964,0.39044122059519093,0.95,True,increase,positive,all_scheduled,0.42894857563078403,0.6154679413884878,0.18651936575770378,attention_target_mass,12,20000,adamw,all_scheduled,20260815,0.07528989257330262,5.697292969480033,True
C64-d16-L2-H1-m4-ffnnone,True,5.054986866167747,4.545647479622858,0.95,True,increase,positive,all_scheduled,4.7704713991067065,4.578713769714038,-0.1917576293926686,attention_target_over_distractor_log_margin,12,20000,adamw,all_scheduled,20260815,0.4793577402326572,9.951797997026915,True
C64-d16-L2-H1-m4-ffnnone,True,0.5126953125,0.42431640625,0.95,True,increase,positive,all_scheduled,0.4679361979166667,1.0,0.5320638020833334,donor_accuracy,12,20000,adamw,all_scheduled,20260815,0.08217679497836403,5.694261963366515,True
C64-d16-L2-H1-m4-ffnnone,True,-0.684335055747526,-1.327918167686198,0.95,True,decrease,negative,all_scheduled,-0.9777323051551624,0.00019646493001346244,0.9779287700851759,donor_risk,12,20000,adamw,all_scheduled,20260815,0.5999282250540654,-1.6297488004786729,True
C64-d16-L2-H1-m4-ffnnone,True,0.1411975028614203,0.07277937084436417,0.95,True,descriptive,positive,all_scheduled,0.10639358063538869,0.8584847003221512,0.7520911196867625,embedding_coherence,12,20000,adamw,all_scheduled,20260815,0.06299967852068199,1.6887956118769882,False
C64-d16-L2-H1-m4-ffnnone,True,-3.698047737280528,-4.67226421435674,0.95,True,descriptive,negative,all_scheduled,-4.198442141215007,8.538112878799438,12.736555020014444,embedding_effective_rank,12,20000,adamw,all_scheduled,20260815,0.9006501660989424,-4.661568164029828,False
C64-d16-L2-H1-m4-ffnnone,True,0.51806640625,0.4259440104166667,0.95,True,increase,positive,all_scheduled,0.47216796875,0.9996744791666666,0.5275065104166666,function_accuracy,12,20000,adamw,all_scheduled,20260815,0.08574004384874674,5.506971393471029,True
C64-d16-L2-H1-m4-ffnnone,True,0.6258091573273608,0.5398142276225069,0.95,True,increase,positive,all_scheduled,0.5802155540247137,0.571737731496493,-0.008477822528220713,key_selectivity,12,20000,adamw,all_scheduled,20260815,0.08002307602787956,7.250602986350713,True
C64-d16-L2-H1-m4-ffnnone,True,-0.12936022153492863,-0.23330087603098942,0.95,True,decrease,negative,all_scheduled,-0.17568666881804043,0.003954700912193705,0.17964136973023415,natural_swap_mae,12,20000,adamw,all_scheduled,20260815,0.0968746722931188,-1.8135459419821933,True
C64-d16-L2-H1-m4-ffnnone,True,-0.0362885277126111,-0.1420070987165862,0.95,True,decrease,negative,all_scheduled,-0.081385378381583,0.0008574840174636241,0.08224286239904662,natural_swap_mse,12,20000,adamw,all_scheduled,20260815,0.09810352674412978,-0.8295866732074731,True
C64-d16-L2-H1-m4-ffnnone,True,0.12996259244779737,0.0265838730459412,0.95,True,decrease,positive,all_scheduled,0.07323216646909714,1.0517321427663167,0.9784999762972196,ov_distractor_gain,12,20000,adamw,all_scheduled,20260815,0.09572591661095035,0.7650192242789129,False
C64-d16-L2-H1-m4-ffnnone,True,1.2992810159223154,1.0028583345895945,0.95,True,increase,positive,all_scheduled,1.1632327932553987,1.1663332362659276,0.0031004430105288825,ov_log_target_over_distractor_gain,12,20000,adamw,all_scheduled,20260815,0.27435837432375554,4.239829734093447,True
C64-d16-L2-H1-m4-ffnnone,True,2.9459309019769218,2.422493739115695,0.95,True,increase,positive,all_scheduled,2.6901521434386573,3.6717337667942047,0.9815816233555476,ov_target_gain,12,20000,adamw,all_scheduled,20260815,0.48799842896599593,5.5126245982773625,True
C64-d16-L2-H1-m4-ffnnone,True,0.04916383810341353,0.012318411360805234,0.95,True,increase,positive,all_scheduled,0.031924097488323845,0.25611980445683,0.2241957069685062,qk_cancellation_fraction,12,20000,adamw,all_scheduled,20260815,0.033895505053942024,0.9418386726357717,True
C64-d16-L2-H1-m4-ffnnone,True,-0.014727214474613696,-0.05553782733418921,0.95,True,descriptive,negative,all_scheduled,-0.03292796309018916,2.3143440580260705e-05,0.032951106530769415,qk_content_energy,12,20000,adamw,all_scheduled,20260815,0.036871730492950845,-0.8930408920320229,False
C64-d16-L2-H1-m4-ffnnone,False,0.008271426700319268,-0.00780805281409395,0.95,True,descriptive,positive,all_scheduled,0.0005848240968286215,-2.0272856393906597e-05,-0.0006050969532225281,qk_content_signed,12,20000,adamw,all_scheduled,20260815,0.01470989006996287,0.03975720376203312,False
C64-d16-L2-H1-m4-ffnnone,True,0.06005859375,0.014158121744791701,0.95,True,increase,positive,all_scheduled,0.036702473958333336,0.5336100260416666,0.4969075520833333,qk_opposition_rate,12,20000,adamw,all_scheduled,20260815,0.04281403401914509,0.8572533469264108,True
C64-d16-L2-H1-m4-ffnnone,True,-0.0006882107399860639,-0.006227988333481939,0.95,True,descriptive,negative,all_scheduled,-0.0032626377630246375,-0.00044032289497408783,0.0028223148680505497,qk_route_signed,12,20000,adamw,all_scheduled,20260815,0.0051259253802695606,-0.6364973192124508,False
C64-d16-L2-H1-m4-ffnnone,True,-0.41998216322002313,-0.7734117748681456,0.95,True,increase,negative,all_scheduled,-0.5815489450469613,-0.9380358979105949,-0.35648695286363363,qk_suppression_log_ratio,12,20000,adamw,all_scheduled,20260815,0.32633042174801874,-1.7820862116741714,False
C64-d16-L2-H1-m4-ffnnone,False,0.006997783989784979,-0.013570656359164936,0.95,True,descriptive,negative,all_scheduled,-0.002677813838848427,-0.00046059574333412456,0.0022172180955143026,qk_total_signed,12,20000,adamw,all_scheduled,20260815,0.018869341474174343,-0.14191347602211957,False
C64-d16-L2-H1-m4-ffnnone,True,-0.6853037832396393,-1.3284640291945833,0.95,True,decrease,negative,all_scheduled,-0.9788701534762367,0.000656177551112099,0.9795263310273489,risk,12,20000,adamw,all_scheduled,20260815,0.599921503943851,-1.6316637210721705,True
C64-d16-L2-H1-m4-ffnnone,True,1.026170820176291,0.9144884597354879,0.95,True,increase,positive,all_scheduled,0.967360496831437,1.0029705613851547,0.03561006455371777,target_key_effect,12,20000,adamw,all_scheduled,20260815,0.10318484268892922,9.375025164768951,True
C64-d16-L2-H1-m4-ffnnone,True,1.0400964030995965,0.8744719435150425,0.95,True,increase,positive,all_scheduled,0.9588403329253197,0.999286875128746,0.04044654220342636,value_flip_effect,12,20000,adamw,all_scheduled,20260815,0.15297314356933808,6.26803052191123,True
C64-d16-L2-H1-m4-ffnnone,True,-0.3655682245147208,-1.5447392795740595,0.95,True,decrease,negative,all_scheduled,-0.8984436085318824,0.00018679445035256018,0.898630402982235,walsh_bias_energy,12,20000,adamw,all_scheduled,20260815,1.1049041036946938,-0.8131417066219346,True
C64-d16-L2-H1-m4-ffnnone,True,-0.056948603596183985,-0.23593343621710874,0.95,True,decrease,negative,all_scheduled,-0.13343013990962996,0.00013132264234627655,0.13356146255197623,walsh_distractor_direct_energy,12,20000,adamw,all_scheduled,20260815,0.16905213306300054,-0.7892839770315387,True
C64-d16-L2-H1-m4-ffnnone,True,-0.00479347218532856,-0.012526889950028892,0.95,True,decrease,negative,all_scheduled,-0.008382101101384857,0.00010997333977987485,0.008492074441164732,walsh_interaction_energy,12,20000,adamw,all_scheduled,20260815,0.007159654645121278,-1.1707409807952924,True
C64-d16-L2-H1-m4-ffnnone,True,1.0399725754279643,0.875270701207531,0.95,True,increase,positive,all_scheduled,0.9593433106007675,0.9995800703763962,0.04023675977562865,walsh_target_coefficient,12,20000,adamw,all_scheduled,20260815,0.1523764138381867,6.295877993424391,True
C64-d16-L2-H1-m4-ffnnone,True,-0.8072953969033886,-1.1139812713219421,0.95,True,decrease,negative,all_scheduled,-0.9573417362404749,0.00022553832999013443,0.9575672745704651,walsh_target_error_energy,12,20000,adamw,all_scheduled,20260815,0.283728592112096,-3.374146148310096,True
C64-d16-L2-H1-m4-ffnnone,True,-1.3976463847902942,-2.723958804675309,0.95,True,decrease,negative,all_scheduled,-1.9975975113150828,0.0006536288025624041,1.9982511401176453,walsh_total_error_energy,12,20000,adamw,all_scheduled,20260815,1.2413322898599457,-1.609236727049502,True
C64-d16-L2-H1-m4-ffnnone,True,-0.13941839890224708,-0.16261164203363782,0.95,True,decrease,negative,function_gate,-0.15126697274778658,0.043730214956061296,0.19499718770384789,attention_mean_distractor_mass,12,20000,adamw,claim_eligible,20260815,0.021479212420288565,-7.042482274857747,True
C64-d16-L2-H1-m4-ffnnone,False,0.07351345208783942,-0.028724543730883543,0.95,True,descriptive,positive,function_gate,0.024852339643985033,0.25334141884619993,0.22848907920221487,attention_self_mass,12,20000,adamw,claim_eligible,20260815,0.09486556623903585,0.2619742929838608,False
C64-d16-L2-H1-m4-ffnnone,True,0.47144639158310964,0.39044122059519093,0.95,True,increase,positive,function_gate,0.42894857563078403,0.6154679413884878,0.18651936575770378,attention_target_mass,12,20000,adamw,claim_eligible,20260815,0.07528989257330262,5.697292969480033,True
C64-d16-L2-H1-m4-ffnnone,True,5.054986866167747,4.545647479622858,0.95,True,increase,positive,function_gate,4.7704713991067065,4.578713769714038,-0.1917576293926686,attention_target_over_distractor_log_margin,12,20000,adamw,claim_eligible,20260815,0.4793577402326572,9.951797997026915,True
C64-d16-L2-H1-m4-ffnnone,True,0.5126953125,0.42431640625,0.95,True,increase,positive,all_scheduled,0.4679361979166667,1.0,0.5320638020833334,donor_accuracy,12,20000,adamw,claim_eligible,20260815,0.08217679497836403,5.694261963366515,True
C64-d16-L2-H1-m4-ffnnone,True,-0.684335055747526,-1.327918167686198,0.95,True,decrease,negative,all_scheduled,-0.9777323051551624,0.00019646493001346244,0.9779287700851759,donor_risk,12,20000,adamw,claim_eligible,20260815,0.5999282250540654,-1.6297488004786729,True
C64-d16-L2-H1-m4-ffnnone,True,0.1411975028614203,0.07277937084436417,0.95,True,descriptive,positive,function_gate,0.10639358063538869,0.8584847003221512,0.7520911196867625,embedding_coherence,12,20000,adamw,claim_eligible,20260815,0.06299967852068199,1.6887956118769882,False
C64-d16-L2-H1-m4-ffnnone,True,-3.698047737280528,-4.67226421435674,0.95,True,descriptive,negative,function_gate,-4.198442141215007,8.538112878799438,12.736555020014444,embedding_effective_rank,12,20000,adamw,claim_eligible,20260815,0.9006501660989424,-4.661568164029828,False
C64-d16-L2-H1-m4-ffnnone,True,0.51806640625,0.4259440104166667,0.95,True,increase,positive,all_scheduled,0.47216796875,0.9996744791666666,0.5275065104166666,function_accuracy,12,20000,adamw,claim_eligible,20260815,0.08574004384874674,5.506971393471029,True
C64-d16-L2-H1-m4-ffnnone,True,0.6258091573273608,0.5398142276225069,0.95,True,increase,positive,function_gate,0.5802155540247137,0.571737731496493,-0.008477822528220713,key_selectivity,12,20000,adamw,claim_eligible,20260815,0.08002307602787956,7.250602986350713,True
C64-d16-L2-H1-m4-ffnnone,True,-0.12936022153492863,-0.23330087603098942,0.95,True,decrease,negative,all_scheduled,-0.17568666881804043,0.003954700912193705,0.17964136973023415,natural_swap_mae,12,20000,adamw,claim_eligible,20260815,0.0968746722931188,-1.8135459419821933,True
C64-d16-L2-H1-m4-ffnnone,True,-0.0362885277126111,-0.1420070987165862,0.95,True,decrease,negative,all_scheduled,-0.081385378381583,0.0008574840174636241,0.08224286239904662,natural_swap_mse,12,20000,adamw,claim_eligible,20260815,0.09810352674412978,-0.8295866732074731,True
C64-d16-L2-H1-m4-ffnnone,True,0.0841133713722229,0.01092182993888855,0.95,True,decrease,positive,function_and_donor_gate,0.04682114124298096,1.0157350718975067,0.9689139306545258,ov_distractor_gain,10,20000,adamw,claim_eligible,20260815,0.06284385738859916,0.7450392637972448,False
C64-d16-L2-H1-m4-ffnnone,True,1.3313546274974941,1.0963154291734098,0.95,True,increase,positive,function_and_donor_gate,1.214653072319925,1.2013450553640723,-0.013308016955852509,ov_log_target_over_distractor_gain,10,20000,adamw,claim_eligible,20260815,0.200942679740341,6.044773931996453,True
C64-d16-L2-H1-m4-ffnnone,True,2.890411368831992,2.312975012138486,0.95,True,increase,positive,function_and_donor_gate,2.602070054411888,3.559397828578949,0.9573277741670608,ov_target_gain,10,20000,adamw,claim_eligible,20260815,0.48896298078037265,5.321609521970456,True
C64-d16-L2-H1-m4-ffnnone,True,0.048751363176852455,0.010777297168970112,0.95,True,increase,positive,function_and_donor_gate,0.03137802332639694,0.25658317729830743,0.2252051539719105,qk_cancellation_fraction,10,20000,adamw,claim_eligible,20260815,0.03264818047286225,0.9610956222347189,True
C64-d16-L2-H1-m4-ffnnone,True,-0.01195215438780903,-0.032144674272844044,0.95,True,descriptive,negative,function_and_donor_gate,-0.01965944437992704,1.6992732575715763e-05,0.019676437112502755,qk_content_energy,10,20000,adamw,claim_eligible,20260815,0.018752917375113042,-1.0483405854502963,False
C64-d16-L2-H1-m4-ffnnone,False,0.010984806528520035,-0.0021066171978463893,0.95,True,descriptive,positive,function_and_donor_gate,0.004367637610994279,4.618734819814563e-05,-0.004321450262796134,qk_content_signed,10,20000,adamw,claim_eligible,20260815,0.011217505799786009,0.3893590686690439,False
C64-d16-L2-H1-m4-ffnnone,True,0.05556640625,0.01201171875,0.95,True,increase,positive,function_and_donor_gate,0.0337890625,0.53193359375,0.49814453125,qk_opposition_rate,10,20000,adamw,claim_eligible,20260815,0.03717841257284436,0.9088355355085819,True
C64-d16-L2-H1-m4-ffnnone,False,0.00035445992534732644,-0.002883724798748517,0.95,True,descriptive,negative,function_and_donor_gate,-0.0013795276758173714,-8.209771076508332e-05,0.001297429965052288,qk_route_signed,10,20000,adamw,claim_eligible,20260815,0.002771232519358354,-0.49780293287579663,False
C64-d16-L2-H1-m4-ffnnone,True,-0.3733508712239566,-0.7860006537288428,0.95,True,increase,negative,function_and_donor_gate,-0.5561113070696593,-0.899166913330555,-0.3430556062608957,qk_suppression_log_ratio,10,20000,adamw,claim_eligible,20260815,0.3526223748821732,-1.5770732281395383,False
C64-d16-L2-H1-m4-ffnnone,False,0.01074998475654864,-0.00425980006125428,0.95,True,descriptive,positive,function_and_donor_gate,0.0029881097178076745,-3.591036311263451e-05,-0.0030240200809203087,qk_total_signed,10,20000,adamw,claim_eligible,20260815,0.012861288728751114,0.23233361608062061,False
C64-d16-L2-H1-m4-ffnnone,True,-0.6853037832396393,-1.3284640291945833,0.95,True,decrease,negative,all_scheduled,-0.9788701534762367,0.000656177551112099,0.9795263310273489,risk,12,20000,adamw,claim_eligible,20260815,0.599921503943851,-1.6316637210721705,True
C64-d16-L2-H1-m4-ffnnone,True,1.026170820176291,0.9144884597354879,0.95,True,increase,positive,function_gate,0.967360496831437,1.0029705613851547,0.03561006455371777,target_key_effect,12,20000,adamw,claim_eligible,20260815,0.10318484268892922,9.375025164768951,True
C64-d16-L2-H1-m4-ffnnone,True,1.0400964030995965,0.8744719435150425,0.95,True,increase,positive,function_gate,0.9588403329253197,0.999286875128746,0.04044654220342636,value_flip_effect,12,20000,adamw,claim_eligible,20260815,0.15297314356933808,6.26803052191123,True
C64-d16-L2-H1-m4-ffnnone,True,-0.3655682245147208,-1.5447392795740595,0.95,True,decrease,negative,function_gate,-0.8984436085318824,0.00018679445035256018,0.898630402982235,walsh_bias_energy,12,20000,adamw,claim_eligible,20260815,1.1049041036946938,-0.8131417066219346,True
C64-d16-L2-H1-m4-ffnnone,True,-0.056948603596183985,-0.23593343621710874,0.95,True,decrease,negative,function_gate,-0.13343013990962996,0.00013132264234627655,0.13356146255197623,walsh_distractor_direct_energy,12,20000,adamw,claim_eligible,20260815,0.16905213306300054,-0.7892839770315387,True
C64-d16-L2-H1-m4-ffnnone,True,-0.00479347218532856,-0.012526889950028892,0.95,True,decrease,negative,function_gate,-0.008382101101384857,0.00010997333977987485,0.008492074441164732,walsh_interaction_energy,12,20000,adamw,claim_eligible,20260815,0.007159654645121278,-1.1707409807952924,True
C64-d16-L2-H1-m4-ffnnone,True,1.0399725754279643,0.875270701207531,0.95,True,increase,positive,function_gate,0.9593433106007675,0.9995800703763962,0.04023675977562865,walsh_target_coefficient,12,20000,adamw,claim_eligible,20260815,0.1523764138381867,6.295877993424391,True
C64-d16-L2-H1-m4-ffnnone,True,-0.8072953969033886,-1.1139812713219421,0.95,True,decrease,negative,function_gate,-0.9573417362404749,0.00022553832999013443,0.9575672745704651,walsh_target_error_energy,12,20000,adamw,claim_eligible,20260815,0.283728592112096,-3.374146148310096,True
C64-d16-L2-H1-m4-ffnnone,True,-1.3976463847902942,-2.723958804675309,0.95,True,decrease,negative,function_gate,-1.9975975113150828,0.0006536288025624041,1.9982511401176453,walsh_total_error_energy,12,20000,adamw,claim_eligible,20260815,1.2413322898599457,-1.609236727049502,True
C64-d16-L2-H4-m4-ffn32,True,-0.06547773821269706,-0.09183085916896137,0.95,True,decrease,negative,all_scheduled,-0.07988799654898078,0.11823967599290579,0.19812767254188657,attention_mean_distractor_mass,12,20000,adamw,all_scheduled,20260815,0.024410178104798324,-3.2727330462729047,True
C64-d16-L2-H4-m4-ffn32,False,0.0647366245044395,-0.00804652956236774,0.95,True,descriptive,positive,all_scheduled,0.0318683166988194,0.24531054613180459,0.2134422294329852,attention_self_mass,12,20000,adamw,all_scheduled,20260815,0.06709870994673792,0.4749467869667845,False
C64-d16-L2-H4-m4-ffn32,True,0.2246650311649622,0.19102444172021932,0.95,True,increase,positive,all_scheduled,0.20779566435764232,0.39997043274343014,0.19217476838578781,attention_target_mass,12,20000,adamw,all_scheduled,20260815,0.03126262191564818,6.646776617722916,True
C64-d16-L2-H4-m4-ffn32,True,2.354639267783932,1.9140696646170303,0.95,True,increase,positive,all_scheduled,2.143774313192504,1.956643632845953,-0.18713068034655103,attention_target_over_distractor_log_margin,12,20000,adamw,all_scheduled,20260815,0.409852622301811,5.230598016312927,True
C64-d16-L2-H4-m4-ffn32,True,0.53173828125,0.4806315104166667,0.95,True,increase,positive,all_scheduled,0.5045572916666666,0.9993489583333334,0.4947916666666667,donor_accuracy,12,20000,adamw,all_scheduled,20260815,0.047756953182718866,10.565106398982833,True
C64-d16-L2-H4-m4-ffn32,True,-0.7773145587364071,-1.1080430950371918,0.95,True,decrease,negative,all_scheduled,-0.9424580663683931,0.001548682129093019,0.9440067484974861,donor_risk,12,20000,adamw,all_scheduled,20260815,0.307454123070764,-3.065361612182628,True
C64-d16-L2-H4-m4-ffn32,True,0.13625557447473205,0.07913311248024305,0.95,True,descriptive,positive,all_scheduled,0.10722263157367706,0.8729219684998194,0.7656993369261423,embedding_coherence,12,20000,adamw,all_scheduled,20260815,0.05340557384197951,2.007704886589845,False
C64-d16-L2-H4-m4-ffn32,True,-5.08964525560538,-5.898102054993312,0.95,True,descriptive,negative,all_scheduled,-5.50205131371816,7.192582647005717,12.694633960723877,embedding_effective_rank,12,20000,adamw,all_scheduled,20260815,0.7387549149947741,-7.447735645531483,False
C64-d16-L2-H4-m4-ffn32,False,0.010382198768184024,-0.0010031080985299923,0.95,True,descriptive,positive,all_scheduled,0.0046531508978659986,0.001238127159619277,-0.0034150237382467217,ffn_branch_signed,12,20000,adamw,all_scheduled,20260815,0.01046313318418075,0.4447186914242012,False
C64-d16-L2-H4-m4-ffn32,True,0.2245553109018753,0.1358803255017847,0.95,True,increase,positive,all_scheduled,0.1796026142934958,0.47606242448091507,0.29645981018741924,ffn_cancellation_fraction,12,20000,adamw,all_scheduled,20260815,0.08200717395763055,2.1900841795412735,True
C64-d16-L2-H4-m4-ffn32,True,0.2782389322916667,0.1796875,0.95,True,increase,positive,all_scheduled,0.22835286458333334,0.7549641927083334,0.526611328125,ffn_opposition_rate,12,20000,adamw,all_scheduled,20260815,0.09183071159711831,2.4866720578750168,True
C64-d16-L2-H4-m4-ffn32,False,0.016432780467827476,-0.004141103793305467,0.95,True,descriptive,positive,all_scheduled,0.006046397974690383,0.0004561197123014911,-0.0055902782623888925,ffn_skip_signed,12,20000,adamw,all_scheduled,20260815,0.018930985546076876,0.3193916111749077,False
C64-d16-L2-H4-m4-ffn32,False,0.026649926202753697,-0.004699230859478121,0.95,True,descriptive,positive,all_scheduled,0.010699548459039457,0.0016942466912344873,-0.009005301767804971,ffn_total_signed,12,20000,adamw,all_scheduled,20260815,0.028879367826426867,0.37049108981009404,False
C64-d16-L2-H4-m4-ffn32,True,0.5201822916666666,0.4749348958333333,0.95,True,increase,positive,all_scheduled,0.49658203125,0.9986979166666666,0.5021158854166666,function_accuracy,12,20000,adamw,all_scheduled,20260815,0.04194054038491593,11.840143848709149,True
C64-d16-L2-H4-m4-ffn32,True,0.3125183127223863,0.2619352791882799,0.95,True,increase,positive,all_scheduled,0.28768366401588236,0.2817307598888874,-0.005952904126994933,key_selectivity,12,20000,adamw,all_scheduled,20260815,0.04675272197067088,6.1533029926333125,True
C64-d16-L2-H4-m4-ffn32,True,-0.1375830127197939,-0.2455947765886473,0.95,True,decrease,negative,all_scheduled,-0.1865449393323312,0.00859783737299343,0.19514277670532465,natural_swap_mae,12,20000,adamw,all_scheduled,20260815,0.0999553613434492,-1.8662824767483754,True
C64-d16-L2-H4-m4-ffn32,True,-0.045547954852372646,-0.15088264067790078,0.95,True,decrease,negative,all_scheduled,-0.08963737685917295,0.0017939697463589255,0.09143134660553187,natural_swap_mse,12,20000,adamw,all_scheduled,20260815,0.0994301158174301,-0.9015113391174339,True
C64-d16-L2-H4-m4-ffn32,False,0.02755869292498876,-0.005917327633748451,0.95,True,decrease,positive,all_scheduled,0.010882134859760603,0.48172204103320837,0.4708399061734478,ov_distractor_gain,12,20000,adamw,all_scheduled,20260815,0.031116655771570998,0.3497205785752468,False
C64-d16-L2-H4-m4-ffn32,True,0.7782679581209474,0.5206105741757104,0.95,True,increase,positive,all_scheduled,0.6457503865919231,0.6276072689021627,-0.018143117689760402,ov_log_target_over_distractor_gain,12,20000,adamw,all_scheduled,20260815,0.23755259645367072,2.7183469944428165,True
C64-d16-L2-H4-m4-ffn32,True,0.6193674517659625,0.491281284186213,0.95,True,increase,positive,all_scheduled,0.5600272185790042,1.0221106895866494,0.46208347100764513,ov_target_gain,12,20000,adamw,all_scheduled,20260815,0.11963036464774032,4.681313312285239,True
C64-d16-L2-H4-m4-ffn32,True,0.018791965585357197,0.002195023527989787,0.95,True,increase,positive,all_scheduled,0.010642371838912368,0.2345688947631667,0.22392652292425433,qk_cancellation_fraction,12,20000,adamw,all_scheduled,20260815,0.01528030977984567,0.6964761835489343,True
C64-d16-L2-H4-m4-ffn32,True,-0.00539242705437027,-0.01504239593511746,0.95,True,descriptive,negative,all_scheduled,-0.009330386535803944,0.00020454642548332438,0.009534932961287268,qk_content_energy,12,20000,adamw,all_scheduled,20260815,0.009260212230234752,-1.0075780450625174,False
C64-d16-L2-H4-m4-ffn32,True,0.003910881149867388,3.305465693017621e-05,0.95,True,descriptive,positive,all_scheduled,0.0019667138094329553,8.501754532138268e-05,-0.0018816962641115726,qk_content_signed,12,20000,adamw,all_scheduled,20260815,0.003579450137862254,0.5494457901870735,False
C64-d16-L2-H4-m4-ffn32,True,0.02474009195963537,0.005167643229166667,0.95,True,increase,positive,all_scheduled,0.015279134114583334,0.5228068033854166,0.5075276692708334,qk_opposition_rate,12,20000,adamw,all_scheduled,20260815,0.018209343407579497,0.8390821004684613,True
C64-d16-L2-H4-m4-ffn32,False,0.0015628717212721902,-0.00028358120648714887,0.95,True,descriptive,positive,all_scheduled,0.0005523045680438562,5.193034497826451e-05,-0.0005003742230655917,qk_route_signed,12,20000,adamw,all_scheduled,20260815,0.0017218935907200275,0.3207541807580016,False
C64-d16-L2-H4-m4-ffn32,True,-0.3180857834993125,-0.454349676076769,0.95,True,increase,negative,all_scheduled,-0.39015302728512324,-0.6293180418336609,-0.23916501454853764,qk_suppression_log_ratio,12,20000,adamw,all_scheduled,20260815,0.12653463611773444,-3.0833694176992337,False
C64-d16-L2-H4-m4-ffn32,True,0.004947367779160553,0.00021171626044491783,0.95,True,descriptive,positive,all_scheduled,0.002519018475614606,0.00013694789006043115,-0.0023820705855541746,qk_total_signed,12,20000,adamw,all_scheduled,20260815,0.0043612785034645475,0.5775871624830947,False
C64-d16-L2-H4-m4-ffn32,True,-0.7719694395748776,-1.097655992533661,0.95,True,decrease,negative,all_scheduled,-0.9348948604626154,0.001550984207521348,0.9364458446701368,risk,12,20000,adamw,all_scheduled,20260815,0.3036477750976702,-3.078879336961717,True
C64-d16-L2-H4-m4-ffn32,True,1.0249122412720075,0.9426259150553961,0.95,True,increase,positive,all_scheduled,0.9821100595872849,0.9830564260482788,0.000946366460993886,target_key_effect,12,20000,adamw,all_scheduled,20260815,0.07639137770793165,12.856294637625226,True
C64-d16-L2-H4-m4-ffn32,True,1.0364910842673756,0.9342827805858785,0.95,True,increase,positive,all_scheduled,0.9826596761025334,0.9970249285300573,0.014365252427523956,value_flip_effect,12,20000,adamw,all_scheduled,20260815,0.09490726441604172,10.353893162433613,True
C64-d16-L2-H4-m4-ffn32,True,-0.5073655794347969,-1.0806224720558022,0.95,True,decrease,negative,all_scheduled,-0.7930970130425218,0.0005462417442079944,0.7936432547867298,walsh_bias_energy,12,20000,adamw,all_scheduled,20260815,0.5347689596946037,-1.483064786511626,True
C64-d16-L2-H4-m4-ffn32,True,-0.03813151428839017,-0.09689909966557479,0.95,True,decrease,negative,all_scheduled,-0.06508320393519777,0.0007902780189397163,0.06587348195413749,walsh_distractor_direct_energy,12,20000,adamw,all_scheduled,20260815,0.054315829006437756,-1.1982364096382256,True
C64-d16-L2-H4-m4-ffn32,True,-0.005312658740755676,-0.01430955169318319,0.95,True,decrease,negative,all_scheduled,-0.009571957956723054,0.0008363778597413329,0.010408335816464387,walsh_interaction_energy,12,20000,adamw,all_scheduled,20260815,0.008372831851559506,-1.143216312762832,True
C64-d16-L2-H4-m4-ffn32,True,1.0356941924309164,0.934965813414116,0.95,True,increase,positive,all_scheduled,0.9826976809708867,0.9979934344689051,0.015295753498018408,walsh_target_coefficient,12,20000,adamw,all_scheduled,20260815,0.09346497438798676,10.514074255148941,True
C64-d16-L2-H4-m4-ffn32,True,-0.888013993665906,-1.1050480454098761,0.95,True,decrease,negative,all_scheduled,-0.9894525680198664,0.0006976899251943299,0.9901502579450607,walsh_target_error_energy,12,20000,adamw,all_scheduled,20260815,0.2017036187892641,-4.905477521717776,True
C64-d16-L2-H4-m4-ffn32,True,-1.5393256346042719,-2.172655807705208,0.95,True,decrease,negative,all_scheduled,-1.8572047571942676,0.0028705874477357915,1.8600753446420033,walsh_total_error_energy,12,20000,adamw,all_scheduled,20260815,0.5894174564595905,-3.150915767493212,True
C64-d16-L2-H4-m4-ffn32,True,-0.06547773821269706,-0.09183085916896137,0.95,True,decrease,negative,function_gate,-0.07988799654898078,0.11823967599290579,0.19812767254188657,attention_mean_distractor_mass,12,20000,adamw,claim_eligible,20260815,0.024410178104798324,-3.2727330462729047,True
C64-d16-L2-H4-m4-ffn32,False,0.0647366245044395,-0.00804652956236774,0.95,True,descriptive,positive,function_gate,0.0318683166988194,0.24531054613180459,0.2134422294329852,attention_self_mass,12,20000,adamw,claim_eligible,20260815,0.06709870994673792,0.4749467869667845,False
C64-d16-L2-H4-m4-ffn32,True,0.2246650311649622,0.19102444172021932,0.95,True,increase,positive,function_gate,0.20779566435764232,0.39997043274343014,0.19217476838578781,attention_target_mass,12,20000,adamw,claim_eligible,20260815,0.03126262191564818,6.646776617722916,True
C64-d16-L2-H4-m4-ffn32,True,2.354639267783932,1.9140696646170303,0.95,True,increase,positive,function_gate,2.143774313192504,1.956643632845953,-0.18713068034655103,attention_target_over_distractor_log_margin,12,20000,adamw,claim_eligible,20260815,0.409852622301811,5.230598016312927,True
C64-d16-L2-H4-m4-ffn32,True,0.53173828125,0.4806315104166667,0.95,True,increase,positive,all_scheduled,0.5045572916666666,0.9993489583333334,0.4947916666666667,donor_accuracy,12,20000,adamw,claim_eligible,20260815,0.047756953182718866,10.565106398982833,True
C64-d16-L2-H4-m4-ffn32,True,-0.7773145587364071,-1.1080430950371918,0.95,True,decrease,negative,all_scheduled,-0.9424580663683931,0.001548682129093019,0.9440067484974861,donor_risk,12,20000,adamw,claim_eligible,20260815,0.307454123070764,-3.065361612182628,True
C64-d16-L2-H4-m4-ffn32,True,0.13625557447473205,0.07913311248024305,0.95,True,descriptive,positive,function_gate,0.10722263157367706,0.8729219684998194,0.7656993369261423,embedding_coherence,12,20000,adamw,claim_eligible,20260815,0.05340557384197951,2.007704886589845,False
C64-d16-L2-H4-m4-ffn32,True,-5.08964525560538,-5.898102054993312,0.95,True,descriptive,negative,function_gate,-5.50205131371816,7.192582647005717,12.694633960723877,embedding_effective_rank,12,20000,adamw,claim_eligible,20260815,0.7387549149947741,-7.447735645531483,False
C64-d16-L2-H4-m4-ffn32,False,0.007595522372220226,-0.003720033853622024,0.95,False,descriptive,positive,function_and_donor_gate,0.0018929213895009728,0.0005531343671868348,-0.0013397870223141378,ffn_branch_signed,9,20000,adamw,claim_eligible,20260815,0.009230351506858109,0.2050757642430563,False
C64-d16-L2-H4-m4-ffn32,True,0.2292892187833786,0.13798886825227075,0.95,False,increase,positive,function_and_donor_gate,0.18419112099541557,0.4877063102192349,0.3035151892238193,ffn_cancellation_fraction,9,20000,adamw,claim_eligible,20260815,0.07359252728066772,2.502850870890004,True
C64-d16-L2-H4-m4-ffn32,True,0.2724609375,0.1748046875,0.95,False,increase,positive,function_and_donor_gate,0.2243923611111111,0.7659505208333334,0.5415581597222222,ffn_opposition_rate,9,20000,adamw,claim_eligible,20260815,0.07865842335286274,2.8527442013995623,True
C64-d16-L2-H4-m4-ffn32,False,0.010597056971811139,-0.009270498629363523,0.95,False,descriptive,positive,function_and_donor_gate,0.0008797261487213998,3.6909997611979227e-05,-0.0008428161511094206,ffn_skip_signed,9,20000,adamw,claim_eligible,20260815,0.016298062246086827,0.05397734622915817,False
C64-d16-L2-H4-m4-ffn32,False,0.017891095813886027,-0.012490178670466572,0.95,False,descriptive,positive,function_and_donor_gate,0.002772647579452799,0.0005900443090164723,-0.0021826032704363265,ffn_total_signed,9,20000,adamw,claim_eligible,20260815,0.02472372083277364,0.11214523890665322,False
C64-d16-L2-H4-m4-ffn32,True,0.5201822916666666,0.4749348958333333,0.95,True,increase,positive,all_scheduled,0.49658203125,0.9986979166666666,0.5021158854166666,function_accuracy,12,20000,adamw,claim_eligible,20260815,0.04194054038491593,11.840143848709149,True
C64-d16-L2-H4-m4-ffn32,True,0.3125183127223863,0.2619352791882799,0.95,True,increase,positive,function_gate,0.28768366401588236,0.2817307598888874,-0.005952904126994933,key_selectivity,12,20000,adamw,claim_eligible,20260815,0.04675272197067088,6.1533029926333125,True
C64-d16-L2-H4-m4-ffn32,True,-0.1375830127197939,-0.2455947765886473,0.95,True,decrease,negative,all_scheduled,-0.1865449393323312,0.00859783737299343,0.19514277670532465,natural_swap_mae,12,20000,adamw,claim_eligible,20260815,0.0999553613434492,-1.8662824767483754,True
C64-d16-L2-H4-m4-ffn32,True,-0.045547954852372646,-0.15088264067790078,0.95,True,decrease,negative,all_scheduled,-0.08963737685917295,0.0017939697463589255,0.09143134660553187,natural_swap_mse,12,20000,adamw,claim_eligible,20260815,0.0994301158174301,-0.9015113391174339,True
C64-d16-L2-H4-m4-ffn32,False,0.020937977099998114,-0.015087215198824803,0.95,False,decrease,positive,function_and_donor_gate,0.002555515617132187,0.47407059619824093,0.47151508058110875,ov_distractor_gain,9,20000,adamw,claim_eligible,20260815,0.02942648225556473,0.08684407449514028,False
C64-d16-L2-H4-m4-ffn32,True,0.8114655623002262,0.5158458431070256,0.95,False,increase,positive,function_and_donor_gate,0.659494735339346,0.6592627801001072,-0.00023195523923883835,ov_log_target_over_distractor_gain,9,20000,adamw,claim_eligible,20260815,0.24219083155061188,2.7230375779172626,True
C64-d16-L2-H4-m4-ffn32,True,0.6130113981069168,0.4641704228085776,0.95,False,increase,positive,function_and_donor_gate,0.5468476889654994,1.0177590101957321,0.4709113212302327,ov_target_gain,9,20000,adamw,claim_eligible,20260815,0.1229358591823109,4.448235792247871,True
C64-d16-L2-H4-m4-ffn32,True,0.01850333290381564,0.005585240795173579,0.95,False,increase,positive,function_and_donor_gate,0.012095604712764422,0.23677852315207323,0.2246829184393088,qk_cancellation_fraction,9,20000,adamw,claim_eligible,20260815,0.010479643378728662,1.154200031015922,True
C64-d16-L2-H4-m4-ffn32,True,-0.006124584426365863,-0.018085086503150903,0.95,False,descriptive,negative,function_and_donor_gate,-0.010962996138293275,0.00021617349680111729,0.011179169635094391,qk_content_energy,9,20000,adamw,claim_eligible,20260815,0.010167516663141448,-1.0782373416741515,False
C64-d16-L2-H4-m4-ffn32,False,0.0039215106670585295,-0.000761052425387888,0.95,False,descriptive,positive,function_and_donor_gate,0.0014935329629426836,7.334553700073027e-05,-0.0014201874259419532,qk_content_signed,9,20000,adamw,claim_eligible,20260815,0.0038013430132272327,0.3928961311162279,False
C64-d16-L2-H4-m4-ffn32,True,0.027560763888888888,0.00732421875,0.95,False,increase,positive,function_and_donor_gate,0.017930772569444444,0.5263400607638888,0.5084092881944444,qk_opposition_rate,9,20000,adamw,claim_eligible,20260815,0.016560272530853754,1.0827583021980638,True
C64-d16-L2-H4-m4-ffn32,False,0.0007120570118281136,-0.0006710579671960204,0.95,False,descriptive,negative,function_and_donor_gate,-3.056580939642117e-05,-0.00014836428935104272,-0.00011779847995462155,qk_route_signed,9,20000,adamw,claim_eligible,20260815,0.0011265728915664526,-0.027131674856760216,False
C64-d16-L2-H4-m4-ffn32,True,-0.2925939481291506,-0.4589616627328926,0.95,False,increase,negative,function_and_donor_gate,-0.38265336682606077,-0.6064419311781725,-0.2237885643521117,qk_suppression_log_ratio,9,20000,adamw,claim_eligible,20260815,0.13584384360915772,-2.816862042913108,False
C64-d16-L2-H4-m4-ffn32,False,0.0038284522168699673,-0.000815061182840457,0.95,False,descriptive,positive,function_and_donor_gate,0.001462967308119308,-7.50187354141316e-05,-0.0015379860435334397,qk_total_signed,9,20000,adamw,claim_eligible,20260815,0.003792767438312057,0.38572555051526985,False
C64-d16-L2-H4-m4-ffn32,True,-0.7719694395748776,-1.097655992533661,0.95,True,decrease,negative,all_scheduled,-0.9348948604626154,0.001550984207521348,0.9364458446701368,risk,12,20000,adamw,claim_eligible,20260815,0.3036477750976702,-3.078879336961717,True
C64-d16-L2-H4-m4-ffn32,True,1.0249122412720075,0.9426259150553961,0.95,True,increase,positive,function_gate,0.9821100595872849,0.9830564260482788,0.000946366460993886,target_key_effect,12,20000,adamw,claim_eligible,20260815,0.07639137770793165,12.856294637625226,True
C64-d16-L2-H4-m4-ffn32,True,1.0364910842673756,0.9342827805858785,0.95,True,increase,positive,function_gate,0.9826596761025334,0.9970249285300573,0.014365252427523956,value_flip_effect,12,20000,adamw,claim_eligible,20260815,0.09490726441604172,10.353893162433613,True
C64-d16-L2-H4-m4-ffn32,True,-0.5073655794347969,-1.0806224720558022,0.95,True,decrease,negative,function_gate,-0.7930970130425218,0.0005462417442079944,0.7936432547867298,walsh_bias_energy,12,20000,adamw,claim_eligible,20260815,0.5347689596946037,-1.483064786511626,True
C64-d16-L2-H4-m4-ffn32,True,-0.03813151428839017,-0.09689909966557479,0.95,True,decrease,negative,function_gate,-0.06508320393519777,0.0007902780189397163,0.06587348195413749,walsh_distractor_direct_energy,12,20000,adamw,claim_eligible,20260815,0.054315829006437756,-1.1982364096382256,True
C64-d16-L2-H4-m4-ffn32,True,-0.005312658740755676,-0.01430955169318319,0.95,True,decrease,negative,function_gate,-0.009571957956723054,0.0008363778597413329,0.010408335816464387,walsh_interaction_energy,12,20000,adamw,claim_eligible,20260815,0.008372831851559506,-1.143216312762832,True
C64-d16-L2-H4-m4-ffn32,True,1.0356941924309164,0.934965813414116,0.95,True,increase,positive,function_gate,0.9826976809708867,0.9979934344689051,0.015295753498018408,walsh_target_coefficient,12,20000,adamw,claim_eligible,20260815,0.09346497438798676,10.514074255148941,True
C64-d16-L2-H4-m4-ffn32,True,-0.888013993665906,-1.1050480454098761,0.95,True,decrease,negative,function_gate,-0.9894525680198664,0.0006976899251943299,0.9901502579450607,walsh_target_error_energy,12,20000,adamw,claim_eligible,20260815,0.2017036187892641,-4.905477521717776,True
C64-d16-L2-H4-m4-ffn32,True,-1.5393256346042719,-2.172655807705208,0.95,True,decrease,negative,function_gate,-1.8572047571942676,0.0028705874477357915,1.8600753446420033,walsh_total_error_energy,12,20000,adamw,claim_eligible,20260815,0.5894174564595905,-3.150915767493212,True
C64-d16-L2-H4-m4-ffnnone,True,-0.08107207261443061,-0.10156429642690151,0.95,True,decrease,negative,all_scheduled,-0.0915176199535684,0.10555446084860402,0.19707208080217242,attention_mean_distractor_mass,12,20000,adamw,all_scheduled,20260815,0.018972558284164408,-4.823683690035323,True
C64-d16-L2-H4-m4-ffnnone,True,0.07980823810115298,0.020664469499024576,0.95,True,descriptive,positive,all_scheduled,0.04943279506793866,0.26760889516056824,0.21817610009262958,attention_self_mass,12,20000,adamw,all_scheduled,20260815,0.05468692374070893,0.9039234918811296,False
C64-d16-L2-H4-m4-ffnnone,True,0.24513003607474576,0.20505828307941557,0.95,True,increase,positive,all_scheduled,0.22512005812798938,0.415727732082208,0.19060767395421863,attention_target_mass,12,20000,adamw,all_scheduled,20260815,0.03702873475534612,6.079604383336028,True
C64-d16-L2-H4-m4-ffnnone,True,2.9193637923523053,2.3029766053320295,0.95,True,increase,positive,all_scheduled,2.632164035899526,2.4606369736914835,-0.17152706220804248,attention_target_over_distractor_log_margin,12,20000,adamw,all_scheduled,20260815,0.5727200333912014,4.595900060128687,True
C64-d16-L2-H4-m4-ffnnone,True,0.4969075520833333,0.4012003580729167,0.95,True,increase,positive,all_scheduled,0.4501953125,0.9986979166666666,0.5485026041666666,donor_accuracy,12,20000,adamw,all_scheduled,20260815,0.08907425846920922,5.054157286705019,True
C64-d16-L2-H4-m4-ffnnone,True,-0.6862934226694053,-1.241066085163311,0.95,True,decrease,negative,all_scheduled,-0.9526861165613809,0.0022678271282832916,0.9549539436896642,donor_risk,12,20000,adamw,all_scheduled,20260815,0.516324385989277,-1.845130972723737,True
C64-d16-L2-H4-m4-ffnnone,True,0.17926731904347737,0.10616086932520072,0.95,True,descriptive,positive,all_scheduled,0.142070472240448,0.8941615919272105,0.7520911196867625,embedding_coherence,12,20000,adamw,all_scheduled,20260815,0.06739878474352139,2.1079085146873413,False
C64-d16-L2-H4-m4-ffnnone,True,-5.6661386330922445,-6.650582034389179,0.95,True,descriptive,negative,all_scheduled,-6.141725063323975,6.594829956690471,12.736555020014444,embedding_effective_rank,12,20000,adamw,all_scheduled,20260815,0.8994701341491529,-6.828158968428333,False
C64-d16-L2-H4-m4-ffnnone,True,0.501953125,0.40185546875,0.95,True,increase,positive,all_scheduled,0.453125,0.99853515625,0.54541015625,function_accuracy,12,20000,adamw,all_scheduled,20260815,0.09329761829133275,4.856769211246787,True
C64-d16-L2-H4-m4-ffnnone,True,0.341969144566004,0.2905998350926287,0.95,True,increase,positive,all_scheduled,0.31663767574355006,0.31017326936125755,-0.006464406382292509,key_selectivity,12,20000,adamw,all_scheduled,20260815,0.04765621378423087,6.644205458225542,True
C64-d16-L2-H4-m4-ffnnone,True,-0.1314053610782139,-0.23101727888764192,0.95,True,decrease,negative,all_scheduled,-0.17497660014002273,0.012293522129766643,0.18727012226978937,natural_swap_mae,12,20000,adamw,all_scheduled,20260815,0.09281285416845482,-1.885262571738621,True
C64-d16-L2-H4-m4-ffnnone,True,-0.03531302028838282,-0.13698765596903587,0.95,True,decrease,negative,all_scheduled,-0.07835906732968094,0.0031802225409289044,0.08153928987060984,natural_swap_mse,12,20000,adamw,all_scheduled,20260815,0.09561656713942063,-0.8195134972313308,True
C64-d16-L2-H4-m4-ffnnone,True,0.0378179919362689,0.0016161357518285535,0.95,True,decrease,positive,all_scheduled,0.020520093540350597,0.4823646418129404,0.46184454827258986,ov_distractor_gain,12,20000,adamw,all_scheduled,20260815,0.03357970274986287,0.6110862175644004,False
C64-d16-L2-H4-m4-ffnnone,True,0.8796414535669708,0.6758115453422457,0.95,True,increase,positive,all_scheduled,0.7813261732711302,0.7797239996240629,-0.0016021736470671992,ov_log_target_over_distractor_gain,12,20000,adamw,all_scheduled,20260815,0.18920185877837464,4.129590366162058,True
C64-d16-L2-H4-m4-ffnnone,True,0.8508180931404543,0.6872831769054756,0.95,True,increase,positive,all_scheduled,0.7722483646745483,1.225679285203417,0.45343092052886885,ov_target_gain,12,20000,adamw,all_scheduled,20260815,0.15170970331976655,5.090303044406063,True
C64-d16-L2-H4-m4-ffnnone,True,0.036935683685199665,0.02110223928466439,0.95,True,increase,positive,all_scheduled,0.02932412487765153,0.24954154963294664,0.22021742475529513,qk_cancellation_fraction,12,20000,adamw,all_scheduled,20260815,0.014696209292108223,1.9953529712861677,True
C64-d16-L2-H4-m4-ffnnone,True,-0.004574243707549168,-0.015081511653066981,0.95,True,descriptive,negative,all_scheduled,-0.009078403301352012,6.829494231178994e-05,0.009146698243663801,qk_content_energy,12,20000,adamw,all_scheduled,20260815,0.009739754136902704,-0.9320977895073431,False
C64-d16-L2-H4-m4-ffnnone,False,0.001989268230222762,-0.003053657900670714,0.95,True,descriptive,negative,all_scheduled,-0.00027955194618319484,3.339348307918044e-05,0.0003129454292623753,qk_content_signed,12,20000,adamw,all_scheduled,20260815,0.0046462882580159326,-0.06016672463248539,False
C64-d16-L2-H4-m4-ffnnone,True,0.039326985677083336,0.022867838541666668,0.95,True,increase,positive,all_scheduled,0.030741373697916668,0.5359090169270834,0.5051676432291666,qk_opposition_rate,12,20000,adamw,all_scheduled,20260815,0.015237141367656476,2.017528941693136,True
C64-d16-L2-H4-m4-ffnnone,False,0.00043022550116755023,-0.0010290526849985324,0.95,True,descriptive,negative,all_scheduled,-0.0002568285859941473,0.00019706247684325717,0.0004538910628374045,qk_route_signed,12,20000,adamw,all_scheduled,20260815,0.0013612922120480797,-0.18866528708611782,False
C64-d16-L2-H4-m4-ffnnone,True,-0.23234706290531915,-0.4231337824981893,0.95,True,increase,negative,all_scheduled,-0.32499236611571786,-0.5668307690842388,-0.2418384029685209,qk_suppression_log_ratio,12,20000,adamw,all_scheduled,20260815,0.1777627614522535,-1.828236484743233,False
C64-d16-L2-H4-m4-ffnnone,False,0.0021683075684298535,-0.003790106561320764,0.95,True,descriptive,negative,all_scheduled,-0.0005363805408554375,0.00023045595185067214,0.0007668364927061097,qk_total_signed,12,20000,adamw,all_scheduled,20260815,0.005528127951841849,-0.09702751917613041,False
C64-d16-L2-H4-m4-ffnnone,True,-0.6894529586463252,-1.2366822286512311,0.95,True,decrease,negative,all_scheduled,-0.9530415792748196,0.0024304902071889956,0.9554720694820086,risk,12,20000,adamw,all_scheduled,20260815,0.5083726011142603,-1.8746910773435188,True
C64-d16-L2-H4-m4-ffnnone,True,0.9958162140295217,0.877580179165428,0.95,True,increase,positive,all_scheduled,0.9332699643758436,0.972814217209816,0.03954425283397237,target_key_effect,12,20000,adamw,all_scheduled,20260815,0.10969265207004764,8.508044493079401,True
C64-d16-L2-H4-m4-ffnnone,True,1.0247123333935937,0.8605119584361091,0.95,True,increase,positive,all_scheduled,0.9450129779676596,0.9943313946326574,0.049318416664997734,value_flip_effect,12,20000,adamw,all_scheduled,20260815,0.152063217573739,6.2146059582712745,True
C64-d16-L2-H4-m4-ffnnone,True,-0.407504985684985,-1.3548020204311493,0.95,True,decrease,negative,all_scheduled,-0.8570161312673008,0.0008307310587648923,0.8578468623260657,walsh_bias_energy,12,20000,adamw,all_scheduled,20260815,0.8796936787343624,-0.9742210862539238,True
C64-d16-L2-H4-m4-ffnnone,True,-0.05368532467033071,-0.2442255446198639,0.95,True,decrease,negative,all_scheduled,-0.13119827143873408,0.001274703197547448,0.13247297463628152,walsh_distractor_direct_energy,12,20000,adamw,all_scheduled,20260815,0.18301192060348592,-0.7168837472777994,True
C64-d16-L2-H4-m4-ffnnone,True,-0.00499522058639741,-0.015855381849223703,0.95,True,decrease,negative,all_scheduled,-0.009764096729365216,0.001003340710667544,0.01076743744003276,walsh_interaction_energy,12,20000,adamw,all_scheduled,20260815,0.010131077758553408,-0.9637767039268492,True
C64-d16-L2-H4-m4-ffnnone,True,1.025960281305015,0.8629755903365246,0.95,True,increase,positive,all_scheduled,0.9470747098481903,0.9944457908471426,0.04737108099895219,walsh_target_coefficient,12,20000,adamw,all_scheduled,20260815,0.15062114835315846,6.287793714250556,True
C64-d16-L2-H4-m4-ffnnone,True,-0.795551682316121,-1.0919950721370089,0.95,True,decrease,negative,all_scheduled,-0.9412488877236077,0.0012520512482296908,0.9425009389718374,walsh_target_error_energy,12,20000,adamw,all_scheduled,20260815,0.27351149804698155,-3.4413503433845687,True
C64-d16-L2-H4-m4-ffnnone,True,-1.416914155651224,-2.5034579514980577,0.95,True,decrease,negative,all_scheduled,-1.9392274207930313,0.004360826108798695,1.94358824690183,walsh_total_error_energy,12,20000,adamw,all_scheduled,20260815,1.0094357496418653,-1.9211003983968706,True
C64-d16-L2-H4-m4-ffnnone,True,-0.08107207261443061,-0.10156429642690151,0.95,True,decrease,negative,function_gate,-0.0915176199535684,0.10555446084860402,0.19707208080217242,attention_mean_distractor_mass,12,20000,adamw,claim_eligible,20260815,0.018972558284164408,-4.823683690035323,True
C64-d16-L2-H4-m4-ffnnone,True,0.07980823810115298,0.020664469499024576,0.95,True,descriptive,positive,function_gate,0.04943279506793866,0.26760889516056824,0.21817610009262958,attention_self_mass,12,20000,adamw,claim_eligible,20260815,0.05468692374070893,0.9039234918811296,False
C64-d16-L2-H4-m4-ffnnone,True,0.24513003607474576,0.20505828307941557,0.95,True,increase,positive,function_gate,0.22512005812798938,0.415727732082208,0.19060767395421863,attention_target_mass,12,20000,adamw,claim_eligible,20260815,0.03702873475534612,6.079604383336028,True
C64-d16-L2-H4-m4-ffnnone,True,2.9193637923523053,2.3029766053320295,0.95,True,increase,positive,function_gate,2.632164035899526,2.4606369736914835,-0.17152706220804248,attention_target_over_distractor_log_margin,12,20000,adamw,claim_eligible,20260815,0.5727200333912014,4.595900060128687,True
C64-d16-L2-H4-m4-ffnnone,True,0.4969075520833333,0.4012003580729167,0.95,True,increase,positive,all_scheduled,0.4501953125,0.9986979166666666,0.5485026041666666,donor_accuracy,12,20000,adamw,claim_eligible,20260815,0.08907425846920922,5.054157286705019,True
C64-d16-L2-H4-m4-ffnnone,True,-0.6862934226694053,-1.241066085163311,0.95,True,decrease,negative,all_scheduled,-0.9526861165613809,0.0022678271282832916,0.9549539436896642,donor_risk,12,20000,adamw,claim_eligible,20260815,0.516324385989277,-1.845130972723737,True
C64-d16-L2-H4-m4-ffnnone,True,0.17926731904347737,0.10616086932520072,0.95,True,descriptive,positive,function_gate,0.142070472240448,0.8941615919272105,0.7520911196867625,embedding_coherence,12,20000,adamw,claim_eligible,20260815,0.06739878474352139,2.1079085146873413,False
C64-d16-L2-H4-m4-ffnnone,True,-5.6661386330922445,-6.650582034389179,0.95,True,descriptive,negative,function_gate,-6.141725063323975,6.594829956690471,12.736555020014444,embedding_effective_rank,12,20000,adamw,claim_eligible,20260815,0.8994701341491529,-6.828158968428333,False
C64-d16-L2-H4-m4-ffnnone,True,0.501953125,0.40185546875,0.95,True,increase,positive,all_scheduled,0.453125,0.99853515625,0.54541015625,function_accuracy,12,20000,adamw,claim_eligible,20260815,0.09329761829133275,4.856769211246787,True
C64-d16-L2-H4-m4-ffnnone,True,0.341969144566004,0.2905998350926287,0.95,True,increase,positive,function_gate,0.31663767574355006,0.31017326936125755,-0.006464406382292509,key_selectivity,12,20000,adamw,claim_eligible,20260815,0.04765621378423087,6.644205458225542,True
C64-d16-L2-H4-m4-ffnnone,True,-0.1314053610782139,-0.23101727888764192,0.95,True,decrease,negative,all_scheduled,-0.17497660014002273,0.012293522129766643,0.18727012226978937,natural_swap_mae,12,20000,adamw,claim_eligible,20260815,0.09281285416845482,-1.885262571738621,True
C64-d16-L2-H4-m4-ffnnone,True,-0.03531302028838282,-0.13698765596903587,0.95,True,decrease,negative,all_scheduled,-0.07835906732968094,0.0031802225409289044,0.08153928987060984,natural_swap_mse,12,20000,adamw,claim_eligible,20260815,0.09561656713942063,-0.8195134972313308,True
C64-d16-L2-H4-m4-ffnnone,False,0.03902454674243927,-0.017809017250935238,0.95,False,decrease,positive,function_and_donor_gate,0.012220572680234909,0.4858272218455871,0.47360664916535217,ov_distractor_gain,6,20000,adamw,claim_eligible,20260815,0.03974141463912714,0.3075022062300527,False
C64-d16-L2-H4-m4-ffnnone,True,0.9671295716349656,0.6108079978342479,0.95,False,increase,positive,function_and_donor_gate,0.8048844566607537,0.7989780772283362,-0.005906379432417452,ov_log_target_over_distractor_gain,6,20000,adamw,claim_eligible,20260815,0.24542557605476867,3.27954596093578,True
C64-d16-L2-H4-m4-ffnnone,True,0.8959019451091687,0.6304595842957497,0.95,False,increase,positive,function_and_donor_gate,0.7757988097146153,1.2385088702042897,0.4627100604896744,ov_target_gain,6,20000,adamw,claim_eligible,20260815,0.1827997053659736,4.243982823503078,True
C64-d16-L2-H4-m4-ffnnone,True,0.036239756271243095,0.010111489643653234,0.95,False,increase,positive,function_and_donor_gate,0.0225864602252841,0.24624951152751842,0.22366305130223432,qk_cancellation_fraction,6,20000,adamw,claim_eligible,20260815,0.018072203505198312,1.2497900556944979,True
C64-d16-L2-H4-m4-ffnnone,True,-0.00395371548292663,-0.022112245833658523,0.95,False,descriptive,negative,function_and_donor_gate,-0.01175878180612718,5.789729980184196e-05,0.01181667910592902,qk_content_energy,6,20000,adamw,claim_eligible,20260815,0.012937790937148391,-0.9088709087394579,False
C64-d16-L2-H4-m4-ffnnone,False,0.00038701156590074487,-0.007094946706653597,0.95,False,descriptive,negative,function_and_donor_gate,-0.002854367282338899,6.168127807389585e-05,0.002916048560412795,qk_content_signed,6,20000,adamw,claim_eligible,20260815,0.00503042135017012,-0.5674211131921125,False
C64-d16-L2-H4-m4-ffnnone,True,0.040242513020833336,0.017781575520833332,0.95,False,increase,positive,function_and_donor_gate,0.028076171875,0.5359700520833334,0.5078938802083334,qk_opposition_rate,6,20000,adamw,claim_eligible,20260815,0.01538202190547103,1.825258866977296,True
C64-d16-L2-H4-m4-ffnnone,False,0.00012149064612761624,-0.002087405189323969,0.95,False,descriptive,negative,function_and_donor_gate,-0.000921478192556909,0.00012526720930357746,0.0010467454018604865,qk_route_signed,6,20000,adamw,claim_eligible,20260815,0.001535850460373233,-0.5999791101621814,False
C64-d16-L2-H4-m4-ffnnone,True,-0.19547013901562119,-0.46482904934479546,0.95,False,increase,negative,function_and_donor_gate,-0.3391138970425042,-0.5926796452258714,-0.25356574818336713,qk_suppression_log_ratio,6,20000,adamw,claim_eligible,20260815,0.1870351354587654,-1.8131026355594388,False
C64-d16-L2-H4-m4-ffnnone,False,0.00014720925022023343,-0.008356400690293716,0.95,False,descriptive,negative,function_and_donor_gate,-0.003775845491873042,0.00018694847828252628,0.003962793970155569,qk_total_signed,6,20000,adamw,claim_eligible,20260815,0.005954129709705697,-0.6341557332414373,False
C64-d16-L2-H4-m4-ffnnone,True,-0.6894529586463252,-1.2366822286512311,0.95,True,decrease,negative,all_scheduled,-0.9530415792748196,0.0024304902071889956,0.9554720694820086,risk,12,20000,adamw,claim_eligible,20260815,0.5083726011142603,-1.8746910773435188,True
C64-d16-L2-H4-m4-ffnnone,True,0.9958162140295217,0.877580179165428,0.95,True,increase,positive,function_gate,0.9332699643758436,0.972814217209816,0.03954425283397237,target_key_effect,12,20000,adamw,claim_eligible,20260815,0.10969265207004764,8.508044493079401,True
C64-d16-L2-H4-m4-ffnnone,True,1.0247123333935937,0.8605119584361091,0.95,True,increase,positive,function_gate,0.9450129779676596,0.9943313946326574,0.049318416664997734,value_flip_effect,12,20000,adamw,claim_eligible,20260815,0.152063217573739,6.2146059582712745,True
C64-d16-L2-H4-m4-ffnnone,True,-0.407504985684985,-1.3548020204311493,0.95,True,decrease,negative,function_gate,-0.8570161312673008,0.0008307310587648923,0.8578468623260657,walsh_bias_energy,12,20000,adamw,claim_eligible,20260815,0.8796936787343624,-0.9742210862539238,True
C64-d16-L2-H4-m4-ffnnone,True,-0.05368532467033071,-0.2442255446198639,0.95,True,decrease,negative,function_gate,-0.13119827143873408,0.001274703197547448,0.13247297463628152,walsh_distractor_direct_energy,12,20000,adamw,claim_eligible,20260815,0.18301192060348592,-0.7168837472777994,True
C64-d16-L2-H4-m4-ffnnone,True,-0.00499522058639741,-0.015855381849223703,0.95,True,decrease,negative,function_gate,-0.009764096729365216,0.001003340710667544,0.01076743744003276,walsh_interaction_energy,12,20000,adamw,claim_eligible,20260815,0.010131077758553408,-0.9637767039268492,True
C64-d16-L2-H4-m4-ffnnone,True,1.025960281305015,0.8629755903365246,0.95,True,increase,positive,function_gate,0.9470747098481903,0.9944457908471426,0.04737108099895219,walsh_target_coefficient,12,20000,adamw,claim_eligible,20260815,0.15062114835315846,6.287793714250556,True
C64-d16-L2-H4-m4-ffnnone,True,-0.795551682316121,-1.0919950721370089,0.95,True,decrease,negative,function_gate,-0.9412488877236077,0.0012520512482296908,0.9425009389718374,walsh_target_error_energy,12,20000,adamw,claim_eligible,20260815,0.27351149804698155,-3.4413503433845687,True
C64-d16-L2-H4-m4-ffnnone,True,-1.416914155651224,-2.5034579514980577,0.95,True,decrease,negative,function_gate,-1.9392274207930313,0.004360826108798695,1.94358824690183,walsh_total_error_energy,12,20000,adamw,claim_eligible,20260815,1.0094357496418653,-1.9211003983968706,True
C16-d16-L2-H1-m4-ffn32,True,-0.10146015408681706,-0.13235109516535887,0.95,True,decrease,negative,all_scheduled,-0.11587879927052806,0.06999543654577185,0.18587423581629992,attention_mean_distractor_mass,12,20000,sgd,all_scheduled,20260815,0.028433507505112424,-4.0754310473195305,True
C16-d16-L2-H1-m4-ffn32,False,0.1005340101934659,-0.033934680915748076,0.95,True,descriptive,positive,all_scheduled,0.03021019526446859,0.2940196789180239,0.26380948365355533,attention_self_mass,12,20000,sgd,all_scheduled,20260815,0.12307510267434028,0.2454614670881527,False
C16-d16-L2-H1-m4-ffn32,True,0.34492991330722966,0.2901473759363095,0.95,True,increase,positive,all_scheduled,0.31742617922524613,0.4959940081462264,0.1785678289209803,attention_target_mass,12,20000,sgd,all_scheduled,20260815,0.05047099720350711,6.289278928754531,True
C16-d16-L2-H1-m4-ffn32,True,2.9406820066661266,2.5889754261278237,0.95,True,increase,positive,all_scheduled,2.763211039515833,2.5819350567956767,-0.18127598272015652,attention_target_over_distractor_log_margin,12,20000,sgd,all_scheduled,20260815,0.32446713115745734,8.516150864522862,True
C16-d16-L2-H1-m4-ffn32,True,0.4991861979166667,0.46240234375,0.95,True,increase,positive,all_scheduled,0.4816080729166667,1.0,0.5183919270833334,donor_accuracy,12,20000,sgd,all_scheduled,20260815,0.03382356412037737,14.238832761758443,True
C16-d16-L2-H1-m4-ffn32,True,-0.6872276832819809,-1.2694628740066036,0.95,True,decrease,negative,all_scheduled,-0.9496110459119033,9.073516230273526e-05,0.949701781074206,donor_risk,12,20000,sgd,all_scheduled,20260815,0.5426800694852489,-1.74985428673038,True
C16-d16-L2-H1-m4-ffn32,True,0.13666631715993083,0.043361754591266316,0.95,True,descriptive,positive,all_scheduled,0.09004918734232585,0.7234111775954565,0.6333619902531306,embedding_coherence,12,20000,sgd,all_scheduled,20260815,0.08655726162023987,1.0403423774819311,False
C16-d16-L2-H1-m4-ffn32,True,-1.4422368506590526,-2.0837797741095225,0.95,True,descriptive,negative,all_scheduled,-1.7393784125645955,6.3418354988098145,8.08121391137441,embedding_effective_rank,12,20000,sgd,all_scheduled,20260815,0.5859357194767507,-2.9685481781480845,False
C16-d16-L2-H1-m4-ffn32,False,0.004271904648010146,-0.007222991168077897,0.95,True,descriptive,negative,all_scheduled,-0.0012523200405970176,6.598995878448477e-05,0.0013183099993815024,ffn_branch_signed,12,20000,sgd,all_scheduled,20260815,0.010744899362470613,-0.11655018798696941,False
C16-d16-L2-H1-m4-ffn32,True,0.10622547101229426,0.010552052548155196,0.95,True,increase,positive,all_scheduled,0.06011939669648806,0.32806211709976196,0.2679427204032739,ffn_cancellation_fraction,12,20000,sgd,all_scheduled,20260815,0.08856862442478579,0.678788872322869,True
C16-d16-L2-H1-m4-ffn32,True,0.158447265625,0.06429036458333333,0.95,True,increase,positive,all_scheduled,0.113037109375,0.6166178385416666,0.5035807291666666,ffn_opposition_rate,12,20000,sgd,all_scheduled,20260815,0.08732568295599476,1.2944314381367252,True
C16-d16-L2-H1-m4-ffn32,False,0.0026070976862835457,-0.010433437540723388,0.95,True,descriptive,negative,all_scheduled,-0.0036758008200195036,0.00031367137459407485,0.003989472194613579,ffn_skip_signed,12,20000,sgd,all_scheduled,20260815,0.012164580522900403,-0.3021724269981717,False
C16-d16-L2-H1-m4-ffn32,False,0.006441404052323644,-0.017360065736177897,0.95,True,descriptive,negative,all_scheduled,-0.004928120761178434,0.0003796613309532404,0.005307782092131674,ffn_total_signed,12,20000,sgd,all_scheduled,20260815,0.022098734439701236,-0.22300466004627276,False
C16-d16-L2-H1-m4-ffn32,True,0.4973958333333333,0.4583333333333333,0.95,True,increase,positive,all_scheduled,0.4783528645833333,1.0,0.5216471354166666,function_accuracy,12,20000,sgd,all_scheduled,20260815,0.03591219245910854,13.320068529038164,True
C16-d16-L2-H1-m4-ffn32,True,0.45444798588141566,0.4117218236421953,0.95,True,increase,positive,all_scheduled,0.43330497373244725,0.4259985685348511,-0.0073064051975961775,key_selectivity,12,20000,sgd,all_scheduled,20260815,0.0397633700311049,10.897088787833988,True
C16-d16-L2-H1-m4-ffn32,True,-0.12437860194477254,-0.1689694816149616,0.95,True,decrease,negative,all_scheduled,-0.1469214299771314,0.004987306077964604,0.151908736055096,natural_swap_mae,12,20000,sgd,all_scheduled,20260815,0.04083303473257421,-3.598102147914225,True
C16-d16-L2-H1-m4-ffn32,True,-0.03938913268683943,-0.06867835628978962,0.95,True,decrease,negative,all_scheduled,-0.05388947559746763,8.521183478175469e-05,0.05397468743224939,natural_swap_mse,12,20000,sgd,all_scheduled,20260815,0.026961931059107415,-1.9987246269315126,True
C16-d16-L2-H1-m4-ffn32,False,0.10379538014531126,-0.042416468821465964,0.95,True,decrease,positive,all_scheduled,0.023258405427138012,0.97687678784132,0.9536183824141821,ov_distractor_gain,12,20000,sgd,all_scheduled,20260815,0.1379799923044774,0.16856360867026432,False
C16-d16-L2-H1-m4-ffn32,True,0.9289864284529659,0.7145740765690183,0.95,True,increase,positive,all_scheduled,0.8210119370681545,0.7651210920885205,-0.05589084497963389,ov_log_target_over_distractor_gain,12,20000,sgd,all_scheduled,20260815,0.19952385048661592,4.114856119034391,True
C16-d16-L2-H1-m4-ffn32,True,1.7296172983944413,1.3583219931771358,0.95,True,increase,positive,all_scheduled,1.5255530749758084,2.4305177852511406,0.9049647102753321,ov_target_gain,12,20000,sgd,all_scheduled,20260815,0.3445411701391135,4.427781662086549,True
C16-d16-L2-H1-m4-ffn32,True,0.04542468646541237,0.009612747669840856,0.95,True,increase,positive,all_scheduled,0.028302860756715138,0.2475915178656578,0.21928865710894266,qk_cancellation_fraction,12,20000,sgd,all_scheduled,20260815,0.03310404044448895,0.8549669580115229,True
C16-d16-L2-H1-m4-ffn32,True,-0.014941870002845432,-0.028534293289151337,0.95,True,descriptive,negative,all_scheduled,-0.0215034662484328,2.7878002304267586e-05,0.021531344250737067,qk_content_energy,12,20000,sgd,all_scheduled,20260815,0.012548866850702289,-1.7135783257776278,False
C16-d16-L2-H1-m4-ffn32,False,0.002947898217604446,-0.011601298932904075,0.95,True,descriptive,negative,all_scheduled,-0.0042020336259914375,-3.564322355487093e-05,0.0041663904024365666,qk_content_signed,12,20000,sgd,all_scheduled,20260815,0.013567658259194334,-0.30970957152048434,False
C16-d16-L2-H1-m4-ffn32,True,0.06689453125,0.036946614583333336,0.95,True,increase,positive,all_scheduled,0.053385416666666664,0.541015625,0.4876302083333333,qk_opposition_rate,12,20000,sgd,all_scheduled,20260815,0.02781008758317311,1.919642162470868,True
C16-d16-L2-H1-m4-ffn32,False,0.002111669271520592,-0.003755853891713438,0.95,True,descriptive,negative,all_scheduled,-0.0005222689178481232,0.0001399843955975181,0.0006622533134456413,qk_route_signed,12,20000,sgd,all_scheduled,20260815,0.005501487447492929,-0.09493231109454321,False
C16-d16-L2-H1-m4-ffn32,True,-0.5125980464741589,-0.7885540804321257,0.95,True,increase,negative,all_scheduled,-0.6397823916437725,-1.003615581120054,-0.3638331894762814,qk_suppression_log_ratio,12,20000,sgd,all_scheduled,20260815,0.25861760307026943,-2.4738547726387212,False
C16-d16-L2-H1-m4-ffn32,False,0.0045300107732449135,-0.014895948033965094,0.95,True,descriptive,negative,all_scheduled,-0.004724302892706571,0.00010434117969756092,0.004828644072404131,qk_total_signed,12,20000,sgd,all_scheduled,20260815,0.018015291880801053,-0.26223848738977545,False
C16-d16-L2-H1-m4-ffn32,True,-0.688896109143055,-1.2704230313632934,0.95,True,decrease,negative,all_scheduled,-0.9512354543073039,9.001192817474173e-05,0.9513254662354788,risk,12,20000,sgd,all_scheduled,20260815,0.5427187332710767,-1.7527227198774098,True
C16-d16-L2-H1-m4-ffn32,True,1.0361202514104662,0.9394965541512648,0.95,True,increase,positive,all_scheduled,0.9916959792511383,1.0076399842898052,0.015944005038666848,target_key_effect,12,20000,sgd,all_scheduled,20260815,0.08943098673221889,11.08895267163439,True
C16-d16-L2-H1-m4-ffn32,True,1.0221648753610983,0.9330041507035882,0.95,True,increase,positive,all_scheduled,0.9807533428926641,1.000602235396703,0.01984889250403891,value_flip_effect,12,20000,sgd,all_scheduled,20260815,0.0821247688369934,11.942235659004742,True
C16-d16-L2-H1-m4-ffn32,True,-0.3919721679166219,-1.4995890695732212,0.95,True,decrease,negative,all_scheduled,-0.8950658168758613,4.1861572299239924e-05,0.8951076784481605,walsh_bias_energy,12,20000,sgd,all_scheduled,20260815,1.0371996409406392,-0.8629638707396038,True
C16-d16-L2-H1-m4-ffn32,True,-0.02527386263042597,-0.08121314750272476,0.95,True,decrease,negative,all_scheduled,-0.04774923163070829,3.6425206417334266e-05,0.04778565683712562,walsh_distractor_direct_energy,12,20000,sgd,all_scheduled,20260815,0.05372555602792465,-0.8887619814653928,True
C16-d16-L2-H1-m4-ffn32,True,-0.0035620116733753094,-0.010948930621005576,0.95,True,decrease,negative,all_scheduled,-0.00683647433531102,3.2541860491619445e-05,0.006869016195802639,walsh_interaction_energy,12,20000,sgd,all_scheduled,20260815,0.006902447279666267,-0.9904420936977535,True
C16-d16-L2-H1-m4-ffn32,True,1.021625056329261,0.9343831538164522,0.95,True,increase,positive,all_scheduled,0.9814434826839715,1.0006017138560612,0.019158231172089774,walsh_target_coefficient,12,20000,sgd,all_scheduled,20260815,0.0807374166637763,12.155993134770517,True
C16-d16-L2-H1-m4-ffn32,True,-0.8913914345169588,-1.0519995691320674,0.95,True,decrease,negative,all_scheduled,-0.9759742953629029,5.486227564688306e-05,0.9760291576385498,walsh_target_error_energy,12,20000,sgd,all_scheduled,20260815,0.1480391059442658,-6.592678935323621,True
C16-d16-L2-H1-m4-ffn32,True,-1.4166078400009463,-2.5384447618025354,0.95,True,decrease,negative,all_scheduled,-1.9256258210183053,0.00016569091470349426,1.925791511933009,walsh_total_error_energy,12,20000,sgd,all_scheduled,20260815,1.0439284629796068,-1.844595572691002,True
C16-d16-L2-H1-m4-ffn32,True,-0.10146015408681706,-0.13235109516535887,0.95,True,decrease,negative,function_gate,-0.11587879927052806,0.06999543654577185,0.18587423581629992,attention_mean_distractor_mass,12,20000,sgd,claim_eligible,20260815,0.028433507505112424,-4.0754310473195305,True
C16-d16-L2-H1-m4-ffn32,False,0.1005340101934659,-0.033934680915748076,0.95,True,descriptive,positive,function_gate,0.03021019526446859,0.2940196789180239,0.26380948365355533,attention_self_mass,12,20000,sgd,claim_eligible,20260815,0.12307510267434028,0.2454614670881527,False
C16-d16-L2-H1-m4-ffn32,True,0.34492991330722966,0.2901473759363095,0.95,True,increase,positive,function_gate,0.31742617922524613,0.4959940081462264,0.1785678289209803,attention_target_mass,12,20000,sgd,claim_eligible,20260815,0.05047099720350711,6.289278928754531,True
C16-d16-L2-H1-m4-ffn32,True,2.9406820066661266,2.5889754261278237,0.95,True,increase,positive,function_gate,2.763211039515833,2.5819350567956767,-0.18127598272015652,attention_target_over_distractor_log_margin,12,20000,sgd,claim_eligible,20260815,0.32446713115745734,8.516150864522862,True
C16-d16-L2-H1-m4-ffn32,True,0.4991861979166667,0.46240234375,0.95,True,increase,positive,all_scheduled,0.4816080729166667,1.0,0.5183919270833334,donor_accuracy,12,20000,sgd,claim_eligible,20260815,0.03382356412037737,14.238832761758443,True
C16-d16-L2-H1-m4-ffn32,True,-0.6872276832819809,-1.2694628740066036,0.95,True,decrease,negative,all_scheduled,-0.9496110459119033,9.073516230273526e-05,0.949701781074206,donor_risk,12,20000,sgd,claim_eligible,20260815,0.5426800694852489,-1.74985428673038,True
C16-d16-L2-H1-m4-ffn32,True,0.13666631715993083,0.043361754591266316,0.95,True,descriptive,positive,function_gate,0.09004918734232585,0.7234111775954565,0.6333619902531306,embedding_coherence,12,20000,sgd,claim_eligible,20260815,0.08655726162023987,1.0403423774819311,False
C16-d16-L2-H1-m4-ffn32,True,-1.4422368506590526,-2.0837797741095225,0.95,True,descriptive,negative,function_gate,-1.7393784125645955,6.3418354988098145,8.08121391137441,embedding_effective_rank,12,20000,sgd,claim_eligible,20260815,0.5859357194767507,-2.9685481781480845,False
C16-d16-L2-H1-m4-ffn32,False,0.004271904648010146,-0.007222991168077897,0.95,True,descriptive,negative,function_and_donor_gate,-0.0012523200405970176,6.598995878448477e-05,0.0013183099993815024,ffn_branch_signed,12,20000,sgd,claim_eligible,20260815,0.010744899362470613,-0.11655018798696941,False
C16-d16-L2-H1-m4-ffn32,True,0.10622547101229426,0.010552052548155196,0.95,True,increase,positive,function_and_donor_gate,0.06011939669648806,0.32806211709976196,0.2679427204032739,ffn_cancellation_fraction,12,20000,sgd,claim_eligible,20260815,0.08856862442478579,0.678788872322869,True
C16-d16-L2-H1-m4-ffn32,True,0.158447265625,0.06429036458333333,0.95,True,increase,positive,function_and_donor_gate,0.113037109375,0.6166178385416666,0.5035807291666666,ffn_opposition_rate,12,20000,sgd,claim_eligible,20260815,0.08732568295599476,1.2944314381367252,True
C16-d16-L2-H1-m4-ffn32,False,0.0026070976862835457,-0.010433437540723388,0.95,True,descriptive,negative,function_and_donor_gate,-0.0036758008200195036,0.00031367137459407485,0.003989472194613579,ffn_skip_signed,12,20000,sgd,claim_eligible,20260815,0.012164580522900403,-0.3021724269981717,False
C16-d16-L2-H1-m4-ffn32,False,0.006441404052323644,-0.017360065736177897,0.95,True,descriptive,negative,function_and_donor_gate,-0.004928120761178434,0.0003796613309532404,0.005307782092131674,ffn_total_signed,12,20000,sgd,claim_eligible,20260815,0.022098734439701236,-0.22300466004627276,False
C16-d16-L2-H1-m4-ffn32,True,0.4973958333333333,0.4583333333333333,0.95,True,increase,positive,all_scheduled,0.4783528645833333,1.0,0.5216471354166666,function_accuracy,12,20000,sgd,claim_eligible,20260815,0.03591219245910854,13.320068529038164,True
C16-d16-L2-H1-m4-ffn32,True,0.45444798588141566,0.4117218236421953,0.95,True,increase,positive,function_gate,0.43330497373244725,0.4259985685348511,-0.0073064051975961775,key_selectivity,12,20000,sgd,claim_eligible,20260815,0.0397633700311049,10.897088787833988,True
C16-d16-L2-H1-m4-ffn32,True,-0.12437860194477254,-0.1689694816149616,0.95,True,decrease,negative,all_scheduled,-0.1469214299771314,0.004987306077964604,0.151908736055096,natural_swap_mae,12,20000,sgd,claim_eligible,20260815,0.04083303473257421,-3.598102147914225,True
C16-d16-L2-H1-m4-ffn32,True,-0.03938913268683943,-0.06867835628978962,0.95,True,decrease,negative,all_scheduled,-0.05388947559746763,8.521183478175469e-05,0.05397468743224939,natural_swap_mse,12,20000,sgd,claim_eligible,20260815,0.026961931059107415,-1.9987246269315126,True
C16-d16-L2-H1-m4-ffn32,False,0.10379538014531126,-0.042416468821465964,0.95,True,decrease,positive,function_and_donor_gate,0.023258405427138012,0.97687678784132,0.9536183824141821,ov_distractor_gain,12,20000,sgd,claim_eligible,20260815,0.1379799923044774,0.16856360867026432,False
C16-d16-L2-H1-m4-ffn32,True,0.9289864284529659,0.7145740765690183,0.95,True,increase,positive,function_and_donor_gate,0.8210119370681545,0.7651210920885205,-0.05589084497963389,ov_log_target_over_distractor_gain,12,20000,sgd,claim_eligible,20260815,0.19952385048661592,4.114856119034391,True
C16-d16-L2-H1-m4-ffn32,True,1.7296172983944413,1.3583219931771358,0.95,True,increase,positive,function_and_donor_gate,1.5255530749758084,2.4305177852511406,0.9049647102753321,ov_target_gain,12,20000,sgd,claim_eligible,20260815,0.3445411701391135,4.427781662086549,True
C16-d16-L2-H1-m4-ffn32,True,0.04542468646541237,0.009612747669840856,0.95,True,increase,positive,function_and_donor_gate,0.028302860756715138,0.2475915178656578,0.21928865710894266,qk_cancellation_fraction,12,20000,sgd,claim_eligible,20260815,0.03310404044448895,0.8549669580115229,True
C16-d16-L2-H1-m4-ffn32,True,-0.014941870002845432,-0.028534293289151337,0.95,True,descriptive,negative,function_and_donor_gate,-0.0215034662484328,2.7878002304267586e-05,0.021531344250737067,qk_content_energy,12,20000,sgd,claim_eligible,20260815,0.012548866850702289,-1.7135783257776278,False
C16-d16-L2-H1-m4-ffn32,False,0.002947898217604446,-0.011601298932904075,0.95,True,descriptive,negative,function_and_donor_gate,-0.0042020336259914375,-3.564322355487093e-05,0.0041663904024365666,qk_content_signed,12,20000,sgd,claim_eligible,20260815,0.013567658259194334,-0.30970957152048434,False
C16-d16-L2-H1-m4-ffn32,True,0.06689453125,0.036946614583333336,0.95,True,increase,positive,function_and_donor_gate,0.053385416666666664,0.541015625,0.4876302083333333,qk_opposition_rate,12,20000,sgd,claim_eligible,20260815,0.02781008758317311,1.919642162470868,True
C16-d16-L2-H1-m4-ffn32,False,0.002111669271520592,-0.003755853891713438,0.95,True,descriptive,negative,function_and_donor_gate,-0.0005222689178481232,0.0001399843955975181,0.0006622533134456413,qk_route_signed,12,20000,sgd,claim_eligible,20260815,0.005501487447492929,-0.09493231109454321,False
C16-d16-L2-H1-m4-ffn32,True,-0.5125980464741589,-0.7885540804321257,0.95,True,increase,negative,function_and_donor_gate,-0.6397823916437725,-1.003615581120054,-0.3638331894762814,qk_suppression_log_ratio,12,20000,sgd,claim_eligible,20260815,0.25861760307026943,-2.4738547726387212,False
C16-d16-L2-H1-m4-ffn32,False,0.0045300107732449135,-0.014895948033965094,0.95,True,descriptive,negative,function_and_donor_gate,-0.004724302892706571,0.00010434117969756092,0.004828644072404131,qk_total_signed,12,20000,sgd,claim_eligible,20260815,0.018015291880801053,-0.26223848738977545,False
C16-d16-L2-H1-m4-ffn32,True,-0.688896109143055,-1.2704230313632934,0.95,True,decrease,negative,all_scheduled,-0.9512354543073039,9.001192817474173e-05,0.9513254662354788,risk,12,20000,sgd,claim_eligible,20260815,0.5427187332710767,-1.7527227198774098,True
C16-d16-L2-H1-m4-ffn32,True,1.0361202514104662,0.9394965541512648,0.95,True,increase,positive,function_gate,0.9916959792511383,1.0076399842898052,0.015944005038666848,target_key_effect,12,20000,sgd,claim_eligible,20260815,0.08943098673221889,11.08895267163439,True
C16-d16-L2-H1-m4-ffn32,True,1.0221648753610983,0.9330041507035882,0.95,True,increase,positive,function_gate,0.9807533428926641,1.000602235396703,0.01984889250403891,value_flip_effect,12,20000,sgd,claim_eligible,20260815,0.0821247688369934,11.942235659004742,True
C16-d16-L2-H1-m4-ffn32,True,-0.3919721679166219,-1.4995890695732212,0.95,True,decrease,negative,function_gate,-0.8950658168758613,4.1861572299239924e-05,0.8951076784481605,walsh_bias_energy,12,20000,sgd,claim_eligible,20260815,1.0371996409406392,-0.8629638707396038,True
C16-d16-L2-H1-m4-ffn32,True,-0.02527386263042597,-0.08121314750272476,0.95,True,decrease,negative,function_gate,-0.04774923163070829,3.6425206417334266e-05,0.04778565683712562,walsh_distractor_direct_energy,12,20000,sgd,claim_eligible,20260815,0.05372555602792465,-0.8887619814653928,True
C16-d16-L2-H1-m4-ffn32,True,-0.0035620116733753094,-0.010948930621005576,0.95,True,decrease,negative,function_gate,-0.00683647433531102,3.2541860491619445e-05,0.006869016195802639,walsh_interaction_energy,12,20000,sgd,claim_eligible,20260815,0.006902447279666267,-0.9904420936977535,True
C16-d16-L2-H1-m4-ffn32,True,1.021625056329261,0.9343831538164522,0.95,True,increase,positive,function_gate,0.9814434826839715,1.0006017138560612,0.019158231172089774,walsh_target_coefficient,12,20000,sgd,claim_eligible,20260815,0.0807374166637763,12.155993134770517,True
C16-d16-L2-H1-m4-ffn32,True,-0.8913914345169588,-1.0519995691320674,0.95,True,decrease,negative,function_gate,-0.9759742953629029,5.486227564688306e-05,0.9760291576385498,walsh_target_error_energy,12,20000,sgd,claim_eligible,20260815,0.1480391059442658,-6.592678935323621,True
C16-d16-L2-H1-m4-ffn32,True,-1.4166078400009463,-2.5384447618025354,0.95,True,decrease,negative,function_gate,-1.9256258210183053,0.00016569091470349426,1.925791511933009,walsh_total_error_energy,12,20000,sgd,claim_eligible,20260815,1.0439284629796068,-1.844595572691002,True
C16-d16-L2-H1-m4-ffnnone,True,-0.11902156122087036,-0.14045615728828126,0.95,True,decrease,negative,all_scheduled,-0.13069704388423511,0.07008353904044877,0.2007805829246839,attention_mean_distractor_mass,12,20000,sgd,all_scheduled,20260815,0.019549307681715138,-6.685507538790169,True
C16-d16-L2-H1-m4-ffnnone,False,0.09425699150888249,-0.0186786454481383,0.95,True,descriptive,positive,all_scheduled,0.04084900223339597,0.2440484524704516,0.20319945023705563,attention_self_mass,12,20000,sgd,all_scheduled,20260815,0.1045486309154166,0.39071771553320683,False
C16-d16-L2-H1-m4-ffnnone,True,0.3852105518182119,0.32037935716410476,0.95,True,increase,positive,all_scheduled,0.35124212006727856,0.5457009387513002,0.19445881868402162,attention_target_mass,12,20000,sgd,all_scheduled,20260815,0.059782078997058855,5.875374793917068,True
C16-d16-L2-H1-m4-ffnnone,True,3.3630568462753825,2.89386324074779,0.95,True,increase,positive,all_scheduled,3.108456551330164,2.9491986371576786,-0.15925791417248547,attention_target_over_distractor_log_margin,12,20000,sgd,all_scheduled,20260815,0.43540859375040664,7.139171334574195,True
C16-d16-L2-H1-m4-ffnnone,True,0.544921875,0.4739542643229167,0.95,True,increase,positive,all_scheduled,0.51025390625,1.0,0.48974609375,donor_accuracy,12,20000,sgd,all_scheduled,20260815,0.0654495602452873,7.796139566678615,True
C16-d16-L2-H1-m4-ffnnone,True,-0.7426582177230486,-1.5160887139749928,0.95,True,decrease,negative,all_scheduled,-1.0653852105800372,8.630944648757577e-05,1.0654715200265248,donor_risk,12,20000,sgd,all_scheduled,20260815,0.718680903266085,-1.4824175871911098,True
C16-d16-L2-H1-m4-ffnnone,True,0.15797027250130966,0.06819401979446411,0.95,True,descriptive,positive,all_scheduled,0.11311133205890656,0.732384999593099,0.6192736675341924,embedding_coherence,12,20000,sgd,all_scheduled,20260815,0.08320797013202806,1.3593809809256268,False
C16-d16-L2-H1-m4-ffnnone,True,-1.3322035829226178,-1.8055188655853271,0.95,True,descriptive,negative,all_scheduled,-1.5609567165374756,6.196525494257609,7.757482210795085,embedding_effective_rank,12,20000,sgd,all_scheduled,20260815,0.4346405028501422,-3.5913742651721323,False
C16-d16-L2-H1-m4-ffnnone,True,0.5397135416666666,0.466796875,0.95,True,increase,positive,all_scheduled,0.5032552083333334,1.0,0.4967447916666667,function_accuracy,12,20000,sgd,all_scheduled,20260815,0.06749572808890165,7.456104594804479,True
C16-d16-L2-H1-m4-ffnnone,True,0.5114992891535316,0.45565270908021677,0.95,True,increase,positive,all_scheduled,0.4819391626515426,0.4756173963348071,-0.006321766316735496,key_selectivity,12,20000,sgd,all_scheduled,20260815,0.05148227862522407,9.361263244774356,True
C16-d16-L2-H1-m4-ffnnone,True,-0.16296800179115964,-0.22388890382038273,0.95,True,decrease,negative,all_scheduled,-0.19125431265759593,0.0045453988132067025,0.19579971147080263,natural_swap_mae,12,20000,sgd,all_scheduled,20260815,0.05627807434817265,-3.3983805393619684,True
C16-d16-L2-H1-m4-ffnnone,True,-0.054957469463621164,-0.11981946239485144,0.95,True,decrease,negative,all_scheduled,-0.08415268061276038,6.820127153635742e-05,0.08422088188429673,natural_swap_mse,12,20000,sgd,all_scheduled,20260815,0.05988160618993822,-1.4053176921446768,True
C16-d16-L2-H1-m4-ffnnone,False,0.22774102066953977,-0.016048626663784187,0.95,True,decrease,positive,all_scheduled,0.0861748680472374,1.0386713594198227,0.9524964913725853,ov_distractor_gain,12,20000,sgd,all_scheduled,20260815,0.22720143605916998,0.37928839509973394,False
C16-d16-L2-H1-m4-ffnnone,True,1.1120692277133155,0.980238461632204,0.95,True,increase,positive,all_scheduled,1.0437002936184097,0.9922131259615222,-0.05148716765688732,ov_log_target_over_distractor_gain,12,20000,sgd,all_scheduled,20260815,0.12185261392723029,8.565267990407671,True
C16-d16-L2-H1-m4-ffnnone,True,2.374871911853552,1.642170699313283,0.95,True,increase,positive,all_scheduled,1.9686479270458221,2.860940476258596,0.8922925492127737,ov_target_gain,12,20000,sgd,all_scheduled,20260815,0.671310131420904,2.932546128685643,True
C16-d16-L2-H1-m4-ffnnone,False,0.04128622047913571,-0.015585999035586905,0.95,True,increase,positive,all_scheduled,0.012536887700359026,0.24244637601077557,0.22990948831041655,qk_cancellation_fraction,12,20000,sgd,all_scheduled,20260815,0.05226012757348639,0.23989393601709233,False
C16-d16-L2-H1-m4-ffnnone,True,-0.022819937752692004,-0.04664595893849418,0.95,True,descriptive,negative,all_scheduled,-0.03376288277530648,1.999324374916493e-05,0.03378287601905564,qk_content_energy,12,20000,sgd,all_scheduled,20260815,0.022013904742175197,-1.5337071351372789,False
C16-d16-L2-H1-m4-ffnnone,False,0.008808252142413639,-0.005717604762893791,0.95,True,descriptive,positive,all_scheduled,0.001192855242910203,1.9006946937831042e-05,-0.0011738482959723722,qk_content_signed,12,20000,sgd,all_scheduled,20260815,0.01344229106419094,0.08873898334844592,False
C16-d16-L2-H1-m4-ffnnone,True,0.05517781575520816,0.008056640625,0.95,True,increase,positive,all_scheduled,0.030192057291666668,0.5428059895833334,0.5126139322916666,qk_opposition_rate,12,20000,sgd,all_scheduled,20260815,0.04373362511363391,0.6903625577165869,True
C16-d16-L2-H1-m4-ffnnone,True,0.0058931812383396665,0.00024319295937971322,0.95,True,descriptive,positive,all_scheduled,0.003001588488662795,3.309898943371081e-05,-0.0029684894992290842,qk_route_signed,12,20000,sgd,all_scheduled,20260815,0.005207057382571742,0.57644620908332,False
C16-d16-L2-H1-m4-ffnnone,True,-0.5600645584228916,-1.0220209708980594,0.95,True,increase,negative,all_scheduled,-0.7871601241640747,-0.9799623487051576,-0.19280222454108298,qk_suppression_log_ratio,12,20000,sgd,all_scheduled,20260815,0.4251762259347042,-1.851373797849557,False
C16-d16-L2-H1-m4-ffnnone,False,0.013897781151164655,-0.004580952095784595,0.95,True,descriptive,positive,all_scheduled,0.004194443923552171,5.2105930687199965e-05,-0.004142337992864971,qk_total_signed,12,20000,sgd,all_scheduled,20260815,0.017025294224127283,0.24636542948009926,False
C16-d16-L2-H1-m4-ffnnone,True,-0.7361510862381163,-1.509959238189026,0.95,True,decrease,negative,all_scheduled,-1.0584864343433462,8.317080846609315e-05,1.0585696051518123,risk,12,20000,sgd,all_scheduled,20260815,0.7185002250178251,-1.4731887304796412,True
C16-d16-L2-H1-m4-ffnnone,True,1.0907158980393432,0.962890014917745,0.95,True,increase,positive,all_scheduled,1.0251423208780277,1.0151009658972423,-0.0100413549807854,target_key_effect,12,20000,sgd,all_scheduled,20260815,0.11757199658036621,8.719272877000883,True
C16-d16-L2-H1-m4-ffnnone,True,1.071537358104251,0.9269348921215472,0.95,True,increase,positive,all_scheduled,0.99877492353941,0.9995580514272054,0.0007831278877953688,value_flip_effect,12,20000,sgd,all_scheduled,20260815,0.13307739238516056,7.505218622323887,True
C16-d16-L2-H1-m4-ffnnone,True,-0.37001943099368956,-1.7615776858272698,0.95,True,decrease,negative,all_scheduled,-0.9490043012598713,3.827914103264144e-05,0.9490425804009041,walsh_bias_energy,12,20000,sgd,all_scheduled,20260815,1.2959673573844661,-0.7322748492486424,True
C16-d16-L2-H1-m4-ffnnone,True,-0.04691275139828881,-0.17793070305765846,0.95,True,decrease,negative,all_scheduled,-0.10439105174858317,4.109167760664908e-05,0.10443214342618982,walsh_distractor_direct_energy,12,20000,sgd,all_scheduled,20260815,0.12169741393761621,-0.8577918656685299,True
C16-d16-L2-H1-m4-ffnnone,True,-0.004044396020678207,-0.022268875971474235,0.95,True,decrease,negative,all_scheduled,-0.011733871527743153,2.2787744228480733e-05,0.011756659271971634,walsh_interaction_energy,12,20000,sgd,all_scheduled,20260815,0.017123165378122952,-0.6852629913120318,True
C16-d16-L2-H1-m4-ffnnone,True,1.0729872509953566,0.9285367733061625,0.95,True,increase,positive,all_scheduled,1.0001222722542782,0.9995392809311548,-0.0005829913231233755,walsh_target_coefficient,12,20000,sgd,all_scheduled,20260815,0.1332946146108827,7.503095869055644,True
C16-d16-L2-H1-m4-ffnnone,True,-0.8873558798347254,-1.1850106137633172,0.95,True,decrease,negative,all_scheduled,-1.0306653131247003,7.153558726713527e-05,1.0307368487119675,walsh_target_error_energy,12,20000,sgd,all_scheduled,20260815,0.2743155136674111,-3.757225755646879,True
C16-d16-L2-H1-m4-ffnnone,True,-1.4859151555631191,-2.9274936569080783,0.95,True,decrease,negative,all_scheduled,-2.095794582114953,0.00017369414733063118,2.0959682762622833,walsh_total_error_energy,12,20000,sgd,all_scheduled,20260815,1.3347303911808472,-1.5702006906883912,True
C16-d16-L2-H1-m4-ffnnone,True,-0.11902156122087036,-0.14045615728828126,0.95,True,decrease,negative,function_gate,-0.13069704388423511,0.07008353904044877,0.2007805829246839,attention_mean_distractor_mass,12,20000,sgd,claim_eligible,20260815,0.019549307681715138,-6.685507538790169,True
C16-d16-L2-H1-m4-ffnnone,False,0.09425699150888249,-0.0186786454481383,0.95,True,descriptive,positive,function_gate,0.04084900223339597,0.2440484524704516,0.20319945023705563,attention_self_mass,12,20000,sgd,claim_eligible,20260815,0.1045486309154166,0.39071771553320683,False
C16-d16-L2-H1-m4-ffnnone,True,0.3852105518182119,0.32037935716410476,0.95,True,increase,positive,function_gate,0.35124212006727856,0.5457009387513002,0.19445881868402162,attention_target_mass,12,20000,sgd,claim_eligible,20260815,0.059782078997058855,5.875374793917068,True
C16-d16-L2-H1-m4-ffnnone,True,3.3630568462753825,2.89386324074779,0.95,True,increase,positive,function_gate,3.108456551330164,2.9491986371576786,-0.15925791417248547,attention_target_over_distractor_log_margin,12,20000,sgd,claim_eligible,20260815,0.43540859375040664,7.139171334574195,True
C16-d16-L2-H1-m4-ffnnone,True,0.544921875,0.4739542643229167,0.95,True,increase,positive,all_scheduled,0.51025390625,1.0,0.48974609375,donor_accuracy,12,20000,sgd,claim_eligible,20260815,0.0654495602452873,7.796139566678615,True
C16-d16-L2-H1-m4-ffnnone,True,-0.7426582177230486,-1.5160887139749928,0.95,True,decrease,negative,all_scheduled,-1.0653852105800372,8.630944648757577e-05,1.0654715200265248,donor_risk,12,20000,sgd,claim_eligible,20260815,0.718680903266085,-1.4824175871911098,True
C16-d16-L2-H1-m4-ffnnone,True,0.15797027250130966,0.06819401979446411,0.95,True,descriptive,positive,function_gate,0.11311133205890656,0.732384999593099,0.6192736675341924,embedding_coherence,12,20000,sgd,claim_eligible,20260815,0.08320797013202806,1.3593809809256268,False
C16-d16-L2-H1-m4-ffnnone,True,-1.3322035829226178,-1.8055188655853271,0.95,True,descriptive,negative,function_gate,-1.5609567165374756,6.196525494257609,7.757482210795085,embedding_effective_rank,12,20000,sgd,claim_eligible,20260815,0.4346405028501422,-3.5913742651721323,False
C16-d16-L2-H1-m4-ffnnone,True,0.5397135416666666,0.466796875,0.95,True,increase,positive,all_scheduled,0.5032552083333334,1.0,0.4967447916666667,function_accuracy,12,20000,sgd,claim_eligible,20260815,0.06749572808890165,7.456104594804479,True
C16-d16-L2-H1-m4-ffnnone,True,0.5114992891535316,0.45565270908021677,0.95,True,increase,positive,function_gate,0.4819391626515426,0.4756173963348071,-0.006321766316735496,key_selectivity,12,20000,sgd,claim_eligible,20260815,0.05148227862522407,9.361263244774356,True
C16-d16-L2-H1-m4-ffnnone,True,-0.16296800179115964,-0.22388890382038273,0.95,True,decrease,negative,all_scheduled,-0.19125431265759593,0.0045453988132067025,0.19579971147080263,natural_swap_mae,12,20000,sgd,claim_eligible,20260815,0.05627807434817265,-3.3983805393619684,True
C16-d16-L2-H1-m4-ffnnone,True,-0.054957469463621164,-0.11981946239485144,0.95,True,decrease,negative,all_scheduled,-0.08415268061276038,6.820127153635742e-05,0.08422088188429673,natural_swap_mse,12,20000,sgd,claim_eligible,20260815,0.05988160618993822,-1.4053176921446768,True
C16-d16-L2-H1-m4-ffnnone,False,0.22774102066953977,-0.016048626663784187,0.95,True,decrease,positive,function_and_donor_gate,0.0861748680472374,1.0386713594198227,0.9524964913725853,ov_distractor_gain,12,20000,sgd,claim_eligible,20260815,0.22720143605916998,0.37928839509973394,False
C16-d16-L2-H1-m4-ffnnone,True,1.1120692277133155,0.980238461632204,0.95,True,increase,positive,function_and_donor_gate,1.0437002936184097,0.9922131259615222,-0.05148716765688732,ov_log_target_over_distractor_gain,12,20000,sgd,claim_eligible,20260815,0.12185261392723029,8.565267990407671,True
C16-d16-L2-H1-m4-ffnnone,True,2.374871911853552,1.642170699313283,0.95,True,increase,positive,function_and_donor_gate,1.9686479270458221,2.860940476258596,0.8922925492127737,ov_target_gain,12,20000,sgd,claim_eligible,20260815,0.671310131420904,2.932546128685643,True
C16-d16-L2-H1-m4-ffnnone,False,0.04128622047913571,-0.015585999035586905,0.95,True,increase,positive,function_and_donor_gate,0.012536887700359026,0.24244637601077557,0.22990948831041655,qk_cancellation_fraction,12,20000,sgd,claim_eligible,20260815,0.05226012757348639,0.23989393601709233,False
C16-d16-L2-H1-m4-ffnnone,True,-0.022819937752692004,-0.04664595893849418,0.95,True,descriptive,negative,function_and_donor_gate,-0.03376288277530648,1.999324374916493e-05,0.03378287601905564,qk_content_energy,12,20000,sgd,claim_eligible,20260815,0.022013904742175197,-1.5337071351372789,False
C16-d16-L2-H1-m4-ffnnone,False,0.008808252142413639,-0.005717604762893791,0.95,True,descriptive,positive,function_and_donor_gate,0.001192855242910203,1.9006946937831042e-05,-0.0011738482959723722,qk_content_signed,12,20000,sgd,claim_eligible,20260815,0.01344229106419094,0.08873898334844592,False
C16-d16-L2-H1-m4-ffnnone,True,0.05517781575520816,0.008056640625,0.95,True,increase,positive,function_and_donor_gate,0.030192057291666668,0.5428059895833334,0.5126139322916666,qk_opposition_rate,12,20000,sgd,claim_eligible,20260815,0.04373362511363391,0.6903625577165869,True
C16-d16-L2-H1-m4-ffnnone,True,0.0058931812383396665,0.00024319295937971322,0.95,True,descriptive,positive,function_and_donor_gate,0.003001588488662795,3.309898943371081e-05,-0.0029684894992290842,qk_route_signed,12,20000,sgd,claim_eligible,20260815,0.005207057382571742,0.57644620908332,False
C16-d16-L2-H1-m4-ffnnone,True,-0.5600645584228916,-1.0220209708980594,0.95,True,increase,negative,function_and_donor_gate,-0.7871601241640747,-0.9799623487051576,-0.19280222454108298,qk_suppression_log_ratio,12,20000,sgd,claim_eligible,20260815,0.4251762259347042,-1.851373797849557,False
C16-d16-L2-H1-m4-ffnnone,False,0.013897781151164655,-0.004580952095784595,0.95,True,descriptive,positive,function_and_donor_gate,0.004194443923552171,5.2105930687199965e-05,-0.004142337992864971,qk_total_signed,12,20000,sgd,claim_eligible,20260815,0.017025294224127283,0.24636542948009926,False
C16-d16-L2-H1-m4-ffnnone,True,-0.7361510862381163,-1.509959238189026,0.95,True,decrease,negative,all_scheduled,-1.0584864343433462,8.317080846609315e-05,1.0585696051518123,risk,12,20000,sgd,claim_eligible,20260815,0.7185002250178251,-1.4731887304796412,True
C16-d16-L2-H1-m4-ffnnone,True,1.0907158980393432,0.962890014917745,0.95,True,increase,positive,function_gate,1.0251423208780277,1.0151009658972423,-0.0100413549807854,target_key_effect,12,20000,sgd,claim_eligible,20260815,0.11757199658036621,8.719272877000883,True
C16-d16-L2-H1-m4-ffnnone,True,1.071537358104251,0.9269348921215472,0.95,True,increase,positive,function_gate,0.99877492353941,0.9995580514272054,0.0007831278877953688,value_flip_effect,12,20000,sgd,claim_eligible,20260815,0.13307739238516056,7.505218622323887,True
C16-d16-L2-H1-m4-ffnnone,True,-0.37001943099368956,-1.7615776858272698,0.95,True,decrease,negative,function_gate,-0.9490043012598713,3.827914103264144e-05,0.9490425804009041,walsh_bias_energy,12,20000,sgd,claim_eligible,20260815,1.2959673573844661,-0.7322748492486424,True
C16-d16-L2-H1-m4-ffnnone,True,-0.04691275139828881,-0.17793070305765846,0.95,True,decrease,negative,function_gate,-0.10439105174858317,4.109167760664908e-05,0.10443214342618982,walsh_distractor_direct_energy,12,20000,sgd,claim_eligible,20260815,0.12169741393761621,-0.8577918656685299,True
C16-d16-L2-H1-m4-ffnnone,True,-0.004044396020678207,-0.022268875971474235,0.95,True,decrease,negative,function_gate,-0.011733871527743153,2.2787744228480733e-05,0.011756659271971634,walsh_interaction_energy,12,20000,sgd,claim_eligible,20260815,0.017123165378122952,-0.6852629913120318,True
C16-d16-L2-H1-m4-ffnnone,True,1.0729872509953566,0.9285367733061625,0.95,True,increase,positive,function_gate,1.0001222722542782,0.9995392809311548,-0.0005829913231233755,walsh_target_coefficient,12,20000,sgd,claim_eligible,20260815,0.1332946146108827,7.503095869055644,True
C16-d16-L2-H1-m4-ffnnone,True,-0.8873558798347254,-1.1850106137633172,0.95,True,decrease,negative,function_gate,-1.0306653131247003,7.153558726713527e-05,1.0307368487119675,walsh_target_error_energy,12,20000,sgd,claim_eligible,20260815,0.2743155136674111,-3.757225755646879,True
C16-d16-L2-H1-m4-ffnnone,True,-1.4859151555631191,-2.9274936569080783,0.95,True,decrease,negative,function_gate,-2.095794582114953,0.00017369414733063118,2.0959682762622833,walsh_total_error_energy,12,20000,sgd,claim_eligible,20260815,1.3347303911808472,-1.5702006906883912,True
C16-d16-L2-H4-m4-ffn32,True,-0.03944322429621634,-0.05669411498323219,0.95,True,decrease,negative,all_scheduled,-0.04838665986608248,0.1457841813826235,0.19417084124870598,attention_mean_distractor_mass,12,20000,sgd,all_scheduled,20260815,0.015823101368388208,-3.0579757241997183,True
C16-d16-L2-H4-m4-ffn32,True,0.05786425719367495,0.00907936107626787,0.95,True,descriptive,positive,all_scheduled,0.033701784632285126,0.26290449135315913,0.22920270672087403,attention_self_mass,12,20000,sgd,all_scheduled,20260815,0.04473944764921612,0.7532901366267899,False
C16-d16-L2-H4-m4-ffn32,True,0.12465743985182291,0.0994453603833487,0.95,True,increase,positive,all_scheduled,0.11145819741068408,0.2997429828586367,0.18828478544795266,attention_target_mass,12,20000,sgd,all_scheduled,20260815,0.02350112660508572,4.742674650608629,True
C16-d16-L2-H4-m4-ffn32,True,1.1892037555095156,0.8767022023770551,0.95,True,increase,positive,all_scheduled,1.0284863856213633,0.8206634306019017,-0.2078229550194616,attention_target_over_distractor_log_margin,12,20000,sgd,all_scheduled,20260815,0.28874813174604136,3.5618806584207916,True
C16-d16-L2-H4-m4-ffn32,True,0.50927734375,0.4684244791666667,0.95,True,increase,positive,all_scheduled,0.4894205729166667,1.0,0.5105794270833334,donor_accuracy,12,20000,sgd,all_scheduled,20260815,0.03791330094568254,12.90894120820151,True
C16-d16-L2-H4-m4-ffn32,True,-0.7925187348123022,-1.6897965838265463,0.95,True,decrease,negative,all_scheduled,-1.1850786063514533,0.0001550710755206334,1.185233677426974,donor_risk,12,20000,sgd,all_scheduled,20260815,0.8425173169647953,-1.4065925797474998,True
C16-d16-L2-H4-m4-ffn32,True,0.13731638230383383,0.049520066504677135,0.95,True,descriptive,positive,all_scheduled,0.09447167813777924,0.7278336683909098,0.6333619902531306,embedding_coherence,12,20000,sgd,all_scheduled,20260815,0.08118150083494165,1.1637094309189873,False
C16-d16-L2-H4-m4-ffn32,True,-1.8948172618945442,-2.4324058145284653,0.95,True,descriptive,negative,all_scheduled,-2.166333039601644,5.914880871772766,8.08121391137441,embedding_effective_rank,12,20000,sgd,all_scheduled,20260815,0.4942322220335245,-4.383229063229104,False
C16-d16-L2-H4-m4-ffn32,False,0.0047072742014392975,-0.00992042665741716,0.95,True,descriptive,negative,all_scheduled,-0.003080024695615672,0.0001460322321994075,0.0032260569278150797,ffn_branch_signed,12,20000,sgd,all_scheduled,20260815,0.0136364176062305,-0.22586758374196492,False
C16-d16-L2-H4-m4-ffn32,True,0.11484219632111488,0.05077850228796403,0.95,True,increase,positive,all_scheduled,0.08308096726735432,0.3540465980768204,0.27096563080946606,ffn_cancellation_fraction,12,20000,sgd,all_scheduled,20260815,0.05983948019180062,1.3883972086832788,True
C16-d16-L2-H4-m4-ffn32,True,0.18489583333333334,0.095947265625,0.95,True,increase,positive,all_scheduled,0.14249674479166666,0.64404296875,0.5015462239583334,ffn_opposition_rate,12,20000,sgd,all_scheduled,20260815,0.08279337937617547,1.7211127974886282,True
C16-d16-L2-H4-m4-ffn32,True,-0.002847927882885422,-0.017387953901334182,0.95,True,descriptive,negative,all_scheduled,-0.009969728904858735,0.0004559013050311478,0.010425630209889883,ffn_skip_signed,12,20000,sgd,all_scheduled,20260815,0.013486214933349604,-0.7392533008060647,False
C16-d16-L2-H4-m4-ffn32,False,0.0011655217949927,-0.026513312993264055,0.95,True,descriptive,negative,all_scheduled,-0.013049754086296161,0.000601933536472643,0.013651687622768804,ffn_total_signed,12,20000,sgd,all_scheduled,20260815,0.02584133874210959,-0.5049952797155597,False
C16-d16-L2-H4-m4-ffn32,True,0.509765625,0.47021484375,0.95,True,increase,positive,all_scheduled,0.4900716145833333,1.0,0.5099283854166666,function_accuracy,12,20000,sgd,all_scheduled,20260815,0.036610340119353046,13.386153009932581,True
C16-d16-L2-H4-m4-ffn32,True,0.17790335103006025,0.14254277797493461,0.95,True,increase,positive,all_scheduled,0.15984485967783257,0.15395880242188772,-0.005886057255944858,key_selectivity,12,20000,sgd,all_scheduled,20260815,0.0327212442942563,4.885048326413761,True
C16-d16-L2-H4-m4-ffn32,True,-0.14304908373063277,-0.19661696719413158,0.95,True,decrease,negative,all_scheduled,-0.16972034882443646,0.008058163415019711,0.17777851223945618,natural_swap_mae,12,20000,sgd,all_scheduled,20260815,0.049448992082471895,-3.4322307023240004,True
C16-d16-L2-H4-m4-ffn32,True,-0.04677973177150915,-0.08321794102424368,0.95,True,decrease,negative,all_scheduled,-0.06416663559017859,0.00014620297103344151,0.06431283856121202,natural_swap_mse,12,20000,sgd,all_scheduled,20260815,0.03382480023818295,-1.8970292548171332,True
C16-d16-L2-H4-m4-ffn32,True,0.06667107404209673,0.004413670371286575,0.95,True,decrease,positive,all_scheduled,0.03276988801856836,0.48616460245102644,0.4533947144324581,ov_distractor_gain,12,20000,sgd,all_scheduled,20260815,0.05791291882471805,0.5658476326802183,False
C16-d16-L2-H4-m4-ffn32,True,0.45561753949829537,0.2565527353610378,0.95,True,increase,positive,all_scheduled,0.35441604535056587,0.34544954680798884,-0.008966498542577028,ov_log_target_over_distractor_gain,12,20000,sgd,all_scheduled,20260815,0.18488250854615412,1.9169798600070884,True
C16-d16-L2-H4-m4-ffn32,True,0.5188812973443417,0.3900123528631715,0.95,True,increase,positive,all_scheduled,0.4507564840217431,0.8908867399829129,0.4401302559611698,ov_target_gain,12,20000,sgd,all_scheduled,20260815,0.11944732367076279,3.773684249838702,True
C16-d16-L2-H4-m4-ffn32,False,0.011500427225837483,-0.003941182598161198,0.95,True,increase,positive,all_scheduled,0.0035257686395198107,0.225956972145165,0.2224312035056452,qk_cancellation_fraction,12,20000,sgd,all_scheduled,20260815,0.014244551657288211,0.24751699627666796,False
C16-d16-L2-H4-m4-ffn32,True,-0.005136637058694338,-0.009990978485049127,0.95,True,descriptive,negative,all_scheduled,-0.007401361997888323,1.5581230347727626e-05,0.00741694322823605,qk_content_energy,12,20000,sgd,all_scheduled,20260815,0.004418677950357236,-1.675017297264207,False
C16-d16-L2-H4-m4-ffn32,False,0.0009298850644990787,-0.003526768381967333,0.95,True,descriptive,negative,all_scheduled,-0.001366085895294115,6.255197376958677e-06,0.0013723410926710737,qk_content_signed,12,20000,sgd,all_scheduled,20260815,0.004130778380740965,-0.33070907450839115,False
C16-d16-L2-H4-m4-ffn32,True,0.026835123697916668,0.01116943359375,0.95,True,increase,positive,all_scheduled,0.01849365234375,0.5213623046875,0.50286865234375,qk_opposition_rate,12,20000,sgd,all_scheduled,20260815,0.014552361970962309,1.2708350974674845,True
C16-d16-L2-H4-m4-ffn32,True,-0.00014686466722319447,-0.0012514961292959962,0.95,True,descriptive,negative,all_scheduled,-0.000727160920751165,6.468734693025151e-05,0.0007918482676814165,qk_route_signed,12,20000,sgd,all_scheduled,20260815,0.001029514001023944,-0.706314746596878,False
C16-d16-L2-H4-m4-ffn32,True,-0.3421949649241773,-0.5001689492205817,0.95,True,increase,negative,all_scheduled,-0.4181646261179897,-0.6839817347499775,-0.26581710863198776,qk_suppression_log_ratio,12,20000,sgd,all_scheduled,20260815,0.14641224241956327,-2.8560769182107375,False
C16-d16-L2-H4-m4-ffn32,False,0.000728665617761234,-0.004712968721654794,0.95,True,descriptive,negative,all_scheduled,-0.0020932468343583346,7.094254259243371e-05,0.0021641893769507683,qk_total_signed,12,20000,sgd,all_scheduled,20260815,0.005045730048894864,-0.4148550980877001,False
C16-d16-L2-H4-m4-ffn32,True,-0.7946835380289183,-1.6917501195527316,0.95,True,decrease,negative,all_scheduled,-1.1872723580199818,0.00015732836739819808,1.18742968638738,risk,12,20000,sgd,all_scheduled,20260815,0.8406480728319086,-1.41232983978705,True
C16-d16-L2-H4-m4-ffn32,True,1.0396682391350622,0.938656197162345,0.95,True,increase,positive,all_scheduled,0.9913071319072818,1.0066186288992565,0.015311496991974613,target_key_effect,12,20000,sgd,all_scheduled,20260815,0.0936588423018249,10.58423430766629,True
C16-d16-L2-H4-m4-ffn32,True,1.0189698524385071,0.9336437665702154,0.95,True,increase,positive,all_scheduled,0.9792579089601835,1.000063916047414,0.020806007087230682,value_flip_effect,12,20000,sgd,all_scheduled,20260815,0.07898575018173185,12.397906036305146,True
C16-d16-L2-H4-m4-ffn32,True,-0.5837310753195485,-2.300182094507685,0.95,True,decrease,negative,all_scheduled,-1.3330910464793913,7.636490757552868e-05,1.3331674113869667,walsh_bias_energy,12,20000,sgd,all_scheduled,20260815,1.6128905692461666,-0.8265229345983788,True
C16-d16-L2-H4-m4-ffn32,True,-0.03766587184767711,-0.08960898216551716,0.95,True,decrease,negative,all_scheduled,-0.05896968354439499,6.796692529557428e-05,0.05903765046969056,walsh_distractor_direct_energy,12,20000,sgd,all_scheduled,20260815,0.04954702251942857,-1.1901761305893117,True
C16-d16-L2-H4-m4-ffn32,True,-0.006994365052113003,-0.029403778478740605,0.95,True,decrease,negative,all_scheduled,-0.01670012243387949,7.01861317793373e-05,0.016770308565658826,walsh_interaction_energy,12,20000,sgd,all_scheduled,20260815,0.02084076193471597,-0.8013201478042357,True
C16-d16-L2-H4-m4-ffn32,True,1.0203487610250401,0.934337471613738,0.95,True,increase,positive,all_scheduled,0.9801568715677907,1.000061626235644,0.019904754667853315,walsh_target_coefficient,12,20000,sgd,all_scheduled,20260815,0.07956712529070277,12.318616111701093,True
C16-d16-L2-H4-m4-ffn32,True,-0.8925534555919816,-1.051824631923182,0.95,True,decrease,negative,all_scheduled,-0.9752929750933012,9.406667413713876e-05,0.9753870417674383,walsh_target_error_energy,12,20000,sgd,all_scheduled,20260815,0.14708638864872955,-6.630749344335916,True
C16-d16-L2-H4-m4-ffn32,True,-1.6125332875052971,-3.3846601611621128,0.95,True,decrease,negative,all_scheduled,-2.384053834804945,0.00030858464136448066,2.3843624194463096,walsh_total_error_energy,12,20000,sgd,all_scheduled,20260815,1.6592150426188759,-1.4368564493255775,True
C16-d16-L2-H4-m4-ffn32,True,-0.03944322429621634,-0.05669411498323219,0.95,True,decrease,negative,function_gate,-0.04838665986608248,0.1457841813826235,0.19417084124870598,attention_mean_distractor_mass,12,20000,sgd,claim_eligible,20260815,0.015823101368388208,-3.0579757241997183,True
C16-d16-L2-H4-m4-ffn32,True,0.05786425719367495,0.00907936107626787,0.95,True,descriptive,positive,function_gate,0.033701784632285126,0.26290449135315913,0.22920270672087403,attention_self_mass,12,20000,sgd,claim_eligible,20260815,0.04473944764921612,0.7532901366267899,False
C16-d16-L2-H4-m4-ffn32,True,0.12465743985182291,0.0994453603833487,0.95,True,increase,positive,function_gate,0.11145819741068408,0.2997429828586367,0.18828478544795266,attention_target_mass,12,20000,sgd,claim_eligible,20260815,0.02350112660508572,4.742674650608629,True
C16-d16-L2-H4-m4-ffn32,True,1.1892037555095156,0.8767022023770551,0.95,True,increase,positive,function_gate,1.0284863856213633,0.8206634306019017,-0.2078229550194616,attention_target_over_distractor_log_margin,12,20000,sgd,claim_eligible,20260815,0.28874813174604136,3.5618806584207916,True
C16-d16-L2-H4-m4-ffn32,True,0.50927734375,0.4684244791666667,0.95,True,increase,positive,all_scheduled,0.4894205729166667,1.0,0.5105794270833334,donor_accuracy,12,20000,sgd,claim_eligible,20260815,0.03791330094568254,12.90894120820151,True
C16-d16-L2-H4-m4-ffn32,True,-0.7925187348123022,-1.6897965838265463,0.95,True,decrease,negative,all_scheduled,-1.1850786063514533,0.0001550710755206334,1.185233677426974,donor_risk,12,20000,sgd,claim_eligible,20260815,0.8425173169647953,-1.4065925797474998,True
C16-d16-L2-H4-m4-ffn32,True,0.13731638230383383,0.049520066504677135,0.95,True,descriptive,positive,function_gate,0.09447167813777924,0.7278336683909098,0.6333619902531306,embedding_coherence,12,20000,sgd,claim_eligible,20260815,0.08118150083494165,1.1637094309189873,False
C16-d16-L2-H4-m4-ffn32,True,-1.8948172618945442,-2.4324058145284653,0.95,True,descriptive,negative,function_gate,-2.166333039601644,5.914880871772766,8.08121391137441,embedding_effective_rank,12,20000,sgd,claim_eligible,20260815,0.4942322220335245,-4.383229063229104,False
C16-d16-L2-H4-m4-ffn32,False,0.0047072742014392975,-0.00992042665741716,0.95,True,descriptive,negative,function_and_donor_gate,-0.003080024695615672,0.0001460322321994075,0.0032260569278150797,ffn_branch_signed,12,20000,sgd,claim_eligible,20260815,0.0136364176062305,-0.22586758374196492,False
C16-d16-L2-H4-m4-ffn32,True,0.11484219632111488,0.05077850228796403,0.95,True,increase,positive,function_and_donor_gate,0.08308096726735432,0.3540465980768204,0.27096563080946606,ffn_cancellation_fraction,12,20000,sgd,claim_eligible,20260815,0.05983948019180062,1.3883972086832788,True
C16-d16-L2-H4-m4-ffn32,True,0.18489583333333334,0.095947265625,0.95,True,increase,positive,function_and_donor_gate,0.14249674479166666,0.64404296875,0.5015462239583334,ffn_opposition_rate,12,20000,sgd,claim_eligible,20260815,0.08279337937617547,1.7211127974886282,True
C16-d16-L2-H4-m4-ffn32,True,-0.002847927882885422,-0.017387953901334182,0.95,True,descriptive,negative,function_and_donor_gate,-0.009969728904858735,0.0004559013050311478,0.010425630209889883,ffn_skip_signed,12,20000,sgd,claim_eligible,20260815,0.013486214933349604,-0.7392533008060647,False
C16-d16-L2-H4-m4-ffn32,False,0.0011655217949927,-0.026513312993264055,0.95,True,descriptive,negative,function_and_donor_gate,-0.013049754086296161,0.000601933536472643,0.013651687622768804,ffn_total_signed,12,20000,sgd,claim_eligible,20260815,0.02584133874210959,-0.5049952797155597,False
C16-d16-L2-H4-m4-ffn32,True,0.509765625,0.47021484375,0.95,True,increase,positive,all_scheduled,0.4900716145833333,1.0,0.5099283854166666,function_accuracy,12,20000,sgd,claim_eligible,20260815,0.036610340119353046,13.386153009932581,True
C16-d16-L2-H4-m4-ffn32,True,0.17790335103006025,0.14254277797493461,0.95,True,increase,positive,function_gate,0.15984485967783257,0.15395880242188772,-0.005886057255944858,key_selectivity,12,20000,sgd,claim_eligible,20260815,0.0327212442942563,4.885048326413761,True
C16-d16-L2-H4-m4-ffn32,True,-0.14304908373063277,-0.19661696719413158,0.95,True,decrease,negative,all_scheduled,-0.16972034882443646,0.008058163415019711,0.17777851223945618,natural_swap_mae,12,20000,sgd,claim_eligible,20260815,0.049448992082471895,-3.4322307023240004,True
C16-d16-L2-H4-m4-ffn32,True,-0.04677973177150915,-0.08321794102424368,0.95,True,decrease,negative,all_scheduled,-0.06416663559017859,0.00014620297103344151,0.06431283856121202,natural_swap_mse,12,20000,sgd,claim_eligible,20260815,0.03382480023818295,-1.8970292548171332,True
C16-d16-L2-H4-m4-ffn32,True,0.06667107404209673,0.004413670371286575,0.95,True,decrease,positive,function_and_donor_gate,0.03276988801856836,0.48616460245102644,0.4533947144324581,ov_distractor_gain,12,20000,sgd,claim_eligible,20260815,0.05791291882471805,0.5658476326802183,False
C16-d16-L2-H4-m4-ffn32,True,0.45561753949829537,0.2565527353610378,0.95,True,increase,positive,function_and_donor_gate,0.35441604535056587,0.34544954680798884,-0.008966498542577028,ov_log_target_over_distractor_gain,12,20000,sgd,claim_eligible,20260815,0.18488250854615412,1.9169798600070884,True
C16-d16-L2-H4-m4-ffn32,True,0.5188812973443417,0.3900123528631715,0.95,True,increase,positive,function_and_donor_gate,0.4507564840217431,0.8908867399829129,0.4401302559611698,ov_target_gain,12,20000,sgd,claim_eligible,20260815,0.11944732367076279,3.773684249838702,True
C16-d16-L2-H4-m4-ffn32,False,0.011500427225837483,-0.003941182598161198,0.95,True,increase,positive,function_and_donor_gate,0.0035257686395198107,0.225956972145165,0.2224312035056452,qk_cancellation_fraction,12,20000,sgd,claim_eligible,20260815,0.014244551657288211,0.24751699627666796,False
C16-d16-L2-H4-m4-ffn32,True,-0.005136637058694338,-0.009990978485049127,0.95,True,descriptive,negative,function_and_donor_gate,-0.007401361997888323,1.5581230347727626e-05,0.00741694322823605,qk_content_energy,12,20000,sgd,claim_eligible,20260815,0.004418677950357236,-1.675017297264207,False
C16-d16-L2-H4-m4-ffn32,False,0.0009298850644990787,-0.003526768381967333,0.95,True,descriptive,negative,function_and_donor_gate,-0.001366085895294115,6.255197376958677e-06,0.0013723410926710737,qk_content_signed,12,20000,sgd,claim_eligible,20260815,0.004130778380740965,-0.33070907450839115,False
C16-d16-L2-H4-m4-ffn32,True,0.026835123697916668,0.01116943359375,0.95,True,increase,positive,function_and_donor_gate,0.01849365234375,0.5213623046875,0.50286865234375,qk_opposition_rate,12,20000,sgd,claim_eligible,20260815,0.014552361970962309,1.2708350974674845,True
C16-d16-L2-H4-m4-ffn32,True,-0.00014686466722319447,-0.0012514961292959962,0.95,True,descriptive,negative,function_and_donor_gate,-0.000727160920751165,6.468734693025151e-05,0.0007918482676814165,qk_route_signed,12,20000,sgd,claim_eligible,20260815,0.001029514001023944,-0.706314746596878,False
C16-d16-L2-H4-m4-ffn32,True,-0.3421949649241773,-0.5001689492205817,0.95,True,increase,negative,function_and_donor_gate,-0.4181646261179897,-0.6839817347499775,-0.26581710863198776,qk_suppression_log_ratio,12,20000,sgd,claim_eligible,20260815,0.14641224241956327,-2.8560769182107375,False
C16-d16-L2-H4-m4-ffn32,False,0.000728665617761234,-0.004712968721654794,0.95,True,descriptive,negative,function_and_donor_gate,-0.0020932468343583346,7.094254259243371e-05,0.0021641893769507683,qk_total_signed,12,20000,sgd,claim_eligible,20260815,0.005045730048894864,-0.4148550980877001,False
C16-d16-L2-H4-m4-ffn32,True,-0.7946835380289183,-1.6917501195527316,0.95,True,decrease,negative,all_scheduled,-1.1872723580199818,0.00015732836739819808,1.18742968638738,risk,12,20000,sgd,claim_eligible,20260815,0.8406480728319086,-1.41232983978705,True
C16-d16-L2-H4-m4-ffn32,True,1.0396682391350622,0.938656197162345,0.95,True,increase,positive,function_gate,0.9913071319072818,1.0066186288992565,0.015311496991974613,target_key_effect,12,20000,sgd,claim_eligible,20260815,0.0936588423018249,10.58423430766629,True
C16-d16-L2-H4-m4-ffn32,True,1.0189698524385071,0.9336437665702154,0.95,True,increase,positive,function_gate,0.9792579089601835,1.000063916047414,0.020806007087230682,value_flip_effect,12,20000,sgd,claim_eligible,20260815,0.07898575018173185,12.397906036305146,True
C16-d16-L2-H4-m4-ffn32,True,-0.5837310753195485,-2.300182094507685,0.95,True,decrease,negative,function_gate,-1.3330910464793913,7.636490757552868e-05,1.3331674113869667,walsh_bias_energy,12,20000,sgd,claim_eligible,20260815,1.6128905692461666,-0.8265229345983788,True
C16-d16-L2-H4-m4-ffn32,True,-0.03766587184767711,-0.08960898216551716,0.95,True,decrease,negative,function_gate,-0.05896968354439499,6.796692529557428e-05,0.05903765046969056,walsh_distractor_direct_energy,12,20000,sgd,claim_eligible,20260815,0.04954702251942857,-1.1901761305893117,True
C16-d16-L2-H4-m4-ffn32,True,-0.006994365052113003,-0.029403778478740605,0.95,True,decrease,negative,function_gate,-0.01670012243387949,7.01861317793373e-05,0.016770308565658826,walsh_interaction_energy,12,20000,sgd,claim_eligible,20260815,0.02084076193471597,-0.8013201478042357,True
C16-d16-L2-H4-m4-ffn32,True,1.0203487610250401,0.934337471613738,0.95,True,increase,positive,function_gate,0.9801568715677907,1.000061626235644,0.019904754667853315,walsh_target_coefficient,12,20000,sgd,claim_eligible,20260815,0.07956712529070277,12.318616111701093,True
C16-d16-L2-H4-m4-ffn32,True,-0.8925534555919816,-1.051824631923182,0.95,True,decrease,negative,function_gate,-0.9752929750933012,9.406667413713876e-05,0.9753870417674383,walsh_target_error_energy,12,20000,sgd,claim_eligible,20260815,0.14708638864872955,-6.630749344335916,True
C16-d16-L2-H4-m4-ffn32,True,-1.6125332875052971,-3.3846601611621128,0.95,True,decrease,negative,function_gate,-2.384053834804945,0.00030858464136448066,2.3843624194463096,walsh_total_error_energy,12,20000,sgd,claim_eligible,20260815,1.6592150426188759,-1.4368564493255775,True
C16-d16-L2-H4-m4-ffnnone,True,-0.038776757252586926,-0.05217559102578283,0.95,True,decrease,negative,all_scheduled,-0.045410796670087926,0.1552624916851831,0.200673288355271,attention_mean_distractor_mass,12,20000,sgd,all_scheduled,20260815,0.012349833447558044,-3.6770371732476352,True
C16-d16-L2-H4-m4-ffnnone,True,0.024406847587670172,0.0028352665729471497,0.95,True,descriptive,positive,all_scheduled,0.013197098470603427,0.21594322484452277,0.20274612637391934,attention_self_mass,12,20000,sgd,all_scheduled,20260815,0.019840594211325183,0.6651564126577625,False
C16-d16-L2-H4-m4-ffnnone,True,0.14154119784458694,0.10530831806633312,0.95,True,increase,positive,all_scheduled,0.12303528476816912,0.31826931424438953,0.1952340294762204,attention_target_mass,12,20000,sgd,all_scheduled,20260815,0.03367641599205291,3.6534554270027857,True
C16-d16-L2-H4-m4-ffnnone,True,1.1666945819063883,0.7911141823581905,0.95,True,increase,positive,all_scheduled,0.984334082507606,0.8126044944510795,-0.17172958805652647,attention_target_over_distractor_log_margin,12,20000,sgd,all_scheduled,20260815,0.3465386490180222,2.840474173073879,True
C16-d16-L2-H4-m4-ffnnone,True,0.5379231770833334,0.4679361979166667,0.95,True,increase,positive,all_scheduled,0.5021158854166666,1.0,0.4978841145833333,donor_accuracy,12,20000,sgd,all_scheduled,20260815,0.06515393753333634,7.706608448027511,True
C16-d16-L2-H4-m4-ffnnone,True,-0.7037933387048728,-1.594759019474274,0.95,True,decrease,negative,all_scheduled,-1.0813806442753655,0.00014189994969153,1.081522544225057,donor_risk,12,20000,sgd,all_scheduled,20260815,0.8269962777961789,-1.3076003765785775,True
C16-d16-L2-H4-m4-ffnnone,True,0.15489080821474394,0.05882246879239881,0.95,True,descriptive,positive,all_scheduled,0.10507890085379283,0.7243525683879852,0.6192736675341924,embedding_coherence,12,20000,sgd,all_scheduled,20260815,0.09017415285653886,1.1652884726398975,False
C16-d16-L2-H4-m4-ffnnone,True,-1.8738632589578628,-2.3911447793245313,0.95,True,descriptive,negative,all_scheduled,-2.1248305638631186,5.632651646931966,7.757482210795085,embedding_effective_rank,12,20000,sgd,all_scheduled,20260815,0.4790523038591887,-4.435487621593165,False
C16-d16-L2-H4-m4-ffnnone,True,0.5271809895833334,0.4580078125,0.95,True,increase,positive,all_scheduled,0.4923502604166667,1.0,0.5076497395833334,function_accuracy,12,20000,sgd,all_scheduled,20260815,0.06396682033798358,7.6969631727076555,True
C16-d16-L2-H4-m4-ffnnone,True,0.19295706908936455,0.14501211651804624,0.95,True,increase,positive,all_scheduled,0.16844608025470129,0.16300682040552297,-0.005439259849178295,key_selectivity,12,20000,sgd,all_scheduled,20260815,0.04462053287411653,3.7750799778640354,True
C16-d16-L2-H4-m4-ffnnone,True,-0.1608311983223151,-0.23036705597672458,0.95,True,decrease,negative,all_scheduled,-0.1928576787079995,0.007905956008471549,0.20076363471647105,natural_swap_mae,12,20000,sgd,all_scheduled,20260815,0.06419368156406333,-3.0043093651753474,True
C16-d16-L2-H4-m4-ffnnone,True,-0.05202350211463152,-0.11987530776588452,0.95,True,decrease,negative,all_scheduled,-0.0812058055162197,0.00015473297389689833,0.0813605384901166,natural_swap_mse,12,20000,sgd,all_scheduled,20260815,0.06333218315245033,-1.2822202152852493,True
C16-d16-L2-H4-m4-ffnnone,False,0.058142442558891935,-0.010696254057499268,0.95,True,decrease,positive,all_scheduled,0.019119844151039917,0.4744645518561204,0.4553447077050805,ov_distractor_gain,12,20000,sgd,all_scheduled,20260815,0.0639484613727481,0.2989883374924783,False
C16-d16-L2-H4-m4-ffnnone,True,0.57391415956857,0.3874570076171949,0.95,True,increase,positive,all_scheduled,0.4866465858309918,0.48009618429932743,-0.0065504015316643445,ov_log_target_over_distractor_gain,12,20000,sgd,all_scheduled,20260815,0.17295823521851963,2.813665306055827,True
C16-d16-L2-H4-m4-ffnnone,True,0.6140760958854419,0.4449534614686854,0.95,True,increase,positive,all_scheduled,0.5231152015427748,0.9769020834937692,0.4537868819509943,ov_target_gain,12,20000,sgd,all_scheduled,20260815,0.15491763893652563,3.3767310496973857,True
C16-d16-L2-H4-m4-ffnnone,False,0.0088277493797553,-0.004633906836776683,0.95,True,increase,positive,all_scheduled,0.0022557501991589866,0.22512417503943047,0.22286842484027147,qk_cancellation_fraction,12,20000,sgd,all_scheduled,20260815,0.012464096568377731,0.18097983971674125,False
C16-d16-L2-H4-m4-ffnnone,True,-0.004931436691917038,-0.009524221083884251,0.95,True,descriptive,negative,all_scheduled,-0.0071004481147589615,1.580873540873995e-05,0.0071162568501677015,qk_content_energy,12,20000,sgd,all_scheduled,20260815,0.004250773047929964,-1.6703898407883075,False
C16-d16-L2-H4-m4-ffnnone,False,0.002297017626296593,-0.001384560064929019,0.95,True,descriptive,positive,all_scheduled,0.0004942431640984069,6.24840341364082e-06,-0.00048799476068476605,qk_content_signed,12,20000,sgd,all_scheduled,20260815,0.0034141793664124328,0.14476192111070896,False
C16-d16-L2-H4-m4-ffnnone,True,0.030965169270833332,0.006937662760416667,0.95,True,increase,positive,all_scheduled,0.019307454427083332,0.5244954427083334,0.50518798828125,qk_opposition_rate,12,20000,sgd,all_scheduled,20260815,0.02228059605054603,0.8665591523351623,True
C16-d16-L2-H4-m4-ffnnone,False,0.0008156911193617349,-0.00038130257500910145,0.95,True,descriptive,positive,all_scheduled,0.00022991762122615,-2.164844669512907e-05,-0.00025156606792127906,qk_route_signed,12,20000,sgd,all_scheduled,20260815,0.0011012000062296152,0.20878824911503774,False
C16-d16-L2-H4-m4-ffnnone,True,-0.39704329786836756,-0.5909684924976317,0.95,True,increase,negative,all_scheduled,-0.49802939614164643,-0.7444617312479144,-0.2464323351062679,qk_suppression_log_ratio,12,20000,sgd,all_scheduled,20260815,0.17897662465889308,-2.782650511433143,False
C16-d16-L2-H4-m4-ffnnone,False,0.0029895196367003005,-0.001657751432083405,0.95,True,descriptive,positive,all_scheduled,0.0007241607887446359,-1.5400038194002263e-05,-0.0007395608269386381,qk_total_signed,12,20000,sgd,all_scheduled,20260815,0.0043020888622106275,0.16832771519566567,False
C16-d16-L2-H4-m4-ffnnone,True,-0.6949708834552744,-1.5864704740865816,0.95,True,decrease,negative,all_scheduled,-1.0732029109797925,0.00013652149815849649,1.073339432477951,risk,12,20000,sgd,all_scheduled,20260815,0.8275925015960298,-1.2967769873580268,True
C16-d16-L2-H4-m4-ffnnone,True,1.088314439775422,0.953181561245583,0.95,True,increase,positive,all_scheduled,1.0181229976005852,1.0104510933160782,-0.007671904284507036,target_key_effect,12,20000,sgd,all_scheduled,20260815,0.1240914693836523,8.204617147798169,True
C16-d16-L2-H4-m4-ffnnone,True,1.0672675094935886,0.9291790935172078,0.95,True,increase,positive,all_scheduled,0.9972313210212936,0.9994768351316452,0.002245514110351602,value_flip_effect,12,20000,sgd,all_scheduled,20260815,0.1272094851321293,7.839284311114809,True
C16-d16-L2-H4-m4-ffnnone,True,-0.34454767745919535,-1.9497628323698675,0.95,True,decrease,negative,all_scheduled,-1.0020171655714876,5.7144363684831965e-05,1.0020743099351723,walsh_bias_energy,12,20000,sgd,all_scheduled,20260815,1.4995688003375973,-0.668203529805304,True
C16-d16-L2-H4-m4-ffnnone,True,-0.045483079039297575,-0.14339145805813966,0.95,True,decrease,negative,all_scheduled,-0.08913873777343422,5.367882310262454e-05,0.08919241659653683,walsh_distractor_direct_energy,12,20000,sgd,all_scheduled,20260815,0.090792432471478,-0.9817859853180684,True
C16-d16-L2-H4-m4-ffnnone,True,-0.003953444345703853,-0.016330674262402072,0.95,True,decrease,negative,all_scheduled,-0.008956749083760466,6.91381919750711e-05,0.009025887275735537,walsh_interaction_energy,12,20000,sgd,all_scheduled,20260815,0.01195586719593283,-0.7491509345978175,True
C16-d16-L2-H4-m4-ffnnone,True,1.0672520759787099,0.9287781637938072,0.95,True,increase,positive,all_scheduled,0.9969322734201947,0.9996252258618673,0.002692952441672484,walsh_target_coefficient,12,20000,sgd,all_scheduled,20260815,0.12746838719073691,7.821015825111511,True
C16-d16-L2-H4-m4-ffnnone,True,-0.8834634759255933,-1.1627459889528986,0.95,True,decrease,negative,all_scheduled,-1.0187469474049067,9.918197277632619e-05,1.018846129377683,walsh_target_error_energy,12,20000,sgd,all_scheduled,20260815,0.258481343493275,-3.9412784444592295,True
C16-d16-L2-H4-m4-ffnnone,True,-1.3959936664003487,-3.082465838859419,0.95,True,decrease,negative,all_scheduled,-2.118859653773446,0.00027914335078094155,2.119138797124227,walsh_total_error_energy,12,20000,sgd,all_scheduled,20260815,1.5555356689203093,-1.3621414771183855,True
C16-d16-L2-H4-m4-ffnnone,True,-0.038776757252586926,-0.05217559102578283,0.95,True,decrease,negative,function_gate,-0.045410796670087926,0.1552624916851831,0.200673288355271,attention_mean_distractor_mass,12,20000,sgd,claim_eligible,20260815,0.012349833447558044,-3.6770371732476352,True
C16-d16-L2-H4-m4-ffnnone,True,0.024406847587670172,0.0028352665729471497,0.95,True,descriptive,positive,function_gate,0.013197098470603427,0.21594322484452277,0.20274612637391934,attention_self_mass,12,20000,sgd,claim_eligible,20260815,0.019840594211325183,0.6651564126577625,False
C16-d16-L2-H4-m4-ffnnone,True,0.14154119784458694,0.10530831806633312,0.95,True,increase,positive,function_gate,0.12303528476816912,0.31826931424438953,0.1952340294762204,attention_target_mass,12,20000,sgd,claim_eligible,20260815,0.03367641599205291,3.6534554270027857,True
C16-d16-L2-H4-m4-ffnnone,True,1.1666945819063883,0.7911141823581905,0.95,True,increase,positive,function_gate,0.984334082507606,0.8126044944510795,-0.17172958805652647,attention_target_over_distractor_log_margin,12,20000,sgd,claim_eligible,20260815,0.3465386490180222,2.840474173073879,True
C16-d16-L2-H4-m4-ffnnone,True,0.5379231770833334,0.4679361979166667,0.95,True,increase,positive,all_scheduled,0.5021158854166666,1.0,0.4978841145833333,donor_accuracy,12,20000,sgd,claim_eligible,20260815,0.06515393753333634,7.706608448027511,True
C16-d16-L2-H4-m4-ffnnone,True,-0.7037933387048728,-1.594759019474274,0.95,True,decrease,negative,all_scheduled,-1.0813806442753655,0.00014189994969153,1.081522544225057,donor_risk,12,20000,sgd,claim_eligible,20260815,0.8269962777961789,-1.3076003765785775,True
C16-d16-L2-H4-m4-ffnnone,True,0.15489080821474394,0.05882246879239881,0.95,True,descriptive,positive,function_gate,0.10507890085379283,0.7243525683879852,0.6192736675341924,embedding_coherence,12,20000,sgd,claim_eligible,20260815,0.09017415285653886,1.1652884726398975,False
C16-d16-L2-H4-m4-ffnnone,True,-1.8738632589578628,-2.3911447793245313,0.95,True,descriptive,negative,function_gate,-2.1248305638631186,5.632651646931966,7.757482210795085,embedding_effective_rank,12,20000,sgd,claim_eligible,20260815,0.4790523038591887,-4.435487621593165,False
C16-d16-L2-H4-m4-ffnnone,True,0.5271809895833334,0.4580078125,0.95,True,increase,positive,all_scheduled,0.4923502604166667,1.0,0.5076497395833334,function_accuracy,12,20000,sgd,claim_eligible,20260815,0.06396682033798358,7.6969631727076555,True
C16-d16-L2-H4-m4-ffnnone,True,0.19295706908936455,0.14501211651804624,0.95,True,increase,positive,function_gate,0.16844608025470129,0.16300682040552297,-0.005439259849178295,key_selectivity,12,20000,sgd,claim_eligible,20260815,0.04462053287411653,3.7750799778640354,True
C16-d16-L2-H4-m4-ffnnone,True,-0.1608311983223151,-0.23036705597672458,0.95,True,decrease,negative,all_scheduled,-0.1928576787079995,0.007905956008471549,0.20076363471647105,natural_swap_mae,12,20000,sgd,claim_eligible,20260815,0.06419368156406333,-3.0043093651753474,True
C16-d16-L2-H4-m4-ffnnone,True,-0.05202350211463152,-0.11987530776588452,0.95,True,decrease,negative,all_scheduled,-0.0812058055162197,0.00015473297389689833,0.0813605384901166,natural_swap_mse,12,20000,sgd,claim_eligible,20260815,0.06333218315245033,-1.2822202152852493,True
C16-d16-L2-H4-m4-ffnnone,False,0.058142442558891935,-0.010696254057499268,0.95,True,decrease,positive,function_and_donor_gate,0.019119844151039917,0.4744645518561204,0.4553447077050805,ov_distractor_gain,12,20000,sgd,claim_eligible,20260815,0.0639484613727481,0.2989883374924783,False
C16-d16-L2-H4-m4-ffnnone,True,0.57391415956857,0.3874570076171949,0.95,True,increase,positive,function_and_donor_gate,0.4866465858309918,0.48009618429932743,-0.0065504015316643445,ov_log_target_over_distractor_gain,12,20000,sgd,claim_eligible,20260815,0.17295823521851963,2.813665306055827,True
C16-d16-L2-H4-m4-ffnnone,True,0.6140760958854419,0.4449534614686854,0.95,True,increase,positive,function_and_donor_gate,0.5231152015427748,0.9769020834937692,0.4537868819509943,ov_target_gain,12,20000,sgd,claim_eligible,20260815,0.15491763893652563,3.3767310496973857,True
C16-d16-L2-H4-m4-ffnnone,False,0.0088277493797553,-0.004633906836776683,0.95,True,increase,positive,function_and_donor_gate,0.0022557501991589866,0.22512417503943047,0.22286842484027147,qk_cancellation_fraction,12,20000,sgd,claim_eligible,20260815,0.012464096568377731,0.18097983971674125,False
C16-d16-L2-H4-m4-ffnnone,True,-0.004931436691917038,-0.009524221083884251,0.95,True,descriptive,negative,function_and_donor_gate,-0.0071004481147589615,1.580873540873995e-05,0.0071162568501677015,qk_content_energy,12,20000,sgd,claim_eligible,20260815,0.004250773047929964,-1.6703898407883075,False
C16-d16-L2-H4-m4-ffnnone,False,0.002297017626296593,-0.001384560064929019,0.95,True,descriptive,positive,function_and_donor_gate,0.0004942431640984069,6.24840341364082e-06,-0.00048799476068476605,qk_content_signed,12,20000,sgd,claim_eligible,20260815,0.0034141793664124328,0.14476192111070896,False
C16-d16-L2-H4-m4-ffnnone,True,0.030965169270833332,0.006937662760416667,0.95,True,increase,positive,function_and_donor_gate,0.019307454427083332,0.5244954427083334,0.50518798828125,qk_opposition_rate,12,20000,sgd,claim_eligible,20260815,0.02228059605054603,0.8665591523351623,True
C16-d16-L2-H4-m4-ffnnone,False,0.0008156911193617349,-0.00038130257500910145,0.95,True,descriptive,positive,function_and_donor_gate,0.00022991762122615,-2.164844669512907e-05,-0.00025156606792127906,qk_route_signed,12,20000,sgd,claim_eligible,20260815,0.0011012000062296152,0.20878824911503774,False
C16-d16-L2-H4-m4-ffnnone,True,-0.39704329786836756,-0.5909684924976317,0.95,True,increase,negative,function_and_donor_gate,-0.49802939614164643,-0.7444617312479144,-0.2464323351062679,qk_suppression_log_ratio,12,20000,sgd,claim_eligible,20260815,0.17897662465889308,-2.782650511433143,False
C16-d16-L2-H4-m4-ffnnone,False,0.0029895196367003005,-0.001657751432083405,0.95,True,descriptive,positive,function_and_donor_gate,0.0007241607887446359,-1.5400038194002263e-05,-0.0007395608269386381,qk_total_signed,12,20000,sgd,claim_eligible,20260815,0.0043020888622106275,0.16832771519566567,False
C16-d16-L2-H4-m4-ffnnone,True,-0.6949708834552744,-1.5864704740865816,0.95,True,decrease,negative,all_scheduled,-1.0732029109797925,0.00013652149815849649,1.073339432477951,risk,12,20000,sgd,claim_eligible,20260815,0.8275925015960298,-1.2967769873580268,True
C16-d16-L2-H4-m4-ffnnone,True,1.088314439775422,0.953181561245583,0.95,True,increase,positive,function_gate,1.0181229976005852,1.0104510933160782,-0.007671904284507036,target_key_effect,12,20000,sgd,claim_eligible,20260815,0.1240914693836523,8.204617147798169,True
C16-d16-L2-H4-m4-ffnnone,True,1.0672675094935886,0.9291790935172078,0.95,True,increase,positive,function_gate,0.9972313210212936,0.9994768351316452,0.002245514110351602,value_flip_effect,12,20000,sgd,claim_eligible,20260815,0.1272094851321293,7.839284311114809,True
C16-d16-L2-H4-m4-ffnnone,True,-0.34454767745919535,-1.9497628323698675,0.95,True,decrease,negative,function_gate,-1.0020171655714876,5.7144363684831965e-05,1.0020743099351723,walsh_bias_energy,12,20000,sgd,claim_eligible,20260815,1.4995688003375973,-0.668203529805304,True
C16-d16-L2-H4-m4-ffnnone,True,-0.045483079039297575,-0.14339145805813966,0.95,True,decrease,negative,function_gate,-0.08913873777343422,5.367882310262454e-05,0.08919241659653683,walsh_distractor_direct_energy,12,20000,sgd,claim_eligible,20260815,0.090792432471478,-0.9817859853180684,True
C16-d16-L2-H4-m4-ffnnone,True,-0.003953444345703853,-0.016330674262402072,0.95,True,decrease,negative,function_gate,-0.008956749083760466,6.91381919750711e-05,0.009025887275735537,walsh_interaction_energy,12,20000,sgd,claim_eligible,20260815,0.01195586719593283,-0.7491509345978175,True
C16-d16-L2-H4-m4-ffnnone,True,1.0672520759787099,0.9287781637938072,0.95,True,increase,positive,function_gate,0.9969322734201947,0.9996252258618673,0.002692952441672484,walsh_target_coefficient,12,20000,sgd,claim_eligible,20260815,0.12746838719073691,7.821015825111511,True
C16-d16-L2-H4-m4-ffnnone,True,-0.8834634759255933,-1.1627459889528986,0.95,True,decrease,negative,function_gate,-1.0187469474049067,9.918197277632619e-05,1.018846129377683,walsh_target_error_energy,12,20000,sgd,claim_eligible,20260815,0.258481343493275,-3.9412784444592295,True
C16-d16-L2-H4-m4-ffnnone,True,-1.3959936664003487,-3.082465838859419,0.95,True,decrease,negative,function_gate,-2.118859653773446,0.00027914335078094155,2.119138797124227,walsh_total_error_energy,12,20000,sgd,claim_eligible,20260815,1.5555356689203093,-1.3621414771183855,True
C64-d16-L2-H1-m4-ffn32,True,-0.10110441324650311,-0.13355340938918137,0.95,True,decrease,negative,all_scheduled,-0.11898806945828255,0.07446665465734743,0.19345472411563,attention_mean_distractor_mass,12,20000,sgd,all_scheduled,20260815,0.02917313735170748,-4.078686087950643,True
C64-d16-L2-H1-m4-ffn32,False,0.06055094626499324,-0.06738803331584979,0.95,True,descriptive,positive,all_scheduled,0.0023001648175219693,0.2346781208179891,0.23237795600046715,attention_self_mass,12,20000,sgd,all_scheduled,20260815,0.116142427989939,0.019804690304229083,False
C64-d16-L2-H1-m4-ffn32,True,0.3757787627633661,0.3350136258105219,0.95,True,increase,positive,all_scheduled,0.35466402687628334,0.541921920880668,0.18725789400438467,attention_target_mass,12,20000,sgd,all_scheduled,20260815,0.03719380155078157,9.535568080935535,True
C64-d16-L2-H1-m4-ffn32,True,2.952769045908159,2.705269800514604,0.95,True,increase,positive,all_scheduled,2.8166418679368994,2.621531909952561,-0.1951099579843382,attention_target_over_distractor_log_margin,12,20000,sgd,all_scheduled,20260815,0.224333310530473,12.555611385917171,True
C64-d16-L2-H1-m4-ffn32,True,0.52880859375,0.4715169270833333,0.95,True,increase,positive,all_scheduled,0.4978841145833333,1.0,0.5021158854166666,donor_accuracy,12,20000,sgd,all_scheduled,20260815,0.05424472191114276,9.17848035793985,True
C64-d16-L2-H1-m4-ffn32,True,-0.7746041832669114,-1.1523557820233994,0.95,True,decrease,negative,all_scheduled,-0.9611260633676769,0.00017001320823813634,0.961296076575915,donor_risk,12,20000,sgd,all_scheduled,20260815,0.3509605632619868,-2.738558584572964,True
C64-d16-L2-H1-m4-ffn32,True,0.057841952393452294,0.016828709095716477,0.95,True,descriptive,positive,all_scheduled,0.03677211205164591,0.8024714489777883,0.7656993369261423,embedding_coherence,12,20000,sgd,all_scheduled,20260815,0.03784176167810269,0.9717336197094721,False
C64-d16-L2-H1-m4-ffn32,True,-1.2543578207492827,-1.5051125943660737,0.95,True,descriptive,negative,all_scheduled,-1.3819329738616943,11.312700986862183,12.694633960723877,embedding_effective_rank,12,20000,sgd,all_scheduled,20260815,0.23407419203742474,-5.903824602930789,False
C64-d16-L2-H1-m4-ffn32,False,0.009675099718492671,-0.0011214556548433527,0.95,True,descriptive,positive,all_scheduled,0.0042584140276176186,-8.222205072646224e-06,-0.0042666362326902645,ffn_branch_signed,12,20000,sgd,all_scheduled,20260815,0.009978722316446606,0.4267494266875268,False
C64-d16-L2-H1-m4-ffn32,False,0.06143058484109733,-0.05191608019328365,0.95,True,increase,positive,all_scheduled,0.004647301820417245,0.2962047305578987,0.2915574287374814,ffn_cancellation_fraction,12,20000,sgd,all_scheduled,20260815,0.10488528542681043,0.04430842516665657,False
C64-d16-L2-H1-m4-ffn32,False,0.126953125,-0.015057373046874965,0.95,True,increase,positive,all_scheduled,0.05615234375,0.5790201822916666,0.5228678385416666,ffn_opposition_rate,12,20000,sgd,all_scheduled,20260815,0.13189839639994944,0.42572423382413105,False
C64-d16-L2-H1-m4-ffn32,False,0.01460504223997909,-0.005066179988618083,0.95,True,descriptive,positive,all_scheduled,0.004738844537162852,2.7695679364114767e-05,-0.0047111488577987375,ffn_skip_signed,12,20000,sgd,all_scheduled,20260815,0.018189828690600596,0.26052166943230204,False
C64-d16-L2-H1-m4-ffn32,False,0.023502263206542754,-0.005746618797100676,0.95,True,descriptive,positive,all_scheduled,0.008997258638676916,1.9473465727060102e-05,-0.008977785172949856,ffn_total_signed,12,20000,sgd,all_scheduled,20260815,0.027150462475361254,0.3313850969147148,False
C64-d16-L2-H1-m4-ffn32,True,0.5188802083333334,0.4676106770833333,0.95,True,increase,positive,all_scheduled,0.4918619791666667,1.0,0.5081380208333334,function_accuracy,12,20000,sgd,all_scheduled,20260815,0.048014047050761184,10.244126654157327,True
C64-d16-L2-H1-m4-ffn32,True,0.48942004477891404,0.45937274608998757,0.95,True,increase,positive,all_scheduled,0.47365209883234155,0.4674552728732427,-0.0061968259590988355,key_selectivity,12,20000,sgd,all_scheduled,20260815,0.027430605523653628,17.26728556625947,True
C64-d16-L2-H1-m4-ffn32,True,-0.1307820171146887,-0.23858685704908567,0.95,True,decrease,negative,all_scheduled,-0.1798642023738163,0.0034034251584671438,0.18326762753228346,natural_swap_mae,12,20000,sgd,all_scheduled,20260815,0.10024195952791595,-1.7943005426158565,True
C64-d16-L2-H1-m4-ffn32,True,-0.04316082293778437,-0.15497787536474633,0.95,True,decrease,negative,all_scheduled,-0.08965775227504007,0.0001487041930280005,0.08980645646806806,natural_swap_mse,12,20000,sgd,all_scheduled,20260815,0.10589729641684693,-0.8466481705266334,True
C64-d16-L2-H1-m4-ffn32,True,0.1929117495194077,0.0044587963571151214,0.95,True,decrease,positive,all_scheduled,0.08630352715651195,1.0714766532182693,0.9851731260617574,ov_distractor_gain,12,20000,sgd,all_scheduled,20260815,0.1767957188229191,0.48815394247727617,False
C64-d16-L2-H1-m4-ffn32,True,0.9831739449795955,0.7291629638134813,0.95,True,increase,positive,all_scheduled,0.8518729739977667,0.8620481081306934,0.010175134132926663,ov_log_target_over_distractor_gain,12,20000,sgd,all_scheduled,20260815,0.23381921685659138,3.643297524686549,True
C64-d16-L2-H1-m4-ffn32,True,1.9771790604417518,1.5794476594155034,0.95,True,increase,positive,all_scheduled,1.7772537171840668,2.7735899860660234,0.9963362688819567,ov_target_gain,12,20000,sgd,all_scheduled,20260815,0.36865946170568525,4.820854750238081,True
C64-d16-L2-H1-m4-ffn32,False,0.02449555729205409,-0.0009605377602080501,0.95,True,increase,positive,all_scheduled,0.012164276093244553,0.23759526945650578,0.22543099336326122,qk_cancellation_fraction,12,20000,sgd,all_scheduled,20260815,0.02374650776358292,0.5122553688462519,False
C64-d16-L2-H1-m4-ffn32,True,-0.01988830351200998,-0.07682527092590175,0.95,True,descriptive,negative,all_scheduled,-0.04283100224584816,1.0252545862362203e-05,0.042841254791710526,qk_content_energy,12,20000,sgd,all_scheduled,20260815,0.054895622133340205,-0.7802261925698308,False
C64-d16-L2-H1-m4-ffn32,False,0.015578874555130061,-0.00022719247183431424,0.95,True,descriptive,positive,all_scheduled,0.007628817262229859,-9.5580320097118e-06,-0.00763837529423957,qk_content_signed,12,20000,sgd,all_scheduled,20260815,0.014690261359967437,0.5193112004813758,False
C64-d16-L2-H1-m4-ffn32,True,0.046630859375,0.012939453125,0.95,True,increase,positive,all_scheduled,0.030436197916666668,0.5380859375,0.5076497395833334,qk_opposition_rate,12,20000,sgd,all_scheduled,20260815,0.03116619548277621,0.976577264090095,True
C64-d16-L2-H1-m4-ffn32,True,0.004391114831548744,0.00021513629811048925,0.95,True,descriptive,positive,all_scheduled,0.002114093947435928,1.781435404761093e-05,-0.002096279593388317,qk_route_signed,12,20000,sgd,all_scheduled,20260815,0.0038990706138511536,0.542204580734129,False
C64-d16-L2-H1-m4-ffn32,True,-0.4252517593675294,-0.6063687949683906,0.95,True,increase,negative,all_scheduled,-0.5176100695583349,-0.7873743271532779,-0.26976425759494305,qk_suppression_log_ratio,12,20000,sgd,all_scheduled,20260815,0.1685180082313166,-3.071541581762801,False
C64-d16-L2-H1-m4-ffn32,True,0.01883199251178666,0.0009935919631478432,0.95,True,descriptive,positive,all_scheduled,0.00974291173937066,8.256333937121477e-06,-0.009734655405433537,qk_total_signed,12,20000,sgd,all_scheduled,20260815,0.016601810669508534,0.586858381493582,False
C64-d16-L2-H1-m4-ffn32,True,-0.7700114990546203,-1.1420833864773006,0.95,True,decrease,negative,all_scheduled,-0.954075787080607,0.00011934477758283417,0.9541951318581899,risk,12,20000,sgd,all_scheduled,20260815,0.34662779703770685,-2.7524503090466825,True
C64-d16-L2-H1-m4-ffn32,True,1.047096378224766,0.9482149825048206,0.95,True,increase,positive,all_scheduled,0.992244512172571,0.9927828013896942,0.0005382892171231409,target_key_effect,12,20000,sgd,all_scheduled,20260815,0.09297099243293044,10.672624720967448,True
C64-d16-L2-H1-m4-ffn32,True,1.0433836709766184,0.9378126468296007,0.95,True,increase,positive,all_scheduled,0.9871866878820583,0.9994127849737803,0.012226097091721991,value_flip_effect,12,20000,sgd,all_scheduled,20260815,0.09801982851353759,10.071295806702183,True
C64-d16-L2-H1-m4-ffn32,True,-0.5273745089269976,-1.1659070855621394,0.95,True,decrease,negative,all_scheduled,-0.8444212073369878,7.79671684843682e-05,0.8444991745054722,walsh_bias_energy,12,20000,sgd,all_scheduled,20260815,0.59180025732404,-1.4268686045444305,True
C64-d16-L2-H1-m4-ffn32,True,-0.03547305666604076,-0.10628713422015795,0.95,True,decrease,negative,all_scheduled,-0.06754784574400219,3.192328093367299e-05,0.06757976902493586,walsh_distractor_direct_energy,12,20000,sgd,all_scheduled,20260815,0.06639772508392636,-1.0173216877328566,True
C64-d16-L2-H1-m4-ffn32,True,-0.005412576922932056,-0.019311779248319755,0.95,True,decrease,negative,all_scheduled,-0.011722728810203384,3.3282644456752074e-05,0.011756011454660134,walsh_interaction_energy,12,20000,sgd,all_scheduled,20260815,0.012980022171331004,-0.9031362701440829,True
C64-d16-L2-H1-m4-ffn32,True,1.0398542078357422,0.9368153016548604,0.95,True,increase,positive,all_scheduled,0.9852784298127517,0.9993965874115626,0.01411815759881089,walsh_target_coefficient,12,20000,sgd,all_scheduled,20260815,0.09562956568877629,10.303073350968805,True
C64-d16-L2-H1-m4-ffn32,True,-0.891215297545917,-1.1126851186688025,0.95,True,decrease,negative,all_scheduled,-0.9930604073876262,0.000121317955442161,0.9931817253430685,walsh_target_error_energy,12,20000,sgd,all_scheduled,20260815,0.2062810669654759,-4.8141131999953695,True
C64-d16-L2-H1-m4-ffn32,True,-1.5521096192159058,-2.285111370825871,0.95,True,decrease,negative,all_scheduled,-1.9167522386657463,0.0002644910467400526,1.9170167297124863,walsh_total_error_energy,12,20000,sgd,all_scheduled,20260815,0.681208276795952,-2.813753596302658,True
C64-d16-L2-H1-m4-ffn32,True,-0.10110441324650311,-0.13355340938918137,0.95,True,decrease,negative,function_gate,-0.11898806945828255,0.07446665465734743,0.19345472411563,attention_mean_distractor_mass,12,20000,sgd,claim_eligible,20260815,0.02917313735170748,-4.078686087950643,True
C64-d16-L2-H1-m4-ffn32,False,0.06055094626499324,-0.06738803331584979,0.95,True,descriptive,positive,function_gate,0.0023001648175219693,0.2346781208179891,0.23237795600046715,attention_self_mass,12,20000,sgd,claim_eligible,20260815,0.116142427989939,0.019804690304229083,False
C64-d16-L2-H1-m4-ffn32,True,0.3757787627633661,0.3350136258105219,0.95,True,increase,positive,function_gate,0.35466402687628334,0.541921920880668,0.18725789400438467,attention_target_mass,12,20000,sgd,claim_eligible,20260815,0.03719380155078157,9.535568080935535,True
C64-d16-L2-H1-m4-ffn32,True,2.952769045908159,2.705269800514604,0.95,True,increase,positive,function_gate,2.8166418679368994,2.621531909952561,-0.1951099579843382,attention_target_over_distractor_log_margin,12,20000,sgd,claim_eligible,20260815,0.224333310530473,12.555611385917171,True
C64-d16-L2-H1-m4-ffn32,True,0.52880859375,0.4715169270833333,0.95,True,increase,positive,all_scheduled,0.4978841145833333,1.0,0.5021158854166666,donor_accuracy,12,20000,sgd,claim_eligible,20260815,0.05424472191114276,9.17848035793985,True
C64-d16-L2-H1-m4-ffn32,True,-0.7746041832669114,-1.1523557820233994,0.95,True,decrease,negative,all_scheduled,-0.9611260633676769,0.00017001320823813634,0.961296076575915,donor_risk,12,20000,sgd,claim_eligible,20260815,0.3509605632619868,-2.738558584572964,True
C64-d16-L2-H1-m4-ffn32,True,0.057841952393452294,0.016828709095716477,0.95,True,descriptive,positive,function_gate,0.03677211205164591,0.8024714489777883,0.7656993369261423,embedding_coherence,12,20000,sgd,claim_eligible,20260815,0.03784176167810269,0.9717336197094721,False
C64-d16-L2-H1-m4-ffn32,True,-1.2543578207492827,-1.5051125943660737,0.95,True,descriptive,negative,function_gate,-1.3819329738616943,11.312700986862183,12.694633960723877,embedding_effective_rank,12,20000,sgd,claim_eligible,20260815,0.23407419203742474,-5.903824602930789,False
C64-d16-L2-H1-m4-ffn32,False,0.009675099718492671,-0.0011214556548433527,0.95,True,descriptive,positive,function_and_donor_gate,0.0042584140276176186,-8.222205072646224e-06,-0.0042666362326902645,ffn_branch_signed,12,20000,sgd,claim_eligible,20260815,0.009978722316446606,0.4267494266875268,False
C64-d16-L2-H1-m4-ffn32,False,0.06143058484109733,-0.05191608019328365,0.95,True,increase,positive,function_and_donor_gate,0.004647301820417245,0.2962047305578987,0.2915574287374814,ffn_cancellation_fraction,12,20000,sgd,claim_eligible,20260815,0.10488528542681043,0.04430842516665657,False
C64-d16-L2-H1-m4-ffn32,False,0.126953125,-0.015057373046874965,0.95,True,increase,positive,function_and_donor_gate,0.05615234375,0.5790201822916666,0.5228678385416666,ffn_opposition_rate,12,20000,sgd,claim_eligible,20260815,0.13189839639994944,0.42572423382413105,False
C64-d16-L2-H1-m4-ffn32,False,0.01460504223997909,-0.005066179988618083,0.95,True,descriptive,positive,function_and_donor_gate,0.004738844537162852,2.7695679364114767e-05,-0.0047111488577987375,ffn_skip_signed,12,20000,sgd,claim_eligible,20260815,0.018189828690600596,0.26052166943230204,False
C64-d16-L2-H1-m4-ffn32,False,0.023502263206542754,-0.005746618797100676,0.95,True,descriptive,positive,function_and_donor_gate,0.008997258638676916,1.9473465727060102e-05,-0.008977785172949856,ffn_total_signed,12,20000,sgd,claim_eligible,20260815,0.027150462475361254,0.3313850969147148,False
C64-d16-L2-H1-m4-ffn32,True,0.5188802083333334,0.4676106770833333,0.95,True,increase,positive,all_scheduled,0.4918619791666667,1.0,0.5081380208333334,function_accuracy,12,20000,sgd,claim_eligible,20260815,0.048014047050761184,10.244126654157327,True
C64-d16-L2-H1-m4-ffn32,True,0.48942004477891404,0.45937274608998757,0.95,True,increase,positive,function_gate,0.47365209883234155,0.4674552728732427,-0.0061968259590988355,key_selectivity,12,20000,sgd,claim_eligible,20260815,0.027430605523653628,17.26728556625947,True
C64-d16-L2-H1-m4-ffn32,True,-0.1307820171146887,-0.23858685704908567,0.95,True,decrease,negative,all_scheduled,-0.1798642023738163,0.0034034251584671438,0.18326762753228346,natural_swap_mae,12,20000,sgd,claim_eligible,20260815,0.10024195952791595,-1.7943005426158565,True
C64-d16-L2-H1-m4-ffn32,True,-0.04316082293778437,-0.15497787536474633,0.95,True,decrease,negative,all_scheduled,-0.08965775227504007,0.0001487041930280005,0.08980645646806806,natural_swap_mse,12,20000,sgd,claim_eligible,20260815,0.10589729641684693,-0.8466481705266334,True
C64-d16-L2-H1-m4-ffn32,True,0.1929117495194077,0.0044587963571151214,0.95,True,decrease,positive,function_and_donor_gate,0.08630352715651195,1.0714766532182693,0.9851731260617574,ov_distractor_gain,12,20000,sgd,claim_eligible,20260815,0.1767957188229191,0.48815394247727617,False
C64-d16-L2-H1-m4-ffn32,True,0.9831739449795955,0.7291629638134813,0.95,True,increase,positive,function_and_donor_gate,0.8518729739977667,0.8620481081306934,0.010175134132926663,ov_log_target_over_distractor_gain,12,20000,sgd,claim_eligible,20260815,0.23381921685659138,3.643297524686549,True
C64-d16-L2-H1-m4-ffn32,True,1.9771790604417518,1.5794476594155034,0.95,True,increase,positive,function_and_donor_gate,1.7772537171840668,2.7735899860660234,0.9963362688819567,ov_target_gain,12,20000,sgd,claim_eligible,20260815,0.36865946170568525,4.820854750238081,True
C64-d16-L2-H1-m4-ffn32,False,0.02449555729205409,-0.0009605377602080501,0.95,True,increase,positive,function_and_donor_gate,0.012164276093244553,0.23759526945650578,0.22543099336326122,qk_cancellation_fraction,12,20000,sgd,claim_eligible,20260815,0.02374650776358292,0.5122553688462519,False
C64-d16-L2-H1-m4-ffn32,True,-0.01988830351200998,-0.07682527092590175,0.95,True,descriptive,negative,function_and_donor_gate,-0.04283100224584816,1.0252545862362203e-05,0.042841254791710526,qk_content_energy,12,20000,sgd,claim_eligible,20260815,0.054895622133340205,-0.7802261925698308,False
C64-d16-L2-H1-m4-ffn32,False,0.015578874555130061,-0.00022719247183431424,0.95,True,descriptive,positive,function_and_donor_gate,0.007628817262229859,-9.5580320097118e-06,-0.00763837529423957,qk_content_signed,12,20000,sgd,claim_eligible,20260815,0.014690261359967437,0.5193112004813758,False
C64-d16-L2-H1-m4-ffn32,True,0.046630859375,0.012939453125,0.95,True,increase,positive,function_and_donor_gate,0.030436197916666668,0.5380859375,0.5076497395833334,qk_opposition_rate,12,20000,sgd,claim_eligible,20260815,0.03116619548277621,0.976577264090095,True
C64-d16-L2-H1-m4-ffn32,True,0.004391114831548744,0.00021513629811048925,0.95,True,descriptive,positive,function_and_donor_gate,0.002114093947435928,1.781435404761093e-05,-0.002096279593388317,qk_route_signed,12,20000,sgd,claim_eligible,20260815,0.0038990706138511536,0.542204580734129,False
C64-d16-L2-H1-m4-ffn32,True,-0.4252517593675294,-0.6063687949683906,0.95,True,increase,negative,function_and_donor_gate,-0.5176100695583349,-0.7873743271532779,-0.26976425759494305,qk_suppression_log_ratio,12,20000,sgd,claim_eligible,20260815,0.1685180082313166,-3.071541581762801,False
C64-d16-L2-H1-m4-ffn32,True,0.01883199251178666,0.0009935919631478432,0.95,True,descriptive,positive,function_and_donor_gate,0.00974291173937066,8.256333937121477e-06,-0.009734655405433537,qk_total_signed,12,20000,sgd,claim_eligible,20260815,0.016601810669508534,0.586858381493582,False
C64-d16-L2-H1-m4-ffn32,True,-0.7700114990546203,-1.1420833864773006,0.95,True,decrease,negative,all_scheduled,-0.954075787080607,0.00011934477758283417,0.9541951318581899,risk,12,20000,sgd,claim_eligible,20260815,0.34662779703770685,-2.7524503090466825,True
C64-d16-L2-H1-m4-ffn32,True,1.047096378224766,0.9482149825048206,0.95,True,increase,positive,function_gate,0.992244512172571,0.9927828013896942,0.0005382892171231409,target_key_effect,12,20000,sgd,claim_eligible,20260815,0.09297099243293044,10.672624720967448,True
C64-d16-L2-H1-m4-ffn32,True,1.0433836709766184,0.9378126468296007,0.95,True,increase,positive,function_gate,0.9871866878820583,0.9994127849737803,0.012226097091721991,value_flip_effect,12,20000,sgd,claim_eligible,20260815,0.09801982851353759,10.071295806702183,True
C64-d16-L2-H1-m4-ffn32,True,-0.5273745089269976,-1.1659070855621394,0.95,True,decrease,negative,function_gate,-0.8444212073369878,7.79671684843682e-05,0.8444991745054722,walsh_bias_energy,12,20000,sgd,claim_eligible,20260815,0.59180025732404,-1.4268686045444305,True
C64-d16-L2-H1-m4-ffn32,True,-0.03547305666604076,-0.10628713422015795,0.95,True,decrease,negative,function_gate,-0.06754784574400219,3.192328093367299e-05,0.06757976902493586,walsh_distractor_direct_energy,12,20000,sgd,claim_eligible,20260815,0.06639772508392636,-1.0173216877328566,True
C64-d16-L2-H1-m4-ffn32,True,-0.005412576922932056,-0.019311779248319755,0.95,True,decrease,negative,function_gate,-0.011722728810203384,3.3282644456752074e-05,0.011756011454660134,walsh_interaction_energy,12,20000,sgd,claim_eligible,20260815,0.012980022171331004,-0.9031362701440829,True
C64-d16-L2-H1-m4-ffn32,True,1.0398542078357422,0.9368153016548604,0.95,True,increase,positive,function_gate,0.9852784298127517,0.9993965874115626,0.01411815759881089,walsh_target_coefficient,12,20000,sgd,claim_eligible,20260815,0.09562956568877629,10.303073350968805,True
C64-d16-L2-H1-m4-ffn32,True,-0.891215297545917,-1.1126851186688025,0.95,True,decrease,negative,function_gate,-0.9930604073876262,0.000121317955442161,0.9931817253430685,walsh_target_error_energy,12,20000,sgd,claim_eligible,20260815,0.2062810669654759,-4.8141131999953695,True
C64-d16-L2-H1-m4-ffn32,True,-1.5521096192159058,-2.285111370825871,0.95,True,decrease,negative,function_gate,-1.9167522386657463,0.0002644910467400526,1.9170167297124863,walsh_total_error_energy,12,20000,sgd,claim_eligible,20260815,0.681208276795952,-2.813753596302658,True
C64-d16-L2-H1-m4-ffnnone,True,-0.0979337269382086,-0.15245101041994835,0.95,True,decrease,negative,all_scheduled,-0.1295514029528325,0.06544578475101541,0.19499718770384789,attention_mean_distractor_mass,12,20000,sgd,all_scheduled,20260815,0.05165860068217728,-2.5078380219758643,True
C64-d16-L2-H1-m4-ffnnone,True,0.14834917417416968,0.013319743137496214,0.95,True,descriptive,positive,all_scheduled,0.07976669352501631,0.3082557727272312,0.22848907920221487,attention_self_mass,12,20000,sgd,all_scheduled,20260815,0.12406920139060199,0.6429209878919918,False
C64-d16-L2-H1-m4-ffnnone,True,0.3537814683513716,0.2501674663741142,0.95,True,increase,positive,all_scheduled,0.3088875130439798,0.4954068788016836,0.18651936575770378,attention_target_mass,12,20000,sgd,all_scheduled,20260815,0.096807847202178,3.1907280449991293,True
C64-d16-L2-H1-m4-ffnnone,True,3.31505629546009,1.5928727618884295,0.95,True,increase,positive,all_scheduled,2.6795838940888643,2.4878262646961957,-0.1917576293926686,attention_target_over_distractor_log_margin,12,20000,sgd,all_scheduled,20260815,1.7927360242203907,1.4946896017522369,True
C64-d16-L2-H1-m4-ffnnone,True,0.5009765625,0.3762980143229167,0.95,True,increase,positive,all_scheduled,0.4420572916666667,0.97412109375,0.5320638020833334,donor_accuracy,12,20000,sgd,all_scheduled,20260815,0.11468786930468572,3.854438087887695,True
C64-d16-L2-H1-m4-ffnnone,True,-0.682954577710886,-1.243337141555806,0.95,True,decrease,negative,all_scheduled,-0.946709065006265,0.03121970507891092,0.9779287700851759,donor_risk,12,20000,sgd,all_scheduled,20260815,0.5207843490943233,-1.8178523733531002,True
C64-d16-L2-H1-m4-ffnnone,True,0.052612715959548945,0.01196268436809381,0.95,True,descriptive,positive,all_scheduled,0.03147589166959127,0.7835670113563538,0.7520911196867625,embedding_coherence,12,20000,sgd,all_scheduled,20260815,0.037830839101071774,0.8320167465886195,False
C64-d16-L2-H1-m4-ffnnone,True,-1.0888206541538246,-2.012559219201406,0.95,True,descriptive,negative,all_scheduled,-1.5202288627624512,11.216326157251993,12.736555020014444,embedding_effective_rank,12,20000,sgd,all_scheduled,20260815,0.8566863959689264,-1.7745453527869406,False
C64-d16-L2-H1-m4-ffnnone,True,0.5061848958333334,0.3790690104166667,0.95,True,increase,positive,all_scheduled,0.4462890625,0.9737955729166666,0.5275065104166666,function_accuracy,12,20000,sgd,all_scheduled,20260815,0.11725702246472931,3.806075347293105,True
C64-d16-L2-H1-m4-ffnnone,True,0.4915596111047004,0.3556517305716019,0.95,True,increase,positive,all_scheduled,0.43843892562047887,0.42996110309225816,-0.008477822528220713,key_selectivity,12,20000,sgd,all_scheduled,20260815,0.13430959622230393,3.2643901698192295,True
C64-d16-L2-H1-m4-ffnnone,True,-0.1290744844057675,-0.23040730148932198,0.95,True,decrease,negative,all_scheduled,-0.17468727641971782,0.004954093310516328,0.17964136973023415,natural_swap_mae,12,20000,sgd,all_scheduled,20260815,0.09423662489226818,-1.8537089652714245,True
C64-d16-L2-H1-m4-ffnnone,True,-0.03623638641313774,-0.14338744278938975,0.95,True,decrease,negative,all_scheduled,-0.08203697316578958,0.00020588923325703945,0.08224286239904662,natural_swap_mse,12,20000,sgd,all_scheduled,20260815,0.09924474638884888,-0.8266127543352485,True
C64-d16-L2-H1-m4-ffnnone,False,0.5725237801050146,-0.027275867946445927,0.95,True,decrease,positive,all_scheduled,0.19579229752222696,1.1742922738194466,0.9784999762972196,ov_distractor_gain,12,20000,sgd,all_scheduled,20260815,0.6204696109979049,0.31555501518814605,False
C64-d16-L2-H1-m4-ffnnone,True,1.0118296434249108,0.5762090405022415,0.95,True,increase,positive,all_scheduled,0.7954718434872726,0.7985722864978015,0.0031004430105288825,ov_log_target_over_distractor_gain,12,20000,sgd,all_scheduled,20260815,0.4039260369328596,1.9693502541394616,True
C64-d16-L2-H1-m4-ffnnone,True,2.2759882632642983,1.7366187964876492,0.95,True,increase,positive,all_scheduled,1.9668855940302212,2.948467217385769,0.9815816233555476,ov_target_gain,12,20000,sgd,all_scheduled,20260815,0.5113824075183973,3.8462128636278154,True
C64-d16-L2-H1-m4-ffnnone,True,0.02595635753435392,0.00193064104144772,0.95,True,increase,positive,all_scheduled,0.015358007823427519,0.2395537147919337,0.2241957069685062,qk_cancellation_fraction,12,20000,sgd,all_scheduled,20260815,0.022319196164699944,0.688107569380915,True
C64-d16-L2-H1-m4-ffnnone,True,-0.014730710990696259,-0.055319044798367814,0.95,True,descriptive,negative,all_scheduled,-0.032863098262787105,8.80082679823128e-05,0.032951106530769415,qk_content_energy,12,20000,sgd,all_scheduled,20260815,0.03668195175792116,-0.8958928488773936,False
C64-d16-L2-H1-m4-ffnnone,False,0.008229082214628154,-0.007528691549662383,0.95,True,descriptive,positive,all_scheduled,0.0006677279668944417,6.263101367191364e-05,-0.0006050969532225281,qk_content_signed,12,20000,sgd,all_scheduled,20260815,0.014411718282059107,0.046332293889319524,False
C64-d16-L2-H1-m4-ffnnone,True,0.052001953125,0.024737548828125032,0.95,True,increase,positive,all_scheduled,0.038411458333333336,0.5353190104166666,0.4969075520833333,qk_opposition_rate,12,20000,sgd,all_scheduled,20260815,0.025241082421377924,1.5217833249813713,True
C64-d16-L2-H1-m4-ffnnone,True,-0.0006499241726677022,-0.005426324248905227,0.95,True,descriptive,negative,all_scheduled,-0.0029391387615760323,-0.00011682389352548246,0.0028223148680505497,qk_route_signed,12,20000,sgd,all_scheduled,20260815,0.004401553675601739,-0.6677502941445377,False
C64-d16-L2-H1-m4-ffnnone,True,-0.3444906188485524,-0.8082330242808288,0.95,True,increase,negative,all_scheduled,-0.600999905106922,-0.9574868579705557,-0.35648695286363363,qk_suppression_log_ratio,12,20000,sgd,all_scheduled,20260815,0.43198148939875103,-1.3912630977392515,False
C64-d16-L2-H1-m4-ffnnone,False,0.007025940620489255,-0.012434333156132496,0.95,True,descriptive,negative,all_scheduled,-0.002271410960550687,-5.419286503638432e-05,0.0022172180955143026,qk_total_signed,12,20000,sgd,all_scheduled,20260815,0.017907690462823655,-0.1268399722044634,False
C64-d16-L2-H1-m4-ffnnone,True,-0.6840049584716025,-1.244477641526055,0.95,True,decrease,negative,all_scheduled,-0.9482877374066447,0.031238593620704098,0.9795263310273489,risk,12,20000,sgd,all_scheduled,20260815,0.5221274609316835,-1.816199699043834,True
C64-d16-L2-H1-m4-ffnnone,True,0.9954900935680294,0.763997032144107,0.95,True,increase,positive,all_scheduled,0.8951868604247769,0.9307969249784946,0.03561006455371777,target_key_effect,12,20000,sgd,all_scheduled,20260815,0.2162036335281408,4.140480184428818,True
C64-d16-L2-H1-m4-ffnnone,True,1.0058197742948929,0.7651805181366702,0.95,True,increase,positive,all_scheduled,0.8964436004559199,0.9368901426593462,0.04044654220342636,value_flip_effect,12,20000,sgd,all_scheduled,20260815,0.2226297780025726,4.02661139268423,True
C64-d16-L2-H1-m4-ffnnone,True,-0.36566502212676855,-1.540222995659231,0.95,True,decrease,negative,all_scheduled,-0.8968857590604481,0.0017446439217868222,0.898630402982235,walsh_bias_energy,12,20000,sgd,all_scheduled,20260815,1.100533261410071,-0.8149556133462998,True
C64-d16-L2-H1-m4-ffnnone,True,-0.04520065739881532,-0.22162503654296867,0.95,True,decrease,negative,all_scheduled,-0.11831535809384756,0.015246104458128684,0.13356146255197623,walsh_distractor_direct_energy,12,20000,sgd,all_scheduled,20260815,0.1698336185049852,-0.6966545206735649,True
C64-d16-L2-H1-m4-ffnnone,True,-0.004826277021159816,-0.012394354194114499,0.95,True,decrease,negative,all_scheduled,-0.008361316655699133,0.00013075778546559982,0.008492074441164732,walsh_interaction_energy,12,20000,sgd,all_scheduled,20260815,0.007013471428941407,-1.192179470667804,True
C64-d16-L2-H1-m4-ffnnone,True,1.0058220393140798,0.7660586906014942,0.95,True,increase,positive,all_scheduled,0.8968940254611274,0.937130785236756,0.04023675977562865,walsh_target_coefficient,12,20000,sgd,all_scheduled,20260815,0.22182851393874287,4.043186376431307,True
C64-d16-L2-H1-m4-ffnnone,True,-0.769619080679498,-1.0633450751239102,0.95,True,decrease,negative,all_scheduled,-0.9101408851753755,0.04742638939508955,0.9575672745704651,walsh_target_error_energy,12,20000,sgd,all_scheduled,20260815,0.27234478937493667,-3.341870014345624,True
C64-d16-L2-H1-m4-ffnnone,True,-1.395141221593804,-2.550397200991332,0.95,True,decrease,negative,all_scheduled,-1.9337032501365077,0.06454788998113752,1.9982511401176453,walsh_total_error_energy,12,20000,sgd,all_scheduled,20260815,1.073133156050061,-1.801922938672395,True
C64-d16-L2-H1-m4-ffnnone,True,-0.13090002943698148,-0.15610304394398222,0.95,True,decrease,negative,function_gate,-0.1431197927502746,0.05181148068302057,0.19493127343329517,attention_mean_distractor_mass,11,20000,sgd,claim_eligible,20260815,0.02247968559625198,-6.366627866634257,True
C64-d16-L2-H1-m4-ffnnone,True,0.1631363732401619,0.034905575181950234,0.95,True,descriptive,positive,function_gate,0.09693912213498895,0.3243422210216522,0.22740309888666327,attention_self_mass,11,20000,sgd,claim_eligible,20260815,0.11419240337894251,0.8489104289477182,False
C64-d16-L2-H1-m4-ffnnone,True,0.3615226227790117,0.30061167822304097,0.95,True,increase,positive,function_gate,0.3324202498929067,0.5202233422208916,0.1878030923279849,attention_target_mass,11,20000,sgd,claim_eligible,20260815,0.05476231478289745,6.070237374201049,True
C64-d16-L2-H1-m4-ffnnone,True,3.372922245074402,3.0456540033348247,0.95,True,increase,positive,function_gate,3.190663200295107,3.0027176304297014,-0.18794556986540556,attention_target_over_distractor_log_margin,11,20000,sgd,claim_eligible,20260815,0.295678105928609,10.791002567723048,True
C64-d16-L2-H1-m4-ffnnone,True,0.5009765625,0.3762980143229167,0.95,True,increase,positive,all_scheduled,0.4420572916666667,0.97412109375,0.5320638020833334,donor_accuracy,12,20000,sgd,claim_eligible,20260815,0.11468786930468572,3.854438087887695,True
C64-d16-L2-H1-m4-ffnnone,True,-0.682954577710886,-1.243337141555806,0.95,True,decrease,negative,all_scheduled,-0.946709065006265,0.03121970507891092,0.9779287700851759,donor_risk,12,20000,sgd,claim_eligible,20260815,0.5207843490943233,-1.8178523733531002,True
C64-d16-L2-H1-m4-ffnnone,True,0.05578747852282089,0.011505649442022502,0.95,True,descriptive,positive,function_gate,0.03318252888592807,0.78560809655623,0.752425567670302,embedding_coherence,11,20000,sgd,claim_eligible,20260815,0.039189834983529175,0.8467126462735586,False
C64-d16-L2-H1-m4-ffnnone,True,-1.2829486586830836,-2.126012943007729,0.95,True,descriptive,negative,function_gate,-1.6537731344049627,11.108438491821289,12.762211626226252,embedding_effective_rank,11,20000,sgd,claim_eligible,20260815,0.7562360625449366,-2.1868477533848014,False
C64-d16-L2-H1-m4-ffnnone,True,0.5061848958333334,0.3790690104166667,0.95,True,increase,positive,all_scheduled,0.4462890625,0.9737955729166666,0.5275065104166666,function_accuracy,12,20000,sgd,claim_eligible,20260815,0.11725702246472931,3.806075347293105,True
C64-d16-L2-H1-m4-ffnnone,True,0.49686982236294586,0.45142518247964536,0.95,True,increase,positive,function_gate,0.47554005221040413,0.46841187097809533,-0.0071281812323088,key_selectivity,11,20000,sgd,claim_eligible,20260815,0.0409054881054888,11.625336213665545,True
C64-d16-L2-H1-m4-ffnnone,True,-0.1290744844057675,-0.23040730148932198,0.95,True,decrease,negative,all_scheduled,-0.17468727641971782,0.004954093310516328,0.17964136973023415,natural_swap_mae,12,20000,sgd,claim_eligible,20260815,0.09423662489226818,-1.8537089652714245,True
C64-d16-L2-H1-m4-ffnnone,True,-0.03623638641313774,-0.14338744278938975,0.95,True,decrease,negative,all_scheduled,-0.08203697316578958,0.00020588923325703945,0.08224286239904662,natural_swap_mse,12,20000,sgd,claim_eligible,20260815,0.09924474638884888,-0.8266127543352485,True
C64-d16-L2-H1-m4-ffnnone,False,0.08740398436784738,-0.04450209953568199,0.95,True,decrease,positive,function_and_donor_gate,0.019579719413410534,0.9940787851810455,0.974499065767635,ov_distractor_gain,11,20000,sgd,claim_eligible,20260815,0.11665878691082343,0.16783750227385535,False
C64-d16-L2-H1-m4-ffnnone,True,1.0611372748982495,0.6572460390034724,0.95,True,increase,positive,function_and_donor_gate,0.8571526100012389,0.8402865674685348,-0.016866042532704094,ov_log_target_over_distractor_gain,11,20000,sgd,claim_eligible,20260815,0.35951668083860716,2.384180361261258,True
C64-d16-L2-H1-m4-ffnnone,True,1.970048352466388,1.6963733959604395,0.95,True,increase,positive,function_and_donor_gate,1.8357199728488922,2.792696500366384,0.9569765275174921,ov_target_gain,11,20000,sgd,claim_eligible,20260815,0.24609920157687548,7.459268299476613,True
C64-d16-L2-H1-m4-ffnnone,True,0.026079978810792603,1.4417347582910126e-05,0.95,True,increase,positive,function_and_donor_gate,0.014511000703681599,0.23975471610372717,0.22524371540004556,qk_cancellation_fraction,11,20000,sgd,claim_eligible,20260815,0.02320541340244359,0.6253282564728432,True
C64-d16-L2-H1-m4-ffnnone,True,-0.012931214626726601,-0.040392237964951436,0.95,True,descriptive,negative,function_and_donor_gate,-0.024651668035168293,1.081297191324831e-05,0.02466248100708154,qk_content_energy,11,20000,sgd,claim_eligible,20260815,0.024291521216078978,-1.0148260298680236,False
C64-d16-L2-H1-m4-ffnnone,False,0.009852499629728709,-0.002413162407988651,0.95,True,descriptive,positive,function_and_donor_gate,0.003538371545098264,-1.6239741812155856e-05,-0.00355461128691042,qk_content_signed,11,20000,sgd,claim_eligible,20260815,0.010940362796767154,0.3234236021993569,False
C64-d16-L2-H1-m4-ffnnone,True,0.04945179332386344,0.021928267045454544,0.95,True,increase,positive,function_and_donor_gate,0.035688920454545456,0.5342684659090909,0.49857954545454547,qk_opposition_rate,11,20000,sgd,claim_eligible,20260815,0.02455569711826837,1.453386571867856,True
C64-d16-L2-H1-m4-ffnnone,True,-0.0001418650702527719,-0.0041765462512888575,0.95,True,descriptive,negative,function_and_donor_gate,-0.0021334264294471886,-9.420199752309021e-05,0.0020392244319240986,qk_route_signed,11,20000,sgd,claim_eligible,20260815,0.0035695891997281843,-0.597667213249537,False
C64-d16-L2-H1-m4-ffnnone,True,-0.5707237045534634,-0.8478441352955995,0.95,True,increase,negative,function_and_donor_gate,-0.7050776871090586,-1.0516450161283666,-0.3465673290193081,qk_suppression_log_ratio,11,20000,sgd,claim_eligible,20260815,0.24956756555267215,-2.8251975994863376,False
C64-d16-L2-H1-m4-ffnnone,False,0.009164665154947783,-0.005686696884396786,0.95,True,descriptive,positive,function_and_donor_gate,0.0014049449264348368,-0.00011044173143917843,-0.0015153866578740153,qk_total_signed,11,20000,sgd,claim_eligible,20260815,0.013204093799308259,0.10640222250681373,False
C64-d16-L2-H1-m4-ffnnone,True,-0.6840049584716025,-1.244477641526055,0.95,True,decrease,negative,all_scheduled,-0.9482877374066447,0.031238593620704098,0.9795263310273489,risk,12,20000,sgd,claim_eligible,20260815,0.5221274609316835,-1.816199699043834,True
C64-d16-L2-H1-m4-ffnnone,True,1.0170718206770037,0.8871262124400925,0.95,True,increase,positive,function_gate,0.9490466067059473,0.9957348921082236,0.0466882854022763,target_key_effect,11,20000,sgd,claim_eligible,20260815,0.1145726769732492,8.283358927953946,True
C64-d16-L2-H1-m4-ffnnone,True,1.0312385550615462,0.8589897295629436,0.95,True,increase,positive,function_gate,0.9452887042002245,0.9997116435657848,0.054422939365560356,value_flip_effect,11,20000,sgd,claim_eligible,20260815,0.15174741167337755,6.229356361180461,True
C64-d16-L2-H1-m4-ffnnone,True,-0.2631839903562074,-1.093993726410132,0.95,True,decrease,negative,function_gate,-0.650817541933727,6.060842100520279e-05,0.6508781503547322,walsh_bias_energy,11,20000,sgd,claim_eligible,20260815,0.7300934972192877,-0.8914167081510798,True
C64-d16-L2-H1-m4-ffnnone,True,-0.04697417082649161,-0.23779083723411532,0.95,True,decrease,negative,function_gate,-0.12662075094902486,5.019931268179789e-05,0.12667095026170666,walsh_distractor_direct_energy,11,20000,sgd,claim_eligible,20260815,0.1755484938859516,-0.7212864556461899,True
C64-d16-L2-H1-m4-ffnnone,True,-0.004110690445072994,-0.010140284551426825,0.95,True,decrease,negative,function_gate,-0.006981680911642549,4.73524390310393e-05,0.007029033350673589,walsh_interaction_energy,11,20000,sgd,claim_eligible,20260815,0.005383572090550861,-1.2968491540954115,True
C64-d16-L2-H1-m4-ffnnone,True,1.0306197328365996,0.8594111624512483,0.95,True,increase,positive,function_gate,0.9456013165075671,0.999903061173179,0.05430174466561188,walsh_target_coefficient,11,20000,sgd,claim_eligible,20260815,0.15103971630537458,6.260613695776115,True
C64-d16-L2-H1-m4-ffnnone,True,-0.7777356290217458,-1.0920007215683654,0.95,True,decrease,negative,function_gate,-0.928257555594345,0.00012130817379908298,0.928378863768144,walsh_target_error_energy,11,20000,sgd,claim_eligible,20260815,0.2779504115275389,-3.33965166841415,True
C64-d16-L2-H1-m4-ffnnone,True,-1.2916884676596974,-2.177326108150373,0.95,True,decrease,negative,function_gate,-1.7126775020323377,0.0002794683559014547,1.712956970388239,walsh_total_error_energy,11,20000,sgd,claim_eligible,20260815,0.7886220984636777,-2.171734098459606,True
C64-d16-L2-H4-m4-ffn32,True,-0.02844297274859855,-0.05339309246555785,0.95,True,decrease,negative,all_scheduled,-0.0419177841686178,0.15620988837326877,0.19812767254188657,attention_mean_distractor_mass,12,20000,sgd,all_scheduled,20260815,0.022957780122973327,-1.8258639966096561,True
C64-d16-L2-H4-m4-ffn32,False,0.031150757511689636,-0.04368327700067311,0.95,True,descriptive,negative,all_scheduled,-0.0012057513231411576,0.21223647810984403,0.2134422294329852,attention_self_mass,12,20000,sgd,all_scheduled,20260815,0.06947749453267259,-0.01735455964915573,False
C64-d16-L2-H4-m4-ffn32,True,0.14237842518292987,0.11058818601110641,0.95,True,increase,positive,all_scheduled,0.12695910634162524,0.31913387472741306,0.19217476838578781,attention_target_mass,12,20000,sgd,all_scheduled,20260815,0.029540174262258082,4.297845544663363,True
C64-d16-L2-H4-m4-ffn32,True,1.3492937016383313,1.0268398981131517,0.95,True,increase,positive,all_scheduled,1.1893384664241846,1.0022077860776335,-0.18713068034655103,attention_target_over_distractor_log_margin,12,20000,sgd,all_scheduled,20260815,0.29979708173478636,3.9671449086229784,True
C64-d16-L2-H4-m4-ffn32,True,0.5322265625,0.4807942708333333,0.95,True,increase,positive,all_scheduled,0.5048828125,0.9996744791666666,0.4947916666666667,donor_accuracy,12,20000,sgd,all_scheduled,20260815,0.047953820179948675,10.528521202386099,True
C64-d16-L2-H4-m4-ffn32,True,-0.7784041753205809,-1.109035435655763,0.95,True,decrease,negative,all_scheduled,-0.94321537040499,0.0007913780924961126,0.9440067484974861,donor_risk,12,20000,sgd,all_scheduled,20260815,0.3075425884173152,-3.06694229003857,True
C64-d16-L2-H4-m4-ffn32,True,0.07476896407703558,0.030923915033539143,0.95,True,descriptive,positive,all_scheduled,0.053681209683418274,0.8193805466095606,0.7656993369261423,embedding_coherence,12,20000,sgd,all_scheduled,20260815,0.04054660772275231,1.323938368666428,False
C64-d16-L2-H4-m4-ffn32,True,-2.536721116304398,-3.226817786693573,0.95,True,descriptive,negative,all_scheduled,-2.893839120864868,9.800794839859009,12.694633960723877,embedding_effective_rank,12,20000,sgd,all_scheduled,20260815,0.6375154417357978,-4.539245532603345,False
C64-d16-L2-H4-m4-ffn32,False,0.008443011081089932,-0.0013037424151813547,0.95,True,descriptive,positive,all_scheduled,0.0036662412367149955,0.00025121749846827396,-0.0034150237382467217,ffn_branch_signed,12,20000,sgd,all_scheduled,20260815,0.009022834357240031,0.40632921890815377,False
C64-d16-L2-H4-m4-ffn32,False,0.06731517125541964,-0.0028346319062014357,0.95,True,increase,positive,all_scheduled,0.034102788815895714,0.33056259900331497,0.29645981018741924,ffn_cancellation_fraction,12,20000,sgd,all_scheduled,20260815,0.06490527554648902,0.5254239894793955,False
C64-d16-L2-H4-m4-ffn32,True,0.1516947428385415,0.039957682291666664,0.95,True,increase,positive,all_scheduled,0.09651692708333333,0.6231282552083334,0.526611328125,ffn_opposition_rate,12,20000,sgd,all_scheduled,20260815,0.10365525910474402,0.9311339136763203,True
C64-d16-L2-H4-m4-ffn32,False,0.015333660116812097,-0.0037416002357834556,0.95,True,descriptive,positive,all_scheduled,0.005803801053843927,0.00021352279145503417,-0.0055902782623888925,ffn_skip_signed,12,20000,sgd,all_scheduled,20260815,0.01759602123110668,0.3298359883530843,False
C64-d16-L2-H4-m4-ffn32,False,0.023499942820975155,-0.0045565153300837335,0.95,True,descriptive,positive,all_scheduled,0.009470042126243547,0.00046474035843857564,-0.009005301767804971,ffn_total_signed,12,20000,sgd,all_scheduled,20260815,0.025882836920384244,0.3658811495576567,False
C64-d16-L2-H4-m4-ffn32,True,0.521484375,0.4759114583333333,0.95,True,increase,positive,all_scheduled,0.4977213541666667,0.9998372395833334,0.5021158854166666,function_accuracy,12,20000,sgd,all_scheduled,20260815,0.04235775348857584,11.750419065565065,True
C64-d16-L2-H4-m4-ffn32,True,0.18910434433540407,0.14529944230865416,0.95,True,increase,positive,all_scheduled,0.16887689270273162,0.16292398857573667,-0.005952904126994933,key_selectivity,12,20000,sgd,all_scheduled,20260815,0.04077614090404389,4.14156143662883,True
C64-d16-L2-H4-m4-ffn32,True,-0.1355225797664995,-0.24387284546974117,0.95,True,decrease,negative,all_scheduled,-0.18470322627884647,0.010439550426478187,0.19514277670532465,natural_swap_mae,12,20000,sgd,all_scheduled,20260815,0.10020979195467014,-1.8431654499631822,True
C64-d16-L2-H4-m4-ffn32,True,-0.04645643944186304,-0.15034583755853714,0.95,True,decrease,negative,all_scheduled,-0.08982325609152515,0.001608090514006714,0.09143134660553187,natural_swap_mse,12,20000,sgd,all_scheduled,20260815,0.09816259259505987,-0.9150456779606858,True
C64-d16-L2-H4-m4-ffn32,False,0.02008081569802014,-0.0066794973798096164,0.95,True,decrease,positive,all_scheduled,0.0063881172488133115,0.47722802342226106,0.4708399061734478,ov_distractor_gain,12,20000,sgd,all_scheduled,20260815,0.024785711488379377,0.25773386621595834,False
C64-d16-L2-H4-m4-ffn32,True,0.6185050971687206,0.32475584810454167,0.95,True,increase,positive,all_scheduled,0.4714268632233143,0.4532837455335539,-0.018143117689760402,ov_log_target_over_distractor_gain,12,20000,sgd,all_scheduled,20260815,0.2728752894458719,1.7276275333711646,True
C64-d16-L2-H4-m4-ffn32,True,0.5947483910053658,0.41280999116910005,0.95,True,increase,positive,all_scheduled,0.5011008838191628,0.963184354826808,0.46208347100764513,ov_target_gain,12,20000,sgd,all_scheduled,20260815,0.1704400899371133,2.9400411839963962,True
C64-d16-L2-H4-m4-ffn32,False,0.006608646549284457,-0.008015308075118811,0.95,True,increase,negative,all_scheduled,-0.0005174578788379828,0.22340906504541636,0.22392652292425433,qk_cancellation_fraction,12,20000,sgd,all_scheduled,20260815,0.013573882656648762,-0.03812158185885904,False
C64-d16-L2-H4-m4-ffn32,True,-0.005564913152232503,-0.015120994672541126,0.95,True,descriptive,negative,all_scheduled,-0.009470815750624103,6.411721066316527e-05,0.009534932961287268,qk_content_energy,12,20000,sgd,all_scheduled,20260815,0.009184845082750097,-1.0311350562037331,False
C64-d16-L2-H4-m4-ffn32,False,0.0037477330117923198,-3.229622286037516e-05,0.95,True,descriptive,positive,all_scheduled,0.001845018317396807,-3.667794671476562e-05,-0.0018816962641115726,qk_content_signed,12,20000,sgd,all_scheduled,20260815,0.0034888635704863713,0.5288307439145862,False
C64-d16-L2-H4-m4-ffn32,False,0.009602864583333334,-0.008626810709635408,0.95,True,increase,positive,all_scheduled,0.0003255208333333333,0.5078531901041666,0.5075276692708334,qk_opposition_rate,12,20000,sgd,all_scheduled,20260815,0.01691306362797361,0.019246710146287947,False
C64-d16-L2-H4-m4-ffn32,False,0.0015131366252584635,-0.00019356989230108875,0.95,True,descriptive,positive,all_scheduled,0.0006194787511617506,0.0001191045280961589,-0.0005003742230655917,qk_route_signed,12,20000,sgd,all_scheduled,20260815,0.0015882543973961267,0.3900374852903658,False
C64-d16-L2-H4-m4-ffn32,True,-0.2266230693678761,-0.4329125101988514,0.95,True,increase,negative,all_scheduled,-0.3219313602312468,-0.5610963747797845,-0.23916501454853764,qk_suppression_log_ratio,12,20000,sgd,all_scheduled,20260815,0.19112156087891907,-1.684432456237627,False
C64-d16-L2-H4-m4-ffn32,True,0.0045864351948684545,0.0003633821647075783,0.95,True,descriptive,positive,all_scheduled,0.0024644971782095126,8.242659265533803e-05,-0.0023820705855541746,qk_total_signed,12,20000,sgd,all_scheduled,20260815,0.003906135998847705,0.6309296908598497,False
C64-d16-L2-H4-m4-ffn32,True,-0.7729091057886157,-1.0986758991857035,0.95,True,decrease,negative,all_scheduled,-0.9359160575307518,0.0005297871393850073,0.9364458446701368,risk,12,20000,sgd,all_scheduled,20260815,0.30387916738134124,-3.0798954255270177,True
C64-d16-L2-H4-m4-ffn32,True,1.0200772376711633,0.946451037262644,0.95,True,increase,positive,all_scheduled,0.9815379344703009,0.9824843009312948,0.000946366460993886,target_key_effect,12,20000,sgd,all_scheduled,20260815,0.06838045246835815,14.354071946576989,True
C64-d16-L2-H4-m4-ffn32,True,1.037903149160411,0.9338907713225733,0.95,True,increase,positive,all_scheduled,0.9829739465591653,0.9973391989866892,0.014365252427523956,value_flip_effect,12,20000,sgd,all_scheduled,20260815,0.09663174527847053,10.172370826237897,True
C64-d16-L2-H4-m4-ffn32,True,-0.5073021599942281,-1.0809109557674066,0.95,True,decrease,negative,all_scheduled,-0.7931173437791585,0.000525911007571267,0.7936432547867298,walsh_bias_energy,12,20000,sgd,all_scheduled,20260815,0.5350198265092122,-1.4824073884400288,True
C64-d16-L2-H4-m4-ffn32,True,-0.038444082338628505,-0.09732823760850806,0.95,True,decrease,negative,all_scheduled,-0.06538583713942596,0.00048764481471152976,0.06587348195413749,walsh_distractor_direct_energy,12,20000,sgd,all_scheduled,20260815,0.05450819131239911,-1.1995598379825985,True
C64-d16-L2-H4-m4-ffn32,True,-0.005483089974222822,-0.014753333912995003,0.95,True,decrease,negative,all_scheduled,-0.00984158013064492,0.0005667556858194681,0.010408335816464387,walsh_interaction_energy,12,20000,sgd,all_scheduled,20260815,0.00860246688362159,-1.1440416178041326,True
C64-d16-L2-H4-m4-ffn32,True,1.0359550682206946,0.9335707400612592,0.95,True,increase,positive,all_scheduled,0.9820486857303573,0.9973444392283758,0.015295753498018408,walsh_target_coefficient,12,20000,sgd,all_scheduled,20260815,0.09501085983554992,10.336173016749262,True
C64-d16-L2-H4-m4-ffn32,True,-0.8880120187910506,-1.1053051167402372,0.95,True,decrease,negative,all_scheduled,-0.9896070263785077,0.0005432315665530041,0.9901502579450607,walsh_target_error_energy,12,20000,sgd,all_scheduled,20260815,0.20187194467021352,-4.90215234214527,True
C64-d16-L2-H4-m4-ffn32,True,-1.5392189009896662,-2.173876278223906,0.95,True,decrease,negative,all_scheduled,-1.8579518015588594,0.002123543083143886,1.8600753446420033,walsh_total_error_energy,12,20000,sgd,all_scheduled,20260815,0.5905911381919857,-3.1459188623228003,True
C64-d16-L2-H4-m4-ffn32,True,-0.02844297274859855,-0.05339309246555785,0.95,True,decrease,negative,function_gate,-0.0419177841686178,0.15620988837326877,0.19812767254188657,attention_mean_distractor_mass,12,20000,sgd,claim_eligible,20260815,0.022957780122973327,-1.8258639966096561,True
C64-d16-L2-H4-m4-ffn32,False,0.031150757511689636,-0.04368327700067311,0.95,True,descriptive,negative,function_gate,-0.0012057513231411576,0.21223647810984403,0.2134422294329852,attention_self_mass,12,20000,sgd,claim_eligible,20260815,0.06947749453267259,-0.01735455964915573,False
C64-d16-L2-H4-m4-ffn32,True,0.14237842518292987,0.11058818601110641,0.95,True,increase,positive,function_gate,0.12695910634162524,0.31913387472741306,0.19217476838578781,attention_target_mass,12,20000,sgd,claim_eligible,20260815,0.029540174262258082,4.297845544663363,True
C64-d16-L2-H4-m4-ffn32,True,1.3492937016383313,1.0268398981131517,0.95,True,increase,positive,function_gate,1.1893384664241846,1.0022077860776335,-0.18713068034655103,attention_target_over_distractor_log_margin,12,20000,sgd,claim_eligible,20260815,0.29979708173478636,3.9671449086229784,True
C64-d16-L2-H4-m4-ffn32,True,0.5322265625,0.4807942708333333,0.95,True,increase,positive,all_scheduled,0.5048828125,0.9996744791666666,0.4947916666666667,donor_accuracy,12,20000,sgd,claim_eligible,20260815,0.047953820179948675,10.528521202386099,True
C64-d16-L2-H4-m4-ffn32,True,-0.7784041753205809,-1.109035435655763,0.95,True,decrease,negative,all_scheduled,-0.94321537040499,0.0007913780924961126,0.9440067484974861,donor_risk,12,20000,sgd,claim_eligible,20260815,0.3075425884173152,-3.06694229003857,True
C64-d16-L2-H4-m4-ffn32,True,0.07476896407703558,0.030923915033539143,0.95,True,descriptive,positive,function_gate,0.053681209683418274,0.8193805466095606,0.7656993369261423,embedding_coherence,12,20000,sgd,claim_eligible,20260815,0.04054660772275231,1.323938368666428,False
C64-d16-L2-H4-m4-ffn32,True,-2.536721116304398,-3.226817786693573,0.95,True,descriptive,negative,function_gate,-2.893839120864868,9.800794839859009,12.694633960723877,embedding_effective_rank,12,20000,sgd,claim_eligible,20260815,0.6375154417357978,-4.539245532603345,False
C64-d16-L2-H4-m4-ffn32,False,0.00881027948764512,-0.002134752454003317,0.95,False,descriptive,positive,function_and_donor_gate,0.0033361609942706614,0.00045988817469656677,-0.0028762728195740944,ffn_branch_signed,9,20000,sgd,claim_eligible,20260815,0.008944670418027108,0.3729775205072906,False
C64-d16-L2-H4-m4-ffn32,False,0.0740346733687652,-0.017618970428076048,0.95,False,increase,positive,function_and_donor_gate,0.029865893224875133,0.3317516992489497,0.30188580602407455,ffn_cancellation_fraction,9,20000,sgd,claim_eligible,20260815,0.07483030042911203,0.3991149715237023,False
C64-d16-L2-H4-m4-ffn32,True,0.16178385416666666,0.016276041666666668,0.95,False,increase,positive,function_and_donor_gate,0.0888671875,0.6235894097222222,0.5347222222222222,ffn_opposition_rate,9,20000,sgd,claim_eligible,20260815,0.11911460717449386,0.746064564271419,True
C64-d16-L2-H4-m4-ffn32,False,0.015874934263653506,-0.007317251237448846,0.95,False,descriptive,positive,function_and_donor_gate,0.004165276028086535,0.00035216468839078315,-0.0038131113396957517,ffn_skip_signed,9,20000,sgd,claim_eligible,20260815,0.01879376189629075,0.22163077573674161,False
C64-d16-L2-H4-m4-ffn32,False,0.024329037427540036,-0.008956829871749505,0.95,False,descriptive,positive,function_and_donor_gate,0.007501436656133996,0.0008120528784477048,-0.006689383777686291,ffn_total_signed,9,20000,sgd,claim_eligible,20260815,0.026969379674488536,0.27814642927178335,False
C64-d16-L2-H4-m4-ffn32,True,0.521484375,0.4759114583333333,0.95,True,increase,positive,all_scheduled,0.4977213541666667,0.9998372395833334,0.5021158854166666,function_accuracy,12,20000,sgd,claim_eligible,20260815,0.04235775348857584,11.750419065565065,True
C64-d16-L2-H4-m4-ffn32,True,0.18910434433540407,0.14529944230865416,0.95,True,increase,positive,function_gate,0.16887689270273162,0.16292398857573667,-0.005952904126994933,key_selectivity,12,20000,sgd,claim_eligible,20260815,0.04077614090404389,4.14156143662883,True
C64-d16-L2-H4-m4-ffn32,True,-0.1355225797664995,-0.24387284546974117,0.95,True,decrease,negative,all_scheduled,-0.18470322627884647,0.010439550426478187,0.19514277670532465,natural_swap_mae,12,20000,sgd,claim_eligible,20260815,0.10020979195467014,-1.8431654499631822,True
C64-d16-L2-H4-m4-ffn32,True,-0.04645643944186304,-0.15034583755853714,0.95,True,decrease,negative,all_scheduled,-0.08982325609152515,0.001608090514006714,0.09143134660553187,natural_swap_mse,12,20000,sgd,claim_eligible,20260815,0.09816259259505987,-0.9150456779606858,True
C64-d16-L2-H4-m4-ffn32,False,0.012433403823524715,-0.013539603983776434,0.95,False,decrease,negative,function_and_donor_gate,-0.00015403702855110168,0.47116142387191456,0.47131546090046567,ov_distractor_gain,9,20000,sgd,claim_eligible,20260815,0.020925367947257772,-0.007361257825398856,False
C64-d16-L2-H4-m4-ffn32,True,0.615323578641336,0.29365141962512603,0.95,False,increase,positive,function_and_donor_gate,0.4481472000479698,0.45581226429850275,0.007665064250532951,ov_log_target_over_distractor_gain,9,20000,sgd,claim_eligible,20260815,0.2595596288107613,1.726567425378402,True
C64-d16-L2-H4-m4-ffn32,True,0.586018406956767,0.38387717741231125,0.95,False,increase,positive,function_and_donor_gate,0.478347675771349,0.9513232124348482,0.4729755366634991,ov_target_gain,9,20000,sgd,claim_eligible,20260815,0.16304749290907047,2.933793505418188,True
C64-d16-L2-H4-m4-ffn32,False,0.008510042602817217,-0.006268697444142565,0.95,False,increase,positive,function_and_donor_gate,0.0014077774766418668,0.22563377912673685,0.22422600165009499,qk_cancellation_fraction,9,20000,sgd,claim_eligible,20260815,0.012173357764724207,0.11564413893439537,False
C64-d16-L2-H4-m4-ffn32,True,-0.004290182324661398,-0.00865420047255788,0.95,False,descriptive,negative,function_and_donor_gate,-0.006363256525433927,7.254890461657244e-05,0.0064358054300505,qk_content_energy,9,20000,sgd,claim_eligible,20260815,0.003532771143356457,-1.8012082490540977,False
C64-d16-L2-H4-m4-ffn32,False,0.0030661700010846766,-0.00034026284333776857,0.95,False,descriptive,positive,function_and_donor_gate,0.0013209165966196047,-6.430251033230484e-05,-0.0013852191069519096,qk_content_signed,9,20000,sgd,claim_eligible,20260815,0.0027736993533284747,0.4762291901011146,False
C64-d16-L2-H4-m4-ffn32,False,0.0126953125,-0.009033203125,0.95,False,increase,positive,function_and_donor_gate,0.0017903645833333333,0.5101182725694444,0.5083279079861112,qk_opposition_rate,9,20000,sgd,claim_eligible,20260815,0.017589565368929923,0.10178560673794816,False
C64-d16-L2-H4-m4-ffn32,True,0.002015907204976328,0.00016444286423128085,0.95,False,descriptive,positive,function_and_donor_gate,0.0010740797360742566,0.0002543421619773451,-0.0008197375740969114,qk_route_signed,9,20000,sgd,claim_eligible,20260815,0.0015047785276922688,0.7137792813414657,False
C64-d16-L2-H4-m4-ffn32,True,-0.22027452814444506,-0.4502803496246795,0.95,False,increase,negative,function_and_donor_gate,-0.3207171949195779,-0.552072964479319,-0.23135576955974102,qk_suppression_log_ratio,9,20000,sgd,claim_eligible,20260815,0.19038720116493904,-1.6845522858531308,False
C64-d16-L2-H4-m4-ffn32,True,0.004791988451546555,0.00014306774477922267,0.95,False,descriptive,positive,function_and_donor_gate,0.0023949964154073517,0.00019003966382216377,-0.002204956751585188,qk_total_signed,9,20000,sgd,claim_eligible,20260815,0.0037872798305647382,0.6323790484344071,False
C64-d16-L2-H4-m4-ffn32,True,-0.7729091057886157,-1.0986758991857035,0.95,True,decrease,negative,all_scheduled,-0.9359160575307518,0.0005297871393850073,0.9364458446701368,risk,12,20000,sgd,claim_eligible,20260815,0.30387916738134124,-3.0798954255270177,True
C64-d16-L2-H4-m4-ffn32,True,1.0200772376711633,0.946451037262644,0.95,True,increase,positive,function_gate,0.9815379344703009,0.9824843009312948,0.000946366460993886,target_key_effect,12,20000,sgd,claim_eligible,20260815,0.06838045246835815,14.354071946576989,True
C64-d16-L2-H4-m4-ffn32,True,1.037903149160411,0.9338907713225733,0.95,True,increase,positive,function_gate,0.9829739465591653,0.9973391989866892,0.014365252427523956,value_flip_effect,12,20000,sgd,claim_eligible,20260815,0.09663174527847053,10.172370826237897,True
C64-d16-L2-H4-m4-ffn32,True,-0.5073021599942281,-1.0809109557674066,0.95,True,decrease,negative,function_gate,-0.7931173437791585,0.000525911007571267,0.7936432547867298,walsh_bias_energy,12,20000,sgd,claim_eligible,20260815,0.5350198265092122,-1.4824073884400288,True
C64-d16-L2-H4-m4-ffn32,True,-0.038444082338628505,-0.09732823760850806,0.95,True,decrease,negative,function_gate,-0.06538583713942596,0.00048764481471152976,0.06587348195413749,walsh_distractor_direct_energy,12,20000,sgd,claim_eligible,20260815,0.05450819131239911,-1.1995598379825985,True
C64-d16-L2-H4-m4-ffn32,True,-0.005483089974222822,-0.014753333912995003,0.95,True,decrease,negative,function_gate,-0.00984158013064492,0.0005667556858194681,0.010408335816464387,walsh_interaction_energy,12,20000,sgd,claim_eligible,20260815,0.00860246688362159,-1.1440416178041326,True
C64-d16-L2-H4-m4-ffn32,True,1.0359550682206946,0.9335707400612592,0.95,True,increase,positive,function_gate,0.9820486857303573,0.9973444392283758,0.015295753498018408,walsh_target_coefficient,12,20000,sgd,claim_eligible,20260815,0.09501085983554992,10.336173016749262,True
C64-d16-L2-H4-m4-ffn32,True,-0.8880120187910506,-1.1053051167402372,0.95,True,decrease,negative,function_gate,-0.9896070263785077,0.0005432315665530041,0.9901502579450607,walsh_target_error_energy,12,20000,sgd,claim_eligible,20260815,0.20187194467021352,-4.90215234214527,True
C64-d16-L2-H4-m4-ffn32,True,-1.5392189009896662,-2.173876278223906,0.95,True,decrease,negative,function_gate,-1.8579518015588594,0.002123543083143886,1.8600753446420033,walsh_total_error_energy,12,20000,sgd,claim_eligible,20260815,0.5905911381919857,-3.1459188623228003,True
C64-d16-L2-H4-m4-ffnnone,True,-0.03949434346650379,-0.05517524235401652,0.95,True,decrease,negative,all_scheduled,-0.047469024788976334,0.1496030560131961,0.19707208080217242,attention_mean_distractor_mass,12,20000,sgd,all_scheduled,20260815,0.014506578822217373,-3.2722411928218205,True
C64-d16-L2-H4-m4-ffnnone,False,0.02043851634953171,-0.032730492141369416,0.95,True,descriptive,negative,all_scheduled,-0.004911337920930237,0.21326476217169935,0.21817610009262958,attention_self_mass,12,20000,sgd,all_scheduled,20260815,0.04904420230203442,-0.10014105012217739,False
C64-d16-L2-H4-m4-ffnnone,True,0.16528024995689822,0.12750122285845766,0.95,True,increase,positive,all_scheduled,0.14731841039611027,0.3379260843503289,0.19060767395421863,attention_target_mass,12,20000,sgd,all_scheduled,20260815,0.034991155578591976,4.210161338205175,True
C64-d16-L2-H4-m4-ffnnone,True,1.3683505021849363,0.9822613329233718,0.95,True,increase,positive,all_scheduled,1.1915209985600086,1.0199939363519661,-0.17152706220804248,attention_target_over_distractor_log_margin,12,20000,sgd,all_scheduled,20260815,0.35454154526878795,3.360737308392682,True
C64-d16-L2-H4-m4-ffnnone,True,0.4972330729166667,0.4031575520833333,0.95,True,increase,positive,all_scheduled,0.451171875,0.9996744791666666,0.5485026041666666,donor_accuracy,12,20000,sgd,all_scheduled,20260815,0.08761992719924257,5.149192534411283,True
C64-d16-L2-H4-m4-ffnnone,True,-0.6877635694575778,-1.2420091398798225,0.95,True,decrease,negative,all_scheduled,-0.9540448329413872,0.0009091107482769681,0.9549539436896642,donor_risk,12,20000,sgd,all_scheduled,20260815,0.5153716829307858,-1.8511782166920392,True
C64-d16-L2-H4-m4-ffnnone,True,0.06958743793268996,0.02503555826842785,0.95,True,descriptive,positive,all_scheduled,0.04702370365460714,0.7991148233413696,0.7520911196867625,embedding_coherence,12,20000,sgd,all_scheduled,20260815,0.04121734077549227,1.1408718459238232,False
C64-d16-L2-H4-m4-ffnnone,True,-2.4520291646321617,-3.324659552176793,0.95,True,descriptive,negative,all_scheduled,-2.8734141985575357,9.86314082145691,12.736555020014444,embedding_effective_rank,12,20000,sgd,all_scheduled,20260815,0.8050441086471224,-3.569263059866759,False
C64-d16-L2-H4-m4-ffnnone,True,0.50244140625,0.40380859375,0.95,True,increase,positive,all_scheduled,0.4542643229166667,0.9996744791666666,0.54541015625,function_accuracy,12,20000,sgd,all_scheduled,20260815,0.0918156047039338,4.947572086264373,True
C64-d16-L2-H4-m4-ffnnone,True,0.21588885025945878,0.17179977330864252,0.95,True,increase,positive,all_scheduled,0.19478743600969514,0.18832302962740263,-0.006464406382292509,key_selectivity,12,20000,sgd,all_scheduled,20260815,0.040896131210765456,4.762979534807916,True
C64-d16-L2-H4-m4-ffnnone,True,-0.13073766092032507,-0.23252735587205578,0.95,True,decrease,negative,all_scheduled,-0.17557576252147555,0.011694359748313824,0.18727012226978937,natural_swap_mae,12,20000,sgd,all_scheduled,20260815,0.09498670497147405,-1.8484246039927759,True
C64-d16-L2-H4-m4-ffnnone,True,-0.0365548025528066,-0.13825263757667014,0.95,True,decrease,negative,all_scheduled,-0.07984079203591439,0.001698497834695445,0.08153928987060984,natural_swap_mse,12,20000,sgd,all_scheduled,20260815,0.09527044974951748,-0.8380436142143725,True
C64-d16-L2-H4-m4-ffnnone,False,0.13176668343755105,-0.011490284930914639,0.95,True,decrease,positive,all_scheduled,0.043087843184669815,0.5049323914572597,0.46184454827258986,ov_distractor_gain,12,20000,sgd,all_scheduled,20260815,0.14554069266280348,0.2960535805920482,False
C64-d16-L2-H4-m4-ffnnone,True,0.6187945468425218,0.34208545867550133,0.95,True,increase,positive,all_scheduled,0.4895309811545303,0.4879288075074631,-0.0016021736470671992,ov_log_target_over_distractor_gain,12,20000,sgd,all_scheduled,20260815,0.25680298640156474,1.9062511227538728,True
C64-d16-L2-H4-m4-ffnnone,True,0.8526380097454722,0.5200338502996601,0.95,True,increase,positive,all_scheduled,0.6565068908967078,1.1099378114255767,0.45343092052886885,ov_target_gain,12,20000,sgd,all_scheduled,20260815,0.31837115948451383,2.062080283778473,True
C64-d16-L2-H4-m4-ffnnone,True,0.01644055660193165,0.0012707576543713613,0.95,True,increase,positive,all_scheduled,0.0089254854246974,0.22914291017999253,0.22021742475529513,qk_cancellation_fraction,12,20000,sgd,all_scheduled,20260815,0.014049699210276764,0.6352794669204578,True
C64-d16-L2-H4-m4-ffnnone,True,-0.004542735983849809,-0.015104522320814932,0.95,True,descriptive,negative,all_scheduled,-0.009069331884851076,7.736635881272491e-05,0.009146698243663801,qk_content_energy,12,20000,sgd,all_scheduled,20260815,0.009785516480482497,-0.9268117735982692,False
C64-d16-L2-H4-m4-ffnnone,False,0.001889502107323317,-0.003167087719719198,0.95,True,descriptive,negative,all_scheduled,-0.00037644414010647626,-6.349871084410097e-05,0.0003129454292623753,qk_content_signed,12,20000,sgd,all_scheduled,20260815,0.004658183741315345,-0.08081350178775443,False
C64-d16-L2-H4-m4-ffnnone,True,0.02435302734375,0.005777994791666667,0.95,True,increase,positive,all_scheduled,0.014892578125,0.5200602213541666,0.5051676432291666,qk_opposition_rate,12,20000,sgd,all_scheduled,20260815,0.017041899570474122,0.8738801718326095,True
C64-d16-L2-H4-m4-ffnnone,True,-1.8565040438171806e-05,-0.001376046504189195,0.95,True,descriptive,negative,all_scheduled,-0.0006427824779014676,-0.00018889141506406304,0.0004538910628374045,qk_route_signed,12,20000,sgd,all_scheduled,20260815,0.0012744135143231956,-0.5043751268149654,False
C64-d16-L2-H4-m4-ffnnone,True,-0.27775607714235473,-0.4674797932762885,0.95,True,increase,negative,all_scheduled,-0.36768926482181996,-0.6095276677903408,-0.2418384029685209,qk_suppression_log_ratio,12,20000,sgd,all_scheduled,20260815,0.17543804355621945,-2.0958354149907814,False
C64-d16-L2-H4-m4-ffnnone,False,0.0016277982464941942,-0.004189846141310718,0.95,True,descriptive,negative,all_scheduled,-0.0010192266456859518,-0.00025239015297984224,0.0007668364927061097,qk_total_signed,12,20000,sgd,all_scheduled,20260815,0.0054070083845998386,-0.18850102925471654,False
C64-d16-L2-H4-m4-ffnnone,True,-0.6918690046767559,-1.2372643414350628,0.95,True,decrease,negative,all_scheduled,-0.9546588655054317,0.000813203976576915,0.9554720694820086,risk,12,20000,sgd,all_scheduled,20260815,0.5071550894665691,-1.882380528823149,True
C64-d16-L2-H4-m4-ffnnone,True,1.0021340019574076,0.8801057817686039,0.95,True,increase,positive,all_scheduled,0.936917649426808,0.9764619022607803,0.03954425283397237,target_key_effect,12,20000,sgd,all_scheduled,20260815,0.11308105282898603,8.285363692569444,True
C64-d16-L2-H4-m4-ffnnone,True,1.0241237374177823,0.8630249984251956,0.95,True,increase,positive,all_scheduled,0.9454185925424099,0.9947370092074076,0.049318416664997734,value_flip_effect,12,20000,sgd,all_scheduled,20260815,0.14885631062381552,6.351216072603323,True
C64-d16-L2-H4-m4-ffnnone,True,-0.4078191287114663,-1.3551994077718215,0.95,True,decrease,negative,all_scheduled,-0.8572688350838386,0.0005780272422271082,0.8578468623260657,walsh_bias_energy,12,20000,sgd,all_scheduled,20260815,0.8797841043267135,-0.9744081881769101,True
C64-d16-L2-H4-m4-ffnnone,True,-0.05394749046946952,-0.245547274982088,0.95,True,decrease,negative,all_scheduled,-0.1316630194123718,0.0008099552239097344,0.13247297463628152,walsh_distractor_direct_energy,12,20000,sgd,all_scheduled,20260815,0.18427513464658254,-0.7144915111031425,True
C64-d16-L2-H4-m4-ffnnone,True,-0.004836959785207769,-0.0157429206361068,0.95,True,decrease,negative,all_scheduled,-0.009611656465949636,0.0011557809740831242,0.01076743744003276,walsh_interaction_energy,12,20000,sgd,all_scheduled,20260815,0.010178626964833895,-0.9442979391185979,True
C64-d16-L2-H4-m4-ffnnone,True,1.025194527299997,0.8652402496586243,0.95,True,increase,positive,all_scheduled,0.9471061562653631,0.9944772372643153,0.04737108099895219,walsh_target_coefficient,12,20000,sgd,all_scheduled,20260815,0.14789382519844319,6.403960104450208,True
C64-d16-L2-H4-m4-ffnnone,True,-0.7967604248385821,-1.0920496590702895,0.95,True,decrease,negative,all_scheduled,-0.9417637191945687,0.000737219777268668,0.9425009389718374,walsh_target_error_energy,12,20000,sgd,all_scheduled,20260815,0.272577240360398,-3.45503431595896,True
C64-d16-L2-H4-m4-ffnnone,True,-1.4180938480923948,-2.504318491771604,0.95,True,decrease,negative,all_scheduled,-1.9403072636147651,0.0032809832870649793,1.94358824690183,walsh_total_error_energy,12,20000,sgd,all_scheduled,20260815,1.0098248191193733,-1.92142956568133,True
C64-d16-L2-H4-m4-ffnnone,True,-0.03949434346650379,-0.05517524235401652,0.95,True,decrease,negative,function_gate,-0.047469024788976334,0.1496030560131961,0.19707208080217242,attention_mean_distractor_mass,12,20000,sgd,claim_eligible,20260815,0.014506578822217373,-3.2722411928218205,True
C64-d16-L2-H4-m4-ffnnone,False,0.02043851634953171,-0.032730492141369416,0.95,True,descriptive,negative,function_gate,-0.004911337920930237,0.21326476217169935,0.21817610009262958,attention_self_mass,12,20000,sgd,claim_eligible,20260815,0.04904420230203442,-0.10014105012217739,False
C64-d16-L2-H4-m4-ffnnone,True,0.16528024995689822,0.12750122285845766,0.95,True,increase,positive,function_gate,0.14731841039611027,0.3379260843503289,0.19060767395421863,attention_target_mass,12,20000,sgd,claim_eligible,20260815,0.034991155578591976,4.210161338205175,True
C64-d16-L2-H4-m4-ffnnone,True,1.3683505021849363,0.9822613329233718,0.95,True,increase,positive,function_gate,1.1915209985600086,1.0199939363519661,-0.17152706220804248,attention_target_over_distractor_log_margin,12,20000,sgd,claim_eligible,20260815,0.35454154526878795,3.360737308392682,True
C64-d16-L2-H4-m4-ffnnone,True,0.4972330729166667,0.4031575520833333,0.95,True,increase,positive,all_scheduled,0.451171875,0.9996744791666666,0.5485026041666666,donor_accuracy,12,20000,sgd,claim_eligible,20260815,0.08761992719924257,5.149192534411283,True
C64-d16-L2-H4-m4-ffnnone,True,-0.6877635694575778,-1.2420091398798225,0.95,True,decrease,negative,all_scheduled,-0.9540448329413872,0.0009091107482769681,0.9549539436896642,donor_risk,12,20000,sgd,claim_eligible,20260815,0.5153716829307858,-1.8511782166920392,True
C64-d16-L2-H4-m4-ffnnone,True,0.06958743793268996,0.02503555826842785,0.95,True,descriptive,positive,function_gate,0.04702370365460714,0.7991148233413696,0.7520911196867625,embedding_coherence,12,20000,sgd,claim_eligible,20260815,0.04121734077549227,1.1408718459238232,False
C64-d16-L2-H4-m4-ffnnone,True,-2.4520291646321617,-3.324659552176793,0.95,True,descriptive,negative,function_gate,-2.8734141985575357,9.86314082145691,12.736555020014444,embedding_effective_rank,12,20000,sgd,claim_eligible,20260815,0.8050441086471224,-3.569263059866759,False
C64-d16-L2-H4-m4-ffnnone,True,0.50244140625,0.40380859375,0.95,True,increase,positive,all_scheduled,0.4542643229166667,0.9996744791666666,0.54541015625,function_accuracy,12,20000,sgd,claim_eligible,20260815,0.0918156047039338,4.947572086264373,True
C64-d16-L2-H4-m4-ffnnone,True,0.21588885025945878,0.17179977330864252,0.95,True,increase,positive,function_gate,0.19478743600969514,0.18832302962740263,-0.006464406382292509,key_selectivity,12,20000,sgd,claim_eligible,20260815,0.040896131210765456,4.762979534807916,True
C64-d16-L2-H4-m4-ffnnone,True,-0.13073766092032507,-0.23252735587205578,0.95,True,decrease,negative,all_scheduled,-0.17557576252147555,0.011694359748313824,0.18727012226978937,natural_swap_mae,12,20000,sgd,claim_eligible,20260815,0.09498670497147405,-1.8484246039927759,True
C64-d16-L2-H4-m4-ffnnone,True,-0.0365548025528066,-0.13825263757667014,0.95,True,decrease,negative,all_scheduled,-0.07984079203591439,0.001698497834695445,0.08153928987060984,natural_swap_mse,12,20000,sgd,claim_eligible,20260815,0.09527044974951748,-0.8380436142143725,True
C64-d16-L2-H4-m4-ffnnone,False,0.15850592019036405,-0.009833676200360048,0.95,True,decrease,positive,function_and_donor_gate,0.05359773151576519,0.5167339753359557,0.4631362438201904,ov_distractor_gain,10,20000,sgd,claim_eligible,20260815,0.15801362868991378,0.3391968905476215,False
C64-d16-L2-H4-m4-ffnnone,True,0.6284020147006958,0.30250993997076875,0.95,True,increase,positive,function_and_donor_gate,0.4753882753022481,0.45162830511690116,-0.023759970185346903,ov_log_target_over_distractor_gain,10,20000,sgd,claim_eligible,20260815,0.27737377862367735,1.7138904681657883,True
C64-d16-L2-H4-m4-ffnnone,True,0.9005253886850548,0.5222464482253417,0.95,True,increase,positive,function_and_donor_gate,0.6735010869801045,1.120274761505425,0.4467736745253205,ov_target_gain,10,20000,sgd,claim_eligible,20260815,0.3410513503319949,1.9747791243884179,True
C64-d16-L2-H4-m4-ffnnone,False,0.015010195872746398,-0.0014914173632860183,0.95,True,increase,positive,function_and_donor_gate,0.0065057272091507915,0.2260504962876439,0.21954476907849313,qk_cancellation_fraction,10,20000,sgd,claim_eligible,20260815,0.014207365905065815,0.45791227259312667,False
C64-d16-L2-H4-m4-ffnnone,True,-0.004851416119586573,-0.016966877941893936,0.95,True,descriptive,negative,function_and_donor_gate,-0.010070918093175863,4.6469929451120606e-05,0.010117388022626983,qk_content_energy,10,20000,sgd,claim_eligible,20260815,0.010504621357256268,-0.9587130988038121,False
C64-d16-L2-H4-m4-ffnnone,False,0.0018734505641890562,-0.004002588020371292,0.95,True,descriptive,negative,function_and_donor_gate,-0.0008118494675784405,-2.4747875801267583e-05,0.0007871015917771728,qk_content_signed,10,20000,sgd,claim_eligible,20260815,0.005013456321724976,-0.161934086083572,False
C64-d16-L2-H4-m4-ffnnone,True,0.02255859375,0.00263671875,0.95,True,increase,positive,function_and_donor_gate,0.0122802734375,0.5186767578125,0.506396484375,qk_opposition_rate,10,20000,sgd,claim_eligible,20260815,0.016898125552196677,0.7267240025864065,True
C64-d16-L2-H4-m4-ffnnone,True,-8.521785218675947e-06,-0.0016064824804337258,0.95,True,descriptive,negative,function_and_donor_gate,-0.0007556610708434163,-0.000143630076536283,0.0006120309943071333,qk_route_signed,10,20000,sgd,claim_eligible,20260815,0.0013754225443869937,-0.5494028536373917,False
C64-d16-L2-H4-m4-ffnnone,True,-0.2624712700210512,-0.48481455286091657,0.95,True,increase,negative,function_and_donor_gate,-0.36738189761526885,-0.5933334195520729,-0.22595152193680407,qk_suppression_log_ratio,10,20000,sgd,claim_eligible,20260815,0.19219717787440693,-1.911484349969686,False
C64-d16-L2-H4-m4-ffnnone,False,0.0016037904133412372,-0.00522268798313064,0.95,True,descriptive,negative,function_and_donor_gate,-0.001567510515928916,-0.0001683779702261745,0.0013991325457027414,qk_total_signed,10,20000,sgd,claim_eligible,20260815,0.005790892630337849,-0.270685473896874,False
C64-d16-L2-H4-m4-ffnnone,True,-0.6918690046767559,-1.2372643414350628,0.95,True,decrease,negative,all_scheduled,-0.9546588655054317,0.000813203976576915,0.9554720694820086,risk,12,20000,sgd,claim_eligible,20260815,0.5071550894665691,-1.882380528823149,True
C64-d16-L2-H4-m4-ffnnone,True,1.0021340019574076,0.8801057817686039,0.95,True,increase,positive,function_gate,0.936917649426808,0.9764619022607803,0.03954425283397237,target_key_effect,12,20000,sgd,claim_eligible,20260815,0.11308105282898603,8.285363692569444,True
C64-d16-L2-H4-m4-ffnnone,True,1.0241237374177823,0.8630249984251956,0.95,True,increase,positive,function_gate,0.9454185925424099,0.9947370092074076,0.049318416664997734,value_flip_effect,12,20000,sgd,claim_eligible,20260815,0.14885631062381552,6.351216072603323,True
C64-d16-L2-H4-m4-ffnnone,True,-0.4078191287114663,-1.3551994077718215,0.95,True,decrease,negative,function_gate,-0.8572688350838386,0.0005780272422271082,0.8578468623260657,walsh_bias_energy,12,20000,sgd,claim_eligible,20260815,0.8797841043267135,-0.9744081881769101,True
C64-d16-L2-H4-m4-ffnnone,True,-0.05394749046946952,-0.245547274982088,0.95,True,decrease,negative,function_gate,-0.1316630194123718,0.0008099552239097344,0.13247297463628152,walsh_distractor_direct_energy,12,20000,sgd,claim_eligible,20260815,0.18427513464658254,-0.7144915111031425,True
C64-d16-L2-H4-m4-ffnnone,True,-0.004836959785207769,-0.0157429206361068,0.95,True,decrease,negative,function_gate,-0.009611656465949636,0.0011557809740831242,0.01076743744003276,walsh_interaction_energy,12,20000,sgd,claim_eligible,20260815,0.010178626964833895,-0.9442979391185979,True
C64-d16-L2-H4-m4-ffnnone,True,1.025194527299997,0.8652402496586243,0.95,True,increase,positive,function_gate,0.9471061562653631,0.9944772372643153,0.04737108099895219,walsh_target_coefficient,12,20000,sgd,claim_eligible,20260815,0.14789382519844319,6.403960104450208,True
C64-d16-L2-H4-m4-ffnnone,True,-0.7967604248385821,-1.0920496590702895,0.95,True,decrease,negative,function_gate,-0.9417637191945687,0.000737219777268668,0.9425009389718374,walsh_target_error_energy,12,20000,sgd,claim_eligible,20260815,0.272577240360398,-3.45503431595896,True
C64-d16-L2-H4-m4-ffnnone,True,-1.4180938480923948,-2.504318491771604,0.95,True,decrease,negative,function_gate,-1.9403072636147651,0.0032809832870649793,1.94358824690183,walsh_total_error_energy,12,20000,sgd,claim_eligible,20260815,1.0098248191193733,-1.92142956568133,True
