attention_mean_distractor_mass,attention_self_mass,attention_target_mass,attention_target_over_distractor_log_margin,cell,cell_index,d_model,donor_accuracy,donor_gate_pass,donor_risk,embedding_coherence,embedding_effective_rank,ffn_branch_signed,ffn_cancellation_fraction,ffn_opposition_rate,ffn_skip_signed,ffn_total_signed,ffn_width,final_step,function_accuracy,function_and_donor_gate_pass,function_gate_pass,initial_step,key_selectivity,memory_size,natural_swap_mae,natural_swap_mse,num_concepts,num_heads,num_layers,optimizer,ov_distractor_gain,ov_log_target_over_distractor_gain,ov_target_gain,qk_cancellation_fraction,qk_content_energy,qk_content_signed,qk_opposition_rate,qk_route_signed,qk_suppression_log_ratio,qk_total_signed,raw_cell_id,risk,seed,step,target_key_effect,value_flip_effect,walsh_bias_energy,walsh_distractor_direct_energy,walsh_interaction_energy,walsh_target_coefficient,walsh_target_error_energy,walsh_total_error_energy
0.148971039801836,0.4015807583928108,0.15150612965226173,-0.16364315897226334,C16-d16-L2-H1-m4-ffn32,4,16,0.4921875,True,0.5641182661056519,0.6611177921295166,7.686499118804932,-4.566158168017864e-05,0.2107238993048668,0.466796875,-0.0012606950476765633,-0.0013063570950180292,32,400,0.525390625,True,True,0,0.0025350917130708694,4,0.14535365998744965,0.047427646815776825,16,1,2,adamw,0.9490369856357574,0.0012839697301387787,0.931324690580368,0.2141154706478119,0.012979906052350998,-0.0005434416234493256,0.45703125,0.0004908597329631448,-0.5413564518094063,-5.258223973214626e-05,cell-004-3bbcb7f3f746,0.5678189992904663,0,0,0.010779398493468761,0.0059663173742592335,0.12800607085227966,0.008848674595355988,0.0008614431717433035,0.006488463841378689,0.9895114302635193,1.1272276639938354
0.04350116848945618,0.38796108961105347,0.481535404920578,2.7992829084396362,C16-d16-L2-H1-m4-ffn32,4,16,0.984375,True,0.030339065939188004,0.7049798965454102,5.620994567871094,0.0012043547467328608,0.25377407670021057,0.51953125,0.0008306221570819616,0.0020349769620224833,32,400,0.994140625,True,True,0,0.4380342364311218,4,0.08261838555335999,0.03209364414215088,16,1,2,adamw,1.12670236825943,0.3809812515974045,1.968983680009842,0.26613178849220276,0.001984202361200005,-0.0016175549535546452,0.5732421875,0.0044418288161978126,-1.1849622130393982,0.0028242738044355065,cell-004-3bbcb7f3f746,0.024109333753585815,0,50,0.921120285987854,0.9431658387184143,0.005171704571694136,0.01954648271203041,0.003419699613004923,0.943988561630249,0.02145993709564209,0.04959782212972641
0.016927736112847924,0.43741313368082047,0.5118036568164825,4.414195477962494,C16-d16-L2-H1-m4-ffn32,4,16,1.0,True,0.0003859307907987386,0.7067074775695801,5.544212341308594,0.00011430340236984193,0.35276614129543304,0.60546875,-0.0006941463361727074,-0.0005798429192509502,32,400,1.0,True,True,0,0.4948759377002716,4,0.010182633996009827,0.0003639592323452234,16,1,2,adamw,1.050817608833313,0.5838299989700317,2.526184856891632,0.25094540417194366,0.00011950714178965427,-0.0005467582086566836,0.5634765625,0.00042865201248787344,-1.337416172027588,-0.00011810623982455581,cell-004-3bbcb7f3f746,0.0004272671358194202,0,100,0.9956753253936768,0.9965758323669434,0.00020442761888261884,0.00026355963200330734,9.940709423972294e-05,0.997101902961731,0.00027637509629130363,0.0008437694050371647
0.010784796671941876,0.46302784979343414,0.5046177618205547,4.736446678638458,C16-d16-L2-H1-m4-ffn32,4,16,1.0,True,3.470421870588325e-05,0.7016700506210327,5.511730194091797,5.4658157750964165e-05,0.37630710005760193,0.6171875,-0.00022896690643392503,-0.0001743087632348761,32,400,1.0,True,True,0,0.4938329756259918,4,0.003358314046636224,3.611977444961667e-05,16,1,2,adamw,1.0124951601028442,0.717751532793045,2.9179704785346985,0.24960444122552872,1.9358268900759867e-05,-0.0001554691989440471,0.541015625,0.00010543757525738329,-1.3542745113372803,-5.003159822081216e-05,cell-004-3bbcb7f3f746,4.0673498006071895e-05,0,400,0.99439936876297,0.997620701789856,1.9505954696796834e-05,2.4888977350201458e-05,1.0058262887469027e-05,0.9976550340652466,2.932650204456877e-05,8.377969788853079e-05
0.20809797197580338,0.169164864346385,0.2065412402153015,-0.2016053944826126,C16-d16-L2-H1-m4-ffn32,4,16,0.5078125,True,0.6967995166778564,0.6805012226104736,7.553332805633545,-0.004400270525366068,0.23301181197166443,0.4580078125,-0.012123107211664319,-0.01652337796986103,32,400,0.509765625,True,True,0,-0.0015567298978567123,4,0.22030074894428253,0.0915854200720787,16,1,2,adamw,0.9988425374031067,-0.38727517426013947,0.6724216043949127,0.2216029018163681,0.04046940244734287,-0.009265044704079628,0.513671875,-0.004750455962494016,-0.2327953726053238,-0.014015500899404287,cell-004-3bbcb7f3f746,0.7014517784118652,1,0,-0.02549099549651146,-0.04277205467224121,0.3204871118068695,0.022366732358932495,0.0076402886770665646,-0.04422992467880249,1.1010332107543945,1.4515273571014404
0.07270621694624424,0.22906866669654846,0.5528126806020737,2.654074192047119,C16-d16-L2-H1-m4-ffn32,4,16,0.9921875,True,0.01668497920036316,0.6551828384399414,5.755223274230957,-0.001058518682839349,0.2899278700351715,0.57421875,0.0005874318885616958,-0.000471086852485314,32,400,0.9921875,True,True,0,0.4801064729690552,4,0.03732461482286453,0.013100182637572289,16,1,2,adamw,1.0064138174057007,0.40247136913239956,1.5890110433101654,0.24747401475906372,0.0002668799279490486,-0.0005222638137638569,0.5458984375,-0.002416976698441431,-1.3965857774019241,-0.0029392402502708137,cell-004-3bbcb7f3f746,0.016590744256973267,1,50,0.9208654165267944,0.939433217048645,0.00506085017696023,0.010832779109477997,0.0022186231799423695,0.935083270072937,0.01296458300203085,0.031076833605766296
0.06403210572898388,0.2304912880063057,0.5774123966693878,3.6904649138450623,C16-d16-L2-H1-m4-ffn32,4,16,1.0,True,0.0004950144793838263,0.667876660823822,5.647655010223389,6.613465302507393e-05,0.4063672572374344,0.6962890625,6.625179230468348e-05,0.00013238641258794814,32,400,1.0,True,True,0,0.5133802890777588,4,0.004704076796770096,7.532371091656387e-05,16,1,2,adamw,1.0088647603988647,0.6390103697776794,1.9685343503952026,0.27081191539764404,2.1326776732166763e-05,-0.0002073493324132869,0.59765625,0.0002096519383485429,-0.8298030719161034,2.302593202330172e-06,cell-004-3bbcb7f3f746,0.0004457205650396645,1,100,1.0063316822052002,1.003915548324585,0.00019348971545696259,8.20854475023225e-05,8.701521437615156e-05,1.0040979385375977,0.00015747810539323837,0.0005200684536248446
0.06335649220272899,0.2252357304096222,0.5846947878599167,3.741393208503723,C16-d16-L2-H1-m4-ffn32,4,16,1.0,True,2.3429007342201658e-05,0.6618444919586182,5.639798164367676,-4.666198947234079e-07,0.45094728469848633,0.7080078125,-1.800652898964472e-05,-1.8473132513463497e-05,32,400,1.0,True,True,0,0.5213383436203003,4,0.0020204370375722647,1.1331091627653223e-05,16,1,2,adamw,1.0044864118099213,0.699171632528305,2.072954773902893,0.2673894912004471,4.987222496311006e-06,-8.039445674512535e-05,0.6201171875,3.628280774137238e-05,-0.728717777878046,-4.411164263729006e-05,cell-004-3bbcb7f3f746,2.2961892682360485e-05,1,400,1.0098466873168945,1.000321388244629,1.733055614749901e-05,7.484283287340077e-06,8.48721174406819e-06,1.0002777576446533,1.4319825822894927e-05,4.762188109452836e-05
0.15432973951101303,0.393602192401886,0.1434086412191391,-0.3126922473311424,C16-d16-L2-H1-m4-ffn32,4,16,0.5078125,True,1.1963592767715454,0.5239017605781555,8.411805152893066,-0.018365557305514812,0.14460068196058273,0.3125,-0.01326796319335699,-0.03163352236151695,32,400,0.498046875,True,True,0,-0.010921088978648186,4,0.16362059116363525,0.07906298339366913,16,1,2,adamw,0.8736891150474548,-0.23637589067220688,0.6901005804538727,0.2274353727698326,0.03287970973178744,-0.017712313681840897,0.501953125,-0.007275950629264116,-0.41169361770153046,-0.024988263845443726,cell-004-3bbcb7f3f746,1.2230637073516846,2,0,-0.0017196134431287646,-0.023147497326135635,1.398816704750061,0.041760001331567764,0.002806006697937846,-0.023056846112012863,1.0504859685897827,2.493868827819824
0.1394483894109726,0.14105042070150375,0.44060444831848145,1.2400853857398033,C16-d16-L2-H1-m4-ffn32,4,16,0.966796875,True,0.05928456038236618,0.7074689269065857,6.843130588531494,-0.0019679148390423506,0.15861065685749054,0.42578125,0.00032765697687864304,-0.0016402574256062508,32,400,0.97265625,True,True,0,0.30115607380867004,4,0.07835131138563156,0.02154126577079296,16,1,2,adamw,1.1018763780593872,0.5589252486824989,2.1432395577430725,0.21509413421154022,0.0005714112921850756,0.00026825390523299575,0.501953125,-0.0009532162366667762,-1.888384461402893,-0.0006849624332971871,cell-004-3bbcb7f3f746,0.060490936040878296,2,50,0.9607292413711548,0.9469893574714661,0.01634000800549984,0.0477447435259819,0.004436518996953964,0.9518834352493286,0.04343339800834656,0.11195467412471771
0.08504612557590008,0.1609661541879177,0.5838954746723175,2.8411449193954468,C16-d16-L2-H1-m4-ffn32,4,16,1.0,True,0.0009863503510132432,0.7844451665878296,6.705089569091797,0.0004985875348211266,0.32313670217990875,0.57421875,0.0007755396072752774,0.0012741272221319377,32,400,1.0,True,True,0,0.49884936213493347,4,0.0113745778799057,0.0004760910524055362,16,1,2,adamw,1.0082013607025146,0.8508192300796509,2.5421600937843323,0.20932751148939133,5.511588142326218e-05,0.0002430035892757587,0.5,0.0008515582157997414,-1.6131130903959274,0.0010945617395918816,cell-004-3bbcb7f3f746,0.0010179048404097557,2,100,1.0479636192321777,1.0008494853973389,0.0009458832209929824,0.0002560709835961461,0.0001378488086629659,1.000351905822754,0.0006703058606944978,0.0020101089030504227
0.0800054483115673,0.19000084698200226,0.5699828267097473,2.9991832971572876,C16-d16-L2-H1-m4-ffn32,4,16,1.0,True,7.80063564889133e-05,0.7865110635757446,6.693878650665283,0.000594884913880378,0.4071880280971527,0.6572265625,-0.00022167774295667186,0.000373207192751579,32,400,1.0,True,True,0,0.4899774193763733,4,0.004485628567636013,5.056229929323308e-05,16,1,2,adamw,0.9880279898643494,0.9304934144020081,2.66766494512558,0.22810406982898712,2.014324832089187e-05,0.00015197354514384642,0.5205078125,0.0002651741961017251,-1.4259456247091293,0.00041714775579748675,cell-004-3bbcb7f3f746,7.709320925641805e-05,2,400,1.019843339920044,1.0009979009628296,4.805329808732495e-05,2.1978696167934686e-05,2.505739757907577e-05,1.0005102157592773,5.4943688155617565e-05,0.00015003306907601655
0.19216690957546234,0.24253492057323456,0.1809643879532814,-0.1830180585384369,C16-d16-L2-H1-m4-ffn32,4,16,0.5859375,True,0.9092772603034973,0.5797935128211975,8.813401222229004,0.011593230534344912,0.3509838283061981,0.630859375,0.004029377130791545,0.015622607432305813,32,400,0.58984375,True,True,0,-0.011202523484826088,4,0.16200754046440125,0.049881018698215485,16,1,2,adamw,0.9797206223011017,0.03795870393514633,1.0284689962863922,0.2324051856994629,0.02410899568349123,0.01853432133793831,0.48828125,-0.0008215559646487236,-0.09605612605810165,0.01771276630461216,cell-004-3bbcb7f3f746,0.9141339659690857,3,0,0.19638898968696594,0.22355353832244873,1.1355681419372559,0.20806485414505005,0.009570235386490822,0.2220868170261383,0.6273469924926758,1.9805502891540527
0.14353633671998978,0.21035136282444,0.35903967916965485,0.8864492624998093,C16-d16-L2-H1-m4-ffn32,4,16,0.880859375,True,0.17187845706939697,0.805139422416687,7.095872402191162,0.0002603278262540698,0.1999666392803192,0.4580078125,-0.00954568525776267,-0.009285356849431992,32,400,0.892578125,True,True,0,0.21550333499908447,4,0.12634320557117462,0.04823962599039078,16,1,2,adamw,1.2242133617401123,0.5288809835910797,2.1237288117408752,0.2092711329460144,0.003259677439928055,-0.0007203721324913204,0.4775390625,-0.0024234942393377423,-1.485862374305725,-0.0031438664300367236,cell-004-3bbcb7f3f746,0.16703104972839355,3,50,0.6555427312850952,0.7138798236846924,0.02674773335456848,0.1504037082195282,0.014221731573343277,0.717497706413269,0.1478145718574524,0.33918774127960205
0.07318697217851877,0.211960818618536,0.5684782564640045,3.3789986968040466,C16-d16-L2-H1-m4-ffn32,4,16,1.0,True,0.0008522089920006692,0.7754538655281067,6.421454429626465,0.00012936981511302292,0.41953641176223755,0.69140625,0.000188798934686929,0.0003181688371114433,32,400,1.0,True,True,0,0.49529126286506653,4,0.014307097531855106,0.0006346631562337279,16,1,2,adamw,1.1283962726593018,0.6478706039488316,2.3891191482543945,0.22748321294784546,0.00017959958267965703,1.6395199054386467e-05,0.5712890625,-0.0006184322555782273,-1.281870223581791,-0.0006020370783517137,cell-004-3bbcb7f3f746,0.0008761249482631683,3,100,0.9287742376327515,0.9966427087783813,0.0005451434990391135,0.00043391401413828135,0.00027308351127430797,0.9964474439620972,0.0007839431636966765,0.0020360839553177357
0.07015718892216682,0.21417953819036484,0.5753488689661026,3.6447947025299072,C16-d16-L2-H1-m4-ffn32,4,16,1.0,True,9.465661423746496e-05,0.7660831809043884,6.3873186111450195,0.00031280319672077894,0.4907553493976593,0.7578125,-7.405251380987465e-06,0.0003053979453397915,32,400,1.0,True,True,0,0.5051916837692261,4,0.005094614811241627,7.647540041944012e-05,16,1,2,adamw,1.0469708442687988,0.7718615159392357,2.49594646692276,0.2092800885438919,3.7353889865698875e-05,6.301429675659165e-05,0.5478515625,-0.0005823657047585584,-1.361021302640438,-0.0005193513698031893,cell-004-3bbcb7f3f746,9.385233715875074e-05,3,400,0.9474337100982666,0.9988253712654114,4.6212862798711285e-05,4.495957546168938e-05,4.0834514948073775e-05,0.9988435506820679,7.189046300482005e-05,0.0002038974198512733
0.19439709186553955,0.23352796584367752,0.18328076601028442,-0.15625281631946564,C16-d16-L2-H1-m4-ffn32,4,16,0.546875,True,0.7888468503952026,0.5822912454605103,8.253628730773926,-0.004723798017948866,0.2630120664834976,0.4873046875,0.005691058235242963,0.0009672606829553843,32,400,0.5625,True,True,0,-0.011116322129964828,4,0.14763443171977997,0.05700582265853882,16,1,2,adamw,0.9544348120689392,-0.22079972922801971,0.7563644349575043,0.21566257625818253,0.016866746824234724,0.001975978957489133,0.501953125,-0.0013979784271214157,-0.204181095585227,0.0005780004430562258,cell-004-3bbcb7f3f746,0.7734689712524414,4,0,0.026365408673882484,0.044430360198020935,0.705681562423706,0.03744926303625107,0.0016459492035210133,0.04336818307638168,0.9202356338500977,1.6650123596191406
0.0795018607750535,0.25598735362291336,0.5055070519447327,2.908116579055786,C16-d16-L2-H1-m4-ffn32,4,16,1.0,True,0.0024041091091930866,0.6671546697616577,7.132046699523926,-0.0001381834299536422,0.17754549533128738,0.40625,-0.0013449692633002996,-0.0014831525622867048,32,400,1.0,True,True,0,0.42600518465042114,4,0.013060906901955605,0.0006571733974851668,16,1,2,adamw,1.0286017954349518,0.7895798534154892,2.4170233607292175,0.22445037961006165,0.00011214619007660076,-0.0003812579525401816,0.5263671875,-0.0008595015824539587,-1.408750919625163,-0.0012407595640979707,cell-004-3bbcb7f3f746,0.0025765597820281982,4,50,1.0246496200561523,0.9747992753982544,0.0013506109826266766,0.0010056394385173917,0.0006281938985921443,0.9773112535476685,0.002334119053557515,0.005318562965840101
0.07452530460432172,0.25865112245082855,0.5177729725837708,3.6613152027130127,C16-d16-L2-H1-m4-ffn32,4,16,1.0,True,0.00020414662139955908,0.689258873462677,7.0162506103515625,9.963408592739142e-05,0.24939047545194626,0.533203125,-0.0006690686859656125,-0.000569434545468539,32,400,1.0,True,True,0,0.4432476758956909,4,0.005303635727614164,9.428268094779924e-05,16,1,2,adamw,0.9826277196407318,0.9087234437465668,2.636069178581238,0.20796328783035278,4.76802779303398e-05,-0.00023810079846953158,0.5166015625,-0.00023516030341852456,-1.3160069286823273,-0.0004732611123472452,cell-004-3bbcb7f3f746,0.00020143980509601533,4,100,1.0895755290985107,0.9993813633918762,0.00018071196973323822,4.542615351965651e-05,6.366224988596514e-05,0.9995263814926147,0.00012905115727335215,0.000418851530412212
0.0739102908410132,0.26939521729946136,0.5088739097118378,3.751756191253662,C16-d16-L2-H1-m4-ffn32,4,16,1.0,True,3.1379327992908657e-05,0.6895272731781006,6.980228424072266,0.00011043493577744812,0.3066328465938568,0.61328125,-0.00031655402563046664,-0.00020611910440493375,32,400,1.0,True,True,0,0.4349636435508728,4,0.0026088166050612926,1.9960290956078097e-05,16,1,2,adamw,0.94727823138237,0.9905825108289719,2.7486358284950256,0.2274499237537384,2.6270662701222136e-05,-0.0001342189452770981,0.5146484375,-4.573562910081819e-05,-0.9499298091977835,-0.00017995455709751695,cell-004-3bbcb7f3f746,3.102935079368763e-05,4,400,1.07730233669281,0.9997919797897339,1.981512650672812e-05,1.0289724741596729e-05,1.388817145198118e-05,0.9998466968536377,2.1691768779419363e-05,6.568479147972539e-05
0.1992664858698845,0.20325683057308197,0.19894374161958694,-0.11000782623887062,C16-d16-L2-H1-m4-ffn32,4,16,0.52734375,True,0.5700770020484924,0.7056615352630615,7.869094371795654,0.005233658594079316,0.2676069587469101,0.4912109375,0.008305503986775875,0.013539161533117294,32,400,0.52734375,True,True,0,-0.0003227408742532134,4,0.17308124899864197,0.052148304879665375,16,1,2,adamw,0.950837105512619,0.00630471296608448,0.9429695904254913,0.25507186353206635,0.02915549837052822,0.011120992247015238,0.53125,-0.0008441533427685499,-0.06563345342874527,0.010276839137077332,cell-004-3bbcb7f3f746,0.5898392200469971,5,0,0.03437875956296921,0.04787174239754677,0.2023766040802002,0.04043114557862282,0.024815311655402184,0.034711793065071106,0.9490640163421631,1.2166872024536133
0.07171829417347908,0.33919838070869446,0.445646733045578,2.318480044603348,C16-d16-L2-H1-m4-ffn32,4,16,0.998046875,True,0.010930933989584446,0.8103969097137451,6.432360649108887,-0.00027043827867601067,0.1383313164114952,0.388671875,-0.0002040577819570899,-0.0004744957550428808,32,400,0.998046875,True,True,0,0.373928427696228,4,0.0355166420340538,0.0068872589617967606,16,1,2,adamw,0.9119313359260559,0.4347103089094162,1.6038253009319305,0.21066570281982422,0.00016205283463932574,-0.0001214285584865138,0.53125,-0.0009589561086613685,-1.7611873373389244,-0.0010803847835632041,cell-004-3bbcb7f3f746,0.010910208337008953,5,50,0.9764241576194763,0.9501165151596069,0.00306114973500371,0.004930903669446707,0.0012250992003828287,0.9471461176872253,0.00880705937743187,0.01802421174943447
0.06793067324906588,0.2782977446913719,0.5179102569818497,2.9284055829048157,C16-d16-L2-H1-m4-ffn32,4,16,1.0,True,0.0004202427517157048,0.8012735247612,6.522608280181885,-0.0002979456330649555,0.2658950984477997,0.5712890625,-0.00019568016432458535,-0.0004936257319059223,32,400,1.0,True,True,0,0.4499795734882355,4,0.01131978165358305,0.000288936251308769,16,1,2,adamw,0.8789725303649902,0.5417248122394085,1.7435739040374756,0.2243725284934044,6.137475656942115e-05,-0.0001409264514222741,0.5283203125,-0.00011397819616831839,-1.541246972978115,-0.00025490461121080443,cell-004-3bbcb7f3f746,0.00036703574005514383,5,100,1.0124213695526123,0.9951621890068054,0.00023200002033263445,0.00013555368059314787,9.09686932573095e-05,0.9947643280029297,0.00032143312273547053,0.0007799555314704776
0.06260273605585098,0.2868323028087616,0.5253594815731049,3.0945592522621155,C16-d16-L2-H1-m4-ffn32,4,16,1.0,True,5.9439575124997646e-05,0.8065136671066284,6.504706859588623,-0.00013916203170083463,0.34536461532115936,0.66015625,-0.00011373705638106912,-0.0002528991171857342,32,400,1.0,True,True,0,0.4627567529678345,4,0.005137923639267683,5.772535587311722e-05,16,1,2,adamw,0.8224346041679382,0.6019916236400604,1.7874064147472382,0.24567022919654846,1.9577710986595775e-05,-7.729265780653805e-05,0.5576171875,9.277388744521886e-05,-1.1490895748138428,1.548121144878678e-05,cell-004-3bbcb7f3f746,5.470881296787411e-05,5,400,1.019773244857788,1.0006674528121948,3.4309490729356185e-05,2.0864064936176874e-05,2.7587801014306024e-05,1.0008094310760498,3.67548200301826e-05,0.00011951617489103228
0.1838582083582878,0.28760765492916107,0.1608176976442337,-0.2302779108285904,C16-d16-L2-H1-m4-ffn32,4,16,0.564453125,True,0.6136103868484497,0.6050840020179749,7.846508026123047,-0.0010918639600276947,0.33154380321502686,0.5908203125,0.0020677840802818537,0.0009759203530848026,32,400,0.55078125,True,True,0,-0.02304050698876381,4,0.1428593099117279,0.04597601294517517,16,1,2,adamw,0.9735757112503052,0.12634804099798203,1.0890954732894897,0.21816083788871765,0.012749625835567713,0.003635988337919116,0.4814453125,-0.0006331976619549096,-0.5180404335260391,0.0030027914326637983,cell-004-3bbcb7f3f746,0.6259983777999878,6,0,0.04920230805873871,0.05983433872461319,0.3026975989341736,0.05028264969587326,0.004745393060147762,0.06014065071940422,0.8893184661865234,1.2470440864562988
0.06931564956903458,0.2620279937982559,0.5300250798463821,2.723286986351013,C16-d16-L2-H1-m4-ffn32,4,16,1.0,True,0.007870008237659931,0.7691490054130554,6.072056293487549,-0.0007548705325461924,0.2157810926437378,0.49609375,-0.0037556050810962915,-0.004510475788265467,32,400,0.998046875,True,True,0,0.46070942282676697,4,0.032538093626499176,0.009967413730919361,16,1,2,adamw,0.9923001825809479,0.9029670357704163,2.4589178562164307,0.21052314341068268,0.0002296518359798938,-0.000539446780749131,0.4951171875,-0.002832402242347598,-1.735078126192093,-0.0033718483755365014,cell-004-3bbcb7f3f746,0.010049400851130486,6,50,1.017423152923584,0.9849669933319092,0.004097524099051952,0.0035378539469093084,0.0008623280446045101,0.9876919984817505,0.005656685214489698,0.014154389500617981
0.06441601738333702,0.22530898451805115,0.5814429670572281,3.499026298522949,C16-d16-L2-H1-m4-ffn32,4,16,1.0,True,0.00038325009518302977,0.775544285774231,5.902798175811768,5.0165046559413895e-05,0.28721293807029724,0.66796875,-0.00028288617613725364,-0.00023272109683603048,32,400,1.0,True,True,0,0.517026960849762,4,0.0068492586724460125,0.00013093376765027642,16,1,2,adamw,0.9482897222042084,1.0816117525100708,2.808328866958618,0.22176523506641388,1.9307120965095237e-05,-0.00027552098254091106,0.5166015625,-2.0786610548384488e-05,-1.3329361081123352,-0.00029630765493493527,cell-004-3bbcb7f3f746,0.0004162231634836644,6,100,1.0273287296295166,0.9997076988220215,0.00030459044501185417,9.152063285000622e-05,6.590428529307246e-05,0.9996777772903442,0.0003407034382689744,0.0008027188014239073
0.06409025611355901,0.22837047278881073,0.5793587565422058,3.6014909744262695,C16-d16-L2-H1-m4-ffn32,4,16,1.0,True,4.0537401218898594e-05,0.7718527913093567,5.84661865234375,5.1663480917341076e-05,0.36059196293354034,0.67578125,-0.00019662472914205864,-0.00014496124640572816,32,400,1.0,True,True,0,0.5152685046195984,4,0.002971193054690957,2.340868923056405e-05,16,1,2,adamw,0.9343818426132202,1.1585675776004791,2.965141534805298,0.23323028534650803,8.46754892336321e-06,-0.0001788829663382785,0.509765625,1.2170617992524058e-05,-0.9675995707511902,-0.00016671237244736403,cell-004-3bbcb7f3f746,4.325223562773317e-05,6,400,1.0305274724960327,1.000386118888855,2.070446680590976e-05,1.8079166693496518e-05,1.6057805623859167e-05,1.0002702474594116,2.1954989279038273e-05,7.679643022129312e-05
0.2193453013896942,0.12614203989505768,0.21582207083702087,-0.22426451742649078,C16-d16-L2-H1-m4-ffn32,4,16,0.525390625,True,0.5223815441131592,0.602362334728241,7.592530250549316,-0.0016692597419023514,0.19190878421068192,0.3720703125,0.008309731958433986,0.006640471983700991,32,400,0.54296875,True,True,0,-0.003523237304762006,4,0.11797395348548889,0.027957400307059288,16,1,2,adamw,0.8363679945468903,0.1673627272248268,0.9891133010387421,0.2136765792965889,0.011613270733505487,0.000613527256064117,0.48046875,0.003658422385342419,-0.42053942382335663,0.00427194987423718,cell-004-3bbcb7f3f746,0.5223835706710815,7,0,0.002436272334307432,0.0196637324988842,0.06193166226148605,0.012370319105684757,0.002126649720594287,0.021313250064849854,0.9613537788391113,1.0377824306488037
0.07534806802868843,0.20834504440426826,0.5656107366085052,3.2378438115119934,C16-d16-L2-H1-m4-ffn32,4,16,1.0,True,0.0026274356059730053,0.7305319309234619,5.654391288757324,-0.00043525712681002915,0.2651543915271759,0.521484375,0.002670144196599722,0.0022348869824782014,32,400,1.0,True,True,0,0.4902626872062683,4,0.01057998277246952,0.0005350393475964665,16,1,2,adamw,0.8884364366531372,1.0875546336174011,2.828778922557831,0.24014468491077423,3.787177047342993e-05,-0.0001371263133478351,0.5458984375,0.0011512667188071646,-1.5533111542463303,0.0010141404491150752,cell-004-3bbcb7f3f746,0.002563309855759144,7,50,0.9510798454284668,0.9776719212532043,0.002061663893982768,0.0006633589509874582,0.0002809558645822108,0.9780497550964355,0.0017094409558922052,0.004715419840067625
0.07126653427258134,0.19042649492621422,0.5957738757133484,3.877891421318054,C16-d16-L2-H1-m4-ffn32,4,16,1.0,True,0.00020007976854685694,0.7428579926490784,5.598748683929443,-0.00027791946922661737,0.31140096485614777,0.5673828125,0.0005231981340330094,0.00024527865753043443,32,400,1.0,True,True,0,0.5245074033737183,4,0.0038683698512613773,4.988026921637356e-05,16,1,2,adamw,0.8896938562393188,1.1802615523338318,3.1035159826278687,0.22961419075727463,1.483743574226537e-05,-7.372626714641228e-05,0.5419921875,5.8570611145114526e-05,-1.312863864004612,-1.5155645087361336e-05,cell-004-3bbcb7f3f746,0.00019825207709800452,7,100,0.9574146270751953,1.0016863346099854,0.00018115324201062322,5.270016845315695e-05,2.178021168219857e-05,1.0018682479858398,0.00015032336523290724,0.0004059569910168648
0.07057443307712674,0.19471120834350586,0.593565508723259,4.0137553215026855,C16-d16-L2-H1-m4-ffn32,4,16,1.0,True,2.9645842005265877e-05,0.7557327151298523,5.550576686859131,-0.00016545943799428642,0.35888369381427765,0.5791015625,0.0003239308134652674,0.00015847139002289623,32,400,1.0,True,True,0,0.5229910612106323,4,0.001987786963582039,1.217481076309923e-05,16,1,2,adamw,0.8655815124511719,1.2737654447555542,3.2921512126922607,0.2331417351961136,9.357645467389375e-06,4.860437366005499e-05,0.5478515625,-9.164133371086791e-05,-1.0591002628207207,-4.303698005969636e-05,cell-004-3bbcb7f3f746,2.961362770292908e-05,7,400,0.9489911794662476,0.9989317655563354,2.2527616238221526e-05,1.049945603881497e-05,5.147183401277289e-06,0.9990699887275696,2.642508115968667e-05,6.459934229496866e-05
0.16773216426372528,0.3398789167404175,0.15692459046840668,-0.15299737825989723,C16-d16-L2-H1-m4-ffn32,4,16,0.48046875,True,0.8607659935951233,0.6474815607070923,8.444381713867188,-0.005395209998823702,0.2705519124865532,0.4931640625,-0.009347457147669047,-0.014742664992809296,32,400,0.46875,True,True,0,-0.010807563550770283,4,0.20761758089065552,0.09837017953395844,16,1,2,adamw,1.1251603364944458,-0.21693091094493866,0.8959630727767944,0.2216586023569107,0.043190931901335716,-0.010951847769320011,0.4794921875,0.0014565401361323893,-0.4620864689350128,-0.009495306760072708,cell-004-3bbcb7f3f746,0.8366462588310242,8,0,-0.07577356696128845,-0.09441018849611282,0.40817689895629883,0.0639115646481514,0.013623500242829323,-0.08629986643791199,1.190749168395996,1.6764612197875977
0.08663325011730194,0.20639054477214813,0.5337097197771072,2.5565362572669983,C16-d16-L2-H1-m4-ffn32,4,16,1.0,True,0.013364121317863464,0.7931878566741943,6.01769495010376,-0.0013873482821509242,0.20464356988668442,0.4248046875,-0.005173614248633385,-0.006560961715877056,32,400,1.0,True,True,0,0.4470764696598053,4,0.042337916791439056,0.008837822824716568,16,1,2,adamw,1.2443863153457642,0.4798620939254761,2.1830517649650574,0.20410935580730438,0.00030784288537688553,-0.0007235279190354049,0.5048828125,-0.005754686178988777,-1.7137015163898468,-0.006478213821537793,cell-004-3bbcb7f3f746,0.01387152262032032,8,50,1.0124902725219727,0.9674477577209473,0.005368003621697426,0.007555962540209293,0.0014410382136702538,0.9672808647155762,0.00862068496644497,0.022985689342021942
0.07529743295162916,0.18712982535362244,0.5869779139757156,3.227270245552063,C16-d16-L2-H1-m4-ffn32,4,16,1.0,True,0.00031196000054478645,0.7512569427490234,6.0233025550842285,0.00031359228159999475,0.2942736893892288,0.5556640625,-0.0009326598083134741,-0.0006190675194375217,32,400,1.0,True,True,0,0.5116804838180542,4,0.0075806681998074055,0.00015015032840892673,16,1,2,adamw,1.1926684379577637,0.6005264297127724,2.3845125436782837,0.20799721032381058,2.289495978402556e-05,-0.000246801808316377,0.501953125,-0.0002111932190018706,-1.462678112089634,-0.0004579949891194701,cell-004-3bbcb7f3f746,0.0002940419362857938,8,100,1.027008295059204,0.996484637260437,0.00012946545029990375,0.00018237516633234918,6.567349191755056e-05,0.9960376024246216,0.00022853986592963338,0.0006060539744794369
0.07456404203549027,0.20093710720539093,0.5753707587718964,3.30392587184906,C16-d16-L2-H1-m4-ffn32,4,16,1.0,True,3.1695934012532234e-05,0.7349237203598022,6.020026683807373,0.00033344474650220945,0.38073790818452835,0.642578125,-0.0005205586785450578,-0.0001871139211289119,32,400,1.0,True,True,0,0.5008066892623901,4,0.0029369560070335865,1.9754657841986045e-05,16,1,2,adamw,1.1815295815467834,0.6558309644460678,2.507597327232361,0.2183905690908432,4.752868676405342e-06,-6.860583107481943e-05,0.51171875,-5.5331981457129586e-05,-1.2036603540182114,-0.00012393778888508677,cell-004-3bbcb7f3f746,3.072276012971997e-05,8,400,1.032308578491211,1.0005264282226562,1.5225982679112349e-05,1.8398266547592357e-05,1.0042042958957609e-05,1.0004889965057373,2.0157269318588078e-05,6.38235651422292e-05
0.1459207534790039,0.4248519614338875,0.13738583773374557,-0.12316969782114029,C16-d16-L2-H1-m4-ffn32,4,16,0.513671875,True,1.894012451171875,0.6303988099098206,8.00259780883789,0.0035511411260813475,0.28889983892440796,0.5537109375,0.012819866416975856,0.016371008474379778,32,400,0.513671875,True,True,0,-0.008534906432032585,4,0.09160821884870529,0.018339086323976517,16,1,2,adamw,0.902409553527832,0.19883136823773384,1.0789275765419006,0.21301555633544922,0.007664698583539575,0.010402828396763653,0.4765625,-0.0001211479539051652,-0.6318721771240234,0.010281680268235505,cell-004-3bbcb7f3f746,1.8900654315948486,9,0,-0.07327255606651306,-0.06574980169534683,2.6558783054351807,0.03010857291519642,0.005944953765720129,-0.06777910888195038,1.1426174640655518,3.8345491886138916
0.09872053854633123,0.569360226392746,0.13447820965666324,-0.3136409819126129,C16-d16-L2-H1-m4-ffn32,4,16,0.72265625,True,0.3421064019203186,0.7014424800872803,6.905937671661377,-0.0006728730322720367,0.1886220946907997,0.59375,0.005205857669352554,0.004532984516117722,32,400,0.72265625,True,True,0,0.035757675766944885,4,0.06870756298303604,0.010223823599517345,16,1,2,adamw,1.0771647691726685,0.7477394342422485,2.239504873752594,0.25782226026058197,0.0010347173121090236,-9.308627340942621e-06,0.525390625,0.004854079714277759,-1.6175963282585144,0.0048447707667946815,cell-004-3bbcb7f3f746,0.3360077142715454,9,50,0.32341471314430237,0.337262362241745,0.007037171628326178,0.19290700554847717,0.002407038351520896,0.33539366722106934,0.44816556572914124,0.6505168080329895
0.012218291347380728,0.5050653275102377,0.45827979006571695,3.7598066329956055,C16-d16-L2-H1-m4-ffn32,4,16,1.0,True,0.011572654359042645,0.7797222137451172,4.862272262573242,-9.294010669691488e-05,0.21136292815208435,0.6015625,0.003394003608264029,0.003301063581602648,32,400,0.998046875,True,True,0,0.44606149196624756,4,0.05061360076069832,0.018702026456594467,16,1,2,adamw,1.2793511152267456,0.4869784861803055,2.327704131603241,0.19811493903398514,0.00014027004817762645,0.00030101167067186907,0.5029296875,0.0032809112381073646,-1.8825680017471313,0.0035819228214677423,cell-004-3bbcb7f3f746,0.01408060546964407,9,100,1.0028424263000488,0.9930121898651123,0.003878128482028842,0.009206576272845268,0.0008036150247789919,0.993511438369751,0.009760787710547447,0.023649107664823532
0.001372265222016722,0.5069533782079816,0.4889298461494036,7.257359266281128,C16-d16-L2-H1-m4-ffn32,4,16,1.0,True,0.00011572905350476503,0.7953952550888062,4.738129138946533,-6.058291319277487e-05,0.29457083344459534,0.662109375,0.0002805206167977303,0.00021993770860717632,32,400,1.0,True,True,0,0.4875575602054596,4,0.003973538056015968,7.860294135753065e-05,16,1,2,adamw,1.3473488092422485,0.46299856901168823,2.4030938744544983,0.22420448809862137,5.289857881507487e-06,0.00011365448335709516,0.57421875,9.898816006170819e-05,-1.3716884851455688,0.00021264260794850998,cell-004-3bbcb7f3f746,0.00010898877371801063,9,400,1.0368398427963257,1.0009100437164307,6.0531612689374015e-05,5.6255721574416384e-05,1.2338663509581238e-05,1.000864863395691,7.15028727427125e-05,0.00020062888506799936
0.21021896600723267,0.16388585418462753,0.20545724779367447,-0.13992974907159805,C16-d16-L2-H1-m4-ffn32,4,16,0.49609375,True,0.6117069721221924,0.697542130947113,8.41893482208252,0.004739111289381981,0.30382439494132996,0.57421875,0.01137162046507001,0.016110732220113277,32,400,0.498046875,True,True,0,-0.004761730320751667,4,0.08329996466636658,0.012514961883425713,16,1,2,adamw,0.9917322397232056,-0.19714172184467316,0.8327187597751617,0.17909053713083267,0.005859247175976634,0.01039806311018765,0.458984375,0.0016558300703763962,-0.24728963524103165,0.012053892947733402,cell-004-3bbcb7f3f746,0.60057532787323,10,0,-0.011486555449664593,-0.00843164324760437,0.23186931014060974,0.004739248193800449,0.0005733335274271667,-0.008922239765524864,1.0188413858413696,1.2560234069824219
0.06842030771076679,0.31955352425575256,0.4751855731010437,2.7890708446502686,C16-d16-L2-H1-m4-ffn32,4,16,1.0,True,0.0051201265305280685,0.7804221510887146,6.489403247833252,0.0008211503882193938,0.19735988229513168,0.5009765625,0.001788303372450173,0.002609453513287008,32,400,0.998046875,True,True,0,0.40676525235176086,4,0.019756175577640533,0.0075246915221214294,16,1,2,adamw,1.0364388227462769,0.8299131989479065,2.37329763174057,0.1967470794916153,0.0003832665315712802,0.000843062371131964,0.513671875,0.0012170015834271908,-1.5054889991879463,0.0020600641146302223,cell-004-3bbcb7f3f746,0.008152810856699944,10,50,1.0392882823944092,1.0196337699890137,0.005161804612725973,0.004147376865148544,0.0017258359584957361,1.0195777416229248,0.005082790274173021,0.01611780747771263
0.06440914422273636,0.2196037769317627,0.58716881275177,4.049976587295532,C16-d16-L2-H1-m4-ffn32,4,16,1.0,True,0.00017444477998651564,0.7944868206977844,6.365660667419434,4.909873132419307e-05,0.3855457752943039,0.7392578125,6.883574224048061e-05,0.00011793450812547235,32,400,1.0,True,True,0,0.5227596759796143,4,0.0029071588069200516,2.1616524463752285e-05,16,1,2,adamw,0.9755443334579468,1.065426766872406,2.801578998565674,0.2409629225730896,7.91399685340366e-06,0.00015775120118632913,0.533203125,-5.85196048632497e-05,-0.6886677965521812,9.923159086611122e-05,cell-004-3bbcb7f3f746,0.00017689306696411222,10,100,1.0034246444702148,0.9950509071350098,0.0002148530911654234,1.5112767869140953e-05,2.2152369638206437e-05,0.9948853254318237,0.00011159211862832308,0.00036371033638715744
0.06411649100482464,0.2133612409234047,0.5942893028259277,4.057511806488037,C16-d16-L2-H1-m4-ffn32,4,16,1.0,True,2.237324952147901e-05,0.7882665991783142,6.335257053375244,3.781137820624281e-05,0.4055723547935486,0.720703125,8.454680028080475e-05,0.00012235816393513232,32,400,1.0,True,True,0,0.5301727652549744,4,0.0016039855545386672,6.1528880905825645e-06,16,1,2,adamw,0.9420333504676819,1.1412800550460815,2.9129316806793213,0.22584163397550583,2.53067463518164e-06,7.965728400449734e-05,0.5107421875,-1.2566306395456195e-07,-0.5528999418020248,7.953162275953218e-05,cell-004-3bbcb7f3f746,2.307125396328047e-05,10,400,1.007322907447815,0.9995969533920288,2.0151768694631755e-05,4.807422556041274e-06,7.001967787800822e-06,0.9994746446609497,1.450380113965366e-05,4.6464956540148705e-05
0.2061861976981163,0.17967984452843666,0.20176159590482712,-0.17745303735136986,C16-d16-L2-H1-m4-ffn32,4,16,0.47265625,True,2.1684658527374268,0.6842079758644104,8.081852912902832,0.026394199579954147,0.35864466428756714,0.6123046875,0.031277946662157774,0.05767214484512806,32,400,0.47265625,True,True,0,-0.004424604121595621,4,0.1675475835800171,0.06742741167545319,16,1,2,adamw,0.9076135754585266,0.049743764102458954,0.9521084427833557,0.2195684015750885,0.020838097669184208,0.03178763296455145,0.48046875,0.016529827378690243,-0.5344540178775787,0.04831746220588684,cell-004-3bbcb7f3f746,2.1704599857330322,11,0,0.059520211070775986,0.07137786597013474,3.1898021697998047,0.053094856441020966,0.008075129240751266,0.07207760214805603,0.8717923760414124,4.1227641105651855
0.08473696745932102,0.28901489078998566,0.45677417516708374,2.1595095098018646,C16-d16-L2-H1-m4-ffn32,4,16,1.0,True,0.01762540638446808,0.664716899394989,7.269988536834717,0.0010689503978937864,0.2808268815279007,0.525390625,-0.0007291698711924255,0.00033978058490902185,32,400,1.0,True,True,0,0.37203723192214966,4,0.04930872470140457,0.0075917914509773254,16,1,2,adamw,1.080938458442688,0.6119243800640106,1.954041600227356,0.2418743520975113,0.0006387147586792707,-0.000869244453497231,0.5439453125,-0.0025793981039896607,-1.6157932579517365,-0.00344864244107157,cell-004-3bbcb7f3f746,0.014979851432144642,11,50,0.9644201397895813,0.9788640737533569,0.009455638006329536,0.007126261480152607,0.001596120884642005,0.9780316352844238,0.013196521438658237,0.03137454017996788
0.06495296582579613,0.2721981331706047,0.5329429805278778,3.1407302618026733,C16-d16-L2-H1-m4-ffn32,4,16,1.0,True,0.0006585662486031651,0.7110114097595215,7.150656223297119,0.0001657868706388399,0.3924138993024826,0.68359375,-0.0001225664746016264,4.322036329540424e-05,32,400,1.0,True,True,0,0.46799004077911377,4,0.010124490596354008,0.00022181490203365684,16,1,2,adamw,1.0248906016349792,0.7731150686740875,2.2192814350128174,0.24077004194259644,6.13045629052067e-05,-2.1329951778170653e-05,0.572265625,-6.241889059310779e-05,-1.568690076470375,-8.374884055228904e-05,cell-004-3bbcb7f3f746,0.0006224488606676459,11,100,0.9575684666633606,0.9965532422065735,0.0003653205349110067,0.00020505193970166147,0.00011866615386679769,0.9965555667877197,0.0005699770990759134,0.001259015640243888
0.06348571553826332,0.2844368517398834,0.5251060277223587,3.2996103763580322,C16-d16-L2-H1-m4-ffn32,4,16,1.0,True,6.737152580171824e-05,0.7054162621498108,7.056591033935547,0.00020382050570333377,0.46892035007476807,0.736328125,-0.00011389038991183043,8.993007941171527e-05,32,400,1.0,True,True,0,0.4616203010082245,4,0.004697565920650959,4.427072417456657e-05,16,1,2,adamw,0.9930658936500549,0.8411232084035873,2.305287480354309,0.25912512838840485,1.9234890714869834e-05,-9.964942910301033e-05,0.5537109375,7.776668371661799e-05,-1.220063254237175,-2.1882762666791677e-05,cell-004-3bbcb7f3f746,6.272291648201644e-05,11,400,0.9630137085914612,0.9998612999916077,3.883436875184998e-05,3.112183549092151e-05,2.2894615540280938e-05,0.9997550249099731,3.6641158658312634e-05,0.00012949197844136506
0.2129785344004631,0.15287145972251892,0.20819295942783356,-0.07375073060393333,C16-d16-L2-H1-m4-ffnnone,0,16,0.49609375,True,0.9979190230369568,0.7035661339759827,7.229750633239746,,,,,,,400,0.50390625,True,True,0,-0.004785566590726376,4,0.1677454560995102,0.047300003468990326,16,1,2,adamw,1.0239229202270508,-0.24368180334568024,0.7834998667240143,0.16654294729232788,0.015440603718161583,0.0163006535731256,0.4765625,0.0038794693537056446,-0.18197962641716003,0.020180122461169958,cell-000-445b936fd167,0.9751172065734863,0,0,0.0693802535533905,0.12098744511604309,1.0339546203613281,0.04274933040142059,0.003367230761796236,0.12202860414981842,0.7751789689064026,1.8552501201629639
0.1674629971385002,0.22685286402702332,0.27075816690921783,0.3348359018564224,C16-d16-L2-H1-m4-ffnnone,0,16,0.8203125,True,0.27085644006729126,0.717828094959259,6.100588321685791,,,,,,,400,0.81640625,True,True,0,0.10329517722129822,4,0.16176000237464905,0.06091335043311119,16,1,2,adamw,1.1190342903137207,0.2497289925813675,1.410228431224823,0.27511338889598846,0.010588789358735085,0.0039010412292554975,0.5908203125,0.004856142681092024,-0.7464230805635452,0.008757183561101556,cell-000-445b936fd167,0.2692391872406006,0,50,0.3815927505493164,0.4352748692035675,0.016065821051597595,0.18307125568389893,0.017938878387212753,0.43492788076400757,0.34715116024017334,0.5642271041870117
0.037654781714081764,0.4003368094563484,0.48669885098934174,3.4656482934951782,C16-d16-L2-H1-m4-ffnnone,0,16,0.99609375,True,0.025096945464611053,0.7224522829055786,5.096269607543945,,,,,,,400,0.98828125,True,True,0,0.4490441083908081,4,0.0753527283668518,0.028966277837753296,16,1,2,adamw,1.1052977442741394,0.015579581260681152,1.2094467282295227,0.2765703648328781,0.003611672203987837,0.0033028533216565847,0.5791015625,-0.010800415300764143,-1.2034580707550049,-0.007497559883631766,cell-000-445b936fd167,0.02684665471315384,0,100,0.9545219540596008,0.9989708065986633,0.007763710804283619,0.019369374960660934,0.006526348181068897,0.9994428157806396,0.014695265330374241,0.048354700207710266
0.006611816817894578,0.43184228241443634,0.5483222752809525,6.574259996414185,C16-d16-L2-H1-m4-ffnnone,0,16,1.0,True,0.0001260959543287754,0.8345713019371033,4.964728832244873,,,,,,,400,1.0,True,True,0,0.5417104959487915,4,0.006508621387183666,0.00013843369379173964,16,1,2,adamw,1.1040505766868591,0.12075835466384888,1.3615719079971313,0.27198758721351624,7.901682329247706e-05,-0.0001393162165186368,0.58203125,-0.00015685282414779067,-1.3201668560504913,-0.0002961690479423851,cell-000-445b936fd167,0.00012459518620744348,0,400,0.9837826490402222,0.9993853569030762,6.387906614691019e-05,6.16663892287761e-05,5.0159193051513284e-05,0.9992735981941223,7.601964171044528e-05,0.000251724268309772
0.2085796371102333,0.15991630777716637,0.2143447995185852,-0.01705581322312355,C16-d16-L2-H1-m4-ffnnone,0,16,0.484375,True,0.5963432788848877,0.5073335766792297,8.149219512939453,,,,,,,400,0.482421875,True,True,0,0.005765159614384174,4,0.12045042961835861,0.034784361720085144,16,1,2,adamw,0.8615416586399078,-0.0221949506085366,0.8296842575073242,0.23504231125116348,0.02014673501253128,6.740167737007141e-05,0.5439453125,0.002494101761840284,-0.03108270652592182,0.00256150308996439,cell-000-445b936fd167,0.5986665487289429,1,0,-0.014348424971103668,-0.02667653001844883,0.11558438092470169,0.028672225773334503,0.0031888121739029884,-0.027301328256726265,1.0618442296981812,1.20928955078125
0.06752457283437252,0.3302493840456009,0.4671769291162491,2.64896559715271,C16-d16-L2-H1-m4-ffnnone,0,16,1.0,True,0.0036404994316399097,0.6817288398742676,5.838901042938232,,,,,,,400,1.0,True,True,0,0.3996523320674896,4,0.02235008031129837,0.0014270554529502988,16,1,2,adamw,0.8926229476928711,1.1151474714279175,2.6853578090667725,0.1879807561635971,0.0003292119963589357,0.0002969209381262772,0.4921875,-0.00016442511696368456,-2.162703573703766,0.00013249559560790658,cell-000-445b936fd167,0.003683091839775443,1,50,1.014167308807373,1.0069034099578857,0.0017709438689053059,0.0021708582062274218,0.0005505859153345227,1.0065761804580688,0.0028985508251935244,0.007390938699245453
0.06134132947772741,0.28908874094486237,0.5268872827291489,3.0958943367004395,C16-d16-L2-H1-m4-ffnnone,0,16,1.0,True,0.0002738141920417547,0.7048811912536621,5.79785680770874,,,,,,,400,1.0,True,True,0,0.4655459523200989,4,0.008569606579840183,0.00015824445290490985,16,1,2,adamw,0.8686568439006805,1.3097602128982544,3.1482653617858887,0.20671363174915314,6.501351617771434e-05,3.32233958033612e-05,0.48828125,-0.0004962608218193054,-1.6169829666614532,-0.0004630374605767429,cell-000-445b936fd167,0.00026776728918775916,1,100,1.0077447891235352,1.0001966953277588,0.0001432363933417946,9.753982885740697e-05,7.156872015912086e-05,0.999668538570404,0.00019117805641144514,0.0005035230424255133
0.05928000248968601,0.3008138835430145,0.5213461220264435,3.2251518964767456,C16-d16-L2-H1-m4-ffnnone,0,16,1.0,True,3.896409907611087e-05,0.6960345506668091,5.753593444824219,,,,,,,400,1.0,True,True,0,0.4620661437511444,4,0.003781920298933983,2.8326670872047544e-05,16,1,2,adamw,0.8345448970794678,1.415485441684723,3.361160635948181,0.20909277349710464,1.1883480397045787e-05,1.4850883417238947e-05,0.482421875,-0.00024188943643821403,-1.357238531112671,-0.00022703858121531084,cell-000-445b936fd167,3.857318006339483e-05,1,400,0.9858279228210449,1.000840425491333,1.7990598280448467e-05,1.5048007298901211e-05,1.5738038200652227e-05,1.0006715059280396,2.297557148267515e-05,7.175221981015056e-05
0.20638800412416458,0.15911684930324554,0.2217191606760025,-0.024977692402899265,C16-d16-L2-H1-m4-ffnnone,0,16,0.53125,True,0.9246553182601929,0.5705852508544922,8.403874397277832,,,,,,,400,0.546875,True,True,0,0.015331161208450794,4,0.17432215809822083,0.054514314979314804,16,1,2,adamw,0.8112470209598541,-0.06453222967684269,0.7420020401477814,0.23036695271730423,0.02262839488685131,-0.018349244724959135,0.5185546875,-0.001118967542424798,-0.19581632688641548,-0.01946821343153715,cell-000-445b936fd167,0.9234440326690674,2,0,0.10567809641361237,0.1115449070930481,0.986234188079834,0.049321092665195465,0.0018280574586242437,0.10843706876039505,0.8035213947296143,1.840904712677002
0.06146957911550999,0.26862356066703796,0.5469677001237869,2.70193213224411,C16-d16-L2-H1-m4-ffnnone,0,16,0.998046875,True,0.011286220513284206,0.6640650033950806,6.453505039215088,,,,,,,400,0.998046875,True,True,0,0.4854981303215027,4,0.028797660022974014,0.002949221758171916,16,1,2,adamw,0.9870283305644989,0.7704969346523285,2.122951924800873,0.23015157878398895,0.0001296883128816262,0.0005444691196316853,0.5361328125,0.0008205580088542774,-1.8316484838724136,0.0013650268374476582,cell-000-445b936fd167,0.010518137365579605,2,50,1.0176807641983032,0.9724470376968384,0.004005317576229572,0.005459717009216547,0.0008218493312597275,0.9738015532493591,0.010134264826774597,0.020421147346496582
0.059582474641501904,0.21083371341228485,0.6104188412427902,3.5361398458480835,C16-d16-L2-H1-m4-ffnnone,0,16,1.0,True,0.0005437143845483661,0.7765554189682007,6.192096710205078,,,,,,,400,1.0,True,True,0,0.5508363246917725,4,0.009135715663433075,0.0002658056910149753,16,1,2,adamw,0.9906516075134277,1.0377824008464813,2.736256241798401,0.219564288854599,3.048357166335336e-05,0.0001648035213293042,0.5302734375,5.165863694855943e-05,-1.7074138969182968,0.00021646216919180006,cell-000-445b936fd167,0.0005525522865355015,2,100,1.0532373189926147,0.9998226165771484,0.00022076410823501647,0.00024827386368997395,7.803904009051621e-05,0.9998850226402283,0.0006274801562540233,0.0011745571391656995
0.05662771291099489,0.22729705274105072,0.6028198152780533,3.813629388809204,C16-d16-L2-H1-m4-ffnnone,0,16,1.0,True,6.046018097549677e-05,0.7871014475822449,6.115841865539551,,,,,,,400,1.0,True,True,0,0.5461921095848083,4,0.0035548373125493526,3.395116073079407e-05,16,1,2,adamw,0.9700161814689636,1.1668468713760376,3.025192618370056,0.2230072095990181,6.30849527283317e-06,7.529430786235025e-05,0.5,8.892457117326558e-06,-1.5546073466539383,8.418678407906555e-05,cell-000-445b936fd167,6.381511047948152e-05,2,400,1.0414562225341797,1.0002435445785522,1.3365792256081477e-05,3.305859718238935e-05,8.04574756330112e-06,1.0003185272216797,7.777895370963961e-05,0.00013224910071585327
0.21575970947742462,0.14876732230186462,0.2039535492658615,-0.18803255259990692,C16-d16-L2-H1-m4-ffnnone,0,16,0.453125,True,0.6906008124351501,0.5733333230018616,7.6165771484375,,,,,,,400,0.48046875,True,True,0,-0.011806170456111431,4,0.18729817867279053,0.06658103317022324,16,1,2,adamw,0.8898962736129761,-0.12973662093281746,0.7707618176937103,0.27693748474121094,0.02672216249629855,0.005710078869014978,0.57421875,0.00304770702496171,-0.01240766141563654,0.008757784962654114,cell-000-445b936fd167,0.6770888566970825,3,0,-0.03772404044866562,-0.028680678457021713,0.27297526597976685,0.01650117337703705,0.005290919449180365,-0.027925007045269012,1.0610473155975342,1.3558146953582764
0.10249229520559311,0.1548922136425972,0.5376309156417847,2.0033843517303467,C16-d16-L2-H1-m4-ffnnone,0,16,0.951171875,True,0.06743644177913666,0.7826188206672668,5.475327014923096,,,,,,,400,0.9609375,True,True,0,0.43513861298561096,4,0.12360627204179764,0.05714802443981171,16,1,2,adamw,1.1213753819465637,0.5057973116636276,1.8740217685699463,0.2503614202141762,0.009534421376883984,-0.004308001138269901,0.501953125,-0.008699565194547176,-1.4212288856506348,-0.013007567264139652,cell-000-445b936fd167,0.07091594487428665,3,50,0.8085339069366455,0.8563154339790344,0.009115209802985191,0.0632973313331604,0.015461849980056286,0.8640842437744141,0.04853760823607445,0.13641199469566345
0.03684917092323303,0.14610447734594345,0.7433480322360992,4.160975694656372,C16-d16-L2-H1-m4-ffnnone,0,16,1.0,True,0.0003667091659735888,0.766172468662262,5.627573490142822,,,,,,,400,1.0,True,True,0,0.7064988613128662,4,0.007889669388532639,0.00018595103756524622,16,1,2,adamw,0.9888664484024048,0.9529948532581329,2.753329813480377,0.2756464034318924,7.699583511566743e-05,4.145959246670827e-05,0.5224609375,-4.504589014686644e-06,-0.907441258430481,3.695501072797924e-05,cell-000-445b936fd167,0.00037057415465824306,3,100,0.9544321894645691,0.9995381832122803,0.0002634251140989363,8.368153066840023e-05,4.80749731650576e-05,0.9994971752166748,0.00029487418942153454,0.0006900557782500982
0.03367662988603115,0.16073116287589073,0.7382389307022095,4.218308210372925,C16-d16-L2-H1-m4-ffnnone,0,16,1.0,True,3.6241155612515286e-05,0.76606684923172,5.65411376953125,,,,,,,400,1.0,True,True,0,0.7045623064041138,4,0.003989485092461109,4.023761721327901e-05,16,1,2,adamw,0.9525181353092194,1.0980488061904907,3.111573815345764,0.2833282947540283,2.0050621969858184e-05,3.2909494620980695e-05,0.529296875,6.344275243463926e-05,-0.7648736238479614,9.63522179517895e-05,cell-000-445b936fd167,3.793889482039958e-05,3,400,0.9585518836975098,1.0002326965332031,3.490674134809524e-05,1.0628289601299912e-05,9.060791853698902e-06,1.0002470016479492,2.1563162590609863e-05,7.615899085067213e-05
0.1668686792254448,0.33334288001060486,0.16605107486248016,-0.10625436529517174,C16-d16-L2-H1-m4-ffnnone,0,16,0.453125,True,3.0105152130126953,0.6270567178726196,7.604416370391846,,,,,,,400,0.455078125,True,True,0,-0.0008176143746823072,4,0.17754140496253967,0.061705414205789566,16,1,2,adamw,1.008316993713379,-0.2957853227853775,0.7368736565113068,0.2614528462290764,0.02684016525745392,-0.020827890373766422,0.5185546875,-0.006208022590726614,-0.17378266155719757,-0.027035914361476898,cell-000-445b936fd167,3.003941297531128,4,0,-0.041806019842624664,-0.03371297940611839,4.52419900894165,0.023882044479250908,0.002445557154715061,-0.03708109259605408,1.0793006420135498,5.629827499389648
0.15199757367372513,0.2223220318555832,0.321685254573822,0.7366341650485992,C16-d16-L2-H1-m4-ffnnone,0,16,0.822265625,True,0.2551828622817993,0.6654158234596252,6.404232025146484,,,,,,,400,0.833984375,True,True,0,0.1696876883506775,4,0.1270599514245987,0.04211166873574257,16,1,2,adamw,1.2795400619506836,0.40407584607601166,1.9043998718261719,0.2607392370700836,0.005110147409141064,-0.003502763109281659,0.5263671875,-0.0024000866687856615,-1.3215716481208801,-0.005902849603444338,cell-000-445b936fd167,0.2520105242729187,4,50,0.5157871246337891,0.5484540462493896,0.03191080689430237,0.19085246324539185,0.014534024521708488,0.5533537268638611,0.24506697058677673,0.4823642671108246
0.078504947014153,0.1951899379491806,0.5692952275276184,3.5971126556396484,C16-d16-L2-H1-m4-ffnnone,0,16,1.0,True,0.002279756823554635,0.6622625589370728,5.664928436279297,,,,,,,400,1.0,True,True,0,0.49079030752182007,4,0.018193937838077545,0.0009109369711950421,16,1,2,adamw,1.2893820405006409,0.7070068269968033,2.654167056083679,0.256024532020092,0.00017440173905924894,0.0007701093854848295,0.5390625,-5.674026033375412e-05,-1.4367594420909882,0.0007133692124625668,cell-000-445b936fd167,0.002308306749910116,4,100,1.0187749862670898,0.984572172164917,0.0009189387783408165,0.0014247752260416746,0.0006082230829633772,0.9854989051818848,0.0019375240663066506,0.00488946121186018
0.077771105337888,0.19977884739637375,0.5669078379869461,4.118878602981567,C16-d16-L2-H1-m4-ffnnone,0,16,1.0,True,0.00011162097507622093,0.6619510650634766,5.623987197875977,,,,,,,400,1.0,True,True,0,0.4891367554664612,4,0.005056226160377264,6.472105451393872e-05,16,1,2,adamw,1.2382696270942688,1.039109468460083,3.4558987617492676,0.31411193311214447,1.6733229813326034e-05,0.00022650200844509527,0.609375,-4.092346898687538e-05,-0.8666853830218315,0.0001855785376392305,cell-000-445b936fd167,0.00011581374565139413,4,400,1.038693904876709,0.9999355673789978,5.889482417842373e-05,6.886442861286923e-05,4.256117608747445e-05,1.000175952911377,6.457620474975556e-05,0.00023489662271458656
0.20732086151838303,0.1748129203915596,0.2032245248556137,-0.15314370766282082,C16-d16-L2-H1-m4-ffnnone,0,16,0.4921875,True,1.962049961090088,0.6427422761917114,7.895124912261963,,,,,,,400,0.494140625,True,True,0,-0.00409633619710803,4,0.15879395604133606,0.04524284601211548,16,1,2,adamw,0.812345027923584,0.199908297508955,0.9674229621887207,0.2391320914030075,0.017121602781116962,-0.023849504999816418,0.4931640625,-0.012925272807478905,-0.6513930559158325,-0.0367747787386179,cell-000-445b936fd167,1.9541969299316406,5,0,-0.12720562517642975,-0.12580737471580505,2.4431731700897217,0.10889817774295807,0.02038562297821045,-0.12503200769424438,1.274139165878296,3.8465962409973145
0.17311713844537735,0.2954455316066742,0.18520305305719376,-1.4564490169286728,C16-d16-L2-H1-m4-ffnnone,0,16,0.775390625,True,0.2969106137752533,0.7089434862136841,7.250061511993408,,,,,,,400,0.78515625,True,True,0,0.012085908092558384,4,0.16834163665771484,0.08022235333919525,16,1,2,adamw,1.1940951943397522,0.5148717910051346,1.9212146997451782,0.2830730378627777,0.018819316290318966,-0.005198156461119652,0.5703125,-0.010608452372252941,-0.931200385093689,-0.01580660743638873,cell-000-445b936fd167,0.28768885135650635,5,50,0.39039450883865356,0.4532052278518677,0.028575990349054337,0.12903128564357758,0.061698686331510544,0.4606698155403137,0.3373488485813141,0.5566548109054565
0.13034847378730774,0.3718152940273285,0.2371392622590065,-0.5214839577674866,C16-d16-L2-H1-m4-ffnnone,0,16,0.90234375,True,0.15388508141040802,0.7499814033508301,5.812835693359375,,,,,,,400,0.908203125,True,True,0,0.10679079592227936,4,0.18569138646125793,0.10070114582777023,16,1,2,adamw,1.1586921215057373,0.5741145014762878,2.097198009490967,0.29248465597629547,0.02995316870510578,-0.0020980718545615673,0.61328125,-0.014598052017390728,-1.2097467184066772,-0.01669612480327487,cell-000-445b936fd167,0.14431360363960266,5,100,0.6828110218048096,0.7374509572982788,0.02988063171505928,0.08254942297935486,0.04678582772612572,0.7414149045944214,0.09678150713443756,0.25599735975265503
0.05342304892838001,0.39164863526821136,0.44808223843574524,2.829740345478058,C16-d16-L2-H1-m4-ffnnone,0,16,1.0,True,0.0002638554433360696,0.7599303126335144,5.507211208343506,,,,,,,400,1.0,True,True,0,0.394659161567688,4,0.006772936321794987,0.00017292973643634468,16,1,2,adamw,1.104434072971344,1.017456367611885,4.003509998321533,0.2906065881252289,0.00016583146498305723,-0.0003077505389228463,0.587890625,-0.0003865753533318639,-1.059509515762329,-0.0006943257176317275,cell-000-445b936fd167,0.0002593930112197995,5,400,0.9750083684921265,1.0014984607696533,0.0002117475523846224,9.286689601140097e-05,8.245076605817303e-05,1.0019114017486572,9.785233123693615e-05,0.00048491754569113255
0.2039702981710434,0.1955908238887787,0.19249830394983292,-0.1541908159852028,C16-d16-L2-H1-m4-ffnnone,0,16,0.556640625,True,0.5963839292526245,0.5423785448074341,8.343366622924805,,,,,,,400,0.580078125,True,True,0,-0.01147199422121048,4,0.2561214864253998,0.12493244558572769,16,1,2,adamw,1.0518509149551392,-0.0826445147395134,0.9514699280261993,0.21334349364042282,0.05347873456776142,0.01200526871252805,0.4677734375,-0.002466979145538062,-0.19580833241343498,0.009538290090858936,cell-000-445b936fd167,0.5688995122909546,6,0,0.10032730549573898,0.09499122202396393,0.2998640537261963,0.042567215859889984,0.0029536422807723284,0.09531670808792114,0.8231359720230103,1.1685209274291992
0.0640813484787941,0.2514481395483017,0.5563078224658966,2.8236162662506104,C16-d16-L2-H1-m4-ffnnone,0,16,1.0,True,0.008476588875055313,0.8036379814147949,5.932821273803711,,,,,,,400,0.998046875,True,True,0,0.4922264516353607,4,0.034749358892440796,0.005968507379293442,16,1,2,adamw,1.1906386017799377,0.732827752828598,2.5089266896247864,0.20015735924243927,0.00018890719366027042,0.0007943914970383048,0.501953125,0.00020536183001240715,-2.056006968021393,0.0009997533343266696,cell-000-445b936fd167,0.008642153814435005,6,50,1.0393950939178467,0.9870116710662842,0.0024840328842401505,0.009947605431079865,0.00163261650595814,0.9867764115333557,0.008349773474037647,0.02241402678191662
0.05319459596648812,0.26036765426397324,0.5800485610961914,3.445522665977478,C16-d16-L2-H1-m4-ffnnone,0,16,1.0,True,0.00041349109960719943,0.831917405128479,5.900371074676514,,,,,,,400,1.0,True,True,0,0.5268539190292358,4,0.008091593161225319,0.00019001003238372505,16,1,2,adamw,1.1530760526657104,0.8969165682792664,2.8440983295440674,0.2179117277264595,2.299020707141608e-05,0.0003343676817166852,0.50390625,0.00020435098394955276,-1.7376310527324677,0.0005387186538428068,cell-000-445b936fd167,0.0004424268554430455,6,100,1.0207668542861938,0.9966249465942383,0.0002016755606746301,0.0002582641609478742,7.424196519423276e-05,0.9963153600692749,0.0003520637401379645,0.000886245456058532
0.05230899574235082,0.2710863947868347,0.5719866454601288,3.6106725931167603,C16-d16-L2-H1-m4-ffnnone,0,16,1.0,True,4.623518907465041e-05,0.8477224111557007,5.8934149742126465,,,,,,,400,1.0,True,True,0,0.5196776390075684,4,0.00325933494605124,2.569462412793655e-05,16,1,2,adamw,1.1285332441329956,1.003922462463379,3.096050977706909,0.23025184124708176,4.644487717087031e-06,0.00019436941784078954,0.509765625,7.237471072585322e-05,-1.4443539083003998,0.00026674411492422223,cell-000-445b936fd167,4.8632267862558365e-05,6,400,1.0256339311599731,1.000179409980774,1.9980510842287913e-05,2.9279817681526765e-05,1.0899374501605053e-05,1.000114917755127,3.285073034930974e-05,9.301043610321358e-05
0.2129436433315277,0.1583062708377838,0.20286280661821365,-0.20148931629955769,C16-d16-L2-H1-m4-ffnnone,0,16,0.625,True,0.6947149038314819,0.6846539378166199,6.781848907470703,,,,,,,400,0.615234375,True,True,0,-0.010080840438604355,4,0.29760387539863586,0.18916915357112885,16,1,2,adamw,1.0188603401184082,-0.014747901819646358,0.9767879247665405,0.2527511641383171,0.0733652631752193,0.006921698339283466,0.55859375,-0.002787203062325716,0.02137566637247801,0.0041344951605424285,cell-000-445b936fd167,0.6982547044754028,7,0,0.19383536279201508,0.2303975522518158,0.489101767539978,0.3173958659172058,0.029442794620990753,0.2247624397277832,0.6352106332778931,1.4711511135101318
0.06972534954547882,0.4552978277206421,0.33552612364292145,1.6947320699691772,C16-d16-L2-H1-m4-ffnnone,0,16,0.94921875,True,0.09968410432338715,0.7531611919403076,5.6605143547058105,,,,,,,400,0.94140625,True,True,0,0.2658007740974426,4,0.11936379969120026,0.04417907074093819,16,1,2,adamw,1.0772349834442139,0.45360711961984634,1.6651971340179443,0.17423927038908005,0.0028387075290083885,-0.0001951113808900118,0.42578125,-0.0003068988735321909,-1.9783045053482056,-0.0005020111566409469,cell-000-445b936fd167,0.10217121243476868,7,50,0.8254568576812744,0.8110175132751465,0.023851074278354645,0.08374471962451935,0.010385866276919842,0.8081116676330566,0.07750406861305237,0.19548571109771729
0.04224838688969612,0.3694843351840973,0.5037704706192017,3.4231659173965454,C16-d16-L2-H1-m4-ffnnone,0,16,1.0,True,0.0007356316782534122,0.7292701601982117,5.854857921600342,,,,,,,400,1.0,True,True,0,0.46152210235595703,4,0.01406013686209917,0.0005767825059592724,16,1,2,adamw,1.0612771213054657,0.8615953922271729,2.441455364227295,0.24680876731872559,0.00015284763321687933,0.00022552828886546195,0.548828125,0.0006740022072335705,-1.6798086017370224,0.0008995304233394563,cell-000-445b936fd167,0.0008650433155708015,7,100,1.024605393409729,0.9978527426719666,0.0003348425088915974,0.0005126643227413297,0.00018918934802059084,0.9974222183227539,0.0007492228760384023,0.0017859190702438354
0.04050950380042195,0.38014838099479675,0.49832314252853394,3.7258081436157227,C16-d16-L2-H1-m4-ffnnone,0,16,1.0,True,5.9920508647337556e-05,0.7265527844429016,5.832524299621582,,,,,,,400,1.0,True,True,0,0.4578136205673218,4,0.00425751693546772,4.4598637032322586e-05,16,1,2,adamw,1.0297811031341553,1.0153256058692932,2.7481319904327393,0.2832562327384949,1.5318399846364628e-05,3.741087311937008e-05,0.5712890625,0.000208817349630408,-1.1908059753477573,0.0002462282500346191,cell-000-445b936fd167,6.338200182653964e-05,7,400,1.0555672645568848,1.001603364944458,2.2667483790428378e-05,5.400025474955328e-05,1.619234899408184e-05,1.001515507698059,4.676485696109012e-05,0.0001396249426761642
0.19453181326389313,0.23045483976602554,0.18594975024461746,-0.17720856424421072,C16-d16-L2-H1-m4-ffnnone,0,16,0.533203125,True,0.6628913879394531,0.6207371950149536,7.074413299560547,,,,,,,400,0.546875,True,True,0,-0.008582066744565964,4,0.18573403358459473,0.06702393293380737,16,1,2,adamw,0.9270002841949463,0.09614591300487518,1.0406994819641113,0.19323575496673584,0.03587561007589102,0.004098905134014785,0.4541015625,0.0008173470268957317,-0.18845947086811066,0.004916252568364143,cell-000-445b936fd167,0.6471139788627625,8,0,-0.000962728401646018,0.08252757042646408,0.36075109243392944,0.09244152903556824,0.0082076545804739,0.0816565454006195,0.8613382577896118,1.3227386474609375
0.057683711871504784,0.21180188655853271,0.6151469945907593,3.503951668739319,C16-d16-L2-H1-m4-ffnnone,0,16,0.998046875,True,0.0052426522597670555,0.812397301197052,5.7379679679870605,,,,,,,400,0.998046875,True,True,0,0.5574632883071899,4,0.016484415158629417,0.0009926313068717718,16,1,2,adamw,0.9971778094768524,1.0112767219543457,2.64092481136322,0.24504390358924866,0.00019254011567682028,0.000405005703214556,0.5263671875,-0.00020255393610568717,-1.1808682456612587,0.00020245170162525028,cell-000-445b936fd167,0.0049278270453214645,8,50,1.0220508575439453,1.014563798904419,0.0027913458179682493,0.0017739153699949384,0.0006722478428855538,1.0159224271774292,0.0024075426626950502,0.007645051460713148
0.05565065424889326,0.18182829022407532,0.6512197703123093,4.202443361282349,C16-d16-L2-H1-m4-ffnnone,0,16,1.0,True,0.0001602692063897848,0.8428539633750916,5.694591045379639,,,,,,,400,1.0,True,True,0,0.5955691337585449,4,0.005271060857921839,8.478151721647009e-05,16,1,2,adamw,1.0165911614894867,1.1924717426300049,3.2009663581848145,0.2765718698501587,4.094603082194226e-05,0.00016417934966739267,0.578125,4.961109516443685e-05,-0.8016145080327988,0.000213790492125554,cell-000-445b936fd167,0.00015766183787491173,8,100,0.9997398257255554,0.9966630339622498,0.00010403359920019284,4.9291331379208714e-05,5.939681432209909e-05,0.9971581697463989,9.65201179496944e-05,0.0003092418482992798
0.05513467965647578,0.20290467888116837,0.6316912770271301,4.323171019554138,C16-d16-L2-H1-m4-ffnnone,0,16,1.0,True,2.373526876908727e-05,0.8438511490821838,5.6567511558532715,,,,,,,400,1.0,True,True,0,0.5765566229820251,4,0.0021552881225943565,1.3165846212359611e-05,16,1,2,adamw,1.018259048461914,1.2764583826065063,3.4812257289886475,0.3124396800994873,4.943059593642829e-06,4.226631790515967e-05,0.6083984375,2.307695831404999e-05,-0.5509380325675011,6.534327621920966e-05,cell-000-445b936fd167,2.185894663853105e-05,8,400,1.0070703029632568,0.9979274272918701,1.0775416740216315e-05,1.0477842806722037e-05,7.250931503222091e-06,0.9980679750442505,1.5345118299592286e-05,4.384930798551068e-05
0.17512574046850204,0.3323943316936493,0.14222846925258636,-0.27163831144571304,C16-d16-L2-H1-m4-ffnnone,0,16,0.453125,True,0.7117534875869751,0.6694566607475281,7.910628795623779,,,,,,,400,0.46484375,True,True,0,-0.03289726749062538,4,0.1561935395002365,0.04075983166694641,16,1,2,adamw,1.0005551874637604,0.048615872859954834,1.022724062204361,0.24070515483617783,0.018565477803349495,-0.007962848409079015,0.509765625,-0.008563863579183817,-0.19642326701432467,-0.016526712104678154,cell-000-445b936fd167,0.7118569612503052,9,0,-0.056090377271175385,-0.03255108743906021,0.3273519277572632,0.028700653463602066,0.0016560724470764399,-0.03155461698770523,1.067563772201538,1.4252723455429077
0.051931340247392654,0.4701259434223175,0.374080054461956,1.8025154173374176,C16-d16-L2-H1-m4-ffnnone,0,16,0.98828125,True,0.04215988516807556,0.6997978687286377,6.553518772125244,,,,,,,400,0.984375,True,True,0,0.32214871048927307,4,0.10081785172224045,0.03553394973278046,16,1,2,adamw,1.2998472452163696,0.32515814900398254,1.913625180721283,0.275190994143486,0.0026810059789568186,0.0012100943422410637,0.5693359375,-0.0010930418648058549,-1.287211000919342,0.0001170523464679718,cell-000-445b936fd167,0.04333699494600296,9,50,0.9229638576507568,0.9460697174072266,0.009916037321090698,0.030512597411870956,0.004801884293556213,0.9511830806732178,0.03378354758024216,0.07901407033205032
0.01163505157455802,0.5113500207662582,0.45374482311308384,3.514647662639618,C16-d16-L2-H1-m4-ffnnone,0,16,1.0,True,0.0006427221233025193,0.6915855407714844,6.4147539138793945,,,,,,,400,1.0,True,True,0,0.4421097934246063,4,0.013764981180429459,0.0007246554596349597,16,1,2,adamw,1.2898926138877869,0.4064723998308182,2.382959097623825,0.2718859240412712,0.00020988137475796975,-0.00011313005234114826,0.5712890625,-6.253705942071974e-05,-1.336546629667282,-0.0001756671699695289,cell-000-445b936fd167,0.0006419502315111458,9,100,0.9997235536575317,0.9975056648254395,0.0003144207294099033,0.0003176388854626566,0.00016145710833370686,0.998115062713623,0.0005159967113286257,0.001309513347223401
0.004823641153052449,0.5488761812448502,0.43665290530771017,4.024506837129593,C16-d16-L2-H1-m4-ffnnone,0,16,1.0,True,6.683788524242118e-05,0.6911419034004211,6.410655975341797,,,,,,,400,1.0,True,True,0,0.4318292737007141,4,0.004626883193850517,7.721855217823759e-05,16,1,2,adamw,1.249932885169983,0.5378951728343964,2.767181158065796,0.2710278630256653,3.3301239909633296e-05,-0.0001333183463430032,0.58203125,-1.2869269994553179e-05,-1.4464109241962433,-0.00014618759450968355,cell-000-445b936fd167,6.6979686380364e-05,9,400,1.0040582418441772,0.998600423336029,2.6764862923300825e-05,3.216531331418082e-05,1.7871840100269765e-05,0.9988764524459839,5.4711334087187424e-05,0.00013151335588190705
0.2128588780760765,0.15723147988319397,0.2041919156908989,-0.38809583708643913,C16-d16-L2-H1-m4-ffnnone,0,16,0.412109375,True,1.122635841369629,0.6294924020767212,7.9136881828308105,,,,,,,400,0.408203125,True,True,0,-0.008666964247822762,4,0.29100772738456726,0.2150137573480606,16,1,2,adamw,1.0544920563697815,-0.048256050795316696,0.9908334612846375,0.20182548463344574,0.07703986763954163,0.0066735814325511456,0.51171875,-0.0068850183160975575,-0.2923642657697201,-0.00021143443882465363,cell-000-445b936fd167,1.1076409816741943,10,0,-0.21243053674697876,-0.24029983580112457,0.3279705047607422,0.3888819217681885,0.05873645842075348,-0.2485576719045639,1.6108119487762451,2.3864009380340576
0.059811780229210854,0.4176400601863861,0.4029245972633362,2.4015015363693237,C16-d16-L2-H1-m4-ffnnone,0,16,0.974609375,True,0.08387234807014465,0.7584627270698547,6.236129283905029,,,,,,,400,0.978515625,True,True,0,0.3431128263473511,4,0.11804743111133575,0.03828661888837814,16,1,2,adamw,1.2887901663780212,0.2750813513994217,1.6427094340324402,0.20690754801034927,0.00352491601370275,-0.0028416079585440457,0.455078125,-0.003265772247686982,-2.128862977027893,-0.0061073810793459415,cell-000-445b936fd167,0.07995790243148804,10,50,0.8272234797477722,0.8335771560668945,0.02685108408331871,0.07363428175449371,0.005126593634486198,0.828432559967041,0.06876170635223389,0.17437365651130676
0.019460813840851188,0.2949686646461487,0.6466489136219025,5.346129655838013,C16-d16-L2-H1-m4-ffnnone,0,16,1.0,True,0.0008275083382613957,0.7771304249763489,5.997154712677002,,,,,,,400,1.0,True,True,0,0.6271880865097046,4,0.016428161412477493,0.0008268658421002328,16,1,2,adamw,1.2509640455245972,0.41950955986976624,1.8584457635879517,0.24659725278615952,0.00027968871927441796,-0.0004090226866537705,0.52734375,-0.00015653626178391278,-1.7198324799537659,-0.0005655588756781071,cell-000-445b936fd167,0.0008580725407227874,10,100,1.0177505016326904,0.9968851804733276,0.00041162275010719895,0.00040538195753470063,0.0003262865066062659,0.9967195987701416,0.0005752834258601069,0.0017185746692121029
0.014685466303490102,0.28037233650684357,0.6755712628364563,6.168130874633789,C16-d16-L2-H1-m4-ffnnone,0,16,1.0,True,6.432508234865963e-05,0.7889349460601807,5.945697784423828,,,,,,,400,1.0,True,True,0,0.6608858108520508,4,0.00501072546467185,7.754102989565581e-05,16,1,2,adamw,1.2450454235076904,0.6415097415447235,2.3031632900238037,0.26025301963090897,3.979783264185244e-05,-2.7803878765553236e-05,0.5458984375,-0.00021882432338315994,-1.5573125183582306,-0.0002466281584929675,cell-000-445b936fd167,6.943789776414633e-05,10,400,1.0354983806610107,0.99961256980896,2.842771209543571e-05,5.26467920280993e-05,2.4185523216146976e-05,0.9994041323661804,3.1887633667793125e-05,0.00013714766828343272
0.19204119592905045,0.23558791726827621,0.18828850984573364,-0.15525726322084665,C16-d16-L2-H1-m4-ffnnone,0,16,0.38671875,True,0.8151950836181641,0.6599479913711548,8.166877746582031,,,,,,,400,0.3828125,True,True,0,-0.0037526958622038364,4,0.17678429186344147,0.06362348794937134,16,1,2,adamw,0.9699292182922363,-0.06093670055270195,0.8947511315345764,0.24757817387580872,0.018169894814491272,0.005125721218064427,0.5244140625,-0.00490517211437691,-0.2154849860817194,0.000220548827201128,cell-000-445b936fd167,0.8366142511367798,11,0,-0.09914952516555786,-0.1433226764202118,0.2073509842157364,0.11317449063062668,0.003577088937163353,-0.14174553751945496,1.3157498836517334,1.639852523803711
0.07584559731185436,0.261016808450222,0.5114464163780212,3.0343027114868164,C16-d16-L2-H1-m4-ffnnone,0,16,1.0,True,0.01107013039290905,0.6959311962127686,6.587735176086426,,,,,,,400,0.998046875,True,True,0,0.43560081720352173,4,0.04005607217550278,0.006375893950462341,16,1,2,adamw,1.086283564567566,0.5997903198003769,2.0504477620124817,0.24956217408180237,0.0006080534221837297,0.0007004891522228718,0.5556640625,-0.0021981093450449407,-1.692549355328083,-0.0014976203674450517,cell-000-445b936fd167,0.013704061508178711,11,50,0.9684277772903442,0.9672441482543945,0.005315818823873997,0.006370275281369686,0.0018486352637410164,0.9687372446060181,0.00880531594157219,0.022340044379234314
0.07070612302049994,0.202413871884346,0.5854677855968475,4.259913802146912,C16-d16-L2-H1-m4-ffnnone,0,16,1.0,True,0.0003693863982334733,0.6326858997344971,6.485569477081299,,,,,,,400,1.0,True,True,0,0.5147616863250732,4,0.008513440378010273,0.0001859463518485427,16,1,2,adamw,1.0406190156936646,0.8936798274517059,2.5941771268844604,0.2725336402654648,7.729545177426189e-05,0.0003729370073415339,0.576171875,-0.0005581625155173242,-1.1414154544472694,-0.00018522556638345122,cell-000-445b936fd167,0.0003797507961280644,11,100,1.0089900493621826,0.9982286691665649,0.0001848358369898051,0.00013968400890007615,0.0001393243728671223,0.9988690614700317,0.0002296816383022815,0.0006935259443707764
0.0688049728050828,0.20311840623617172,0.59046670794487,4.490648508071899,C16-d16-L2-H1-m4-ffnnone,0,16,1.0,True,3.5757806472247466e-05,0.6405665278434753,6.501423358917236,,,,,,,400,1.0,True,True,0,0.5216617584228516,4,0.0026900218799710274,1.7264366761082783e-05,16,1,2,adamw,0.9870666861534119,1.0781866908073425,2.9265687465667725,0.28521130979061127,9.987911937514582e-06,0.00019235019499319606,0.5927734375,-0.00016273558867396787,-0.7265998693183064,2.9614606319228187e-05,cell-000-445b936fd167,3.568645115592517e-05,11,400,1.0033764839172363,0.9994370341300964,1.464476008550264e-05,1.3737870176555589e-05,1.6127503840834834e-05,0.9995921850204468,2.1906285837758332e-05,6.641641812166199e-05
0.18732328619807959,0.2486235313117504,0.18940662406384945,-0.34930300805717707,C16-d16-L2-H4-m4-ffn32,5,16,0.48046875,True,0.8821580410003662,0.6611177921295166,7.686499118804932,0.008990438538603485,0.21445564925670624,0.421875,0.00777976110111922,0.016770198475569487,32,400,0.494140625,True,True,0,0.002083336003124714,4,0.23804239928722382,0.10401903837919235,16,4,2,adamw,0.4682834856212139,0.11997991660609841,0.5086423195898533,0.24391340091824532,0.009492947196122259,0.0003546030056895688,0.519775390625,0.0006562822563864756,-0.4156447071582079,0.0010108853166457266,cell-005-368113adc2aa,0.9107261896133423,0,0,0.05144042149186134,0.0449124276638031,0.7587404847145081,0.06434211134910583,0.011184136383235455,0.051743388175964355,0.9071985483169556,1.7414653301239014
0.15238934755325317,0.35551827028393745,0.18731370696332306,-0.00021584238857030869,C16-d16-L2-H4-m4-ffn32,5,16,0.767578125,True,0.3202199935913086,0.7386393547058105,6.993462562561035,-0.00011474644998088479,0.15618719905614853,0.3759765625,-0.0031389446230605245,-0.0032536910148337483,32,400,0.759765625,True,True,0,0.034924354404211044,4,0.07401841878890991,0.010337834246456623,16,4,2,adamw,0.4646729789674282,0.512450035661459,0.7785714045166969,0.26973957382142544,0.0003378247787395594,-0.0002424266695015831,0.541015625,-0.00019850648277497385,-0.6679508658125997,-0.00044093321594118606,cell-005-368113adc2aa,0.3196989893913269,0,50,0.3580830693244934,0.3832165002822876,0.008772801607847214,0.22033435106277466,0.002319356193765998,0.3855583071708679,0.38660362362861633,0.6180301904678345
0.10162505460903049,0.3630438018590212,0.33208103384822607,1.6837156098335981,C16-d16-L2-H4-m4-ffn32,5,16,1.0,True,0.0021494196262210608,0.7407543659210205,5.561206817626953,0.0006422878941521049,0.28189225494861603,0.5498046875,-0.00045891464105807245,0.0001833732530940324,32,400,1.0,True,True,0,0.23045596480369568,4,0.02214512601494789,0.0011421017115935683,16,4,2,adamw,0.479952909052372,0.552951657329686,0.929185938090086,0.26293516531586647,8.517943206243217e-05,0.0001679216748016188,0.5498046875,-4.982367318007164e-05,-0.6786973420530558,0.00011809801799245179,cell-005-368113adc2aa,0.0019144914112985134,0,100,1.038532018661499,1.0066863298416138,0.0013579931110143661,0.0007831037510186434,0.0004921385552734137,1.0067858695983887,0.0010543321259319782,0.0036875675432384014
0.0932950412388891,0.3915602881461382,0.32855457067489624,1.788639822974801,C16-d16-L2-H4-m4-ffn32,5,16,1.0,True,9.102602052735165e-05,0.7248288989067078,5.425045013427734,0.00029487343272194266,0.3947773873806,0.6962890625,-0.0003980458859587088,-0.00010317244959878735,32,400,1.0,True,True,0,0.2352595329284668,4,0.0067920503206551075,9.621793287806213e-05,16,4,2,adamw,0.4665569141507149,0.592778087593615,0.9695031493902206,0.259917538613081,1.2320090082340585e-05,7.47226845305704e-05,0.557373046875,-4.231729258208361e-05,-0.5588795100338757,3.240539217586047e-05,cell-005-368113adc2aa,8.900438842829317e-05,0,400,1.0416038036346436,1.0013647079467773,4.981349047739059e-05,4.027783506899141e-05,4.203848948236555e-05,1.0012800693511963,4.1328581573907286e-05,0.00017345839296467602
0.20002787932753563,0.20460701087722555,0.195309367030859,-0.2044563143281266,C16-d16-L2-H4-m4-ffn32,5,16,0.53515625,True,0.8437317609786987,0.6805012226104736,7.553332805633545,0.020818585995584726,0.20657929033041,0.408203125,0.028284543193876743,0.049103131517767906,32,400,0.537109375,True,True,0,-0.00471851322799921,4,0.2200724482536316,0.08981380611658096,16,4,2,adamw,0.4680004082620144,-0.0814270640257746,0.4182952046394348,0.23646599613130093,0.012775693874573335,0.0074327168258605525,0.518798828125,0.0026194739766651765,-0.2658025259152055,0.010052190817077644,cell-005-368113adc2aa,0.8386703133583069,1,0,0.00709180673584342,0.030599210411310196,0.7652270793914795,0.050847552716732025,0.012906860560178757,0.028140507638454437,0.9562050700187683,1.785186529159546
0.17120075039565563,0.26370078418403864,0.22269699722528458,-0.022483625449240208,C16-d16-L2-H4-m4-ffn32,5,16,0.8359375,True,0.22736798226833344,0.6565650105476379,6.276701927185059,-0.0015325054118875414,0.15948986262083054,0.4482421875,-0.0017617123667150736,-0.003294216701760888,32,400,0.837890625,True,True,0,0.051496244966983795,4,0.12315575778484344,0.031432148069143295,16,4,2,adamw,0.5467601120471954,-0.02470722422003746,0.5982562284916639,0.22796661220490932,0.0018274054200446699,-0.0005584231548709795,0.49658203125,-0.00017155490786535665,-0.7213780041784048,-0.0007299782228074037,cell-005-368113adc2aa,0.22760005295276642,1,50,0.5006262063980103,0.52919602394104,0.016953935846686363,0.20377157628536224,0.013567556627094746,0.5276188850402832,0.24916911125183105,0.4834621846675873
0.12751276814378798,0.30473088659346104,0.312730822712183,1.0853416929021478,C16-d16-L2-H4-m4-ffn32,5,16,0.998046875,True,0.004688061773777008,0.7254666686058044,5.5239081382751465,0.0017484832023910712,0.34966470301151276,0.69140625,0.0009710453741718084,0.002719528740271926,32,400,1.0,True,True,0,0.18521803617477417,4,0.030743036419153214,0.0032327082008123398,16,4,2,adamw,0.5185854621231556,0.10824195109307766,0.6984030902385712,0.25041723251342773,0.0002876803455365007,-0.00011143637857458089,0.54150390625,0.000746177968721895,-0.6228658212348819,0.0006347416128846817,cell-005-368113adc2aa,0.003126128576695919,1,100,0.9285503029823303,0.9842130541801453,0.0013839721214026213,0.0027020166162401438,0.0016763302264735103,0.9847656488418579,0.0020726406946778297,0.007834959775209427
0.1218088436871767,0.3149143811315298,0.3196590878069401,1.2512025125324726,C16-d16-L2-H4-m4-ffn32,5,16,1.0,True,0.00010123258834937587,0.7538881897926331,5.5270094871521,0.0002942588762380183,0.4985126852989197,0.7802734375,-0.0005897322116652504,-0.00029547332815127447,32,400,1.0,True,True,0,0.19785024225711823,4,0.0068565718829631805,8.030857861740515e-05,16,4,2,adamw,0.4975590147078037,0.25261707231402397,0.7884188629686832,0.2376649510115385,1.8210917602345944e-05,-4.246046137268422e-05,0.524658203125,6.505007377199945e-05,-0.45912364358082414,2.2589624450120027e-05,cell-005-368113adc2aa,0.00010522241063881665,1,400,0.9483107328414917,0.9985187649726868,5.9409867390058935e-05,4.063509913976304e-05,6.039446816430427e-05,0.9985826015472412,4.560088200378232e-05,0.00020604032033588737
0.1788482628762722,0.29465757869184017,0.16879764012992382,-0.2576784249395132,C16-d16-L2-H4-m4-ffn32,5,16,0.509765625,True,1.6107921600341797,0.5239017605781555,8.411805152893066,-0.029534658417105675,0.19473067671060562,0.3798828125,-0.010798298753798008,-0.04033295623958111,32,400,0.5078125,True,True,0,-0.01005062460899353,4,0.18534503877162933,0.06842311471700668,16,4,2,adamw,0.4018835090100765,-0.20226121344603598,0.3255028445273638,0.23523187264800072,0.006661114719463512,-0.0078051622258499265,0.50927734375,-0.0017726451842463575,-0.2911719558760524,-0.009577807737514377,cell-005-368113adc2aa,1.6304399967193604,2,0,-0.04971812665462494,-0.07616478949785233,2.177262306213379,0.055520541965961456,0.004480480216443539,-0.07542945444583893,1.1617276668548584,3.3989908695220947
0.1756443791091442,0.20850781723856926,0.2645590640604496,0.2946730172261596,C16-d16-L2-H4-m4-ffn32,5,16,0.88671875,True,0.18167278170585632,0.6071276664733887,7.242822647094727,-0.00038929295260459185,0.11070722341537476,0.279296875,0.0011808437993749976,0.000791552010923624,32,400,0.87109375,True,True,0,0.08891468495130539,4,0.14209023118019104,0.061773184686899185,16,4,2,adamw,0.47262268513441086,0.3758105256129056,0.7738584876060486,0.207805085927248,0.0005477052327478305,1.4821434888290241e-05,0.486328125,-0.0006137368400231935,-0.7807676903903484,-0.0005989154233247973,cell-005-368113adc2aa,0.18343579769134521,2,50,0.7047908306121826,0.6922448873519897,0.019155891612172127,0.16708534955978394,0.009337231516838074,0.6991097927093506,0.1498691290616989,0.3454475998878479
0.14424458984285593,0.2331919576972723,0.3340742960572243,1.2421806156635284,C16-d16-L2-H4-m4-ffn32,5,16,1.0,True,0.0017577654216438532,0.688299298286438,6.186824321746826,-0.001115290870075114,0.40320952236652374,0.6962890625,-0.00390868668910116,-0.0050239774864166975,32,400,0.998046875,True,True,0,0.18982970714569092,4,0.024696454405784607,0.003504851832985878,16,4,2,adamw,0.46826400235295296,0.25469348952174187,0.827246131375432,0.23372217640280724,0.00012200154765196203,-0.0004908957316729357,0.543212890625,-0.00041205386969522806,-0.781289666891098,-0.0009029495540744392,cell-005-368113adc2aa,0.002984258346259594,2,100,1.0252236127853394,0.9917309880256653,0.0011822262313216925,0.0010998330544680357,0.0006833031657151878,0.9930634498596191,0.001304512843489647,0.004269875586032867
0.13814961700700223,0.26352828554809093,0.32202288415282965,1.3680458255112171,C16-d16-L2-H4-m4-ffn32,5,16,1.0,True,0.00011363107478246093,0.6838961839675903,5.998608112335205,0.0003595081543608103,0.5237062573432922,0.7919921875,-0.0008304821676574647,-0.0004709740896942094,32,400,1.0,True,True,0,0.1838732659816742,4,0.0074464622884988785,0.00010795013076858595,16,4,2,adamw,0.4558461271226406,0.2450856533832848,0.8554115630686283,0.2235333602875471,1.3941607562628633e-05,-0.00013305180502243275,0.522705078125,7.07843650502582e-05,-0.6419709613546729,-6.226742971193744e-05,cell-005-368113adc2aa,0.00011129697668366134,2,400,1.0455844402313232,1.0002858638763428,8.83544998941943e-05,4.173550405539572e-05,4.352579708211124e-05,1.0003669261932373,5.114397936267778e-05,0.00022475978767033666
0.19548636674880981,0.2247775075957179,0.18876339867711067,-0.18129944475367665,C16-d16-L2-H4-m4-ffn32,5,16,0.5859375,True,0.9479560852050781,0.5797935128211975,8.813401222229004,0.013015433214604855,0.3304339498281479,0.5771484375,0.009734684135764837,0.022750118747353554,32,400,0.572265625,True,True,0,-0.00672297365963459,4,0.17114144563674927,0.055456481873989105,16,4,2,adamw,0.4662524275481701,0.07356996252201498,0.4898638539016247,0.2129300981760025,0.006016542924044188,0.003814751500613056,0.5009765625,0.0008612492229076452,-0.1848404782358557,0.004676000840845518,cell-005-368113adc2aa,0.9455325603485107,3,0,0.19041861593723297,0.2116854339838028,1.1291378736495972,0.20528768002986908,0.012460943311452866,0.21031278371810913,0.6450549960136414,1.9919414520263672
0.1663561463356018,0.23698232881724834,0.26394924707710743,0.2459294693544507,C16-d16-L2-H4-m4-ffn32,5,16,0.880859375,True,0.18538661301136017,0.6261793375015259,6.738483905792236,0.0008629544754512608,0.1490706317126751,0.4150390625,-0.004121395293623209,-0.00325844157487154,32,400,0.875,True,True,0,0.09759309887886047,4,0.1287483423948288,0.04151850938796997,16,4,2,adamw,0.4979586713016033,0.3344719838351011,0.7090433314442635,0.22591220401227474,0.000505450579794342,0.00019210155733162537,0.5068359375,-6.958057929296046e-05,-0.9144849013537169,0.00012252083615749143,cell-005-368113adc2aa,0.18713146448135376,3,50,0.5994586944580078,0.6335964798927307,0.009869824163615704,0.21370339393615723,0.004507880657911301,0.6333833336830139,0.17306804656982422,0.4011491537094116
0.11839814553968608,0.26130457129329443,0.38350099697709084,1.6672660829499364,C16-d16-L2-H4-m4-ffn32,5,16,1.0,True,0.0018110061064362526,0.7322773933410645,5.43044376373291,0.0008381903462577611,0.3268383517861366,0.587890625,-0.0017420249641872942,-0.0009038345888257027,32,400,1.0,True,True,0,0.2651028633117676,4,0.030246132984757423,0.0019149486906826496,16,4,2,adamw,0.4734417125582695,0.37247129902243614,0.7989529184997082,0.2268626056611538,0.00015855526362429373,-0.00027179988774150843,0.528564453125,-0.00034737756050162716,-0.9197440706193447,-0.0006191774155013263,cell-005-368113adc2aa,0.0017698833253234625,3,100,0.9484879374504089,0.9936841130256653,0.0010478748008608818,0.0009895677212625742,0.0010626032017171383,0.9945929050445557,0.0009663979290053248,0.004066443536430597
0.10934846138115972,0.28903989447280765,0.382914736866951,1.9181253463029861,C16-d16-L2-H4-m4-ffn32,5,16,1.0,True,0.00012026133481413126,0.7460128664970398,5.245014190673828,0.0006533398773171939,0.44019749760627747,0.705078125,-0.0009141094560618512,-0.0002607696078484878,32,400,1.0,True,True,0,0.27356624603271484,4,0.008234990760684013,0.00012768612941727042,16,4,2,adamw,0.45249275490641594,0.28843946009874344,0.7878181175328791,0.22937591187655926,2.1144210059276247e-05,-3.304613255750155e-05,0.55029296875,-0.00021769001477878192,-0.6786941960453987,-0.00025073615506698843,cell-005-368113adc2aa,0.0001201726627186872,3,400,0.9547456502914429,0.9957758188247681,5.9943275118712336e-05,5.033845081925392e-05,5.050169420428574e-05,0.9960291385650635,7.699878187850118e-05,0.0002377822092967108
0.19674167782068253,0.2161765992641449,0.19359839335083961,-0.18722298368811607,C16-d16-L2-H4-m4-ffn32,5,16,0.556640625,True,0.7683284282684326,0.5822912454605103,8.253628730773926,-0.0011972403153777122,0.24992533773183823,0.44921875,0.009534393670037389,0.008337153121829033,32,400,0.560546875,True,True,0,-0.0031432858668267727,4,0.16517165303230286,0.0577642060816288,16,4,2,adamw,0.44012191519141197,-0.12012584926560521,0.39096027985215187,0.2175409384071827,0.005078835733002052,0.00045565726031782106,0.4921875,0.000223199647734873,-0.18463890859857202,0.0006788569444324821,cell-005-368113adc2aa,0.7537251114845276,4,0,0.017604732885956764,0.04299143701791763,0.6867296099662781,0.03161367401480675,0.0031285369768738747,0.04353673756122589,0.9187536239624023,1.6402254104614258
0.13983104936778545,0.2661676276475191,0.3143392279744148,0.9171651527285576,C16-d16-L2-H4-m4-ffn32,5,16,0.98828125,True,0.02557191625237465,0.638554573059082,6.818698883056641,0.007271402166225016,0.16937068849802017,0.369140625,0.005971431033685803,0.013242832385003567,32,400,0.982421875,True,True,0,0.17450818419456482,4,0.07076985388994217,0.021751854568719864,16,4,2,adamw,0.47117968648672104,0.3813857864588499,0.8325499854981899,0.21468384191393852,0.0002692182970349677,-0.0001280813758057775,0.509521484375,0.002106346602886333,-1.1320017585530877,0.0019782654380833264,cell-005-368113adc2aa,0.02946925163269043,4,50,0.939077615737915,0.9431445598602295,0.01193383801728487,0.024245500564575195,0.012650469318032265,0.9454596638679504,0.01746312901377678,0.06629294157028198
0.12258400034625083,0.27631527557969093,0.35593272745609283,1.6594961881637573,C16-d16-L2-H4-m4-ffn32,5,16,1.0,True,0.00031074596336111426,0.6898660063743591,6.454314708709717,0.00012660067295655608,0.3003518730401993,0.6240234375,0.0002921914783655666,0.00041879214404616505,32,400,1.0,True,True,0,0.23334874212741852,4,0.010423624888062477,0.0002256599545944482,16,4,2,adamw,0.44296276941895485,0.5055753774940968,0.9001395013183355,0.20856339670717716,1.296501638847758e-05,-9.372566205456678e-05,0.50048828125,-5.857700443812064e-05,-0.9642468462698162,-0.00015230267945298692,cell-005-368113adc2aa,0.00032169336918741465,4,100,0.9897748827934265,1.0024023056030273,0.00023018408683128655,0.0001750330557115376,9.444593160878867e-05,1.002535104751587,0.00025100185303017497,0.0007506649708375335
0.12052632099948823,0.28515028953552246,0.353270772844553,1.745566830970347,C16-d16-L2-H4-m4-ffn32,5,16,1.0,True,3.822373037110083e-05,0.6970189809799194,6.335200309753418,0.00017525433213450015,0.42076796293258667,0.7197265625,-0.00027204747311770916,-9.679315189714544e-05,32,400,1.0,True,True,0,0.23274442553520203,4,0.004367910325527191,3.542015474522486e-05,16,4,2,adamw,0.43364599347114563,0.5041669979691505,0.8958434201776981,0.22527091391384602,3.7305892632844007e-06,-7.848707934954291e-05,0.514404296875,-5.513794951639284e-05,-0.7222918318584561,-0.00013362503614189336,cell-005-368113adc2aa,3.906201891368255e-05,4,400,0.9508799910545349,0.9997606873512268,2.7961248633801006e-05,1.7553760699229315e-05,1.888865153887309e-05,0.9997068643569946,2.090586713165976e-05,8.530952618457377e-05
0.1962343491613865,0.2183330561965704,0.19296391680836678,-0.15249965898692608,C16-d16-L2-H4-m4-ffn32,5,16,0.486328125,True,0.7684373259544373,0.7056615352630615,7.869094371795654,-0.007269739871844649,0.28255605697631836,0.5087890625,0.004309283336624503,-0.0029604561859741807,32,400,0.48046875,True,True,0,-0.0032704314216971397,4,0.2104206681251526,0.07570463418960571,16,4,2,adamw,0.4613588936626911,-0.0012765952851623297,0.4518151134252548,0.2331246081739664,0.010197346797212958,-0.00024252884031739086,0.518310546875,0.0004933716518280562,-0.2514031546888873,0.0002508432080503553,cell-005-368113adc2aa,0.8125993013381958,5,0,-0.026639103889465332,-0.016626739874482155,0.4296535551548004,0.057183876633644104,0.04298645257949829,-0.02587099000811577,1.0638989210128784,1.5937228202819824
0.14863819535821676,0.34619605727493763,0.20788937341421843,0.2543363682925701,C16-d16-L2-H4-m4-ffn32,5,16,0.857421875,True,0.205154150724411,0.7701225876808167,6.987114429473877,-0.0049157809698954225,0.17385447025299072,0.3564453125,-0.004428573069162667,-0.009344353806227446,32,400,0.84375,True,True,0,0.05925117805600166,4,0.10137645900249481,0.03170308470726013,16,4,2,adamw,0.4654017947614193,0.24418387562036514,0.6649158671498299,0.21929793991148472,0.000588289300139877,-7.373028711299412e-05,0.5,-0.0009447001675653155,-0.7448544595390558,-0.001018430282783811,cell-005-368113adc2aa,0.21082550287246704,5,50,0.6250830888748169,0.641075849533081,0.019971292465925217,0.16396906971931458,0.009665252640843391,0.6408984661102295,0.20015178620815277,0.3937574028968811
0.1142432582564652,0.36057508550584316,0.29669515136629343,1.079162435606122,C16-d16-L2-H4-m4-ffn32,5,16,1.0,True,0.0038589010946452618,0.8733240365982056,5.837570667266846,-0.001357136236038059,0.331813707947731,0.6357421875,0.00010152964387089014,-0.0012556065630633384,32,400,1.0,True,True,0,0.18245190382003784,4,0.027117107063531876,0.004496360197663307,16,4,2,adamw,0.4293538108468056,0.37846200820058584,0.7268411368131638,0.23886257596313953,0.0001456473687539983,-8.164788596332073e-05,0.519287109375,-9.51772690314101e-05,-0.8228729497641325,-0.00017682508541838615,cell-005-368113adc2aa,0.001706356881186366,5,100,1.0108706951141357,0.9974954724311829,0.0015707314014434814,0.0012658981140702963,0.001067557604983449,0.9972978830337524,0.001183738699182868,0.005087926052510738
0.10376326937694103,0.3790985085070133,0.3096116967499256,1.3576815607957542,C16-d16-L2-H4-m4-ffn32,5,16,1.0,True,0.00010266277240589261,0.8763189911842346,5.6214447021484375,0.00036595076380763203,0.4783935248851776,0.7646484375,0.0006774540524929762,0.001043404859956354,32,400,1.0,True,True,0,0.20584841072559357,4,0.008082638494670391,0.00012249292922206223,16,4,2,adamw,0.413768969476223,0.41281529411207885,0.7333966847509146,0.2531669270247221,3.1043430354316115e-05,8.405353901252965e-05,0.5439453125,0.00015791130954312393,-0.6362635493278503,0.00024196481945182313,cell-005-368113adc2aa,0.0001084345713024959,5,400,1.0083205699920654,0.9991315603256226,7.41421536076814e-05,3.175943493261002e-05,4.5924793084850535e-05,0.9993423223495483,5.5934950069058686e-05,0.00020776133169420063
0.1917080618441105,0.24492350965738297,0.1799523327499628,-0.20713519013952464,C16-d16-L2-H4-m4-ffn32,5,16,0.51171875,True,0.6801503896713257,0.6050840020179749,7.846508026123047,0.002150988671928644,0.36083948612213135,0.6416015625,0.00820731045678258,0.010358298197388649,32,400,0.513671875,True,True,0,-0.011755725368857384,4,0.151814267039299,0.0486186183989048,16,4,2,adamw,0.43671906739473343,0.03601587563753128,0.4304431155323982,0.229435870423913,0.00643941416637972,0.0003436655315454118,0.50244140625,0.0004345214838394895,-0.25520329317077994,0.0007781872118357569,cell-005-368113adc2aa,0.6814409494400024,6,0,0.042528312653303146,0.05146538466215134,0.3582252562046051,0.03313563019037247,0.005583934485912323,0.04764271527528763,0.9115670323371887,1.3085118532180786
0.14308123290538788,0.22397562488913536,0.3467807024717331,0.9235596470534801,C16-d16-L2-H4-m4-ffn32,5,16,0.921875,True,0.11874629557132721,0.7133378386497498,5.463442325592041,0.006397828343324363,0.1740049049258232,0.38671875,0.013103945646435022,0.01950177364051342,32,400,0.9140625,True,True,0,0.20369946956634521,4,0.16073298454284668,0.0817444697022438,16,4,2,adamw,0.4593755640089512,0.35843376629054546,0.7026272304356098,0.2126218732446432,0.0006203277225722559,0.00017256724459002726,0.501953125,0.0035628127880045213,-1.1662005772814155,0.0037353801817516796,cell-005-368113adc2aa,0.12412470579147339,6,50,0.7937721610069275,0.7739924788475037,0.01603478379547596,0.11693745851516724,0.01081063412129879,0.7788445353507996,0.09216620028018951,0.2359490692615509
0.1039000628516078,0.2503018071874976,0.4379980303347111,2.0444885343313217,C16-d16-L2-H4-m4-ffn32,5,16,1.0,True,0.000965237501077354,0.766079306602478,5.206490993499756,-0.001512040093075484,0.3992796838283539,0.68359375,0.0028606115374714136,0.0013485715026035905,32,400,1.0,True,True,0,0.3340979814529419,4,0.016770437359809875,0.0006324307760223746,16,4,2,adamw,0.45318248495459557,0.4144925829023123,0.8085336796939373,0.23230520263314247,6.037365290012531e-05,-0.00016478157704113983,0.524169921875,0.00014543847191816894,-0.8766074813902378,-1.9343089661560953e-05,cell-005-368113adc2aa,0.000877688464242965,6,100,1.0187863111495972,1.0156893730163574,0.0005408262368291616,0.0004370303940959275,0.00032074080081656575,1.0151742696762085,0.000615360913798213,0.0019139584619551897
0.09690561005845666,0.26758834533393383,0.44169481843709946,2.276269480586052,C16-d16-L2-H4-m4-ffn32,5,16,1.0,True,6.189165287651122e-05,0.7622767686843872,5.126723289489746,-0.0006946561043150723,0.5060045123100281,0.755859375,0.001161833293735981,0.0004671772330766544,32,400,1.0,True,True,0,0.34478920698165894,4,0.005567244254052639,6.858159031253308e-05,16,4,2,adamw,0.442787267267704,0.43735941499471664,0.849347110837698,0.2265593335032463,1.1954054052409901e-05,-5.160545543958506e-05,0.51953125,-2.690869268917595e-05,-0.6551318531855941,-7.851415466575418e-05,cell-005-368113adc2aa,6.373949872795492e-05,6,400,1.0068262815475464,1.0005236864089966,4.9215512262890115e-05,2.3996726667974144e-05,2.8594822651939467e-05,1.000322937965393,2.631344977999106e-05,0.00012812050408683717
0.20899478159844875,0.17084850883111358,0.20216715894639492,-0.21542558982037008,C16-d16-L2-H4-m4-ffn32,5,16,0.53125,True,0.5596205592155457,0.602362334728241,7.592530250549316,-0.0014187040505930781,0.1862224116921425,0.3720703125,0.0029762526974081993,0.001557548763230443,32,400,0.53125,True,True,0,-0.006827620789408684,4,0.15093626081943512,0.042487919330596924,16,4,2,adamw,0.40418312326073647,0.1482422777917236,0.46273060888051987,0.201179763302207,0.0032740698734414764,-0.00011629759683273733,0.485107421875,0.00090331118190079,-0.2945900661870837,0.0007870135814300738,cell-005-368113adc2aa,0.5575050115585327,7,0,-0.005039973184466362,0.022765513509511948,0.12392017245292664,0.026953643187880516,0.0054689315147697926,0.02135404944419861,0.9654024839401245,1.1217453479766846
0.14332436490803957,0.25836081244051456,0.3116660974919796,0.7662964761257172,C16-d16-L2-H4-m4-ffn32,5,16,0.943359375,True,0.10273715853691101,0.8461756110191345,5.334781169891357,0.0035560712567530572,0.15161820501089096,0.421875,0.007333317305892706,0.010889389552175999,32,400,0.927734375,True,True,0,0.168341726064682,4,0.10911110788583755,0.03617571294307709,16,4,2,adamw,0.5011775940656662,0.65964618884027,1.0891364254057407,0.2141914889216423,0.00027234998225367235,0.00011299906873318832,0.50146484375,0.0016128187198773958,-1.0744688007980585,0.0017258178577321814,cell-005-368113adc2aa,0.1124580055475235,7,50,0.7804365158081055,0.8193035125732422,0.020363133400678635,0.11460787057876587,0.009616399183869362,0.8137773275375366,0.08915676176548004,0.23374415934085846
0.10633026622235775,0.27171975560486317,0.40928945504128933,2.0554886795580387,C16-d16-L2-H4-m4-ffn32,5,16,1.0,True,0.0006839345442131162,0.8105923533439636,4.835268974304199,0.00012704619439318776,0.35583561658859253,0.646484375,-0.0007048033585306257,-0.0005777570768259466,32,400,1.0,True,True,0,0.302959144115448,4,0.012735340744256973,0.0005583736347034574,16,4,2,adamw,0.496632631868124,0.769343102350831,1.2481781169772148,0.24256638623774052,2.2262738696099404e-05,-8.313002217619214e-05,0.544677734375,-0.00012055869638061267,-0.8821227196604013,-0.0002036886853602482,cell-005-368113adc2aa,0.0007200413383543491,7,100,0.9637128710746765,1.000338077545166,0.00034040864557027817,0.00036027119494974613,0.00025296752573922276,0.9999338984489441,0.0004224347067065537,0.0013760820729658008
0.09845886169932783,0.2924379473552108,0.4121854677796364,2.21173033118248,C16-d16-L2-H4-m4-ffn32,5,16,1.0,True,6.07452639087569e-05,0.8052259087562561,4.794276237487793,-0.00011789140990003943,0.43595758080482483,0.7080078125,0.00022810546215623617,0.00011021397222066298,32,400,1.0,True,True,0,0.31372660398483276,4,0.004964616149663925,5.4181226005312055e-05,16,4,2,adamw,0.489262230694294,0.7981591075658798,1.2774389535188675,0.24926365539431572,7.112197152991939e-06,-4.649219954444561e-05,0.5625,1.8167881080444204e-05,-0.7439523697830737,-2.8324326194706373e-05,cell-005-368113adc2aa,6.498301081592217e-05,7,400,0.9535641670227051,0.9994786381721497,3.445567563176155e-05,2.561333531048149e-05,2.145238613593392e-05,0.9994300603866577,3.738248778972775e-05,0.00011890387395396829
0.18681928515434265,0.2615953180938959,0.1779468348249793,-0.19339671172201633,C16-d16-L2-H4-m4-ffn32,5,16,0.44921875,True,0.8879722356796265,0.6474815607070923,8.444381713867188,-0.002536523388698697,0.26467107236385345,0.4814453125,-0.006815108470618725,-0.009351631160825491,32,400,0.4453125,True,True,0,-0.008872450329363346,4,0.2662794888019562,0.13754874467849731,16,4,2,adamw,0.4982927106320858,-0.1014193173032254,0.4415503703057766,0.21748230420053005,0.01741648599272594,-0.0018880730640375987,0.485107421875,0.0014868379948893562,-0.35342367365956306,-0.0004012353456346318,cell-005-368113adc2aa,0.8667320013046265,8,0,-0.07696080207824707,-0.07666371017694473,0.44151753187179565,0.07350454479455948,0.025569256395101547,-0.07679014652967453,1.1766266822814941,1.7172181606292725
0.16318544372916222,0.20722555881366134,0.30321812629699707,0.5779101271182299,C16-d16-L2-H4-m4-ffn32,5,16,0.978515625,True,0.05515828728675842,0.8497987389564514,6.437007427215576,0.00756092881783843,0.20119471848011017,0.458984375,0.0023364394437521696,0.009897368028759956,32,400,0.974609375,True,True,0,0.14003269374370575,4,0.15551847219467163,0.0592237152159214,16,4,2,adamw,0.5304184965789318,0.38954351586289704,0.8575224727392197,0.21819656528532505,0.0018238741904497147,0.0005179136787774041,0.4912109375,0.00022669264126307098,-1.0015182606875896,0.0007446065628755605,cell-005-368113adc2aa,0.062331680208444595,8,50,0.9598417282104492,0.9183347225189209,0.016752716153860092,0.04807494580745697,0.011251227930188179,0.9250180721282959,0.034274615347385406,0.1103535071015358
0.14295610319823027,0.21938740462064743,0.3517442811280489,1.0329391183331609,C16-d16-L2-H4-m4-ffn32,5,16,1.0,True,0.0009577083983458579,0.7616205215454102,6.243003845214844,0.001421001594280824,0.41892555356025696,0.7275390625,-0.001763136824592948,-0.000342135492246598,32,400,1.0,True,True,0,0.2087881714105606,4,0.02098916657269001,0.0010872473940253258,16,4,2,adamw,0.5295804962515831,0.4175463020801544,0.9502215273678303,0.2250699494034052,0.00011256079471877456,0.00011644345340755535,0.499755859375,9.353942277812166e-05,-0.7198510635644197,0.0002099828680002247,cell-005-368113adc2aa,0.0009006106411106884,8,100,1.0580015182495117,0.9898847937583923,0.00045254043652676046,0.0005014343769289553,0.00043432728853076696,0.9908041954040527,0.0006443220190703869,0.002032624091953039
0.13233994599431753,0.244362473487854,0.35861770436167717,1.2347421199083328,C16-d16-L2-H4-m4-ffn32,5,16,1.0,True,0.00010237276001134887,0.7408639192581177,6.100375652313232,0.0008250934770330787,0.4700131416320801,0.7568359375,-0.0009142836206592619,-8.919011452235281e-05,32,400,1.0,True,True,0,0.22627775371074677,4,0.008108020760118961,0.00012730390881188214,16,4,2,adamw,0.5203372873365879,0.42927987314760685,0.9938064031302929,0.22593782283365726,3.6269869013949574e-05,5.7764103075896855e-05,0.518310546875,6.688875510008074e-05,-0.6194436964578927,0.00012465284180507297,cell-005-368113adc2aa,9.643267549108714e-05,8,400,1.065665364265442,0.9992862939834595,5.123388837091625e-05,4.24098179792054e-05,4.8547382903052494e-05,0.9995805025100708,5.74455589230638e-05,0.00019963664817623794
0.18042685464024544,0.2862729271873832,0.17244652519002557,-0.22686856426298618,C16-d16-L2-H4-m4-ffn32,5,16,0.513671875,True,3.3509297370910645,0.6303988099098206,8.00259780883789,0.012388219591230154,0.2635832726955414,0.5380859375,0.034151624888181686,0.04653984680771828,32,400,0.513671875,True,True,0,-0.007980333641171455,4,0.15676280856132507,0.04542353004217148,16,4,2,adamw,0.4800883084535599,0.11057389574125409,0.5144970454275608,0.21899891085922718,0.0051778273191303015,0.004331072719651274,0.510009765625,0.0013654271169798449,-0.3333351891487837,0.005696499778423458,cell-005-368113adc2aa,3.347142219543457,9,0,-0.03342502564191818,-0.05090751498937607,5.462130546569824,0.05188022553920746,0.07127609848976135,-0.054408006370067596,1.1202194690704346,6.705506324768066
0.16469256300479174,0.32058089692145586,0.18534142151474953,-0.019406912033446133,C16-d16-L2-H4-m4-ffn32,5,16,0.71484375,True,0.34762006998062134,0.6845499873161316,7.347506999969482,-0.003154546255245805,0.2382642775774002,0.4521484375,-0.0010284793970640749,-0.004183025797829032,32,400,0.716796875,True,True,0,0.020648855715990067,4,0.05735819786787033,0.006121370941400528,16,4,2,adamw,0.5299130789935589,0.36376635916531086,0.7077814340591431,0.24637425132095814,0.000534923867235193,-3.2000789360608906e-06,0.51953125,-0.00041249853165936656,-0.4561047498136759,-0.0004156985305598937,cell-005-368113adc2aa,0.3531544506549835,9,50,0.3162228465080261,0.32365721464157104,0.014135249890387058,0.18979284167289734,0.002506521064788103,0.3244227170944214,0.46413373947143555,0.6705683469772339
0.12749893963336945,0.33953600376844406,0.27796718943864107,0.776037435978651,C16-d16-L2-H4-m4-ffn32,5,16,0.994140625,True,0.009662148542702198,0.7912037372589111,5.464791774749756,0.004340188868809491,0.3713283836841583,0.646484375,0.004910723073408008,0.009250911884009838,32,400,0.994140625,True,True,0,0.15046826004981995,4,0.04619763791561127,0.011767451651394367,16,4,2,adamw,0.5142590291798115,0.4832325950264931,0.8607698455452919,0.2366380002349615,0.0009337648625660222,0.000535734146978939,0.504638671875,0.0020191552648611832,-0.8075237646698952,0.002554889351813472,cell-005-368113adc2aa,0.009623590856790543,9,100,1.007707118988037,0.9826799631118774,0.003933554049581289,0.00884401798248291,0.0042467801831662655,0.98419588804245,0.007209036499261856,0.024233389645814896
0.11714612506330013,0.3577043656259775,0.2908572743181139,1.1292897211387753,C16-d16-L2-H4-m4-ffn32,5,16,1.0,True,0.00011119667033199221,0.8181895017623901,5.248234272003174,5.497128586284816e-05,0.5273371338844299,0.7822265625,0.0006385344167938456,0.000693505717208609,32,400,1.0,True,True,0,0.1737111508846283,4,0.008135426789522171,0.00012188580149086192,16,4,2,adamw,0.4955824762582779,0.5208332552574575,0.8854331001639366,0.2433689832687378,1.1254643169422707e-05,9.582771826899261e-05,0.5166015625,-4.137270377668756e-05,-0.7025734316557646,5.445502620204934e-05,cell-005-368113adc2aa,0.00010626603761920705,9,400,1.00995671749115,0.9981877207756042,6.612361175939441e-05,5.151842924533412e-05,6.25366810709238e-05,0.9981330633163452,3.442899833316915e-05,0.00021460771677084267
0.20379554480314255,0.19134038873016834,0.19727298989892006,-0.1654961071908474,C16-d16-L2-H4-m4-ffn32,5,16,0.494140625,True,0.6133487820625305,0.697542130947113,8.41893482208252,0.005194337572902441,0.31055329740047455,0.5986328125,0.012144114822149277,0.017338452860713005,32,400,0.490234375,True,True,0,-0.006522561423480511,4,0.08404134213924408,0.011591496877372265,16,4,2,adamw,0.4667781963944435,-0.09507271647453308,0.4100901931524277,0.21424823254346848,0.0012412501746439375,0.002694802635232918,0.499267578125,0.0005799847003800096,-0.1806224996689707,0.003274787130067125,cell-005-368113adc2aa,0.605964183807373,10,0,-0.009656329639256,-0.004422349855303764,0.21713602542877197,0.0067122019827365875,0.0009356066584587097,-0.0037372419610619545,1.0089929103851318,1.2337766885757446
0.14476882759481668,0.2781598465517163,0.2875336818397045,0.6524467885028571,C16-d16-L2-H4-m4-ffn32,5,16,0.970703125,True,0.05326908826828003,0.7349463701248169,6.294608116149902,0.0004879217594861984,0.2086666077375412,0.5009765625,0.002101555000990629,0.0025894776917994022,32,400,0.98046875,True,True,0,0.1427648514509201,4,0.09272526204586029,0.0316203273832798,16,4,2,adamw,0.5249873287975788,0.26023278944194317,0.7511933110654354,0.2241993136703968,0.0005352948855943396,0.0010146574313694146,0.490966796875,-0.000757515175791923,-0.8258984088897705,0.0002571422519395128,cell-005-368113adc2aa,0.04963013529777527,10,50,0.9001455307006836,0.9072057008743286,0.00754303764551878,0.04813230037689209,0.009009027853608131,0.8944330215454102,0.0453239381313324,0.11000829935073853
0.13744562829378992,0.23151432164013386,0.3561487980186939,1.428371461108327,C16-d16-L2-H4-m4-ffn32,5,16,1.0,True,0.0002679213648661971,0.732969343662262,5.670392036437988,0.00014177161210682243,0.3753913342952728,0.67578125,-0.00019106880063191056,-4.929711576551199e-05,32,400,1.0,True,True,0,0.21870318055152893,4,0.008241568692028522,0.00014476339856628329,16,4,2,adamw,0.492193978279829,0.4647850878536701,0.8949102535843849,0.23344065807759762,1.104917272698458e-05,0.00012549025450425688,0.51123046875,5.505068423872217e-05,-0.794863348826766,0.00018054094152830658,cell-005-368113adc2aa,0.0002818102075252682,10,100,0.9926314353942871,0.9995419383049011,0.0003417694242671132,0.00027560116723179817,0.00044873793376609683,0.9983652234077454,0.0002961473655886948,0.0013622557744383812
0.12548278155736625,0.25634168088436127,0.3672099970281124,1.7295598536729813,C16-d16-L2-H4-m4-ffn32,5,16,1.0,True,3.066378485527821e-05,0.7673422694206238,5.503740310668945,-1.0546918929321691e-05,0.4114774167537689,0.708984375,-0.0005338876217138022,-0.0005444345151772723,32,400,1.0,True,True,0,0.24172720313072205,4,0.0038397368043661118,2.7780140953836963e-05,16,4,2,adamw,0.48226361349225044,0.5164697621949017,0.9289178550243378,0.22773963026702404,3.6994061405337675e-06,2.7050482117374486e-05,0.5107421875,-7.90129377037374e-06,-0.7095647375099361,1.9149186755385017e-05,cell-005-368113adc2aa,3.3398529922124e-05,10,400,1.0104265213012695,1.0008838176727295,2.9681254090974107e-05,9.775788385013584e-06,1.6835148926475085e-05,1.0004931688308716,1.6142603271873668e-05,7.243479922180995e-05
0.20364374481141567,0.18827654421329498,0.2007922437041998,-0.15309346234425902,C16-d16-L2-H4-m4-ffn32,5,16,0.47265625,True,2.3093786239624023,0.6842079758644104,8.081852912902832,0.018111545592546463,0.387037068605423,0.6416015625,0.025599001441150904,0.04371054656803608,32,400,0.47265625,True,True,0,-0.002851502737030387,4,0.1333143264055252,0.03490247204899788,16,4,2,adamw,0.4487745277583599,0.00560284499078989,0.4371721222996712,0.20862244628369808,0.005231789968092926,0.007092885360179935,0.4931640625,0.0016511651629116386,-0.17912885127589107,0.00874405077775009,cell-005-368113adc2aa,2.298678398132324,11,0,0.07609343528747559,0.07003778219223022,3.4483284950256348,0.05147012323141098,0.005262465216219425,0.07236271351575851,0.8689970970153809,4.374058246612549
0.15729802940040827,0.26243320293724537,0.265672717243433,0.49113786965608597,C16-d16-L2-H4-m4-ffn32,5,16,0.9765625,True,0.08507806062698364,0.6680699586868286,6.908320426940918,0.0008026226423680782,0.27087555825710297,0.5830078125,-0.0035851795691996813,-0.0027825557626783848,32,400,0.958984375,True,True,0,0.10837467759847641,4,0.1627865582704544,0.05886983498930931,16,4,2,adamw,0.5004692524671555,0.27873036824166775,0.7189547754824162,0.22789276018738747,0.00269352021132363,-0.0012184913430246525,0.52197265625,-0.0009043380596267525,-0.8215436013415456,-0.0021228294062893838,cell-005-368113adc2aa,0.08795960247516632,11,50,0.7728736996650696,0.8030499815940857,0.031437866389751434,0.07379285991191864,0.009894846938550472,0.7981171607971191,0.07170338928699493,0.18682897090911865
0.1231233230791986,0.29605224169790745,0.3345777988433838,1.32557725161314,C16-d16-L2-H4-m4-ffn32,5,16,1.0,True,0.002514330204576254,0.6547031402587891,6.33059549331665,6.261281669139862e-06,0.45989787578582764,0.755859375,-0.0034659241791814566,-0.0034596625482663512,32,400,1.0,True,True,0,0.21145446598529816,4,0.03463297337293625,0.004312125965952873,16,4,2,adamw,0.4670077934861183,0.34559326991438866,0.7875816114246845,0.23804964870214462,0.0001887002131297777,-0.0005318263665685663,0.535400390625,-0.00017114170350396307,-0.8572286888957024,-0.0007029680964478757,cell-005-368113adc2aa,0.0021477644331753254,11,100,0.9300395250320435,0.9906909465789795,0.0009416749235242605,0.0014666919596493244,0.0012606573291122913,0.9914782643318176,0.0011584514286369085,0.004827475640922785
0.10672510787844658,0.324325866997242,0.3554988205432892,1.6973325684666634,C16-d16-L2-H4-m4-ffn32,5,16,1.0,True,0.00013855588622391224,0.6614097356796265,6.119840145111084,5.802488885819912e-05,0.5604332089424133,0.814453125,-0.0013849959941580892,-0.0013269708724692464,32,400,1.0,True,True,0,0.2487737089395523,4,0.00933021865785122,0.00016567911370657384,16,4,2,adamw,0.4545133486390114,0.3736319411545992,0.8060191869735718,0.24242080561816692,2.9102970131589245e-05,-0.00010916016867668077,0.544921875,-6.236773015189101e-05,-0.6608657556353137,-0.00017152788768726168,cell-005-368113adc2aa,0.00013630256580654532,11,400,0.9343963861465454,0.9974713325500488,8.661163883516565e-05,6.0883954574819654e-05,5.6505738029954955e-05,0.9974116086959839,6.821965507697314e-05,0.0002722209901548922
0.2059813942760229,0.17837986815720797,0.20367596112191677,-0.1484126071445644,C16-d16-L2-H4-m4-ffnnone,1,16,0.544921875,True,0.8622516393661499,0.7035661339759827,7.229750633239746,,,,,,,400,0.5390625,True,True,0,-0.002305439906194806,4,0.15226978063583374,0.037791550159454346,16,4,2,adamw,0.4772942587733269,-0.20751846581697464,0.3969872519373894,0.19754393585026264,0.0038989581807982177,0.003813019080553204,0.489013671875,8.37093721202109e-05,-0.21942334854975343,0.0038967284344835207,cell-001-0fd94a36f0e0,0.8494488596916199,0,0,0.07853828370571136,0.13602280616760254,0.8146294355392456,0.05522453412413597,0.003429106902331114,0.13835056126117706,0.7466735243797302,1.6199567317962646
0.1746817845851183,0.22545527573674917,0.25049938075244427,0.14516554400324821,C16-d16-L2-H4-m4-ffnnone,1,16,0.873046875,True,0.19679349660873413,0.841642439365387,5.710355758666992,,,,,,,400,0.87890625,True,True,0,0.07581759244203568,4,0.16114218533039093,0.061094556003808975,16,4,2,adamw,0.5073579885065556,0.23068793292623013,0.6748390905559063,0.24006084352731705,0.0008443973765679402,-0.00015852742762945127,0.515380859375,0.0030573373223887756,-0.8586260753218085,0.002898809645557776,cell-001-0fd94a36f0e0,0.18767771124839783,0,50,0.6084999442100525,0.6280316114425659,0.009321164339780807,0.17476703226566315,0.011459755711257458,0.6245955228805542,0.19181084632873535,0.38735878467559814
0.1406659404747188,0.24184724036604166,0.3361549489200115,1.103276040405035,C16-d16-L2-H4-m4-ffnnone,1,16,0.990234375,True,0.014196985401213169,0.82672518491745,4.813008785247803,,,,,,,400,0.98828125,True,True,0,0.19548901915550232,4,0.053715869784355164,0.011091100983321667,16,4,2,adamw,0.49329062923789024,0.15260135754942894,0.6923422142863274,0.23708138056099415,0.00027661218018693035,-0.00022705657647748012,0.519287109375,0.0003746168549696449,-0.7222747066989541,0.00014756034033780452,cell-001-0fd94a36f0e0,0.016490556299686432,0,100,0.989987313747406,0.976721465587616,0.0016024310607463121,0.011320129968225956,0.0018267002888023853,0.974582850933075,0.011368365958333015,0.026117626577615738
0.1195500516332686,0.30268798116594553,0.3386618606746197,1.5559803079813719,C16-d16-L2-H4-m4-ffnnone,1,16,1.0,True,0.0001972537429537624,0.8436460494995117,4.535000801086426,,,,,,,400,1.0,True,True,0,0.21911181509494781,4,0.01165077555924654,0.00023453350877389312,16,4,2,adamw,0.4875018671154976,0.2562685414450243,0.8012448698282242,0.2388632409274578,4.3565319593596996e-05,-8.468620035273489e-05,0.54150390625,-0.00011532089320098748,-0.5433630309998989,-0.0002000071035581641,cell-001-0fd94a36f0e0,0.00020171990036033094,0,400,0.9947892427444458,0.9994973540306091,8.438914665021002e-05,8.462274126941338e-05,0.00011623678437899798,0.9987608194351196,0.00012593783321790397,0.00041118651279248297
0.20552504248917103,0.17640959657728672,0.2070152871310711,-0.09757940238341689,C16-d16-L2-H4-m4-ffnnone,1,16,0.443359375,True,0.6135157346725464,0.5073335766792297,8.149219512939453,,,,,,,400,0.470703125,True,True,0,0.0014902420807629824,4,0.11361578851938248,0.02361416071653366,16,4,2,adamw,0.4117967374622822,-0.047441357746720314,0.40020208433270454,0.21534962952136993,0.003926591394701973,0.00017237630527233705,0.495361328125,-0.000716776674380526,-0.17996388440951705,-0.0005444003036245704,cell-001-0fd94a36f0e0,0.6053466796875,1,0,-0.03543585538864136,-0.047295019030570984,0.08615121245384216,0.03526119515299797,0.007536593824625015,-0.046606436371803284,1.1040329933166504,1.2329819202423096
0.14586913166567683,0.2571117989718914,0.30528080463409424,0.7943592872470617,C16-d16-L2-H4-m4-ffnnone,1,16,0.982421875,True,0.056072868406772614,0.7724493145942688,5.596404075622559,,,,,,,400,0.974609375,True,True,0,0.15941168367862701,4,0.1145438551902771,0.03274345025420189,16,4,2,adamw,0.4359462521970272,0.4359899219125509,0.7684657126665115,0.22984391637146473,0.0009779532392713008,0.0003877088201988954,0.509521484375,-0.0008466074068564922,-1.0050438828766346,-0.00045889857574366033,cell-001-0fd94a36f0e0,0.05627835541963577,1,50,0.9700582027435303,0.957878828048706,0.02369481325149536,0.036600396037101746,0.006117029581218958,0.9588780403137207,0.031213561072945595,0.09762579202651978
0.12232560047414154,0.28735307417809963,0.3456701450049877,1.4683142602443695,C16-d16-L2-H4-m4-ffnnone,1,16,1.0,True,0.0008044122951105237,0.8149834275245667,5.436342239379883,,,,,,,400,1.0,True,True,0,0.22334453463554382,4,0.017037350684404373,0.0005455543287098408,16,4,2,adamw,0.42224765568971634,0.6683585438877344,1.0527847111225128,0.23002705723047256,6.323953343212452e-05,1.739917934173718e-07,0.51513671875,-0.00020851740691796294,-0.9201863706111908,-0.00020834341285080882,cell-001-0fd94a36f0e0,0.0007987113785929978,1,100,1.0097825527191162,0.9957787990570068,0.0005115993553772569,0.0004155568894930184,0.00024193596618715674,0.9948840141296387,0.00046392367221415043,0.0016330159269273281
0.1154431008035317,0.3144387472420931,0.3392319642007351,1.5674282759428024,C16-d16-L2-H4-m4-ffnnone,1,16,1.0,True,9.922440949594602e-05,0.824369490146637,5.356588840484619,,,,,,,400,1.0,True,True,0,0.22378887236118317,4,0.007179390639066696,8.957937825471163e-05,16,4,2,adamw,0.42350177094340324,0.7472850298509002,1.1833306960761547,0.23406796716153622,1.5104110963726214e-05,-7.522322903241729e-06,0.51708984375,-5.290893062692703e-05,-0.8340014880523086,-6.0431246765801916e-05,cell-001-0fd94a36f0e0,9.619136108085513e-05,1,400,1.0092109441757202,1.0012130737304688,6.487383507192135e-05,5.0260878197150305e-05,3.015902439074125e-05,1.0011645555496216,3.991538687841967e-05,0.00018520912271924317
0.20225941762328148,0.18706965632736683,0.20615210384130478,-0.09400783339515328,C16-d16-L2-H4-m4-ffnnone,1,16,0.552734375,True,0.8042259812355042,0.5705852508544922,8.403874397277832,,,,,,,400,0.552734375,True,True,0,0.003892684355378151,4,0.2069701850414276,0.0742611289024353,16,4,2,adamw,0.4198465459048748,-0.07636340521275997,0.4077086243778467,0.2150569837540388,0.011558255035197362,-0.0029108026064932346,0.507080078125,-0.0013055722665740177,-0.21892994211521,-0.004216375004034489,cell-001-0fd94a36f0e0,0.7969864010810852,2,0,0.10147468000650406,0.10618002712726593,0.734130322933197,0.050474125891923904,0.003313131397590041,0.10435964167118073,0.8096061944961548,1.5975236892700195
0.14617511164397,0.24444826692342758,0.31702639907598495,0.864505719859153,C16-d16-L2-H4-m4-ffnnone,1,16,0.94921875,True,0.09205067157745361,0.6594939231872559,6.286645412445068,,,,,,,400,0.94921875,True,True,0,0.17085130512714386,4,0.1597120314836502,0.06537570059299469,16,4,2,adamw,0.4615291804075241,0.42408367805182934,0.7316723130643368,0.228537455201149,0.0019292310644232202,0.0013156109780538827,0.52490234375,0.0005429688153526513,-0.7416905108839273,0.0018585797006380744,cell-001-0fd94a36f0e0,0.08687839657068253,2,50,0.8847986459732056,0.8393685221672058,0.018984513357281685,0.06529368460178375,0.009822780266404152,0.8388658761978149,0.07284913957118988,0.16695010662078857
0.11245492147281766,0.2751751281321049,0.3874601051211357,1.7526771910488605,C16-d16-L2-H4-m4-ffnnone,1,16,0.998046875,True,0.003836831310763955,0.7711707949638367,5.863286972045898,,,,,,,400,1.0,True,True,0,0.27500519156455994,4,0.030462440103292465,0.005043270066380501,16,4,2,adamw,0.44690779969096184,0.719374991953373,0.9518870636820793,0.22279588505625725,0.00010872085044866253,-9.25413696677424e-05,0.526123046875,-8.916163847061398e-05,-0.9125951733440161,-0.00018170299154007807,cell-001-0fd94a36f0e0,0.0022344705648720264,2,100,1.031475305557251,0.9923795461654663,0.0007629262981936336,0.0014216180425137281,0.0004856841987930238,0.9933170080184937,0.0011840974912047386,0.0038543259724974632
0.10235934122465551,0.29651546105742455,0.39640653133392334,2.0214474871754646,C16-d16-L2-H4-m4-ffnnone,1,16,1.0,True,0.00010587723954813555,0.7788726091384888,5.807595252990723,,,,,,,400,1.0,True,True,0,0.29404717683792114,4,0.007268822751939297,0.00010745057079475373,16,4,2,adamw,0.4442684166133404,0.826865678653121,1.0643446668982506,0.22946065664291382,1.1435113947300124e-05,-4.776038576892461e-05,0.534912109375,-3.1759535431774566e-05,-0.740822484716773,-7.951991938170977e-05,cell-001-0fd94a36f0e0,0.0001177787926280871,2,400,1.033033847808838,0.9994124174118042,5.0267444748897105e-05,6.036313425283879e-05,3.034940891666338e-05,0.9997607469558716,6.186898099258542e-05,0.0002028489689109847
0.20851734280586243,0.17487359000369906,0.19957439601421356,-0.18363319616764784,C16-d16-L2-H4-m4-ffnnone,1,16,0.451171875,True,0.6882377862930298,0.5733333230018616,7.6165771484375,,,,,,,400,0.45703125,True,True,0,-0.008942950516939163,4,0.2079518884420395,0.07097584009170532,16,4,2,adamw,0.4237232580780983,-0.1154398616636172,0.36819279566407204,0.23879045248031616,0.0057161970471497625,-0.000343680614605546,0.51806640625,0.0005738724867114797,-0.15173611789941788,0.00023019209766061977,cell-001-0fd94a36f0e0,0.6888711452484131,3,0,-0.044777046889066696,-0.03732860088348389,0.24854491651058197,0.019812345504760742,0.003578247968107462,-0.038343317806720734,1.082169771194458,1.3541052341461182
0.15215057134628296,0.2375857401639223,0.30596256256103516,0.6342794601805508,C16-d16-L2-H4-m4-ffnnone,1,16,0.935546875,True,0.11798766255378723,0.7393007874488831,5.856541156768799,,,,,,,400,0.923828125,True,True,0,0.1538119912147522,4,0.20883670449256897,0.11623764038085938,16,4,2,adamw,0.46435069665312767,0.19862311938777566,0.5941599253565073,0.24411006271839142,0.004871101467870176,-0.0010306025797035545,0.510986328125,-0.0013852505289833061,-0.583719271235168,-0.002415853268757928,cell-001-0fd94a36f0e0,0.11330476403236389,3,50,0.7752879858016968,0.8338216543197632,0.029753750190138817,0.0904240757226944,0.025684382766485214,0.8413606882095337,0.0670543983578682,0.21291661262512207
0.10288276756182313,0.2816245388239622,0.40972717851400375,1.7868907414376736,C16-d16-L2-H4-m4-ffnnone,1,16,1.0,True,0.001726676244288683,0.7361983060836792,5.407902240753174,,,,,,,400,1.0,True,True,0,0.30684441328048706,4,0.02417886070907116,0.001875028247013688,16,4,2,adamw,0.42351532354950905,0.42768228659406304,0.9064285680651665,0.24172182194888592,0.00015911227092146873,-0.00014048482989892364,0.515625,-6.956472498131916e-05,-0.765216588973999,-0.0002100495021295501,cell-001-0fd94a36f0e0,0.0012490703957155347,3,100,0.9272921085357666,0.9990804195404053,0.001126900315284729,0.0006728699081577361,0.00047571316827088594,0.9988340735435486,0.0005605703918263316,0.0028360537253320217
0.09480855276342481,0.2937295585870743,0.42184479907155037,1.9438784047961235,C16-d16-L2-H4-m4-ffnnone,1,16,1.0,True,9.703545947559178e-05,0.7401509881019592,5.215447425842285,,,,,,,400,1.0,True,True,0,0.3270362615585327,4,0.006956988945603371,0.0001254867238458246,16,4,2,adamw,0.4123052805662155,0.48457264341413975,1.0590115673840046,0.23754923231899738,1.8220930201096053e-05,-5.2695765134558314e-05,0.51171875,-5.6351245802943595e-05,-0.7485449500381947,-0.00010904702048719628,cell-001-0fd94a36f0e0,7.792052929289639e-05,3,400,0.9305865168571472,0.999549925327301,4.639253529603593e-05,4.1604980651754886e-05,3.977963569923304e-05,0.9995507001876831,2.788904748740606e-05,0.00015566620277240872
0.18166599422693253,0.2774221692234278,0.1775798862800002,-0.12196316104382277,C16-d16-L2-H4-m4-ffnnone,1,16,0.453125,False,3.3158936500549316,0.6270567178726196,7.604416370391846,,,,,,,400,0.453125,False,True,0,-0.004086105152964592,4,0.1625094711780548,0.049042195081710815,16,4,2,adamw,0.47083811461925507,0.0160031957202591,0.45894020050764084,0.23170211538672447,0.0040669829068065155,-0.006023601526976563,0.5205078125,-0.0012744226223730948,-0.1921118558384478,-0.0072980240220204,cell-001-0fd94a36f0e0,3.3050997257232666,4,0,-0.019568443298339844,-0.012781544588506222,5.173493385314941,0.013160807080566883,0.002170208375900984,-0.014261672273278236,1.0312086343765259,6.220033645629883
0.1575322193093598,0.30531337577849627,0.22208998398855329,0.09248919226229191,C16-d16-L2-H4-m4-ffnnone,1,16,0.87890625,False,0.20497645437717438,0.6727098822593689,6.2175374031066895,,,,,,,400,0.853515625,False,True,0,0.0645577609539032,4,0.12487708032131195,0.03535090759396553,16,4,2,adamw,0.5623928643763065,0.26806807331740856,0.7724807374179363,0.24457216821610928,0.0009869711318515328,-0.000198930392798502,0.514404296875,-1.9508135665091686e-05,-0.9221851918846369,-0.00021843847753189038,cell-001-0fd94a36f0e0,0.21233493089675903,4,50,0.5543725490570068,0.5706164240837097,0.02241024374961853,0.17623795568943024,0.009554335847496986,0.5695623159408569,0.2205016016960144,0.4287041425704956
0.11899046204052866,0.3297411687672138,0.31328745651990175,1.236192811280489,C16-d16-L2-H4-m4-ffnnone,1,16,0.994140625,False,0.01129540428519249,0.7119088768959045,5.540769577026367,,,,,,,400,0.994140625,False,True,0,0.19429700076580048,4,0.04413965344429016,0.011807410046458244,16,4,2,adamw,0.5848901942372322,0.5067667469847947,1.074829664081335,0.250108128413558,0.00035184738499083323,-0.0005232567655184539,0.537841796875,-0.0006128602781245718,-1.0430346988141537,-0.0011361169763404178,cell-001-0fd94a36f0e0,0.01281755417585373,4,100,1.007768154144287,0.9766589999198914,0.0021344274282455444,0.004903851076960564,0.003094098763540387,0.9773845672607422,0.004662972409278154,0.014795348979532719
0.10695293359458447,0.3368225544691086,0.3423186489380896,1.8165345564484596,C16-d16-L2-H4-m4-ffnnone,1,16,0.994140625,False,0.012002883478999138,0.7288683652877808,5.4261088371276855,,,,,,,400,0.9921875,False,True,0,0.23536570370197296,4,0.021953627467155457,0.014302988536655903,16,4,2,adamw,0.585863895714283,0.6162930997088552,1.3342752642929554,0.2600384708493948,0.0004539882777407911,-0.0003154679952785955,0.54443359375,0.0013385315105551854,-0.793572686612606,0.00102306363714888,cell-001-0fd94a36f0e0,0.007469547912478447,4,400,1.0053246021270752,0.9912703037261963,0.0025719429831951857,0.003578188829123974,0.005890174303203821,0.9906586408615112,0.0027394103817641735,0.014779716730117798
0.2029623929411173,0.19289788510650396,0.1982149574905634,-0.18139185768086463,C16-d16-L2-H4-m4-ffnnone,1,16,0.4921875,False,2.0518972873687744,0.6427422761917114,7.895124912261963,,,,,,,400,0.494140625,False,True,0,-0.004747441038489342,4,0.1525949239730835,0.0399930365383625,16,4,2,adamw,0.39733583107590675,0.22714181360788643,0.48290846310555935,0.230577502399683,0.003423842557822354,-0.004419019947818015,0.50146484375,-0.0012818702452932484,-0.4171531144529581,-0.00570088983658934,cell-001-0fd94a36f0e0,2.0497636795043945,5,0,-0.10025534778833389,-0.10915874689817429,2.707542657852173,0.07167287170886993,0.016627218574285507,-0.10875558108091354,1.2346394062042236,4.030482292175293
0.18006481975317,0.20971507858484983,0.25009047985076904,-0.03344274125993252,C16-d16-L2-H4-m4-ffnnone,1,16,0.802734375,False,0.2676028609275818,0.689817488193512,7.195656776428223,,,,,,,400,0.80078125,False,True,0,0.07002566754817963,4,0.12992805242538452,0.03504421189427376,16,4,2,adamw,0.4623718447983265,0.5501965936273336,0.7932515628635883,0.23340575955808163,0.0013250666743260808,0.000248998221650254,0.492431640625,-0.0011637521711236332,-1.0199716314673424,-0.0009147540768026374,cell-001-0fd94a36f0e0,0.26639705896377563,5,50,0.4901835322380066,0.47844448685646057,0.013831516727805138,0.16631454229354858,0.020198270678520203,0.4731537401676178,0.3081842362880707,0.5085285902023315
0.11633786372840405,0.3009053859859705,0.3500810395926237,1.011155751068145,C16-d16-L2-H4-m4-ffnnone,1,16,1.0,False,0.006028367206454277,0.7014237642288208,6.295383930206299,,,,,,,400,1.0,False,True,0,0.23374317586421967,4,0.04905353859066963,0.006056566722691059,16,4,2,adamw,0.46388570591807365,0.5269948486238718,0.8114161267876625,0.25469852052628994,0.0006086225776016363,-0.0002613835677038878,0.53271484375,-0.00029827469552401453,-0.977935966104269,-0.0005596581904683262,cell-001-0fd94a36f0e0,0.006201918702572584,5,100,1.0574084520339966,0.9957178831100464,0.0032398842740803957,0.00447045499458909,0.004859435372054577,0.9951367974281311,0.004767540842294693,0.017337314784526825
0.1022489647148177,0.31176072731614113,0.38149239122867584,1.7402334986254573,C16-d16-L2-H4-m4-ffnnone,1,16,0.994140625,False,0.01022808812558651,0.7580829858779907,6.073507785797119,,,,,,,400,0.998046875,False,True,0,0.2792434096336365,4,0.017333274707198143,0.008950476534664631,16,4,2,adamw,0.454790860414505,0.7536716610193253,1.0342821385711432,0.2624901495873928,0.0007034415076532241,-0.0006139562628959538,0.547119140625,0.0006206684320204658,-0.8121921587735415,6.712141839670949e-06,cell-001-0fd94a36f0e0,0.0053943730890750885,5,400,1.0074961185455322,0.9915443658828735,0.0013783251633867621,0.0015899877762421966,0.0024008420296013355,0.9911963939666748,0.00137494713999331,0.0067441025748848915
0.20347538590431213,0.19245601072907448,0.19711785577237606,-0.15318592730909586,C16-d16-L2-H4-m4-ffnnone,1,16,0.55859375,True,0.5617884397506714,0.5423785448074341,8.343366622924805,,,,,,,400,0.59765625,True,True,0,-0.006357529666274786,4,0.23350706696510315,0.10136600583791733,16,4,2,adamw,0.5121821351349354,-0.06266431882977486,0.46825746819376945,0.21100932359695435,0.006457719253376126,0.0015849574192543514,0.496826171875,0.00034596431942190975,-0.20110901724547148,0.0019309214985696599,cell-001-0fd94a36f0e0,0.5319682955741882,6,0,0.12121624499559402,0.11142633855342865,0.26490318775177,0.04497763514518738,0.002260797191411257,0.11124314367771149,0.7955911159515381,1.1077327728271484
0.144448384642601,0.2789445240050554,0.28771032951772213,0.6155712865293026,C16-d16-L2-H4-m4-ffnnone,1,16,0.970703125,True,0.05324940010905266,0.8350759744644165,5.375517845153809,,,,,,,400,0.96875,True,True,0,0.14326195418834686,4,0.13433341681957245,0.05143720284104347,16,4,2,adamw,0.5613421276211739,0.4375649392604828,0.8596230819821358,0.2320032361894846,0.001427983384928666,-0.000594677441767999,0.514404296875,0.0015024930653453339,-0.9135604966431856,0.0009078156581381336,cell-001-0fd94a36f0e0,0.06358185410499573,6,50,0.9250317811965942,0.8680849075317383,0.013621052727103233,0.0541287399828434,0.008504224941134453,0.8707513213157654,0.04329061508178711,0.1195446327328682
0.12245565978810191,0.31144356029108167,0.3211894743144512,0.3138430416584015,C16-d16-L2-H4-m4-ffnnone,1,16,1.0,True,0.0009333990747109056,0.8073934316635132,5.173454284667969,,,,,,,400,1.0,True,True,0,0.19873380661010742,4,0.022296307608485222,0.0014673331752419472,16,4,2,adamw,0.5447192005813122,0.7035031656268984,1.117381788790226,0.21989353373646736,8.985110616777092e-05,-0.00010546169005465345,0.5126953125,0.0004754061237690621,-0.9053463293239474,0.00036994436050008517,cell-001-0fd94a36f0e0,0.0011086210142821074,6,100,1.0434539318084717,1.0002585649490356,0.00044114692718721926,0.0007647669408470392,0.00025456456933170557,0.9990649223327637,0.0006210028659552336,0.002081481274217367
0.11500417697243392,0.33307515596970916,0.3219123166054487,0.3782581686973572,C16-d16-L2-H4-m4-ffnnone,1,16,1.0,True,7.002661732258275e-05,0.8079621195793152,5.102685928344727,,,,,,,400,1.0,True,True,0,0.20690812170505524,4,0.006989085115492344,9.822582069318742e-05,16,4,2,adamw,0.5423752628266811,0.8236976731568575,1.2666742578148842,0.22999730706214905,1.5231572831453377e-05,-6.446127281378722e-05,0.52587890625,9.988724320919573e-05,-0.7127861706539989,3.542598642525263e-05,cell-001-0fd94a36f0e0,7.723392627667636e-05,6,400,1.0331330299377441,1.0001485347747803,5.42470152140595e-05,3.790729169850238e-05,3.3186406653840095e-05,0.9996455311775208,3.302009281469509e-05,0.00015836081001907587
0.21193272806704044,0.1626849751919508,0.20151685178279877,-0.22735530813224614,C16-d16-L2-H4-m4-ffnnone,1,16,0.58984375,True,0.6157636046409607,0.6846539378166199,6.781848907470703,,,,,,,400,0.578125,True,True,0,-0.010415877215564251,4,0.289267897605896,0.1532280445098877,16,4,2,adamw,0.49971552193164825,-0.1329423002898693,0.4540631305426359,0.22845629416406155,0.013792659767204896,-0.0016303488373523578,0.522216796875,0.0009689416074252222,-0.19350897800177336,-0.0006614072553929873,cell-001-0fd94a36f0e0,0.611875057220459,7,0,0.1530734896659851,0.1920866072177887,0.28537607192993164,0.22907863557338715,0.007966137491166592,0.19373589754104614,0.6606677770614624,1.1830886602401733
0.154864139854908,0.20732855750247836,0.32807905599474907,0.753499511629343,C16-d16-L2-H4-m4-ffnnone,1,16,0.994140625,True,0.02955574356019497,0.7744879722595215,5.2348952293396,,,,,,,400,0.990234375,True,True,0,0.17321491241455078,4,0.1073262169957161,0.031238913536071777,16,4,2,adamw,0.5041019581258297,0.2029258981347084,0.7239077184349298,0.2258764486759901,0.0012248958864802262,-0.0004865942682954483,0.5048828125,0.0021945737062196713,-0.8538149241358042,0.0017079792451113462,cell-001-0fd94a36f0e0,0.03618667274713516,7,50,0.9207496643066406,0.9354867935180664,0.007108710240572691,0.027437683194875717,0.004828413017094135,0.9309113621711731,0.029256338253617287,0.0686311423778534
0.12926343269646168,0.2484360276721418,0.3637736886739731,1.4377268925309181,C16-d16-L2-H4-m4-ffnnone,1,16,1.0,True,0.0007052809232845902,0.7818276882171631,4.93061637878418,,,,,,,400,1.0,True,True,0,0.23451025784015656,4,0.021607965230941772,0.0008797160116955638,16,4,2,adamw,0.49060485884547234,0.4261561892926693,0.9304347708821297,0.24384577758610249,0.00016016607389701676,-0.00022022869507054565,0.529296875,-4.8356218030676246e-05,-0.6786396373063326,-0.0002685848994588014,cell-001-0fd94a36f0e0,0.0007787032518535852,7,100,1.009873390197754,0.9977440237998962,0.00041116325883194804,0.0003354690852575004,0.0003420627908781171,0.9973097443580627,0.00038568887975998223,0.0014743839856237173
0.1231253637233749,0.2683959137648344,0.3622279930859804,1.5937157049775124,C16-d16-L2-H4-m4-ffnnone,1,16,1.0,True,7.291873771464452e-05,0.7849438190460205,4.791538238525391,,,,,,,400,1.0,True,True,0,0.23910264670848846,4,0.007036712020635605,9.481990855420008e-05,16,4,2,adamw,0.4882301203906536,0.5133984461426735,1.0688208416104317,0.24636930041015148,2.481718864544291e-05,-5.8932314459525514e-05,0.538818359375,-7.196552360255737e-06,-0.6327318474650383,-6.612886090806569e-05,cell-001-0fd94a36f0e0,7.856381125748158e-05,7,400,1.0232734680175781,1.000260829925537,4.196936060907319e-05,2.9711754905292764e-05,3.381187707418576e-05,1.0001574754714966,3.566104351193644e-05,0.00014115404337644577
0.1977874543517828,0.21720431093126535,0.18943334929645061,-0.1713438741862774,C16-d16-L2-H4-m4-ffnnone,1,16,0.560546875,True,0.6335361003875732,0.6207371950149536,7.074413299560547,,,,,,,400,0.576171875,True,True,0,-0.008354109711945057,4,0.20604246854782104,0.07887372374534607,16,4,2,adamw,0.4382660612463951,0.22804356552660465,0.5408872552216053,0.23350485414266586,0.010437984281452373,0.0003448195056989789,0.516845703125,0.0004997499563614838,-0.20631442312151194,0.0008445696657872759,cell-001-0fd94a36f0e0,0.6172558665275574,8,0,0.010537324473261833,0.08513093739748001,0.22725588083267212,0.1308767944574356,0.011894295923411846,0.08787661790847778,0.8646422624588013,1.2346692085266113
0.1405240399762988,0.22676756419241428,0.3516603112220764,1.0950444005429745,C16-d16-L2-H4-m4-ffnnone,1,16,0.994140625,True,0.01556133572012186,0.7254621982574463,5.460675239562988,,,,,,,400,0.994140625,True,True,0,0.21113628149032593,4,0.06476475298404694,0.011906357482075691,16,4,2,adamw,0.4706518016755581,0.607147641479969,0.9043495245277882,0.23328837379813194,0.0003663769521153881,-0.00017184267835546052,0.522705078125,0.0007313895948755089,-0.9657437391579151,0.0005595470574917272,cell-001-0fd94a36f0e0,0.01373513974249363,8,50,0.936558723449707,0.9542794227600098,0.0042814030312001705,0.011620675213634968,0.0038341570179909468,0.9553852081298828,0.01069079153239727,0.030427025631070137
0.12799676321446896,0.2400651704519987,0.3759445548057556,1.6532801613211632,C16-d16-L2-H4-m4-ffnnone,1,16,1.0,True,0.00043913163244724274,0.7451432347297668,5.2070393562316895,,,,,,,400,1.0,True,True,0,0.2479477822780609,4,0.013937646523118019,0.00043291668407619,16,4,2,adamw,0.4737635850906372,0.8115864284336567,1.1544982977211475,0.23436244949698448,4.378975540930696e-05,3.69292495179252e-05,0.531982421875,2.357044468226377e-05,-0.7673253770917654,6.0499678511405364e-05,cell-001-0fd94a36f0e0,0.00047345022903755307,8,100,0.9371537566184998,0.9954505562782288,0.00025794244720600545,0.00028190755983814597,0.00030680198688060045,0.9943769574165344,0.00028071767883375287,0.0011273695854470134
0.1222680225619115,0.23396684136241674,0.39922910928726196,2.1878815591335297,C16-d16-L2-H4-m4-ffnnone,1,16,1.0,True,4.242620343575254e-05,0.7617961168289185,5.010129928588867,,,,,,,400,1.0,True,True,0,0.276961088180542,4,0.0044299582950770855,3.685105184558779e-05,16,4,2,adamw,0.46158211305737495,0.9885746650397778,1.381005022674799,0.23453686386346817,9.693191088899766e-06,-1.5056400570756523e-05,0.550537109375,3.2280388495564694e-05,-0.5528445965610445,1.72239904259186e-05,cell-001-0fd94a36f0e0,3.935691711376421e-05,8,400,1.0070176124572754,1.0018150806427002,1.3100872820359655e-05,1.380571393383434e-05,2.4368371668970212e-05,1.0017385482788086,3.83072292606812e-05,8.95821867743507e-05
0.18638207390904427,0.2703413646668196,0.17051243036985397,-0.19154582917690277,C16-d16-L2-H4-m4-ffnnone,1,16,0.509765625,True,0.6305406093597412,0.6694566607475281,7.910628795623779,,,,,,,400,0.537109375,True,True,0,-0.015869639813899994,4,0.1704409122467041,0.046895306557416916,16,4,2,adamw,0.4684682637453079,0.1106621753424406,0.5290721692144871,0.22674447670578957,0.003614281384216156,-0.002453718159813434,0.49609375,-0.0017120688062277623,-0.29072660952806473,-0.0041657872789073735,cell-001-0fd94a36f0e0,0.6244184374809265,9,0,-0.0447508841753006,-0.016531366854906082,0.25070223212242126,0.024986520409584045,0.002336413599550724,-0.015658730641007423,1.0347245931625366,1.3127497434616089
0.14601169154047966,0.30665965937078,0.2553052599541843,0.3632569331675768,C16-d16-L2-H4-m4-ffnnone,1,16,0.873046875,True,0.19531488418579102,0.7347884178161621,6.045012474060059,,,,,,,400,0.859375,True,True,0,0.10929357260465622,4,0.17456087470054626,0.06688442826271057,16,4,2,adamw,0.5401743911206722,0.45887633599340916,0.8213622272014618,0.23886748030781746,0.0023479333613067865,0.0008001710739335977,0.515625,0.0003293081135780085,-1.1570486386772245,0.0011294792930129915,cell-001-0fd94a36f0e0,0.19656632840633392,9,50,0.610985517501831,0.6309373378753662,0.026220615953207016,0.1485276073217392,0.016301855444908142,0.6360369920730591,0.187526136636734,0.37857621908187866
0.09998505678959191,0.31949283368885517,0.3805520087480545,1.870861742645502,C16-d16-L2-H4-m4-ffnnone,1,16,1.0,True,0.002027208684012294,0.754512369632721,5.670902252197266,,,,,,,400,1.0,True,True,0,0.280566930770874,4,0.02589891105890274,0.0013453023275360465,16,4,2,adamw,0.5135571211576462,0.8408417217433453,1.2025199308991432,0.24349860288202763,0.00012872611569036962,8.442846592515707e-06,0.52734375,-0.00012161956419731723,-1.1737261414527893,-0.00011317681855871342,cell-001-0fd94a36f0e0,0.001994711346924305,9,100,0.9810613989830017,0.9913116693496704,0.0009761310066096485,0.0011916282819584012,0.0008999095298349857,0.9913996458053589,0.0007673230138607323,0.003834991715848446
0.09085112297907472,0.3627427387982607,0.364703893661499,2.0517055271193385,C16-d16-L2-H4-m4-ffnnone,1,16,1.0,True,8.085058652795851e-05,0.7644897103309631,5.549083709716797,,,,,,,400,1.0,True,True,0,0.27385276556015015,4,0.006643795408308506,8.300187619170174e-05,16,4,2,adamw,0.505406592041254,0.9643764616921544,1.4061461985111237,0.24873346462845802,1.4114472605797346e-05,2.5820470000326168e-05,0.534423828125,3.111131695732183e-05,-0.9456646535545588,5.693179946320015e-05,cell-001-0fd94a36f0e0,8.776074537308887e-05,9,400,1.0074442625045776,1.000211477279663,4.8525653255637735e-05,4.577085201162845e-05,5.704740760847926e-05,1.0003786087036133,3.227588604204357e-05,0.0001836197916418314
0.20445258542895317,0.1889134980738163,0.19772877916693687,-0.3239335408434272,C16-d16-L2-H4-m4-ffnnone,1,16,0.443359375,True,1.416816234588623,0.6294924020767212,7.9136881828308105,,,,,,,400,0.427734375,True,True,0,-0.006723801605403423,4,0.3422272205352783,0.24944299459457397,16,4,2,adamw,0.5007984004914761,-0.021782193332910538,0.49947386607527733,0.22174677811563015,0.014536749455146492,0.006333915956929559,0.496337890625,0.0016520757526450325,-0.39136294927448034,0.007985991978785023,cell-001-0fd94a36f0e0,1.4087886810302734,10,0,-0.21495482325553894,-0.2271880954504013,1.0603939294815063,0.3055263161659241,0.04416810721158981,-0.22533643245697021,1.5232571363449097,2.933345317840576
0.16615850664675236,0.23464150168001652,0.2668830007314682,0.41498511005192995,C16-d16-L2-H4-m4-ffnnone,1,16,0.880859375,True,0.1972782015800476,0.6796945929527283,6.732588291168213,,,,,,,400,0.873046875,True,True,0,0.10072450339794159,4,0.14241622388362885,0.04647132754325867,16,4,2,adamw,0.541659165173769,0.27795980870723724,0.7021876871585846,0.23089419677853584,0.0012380554471747018,0.0003676977466966491,0.515869140625,-0.0014373264930327423,-0.7216058121994138,-0.0010696288300096057,cell-001-0fd94a36f0e0,0.19931812584400177,10,50,0.6135352253913879,0.6161403656005859,0.021941138431429863,0.18087808787822723,0.006061464548110962,0.6191721558570862,0.20358112454414368,0.4124618172645569
0.12749944278039038,0.25882481038570404,0.35867688804864883,1.673666711896658,C16-d16-L2-H4-m4-ffnnone,1,16,1.0,True,0.0047907959669828415,0.7254650592803955,5.629885673522949,,,,,,,400,1.0,True,True,0,0.2311774492263794,4,0.049314286559820175,0.005567177198827267,16,4,2,adamw,0.5131599605083466,0.5691574886441231,0.8925729319453239,0.23584826663136482,0.0006797970586376323,0.00014602424198528752,0.51904296875,0.0003432630546740256,-1.0984183102846146,0.0004892873475910164,cell-001-0fd94a36f0e0,0.0050790878012776375,10,100,1.0126428604125977,0.9887135028839111,0.0023583807051181793,0.0027346336282789707,0.002972032641991973,0.9909356832504272,0.0018215987365692854,0.009886646643280983
0.11472912365570664,0.28358497843146324,0.37222765013575554,2.1615413008257747,C16-d16-L2-H4-m4-ffnnone,1,16,1.0,True,0.00014524764264933765,0.7564653754234314,5.303222179412842,,,,,,,400,1.0,True,True,0,0.25749853253364563,4,0.009878875687718391,0.0001901594951050356,16,4,2,adamw,0.4915511980652809,0.8034047763794661,1.1282026171684265,0.2439416702836752,5.386034547427698e-05,-0.00010641501285135746,0.523193359375,0.00011430633821873926,-0.7424034960567951,7.89130172051955e-06,cell-001-0fd94a36f0e0,0.00013932907313574106,10,400,1.017681360244751,1.0009956359863281,7.3349176091142e-05,7.001066842349246e-05,9.34460258577019e-05,1.0011165142059326,5.528220935957506e-05,0.00029208805062808096
0.1971376482397318,0.21430059149861336,0.1942864954471588,-0.16640251921489835,C16-d16-L2-H4-m4-ffnnone,1,16,0.375,True,0.7838034629821777,0.6599479913711548,8.166877746582031,,,,,,,400,0.408203125,True,True,0,-0.0028511499986052513,4,0.1717660129070282,0.05084247514605522,16,4,2,adamw,0.4438713639974594,0.0036963343154639006,0.43874927423894405,0.22393875196576118,0.003964860938140191,-0.0003238537028664723,0.50244140625,-0.0008523956948920386,-0.29484778083860874,-0.0011762498979805969,cell-001-0fd94a36f0e0,0.7902503609657288,11,0,-0.0971604734659195,-0.15361717343330383,0.17176848649978638,0.08925721794366837,0.0030303888488560915,-0.15428826212882996,1.338940143585205,1.6029963493347168
0.1284463657066226,0.32246937043964863,0.2921915538609028,0.6772296577692032,C16-d16-L2-H4-m4-ffnnone,1,16,0.970703125,True,0.05678495392203331,0.732241153717041,6.241617679595947,,,,,,,400,0.98046875,True,True,0,0.1637451946735382,4,0.11722420156002045,0.043667592108249664,16,4,2,adamw,0.46849679946899414,0.3667979061137885,0.7461578771471977,0.2342186253517866,0.0013474627812684048,-0.0010742179438238963,0.509521484375,-0.0016060759917309042,-0.9650279618799686,-0.0026802941210917197,cell-001-0fd94a36f0e0,0.05900662764906883,11,50,0.9410992860794067,0.8986393213272095,0.013817643746733665,0.045268330723047256,0.014232795685529709,0.8978005051612854,0.046393804252147675,0.11971257627010345
0.11348704108968377,0.28873016219586134,0.3708087336272001,1.6166334003210068,C16-d16-L2-H4-m4-ffnnone,1,16,1.0,True,0.0008305561495944858,0.7689933776855469,5.635866165161133,,,,,,,400,1.0,True,True,0,0.25732171535491943,4,0.019946884363889694,0.0007986374548636377,16,4,2,adamw,0.4530891552567482,0.6441781762987375,0.9460235200822353,0.2634513657540083,0.0001226719616624905,5.1734426961047575e-05,0.5458984375,3.234683026676066e-05,-0.7690621251240373,8.408127268921817e-05,cell-001-0fd94a36f0e0,0.000730657484382391,11,100,0.9937443137168884,0.9973537921905518,0.0003262003301642835,0.00042366544948890805,0.0005076710367575288,0.9976073503494263,0.0003569146792870015,0.0016144515248015523
0.10018727439455688,0.3305814154446125,0.3688567765057087,1.8376581072807312,C16-d16-L2-H4-m4-ffnnone,1,16,1.0,True,7.105471740942448e-05,0.7739368081092834,5.545541286468506,,,,,,,400,1.0,True,True,0,0.2686695456504822,4,0.006498407572507858,8.238636655732989e-05,16,4,2,adamw,0.43475544452667236,0.7666591331362724,1.0499226823449135,0.25603291392326355,1.7070011594455536e-05,-1.299632822338026e-05,0.550048828125,7.241069260999211e-05,-0.7195926513522863,5.941435483691748e-05,cell-001-0fd94a36f0e0,6.930899689905345e-05,11,400,1.0309357643127441,0.9987857341766357,3.8552734622498974e-05,3.182563523296267e-05,3.992097845184617e-05,0.9988018274307251,2.644842243171297e-05,0.0001367477816529572
0.2039654329419136,0.1974649652838707,0.19063876569271088,-0.13354751467704773,C64-d16-L2-H1-m4-ffn32,6,16,0.556640625,True,0.8733389377593994,0.7488880753517151,12.355873107910156,-0.004697460914030671,0.32805368304252625,0.58984375,0.0005015765782445669,-0.004195886198431253,32,400,0.5625,True,True,0,-0.013326655142009258,4,0.16332007944583893,0.048439882695674896,64,1,2,adamw,0.9209191203117371,0.20162207260727882,1.1167209148406982,0.22655601054430008,0.02046053856611252,-0.007624450139701366,0.5078125,-0.001472745934734121,-0.21131481416523457,-0.00909719755873084,cell-006-eeb6e1519571,0.8740226030349731,0,0,0.07663445919752121,0.14266766607761383,0.9050803780555725,0.12329290062189102,0.01612313836812973,0.1397651731967926,0.7555614709854126,1.8000578880310059
0.1803780496120453,0.12134232372045517,0.33752351999282837,0.5668207705020905,C64-d16-L2-H1-m4-ffn32,6,16,0.830078125,True,0.24097193777561188,0.817827045917511,10.009349822998047,-0.0011441001552157104,0.09429582580924034,0.2705078125,-0.0021813123021274805,-0.00332541239913553,32,400,0.83203125,True,True,0,0.15714547038078308,4,0.11312632262706757,0.03256271407008171,64,1,2,adamw,1.1354496479034424,0.6441748887300491,2.2043609619140625,0.21257299184799194,0.001393690996337682,0.0004922060470562428,0.4638671875,-0.002119426033459604,-1.423685222864151,-0.0016272198990918696,cell-006-eeb6e1519571,0.23739281296730042,0,50,0.4825957417488098,0.5180983543395996,0.021971480920910835,0.1856645941734314,0.008140082471072674,0.5183100700378418,0.2720196843147278,0.4877958595752716
0.07819748111069202,0.1953846961259842,0.5700228810310364,2.877998650074005,C64-d16-L2-H1-m4-ffn32,6,16,0.998046875,True,0.005184320732951164,0.8141908645629883,8.251221656799316,0.0013936486502643675,0.34220993518829346,0.7607421875,0.0016433383570984006,0.0030369870364665985,32,400,0.998046875,True,True,0,0.4918254017829895,4,0.0230242982506752,0.009982742369174957,64,1,2,adamw,0.9894167184829712,0.8839909434318542,2.597901701927185,0.21940557658672333,6.755046342732385e-05,8.009579323697835e-05,0.5517578125,0.003417432657442987,-1.4642766155302525,0.0034975288435816765,cell-006-eeb6e1519571,0.004865492694079876,0,100,0.9638890624046326,0.9855446219444275,0.0023735747672617435,0.0024976683780550957,0.001221239217557013,0.9855616092681885,0.002703075995668769,0.008795557543635368
0.0706601170822978,0.20044124871492386,0.5875784158706665,3.4352396726608276,C64-d16-L2-H1-m4-ffn32,6,16,1.0,True,9.338762174593285e-05,0.8459832668304443,8.281478881835938,0.0001581434698891826,0.4570017158985138,0.8369140625,-0.0005536212120205164,-0.0003954777494072914,32,400,1.0,True,True,0,0.5169183015823364,4,0.004853382706642151,6.367478636093438e-05,64,1,2,adamw,0.9714282751083374,1.0190673768520355,2.843382239341736,0.2243843376636505,1.9947911823692266e-05,0.0001097286403819453,0.5380859375,-4.484035889618099e-05,-1.0534014254808426,6.488824146799743e-05,cell-006-eeb6e1519571,9.672011947259307e-05,0,400,0.9633920192718506,1.000349760055542,7.003739301580936e-05,4.321995220379904e-05,3.8867699913680553e-05,1.0006409883499146,6.374114309437573e-05,0.0002158661955036223
0.19379527866840363,0.22559405863285065,0.19302012771368027,-0.13625627011060715,C64-d16-L2-H1-m4-ffn32,6,16,0.533203125,True,0.8324198722839355,0.7774420380592346,12.593384742736816,-0.010181669844314456,0.20590296387672424,0.3916015625,-0.017121209762990475,-0.02730287704616785,32,400,0.53125,True,True,0,-0.000775150372646749,4,0.15765801072120667,0.047616153955459595,64,1,2,adamw,1.05789053440094,-0.1047574058175087,0.9353209137916565,0.21999159455299377,0.01755007542669773,-0.013638982083648443,0.4892578125,0.00015085062477737665,-0.4234357103705406,-0.013488131109625101,cell-006-eeb6e1519571,0.8125591278076172,1,0,0.02875668555498123,0.07353737950325012,0.6658660769462585,0.05148210749030113,0.005468741059303284,0.0743265151977539,0.8667860627174377,1.5896029472351074
0.13003358244895935,0.20154307037591934,0.4083562046289444,1.314577579498291,C64-d16-L2-H1-m4-ffn32,6,16,0.91015625,True,0.13683414459228516,0.8287853598594666,10.737277030944824,0.002719374722801149,0.1883826181292534,0.4091796875,-0.002847470575943589,-0.00012809608597308397,32,400,0.90625,True,True,0,0.27832263708114624,4,0.10290083289146423,0.04892607405781746,64,1,2,adamw,1.3257381916046143,0.535180389881134,2.226405441761017,0.21426427364349365,0.0017102593556046486,0.0017042979307007045,0.4609375,-0.0033011934719979763,-1.5562033653259277,-0.0015968958614394069,cell-006-eeb6e1519571,0.1397809237241745,1,50,0.7384568452835083,0.7320560216903687,0.018313977867364883,0.10110941529273987,0.0242908988147974,0.7405643463134766,0.10873113572597504,0.25244542956352234
0.07781518623232841,0.17676514387130737,0.5897893309593201,3.6797245740890503,C64-d16-L2-H1-m4-ffn32,6,16,1.0,True,0.0017346919048577547,0.8626136779785156,9.510910034179688,-0.0001355318381683901,0.3308402895927429,0.6640625,-0.0006737459771102294,-0.00080927784438245,32,400,1.0,True,True,0,0.5119740962982178,4,0.009011000394821167,0.000323362706694752,64,1,2,adamw,1.2224243879318237,0.797298014163971,2.727566719055176,0.22077727317810059,5.383173356676707e-05,0.00033380326931364834,0.5126953125,-0.0007547660497948527,-1.1724991872906685,-0.0004209628386888653,cell-006-eeb6e1519571,0.0015872379299253225,1,100,1.061408281326294,0.9912888407707214,0.0015846568858250976,0.000923179613891989,0.000811384990811348,0.9933372735977173,0.0011522173881530762,0.004471438936889172
0.071275619789958,0.15099038556218147,0.6351827532052994,4.404707431793213,C64-d16-L2-H1-m4-ffn32,6,16,1.0,True,6.75895789754577e-05,0.8381600379943848,9.308623313903809,6.784987999708392e-05,0.4899260103702545,0.759765625,-0.00033296190667897463,-0.00026511200121603906,32,400,1.0,True,True,0,0.5639071464538574,4,0.002895308192819357,2.6437186534167267e-05,64,1,2,adamw,1.168851375579834,0.9365696310997009,2.987663507461548,0.2509053349494934,1.0201303012991048e-05,7.530405810030061e-05,0.54296875,-0.0002088461296807509,-0.7843498941510916,-0.00013354206748772413,cell-006-eeb6e1519571,6.275909254327416e-05,1,400,1.0164039134979248,1.0014424324035645,6.268091237870976e-05,1.2664204405155033e-05,1.0358980944147334e-05,1.0014938116073608,4.2282743379473686e-05,0.0001279868301935494
0.20522992312908173,0.1886168271303177,0.19569343328475952,-0.18356816470623016,C64-d16-L2-H1-m4-ffn32,6,16,0.521484375,True,1.0051193237304688,0.8093698620796204,12.61670970916748,0.007767757400870323,0.293650321662426,0.533203125,0.01555476849898696,0.02332252636551857,32,400,0.5234375,True,True,0,-0.009536491706967354,4,0.16845133900642395,0.05460653454065323,64,1,2,adamw,0.9830461740493774,0.04972986876964569,1.0552457571029663,0.21376118808984756,0.02400103770196438,0.0045242588967084885,0.5029296875,-0.0013483412185451016,-0.14826407842338085,0.003175916615873575,cell-006-eeb6e1519571,1.0078303813934326,2,0,0.014985468238592148,0.03518736734986305,1.1578930616378784,0.03148846700787544,0.006110978312790394,0.03442607820034027,0.9410291910171509,2.136521816253662
0.16960716247558594,0.30410849303007126,0.1870700567960739,-0.1557358056306839,C64-d16-L2-H1-m4-ffn32,6,16,0.72265625,True,0.3389779031276703,0.8122386932373047,11.534814834594727,-0.0032005697139538825,0.2343139350414276,0.5791015625,0.0014713496202602983,-0.0017292205011472106,32,400,0.7109375,True,True,0,0.017462901771068573,4,0.09080293029546738,0.030841566622257233,64,1,2,adamw,1.2078373432159424,0.6107470989227295,2.246225655078888,0.2456659898161888,0.00360473629552871,0.0024710926227271557,0.4951171875,-0.011854508193209767,-1.1746806651353836,-0.009383415337651968,cell-006-eeb6e1519571,0.3406897187232971,2,50,0.29790055751800537,0.33070844411849976,0.028798270970582962,0.14463353157043457,0.024565331637859344,0.33107471466064453,0.4739247262477875,0.6719218492507935
0.05769520439207554,0.4711383730173111,0.35577601939439774,2.567591428756714,C64-d16-L2-H1-m4-ffn32,6,16,0.986328125,True,0.020146440714597702,0.8371316194534302,8.43913745880127,-0.0005258732271613553,0.3695913553237915,0.6943359375,0.0011391793959774077,0.0006133064161986113,32,400,0.990234375,True,True,0,0.29808080196380615,4,0.03337103873491287,0.0146946981549263,64,1,2,adamw,1.157781183719635,0.8224678635597229,2.690498411655426,0.2133808135986328,0.0009440532594453543,0.00017865237896330655,0.470703125,0.0037657355424016714,-1.478464663028717,0.003944388357922435,cell-006-eeb6e1519571,0.017277328297495842,2,100,0.9092183113098145,0.9628730416297913,0.005513968877494335,0.00708956690505147,0.005677643232047558,0.9647166132926941,0.00935022346675396,0.027631402015686035
0.050938524305820465,0.40703675150871277,0.44014766812324524,3.221694827079773,C64-d16-L2-H1-m4-ffn32,6,16,1.0,True,0.0001095466359402053,0.8446983695030212,8.470227241516113,0.00019680649711517617,0.4735301733016968,0.8173828125,-5.4124247981235385e-05,0.00014268232916947454,32,400,1.0,True,True,0,0.38920915126800537,4,0.004320139065384865,6.519311136798933e-05,64,1,2,adamw,1.0826767086982727,1.0945191979408264,3.289323329925537,0.23289888352155685,4.393219751364086e-05,-4.9754751671571285e-05,0.498046875,0.0002804048199323006,-0.8287516981363297,0.00023065003915689886,cell-006-eeb6e1519571,9.954126289812848e-05,2,400,0.959429144859314,1.001906156539917,7.92649298091419e-05,5.125897951074876e-05,6.609894626308233e-05,1.0019469261169434,8.021091343834996e-05,0.00027683377265930176
0.20406239479780197,0.193263940513134,0.19454891234636307,-0.37388166785240173,C64-d16-L2-H1-m4-ffn32,6,16,0.46875,True,0.5379910469055176,0.7997342944145203,13.330070495605469,0.001578473369590938,0.36683911085128784,0.6240234375,0.005652942345477641,0.00723141641356051,32,400,0.478515625,True,True,0,-0.009513476863503456,4,0.08094809204339981,0.014247652143239975,64,1,2,adamw,0.9742698669433594,0.15279262606054544,1.0994597673416138,0.23117896169424057,0.008413392584770918,0.005399077897891402,0.537109375,0.0008310666307806969,-0.16266250610351562,0.006230144528672099,cell-006-eeb6e1519571,0.5347385406494141,3,0,0.0019461286719888449,0.009474845603108406,0.05481705069541931,0.0073739695362746716,0.0018313250038772821,0.008731396868824959,0.9846881031990051,1.0487104654312134
0.07069259881973267,0.2670920193195343,0.5208301842212677,2.729180634021759,C64-d16-L2-H1-m4-ffn32,6,16,0.9921875,True,0.013695364817976952,0.8814429640769958,9.843897819519043,-0.0013918319018557668,0.34383048117160797,0.6650390625,-0.0031752334907650948,-0.004567065043374896,32,400,0.990234375,True,True,0,0.45013758540153503,4,0.014949560165405273,0.006437981501221657,64,1,2,adamw,1.005584716796875,0.6723643317818642,2.1560925245285034,0.22496113181114197,7.867521526350174e-05,-8.681158578838222e-05,0.5283203125,-0.003580690434318967,-1.1730624735355377,-0.0036675019946414977,cell-006-eeb6e1519571,0.01593606546521187,3,50,0.9670726656913757,0.9828912019729614,0.0028903104830533266,0.0079906415194273,0.0028114330489188433,0.9816301465034485,0.007708542048931122,0.021400926634669304
0.06379710976034403,0.24859583377838135,0.5600128322839737,3.383532762527466,C64-d16-L2-H1-m4-ffn32,6,16,1.0,True,0.00020836348994635046,0.8770886659622192,9.646538734436035,-0.0003088231314904988,0.3794472962617874,0.71484375,-0.0007000828918535262,-0.0010089059942401946,32,400,1.0,True,True,0,0.49621570110321045,4,0.004312957637012005,9.215132740791887e-05,64,1,2,adamw,0.9927298426628113,0.7619849443435669,2.346890687942505,0.24047140032052994,1.7546710068927496e-05,7.978401845321059e-05,0.5400390625,-0.0008227577418438159,-0.7464654855430126,-0.000742973748856457,cell-006-eeb6e1519571,0.00020353819127194583,3,100,1.0108354091644287,1.0015935897827148,0.00021100963931530714,0.0002319923514733091,0.00019602302927523851,1.0019440650939941,0.0002473440836183727,0.0008863691473379731
0.06208641594275832,0.25697752833366394,0.556763231754303,3.6570111513137817,C64-d16-L2-H1-m4-ffn32,6,16,1.0,True,2.8185151677462272e-05,0.8727406859397888,9.547019958496094,-3.16778096021153e-05,0.43790608644485474,0.7529296875,-0.00012190203415229917,-0.00015357982556452043,32,400,1.0,True,True,0,0.4946768283843994,4,0.0018172371201217175,8.739695658732671e-06,64,1,2,adamw,0.973299652338028,0.8572204411029816,2.4979093074798584,0.2229943871498108,4.812798067632684e-06,4.861495563091012e-05,0.5498046875,-0.0001787000182957854,-0.6137076504528522,-0.0001300850599363912,cell-006-eeb6e1519571,2.6410751161165535e-05,3,400,0.9754199981689453,0.9999260306358337,1.617955058463849e-05,4.80147491543903e-06,1.1860910490213428e-05,1.0001875162124634,1.67846264957916e-05,4.96265638503246e-05
0.18993563950061798,0.25658781826496124,0.173605278134346,-0.2106337696313858,C64-d16-L2-H1-m4-ffn32,6,16,0.541015625,True,0.7121585607528687,0.8422908782958984,12.968238830566406,-0.01389623573049903,0.2380402907729149,0.45703125,-0.009532671130727977,-0.023428906919434667,32,400,0.5234375,True,True,0,-0.016330372542142868,4,0.21313117444515228,0.08738294243812561,64,1,2,adamw,0.9632617831230164,-0.16955498978495598,0.8135680556297302,0.22808730602264404,0.04763116128742695,-0.01627397257834673,0.521484375,-0.0005626632482744753,-0.1997857615351677,-0.01683663669973612,cell-006-eeb6e1519571,0.6844097375869751,4,0,0.03880047798156738,0.0881945788860321,0.4146234393119812,0.05742950364947319,0.007120966911315918,0.08827769756317139,0.8379851579666138,1.3171591758728027
0.07897615432739258,0.25326884537935257,0.5098026990890503,2.541662275791168,C64-d16-L2-H1-m4-ffn32,6,16,0.990234375,True,0.02623062953352928,0.816182017326355,9.611108779907227,0.0034144039382226765,0.25967778265476227,0.568359375,0.0033756697084754705,0.006790073122829199,32,400,0.9921875,True,True,0,0.4308265745639801,4,0.04152225703001022,0.03576758876442909,64,1,2,adamw,1.093988060951233,0.6935145556926727,2.2001618146896362,0.19954459369182587,0.0002841287641786039,0.0003527036460582167,0.4912109375,0.00585396820679307,-1.2258480191230774,0.006206672289408743,cell-006-eeb6e1519571,0.017528366297483444,4,50,1.0036362409591675,1.0159987211227417,0.011989102698862553,0.010745733976364136,0.003496901597827673,1.0155057907104492,0.01105058379471302,0.037282321602106094
0.06674814177677035,0.23880652338266373,0.5609490871429443,3.8453569412231445,C64-d16-L2-H1-m4-ffn32,6,16,1.0,True,0.000919129466637969,0.793156623840332,9.338445663452148,0.000378509568690788,0.34146566689014435,0.708984375,0.001064862561179325,0.0014433721080422401,32,400,1.0,True,True,0,0.4942009150981903,4,0.005816963501274586,0.0008967845933511853,64,1,2,adamw,1.074449896812439,0.8504033982753754,2.539458155632019,0.2113320231437683,1.668531444920518e-05,0.00032438004564028233,0.5361328125,0.0006635669051320292,-1.1472712457180023,0.0009879469871520996,cell-006-eeb6e1519571,0.0005179618019610643,4,100,0.9913841485977173,0.9986396431922913,0.0010042712092399597,0.00036216701846569777,0.0004095543408766389,0.999447226524353,0.0005658002337440848,0.002341792918741703
0.06280713016167283,0.1718568205833435,0.6397218108177185,4.391686677932739,C64-d16-L2-H1-m4-ffn32,6,16,1.0,True,4.1374103602720425e-05,0.8255658149719238,9.397649765014648,7.566613930976018e-06,0.4313449561595917,0.740234375,6.532884799526073e-05,7.289545283128973e-05,32,400,1.0,True,True,0,0.5769146680831909,4,0.001641937531530857,7.243459549499676e-06,64,1,2,adamw,1.037501871585846,0.9663393944501877,2.7687946557998657,0.23488251864910126,3.407342887840059e-06,0.0001088220888050273,0.548828125,-4.486579382501077e-05,-0.7788516581058502,6.395628770405892e-05,cell-006-eeb6e1519571,4.354333213996142e-05,4,400,0.9900795221328735,0.9996464252471924,4.641872874344699e-05,5.647926627716515e-06,6.09672861173749e-06,0.9996538162231445,3.121387635474093e-05,8.937726670410484e-05
0.1974249631166458,0.20773188397288322,0.19999323040246964,-0.2517852857708931,C64-d16-L2-H1-m4-ffn32,6,16,0.48828125,True,1.253467321395874,0.7840876579284668,12.487133026123047,-0.013103353325277567,0.21160145103931427,0.4296875,-0.037839874625205994,-0.05094322748482227,32,400,0.486328125,True,True,0,0.002568274736404419,4,0.152513325214386,0.05767090618610382,64,1,2,adamw,0.9895443916320801,0.10428445041179657,1.0728435516357422,0.2293771207332611,0.03109896369278431,-0.02706119790673256,0.4970703125,-0.010293985716998577,-0.5884906053543091,-0.03735518269240856,cell-006-eeb6e1519571,1.272263526916504,5,0,0.09642328321933746,0.10150578618049622,1.5230523347854614,0.09197177737951279,0.021331045776605606,0.11044849455356598,0.8117268085479736,2.4480819702148438
0.1347120702266693,0.16711658984422684,0.4287472516298294,1.2228959798812866,C64-d16-L2-H1-m4-ffn32,6,16,0.912109375,True,0.13684633374214172,0.8609504103660583,9.982095718383789,-0.0012193772417958826,0.11464077234268188,0.3125,-0.013437816873192787,-0.01465719472616911,32,400,0.919921875,True,True,0,0.2940351665019989,4,0.10112975537776947,0.035991519689559937,64,1,2,adamw,1.1825379729270935,0.6572307199239731,2.260113835334778,0.20571286976337433,0.0013789686490781605,-0.0002617874415591359,0.4794921875,-0.011051333043724298,-1.8517259359359741,-0.0113131208345294,cell-006-eeb6e1519571,0.12488272786140442,5,50,0.7313379049301147,0.7344602346420288,0.012735296040773392,0.13577133417129517,0.016505196690559387,0.7300866842269897,0.12360718846321106,0.2886190414428711
0.06576613523066044,0.21652615070343018,0.5861754417419434,3.6459522247314453,C64-d16-L2-H1-m4-ffn32,6,16,1.0,True,0.000438057555584237,0.9180769920349121,8.396251678466797,-0.00023346551461145282,0.23874105513095856,0.482421875,-0.0007529521535616368,-0.00098641769727692,32,400,1.0,True,True,0,0.520409345626831,4,0.0045699793845415115,0.00011544974404387176,64,1,2,adamw,1.1340108513832092,0.9341847002506256,2.9622339606285095,0.22462572157382965,1.3975906767882407e-05,-0.00015275205805664882,0.5283203125,-0.0004886937094852328,-1.3166418224573135,-0.0006414458257495426,cell-006-eeb6e1519571,0.0004552289901766926,5,100,0.9665815830230713,1.0038321018218994,0.0007942980155348778,0.0006016922416165471,0.0004713965463452041,1.00270676612854,0.0008710385300219059,0.002738425275310874
0.05916880746372044,0.21050244942307472,0.6119911372661591,4.617023944854736,C64-d16-L2-H1-m4-ffn32,6,16,1.0,True,4.294926475267857e-05,0.9231604337692261,8.338980674743652,-2.3255394808074925e-05,0.3025640845298767,0.560546875,-0.00018648731929715723,-0.0002097426913678646,32,400,1.0,True,True,0,0.5528223514556885,4,0.0018502534367144108,1.2544180208351463e-05,64,1,2,adamw,1.0684289932250977,1.1674776077270508,3.4349344968795776,0.2412700429558754,3.7502583438708825e-06,-4.053241718793288e-05,0.509765625,-9.460065120947547e-05,-0.9217550754547119,-0.00013513307749235537,cell-006-eeb6e1519571,4.406136940815486e-05,5,400,1.0007742643356323,1.0016074180603027,3.232173912692815e-05,7.613941306772176e-06,6.965160537220072e-06,1.0016882419586182,4.129063381697051e-05,8.819147478789091e-05
0.17714115977287292,0.2901485562324524,0.17842797189950943,-0.11499722674489021,C64-d16-L2-H1-m4-ffn32,6,16,0.376953125,True,1.6001324653625488,0.7527734041213989,12.522788047790527,-0.020079861395061016,0.2337290272116661,0.4208984375,-0.01808868069201708,-0.038168543949723244,32,400,0.421875,True,True,0,0.0012868148041889071,4,0.4269270896911621,0.3888263404369354,64,1,2,adamw,0.9641218483448029,0.023475829511880875,0.9663554728031158,0.23094850778579712,0.20519305020570755,-0.02423780132085085,0.48828125,-0.008748763939365745,-0.20869040489196777,-0.03298656735569239,cell-006-eeb6e1519571,1.5688778162002563,6,0,-0.2166995257139206,-0.19641365110874176,1.197921633720398,0.23073473572731018,0.042590945959091187,-0.18824982643127441,1.4521024227142334,2.9233498573303223
0.10667718946933746,0.45408323407173157,0.22588521987199783,0.15504968166351318,C64-d16-L2-H1-m4-ffn32,6,16,0.869140625,True,0.20334000885486603,0.7398646473884583,10.819405555725098,0.00243588286684826,0.2230861335992813,0.4697265625,-0.007676773122511804,-0.00524089066311717,32,400,0.86328125,True,True,0,0.11920804530382156,4,0.20274773240089417,0.10889234393835068,64,1,2,adamw,1.266052484512329,0.27160173654556274,1.6388033628463745,0.2445700466632843,0.0133588882163167,0.004775344743393362,0.5361328125,-0.012548650149255991,-1.6283764243125916,-0.007773305289447308,cell-006-eeb6e1519571,0.21191877126693726,6,50,0.5054489374160767,0.5511266589164734,0.015869472175836563,0.1683013141155243,0.023144733160734177,0.5507922172546387,0.23216606676578522,0.43948161602020264
0.014451570808887482,0.5038056448101997,0.45283965580165386,3.4058345034718513,C64-d16-L2-H1-m4-ffn32,6,16,0.9921875,True,0.01599690318107605,0.8513535857200623,8.725597381591797,-0.000336666613293346,0.262312576174736,0.5361328125,-0.0029987022280693054,-0.0033353679900756106,32,400,0.998046875,True,True,0,0.43838807940483093,4,0.051585420966148376,0.020884117111563683,64,1,2,adamw,1.3662886023521423,0.3518762141466141,2.1580628156661987,0.22807595133781433,0.0005092003921163268,-7.893462316133082e-05,0.54296875,-0.0029427552508423105,-1.3958701491355896,-0.0030216897575883195,cell-006-eeb6e1519571,0.01810201071202755,6,100,1.0307934284210205,1.008137822151184,0.0031694150529801846,0.012637237086892128,0.0011815661564469337,1.0097544193267822,0.012992115691304207,0.029980335384607315
0.0036815153434872627,0.5105754844844341,0.47837997507303953,6.737016797065735,C64-d16-L2-H1-m4-ffn32,6,16,1.0,True,0.00010211414337391034,0.8507506251335144,8.142579078674316,2.8838388971053064e-05,0.3620433509349823,0.6640625,-0.0002191808853240218,-0.00019034246361115947,32,400,1.0,True,True,0,0.4746984839439392,4,0.003422040492296219,9.323506674263626e-05,64,1,2,adamw,1.3148465752601624,0.6259229183197021,3.130861818790436,0.21119855344295502,1.054458380167489e-05,-6.910616502864286e-05,0.4990234375,-0.00011226410788367502,-0.7531646490097046,-0.00018137024744646624,cell-006-eeb6e1519571,0.0001192494310089387,6,400,0.9987843036651611,0.9987549781799316,6.21593208052218e-05,3.572482819436118e-05,1.3063903679721989e-05,0.9992274045944214,7.070119318086654e-05,0.00018164925859309733
0.20175573974847794,0.19492308795452118,0.199809730052948,-0.09339617006480694,C64-d16-L2-H1-m4-ffn32,6,16,0.5234375,True,0.4928102493286133,0.6933339834213257,12.935783386230469,-0.0025379031139891595,0.4088665246963501,0.6640625,-0.0022135619074106216,-0.004751465283334255,32,400,0.541015625,True,True,0,-0.0019460057374089956,4,0.06297484785318375,0.007283445913344622,64,1,2,adamw,0.9735667109489441,-0.2752997428178787,0.7508997917175293,0.21607645601034164,0.002698579104617238,-0.0016041961498558521,0.5,-0.00083049142267555,-0.2946375086903572,-0.002434687747154385,cell-006-eeb6e1519571,0.49126946926116943,7,0,0.04390910267829895,0.043532878160476685,0.06965695321559906,0.009545492008328438,0.0005620709271170199,0.04332464188337326,0.9164562225341797,0.9962207674980164
0.07771626953035593,0.2295093685388565,0.537341833114624,3.1652631759643555,C64-d16-L2-H1-m4-ffn32,6,16,1.0,True,0.002094684401527047,0.8166213631629944,8.695027351379395,0.0010044484806712717,0.2818150222301483,0.5546875,0.0014777191972825676,0.002482167910784483,32,400,0.99609375,True,True,0,0.4596255421638489,4,0.017851989716291428,0.013003932312130928,64,1,2,adamw,1.006259560585022,0.8274728059768677,2.452514946460724,0.2018553465604782,7.026622370176483e-05,-0.00012592559505719692,0.5439453125,0.0010583583207335323,-1.53860691934824,0.0009324324491899461,cell-006-eeb6e1519571,0.007988912053406239,7,50,1.0417373180389404,1.0156502723693848,0.002547930460423231,0.00282016908749938,0.0021356232464313507,1.0136442184448242,0.0032033133320510387,0.010707035660743713
0.0714289010502398,0.26085568219423294,0.5248576104640961,3.766693949699402,C64-d16-L2-H1-m4-ffn32,6,16,0.998046875,True,0.0023490027524530888,0.8183680772781372,8.496983528137207,0.0008336179598700255,0.3439357727766037,0.650390625,0.0004279654094716534,0.0012615830055437982,32,400,0.99609375,True,True,0,0.453428715467453,4,0.00873972475528717,0.008377432823181152,64,1,2,adamw,0.9893845319747925,0.9046227857470512,2.566673159599304,0.20489655435085297,1.822674039431149e-05,-0.00010368138464400545,0.5498046875,-0.0017355070376652293,-1.3913178276270628,-0.0018391886769677512,cell-006-eeb6e1519571,0.00638975016772747,7,100,1.0076525211334229,0.9950483441352844,0.0009562759660184383,0.0026451461017131805,0.0008047711453400552,0.9944952726364136,0.0027068727649748325,0.007113066501915455
0.06897449702955782,0.19043505936861038,0.6026414781808853,4.222097158432007,C64-d16-L2-H1-m4-ffn32,6,16,1.0,True,3.987069794675335e-05,0.833548367023468,8.420817375183105,-1.79460876097437e-05,0.40691423416137695,0.6875,-0.00015432274449267425,-0.00017226882482646033,32,400,1.0,True,True,0,0.5336669683456421,4,0.0017007824499160051,9.137104825640563e-06,64,1,2,adamw,0.9578104615211487,1.0485292673110962,2.8262301683425903,0.1980520561337471,2.54503729024691e-06,-4.086029912286904e-05,0.5390625,-0.00010911200661212206,-0.9784745965152979,-0.00014997229664004408,cell-006-eeb6e1519571,3.989336619270034e-05,7,400,1.0086822509765625,1.0006661415100098,3.682643728097901e-05,3.71881424143794e-06,8.41833752929233e-06,1.0004687309265137,3.141316119581461e-05,8.037675434025005e-05
0.21123746037483215,0.15900592505931854,0.20728173106908798,-0.1484188735485077,C64-d16-L2-H1-m4-ffn32,6,16,0.505859375,True,1.3219223022460938,0.793129563331604,12.73018741607666,0.007630590815097094,0.25800855457782745,0.5,0.02667010063305497,0.0343006900511682,32,400,0.501953125,True,True,0,-0.003955715335905552,4,0.23384758830070496,0.11784803122282028,64,1,2,adamw,1.0808995068073273,0.07331346720457077,1.1831559538841248,0.20846091210842133,0.053384291008114815,0.010962882544845343,0.5048828125,-0.0056309361243620515,-0.2061845138669014,0.005331945139914751,cell-006-eeb6e1519571,1.2797658443450928,8,0,-0.0269165076315403,-0.03711296617984772,1.519792079925537,0.03800529986619949,0.006425861269235611,-0.03662613779306412,1.0898900032043457,2.654113292694092
0.12098636850714684,0.19358070194721222,0.44346022605895996,1.479790061712265,C64-d16-L2-H1-m4-ffn32,6,16,0.955078125,True,0.0741497203707695,0.7895060181617737,10.596047401428223,0.0005858686054125428,0.22099128365516663,0.4619140625,-0.004971017362549901,-0.00438514887355268,32,400,0.962890625,True,True,0,0.3224738836288452,4,0.09273460507392883,0.03894313424825668,64,1,2,adamw,1.1853564977645874,0.675004854798317,2.391997814178467,0.22036035358905792,0.0010340315056964755,-0.0006114004936534911,0.5068359375,-0.0026573246577754617,-1.2516943141818047,-0.003268725471571088,cell-006-eeb6e1519571,0.07071276009082794,8,50,0.7545217275619507,0.8108699321746826,0.01706530526280403,0.07121318578720093,0.012200476601719856,0.8061540126800537,0.07962067425251007,0.18009963631629944
0.07667593844234943,0.2007797658443451,0.569192424416542,3.2585670948028564,C64-d16-L2-H1-m4-ffn32,6,16,0.99609375,True,0.005986408330500126,0.8241440057754517,9.653420448303223,7.68399695516564e-06,0.37017494440078735,0.6923828125,0.00010178258526138961,0.00010946646216325462,32,400,0.998046875,True,True,0,0.4925164580345154,4,0.01182407233864069,0.0015812576748430729,64,1,2,adamw,1.1032918691635132,0.8902593851089478,2.8113847970962524,0.21583354473114014,6.71923189656809e-05,-0.00018097350402968004,0.5185546875,1.57130416482687e-05,-1.0830209031701088,-0.00016526036779396236,cell-006-eeb6e1519571,0.004913968034088612,8,100,0.8749328255653381,0.993723452091217,0.0018493053503334522,0.0015969884116202593,0.0012345868162810802,0.9956375956535339,0.0017849593423306942,0.00646584015339613
0.07198352552950382,0.17917343229055405,0.6048759818077087,3.772714614868164,C64-d16-L2-H1-m4-ffn32,6,16,1.0,True,7.705397729296237e-05,0.804469108581543,9.690142631530762,-7.048501720419154e-05,0.4476352035999298,0.736328125,-2.301401036675088e-05,-9.3499016657006e-05,32,400,1.0,True,True,0,0.5328924655914307,4,0.003372010076418519,2.98657214443665e-05,64,1,2,adamw,1.0437244176864624,1.0160028338432312,3.0162420868873596,0.2139623463153839,1.120542910371114e-05,6.32045394013403e-05,0.5185546875,-0.00013188672892283648,-0.7735445853322744,-6.868219134048559e-05,cell-006-eeb6e1519571,8.048683230299503e-05,8,400,0.9042841196060181,0.9986950159072876,6.918086728546768e-05,1.1679779163387138e-05,2.514633524697274e-05,0.9989124536514282,4.727787381852977e-05,0.00015328485460486263
0.20843403786420822,0.16454584896564484,0.2101520672440529,-0.17394502460956573,C64-d16-L2-H1-m4-ffn32,6,16,0.53515625,True,0.5901500582695007,0.7540311813354492,12.665444374084473,0.006313966820016503,0.39752325415611267,0.6669921875,-0.0018186629749834538,0.004495303495787084,32,400,0.546875,True,True,0,0.0017180268187075853,4,0.11788832396268845,0.02783898636698723,64,1,2,adamw,0.9671748876571655,0.26018694043159485,1.220876693725586,0.23010476678609848,0.015547288581728935,-0.0013710041530430317,0.5029296875,0.0006903359317220747,-0.3251207619905472,-0.0006806673482060432,cell-006-eeb6e1519571,0.5953116416931152,9,0,-0.017886728048324585,-0.004005246330052614,0.22326800227165222,0.01223733276128769,0.004181935917586088,-0.002878183964639902,1.0089466571807861,1.248633861541748
0.10866799205541611,0.179009310901165,0.49498671293258667,1.8330991864204407,C64-d16-L2-H1-m4-ffn32,6,16,0.9765625,True,0.055486489087343216,0.8609554767608643,8.635690689086914,0.0026704499032348394,0.17961737141013145,0.44140625,0.0031614997424185276,0.005831948714330792,32,400,0.974609375,True,True,0,0.38631871342658997,4,0.09192287176847458,0.04378686845302582,64,1,2,adamw,1.0930458307266235,0.9225597977638245,2.643441677093506,0.19099970161914825,0.0012362190755084157,8.068917668424547e-05,0.51171875,0.00395299878437072,-2.0166162252426147,0.004033688106574118,cell-006-eeb6e1519571,0.05169530212879181,9,50,0.8321609497070312,0.8868439197540283,0.012875440530478954,0.050156645476818085,0.006685004569590092,0.8875415921211243,0.04937496781349182,0.11909205466508865
0.08191880118101835,0.18902017176151276,0.5652234554290771,3.1588467061519623,C64-d16-L2-H1-m4-ffn32,6,16,0.998046875,True,0.004797845147550106,0.8454230427742004,8.312361717224121,0.00015689292922616005,0.3464333117008209,0.6484375,0.0007768672658130527,0.0009337601950392127,32,400,1.0,True,True,0,0.4833046495914459,4,0.010704056359827518,0.00837035197764635,64,1,2,adamw,0.9978479743003845,1.182352066040039,3.1865930557250977,0.21714318543672562,2.6854052066482836e-05,-3.791158087551594e-05,0.515625,-1.598542439751327e-06,-1.3792657628655434,-3.9510108763352036e-05,cell-006-eeb6e1519571,0.0005541926948353648,9,100,0.9454470872879028,1.0008223056793213,0.0010783211328089237,0.0022583373356610537,0.0006266249692998827,0.9997971653938293,0.002460491843521595,0.006423775106668472
0.07527995947748423,0.18643822520971298,0.5877219140529633,3.5654372572898865,C64-d16-L2-H1-m4-ffn32,6,16,1.0,True,3.694911356433295e-05,0.7868634462356567,8.424896240234375,-3.0361340577655938e-05,0.39673396944999695,0.6630859375,-0.00013656786177307367,-0.00016692923236405477,32,400,1.0,True,True,0,0.5124419331550598,4,0.0017137933755293489,8.876450010575354e-06,64,1,2,adamw,0.9536596834659576,1.2783353328704834,3.3731677532196045,0.23057448863983154,3.360859750500822e-06,-6.10148927080445e-05,0.5322265625,-5.9548841818468645e-05,-0.6387849785387516,-0.00012056373452651314,cell-006-eeb6e1519571,3.459546496742405e-05,9,400,0.9301375150680542,0.9995614290237427,3.7560006603598595e-05,3.4856343518185895e-06,8.202644494303968e-06,0.999717652797699,2.4129474695655517e-05,7.337775605265051e-05
0.11697829887270927,0.5385273396968842,0.11053775995969772,-0.17201337963342667,C64-d16-L2-H1-m4-ffn32,6,16,0.548828125,True,1.2803442478179932,0.7371771335601807,12.805933952331543,0.005334542918717489,0.2973225340247154,0.529296875,0.008407541550695896,0.013742085080593824,32,400,0.55859375,True,True,0,-0.006440532859414816,4,0.1255403310060501,0.04243282228708267,64,1,2,adamw,1.0607728958129883,-0.3127729743719101,0.7665547430515289,0.24771733582019806,0.016891147941350937,0.010242659598588943,0.515625,0.001850732835009694,-0.32317186146974564,0.012093392666429281,cell-006-eeb6e1519571,1.2812408208847046,10,0,0.038561660796403885,0.03637173771858215,1.7617104053497314,0.02688710018992424,0.0009446725016459823,0.03610531613230705,0.9336035251617432,2.7231459617614746
0.1929541528224945,0.14952558279037476,0.27161194384098053,0.30336565524339676,C64-d16-L2-H1-m4-ffn32,6,16,0.791015625,True,0.28830307722091675,0.7484390735626221,11.51292896270752,-0.004798759473487735,0.14169280976057053,0.3095703125,-0.006563684088177979,-0.011362443678081036,32,400,0.794921875,True,True,0,0.07865777611732483,4,0.08413036167621613,0.015476231463253498,64,1,2,adamw,1.245175063610077,0.5443364381790161,2.086411476135254,0.264204204082489,0.0020082833943888545,-0.0024983457988128066,0.5283203125,-0.002941919199656695,-0.944015622138977,-0.005440264823846519,cell-006-eeb6e1519571,0.2849656343460083,10,50,0.40081602334976196,0.4148792326450348,0.026972852647304535,0.2162260115146637,0.012817495502531528,0.4178338646888733,0.35614410042762756,0.6121604442596436
0.08462785929441452,0.19215177744627,0.5539646446704865,2.639121890068054,C64-d16-L2-H1-m4-ffn32,6,16,1.0,True,0.0016171031165868044,0.8375999331474304,9.379284858703613,0.0005281492485664785,0.25044646114110947,0.603515625,0.0013784412876702845,0.0019065906526520848,32,400,1.0,True,True,0,0.4693368077278137,4,0.016567356884479523,0.0012174900621175766,64,1,2,adamw,1.1360210180282593,0.8140590786933899,2.6336915493011475,0.21522869169712067,0.00022137895757623482,-0.00045416178909363225,0.5576171875,0.0030612361733801663,-1.2968093967065215,0.002607074158731848,cell-006-eeb6e1519571,0.002238661516457796,10,100,0.9618743658065796,0.9870172142982483,0.001414247089996934,0.0016428492963314056,0.0005946401506662369,0.9888010621070862,0.0017277079168707132,0.00537944445386529
0.07259752927348018,0.21712789684534073,0.565079540014267,3.769148349761963,C64-d16-L2-H1-m4-ffn32,6,16,1.0,True,0.00012426669127307832,0.7883461713790894,9.214344024658203,0.00015302232350222766,0.37911495566368103,0.681640625,-0.00022932810679776594,-7.630578329553828e-05,32,400,1.0,True,True,0,0.4924820065498352,4,0.00355269992724061,3.6832683690590784e-05,64,1,2,adamw,1.058376520872116,0.9985059797763824,2.958223819732666,0.24419833719730377,1.5649625211722196e-05,-0.00014270471547206398,0.5673828125,-3.021272277692333e-06,-1.0083254501223564,-0.00014572597137885168,cell-006-eeb6e1519571,0.0001258447446161881,10,400,1.0162436962127686,0.9994297027587891,0.00016268638137262315,3.0488072297885083e-05,4.357449506642297e-05,0.9996303915977478,7.596809882670641e-05,0.000312717049382627
0.21149636059999466,0.1721252202987671,0.19338572025299072,-0.34887614846229553,C64-d16-L2-H1-m4-ffn32,6,16,0.42578125,True,1.0356985330581665,0.6961339712142944,12.324060440063477,-0.015328481793403625,0.259151428937912,0.4677734375,-0.02670605480670929,-0.042034536600112915,32,400,0.421875,True,True,0,-0.018110627308487892,4,0.2960113286972046,0.1834837794303894,64,1,2,adamw,0.8866097927093506,0.11908146739006042,0.9750336110591888,0.2229117602109909,0.07122553139925003,-0.030977778136730194,0.5244140625,0.00020958646200597286,-0.14541256427764893,-0.030768193304538727,cell-006-eeb6e1519571,1.0480520725250244,11,0,-0.07205503433942795,-0.14622721076011658,0.640308678150177,0.13050854206085205,0.02838045544922352,-0.1382332742214203,1.3194050788879395,2.118602752685547
0.0877753458917141,0.18206965923309326,0.5546043068170547,2.3375070095062256,C64-d16-L2-H1-m4-ffn32,6,16,0.98828125,True,0.026060041040182114,0.8650594353675842,8.699836730957031,-0.0005719322361983359,0.19060564786195755,0.37890625,-0.0024458125699311495,-0.0030177446315065026,32,400,0.9921875,True,True,0,0.46682900190353394,4,0.06475859880447388,0.024571578949689865,64,1,2,adamw,1.1229560375213623,0.7148326635360718,2.2083927392959595,0.21374006569385529,0.0018326597346458584,0.0015599611797370017,0.5224609375,0.0035155483055859804,-1.5301752388477325,0.005075509659945965,cell-006-eeb6e1519571,0.020105963572859764,11,50,1.0025970935821533,0.958740770816803,0.005662659183144569,0.015273798257112503,0.0036616073921322823,0.9592503309249878,0.014699595049023628,0.03929765895009041
0.07289001159369946,0.16382569074630737,0.6175042688846588,3.2298872470855713,C64-d16-L2-H1-m4-ffn32,6,16,1.0,True,0.0008851501042954624,0.7814589738845825,8.44430160522461,0.0008783519733697176,0.32879772782325745,0.57421875,0.00040048470691544935,0.0012788364838343114,32,400,1.0,True,True,0,0.5446142554283142,4,0.010592375881969929,0.0006906212074682117,64,1,2,adamw,1.0375686287879944,0.8965956568717957,2.4484496116638184,0.1775960475206375,7.015768551354995e-05,0.0003475221019471064,0.4677734375,0.00018636107779457234,-1.4985783398151398,0.0005338831397239119,cell-006-eeb6e1519571,0.0006528759258799255,11,100,1.0470268726348877,0.9982423782348633,0.0005171169759705663,0.00029726186767220497,0.0002618449798319489,0.9990725517272949,0.0004065208195243031,0.0014827447012066841
0.06991621851921082,0.161856509745121,0.6283948719501495,3.6991806030273438,C64-d16-L2-H1-m4-ffn32,6,16,1.0,True,6.193773151608184e-05,0.8173493146896362,8.592659950256348,0.00012251806947460864,0.4438783526420593,0.712890625,-6.012943049427122e-05,6.23886298853904e-05,32,400,1.0,True,True,0,0.558478593826294,4,0.0026730787940323353,1.919389615068212e-05,64,1,2,adamw,0.992120623588562,0.9897136688232422,2.5675318241119385,0.2040300965309143,7.007035492279101e-06,0.0002807401560858125,0.5087890625,-0.000140978512717993,-1.082144170999527,0.00013976162881590426,cell-006-eeb6e1519571,6.06766770943068e-05,11,400,1.050729513168335,0.9988617300987244,3.2855594326974824e-05,1.1122030628030188e-05,1.3024028703512158e-05,0.9989489316940308,3.554094291757792e-05,9.254259202862158e-05
0.19156290590763092,0.24127806723117828,0.18403321504592896,-0.17969316244125366,C64-d16-L2-H1-m4-ffnnone,2,16,0.619140625,True,0.507071316242218,0.7827251553535461,12.606853485107422,,,,,,,400,0.607421875,True,True,0,-0.0075296820141375065,4,0.13848018646240234,0.041302669793367386,64,1,2,adamw,1.060458242893219,0.026755481958389282,1.1718259155750275,0.22625616192817688,0.012064346112310886,0.0017827007686719298,0.5205078125,0.004182283068075776,-0.37734154611825943,0.005964984185993671,cell-002-485eaf8ffa27,0.5138967037200928,0,0,0.1136079877614975,0.12514835596084595,0.1870841234922409,0.09298273921012878,0.009647812694311142,0.12167425453662872,0.7797828316688538,1.0694975852966309
0.1741567924618721,0.21185006946325302,0.2656795457005501,0.38622500002384186,C64-d16-L2-H1-m4-ffnnone,2,16,0.78125,True,0.2951071262359619,0.79156893491745,10.212997436523438,,,,,,,400,0.80078125,True,True,0,0.09152274578809738,4,0.07897500693798065,0.017295151948928833,64,1,2,adamw,1.251493513584137,0.41363179311156273,1.8771355748176575,0.26949310302734375,0.0025355253601446748,-3.7307851016521454e-05,0.525390625,-0.0015608660178259015,-0.9019923806190491,-0.0015981734031811357,cell-002-485eaf8ffa27,0.2882523536682129,0,50,0.35384973883628845,0.3756735324859619,0.017124507576227188,0.16534900665283203,0.006297002546489239,0.36947011947631836,0.4107336401939392,0.5995041728019714
0.06863619014620781,0.17909517511725426,0.6149962395429611,3.5016658306121826,C64-d16-L2-H1-m4-ffnnone,2,16,0.9921875,True,0.010740842670202255,0.8633315563201904,7.936716079711914,,,,,,,400,0.99609375,True,True,0,0.5463600754737854,4,0.02188389003276825,0.008963772095739841,64,1,2,adamw,1.161112129688263,0.6223518918268383,2.427830934524536,0.23139351606369019,0.0005020204462198308,0.00038183470314834267,0.521484375,0.00017164915334433317,-1.1103806644678116,0.0005534844967769459,cell-002-485eaf8ffa27,0.00677069928497076,0,100,0.9836134314537048,1.0051852464675903,0.0032074283808469772,0.0022641480900347233,0.0021282401867210865,1.0066170692443848,0.0026915231719613075,0.01029133889824152
0.06382472347468138,0.15903572738170624,0.6494901329278946,4.300760507583618,C64-d16-L2-H1-m4-ffnnone,2,16,1.0,True,9.21618047868833e-05,0.8440189361572266,7.986788749694824,,,,,,,400,1.0,True,True,0,0.5856654047966003,4,0.0031864456832408905,4.367156361695379e-05,64,1,2,adamw,1.0913890600204468,0.9726682752370834,3.1196558475494385,0.2524527832865715,1.6804016013338696e-05,4.0845365219865926e-05,0.5361328125,-0.00014017572539160028,-0.5083499252796173,-9.933037654263899e-05,cell-002-485eaf8ffa27,7.729997741989791e-05,0,400,1.021000862121582,0.9996671676635742,3.4423723263898864e-05,1.4652447134722024e-05,2.4914825189625844e-05,0.9995898008346558,7.851565896999091e-05,0.00015250666183419526
0.19492779672145844,0.237502321600914,0.17771431803703308,-0.27736665308475494,C64-d16-L2-H1-m4-ffnnone,2,16,0.5625,False,1.412938117980957,0.7179318070411682,13.410542488098145,,,,,,,400,0.55859375,False,True,0,-0.01721348986029625,4,0.2610073685646057,0.16874352097511292,64,1,2,adamw,1.0303504168987274,-0.05244629830121994,0.9534640610218048,0.22562932968139648,0.07452291995286942,0.004113778471946716,0.5029296875,0.009457169100642204,-0.3816845566034317,0.01357094757258892,cell-002-485eaf8ffa27,1.4437240362167358,1,0,0.17481321096420288,0.12592141330242157,2.1144204139709473,0.15821106731891632,0.012698246166110039,0.12403568625450134,0.7951874732971191,3.080517053604126
0.11224332079291344,0.3652354031801224,0.2980346456170082,0.645963042974472,C64-d16-L2-H1-m4-ffnnone,2,16,0.927734375,False,0.1299450695514679,0.8655141592025757,9.164295196533203,,,,,,,400,0.916015625,False,True,0,0.18579131364822388,4,0.12408120185136795,0.03782983869314194,64,1,2,adamw,1.1224663257598877,0.54744853079319,2.1364262104034424,0.2107733190059662,0.0012072397221345454,0.00010215201473329216,0.4833984375,-0.0028057503805030137,-1.5663975924253464,-0.0027035981765948236,cell-002-485eaf8ffa27,0.13740235567092896,1,50,0.7702982425689697,0.7746900320053101,0.016010325402021408,0.12618735432624817,0.0037431144155561924,0.7749707698822021,0.114938884973526,0.26087966561317444
0.06141131091862917,0.33320240676403046,0.48256370425224304,2.892602026462555,C64-d16-L2-H1-m4-ffnnone,2,16,1.0,False,0.002666076412424445,0.8748490214347839,7.963429927825928,,,,,,,400,1.0,False,True,0,0.42115238308906555,4,0.01663438230752945,0.001282566343434155,64,1,2,adamw,1.117249846458435,0.9673353433609009,3.1413108110427856,0.21925818920135498,0.00010282847506459802,-7.57570524001494e-05,0.4951171875,-0.0007213751669041812,-1.8296854794025421,-0.0007971322047524154,cell-002-485eaf8ffa27,0.002851557917892933,1,100,1.0086092948913574,0.9985377192497253,0.0019394612172618508,0.0028472377452999353,0.0007116650813259184,0.9965052604675293,0.0033066212199628353,0.0088049853220582
0.05585071071982384,0.357359915971756,0.4750879630446434,4.202964901924133,C64-d16-L2-H1-m4-ffnnone,2,16,1.0,False,0.0006771530024707317,0.8869428634643555,8.441539764404297,,,,,,,400,0.998046875,False,True,0,0.41923725605010986,4,0.007669094949960709,0.0060714674182236195,64,1,2,adamw,1.127468228340149,1.2448074221611023,4.1179139614105225,0.22138050198554993,1.631986538086494e-05,-0.0002670437243068591,0.494140625,-0.0013312521914485842,-1.1725792437791824,-0.0015982958720996976,cell-002-485eaf8ffa27,0.004276826046407223,1,400,1.0354852676391602,0.9933464527130127,0.0013137785717844963,0.000771230726968497,0.0006952410913072526,0.994943380355835,0.001515862881205976,0.004296113736927509
0.19001426547765732,0.23371464014053345,0.19624259322881699,-0.07604557555168867,C64-d16-L2-H1-m4-ffnnone,2,16,0.4609375,True,1.3366692066192627,0.7305974960327148,12.932114601135254,,,,,,,400,0.46484375,True,True,0,0.006228339858353138,4,0.14090994000434875,0.03799108415842056,64,1,2,adamw,0.9179498851299286,-0.21174097806215286,0.748261034488678,0.209476076066494,0.018669113516807556,-0.021247624419629574,0.482421875,-0.004913568962365389,-0.36248378455638885,-0.0261611919850111,cell-002-485eaf8ffa27,1.3170522451400757,2,0,-0.044553011655807495,-0.08274202048778534,1.3160145282745361,0.037350237369537354,0.0032497229985892773,-0.08447641134262085,1.184577465057373,2.541192054748535
0.0918731763958931,0.38968637585639954,0.33469413220882416,1.4065370559692383,C64-d16-L2-H1-m4-ffnnone,2,16,0.912109375,True,0.17120806872844696,0.8142663240432739,10.466208457946777,,,,,,,400,0.916015625,True,True,0,0.24282093346118927,4,0.14747002720832825,0.05969371274113655,64,1,2,adamw,1.1196868419647217,0.17534208297729492,1.3504236340522766,0.23739725351333618,0.004579060478135943,0.0008407263085246086,0.5,-0.0025739558041095734,-1.6665862798690796,-0.0017332290299236774,cell-002-485eaf8ffa27,0.16250985860824585,2,50,0.6765550374984741,0.7027144432067871,0.041582703590393066,0.12779991328716278,0.011897390708327293,0.7060214281082153,0.12854865193367004,0.30982863903045654
0.026578929275274277,0.31284406781196594,0.6074191331863403,3.8860647678375244,C64-d16-L2-H1-m4-ffnnone,2,16,0.998046875,True,0.005581835750490427,0.8758847713470459,9.65340805053711,,,,,,,400,0.998046875,True,True,0,0.5808402299880981,4,0.018247030675411224,0.0033496799878776073,64,1,2,adamw,0.9749225974082947,0.7241113185882568,2.1949493288993835,0.24004390090703964,0.0001225346713908948,0.0002870895914384164,0.48046875,0.00016994231555145234,-1.4727756977081299,0.00045703176874667406,cell-002-485eaf8ffa27,0.004701562225818634,2,100,1.006232738494873,1.0034668445587158,0.0017882001120597124,0.0025433192495256662,0.000922488747164607,1.002440333366394,0.0024009565822780132,0.007654964458197355
0.021374613977968693,0.2816181480884552,0.6542580425739288,4.378538608551025,C64-d16-L2-H1-m4-ffnnone,2,16,1.0,True,7.670460036024451e-05,0.8743806481361389,9.533681869506836,,,,,,,400,1.0,True,True,0,0.6328834295272827,4,0.0038165398873388767,5.758495535701513e-05,64,1,2,adamw,0.9106213450431824,0.990919679403305,2.7005594968795776,0.25774307548999786,1.153144921772764e-05,0.0001384710139973322,0.501953125,-0.00038644790765829384,-1.1689778566360474,-0.00024797689184197225,cell-002-485eaf8ffa27,7.514090975746512e-05,2,400,1.0101826190948486,0.9993536472320557,6.286229472607374e-05,3.0620059987995774e-05,1.836185037973337e-05,0.9994807839393616,3.705691051436588e-05,0.00014890110469423234
0.2242106944322586,0.09711463376879692,0.23025330901145935,-0.09020299278199673,C64-d16-L2-H1-m4-ffnnone,2,16,0.63671875,True,0.718813419342041,0.6883110404014587,13.002161026000977,,,,,,,400,0.65625,True,True,0,0.006042622495442629,4,0.29700034856796265,0.15457427501678467,64,1,2,adamw,0.8880262076854706,-0.03926396742463112,0.8367869853973389,0.1962474063038826,0.07176477462053299,-0.01964642491657287,0.4453125,0.0013481065689120442,-0.4634140133857727,-0.01829831686336547,cell-002-485eaf8ffa27,0.6985907554626465,3,0,0.17141255736351013,0.3491666913032532,0.4523010849952698,0.6057766675949097,0.01741398125886917,0.35008925199508667,0.4811123013496399,1.556604027748108
0.10043682903051376,0.18735432624816895,0.5113351941108704,1.9006243348121643,C64-d16-L2-H1-m4-ffnnone,2,16,0.982421875,True,0.04942440241575241,0.9161022305488586,7.796020984649658,,,,,,,400,0.98046875,True,True,0,0.410898357629776,4,0.10109331458806992,0.03425925597548485,64,1,2,adamw,0.9582464098930359,0.6179139614105225,1.7624740600585938,0.2245103344321251,0.0008358758350368589,-0.0021374025964178145,0.55859375,-0.0007206042064353824,-1.881043255329132,-0.0028580068610608578,cell-002-485eaf8ffa27,0.05176503583788872,3,50,0.9378609657287598,0.9317305684089661,0.010225985199213028,0.048194095492362976,0.0032869649585336447,0.9303968548774719,0.045454494655132294,0.10716153681278229
0.0648663779720664,0.17650427296757698,0.6288965940475464,3.653097927570343,C64-d16-L2-H1-m4-ffnnone,2,16,1.0,True,0.0025379760190844536,0.9260850548744202,7.708126544952393,,,,,,,400,1.0,True,True,0,0.5640301704406738,4,0.01876140385866165,0.0016230903565883636,64,1,2,adamw,0.9900829195976257,1.0357665419578552,2.661564588546753,0.20696049183607101,0.0003301576871308498,0.0006740924727637321,0.513671875,0.0007955618712003343,-2.098104476928711,0.0014696542639285326,cell-002-485eaf8ffa27,0.002530800411477685,3,100,1.0217442512512207,1.0007365942001343,0.0006316904909908772,0.0011135764652863145,0.0003365248558111489,1.0013360977172852,0.0015600917395204306,0.0036418833769857883
0.05908246943727136,0.19126746244728565,0.6314851641654968,4.412787854671478,C64-d16-L2-H1-m4-ffnnone,2,16,1.0,True,0.00013454319559969008,0.9262653589248657,7.713262557983398,,,,,,,400,1.0,True,True,0,0.5724026560783386,4,0.004168875515460968,6.966145156184211e-05,64,1,2,adamw,0.9907938838005066,1.2396878004074097,3.2602288722991943,0.2180582731962204,4.197497517566262e-05,0.0003106385756836971,0.533203125,2.6509063900448382e-05,-1.8554336428642273,0.00033714761229930446,cell-002-485eaf8ffa27,0.00014563603326678276,3,400,1.0297389030456543,0.9986820816993713,2.507252611394506e-05,5.281991616357118e-05,2.438894625811372e-05,0.9987908601760864,8.864700066624209e-05,0.00019092838920187205
0.18254820257425308,0.2734474316239357,0.17890796810388565,-0.15877902507781982,C64-d16-L2-H1-m4-ffnnone,2,16,0.58203125,True,0.5488197803497314,0.7894225120544434,12.433082580566406,,,,,,,400,0.576171875,True,True,0,-0.0036402400583028793,4,0.12131208181381226,0.028337746858596802,64,1,2,adamw,0.9951697885990143,-0.0252742450684309,0.9438427090644836,0.2298443242907524,0.016369969584047794,0.007658170303329825,0.505859375,0.0038190765772014856,-0.21765955165028572,0.011477246880531311,cell-002-485eaf8ffa27,0.5403636693954468,4,0,0.09126035869121552,0.09872232377529144,0.2162085920572281,0.05215918645262718,0.002832855563610792,0.09788087755441666,0.8191752433776855,1.0903757810592651
0.0745173767209053,0.2972005605697632,0.4792473018169403,2.691974401473999,C64-d16-L2-H1-m4-ffnnone,2,16,0.994140625,True,0.02071481943130493,0.8647397756576538,9.249679565429688,,,,,,,400,0.990234375,True,True,0,0.4047299325466156,4,0.054069407284259796,0.0343245230615139,64,1,2,adamw,0.9881438910961151,0.9794052541255951,2.6516307592391968,0.23101971298456192,0.0006239271606318653,-0.0007804700871929526,0.521484375,-0.0013145536067895591,-1.4977692663669586,-0.0020950231701135635,cell-002-485eaf8ffa27,0.017568903043866158,4,50,0.9181376695632935,0.9385004043579102,0.006152184214442968,0.010787581093609333,0.005778993479907513,0.9411436319351196,0.011641768738627434,0.034360527992248535
0.06725810095667839,0.2296677529811859,0.568557932972908,3.7314417362213135,C64-d16-L2-H1-m4-ffnnone,2,16,1.0,True,0.0004900374333374202,0.820679783821106,9.029821395874023,,,,,,,400,1.0,True,True,0,0.5012997984886169,4,0.009280789643526077,0.00037599922507070005,64,1,2,adamw,0.9753249883651733,1.258162796497345,3.3988975286483765,0.25455930829048157,6.128430504759308e-05,-4.9306603614240885e-05,0.544921875,-0.0005613719549728557,-1.0242144092917442,-0.0006106786313466728,cell-002-485eaf8ffa27,0.0004365807690192014,4,100,0.9652502536773682,0.9914283156394958,0.0014087583404034376,0.0019643916748464108,0.002185291377827525,0.9924456477165222,0.001682588830590248,0.007241030223667622
0.05386196495965123,0.2215142659842968,0.616899847984314,4.5766918659210205,C64-d16-L2-H1-m4-ffnnone,2,16,1.0,True,7.860217010602355e-05,0.8743988275527954,9.240166664123535,,,,,,,400,1.0,True,True,0,0.5630378723144531,4,0.0025760233402252197,3.4116186725441366e-05,64,1,2,adamw,0.9960838854312897,1.4413692355155945,4.133762836456299,0.27911777794361115,9.808047252590768e-06,5.9876309023820795e-05,0.5615234375,-0.0003416579857002944,-0.5001923777163029,-0.00028178166394354776,cell-002-485eaf8ffa27,8.327423711307347e-05,4,400,1.0408363342285156,0.9992676973342896,6.267565913731232e-05,1.5634319424862042e-05,1.677822911005933e-05,0.9993324279785156,5.384595351642929e-05,0.0001489341666456312
0.21498944610357285,0.1524089202284813,0.20262275636196136,-0.25607869774103165,C64-d16-L2-H1-m4-ffnnone,2,16,0.572265625,True,0.5681494474411011,0.7333834767341614,12.655357360839844,,,,,,,400,0.537109375,True,True,0,-0.012366692535579205,4,0.12265613675117493,0.026480985805392265,64,1,2,adamw,1.011279284954071,-0.19625204056501389,0.8398306965827942,0.2413903772830963,0.010610324796289206,0.011418315581977367,0.525390625,-0.0008122885774355382,-0.3280477374792099,0.010606026742607355,cell-002-485eaf8ffa27,0.5727845430374146,5,0,0.07854215800762177,0.07109984755516052,0.2766382396221161,0.03245716542005539,0.003522027749568224,0.07154759019613266,0.8656115531921387,1.1782288551330566
0.06196650303900242,0.3176337629556656,0.496466726064682,2.4976589679718018,C64-d16-L2-H1-m4-ffnnone,2,16,0.9921875,True,0.021209312602877617,0.8564798831939697,8.793147087097168,,,,,,,400,0.9921875,True,True,0,0.43450024724006653,4,0.038699567317962646,0.008540239185094833,64,1,2,adamw,1.144355595111847,0.6584677398204803,2.1365293860435486,0.23320989310741425,0.00041088569560088217,-0.000840786611661315,0.5048828125,0.002409450535196811,-1.4467072188854218,0.0015686638071201742,cell-002-485eaf8ffa27,0.019104525446891785,5,50,1.0069546699523926,0.9559162259101868,0.006133216433227062,0.01738535799086094,0.0037726275622844696,0.9583181142807007,0.014252507127821445,0.04154370725154877
0.05043291300535202,0.2657010108232498,0.5830002874135971,3.7109317779541016,C64-d16-L2-H1-m4-ffnnone,2,16,1.0,True,0.0005122108850628138,0.8800138235092163,8.580108642578125,,,,,,,400,1.0,True,True,0,0.5325673818588257,4,0.007285918574780226,0.00017249460506718606,64,1,2,adamw,1.067422091960907,1.0634387731552124,2.9915281534194946,0.24594810605049133,5.3102884066902334e-05,-0.0002194374828832224,0.5107421875,0.00022900559997651726,-1.0833770334720612,9.568146197125316e-06,cell-002-485eaf8ffa27,0.0005167943891137838,5,100,1.0773487091064453,0.9960752129554749,0.0005676039727404714,0.0002899725513998419,0.0003289379528723657,0.9956377744674683,0.0004023697692900896,0.001588884275406599
0.04638409148901701,0.22147145867347717,0.6393762528896332,4.507324934005737,C64-d16-L2-H1-m4-ffnnone,2,16,1.0,True,0.00037903498741798103,0.8321673274040222,8.562182426452637,,,,,,,400,1.0,True,True,0,0.5929921865463257,4,0.0026105036959052086,4.1405564843444154e-05,64,1,2,adamw,1.0002077221870422,1.3064935207366943,3.571870446205139,0.2490803375840187,6.837634941803117e-06,-1.7349822883261368e-05,0.5185546875,0.00025079814076889306,-0.7952224910259247,0.0002334483142476529,cell-002-485eaf8ffa27,0.000508809054736048,5,400,1.0489345788955688,1.000544548034668,0.000173958542291075,0.00014161111903376877,0.0001593102642800659,1.0013049840927124,0.00018676428589969873,0.0006616441532969475
0.15377917885780334,0.39748354256153107,0.1411789208650589,-0.17916760593652725,C64-d16-L2-H1-m4-ffnnone,2,16,0.486328125,True,0.5860059857368469,0.7540609836578369,12.653124809265137,,,,,,,400,0.482421875,True,True,0,-0.012600265443325043,4,0.0826771929860115,0.013321555219590664,64,1,2,adamw,0.9095871448516846,-0.035727906972169876,0.8618578016757965,0.24415698647499084,0.006419843761250377,-0.0011593566741794348,0.498046875,0.0022696434753015637,-0.3226441442966461,0.0011102866847068071,cell-002-485eaf8ffa27,0.5827548503875732,6,0,0.04297657310962677,0.03164777159690857,0.16407468914985657,0.015054060146212578,0.0014091504272073507,0.03382325544953346,0.9357672929763794,1.1163052320480347
0.06073548272252083,0.273857481777668,0.5439360737800598,2.7388641834259033,C64-d16-L2-H1-m4-ffnnone,2,16,0.9921875,True,0.031229272484779358,0.8225109577178955,8.743573188781738,,,,,,,400,0.994140625,True,True,0,0.4832006096839905,4,0.07094542682170868,0.01946612447500229,64,1,2,adamw,0.9700086414813995,0.4320515990257263,1.487113118171692,0.26176975667476654,0.0023085945285856724,-0.0009304133709520102,0.5419921875,0.0006445444887503982,-1.291367530822754,-0.0002858685329556465,cell-002-485eaf8ffa27,0.027498021721839905,6,50,0.9466252326965332,0.9321763515472412,0.010202540084719658,0.02643112652003765,0.005449289456009865,0.9317991137504578,0.022226016968488693,0.06430897116661072
0.044857784640043974,0.23753684759140015,0.6278898119926453,4.1486287117004395,C64-d16-L2-H1-m4-ffnnone,2,16,0.9921875,True,0.009557529352605343,0.8591467142105103,8.752732276916504,,,,,,,400,0.998046875,True,True,0,0.5830320119857788,4,0.01850215345621109,0.012957320548593998,64,1,2,adamw,0.9213233590126038,1.0101289749145508,2.4708300828933716,0.26092545688152313,0.00021703375023207627,0.00027254008455201983,0.548828125,-0.0014974463265389204,-1.0172986388206482,-0.0012249060964677483,cell-002-485eaf8ffa27,0.002673571463674307,6,100,0.9435392618179321,0.9903393983840942,0.0020030573941767216,0.002045979257673025,0.0019292281940579414,0.9901032447814941,0.0021619899198412895,0.008140255697071552
0.039542179787531495,0.23969599604606628,0.6416774690151215,4.757669687271118,C64-d16-L2-H1-m4-ffnnone,2,16,1.0,True,6.242864765226841e-05,0.8191156983375549,8.870621681213379,,,,,,,400,1.0,True,True,0,0.6021353006362915,4,0.0026987206656485796,2.1508063582587056e-05,64,1,2,adamw,0.87077796459198,1.3026756644248962,3.120216131210327,0.2783612012863159,8.948048730417213e-06,-4.5473003410734236e-05,0.5458984375,-0.00011877339056809433,-1.0575253367424011,-0.00016424639761680737,cell-002-485eaf8ffa27,6.027222116244957e-05,6,400,0.9714972972869873,1.0008015632629395,3.899465809809044e-05,3.223890234949067e-05,1.4869237020320725e-05,1.000714659690857,3.670222213258967e-05,0.00012280502414796501
0.2159160003066063,0.1467975489795208,0.20545446872711182,-0.17657793313264847,C64-d16-L2-H1-m4-ffnnone,2,16,0.373046875,True,0.9967728853225708,0.727695107460022,12.656709671020508,,,,,,,400,0.369140625,True,True,0,-0.010461535304784775,4,0.15689139068126678,0.050211455672979355,64,1,2,adamw,0.9153875112533569,0.15668387711048126,1.0382689237594604,0.24842790514230728,0.015952627174556255,-0.005358345340937376,0.5068359375,0.003625054901931435,-0.4171987622976303,-0.0017332902643829584,cell-002-485eaf8ffa27,1.0129306316375732,7,0,-0.20869995653629303,-0.23428556323051453,0.256758451461792,0.2565406560897827,0.013354157097637653,-0.22874310612678528,1.5276005268096924,2.0542538166046143
0.12346378341317177,0.3375089168548584,0.2920997142791748,0.9061700701713562,C64-d16-L2-H1-m4-ffnnone,2,16,0.8515625,True,0.21253050863742828,0.8012452125549316,9.62085247039795,,,,,,,400,0.85546875,True,True,0,0.16863593459129333,4,0.12221906334161758,0.0397600382566452,64,1,2,adamw,1.1609690487384796,0.6546151340007782,2.1517364978790283,0.21104690432548523,0.0029054353944957256,0.0011850051814690232,0.4697265625,0.003592409804696217,-1.7901117205619812,0.004777415655553341,cell-002-485eaf8ffa27,0.19997818768024445,7,50,0.6253470182418823,0.6298754215240479,0.019957689568400383,0.18196728825569153,0.011298980563879013,0.628939151763916,0.1825699508190155,0.3957939147949219
0.059561533853411674,0.25284235179424286,0.5684730410575867,3.867094039916992,C64-d16-L2-H1-m4-ffnnone,2,16,1.0,True,0.000650225265417248,0.8761137127876282,8.447600364685059,,,,,,,400,1.0,True,True,0,0.5089114904403687,4,0.005020428914576769,0.00015582569176331162,64,1,2,adamw,1.0876807570457458,1.2462680041790009,3.652706265449524,0.17431850731372833,1.1249581120864605e-05,0.0001684171784290811,0.4365234375,-0.0003409019409446046,-1.4186094254255295,-0.0001724847279547248,cell-002-485eaf8ffa27,0.0006414266536012292,7,100,1.0101410150527954,1.0034902095794678,0.0009272940224036574,0.0009468795615248382,0.0006861939327791333,1.0027750730514526,0.0011015809141099453,0.003661948489025235
0.061839135363698006,0.21440650522708893,0.6000760793685913,4.220928311347961,C64-d16-L2-H1-m4-ffnnone,2,16,1.0,True,4.9339698307449e-05,0.869316816329956,8.418187141418457,,,,,,,400,1.0,True,True,0,0.5382369756698608,4,0.0017048767767846584,7.865030056564137e-06,64,1,2,adamw,1.058257520198822,1.406342625617981,4.1548542976379395,0.20373877882957458,2.540783967219795e-06,4.708450342150172e-05,0.4755859375,-0.00013043162471149117,-0.8224735856056213,-8.334710400959011e-05,cell-002-485eaf8ffa27,4.8124165914487094e-05,7,400,0.993994951248169,0.9998779892921448,3.104345523752272e-05,6.468263563874643e-06,7.174558959377464e-06,0.9997895956039429,4.420842742547393e-05,8.889470336725935e-05
0.19136789441108704,0.245389424264431,0.1805068850517273,-0.28644248843193054,C64-d16-L2-H1-m4-ffnnone,2,16,0.470703125,True,0.6173826456069946,0.780415415763855,12.240180015563965,,,,,,,400,0.453125,True,True,0,-0.01086101308465004,4,0.15421512722969055,0.04779263585805893,64,1,2,adamw,1.0232223868370056,0.1624610275030136,1.1714109182357788,0.23111464083194733,0.020304116886109114,0.00418114522472024,0.5283203125,0.0029800754273310304,-0.2654411271214485,0.00716122065205127,cell-002-485eaf8ffa27,0.6223034262657166,8,0,-0.0058074891567230225,-0.025751754641532898,0.1685321182012558,0.021316174417734146,0.005410290323197842,-0.027887975797057152,1.0614145994186401,1.2566730976104736
0.05117016099393368,0.3094957694411278,0.5369937717914581,2.996534824371338,C64-d16-L2-H1-m4-ffnnone,2,16,0.98828125,True,0.033329617232084274,0.8259453773498535,9.666653633117676,,,,,,,400,0.986328125,True,True,0,0.4858236014842987,4,0.0768054872751236,0.04147888720035553,64,1,2,adamw,1.1584669947624207,0.49148088693618774,1.9295127391815186,0.2594893053174019,0.0031080612679943442,0.0023046996793709695,0.5126953125,0.0002725921804085374,-1.0022416710853577,0.002577291801571846,cell-002-485eaf8ffa27,0.03806012123823166,8,50,0.8920818567276001,0.922709584236145,0.012162955477833748,0.026451706886291504,0.009231739677488804,0.9176137447357178,0.02593403123319149,0.07378043234348297
0.019249609671533108,0.27252311259508133,0.6697280704975128,4.948479175567627,C64-d16-L2-H1-m4-ffnnone,2,16,1.0,True,0.00043021945748478174,0.8035480976104736,9.51470947265625,,,,,,,400,1.0,True,True,0,0.6504784822463989,4,0.005910864099860191,0.0001760150189511478,64,1,2,adamw,1.0800398588180542,0.9456707537174225,3.012588679790497,0.28657135367393494,9.468211010243976e-05,0.00015112724213395268,0.5498046875,-0.0009897316922433674,-0.819330096244812,-0.0008386044937651604,cell-002-485eaf8ffa27,0.00039733745506964624,8,100,0.9582138061523438,0.9980645179748535,0.0006217726040631533,0.0003319364332128316,0.00041969335870817304,0.9967293739318848,0.0005958874244242907,0.001969289733096957
0.01621962944045663,0.17095771431922913,0.7803833782672882,5.7046167850494385,C64-d16-L2-H1-m4-ffnnone,2,16,1.0,True,6.770403706468642e-05,0.8231989145278931,9.723454475402832,,,,,,,400,1.0,True,True,0,0.7641637921333313,4,0.0020503848791122437,2.7421850973041728e-05,64,1,2,adamw,1.127275824546814,1.1910442411899567,4.029807806015015,0.29957789182662964,7.341158948293014e-06,3.446824939601356e-05,0.5615234375,8.406078995903954e-05,-0.7372962236404419,0.0001185290384455584,cell-002-485eaf8ffa27,5.8171375712845474e-05,8,400,0.9704920053482056,1.0004618167877197,5.823304672958329e-05,1.8334474589210004e-05,2.6419929781695828e-05,1.0003067255020142,6.925810885149986e-05,0.00017224557814188302
0.18030468374490738,0.28862299025058746,0.170462965965271,-0.23903993517160416,C64-d16-L2-H1-m4-ffnnone,2,16,0.63671875,True,0.48359575867652893,0.8320221900939941,12.80843734741211,,,,,,,400,0.6484375,True,True,0,-0.009841716848313808,4,0.14852529764175415,0.043038830161094666,64,1,2,adamw,0.9977526366710663,0.10548289492726326,1.0793107151985168,0.2323366403579712,0.013703057076781988,-0.007762109977193177,0.4931640625,0.0007122759707272053,-0.4439547657966614,-0.007049834239296615,cell-002-485eaf8ffa27,0.4884580969810486,9,0,0.13294434547424316,0.171513631939888,0.2011207789182663,0.11068986356258392,0.005805449094623327,0.17184454202651978,0.693976879119873,1.011592984199524
0.06494342721998692,0.42891131341457367,0.37625840306282043,2.171995997428894,C64-d16-L2-H1-m4-ffnnone,2,16,0.974609375,True,0.05239726975560188,0.8177560567855835,9.783388137817383,,,,,,,400,0.970703125,True,True,0,0.31131500005722046,4,0.12483885884284973,0.05542478710412979,64,1,2,adamw,1.2129645347595215,0.5179348178207874,2.044966220855713,0.23955731093883514,0.007448351942002773,0.0037319406401365995,0.4716796875,-0.0010704414453357458,-1.037683367729187,0.0026614998932927847,cell-002-485eaf8ffa27,0.05695117264986038,9,50,0.8596464395523071,0.9044708609580994,0.011879278346896172,0.064955934882164,0.008246630430221558,0.9098221063613892,0.03457636386156082,0.1196582168340683
0.027047036681324244,0.3473129943013191,0.5715458989143372,4.413093090057373,C64-d16-L2-H1-m4-ffnnone,2,16,1.0,True,0.001497094053775072,0.8092162609100342,9.152091026306152,,,,,,,400,1.0,True,True,0,0.544498860836029,4,0.01569993793964386,0.0017939212266355753,64,1,2,adamw,1.1573832631111145,0.8370400443673134,3.3510966300964355,0.25850699096918106,0.0002240475732833147,9.747704461915419e-05,0.4912109375,-0.0014947921154089272,-0.9344777762889862,-0.001397314976202324,cell-002-485eaf8ffa27,0.001522173872217536,9,100,0.963360071182251,0.9844001531600952,0.0009750676108524203,0.0012453857343643904,0.0010331864468753338,0.9861895442008972,0.0015529314987361431,0.004806571640074253
0.018095829989761114,0.3687600642442703,0.5769524276256561,5.166094064712524,C64-d16-L2-H1-m4-ffnnone,2,16,1.0,True,0.0002814918989315629,0.8320904970169067,8.996413230895996,,,,,,,400,1.0,True,True,0,0.5588566064834595,4,0.005258139222860336,0.00015110615640878677,64,1,2,adamw,1.1062654852867126,1.0214079674333334,4.298320293426514,0.27046001702547073,5.354204949981067e-05,1.6774378309492022e-05,0.5263671875,-2.7280562790110707e-05,-0.9176526367664337,-1.05061917565763e-05,cell-002-485eaf8ffa27,0.0002644183114171028,9,400,0.9755776524543762,0.9990889430046082,0.00014176494732964784,0.0001522000238765031,5.7502431445755064e-05,0.9987666606903076,0.00019262937712483108,0.0005440967506729066
0.19572224467992783,0.24043486267328262,0.1723983734846115,-0.2336902841925621,C64-d16-L2-H1-m4-ffnnone,2,16,0.505859375,False,2.4625372886657715,0.7484121918678284,12.45433235168457,,,,,,,400,0.498046875,False,True,0,-0.023323876783251762,4,0.4250805974006653,0.3546549081802368,64,1,2,adamw,1.0225099921226501,0.2227317839860916,1.2522376775741577,0.21266761422157288,0.12412598729133606,0.031839560717344284,0.478515625,0.011436309665441513,-0.4656028151512146,0.0432758703827858,cell-002-485eaf8ffa27,2.4566550254821777,10,0,-0.08625036478042603,-0.11329382658004761,3.6239051818847656,0.2093570977449417,0.024585526436567307,-0.11447807401418686,1.278639793395996,5.136487007141113
0.22312483191490173,0.10049443319439888,0.2301310896873474,-0.8711110353469849,C64-d16-L2-H1-m4-ffnnone,2,16,0.7421875,False,0.3570973873138428,0.7299454808235168,12.162941932678223,,,,,,,400,0.69921875,False,True,0,0.007006270345300436,4,0.08121427893638611,0.012706104665994644,64,1,2,adamw,1.349639117717743,0.5987539887428284,2.3407208919525146,0.265669547021389,0.006359975319355726,0.002007907838560641,0.5517578125,0.0008069432806223631,-0.6108520831912756,0.0028148506535217166,cell-002-485eaf8ffa27,0.3660975694656372,10,50,0.17897936701774597,0.2344599962234497,0.011731741949915886,0.16198045015335083,0.013070326298475266,0.22991502285003662,0.5953382253646851,0.7821207642555237
0.20128055661916733,0.17029520124197006,0.22586312890052795,-0.9160108454525471,C64-d16-L2-H1-m4-ffnnone,2,16,0.767578125,False,0.3131791949272156,0.7542816996574402,11.309944152832031,,,,,,,400,0.76171875,False,True,0,0.024582570418715477,4,0.08274506032466888,0.014869993552565575,64,1,2,adamw,1.3965903520584106,0.6193091571331024,2.4818971157073975,0.28942224383354187,0.006601272616535425,-0.00034959358163177967,0.5576171875,0.0034089102409780025,-0.7301274389028549,0.0030593170085921884,cell-002-485eaf8ffa27,0.3160339593887329,10,100,0.26173555850982666,0.30720651149749756,0.018105000257492065,0.1605674922466278,0.010450953617691994,0.303716778755188,0.4939948320388794,0.6831182837486267
0.018012997694313526,0.3963956832885742,0.5495653450489044,4.436006784439087,C64-d16-L2-H1-m4-ffnnone,2,16,1.0,False,0.0003866514889523387,0.8623062372207642,7.196825981140137,,,,,,,400,0.998046875,False,True,0,0.5315523147583008,4,0.009099531918764114,0.0037434103433042765,64,1,2,adamw,1.3359667658805847,0.7377408593893051,4.348912954330444,0.2862253785133362,9.14740958251059e-05,-0.0004381040344014764,0.58984375,-0.0031316454405896366,-1.0921823978424072,-0.003569749416783452,cell-002-485eaf8ffa27,0.002202931558713317,10,400,0.9760370254516602,0.9993669986724854,0.0002626673085615039,0.0003223016392439604,0.0002478207752574235,1.0012404918670654,0.0003435669932514429,0.001176356803625822
0.20462293922901154,0.18767456710338593,0.19845661520957947,-0.14800719916820526,C64-d16-L2-H1-m4-ffnnone,2,16,0.478515625,True,1.496389389038086,0.7401160597801208,12.985764503479004,,,,,,,400,0.478515625,True,True,0,-0.006166320759803057,4,0.10694076865911484,0.020464681088924408,64,1,2,adamw,0.9703062176704407,-0.07620431296527386,0.8818820416927338,0.19280102103948593,0.010906197596341372,-0.01308097317814827,0.4755859375,-0.00023635879915673286,-0.23237062990665436,-0.013317332603037357,cell-002-485eaf8ffa27,1.5048019886016846,11,0,-0.032925594598054886,-0.03178836405277252,1.806506633758545,0.010842635296285152,0.001975673483684659,-0.0324687734246254,1.06796133518219,2.8872861862182617
0.10301538184285164,0.3008187711238861,0.39013510197401047,1.4292336106300354,C64-d16-L2-H1-m4-ffnnone,2,16,0.923828125,True,0.11570435762405396,0.8186460137367249,9.03150749206543,,,,,,,400,0.916015625,True,True,0,0.2871197462081909,4,0.10955372452735901,0.04491502046585083,64,1,2,adamw,1.029430627822876,0.5315927639603615,1.8688514828681946,0.19713295996189117,0.0022524650557897985,-0.0018009283230639994,0.4404296875,-0.0035441460786387324,-1.6019028723239899,-0.005345074459910393,cell-002-485eaf8ffa27,0.12060616910457611,11,50,0.7713736295700073,0.8032170534133911,0.01659393310546875,0.09853506088256836,0.008878902532160282,0.8082043528556824,0.09032391011714935,0.21433180570602417
0.07072192803025246,0.22373972833156586,0.5640944987535477,3.9572654962539673,C64-d16-L2-H1-m4-ffnnone,2,16,1.0,True,0.0018151496769860387,0.852605938911438,7.914834976196289,,,,,,,400,1.0,True,True,0,0.4933725595474243,4,0.008796900510787964,0.0019468431128188968,64,1,2,adamw,1.0138776004314423,0.9037291258573532,2.6502023339271545,0.23138035088777542,6.412314314729883e-05,-0.0002931520575657487,0.5283203125,-0.0002418499243503902,-1.1848251894116402,-0.0005350019491743296,cell-002-485eaf8ffa27,0.001013401080854237,11,100,0.9692065715789795,0.9955838918685913,0.00099558022338897,0.000284445530269295,0.0001980084925889969,0.9946539402008057,0.0006839664420112967,0.0021620006300508976
0.07067423313856125,0.217614084482193,0.5703631937503815,4.280180931091309,C64-d16-L2-H1-m4-ffnnone,2,16,1.0,True,7.17636285116896e-05,0.857614278793335,7.774230003356934,,,,,,,400,1.0,True,True,0,0.499688982963562,4,0.002617274411022663,2.0589624909916893e-05,64,1,2,adamw,1.0056780278682709,1.140841543674469,3.2047022581100464,0.2572416365146637,1.0599162010294094e-05,-0.00012346208677627146,0.55859375,-3.7577905459329486e-05,-0.628545057028532,-0.0001610399704077281,cell-002-485eaf8ffa27,7.322672172449529e-05,11,400,0.9618692398071289,1.0009835958480835,3.605867095757276e-05,1.775981581886299e-05,2.6897938369074836e-05,1.0007004737854004,5.940214032307267e-05,0.00014011855819262564
0.20414311811327934,0.19377167709171772,0.1937989927828312,-0.14717861078679562,C64-d16-L2-H4-m4-ffn32,7,16,0.525390625,True,0.8064619898796082,0.7488880753517151,12.355873107910156,-0.005181938176974654,0.3175472915172577,0.5712890625,-0.004538825945928693,-0.0097207649378106,32,400,0.51953125,True,True,0,-0.010344129055738449,4,0.16936247050762177,0.04968887194991112,64,4,2,adamw,0.4566798396408558,0.12240906059741974,0.5023727640509605,0.22284122928977013,0.0057932896161219105,-0.0017738085880409926,0.510498046875,-0.001866629518190166,-0.2241147682070732,-0.0036404378770384938,cell-007-8dda0b3cc614,0.8168144226074219,0,0,0.05994674935936928,0.10110176354646683,0.6980240345001221,0.0922703668475151,0.013272399082779884,0.09878209978342056,0.8293894529342651,1.6329562664031982
0.1974763497710228,0.15498988050967455,0.25258108973503113,0.16765946510713547,C64-d16-L2-H4-m4-ffn32,7,16,0.818359375,True,0.2650628983974457,0.7759328484535217,10.228155136108398,-0.00040811656799633056,0.15066616237163544,0.43359375,9.276007767766714e-05,-0.00031535676680505276,32,400,0.810546875,True,True,0,0.05510473996400833,4,0.10621263086795807,0.026335351169109344,64,4,2,adamw,0.4987936429679394,0.4140472263097763,0.7488980740308762,0.2250694539397955,0.0003992499475771183,0.00039538623968837783,0.494384765625,-0.00038623052614639164,-0.6282929172739387,9.15558121050708e-06,cell-007-8dda0b3cc614,0.26652342081069946,0,50,0.43066275119781494,0.4515620470046997,0.014363427646458149,0.19688135385513306,0.003652720246464014,0.45055025815963745,0.33011671900749207,0.5450142621994019
0.15102996467612684,0.2048710435628891,0.34203908033668995,1.0179348476231098,C64-d16-L2-H4-m4-ffn32,7,16,0.990234375,True,0.018089644610881805,0.8198381066322327,7.9308552742004395,-0.002378313336521387,0.33893561363220215,0.6728515625,-0.0023062711115926504,-0.004684584913775325,32,400,0.98046875,True,True,0,0.19100910425186157,4,0.06821366399526596,0.03083450347185135,64,4,2,adamw,0.471622109413147,0.4800914488732815,0.8427614718675613,0.22494086250662804,0.0003132352685497608,0.0002070236878353171,0.508544921875,-0.0020427434938028455,-1.0561599042266607,-0.0018357196167926304,cell-007-8dda0b3cc614,0.029095813632011414,0,100,0.9782440662384033,0.96146559715271,0.005398278124630451,0.015509805642068386,0.0041663674637675285,0.9647968411445618,0.01300796028226614,0.03808240965008736
0.1356186853372492,0.21721417270600796,0.37592978216707706,1.881720319390297,C64-d16-L2-H4-m4-ffn32,7,16,1.0,True,0.0004175817302893847,0.8697055578231812,6.73302698135376,0.00018554527196101844,0.5205996334552765,0.8095703125,0.0006502178148366511,0.0008357631741091609,32,400,1.0,True,True,0,0.24031110107898712,4,0.009784940630197525,0.00032162017305381596,64,4,2,adamw,0.4411240294575691,0.5974071994423866,0.9044642448425293,0.2260743137449026,2.1877678022974578e-05,2.787708945106715e-05,0.498779296875,0.0001545529994473327,-0.6919946074485779,0.00018243008798890514,cell-007-8dda0b3cc614,0.0005948764737695456,0,400,0.9796680212020874,1.0056524276733398,0.00031941046472638845,0.0009604521910659969,0.0005434210179373622,1.0052356719970703,0.0008529668557457626,0.0026762504130601883
0.19989830628037453,0.2064797356724739,0.19382535479962826,-0.17280296329408884,C64-d16-L2-H4-m4-ffn32,7,16,0.517578125,False,1.0249483585357666,0.7774420380592346,12.593384742736816,-0.011742830742150545,0.2022372931241989,0.3779296875,-0.019332969561219215,-0.0310757989063859,32,400,0.513671875,False,True,0,-0.006072953809052706,4,0.17677050828933716,0.05693130940198898,64,4,2,adamw,0.48882192000746727,-0.1935996226966381,0.4226219682022929,0.23352963477373123,0.005595854025159497,-0.0028880343816126697,0.515625,-0.0018872197033488192,-0.2587127322331071,-0.004775253953994252,cell-007-8dda0b3cc614,1.0094316005706787,1,0,0.08666309714317322,0.11630244553089142,1.0304057598114014,0.08114752173423767,0.015331899747252464,0.11645720899105072,0.7912204265594482,1.9181056022644043
0.18047611229121685,0.22208943031728268,0.23648224771022797,-0.0630604587495327,C64-d16-L2-H4-m4-ffn32,7,16,0.818359375,False,0.2546408176422119,0.812881588935852,11.023041725158691,0.0008913928177207708,0.19463126361370087,0.4345703125,-0.004723162273876369,-0.0038317698054015636,32,400,0.814453125,False,True,0,0.056006137281656265,4,0.10169561207294464,0.024297041818499565,64,4,2,adamw,0.5333208180963993,0.3302226304076612,0.8074129223823547,0.21553061716258526,0.0005538360583159374,0.000605403445661068,0.478515625,-0.0008034467136894818,-0.8646158035844564,-0.00019804325711447746,cell-007-8dda0b3cc614,0.24927176535129547,1,50,0.5025400519371033,0.49348485469818115,0.01874624192714691,0.18923377990722656,0.014263791032135487,0.4927520453929901,0.2753117084503174,0.4975554943084717
0.1479830089956522,0.2372351661324501,0.31881580129265785,0.6592957675457001,C64-d16-L2-H4-m4-ffn32,7,16,0.994140625,False,0.011177866719663143,0.9100258350372314,8.040472984313965,-0.0013695387169718742,0.38704393804073334,0.666015625,-0.00041595695074647665,-0.001785495551303029,32,400,0.994140625,False,True,0,0.1708327978849411,4,0.04682851955294609,0.017195269465446472,64,4,2,adamw,0.5352513268589973,0.36591696832329035,0.9573483057320118,0.22480628080666065,0.0003084102809225442,0.0002923596948676277,0.505126953125,-0.001134860431193374,-0.9413150064647198,-0.0008425008581980364,cell-007-8dda0b3cc614,0.012432574294507504,1,100,1.0399423837661743,0.9837385416030884,0.003994979429990053,0.008521443232893944,0.00567402970045805,0.9812974333763123,0.007193720433861017,0.025384172797203064
0.13279524142853916,0.257858544588089,0.34375573694705963,1.1855804529041052,C64-d16-L2-H4-m4-ffn32,7,16,1.0,False,0.00019805465126410127,0.8271677494049072,7.599073886871338,0.0013145213888492435,0.5086507797241211,0.7763671875,-3.2891402952373028e-06,0.001311232044827193,32,400,0.998046875,False,True,0,0.2109604924917221,4,0.011025311425328255,0.0045784092508256435,64,4,2,adamw,0.5354152992367744,0.39649664238095284,1.0264155603945255,0.21316561195999384,4.613307663703381e-05,0.00016781342355898232,0.496826171875,-5.8221102563038585e-05,-0.6358675938099623,0.00010959231804008596,cell-007-8dda0b3cc614,0.002797813853248954,1,400,1.0571982860565186,0.996274471282959,0.0008199057774618268,0.0007212769705802202,0.0008082542335614562,0.9977210760116577,0.0007205564761534333,0.0030699933413416147
0.2021368406713009,0.19795067235827446,0.19563882611691952,-0.15722001437097788,C64-d16-L2-H4-m4-ffn32,7,16,0.51171875,True,1.1720772981643677,0.8093698620796204,12.61670970916748,0.007685585878789425,0.3089979439973831,0.55078125,0.016702246852219105,0.02438783273100853,32,400,0.509765625,True,True,0,-0.006498015020042658,4,0.17392133176326752,0.060284197330474854,64,4,2,adamw,0.4609352611005306,-0.031748216599226,0.4469491131603718,0.22692869789898396,0.007435898398398422,0.0018487833149265498,0.519287109375,0.0008403969841310754,-0.1431861179880798,0.00268918028450571,cell-007-8dda0b3cc614,1.1634379625320435,2,0,0.007796954363584518,0.04934418946504593,1.4531104564666748,0.03506607562303543,0.004208500497043133,0.04830819368362427,0.9126633405685425,2.405048370361328
0.19111488200724125,0.1965734614059329,0.23008192144334316,-0.05769972922280431,C64-d16-L2-H4-m4-ffn32,7,16,0.798828125,True,0.2834337055683136,0.7845805287361145,11.06517219543457,-0.0011328547989251092,0.18973086029291153,0.404296875,-0.0014565384481102228,-0.0025893928832374513,32,400,0.787109375,True,True,0,0.03896703943610191,4,0.0779872015118599,0.012519961223006248,64,4,2,adamw,0.5042848065495491,0.5265790075063705,0.8464445918798447,0.2414520289748907,0.0005298652522469638,-0.0005450482030937565,0.50341796875,-0.00017615047727304045,-0.5616350090131164,-0.0007211985757749062,cell-007-8dda0b3cc614,0.28834742307662964,2,50,0.3942510485649109,0.4236558675765991,0.0166175477206707,0.2250054031610489,0.006707162596285343,0.4244878888130188,0.3425537049770355,0.5908838510513306
0.13608713448047638,0.23881912138313055,0.3529194910079241,1.1911675557494164,C64-d16-L2-H4-m4-ffn32,7,16,0.9921875,True,0.015162389725446701,0.8655925989151001,7.697287082672119,-0.006600027583772317,0.365291103720665,0.6572265625,-0.003963128023315221,-0.010563156101852655,32,400,0.984375,True,True,0,0.21683233976364136,4,0.04845821484923363,0.012931764125823975,64,4,2,adamw,0.5033300071954727,0.5946545340120792,0.9784912094473839,0.22923490218818188,0.0005055913161413628,-3.393440420040861e-05,0.50244140625,-0.0013208747332100756,-0.917140195146203,-0.0013548090500989929,cell-007-8dda0b3cc614,0.020874857902526855,2,100,0.9842622876167297,0.9762754440307617,0.004200365394353867,0.0123053677380085,0.007378682494163513,0.9793701171875,0.010869648307561874,0.03475406765937805
0.12126928311772645,0.21433695033192635,0.4218552215024829,1.9676227942109108,C64-d16-L2-H4-m4-ffn32,7,16,1.0,True,0.00023735874856356531,0.9090573787689209,7.014232158660889,-0.0005622778553515673,0.5163081735372543,0.8056640625,0.00013405703066382557,-0.0004282208828954026,32,400,1.0,True,True,0,0.30058595538139343,4,0.008845772594213486,0.0002903468848671764,64,4,2,adamw,0.5033345855772495,0.6607899069786072,1.087214283645153,0.22423161193728447,7.429695870087016e-05,-9.520564481135807e-05,0.517822265625,-0.00016543002993785194,-0.6685465034097433,-0.0002606356470096216,cell-007-8dda0b3cc614,0.00043537808232940733,2,400,1.0391287803649902,0.9973483681678772,0.0002556658291723579,0.00022310779604595155,0.0003351214400026947,0.9973536133766174,0.00021463842131197453,0.0010285335592925549
0.20451651513576508,0.19217021204531193,0.19428026489913464,-0.27002105489373207,C64-d16-L2-H4-m4-ffn32,7,16,0.494140625,True,0.5506681203842163,0.7997342944145203,13.330070495605469,-0.002252177568152547,0.34596124291419983,0.62890625,-0.0008696978911757469,-0.003121874644421041,32,400,0.501953125,True,True,0,-0.010236252099275589,4,0.09551873803138733,0.018906164914369583,64,4,2,adamw,0.4907316491007805,0.13824201771058142,0.5491875447332859,0.232103256508708,0.0036180312308715656,-0.0004481442301766947,0.515380859375,0.0003496519311738666,-0.23679605638608336,-9.849253910942934e-05,cell-007-8dda0b3cc614,0.5459238886833191,3,0,-0.012767733074724674,-3.24806896969676e-05,0.06176523119211197,0.009544143453240395,0.0026768026873469353,0.0007686122553423047,1.0012845993041992,1.0752707719802856
0.13341664243489504,0.2373674027621746,0.36238267831504345,1.3410451535601169,C64-d16-L2-H4-m4-ffn32,7,16,0.982421875,True,0.03279491513967514,0.8713048100471497,9.085759162902832,0.002348499314393848,0.29181432723999023,0.5712890625,-0.005677282577380538,-0.003328783670440316,32,400,0.984375,True,True,0,0.22896604239940643,4,0.0677400454878807,0.03993789851665497,64,4,2,adamw,0.500895157456398,0.3913785321637988,0.8261659555137157,0.24045935459434986,0.0010980062097587506,-2.3738448362564668e-05,0.527099609375,-0.0026115079708688427,-0.9121281955158338,-0.002635246710269712,cell-007-8dda0b3cc614,0.02974785305559635,3,50,0.8734775185585022,0.9399889707565308,0.012330912053585052,0.02426101639866829,0.013101465068757534,0.9391528964042664,0.02135283313691616,0.07104622572660446
0.12643487425521016,0.20072660222649574,0.41996877267956734,1.7095709759742022,C64-d16-L2-H4-m4-ffn32,7,16,0.998046875,True,0.003930119797587395,0.8579450845718384,8.561347007751465,-0.002418013638816774,0.38219089806079865,0.6748046875,-0.0027795095229521394,-0.005197523394599557,32,400,0.998046875,True,True,0,0.29353389143943787,4,0.019727610051631927,0.011271560564637184,64,4,2,adamw,0.5081759542226791,0.43560972437262535,0.9232929944992065,0.22807851247489452,9.028751145478964e-05,0.0001478148215028341,0.51904296875,-0.001447895077035355,-0.725391449406743,-0.0013000802873648354,cell-007-8dda0b3cc614,0.003400781424716115,3,100,0.8953709602355957,1.0006756782531738,0.0017324641812592745,0.003542788792401552,0.0030789654701948166,0.9987106323242188,0.0029378992039710283,0.011292117647826672
0.11616197135299444,0.19365499168634415,0.45785910449922085,2.3297498542815447,C64-d16-L2-H4-m4-ffn32,7,16,1.0,True,0.00010857491724891588,0.8855853080749512,7.914762496948242,-0.00015688092389609665,0.42901675403118134,0.7587890625,-0.0013300867285579443,-0.001486967783421278,32,400,1.0,True,True,0,0.3416971266269684,4,0.0054650865495204926,0.00011965462181251496,64,4,2,adamw,0.47681039944291115,0.6802067551761866,1.1770356707274914,0.23342150263488293,6.156233801846156e-06,2.463831151544582e-06,0.521484375,-0.0004701565895572912,-0.5530874561518431,-0.00046769272466917755,cell-007-8dda0b3cc614,0.0001271392247872427,3,400,0.9429962038993835,0.9954254627227783,0.00019670020265039057,0.0016050837002694607,0.00026805594097822905,0.9952245354652405,0.0015406257007271051,0.003610465209931135
0.19598576612770557,0.22703048400580883,0.1850122269243002,-0.22568233450874686,C64-d16-L2-H4-m4-ffn32,7,16,0.533203125,True,0.7263065576553345,0.8422908782958984,12.968238830566406,-0.012967958115041256,0.2326170727610588,0.4326171875,-0.014552579261362553,-0.02752053877338767,32,400,0.5390625,True,True,0,-0.010973533615469933,4,0.22937892377376556,0.10135272890329361,64,4,2,adamw,0.45957334339618683,-0.02469608560204506,0.44364896789193153,0.22484460100531578,0.00866862534894608,-0.004749347310280427,0.504150390625,-0.0008500323529005982,-0.23111730255186558,-0.005599379655905068,cell-007-8dda0b3cc614,0.709697961807251,4,0,0.058811575174331665,0.11353953927755356,0.46111249923706055,0.06768760085105896,0.00768643943592906,0.11182549595832825,0.7955746650695801,1.3320610523223877
0.17959011439234018,0.17865280993282795,0.28257686644792557,0.23933159979060292,C64-d16-L2-H4-m4-ffn32,7,16,0.875,True,0.17734596133232117,0.7955742478370667,9.714059829711914,0.004171633743681014,0.14219671860337257,0.3515625,0.008641433552838862,0.012813067995011806,32,400,0.890625,True,True,0,0.10298675298690796,4,0.16818767786026,0.09460067749023438,64,4,2,adamw,0.49060971289873123,0.5657298564910889,0.8270760178565979,0.22884713113307953,0.0008392746613026247,0.0003889789695676882,0.5087890625,0.001917609290103428,-1.1981292068958282,0.0023065880304784514,cell-007-8dda0b3cc614,0.16492173075675964,4,50,0.6834906339645386,0.6873624324798584,0.015303636901080608,0.127557635307312,0.015636110678315163,0.6923978924751282,0.16842183470726013,0.32691922783851624
0.1533752311952412,0.1978565463796258,0.3420177772641182,1.00449806638062,C64-d16-L2-H4-m4-ffn32,7,16,0.9765625,True,0.03397241607308388,0.8530421257019043,7.608975410461426,-0.005859055323526263,0.2784596383571625,0.5947265625,-0.007557893404737115,-0.013416947331279516,32,400,0.984375,True,True,0,0.18864256143569946,4,0.05903711915016174,0.04014021158218384,64,4,2,adamw,0.48406313359737396,0.565854586660862,0.8986691497266293,0.2210436649620533,0.0001446224583219191,0.0001269299145860714,0.5146484375,-0.0029299522439032444,-0.746194236795418,-0.002803022273837996,cell-007-8dda0b3cc614,0.02491678297519684,4,100,0.9383138418197632,0.941716194152832,0.008207669481635094,0.01796705462038517,0.00869239866733551,0.942310094833374,0.018511930480599403,0.053379058837890625
0.1286815581843257,0.2466016560792923,0.36735367216169834,1.6753216423094273,C64-d16-L2-H4-m4-ffn32,7,16,1.0,True,0.0007837514276616275,0.898165225982666,6.155062198638916,-0.0013019001271459274,0.3676435053348541,0.6435546875,-0.0020669487421400845,-0.0033688489347696304,32,400,1.0,True,True,0,0.23867210745811462,4,0.010513409972190857,0.001510643633082509,64,4,2,adamw,0.4649159573018551,0.7141402848064899,1.0096714496612549,0.24336149543523788,0.00014978932921394517,-0.0001286149056340946,0.534423828125,-0.001372266248381493,-0.4626870071515441,-0.0015008810305516818,cell-007-8dda0b3cc614,0.0004143843543715775,4,400,1.0001890659332275,1.0023694038391113,0.00018991588149219751,0.00019229135068599135,0.0002454580389894545,1.0029191970825195,0.00019355129916220903,0.0008212164975702763
0.20101381465792656,0.1997831054031849,0.19717546366155148,-0.21875400375574827,C64-d16-L2-H4-m4-ffn32,7,16,0.482421875,False,1.2431257963180542,0.7840876579284668,12.487133026123047,-0.014658323489129543,0.21255162358283997,0.3896484375,-0.038608623668551445,-0.053266944363713264,32,400,0.486328125,False,True,0,-0.0038383537903428078,4,0.1643151193857193,0.05769751965999603,64,4,2,adamw,0.47478019818663597,0.13905100664123893,0.5170982517302036,0.2279900163412094,0.007366747799096629,-0.006238669477170333,0.494140625,-0.002805204188916832,-0.35770563781261444,-0.009043873636983335,cell-007-8dda0b3cc614,1.2414283752441406,5,0,0.06890854239463806,0.08036680519580841,1.4205944538116455,0.04828718304634094,0.013574481010437012,0.08531156182289124,0.8466265797615051,2.32908296585083
0.15398135595023632,0.2630064617842436,0.2750494834035635,0.4189333561807871,C64-d16-L2-H4-m4-ffn32,7,16,0.888671875,False,0.17385846376419067,0.8382436633110046,9.832967758178711,-0.00498980563133955,0.13179078698158264,0.2890625,-0.01039382116869092,-0.01538362680003047,32,400,0.87890625,False,True,0,0.12106812745332718,4,0.13276636600494385,0.05310841649770737,64,4,2,adamw,0.5532188937067986,0.4809516351670027,0.8586693480610847,0.2385354582220316,0.0013560191073338501,-0.0004605962058121804,0.500732421875,-0.003413921716855839,-0.958335667848587,-0.003874517780786846,cell-007-8dda0b3cc614,0.17490553855895996,5,50,0.6513150334358215,0.668588399887085,0.013060581870377064,0.17358893156051636,0.019512798637151718,0.6662542223930359,0.15553003549575806,0.3616923391819
0.10061399172991514,0.32074291724711657,0.37741511687636375,1.647264027968049,C64-d16-L2-H4-m4-ffn32,7,16,0.990234375,False,0.01565980538725853,0.8674435019493103,7.574757099151611,-0.0008888315060175955,0.22036674618721008,0.4697265625,-0.0021194334840402007,-0.003008265048265457,32,400,0.9921875,False,True,0,0.27680110931396484,4,0.02968033030629158,0.014422526583075523,64,4,2,adamw,0.5606950595974922,0.38073999527841806,0.9083905816078186,0.2337566241621971,0.00012403940399963176,-9.109055463341065e-05,0.5439453125,-0.0005462582539621508,-0.9212030339986086,-0.0006373488358804025,cell-007-8dda0b3cc614,0.01427509170025587,5,100,0.9808905124664307,0.9752026796340942,0.007692278828471899,0.007760168053209782,0.008413591422140598,0.9714382886886597,0.006477463059127331,0.030343499034643173
0.08799549750983715,0.30890605598688126,0.4271074626594782,2.3392425775527954,C64-d16-L2-H4-m4-ffn32,7,16,1.0,False,0.0005000358214601874,0.8909110426902771,6.802350997924805,0.009357177186757326,0.31927013397216797,0.6015625,0.004647332360036671,0.014004508033394814,32,400,0.998046875,False,True,0,0.33911198377609253,4,0.008197943679988384,0.0038866293616592884,64,4,2,adamw,0.528240043669939,0.4820971041917801,0.9915870614349842,0.23103274032473564,0.00045857601503485057,0.00023779266120982356,0.52392578125,0.0019560957043722738,-0.6772507535060868,0.0021938882027825457,cell-007-8dda0b3cc614,0.002334715100005269,5,400,0.9991583824157715,0.9951936602592468,0.00021805535652674735,0.000282648135907948,0.0005554951494559646,0.9960767030715942,0.00020890575251542032,0.0012651043944060802
0.1925986371934414,0.2297758162021637,0.19242828525602818,-0.1507455720566213,C64-d16-L2-H4-m4-ffn32,7,16,0.392578125,True,1.4279558658599854,0.7527734041213989,12.522788047790527,-0.01320985984057188,0.2355293408036232,0.4365234375,-0.017831983976066113,-0.031041842885315418,32,400,0.412109375,True,True,0,-0.0001703526359051466,4,0.44886514544487,0.3704490065574646,64,4,2,adamw,0.471711203455925,-0.123617943841964,0.41962174512445927,0.2195610124617815,0.036433755536563694,-0.007980092370416969,0.510986328125,0.001185764922411181,-0.19577486952766776,-0.006794327971874736,cell-007-8dda0b3cc614,1.431565284729004,6,0,-0.17534410953521729,-0.1736856997013092,1.0443389415740967,0.19941341876983643,0.029740191996097565,-0.16642507910728455,1.3989874124526978,2.6724801063537598
0.18158354982733727,0.21543336287140846,0.23981601186096668,0.0013723743613809347,C64-d16-L2-H4-m4-ffn32,7,16,0.810546875,True,0.2814662754535675,0.7390303611755371,10.750866889953613,-0.0007586081483168527,0.15616872161626816,0.3837890625,-0.002893415163271129,-0.0036520224530249834,32,400,0.79296875,True,True,0,0.058232467621564865,4,0.10693863034248352,0.025173697620630264,64,4,2,adamw,0.5667411014437675,0.3490601060912013,0.7635173127055168,0.24150965362787247,0.0014361882276716642,-0.0005957167304586619,0.505615234375,-8.817974594421685e-05,-0.5914715453982353,-0.0006838966328359675,cell-007-8dda0b3cc614,0.2789023816585541,6,50,0.39234721660614014,0.4032505750656128,0.01910616084933281,0.18702088296413422,0.007292114198207855,0.4041708707809448,0.3690432608127594,0.5824624300003052
0.12155048316344619,0.2809307612478733,0.35441781021654606,1.2550581209361553,C64-d16-L2-H4-m4-ffn32,7,16,0.986328125,True,0.028765205293893814,0.7956355214118958,7.756674766540527,-0.0064154306310229,0.26023395359516144,0.537109375,-0.012420015409588814,-0.018835446797311306,32,400,0.986328125,True,True,0,0.2328673154115677,4,0.09276537597179413,0.03522118180990219,64,4,2,adamw,0.5545990280807018,0.4300879023503512,0.8723750337958336,0.263555197045207,0.0007538586796727031,0.00021791375911561772,0.536865234375,-0.0018897071277024224,-0.9365493413060904,-0.0016717932594474405,cell-007-8dda0b3cc614,0.028423426672816277,6,100,0.935627281665802,0.957483172416687,0.009659083560109138,0.023333411663770676,0.008304199203848839,0.9577820301055908,0.019258342683315277,0.06055503338575363
0.10030327807180583,0.2698870971798897,0.4292030856013298,2.4971409887075424,C64-d16-L2-H4-m4-ffn32,7,16,0.998046875,True,0.00479742931202054,0.8700608015060425,7.026050090789795,0.0014438475773204118,0.4754096418619156,0.759765625,0.0015097481955308467,0.0029535957146435976,32,400,0.99609375,True,True,0,0.3288998007774353,4,0.010195814073085785,0.0007699867710471153,64,4,2,adamw,0.4978068768978119,0.6082342090085149,1.0071428418159485,0.2450076937675476,3.381668557267403e-05,6.013970050844364e-07,0.538818359375,0.000454910302778444,-0.6648602401837707,0.0004555116574920248,cell-007-8dda0b3cc614,0.003245316678658128,6,400,0.9424662590026855,0.9900708794593811,0.0012606120435521007,0.0017410381697118282,0.0018551475368440151,0.9924755096435547,0.001581621472723782,0.006438418757170439
0.20160914584994316,0.19487896375358105,0.20029361359775066,-0.08620803849771619,C64-d16-L2-H4-m4-ffn32,7,16,0.53125,False,0.4938376843929291,0.6933339834213257,12.935783386230469,-0.002521047426853329,0.4110921025276184,0.677734375,-0.001556400558911264,-0.004077448509633541,32,400,0.5390625,False,True,0,-0.0013155292253941298,4,0.06143183633685112,0.0067833648063242435,64,4,2,adamw,0.4428410306572914,-0.1610811990685761,0.3670795410871506,0.2034523580223322,0.0008440669953415636,-0.0006719644770782907,0.5048828125,-0.0002518804649298545,-0.2394647253677249,-0.0009238450438715518,cell-007-8dda0b3cc614,0.4940928518772125,7,0,0.04813697934150696,0.04446573555469513,0.077794648706913,0.010615957900881767,0.0007744196918793023,0.043870411813259125,0.915313720703125,1.0044987201690674
0.13940205611288548,0.22927314043045044,0.3525207005441189,1.1421372536569834,C64-d16-L2-H4-m4-ffn32,7,16,0.98828125,False,0.026539932936429977,0.8803436756134033,8.417837142944336,-0.003069129365030676,0.23716438561677933,0.4794921875,0.0005012436304241419,-0.0025678869569674134,32,400,0.984375,False,True,0,0.21311865746974945,4,0.0705903097987175,0.033142805099487305,64,4,2,adamw,0.46235978975892067,0.4907928705215454,0.8314903378486633,0.2157077006995678,0.00019807124090220896,-0.00037565229831670877,0.5126953125,0.0005191782111069188,-1.1636057356372476,0.000143526129249949,cell-007-8dda0b3cc614,0.033134810626506805,7,50,0.9759832620620728,0.9614872932434082,0.006314505357295275,0.02716810256242752,0.011081522330641747,0.9546689391136169,0.021098244935274124,0.06566236913204193
0.13189550023525953,0.21455843094736338,0.3897550804540515,1.5780744105577469,C64-d16-L2-H4-m4-ffn32,7,16,0.99609375,False,0.005399802699685097,0.8420681953430176,7.637906551361084,-0.0018935719272121787,0.4159885495901108,0.708984375,-0.0009287137072533369,-0.0028222857508808374,32,400,0.99609375,False,True,0,0.25785958766937256,4,0.019163895398378372,0.009860105812549591,64,4,2,adamw,0.4652010537683964,0.5930416565388441,0.9231383726000786,0.23459861241281033,2.716774872624228e-05,-0.00011152944125569775,0.52880859375,-0.0006448580552387284,-0.8799069258384407,-0.0007563874905827106,cell-007-8dda0b3cc614,0.004822122864425182,7,100,1.0312645435333252,0.999032199382782,0.0017336290329694748,0.002728971652686596,0.0018857677932828665,0.9986362457275391,0.002162147546187043,0.00851051602512598
0.1279287883080542,0.18797437939792871,0.4282392533496022,2.019606309942901,C64-d16-L2-H4-m4-ffn32,7,16,0.998046875,False,0.003389714751392603,0.8958836197853088,6.968323707580566,-0.0007923819648567587,0.49547138810157776,0.7880859375,0.0004972033493686467,-0.0002951785645564087,32,400,1.0,False,True,0,0.30031049251556396,4,0.008095528930425644,0.006267679389566183,64,4,2,adamw,0.4503737837076187,0.7193284593522549,1.0874945614486933,0.23962167650461197,4.286542917952829e-06,-4.550537391878606e-05,0.515869140625,6.0568142089323374e-05,-0.7807207740843296,1.5062778629726381e-05,cell-007-8dda0b3cc614,0.00014489928435068578,7,400,0.9757116436958313,0.9903362989425659,0.0010524529498070478,0.0011513007339090109,0.0012716954806819558,0.9933807253837585,0.0011059585958719254,0.004581407643854618
0.20562848821282387,0.17838386446237564,0.2047306876629591,-0.12755204329732805,C64-d16-L2-H4-m4-ffn32,7,16,0.47265625,True,1.2818238735198975,0.793129563331604,12.73018741607666,0.005887581850402057,0.2627088725566864,0.4921875,0.02599105704575777,0.03187863901257515,32,400,0.47265625,True,True,0,-0.0008978003170341253,4,0.2649447023868561,0.15508830547332764,64,4,2,adamw,0.5029970444738865,-0.05363041954115033,0.49980006366968155,0.21876399964094162,0.013527499104384333,0.0025368423957843333,0.5078125,-0.0017779448771761963,-0.17827896494418383,0.0007588970693177544,cell-007-8dda0b3cc614,1.230780839920044,8,0,-0.06476259231567383,-0.06984119117259979,1.24257230758667,0.07521693408489227,0.008659077808260918,-0.07150514423847198,1.1745069026947021,2.500955104827881
0.17074900213629007,0.24382313713431358,0.24392987601459026,0.2500735967187211,C64-d16-L2-H4-m4-ffn32,7,16,0.8828125,True,0.18952849507331848,0.7685612440109253,11.148391723632812,-0.0018239888886455446,0.23173463344573975,0.447265625,0.005262585589662194,0.003438598243519664,32,400,0.875,True,True,0,0.07318086922168732,4,0.13255733251571655,0.047195810824632645,64,4,2,adamw,0.5400583036243916,0.32718697376549244,0.8376038819551468,0.24127878807485104,0.001330586939729983,0.0014372390214703046,0.525634765625,-6.86117637087591e-05,-0.5923551237210631,0.0013686271940969164,cell-007-8dda0b3cc614,0.19203516840934753,8,50,0.5796395540237427,0.5912225246429443,0.04036107286810875,0.11655201762914658,0.017214477062225342,0.5926315784454346,0.20197492837905884,0.376102477312088
0.1219321726821363,0.275287514552474,0.35891597531735897,1.3270207941532135,C64-d16-L2-H4-m4-ffn32,7,16,0.98828125,True,0.01626347191631794,0.8074586391448975,9.13987922668457,-0.0020317246671766043,0.4387309104204178,0.7275390625,0.0006513045227620751,-0.0013804203481413424,32,400,0.990234375,True,True,0,0.23698380589485168,4,0.03249336779117584,0.010105136781930923,64,4,2,adamw,0.5110536627471447,0.5331988874822855,1.0041422247886658,0.23744815215468407,0.00017376646155753406,4.671965962188551e-05,0.523681640625,-0.0007442448495567078,-0.8329681660979986,-0.000697525201303506,cell-007-8dda0b3cc614,0.01333654299378395,8,100,0.9217331409454346,0.9940649271011353,0.0029038842767477036,0.00505056232213974,0.004048604983836412,0.997715950012207,0.0036589116789400578,0.01566196419298649
0.10442768805660307,0.268172737210989,0.418544203042984,1.9912873283028603,C64-d16-L2-H4-m4-ffn32,7,16,0.998046875,True,0.003351914696395397,0.8098455667495728,8.573820114135742,0.0011174718965776265,0.5666054487228394,0.8232421875,-0.00012000741844531149,0.0009974644344765693,32,400,0.99609375,True,True,0,0.314116507768631,4,0.007528691552579403,0.00047032677684910595,64,4,2,adamw,0.47758619487285614,0.6627546353265643,1.0691184997558594,0.24306165054440498,5.21380878240052e-05,7.966860948727117e-05,0.535400390625,-9.441415477340342e-05,-0.6344197168946266,-1.4745552107342519e-05,cell-007-8dda0b3cc614,0.0028088735416531563,8,400,0.9345583915710449,0.9968167543411255,0.0009435397805646062,0.0012185601517558098,0.002046455629169941,0.9984138607978821,0.0008091599447652698,0.005017715506255627
0.20239675045013428,0.1911761974915862,0.20163356885313988,-0.19942612340673804,C64-d16-L2-H4-m4-ffn32,7,16,0.5078125,True,0.6139025688171387,0.7540311813354492,12.665444374084473,0.009864652412943542,0.42325881123542786,0.69140625,0.0024477909319102764,0.012312444392591715,32,400,0.525390625,True,True,0,-0.0007631800835952163,4,0.12581872940063477,0.029307786375284195,64,4,2,adamw,0.46447886154055595,0.13403903681319207,0.5080216154456139,0.22758022136986256,0.005072236352134496,-8.262920891866088e-05,0.503173828125,0.0008712240232853219,-0.212825620546937,0.000788594588811975,cell-007-8dda0b3cc614,0.6101742386817932,9,0,-0.049648039042949677,-0.0181468203663826,0.20268762111663818,0.016420435160398483,0.00532772159203887,-0.017090559005737305,1.039640188217163,1.2640759944915771
0.1455159205943346,0.2774211522191763,0.2860310971736908,0.5338050872087479,C64-d16-L2-H4-m4-ffn32,7,16,0.9453125,True,0.08269845694303513,0.8785848617553711,8.781540870666504,0.0099775071721524,0.22377054393291473,0.4541015625,0.013144939672201872,0.023122446611523628,32,400,0.951171875,True,True,0,0.14051517844200134,4,0.13203668594360352,0.062479376792907715,64,4,2,adamw,0.5433555953204632,0.5865586921572685,0.9616458751261234,0.25883324444293976,0.001922575909702573,0.0008154468596330844,0.5361328125,0.0018450820316502359,-0.9381830766797066,0.0026605291495798156,cell-007-8dda0b3cc614,0.07555380463600159,9,50,0.7755913138389587,0.8221422433853149,0.015044087544083595,0.06163511797785759,0.01638922467827797,0.8216068744659424,0.07125723361968994,0.16432566940784454
0.11743774358183146,0.28915934823453426,0.35852743685245514,1.4378861896693707,C64-d16-L2-H4-m4-ffn32,7,16,0.994140625,True,0.010625306516885757,0.8424076437950134,7.856716156005859,0.008172401459887624,0.35907137393951416,0.638671875,0.012235206086188555,0.02040760824456811,32,400,0.99609375,True,True,0,0.24108967185020447,4,0.03033466823399067,0.01712697558104992,64,4,2,adamw,0.5225563235580921,0.6768204364925623,1.0168013088405132,0.25926502607762814,0.00021476585789059754,-0.00010597075834084535,0.53515625,0.00457707541045238,-0.8216024078428745,0.004471104646654567,cell-007-8dda0b3cc614,0.009920421056449413,9,100,0.9334608316421509,0.9811844825744629,0.004069623537361622,0.0074670081958174706,0.005781869869679213,0.9783812761306763,0.006074950564652681,0.023393452167510986
0.10734767420217395,0.2944820560514927,0.38347492553293705,2.2375063970685005,C64-d16-L2-H4-m4-ffn32,7,16,0.998046875,True,0.004083367995917797,0.8851454854011536,7.015193462371826,0.0036227264208719134,0.5031357407569885,0.783203125,0.0017728861421346664,0.005395612446591258,32,400,0.99609375,True,True,0,0.27612724900245667,4,0.0072683002799749374,0.002297676634043455,64,4,2,adamw,0.508575014770031,0.7911299131810665,1.1029687225818634,0.2481203768402338,0.001572792606651774,0.000581392413323556,0.529296875,8.316249250128749e-05,-0.5857362123206258,0.0006645549256063532,cell-007-8dda0b3cc614,0.00524723157286644,9,400,0.9649412631988525,0.9962097406387329,0.0007898810436017811,0.0008204270852729678,0.0010800637537613511,0.9977508187294006,0.0007137174834497273,0.0034040892496705055
0.159251119941473,0.3732203505933285,0.14902628771960735,-0.16387511871289462,C64-d16-L2-H4-m4-ffn32,7,16,0.552734375,True,1.052497148513794,0.7371771335601807,12.805933952331543,0.009669747669249773,0.33012770116329193,0.5771484375,0.007785653928294778,0.017455400433391333,32,400,0.5625,True,True,0,-0.010224832221865654,4,0.16508802771568298,0.0508866086602211,64,4,2,adamw,0.49140075594186783,-0.2716910489834845,0.3889875551685691,0.22927121259272099,0.007179632433690131,0.002996521187014878,0.505615234375,0.00040700065437704325,-0.24759324826300144,0.0034035219068755396,cell-007-8dda0b3cc614,1.0590156316757202,10,0,0.055039964616298676,0.06597879528999329,1.3902759552001953,0.035438720136880875,0.003438664600253105,0.06587627530097961,0.876358151435852,2.305511474609375
0.2013292759656906,0.18658769968897104,0.20942448265850544,-0.2136193488840945,C64-d16-L2-H4-m4-ffn32,7,16,0.74609375,True,0.3340565264225006,0.7251238226890564,12.1683349609375,0.0006656420009676367,0.23976904153823853,0.4541015625,-0.001453654607757926,-0.0007880125194787979,32,400,0.74609375,True,True,0,0.008095204830169678,4,0.04955781623721123,0.004340688697993755,64,4,2,adamw,0.5192080214619637,0.4240542221814394,0.7637521140277386,0.24585341103374958,0.00032384990072387154,0.00018220285164716188,0.525634765625,-0.00017754482337295485,-0.4182373434305191,4.657974386645947e-06,cell-007-8dda0b3cc614,0.33263301849365234,10,50,0.2784406244754791,0.30711930990219116,0.02048177272081375,0.21082207560539246,0.003306550905108452,0.3098934590816498,0.47806963324546814,0.7126799821853638
0.15578414406627417,0.23501387424767017,0.2976337093859911,0.5640317350625992,C64-d16-L2-H4-m4-ffn32,7,16,0.9921875,True,0.015596959739923477,0.8102293014526367,9.086901664733887,0.007624665275216103,0.39428339898586273,0.6591796875,0.008293329738080502,0.015917994547635317,32,400,0.9921875,True,True,0,0.1418495625257492,4,0.047800615429878235,0.014619833789765835,64,4,2,adamw,0.5020637363195419,0.6610287763178349,0.9159848913550377,0.23857753723859787,0.0008102398151095258,0.001048195948897046,0.524658203125,0.0032328700326615945,-0.8287282278761268,0.004281066110706888,cell-007-8dda0b3cc614,0.01743326336145401,10,100,0.9007494449615479,0.972825288772583,0.008540323004126549,0.021788548678159714,0.014453662559390068,0.96229088306427,0.013137506321072578,0.05792003870010376
0.1415671594440937,0.23232713527977467,0.3429713863879442,1.346982941031456,C64-d16-L2-H4-m4-ffn32,7,16,1.0,True,0.0002469425380695611,0.8479017019271851,8.454134941101074,0.0010040405322797596,0.5527570247650146,0.8125,-0.0008224800985772163,0.00018156035366700962,32,400,1.0,True,True,0,0.20140422880649567,4,0.008310377597808838,0.00013591788592748344,64,4,2,adamw,0.453335028141737,0.8684030883014202,1.0388392508029938,0.24030506424605846,1.4662660589692678e-05,2.2426350369642023e-05,0.543212890625,0.00010128458711733401,-0.7328037219122052,0.00012371092907415004,cell-007-8dda0b3cc614,0.000243663031142205,10,400,0.921337366104126,1.0007582902908325,0.00041264930041506886,0.0005084009026177227,0.0009754583006724715,1.0007245540618896,0.0003558647877071053,0.00225237337872386
0.20835356786847115,0.17668567411601543,0.19825364835560322,-0.32610228657722473,C64-d16-L2-H4-m4-ffn32,7,16,0.416015625,True,0.9344757199287415,0.6961339712142944,12.324060440063477,-0.0115537173114717,0.27488842606544495,0.4931640625,-0.02271900704363361,-0.03427272476255894,32,400,0.443359375,True,True,0,-0.010099917650222778,4,0.2662977874279022,0.1398002952337265,64,4,2,adamw,0.44512776657938957,0.10860600229352713,0.4796125218272209,0.2202520351856947,0.012883558694738895,-0.005129812023369595,0.498779296875,-0.00021961808670312166,-0.3444101307541132,-0.0053494301973842084,cell-007-8dda0b3cc614,0.9249870777130127,11,0,-0.07142499089241028,-0.13701005280017853,0.4410371482372284,0.11937342584133148,0.020209431648254395,-0.13263003528118134,1.3002376556396484,1.8808577060699463
0.1663951873779297,0.20447695069015026,0.2963374927639961,0.516590322367847,C64-d16-L2-H4-m4-ffn32,7,16,0.951171875,True,0.0944993793964386,0.8242800235748291,8.181318283081055,-0.004499877919442952,0.1780850663781166,0.3837890625,-0.007935139117762446,-0.01243501715362072,32,400,0.9375,True,True,0,0.12994229793548584,4,0.15620842576026917,0.0819777250289917,64,4,2,adamw,0.5004567727446556,0.2540054451674223,0.7098849974572659,0.20853424444794655,0.001963112114026444,0.003048119804589078,0.491943359375,-0.0023088166908564745,-0.7044968893751502,0.0007393035193672404,cell-007-8dda0b3cc614,0.10457278788089752,11,50,0.8706170916557312,0.8036308288574219,0.03473348543047905,0.07887100428342819,0.007335608825087547,0.8022706508636475,0.09224006533622742,0.21318015456199646
0.1348211863078177,0.24259350821375847,0.35294294357299805,1.1888967752456665,C64-d16-L2-H4-m4-ffn32,7,16,0.994140625,True,0.011419305577874184,0.8472275137901306,6.810347080230713,-0.001891638443339616,0.3414035141468048,0.5947265625,0.0007392325351247564,-0.0011524058936629444,32,400,0.994140625,True,True,0,0.2181217521429062,4,0.02702823095023632,0.007547848392277956,64,4,2,adamw,0.4824124835431576,0.3461824716068804,0.7649896144866943,0.22184018604457378,0.0001330806032910914,0.0003614264333009487,0.50439453125,-0.00018431526041240431,-0.7900466620922089,0.00017711119471641723,cell-007-8dda0b3cc614,0.009026266634464264,11,100,1.0374258756637573,0.9845836758613586,0.0023637949489057064,0.007260894402861595,0.00236598146148026,0.9855650663375854,0.006264756433665752,0.018255427479743958
0.11477928690146655,0.2523107770830393,0.4033513590693474,2.0079619884490967,C64-d16-L2-H4-m4-ffn32,7,16,1.0,True,0.00046945895883254707,0.885634183883667,6.05496072769165,-0.000374363487935625,0.4578808695077896,0.697265625,0.0006048037830623798,0.00023044025874696672,32,400,1.0,True,True,0,0.2885720729827881,4,0.007942871190607548,0.0008787455735728145,64,4,2,adamw,0.44314727932214737,0.3502990286797285,0.7633761279284954,0.22742299921810627,2.003123083227365e-05,0.0001695006926638598,0.517822265625,-2.6921963353743195e-05,-0.46384191513061523,0.00014257873544920585,cell-007-8dda0b3cc614,0.00021751929307356477,11,400,1.0393234491348267,0.9978433847427368,9.611230052541941e-05,5.8749039453687146e-05,5.190779484109953e-05,0.9986449480056763,7.471231219824404e-05,0.0002814814215525985
0.1964057143777609,0.21958420984447002,0.1911986544728279,-0.15007377561414614,C64-d16-L2-H4-m4-ffnnone,3,16,0.619140625,False,0.487729549407959,0.7827251553535461,12.606853485107422,,,,,,,400,0.609375,False,True,0,-0.005207059904932976,4,0.12544311583042145,0.029271451756358147,64,4,2,adamw,0.4823222942650318,-0.02941348170861602,0.4685114100575447,0.21270791813731194,0.0044331228418741375,0.0009515696292510256,0.5068359375,-0.00020687608412117697,-0.20392335392534733,0.0007446932722814381,cell-003-620823a00cef,0.49588075280189514,0,0,0.08112591505050659,0.10441321134567261,0.188763827085495,0.05529412999749184,0.01015743613243103,0.10482321679592133,0.805695652961731,1.0599110126495361
0.17223729100078344,0.20484252274036407,0.27844563499093056,0.285338431596756,C64-d16-L2-H4-m4-ffnnone,3,16,0.9140625,False,0.15286129713058472,0.8188357353210449,8.344745635986328,,,,,,,400,0.9140625,False,True,0,0.10620833933353424,4,0.2001073956489563,0.0989164337515831,64,4,2,adamw,0.5305406078696251,0.13850709050893784,0.6665504835546017,0.23092716932296753,0.0019409033338888548,0.0004327571969042765,0.52685546875,0.0018788088700603112,-0.5855508362874389,0.0023115660223993473,cell-003-620823a00cef,0.15013733506202698,0,50,0.6978040933609009,0.7100139856338501,0.019902892410755157,0.1373603194952011,0.011720208451151848,0.7011898756027222,0.13973507285118103,0.3087185025215149
0.11618177499622107,0.2515572998672724,0.39989737793803215,1.7947837114334106,C64-d16-L2-H4-m4-ffnnone,3,16,0.994140625,False,0.011224847286939621,0.8630766868591309,6.974373817443848,,,,,,,400,0.99609375,False,True,0,0.2837156057357788,4,0.03681838512420654,0.007941988296806812,64,4,2,adamw,0.5365459211170673,0.38513742468785495,0.9283541310578585,0.2458224780857563,0.000414085954616894,0.00041743214569578413,0.537841796875,0.0008518401955370791,-0.6686753183603287,0.0012692722739302553,cell-003-620823a00cef,0.008477788418531418,0,100,0.9579601287841797,0.9716516733169556,0.0025136847980320454,0.004052876029163599,0.003261540550738573,0.973757266998291,0.004074744880199432,0.013902845792472363
0.10107866418547928,0.23942994326353073,0.45733407884836197,2.5856256633996964,C64-d16-L2-H4-m4-ffnnone,3,16,1.0,False,0.00036955479299649596,0.8807133436203003,6.681660175323486,,,,,,,400,0.998046875,False,True,0,0.3562554121017456,4,0.01227186992764473,0.005897025112062693,64,4,2,adamw,0.5212675146758556,0.6268239542841911,1.2494236826896667,0.24175812490284443,7.662271673325449e-05,7.285895844688639e-05,0.533447265625,-4.018055187771097e-05,-0.4419265715405345,3.267846295784693e-05,cell-003-620823a00cef,0.0031009092926979065,0,400,0.9773893356323242,0.9941273927688599,0.0005160712171345949,0.0006732861511409283,0.0008122232975438237,0.9951707720756531,0.0005136001855134964,0.002515180967748165
0.19441398419439793,0.23429291788488626,0.18246514350175858,-0.2124208805616945,C64-d16-L2-H4-m4-ffnnone,3,16,0.56640625,True,1.3995420932769775,0.7179318070411682,13.410542488098145,,,,,,,400,0.541015625,True,True,0,-0.011948848143219948,4,0.2710440158843994,0.17005765438079834,64,4,2,adamw,0.4732340835034847,-0.054727754555642605,0.4350927472114563,0.22831082716584206,0.018171244766563177,0.0032627633554511704,0.51025390625,0.0037034666747786105,-0.2892685942351818,0.006966229964746162,cell-003-620823a00cef,1.434023380279541,1,0,0.1285001039505005,0.11848686635494232,2.115485191345215,0.11535100638866425,0.01493549719452858,0.1095895990729332,0.8122698068618774,3.058041572570801
0.18744360841810703,0.22622108459472656,0.21144811995327473,-0.23585159005597234,C64-d16-L2-H4-m4-ffnnone,3,16,0.7421875,True,0.34209713339805603,0.753738522529602,11.76170825958252,,,,,,,400,0.759765625,True,True,0,0.024004517123103142,4,0.08126311749219894,0.015122337266802788,64,4,2,adamw,0.5069698318839073,0.3194118030369282,0.7261580005288124,0.24872250109910965,0.0005728555952373426,-0.00014902811381034553,0.520751953125,-0.0009757322004588787,-0.6759300203993917,-0.0011247604015807156,cell-003-620823a00cef,0.33827194571495056,1,50,0.3227293789386749,0.3358583152294159,0.015996094793081284,0.1866394281387329,0.007920980453491211,0.33880195021629333,0.44582653045654297,0.6563830375671387
0.12643610499799252,0.31304953061044216,0.30764214880764484,0.8422834668308496,C64-d16-L2-H4-m4-ffnnone,3,16,0.982421875,True,0.04498225823044777,0.8485654592514038,7.746933937072754,,,,,,,400,0.97265625,True,True,0,0.18120601773262024,4,0.10838055610656738,0.0431760810315609,64,4,2,adamw,0.5042101889848709,0.567267406731844,0.9635535255074501,0.2416604943573475,0.000726603519069613,0.0005045326870458666,0.52685546875,0.0009522329601168167,-1.1489530969411135,0.0014567655889550224,cell-003-620823a00cef,0.04435134679079056,1,100,0.9182857275009155,0.9003205299377441,0.009736544452607632,0.03902380168437958,0.009350985288619995,0.9006381630897522,0.03680267184972763,0.094914011657238
0.1031893283361569,0.308817595243454,0.38161443546414375,2.2113665230572224,C64-d16-L2-H4-m4-ffnnone,3,16,1.0,True,0.000973943155258894,0.8738542199134827,6.601962089538574,,,,,,,400,1.0,True,True,0,0.27842509746551514,4,0.016490399837493896,0.0017597890691831708,64,4,2,adamw,0.5001442693173885,0.8548050802201033,1.3455232381820679,0.24020188488066196,6.912315964768823e-05,0.00022584462703889585,0.528076171875,0.0003974777409894159,-0.7727338280528784,0.000623322313913377,cell-003-620823a00cef,0.0005644472548738122,1,400,0.9784972667694092,0.9978163838386536,0.0004817759618163109,0.0013199864188209176,0.0011581254657357931,0.9960544109344482,0.000924209482036531,0.003884097095578909
0.19323703087866306,0.22598838061094284,0.19430052861571312,-0.07985537382774055,C64-d16-L2-H4-m4-ffnnone,3,16,0.47265625,False,1.4958465099334717,0.7305974960327148,12.932114601135254,,,,,,,400,0.470703125,False,True,0,0.0010634958744049072,4,0.16305388510227203,0.04465712606906891,64,4,2,adamw,0.4359406940639019,-0.012419570237398148,0.42108748853206635,0.22391442582011223,0.00638663352583535,-0.0050295935943722725,0.51025390625,-0.0012331336656643543,-0.10868987208232284,-0.006262727212742902,cell-003-620823a00cef,1.48366379737854,2,0,-0.06149447709321976,-0.09743644297122955,1.5863420963287354,0.05998251214623451,0.006773089990019798,-0.10052189975976944,1.2215549945831299,2.874652624130249
0.15514989662915468,0.3187973313033581,0.21575298719108105,0.020396117120981216,C64-d16-L2-H4-m4-ffnnone,3,16,0.8203125,False,0.2645009160041809,0.7945480346679688,10.591409683227539,,,,,,,400,0.810546875,False,True,0,0.06060309335589409,4,0.17129839956760406,0.06364104151725769,64,4,2,adamw,0.5061794482171535,0.21670875698328018,0.6199327036738396,0.25522650964558125,0.003327664569951594,-5.5057171266525984e-05,0.515380859375,-0.0020281431134208106,-0.5997641189023852,-0.0020832003065152094,cell-003-620823a00cef,0.25385037064552307,2,50,0.49852246046066284,0.5194072723388672,0.03231150656938553,0.18540561199188232,0.0158558189868927,0.520211935043335,0.25871551036834717,0.4922884702682495
0.11205212585628033,0.34121910482645035,0.3226245064288378,0.9957655258476734,C64-d16-L2-H4-m4-ffnnone,3,16,0.98046875,False,0.034855619072914124,0.8530703186988831,8.657425880432129,,,,,,,400,0.98046875,False,True,0,0.21057239174842834,4,0.09288083016872406,0.047343529760837555,64,4,2,adamw,0.4548076055943966,0.46701026894152164,0.7612693458795547,0.24311047419905663,0.0014249511259549763,0.00035921948256145697,0.506591796875,-0.0001334301196038723,-1.099974637851119,0.00022578970310860313,cell-003-620823a00cef,0.029746156185865402,2,100,0.9643624424934387,0.961832582950592,0.011453824117779732,0.022021371871232986,0.014832785353064537,0.9632998108863831,0.015003975480794907,0.06331195682287216
0.07942915800958872,0.34112364053726196,0.4205888956785202,2.771689511835575,C64-d16-L2-H4-m4-ffnnone,3,16,1.0,False,0.0012889117933809757,0.8924570083618164,7.540665149688721,,,,,,,400,0.998046875,False,True,0,0.34115973114967346,4,0.01578981801867485,0.004402822814881802,64,4,2,adamw,0.43426112458109856,0.7304697632789612,1.0011764653027058,0.2603787388652563,6.546123290718242e-05,-8.086420439212816e-05,0.52783203125,0.00034419728035572916,-0.7870806781575084,0.00026333305868320167,cell-003-620823a00cef,0.0023170216009020805,2,400,0.9361711740493774,0.9860008955001831,0.0011990300845354795,0.0012175430310890079,0.001621717819944024,0.9864118099212646,0.001185863045975566,0.005224153865128756
0.21452074125409126,0.14050948759540915,0.21592831052839756,-0.09146309876814485,C64-d16-L2-H4-m4-ffnnone,3,16,0.66015625,False,0.7588157057762146,0.6883110404014587,13.002161026000977,,,,,,,400,0.6953125,False,True,0,0.001407568110153079,4,0.27805960178375244,0.1368095874786377,64,4,2,adamw,0.4249015338718891,-0.02324427105486393,0.4102318547666073,0.20477698370814323,0.01623985666083172,-0.0053353995172074065,0.49560546875,0.0008330173659487627,-0.17517471686005592,-0.004502382304053754,cell-003-620823a00cef,0.7369354963302612,3,0,0.19036883115768433,0.36702364683151245,0.4719841182231903,0.6750683784484863,0.017046282067894936,0.36288920044898987,0.465248703956604,1.629347562789917
0.1719855424016714,0.22291729133576155,0.26112608797848225,0.2837801151908934,C64-d16-L2-H4-m4-ffnnone,3,16,0.904296875,False,0.15911449491977692,0.849506676197052,8.260519981384277,,,,,,,400,0.908203125,False,True,0,0.08914054185152054,4,0.1523171067237854,0.05720539391040802,64,4,2,adamw,0.46364668756723404,0.12159803695976734,0.5615208148956299,0.21213273890316486,0.0014266520520322956,-0.0005882663717784453,0.510498046875,0.0006269016421356355,-0.49832516349852085,3.8635229429928586e-05,cell-003-620823a00cef,0.15425041317939758,3,50,0.6453536748886108,0.6430335640907288,0.02034253627061844,0.13607531785964966,0.005791638977825642,0.6422786712646484,0.1817794293165207,0.34398895502090454
0.12425901694223285,0.2845038156956434,0.34271914698183537,1.4450239995494485,C64-d16-L2-H4-m4-ffnnone,3,16,0.990234375,False,0.02292678877711296,0.9029383063316345,5.946065902709961,,,,,,,400,0.98828125,False,True,0,0.21846012771129608,4,0.07053159177303314,0.025741849094629288,64,4,2,adamw,0.4760827347636223,0.17783125978894532,0.6703782081604004,0.24175670370459557,0.00038411169316532323,-0.000275837675872026,0.53759765625,0.0008942869635575335,-0.640752948820591,0.000618449215835426,cell-003-620823a00cef,0.023173470050096512,3,100,0.9869398474693298,0.982343852519989,0.00439123110845685,0.015391011722385883,0.001346784527413547,0.9816266298294067,0.016826653853058815,0.03795568272471428
0.10352809797041118,0.29124981025233865,0.39816588908433914,3.134391166269779,C64-d16-L2-H4-m4-ffnnone,3,16,0.994140625,False,0.00720495730638504,0.9688378572463989,5.190598964691162,,,,,,,400,0.9921875,False,True,0,0.2946377992630005,4,0.014507146552205086,0.006362778600305319,64,4,2,adamw,0.465900044888258,0.6021660584956408,1.1167965605854988,0.2462117113173008,5.876093484857847e-05,-8.777649782132357e-06,0.552978515625,6.564428076671902e-05,-0.3674365943297744,5.68666509934701e-05,cell-003-620823a00cef,0.010055426508188248,3,400,0.982414960861206,0.9821828007698059,0.0016404897905886173,0.005051888525485992,0.0011100645642727613,0.9830015897750854,0.0056846654042601585,0.013487108051776886
0.19245876371860504,0.23358156718313694,0.18904216773808002,-0.18717423174530268,C64-d16-L2-H4-m4-ffnnone,3,16,0.658203125,True,0.4633346199989319,0.7894225120544434,12.433082580566406,,,,,,,400,0.65625,True,True,0,-0.0034165934193879366,4,0.1480669528245926,0.04066643491387367,64,4,2,adamw,0.47405778989195824,-0.021549290046095848,0.44599495455622673,0.214277608320117,0.005798377969767898,0.0013223358109826222,0.489501953125,0.001404542737873271,-0.15613421774469316,0.0027268783378531225,cell-003-620823a00cef,0.4659862518310547,4,0,0.11937573552131653,0.1394556760787964,0.1333555430173874,0.0711413323879242,0.0041557736694812775,0.1346842348575592,0.7545809745788574,0.9632337093353271
0.15093902125954628,0.2705693170428276,0.27661364153027534,0.4506418937817216,C64-d16-L2-H4-m4-ffnnone,3,16,0.91015625,True,0.14472143352031708,0.8337174654006958,9.210922241210938,,,,,,,400,0.9296875,True,True,0,0.12567460536956787,4,0.16797727346420288,0.07938589155673981,64,4,2,adamw,0.5277918055653572,0.3543986123986542,0.7981551811099052,0.24309273436665535,0.002506165321392473,0.0005971121281618252,0.520263671875,0.0016624432500975672,-0.7446220377460122,0.0022595553164137527,cell-003-620823a00cef,0.13365910947322845,4,50,0.794016420841217,0.7705683708190918,0.019743796437978745,0.13520240783691406,0.02110419236123562,0.7869200706481934,0.08437873423099518,0.26042914390563965
0.11483318917453289,0.25320530496537685,0.40229513868689537,1.6384491510689259,C64-d16-L2-H4-m4-ffnnone,3,16,0.99609375,True,0.010270518250763416,0.8281551003456116,8.309011459350586,,,,,,,400,1.0,True,True,0,0.2874619662761688,4,0.04096411541104317,0.011943638324737549,64,4,2,adamw,0.5066674537956715,0.696147589944303,1.1427509486675262,0.24547317810356617,0.00017025869601638988,6.121028491179459e-05,0.53271484375,0.00042816029190362315,-1.0027369502931833,0.0004893704935966525,cell-003-620823a00cef,0.006765219382941723,4,100,0.9952373504638672,0.9705072641372681,0.0024282652884721756,0.00827925093472004,0.0038596871308982372,0.9694557189941406,0.006423665210604668,0.020990869030356407
0.09776633093133569,0.24123386107385159,0.4654671587049961,2.9937485679984093,C64-d16-L2-H4-m4-ffnnone,3,16,1.0,True,0.0007586394203826785,0.8349941968917847,7.7987284660339355,,,,,,,400,1.0,True,True,0,0.36770081520080566,4,0.00942542776465416,0.0002887807204388082,64,4,2,adamw,0.4882971830666065,0.8536900128237903,1.4158782474696636,0.2532882057130337,2.7254519977759628e-05,-7.179356452979846e-05,0.530517578125,1.0834348358912393e-05,-0.5882863043807447,-6.095921980886487e-05,cell-003-620823a00cef,0.0006264207186177373,4,400,0.9791198968887329,0.9940289258956909,0.00048771925503388047,0.0007191811455413699,0.0008229209925048053,0.9938563108444214,0.0006197196780703962,0.002649541012942791
0.20691023208200932,0.1786253098398447,0.200644014403224,-0.21012269146740437,C64-d16-L2-H4-m4-ffnnone,3,16,0.5625,True,0.5728883147239685,0.7333834767341614,12.655357360839844,,,,,,,400,0.5546875,True,True,0,-0.006266218610107899,4,0.14849305152893066,0.03844676911830902,64,4,2,adamw,0.4755917266011238,-0.038502855226397514,0.4481132999062538,0.23953136429190636,0.005112729675602168,0.0015529042175330687,0.53173828125,-0.0006607595114473952,-0.21774908620864153,0.0008921447915781755,cell-003-620823a00cef,0.5787491798400879,5,0,0.05484193190932274,0.056987740099430084,0.2649344205856323,0.03647086024284363,0.006952338851988316,0.05625360459089279,0.8977346420288086,1.2060922384262085
0.17528598569333553,0.21306621190160513,0.2610758412629366,0.1713152239099145,C64-d16-L2-H4-m4-ffnnone,3,16,0.93359375,True,0.12181048840284348,0.8647599220275879,7.854012489318848,,,,,,,400,0.9296875,True,True,0,0.08578985929489136,4,0.16196197271347046,0.06529972702264786,64,4,2,adamw,0.5242287144064903,0.1189126733224839,0.7028401978313923,0.21969539299607277,0.001227452875355084,-0.00014301605187938549,0.512939453125,0.00030935154791222885,-0.6315285691525787,0.00016633533959975466,cell-003-620823a00cef,0.11626489460468292,5,50,0.7536158561706543,0.7255550622940063,0.012901296839118004,0.10117113590240479,0.011169129982590675,0.7233256101608276,0.13900086283683777,0.2642424404621124
0.14265306293964386,0.24304434843361378,0.3289964757859707,1.0958319641649723,C64-d16-L2-H4-m4-ffnnone,3,16,0.982421875,True,0.02668602764606476,0.9106029272079468,6.125762939453125,,,,,,,400,0.978515625,True,True,0,0.18634340167045593,4,0.04856906086206436,0.032755713909864426,64,4,2,adamw,0.5224544741213322,0.4402732942253351,1.0045964606106281,0.23611797951161861,0.00030693839380546706,-0.0004513946514634881,0.536865234375,-0.004553078364551766,-0.5530519541352987,-0.005004472923246794,cell-003-620823a00cef,0.034716397523880005,5,100,0.9549222588539124,0.9462524056434631,0.00760840205475688,0.02009791135787964,0.007613840512931347,0.9497470855712891,0.020148422569036484,0.05546857416629791
0.12918584141880274,0.2372656837105751,0.37517679296433926,2.175427034497261,C64-d16-L2-H4-m4-ffnnone,3,16,1.0,True,0.0008883568225428462,0.9423748254776001,5.227506160736084,,,,,,,400,1.0,True,True,0,0.24599094688892365,4,0.0082747433334589,0.0001973746548173949,64,4,2,adamw,0.5140837617218494,0.5860013063065708,1.2522031888365746,0.24119634367525578,1.9681821868289262e-05,0.00016134271027112845,0.5458984375,-3.629327989074227e-05,-0.26568763970863074,0.00012504943879321218,cell-003-620823a00cef,0.0009282964165322483,5,400,1.0377014875411987,0.9969783425331116,0.0013894225703552365,0.001227891887538135,0.0012786007719114423,1.0003812313079834,0.0013496371684595942,0.005245552398264408
0.1792022529989481,0.2929317969828844,0.1694614626467228,-0.1746411118656397,C64-d16-L2-H4-m4-ffnnone,3,16,0.45703125,False,0.6477241516113281,0.7540609836578369,12.653124809265137,,,,,,,400,0.45703125,False,True,0,-0.009740788489580154,4,0.10804703086614609,0.022785766050219536,64,4,2,adamw,0.44655802100896835,-0.1370841022580862,0.3916456289589405,0.2120700553059578,0.0032141925621544942,-0.00021185196237638593,0.50390625,0.0004468299157451838,-0.25033278740011156,0.00023497788060922176,cell-003-620823a00cef,0.6490823030471802,6,0,0.054160475730895996,0.029157835990190506,0.25865474343299866,0.0178278349339962,0.0031136274337768555,0.027676191180944443,0.9496124386787415,1.2292087078094482
0.15319184958934784,0.2584805553779006,0.2819438995793462,0.4707398358732462,C64-d16-L2-H4-m4-ffnnone,3,16,0.943359375,False,0.12416770309209824,0.8663082122802734,8.092508316040039,,,,,,,400,0.94140625,False,True,0,0.12875205278396606,4,0.19342511892318726,0.08402234315872192,64,4,2,adamw,0.5005159080028534,0.08360959216952324,0.6187950149178505,0.2230309620499611,0.005104378666146658,-0.0011259193051955663,0.49853515625,0.002300843563716626,-0.80008140578866,0.0011749239201890305,cell-003-620823a00cef,0.12122485041618347,6,50,0.7485665082931519,0.7444983720779419,0.02101176045835018,0.09906968474388123,0.014681932516396046,0.7446050643920898,0.11343687027692795,0.24820025265216827
0.12409034743905067,0.25525893457233906,0.37247003242373466,1.6486673913896084,C64-d16-L2-H4-m4-ffnnone,3,16,1.0,False,0.0025940355844795704,0.888899564743042,7.093132019042969,,,,,,,400,0.998046875,False,True,0,0.2483796775341034,4,0.03150146082043648,0.007451904937624931,64,4,2,adamw,0.47659025341272354,0.5905404603108764,0.9393185153603554,0.23598086833953857,0.00029782527963106986,-0.00016809985754662193,0.518798828125,0.0006760848118574359,-0.8704374157823622,0.0005079849270259729,cell-003-620823a00cef,0.0049862004816532135,6,100,0.9463733434677124,0.9854652881622314,0.002187794540077448,0.0042643798515200615,0.0044092051684856415,0.9795311093330383,0.0029335077852010727,0.01379488781094551
0.11433999915607274,0.25438376516103745,0.4025962492451072,2.186215080320835,C64-d16-L2-H4-m4-ffnnone,3,16,1.0,False,0.0002975818933919072,0.8928266763687134,6.878564834594727,,,,,,,400,0.998046875,False,True,0,0.2882562279701233,4,0.012509780004620552,0.004010125063359737,64,4,2,adamw,0.4656766913831234,0.7627648888155818,1.1321781910955906,0.24503100477159023,0.0001309168385432713,-0.00011265753073530504,0.520263671875,0.0012837708654842572,-0.552929500117898,0.0011711133120115846,cell-003-620823a00cef,0.0022634724155068398,6,400,0.9764925241470337,0.9988476037979126,0.0006075683049857616,0.0005344772362150252,0.0005622555036097765,0.9987536668777466,0.00046034884871914983,0.0021646497771143913
0.20724391750991344,0.17836209572851658,0.19990617036819458,-0.19417035952210426,C64-d16-L2-H4-m4-ffnnone,3,16,0.419921875,False,1.0728861093521118,0.727695107460022,12.656709671020508,,,,,,,400,0.400390625,False,True,0,-0.007337745279073715,4,0.15098440647125244,0.04129798710346222,64,4,2,adamw,0.43898428976535797,0.11257518734782934,0.4732596315443516,0.22137622348964214,0.004153836329351179,-0.0025619256412028335,0.489990234375,-0.00029572720450232737,-0.35182629339396954,-0.0028576524746313225,cell-003-620823a00cef,1.099082589149475,7,0,-0.194568932056427,-0.22739621996879578,0.5386377573013306,0.20768027007579803,0.015490613877773285,-0.22581163048744202,1.5157109498977661,2.277519702911377
0.16840226016938686,0.2596445679664612,0.23514866083860397,0.02513967454433441,C64-d16-L2-H4-m4-ffnnone,3,16,0.791015625,False,0.2963162660598755,0.7874171733856201,9.903515815734863,,,,,,,400,0.796875,False,True,0,0.06674639880657196,4,0.08762045204639435,0.0179152712225914,64,4,2,adamw,0.4975781738758087,0.5382190458476543,0.8110315427184105,0.22904791682958603,0.0003932002673536772,0.0002394287657807581,0.477783203125,0.00010617252883093897,-1.0208109691739082,0.0003456014019320719,cell-003-620823a00cef,0.29173189401626587,7,50,0.40087181329727173,0.40624332427978516,0.015524700284004211,0.17204099893569946,0.007056713569909334,0.412563681602478,0.3602038621902466,0.5548262596130371
0.11452359100803733,0.27111492678523064,0.38531430438160896,1.8112791776657104,C64-d16-L2-H4-m4-ffnnone,3,16,0.994140625,False,0.011997879482805729,0.8370208740234375,7.549775123596191,,,,,,,400,0.9921875,False,True,0,0.270790696144104,4,0.030722513794898987,0.006089142058044672,64,4,2,adamw,0.5134784430265427,0.6252010869793594,1.0476837530732155,0.22359039820730686,0.00031101388776733074,-5.8196445024805143e-05,0.51416015625,-0.0032090874383357004,-1.100948336534202,-0.003267283613240579,cell-003-620823a00cef,0.011687371879816055,7,100,1.02237069606781,0.9783164858818054,0.0037618468049913645,0.009821051731705666,0.0053639342077076435,0.9759414196014404,0.008156104013323784,0.027102936059236526
0.0951606051530689,0.24301410466432571,0.4715041108429432,3.1481566429138184,C64-d16-L2-H4-m4-ffnnone,3,16,0.998046875,False,0.003663989482447505,0.8849430084228516,6.966301918029785,,,,,,,400,1.0,False,True,0,0.3763435184955597,4,0.010997870936989784,0.007340023294091225,64,4,2,adamw,0.5102538615465164,0.7971630170941353,1.3045747987926006,0.2525080628693104,1.686936576561493e-05,-0.00010019542378358892,0.53173828125,-0.0003540615762176458,-0.5496453641681001,-0.00045425704320223304,cell-003-620823a00cef,0.0002649484667927027,7,400,0.998414158821106,0.9976598024368286,0.0002852077304851264,0.00019587183487601578,0.0003081711183767766,0.9970259666442871,0.00016412002150900662,0.0009533707052469254
0.19053138233721256,0.24450072227045894,0.18390513956546783,-0.21052647195756435,C64-d16-L2-H4-m4-ffnnone,3,16,0.494140625,True,0.6126532554626465,0.780415415763855,12.240180015563965,,,,,,,400,0.509765625,True,True,0,-0.006626243237406015,4,0.1696826070547104,0.055124230682849884,64,4,2,adamw,0.4818004444241524,-0.046207099221646786,0.46674327924847603,0.23476066254079342,0.003790412491071038,0.0019658509336295538,0.516357421875,8.529017213732004e-05,-0.3141436786390841,0.0020511409966275096,cell-003-620823a00cef,0.6161364912986755,8,0,0.046469852328300476,0.01870270073413849,0.2614437937736511,0.01850576512515545,0.008686430752277374,0.015228725038468838,0.9753643274307251,1.2640002965927124
0.14275371935218573,0.3349782004952431,0.2367606358602643,0.368425777181983,C64-d16-L2-H4-m4-ffnnone,3,16,0.951171875,True,0.0952816754579544,0.862678050994873,9.20567512512207,,,,,,,400,0.93359375,True,True,0,0.09400690346956253,4,0.15614600479602814,0.07324905693531036,64,4,2,adamw,0.5213218927383423,0.275946332141757,0.7622288018465042,0.24749125726521015,0.0022983366361586377,0.00033166344655910507,0.519775390625,0.001127366631408222,-0.9079173458740115,0.0014590299251722172,cell-003-620823a00cef,0.1020008772611618,8,50,0.8272870182991028,0.8460825681686401,0.027977081015706062,0.07327181100845337,0.01726212352514267,0.8505747318267822,0.06519631296396255,0.1837073266506195
0.1342719802632928,0.3032213458791375,0.2939627282321453,0.7297515044920146,C64-d16-L2-H4-m4-ffnnone,3,16,0.994140625,True,0.010097182355821133,0.8557789325714111,7.896663665771484,,,,,,,400,0.990234375,True,True,0,0.1596907377243042,4,0.036365728825330734,0.013437271118164062,64,4,2,adamw,0.497037835419178,0.587217521853745,1.0088486298918724,0.23858637735247612,0.0008041964174481109,0.000795512400145526,0.518310546875,0.0041981363865488674,-0.888691985514015,0.0049936490886466345,cell-003-620823a00cef,0.012981489300727844,8,100,0.934029221534729,0.9744480848312378,0.00432622991502285,0.006098522804677486,0.005482698790729046,0.9750875234603882,0.0049133384600281715,0.02082078903913498
0.12870085053145885,0.24945692159235477,0.3644405575469136,1.1119359284639359,C64-d16-L2-H4-m4-ffnnone,3,16,1.0,True,0.0001645999582251534,0.9015262126922607,6.88731050491333,,,,,,,400,1.0,True,True,0,0.23573970794677734,4,0.0061769732274115086,0.00019488809630274773,64,4,2,adamw,0.4714411161839962,0.9212297238409519,1.2774374932050705,0.2480041179805994,1.1494655325350323e-05,1.0004242312788847e-05,0.540771484375,-2.126140498148743e-05,-0.47884467896074057,-1.1257165624556364e-05,cell-003-620823a00cef,0.00010185404971707612,8,400,0.9564928412437439,1.000337839126587,7.68910686019808e-05,2.01653856493067e-05,4.744293255498633e-05,1.0004302263259888,3.91763387597166e-05,0.00018367572920396924
0.18951359018683434,0.2530088424682617,0.17845040746033192,-0.18518081679940224,C64-d16-L2-H4-m4-ffnnone,3,16,0.671875,False,0.46926212310791016,0.8320221900939941,12.80843734741211,,,,,,,400,0.658203125,False,True,0,-0.011063176207244396,4,0.14037281274795532,0.034503526985645294,64,4,2,adamw,0.47178785130381584,0.10579843074083328,0.5001746695488691,0.2257851827889681,0.004432662368344609,-0.0015537451254203916,0.508056640625,-0.0003778899845201522,-0.29071932286024094,-0.001931635069922777,cell-003-620823a00cef,0.4759775400161743,9,0,0.10792458802461624,0.16067767143249512,0.15144586563110352,0.10182839632034302,0.0029889163561165333,0.16334611177444458,0.7051255106925964,0.9613887071609497
0.133043073117733,0.3337426371872425,0.26712814904749393,0.2710159011185169,C64-d16-L2-H4-m4-ffnnone,3,16,0.8984375,False,0.1421208381652832,0.903553307056427,8.517486572265625,,,,,,,400,0.91015625,False,True,0,0.13408507406711578,4,0.18548272550106049,0.08483405411243439,64,4,2,adamw,0.5223084054887295,0.36796308495104313,0.7400666028261185,0.25206870399415493,0.004198549489956349,0.0012200877572468016,0.51416015625,-0.0007098732676240616,-0.8514870069921017,0.0005102145078126341,cell-003-620823a00cef,0.1385526955127716,9,50,0.6706019043922424,0.7088775634765625,0.04159808158874512,0.11895538866519928,0.019366197288036346,0.7050884366035461,0.12438952177762985,0.3043091893196106
0.09292581025511026,0.36294354125857353,0.3582790307700634,1.376306876540184,C64-d16-L2-H4-m4-ffnnone,3,16,0.990234375,False,0.01392575167119503,0.8597699999809265,7.481812953948975,,,,,,,400,0.994140625,False,True,0,0.2653532028198242,4,0.04162062704563141,0.01546636875718832,64,4,2,adamw,0.49306130036711693,0.8259089295752347,1.1647016555070877,0.25486697256565094,0.0009721078095026314,0.0009748059128469322,0.521484375,-0.00045758446867694147,-0.8663023710250854,0.0005172211276658345,cell-003-620823a00cef,0.008607005700469017,9,100,0.9438940286636353,0.9776934385299683,0.004137682728469372,0.01112134475260973,0.00583492498844862,0.9770328998565674,0.008389728143811226,0.029483679682016373
0.07642145804129541,0.3557414133101702,0.4149942137300968,2.685952588915825,C64-d16-L2-H4-m4-ffnnone,3,16,0.9921875,False,0.010333390906453133,0.8593395352363586,6.770147323608398,,,,,,,400,0.99609375,False,True,0,0.33857274055480957,4,0.01335555873811245,0.006792155094444752,64,4,2,adamw,0.4760531336069107,1.0434318501502275,1.4729485027492046,0.27111388370394707,0.00012352442013252585,0.00026026997875305824,0.548828125,0.0003137761677862727,-0.5468726493418217,0.0005740461110690376,cell-003-620823a00cef,0.0076818326488137245,9,400,0.9132636189460754,0.9894455671310425,0.0015196671010926366,0.002544676186516881,0.0016833973350003362,0.990364134311676,0.0025022951886057854,0.008250035345554352
0.19814317300915718,0.22132242284715176,0.18424807861447334,-0.2419630982913077,C64-d16-L2-H4-m4-ffnnone,3,16,0.521484375,True,1.9587095975875854,0.7484121918678284,12.45433235168457,,,,,,,400,0.513671875,True,True,0,-0.013895093463361263,4,0.43480026721954346,0.3441622257232666,64,4,2,adamw,0.46433543786406517,0.23244960559532046,0.5606976002454758,0.2210470363497734,0.035689152660779655,0.01229697122471407,0.492919921875,0.0022888876701472327,-0.3537389594130218,0.014585859142243862,cell-003-620823a00cef,1.900223731994629,10,0,-0.013604333624243736,-0.03589009493589401,2.48760986328125,0.2170093059539795,0.037794433534145355,-0.03639639914035797,1.1166088581085205,3.859022855758667
0.21112568117678165,0.1526613614987582,0.2139616198837757,-0.19202908733859658,C64-d16-L2-H4-m4-ffnnone,3,16,0.744140625,True,0.3438822031021118,0.7348225116729736,12.40880012512207,,,,,,,400,0.724609375,True,True,0,0.0028359468560665846,4,0.07095729559659958,0.00872749462723732,64,4,2,adamw,0.5287670567631721,0.44385928893461823,0.7797638475894928,0.24665667489171028,0.0009724241826916113,0.0006682024841211387,0.525146484375,-0.00032575671866652556,-0.3022701106965542,0.00034244571725139394,cell-003-620823a00cef,0.3467586636543274,10,50,0.20242252945899963,0.23890714347362518,0.014375647529959679,0.1576118767261505,0.0030329180881381035,0.23887845873832703,0.5816575288772583,0.7566779851913452
0.1918623112142086,0.1704848576337099,0.2539282087236643,0.044448431581258774,C64-d16-L2-H4-m4-ffnnone,3,16,0.84375,True,0.23770771920681,0.7780630588531494,10.25907039642334,,,,,,,400,0.857421875,True,True,0,0.06206590682268143,4,0.1392979919910431,0.04787527024745941,64,4,2,adamw,0.5384072624146938,0.38770023733377457,0.7576945424079895,0.25433165952563286,0.0032028933565015905,0.0008301571397169027,0.52978515625,-0.0002997708579641767,-0.6529749128967524,0.0005303862417349592,cell-003-620823a00cef,0.2295834720134735,10,100,0.4162936210632324,0.43931007385253906,0.019988611340522766,0.15221530199050903,0.012551477178931236,0.44379425048828125,0.33297961950302124,0.5177350044250488
0.12631412199698389,0.23527074232697487,0.3857869002968073,1.7711819596588612,C64-d16-L2-H4-m4-ffnnone,3,16,1.0,True,0.0009930080268532038,0.8907397389411926,6.0525994300842285,,,,,,,400,1.0,True,True,0,0.2594727873802185,4,0.01908195950090885,0.0007423805072903633,64,4,2,adamw,0.5223422534763813,0.6316721721086651,1.0131239965558052,0.24136044457554817,0.00019277773344583693,4.70917257189285e-05,0.545654296875,0.0004516654935287079,-0.8526524901390076,0.0004987572137906682,cell-003-620823a00cef,0.0009710123995319009,10,400,0.9818721413612366,0.9899543523788452,0.0011536385864019394,0.0008775493479333818,0.0009374540532007813,0.9887175559997559,0.001047809491865337,0.0040164515376091
0.20228418707847595,0.19540544785559177,0.19774200953543186,-0.12073283607605845,C64-d16-L2-H4-m4-ffnnone,3,16,0.478515625,True,1.5200552940368652,0.7401160597801208,12.985764503479004,,,,,,,400,0.478515625,True,True,0,-0.004542173817753792,4,0.10919371992349625,0.020688718184828758,64,4,2,adamw,0.4726204127073288,-0.10690088314004242,0.4196184817701578,0.20405080914497375,0.0023381570717901923,-0.0029045341798337176,0.506591796875,-0.0005409553323261207,-0.19035995285958052,-0.003445489412115421,cell-003-620823a00cef,1.5299233198165894,11,0,-0.038568656891584396,-0.04236159101128578,1.8355051279067993,0.013515903614461422,0.0011148094199597836,-0.04330798238515854,1.0905044078826904,2.9406399726867676
0.17386108823120594,0.23917138576507568,0.2392453784123063,0.12792221643030643,C64-d16-L2-H4-m4-ffnnone,3,16,0.81640625,True,0.26229745149612427,0.8093032240867615,9.980155944824219,,,,,,,400,0.810546875,True,True,0,0.06538428366184235,4,0.0976431742310524,0.01914791576564312,64,4,2,adamw,0.48904065415263176,0.379416037350893,0.6967473886907101,0.2425543423742056,0.0006897136618135846,-0.0001723457025946118,0.506103515625,-0.0012685860456258524,-0.8238418493419886,-0.0014409317300305702,cell-003-620823a00cef,0.2601405084133148,11,50,0.41004639863967896,0.44175320863723755,0.014191420748829842,0.16892309486865997,0.01059015654027462,0.4364217519760132,0.33946365118026733,0.5331683158874512
0.12243661703541875,0.2454206570982933,0.38726948760449886,1.8321474455296993,C64-d16-L2-H4-m4-ffnnone,3,16,0.990234375,True,0.017819389700889587,0.84270179271698,7.119275093078613,,,,,,,400,0.990234375,True,True,0,0.26483288407325745,4,0.050258468836545944,0.02774382382631302,64,4,2,adamw,0.4487719163298607,0.6624417472630739,0.8699576184153557,0.23981701210141182,0.0002442000868541072,-0.00016800045159470756,0.5185546875,0.0008828348918541451,-0.9036535322666168,0.0007148344066081336,cell-003-620823a00cef,0.016136806458234787,11,100,0.9524819850921631,0.9657627940177917,0.005256816744804382,0.014146355912089348,0.006686651147902012,0.962087094783783,0.013767875730991364,0.03985770046710968
0.11153907445259392,0.2143192607909441,0.45106350257992744,2.7519530169665813,C64-d16-L2-H4-m4-ffnnone,3,16,1.0,True,0.00027699198108166456,0.9073324799537659,6.541914463043213,,,,,,,400,1.0,True,True,0,0.33952444791793823,4,0.008640717715024948,0.00017452746396884322,64,4,2,adamw,0.41865474730730057,0.9464701680699363,1.1268870569765568,0.2534460723400116,2.705190854612738e-05,-2.4020723685680423e-06,0.52490234375,-5.0819642183341784e-05,-0.5978729301132262,-5.322171136867837e-05,cell-003-620823a00cef,0.00029024071409367025,11,400,0.9559412002563477,1.0045968294143677,0.0006112910341471434,0.0009139212197624147,0.0016977146733552217,1.0031818151474,0.0005331701249815524,0.0037560968194156885
0.148971039801836,0.4015807583928108,0.15150612965226173,-0.16364315897226334,C16-d16-L2-H1-m4-ffn32,4,16,0.4921875,True,0.5641182661056519,0.6611177921295166,7.686499118804932,-4.566158168017864e-05,0.2107238993048668,0.466796875,-0.0012606950476765633,-0.0013063570950180292,32,800,0.525390625,True,True,0,0.0025350917130708694,4,0.14535365998744965,0.047427646815776825,16,1,2,sgd,0.9490369856357574,0.0012839697301387787,0.931324690580368,0.2141154706478119,0.012979906052350998,-0.0005434416234493256,0.45703125,0.0004908597329631448,-0.5413564518094063,-5.258223973214626e-05,cell-004-3af72ad1f350,0.5678189992904663,0,0,0.010779398493468761,0.0059663173742592335,0.12800607085227966,0.008848674595355988,0.0008614431717433035,0.006488463841378689,0.9895114302635193,1.1272276639938354
0.026755289174616337,0.4895208925008774,0.43021321669220924,2.5906957387924194,C16-d16-L2-H1-m4-ffn32,4,16,1.0,True,0.0008891955949366093,0.6499855518341064,6.469472885131836,-0.0005843890103278682,0.285671204328537,0.5478515625,-5.452666664496064e-05,-0.000638915691524744,32,800,1.0,True,True,0,0.4034579396247864,4,0.012491527944803238,0.0005778984050266445,16,1,2,sgd,0.9631890952587128,0.48722004890441895,1.9573489725589752,0.24370978772640228,8.259506830654573e-05,-0.00023613076155015733,0.5224609375,-3.340601688250899e-05,-1.3053264915943146,-0.00026953678752761334,cell-004-3af72ad1f350,0.0005555416573770344,0,200,0.9717798233032227,1.0005404949188232,0.00014217777061276138,0.0003423921298235655,0.00014742923667654395,1.0003619194030762,0.00028140086214989424,0.0009133999701589346
0.02285174746066332,0.4995621480047703,0.4318826273083687,2.6744125187397003,C16-d16-L2-H1-m4-ffn32,4,16,1.0,True,0.0002487768651917577,0.6457014083862305,6.4610185623168945,-0.00034882720501627773,0.30904626101255417,0.572265625,8.466873259749264e-05,-0.00026415845786686987,32,800,1.0,True,True,0,0.40903088450431824,4,0.007313871756196022,0.0001780600578058511,16,1,2,sgd,0.9470551013946533,0.5165370255708694,2.017206311225891,0.24792823195457458,3.659662343125092e-05,-0.00015752544641145505,0.53515625,7.943237869767472e-05,-1.1057515740394592,-7.809311136952601e-05,cell-004-3af72ad1f350,0.00016712056822143495,0,400,0.9654179811477661,0.9973053932189941,6.732568726874888e-05,0.00010344813927076757,5.4154756071511656e-05,0.9970717430114746,9.527558722766116e-05,0.00032020415528677404
0.020514349918812513,0.5075385347008705,0.4309184215962887,2.7196463495492935,C16-d16-L2-H1-m4-ffn32,4,16,1.0,True,0.00013992612366564572,0.6399900913238525,6.453016757965088,-0.0002536637693992816,0.33412161469459534,0.59765625,0.00016696795501047745,-8.669582894071937e-05,32,800,1.0,True,True,0,0.4104040563106537,4,0.004986396990716457,0.00010147503053303808,16,1,2,sgd,0.9328723549842834,0.5515205711126328,2.076873540878296,0.25860049575567245,2.025823278017924e-05,-9.911331653711386e-05,0.529296875,0.0001494085881859064,-1.0151152908802032,5.029522071708925e-05,cell-004-3af72ad1f350,7.477120379917324e-05,0,800,0.9621641635894775,0.9991077184677124,3.080722308368422e-05,3.5914170439355075e-05,2.309224510099739e-05,0.9990721940994263,3.418136475374922e-05,0.0001239950070157647
0.20809797197580338,0.169164864346385,0.2065412402153015,-0.2016053944826126,C16-d16-L2-H1-m4-ffn32,4,16,0.5078125,True,0.6967995166778564,0.6805012226104736,7.553332805633545,-0.004400270525366068,0.23301181197166443,0.4580078125,-0.012123107211664319,-0.01652337796986103,32,800,0.509765625,True,True,0,-0.0015567298978567123,4,0.22030074894428253,0.0915854200720787,16,1,2,sgd,0.9988425374031067,-0.38727517426013947,0.6724216043949127,0.2216029018163681,0.04046940244734287,-0.009265044704079628,0.513671875,-0.004750455962494016,-0.2327953726053238,-0.014015500899404287,cell-004-3af72ad1f350,0.7014517784118652,1,0,-0.02549099549651146,-0.04277205467224121,0.3204871118068695,0.022366732358932495,0.0076402886770665646,-0.04422992467880249,1.1010332107543945,1.4515273571014404
0.08369187451899052,0.19798075780272484,0.5509436279535294,2.4488893151283264,C16-d16-L2-H1-m4-ffn32,4,16,1.0,True,0.00027978370781056583,0.7505356669425964,5.966375827789307,-0.0001550735869386699,0.2851901799440384,0.6123046875,-0.0005044291610829532,-0.0006595027080038562,32,800,1.0,True,True,0,0.4672517478466034,4,0.008764318190515041,0.00021174768335185945,16,1,2,sgd,1.0424581170082092,0.32547733187675476,1.8614104390144348,0.27863356471061707,5.947775025560986e-05,0.0003280296514276415,0.58203125,-0.0006817404209868982,-0.9261771440505981,-0.0003537108132150024,cell-004-3af72ad1f350,0.000264778733253479,1,200,1.0542947053909302,1.0012096166610718,0.0001511876907898113,0.000100166245829314,8.052882913034409e-05,1.0012269020080566,0.00024971296079456806,0.0005815957556478679
0.08324522711336613,0.1963045746088028,0.5539597868919373,2.4635214507579803,C16-d16-L2-H1-m4-ffn32,4,16,1.0,True,0.00013904749357607216,0.7483972311019897,5.962752342224121,-7.991680104169063e-05,0.29211921989917755,0.6259765625,-0.0002964279556181282,-0.00037634471664205194,32,800,1.0,True,True,0,0.4707145094871521,4,0.006088275462388992,9.82575147645548e-05,16,1,2,sgd,1.0274522304534912,0.3629015237092972,1.910347193479538,0.28357595205307007,3.017302333319094e-05,0.0002472064697940368,0.583984375,-0.00043971250852337107,-0.7944235503673553,-0.00019250599143560976,cell-004-3af72ad1f350,0.00013644856517203152,1,400,1.0524779558181763,0.9967168569564819,7.10393360350281e-05,4.402003105496988e-05,3.637904592324048e-05,0.9966667890548706,0.00013597456563729793,0.000287412985926494
0.08292357623577118,0.19702017307281494,0.5542090833187103,2.4756311178207397,C16-d16-L2-H1-m4-ffn32,4,16,1.0,True,6.833417864982039e-05,0.7465829253196716,5.9565534591674805,-5.2837413022643887e-05,0.2917826324701309,0.630859375,-0.0002352114097448066,-0.00028804881731048226,32,800,1.0,True,True,0,0.47128552198410034,4,0.004435417242348194,5.0449212722014636e-05,16,1,2,sgd,1.0138531923294067,0.3994949609041214,1.9565979540348053,0.2898412048816681,1.6121277894853847e-05,0.00018051217557513155,0.58984375,-0.0003323924174765125,-0.686415508389473,-0.00015188018733169883,cell-004-3af72ad1f350,6.973204290261492e-05,1,800,1.057615041732788,1.000817060470581,3.605102392612025e-05,2.1820931578986347e-05,1.7445785488234833e-05,1.0007266998291016,6.870056677144021e-05,0.00014401829685084522
0.15432973951101303,0.393602192401886,0.1434086412191391,-0.3126922473311424,C16-d16-L2-H1-m4-ffn32,4,16,0.5078125,True,1.1963592767715454,0.5239017605781555,8.411805152893066,-0.018365557305514812,0.14460068196058273,0.3125,-0.01326796319335699,-0.03163352236151695,32,800,0.498046875,True,True,0,-0.010921088978648186,4,0.16362059116363525,0.07906298339366913,16,1,2,sgd,0.8736891150474548,-0.23637589067220688,0.6901005804538727,0.2274353727698326,0.03287970973178744,-0.017712313681840897,0.501953125,-0.007275950629264116,-0.41169361770153046,-0.024988263845443726,cell-004-3af72ad1f350,1.2230637073516846,2,0,-0.0017196134431287646,-0.023147497326135635,1.398816704750061,0.041760001331567764,0.002806006697937846,-0.023056846112012863,1.0504859685897827,2.493868827819824
0.07915840018540621,0.328244224190712,0.43428055942058563,2.2830548882484436,C16-d16-L2-H1-m4-ffn32,4,16,1.0,True,0.0011445849668234587,0.754460334777832,6.789687156677246,0.0006520040333271027,0.28612352162599564,0.5283203125,4.287509364075959e-05,0.0006948791269678622,32,800,1.0,True,True,0,0.3551221787929535,4,0.015433366410434246,0.0006534188287332654,16,1,2,sgd,1.0505918860435486,0.6954652070999146,2.1449532508850098,0.27212484180927277,0.00012323544433456846,-0.0005511041854333598,0.5712890625,0.0007175291830208153,-0.7624193001538515,0.0001664251321926713,cell-004-3af72ad1f350,0.0012320702662691474,2,200,1.0261750221252441,0.9972612261772156,0.0006249959114938974,0.000526276882737875,0.0003536076983436942,0.9977055788040161,0.0007831734837964177,0.0022880539763718843
0.07609736546874046,0.3393508493900299,0.4323571026325226,2.4585676193237305,C16-d16-L2-H1-m4-ffn32,4,16,1.0,True,0.0002329376875422895,0.7663065195083618,6.751919269561768,4.96928914799355e-05,0.28640276938676834,0.5439453125,-6.0360674979165196e-05,-1.0667761671356857e-05,32,800,1.0,True,True,0,0.35625970363616943,4,0.008502700366079807,0.00016180795500986278,16,1,2,sgd,1.015853762626648,0.7846494317054749,2.2961084842681885,0.26604636013507843,4.534408435574733e-05,-0.00035281637974549085,0.5830078125,0.00030522176530212164,-0.7938154228031635,-4.7594658099114895e-05,cell-004-3af72ad1f350,0.0002365881809964776,2,400,1.0299701690673828,0.9990699887275696,0.00014155151438899338,0.0001004389559966512,8.194097608793527e-05,0.9994806051254272,0.00012258031347300857,0.00044651178177446127
0.07511456124484539,0.34286466240882874,0.43179163336753845,2.5481231212615967,C16-d16-L2-H1-m4-ffn32,4,16,1.0,True,9.208593110088259e-05,0.7729889154434204,6.72728967666626,-1.7914891941472888e-05,0.3032679930329323,0.5625,-4.1980165406130254e-05,-5.989505007164553e-05,32,800,1.0,True,True,0,0.3566770553588867,4,0.005778054241091013,7.033970905467868e-05,16,1,2,sgd,1.0012981295585632,0.8387440592050552,2.4009467363357544,0.2599997967481613,2.4934500288509298e-05,-0.0002596978129076888,0.5654296875,0.00023874429462011904,-0.7710069119930267,-2.0953535567969084e-05,cell-004-3af72ad1f350,8.903458365239203e-05,2,800,1.0337004661560059,1.0015711784362793,5.6751101510599256e-05,4.003214417025447e-05,3.5009368730243295e-05,1.0018179416656494,4.452491702977568e-05,0.0001763175387168303
0.19216690957546234,0.24253492057323456,0.1809643879532814,-0.1830180585384369,C16-d16-L2-H1-m4-ffn32,4,16,0.5859375,True,0.9092772603034973,0.5797935128211975,8.813401222229004,0.011593230534344912,0.3509838283061981,0.630859375,0.004029377130791545,0.015622607432305813,32,800,0.58984375,True,True,0,-0.011202523484826088,4,0.16200754046440125,0.049881018698215485,16,1,2,sgd,0.9797206223011017,0.03795870393514633,1.0284689962863922,0.2324051856994629,0.02410899568349123,0.01853432133793831,0.48828125,-0.0008215559646487236,-0.09605612605810165,0.01771276630461216,cell-004-3af72ad1f350,0.9141339659690857,3,0,0.19638898968696594,0.22355353832244873,1.1355681419372559,0.20806485414505005,0.009570235386490822,0.2220868170261383,0.6273469924926758,1.9805502891540527
0.07148279156535864,0.40046894550323486,0.3850826472043991,2.391359031200409,C16-d16-L2-H1-m4-ffn32,4,16,0.9921875,True,0.015352227725088596,0.695111095905304,5.858826637268066,0.003254986702813767,0.21492187678813934,0.482421875,0.0045884475111961365,0.007843434112146497,32,800,0.990234375,True,True,0,0.3135998845100403,4,0.025396306067705154,0.016931384801864624,16,1,2,sgd,1.2020498514175415,1.0352005362510681,3.227749228477478,0.20953261107206345,0.0009700838709250093,0.0015035966644063592,0.4912109375,0.00394294218858704,-1.6006391048431396,0.005446538561955094,cell-004-3af72ad1f350,0.017878852784633636,3,200,0.8870316743850708,0.9355095624923706,0.006615083664655685,0.008242964744567871,0.008386095985770226,0.933313250541687,0.014842795208096504,0.038086939603090286
0.06494955718517303,0.3872664272785187,0.4178849160671234,2.710786819458008,C16-d16-L2-H1-m4-ffn32,4,16,1.0,True,0.00023288570810109377,0.6935094594955444,5.858921051025391,0.00015132946282392368,0.2907438725233078,0.58203125,0.0008219094888772815,0.0009732389298733324,32,800,1.0,True,True,0,0.3529353439807892,4,0.00531039759516716,8.835172047838569e-05,16,1,2,sgd,1.1110723614692688,1.1503862142562866,3.372758626937866,0.19974257797002792,4.482658937376982e-05,7.018174801487476e-05,0.4814453125,0.0005251062684692442,-1.3265894055366516,0.0005952879728283733,cell-004-3af72ad1f350,0.00025322585133835673,3,400,0.9603932499885559,0.9995040893554688,0.00013436739391181618,0.00012119582243030891,0.0001032328509609215,0.9998495578765869,0.0001340176968369633,0.0004928137641400099
0.06433551106601954,0.38700704276561737,0.41998641192913055,2.7459298372268677,C16-d16-L2-H1-m4-ffn32,4,16,1.0,True,0.00010283500887453556,0.6938653588294983,5.8474860191345215,0.00014506568550132215,0.30267977714538574,0.5732421875,0.0006214292952790856,0.0007664949807804078,32,800,1.0,True,True,0,0.3556509017944336,4,0.004030714742839336,4.933974196319468e-05,16,1,2,sgd,1.0882556438446045,1.1853606402873993,3.4321773052215576,0.19854474067687988,2.5520071972096048e-05,-2.880904503399506e-06,0.474609375,0.00037642978895746637,-1.2906214594841003,0.0003735488498932682,cell-004-3af72ad1f350,0.00010974041651934385,3,800,0.9648163318634033,1.001379132270813,5.195939593249932e-05,5.913777567911893e-05,5.003321712138131e-05,1.001641035079956,5.6132492318283767e-05,0.00021726288832724094
0.19439709186553955,0.23352796584367752,0.18328076601028442,-0.15625281631946564,C16-d16-L2-H1-m4-ffn32,4,16,0.546875,True,0.7888468503952026,0.5822912454605103,8.253628730773926,-0.004723798017948866,0.2630120664834976,0.4873046875,0.005691058235242963,0.0009672606829553843,32,800,0.5625,True,True,0,-0.011116322129964828,4,0.14763443171977997,0.05700582265853882,16,1,2,sgd,0.9544348120689392,-0.22079972922801971,0.7563644349575043,0.21566257625818253,0.016866746824234724,0.001975978957489133,0.501953125,-0.0013979784271214157,-0.204181095585227,0.0005780004430562258,cell-004-3af72ad1f350,0.7734689712524414,4,0,0.026365408673882484,0.044430360198020935,0.705681562423706,0.03744926303625107,0.0016459492035210133,0.04336818307638168,0.9202356338500977,1.6650123596191406
0.0903895702213049,0.25221049040555954,0.47662079334259033,2.0299927592277527,C16-d16-L2-H1-m4-ffn32,4,16,1.0,True,0.00024211095296777785,0.6585383415222168,7.017406940460205,2.6672192689147778e-05,0.20257343351840973,0.537109375,0.00012456958211259916,0.00015124178025871515,32,800,1.0,True,True,0,0.3862312436103821,4,0.006582473870366812,0.00013066857354715466,16,1,2,sgd,0.8560230433940887,0.77208570856601,2.3289573788642883,0.21819953620433807,2.6574898811304593e-05,-6.886469418532215e-05,0.5107421875,5.515802331501618e-05,-1.336839310824871,-1.3706652680411935e-05,cell-004-3af72ad1f350,0.0002494628424756229,4,200,1.0461101531982422,1.001884937286377,0.00011472350161056966,9.202631190419197e-05,4.5526707253884524e-05,1.0019315481185913,0.00023619242710992694,0.000488468911498785
0.08942895941436291,0.2441595271229744,0.48755356669425964,2.0575380325317383,C16-d16-L2-H1-m4-ffn32,4,16,1.0,True,0.00011598611308727413,0.6607366800308228,7.013766288757324,1.5843015717109665e-05,0.23416152596473694,0.5849609375,8.772822184255347e-05,0.00010357120481785387,32,800,1.0,True,True,0,0.398124635219574,4,0.004514600615948439,5.80182095291093e-05,16,1,2,sgd,0.8503750562667847,0.7890071850270033,2.3698914647102356,0.20796173810958862,1.2986278875359858e-05,-8.326608076458797e-05,0.51171875,2.437295188428834e-05,-1.2333386614918709,-5.88931143283844e-05,cell-004-3af72ad1f350,0.0001188931055366993,4,400,1.0434271097183228,0.999603271484375,5.53346035303548e-05,4.059376078657806e-05,2.2938122128834948e-05,0.9996615052223206,0.00012017500557703897,0.0002390415029367432
0.08848467655479908,0.23839476704597473,0.4961512088775635,2.0856264531612396,C16-d16-L2-H1-m4-ffn32,4,16,1.0,True,6.02853178861551e-05,0.663483738899231,7.010673999786377,1.8749698938336223e-05,0.25274430960416794,0.599609375,0.00011330263077979907,0.0001320523260801565,32,800,1.0,True,True,0,0.40766653418540955,4,0.003191005904227495,2.739833689702209e-05,16,1,2,sgd,0.8445626497268677,0.8088572937995195,2.412456750869751,0.1946997195482254,6.507663044885703e-06,-7.483276203856803e-05,0.521484375,5.053513450548053e-05,-1.24010618776083,-2.4297642085002735e-05,cell-004-3af72ad1f350,6.092276453273371e-05,4,800,1.044728398323059,1.001617670059204,2.617123755044304e-05,1.8800030375132337e-05,1.2515145499492064e-05,1.001603364944458,6.724138802383095e-05,0.00012472779781091958
0.1992664858698845,0.20325683057308197,0.19894374161958694,-0.11000782623887062,C16-d16-L2-H1-m4-ffn32,4,16,0.52734375,True,0.5700770020484924,0.7056615352630615,7.869094371795654,0.005233658594079316,0.2676069587469101,0.4912109375,0.008305503986775875,0.013539161533117294,32,800,0.52734375,True,True,0,-0.0003227408742532134,4,0.17308124899864197,0.052148304879665375,16,1,2,sgd,0.950837105512619,0.00630471296608448,0.9429695904254913,0.25507186353206635,0.02915549837052822,0.011120992247015238,0.53125,-0.0008441533427685499,-0.06563345342874527,0.010276839137077332,cell-004-3af72ad1f350,0.5898392200469971,5,0,0.03437875956296921,0.04787174239754677,0.2023766040802002,0.04043114557862282,0.024815311655402184,0.034711793065071106,0.9490640163421631,1.2166872024536133
0.09890428930521011,0.17004507780075073,0.5332420766353607,2.1135354936122894,C16-d16-L2-H1-m4-ffn32,4,16,1.0,True,0.00028018350712955,0.7656962275505066,6.81880521774292,-4.1549792513251305e-05,0.3565855920314789,0.640625,-0.0004590045427903533,-0.0005005543353036046,32,800,1.0,True,True,0,0.4343377947807312,4,0.00802883692085743,0.0001708255149424076,16,1,2,sgd,0.8875241279602051,0.6633785348385572,1.9983925819396973,0.2522949054837227,5.109467565489467e-05,-1.7868635040940717e-05,0.5576171875,-0.0003916342539014295,-0.7050894424319267,-0.00040950292896013707,cell-004-3af72ad1f350,0.00029539933893829584,5,200,1.0336114168167114,1.0009690523147583,0.00015344888379331678,6.662103987764567e-05,7.423256465699524e-05,1.0004587173461914,0.0002788777928799391,0.0005731802666559815
0.09656586311757565,0.17373600602149963,0.5365664064884186,2.1512168645858765,C16-d16-L2-H1-m4-ffn32,4,16,1.0,True,0.00012683634122367948,0.7645854949951172,6.815328121185303,5.29675144207431e-05,0.37196074426174164,0.662109375,-0.00027067106566391885,-0.00021770351304439828,32,800,1.0,True,True,0,0.4400005638599396,4,0.006206078454852104,9.885151666821912e-05,16,1,2,sgd,0.8805367350578308,0.6775839701294899,2.034977972507477,0.25960778445005417,3.3887710742419586e-05,-3.982429007010069e-05,0.5771484375,-0.0002719239200814627,-0.48523835837841034,-0.00031174822652246803,cell-004-3af72ad1f350,0.00013368629151955247,5,400,1.0315563678741455,0.9991227388381958,6.866538024041802e-05,3.110606485279277e-05,3.895233021466993e-05,0.9988622665405273,0.00012215205060783774,0.00026087582227773964
0.09414189215749502,0.1788366585969925,0.5387376844882965,2.1964155435562134,C16-d16-L2-H1-m4-ffn32,4,16,1.0,True,6.301519169937819e-05,0.763448178768158,6.816549301147461,7.255048330989666e-05,0.3773121237754822,0.654296875,-0.00027566640346776694,-0.00020311589469201863,32,800,1.0,True,True,0,0.4445957839488983,4,0.004979018121957779,6.348792521748692e-05,16,1,2,sgd,0.8731445968151093,0.689360374584794,2.063236802816391,0.25469253212213516,2.360732923989417e-05,-6.428155029425398e-05,0.5673828125,-0.0002326028552488424,-0.5171706564724445,-0.0002968844346469268,cell-004-3af72ad1f350,6.559156463481486e-05,5,800,1.0345869064331055,1.0006117820739746,3.589681364246644e-05,1.7046730135916732e-05,2.2406340576708317e-05,1.0004873275756836,5.476988008012995e-05,0.00013011976261623204
0.1838582083582878,0.28760765492916107,0.1608176976442337,-0.2302779108285904,C16-d16-L2-H1-m4-ffn32,4,16,0.564453125,True,0.6136103868484497,0.6050840020179749,7.846508026123047,-0.0010918639600276947,0.33154380321502686,0.5908203125,0.0020677840802818537,0.0009759203530848026,32,800,0.55078125,True,True,0,-0.02304050698876381,4,0.1428593099117279,0.04597601294517517,16,1,2,sgd,0.9735757112503052,0.12634804099798203,1.0890954732894897,0.21816083788871765,0.012749625835567713,0.003635988337919116,0.4814453125,-0.0006331976619549096,-0.5180404335260391,0.0030027914326637983,cell-004-3af72ad1f350,0.6259983777999878,6,0,0.04920230805873871,0.05983433872461319,0.3026975989341736,0.05028264969587326,0.004745393060147762,0.06014065071940422,0.8893184661865234,1.2470440864562988
0.08579911570996046,0.2140394076704979,0.5285632610321045,2.2015724778175354,C16-d16-L2-H1-m4-ffn32,4,16,1.0,True,0.00027655941084958613,0.7484447360038757,6.217697620391846,-0.00011840899242088199,0.3399132341146469,0.6005859375,-8.481071563437581e-05,-0.00020321973715908825,32,800,1.0,True,True,0,0.44276416301727295,4,0.006908330135047436,0.00020867872808594257,16,1,2,sgd,0.8795173466205597,0.9723992943763733,2.376996397972107,0.2568834349513054,2.738233661148115e-05,-0.0002821180942191859,0.541015625,-0.0002842860631062649,-1.063455879688263,-0.0005664041673298925,cell-004-3af72ad1f350,0.00026320546749047935,6,200,1.0190036296844482,1.000130534172058,0.000124856160255149,8.098220860119909e-05,5.9596888604573905e-05,0.9999747276306152,0.00019644845451693982,0.00046188366832211614
0.0831381268799305,0.2182769551873207,0.5323086678981781,2.2605633437633514,C16-d16-L2-H1-m4-ffn32,4,16,1.0,True,0.00011677593283820897,0.7485703229904175,6.208975315093994,-0.00010359782754676417,0.37609973549842834,0.6376953125,0.00012487106141634285,2.1273212041705847e-05,32,800,1.0,True,True,0,0.4491705596446991,4,0.004729855339974165,8.038150554057211e-05,16,1,2,sgd,0.8713122308254242,0.9956315159797668,2.4193159341812134,0.2546534463763237,1.3905338391850819e-05,-0.00017184463558805874,0.5498046875,-0.0001327653808402829,-0.9586195275187492,-0.00030460997368209064,cell-004-3af72ad1f350,0.00011794969759648666,6,400,1.0178889036178589,0.9989647269248962,6.0011101595591754e-05,3.26896297337953e-05,3.1245919672073796e-05,0.9986962080001831,8.908543532015756e-05,0.00021303209359757602
0.08167226240038872,0.21875666454434395,0.5362265706062317,2.297620326280594,C16-d16-L2-H1-m4-ffn32,4,16,1.0,True,5.682547634933144e-05,0.7504692077636719,6.202536582946777,-7.815356366336346e-05,0.39631757140159607,0.66015625,5.550609057536349e-05,-2.2647451260127127e-05,32,800,1.0,True,True,0,0.4545542895793915,4,0.0034962831996381283,4.3057341827079654e-05,16,1,2,sgd,0.8644010424613953,1.0158272087574005,2.45551598072052,0.25923410058021545,8.07993671969598e-06,-0.0001104497023334261,0.548828125,-0.000179522534381249,-0.9506287127733231,-0.0002899722530855797,cell-004-3af72ad1f350,5.390003934735432e-05,6,800,1.0185916423797607,1.0007250308990479,2.8068950996384956e-05,1.671127392910421e-05,1.67610814969521e-05,1.0005483627319336,3.962224946008064e-05,0.0001011635540635325
0.2193453013896942,0.12614203989505768,0.21582207083702087,-0.22426451742649078,C16-d16-L2-H1-m4-ffn32,4,16,0.525390625,True,0.5223815441131592,0.602362334728241,7.592530250549316,-0.0016692597419023514,0.19190878421068192,0.3720703125,0.008309731958433986,0.006640471983700991,32,800,0.54296875,True,True,0,-0.003523237304762006,4,0.11797395348548889,0.027957400307059288,16,1,2,sgd,0.8363679945468903,0.1673627272248268,0.9891133010387421,0.2136765792965889,0.011613270733505487,0.000613527256064117,0.48046875,0.003658422385342419,-0.42053942382335663,0.00427194987423718,cell-004-3af72ad1f350,0.5223835706710815,7,0,0.002436272334307432,0.0196637324988842,0.06193166226148605,0.012370319105684757,0.002126649720594287,0.021313250064849854,0.9613537788391113,1.0377824306488037
0.08072913717478514,0.23316626250743866,0.5246463418006897,2.4905921816825867,C16-d16-L2-H1-m4-ffn32,4,16,1.0,True,0.00021748768631368876,0.7507224678993225,5.9122490882873535,-0.00024104163458105177,0.3030022829771042,0.544921875,0.0014553526416420937,0.0012143109925091267,32,800,1.0,True,True,0,0.4439171552658081,4,0.005559202749282122,9.322560799773782e-05,16,1,2,sgd,0.8673323690891266,0.9832105040550232,2.6128209829330444,0.24708370864391327,2.645769745868165e-05,0.00021664579981006682,0.5302734375,5.834981857333332e-05,-1.1187678128480911,0.0002749956438492518,cell-004-3af72ad1f350,0.00022880517644807696,7,200,0.9654990434646606,0.9976999759674072,0.0001193807547679171,7.641127740498632e-05,6.687158747809008e-05,0.9981988668441772,0.0002021275577135384,0.00046479119919240475
0.07947064749896526,0.24022220075130463,0.5213658660650253,2.5332926511764526,C16-d16-L2-H1-m4-ffn32,4,16,1.0,True,0.00010243389988318086,0.7549347281455994,5.912108898162842,-0.0002579079518909566,0.31290044635534286,0.5615234375,0.0013216985971666873,0.001063790637999773,32,800,1.0,True,True,0,0.44189518690109253,4,0.004333344288170338,5.530221460503526e-05,16,1,2,sgd,0.8604659140110016,1.0088247060775757,2.664647877216339,0.24955685436725616,1.6813445199659327e-05,0.00019680232799146324,0.533203125,2.189419319620356e-05,-1.0550083369016647,0.00021869650663575158,cell-004-3af72ad1f350,0.00010879496403504163,7,400,0.9652441143989563,1.000262975692749,4.8812860768521205e-05,3.595876842155121e-05,3.4579534258227795e-05,1.0006283521652222,9.085035708267242e-05,0.00021020151325501502
0.0786187369376421,0.24325260519981384,0.5208911746740341,2.570673495531082,C16-d16-L2-H1-m4-ffn32,4,16,1.0,True,5.4563977755606174e-05,0.7587513327598572,5.907124042510986,-0.00025963865482481197,0.3167254403233528,0.5625,0.0011597602861002088,0.0009001216967590153,32,800,1.0,True,True,0,0.442272424697876,4,0.0033496725372970104,3.248384382459335e-05,16,1,2,sgd,0.854324609041214,1.0334370136260986,2.7175506353378296,0.2527623772621155,1.0561816907284083e-05,0.00017432762251701206,0.529296875,-8.868693839758635e-06,-0.9799995347857475,0.00016545893595321104,cell-004-3af72ad1f350,5.851807145518251e-05,7,800,0.9623357653617859,0.9993338584899902,2.436145041428972e-05,1.8489412468625233e-05,1.912762672873214e-05,0.9995832443237305,4.598569648806006e-05,0.00010796419519465417
0.16773216426372528,0.3398789167404175,0.15692459046840668,-0.15299737825989723,C16-d16-L2-H1-m4-ffn32,4,16,0.48046875,True,0.8607659935951233,0.6474815607070923,8.444381713867188,-0.005395209998823702,0.2705519124865532,0.4931640625,-0.009347457147669047,-0.014742664992809296,32,800,0.46875,True,True,0,-0.010807563550770283,4,0.20761758089065552,0.09837017953395844,16,1,2,sgd,1.1251603364944458,-0.21693091094493866,0.8959630727767944,0.2216586023569107,0.043190931901335716,-0.010951847769320011,0.4794921875,0.0014565401361323893,-0.4620864689350128,-0.009495306760072708,cell-004-3af72ad1f350,0.8366462588310242,8,0,-0.07577356696128845,-0.09441018849611282,0.40817689895629883,0.0639115646481514,0.013623500242829323,-0.08629986643791199,1.190749168395996,1.6764612197875977
0.08729234896600246,0.22646257281303406,0.5116603970527649,2.3153477609157562,C16-d16-L2-H1-m4-ffn32,4,16,1.0,True,0.00044227554462850094,0.7729015350341797,6.318575382232666,0.00013864992797607556,0.22124920785427094,0.5341796875,-0.0011532343341968954,-0.0010145844426006079,32,800,1.0,True,True,0,0.4243680536746979,4,0.011229881085455418,0.00036566139897331595,16,1,2,sgd,1.0676021575927734,0.5940306968986988,2.235637128353119,0.21696704626083374,2.87109296550625e-05,-0.0002963165825349279,0.513671875,-0.000495434258482419,-1.7020985782146454,-0.000791750819189474,cell-004-3af72ad1f350,0.00047953834291547537,8,200,1.0203864574432373,0.9961199760437012,0.00013367099745664746,0.00027318942011334,9.307925938628614e-05,0.9963657855987549,0.000404504535254091,0.0009044442558661103
0.08387140184640884,0.2360885888338089,0.512297198176384,2.4193584322929382,C16-d16-L2-H1-m4-ffn32,4,16,1.0,True,0.00015773766790516675,0.7726021409034729,6.297583103179932,0.00014752147762919776,0.2525120973587036,0.580078125,-0.0004998576332582161,-0.00035233616654295474,32,800,1.0,True,True,0,0.42842578887939453,4,0.006608269643038511,0.00010791247041197494,16,1,2,sgd,1.0578719973564148,0.6172980777919292,2.294364094734192,0.23175783455371857,1.6531776509509655e-05,-0.00020713165577035397,0.529296875,-7.990848098415881e-05,-1.3523326218128204,-0.00028704012947855517,cell-004-3af72ad1f350,0.00015771944890730083,8,400,1.0270307064056396,1.0005240440368652,5.049708852311596e-05,8.694368443684652e-05,4.343994805822149e-05,1.0006051063537598,0.00013675274385605007,0.00031763347215019166
0.0814615385606885,0.24035868048667908,0.5152567028999329,2.4964992702007294,C16-d16-L2-H1-m4-ffn32,4,16,1.0,True,6.834205123595893e-05,0.7728334069252014,6.278977394104004,0.0001435118101653643,0.29823002219200134,0.6015625,-0.00019845474162138999,-5.494292781804688e-05,32,800,1.0,True,True,0,0.43379515409469604,4,0.00430136127397418,4.325890040490776e-05,16,1,2,sgd,1.0530983209609985,0.638642393052578,2.347721219062805,0.24653704464435577,1.0939280286947906e-05,-0.00014865591583657078,0.529296875,9.336488437838852e-05,-1.0399765074253082,-5.5291038734139875e-05,cell-004-3af72ad1f350,6.750725879101083e-05,8,800,1.030277132987976,1.0012657642364502,2.3199305360321887e-05,3.502694744383916e-05,2.4238539481302723e-05,1.0013072490692139,5.730990233132616e-05,0.00013977469643577933
0.1459207534790039,0.4248519614338875,0.13738583773374557,-0.12316969782114029,C16-d16-L2-H1-m4-ffn32,4,16,0.513671875,True,1.894012451171875,0.6303988099098206,8.00259780883789,0.0035511411260813475,0.28889983892440796,0.5537109375,0.012819866416975856,0.016371008474379778,32,800,0.513671875,True,True,0,-0.008534906432032585,4,0.09160821884870529,0.018339086323976517,16,1,2,sgd,0.902409553527832,0.19883136823773384,1.0789275765419006,0.21301555633544922,0.007664698583539575,0.010402828396763653,0.4765625,-0.0001211479539051652,-0.6318721771240234,0.010281680268235505,cell-004-3af72ad1f350,1.8900654315948486,9,0,-0.07327255606651306,-0.06574980169534683,2.6558783054351807,0.03010857291519642,0.005944953765720129,-0.06777910888195038,1.1426174640655518,3.8345491886138916
0.18379846215248108,0.1846890151500702,0.26391562819480896,-3.34476400911808,C16-d16-L2-H1-m4-ffn32,4,16,0.810546875,True,0.24400010704994202,0.76972496509552,5.624149799346924,0.016619166359305382,0.14280349761247635,0.345703125,0.01683789538219571,0.033457063138484955,32,800,0.81640625,True,True,0,0.08011715859174728,4,0.1856365203857422,0.13135172426700592,16,1,2,sgd,1.1562594771385193,0.6961075067520142,2.287217617034912,0.26709386706352234,0.03716258401982486,-0.014587156940251589,0.6328125,0.024557518307119608,-1.1913462281227112,0.009970359969884157,cell-004-3af72ad1f350,0.24575307965278625,9,200,0.5617082118988037,0.5516301393508911,0.027291124686598778,0.12775959074497223,0.05387091264128685,0.5502412915229797,0.2505570650100708,0.4594786763191223
0.0780128538608551,0.24744714424014091,0.5185143053531647,2.262511432170868,C16-d16-L2-H1-m4-ffn32,4,16,1.0,True,0.0035285484045743942,0.757980465888977,5.303210258483887,0.0031437494762940332,0.3791857808828354,0.62109375,0.004031480988487601,0.0071752306539565325,32,800,1.0,True,True,0,0.44050145149230957,4,0.02422594465315342,0.003834808710962534,16,1,2,sgd,1.0075023770332336,0.6305415682727471,2.2931262254714966,0.2486036717891693,0.0007851903792470694,-0.0002688165404833853,0.544921875,0.0013338546268641949,-1.6163619756698608,0.0010650380863808095,cell-004-3af72ad1f350,0.0018610474653542042,9,400,1.0149556398391724,0.9957111477851868,0.0021239696070551872,0.002093073446303606,0.002765119541436434,0.9966943860054016,0.0016163269756361842,0.008598489686846733
0.05545051023364067,0.29164301604032516,0.5420054346323013,3.117653489112854,C16-d16-L2-H1-m4-ffn32,4,16,1.0,True,0.00012883011368103325,0.7930424809455872,5.358588218688965,0.0010583217954263091,0.47931016981601715,0.7314453125,0.002626318484544754,0.0036846401635557413,32,800,1.0,True,True,0,0.48655492067337036,4,0.006390920840203762,0.00014286352961789817,16,1,2,sgd,0.9803452789783478,0.7517551183700562,2.555578976869583,0.26093588024377823,9.768226118467283e-05,0.0005047935992479324,0.5439453125,0.0003800773120019585,-1.2705218195915222,0.0008848709403537214,cell-004-3af72ad1f350,9.976887668017298e-05,9,800,1.0052523612976074,1.0002760887145996,7.767850183881819e-05,4.052840085932985e-05,4.409886969369836e-05,1.0001055002212524,4.356940553407185e-05,0.00020587517064996064
0.21021896600723267,0.16388585418462753,0.20545724779367447,-0.13992974907159805,C16-d16-L2-H1-m4-ffn32,4,16,0.49609375,True,0.6117069721221924,0.697542130947113,8.41893482208252,0.004739111289381981,0.30382439494132996,0.57421875,0.01137162046507001,0.016110732220113277,32,800,0.498046875,True,True,0,-0.004761730320751667,4,0.08329996466636658,0.012514961883425713,16,1,2,sgd,0.9917322397232056,-0.19714172184467316,0.8327187597751617,0.17909053713083267,0.005859247175976634,0.01039806311018765,0.458984375,0.0016558300703763962,-0.24728963524103165,0.012053892947733402,cell-004-3af72ad1f350,0.60057532787323,10,0,-0.011486555449664593,-0.00843164324760437,0.23186931014060974,0.004739248193800449,0.0005733335274271667,-0.008922239765524864,1.0188413858413696,1.2560234069824219
0.03230578452348709,0.44176414608955383,0.4613185077905655,3.0925132036209106,C16-d16-L2-H1-m4-ffn32,4,16,1.0,True,0.0005548689514398575,0.6787091493606567,7.228127956390381,-0.0006297799554886296,0.3148829936981201,0.5537109375,-0.0002902399210142903,-0.0009200198692269623,32,800,1.0,True,True,0,0.4290127158164978,4,0.011298918165266514,0.00037690301542170346,16,1,2,sgd,0.9528453052043915,0.5538424104452133,2.027588963508606,0.2608739584684372,0.00012885910109616816,-0.0002865376591216773,0.541015625,-0.00014889950398355722,-0.9386081993579865,-0.0004354371485533193,cell-004-3af72ad1f350,0.0004983627004548907,10,200,0.9981555938720703,1.0029220581054688,0.000399941171053797,0.00022038530732970685,0.0003447278868407011,1.0022344589233398,0.0003819628618657589,0.001347017241641879
0.029623081907629967,0.4538581371307373,0.45727258920669556,3.1300944089889526,C16-d16-L2-H1-m4-ffn32,4,16,1.0,True,0.00017771385319065303,0.6830966472625732,7.207856178283691,-0.0002813576356857084,0.3362719863653183,0.591796875,-0.0001674307477514958,-0.0004487883416004479,32,800,1.0,True,True,0,0.42764949798583984,4,0.006814845837652683,0.00013499717169906944,16,1,2,sgd,0.9360143542289734,0.5980802774429321,2.1150675415992737,0.25983136892318726,4.664383959607221e-05,-0.00023261610476765782,0.5263671875,0.0001175985235022381,-1.0010103285312653,-0.00011501761036925018,cell-004-3af72ad1f350,0.00017453657346777618,10,400,0.9798436760902405,1.0020856857299805,0.00014451035531237721,5.0166461733169854e-05,8.135793905239552e-05,1.0012738704681396,0.00012966219219379127,0.0004056969191879034
0.02637701854109764,0.47111761569976807,0.4497512876987457,3.1884288787841797,C16-d16-L2-H1-m4-ffn32,4,16,1.0,True,6.244155520107597e-05,0.686360239982605,7.192135810852051,-0.00011961786731262691,0.3404611647129059,0.595703125,-0.00023825510288588703,-0.0003578729520086199,32,800,1.0,True,True,0,0.4233742952346802,4,0.004597472958266735,5.5453179811593145e-05,16,1,2,sgd,0.931727945804596,0.6212115809321404,2.1760364770889282,0.25558535009622574,2.1994835606164997e-05,-0.0002647840592544526,0.529296875,3.556895535439253e-05,-1.089943528175354,-0.00022921506024431437,cell-004-3af72ad1f350,5.726794188376516e-05,10,800,0.9839537739753723,1.0008502006530762,4.144872218603268e-05,1.5947460269671865e-05,2.4866010789992288e-05,1.0005829334259033,4.307601921027526e-05,0.0001253382069990039
0.2061861976981163,0.17967984452843666,0.20176159590482712,-0.17745303735136986,C16-d16-L2-H1-m4-ffn32,4,16,0.47265625,True,2.1684658527374268,0.6842079758644104,8.081852912902832,0.026394199579954147,0.35864466428756714,0.6123046875,0.031277946662157774,0.05767214484512806,32,800,0.47265625,True,True,0,-0.004424604121595621,4,0.1675475835800171,0.06742741167545319,16,1,2,sgd,0.9076135754585266,0.049743764102458954,0.9521084427833557,0.2195684015750885,0.020838097669184208,0.03178763296455145,0.48046875,0.016529827378690243,-0.5344540178775787,0.04831746220588684,cell-004-3af72ad1f350,2.1704599857330322,11,0,0.059520211070775986,0.07137786597013474,3.1898021697998047,0.053094856441020966,0.008075129240751266,0.07207760214805603,0.8717923760414124,4.1227641105651855
0.10179771669209003,0.1908346265554428,0.5037722438573837,2.1732647493481636,C16-d16-L2-H1-m4-ffn32,4,16,1.0,True,0.0013387592043727636,0.6301882863044739,6.340050220489502,0.0006298058870015666,0.18370261788368225,0.572265625,-0.0013799384469166398,-0.0007501326035708189,32,800,1.0,True,True,0,0.40197452902793884,4,0.026407673954963684,0.002852750476449728,16,1,2,sgd,1.4031324982643127,0.5932695046067238,2.606931746006012,0.20368319749832153,0.00023884269467089325,-0.0006670408765785396,0.54296875,0.00039661947812419385,-1.675378903746605,-0.00027042184956371784,cell-004-3af72ad1f350,0.0022293366491794586,11,200,0.9990079402923584,1.000537395477295,0.00039405436837114394,0.0008604870527051389,0.0004647841560654342,1.0005574226379395,0.0008776061004027724,0.0025969315320253372
0.09501062333583832,0.20461946725845337,0.5103486776351929,2.390880972146988,C16-d16-L2-H1-m4-ffn32,4,16,1.0,True,0.0004423243517521769,0.6334362626075745,6.3475141525268555,0.0005066064368293155,0.21065311133861542,0.595703125,-0.0002434084890410304,0.00026319838070776314,32,800,1.0,True,True,0,0.41533806920051575,4,0.016133662313222885,0.0013193341437727213,16,1,2,sgd,1.3384093046188354,0.6294891089200974,2.600626289844513,0.220497228205204,0.00012337123916950077,-0.00038616341771557927,0.5400390625,0.0012629535267478786,-1.396349661052227,0.0008767895051278174,cell-004-3af72ad1f350,0.0009698081994429231,11,400,0.9949015378952026,0.9995291829109192,0.00014370091957971454,0.0002945854212157428,0.00022214306227397174,0.9997828006744385,0.00027222285280004144,0.0009326522704213858
0.09085060469806194,0.21144572645425797,0.5160024836659431,2.540972799062729,C16-d16-L2-H1-m4-ffn32,4,16,1.0,True,0.00019133702153339982,0.6391182541847229,6.351094722747803,0.0001355061922367895,0.2437925860285759,0.6298828125,1.0339575965190306e-05,0.00014584572636522353,32,800,1.0,True,True,0,0.42515188455581665,4,0.010311354883015156,0.00034293526550754905,16,1,2,sgd,1.284637689590454,0.6472418904304504,2.571521043777466,0.2396649718284607,6.832882172602694e-05,-0.00026265605629305355,0.5634765625,0.001109070290112868,-1.1918808557093143,0.0008464143611490726,cell-004-3af72ad1f350,0.00027338837389834225,11,800,0.9936578273773193,0.9996713399887085,6.994514114921913e-05,0.00011764719965867698,0.00010090809519169852,0.999744713306427,0.00010323342576157302,0.00039173386176116765
0.2129785344004631,0.15287145972251892,0.20819295942783356,-0.07375073060393333,C16-d16-L2-H1-m4-ffnnone,0,16,0.49609375,True,0.9979190230369568,0.7035661339759827,7.229750633239746,,,,,,,800,0.50390625,True,True,0,-0.004785566590726376,4,0.1677454560995102,0.047300003468990326,16,1,2,sgd,1.0239229202270508,-0.24368180334568024,0.7834998667240143,0.16654294729232788,0.015440603718161583,0.0163006535731256,0.4765625,0.0038794693537056446,-0.18197962641716003,0.020180122461169958,cell-000-3a7c05ff2495,0.9751172065734863,0,0,0.0693802535533905,0.12098744511604309,1.0339546203613281,0.04274933040142059,0.003367230761796236,0.12202860414981842,0.7751789689064026,1.8552501201629639
0.07889669202268124,0.23550362139940262,0.5278063416481018,2.7034356594085693,C16-d16-L2-H1-m4-ffnnone,0,16,1.0,True,0.0014576184330508113,0.740074872970581,6.051967144012451,,,,,,,800,1.0,True,True,0,0.44890961050987244,4,0.01918824575841427,0.0013014402939006686,16,1,2,sgd,1.381446659564972,0.9501523971557617,3.4964044094085693,0.17205853760242462,8.825448458082974e-05,-0.0003076751745538786,0.4775390625,-0.001146727638115408,-1.9826863780617714,-0.0014544029254466295,cell-000-3a7c05ff2495,0.0012964257039129734,0,200,1.0131826400756836,0.9986682534217834,0.000453497952548787,0.0008951839990913868,0.00024431789643131196,0.9977091550827026,0.0010416267905384302,0.002634626580402255
0.07668103091418743,0.2432190552353859,0.526737853884697,2.8560089468955994,C16-d16-L2-H1-m4-ffnnone,0,16,1.0,True,0.0002655901771504432,0.7387065291404724,6.049499034881592,,,,,,,800,1.0,True,True,0,0.4500568211078644,4,0.008093512617051601,0.00020245040650479496,16,1,2,sgd,1.329528570175171,1.020642638206482,3.631135940551758,0.18963125348091125,2.1222729856162914e-05,-0.00013442647468764335,0.5078125,-0.00046539734830730595,-1.6545387357473373,-0.0005998238630127162,cell-000-3a7c05ff2495,0.0002352224400965497,0,400,1.0262892246246338,0.9999529719352722,7.144220580812544e-05,0.00013772786769550294,5.091658385936171e-05,0.9993765354156494,0.00020562182180583477,0.0004657084937207401
0.07596117164939642,0.24815338104963303,0.5239630788564682,2.914714813232422,C16-d16-L2-H1-m4-ffnnone,0,16,1.0,True,9.276179480366409e-05,0.7380021214485168,6.046926498413086,,,,,,,800,1.0,True,True,0,0.4480019211769104,4,0.004615036770701408,6.475839472841471e-05,16,1,2,sgd,1.3008816838264465,1.0635727047920227,3.720446228981018,0.1904626488685608,8.819534969006781e-06,-8.185844490071759e-05,0.5068359375,-0.0002686512852960732,-1.3289533853530884,-0.0003505097047309391,cell-000-3a7c05ff2495,8.626222552265972e-05,0,800,1.0282951593399048,1.0000531673431396,2.7803171178675257e-05,4.214737782604061e-05,2.03995150513947e-05,0.9997037649154663,7.217275560833514e-05,0.00016252283239737153
0.2085796371102333,0.15991630777716637,0.2143447995185852,-0.01705581322312355,C16-d16-L2-H1-m4-ffnnone,0,16,0.484375,True,0.5963432788848877,0.5073335766792297,8.149219512939453,,,,,,,800,0.482421875,True,True,0,0.005765159614384174,4,0.12045042961835861,0.034784361720085144,16,1,2,sgd,0.8615416586399078,-0.0221949506085366,0.8296842575073242,0.23504231125116348,0.02014673501253128,6.740167737007141e-05,0.5439453125,0.002494101761840284,-0.03108270652592182,0.00256150308996439,cell-000-3a7c05ff2495,0.5986665487289429,1,0,-0.014348424971103668,-0.02667653001844883,0.11558438092470169,0.028672225773334503,0.0031888121739029884,-0.027301328256726265,1.0618442296981812,1.20928955078125
0.07581368647515774,0.3001866340637207,0.47237229347229004,2.5100433230400085,C16-d16-L2-H1-m4-ffnnone,0,16,1.0,True,0.0003573903231881559,0.6864132285118103,6.313562870025635,,,,,,,800,1.0,True,True,0,0.39655861258506775,4,0.007796409074217081,0.00017122388817369938,16,1,2,sgd,0.7896330952644348,1.0006756484508514,2.256451964378357,0.19280659407377243,1.2133677500969497e-05,-0.00017461782772443257,0.5009765625,-3.0094695830484852e-05,-1.7808919996023178,-0.00020471248717512935,cell-000-3a7c05ff2495,0.0003586137027014047,1,200,0.9832254648208618,1.0024805068969727,0.00012475092080421746,0.00019896816229447722,3.6328627174953e-05,1.0020966529846191,0.0003323039854876697,0.000692351721227169
0.0744466632604599,0.30404527485370636,0.47261475026607513,2.5747080743312836,C16-d16-L2-H1-m4-ffnnone,0,16,1.0,True,0.0001565569400554523,0.6855955123901367,6.309507369995117,,,,,,,800,1.0,True,True,0,0.39816808700561523,4,0.0053766025230288506,7.867971726227552e-05,16,1,2,sgd,0.7818197011947632,1.0608208775520325,2.3605345487594604,0.1960972622036934,7.435159432134242e-06,-0.0001129768970713485,0.5078125,-7.277805707417428e-05,-1.502937886863947,-0.00018575495050754398,cell-000-3a7c05ff2495,0.00015524806804023683,1,400,0.9823781251907349,1.0027761459350586,5.526688619283959e-05,9.211795986630023e-05,1.936335684149526e-05,1.002445936203003,0.00014161027502268553,0.00030835848883725703
0.07327458448708057,0.3038780689239502,0.47629816830158234,2.6334746181964874,C16-d16-L2-H1-m4-ffnnone,0,16,1.0,True,7.183413254097104e-05,0.6851049065589905,6.30300235748291,,,,,,,800,1.0,True,True,0,0.4030236005783081,4,0.0037427376955747604,3.713027399498969e-05,16,1,2,sgd,0.7742691040039062,1.1167435348033905,2.461130678653717,0.19871172308921814,4.560422553367971e-06,-7.87152603152208e-05,0.525390625,-7.465232192771509e-05,-1.3067970061674714,-0.00015336759315687232,cell-000-3a7c05ff2495,7.03253026586026e-05,1,800,0.9795173406600952,0.9997463226318359,2.780002796498593e-05,4.4393829739419743e-05,1.1699796232278459e-05,0.9994792938232422,5.985651660012081e-05,0.00014375017781276256
0.20638800412416458,0.15911684930324554,0.2217191606760025,-0.024977692402899265,C16-d16-L2-H1-m4-ffnnone,0,16,0.53125,True,0.9246553182601929,0.5705852508544922,8.403874397277832,,,,,,,800,0.546875,True,True,0,0.015331161208450794,4,0.17432215809822083,0.054514314979314804,16,1,2,sgd,0.8112470209598541,-0.06453222967684269,0.7420020401477814,0.23036695271730423,0.02262839488685131,-0.018349244724959135,0.5185546875,-0.001118967542424798,-0.19581632688641548,-0.01946821343153715,cell-000-3a7c05ff2495,0.9234440326690674,2,0,0.10567809641361237,0.1115449070930481,0.986234188079834,0.049321092665195465,0.0018280574586242437,0.10843706876039505,0.8035213947296143,1.840904712677002
0.07610005792230368,0.2228245884180069,0.5488752722740173,2.567730128765106,C16-d16-L2-H1-m4-ffnnone,0,16,1.0,True,0.00041681015864014626,0.6996067762374878,7.0525336265563965,,,,,,,800,1.0,True,True,0,0.4727752208709717,4,0.009993289597332478,0.0002358354104217142,16,1,2,sgd,0.904216855764389,0.8790191411972046,2.2711037397384644,0.22296316921710968,3.5804061553790234e-05,-0.00045265584776643664,0.5263671875,-6.871782534290105e-05,-1.5774973630905151,-0.0005213736440055072,cell-000-3a7c05ff2495,0.00040150684071704745,2,200,1.0053691864013672,0.998586893081665,0.0001727809722069651,0.00019799466826952994,8.205162885133177e-05,0.9990430474281311,0.0004231176571920514,0.000875944911967963
0.0756735922768712,0.2226848006248474,0.5502944588661194,2.6174997091293335,C16-d16-L2-H1-m4-ffnnone,0,16,1.0,True,0.00017650732479523867,0.7007869482040405,7.041423320770264,,,,,,,800,1.0,True,True,0,0.47462084889411926,4,0.006557969376444817,0.00010151750757358968,16,1,2,sgd,0.8911833763122559,0.9389076828956604,2.3752559423446655,0.22422124445438385,1.6913724948608433e-05,-0.00034759978734655306,0.54296875,-7.635852489329409e-05,-1.2893390879034996,-0.0004239582922309637,cell-000-3a7c05ff2495,0.0001706385228317231,2,400,0.9997590780258179,0.9974470138549805,7.353972614509985e-05,8.355212776223198e-05,3.559124161256477e-05,0.9977923631668091,0.0001783999614417553,0.0003710830642376095
0.075219483114779,0.22296829521656036,0.5513732731342316,2.6653842329978943,C16-d16-L2-H1-m4-ffnnone,0,16,1.0,True,7.922822260297835e-05,0.7013915777206421,7.0334272384643555,,,,,,,800,1.0,True,True,0,0.47615379095077515,4,0.004501653835177422,4.7871042625047266e-05,16,1,2,sgd,0.878708004951477,0.9961146414279938,2.4784189462661743,0.2121850624680519,8.65181982590002e-06,-0.0002676255753613077,0.5302734375,-6.71448196953861e-05,-1.1042993105947971,-0.00033477036049589515,cell-000-3a7c05ff2495,7.702655420871451e-05,2,800,0.9965430498123169,0.9987950325012207,3.265935447416268e-05,3.892592212650925e-05,1.7871530872071162e-05,0.9990487098693848,7.615196227561682e-05,0.00016560878430027515
0.21575970947742462,0.14876732230186462,0.2039535492658615,-0.18803255259990692,C16-d16-L2-H1-m4-ffnnone,0,16,0.453125,True,0.6906008124351501,0.5733333230018616,7.6165771484375,,,,,,,800,0.48046875,True,True,0,-0.011806170456111431,4,0.18729817867279053,0.06658103317022324,16,1,2,sgd,0.8898962736129761,-0.12973662093281746,0.7707618176937103,0.27693748474121094,0.02672216249629855,0.005710078869014978,0.57421875,0.00304770702496171,-0.01240766141563654,0.008757784962654114,cell-000-3a7c05ff2495,0.6770888566970825,3,0,-0.03772404044866562,-0.028680678457021713,0.27297526597976685,0.01650117337703705,0.005290919449180365,-0.027925007045269012,1.0610473155975342,1.3558146953582764
0.06391976866871119,0.23304441571235657,0.5751962661743164,2.927298069000244,C16-d16-L2-H1-m4-ffnnone,0,16,1.0,True,0.0004671273927669972,0.8404337167739868,5.8836212158203125,,,,,,,800,1.0,True,True,0,0.5112764835357666,4,0.011842585168778896,0.00039019505493342876,16,1,2,sgd,0.9787465333938599,0.7631610631942749,2.0994068384170532,0.25790707767009735,7.391872350126505e-05,2.9695263947360218e-05,0.5107421875,0.0005623856850434095,-1.0808649063110352,0.0005920809344388545,cell-000-3a7c05ff2495,0.0004964502877555788,3,200,0.9564811587333679,0.9895811080932617,0.00028489233227446675,0.0002014906785916537,7.52326741348952e-05,0.9895123243331909,0.00042856455547735095,0.0009901802986860275
0.06393987499177456,0.2314901202917099,0.5766902714967728,2.999105155467987,C16-d16-L2-H1-m4-ffnnone,0,16,1.0,True,0.00014059871318750083,0.8394050002098083,5.896044731140137,,,,,,,800,1.0,True,True,0,0.5127503871917725,4,0.006971735507249832,0.00014173195813782513,16,1,2,sgd,0.9661010503768921,0.8333559930324554,2.2159754037857056,0.2740146741271019,3.082856346736662e-05,1.1052703484892845e-05,0.529296875,0.000354007504938636,-0.8038128763437271,0.00036506021569948643,cell-000-3a7c05ff2495,0.00014996121171861887,3,400,0.9595478773117065,0.9981006979942322,9.350135223940015e-05,6.168196705402806e-05,2.759959716058802e-05,0.9980487823486328,0.00011239672312512994,0.0002951796632260084
0.06323883309960365,0.23787935078144073,0.572404146194458,3.0837854146957397,C16-d16-L2-H1-m4-ffnnone,0,16,1.0,True,5.768842311226763e-05,0.8376317024230957,5.913280963897705,,,,,,,800,1.0,True,True,0,0.5091652870178223,4,0.004397143609821796,5.061262709205039e-05,16,1,2,sgd,0.953565388917923,0.8920494914054871,2.3145129680633545,0.28117746114730835,1.4788521639275132e-05,1.5526784409303218e-05,0.5537109375,0.00024117684733937494,-0.6965926885604858,0.00025670362083474174,cell-000-3a7c05ff2495,6.273726467043161e-05,3,800,0.9535263776779175,0.9979228973388672,3.8552272599190474e-05,1.9412811525398865e-05,1.193223761219997e-05,0.9978816509246826,5.336024332791567e-05,0.000123257574159652
0.1668686792254448,0.33334288001060486,0.16605107486248016,-0.10625436529517174,C16-d16-L2-H1-m4-ffnnone,0,16,0.453125,True,3.0105152130126953,0.6270567178726196,7.604416370391846,,,,,,,800,0.455078125,True,True,0,-0.0008176143746823072,4,0.17754140496253967,0.061705414205789566,16,1,2,sgd,1.008316993713379,-0.2957853227853775,0.7368736565113068,0.2614528462290764,0.02684016525745392,-0.020827890373766422,0.5185546875,-0.006208022590726614,-0.17378266155719757,-0.027035914361476898,cell-000-3a7c05ff2495,3.003941297531128,4,0,-0.041806019842624664,-0.03371297940611839,4.52419900894165,0.023882044479250908,0.002445557154715061,-0.03708109259605408,1.0793006420135498,5.629827499389648
0.20462819933891296,0.16140060871839523,0.22471483051776886,0.05254026409238577,C16-d16-L2-H1-m4-ffnnone,0,16,0.7578125,True,0.33988410234451294,0.6113713979721069,7.199674129486084,,,,,,,800,0.751953125,True,True,0,0.020086640492081642,4,0.043687671422958374,0.003190966323018074,16,1,2,sgd,1.8588235974311829,0.7198248207569122,3.9443345069885254,0.2938457876443863,0.0010485536186024547,-0.0021235672757029533,0.6259765625,-0.00012628035619854927,-0.27584561705589294,-0.0022498478065244853,cell-000-3a7c05ff2495,0.34151148796081543,4,200,0.24851742386817932,0.28933748602867126,0.0033583559561520815,0.20768553018569946,0.00045481917914003134,0.28879475593566895,0.5075472593307495,0.7190459966659546
0.09082510229200125,0.15520787052810192,0.5723168179392815,3.076584130525589,C16-d16-L2-H1-m4-ffnnone,0,16,1.0,True,0.002435533795505762,0.7775850296020508,5.284335136413574,,,,,,,800,1.0,True,True,0,0.48149174451828003,4,0.03293036296963692,0.003006706014275551,16,1,2,sgd,1.780795693397522,0.7199805118143559,4.245280504226685,0.1846122294664383,0.0003739446360668808,0.0012838056209147908,0.52734375,-0.001382341855787672,-1.9692536108195782,-9.853625670075417e-05,cell-000-3a7c05ff2495,0.0022692084312438965,4,400,1.0131276845932007,0.9898353219032288,0.0008097637910395861,0.0017866771668195724,0.00034146319376304746,0.9904754161834717,0.0021020807325839996,0.005039984825998545
0.08493712916970253,0.16059519909322262,0.5845934301614761,3.9824505001306534,C16-d16-L2-H1-m4-ffnnone,0,16,1.0,True,0.00034259905805811286,0.7750710248947144,5.205127716064453,,,,,,,800,1.0,True,True,0,0.4996562600135803,4,0.013778412714600563,0.0004012601566500962,16,1,2,sgd,1.729077160358429,0.737767469137907,4.284375786781311,0.17600534111261368,9.376363800583931e-05,0.0007689749290875625,0.513671875,-0.0002061934137600474,-1.6657280027866364,0.0005627814753097482,cell-000-3a7c05ff2495,0.00031325925374403596,4,800,1.0337156057357788,0.9997062087059021,0.00015826676099095494,0.00019128888379782438,7.584967534057796e-05,1.000162124633789,0.00025170083972625434,0.0006771060870960355
0.20732086151838303,0.1748129203915596,0.2032245248556137,-0.15314370766282082,C16-d16-L2-H1-m4-ffnnone,0,16,0.4921875,True,1.962049961090088,0.6427422761917114,7.895124912261963,,,,,,,800,0.494140625,True,True,0,-0.00409633619710803,4,0.15879395604133606,0.04524284601211548,16,1,2,sgd,0.812345027923584,0.199908297508955,0.9674229621887207,0.2391320914030075,0.017121602781116962,-0.023849504999816418,0.4931640625,-0.012925272807478905,-0.6513930559158325,-0.0367747787386179,cell-000-3a7c05ff2495,1.9541969299316406,5,0,-0.12720562517642975,-0.12580737471580505,2.4431731700897217,0.10889817774295807,0.02038562297821045,-0.12503200769424438,1.274139165878296,3.8465962409973145
0.054762380197644234,0.3687402084469795,0.4669726490974426,2.4710127115249634,C16-d16-L2-H1-m4-ffnnone,0,16,0.994140625,True,0.011642813682556152,0.6979976892471313,6.191898822784424,,,,,,,800,0.994140625,True,True,0,0.41221028566360474,4,0.02830735221505165,0.007614489644765854,16,1,2,sgd,1.1039468050003052,0.8779968023300171,2.684264063835144,0.2379274219274521,0.005381689639762044,0.0025522157666273415,0.5078125,-0.0042633728589862585,-1.0554534792900085,-0.0017111572669818997,cell-000-3a7c05ff2495,0.010199500247836113,5,200,1.062976598739624,1.0073416233062744,0.003135104663670063,0.006570250727236271,0.004393020179122686,1.0043063163757324,0.006236483808606863,0.02033485844731331
0.04914574697613716,0.3733798786997795,0.4791828989982605,2.7216513752937317,C16-d16-L2-H1-m4-ffnnone,0,16,1.0,True,0.00020427576964721084,0.7022914886474609,6.215348243713379,,,,,,,800,1.0,True,True,0,0.43003714084625244,4,0.006498951464891434,0.00012740661622956395,16,1,2,sgd,1.0089473724365234,1.0937092006206512,3.043890595436096,0.23319562524557114,9.129852332989685e-05,4.959700163453817e-06,0.48828125,-3.0198520107660443e-05,-0.9089739322662354,-2.5238870875909925e-05,cell-000-3a7c05ff2495,0.0001898448244901374,5,400,1.03568696975708,1.0020514726638794,0.00015058288408908993,7.382078183582053e-05,8.94941040314734e-05,1.0018284320831299,0.00011536336387507617,0.0004292611265555024
0.049052901566028595,0.3718634396791458,0.480977863073349,2.7788506746292114,C16-d16-L2-H1-m4-ffnnone,0,16,1.0,True,7.343693869188428e-05,0.7042804956436157,6.208494186401367,,,,,,,800,1.0,True,True,0,0.431924968957901,4,0.004305998329073191,5.789415445178747e-05,16,1,2,sgd,0.9888088703155518,1.1563594937324524,3.1712052822113037,0.2383490800857544,4.544186595012434e-05,1.1524629371706396e-05,0.498046875,0.00015032693045213819,-0.8440824449062347,0.00016185152708203532,cell-000-3a7c05ff2495,6.72631140332669e-05,5,800,1.0370618104934692,1.0006645917892456,5.016190334572457e-05,2.57201463682577e-05,3.5012861189898103e-05,1.0005292892456055,4.226402234053239e-05,0.00015315892233047634
0.2039702981710434,0.1955908238887787,0.19249830394983292,-0.1541908159852028,C16-d16-L2-H1-m4-ffnnone,0,16,0.556640625,True,0.5963839292526245,0.5423785448074341,8.343366622924805,,,,,,,800,0.580078125,True,True,0,-0.01147199422121048,4,0.2561214864253998,0.12493244558572769,16,1,2,sgd,1.0518509149551392,-0.0826445147395134,0.9514699280261993,0.21334349364042282,0.05347873456776142,0.01200526871252805,0.4677734375,-0.002466979145538062,-0.19580833241343498,0.009538290090858936,cell-000-3a7c05ff2495,0.5688995122909546,6,0,0.10032730549573898,0.09499122202396393,0.2998640537261963,0.042567215859889984,0.0029536422807723284,0.09531670808792114,0.8231359720230103,1.1685209274291992
0.07274851854890585,0.2319321483373642,0.5498223304748535,2.5436049103736877,C16-d16-L2-H1-m4-ffnnone,0,16,1.0,True,0.00036290421849116683,0.7138172388076782,6.287664413452148,,,,,,,800,1.0,True,True,0,0.4770737886428833,4,0.008842995390295982,0.00019089781562797725,16,1,2,sgd,1.0194599628448486,0.699138268828392,2.139981508255005,0.20005323737859726,3.308561826997902e-05,0.0002148364728782326,0.4833984375,0.00029896165324316826,-1.2366390377283096,0.0005137981497682631,cell-000-3a7c05ff2495,0.0003913779219146818,6,200,1.046176791191101,1.0021840333938599,9.199211490340531e-05,0.00022839760640636086,6.815647793700919e-05,1.002286672592163,0.00037641089875251055,0.0007649571052752435
0.07160166278481483,0.2357620745897293,0.5494329780340195,2.609312891960144,C16-d16-L2-H1-m4-ffnnone,0,16,1.0,True,0.0001540089724585414,0.7133429050445557,6.283596038818359,,,,,,,800,1.0,True,True,0,0.47783130407333374,4,0.005589940119534731,7.831257244106382e-05,16,1,2,sgd,1.0081729292869568,0.7564260512590408,2.2411699295043945,0.22654951363801956,1.8129172531189397e-05,0.00016910254635149613,0.5146484375,0.00023497895017499104,-1.0009985342621803,0.00040408153290627524,cell-000-3a7c05ff2495,0.00016323881573043764,6,400,1.0420312881469727,0.998131513595581,4.7076711780391634e-05,8.793146844254807e-05,4.895013989880681e-05,0.9980955123901367,0.0001573637709952891,0.0003413220983929932
0.07068723440170288,0.24061627686023712,0.5473220348358154,2.666833519935608,C16-d16-L2-H1-m4-ffnnone,0,16,1.0,True,6.65807310724631e-05,0.7128494381904602,6.279870986938477,,,,,,,800,1.0,True,True,0,0.47663480043411255,4,0.0036307796835899353,3.1751609640195966e-05,16,1,2,sgd,0.9988576471805573,0.8065956234931946,2.332595944404602,0.24498065561056137,9.69837083175662e-06,0.00012474974573706277,0.5498046875,0.00015015715780464234,-0.9055690467357635,0.00027490688080433756,cell-000-3a7c05ff2495,7.158203516155481e-05,6,800,1.046097993850708,0.9986974000930786,2.2416854335460812e-05,3.1838724680710584e-05,2.0348090401967056e-05,0.9986580610275269,7.017469761194661e-05,0.00014477837248705328
0.2129436433315277,0.1583062708377838,0.20286280661821365,-0.20148931629955769,C16-d16-L2-H1-m4-ffnnone,0,16,0.625,True,0.6947149038314819,0.6846539378166199,6.781848907470703,,,,,,,800,0.615234375,True,True,0,-0.010080840438604355,4,0.29760387539863586,0.18916915357112885,16,1,2,sgd,1.0188603401184082,-0.014747901819646358,0.9767879247665405,0.2527511641383171,0.0733652631752193,0.006921698339283466,0.55859375,-0.002787203062325716,0.02137566637247801,0.0041344951605424285,cell-000-3a7c05ff2495,0.6982547044754028,7,0,0.19383536279201508,0.2303975522518158,0.489101767539978,0.3173958659172058,0.029442794620990753,0.2247624397277832,0.6352106332778931,1.4711511135101318
0.0774404127150774,0.23461509495973587,0.5330636501312256,2.7192593216896057,C16-d16-L2-H1-m4-ffnnone,0,16,1.0,True,0.00026749278185889125,0.7308667302131653,5.68418025970459,,,,,,,800,1.0,True,True,0,0.4556232690811157,4,0.005397404544055462,8.569742931285873e-05,16,1,2,sgd,1.0633878111839294,0.8667141795158386,2.5142048001289368,0.24795344471931458,1.1313616823827033e-05,-3.305730933789164e-05,0.5595703125,0.00012761921607307158,-1.4871268793940544,9.456196312385146e-05,cell-000-3a7c05ff2495,0.0002627646899782121,7,200,1.0213772058486938,0.9999459385871887,0.00011857533536385745,0.00012127120862714946,5.259842146188021e-05,0.9994103312492371,0.00024957506684586406,0.0005420200759544969
0.07729623094201088,0.23097792267799377,0.5371333658695221,2.7379854917526245,C16-d16-L2-H1-m4-ffnnone,0,16,1.0,True,0.00011469011224107817,0.7320978045463562,5.678360462188721,,,,,,,800,1.0,True,True,0,0.4598371386528015,4,0.003222555387765169,2.940725244116038e-05,16,1,2,sgd,1.043927937746048,0.9169140756130219,2.593368709087372,0.2549200505018234,6.59512545553298e-06,7.848735549487174e-06,0.55859375,7.102597919583786e-05,-1.1577443461865187,7.887470655987272e-05,cell-000-3a7c05ff2495,0.00010992637544404715,7,400,1.023908019065857,1.0024539232254028,4.297831037547439e-05,3.757035665330477e-05,2.7539472284843214e-05,1.002205491065979,0.00011269547394476831,0.00022078360780142248
0.07742807827889919,0.22610516101121902,0.5416106134653091,2.744458556175232,C16-d16-L2-H1-m4-ffnnone,0,16,1.0,True,5.2174633310642093e-05,0.7342305183410645,5.673867225646973,,,,,,,800,1.0,True,True,0,0.4641825258731842,4,0.0023154597729444504,1.4459493286267389e-05,16,1,2,sgd,1.0244257748126984,0.963857114315033,2.6648741960525513,0.2528180032968521,4.357722332315461e-06,1.5601595805492252e-05,0.5751953125,4.012741737824399e-05,-1.1504941210150719,5.572899681283161e-05,cell-000-3a7c05ff2495,4.8779609642224386e-05,7,800,1.0192325115203857,1.0000381469726562,1.7604597815079615e-05,1.4724719221703708e-05,1.4769193512620404e-05,0.9998947978019714,5.275438161334023e-05,9.985289216274396e-05
0.19453181326389313,0.23045483976602554,0.18594975024461746,-0.17720856424421072,C16-d16-L2-H1-m4-ffnnone,0,16,0.533203125,True,0.6628913879394531,0.6207371950149536,7.074413299560547,,,,,,,800,0.546875,True,True,0,-0.008582066744565964,4,0.18573403358459473,0.06702393293380737,16,1,2,sgd,0.9270002841949463,0.09614591300487518,1.0406994819641113,0.19323575496673584,0.03587561007589102,0.004098905134014785,0.4541015625,0.0008173470268957317,-0.18845947086811066,0.004916252568364143,cell-000-3a7c05ff2495,0.6471139788627625,8,0,-0.000962728401646018,0.08252757042646408,0.36075109243392944,0.09244152903556824,0.0082076545804739,0.0816565454006195,0.8613382577896118,1.3227386474609375
0.06021740846335888,0.24127216637134552,0.578075647354126,3.020750403404236,C16-d16-L2-H1-m4-ffnnone,0,16,1.0,True,0.00023116410011425614,0.7480147480964661,6.1375041007995605,,,,,,,800,1.0,True,True,0,0.5178582072257996,4,0.006089589558541775,0.00010138942889170721,16,1,2,sgd,0.9192790687084198,0.9173316657543182,2.2185099124908447,0.282270684838295,4.755908594233915e-05,0.0001229758418048732,0.5419921875,0.0002464465069351718,-0.8299160674214363,0.00036942234146408737,cell-000-3a7c05ff2495,0.0002288863033754751,8,200,1.0514931678771973,0.996878445148468,0.0001381273614242673,6.723978731315583e-05,8.547889592591673e-05,0.9968773722648621,0.00016616738867014647,0.0004570134333334863
0.06250296626240015,0.23254640400409698,0.5799447000026703,3.020026922225952,C16-d16-L2-H1-m4-ffnnone,0,16,1.0,True,9.217482147505507e-05,0.7490497827529907,6.128817081451416,,,,,,,800,1.0,True,True,0,0.5174417495727539,4,0.004374714568257332,4.830025136470795e-05,16,1,2,sgd,0.9129679799079895,0.9533760249614716,2.2823410034179688,0.28643539547920227,2.4677709916431922e-05,1.731183147057891e-05,0.5634765625,8.306005111080594e-05,-0.7031077556312084,0.0001003718571155332,cell-000-3a7c05ff2495,9.376492380397394e-05,8,400,1.0538214445114136,1.0009236335754395,4.8587935452815145e-05,3.543942148098722e-05,4.5375272748060524e-05,1.0008480548858643,6.221109651960433e-05,0.00019161372620146722
0.0636054053902626,0.22973249107599258,0.5794513076543808,3.042160391807556,C16-d16-L2-H1-m4-ffnnone,0,16,1.0,True,4.54508226539474e-05,0.7491056323051453,6.120898246765137,,,,,,,800,1.0,True,True,0,0.5158458948135376,4,0.003441326320171356,2.9333286875043996e-05,16,1,2,sgd,0.9081378877162933,0.9866717457771301,2.345258116722107,0.27866004407405853,1.605474972166121e-05,-3.081725299125537e-05,0.564453125,8.322882786160335e-05,-0.7271327301859856,5.241157487034798e-05,cell-000-3a7c05ff2495,4.607844311976805e-05,8,800,1.0482006072998047,0.9995906949043274,2.060394581349101e-05,1.988868461921811e-05,2.2407395590562373e-05,0.9995181560516357,2.9856299079256132e-05,9.275632328353822e-05
0.17512574046850204,0.3323943316936493,0.14222846925258636,-0.27163831144571304,C16-d16-L2-H1-m4-ffnnone,0,16,0.453125,True,0.7117534875869751,0.6694566607475281,7.910628795623779,,,,,,,800,0.46484375,True,True,0,-0.03289726749062538,4,0.1561935395002365,0.04075983166694641,16,1,2,sgd,1.0005551874637604,0.048615872859954834,1.022724062204361,0.24070515483617783,0.018565477803349495,-0.007962848409079015,0.509765625,-0.008563863579183817,-0.19642326701432467,-0.016526712104678154,cell-000-3a7c05ff2495,0.7118569612503052,9,0,-0.056090377271175385,-0.03255108743906021,0.3273519277572632,0.028700653463602066,0.0016560724470764399,-0.03155461698770523,1.067563772201538,1.4252723455429077
0.051811300218105316,0.226645827293396,0.6179202795028687,2.9803073406219482,C16-d16-L2-H1-m4-ffnnone,0,16,1.0,True,0.0006886799819767475,0.7305993437767029,6.619683742523193,,,,,,,800,1.0,True,True,0,0.5661090016365051,4,0.010645013302564621,0.0003232444869354367,16,1,2,sgd,0.9423927664756775,0.9073672890663147,2.346396803855896,0.2757248729467392,7.271778486028779e-05,-0.00016533878806512803,0.548828125,0.00047742870810907334,-0.9215139001607895,0.00031208989094011486,cell-000-3a7c05ff2495,0.0006883005262352526,9,200,0.9918515086174011,0.9836070537567139,0.0003634104214143008,0.0002975295064970851,0.00016452796990051866,0.9834678769111633,0.0006337079685181379,0.0014591757208108902
0.05302335321903229,0.21640226244926453,0.6245276778936386,3.0182435512542725,C16-d16-L2-H1-m4-ffnnone,0,16,1.0,True,0.00014082956477068365,0.7330984473228455,6.602682590484619,,,,,,,800,1.0,True,True,0,0.5715043544769287,4,0.005939849652349949,8.590830839239061e-05,16,1,2,sgd,0.9187520444393158,0.9768927693367004,2.4592792987823486,0.27839629352092743,2.7738651624531485e-05,-0.00013027880777372047,0.5361328125,0.00033279519993811846,-0.7126799896359444,0.00020251638488844037,cell-000-3a7c05ff2495,0.00013193214545026422,9,400,1.0219011306762695,0.9983547925949097,8.545638411305845e-05,6.162235513329506e-05,3.0724408134119585e-05,0.9983923435211182,9.204742673318833e-05,0.0002698505704756826
0.05451756343245506,0.21398881822824478,0.6224584877490997,3.028345465660095,C16-d16-L2-H1-m4-ffnnone,0,16,1.0,True,5.6576853239675984e-05,0.7352293729782104,6.587010860443115,,,,,,,800,1.0,True,True,0,0.5679409503936768,4,0.004056063946336508,3.8801099435659125e-05,16,1,2,sgd,0.9030249714851379,1.0258478224277496,2.541232407093048,0.28571660816669464,1.5119601812330075e-05,-7.569024273834657e-05,0.548828125,0.00028334745729807764,-0.5831621736288071,0.00020765719818882644,cell-000-3a7c05ff2495,5.218151636654511e-05,9,800,1.0252033472061157,0.9989575147628784,3.24700195051264e-05,2.5571138394298032e-05,1.416530994902132e-05,0.999016523361206,3.7698791857110336e-05,0.00010990526061505079
0.2128588780760765,0.15723147988319397,0.2041919156908989,-0.38809583708643913,C16-d16-L2-H1-m4-ffnnone,0,16,0.412109375,True,1.122635841369629,0.6294924020767212,7.9136881828308105,,,,,,,800,0.408203125,True,True,0,-0.008666964247822762,4,0.29100772738456726,0.2150137573480606,16,1,2,sgd,1.0544920563697815,-0.048256050795316696,0.9908334612846375,0.20182548463344574,0.07703986763954163,0.0066735814325511456,0.51171875,-0.0068850183160975575,-0.2923642657697201,-0.00021143443882465363,cell-000-3a7c05ff2495,1.1076409816741943,10,0,-0.21243053674697876,-0.24029983580112457,0.3279705047607422,0.3888819217681885,0.05873645842075348,-0.2485576719045639,1.6108119487762451,2.3864009380340576
0.07465408928692341,0.28115297853946686,0.49488475918769836,3.0396586656570435,C16-d16-L2-H1-m4-ffnnone,0,16,1.0,True,0.0005636338610202074,0.8087894320487976,6.106990337371826,,,,,,,800,1.0,True,True,0,0.4202306866645813,4,0.006923750974237919,0.0001790774695109576,16,1,2,sgd,1.1094301342964172,1.0014120936393738,2.948784828186035,0.2767312526702881,6.131656573415967e-05,-0.00035253941678092815,0.544921875,-0.0001692516525508836,-0.5523898378014565,-0.0005217910656938329,cell-000-3a7c05ff2495,0.0006335583166219294,10,200,1.0416052341461182,0.9941648244857788,0.0007776535348966718,0.00019089823763351887,0.00025826081400737166,0.9938327074050903,0.00037707778392359614,0.0016038904432207346
0.07343795010820031,0.2554205358028412,0.5242656320333481,3.2984163761138916,C16-d16-L2-H1-m4-ffnnone,0,16,1.0,True,9.887779015116394e-05,0.8028314113616943,6.061532497406006,,,,,,,800,1.0,True,True,0,0.4508276581764221,4,0.003952960018068552,4.300162254367024e-05,16,1,2,sgd,1.0811041593551636,1.0776479840278625,3.094842791557312,0.30473656952381134,1.9878461444022832e-05,-0.00022388694196706638,0.58984375,0.00020577154646161944,-0.5077025890350342,-1.8115380953531712e-05,cell-000-3a7c05ff2495,0.00010137414210475981,10,400,1.0484669208526611,1.0018391609191895,3.9875762013252825e-05,3.0257171601988375e-05,2.8289488909649663e-05,1.0018243789672852,0.00010826408833963796,0.00020668651268351823
0.07371174497529864,0.25164245069026947,0.5272223651409149,3.3056421279907227,C16-d16-L2-H1-m4-ffnnone,0,16,1.0,True,4.826904842047952e-05,0.8020535707473755,6.054276943206787,,,,,,,800,1.0,True,True,0,0.4535106122493744,4,0.002942860359326005,2.2152193196234293e-05,16,1,2,sgd,1.0597117245197296,1.1294701397418976,3.1926040649414062,0.3113136291503906,1.0378901606600266e-05,-0.00014648489013779908,0.607421875,0.00019327682093717158,-0.4728713184595108,4.6791930799372494e-05,cell-000-3a7c05ff2495,5.0240887503605336e-05,10,800,1.0447301864624023,1.001644492149353,1.8039325368590653e-05,1.513616916781757e-05,1.481293384131277e-05,1.0016237497329712,5.3614479838870466e-05,0.00010160290548810735
0.19204119592905045,0.23558791726827621,0.18828850984573364,-0.15525726322084665,C16-d16-L2-H1-m4-ffnnone,0,16,0.38671875,True,0.8151950836181641,0.6599479913711548,8.166877746582031,,,,,,,800,0.3828125,True,True,0,-0.0037526958622038364,4,0.17678429186344147,0.06362348794937134,16,1,2,sgd,0.9699292182922363,-0.06093670055270195,0.8947511315345764,0.24757817387580872,0.018169894814491272,0.005125721218064427,0.5244140625,-0.00490517211437691,-0.2154849860817194,0.000220548827201128,cell-000-3a7c05ff2495,0.8366142511367798,11,0,-0.09914952516555786,-0.1433226764202118,0.2073509842157364,0.11317449063062668,0.003577088937163353,-0.14174553751945496,1.3157498836517334,1.639852523803711
0.08023963216692209,0.22980263084173203,0.529478520154953,2.4629451632499695,C16-d16-L2-H1-m4-ffnnone,0,16,1.0,True,0.0002452130429446697,0.6102960705757141,6.942549705505371,,,,,,,800,1.0,True,True,0,0.4492388963699341,4,0.0065200794488191605,0.00012179315672256052,16,1,2,sgd,0.970871090888977,0.9381171464920044,2.6594103574752808,0.21444235742092133,2.2265174720814684e-05,-0.00010019305409514345,0.5,-0.00018310811356059276,-1.2623528093099594,-0.0002833011749316938,cell-000-3a7c05ff2495,0.0002675081486813724,11,200,0.9649134874343872,0.9938533306121826,8.136250835377723e-05,0.0001441381755284965,5.700374458683655e-05,0.993965744972229,0.0002708759857341647,0.0005533803487196565
0.07969443686306477,0.22446748614311218,0.536449208855629,2.5073078870773315,C16-d16-L2-H1-m4-ffnnone,0,16,1.0,True,0.00010217529052169994,0.6122527122497559,6.936929225921631,,,,,,,800,1.0,True,True,0,0.45675477385520935,4,0.004202701151371002,4.9173031584359705e-05,16,1,2,sgd,0.9577775299549103,0.9852897524833679,2.7431071996688843,0.22745586931705475,1.3307053905009525e-05,-6.165111153677572e-05,0.515625,-0.00017509226745460182,-1.068856105208397,-0.00023674337717238814,cell-000-3a7c05ff2495,0.00010832905536517501,11,400,0.9721733927726746,1.0008726119995117,3.0465325835393742e-05,5.5973141570575535e-05,2.807548298733309e-05,1.0009783506393433,0.00011530518531799316,0.0002298191247973591
0.07936833892017603,0.2211584970355034,0.5407364964485168,2.5442833304405212,C16-d16-L2-H1-m4-ffnnone,0,16,1.0,True,4.9112699343822896e-05,0.6136696338653564,6.932122707366943,,,,,,,800,1.0,True,True,0,0.4613681435585022,4,0.0028173127211630344,2.239092646050267e-05,16,1,2,sgd,0.9445880949497223,1.0315077304840088,2.824631094932556,0.23897625505924225,8.283775741801946e-06,-2.71026547125075e-05,0.5400390625,-0.0001278117451875005,-0.9738659560680389,-0.00015491437807213515,cell-000-3a7c05ff2495,5.2313494961708784e-05,11,800,0.9690876007080078,0.99888014793396,1.2971459000254981e-05,2.4051723812590353e-05,1.4184391147864517e-05,0.998955249786377,5.8822057326324284e-05,0.00011002963583450764
0.18732328619807959,0.2486235313117504,0.18940662406384945,-0.34930300805717707,C16-d16-L2-H4-m4-ffn32,5,16,0.48046875,True,0.8821580410003662,0.6611177921295166,7.686499118804932,0.008990438538603485,0.21445564925670624,0.421875,0.00777976110111922,0.016770198475569487,32,800,0.494140625,True,True,0,0.002083336003124714,4,0.23804239928722382,0.10401903837919235,16,4,2,sgd,0.4682834856212139,0.11997991660609841,0.5086423195898533,0.24391340091824532,0.009492947196122259,0.0003546030056895688,0.519775390625,0.0006562822563864756,-0.4156447071582079,0.0010108853166457266,cell-005-a5fde9563f2b,0.9107261896133423,0,0,0.05144042149186134,0.0449124276638031,0.7587404847145081,0.06434211134910583,0.011184136383235455,0.051743388175964355,0.9071985483169556,1.7414653301239014
0.1309029385447502,0.3413036670535803,0.26598752359859645,0.5181976687163115,C16-d16-L2-H4-m4-ffn32,5,16,1.0,True,0.0033085995819419622,0.6648557782173157,5.344183444976807,0.00032305547210853547,0.2738463878631592,0.57421875,0.003622968215495348,0.00394602376036346,32,800,1.0,True,True,0,0.1350845843553543,4,0.030495308339595795,0.0024602964986115694,16,4,2,sgd,0.46581870689988136,0.3473254118580371,0.818741824477911,0.2373969703912735,0.00010515088433749042,-4.508656274992973e-06,0.52978515625,0.0003068944515689509,-0.9032888440415263,0.00030238580256991554,cell-005-a5fde9563f2b,0.0035045885015279055,0,200,1.0086548328399658,0.995279848575592,0.0009511038661003113,0.001976198982447386,0.0006162732024677098,0.9960691332817078,0.0029331459663808346,0.006476721726357937
0.12783860601484776,0.3407441880553961,0.2757400132250041,0.6071601696312428,C16-d16-L2-H4-m4-ffn32,5,16,1.0,True,0.00039339211070910096,0.6725846529006958,5.252514362335205,-1.7990176274906844e-05,0.28947457671165466,0.5908203125,0.0015317100333049893,0.001513719791546464,32,800,1.0,True,True,0,0.14790141582489014,4,0.013379167765378952,0.00038426477112807333,16,4,2,sgd,0.4636404886841774,0.3048507058992982,0.8274065516889095,0.2316192276775837,2.7217582101002336e-05,1.1329341759847011e-05,0.53662109375,7.645757705176948e-05,-0.8538810228928924,8.778691017141682e-05,cell-005-a5fde9563f2b,0.00042676489101722836,0,400,1.0073089599609375,1.0000872611999512,0.00013797113206237555,0.0002239258319605142,0.0001489142596255988,0.9999801516532898,0.00034211002639494836,0.0008529212791472673
0.1249555868562311,0.3471212303265929,0.2780120191164315,0.6571817584335804,C16-d16-L2-H4-m4-ffn32,5,16,1.0,True,0.00014903934788890183,0.6741251945495605,5.218568801879883,-3.6790033846045844e-05,0.2980521619319916,0.5986328125,0.0011107459722552449,0.00107395596569404,32,800,1.0,True,True,0,0.15305642783641815,4,0.008383415639400482,0.00014637707499787211,16,4,2,sgd,0.46215199306607246,0.2723015146329999,0.8303235694766045,0.2242804765701294,1.296319942412083e-05,2.594895386209828e-05,0.52197265625,5.0283187647437444e-05,-0.8085942380130291,7.62321305955993e-05,cell-005-a5fde9563f2b,0.00015804002759978175,0,800,1.0018088817596436,1.0008420944213867,5.617424540105276e-05,7.686349999858066e-05,6.753916386514902e-05,1.0007227659225464,0.00011774646554840729,0.00031832337845116854
0.20002787932753563,0.20460701087722555,0.195309367030859,-0.2044563143281266,C16-d16-L2-H4-m4-ffn32,5,16,0.53515625,True,0.8437317609786987,0.6805012226104736,7.553332805633545,0.020818585995584726,0.20657929033041,0.408203125,0.028284543193876743,0.049103131517767906,32,800,0.537109375,True,True,0,-0.00471851322799921,4,0.2200724482536316,0.08981380611658096,16,4,2,sgd,0.4680004082620144,-0.0814270640257746,0.4182952046394348,0.23646599613130093,0.012775693874573335,0.0074327168258605525,0.518798828125,0.0026194739766651765,-0.2658025259152055,0.010052190817077644,cell-005-a5fde9563f2b,0.8386703133583069,1,0,0.00709180673584342,0.030599210411310196,0.7652270793914795,0.050847552716732025,0.012906860560178757,0.028140507638454437,0.9562050700187683,1.785186529159546
0.15378923760727048,0.21823152992874384,0.3204007800668478,0.8908120319247246,C16-d16-L2-H4-m4-ffn32,5,16,1.0,True,0.0006009084172546864,0.7959492206573486,6.073827743530273,-0.00029377650935202837,0.3002551794052124,0.611328125,0.0011024085033568554,0.0008086318266578019,32,800,1.0,True,True,0,0.16661155223846436,4,0.016967259347438812,0.0005210861563682556,16,4,2,sgd,0.49136529862880707,0.10977272037416697,0.7884497307240963,0.22764690034091473,5.471113428257013e-05,0.0001142049673035217,0.517822265625,0.00021550383326029987,-0.53444938454777,0.0003297088087492739,cell-005-a5fde9563f2b,0.0005664675263687968,1,200,0.986921489238739,1.0005040168762207,0.0004528496356215328,0.0002397618955001235,0.0002885267313104123,0.9997125267982483,0.00031603180104866624,0.0012971700634807348
0.15240343497134745,0.21543727070093155,0.32735246047377586,0.9134602639824152,C16-d16-L2-H4-m4-ffn32,5,16,1.0,True,0.00020437713828869164,0.7979732155799866,6.050193786621094,-0.0002957278411486186,0.3225223124027252,0.6181640625,0.000442201504483819,0.00014647359057562426,32,800,1.0,True,True,0,0.1749490350484848,4,0.00959812942892313,0.00016667335876263678,16,4,2,sgd,0.4841761849820614,0.12025080248713493,0.8110002670437098,0.22553312219679356,2.1164142708585132e-05,7.870447598179453e-05,0.514404296875,5.990729539462336e-05,-0.4584222889970988,0.00013861176012142096,cell-005-a5fde9563f2b,0.00019164335390087217,1,400,1.0068988800048828,1.0028655529022217,0.00014568028564099222,9.487514034844935e-05,0.00013960804790258408,1.0021389722824097,0.00011326436651870608,0.000493427854962647
0.15131295192986727,0.21518399193882942,0.33087718673050404,0.9317242689430714,C16-d16-L2-H4-m4-ffn32,5,16,1.0,True,9.09477676032111e-05,0.7998419404029846,6.028685569763184,-0.00022119286586530507,0.3376448452472687,0.6337890625,0.0003713428304763511,0.00015014997188700363,32,800,1.0,True,True,0,0.1795642375946045,4,0.006554605904966593,7.762406312394887e-05,16,4,2,sgd,0.4803830198943615,0.12131460383534431,0.8269775975495577,0.2289758399128914,1.1034728572667518e-05,6.993388205955853e-05,0.51513671875,4.67924076019699e-05,-0.43991531943902373,0.00011672628284031816,cell-005-a5fde9563f2b,8.853556937538087e-05,1,800,1.0038959980010986,1.0007295608520508,6.108664092607796e-05,3.561204721336253e-05,5.222168329055421e-05,1.0002858638763428,4.793846164830029e-05,0.000196858833078295
0.1788482628762722,0.29465757869184017,0.16879764012992382,-0.2576784249395132,C16-d16-L2-H4-m4-ffn32,5,16,0.509765625,True,1.6107921600341797,0.5239017605781555,8.411805152893066,-0.029534658417105675,0.19473067671060562,0.3798828125,-0.010798298753798008,-0.04033295623958111,32,800,0.5078125,True,True,0,-0.01005062460899353,4,0.18534503877162933,0.06842311471700668,16,4,2,sgd,0.4018835090100765,-0.20226121344603598,0.3255028445273638,0.23523187264800072,0.006661114719463512,-0.0078051622258499265,0.50927734375,-0.0017726451842463575,-0.2911719558760524,-0.009577807737514377,cell-005-a5fde9563f2b,1.6304399967193604,2,0,-0.04971812665462494,-0.07616478949785233,2.177262306213379,0.055520541965961456,0.004480480216443539,-0.07542945444583893,1.1617276668548584,3.3989908695220947
0.1371681047603488,0.2847526166588068,0.30374307627789676,0.8725106343626976,C16-d16-L2-H4-m4-ffn32,5,16,0.998046875,True,0.016953198239207268,0.6445364952087402,5.946669578552246,0.0014622024318668991,0.11983620747923851,0.3212890625,-0.000659720622934401,0.000802481546998024,32,800,0.998046875,True,True,0,0.16657496988773346,4,0.0828755795955658,0.025195248425006866,16,4,2,sgd,0.49087386578321457,0.46121100755408406,0.8444839268922806,0.24843709357082844,0.00020189607829479428,0.0001492153442086419,0.531982421875,-0.0002103456081385957,-1.1032075500115752,-6.113023664511275e-05,cell-005-a5fde9563f2b,0.020007336512207985,2,200,1.0008481740951538,0.9618786573410034,0.0034307867754250765,0.01798349805176258,0.0022535198368132114,0.9643458127975464,0.013895737007260323,0.037563540041446686
0.12034577992744744,0.31454994063824415,0.32441272551659495,1.26769560854882,C16-d16-L2-H4-m4-ffn32,5,16,1.0,True,0.0008947215974330902,0.6742129921913147,5.805760383605957,0.0002477194939274341,0.21866130083799362,0.498046875,-0.00031988380942493677,-7.216428639367223e-05,32,800,1.0,True,True,0,0.20406696200370789,4,0.019160527735948563,0.000857310660649091,16,4,2,sgd,0.45907769352197647,0.4102488346397877,0.8208472467958927,0.23590897396206856,3.194936928707648e-05,-7.106783868948696e-05,0.52099609375,7.3303071985719725e-06,-1.1008614832535386,-6.37375619589875e-05,cell-005-a5fde9563f2b,0.0009321625693701208,2,400,1.024701714515686,1.0002354383468628,0.00030127723584882915,0.0006452059024013579,0.00022156380873639137,1.0007485151290894,0.0005882917903363705,0.0017563386354595423
0.1150790173560381,0.32861211709678173,0.32615085353609174,1.3666205659974366,C16-d16-L2-H4-m4-ffn32,5,16,1.0,True,0.0002782154770102352,0.6897602081298828,5.7463059425354,0.0003073575862799771,0.2689269185066223,0.5400390625,-9.935323032550514e-05,0.00020800423226319253,32,800,1.0,True,True,0,0.21107181906700134,4,0.011013740673661232,0.00024432060308754444,16,4,2,sgd,0.4482865147292614,0.4054758546408266,0.8192767761647701,0.22813583351671696,1.6614250512247963e-05,-7.53075441934925e-05,0.520263671875,4.525115627984633e-05,-1.0034868335351348,-3.005639723596687e-05,cell-005-a5fde9563f2b,0.0002965134917758405,2,800,1.0215001106262207,0.9984973073005676,0.00011430093582021073,0.00016372615937143564,8.41172004584223e-05,0.9988741278648376,0.00017215403204318136,0.0005342983640730381
0.19548636674880981,0.2247775075957179,0.18876339867711067,-0.18129944475367665,C16-d16-L2-H4-m4-ffn32,5,16,0.5859375,True,0.9479560852050781,0.5797935128211975,8.813401222229004,0.013015433214604855,0.3304339498281479,0.5771484375,0.009734684135764837,0.022750118747353554,32,800,0.572265625,True,True,0,-0.00672297365963459,4,0.17114144563674927,0.055456481873989105,16,4,2,sgd,0.4662524275481701,0.07356996252201498,0.4898638539016247,0.2129300981760025,0.006016542924044188,0.003814751500613056,0.5009765625,0.0008612492229076452,-0.1848404782358557,0.004676000840845518,cell-005-a5fde9563f2b,0.9455325603485107,3,0,0.19041861593723297,0.2116854339838028,1.1291378736495972,0.20528768002986908,0.012460943311452866,0.21031278371810913,0.6450549960136414,1.9919414520263672
0.15760484500788152,0.25713881477713585,0.2700466610258445,0.4350937083363533,C16-d16-L2-H4-m4-ffn32,5,16,1.0,True,0.001297226408496499,0.7694401144981384,6.001989364624023,0.0014619959983974695,0.35618574917316437,0.58984375,2.5460030883550644e-05,0.0014874560292810202,32,800,1.0,True,True,0,0.11244181543588638,4,0.02496763877570629,0.0012817553943023086,16,4,2,sgd,0.5531147792935371,0.3077153814956546,0.8988273926079273,0.220864687114954,0.00011184004010544868,0.00020794235570065212,0.52001953125,-0.0001017958554712095,-0.6251856414601207,0.00010614649181661662,cell-005-a5fde9563f2b,0.0013647550949826837,3,200,0.9656707048416138,0.9966627359390259,0.0009027733467519283,0.0003651356091722846,0.00032382583594881,0.9972765445709229,0.001013376982882619,0.0026051118038594723
0.15453897160477936,0.26331085804849863,0.27307225606637076,0.4751914730295539,C16-d16-L2-H4-m4-ffn32,5,16,1.0,True,0.0004106729757040739,0.7764551639556885,5.901930809020996,0.001094253733754158,0.41611050069332123,0.6689453125,0.0006533193518407643,0.0017475729691796005,32,800,1.0,True,True,0,0.11853326857089996,4,0.014404645189642906,0.0004012384742964059,16,4,2,sgd,0.5431021004915237,0.3105249172076583,0.909209594130516,0.2261532060801983,5.513649706756496e-05,0.00017829621356213465,0.519287109375,-4.266555038157094e-06,-0.6117629743530415,0.00017402967876023467,cell-005-a5fde9563f2b,0.00043340917909517884,3,400,0.9722113013267517,0.9985452890396118,0.00028165295952931046,0.00013125700934324414,0.00015229627024382353,0.9988299608230591,0.00026340578915551305,0.000828612013719976
0.15212491730926558,0.26739090867340565,0.27623435657005757,0.5097532824147493,C16-d16-L2-H4-m4-ffn32,5,16,1.0,True,0.00017256924184039235,0.7755725979804993,5.825654983520508,0.0007654707587789744,0.4826074093580246,0.7470703125,0.0005689038225682452,0.0013343745958991349,32,800,1.0,True,True,0,0.12410943955183029,4,0.009162243455648422,0.00016038952162489295,16,4,2,sgd,0.5355137586593628,0.30204098857939243,0.9128956533968449,0.22623943723738194,3.286344916375583e-05,0.00013658345255862514,0.52197265625,-3.481886892586772e-05,-0.5773482727818191,0.00010176459733202137,cell-005-a5fde9563f2b,0.00018138217274099588,3,800,0.9692755341529846,0.9968407154083252,0.00011544190783752128,5.5408436310244724e-05,7.560878293588758e-05,0.9970025420188904,0.00010799073788803071,0.00035444984678179026
0.19674167782068253,0.2161765992641449,0.19359839335083961,-0.18722298368811607,C16-d16-L2-H4-m4-ffn32,5,16,0.556640625,True,0.7683284282684326,0.5822912454605103,8.253628730773926,-0.0011972403153777122,0.24992533773183823,0.44921875,0.009534393670037389,0.008337153121829033,32,800,0.560546875,True,True,0,-0.0031432858668267727,4,0.16517165303230286,0.0577642060816288,16,4,2,sgd,0.44012191519141197,-0.12012584926560521,0.39096027985215187,0.2175409384071827,0.005078835733002052,0.00045565726031782106,0.4921875,0.000223199647734873,-0.18463890859857202,0.0006788569444324821,cell-005-a5fde9563f2b,0.7537251114845276,4,0,0.017604732885956764,0.04299143701791763,0.6867296099662781,0.03161367401480675,0.0031285369768738747,0.04353673756122589,0.9187536239624023,1.6402254104614258
0.14763220492750406,0.2693724427372217,0.2877309452742338,0.7506654895842075,C16-d16-L2-H4-m4-ffn32,5,16,1.0,True,0.0005501232808455825,0.6664323806762695,6.408105373382568,-0.0002992135414388031,0.356473833322525,0.634765625,-0.0007814201817382127,-0.0010806337813846767,32,800,1.0,True,True,0,0.14009875059127808,4,0.014905259013175964,0.0004933615564368665,16,4,2,sgd,0.4257823973894119,0.42880555719602853,0.8333067074418068,0.2246850412338972,4.1895343656506157e-05,3.633704454841791e-05,0.516845703125,6.006102012179326e-06,-0.7712381323799491,4.2343132008682005e-05,cell-005-a5fde9563f2b,0.0005055678775534034,4,200,0.9952791929244995,1.0025228261947632,0.00030502205481752753,0.0002593134995549917,0.0002917175879701972,1.0020997524261475,0.00028610744629986584,0.0011421606177464128
0.14600609755143523,0.2722798381000757,0.28970186971127987,0.7818471342325211,C16-d16-L2-H4-m4-ffn32,5,16,1.0,True,0.0002384101098868996,0.6694996356964111,6.378517150878906,-5.448312731459737e-05,0.3952223211526871,0.671875,-0.00041644787415862083,-0.00047093097236938775,32,800,1.0,True,True,0,0.14369577169418335,4,0.00999351404607296,0.0002028799062827602,16,4,2,sgd,0.4252852015197277,0.420097254216671,0.8413113430142403,0.22324191592633724,2.287359734509664e-05,2.0970750483684242e-05,0.514404296875,0.00010467158836036106,-0.7512233532033861,0.00012564234202727675,cell-005-a5fde9563f2b,0.00022323348093777895,4,400,0.9911937713623047,1.000452995300293,0.0001323716132901609,9.533199772704393e-05,0.00013694762310478836,1.0000907182693481,0.00011371881555533037,0.00047837005695328116
0.14426115923561156,0.27656254917383194,0.29065400175750256,0.8147453218698502,C16-d16-L2-H4-m4-ffn32,5,16,1.0,True,0.00011767097748816013,0.6698479652404785,6.345460414886475,-6.988630775595084e-05,0.4167131632566452,0.7001953125,-0.000368923312635161,-0.000438809598563239,32,800,1.0,True,True,0,0.1463928520679474,4,0.007219384424388409,0.0001012251086649485,16,4,2,sgd,0.42417820170521736,0.41493444330990314,0.8481313437223434,0.21806657314300537,1.3736853333057297e-05,1.1881002137670293e-05,0.508544921875,8.406157667195657e-05,-0.7423656536266208,9.594257426215336e-05,cell-005-a5fde9563f2b,0.00011301072663627565,4,800,0.9916903972625732,0.9995249509811401,6.335457146633416e-05,4.667490429710597e-05,7.14760972186923e-05,0.9992626905441284,5.278751632431522e-05,0.00023429309658240527
0.1962343491613865,0.2183330561965704,0.19296391680836678,-0.15249965898692608,C16-d16-L2-H4-m4-ffn32,5,16,0.486328125,True,0.7684373259544373,0.7056615352630615,7.869094371795654,-0.007269739871844649,0.28255605697631836,0.5087890625,0.004309283336624503,-0.0029604561859741807,32,800,0.48046875,True,True,0,-0.0032704314216971397,4,0.2104206681251526,0.07570463418960571,16,4,2,sgd,0.4613588936626911,-0.0012765952851623297,0.4518151134252548,0.2331246081739664,0.010197346797212958,-0.00024252884031739086,0.518310546875,0.0004933716518280562,-0.2514031546888873,0.0002508432080503553,cell-005-a5fde9563f2b,0.8125993013381958,5,0,-0.026639103889465332,-0.016626739874482155,0.4296535551548004,0.057183876633644104,0.04298645257949829,-0.02587099000811577,1.0638989210128784,1.5937228202819824
0.16217701765708625,0.21905133686959743,0.2944176374003291,0.5468937829136848,C16-d16-L2-H4-m4-ffn32,5,16,1.0,True,0.0006637150072492659,0.6775968074798584,6.336289882659912,0.0009051171800820157,0.3047126829624176,0.6171875,0.00242744229035452,0.003332559484988451,32,800,1.0,True,True,0,0.13224060833454132,4,0.015947623178362846,0.0005921638803556561,16,4,2,sgd,0.49395228922367096,0.21089375019073486,0.8619316630065441,0.2351082395762205,4.059042589688033e-05,0.0004139950433454942,0.505126953125,9.6436989679205e-05,-0.7705637132748961,0.0005104320134705631,cell-005-a5fde9563f2b,0.0005739408079534769,5,200,1.0276435613632202,0.995918333530426,0.0003954515268560499,0.0003812666982412338,0.00024299585493281484,0.9960305690765381,0.00044880673522129655,0.0014685208443552256
0.16037473874166608,0.2182961730286479,0.30057960748672485,0.571920707821846,C16-d16-L2-H4-m4-ffn32,5,16,1.0,True,0.0002557725238148123,0.6808919906616211,6.3059186935424805,0.00044359650928527117,0.3269648998975754,0.6484375,0.0020852062734775245,0.0025288028409704566,32,800,1.0,True,True,0,0.14020486176013947,4,0.010043415240943432,0.00022303429432213306,16,4,2,sgd,0.4906246215105057,0.21418013330549002,0.8689353615045547,0.24004135839641094,1.9988675092008634e-05,0.00026797832106240094,0.512451171875,8.408537019022333e-05,-0.7298587672412395,0.00035206371376261814,cell-005-a5fde9563f2b,0.000216960659599863,5,400,1.0428779125213623,1.003026008605957,0.00013471963757183403,0.00011942145647481084,8.478207746520638e-05,1.0031039714813232,0.0001644782314542681,0.0005034013884142041
0.1588008776307106,0.21993105858564377,0.3036663457751274,0.59572459384799,C16-d16-L2-H4-m4-ffn32,5,16,1.0,True,0.00011920819815713912,0.6831665635108948,6.277898788452148,0.0001674256200203672,0.35032179951667786,0.6796875,0.0016003769123926759,0.0017678025178611279,32,800,1.0,True,True,0,0.144865483045578,4,0.007305705454200506,0.00011298475146759301,16,4,2,sgd,0.48724400624632835,0.21793359890580177,0.8750837035477161,0.2461352739483118,1.262368738252917e-05,0.0001787946139302221,0.529541015625,5.197523887545685e-05,-0.6771632498130202,0.00023076985235093161,cell-005-a5fde9563f2b,0.0001059840724337846,5,800,1.042051911354065,0.9995416402816772,6.17525729467161e-05,5.447394505608827e-05,4.694084418588318e-05,0.9996682405471802,7.149329030653462e-05,0.00023466064885724336
0.1917080618441105,0.24492350965738297,0.1799523327499628,-0.20713519013952464,C16-d16-L2-H4-m4-ffn32,5,16,0.51171875,True,0.6801503896713257,0.6050840020179749,7.846508026123047,0.002150988671928644,0.36083948612213135,0.6416015625,0.00820731045678258,0.010358298197388649,32,800,0.513671875,True,True,0,-0.011755725368857384,4,0.151814267039299,0.0486186183989048,16,4,2,sgd,0.43671906739473343,0.03601587563753128,0.4304431155323982,0.229435870423913,0.00643941416637972,0.0003436655315454118,0.50244140625,0.0004345214838394895,-0.25520329317077994,0.0007781872118357569,cell-005-a5fde9563f2b,0.6814409494400024,6,0,0.042528312653303146,0.05146538466215134,0.3582252562046051,0.03313563019037247,0.005583934485912323,0.04764271527528763,0.9115670323371887,1.3085118532180786
0.17015789449214935,0.22797658201307058,0.2615497405640781,0.41202539671212435,C16-d16-L2-H4-m4-ffn32,5,16,1.0,True,0.0004260813002474606,0.7255265116691589,5.390422821044922,0.0005512347270268947,0.3281588554382324,0.58984375,0.000778855086537078,0.0013300898717716336,32,800,1.0,True,True,0,0.09139185398817062,4,0.011783730238676071,0.0002931106719188392,16,4,2,sgd,0.41510625928640366,0.24724894389510155,0.7060583904385567,0.2328866384923458,3.112853298148366e-05,-0.00013140363444108516,0.5185546875,9.535729441267904e-05,-0.7384554501622915,-3.604633275244851e-05,cell-005-a5fde9563f2b,0.00047140574315562844,6,200,1.0122771263122559,1.0008490085601807,0.00026259972946718335,0.00017323443898931146,0.00022392789833247662,1.0006290674209595,0.0002612211974337697,0.0009209832642227411
0.1701877631712705,0.2240440296009183,0.26539270114153624,0.4437517988262698,C16-d16-L2-H4-m4-ffn32,5,16,1.0,True,0.00018517342687118798,0.7223973870277405,5.3540730476379395,0.0003356006200192496,0.3415129780769348,0.626953125,0.0001147012590081431,0.0004503018717514351,32,800,1.0,True,True,0,0.09520493447780609,4,0.007620600517839193,0.0001211998678627424,16,4,2,sgd,0.4126455970108509,0.2168463529087603,0.7002725787460804,0.2298508919775486,1.5348700976858254e-05,-0.00010578043907116808,0.516845703125,3.6910344419993635e-05,-0.6560999373905361,-6.88701065882924e-05,cell-005-a5fde9563f2b,0.00019388910732232034,6,400,1.0154691934585571,0.9998477697372437,0.00011848832946270704,6.515874702017754e-05,0.00010392612603027374,0.9997965097427368,9.454933751840144e-05,0.00038212252547964454
0.17007678630761802,0.22428849898278713,0.26548116002231836,0.447051651077345,C16-d16-L2-H4-m4-ffn32,5,16,1.0,True,8.796162001090124e-05,0.7226674556732178,5.334108352661133,0.00022001354955136776,0.3496866822242737,0.64453125,-3.0367977160494775e-05,0.00018964564333145972,32,800,1.0,True,True,0,0.09540437161922455,4,0.0055346256121993065,5.7839562941808254e-05,16,4,2,sgd,0.4108854681253433,0.20425920560956,0.6976991798728704,0.22351745143532753,9.537511797219622e-06,-8.602295520176995e-05,0.514892578125,1.6631213327400474e-05,-0.6135515484493226,-6.939175818843069e-05,cell-005-a5fde9563f2b,9.543720807414502e-05,6,800,1.014803171157837,0.9991888403892517,5.5513937695650384e-05,2.739756746450439e-05,5.504556611413136e-05,0.9990523457527161,4.536219785222784e-05,0.00018331926548853517
0.20899478159844875,0.17084850883111358,0.20216715894639492,-0.21542558982037008,C16-d16-L2-H4-m4-ffn32,5,16,0.53125,True,0.5596205592155457,0.602362334728241,7.592530250549316,-0.0014187040505930781,0.1862224116921425,0.3720703125,0.0029762526974081993,0.001557548763230443,32,800,0.53125,True,True,0,-0.006827620789408684,4,0.15093626081943512,0.042487919330596924,16,4,2,sgd,0.40418312326073647,0.1482422777917236,0.46273060888051987,0.201179763302207,0.0032740698734414764,-0.00011629759683273733,0.485107421875,0.00090331118190079,-0.2945900661870837,0.0007870135814300738,cell-005-a5fde9563f2b,0.5575050115585327,7,0,-0.005039973184466362,0.022765513509511948,0.12392017245292664,0.026953643187880516,0.0054689315147697926,0.02135404944419861,0.9654024839401245,1.1217453479766846
0.14588872995227575,0.23067612387239933,0.3316577021032572,1.0263209380209446,C16-d16-L2-H4-m4-ffn32,5,16,1.0,True,0.0005769073031842709,0.7963951230049133,5.454001426696777,0.0001571977190906182,0.2569960802793503,0.546875,0.001499101286754012,0.0016562989330850542,32,800,1.0,True,True,0,0.1857689619064331,4,0.01336532924324274,0.0004606764414347708,16,4,2,sgd,0.4296603463590145,0.5155790173448622,0.9471758902072906,0.22726832143962383,4.9117508069684845e-05,5.935219246566703e-05,0.53857421875,0.0001483860341977561,-0.6848218534141779,0.000207738223252818,cell-005-a5fde9563f2b,0.0006445596227422357,7,200,0.9718244075775146,1.0005028247833252,0.0003736687358468771,0.0002976726391352713,0.0002508382312953472,1.0005226135253906,0.0004723545862361789,0.0013945342507213354
0.14398581720888615,0.23142871214076877,0.3366138283163309,1.0675519090145826,C16-d16-L2-H4-m4-ffn32,5,16,1.0,True,0.00020834202587138861,0.7987755537033081,5.416388988494873,-1.871769200079143e-06,0.26460446417331696,0.572265625,0.0009681970113888383,0.0009663253731559962,32,800,1.0,True,True,0,0.19262801110744476,4,0.008400899358093739,0.00016077328473329544,16,4,2,sgd,0.42594749107956886,0.5199730144813657,0.9648694805800915,0.23383076302707195,1.5510983303101966e-05,-7.273615665326361e-07,0.544921875,9.024654389122588e-05,-0.5765053196810186,8.951919426181121e-05,cell-005-a5fde9563f2b,0.0002428603038424626,7,400,0.972011387348175,0.9991721510887146,0.00011227607319597155,8.71743104653433e-05,8.571035868953913e-05,0.9993188381195068,0.00018862145952880383,0.0004737821873277426
0.14234877098351717,0.23374793026596308,0.33920575492084026,1.0971190929412842,C16-d16-L2-H4-m4-ffn32,5,16,1.0,True,0.00010274413216393441,0.8003416657447815,5.390479564666748,-2.7164634957443923e-05,0.2765294909477234,0.5859375,0.0006850885692983866,0.0006579238979611546,32,800,1.0,True,True,0,0.19685699045658112,4,0.0061105769127607346,8.379567589145154e-05,16,4,2,sgd,0.42255106568336487,0.524900509044528,0.9818215221166611,0.22503844648599625,8.335776499279746e-06,-2.0422314719326096e-06,0.537841796875,5.857496012140473e-05,-0.5746113723143935,5.6532744793003076e-05,cell-005-a5fde9563f2b,0.00011949117470066994,7,800,0.9724045395851135,1.000470757484436,5.406766649684869e-05,4.1999879613285884e-05,4.284061287762597e-05,1.0006141662597656,9.162661444861442e-05,0.0002305347879882902
0.18681928515434265,0.2615953180938959,0.1779468348249793,-0.19339671172201633,C16-d16-L2-H4-m4-ffn32,5,16,0.44921875,True,0.8879722356796265,0.6474815607070923,8.444381713867188,-0.002536523388698697,0.26467107236385345,0.4814453125,-0.006815108470618725,-0.009351631160825491,32,800,0.4453125,True,True,0,-0.008872450329363346,4,0.2662794888019562,0.13754874467849731,16,4,2,sgd,0.4982927106320858,-0.1014193173032254,0.4415503703057766,0.21748230420053005,0.01741648599272594,-0.0018880730640375987,0.485107421875,0.0014868379948893562,-0.35342367365956306,-0.0004012353456346318,cell-005-a5fde9563f2b,0.8667320013046265,8,0,-0.07696080207824707,-0.07666371017694473,0.44151753187179565,0.07350454479455948,0.025569256395101547,-0.07679014652967453,1.1766266822814941,1.7172181606292725
0.16780542023479939,0.21913294307887554,0.27745080925524235,0.5195870380848646,C16-d16-L2-H4-m4-ffn32,5,16,1.0,True,0.0007284857565537095,0.7598035931587219,6.554262161254883,0.0015602049825247377,0.29707305133342743,0.572265625,0.0022365194163285196,0.003796724369749427,32,800,1.0,True,True,0,0.10964538902044296,4,0.019513996317982674,0.0007406178629025817,16,4,2,sgd,0.4875118024647236,0.4691549642011523,0.9247400686144829,0.2268399614840746,5.688701151029818e-05,4.181047188467346e-05,0.517578125,0.0004744235170619504,-0.8337408043444157,0.0005162340003153076,cell-005-a5fde9563f2b,0.0007403201889246702,8,200,1.074962854385376,0.9968525171279907,0.00029249582439661026,0.000389321445254609,0.00031146922265179455,0.9974780082702637,0.0004571888130158186,0.0014504753053188324
0.16652899188920856,0.22115775709971786,0.2792552765458822,0.54471814353019,C16-d16-L2-H4-m4-ffn32,5,16,1.0,True,0.0003021263109985739,0.7589833736419678,6.499504089355469,0.0011042996047763154,0.3324596509337425,0.6201171875,0.0015956282150000334,0.002699927892535925,32,800,1.0,True,True,0,0.11272628605365753,4,0.012637801468372345,0.00030964385950937867,16,4,2,sgd,0.4837954342365265,0.46178239211440086,0.9284355342388153,0.22438906878232956,3.055457153777752e-05,2.3381626306218095e-05,0.516357421875,0.0003447280269028852,-0.7656373716890812,0.00036810963320021983,cell-005-a5fde9563f2b,0.00029841819196008146,8,400,1.0665369033813477,1.0004079341888428,0.00012168057583039626,0.00014784638187848032,0.0001455615711165592,1.0006103515625,0.0001884950906969607,0.0006035836413502693
0.16576687898486853,0.2219479028135538,0.2807514686137438,0.5600711249280721,C16-d16-L2-H4-m4-ffn32,5,16,1.0,True,0.00014401732187252492,0.7634755373001099,6.461628437042236,0.0007897852738096844,0.34490250051021576,0.634765625,0.0011837079073302448,0.001973493315745145,32,800,1.0,True,True,0,0.11498459428548813,4,0.0088389553129673,0.00014861012459732592,16,4,2,sgd,0.4811480827629566,0.4562303889542818,0.9325244948267937,0.22613133117556572,1.8208270461173015e-05,1.753763990564039e-05,0.511474609375,0.0002464305689500179,-0.7470497824251652,0.00026396822340757353,cell-005-a5fde9563f2b,0.00014208904758561403,8,800,1.0642755031585693,1.0017204284667969,6.33426898275502e-05,5.9952908486593515e-05,6.742047844454646e-05,1.001838207244873,8.929945761337876e-05,0.0002800155198201537
0.18042685464024544,0.2862729271873832,0.17244652519002557,-0.22686856426298618,C16-d16-L2-H4-m4-ffn32,5,16,0.513671875,True,3.3509297370910645,0.6303988099098206,8.00259780883789,0.012388219591230154,0.2635832726955414,0.5380859375,0.034151624888181686,0.04653984680771828,32,800,0.513671875,True,True,0,-0.007980333641171455,4,0.15676280856132507,0.04542353004217148,16,4,2,sgd,0.4800883084535599,0.11057389574125409,0.5144970454275608,0.21899891085922718,0.0051778273191303015,0.004331072719651274,0.510009765625,0.0013654271169798449,-0.3333351891487837,0.005696499778423458,cell-005-a5fde9563f2b,3.347142219543457,9,0,-0.03342502564191818,-0.05090751498937607,5.462130546569824,0.05188022553920746,0.07127609848976135,-0.054408006370067596,1.1202194690704346,6.705506324768066
0.14856983814388514,0.26553053967654705,0.288759957998991,0.6940761613659561,C16-d16-L2-H4-m4-ffn32,5,16,0.99609375,True,0.017327342182397842,0.7455929517745972,5.667047023773193,-0.0008633884135633707,0.12291097268462181,0.3369140625,-0.002554801758378744,-0.003418189939111471,32,800,0.990234375,True,True,0,0.14019013941287994,4,0.08805223554372787,0.029221083968877792,16,4,2,sgd,0.6577060893177986,0.3219614801928401,1.0630849674344063,0.21864823251962662,0.00029691038002965797,-4.087268916919129e-05,0.500732421875,-0.00019864155274262885,-0.7454950828105211,-0.00023951431467139628,cell-005-a5fde9563f2b,0.020815983414649963,9,200,0.9853851795196533,0.9565137624740601,0.0031186265405267477,0.0185750350356102,0.003171824384480715,0.9566330313682556,0.014495544135570526,0.039361029863357544
0.14030553703196347,0.27495154179632664,0.3041318729519844,0.9806361278751865,C16-d16-L2-H4-m4-ffn32,5,16,1.0,True,0.0007148169679567218,0.7729092836380005,5.555048942565918,0.0009295255804318003,0.34733453392982483,0.6240234375,0.00034482148475944996,0.0012743471306748688,32,800,1.0,True,True,0,0.1638263314962387,4,0.015014219097793102,0.0008609880460426211,16,4,2,sgd,0.6461607813835144,0.27511782571673393,1.0389351956546307,0.21238161716610193,1.338286472218897e-05,6.771920197934378e-06,0.5263671875,0.00033139807874249527,-0.787580125965178,0.0003381699557394313,cell-005-a5fde9563f2b,0.000628727488219738,9,400,1.031485676765442,0.9985837936401367,0.00023233053798321635,0.00035530998138710856,0.00013694561494048685,0.9988430738449097,0.00038537807995453477,0.0011099642142653465
0.13838418293744326,0.27931707818061113,0.30553038977086544,1.0391272589331493,C16-d16-L2-H4-m4-ffn32,5,16,1.0,True,0.00022691409685648978,0.7775819897651672,5.515950679779053,0.0005550740752369165,0.41245442628860474,0.66796875,2.1112326066941023e-05,0.0005761862266808748,32,800,1.0,True,True,0,0.1671462059020996,4,0.008661912754178047,0.0002296876918990165,16,4,2,sgd,0.64411860704422,0.265464186668396,1.0314135290682316,0.21188330929726362,7.191138308826339e-06,-1.0388306236563949e-05,0.53076171875,0.0001717394570732722,-0.6656990105402656,0.0001613511412870139,cell-005-a5fde9563f2b,0.00020884530385956168,9,800,1.0303587913513184,1.0022348165512085,0.00011558143887668848,9.293363837059587e-05,5.280656841932796e-05,1.0023549795150757,0.00012728704314213246,0.0003886086924467236
0.20379554480314255,0.19134038873016834,0.19727298989892006,-0.1654961071908474,C16-d16-L2-H4-m4-ffn32,5,16,0.494140625,True,0.6133487820625305,0.697542130947113,8.41893482208252,0.005194337572902441,0.31055329740047455,0.5986328125,0.012144114822149277,0.017338452860713005,32,800,0.490234375,True,True,0,-0.006522561423480511,4,0.08404134213924408,0.011591496877372265,16,4,2,sgd,0.4667781963944435,-0.09507271647453308,0.4100901931524277,0.21424823254346848,0.0012412501746439375,0.002694802635232918,0.499267578125,0.0005799847003800096,-0.1806224996689707,0.003274787130067125,cell-005-a5fde9563f2b,0.605964183807373,10,0,-0.009656329639256,-0.004422349855303764,0.21713602542877197,0.0067122019827365875,0.0009356066584587097,-0.0037372419610619545,1.0089929103851318,1.2337766885757446
0.14113710820674896,0.2854755250737071,0.29111316055059433,0.7540593408048153,C16-d16-L2-H4-m4-ffn32,5,16,1.0,True,0.0019692429341375828,0.6717826128005981,7.013123512268066,0.0014513068308588117,0.3289351761341095,0.5849609375,-0.001165432797279209,0.0002858738007489592,32,800,1.0,True,True,0,0.14997607469558716,4,0.021969035267829895,0.002444873098284006,16,4,2,sgd,0.48031818121671677,0.36253391671925783,0.7293209359049797,0.2428483758121729,0.0003385017057553341,-0.00022142154739412945,0.51171875,0.0002657346312844311,-0.6379941292107105,4.431313027453143e-05,cell-005-a5fde9563f2b,0.0014523663558065891,10,200,0.9719877243041992,0.9928082227706909,0.0007682431023567915,0.0008576539112254977,0.0018531893147155643,0.9938350319862366,0.000761121918912977,0.004240208305418491
0.14152795262634754,0.2770866099745035,0.29832953959703445,0.839410088956356,C16-d16-L2-H4-m4-ffn32,5,16,1.0,True,0.00038751133251935244,0.6568973064422607,7.033013343811035,0.0005371287988964468,0.3188716918230057,0.5830078125,-0.000821251654997468,-0.0002841229288605973,32,800,1.0,True,True,0,0.15680158138275146,4,0.010151151567697525,0.0006522652693092823,16,4,2,sgd,0.47675754502415657,0.372689813375473,0.752877451479435,0.23580279760062695,5.7759832884585194e-05,-0.00012507933934102766,0.5146484375,-5.607743605651194e-05,-0.6114415507763624,-0.00018115675266017206,cell-005-a5fde9563f2b,0.0002077840326819569,10,400,0.9697850346565247,0.9997662305831909,9.099763701669872e-05,8.791033178567886e-05,0.0001703236484900117,0.9993073344230652,0.00013984204269945621,0.0004890736890956759
0.13959538005292416,0.2826670818030834,0.29854679852724075,0.9052717508748174,C16-d16-L2-H4-m4-ffn32,5,16,1.0,True,7.15420683263801e-05,0.6565953493118286,7.023608684539795,1.593989145476371e-05,0.31453530490398407,0.5908203125,-0.0006950785755179822,-0.0006791387277189642,32,800,1.0,True,True,0,0.15895143151283264,4,0.0057716937735676765,7.469858974218369e-05,16,4,2,sgd,0.4726598784327507,0.37191162817180157,0.7619826477020979,0.24270485527813435,1.141978302143798e-05,-9.89121917882585e-05,0.51904296875,-4.55598587905115e-05,-0.5675990181043744,-0.00014447203739109682,cell-005-a5fde9563f2b,7.561681559309363e-05,10,800,0.9925585985183716,1.0007538795471191,2.9432174414978363e-05,2.392041278653778e-05,4.779445953317918e-05,1.0003867149353027,5.180657171877101e-05,0.00015295362391043454
0.20364374481141567,0.18827654421329498,0.2007922437041998,-0.15309346234425902,C16-d16-L2-H4-m4-ffn32,5,16,0.47265625,True,2.3093786239624023,0.6842079758644104,8.081852912902832,0.018111545592546463,0.387037068605423,0.6416015625,0.025599001441150904,0.04371054656803608,32,800,0.47265625,True,True,0,-0.002851502737030387,4,0.1333143264055252,0.03490247204899788,16,4,2,sgd,0.4487745277583599,0.00560284499078989,0.4371721222996712,0.20862244628369808,0.005231789968092926,0.007092885360179935,0.4931640625,0.0016511651629116386,-0.17912885127589107,0.00874405077775009,cell-005-a5fde9563f2b,2.298678398132324,11,0,0.07609343528747559,0.07003778219223022,3.4483284950256348,0.05147012323141098,0.005262465216219425,0.07236271351575851,0.8689970970153809,4.374058246612549
0.15489854803308845,0.22968997992575169,0.30561438761651516,0.72209548112005,C16-d16-L2-H4-m4-ffn32,5,16,1.0,True,0.007794693112373352,0.7382038235664368,5.884411811828613,-0.0011214053447474726,0.24738872796297073,0.5390625,-0.001442750624846667,-0.002564155962318182,32,800,1.0,True,True,0,0.15071584284305573,4,0.061484817415475845,0.011131327599287033,16,4,2,sgd,0.6121204271912575,0.610159058123827,1.204304113984108,0.20508581213653088,0.0002921822801909002,-0.00034494521423766855,0.494140625,-0.0012495155606302433,-1.0392339953687042,-0.0015944608876452548,cell-005-a5fde9563f2b,0.007038654759526253,11,200,0.9574819207191467,0.983853280544281,0.0023883008398115635,0.006281754467636347,0.002542042639106512,0.983572244644165,0.004403146915137768,0.015615245327353477
0.14868791634216905,0.2509689601138234,0.3029673155397177,0.8742482159286737,C16-d16-L2-H4-m4-ffn32,5,16,1.0,True,0.0008550913771614432,0.7209519743919373,5.840845108032227,-0.0007416035150527023,0.3508642464876175,0.673828125,0.0010732354276115075,0.0003316318543511443,32,800,1.0,True,True,0,0.15427939593791962,4,0.01958579197525978,0.0008961292332969606,16,4,2,sgd,0.579900436103344,0.5984313733060844,1.185824517160654,0.20870436169207096,6.867260862009061e-05,-0.00015280541992979124,0.515869140625,6.208377817529254e-05,-0.8518598626833409,-9.072164721146692e-05,cell-005-a5fde9563f2b,0.0007885308004915714,11,400,0.974507212638855,1.0009477138519287,0.00032654748065397143,0.00042189034866169095,0.0003902164753526449,1.0012595653533936,0.00042447433224879205,0.0015631286660209298
0.14670366700738668,0.2580835483968258,0.30180545896291733,0.9235704969614744,C16-d16-L2-H4-m4-ffn32,5,16,1.0,True,0.00030002265702933073,0.7210275530815125,5.810220241546631,-0.0007136461263144156,0.3961844742298126,0.705078125,0.0011232604156248271,0.00040961439663078636,32,800,1.0,True,True,0,0.15510177612304688,4,0.012141101062297821,0.0003168828843627125,16,4,2,sgd,0.5648546330630779,0.5886276393430308,1.1725108623504639,0.21037483774125576,3.24461156964162e-05,-9.294394703829312e-05,0.52490234375,8.488712433063483e-05,-0.7903965179575607,-8.056842943915399e-06,cell-005-a5fde9563f2b,0.0003029947984032333,11,800,0.9748001098632812,1.0004220008850098,0.00012633010919671506,0.00013663970457855612,0.0001784221240086481,1.0006768703460693,0.00015330770111177117,0.0005946996388956904
0.2059813942760229,0.17837986815720797,0.20367596112191677,-0.1484126071445644,C16-d16-L2-H4-m4-ffnnone,1,16,0.544921875,True,0.8622516393661499,0.7035661339759827,7.229750633239746,,,,,,,800,0.5390625,True,True,0,-0.002305439906194806,4,0.15226978063583374,0.037791550159454346,16,4,2,sgd,0.4772942587733269,-0.20751846581697464,0.3969872519373894,0.19754393585026264,0.0038989581807982177,0.003813019080553204,0.489013671875,8.37093721202109e-05,-0.21942334854975343,0.0038967284344835207,cell-001-2d6242cada05,0.8494488596916199,0,0,0.07853828370571136,0.13602280616760254,0.8146294355392456,0.05522453412413597,0.003429106902331114,0.13835056126117706,0.7466735243797302,1.6199567317962646
0.16018081922084093,0.1829340010881424,0.33652354776859283,0.47642667405307293,C16-d16-L2-H4-m4-ffnnone,1,16,1.0,True,0.0027184737846255302,0.7867529392242432,5.323688983917236,,,,,,,800,1.0,True,True,0,0.17634272575378418,4,0.032426752150058746,0.0027947344351559877,16,4,2,sgd,0.5279371589422226,0.39880166854709387,0.9511924125254154,0.2265337910503149,6.469598793046316e-05,-0.0001250338000318152,0.537841796875,-0.0001557556533953175,-1.2006630124524236,-0.00028078942887077574,cell-001-2d6242cada05,0.0024851104244589806,0,200,0.9816739559173584,0.9987939596176147,0.0005448006559163332,0.0019821005407720804,0.0005632811225950718,0.998589038848877,0.001462477957829833,0.004552660509943962
0.15601708507165313,0.18963854108005762,0.34231020510196686,0.5988777354359627,C16-d16-L2-H4-m4-ffnnone,1,16,1.0,True,0.0003847458283416927,0.7794521450996399,5.273041248321533,,,,,,,800,1.0,True,True,0,0.1862931102514267,4,0.0124010369181633,0.00036810344317927957,16,4,2,sgd,0.5098673105239868,0.4226022884249687,0.9795637056231499,0.21106037870049477,1.2150839864943919e-05,4.579224423650885e-06,0.510986328125,-1.9259323380538262e-06,-1.009905458893627,2.6532770789344795e-06,cell-001-2d6242cada05,0.0003401824797037989,0,400,0.9928903579711914,0.9989383220672607,0.0001062203518813476,0.00020249918452464044,0.00012837626854889095,0.9992640018463135,0.0002118870906997472,0.000648982881102711
0.15437671216204762,0.19334687944501638,0.34352299850434065,0.6513124443590641,C16-d16-L2-H4-m4-ffnnone,1,16,1.0,True,0.00014292725245468318,0.7760469913482666,5.246368885040283,,,,,,,800,1.0,True,True,0,0.1891462802886963,4,0.0076484521850943565,0.0001324559561908245,16,4,2,sgd,0.4984063692390919,0.44300031289458275,1.0012291297316551,0.2121529709547758,5.39117529996247e-06,1.351590981357731e-05,0.50830078125,1.8508274138184788e-05,-0.9595041880384088,3.2024191568780225e-05,cell-001-2d6242cada05,0.0001309942890657112,0,800,0.997349739074707,1.0002422332763672,4.332023672759533e-05,5.9797872381750494e-05,6.206208490766585e-05,1.0005712509155273,7.740624278085306e-05,0.00024258645134977996
0.20552504248917103,0.17640959657728672,0.2070152871310711,-0.09757940238341689,C16-d16-L2-H4-m4-ffnnone,1,16,0.443359375,True,0.6135157346725464,0.5073335766792297,8.149219512939453,,,,,,,800,0.470703125,True,True,0,0.0014902420807629824,4,0.11361578851938248,0.02361416071653366,16,4,2,sgd,0.4117967374622822,-0.047441357746720314,0.40020208433270454,0.21534962952136993,0.003926591394701973,0.00017237630527233705,0.495361328125,-0.000716776674380526,-0.17996388440951705,-0.0005444003036245704,cell-001-2d6242cada05,0.6053466796875,1,0,-0.03543585538864136,-0.047295019030570984,0.08615121245384216,0.03526119515299797,0.007536593824625015,-0.046606436371803284,1.1040329933166504,1.2329819202423096
0.15478590782731771,0.24261438474059105,0.293027900159359,0.7395042814314365,C16-d16-L2-H4-m4-ffnnone,1,16,1.0,True,0.00044390905532054603,0.7915337681770325,5.98258113861084,,,,,,,800,1.0,True,True,0,0.1382419914007187,4,0.013584584929049015,0.00046803010627627373,16,4,2,sgd,0.40690698102116585,0.5148569829761982,0.8436454981565475,0.21635225787758827,2.4566775095991034e-05,8.163931488525122e-05,0.504150390625,-0.0001139113176122919,-0.9778960663825274,-3.227200932087726e-05,cell-001-2d6242cada05,0.0004476279718801379,1,200,1.0215575695037842,1.002448320388794,0.00021881290012970567,0.00021572940750047565,0.00014074260252527893,1.0031325817108154,0.0003346041194163263,0.000909889058675617
0.15609003929421306,0.23822360392659903,0.2935062889009714,0.7402777429670095,C16-d16-L2-H4-m4-ffnnone,1,16,1.0,True,0.00013254616351332515,0.7933956384658813,5.95387077331543,,,,,,,800,1.0,True,True,0,0.13741624355316162,4,0.007486902177333832,0.00013929732085671276,16,4,2,sgd,0.4038671553134918,0.5208495929837227,0.8677818980067968,0.21528097800910473,9.255542664732275e-06,4.9288033096672734e-05,0.49462890625,-9.069834914043895e-05,-0.9488636068999767,-4.1410321045987075e-05,cell-001-2d6242cada05,0.00014329227269627154,1,400,1.0214694738388062,1.0007163286209106,5.613018583972007e-05,5.213702388573438e-05,7.79745023464784e-05,1.000981092453003,0.00010456968448124826,0.00029081141110509634
0.15701501397415996,0.2350670751184225,0.2938878908753395,0.7409152872860432,C16-d16-L2-H4-m4-ffnnone,1,16,1.0,True,6.570320692844689e-05,0.7941890358924866,5.932216644287109,,,,,,,800,1.0,True,True,0,0.13687287271022797,4,0.005137027241289616,6.125500658527017e-05,16,4,2,sgd,0.40087878331542015,0.5221184566617012,0.8889451082795858,0.21374548599123955,4.776854638066652e-06,4.0645859485266556e-05,0.50048828125,-4.815554393644561e-05,-0.8957342207431793,-7.50969320506556e-06,cell-001-2d6242cada05,6.886327901156619e-05,1,800,1.0249168872833252,1.000014305114746,2.6836953111342154e-05,1.91513063327875e-05,4.577138679451309e-05,1.0001835823059082,5.1896317017963156e-05,0.00014365595416165888
0.20225941762328148,0.18706965632736683,0.20615210384130478,-0.09400783339515328,C16-d16-L2-H4-m4-ffnnone,1,16,0.552734375,True,0.8042259812355042,0.5705852508544922,8.403874397277832,,,,,,,800,0.552734375,True,True,0,0.003892684355378151,4,0.2069701850414276,0.0742611289024353,16,4,2,sgd,0.4198465459048748,-0.07636340521275997,0.4077086243778467,0.2150569837540388,0.011558255035197362,-0.0029108026064932346,0.507080078125,-0.0013055722665740177,-0.21892994211521,-0.004216375004034489,cell-001-2d6242cada05,0.7969864010810852,2,0,0.10147468000650406,0.10618002712726593,0.734130322933197,0.050474125891923904,0.003313131397590041,0.10435964167118073,0.8096061944961548,1.5975236892700195
0.1546494155190885,0.21161564998328686,0.32443612068891525,0.9133462673053145,C16-d16-L2-H4-m4-ffnnone,1,16,1.0,True,0.0004597175866365433,0.6442790031433105,6.433433532714844,,,,,,,800,1.0,True,True,0,0.1697867065668106,4,0.013742610812187195,0.0004347159992903471,16,4,2,sgd,0.42935390770435333,0.4912024474469945,0.8303324393928051,0.23594650998711586,3.140048957561703e-05,-0.00025317656218248885,0.544921875,-0.00030409573992074,-0.7053451465908438,-0.0005572723175646388,cell-001-2d6242cada05,0.00041629833867773414,2,200,0.9952029585838318,0.9951896071434021,0.00020277744624763727,0.00017121018026955426,0.00020508249872364104,0.9953027963638306,0.0004972671158611774,0.001076337182894349
0.15272017219103873,0.21276465244591236,0.3290748652070761,0.9684879742562771,C16-d16-L2-H4-m4-ffnnone,1,16,1.0,True,0.000194356674910523,0.6482990980148315,6.393103122711182,,,,,,,800,1.0,True,True,0,0.17635469138622284,4,0.009406616911292076,0.0001852150890044868,16,4,2,sgd,0.42606838047504425,0.4866051357239485,0.8499340675771236,0.23517626710236073,1.6471472051193814e-05,-0.0001520801547485462,0.54541015625,-0.00017461239281146845,-0.6829663175158203,-0.00032669255324435653,cell-001-2d6242cada05,0.0001781452592695132,2,400,0.9982936382293701,0.9997559189796448,8.354494639206678e-05,6.020823639119044e-05,9.292849426856264e-05,0.9999086856842041,0.00020103865244891495,0.0004377203295007348
0.15110685327090323,0.21451977640390396,0.3321596775203943,1.0114182513207197,C16-d16-L2-H4-m4-ffnnone,1,16,1.0,True,9.467988274991512e-05,0.6515686511993408,6.3607916831970215,,,,,,,800,1.0,True,True,0,0.1810528039932251,4,0.006743374280631542,9.06354543985799e-05,16,4,2,sgd,0.42346106097102165,0.4798371591605246,0.8679620251059532,0.23312681168317795,9.759878576431902e-06,-0.00010338021706957079,0.54296875,-0.00010637270304414415,-0.6364640649408102,-0.0002097529218190175,cell-001-2d6242cada05,8.717466698726639e-05,2,800,0.9933983087539673,0.9998375773429871,3.75313320546411e-05,2.5576278858352453e-05,4.6501096221618354e-05,1.0000048875808716,9.670534927863628e-05,0.00020631405641324818
0.20851734280586243,0.17487359000369906,0.19957439601421356,-0.18363319616764784,C16-d16-L2-H4-m4-ffnnone,1,16,0.451171875,True,0.6882377862930298,0.5733333230018616,7.6165771484375,,,,,,,800,0.45703125,True,True,0,-0.008942950516939163,4,0.2079518884420395,0.07097584009170532,16,4,2,sgd,0.4237232580780983,-0.1154398616636172,0.36819279566407204,0.23879045248031616,0.0057161970471497625,-0.000343680614605546,0.51806640625,0.0005738724867114797,-0.15173611789941788,0.00023019209766061977,cell-001-2d6242cada05,0.6888711452484131,3,0,-0.044777046889066696,-0.03732860088348389,0.24854491651058197,0.019812345504760742,0.003578247968107462,-0.038343317806720734,1.082169771194458,1.3541052341461182
0.178100629709661,0.1700336472131312,0.29566448740661144,0.4877788284793496,C16-d16-L2-H4-m4-ffnnone,1,16,0.998046875,True,0.006442934274673462,0.7573776841163635,5.842184066772461,,,,,,,800,1.0,True,True,0,0.11756384372711182,4,0.048756640404462814,0.008500441908836365,16,4,2,sgd,0.4008224382996559,0.33294139755889773,0.713465042412281,0.23546534404158592,0.0004384715011838125,0.000544042468391126,0.5224609375,-0.001180009590825648,-0.5608135089278221,-0.0006359671715472359,cell-001-2d6242cada05,0.0037558653857558966,3,200,0.9032980799674988,0.9860401749610901,0.0020844079554080963,0.004339707084000111,0.004655896686017513,0.9859224557876587,0.002988075837492943,0.014068087562918663
0.17324380320496857,0.17816556338220835,0.3021030407398939,0.5959611805155873,C16-d16-L2-H4-m4-ffnnone,1,16,1.0,True,0.0005125392926856875,0.7681733965873718,5.701480865478516,,,,,,,800,1.0,True,True,0,0.1288592517375946,4,0.015201125293970108,0.0005871296743862331,16,4,2,sgd,0.39579540118575096,0.34422371769323945,0.7710700705647469,0.23261230811476707,5.246719865681371e-05,0.00017423265126126353,0.520751953125,-0.00019316546467962326,-0.4964431608095765,-1.8932853890873957e-05,cell-001-2d6242cada05,0.0003812609938904643,3,400,0.9233732223510742,1.0019375085830688,0.00014360541536007077,0.00027091847732663155,0.00038163704448379576,1.001612663269043,0.0002542833099141717,0.001050444319844246
0.1705046279821545,0.18739736173301935,0.3010887708514929,0.6622244659811258,C16-d16-L2-H4-m4-ffnnone,1,16,1.0,True,0.0001606514269951731,0.7698272466659546,5.632647514343262,,,,,,,800,1.0,True,True,0,0.13058415055274963,4,0.00931774266064167,0.0002453388296999037,16,4,2,sgd,0.3920438140630722,0.32429867843165994,0.7918784413486719,0.229175528511405,1.9126298980154388e-05,9.588976240593183e-05,0.51708984375,-9.232437059836229e-05,-0.5291850231587887,3.5654156818054616e-06,cell-001-2d6242cada05,0.0001102733367588371,3,800,0.9304074048995972,0.9996290802955627,3.358419780852273e-05,6.261166709009558e-05,9.553239215165377e-05,0.9997168779373169,7.297379488591105e-05,0.0002647020446602255
0.18166599422693253,0.2774221692234278,0.1775798862800002,-0.12196316104382277,C16-d16-L2-H4-m4-ffnnone,1,16,0.453125,True,3.3158936500549316,0.6270567178726196,7.604416370391846,,,,,,,800,0.453125,True,True,0,-0.004086105152964592,4,0.1625094711780548,0.049042195081710815,16,4,2,sgd,0.47083811461925507,0.0160031957202591,0.45894020050764084,0.23170211538672447,0.0040669829068065155,-0.006023601526976563,0.5205078125,-0.0012744226223730948,-0.1921118558384478,-0.0072980240220204,cell-001-2d6242cada05,3.3050997257232666,4,0,-0.019568443298339844,-0.012781544588506222,5.173493385314941,0.013160807080566883,0.002170208375900984,-0.014261672273278236,1.0312086343765259,6.220033645629883
0.16769119072705507,0.22293231962248683,0.2739941030740738,0.4767588978866115,C16-d16-L2-H4-m4-ffnnone,1,16,0.998046875,True,0.018903149291872978,0.7430146932601929,4.758365631103516,,,,,,,800,0.99609375,True,True,0,0.10630291700363159,4,0.08888708055019379,0.02449522167444229,16,4,2,sgd,0.7076604291796684,0.11118944268673658,1.2894987910985947,0.21385405212640762,0.00038130034329242335,9.139759833942662e-05,0.54443359375,-0.0001319124381780057,-0.7041774448007345,-4.051477276334481e-05,cell-001-2d6242cada05,0.021250780671834946,4,200,0.9725726842880249,0.9914629459381104,0.005202511791139841,0.019605379551649094,0.002074076794087887,0.9928534030914307,0.019990216940641403,0.04687218368053436
0.15820351522415876,0.2455974379554391,0.279792039655149,0.9454770174343139,C16-d16-L2-H4-m4-ffnnone,1,16,1.0,True,0.001308150589466095,0.7519588470458984,4.573431015014648,,,,,,,800,1.0,True,True,0,0.12158852070569992,4,0.02958575263619423,0.00170314428396523,16,4,2,sgd,0.6759996563196182,0.12315763998776674,1.3017480596899986,0.2338629513978958,0.00013701592752113356,-6.928915831849736e-05,0.55712890625,4.801443537871819e-05,-0.581806824542582,-2.1274704522511456e-05,cell-001-2d6242cada05,0.001306583872064948,4,400,0.9795469641685486,0.9949127435684204,0.0007325013284571469,0.0007521349471062422,0.00020270992536097765,0.9954975843429565,0.0010263473959639668,0.002713693305850029
0.15220923686865717,0.26799715496599674,0.275375141762197,1.0976757993921638,C16-d16-L2-H4-m4-ffnnone,1,16,1.0,True,0.0004884159425273538,0.7591132521629333,4.51084566116333,,,,,,,800,1.0,True,True,0,0.12316590547561646,4,0.018076788634061813,0.000623186060693115,16,4,2,sgd,0.6563310101628304,0.1354601625353098,1.3175083138048649,0.23272033967077732,6.91417921672155e-05,-3.0372784976862022e-05,0.560302734375,1.3448367269575101e-05,-0.556365909986198,-1.6924409010243835e-05,cell-001-2d6242cada05,0.00046614499296993017,4,800,0.9861242175102234,0.99571293592453,0.0002613044634927064,0.00022511994757223874,0.0001033019507303834,0.995993971824646,0.0004133769834879786,0.001003103330731392
0.2029623929411173,0.19289788510650396,0.1982149574905634,-0.18139185768086463,C16-d16-L2-H4-m4-ffnnone,1,16,0.4921875,True,2.0518972873687744,0.6427422761917114,7.895124912261963,,,,,,,800,0.494140625,True,True,0,-0.004747441038489342,4,0.1525949239730835,0.0399930365383625,16,4,2,sgd,0.39733583107590675,0.22714181360788643,0.48290846310555935,0.230577502399683,0.003423842557822354,-0.004419019947818015,0.50146484375,-0.0012818702452932484,-0.4171531144529581,-0.00570088983658934,cell-001-2d6242cada05,2.0497636795043945,5,0,-0.10025534778833389,-0.10915874689817429,2.707542657852173,0.07167287170886993,0.016627218574285507,-0.10875558108091354,1.2346394062042236,4.030482292175293
0.13917861599475145,0.21584872156381607,0.36661545746028423,0.9446579907089472,C16-d16-L2-H4-m4-ffnnone,1,16,0.998046875,True,0.0037413802929222584,0.6734997034072876,6.781388759613037,,,,,,,800,1.0,True,True,0,0.2274368405342102,4,0.028129061684012413,0.007098403759300709,16,4,2,sgd,0.5062159933149815,0.8823230266571045,1.159357562661171,0.22048908285796642,0.00014744187467385927,0.00012328540651651565,0.50439453125,0.0009427505174244288,-1.227291762828827,0.001066036034899298,cell-001-2d6242cada05,0.0019722464494407177,5,200,1.0314052104949951,0.9947174787521362,0.0007922434597276151,0.000825085851829499,0.0014378044288605452,0.9934689402580261,0.0008917214581742883,0.0039468551985919476
0.13552189921028912,0.2165924096480012,0.3768418990075588,1.2091799713671207,C16-d16-L2-H4-m4-ffnnone,1,16,1.0,True,0.0003924233024008572,0.6509247422218323,6.672440528869629,,,,,,,800,1.0,True,True,0,0.24131999909877777,4,0.013139797374606133,0.0003401282010599971,16,4,2,sgd,0.49919264391064644,0.918989285826683,1.189676709473133,0.2370930314064026,3.849644899389659e-05,0.0001484989979871898,0.5263671875,0.00011135975000797771,-1.081883542239666,0.0002598587416287046,cell-001-2d6242cada05,0.00040575547609478235,5,400,1.0644252300262451,0.9969244599342346,0.00021113769616931677,0.00015624857041984797,0.00033771281596273184,0.9961987733840942,0.00014891428872942924,0.0008540133712813258
0.13449825439602137,0.2088928036391735,0.3876124657690525,1.329748261719942,C16-d16-L2-H4-m4-ffnnone,1,16,1.0,True,0.00012763022095896304,0.644710123538971,6.590265274047852,,,,,,,800,1.0,True,True,0,0.2531142234802246,4,0.007832694798707962,0.00011410091974539682,16,4,2,sgd,0.49047672748565674,0.9600030705332756,1.2207953706383705,0.23290719464421272,1.4490847849657484e-05,8.329194452016964e-05,0.525634765625,-1.9630781480373116e-06,-1.0472054556012154,8.132886341627454e-05,cell-001-2d6242cada05,0.0001339003210887313,5,800,1.083003282546997,0.9998170733451843,6.50916263111867e-05,4.450880805961788e-05,0.0001053534506354481,0.9993329048156738,4.9752248742152005e-05,0.0002647061483003199
0.20347538590431213,0.19245601072907448,0.19711785577237606,-0.15318592730909586,C16-d16-L2-H4-m4-ffnnone,1,16,0.55859375,True,0.5617884397506714,0.5423785448074341,8.343366622924805,,,,,,,800,0.59765625,True,True,0,-0.006357529666274786,4,0.23350706696510315,0.10136600583791733,16,4,2,sgd,0.5121821351349354,-0.06266431882977486,0.46825746819376945,0.21100932359695435,0.006457719253376126,0.0015849574192543514,0.496826171875,0.00034596431942190975,-0.20110901724547148,0.0019309214985696599,cell-001-2d6242cada05,0.5319682955741882,6,0,0.12121624499559402,0.11142633855342865,0.26490318775177,0.04497763514518738,0.002260797191411257,0.11124314367771149,0.7955911159515381,1.1077327728271484
0.1761602070182562,0.19924445217475295,0.2722749568056315,0.04999930039048195,C16-d16-L2-H4-m4-ffnnone,1,16,1.0,True,0.0005022949189879,0.7045161724090576,5.859867095947266,,,,,,,800,1.0,True,True,0,0.09611474722623825,4,0.014339727349579334,0.000626878347247839,16,4,2,sgd,0.499149676412344,0.4464391232468188,0.8419150002300739,0.22052045166492462,6.318011469375051e-05,7.976314736879431e-05,0.51806640625,0.0007412509398818656,-0.8415253609418869,0.0008210140476876404,cell-001-2d6242cada05,0.0006221258081495762,6,200,1.0576640367507935,1.0026764869689941,0.00024678290355950594,0.00020934340136591345,0.00039700735942460597,1.0017045736312866,0.0002777795307338238,0.0011309132678434253
0.17564728297293186,0.20223616808652878,0.2708220034837723,0.08488194644451141,C16-d16-L2-H4-m4-ffnnone,1,16,1.0,True,0.00017935306823346764,0.6892532110214233,5.783290386199951,,,,,,,800,1.0,True,True,0,0.09517472982406616,4,0.008316591382026672,0.0001479944767197594,16,4,2,sgd,0.4925919286906719,0.4751893961802125,0.8699114229530096,0.21865167655050755,1.8061576156469528e-05,-2.3471193799196044e-05,0.515380859375,0.00014690123452965054,-0.8070500092580914,0.00012343002890702337,cell-001-2d6242cada05,0.00016817990399431437,6,400,1.0580365657806396,0.9997744560241699,9.454888640902936e-05,5.64397378184367e-05,0.00014042753900866956,0.9989978075027466,9.45662977756001e-05,0.0003859824500977993
0.17595061706379056,0.19882255233824253,0.27332561975345016,0.06528133153915405,C16-d16-L2-H4-m4-ffnnone,1,16,1.0,True,9.500700980424881e-05,0.6900569200515747,5.762166976928711,,,,,,,800,1.0,True,True,0,0.09737500548362732,4,0.006239547859877348,8.636075654067099e-05,16,4,2,sgd,0.48885365203022957,0.48708342760801315,0.8886672668159008,0.22009862214326859,9.227822175716938e-06,-1.1420604550949065e-05,0.510986328125,7.53748657871256e-05,-0.7983497469685972,6.395426225935807e-05,cell-001-2d6242cada05,8.827316196402535e-05,6,800,1.0578818321228027,0.999649167060852,4.89357189508155e-05,2.8805769034079276e-05,7.598923548357561e-05,0.9991379976272583,4.508743586484343e-05,0.00019881816115230322
0.21193272806704044,0.1626849751919508,0.20151685178279877,-0.22735530813224614,C16-d16-L2-H4-m4-ffnnone,1,16,0.58984375,True,0.6157636046409607,0.6846539378166199,6.781848907470703,,,,,,,800,0.578125,True,True,0,-0.010415877215564251,4,0.289267897605896,0.1532280445098877,16,4,2,sgd,0.49971552193164825,-0.1329423002898693,0.4540631305426359,0.22845629416406155,0.013792659767204896,-0.0016303488373523578,0.522216796875,0.0009689416074252222,-0.19350897800177336,-0.0006614072553929873,cell-001-2d6242cada05,0.611875057220459,7,0,0.1530734896659851,0.1920866072177887,0.28537607192993164,0.22907863557338715,0.007966137491166592,0.19373589754104614,0.6606677770614624,1.1830886602401733
0.1791861855890602,0.17008646205067635,0.2923549860715866,0.4723375542089343,C16-d16-L2-H4-m4-ffnnone,1,16,1.0,True,0.0006057503633201122,0.7115709781646729,5.322828769683838,,,,,,,800,1.0,True,True,0,0.11316880583763123,4,0.0157332606613636,0.0005537514807656407,16,4,2,sgd,0.47721192240715027,0.19521197956055403,0.7528650723397732,0.2260102666914463,5.14738258914349e-05,-2.87242164631607e-05,0.52294921875,0.0002790120088320691,-0.7569439876824617,0.0002502877960068872,cell-001-2d6242cada05,0.0006282448302954435,7,200,0.98428875207901,0.9976893663406372,0.00023111089831218123,0.00027566927019506693,0.00021875876700505614,0.998396635055542,0.0005332690780051053,0.0012588079553097486
0.1778836763696745,0.17081616795621812,0.2955328281968832,0.5079736530024093,C16-d16-L2-H4-m4-ffnnone,1,16,1.0,True,0.00022483596694655716,0.7111956477165222,5.288510799407959,,,,,,,800,1.0,True,True,0,0.11764916032552719,4,0.009628580883145332,0.00021232684957794845,16,4,2,sgd,0.47193197906017303,0.20228227274492383,0.7787233777344227,0.2245867159217596,2.229711945744839e-05,-2.522784416214563e-05,0.5205078125,0.00014069712506170617,-0.7176249923650175,0.00011546926452865591,cell-001-2d6242cada05,0.0002253258426208049,7,400,0.9869897365570068,0.9988933801651001,6.604621012229472e-05,9.160380432149395e-05,9.583684732206166e-05,0.9993493556976318,0.00019992986926808953,0.00045341672375798225
0.1762004365446046,0.17301634117029607,0.2983823446556926,0.5438303798437119,C16-d16-L2-H4-m4-ffnnone,1,16,1.0,True,0.00010051322897197679,0.7135451436042786,5.261804580688477,,,,,,,800,1.0,True,True,0,0.12218189984560013,4,0.006425621919333935,9.532344847684726e-05,16,4,2,sgd,0.4675472714006901,0.2031286684796214,0.7999953851103783,0.21822000667452812,1.0715909617431407e-05,-1.6226349885073432e-05,0.51513671875,8.726057177455004e-05,-0.7219581040553749,7.103423763510364e-05,cell-001-2d6242cada05,0.00010235614900011569,7,800,0.985525906085968,0.99726402759552,2.3990771296666935e-05,3.630593710113317e-05,4.8604073526803404e-05,0.9975323677062988,9.380533447256312e-05,0.00020270612731110305
0.1977874543517828,0.21720431093126535,0.18943334929645061,-0.1713438741862774,C16-d16-L2-H4-m4-ffnnone,1,16,0.560546875,True,0.6335361003875732,0.6207371950149536,7.074413299560547,,,,,,,800,0.576171875,True,True,0,-0.008354109711945057,4,0.20604246854782104,0.07887372374534607,16,4,2,sgd,0.4382660612463951,0.22804356552660465,0.5408872552216053,0.23350485414266586,0.010437984281452373,0.0003448195056989789,0.516845703125,0.0004997499563614838,-0.20631442312151194,0.0008445696657872759,cell-001-2d6242cada05,0.6172558665275574,8,0,0.010537324473261833,0.08513093739748001,0.22725588083267212,0.1308767944574356,0.011894295923411846,0.08787661790847778,0.8646422624588013,1.2346692085266113
0.16248053964227438,0.22586853802204132,0.2866898598149419,0.6962882280349731,C16-d16-L2-H4-m4-ffnnone,1,16,1.0,True,0.0004581136454362422,0.7125011682510376,5.480047702789307,,,,,,,800,1.0,True,True,0,0.12420932948589325,4,0.01185600459575653,0.0003938513109460473,16,4,2,sgd,0.44555263966321945,0.45271535497158766,0.8098358027637005,0.22211771458387375,4.1811169239736046e-05,5.408279730545473e-05,0.49267578125,-0.00011302435086690821,-0.6390292022842914,-5.894154946872732e-05,cell-001-2d6242cada05,0.0003875193069688976,8,200,0.986213207244873,1.0052378177642822,0.000299967301543802,0.00015454491949640214,0.00025578675558790565,1.0049031972885132,0.000275672908173874,0.0009859718848019838
0.1620098208077252,0.22371912375092506,0.2902514189481735,0.7957207863219082,C16-d16-L2-H4-m4-ffnnone,1,16,1.0,True,0.00014706351794302464,0.7262070178985596,5.322817802429199,,,,,,,800,1.0,True,True,0,0.1282416135072708,4,0.00789231713861227,0.00011298354365862906,16,4,2,sgd,0.44027604907751083,0.48127026204019785,0.8318378441035748,0.21098429895937443,1.7124839473581233e-05,5.980264427307702e-05,0.491455078125,-7.133938606784795e-05,-0.6692778337746859,-1.1536739748407854e-05,cell-001-2d6242cada05,0.000145631842315197,8,400,1.00900137424469,1.0009771585464478,8.826646080706269e-05,4.4282147428020835e-05,6.834170926595107e-05,1.0008544921875,0.00010418568854220212,0.0003050760133191943
0.1569330815691501,0.2241127798333764,0.3050879808142781,0.9236570165958256,C16-d16-L2-H4-m4-ffnnone,1,16,1.0,True,9.151922131422907e-05,0.7602094411849976,5.072535037994385,,,,,,,800,1.0,True,True,0,0.14815489947795868,4,0.006985985208302736,9.551885887049139e-05,16,4,2,sgd,0.4375379607081413,0.517749447375536,0.8772300779819489,0.21176201850175858,1.4467627153180729e-05,4.769910401591915e-05,0.4931640625,-2.326520302631252e-05,-0.6140139624476433,2.4433897124254145e-05,cell-001-2d6242cada05,9.598111500963569e-05,8,800,0.9995949864387512,1.0024566650390625,3.495436249068007e-05,3.0146708013489842e-05,4.5859644160373136e-05,1.0026755332946777,7.797656144248322e-05,0.00018893726519308984
0.18638207390904427,0.2703413646668196,0.17051243036985397,-0.19154582917690277,C16-d16-L2-H4-m4-ffnnone,1,16,0.509765625,True,0.6305406093597412,0.6694566607475281,7.910628795623779,,,,,,,800,0.537109375,True,True,0,-0.015869639813899994,4,0.1704409122467041,0.046895306557416916,16,4,2,sgd,0.4684682637453079,0.1106621753424406,0.5290721692144871,0.22674447670578957,0.003614281384216156,-0.002453718159813434,0.49609375,-0.0017120688062277623,-0.29072660952806473,-0.0041657872789073735,cell-001-2d6242cada05,0.6244184374809265,9,0,-0.0447508841753006,-0.016531366854906082,0.25070223212242126,0.024986520409584045,0.002336413599550724,-0.015658730641007423,1.0347245931625366,1.3127497434616089
0.14859009627252817,0.24970728997141123,0.30452242447063327,0.6142428703606129,C16-d16-L2-H4-m4-ffnnone,1,16,1.0,True,0.0011811184231191874,0.837759792804718,5.363825798034668,,,,,,,800,1.0,True,True,0,0.15593232214450836,4,0.0205367598682642,0.0009445843752473593,16,4,2,sgd,0.4821482226252556,0.5682359794154763,0.9701319299638271,0.23017124645411968,6.820107535077113e-05,7.260464917635545e-05,0.52783203125,-5.233874617260881e-06,-0.9490576758980751,6.737085095664952e-05,cell-001-2d6242cada05,0.0011591763468459249,9,200,1.0171306133270264,0.9929553270339966,0.00033658984466455877,0.00034687138395383954,0.000505767937283963,0.9932569265365601,0.0008423733524978161,0.002031602431088686
0.1481141491094604,0.2492515416815877,0.30640602577477694,0.6400483772158623,C16-d16-L2-H4-m4-ffnnone,1,16,1.0,True,0.0003259498917032033,0.837741494178772,5.315878868103027,,,,,,,800,1.0,True,True,0,0.15829187631607056,4,0.011713804677128792,0.0003118677414022386,16,4,2,sgd,0.47400538995862007,0.5837248787283897,0.9987162686884403,0.23002245090901852,2.3627313083807167e-05,4.6193517277970386e-05,0.532958984375,-1.7686897990643047e-06,-0.9615335296839476,4.4424848283597385e-05,cell-001-2d6242cada05,0.0003317290102131665,9,400,1.0268800258636475,0.9984754920005798,7.036839087959379e-05,9.520683670416474e-05,0.0001986881106859073,0.9988516569137573,0.00021576680592261255,0.0005800301441922784
0.14726853976026177,0.251113252248615,0.3070811303332448,0.6581939682364464,C16-d16-L2-H4-m4-ffnnone,1,16,1.0,True,0.00014023222320247442,0.8368621468544006,5.284451007843018,,,,,,,800,1.0,True,True,0,0.15981259942054749,4,0.0076432847417891026,0.000130260712467134,16,4,2,sgd,0.468667846173048,0.5857322230003774,1.0161760076880455,0.23156648688018322,1.0895132660948548e-05,2.7975012471870286e-05,0.531494140625,9.0953403741878e-06,-0.9449017029255629,3.7070357393531594e-05,cell-001-2d6242cada05,0.0001380211760988459,9,800,1.0260660648345947,0.9989466071128845,2.4560478777857497e-05,3.830131754511967e-05,9.233994933310896e-05,0.9992543458938599,8.614024409325793e-05,0.00024134198611136526
0.20445258542895317,0.1889134980738163,0.19772877916693687,-0.3239335408434272,C16-d16-L2-H4-m4-ffnnone,1,16,0.443359375,True,1.416816234588623,0.6294924020767212,7.9136881828308105,,,,,,,800,0.427734375,True,True,0,-0.006723801605403423,4,0.3422272205352783,0.24944299459457397,16,4,2,sgd,0.5007984004914761,-0.021782193332910538,0.49947386607527733,0.22174677811563015,0.014536749455146492,0.006333915956929559,0.496337890625,0.0016520757526450325,-0.39136294927448034,0.007985991978785023,cell-001-2d6242cada05,1.4087886810302734,10,0,-0.21495482325553894,-0.2271880954504013,1.0603939294815063,0.3055263161659241,0.04416810721158981,-0.22533643245697021,1.5232571363449097,2.933345317840576
0.15280053298920393,0.1893797917291522,0.3522186167538166,0.969578929245472,C16-d16-L2-H4-m4-ffnnone,1,16,1.0,True,0.0012274783803150058,0.6645331382751465,5.86881160736084,,,,,,,800,1.0,True,True,0,0.1994180828332901,4,0.022799290716648102,0.0014229158405214548,16,4,2,sgd,0.5566964223980904,0.46044038981199265,1.044437974691391,0.225416986271739,7.713827585575928e-05,-0.0001350520406049327,0.53955078125,-0.0007282311271410435,-0.6656147562898695,-0.0008632831404611352,cell-001-2d6242cada05,0.0016016734298318624,10,200,1.0359187126159668,0.9909542798995972,0.0005880945827811956,0.0008225674391724169,0.00045353916357271373,0.9922200441360474,0.0007530617294833064,0.002617263002321124
0.1496237914543599,0.19135248195379972,0.3597761560231447,1.077743336558342,C16-d16-L2-H4-m4-ffnnone,1,16,1.0,True,0.00028931337874382734,0.6620374321937561,5.800304412841797,,,,,,,800,1.0,True,True,0,0.21015235781669617,4,0.011343767866492271,0.00029183918377384543,16,4,2,sgd,0.5526571646332741,0.45161987096071243,1.0741159468889236,0.22307213768363,2.5636399300310586e-05,-0.00010600051155051915,0.5419921875,-0.0003457421430539398,-0.5295713203959167,-0.00045174266460890067,cell-001-2d6242cada05,0.0003291847533546388,10,400,1.0456035137176514,0.9952207803726196,0.00014349105185829103,0.00012262188829481602,0.00012736304779537022,0.9959235191345215,0.00016425992362201214,0.0005577359115704894
0.14810187509283423,0.19233576022088528,0.36335863918066025,1.1326201409101486,C16-d16-L2-H4-m4-ffnnone,1,16,1.0,True,0.00011584788444451988,0.6615517139434814,5.763711929321289,,,,,,,800,1.0,True,True,0,0.21525676548480988,4,0.00723640713840723,0.00011817761696875095,16,4,2,sgd,0.5507067367434502,0.4481179490685463,1.0972259379923344,0.22099141962826252,1.1327255919013623e-05,-6.418879411285161e-05,0.540771484375,-0.00021564356256931205,-0.5142459087073803,-0.00027983234849671135,cell-001-2d6242cada05,0.0001330303930444643,10,800,1.0553927421569824,1.000106692314148,5.7532954087946564e-05,4.106965207029134e-05,5.687395969289355e-05,1.0005465745925903,6.654165918007493e-05,0.00022201822139322758
0.1971376482397318,0.21430059149861336,0.1942864954471588,-0.16640251921489835,C16-d16-L2-H4-m4-ffnnone,1,16,0.375,True,0.7838034629821777,0.6599479913711548,8.166877746582031,,,,,,,800,0.408203125,True,True,0,-0.0028511499986052513,4,0.1717660129070282,0.05084247514605522,16,4,2,sgd,0.4438713639974594,0.0036963343154639006,0.43874927423894405,0.22393875196576118,0.003964860938140191,-0.0003238537028664723,0.50244140625,-0.0008523956948920386,-0.29484778083860874,-0.0011762498979805969,cell-001-2d6242cada05,0.7902503609657288,11,0,-0.0971604734659195,-0.15361717343330383,0.17176848649978638,0.08925721794366837,0.0030303888488560915,-0.15428826212882996,1.338940143585205,1.6029963493347168
0.14057635143399239,0.26240142062306404,0.31586954719386995,0.8141829259693623,C16-d16-L2-H4-m4-ffnnone,1,16,1.0,True,0.0019015162251889706,0.6407817006111145,6.259367942810059,,,,,,,800,0.998046875,True,True,0,0.1752931773662567,4,0.01769654080271721,0.0008203933830372989,16,4,2,sgd,0.43005403876304626,0.5946368323639035,0.9018683545291424,0.2374560944736004,0.00017683606029095245,-0.00013160846538085025,0.528076171875,0.0002802561984935892,-0.8778262790292501,0.00014864772674627602,cell-001-2d6242cada05,0.0020552887581288815,11,200,0.9522832036018372,0.9916588068008423,0.00038535165367648005,0.0005908025777898729,0.0005754834273830056,0.9938539266586304,0.0006158611504361033,0.00216749869287014
0.13900355761870742,0.24724340718239546,0.3357459418475628,0.9461049661040306,C16-d16-L2-H4-m4-ffnnone,1,16,1.0,True,0.0001804581843316555,0.6389584541320801,6.190529823303223,,,,,,,800,1.0,True,True,0,0.19674238562583923,4,0.008604330942034721,0.00015473240637220442,16,4,2,sgd,0.42151830717921257,0.639756721444428,0.9345693252980709,0.24314672499895096,2.5296516867001628e-05,-5.70165957469726e-06,0.539794921875,3.7477348541870015e-05,-0.7528335093520582,3.177569669787772e-05,cell-001-2d6242cada05,0.00017760091577656567,11,400,0.9872435331344604,1.0004680156707764,6.502747419290245e-05,7.9783916589804e-05,0.00011100935807917267,1.0011239051818848,0.00012304677511565387,0.00037886755308136344
0.13898465153761208,0.24469696101732552,0.3383491109125316,0.9343765862286091,C16-d16-L2-H4-m4-ffnnone,1,16,1.0,True,7.967189594637603e-05,0.634550154209137,6.174014568328857,,,,,,,800,1.0,True,True,0,0.19936443865299225,4,0.005584545433521271,6.418206612579525e-05,16,4,2,sgd,0.418663389980793,0.6546246558427811,0.9552119374275208,0.24502321518957615,1.0384229867099748e-05,-8.448001153738005e-06,0.547607421875,2.425568163744174e-05,-0.7156124874018133,1.58076891239034e-05,cell-001-2d6242cada05,8.324509690282866e-05,11,800,0.985751748085022,1.000045657157898,2.8089269108022563e-05,3.275061317253858e-05,5.146908006281592e-05,1.0005524158477783,5.8521502069197595e-05,0.00017083046259358525
0.2039654329419136,0.1974649652838707,0.19063876569271088,-0.13354751467704773,C64-d16-L2-H1-m4-ffn32,6,16,0.556640625,True,0.8733389377593994,0.7488880753517151,12.355873107910156,-0.004697460914030671,0.32805368304252625,0.58984375,0.0005015765782445669,-0.004195886198431253,32,800,0.5625,True,True,0,-0.013326655142009258,4,0.16332007944583893,0.048439882695674896,64,1,2,sgd,0.9209191203117371,0.20162207260727882,1.1167209148406982,0.22655601054430008,0.02046053856611252,-0.007624450139701366,0.5078125,-0.001472745934734121,-0.21131481416523457,-0.00909719755873084,cell-006-e6777e303cd8,0.8740226030349731,0,0,0.07663445919752121,0.14266766607761383,0.9050803780555725,0.12329290062189102,0.01612313836812973,0.1397651731967926,0.7555614709854126,1.8000578880310059
0.08774865232408047,0.18045642226934433,0.5562976598739624,2.384823739528656,C64-d16-L2-H1-m4-ffn32,6,16,0.998046875,True,0.004353046882897615,0.8318195343017578,11.201836585998535,-0.0003333229906274937,0.15772853046655655,0.3896484375,-0.004469291772693396,-0.004802614683285356,32,800,0.998046875,True,True,0,0.4685490131378174,4,0.01826748438179493,0.0011863862164318562,64,1,2,sgd,1.3140053153038025,0.7892901301383972,2.9815738797187805,0.24040136486291885,0.00022069744954933412,-0.0002975177048938349,0.5546875,-0.0037445866328198463,-0.9424925521016121,-0.0040421042358502746,cell-006-e6777e303cd8,0.00460993405431509,0,200,0.9274343252182007,0.9915863275527954,0.002359881065785885,0.002695439150556922,0.0013064704835414886,0.9926657676696777,0.0032695243135094643,0.009631314314901829
0.08102905377745628,0.19532644003629684,0.5615864098072052,2.6822288036346436,C64-d16-L2-H1-m4-ffn32,6,16,1.0,True,0.0004580960376188159,0.8644628524780273,11.13709545135498,-0.0002184566983487457,0.2207646444439888,0.4833984375,-0.0019085733802057803,-0.0021270302240736783,32,800,1.0,True,True,0,0.480557382106781,4,0.008100857958197594,0.00019155055633746088,64,1,2,sgd,1.2781063318252563,0.8737720549106598,3.188236176967621,0.2510986924171448,8.121461905830074e-05,-0.00032299118902301416,0.5478515625,-0.0012764594430336729,-0.6457493333145976,-0.001599450537469238,cell-006-e6777e303cd8,0.00048593341489322484,0,400,0.9752599000930786,0.993861973285675,0.00042122823651880026,0.00013234773359727114,0.00020572598441503942,0.9946497678756714,0.00038754387060180306,0.0011468458687886596
0.07989382743835449,0.18951135128736496,0.5708071887493134,2.7172372937202454,C64-d16-L2-H1-m4-ffn32,6,16,1.0,True,0.00016111118020489812,0.8653081059455872,11.112367630004883,-0.00011615283256105613,0.2353813387453556,0.501953125,-0.000776449844124727,-0.0008926026348490268,32,800,1.0,True,True,0,0.4909133315086365,4,0.00529010035097599,9.612743451725692e-05,64,1,2,sgd,1.2462651133537292,0.9328839629888535,3.3171992897987366,0.26299986243247986,3.383628313713416e-05,-0.00019298584084026515,0.5712890625,-0.000499855352245504,-0.5015940479934216,-0.0006928411894477904,cell-006-e6777e303cd8,0.00018234047456644475,0,800,1.0066814422607422,1.001044511795044,0.00013263747678138316,3.112979538855143e-05,6.305721763055772e-05,1.0015352964401245,0.00011688195081660524,0.0003437064297031611
0.19379527866840363,0.22559405863285065,0.19302012771368027,-0.13625627011060715,C64-d16-L2-H1-m4-ffn32,6,16,0.533203125,True,0.8324198722839355,0.7774420380592346,12.593384742736816,-0.010181669844314456,0.20590296387672424,0.3916015625,-0.017121209762990475,-0.02730287704616785,32,800,0.53125,True,True,0,-0.000775150372646749,4,0.15765801072120667,0.047616153955459595,64,1,2,sgd,1.05789053440094,-0.1047574058175087,0.9353209137916565,0.21999159455299377,0.01755007542669773,-0.013638982083648443,0.4892578125,0.00015085062477737665,-0.4234357103705406,-0.013488131109625101,cell-006-e6777e303cd8,0.8125591278076172,1,0,0.02875668555498123,0.07353737950325012,0.6658660769462585,0.05148210749030113,0.005468741059303284,0.0743265151977539,0.8667860627174377,1.5896029472351074
0.08046934753656387,0.21546313166618347,0.5431287884712219,2.4190908670425415,C64-d16-L2-H1-m4-ffn32,6,16,1.0,True,0.0009341549593955278,0.8282287120819092,11.671401023864746,-0.00041985843563452363,0.331230953335762,0.6357421875,0.00010669614130165428,-0.0003131622761429753,32,800,1.0,True,True,0,0.46265944838523865,4,0.010512138716876507,0.00043350429041311145,64,1,2,sgd,1.1056084632873535,0.80333112180233,2.545688509941101,0.25716765224933624,0.00024205429463108885,0.00030454611987806857,0.5517578125,-0.000614089920418337,-0.9941339492797852,-0.00030954377143643796,cell-006-e6777e303cd8,0.0009732529288157821,1,200,1.0597084760665894,0.9951205253601074,0.0011236565187573433,0.0007062854710966349,0.0006728970911353827,0.9965928196907043,0.0010254699736833572,0.003528309054672718
0.07496986165642738,0.21188081800937653,0.563209593296051,2.700001060962677,C64-d16-L2-H1-m4-ffn32,6,16,1.0,True,0.00020487263100221753,0.8098701238632202,11.593573570251465,-6.683068204438314e-05,0.352999746799469,0.6689453125,0.0002887402515625581,0.00022190959134604782,32,800,1.0,True,True,0,0.48823976516723633,4,0.0047165644355118275,7.345811900449917e-05,64,1,2,sgd,1.0763700008392334,0.8788946270942688,2.6867085695266724,0.2615886926651001,2.7075488560512895e-05,-9.748124284669757e-06,0.560546875,-2.0669134755735286e-05,-0.9432294517755508,-3.04172372125322e-05,cell-006-e6777e303cd8,0.00019632434123195708,1,400,1.0598838329315186,1.0037322044372559,0.00014030261081643403,3.0131315725157037e-05,4.8982219595927745e-05,1.0039687156677246,0.00018324225675314665,0.00040265839197672904
0.07387334946542978,0.21723254024982452,0.5611474364995956,2.8037259578704834,C64-d16-L2-H1-m4-ffn32,6,16,1.0,True,8.578234701417387e-05,0.8090253472328186,11.566407203674316,-1.4389173884410411e-05,0.34245048463344574,0.666015625,0.00017322731582680717,0.00015883812739048153,32,800,1.0,True,True,0,0.48727408051490784,4,0.0032051531597971916,3.026277045137249e-05,64,1,2,sgd,1.0597618222236633,0.9289596378803253,2.7743606567382812,0.25882449746131897,1.5459400856343564e-05,1.0441039194120094e-05,0.560546875,-3.956417913286714e-05,-0.8696450889110565,-2.912316267611459e-05,cell-006-e6777e303cd8,8.703347702976316e-05,1,800,1.0550596714019775,1.0000336170196533,4.9065365601563826e-05,1.349011199636152e-05,2.4002027203096077e-05,1.0003546476364136,8.268030069302768e-05,0.00016923779912758619
0.20522992312908173,0.1886168271303177,0.19569343328475952,-0.18356816470623016,C64-d16-L2-H1-m4-ffn32,6,16,0.521484375,True,1.0051193237304688,0.8093698620796204,12.61670970916748,0.007767757400870323,0.293650321662426,0.533203125,0.01555476849898696,0.02332252636551857,32,800,0.5234375,True,True,0,-0.009536491706967354,4,0.16845133900642395,0.05460653454065323,64,1,2,sgd,0.9830461740493774,0.04972986876964569,1.0552457571029663,0.21376118808984756,0.02400103770196438,0.0045242588967084885,0.5029296875,-0.0013483412185451016,-0.14826407842338085,0.003175916615873575,cell-006-e6777e303cd8,1.0078303813934326,2,0,0.014985468238592148,0.03518736734986305,1.1578930616378784,0.03148846700787544,0.006110978312790394,0.03442607820034027,0.9410291910171509,2.136521816253662
0.09688019286841154,0.20347846299409866,0.5058809965848923,2.246019497513771,C64-d16-L2-H1-m4-ffn32,6,16,0.998046875,True,0.002978308591991663,0.8118175268173218,11.21585464477539,-0.0006254252366488799,0.24494343996047974,0.517578125,-0.0015240460634231567,-0.0021494715474545956,32,800,0.99609375,True,True,0,0.40900081396102905,4,0.010128160007297993,0.0030557727441191673,64,1,2,sgd,1.0964685082435608,0.6354334801435471,2.574099749326706,0.1952071636915207,5.442549991130363e-05,-0.0001288562998524867,0.51171875,-0.0038845286471769214,-0.9516142196953297,-0.004013385419966653,cell-006-e6777e303cd8,0.0038297923747450113,2,200,0.9724583625793457,0.9968775510787964,0.0013832945842295885,0.0008535247761756182,0.0005708994576707482,0.9967442750930786,0.001241277321241796,0.004048996604979038
0.0928468406200409,0.19663256406784058,0.5248269140720367,2.4681652635335922,C64-d16-L2-H1-m4-ffn32,6,16,1.0,True,0.00024546656641177833,0.8130701184272766,11.157356262207031,0.00017946912703337148,0.2579984962940216,0.5615234375,-1.0118426871486008e-05,0.0001693507219897583,32,800,1.0,True,True,0,0.43198007345199585,4,0.003960795700550079,4.675176023738459e-05,64,1,2,sgd,1.0664762258529663,0.6970773730427027,2.699341058731079,0.20882867276668549,1.0791012755362317e-05,-0.00010443711653351784,0.544921875,0.00021953614486847073,-0.8704734295606613,0.00011509902833495289,cell-006-e6777e303cd8,0.0002493056235834956,2,400,0.980204164981842,1.0000066757202148,0.00020683743059635162,4.001523484475911e-05,2.6526871806709096e-05,0.9997216463088989,0.00021817197557538748,0.0004915515310131013
0.09065344464033842,0.20425786823034286,0.5237818360328674,2.5290526896715164,C64-d16-L2-H1-m4-ffn32,6,16,1.0,True,0.0001522075617685914,0.8134282827377319,11.132884979248047,7.781967360642739e-05,0.26191557198762894,0.5751953125,0.00044029397395206615,0.0005181136366445571,32,800,1.0,True,True,0,0.43312838673591614,4,0.0032554888166487217,0.0001036466273944825,64,1,2,sgd,1.050521433353424,0.7301299013197422,2.767668217420578,0.20061247795820236,6.203246584846056e-06,-0.00010838673915714025,0.537109375,0.0005274796403682558,-0.8543101386167109,0.0004190928812022321,cell-006-e6777e303cd8,0.00011188985808985308,2,800,0.9850847721099854,1.0002233982086182,7.812697731424123e-05,2.5792567612370476e-05,2.4470129574183375e-05,0.9999459981918335,0.0001141842658398673,0.00024257396580651402
0.20406239479780197,0.193263940513134,0.19454891234636307,-0.37388166785240173,C64-d16-L2-H1-m4-ffn32,6,16,0.46875,True,0.5379910469055176,0.7997342944145203,13.330070495605469,0.001578473369590938,0.36683911085128784,0.6240234375,0.005652942345477641,0.00723141641356051,32,800,0.478515625,True,True,0,-0.009513476863503456,4,0.08094809204339981,0.014247652143239975,64,1,2,sgd,0.9742698669433594,0.15279262606054544,1.0994597673416138,0.23117896169424057,0.008413392584770918,0.005399077897891402,0.537109375,0.0008310666307806969,-0.16266250610351562,0.006230144528672099,cell-006-e6777e303cd8,0.5347385406494141,3,0,0.0019461286719888449,0.009474845603108406,0.05481705069541931,0.0073739695362746716,0.0018313250038772821,0.008731396868824959,0.9846881031990051,1.0487104654312134
0.0945186298340559,0.20718397945165634,0.5092601180076599,2.2240701019763947,C64-d16-L2-H1-m4-ffn32,6,16,1.0,True,0.001039875322021544,0.8219680786132812,12.009511947631836,0.00011352910951245576,0.335232749581337,0.5986328125,-0.0004972715250914916,-0.00038374265568563715,32,800,1.0,True,True,0,0.41474148631095886,4,0.007904133759438992,0.0013278478290885687,64,1,2,sgd,0.9660995602607727,0.6709078848361969,2.1271087527275085,0.24866724014282227,0.0001315663794230204,0.00034311044873902574,0.5283203125,-0.001894416898721829,-0.6950512528419495,-0.0015513061516685411,cell-006-e6777e303cd8,0.0005430293385870755,3,200,0.9420684576034546,0.9970171451568604,0.0004679255944211036,0.00034256663639098406,0.000342777231708169,0.9962048530578613,0.0005112874787300825,0.0016645569121465087
0.08965351339429617,0.21108634769916534,0.519953116774559,2.403705507516861,C64-d16-L2-H1-m4-ffn32,6,16,1.0,True,0.00016620005771983415,0.8316293358802795,11.958624839782715,2.7451023925095797e-05,0.3106902092695236,0.5927734375,3.926837962353602e-06,3.137785097351298e-05,32,800,1.0,True,True,0,0.4302996098995209,4,0.0038858947809785604,6.884797767270356e-05,64,1,2,sgd,0.9577408134937286,0.700477659702301,2.2046136260032654,0.2422189563512802,8.872019861883018e-06,-1.6418553059338592e-05,0.513671875,7.70007973187603e-05,-0.7556711137294769,6.058226244931575e-05,cell-006-e6777e303cd8,0.00014234564150683582,3,400,0.9409710168838501,1.000037670135498,0.0001467252877773717,0.00014632671081926674,0.0002649447415024042,0.9996225237846375,0.00020270812092348933,0.000760704861022532
0.08683116361498833,0.21128498017787933,0.5282215476036072,2.448392152786255,C64-d16-L2-H1-m4-ffn32,6,16,1.0,True,6.252690945984796e-05,0.833211362361908,11.94262981414795,5.105834134155884e-06,0.3007732331752777,0.5703125,4.321184314903803e-05,4.831767364521511e-05,32,800,1.0,True,True,0,0.44139039516448975,4,0.0025856546126306057,1.9098959455732256e-05,64,1,2,sgd,0.9521594047546387,0.7241562604904175,2.272812843322754,0.24273598194122314,4.558432920021005e-06,-3.7751038689748384e-05,0.521484375,9.4225411885418e-05,-0.7241937443614006,5.647437137668021e-05,cell-006-e6777e303cd8,6.106009823270142e-05,3,800,0.937787652015686,0.9991791248321533,3.370717604411766e-05,1.4201134945324156e-05,1.896094181574881e-05,0.9990840554237366,6.340155232464895e-05,0.00013027081149630249
0.18993563950061798,0.25658781826496124,0.173605278134346,-0.2106337696313858,C64-d16-L2-H1-m4-ffn32,6,16,0.541015625,True,0.7121585607528687,0.8422908782958984,12.968238830566406,-0.01389623573049903,0.2380402907729149,0.45703125,-0.009532671130727977,-0.023428906919434667,32,800,0.5234375,True,True,0,-0.016330372542142868,4,0.21313117444515228,0.08738294243812561,64,1,2,sgd,0.9632617831230164,-0.16955498978495598,0.8135680556297302,0.22808730602264404,0.04763116128742695,-0.01627397257834673,0.521484375,-0.0005626632482744753,-0.1997857615351677,-0.01683663669973612,cell-006-e6777e303cd8,0.6844097375869751,4,0,0.03880047798156738,0.0881945788860321,0.4146234393119812,0.05742950364947319,0.007120966911315918,0.08827769756317139,0.8379851579666138,1.3171591758728027
0.06430070195347071,0.24315986782312393,0.5639380812644958,2.963306248188019,C64-d16-L2-H1-m4-ffn32,6,16,0.994140625,True,0.006909956224262714,0.8293555974960327,11.710593223571777,-0.001250850735232234,0.26684147864580154,0.525390625,-0.004526293952949345,-0.005777144338935614,32,800,0.998046875,True,True,0,0.4996373653411865,4,0.015873342752456665,0.007127842865884304,64,1,2,sgd,0.9427350759506226,0.8088224232196808,2.054200768470764,0.23433265089988708,0.0002569290154497139,6.10866118222475e-05,0.4951171875,-0.0056549267610535026,-0.9904855787754059,-0.005593840032815933,cell-006-e6777e303cd8,0.0034901052713394165,4,200,1.0085678100585938,0.9846683740615845,0.001475663622841239,0.001957516884431243,0.0017474227352067828,0.9848103523254395,0.002242900198325515,0.007423503324389458
0.06287912838160992,0.22497382760047913,0.5863888263702393,3.2163493037223816,C64-d16-L2-H1-m4-ffn32,6,16,1.0,True,0.00022929348051548004,0.835833728313446,11.664677619934082,-7.451108467648737e-05,0.28521520644426346,0.546875,7.563103281427175e-06,-6.694799594697542e-05,32,800,1.0,True,True,0,0.523509681224823,4,0.004337455611675978,6.826188473496586e-05,64,1,2,sgd,0.9333697557449341,0.9065216183662415,2.236855149269104,0.25805725157260895,2.202233372372575e-05,8.438268559984863e-05,0.5263671875,-7.687709148740396e-05,-0.7954543381929398,7.505563189624809e-06,cell-006-e6777e303cd8,0.0002115638053510338,4,400,1.0369843244552612,0.9998894929885864,0.00014521434786729515,3.849503264063969e-05,4.4258369598537683e-05,0.9997801780700684,0.00021764443954452872,0.00044561218237504363
0.06647235434502363,0.2192450910806656,0.5813378393650055,3.181066632270813,C64-d16-L2-H1-m4-ffn32,6,16,1.0,True,8.74145989655517e-05,0.8339841961860657,11.658915519714355,-6.135558942332864e-05,0.28128303587436676,0.5625,-6.684217623842414e-05,-0.00012819775656680577,32,800,1.0,True,True,0,0.514865517616272,4,0.0027286976110190153,2.3768599930917844e-05,64,1,2,sgd,0.920630931854248,0.9794905185699463,2.368666887283325,0.2480265125632286,8.522346206518705e-06,8.706482185516506e-05,0.5166015625,-0.00011289464237052016,-0.7707330584526062,-2.582983870524913e-05,cell-006-e6777e303cd8,8.215917478082702e-05,4,800,1.0369384288787842,0.9981317520141602,4.795957647729665e-05,1.4786664905841462e-05,1.86261077033123e-05,0.9980288743972778,8.635360427433625e-05,0.00016772595699876547
0.1974249631166458,0.20773188397288322,0.19999323040246964,-0.2517852857708931,C64-d16-L2-H1-m4-ffn32,6,16,0.48828125,True,1.253467321395874,0.7840876579284668,12.487133026123047,-0.013103353325277567,0.21160145103931427,0.4296875,-0.037839874625205994,-0.05094322748482227,32,800,0.486328125,True,True,0,0.002568274736404419,4,0.152513325214386,0.05767090618610382,64,1,2,sgd,0.9895443916320801,0.10428445041179657,1.0728435516357422,0.2293771207332611,0.03109896369278431,-0.02706119790673256,0.4970703125,-0.010293985716998577,-0.5884906053543091,-0.03735518269240856,cell-006-e6777e303cd8,1.272263526916504,5,0,0.09642328321933746,0.10150578618049622,1.5230523347854614,0.09197177737951279,0.021331045776605606,0.11044849455356598,0.8117268085479736,2.4480819702148438
0.09230392426252365,0.16891208663582802,0.5541761815547943,2.26172336935997,C64-d16-L2-H1-m4-ffn32,6,16,0.99609375,True,0.005922517739236355,0.8110731840133667,10.863808631896973,0.0004903555382043123,0.2563982456922531,0.5234375,0.003922172589227557,0.004412527661770582,32,800,0.99609375,True,True,0,0.46187224984169006,4,0.009902909398078918,0.0018377442611381412,64,1,2,sgd,1.0612099766731262,0.8028553426265717,2.5712519884109497,0.22749991714954376,0.001223130791913718,-0.0010702826839406043,0.5380859375,0.007923345023300499,-1.0465660393238068,0.006853062252048403,cell-006-e6777e303cd8,0.006524925585836172,5,200,0.9886760115623474,0.9913440942764282,0.0010452955029904842,0.00289108045399189,0.0010089580900967121,0.9915307760238647,0.003015995491296053,0.007961330004036427
0.08465499337762594,0.18399593234062195,0.5620390921831131,2.5124958157539368,C64-d16-L2-H1-m4-ffn32,6,16,1.0,True,0.0002227974182460457,0.8109912872314453,10.815670013427734,-0.00026871888076129835,0.2722267881035805,0.560546875,-0.0003545874642441049,-0.0006233063759282231,32,800,1.0,True,True,0,0.477384090423584,4,0.004069867543876171,7.908699626568705e-05,64,1,2,sgd,1.0449658632278442,0.84501051902771,2.6727025508880615,0.2180611491203308,1.3096756219965755e-05,-0.00011739136971300468,0.5302734375,-0.0001155111713160295,-0.9484487101435661,-0.00023290252283914015,cell-006-e6777e303cd8,0.00018221068603452295,5,400,0.9881117939949036,1.0012245178222656,0.00016130675794556737,0.0001011630374705419,9.004607272800058e-05,1.001011610031128,0.00019844391499646008,0.0005509597831405699
0.08162458706647158,0.18578387796878815,0.569342315196991,2.660868614912033,C64-d16-L2-H1-m4-ffn32,6,16,1.0,True,0.0006597984465770423,0.8117526173591614,10.784794807434082,-0.000179014888999518,0.28880733251571655,0.5693359375,-8.493756467942148e-06,-0.00018750865092442837,32,800,1.0,True,True,0,0.48771774768829346,4,0.004842802416533232,0.001129413372837007,64,1,2,sgd,1.0370708107948303,0.8759343028068542,2.745822250843048,0.22487294673919678,6.351849606289761e-06,-3.677839595184196e-05,0.525390625,-0.0001533307040517684,-0.7880231011658907,-0.00019010905816685408,cell-006-e6777e303cd8,8.993569645099342e-05,5,800,0.9828572273254395,1.0009418725967407,0.000102937628980726,7.415705476887524e-05,6.637653859797865e-05,1.0006084442138672,0.00013277833932079375,0.0003762495471164584
0.17714115977287292,0.2901485562324524,0.17842797189950943,-0.11499722674489021,C64-d16-L2-H1-m4-ffn32,6,16,0.376953125,True,1.6001324653625488,0.7527734041213989,12.522788047790527,-0.020079861395061016,0.2337290272116661,0.4208984375,-0.01808868069201708,-0.038168543949723244,32,800,0.421875,True,True,0,0.0012868148041889071,4,0.4269270896911621,0.3888263404369354,64,1,2,sgd,0.9641218483448029,0.023475829511880875,0.9663554728031158,0.23094850778579712,0.20519305020570755,-0.02423780132085085,0.48828125,-0.008748763939365745,-0.20869040489196777,-0.03298656735569239,cell-006-e6777e303cd8,1.5688778162002563,6,0,-0.2166995257139206,-0.19641365110874176,1.197921633720398,0.23073473572731018,0.042590945959091187,-0.18824982643127441,1.4521024227142334,2.9233498573303223
0.08789465366862714,0.5416906662285328,0.1946254230570048,-0.9638227224349976,C64-d16-L2-H1-m4-ffn32,6,16,0.806640625,True,0.24578751623630524,0.7257582545280457,11.893779754638672,-0.0003717490726558026,0.1222517192363739,0.3037109375,-0.007460397155227838,-0.007832146486180136,32,800,0.810546875,True,True,0,0.10673075914382935,4,0.1642998456954956,0.06907600164413452,64,1,2,sgd,1.4614160060882568,0.33052730560302734,2.0655621886253357,0.2484452947974205,0.0033110432077592122,7.090899453032762e-05,0.533203125,-0.008386284629523288,-1.3311501145362854,-0.008315374921949115,cell-006-e6777e303cd8,0.24406540393829346,6,200,0.44732800126075745,0.5183566808700562,0.011623534373939037,0.1917896568775177,0.011653052642941475,0.5179842114448547,0.2629743218421936,0.47804057598114014
0.009205650276271626,0.5098024476319551,0.46258058351668296,1.902766466140747,C64-d16-L2-H1-m4-ffn32,6,16,1.0,True,0.0024398774839937687,0.7545265555381775,11.04352855682373,-0.0005115514875342342,0.1633126065135002,0.42578125,-0.0016403228783019586,-0.002151874366973061,32,800,1.0,True,True,0,0.4533749222755432,4,0.014922058209776878,0.002684718929231167,64,1,2,sgd,1.5046138763427734,0.5094104707241058,2.938689708709717,0.22284728288650513,5.8880872316535715e-05,-0.00012390166466502706,0.517578125,-0.002560237460784265,-1.1284083724021912,-0.002684139011762454,cell-006-e6777e303cd8,0.0024565206840634346,6,400,1.003385066986084,0.9861817359924316,0.0007152343168854713,0.0014411765150725842,0.0005269240937195718,0.987933337688446,0.002130354754626751,0.004813689738512039
0.005468135874252766,0.5050868075340986,0.4785087681411824,2.492993116378784,C64-d16-L2-H1-m4-ffn32,6,16,1.0,True,0.0003170236013829708,0.7544791102409363,10.77369213104248,5.718081411032472e-06,0.2159527987241745,0.4833984375,0.0001559417687531095,0.00016165978922799695,32,800,1.0,True,True,0,0.4730406701564789,4,0.003266051411628723,0.00016592930478509516,64,1,2,sgd,1.503797709941864,0.5779240429401398,3.2842891216278076,0.24447383731603622,4.874006258148711e-06,-2.5081890271394514e-05,0.55078125,0.00015704876022937242,-0.8161699920892715,0.0001319668735959567,cell-006-e6777e303cd8,0.0002873630728572607,6,800,1.017669916152954,0.9975327253341675,0.00012814055662602186,9.494480036664754e-05,4.572045509121381e-05,0.9974759817123413,0.0003842534206341952,0.000653059221804142
0.20175573974847794,0.19492308795452118,0.199809730052948,-0.09339617006480694,C64-d16-L2-H1-m4-ffn32,6,16,0.5234375,True,0.4928102493286133,0.6933339834213257,12.935783386230469,-0.0025379031139891595,0.4088665246963501,0.6640625,-0.0022135619074106216,-0.004751465283334255,32,800,0.541015625,True,True,0,-0.0019460057374089956,4,0.06297484785318375,0.007283445913344622,64,1,2,sgd,0.9735667109489441,-0.2752997428178787,0.7508997917175293,0.21607645601034164,0.002698579104617238,-0.0016041961498558521,0.5,-0.00083049142267555,-0.2946375086903572,-0.002434687747154385,cell-006-e6777e303cd8,0.49126946926116943,7,0,0.04390910267829895,0.043532878160476685,0.06965695321559906,0.009545492008328438,0.0005620709271170199,0.04332464188337326,0.9164562225341797,0.9962207674980164
0.08526581153273582,0.22547438740730286,0.5187281668186188,2.327423721551895,C64-d16-L2-H1-m4-ffn32,6,16,1.0,True,0.001091466867364943,0.7581946849822998,11.714726448059082,-0.002140821816283278,0.3338736295700073,0.60546875,-0.003005618113093078,-0.005146440584212542,32,800,1.0,True,True,0,0.43346232175827026,4,0.00854461919516325,0.0017464816337451339,64,1,2,sgd,0.9411970674991608,0.8062981516122818,2.315740644931793,0.2360876351594925,0.00013580668382928707,0.00032864890818018466,0.5166015625,-0.005007050029234961,-1.1838940382003784,-0.004678401397541165,cell-006-e6777e303cd8,0.0021288846619427204,7,200,1.0259066820144653,0.994922399520874,0.0006606905953958631,0.0005032457993365824,0.0004764196346513927,0.995985209941864,0.0007734165410511196,0.002413772512227297
0.07964260876178741,0.23167067766189575,0.5294015109539032,2.593753755092621,C64-d16-L2-H1-m4-ffn32,6,16,1.0,True,0.00019805952615570277,0.7590458393096924,11.653572082519531,6.234002648852766e-05,0.3027387857437134,0.5859375,0.00011995108798146248,0.00018229116540169343,32,800,1.0,True,True,0,0.449758917093277,4,0.004062478896230459,5.3775460401084274e-05,64,1,2,sgd,0.9352258145809174,0.8220102302730083,2.385624647140503,0.23182247579097748,1.1651389968392323e-05,-8.0365345638711e-05,0.5087890625,4.764936966239475e-05,-1.1405290365219116,-3.271595051046461e-05,cell-006-e6777e303cd8,0.00020569300977513194,7,400,1.0062462091445923,1.0018106698989868,0.00011189318320248276,4.4717911805491894e-05,3.5616467357613146e-05,1.0019702911376953,0.00022552875452674925,0.00041775632416829467
0.07832688465714455,0.21559403091669083,0.5494253188371658,2.6549445390701294,C64-d16-L2-H1-m4-ffn32,6,16,1.0,True,8.751183486310765e-05,0.7607645988464355,11.627107620239258,-5.551046342588961e-06,0.2930363863706589,0.5849609375,1.0715608368627727e-05,5.164554750081152e-06,32,800,1.0,True,True,0,0.4710984230041504,4,0.003041115589439869,4.9348356697009876e-05,64,1,2,sgd,0.9283185005187988,0.856009803712368,2.4647634625434875,0.23249563574790955,6.788745395169826e-06,-4.327586793806404e-05,0.5166015625,-7.156897481763735e-05,-1.1070756614208221,-0.0001148447918239981,cell-006-e6777e303cd8,0.00010237507376587018,7,800,1.0041934251785278,1.0003925561904907,5.4354175517801195e-05,1.5268724382622167e-05,1.4167363588057924e-05,1.0005079507827759,0.00010024348739534616,0.00018403374997433275
0.21123746037483215,0.15900592505931854,0.20728173106908798,-0.1484188735485077,C64-d16-L2-H1-m4-ffn32,6,16,0.505859375,True,1.3219223022460938,0.793129563331604,12.73018741607666,0.007630590815097094,0.25800855457782745,0.5,0.02667010063305497,0.0343006900511682,32,800,0.501953125,True,True,0,-0.003955715335905552,4,0.23384758830070496,0.11784803122282028,64,1,2,sgd,1.0808995068073273,0.07331346720457077,1.1831559538841248,0.20846091210842133,0.053384291008114815,0.010962882544845343,0.5048828125,-0.0056309361243620515,-0.2061845138669014,0.005331945139914751,cell-006-e6777e303cd8,1.2797658443450928,8,0,-0.0269165076315403,-0.03711296617984772,1.519792079925537,0.03800529986619949,0.006425861269235611,-0.03662613779306412,1.0898900032043457,2.654113292694092
0.0978276114910841,0.2157161682844162,0.49080100655555725,1.9903365969657898,C64-d16-L2-H1-m4-ffn32,6,16,0.998046875,True,0.002510019578039646,0.7876996397972107,11.816375732421875,-0.00027058863634010777,0.33149805665016174,0.6318359375,-0.0005206394707784057,-0.0007912279106676579,32,800,1.0,True,True,0,0.3929734230041504,4,0.008446354418992996,0.00042210350511595607,64,1,2,sgd,1.1596899628639221,0.9244648814201355,3.112843632698059,0.2694580554962158,2.4726994524826296e-05,-6.314137863228098e-05,0.5732421875,-0.0005656461871694773,-0.9811577498912811,-0.0006287874493864365,cell-006-e6777e303cd8,0.0019056277815252542,8,200,0.9427249431610107,1.000532627105713,0.0011144161690026522,0.0005375344771891832,0.00029977090889588,1.0019949674606323,0.0008981057326309383,0.00284982705488801
0.09049568232148886,0.2139107510447502,0.5146022140979767,2.210408568382263,C64-d16-L2-H1-m4-ffn32,6,16,1.0,True,0.00031259231036528945,0.7816857695579529,11.78411865234375,0.00010023089998867363,0.4212455004453659,0.7041015625,-0.00012543196498882025,-2.5201094103977084e-05,32,800,1.0,True,True,0,0.42410653829574585,4,0.0037435307167470455,5.65956870559603e-05,64,1,2,sgd,1.145872414112091,0.9521342813968658,3.1933518052101135,0.27186307311058044,9.322455753135728e-06,-3.279008888057433e-05,0.5771484375,-0.0003688344768306706,-0.6154756285250187,-0.00040162462573789526,cell-006-e6777e303cd8,0.000298122875392437,8,400,0.9477633237838745,0.99919593334198,0.00040330321644432843,0.0001241869613295421,0.00012103944027330726,0.9991533160209656,0.0002517121029086411,0.0009002417209558189
0.08688564971089363,0.2108384668827057,0.5285046100616455,2.3364210724830627,C64-d16-L2-H1-m4-ffn32,6,16,1.0,True,0.000106068306195084,0.7818442583084106,11.761999130249023,0.00012861931463703513,0.43419939279556274,0.7333984375,5.681855691364035e-05,0.0001854378751886543,32,800,1.0,True,True,0,0.44161897897720337,4,0.0024510808289051056,1.7898117221193388e-05,64,1,2,sgd,1.1360423564910889,0.9810908138751984,3.277321696281433,0.2429347038269043,5.163167770660948e-06,1.9076996977673844e-06,0.546875,-9.661751209932845e-05,-0.6846769452095032,-9.470980694459286e-05,cell-006-e6777e303cd8,0.00010725601896410808,8,800,0.9527363777160645,0.9989036917686462,0.00010470889537828043,1.266758317797212e-05,1.4300694601843134e-05,0.9989277124404907,8.468225132673979e-05,0.00021635941811837256
0.20843403786420822,0.16454584896564484,0.2101520672440529,-0.17394502460956573,C64-d16-L2-H1-m4-ffn32,6,16,0.53515625,True,0.5901500582695007,0.7540311813354492,12.665444374084473,0.006313966820016503,0.39752325415611267,0.6669921875,-0.0018186629749834538,0.004495303495787084,32,800,0.546875,True,True,0,0.0017180268187075853,4,0.11788832396268845,0.02783898636698723,64,1,2,sgd,0.9671748876571655,0.26018694043159485,1.220876693725586,0.23010476678609848,0.015547288581728935,-0.0013710041530430317,0.5029296875,0.0006903359317220747,-0.3251207619905472,-0.0006806673482060432,cell-006-e6777e303cd8,0.5953116416931152,9,0,-0.017886728048324585,-0.004005246330052614,0.22326800227165222,0.01223733276128769,0.004181935917586088,-0.002878183964639902,1.0089466571807861,1.248633861541748
0.09373230952769518,0.20398489385843277,0.5148181617259979,2.1460814476013184,C64-d16-L2-H1-m4-ffn32,6,16,1.0,True,0.0007984742987900972,0.8084396719932556,11.302809715270996,0.0010167600557906553,0.2627549022436142,0.53125,0.0014667701325379312,0.00248353008646518,32,800,1.0,True,True,0,0.4210858941078186,4,0.010268313810229301,0.0006392452633008361,64,1,2,sgd,0.946518212556839,0.9710986912250519,2.4952346682548523,0.20882345736026764,0.0017063288905774243,0.0012923617759952322,0.4892578125,0.001297192764468491,-0.8528079288080335,0.002589554511359893,cell-006-e6777e303cd8,0.000983641715720296,9,200,0.9490072131156921,0.9914308786392212,0.0006779185496270657,0.0005272248527035117,0.0005607055500149727,0.9915826320648193,0.0008842108654789627,0.002650059759616852
0.0867890752851963,0.20630177110433578,0.5333310067653656,2.3639858663082123,C64-d16-L2-H1-m4-ffn32,6,16,1.0,True,0.00021825861767865717,0.8267179727554321,11.266345024108887,-2.0091203623451293e-05,0.23604879528284073,0.5263671875,-0.000284317386103794,-0.0003044086624868214,32,800,1.0,True,True,0,0.446541965007782,4,0.005049237981438637,8.01917485659942e-05,64,1,2,sgd,0.9219402372837067,1.0256230235099792,2.589200258255005,0.20340721309185028,1.8847872752303374e-05,-3.034299152204767e-05,0.4990234375,-1.6112950106617063e-05,-0.8773775696754456,-4.645590524887666e-05,cell-006-e6777e303cd8,0.0002057788078673184,9,400,0.9619451761245728,0.9978674054145813,0.00011720535258064047,3.481624662526883e-05,4.1363618947798386e-05,0.9981770515441895,0.00019430616521276534,0.0003876913688145578
0.08299977518618107,0.22506432980298996,0.5259363502264023,2.4781064689159393,C64-d16-L2-H1-m4-ffn32,6,16,1.0,True,8.484063437208533e-05,0.8237210512161255,11.239532470703125,1.3318280252860859e-05,0.22678284347057343,0.505859375,-0.00029376966995187104,-0.00028045142244081944,32,800,1.0,True,True,0,0.44293656945228577,4,0.003220592625439167,3.651495717349462e-05,64,1,2,sgd,0.9030317664146423,1.0702196955680847,2.666506350040436,0.2064937800168991,7.911828333817539e-06,-1.5906160115264356e-05,0.533203125,-4.764598634210415e-05,-0.9404481928795576,-6.35521428193897e-05,cell-006-e6777e303cd8,8.768567931838334e-05,9,800,0.9538751840591431,0.9995319843292236,4.822487971978262e-05,1.4181154256220907e-05,1.7805090465117246e-05,0.9997307062149048,8.621997403679416e-05,0.00016643109847791493
0.11697829887270927,0.5385273396968842,0.11053775995969772,-0.17201337963342667,C64-d16-L2-H1-m4-ffn32,6,16,0.548828125,True,1.2803442478179932,0.7371771335601807,12.805933952331543,0.005334542918717489,0.2973225340247154,0.529296875,0.008407541550695896,0.013742085080593824,32,800,0.55859375,True,True,0,-0.006440532859414816,4,0.1255403310060501,0.04243282228708267,64,1,2,sgd,1.0607728958129883,-0.3127729743719101,0.7665547430515289,0.24771733582019806,0.016891147941350937,0.010242659598588943,0.515625,0.001850732835009694,-0.32317186146974564,0.012093392666429281,cell-006-e6777e303cd8,1.2812408208847046,10,0,0.038561660796403885,0.03637173771858215,1.7617104053497314,0.02688710018992424,0.0009446725016459823,0.03610531613230705,0.9336035251617432,2.7231459617614746
0.10695644840598106,0.2590702176094055,0.4200604408979416,1.4967879354953766,C64-d16-L2-H1-m4-ffn32,6,16,0.98828125,True,0.02657385542988777,0.7628154754638672,11.598061561584473,0.00046017440035939217,0.23001383990049362,0.43359375,0.0011689617531374097,0.0016291355714201927,32,800,0.98828125,True,True,0,0.31310397386550903,4,0.0611284077167511,0.018624678254127502,64,1,2,sgd,1.1716222167015076,0.7682114094495773,2.647465407848358,0.2257947474718094,0.002190252096625045,-0.001020247262204066,0.4951171875,0.003959206398576498,-1.4753272533416748,0.002938958816230297,cell-006-e6777e303cd8,0.025499001145362854,10,200,0.8876740336418152,0.9212562441825867,0.006209534592926502,0.026244312524795532,0.005635364912450314,0.9175701141357422,0.02730574831366539,0.06539496034383774
0.08094091340899467,0.23934097588062286,0.5178363025188446,2.4336984753608704,C64-d16-L2-H1-m4-ffn32,6,16,1.0,True,0.00035296613350510597,0.7937635183334351,11.337640762329102,0.0017384198145009577,0.3523409366607666,0.603515625,0.00213772855931893,0.003876148257404566,32,800,1.0,True,True,0,0.43689537048339844,4,0.007031343877315521,0.0010523751843720675,64,1,2,sgd,1.1271607279777527,0.8717945963144302,2.8983625769615173,0.23333214223384857,6.47556153126061e-05,0.00022314021771308035,0.4951171875,0.0035103440313832834,-0.7452216446399689,0.0037334844237193465,cell-006-e6777e303cd8,0.0010206743609160185,10,400,0.9629381895065308,0.9997758865356445,0.00034515096922405064,0.00016893213614821434,0.00017997316899709404,1.0000379085540771,0.0003711879544425756,0.0010652441997081041
0.0775321377441287,0.2348022162914276,0.5326013714075089,2.6583701372146606,C64-d16-L2-H1-m4-ffn32,6,16,1.0,True,0.0001551312889205292,0.7914289236068726,11.278271675109863,5.258475721348077e-05,0.3533848524093628,0.6103515625,0.0005258066958049312,0.0005783914239145815,32,800,1.0,True,True,0,0.45506924390792847,4,0.003950569778680801,8.469172462355345e-05,64,1,2,sgd,1.109322726726532,0.9140743315219879,3.000638723373413,0.22340595722198486,1.4938488561710983e-05,0.0001068714918801561,0.49609375,0.0005827147178933956,-0.7548805773258209,0.0006895863189129159,cell-006-e6777e303cd8,0.0001485223474446684,10,800,0.9604476690292358,0.9999715089797974,9.265757398679852e-05,2.28426815738203e-05,3.377122266101651e-05,0.9998421669006348,0.00011059646203648299,0.0002598679275251925
0.21149636059999466,0.1721252202987671,0.19338572025299072,-0.34887614846229553,C64-d16-L2-H1-m4-ffn32,6,16,0.42578125,True,1.0356985330581665,0.6961339712142944,12.324060440063477,-0.015328481793403625,0.259151428937912,0.4677734375,-0.02670605480670929,-0.042034536600112915,32,800,0.421875,True,True,0,-0.018110627308487892,4,0.2960113286972046,0.1834837794303894,64,1,2,sgd,0.8866097927093506,0.11908146739006042,0.9750336110591888,0.2229117602109909,0.07122553139925003,-0.030977778136730194,0.5244140625,0.00020958646200597286,-0.14541256427764893,-0.030768193304538727,cell-006-e6777e303cd8,1.0480520725250244,11,0,-0.07205503433942795,-0.14622721076011658,0.640308678150177,0.13050854206085205,0.02838045544922352,-0.1382332742214203,1.3194050788879395,2.118602752685547
0.08972321636974812,0.20698057115077972,0.5238497853279114,2.2285205721855164,C64-d16-L2-H1-m4-ffn32,6,16,1.0,True,0.0012639524647966027,0.7424747943878174,10.980585098266602,-0.00019901500490959734,0.27566319704055786,0.509765625,-0.001107580668758601,-0.0013065956300124526,32,800,1.0,True,True,0,0.4341265857219696,4,0.011199411936104298,0.0010059503838419914,64,1,2,sgd,1.0335168242454529,0.6926446733996272,2.1707719564437866,0.2568098306655884,0.00010201631084783003,8.563132723793387e-06,0.55859375,-0.001674573024502024,-1.0078243017196655,-0.0016660099208820611,cell-006-e6777e303cd8,0.0012039148714393377,11,200,1.0232436656951904,0.9994651079177856,0.0009401320130564272,0.0014124808367341757,0.0007948641432449222,0.9994950294494629,0.0014081960543990135,0.004555672872811556
0.08510895166546106,0.19696058705449104,0.5477125346660614,2.4042739868164062,C64-d16-L2-H1-m4-ffn32,6,16,1.0,True,0.00022582421661354601,0.75038743019104,10.912714004516602,-3.156111415592022e-05,0.3042406439781189,0.5341796875,-7.385304343188182e-05,-0.00010541414667386562,32,800,1.0,True,True,0,0.4626036286354065,4,0.004727523308247328,7.471617573173717e-05,64,1,2,sgd,1.018692970275879,0.7385779619216919,2.2695586681365967,0.27059927582740784,1.866110665105225e-05,0.00018860495401895605,0.5908203125,-0.0002802608360070735,-0.7344019114971161,-9.165587835013866e-05,cell-006-e6777e303cd8,0.00021731940796598792,11,400,1.0237095355987549,0.9965634942054749,0.00020333100110292435,0.0001473042939323932,0.00010412133269710466,0.9962282776832581,0.0002583604655228555,0.0007131170714274049
0.08303854614496231,0.1974358893930912,0.5534484684467316,2.4972042441368103,C64-d16-L2-H1-m4-ffn32,6,16,1.0,True,8.074178913375363e-05,0.7507095336914062,10.873808860778809,-5.3688709158450365e-06,0.3204894959926605,0.5849609375,7.188783638412133e-05,6.65189727442339e-05,32,800,1.0,True,True,0,0.47040992975234985,4,0.003003794699907303,2.7750091248890385e-05,64,1,2,sgd,1.0107972621917725,0.7737040258944035,2.343030333518982,0.26326704025268555,8.422754717685166e-06,0.00013918449621996842,0.5810546875,-0.00012621893074538093,-0.6367413774132729,1.2965552741661668e-05,cell-006-e6777e303cd8,8.45163594931364e-05,11,800,1.0200618505477905,0.9970666766166687,6.308573938440531e-05,4.961709782946855e-05,5.813394454889931e-05,0.9967172145843506,9.353985660709441e-05,0.00026437663473188877
0.19156290590763092,0.24127806723117828,0.18403321504592896,-0.17969316244125366,C64-d16-L2-H1-m4-ffnnone,2,16,0.619140625,True,0.507071316242218,0.7827251553535461,12.606853485107422,,,,,,,800,0.607421875,True,True,0,-0.0075296820141375065,4,0.13848018646240234,0.041302669793367386,64,1,2,sgd,1.060458242893219,0.026755481958389282,1.1718259155750275,0.22625616192817688,0.012064346112310886,0.0017827007686719298,0.5205078125,0.004182283068075776,-0.37734154611825943,0.005964984185993671,cell-002-5ca4208a020a,0.5138967037200928,0,0,0.1136079877614975,0.12514835596084595,0.1870841234922409,0.09298273921012878,0.009647812694311142,0.12167425453662872,0.7797828316688538,1.0694975852966309
0.08557343482971191,0.20031847059726715,0.5429612100124359,2.494929075241089,C64-d16-L2-H1-m4-ffnnone,2,16,0.998046875,True,0.0036756580229848623,0.835055947303772,11.109635353088379,,,,,,,800,0.998046875,True,True,0,0.4573878049850464,4,0.010842984542250633,0.0019016423029825091,64,1,2,sgd,1.0313169658184052,0.7321473211050034,2.5288185477256775,0.21281938254833221,4.18629178966512e-05,6.451118679251522e-06,0.5224609375,-0.00032860761712072417,-1.1596978455781937,-0.0003221564838895574,cell-002-5ca4208a020a,0.003124319249764085,0,200,1.0139063596725464,0.9949848055839539,0.0008833773899823427,0.0010292071383446455,0.0008974941447377205,0.997198224067688,0.0011840559309348464,0.003994134720414877
0.07957905903458595,0.19606097787618637,0.5652018487453461,2.758509635925293,C64-d16-L2-H1-m4-ffnnone,2,16,1.0,True,0.00019331077055539936,0.8326237797737122,11.100788116455078,,,,,,,800,1.0,True,True,0,0.4856227934360504,4,0.003719516796991229,5.058125680079684e-05,64,1,2,sgd,1.01937735080719,0.8031182810664177,2.6901612281799316,0.23628868162631989,1.055251459547435e-05,0.00012317430810071528,0.5390625,-8.172057641786523e-05,-1.1498934626579285,4.1453735320828855e-05,cell-002-5ca4208a020a,0.00018258517957292497,0,400,1.0058883428573608,0.9996238946914673,9.098199370782822e-05,4.389407695271075e-05,4.582999099511653e-05,1.0001530647277832,0.00021091001690365374,0.00039161607855930924
0.07857057731598616,0.19078656286001205,0.5735016912221909,2.788592129945755,C64-d16-L2-H1-m4-ffnnone,2,16,1.0,True,7.130509766284376e-05,0.8339130878448486,11.079970359802246,,,,,,,800,1.0,True,True,0,0.494931161403656,4,0.0023703747428953648,2.052946547337342e-05,64,1,2,sgd,1.0029279589653015,0.8572506010532379,2.8023964166641235,0.2233964502811432,3.351755253788724e-06,9.06920940906275e-05,0.5234375,-0.00021926438603259157,-1.2584830522537231,-0.00012857226829510182,cell-002-5ca4208a020a,6.603802466997877e-05,0,800,1.0136094093322754,0.9981168508529663,4.2985600885003805e-05,3.581263081287034e-05,7.166076829889789e-05,0.998642086982727,9.231876174453646e-05,0.0002427777653792873
0.19492779672145844,0.237502321600914,0.17771431803703308,-0.27736665308475494,C64-d16-L2-H1-m4-ffnnone,2,16,0.5625,True,1.412938117980957,0.7179318070411682,13.410542488098145,,,,,,,800,0.55859375,True,True,0,-0.01721348986029625,4,0.2610073685646057,0.16874352097511292,64,1,2,sgd,1.0303504168987274,-0.05244629830121994,0.9534640610218048,0.22562932968139648,0.07452291995286942,0.004113778471946716,0.5029296875,0.009457169100642204,-0.3816845566034317,0.01357094757258892,cell-002-5ca4208a020a,1.4437240362167358,1,0,0.17481321096420288,0.12592141330242157,2.1144204139709473,0.15821106731891632,0.012698246166110039,0.12403568625450134,0.7951874732971191,3.080517053604126
0.19092056155204773,0.2312399074435234,0.1959984228014946,-0.6164801511913538,C64-d16-L2-H1-m4-ffnnone,2,16,0.697265625,True,0.37813273072242737,0.7546342015266418,12.828787803649902,,,,,,,800,0.71484375,True,True,0,0.005077855661511421,4,0.042328089475631714,0.00396222248673439,64,1,2,sgd,1.5278689861297607,0.7288137674331665,3.0478081703186035,0.3371657580137253,0.0016821225872263312,0.0001853534486144781,0.6396484375,-0.0022716557141393423,-0.823250949382782,-0.0020863020326942205,cell-002-5ca4208a020a,0.380367636680603,1,200,0.2578778564929962,0.26570308208465576,0.005739865358918905,0.18406237661838531,0.0036207411903887987,0.26909318566322327,0.5364731550216675,0.7298961281776428
0.06627813167870045,0.466628760099411,0.3345368206501007,1.6503543257713318,C64-d16-L2-H1-m4-ffnnone,2,16,0.9609375,True,0.0601123571395874,0.7975496649742126,10.170665740966797,,,,,,,800,0.94921875,True,True,0,0.2682586908340454,4,0.09054715931415558,0.06279519945383072,64,1,2,sgd,1.5073481798171997,0.3829004168510437,2.142562210559845,0.27267032861709595,0.009679663111455739,0.001176314486656338,0.5478515625,0.02406373154371977,-1.3551785349845886,0.025240043178200722,cell-002-5ca4208a020a,0.08479231595993042,1,400,0.8679404258728027,0.867355227470398,0.03418910130858421,0.0395052507519722,0.023490149527788162,0.8741772174835205,0.0426238551735878,0.13980835676193237
0.033627431839704514,0.49723032116889954,0.4018874019384384,3.638190269470215,C64-d16-L2-H1-m4-ffnnone,2,16,1.0,True,0.00018537190044298768,0.8031700253486633,9.756077766418457,,,,,,,800,1.0,True,True,0,0.3682599663734436,4,0.0038664331659674644,7.491905853385106e-05,64,1,2,sgd,1.2706255912780762,0.7855572402477264,2.7588624954223633,0.23290576040744781,3.330173558424576e-05,8.856607382767834e-05,0.5341796875,-7.301468576770276e-05,-1.6099212765693665,1.5551355318166316e-05,cell-002-5ca4208a020a,0.0001845289079938084,1,800,0.9853107929229736,0.9991514682769775,0.00013974009198136628,2.6591493224259466e-05,3.3072588848881423e-05,0.9992504119873047,0.00020463336841203272,0.0004040375351905823
0.19001426547765732,0.23371464014053345,0.19624259322881699,-0.07604557555168867,C64-d16-L2-H1-m4-ffnnone,2,16,0.4609375,True,1.3366692066192627,0.7305974960327148,12.932114601135254,,,,,,,800,0.46484375,True,True,0,0.006228339858353138,4,0.14090994000434875,0.03799108415842056,64,1,2,sgd,0.9179498851299286,-0.21174097806215286,0.748261034488678,0.209476076066494,0.018669113516807556,-0.021247624419629574,0.482421875,-0.004913568962365389,-0.36248378455638885,-0.0261611919850111,cell-002-5ca4208a020a,1.3170522451400757,2,0,-0.044553011655807495,-0.08274202048778534,1.3160145282745361,0.037350237369537354,0.0032497229985892773,-0.08447641134262085,1.184577465057373,2.541192054748535
0.06371903792023659,0.24398022890090942,0.5648626685142517,2.6426758766174316,C64-d16-L2-H1-m4-ffnnone,2,16,1.0,True,0.0015764170093461871,0.7471551299095154,11.680130004882812,,,,,,,800,0.99609375,True,True,0,0.5011436343193054,4,0.017879564315080643,0.0109270503744483,64,1,2,sgd,0.9991105794906616,0.9309666752815247,2.51738178730011,0.2359887734055519,0.000964130595093593,0.0003325369325466454,0.51953125,-0.008242615847848356,-1.2535700649023056,-0.007910078507848084,cell-002-5ca4208a020a,0.006170785520225763,2,200,1.0197100639343262,1.0006184577941895,0.001209471607580781,0.0035832508001476526,0.0012166145024821162,1.0008807182312012,0.0033650672994554043,0.009374404326081276
0.06081271730363369,0.24828286468982697,0.5692790001630783,2.870110869407654,C64-d16-L2-H1-m4-ffnnone,2,16,1.0,True,0.00021143000049050897,0.7327361106872559,11.593741416931152,,,,,,,800,1.0,True,True,0,0.5084662437438965,4,0.004319321364164352,9.271471935790032e-05,64,1,2,sgd,0.974636971950531,1.0420980751514435,2.7342928647994995,0.23710191994905472,1.8545760667620925e-05,8.35777382235392e-05,0.5107421875,-0.0005962496798019856,-0.9745628386735916,-0.0005126719115651213,cell-002-5ca4208a020a,0.00022010281099937856,2,400,1.015515685081482,1.002429485321045,0.0001494110911153257,0.00017040749662555754,0.0002040261315414682,1.0023690462112427,0.00028544553788378835,0.000809290271718055
0.06213391851633787,0.24660912156105042,0.5669890940189362,2.907766819000244,C64-d16-L2-H1-m4-ffnnone,2,16,1.0,True,7.838159217499197e-05,0.7311702370643616,11.564300537109375,,,,,,,800,1.0,True,True,0,0.504855215549469,4,0.0026602502912282944,3.232094968552701e-05,64,1,2,sgd,0.959108829498291,1.1112528443336487,2.87481153011322,0.23683695495128632,8.297855174532742e-06,4.501952753344085e-05,0.533203125,-0.0004146017963648774,-0.9085186868906021,-0.0003695822961162776,cell-002-5ca4208a020a,8.536905806977302e-05,2,800,1.0114957094192505,0.99998939037323,3.8510814192704856e-05,3.029417530342471e-05,2.008324008784257e-05,1.0000569820404053,9.731957834446803e-05,0.00018620782066136599
0.2242106944322586,0.09711463376879692,0.23025330901145935,-0.09020299278199673,C64-d16-L2-H1-m4-ffnnone,2,16,0.63671875,True,0.718813419342041,0.6883110404014587,13.002161026000977,,,,,,,800,0.65625,True,True,0,0.006042622495442629,4,0.29700034856796265,0.15457427501678467,64,1,2,sgd,0.8880262076854706,-0.03926396742463112,0.8367869853973389,0.1962474063038826,0.07176477462053299,-0.01964642491657287,0.4453125,0.0013481065689120442,-0.4634140133857727,-0.01829831686336547,cell-002-5ca4208a020a,0.6985907554626465,3,0,0.17141255736351013,0.3491666913032532,0.4523010849952698,0.6057766675949097,0.01741398125886917,0.35008925199508667,0.4811123013496399,1.556604027748108
0.08878216054290533,0.1888660453259945,0.5447874665260315,2.392163008451462,C64-d16-L2-H1-m4-ffnnone,2,16,0.99609375,True,0.004309079144150019,0.7919187545776367,11.016626358032227,,,,,,,800,1.0,True,True,0,0.4560052752494812,4,0.019008439034223557,0.007082201540470123,64,1,2,sgd,0.9099213778972626,0.9329216778278351,2.57827091217041,0.2046555131673813,4.822443952434696e-05,2.999133721459657e-05,0.5322265625,0.0025641702814027667,-1.584568478167057,0.002594161662273109,cell-002-5ca4208a020a,0.0013343808241188526,3,200,0.961945116519928,1.0069353580474854,0.0005761156789958477,0.0011930949985980988,0.00041993262129835784,1.0051168203353882,0.0016195449279621243,0.0038086881395429373
0.0798806007951498,0.17852045968174934,0.5818377137184143,2.8019902408123016,C64-d16-L2-H1-m4-ffnnone,2,16,1.0,True,0.0003705591370817274,0.8015400767326355,10.95214557647705,,,,,,,800,1.0,True,True,0,0.5019571781158447,4,0.005365839693695307,0.0006085778004489839,64,1,2,sgd,0.8931473791599274,1.0108933448791504,2.776751697063446,0.1979357823729515,8.169427565007936e-05,1.5042329323478043e-05,0.515625,0.006041799875674769,-1.2626033946871758,0.006056841986719519,cell-002-5ca4208a020a,0.000389343302231282,3,400,0.9669082164764404,0.9973998069763184,0.00015435706882271916,0.00019537637126632035,0.00023518482339568436,0.997583270072937,0.0003816905664280057,0.0009666088153608143
0.07643119152635336,0.18251674994826317,0.5881897211074829,2.9730217456817627,C64-d16-L2-H1-m4-ffnnone,2,16,1.0,True,6.978595774853602e-05,0.7921160459518433,10.92913818359375,,,,,,,800,1.0,True,True,0,0.5117585062980652,4,0.0013348434586077929,8.68828828970436e-06,64,1,2,sgd,0.8852370977401733,1.0728982985019684,2.9243491888046265,0.2222994789481163,1.8434178912229982e-06,-2.9539845854742453e-05,0.5263671875,3.87044401577441e-05,-1.0695640742778778,9.164572475128807e-06,cell-002-5ca4208a020a,6.912668322911486e-05,3,800,0.9533335566520691,0.9994174242019653,1.701481596683152e-05,1.119522494263947e-05,3.7795202842971776e-06,0.999443769454956,0.00010953983291983604,0.00014152939547784626
0.18254820257425308,0.2734474316239357,0.17890796810388565,-0.15877902507781982,C64-d16-L2-H1-m4-ffnnone,2,16,0.58203125,True,0.5488197803497314,0.7894225120544434,12.433082580566406,,,,,,,800,0.576171875,True,True,0,-0.0036402400583028793,4,0.12131208181381226,0.028337746858596802,64,1,2,sgd,0.9951697885990143,-0.0252742450684309,0.9438427090644836,0.2298443242907524,0.016369969584047794,0.007658170303329825,0.505859375,0.0038190765772014856,-0.21765955165028572,0.011477246880531311,cell-002-5ca4208a020a,0.5403636693954468,4,0,0.09126035869121552,0.09872232377529144,0.2162085920572281,0.05215918645262718,0.002832855563610792,0.09788087755441666,0.8191752433776855,1.0903757810592651
0.06965555157512426,0.2423882707953453,0.5486451089382172,2.7292672991752625,C64-d16-L2-H1-m4-ffnnone,2,16,0.998046875,True,0.0036899361293762922,0.8038270473480225,11.07921314239502,,,,,,,800,1.0,True,True,0,0.47898954153060913,4,0.016795312985777855,0.006635723635554314,64,1,2,sgd,0.9701858460903168,0.8279378414154053,2.2748371362686157,0.2543798014521599,0.0002497445384506136,-0.00017414384637959301,0.5615234375,0.0022404498886317015,-0.5866515785455704,0.002066305954940617,cell-002-5ca4208a020a,0.0008647887734696269,4,200,1.0027868747711182,0.992853045463562,0.0018340859096497297,0.0023426623083651066,0.0018008910119533539,0.9953832030296326,0.0024430658668279648,0.008420705795288086
0.06441857572644949,0.25007814168930054,0.5566661357879639,3.0874871015548706,C64-d16-L2-H1-m4-ffnnone,2,16,1.0,True,0.00030342518584802747,0.8120566010475159,11.022063255310059,,,,,,,800,1.0,True,True,0,0.4922475218772888,4,0.005935588851571083,0.00011728187382686883,64,1,2,sgd,0.9654072523117065,0.9107328355312347,2.4400729537010193,0.2509297579526901,5.119743764225859e-05,-0.00028094629669794813,0.53515625,0.0006847827753517777,-0.6366613432765007,0.0004038363986182958,cell-002-5ca4208a020a,0.0002872523618862033,4,400,0.9990271925926208,0.9951349496841431,0.00019760931900236756,9.178509935736656e-05,7.952633313834667e-05,0.9952110648155212,0.00027844111900776625,0.0006473618559539318
0.06484788283705711,0.23472052812576294,0.570735827088356,3.286762297153473,C64-d16-L2-H1-m4-ffnnone,2,16,1.0,True,7.246548193506896e-05,0.8154588341712952,11.020017623901367,,,,,,,800,1.0,True,True,0,0.5058879852294922,4,0.003196192439645529,3.0869123293086886e-05,64,1,2,sgd,0.9504517912864685,0.9891603887081146,2.596933424472809,0.2586973309516907,1.3082722034596372e-05,-0.00015816563973203301,0.5478515625,5.092847732157679e-05,-0.5161902159452438,-0.00010723717787186615,cell-002-5ca4208a020a,7.254965021274984e-05,4,800,1.016850471496582,0.999871551990509,4.310575604904443e-05,1.5500831068493426e-05,1.928729034261778e-05,0.9999939203262329,8.511255873600021e-05,0.00016300645074807107
0.21498944610357285,0.1524089202284813,0.20262275636196136,-0.25607869774103165,C64-d16-L2-H1-m4-ffnnone,2,16,0.572265625,True,0.5681494474411011,0.7333834767341614,12.655357360839844,,,,,,,800,0.537109375,True,True,0,-0.012366692535579205,4,0.12265613675117493,0.026480985805392265,64,1,2,sgd,1.011279284954071,-0.19625204056501389,0.8398306965827942,0.2413903772830963,0.010610324796289206,0.011418315581977367,0.525390625,-0.0008122885774355382,-0.3280477374792099,0.010606026742607355,cell-002-5ca4208a020a,0.5727845430374146,5,0,0.07854215800762177,0.07109984755516052,0.2766382396221161,0.03245716542005539,0.003522027749568224,0.07154759019613266,0.8656115531921387,1.1782288551330566
0.05203120317310095,0.3371688649058342,0.5067375302314758,2.758837103843689,C64-d16-L2-H1-m4-ffnnone,2,16,1.0,True,0.002228708704933524,0.7824321985244751,11.101879119873047,,,,,,,800,0.998046875,True,True,0,0.4547063410282135,4,0.01372946985065937,0.0016728525515645742,64,1,2,sgd,0.9031330049037933,1.0628836154937744,2.5031850337982178,0.23017413914203644,0.0004250741421856219,0.000652061564323958,0.49609375,0.0024863979342626408,-1.084598034620285,0.0031384595786221325,cell-002-5ca4208a020a,0.003793621901422739,5,200,1.0235426425933838,0.9973698258399963,0.001083877868950367,0.001894138054922223,0.0012139902682974935,0.9987838864326477,0.0017182418378069997,0.005910247564315796
0.05110477842390537,0.3045991137623787,0.5420865416526794,3.0199387073516846,C64-d16-L2-H1-m4-ffnnone,2,16,1.0,True,0.0003541128826327622,0.770167350769043,11.049772262573242,,,,,,,800,0.998046875,True,True,0,0.4909818172454834,4,0.007354017347097397,0.0017031223978847265,64,1,2,sgd,0.8704487085342407,1.193902850151062,2.748659372329712,0.2628280222415924,0.0005817311866849195,0.0008780403004493564,0.5478515625,0.002425618178676814,-0.891203373670578,0.0033036585664376616,cell-002-5ca4208a020a,0.0012507627252489328,5,400,1.029036045074463,0.9934656620025635,0.00021543983893934637,0.0002642094623297453,0.0003957927110604942,0.9939612746238708,0.00038582150591537356,0.001261263620108366
0.05356181040406227,0.2835807651281357,0.5557338446378708,3.037693500518799,C64-d16-L2-H1-m4-ffnnone,2,16,1.0,True,7.518359052482992e-05,0.774782121181488,11.031489372253418,,,,,,,800,1.0,True,True,0,0.5021719932556152,4,0.0029098973609507084,3.993145583081059e-05,64,1,2,sgd,0.8509922623634338,1.2698196172714233,2.9016140699386597,0.26305200159549713,1.6196787782973843e-05,-0.00015458087727893144,0.5458984375,-0.00020363961448310874,-0.8452942669391632,-0.0003582204517442733,cell-002-5ca4208a020a,9.350434993393719e-05,5,800,1.0343663692474365,0.9996576309204102,3.0942628654884174e-05,2.5374725737492554e-05,2.6619003619998693e-05,0.9996975660324097,9.699492511572316e-05,0.0001799312885850668
0.15377917885780334,0.39748354256153107,0.1411789208650589,-0.17916760593652725,C64-d16-L2-H1-m4-ffnnone,2,16,0.486328125,True,0.5860059857368469,0.7540609836578369,12.653124809265137,,,,,,,800,0.482421875,True,True,0,-0.012600265443325043,4,0.0826771929860115,0.013321555219590664,64,1,2,sgd,0.9095871448516846,-0.035727906972169876,0.8618578016757965,0.24415698647499084,0.006419843761250377,-0.0011593566741794348,0.498046875,0.0022696434753015637,-0.3226441442966461,0.0011102866847068071,cell-002-5ca4208a020a,0.5827548503875732,6,0,0.04297657310962677,0.03164777159690857,0.16407468914985657,0.015054060146212578,0.0014091504272073507,0.03382325544953346,0.9357672929763794,1.1163052320480347
0.03993383888155222,0.4429880157113075,0.43721045181155205,2.296067327260971,C64-d16-L2-H1-m4-ffnnone,2,16,0.998046875,True,0.004945170134305954,0.7803412675857544,11.252516746520996,,,,,,,800,1.0,True,True,0,0.3972766399383545,4,0.026852432638406754,0.010808170773088932,64,1,2,sgd,0.8988204002380371,0.4606095552444458,2.223731219768524,0.2225184142589569,0.00029895112675148994,-0.0004153266054345295,0.4951171875,0.002757111782557331,-1.1834216266870499,0.0023417853517457843,cell-002-5ca4208a020a,0.0030689379200339317,6,200,0.9586403369903564,1.0003259181976318,0.0010086491238325834,0.0023197659756988287,0.001114147831685841,0.9992741346359253,0.0022328756749629974,0.0066754380241036415
0.024976015090942383,0.48187240213155746,0.44319953955709934,2.6832780838012695,C64-d16-L2-H1-m4-ffnnone,2,16,1.0,True,0.000797456712462008,0.7886109352111816,11.16883659362793,,,,,,,800,1.0,True,True,0,0.4182235300540924,4,0.009296193718910217,0.0014749884139746428,64,1,2,sgd,0.8630748093128204,0.5830550193786621,2.5499132573604584,0.2363918051123619,2.7039895940106362e-05,-8.61751123011345e-05,0.5029296875,0.0025275290754507296,-1.1872902512550354,0.0024413540959358215,cell-002-5ca4208a020a,0.0003923142794519663,6,400,0.9812793135643005,1.0040863752365112,0.00013982923701405525,0.0001849475083872676,0.00010579649824649096,1.0042445659637451,0.00032526825089007616,0.00075584149453789
0.02172258123755455,0.48325115442276,0.45158109068870544,2.8243194818496704,C64-d16-L2-H1-m4-ffnnone,2,16,1.0,True,8.559938578400761e-05,0.7939938902854919,11.117864608764648,,,,,,,800,1.0,True,True,0,0.4298585057258606,4,0.0036895135417580605,8.64893663674593e-05,64,1,2,sgd,0.8357721865177155,0.6262975037097931,2.6901603639125824,0.2444496601819992,5.274905390706408e-06,-5.26304811501177e-05,0.51953125,0.0003217556063646043,-1.2694870680570602,0.00026912517205346376,cell-002-5ca4208a020a,7.101663504727185e-05,6,800,0.9807233214378357,1.0016913414001465,3.245954212616198e-05,4.370081296656281e-05,2.1621213818434626e-05,1.0015537738800049,8.754468581173569e-05,0.00018532626563683152
0.2159160003066063,0.1467975489795208,0.20545446872711182,-0.17657793313264847,C64-d16-L2-H1-m4-ffnnone,2,16,0.373046875,True,0.9967728853225708,0.727695107460022,12.656709671020508,,,,,,,800,0.369140625,True,True,0,-0.010461535304784775,4,0.15689139068126678,0.050211455672979355,64,1,2,sgd,0.9153875112533569,0.15668387711048126,1.0382689237594604,0.24842790514230728,0.015952627174556255,-0.005358345340937376,0.5068359375,0.003625054901931435,-0.4171987622976303,-0.0017332902643829584,cell-002-5ca4208a020a,1.0129306316375732,7,0,-0.20869995653629303,-0.23428556323051453,0.256758451461792,0.2565406560897827,0.013354157097637653,-0.22874310612678528,1.5276005268096924,2.0542538166046143
0.09131116792559624,0.18507996946573257,0.5409865379333496,2.3431824445724487,C64-d16-L2-H1-m4-ffnnone,2,16,1.0,True,0.002259391127154231,0.782524585723877,11.068886756896973,,,,,,,800,1.0,True,True,0,0.44967538118362427,4,0.015287166461348534,0.0012861157301813364,64,1,2,sgd,1.0752841234207153,0.6389469355344772,2.5666462779045105,0.2292398363351822,4.469220402825158e-05,-0.00019868853996740654,0.5078125,-0.0011908206852240255,-1.2806717790663242,-0.0013895092415623367,cell-002-5ca4208a020a,0.0019467663951218128,7,200,0.9775589108467102,1.0040227174758911,0.0011822055093944073,0.0013268045149743557,0.0007132041500881314,1.0039125680923462,0.001997211016714573,0.0052194250747561455
0.0827004062011838,0.18440796062350273,0.5674907863140106,2.701908767223358,C64-d16-L2-H1-m4-ffnnone,2,16,1.0,True,0.00027620355831459165,0.779801607131958,11.013383865356445,,,,,,,800,1.0,True,True,0,0.4847904443740845,4,0.004086923785507679,0.00011898278899025172,64,1,2,sgd,1.0508365631103516,0.7036954015493393,2.773187279701233,0.20553962886333466,5.193703600525623e-06,-9.178490654448979e-05,0.5068359375,-0.00020192083047732012,-1.129138745367527,-0.0002937057324743364,cell-002-5ca4208a020a,0.00023658096324652433,7,400,0.9790940284729004,1.0014780759811401,0.00011002607789123431,7.889318658271804e-05,4.2694427975220606e-05,1.0014538764953613,0.00022017184528522193,0.00045178557047620416
0.07843648921698332,0.1872737593948841,0.5774167776107788,2.9039905667304993,C64-d16-L2-H1-m4-ffnnone,2,16,0.998046875,True,0.0014900027308613062,0.7758385539054871,10.997397422790527,,,,,,,800,0.998046875,True,True,0,0.498980313539505,4,0.0034661865793168545,0.000603400869295001,64,1,2,sgd,1.0433712601661682,0.7357860803604126,2.8766514658927917,0.20561260730028152,6.346843974824878e-06,-4.3463118345243856e-05,0.5029296875,-0.00037961195630487055,-0.9738223552703857,-0.000423075063736178,cell-002-5ca4208a020a,0.002423517405986786,7,800,0.986394464969635,0.9999895691871643,0.00012986197543796152,0.00014902791008353233,0.00022103433730080724,1.0008924007415771,0.0001900835195556283,0.0006900078151375055
0.19136789441108704,0.245389424264431,0.1805068850517273,-0.28644248843193054,C64-d16-L2-H1-m4-ffnnone,2,16,0.470703125,True,0.6173826456069946,0.780415415763855,12.240180015563965,,,,,,,800,0.453125,True,True,0,-0.01086101308465004,4,0.15421512722969055,0.04779263585805893,64,1,2,sgd,1.0232223868370056,0.1624610275030136,1.1714109182357788,0.23111464083194733,0.020304116886109114,0.00418114522472024,0.5283203125,0.0029800754273310304,-0.2654411271214485,0.00716122065205127,cell-002-5ca4208a020a,0.6223034262657166,8,0,-0.0058074891567230225,-0.025751754641532898,0.1685321182012558,0.021316174417734146,0.005410290323197842,-0.027887975797057152,1.0614145994186401,1.2566730976104736
0.015284836292266846,0.5297138169407845,0.424431667663157,2.258056879043579,C64-d16-L2-H1-m4-ffnnone,2,16,0.998046875,True,0.00851447694003582,0.7676677107810974,11.536155700683594,,,,,,,800,0.998046875,True,True,0,0.40914684534072876,4,0.02538343146443367,0.006803362164646387,64,1,2,sgd,1.026685655117035,0.223094642162323,1.9734005630016327,0.27595706284046173,0.0002646206007739238,-0.0005280538425722625,0.5859375,-0.0013481907717505237,-1.0244469493627548,-0.0018762447252811398,cell-002-5ca4208a020a,0.007184959948062897,8,200,0.9495978355407715,0.9912344813346863,0.0015107470098882914,0.005646075587719679,0.001954032341018319,0.9909594058990479,0.005258169956505299,0.014369023963809013
0.00996624305844307,0.5321509055793285,0.4379503931850195,2.65709388256073,C64-d16-L2-H1-m4-ffnnone,2,16,1.0,True,0.0003666685661301017,0.7700179815292358,11.4495210647583,,,,,,,800,1.0,True,True,0,0.4279841184616089,4,0.007213365286588669,0.0006668252171948552,64,1,2,sgd,0.9924319684505463,0.4033035635948181,2.381692960858345,0.274343878030777,4.1747042871520534e-05,-0.0003491699790174607,0.580078125,-0.0006970141566853272,-0.9627582430839539,-0.0010461841375217773,cell-002-5ca4208a020a,0.0005369430291466415,8,400,0.9686461687088013,0.9978916645050049,0.00017360661877319217,0.0002443732228130102,0.00014634086983278394,0.9980762004852295,0.00035117659717798233,0.0009154973085969687
0.008728178683668375,0.5250228866934776,0.44879254326224327,2.7254725992679596,C64-d16-L2-H1-m4-ffnnone,2,16,1.0,True,0.0001501699152868241,0.773464560508728,11.375773429870605,,,,,,,800,1.0,True,True,0,0.44006437063217163,4,0.003986001014709473,0.00019571470329537988,64,1,2,sgd,0.9762134552001953,0.441072940826416,2.5590719878673553,0.2721487730741501,1.0144114526156045e-05,-0.0001650068188610021,0.5703125,-0.0003122098114545224,-0.9679414182901382,-0.00047721663304400863,cell-002-5ca4208a020a,0.0001725324400467798,8,800,0.9609681367874146,0.9978976249694824,4.851714038522914e-05,6.05251916567795e-05,2.5511617423035204e-05,0.9980958700180054,0.00011803212692029774,0.00025258606183342636
0.18030468374490738,0.28862299025058746,0.170462965965271,-0.23903993517160416,C64-d16-L2-H1-m4-ffnnone,2,16,0.63671875,True,0.48359575867652893,0.8320221900939941,12.80843734741211,,,,,,,800,0.6484375,True,True,0,-0.009841716848313808,4,0.14852529764175415,0.043038830161094666,64,1,2,sgd,0.9977526366710663,0.10548289492726326,1.0793107151985168,0.2323366403579712,0.013703057076781988,-0.007762109977193177,0.4931640625,0.0007122759707272053,-0.4439547657966614,-0.007049834239296615,cell-002-5ca4208a020a,0.4884580969810486,9,0,0.13294434547424316,0.171513631939888,0.2011207789182663,0.11068986356258392,0.005805449094623327,0.17184454202651978,0.693976879119873,1.011592984199524
0.021076412871479988,0.5135457925498486,0.4232249306514859,2.5216868072748184,C64-d16-L2-H1-m4-ffnnone,2,16,0.998046875,True,0.005050297826528549,0.8234536647796631,12.128868103027344,,,,,,,800,0.998046875,True,True,0,0.4021485447883606,4,0.02540929615497589,0.005970453843474388,64,1,2,sgd,1.0749863386154175,0.3554267883300781,2.1842730939388275,0.24912256002426147,0.00023554939252790064,0.0008220740128308535,0.51953125,0.00398387957829982,-1.1966035068035126,0.004805953009054065,cell-002-5ca4208a020a,0.0050417473539710045,9,200,0.9866057634353638,0.9808449745178223,0.0008266817312687635,0.0032937871292233467,0.0009431624785065651,0.9805370569229126,0.0037774937227368355,0.008841125294566154
0.015850056428462267,0.5033807680010796,0.44906903244554996,2.9185841605067253,C64-d16-L2-H1-m4-ffnnone,2,16,1.0,True,0.0010861317859962583,0.8145018815994263,12.057841300964355,,,,,,,800,1.0,True,True,0,0.4332190155982971,4,0.009092601016163826,0.0006442853482440114,64,1,2,sgd,1.0440515577793121,0.4801517128944397,2.5184683799743652,0.25051435083150864,6.549331010319293e-05,0.0004764059267472476,0.5390625,0.000687390478560701,-1.1839464008808136,0.001163796434411779,cell-002-5ca4208a020a,0.0007701069116592407,9,400,1.0113625526428223,0.9969339370727539,0.0001888220285763964,0.00034723253338597715,0.00013251794734969735,0.997268557548523,0.000491321028675884,0.0011598935816437006
0.013272947631776333,0.5096394568681717,0.45054174959659576,3.1318841874599457,C64-d16-L2-H1-m4-ffnnone,2,16,1.0,True,0.0005456509534269571,0.8109095096588135,12.018172264099121,,,,,,,800,1.0,True,True,0,0.43726879358291626,4,0.0049555678851902485,0.00017456586647313088,64,1,2,sgd,1.0330467820167542,0.5581990480422974,2.7169826924800873,0.25968869030475616,1.808135311875958e-05,0.00025291735073551536,0.548828125,0.00040805161552270874,-1.1857726573944092,0.0006609690026380122,cell-002-5ca4208a020a,0.0004875338345300406,9,800,1.0222294330596924,0.9997293949127197,7.82921415520832e-05,0.00011714860011124983,6.262447277549654e-05,0.9999748468399048,0.0001554765913169831,0.00041354179847985506
0.19572224467992783,0.24043486267328262,0.1723983734846115,-0.2336902841925621,C64-d16-L2-H1-m4-ffnnone,2,16,0.505859375,False,2.4625372886657715,0.7484121918678284,12.45433235168457,,,,,,,800,0.498046875,False,False,0,-0.023323876783251762,4,0.4250805974006653,0.3546549081802368,64,1,2,sgd,1.0225099921226501,0.2227317839860916,1.2522376775741577,0.21266761422157288,0.12412598729133606,0.031839560717344284,0.478515625,0.011436309665441513,-0.4656028151512146,0.0432758703827858,cell-002-5ca4208a020a,2.4566550254821777,10,0,-0.08625036478042603,-0.11329382658004761,3.6239051818847656,0.2093570977449417,0.024585526436567307,-0.11447807401418686,1.278639793395996,5.136487007141113
0.21760369837284088,0.12417586520314217,0.22301308810710907,-3.4496732391417027,C64-d16-L2-H1-m4-ffnnone,2,16,0.662109375,False,0.4170449376106262,0.7445359826087952,12.615062713623047,,,,,,,800,0.6640625,False,False,0,0.0054093897342681885,4,0.025150682777166367,0.0022697339300066233,64,1,2,sgd,3.0948994159698486,0.594209611415863,5.102326393127441,0.21832439303398132,0.0007711311627645046,0.000522002563229762,0.4775390625,0.00015396729577332735,-0.17992385663092136,0.0006759697280358523,cell-002-5ca4208a020a,0.41618919372558594,10,200,0.10148422420024872,0.13985565304756165,0.004855652339756489,0.07190661132335663,0.03152181953191757,0.1345123052597046,0.7556710243225098,0.8639551401138306
0.21018819510936737,0.15030597150325775,0.21912944316864014,-3.5305610592477024,C64-d16-L2-H1-m4-ffnnone,2,16,0.703125,False,0.3836880922317505,0.7460582256317139,12.550490379333496,,,,,,,800,0.697265625,False,False,0,0.008941239677369595,4,0.03390635550022125,0.0026981804985553026,64,1,2,sgd,3.2470896244049072,0.3589239940047264,4.574381589889526,0.2137686237692833,0.0020284136990085244,0.00022080866619944572,0.5390625,-0.0004099454381503165,-0.22768571972846985,-0.00018913683015853167,cell-002-5ca4208a020a,0.38310226798057556,10,400,0.18972788751125336,0.23721157014369965,0.03035569190979004,0.17177337408065796,0.008101286366581917,0.23839986324310303,0.5817370414733887,0.7919673323631287
0.2154231294989586,0.13130484148859978,0.22242578119039536,-3.1759787583723664,C64-d16-L2-H1-m4-ffnnone,2,16,0.69140625,False,0.3716927766799927,0.7611150741577148,12.403090476989746,,,,,,,800,0.6875,False,False,0,0.007002656348049641,4,0.024372490122914314,0.00115134846419096,64,1,2,sgd,3.156640648841858,0.3397151958197355,4.661945104598999,0.2373427003622055,0.0009371565247420222,0.000930209323996678,0.546875,-0.0003656647495517973,0.0782528817653656,0.0005645446653943509,cell-002-5ca4208a020a,0.37104135751724243,10,800,0.21647928655147552,0.24585363268852234,0.020269034430384636,0.18240106105804443,0.0010482165962457657,0.24663574993610382,0.5677822828292847,0.7715005278587341
0.20462293922901154,0.18767456710338593,0.19845661520957947,-0.14800719916820526,C64-d16-L2-H1-m4-ffnnone,2,16,0.478515625,True,1.496389389038086,0.7401160597801208,12.985764503479004,,,,,,,800,0.478515625,True,True,0,-0.006166320759803057,4,0.10694076865911484,0.020464681088924408,64,1,2,sgd,0.9703062176704407,-0.07620431296527386,0.8818820416927338,0.19280102103948593,0.010906197596341372,-0.01308097317814827,0.4755859375,-0.00023635879915673286,-0.23237062990665436,-0.013317332603037357,cell-002-5ca4208a020a,1.5048019886016846,11,0,-0.032925594598054886,-0.03178836405277252,1.806506633758545,0.010842635296285152,0.001975673483684659,-0.0324687734246254,1.06796133518219,2.8872861862182617
0.09099248796701431,0.23186835646629333,0.4951542317867279,2.350756585597992,C64-d16-L2-H1-m4-ffnnone,2,16,0.994140625,True,0.006830894388258457,0.742263674736023,11.403512001037598,,,,,,,800,0.99609375,True,True,0,0.4041617214679718,4,0.016816986724734306,0.005202378146350384,64,1,2,sgd,1.122837483882904,0.6383146122097969,2.6243613362312317,0.19304268062114716,0.00026554984287940897,0.0003433789825066924,0.4873046875,-0.005168816496734507,-1.5105152875185013,-0.00482543722318951,cell-002-5ca4208a020a,0.006660813000053167,11,200,0.9740923643112183,0.980353832244873,0.0015395116060972214,0.0029847566038370132,0.0012845201417803764,0.9840292930603027,0.0034178229980170727,0.009226610884070396
0.08103496488183737,0.23499105870723724,0.5219040513038635,2.702965259552002,C64-d16-L2-H1-m4-ffnnone,2,16,1.0,True,0.00032594852382317185,0.7387822866439819,11.322425842285156,,,,,,,800,1.0,True,True,0,0.4408690929412842,4,0.004416376352310181,9.903546015266329e-05,64,1,2,sgd,1.1288042068481445,0.7272248137742281,2.865491509437561,0.1831279695034027,7.564217412436847e-06,-7.80428845246206e-05,0.4990234375,-0.0004574709664666443,-1.1399715431034565,-0.0005355138564482331,cell-002-5ca4208a020a,0.000277314888080582,11,400,0.9893391132354736,0.9988313913345337,0.0001835256116464734,0.00011834024917334318,3.6126763006905094e-05,0.9989212155342102,0.00024466292234137654,0.0005826555425301194
0.07859327830374241,0.2271331250667572,0.5370870232582092,2.8122003376483917,C64-d16-L2-H1-m4-ffnnone,2,16,1.0,True,0.00011976766109000891,0.7368721961975098,11.302621841430664,,,,,,,800,1.0,True,True,0,0.45849376916885376,4,0.0026413691230118275,5.189318835618906e-05,64,1,2,sgd,1.1271194219589233,0.7958576790988445,3.017827868461609,0.21821416914463043,3.021200313924055e-06,-5.244542489890591e-05,0.5244140625,-0.00025331986171295284,-0.9631001055240631,-0.0003057652575080283,cell-002-5ca4208a020a,9.60489414865151e-05,11,800,0.9878021478652954,1.0013158321380615,6.526212382595986e-05,3.7020843592472374e-05,1.5582776541123167e-05,1.0013320446014404,9.733396291267127e-05,0.0002151997177861631
0.20414311811327934,0.19377167709171772,0.1937989927828312,-0.14717861078679562,C64-d16-L2-H4-m4-ffn32,7,16,0.525390625,True,0.8064619898796082,0.7488880753517151,12.355873107910156,-0.005181938176974654,0.3175472915172577,0.5712890625,-0.004538825945928693,-0.0097207649378106,32,800,0.51953125,True,True,0,-0.010344129055738449,4,0.16936247050762177,0.04968887194991112,64,4,2,sgd,0.4566798396408558,0.12240906059741974,0.5023727640509605,0.22284122928977013,0.0057932896161219105,-0.0017738085880409926,0.510498046875,-0.001866629518190166,-0.2241147682070732,-0.0036404378770384938,cell-007-0f2b695d9caf,0.8168144226074219,0,0,0.05994674935936928,0.10110176354646683,0.6980240345001221,0.0922703668475151,0.013272399082779884,0.09878209978342056,0.8293894529342651,1.6329562664031982
0.1709421370178461,0.19612122513353825,0.29105239175260067,0.5079105165787041,C64-d16-L2-H4-m4-ffn32,7,16,0.97265625,True,0.039489828050136566,0.7794386744499207,10.946109771728516,0.0002514169318601489,0.17505721002817154,0.4873046875,-0.008031143806874752,-0.007779726758599281,32,800,0.970703125,True,True,0,0.12011025846004486,4,0.09251388907432556,0.06065358594059944,64,4,2,sgd,0.515744898468256,0.34837247710675,0.8808518908917904,0.22986534796655178,0.0007408370292978361,-6.67715648887679e-05,0.5166015625,-0.002073458566883346,-0.7698576524853706,-0.0021402300299087074,cell-007-0f2b695d9caf,0.04669976979494095,0,200,0.9245724678039551,0.8856034874916077,0.014301774092018604,0.02799154818058014,0.012500837445259094,0.8816511631011963,0.0379306934773922,0.09272485226392746
0.14917147997766733,0.2387484833598137,0.3137370925396681,0.995248744264245,C64-d16-L2-H4-m4-ffn32,7,16,0.998046875,True,0.0036893293727189302,0.7906059622764587,10.036802291870117,-0.00128574128029868,0.2923628091812134,0.5966796875,-0.0025376954581588507,-0.0038234370294958353,32,800,0.998046875,True,True,0,0.16456560790538788,4,0.021176708862185478,0.0019027882954105735,64,4,2,sgd,0.5018813200294971,0.3417220525443554,0.9336134195327759,0.22224457375705242,9.842188774200622e-05,-0.0001340609978797147,0.505615234375,-0.0011557028974493733,-0.501629801467061,-0.0012897638571303105,cell-007-0f2b695d9caf,0.004615691490471363,0,400,1.0150624513626099,0.9764023423194885,0.0025236033834517,0.002865969203412533,0.002100396668538451,0.9771395921707153,0.003653489053249359,0.0111434580758214
0.1418527232017368,0.24430070631206036,0.33014114387333393,1.3309611454606056,C64-d16-L2-H4-m4-ffn32,7,16,1.0,True,0.00043885846389457583,0.8285605907440186,9.355374336242676,0.0009762143163243309,0.32858145236968994,0.6083984375,0.0012522444303613156,0.0022284587612375617,32,800,1.0,True,True,0,0.18828842043876648,4,0.012280309572815895,0.0012075778795406222,64,4,2,sgd,0.48737340047955513,0.3508877466665581,0.9705980289727449,0.2155205812305212,0.00037193217190178984,-0.0002685518211364979,0.501708984375,0.0010731486213444441,-0.4277343675494194,0.0008045966933423188,cell-007-0f2b695d9caf,0.0012426543980836868,0,800,1.0294291973114014,0.9964984059333801,0.000777098466642201,0.0006413487135432661,0.0006279553635977209,0.9962211847305298,0.0008080280967988074,0.002854430815204978
0.19989830628037453,0.2064797356724739,0.19382535479962826,-0.17280296329408884,C64-d16-L2-H4-m4-ffn32,7,16,0.517578125,True,1.0249483585357666,0.7774420380592346,12.593384742736816,-0.011742830742150545,0.2022372931241989,0.3779296875,-0.019332969561219215,-0.0310757989063859,32,800,0.513671875,True,True,0,-0.006072953809052706,4,0.17677050828933716,0.05693130940198898,64,4,2,sgd,0.48882192000746727,-0.1935996226966381,0.4226219682022929,0.23352963477373123,0.005595854025159497,-0.0028880343816126697,0.515625,-0.0018872197033488192,-0.2587127322331071,-0.004775253953994252,cell-007-0f2b695d9caf,1.0094316005706787,1,0,0.08666309714317322,0.11630244553089142,1.0304057598114014,0.08114752173423767,0.015331899747252464,0.11645720899105072,0.7912204265594482,1.9181056022644043
0.1625251555815339,0.21577297523617744,0.2966515440493822,0.42544765770435333,C64-d16-L2-H4-m4-ffn32,7,16,1.0,True,0.005655317567288876,0.8247656226158142,11.480193138122559,-0.000512354337843135,0.2557714432477951,0.53125,-0.0014865391422063112,-0.0019988936255685985,32,800,0.994140625,True,True,0,0.13412639498710632,4,0.039158836007118225,0.009881798177957535,64,4,2,sgd,0.4991683401167393,0.4983202889561653,1.0159420613199472,0.2138095572590828,0.0003044691384275211,-0.00027349026095180307,0.506591796875,-0.0009737115406096564,-0.9403139492496848,-0.001247201766091166,cell-007-0f2b695d9caf,0.00971856527030468,1,200,0.9912160634994507,0.9588387608528137,0.002264301758259535,0.007811230607330799,0.004116020631045103,0.9629014730453491,0.006752640474587679,0.02094419300556183
0.161417702678591,0.20298784412443638,0.3127590622752905,0.5691298767924309,C64-d16-L2-H4-m4-ffn32,7,16,1.0,True,0.0007237783866003156,0.8382354974746704,11.214786529541016,0.0006585755618289113,0.31482528150081635,0.6142578125,0.0002211519458796829,0.0008797275077085942,32,800,1.0,True,True,0,0.15134134888648987,4,0.012494259513914585,0.0007480437052436173,64,4,2,sgd,0.4922318682074547,0.539409626275301,1.0550395734608173,0.21473567001521587,2.816241971004274e-05,-4.568352778733242e-05,0.5166015625,-9.48151316606527e-05,-0.5554368535522372,-0.00014049868241272634,cell-007-0f2b695d9caf,0.0005128296324983239,1,400,1.0311882495880127,1.004807710647583,0.0005772168515250087,0.00101915979757905,0.0016640176763758063,1.0041399002075195,0.0006257100612856448,0.0038861045613884926
0.16081264382228255,0.19415847305208445,0.3234036210924387,0.6301367953419685,C64-d16-L2-H4-m4-ffn32,7,16,1.0,True,0.00020556608797051013,0.8227106928825378,10.993332862854004,0.0002981893630931154,0.2972797006368637,0.6015625,0.0005874137132195756,0.0008856030181050301,32,800,1.0,True,True,0,0.16259098052978516,4,0.008031809702515602,0.0001434343575965613,64,4,2,sgd,0.4863901771605015,0.5896507520228624,1.1031523626297712,0.2132835928350687,1.7879248048302543e-05,-3.709045040523051e-05,0.518798828125,3.493159806566837e-05,-0.5159441586583853,-2.1588496110780397e-06,cell-007-0f2b695d9caf,0.0002151027729269117,1,800,1.0338332653045654,1.0002079010009766,0.00017963495338335633,0.00011519585677888244,0.00018269973224960268,0.9998787641525269,0.00013266163296066225,0.0006101921899244189
0.2021368406713009,0.19795067235827446,0.19563882611691952,-0.15722001437097788,C64-d16-L2-H4-m4-ffn32,7,16,0.51171875,True,1.1720772981643677,0.8093698620796204,12.61670970916748,0.007685585878789425,0.3089979439973831,0.55078125,0.016702246852219105,0.02438783273100853,32,800,0.509765625,True,True,0,-0.006498015020042658,4,0.17392133176326752,0.060284197330474854,64,4,2,sgd,0.4609352611005306,-0.031748216599226,0.4469491131603718,0.22692869789898396,0.007435898398398422,0.0018487833149265498,0.519287109375,0.0008403969841310754,-0.1431861179880798,0.00268918028450571,cell-007-0f2b695d9caf,1.1634379625320435,2,0,0.007796954363584518,0.04934418946504593,1.4531104564666748,0.03506607562303543,0.004208500497043133,0.04830819368362427,0.9126633405685425,2.405048370361328
0.16716283792629838,0.22508667316287756,0.27342482656240463,0.45448915765155107,C64-d16-L2-H4-m4-ffn32,7,16,0.994140625,True,0.012758972123265266,0.7993407249450684,11.079248428344727,0.0025237906957045197,0.22649553418159485,0.4755859375,0.004235611530020833,0.0067594014108181,32,800,0.990234375,True,True,0,0.1062619760632515,4,0.057089727371931076,0.013533682562410831,64,4,2,sgd,0.4968242086470127,0.7812437899410725,1.1329936310648918,0.25056600384414196,0.0006421833859349135,0.00032475525222253054,0.51318359375,0.0016210059602599358,-1.0196335650980473,0.0019457611633697525,cell-007-0f2b695d9caf,0.015744438394904137,2,200,0.9717627167701721,0.9738441705703735,0.004374752286821604,0.013977209106087685,0.005961259827017784,0.9761733412742615,0.010609078221023083,0.03492229804396629
0.1621242684777826,0.20629829168319702,0.3073289142921567,0.7856677803210914,C64-d16-L2-H4-m4-ffn32,7,16,0.998046875,True,0.00356206763535738,0.8024535775184631,10.681802749633789,0.0007922608929220587,0.316289484500885,0.5908203125,0.0007445087394444272,0.0015367697342298925,32,800,0.998046875,True,True,0,0.14520463347434998,4,0.018746331334114075,0.0014788993867114186,64,4,2,sgd,0.4782352074980736,0.8221081867814064,1.1841001771390438,0.2468368485569954,5.030111060477793e-05,-2.2849399101687595e-05,0.5048828125,-4.0126866224454716e-05,-0.8971795067191124,-6.297623713180656e-05,cell-007-0f2b695d9caf,0.002267700619995594,2,400,0.979983389377594,0.9963994026184082,0.0009934394620358944,0.0010828609811142087,0.0014586441684514284,0.9974844455718994,0.0008641526219435036,0.00439909752458334
0.15879410901106894,0.20710126869380474,0.31651643197983503,0.9309124406427145,C64-d16-L2-H4-m4-ffn32,7,16,1.0,True,0.0003593144938349724,0.8112524151802063,10.39697265625,0.0011055255308747292,0.34256768226623535,0.626953125,0.0009495006233919412,0.002055026066955179,32,800,1.0,True,True,0,0.1577223241329193,4,0.011710206046700478,0.0007522546220570803,64,4,2,sgd,0.465887226164341,0.8587813451886177,1.2180308625102043,0.2364327795803547,4.813199200270901e-05,9.491414675721899e-05,0.4921875,0.00012397019054333214,-0.906269658356905,0.00021888428091187961,cell-007-0f2b695d9caf,0.0007434420986101031,2,800,0.9715635180473328,0.9925732612609863,0.00037077759043313563,0.00023749543470330536,0.0004298174171708524,0.9941892027854919,0.00028264426509849727,0.0013207347365096211
0.20451651513576508,0.19217021204531193,0.19428026489913464,-0.27002105489373207,C64-d16-L2-H4-m4-ffn32,7,16,0.494140625,True,0.5506681203842163,0.7997342944145203,13.330070495605469,-0.002252177568152547,0.34596124291419983,0.62890625,-0.0008696978911757469,-0.003121874644421041,32,800,0.501953125,True,True,0,-0.010236252099275589,4,0.09551873803138733,0.018906164914369583,64,4,2,sgd,0.4907316491007805,0.13824201771058142,0.5491875447332859,0.232103256508708,0.0036180312308715656,-0.0004481442301766947,0.515380859375,0.0003496519311738666,-0.23679605638608336,-9.849253910942934e-05,cell-007-0f2b695d9caf,0.5459238886833191,3,0,-0.012767733074724674,-3.24806896969676e-05,0.06176523119211197,0.009544143453240395,0.0026768026873469353,0.0007686122553423047,1.0012845993041992,1.0752707719802856
0.1607691370882094,0.22422945499420166,0.2934631370007992,0.6453166007995605,C64-d16-L2-H4-m4-ffn32,7,16,0.984375,True,0.022556744515895844,0.8401232957839966,11.375053405761719,-0.0021341907558962703,0.29248860478401184,0.583984375,-0.009324190439656377,-0.011458381079137325,32,800,0.98046875,True,True,0,0.13269400596618652,4,0.06603255867958069,0.038006290793418884,64,4,2,sgd,0.47182367742061615,0.4466476207599044,0.8202018886804581,0.23235534504055977,0.001160799860372208,-5.6062181101879105e-05,0.51171875,-0.002745185458479682,-0.7012529848143458,-0.002801247959723696,cell-007-0f2b695d9caf,0.027225393801927567,3,200,0.8829164505004883,0.9396584033966064,0.007392275147140026,0.01519409753382206,0.01046602614223957,0.9409911036491394,0.01486973837018013,0.04792213812470436
0.15285760164260864,0.21158596314489841,0.32984123937785625,1.0205071992240846,C64-d16-L2-H4-m4-ffn32,7,16,0.998046875,True,0.002376276534050703,0.8537065982818604,10.621380805969238,-0.00025196964270435274,0.3377812057733536,0.6455078125,0.00010828831000253558,-0.0001436815073247999,32,800,1.0,True,True,0,0.17698362469673157,4,0.014783145859837532,0.0012086620554327965,64,4,2,sgd,0.4613976888358593,0.5179690774530172,0.8708139285445213,0.22681591100990772,0.0001672872836024908,8.912073553801747e-05,0.50146484375,9.540448672851198e-05,-0.6287600696086884,0.00018452525364409667,cell-007-0f2b695d9caf,0.001388146192766726,3,400,0.9559173583984375,1.0026837587356567,0.0004485833633225411,0.0006339913234114647,0.0006812588544562459,1.003739595413208,0.0006592238205485046,0.002423057332634926
0.14680903288535774,0.2143437508493662,0.34522916190326214,1.3050820976495743,C64-d16-L2-H4-m4-ffn32,7,16,1.0,True,0.00035481216036714613,0.8430211544036865,10.056594848632812,-0.0010131047456525266,0.33503037691116333,0.6318359375,-0.0012972496333532035,-0.002310354611836374,32,800,1.0,True,True,0,0.19842013716697693,4,0.008848627097904682,0.0002564486931078136,64,4,2,sgd,0.4521504342556,0.5594211686402559,0.9168717004358768,0.22907713241875172,2.2087982188168098e-05,-6.718254712723137e-05,0.50341796875,-0.000270368408109789,-0.5748312771320343,-0.00033755089361875434,cell-007-0f2b695d9caf,0.00038284718175418675,3,800,0.9414099454879761,0.9921970367431641,0.0006467054481618106,0.0005708301905542612,0.0006471784436143935,0.9919407367706299,0.0006975152064114809,0.0025622290559113026
0.19598576612770557,0.22703048400580883,0.1850122269243002,-0.22568233450874686,C64-d16-L2-H4-m4-ffn32,7,16,0.533203125,True,0.7263065576553345,0.8422908782958984,12.968238830566406,-0.012967958115041256,0.2326170727610588,0.4326171875,-0.014552579261362553,-0.02752053877338767,32,800,0.5390625,True,True,0,-0.010973533615469933,4,0.22937892377376556,0.10135272890329361,64,4,2,sgd,0.45957334339618683,-0.02469608560204506,0.44364896789193153,0.22484460100531578,0.00866862534894608,-0.004749347310280427,0.504150390625,-0.0008500323529005982,-0.23111730255186558,-0.005599379655905068,cell-007-0f2b695d9caf,0.709697961807251,4,0,0.058811575174331665,0.11353953927755356,0.46111249923706055,0.06768760085105896,0.00768643943592906,0.11182549595832825,0.7955746650695801,1.3320610523223877
0.1829541134648025,0.2114657424390316,0.23967193253338337,0.11240946315228939,C64-d16-L2-H4-m4-ffn32,7,16,0.98046875,True,0.032362259924411774,0.8010073900222778,11.14585018157959,0.000744938210118562,0.2854275554418564,0.5595703125,-0.0011684976052492857,-0.00042356038466095924,32,800,0.98046875,True,True,0,0.05671783164143562,4,0.05218489468097687,0.04052583873271942,64,4,2,sgd,0.47356781736016273,0.25642312271520495,0.7431555688381195,0.22712485678493977,0.00024984591982502025,-0.0001854887427725771,0.519287109375,0.0005659746220771922,-0.7247401643544436,0.0003804858715739101,cell-007-0f2b695d9caf,0.027994263917207718,4,200,0.9393807649612427,0.9497262239456177,0.011221382766962051,0.01566927880048752,0.011921878904104233,0.9481805562973022,0.016109324991703033,0.05492186173796654
0.18003406981006265,0.20348859764635563,0.25640921480953693,0.3263339074328542,C64-d16-L2-H4-m4-ffn32,7,16,0.998046875,True,0.003947251942008734,0.7874028086662292,10.346648216247559,0.0012270363222341985,0.30465494096279144,0.6171875,-0.0016339669236913323,-0.00040693068876862526,32,800,0.99609375,True,True,0,0.07637514173984528,4,0.015067974105477333,0.0029885745607316494,64,4,2,sgd,0.4636024199426174,0.22225283639272675,0.7506906278431416,0.23252726718783379,8.238030625307147e-05,-0.0003106835001744912,0.5185546875,8.44628493723576e-05,-0.6376805640757084,-0.0002262205462102429,cell-007-0f2b695d9caf,0.0057258205488324165,4,400,0.9878320693969727,1.0003260374069214,0.0014344165101647377,0.0015112289693206549,0.0017270203679800034,1.0021703243255615,0.0014568014303222299,0.00612946692854166
0.17841885657981038,0.19559350050985813,0.2691499460488558,0.6058086548000574,C64-d16-L2-H4-m4-ffn32,7,16,1.0,True,0.0002389220317127183,0.8171823024749756,9.456573486328125,-0.00037491640250664204,0.32538896799087524,0.6357421875,-0.0019519611960276961,-0.0023268775548785925,32,800,1.0,True,True,0,0.09073107689619064,4,0.009712198749184608,0.00028495065635070205,64,4,2,sgd,0.45566581934690475,0.2562886942178011,0.782230019569397,0.23441236466169357,5.159098540730156e-05,-0.00026128322383556224,0.5068359375,-0.00018747868762147846,-0.5344529561698437,-0.0004487618866733101,cell-007-0f2b695d9caf,0.00023557557142339647,4,800,1.0051021575927734,0.9969836473464966,0.000511875026859343,0.00048572540981695056,0.0005916251102462411,0.995869517326355,0.0005722796777263284,0.002161505166441202
0.20101381465792656,0.1997831054031849,0.19717546366155148,-0.21875400375574827,C64-d16-L2-H4-m4-ffn32,7,16,0.482421875,True,1.2431257963180542,0.7840876579284668,12.487133026123047,-0.014658323489129543,0.21255162358283997,0.3896484375,-0.038608623668551445,-0.053266944363713264,32,800,0.486328125,True,True,0,-0.0038383537903428078,4,0.1643151193857193,0.05769751965999603,64,4,2,sgd,0.47478019818663597,0.13905100664123893,0.5170982517302036,0.2279900163412094,0.007366747799096629,-0.006238669477170333,0.494140625,-0.002805204188916832,-0.35770563781261444,-0.009043873636983335,cell-007-0f2b695d9caf,1.2414283752441406,5,0,0.06890854239463806,0.08036680519580841,1.4205944538116455,0.04828718304634094,0.013574481010437012,0.08531156182289124,0.8466265797615051,2.32908296585083
0.14891733275726438,0.2583157606422901,0.29493225272744894,0.7095440039411187,C64-d16-L2-H4-m4-ffn32,7,16,0.994140625,True,0.013889558613300323,0.883741021156311,10.708340644836426,0.0022625099518336356,0.2510051131248474,0.4892578125,-0.0022227176232263446,3.979209577664733e-05,32,800,0.990234375,True,True,0,0.14601489901542664,4,0.054719582200050354,0.023073121905326843,64,4,2,sgd,0.5255408920347691,0.2736153518781066,0.7898559402674437,0.23147946037352085,0.0009508109596936265,0.0002939283276646165,0.531005859375,-0.0007217668289740686,-0.7095096306875348,-0.0004278384822100634,cell-007-0f2b695d9caf,0.017114290967583656,5,200,0.899001955986023,0.9460995197296143,0.008937476202845573,0.01595713198184967,0.01085748802870512,0.9358760714530945,0.016225840896368027,0.051977936178445816
0.13795712077990174,0.26223911717534065,0.3238895311951637,1.1301254746504128,C64-d16-L2-H4-m4-ffn32,7,16,0.99609375,True,0.008226015605032444,0.8621067404747009,9.844932556152344,0.004971211077645421,0.32876361906528473,0.595703125,0.002511183498427272,0.007482394576072693,32,800,0.99609375,True,True,0,0.18593242764472961,4,0.0188760906457901,0.0023982750717550516,64,4,2,sgd,0.5135713703930378,0.2266246429644525,0.8159044850617647,0.22916137799620628,0.0008885709269179642,-0.0003512592156766914,0.5205078125,0.002494505333743291,-0.5221409201622009,0.002143245656043291,cell-007-0f2b695d9caf,0.008594969287514687,5,400,0.9463918209075928,0.960885763168335,0.004275490529835224,0.004559156019240618,0.004522018134593964,0.9572752714157104,0.006389934569597244,0.019746597856283188
0.13237957283854485,0.26473065838217735,0.3381306491792202,1.3486979277804494,C64-d16-L2-H4-m4-ffn32,7,16,1.0,True,0.00016466276429127902,0.8407933712005615,9.372827529907227,0.0011423714458942413,0.341339647769928,0.638671875,0.0005754608428105712,0.0017178324051201344,32,800,1.0,True,True,0,0.20575109124183655,4,0.008205413818359375,0.0003398853586986661,64,4,2,sgd,0.5021255426108837,0.2080249092541635,0.8433384411036968,0.21837620064616203,4.747929779114202e-05,-0.00015347506700891245,0.5224609375,0.00059532139221119,-0.4793603643774986,0.0004418463806814543,cell-007-0f2b695d9caf,0.00029698756407015026,5,800,0.9802151918411255,1.0020301342010498,0.00018886166799347848,0.00012956158025190234,0.00016937270993366838,1.001293420791626,0.00017412492888979614,0.0006619208725169301
0.1925986371934414,0.2297758162021637,0.19242828525602818,-0.1507455720566213,C64-d16-L2-H4-m4-ffn32,7,16,0.392578125,False,1.4279558658599854,0.7527734041213989,12.522788047790527,-0.01320985984057188,0.2355293408036232,0.4365234375,-0.017831983976066113,-0.031041842885315418,32,800,0.412109375,False,True,0,-0.0001703526359051466,4,0.44886514544487,0.3704490065574646,64,4,2,sgd,0.471711203455925,-0.123617943841964,0.41962174512445927,0.2195610124617815,0.036433755536563694,-0.007980092370416969,0.510986328125,0.001185764922411181,-0.19577486952766776,-0.006794327971874736,cell-007-0f2b695d9caf,1.431565284729004,6,0,-0.17534410953521729,-0.1736856997013092,1.0443389415740967,0.19941341876983643,0.029740191996097565,-0.16642507910728455,1.3989874124526978,2.6724801063537598
0.16493856068700552,0.23373224958777428,0.27145207300782204,0.3820639941841364,C64-d16-L2-H4-m4-ffn32,7,16,0.9609375,False,0.062017399817705154,0.7683510780334473,10.906108856201172,-0.0039506517350673676,0.154031403362751,0.4345703125,-0.0056149454321712255,-0.00956559693440795,32,800,0.962890625,False,True,0,0.10651351511478424,4,0.12449044734239578,0.05172434449195862,64,4,2,sgd,0.5802366212010384,0.4469121228903532,0.9992034398019314,0.23069658130407333,0.0009065985814231681,-0.0005474914050864754,0.51025390625,0.000637758143056999,-1.1007416918873787,9.026677435031161e-05,cell-007-0f2b695d9caf,0.06022355332970619,6,200,0.8642188906669617,0.8998631834983826,0.01653551682829857,0.046195074915885925,0.014680497348308563,0.8989032506942749,0.03817225992679596,0.11558335274457932
0.150899569503963,0.21370172128081322,0.3335995692759752,0.9314890147652477,C64-d16-L2-H4-m4-ffn32,7,16,0.998046875,False,0.0047723534516990185,0.7897154092788696,10.299298286437988,0.0011124099255539477,0.25328904390335083,0.546875,0.0012333475169725716,0.0023457572096958756,32,800,0.99609375,False,True,0,0.1827000081539154,4,0.020614495500922203,0.004333414603024721,64,4,2,sgd,0.5455289706587791,0.5241846055723727,1.1076406203210354,0.23623562790453434,0.00013818759794048674,-0.0002313597851753002,0.505859375,0.0006120679290688713,-0.8439695374108851,0.00038070786104071885,cell-007-0f2b695d9caf,0.004573382902890444,6,400,0.9331815242767334,0.9881348609924316,0.0009870599023997784,0.0016814880073070526,0.002125181257724762,0.9913330078125,0.0014270388055592775,0.006220768205821514
0.14386771712452173,0.21623764373362064,0.3521592225879431,1.1723461840301752,C64-d16-L2-H4-m4-ffn32,7,16,1.0,False,0.0003448703500907868,0.8092399835586548,9.979499816894531,-0.002111524867359549,0.27281656861305237,0.5791015625,-0.00231804046779871,-0.0044295648112893105,32,800,0.998046875,False,True,0,0.20829150080680847,4,0.011264214292168617,0.0031989673152565956,64,4,2,sgd,0.5289120264351368,0.5787407141178846,1.1694478429853916,0.23352228291332722,4.863779531660839e-05,-0.00017886466230265796,0.505859375,-0.0007381856667052489,-0.7830116637051105,-0.000917050333782754,cell-007-0f2b695d9caf,0.0018322396790608764,6,800,0.9468571543693542,0.9978247880935669,0.00024502159794792533,0.00020185098401270807,0.0002875640639103949,0.9989188313484192,0.00024506612680852413,0.000979502685368061
0.20160914584994316,0.19487896375358105,0.20029361359775066,-0.08620803849771619,C64-d16-L2-H4-m4-ffn32,7,16,0.53125,True,0.4938376843929291,0.6933339834213257,12.935783386230469,-0.002521047426853329,0.4110921025276184,0.677734375,-0.001556400558911264,-0.004077448509633541,32,800,0.5390625,True,True,0,-0.0013155292253941298,4,0.06143183633685112,0.0067833648063242435,64,4,2,sgd,0.4428410306572914,-0.1610811990685761,0.3670795410871506,0.2034523580223322,0.0008440669953415636,-0.0006719644770782907,0.5048828125,-0.0002518804649298545,-0.2394647253677249,-0.0009238450438715518,cell-007-0f2b695d9caf,0.4940928518772125,7,0,0.04813697934150696,0.04446573555469513,0.077794648706913,0.010615957900881767,0.0007744196918793023,0.043870411813259125,0.915313720703125,1.0044987201690674
0.18782090581953526,0.1622985117137432,0.27423879597336054,0.4464250891469419,C64-d16-L2-H4-m4-ffn32,7,16,0.998046875,True,0.00426526740193367,0.7641292214393616,10.5703763961792,0.002299313899129629,0.3019058555364609,0.5869140625,0.003098460379987955,0.005397774977609515,32,800,0.998046875,True,True,0,0.08641789108514786,4,0.02933880314230919,0.008461465127766132,64,4,2,sgd,0.45045116171240807,0.38133997144177556,0.8098765630275011,0.22655504941940308,0.00013098901990815648,-0.0001885897981992457,0.518798828125,0.0012239490324645885,-0.6112383343279362,0.001035359358866117,cell-007-0f2b695d9caf,0.005859308876097202,7,200,1.006304383277893,0.9916856288909912,0.0026901490055024624,0.003205016488209367,0.002462091390043497,0.987928032875061,0.0036186545621603727,0.011975911445915699
0.18999805254861712,0.15321225207298994,0.2767936084419489,0.5879615005105734,C64-d16-L2-H4-m4-ffn32,7,16,1.0,True,0.0005166130140423775,0.7926397323608398,9.909439086914062,-0.002158336035790853,0.3733522444963455,0.65234375,-0.0004056631587445736,-0.00256399909267202,32,800,0.99609375,True,True,0,0.08679556101560593,4,0.017620235681533813,0.009873287752270699,64,4,2,sgd,0.44009651243686676,0.33190529607236385,0.8105102479457855,0.21793969720602036,0.000516105977794723,0.00030917580079403706,0.505615234375,-0.0010167347763854195,-0.42125134402886033,-0.0007075591620377963,cell-007-0f2b695d9caf,0.005710941273719072,7,400,0.9993078708648682,0.9916905760765076,0.001175116514787078,0.001267935149371624,0.0014312125276774168,0.9917274117469788,0.0013272182550281286,0.005201482679694891
0.1908321923110634,0.1512839561328292,0.27621948439627886,0.7241867613047361,C64-d16-L2-H4-m4-ffn32,7,16,1.0,True,0.0003166318638250232,0.7978112697601318,9.168022155761719,-2.105790190398693e-05,0.374981552362442,0.6572265625,-1.69812556123361e-05,-3.803917206823826e-05,32,800,1.0,True,True,0,0.08538730442523956,4,0.008103912696242332,0.00024266773834824562,64,4,2,sgd,0.4271933436393738,0.3603019476868212,0.8356967680156231,0.2161536030471325,1.985958957106959e-05,1.917003646667581e-05,0.502197265625,-0.00011412253979870002,-0.41481802985072136,-9.495249196334044e-05,cell-007-0f2b695d9caf,0.00030696712201461196,7,800,1.0343003273010254,1.0039572715759277,0.0012848041951656342,0.0012826577294617891,0.001314088236540556,1.0023853778839111,0.001399546512402594,0.005281096789985895
0.20562848821282387,0.17838386446237564,0.2047306876629591,-0.12755204329732805,C64-d16-L2-H4-m4-ffn32,7,16,0.47265625,True,1.2818238735198975,0.793129563331604,12.73018741607666,0.005887581850402057,0.2627088725566864,0.4921875,0.02599105704575777,0.03187863901257515,32,800,0.47265625,True,True,0,-0.0008978003170341253,4,0.2649447023868561,0.15508830547332764,64,4,2,sgd,0.5029970444738865,-0.05363041954115033,0.49980006366968155,0.21876399964094162,0.013527499104384333,0.0025368423957843333,0.5078125,-0.0017779448771761963,-0.17827896494418383,0.0007588970693177544,cell-007-0f2b695d9caf,1.230780839920044,8,0,-0.06476259231567383,-0.06984119117259979,1.24257230758667,0.07521693408489227,0.008659077808260918,-0.07150514423847198,1.1745069026947021,2.500955104827881
0.16828149929642677,0.21289677545428276,0.2822587415575981,0.4652806129306555,C64-d16-L2-H4-m4-ffn32,7,16,0.994140625,True,0.01562798209488392,0.8448988199234009,11.60450267791748,0.0029137603705748916,0.2629719525575638,0.546875,0.0019256706582382321,0.004839432192966342,32,800,0.99609375,True,True,0,0.11397723853588104,4,0.05197105556726456,0.02398403361439705,64,4,2,sgd,0.5232618004083633,0.3772567417472601,1.0030332803726196,0.21350323781371117,0.00028702410691039404,0.0003131866797048133,0.50439453125,-0.00041941086419683415,-0.7896174900233746,-0.00010622410991345532,cell-007-0f2b695d9caf,0.010335522703826427,8,200,0.9391506910324097,0.9760980606079102,0.005535747855901718,0.009059324860572815,0.005134449806064367,0.9778573513031006,0.008151456713676453,0.02788097970187664
0.15969746629707515,0.2114163376390934,0.30949128046631813,0.7840744126588106,C64-d16-L2-H4-m4-ffn32,7,16,0.998046875,True,0.004993853159248829,0.843913197517395,10.817173957824707,0.002335241704713553,0.31263986229896545,0.6015625,0.003158614970743656,0.00549385673366487,32,800,0.994140625,True,True,0,0.1497938185930252,4,0.020951692014932632,0.0039721643552184105,64,4,2,sgd,0.5084728077054024,0.4035001900047064,1.0293911211192608,0.22051753289997578,0.0001510429563040816,0.0002133854063686158,0.502685546875,0.00037119519629413844,-0.5930799581110477,0.00058458049352339,cell-007-0f2b695d9caf,0.005842468701303005,8,400,0.9696048498153687,0.9887445569038391,0.0013690951745957136,0.0012148258974775672,0.0011992489453405142,0.9913159608840942,0.001210527727380395,0.004993697628378868
0.15519188018515706,0.21711256727576256,0.31731180381029844,0.9383357046172023,C64-d16-L2-H4-m4-ffn32,7,16,1.0,True,0.00019361423619557172,0.8473161458969116,10.435467720031738,0.0003992631609435193,0.32632727921009064,0.6142578125,0.0013740280701313168,0.001773291325662285,32,800,1.0,True,True,0,0.16211993992328644,4,0.008433114737272263,0.0001569132145959884,64,4,2,sgd,0.49741825833916664,0.4059232580475509,1.0609639771282673,0.2232985533773899,1.361271642963402e-05,9.175162858809927e-05,0.51416015625,1.6553241039218847e-05,-0.4636383175384253,0.00010830485734913964,cell-007-0f2b695d9caf,0.00016414839774370193,8,800,0.9809086322784424,0.996408224105835,0.0001275700342375785,4.332418029662222e-05,7.540290243923664e-05,0.9967143535614014,0.00010411968105472624,0.0003504167834762484
0.20239675045013428,0.1911761974915862,0.20163356885313988,-0.19942612340673804,C64-d16-L2-H4-m4-ffn32,7,16,0.5078125,True,0.6139025688171387,0.7540311813354492,12.665444374084473,0.009864652412943542,0.42325881123542786,0.69140625,0.0024477909319102764,0.012312444392591715,32,800,0.525390625,True,True,0,-0.0007631800835952163,4,0.12581872940063477,0.029307786375284195,64,4,2,sgd,0.46447886154055595,0.13403903681319207,0.5080216154456139,0.22758022136986256,0.005072236352134496,-8.262920891866088e-05,0.503173828125,0.0008712240232853219,-0.212825620546937,0.000788594588811975,cell-007-0f2b695d9caf,0.6101742386817932,9,0,-0.049648039042949677,-0.0181468203663826,0.20268762111663818,0.016420435160398483,0.00532772159203887,-0.017090559005737305,1.039640188217163,1.2640759944915771
0.15897751227021217,0.26213226467370987,0.2609352134168148,0.28581656888127327,C64-d16-L2-H4-m4-ffn32,7,16,0.984375,True,0.024993065744638443,0.8135173916816711,10.992238998413086,0.004831047961488366,0.25087130069732666,0.5107421875,0.007838755380362272,0.012669803109019995,32,800,0.98828125,True,True,0,0.10195770859718323,4,0.0649043619632721,0.037534333765506744,64,4,2,sgd,0.47997352853417397,0.45597174763679504,0.7886674925684929,0.23195426911115646,0.0005000717528673704,0.0002820835325110238,0.51708984375,0.0019698927317222115,-0.8983045257627964,0.0022519763369928114,cell-007-0f2b695d9caf,0.016911370679736137,9,200,0.917568027973175,0.9627934098243713,0.0060632070526480675,0.00972819421440363,0.007839174009859562,0.968735933303833,0.008070504292845726,0.03170107677578926
0.15323574049398303,0.2563612014055252,0.283931577578187,0.5746400528587401,C64-d16-L2-H4-m4-ffn32,7,16,1.0,True,0.0007089160499162972,0.798833966255188,10.473968505859375,0.0013491142599377781,0.3021269142627716,0.583984375,0.0003915571724064648,0.001740671315928921,32,800,1.0,True,True,0,0.13069583475589752,4,0.014733996242284775,0.0006231791339814663,64,4,2,sgd,0.47590529546141624,0.4874982824549079,0.8206440210342407,0.24156842939555645,6.326868879114045e-05,4.0809138226904906e-05,0.52880859375,0.00038838927866891026,-0.8295930898748338,0.0004291983896109741,cell-007-0f2b695d9caf,0.0007724104216322303,9,400,0.9314154386520386,0.9934275150299072,0.0006589512340724468,0.0007938765920698643,0.0009626896353438497,0.9925777912139893,0.0007559272926300764,0.0031714446377009153
0.14984165038913488,0.24962963536381721,0.3008454265072942,0.8099304120987654,C64-d16-L2-H4-m4-ffn32,7,16,1.0,True,0.00037501766928471625,0.7795021533966064,9.776638984680176,0.0016265088052023202,0.31426863372325897,0.59765625,0.0016970266005955637,0.003323535667732358,32,800,1.0,True,True,0,0.15100377798080444,4,0.011161679401993752,0.0007003507344052196,64,4,2,sgd,0.46624861285090446,0.513030556961894,0.8310267515480518,0.24414920434355736,6.036615820903535e-05,3.024704710696824e-06,0.529296875,0.00101712405012222,-0.6516075506806374,0.0010201488839811645,cell-007-0f2b695d9caf,0.00028723309515044093,9,800,0.9332424402236938,0.9972797632217407,0.00045781349763274193,0.000577700964640826,0.0009967233054339886,0.99920654296875,0.00037985172821208835,0.002412089379504323
0.159251119941473,0.3732203505933285,0.14902628771960735,-0.16387511871289462,C64-d16-L2-H4-m4-ffn32,7,16,0.552734375,False,1.052497148513794,0.7371771335601807,12.805933952331543,0.009669747669249773,0.33012770116329193,0.5771484375,0.007785653928294778,0.017455400433391333,32,800,0.5625,False,True,0,-0.010224832221865654,4,0.16508802771568298,0.0508866086602211,64,4,2,sgd,0.49140075594186783,-0.2716910489834845,0.3889875551685691,0.22927121259272099,0.007179632433690131,0.002996521187014878,0.505615234375,0.00040700065437704325,-0.24759324826300144,0.0034035219068755396,cell-007-0f2b695d9caf,1.0590156316757202,10,0,0.055039964616298676,0.06597879528999329,1.3902759552001953,0.035438720136880875,0.003438664600253105,0.06587627530097961,0.876358151435852,2.305511474609375
0.1876071896404028,0.19546484760940075,0.2417136039584875,0.157808231189847,C64-d16-L2-H4-m4-ffn32,7,16,0.962890625,False,0.08026003837585449,0.7662763595581055,11.498489379882812,-0.0016160827362909913,0.13168227672576904,0.3291015625,-0.0072758798487484455,-0.00889196153730154,32,800,0.95703125,False,True,0,0.05410640686750412,4,0.14757123589515686,0.05578801780939102,64,4,2,sgd,0.5248302966356277,0.5295331459492445,0.9474640600383282,0.22738411463797092,0.0009589816786501615,-0.000635285166936228,0.507568359375,-0.0012498956566560082,-0.6470249453559518,-0.001885180955468968,cell-007-0f2b695d9caf,0.08314064145088196,10,200,0.7915800213813782,0.7976734638214111,0.01597881317138672,0.09087192267179489,0.008158080279827118,0.7978329658508301,0.08778232336044312,0.20279113948345184
0.16991561674512923,0.19245009869337082,0.29780307598412037,0.6968787551159039,C64-d16-L2-H4-m4-ffn32,7,16,0.99609375,False,0.007177463732659817,0.8340751528739929,10.086288452148438,0.0003682211827253923,0.37229177355766296,0.685546875,-0.0023753292625769973,-0.002007107948884368,32,800,0.99609375,False,True,0,0.12788745760917664,4,0.026334378868341446,0.008620776236057281,64,4,2,sgd,0.5118429288268089,0.48547072522342205,0.986215777695179,0.21031773835420609,0.0002661998012172262,0.00022773385899199639,0.487548828125,-0.0018906852556028753,-0.5250768857076764,-0.0016629512629151577,cell-007-0f2b695d9caf,0.006622097454965115,10,400,0.8993507623672485,0.9644078612327576,0.006245502736419439,0.006045712158083916,0.005862800404429436,0.9717720746994019,0.006260111927986145,0.024414125829935074
0.16574435820803046,0.18215531995519996,0.3206116249784827,1.0251758201047778,C64-d16-L2-H4-m4-ffn32,7,16,0.998046875,False,0.0037480732426047325,0.8536079525947571,9.1973295211792,0.0013764441246166825,0.4012066274881363,0.71484375,0.001123715250287205,0.0025001594331115484,32,800,1.0,False,True,0,0.1548672616481781,4,0.015188265591859818,0.007058927323669195,64,4,2,sgd,0.490530326962471,0.52194301225245,1.0084415636956692,0.20605267770588398,3.5392095846020766e-05,0.0001212770007441577,0.48486328125,2.2170963802636834e-05,-0.5096756666898727,0.00014344797637022566,cell-007-0f2b695d9caf,0.0004161796241533011,10,800,0.9326193332672119,0.994857907295227,0.00046087795635685325,0.0005214508855715394,0.0004954327596351504,0.995343804359436,0.0005937160458415747,0.002071477472782135
0.20835356786847115,0.17668567411601543,0.19825364835560322,-0.32610228657722473,C64-d16-L2-H4-m4-ffn32,7,16,0.416015625,False,0.9344757199287415,0.6961339712142944,12.324060440063477,-0.0115537173114717,0.27488842606544495,0.4931640625,-0.02271900704363361,-0.03427272476255894,32,800,0.443359375,False,True,0,-0.010099917650222778,4,0.2662977874279022,0.1398002952337265,64,4,2,sgd,0.44512776657938957,0.10860600229352713,0.4796125218272209,0.2202520351856947,0.012883558694738895,-0.005129812023369595,0.498779296875,-0.00021961808670312166,-0.3444101307541132,-0.0053494301973842084,cell-007-0f2b695d9caf,0.9249870777130127,11,0,-0.07142499089241028,-0.13701005280017853,0.4410371482372284,0.11937342584133148,0.020209431648254395,-0.13263003528118134,1.3002376556396484,1.8808577060699463
0.1610521487891674,0.20302781462669373,0.3138157445937395,0.7266378616914153,C64-d16-L2-H4-m4-ffn32,7,16,0.994140625,False,0.012623840942978859,0.7763620615005493,10.342991828918457,0.002635351615026593,0.23260237276554108,0.462890625,0.0034070347901433706,0.0060423866380006075,32,800,0.9921875,False,True,0,0.15276359021663666,4,0.046064622700214386,0.009584810584783554,64,4,2,sgd,0.48896101862192154,0.20366687141358852,0.7768064420670271,0.234017601236701,0.0008913733181543648,0.0008626593980807229,0.53955078125,0.0011035359671041078,-0.5660260990262032,0.001966195255590719,cell-007-0f2b695d9caf,0.013310288079082966,11,200,0.9222422242164612,0.9601101875305176,0.007091638632118702,0.011162708513438702,0.005510568153113127,0.9580211639404297,0.011317997239530087,0.03508291393518448
0.15219518775120378,0.20893956534564495,0.3344748914241791,1.0406114365905523,C64-d16-L2-H4-m4-ffn32,7,16,0.998046875,False,0.0028801688458770514,0.7825789451599121,9.795814514160156,5.918569513596594e-06,0.3213721811771393,0.583984375,0.001325844437815249,0.0013317631382960826,32,800,0.998046875,False,True,0,0.18227970600128174,4,0.013430139049887657,0.0003930607927031815,64,4,2,sgd,0.4751335568726063,0.21767376735806465,0.804849024862051,0.21177625842392445,5.495103982866567e-05,0.0003155071017317823,0.511474609375,-7.87390506502561e-05,-0.5032699853181839,0.00023676804357819492,cell-007-0f2b695d9caf,0.00256661931052804,11,400,0.9793016314506531,1.0002497434616089,0.0003504376800265163,0.0008149557979777455,0.0003653826133813709,1.0001522302627563,0.0009380058036185801,0.0024687820114195347
0.1499739239225164,0.21019025705754757,0.33988798037171364,1.2049194891005754,C64-d16-L2-H4-m4-ffn32,7,16,0.998046875,False,0.002756193745881319,0.7815685272216797,9.420904159545898,-0.00038930284790694714,0.3069626986980438,0.5712890625,0.0005871165194548666,0.0001978137734113261,32,800,1.0,False,True,0,0.1899140477180481,4,0.012334853410720825,0.004954708274453878,64,4,2,sgd,0.46684111282229424,0.23641084134578705,0.8184139393270016,0.2106298077851534,3.243649524620196e-05,0.00019617489397205645,0.512451171875,-0.00014381041773958714,-0.47181248664855957,5.23644948771107e-05,cell-007-0f2b695d9caf,0.0002340681676287204,11,800,1.0003304481506348,0.9972520470619202,0.0010598916560411453,0.0010445958469063044,0.0009832081850618124,0.9961715340614319,0.0011292248964309692,0.004216921050101519
0.1964057143777609,0.21958420984447002,0.1911986544728279,-0.15007377561414614,C64-d16-L2-H4-m4-ffnnone,3,16,0.619140625,True,0.487729549407959,0.7827251553535461,12.606853485107422,,,,,,,800,0.609375,True,True,0,-0.005207059904932976,4,0.12544311583042145,0.029271451756358147,64,4,2,sgd,0.4823222942650318,-0.02941348170861602,0.4685114100575447,0.21270791813731194,0.0044331228418741375,0.0009515696292510256,0.5068359375,-0.00020687608412117697,-0.20392335392534733,0.0007446932722814381,cell-003-d1cf56ef5b18,0.49588075280189514,0,0,0.08112591505050659,0.10441321134567261,0.188763827085495,0.05529412999749184,0.01015743613243103,0.10482321679592133,0.805695652961731,1.0599110126495361
0.1518588988110423,0.23986905440688133,0.30455425195395947,0.8011783920228481,C64-d16-L2-H4-m4-ffnnone,3,16,0.990234375,True,0.01859281398355961,0.8025243878364563,10.914421081542969,,,,,,,800,0.994140625,True,True,0,0.15269535779953003,4,0.06893913447856903,0.026833750307559967,64,4,2,sgd,0.490755058825016,0.38312307512387633,0.8082656264305115,0.23448023945093155,0.0013173518982512178,0.0005901777694816701,0.543212890625,0.0005073480642749928,-0.579472214449197,0.0010975259356200695,cell-003-d1cf56ef5b18,0.01480506919324398,0,200,0.9347950220108032,0.9478029012680054,0.006974196992814541,0.012499134987592697,0.006946515291929245,0.9463086128234863,0.013202602043747902,0.03962244838476181
0.13996040727943182,0.2360774166882038,0.3440413847565651,1.26799838244915,C64-d16-L2-H4-m4-ffnnone,3,16,0.998046875,True,0.004606780596077442,0.7914564609527588,10.158795356750488,,,,,,,800,1.0,True,True,0,0.2040809839963913,4,0.022525189444422722,0.007883142679929733,64,4,2,sgd,0.4871636889874935,0.4477101662196219,0.902901753783226,0.22123751230537891,0.0001623323209969385,-9.606157800590154e-05,0.535400390625,0.00011932090728805633,-0.501619502902031,2.3259302906808443e-05,cell-003-d1cf56ef5b18,0.0008641229942440987,0,400,0.9508136510848999,0.9902875423431396,0.0010963877430185676,0.0015509903896600008,0.0017206915654242039,0.9895899295806885,0.0014181295409798622,0.005786199122667313
0.13352934829890728,0.23399952705949545,0.3654124215245247,1.557985208928585,C64-d16-L2-H4-m4-ffnnone,3,16,1.0,True,0.0009361870470456779,0.8182770609855652,9.53365707397461,,,,,,,800,1.0,True,True,0,0.23188307881355286,4,0.013755004853010178,0.0008488532621413469,64,4,2,sgd,0.4768828824162483,0.5703482935205102,1.0010653659701347,0.22841573134064674,0.00012328849970799638,6.739005038980395e-05,0.52490234375,-0.00041430436431255657,-0.38854903914034367,-0.0003469143448455725,cell-003-d1cf56ef5b18,0.0007645913865417242,0,800,0.9732170104980469,0.9881311655044556,0.00177563086617738,0.002008848823606968,0.0030798660591244698,0.98707115650177,0.0019318833947181702,0.00879622995853424
0.19441398419439793,0.23429291788488626,0.18246514350175858,-0.2124208805616945,C64-d16-L2-H4-m4-ffnnone,3,16,0.56640625,True,1.3995420932769775,0.7179318070411682,13.410542488098145,,,,,,,800,0.541015625,True,True,0,-0.011948848143219948,4,0.2710440158843994,0.17005765438079834,64,4,2,sgd,0.4732340835034847,-0.054727754555642605,0.4350927472114563,0.22831082716584206,0.018171244766563177,0.0032627633554511704,0.51025390625,0.0037034666747786105,-0.2892685942351818,0.006966229964746162,cell-003-d1cf56ef5b18,1.434023380279541,1,0,0.1285001039505005,0.11848686635494232,2.115485191345215,0.11535100638866425,0.01493549719452858,0.1095895990729332,0.8122698068618774,3.058041572570801
0.21376128494739532,0.13291562488302588,0.22580054588615894,-0.1688347680028528,C64-d16-L2-H4-m4-ffnnone,3,16,0.736328125,True,0.361827552318573,0.75567626953125,12.929449081420898,,,,,,,800,0.724609375,True,True,0,0.01203925907611847,4,0.03691285103559494,0.002350715221837163,64,4,2,sgd,0.5858446061611176,0.5937939172144979,1.0845412500202656,0.23977920226752758,0.00012573281946970383,8.998792418424273e-05,0.520751953125,-0.0001696385895684216,-0.5487734125927091,-7.965064105519559e-05,cell-003-d1cf56ef5b18,0.3661939203739166,1,200,0.2748921513557434,0.289905309677124,0.003978770226240158,0.19368217885494232,0.0016293157823383808,0.2912401854991913,0.5040901303291321,0.7033804059028625
0.14962056558579206,0.22610323037952185,0.325035085901618,0.6075828038156033,C64-d16-L2-H4-m4-ffnnone,3,16,0.974609375,True,0.030739765614271164,0.7871474623680115,10.265213966369629,,,,,,,800,0.974609375,True,True,0,0.1754145324230194,4,0.06500130146741867,0.03892868757247925,64,4,2,sgd,0.5768188163638115,0.5633071009069681,1.235702957957983,0.22331247106194496,0.0002735049038165016,0.0004978704455425031,0.503173828125,-0.0009407528887095395,-1.0417901948094368,-0.0004428825013746973,cell-003-d1cf56ef5b18,0.037727680057287216,1,400,0.9633874893188477,0.9360824227333069,0.013936994597315788,0.018598657101392746,0.012946244329214096,0.9361569285392761,0.019279874861240387,0.06476177275180817
0.13512771693058312,0.22440895531326532,0.37020789459347725,1.289752535521984,C64-d16-L2-H4-m4-ffnnone,3,16,1.0,True,0.001163817010819912,0.8169330358505249,9.080161094665527,,,,,,,800,1.0,True,True,0,0.23508016765117645,4,0.014317627064883709,0.0013774950057268143,64,4,2,sgd,0.5564786233007908,0.5640593767166138,1.3439455702900887,0.2198480274528265,4.7655715377459273e-05,0.00016510270597791532,0.515869140625,5.441304892883636e-05,-0.6202250579372048,0.00021951573944534175,cell-003-d1cf56ef5b18,0.0006375205121003091,1,800,1.0303623676300049,0.9944049119949341,0.0007150880992412567,0.000793599640019238,0.0007105362019501626,0.9930211901664734,0.0010727944318205118,0.0032920183148235083
0.19323703087866306,0.22598838061094284,0.19430052861571312,-0.07985537382774055,C64-d16-L2-H4-m4-ffnnone,3,16,0.47265625,True,1.4958465099334717,0.7305974960327148,12.932114601135254,,,,,,,800,0.470703125,True,True,0,0.0010634958744049072,4,0.16305388510227203,0.04465712606906891,64,4,2,sgd,0.4359406940639019,-0.012419570237398148,0.42108748853206635,0.22391442582011223,0.00638663352583535,-0.0050295935943722725,0.51025390625,-0.0012331336656643543,-0.10868987208232284,-0.006262727212742902,cell-003-d1cf56ef5b18,1.48366379737854,2,0,-0.06149447709321976,-0.09743644297122955,1.5863420963287354,0.05998251214623451,0.006773089990019798,-0.10052189975976944,1.2215549945831299,2.874652624130249
0.15974841825664043,0.22831909358501434,0.29243567027151585,0.5632382053881884,C64-d16-L2-H4-m4-ffnnone,3,16,0.974609375,True,0.03349187970161438,0.7764824628829956,11.750099182128906,,,,,,,800,0.978515625,True,True,0,0.1326872557401657,4,0.08658023178577423,0.04176712781190872,64,4,2,sgd,0.47792933136224747,0.5977840945124626,0.9122193492949009,0.2619713209569454,0.004244376421411289,0.000789384932431858,0.533935546875,-0.0006824046286055818,-0.5648189419880509,0.0001069805039151106,cell-003-d1cf56ef5b18,0.03517869859933853,2,200,0.8894545435905457,0.9254698157310486,0.007858118042349815,0.028186842799186707,0.017385270446538925,0.9209964871406555,0.018008995801210403,0.071439228951931
0.14339277520775795,0.22614327631890774,0.3436783943325281,0.9768802300095558,C64-d16-L2-H4-m4-ffnnone,3,16,0.99609375,True,0.0067747486755251884,0.7890833616256714,11.163987159729004,,,,,,,800,0.998046875,True,True,0,0.2002856284379959,4,0.027257660403847694,0.00736132450401783,64,4,2,sgd,0.4498046562075615,0.6825089007616043,0.963107492774725,0.2677246145904064,0.00043309553802828304,0.00010660669067874551,0.5458984375,-0.0010233515968138818,-0.6066557671874762,-0.0009167450552922674,cell-003-d1cf56ef5b18,0.004611932206898928,2,400,0.9481964707374573,0.9858269691467285,0.0013007530942559242,0.003842310979962349,0.003941560164093971,0.9830915927886963,0.0025900094769895077,0.01167463418096304
0.1350999246351421,0.22744537889957428,0.3672548606991768,1.2253847569227219,C64-d16-L2-H4-m4-ffnnone,3,16,1.0,True,0.0003473738324828446,0.7890567183494568,10.786065101623535,,,,,,,800,1.0,True,True,0,0.2321549355983734,4,0.0106350127607584,0.0004690947534982115,64,4,2,sgd,0.43752364069223404,0.7415737137198448,0.9939495399594307,0.25374453887343407,6.000718144605344e-05,-0.00012020151916658506,0.53271484375,-0.0003980407309427392,-0.6445917282253504,-0.000518242304224259,cell-003-d1cf56ef5b18,0.00043860432924702764,2,800,1.0012513399124146,0.9970360994338989,0.0003215643228031695,0.0006819305126555264,0.0011684794444590807,0.9965251684188843,0.00040486862417310476,0.0025768429040908813
0.21452074125409126,0.14050948759540915,0.21592831052839756,-0.09146309876814485,C64-d16-L2-H4-m4-ffnnone,3,16,0.66015625,True,0.7588157057762146,0.6883110404014587,13.002161026000977,,,,,,,800,0.6953125,True,True,0,0.001407568110153079,4,0.27805960178375244,0.1368095874786377,64,4,2,sgd,0.4249015338718891,-0.02324427105486393,0.4102318547666073,0.20477698370814323,0.01623985666083172,-0.0053353995172074065,0.49560546875,0.0008330173659487627,-0.17517471686005592,-0.004502382304053754,cell-003-d1cf56ef5b18,0.7369354963302612,3,0,0.19036883115768433,0.36702364683151245,0.4719841182231903,0.6750683784484863,0.017046282067894936,0.36288920044898987,0.465248703956604,1.629347562789917
0.17946421448141336,0.1918856860138476,0.2697216924279928,0.30790624488145113,C64-d16-L2-H4-m4-ffnnone,3,16,0.970703125,True,0.04515616595745087,0.7646936178207397,10.325475692749023,,,,,,,800,0.96875,True,True,0,0.09025748074054718,4,0.07921673357486725,0.0461672842502594,64,4,2,sgd,0.453058447688818,-0.27426165202632546,0.6784583367407322,0.20652618072926998,0.00022792478694100282,-7.569043737021275e-05,0.513916015625,-0.0012115730733057717,-0.7800204959930852,-0.001287263386984705,cell-003-d1cf56ef5b18,0.04411342367529869,3,200,0.9223559498786926,0.9333622455596924,0.0044004833325743675,0.022618984803557396,0.004067896865308285,0.9380766153335571,0.024958178400993347,0.0560455396771431
0.17494216188788414,0.19446179922670126,0.2807117309421301,0.6733252136036754,C64-d16-L2-H4-m4-ffnnone,3,16,0.99609375,True,0.007371560670435429,0.7852714657783508,9.369641304016113,,,,,,,800,0.99609375,True,True,0,0.1057695671916008,4,0.020299449563026428,0.009379694238305092,64,4,2,sgd,0.4477018676698208,-0.19950906932353973,0.8237671284005046,0.201965956017375,5.805230318856047e-05,-0.00027518951310412376,0.510009765625,-0.0006099488982727053,-0.6758879330009222,-0.0008851383522596734,cell-003-d1cf56ef5b18,0.006549052428454161,3,400,0.9685102105140686,0.9952771067619324,0.0008420300437137485,0.002830888144671917,0.0007602995028719306,0.9961533546447754,0.0032131210900843143,0.007646339479833841
0.1751229406800121,0.18417473416775465,0.29045645892620087,0.877334401011467,C64-d16-L2-H4-m4-ffnnone,3,16,1.0,True,0.00013550161384046078,0.8121881484985352,8.968708038330078,,,,,,,800,1.0,True,True,0,0.11533351242542267,4,0.00473191449418664,5.969503763481043e-05,64,4,2,sgd,0.4376865327358246,-0.15131999924778938,0.9025668017566204,0.20122666656970978,6.857442016894311e-06,-0.000144974119791641,0.50439453125,2.976337310656163e-05,-0.45709182089194655,-0.00011521075293785543,cell-003-d1cf56ef5b18,0.00013845539069734514,3,800,0.9795650839805603,0.9989900588989258,3.7870893720537424e-05,3.900311276083812e-05,2.8875272619188763e-05,0.9993635416030884,0.0001578738883836195,0.0002636231656651944
0.19245876371860504,0.23358156718313694,0.18904216773808002,-0.18717423174530268,C64-d16-L2-H4-m4-ffnnone,3,16,0.658203125,True,0.4633346199989319,0.7894225120544434,12.433082580566406,,,,,,,800,0.65625,True,True,0,-0.0034165934193879366,4,0.1480669528245926,0.04066643491387367,64,4,2,sgd,0.47405778989195824,-0.021549290046095848,0.44599495455622673,0.214277608320117,0.005798377969767898,0.0013223358109826222,0.489501953125,0.001404542737873271,-0.15613421774469316,0.0027268783378531225,cell-003-d1cf56ef5b18,0.4659862518310547,4,0,0.11937573552131653,0.1394556760787964,0.1333555430173874,0.0711413323879242,0.0041557736694812775,0.1346842348575592,0.7545809745788574,0.9632337093353271
0.17972133308649063,0.1653775335289538,0.29545848350971937,0.06274311617016792,C64-d16-L2-H4-m4-ffnnone,3,16,0.998046875,True,0.010404806584119797,0.8189982175827026,11.146759986877441,,,,,,,800,0.998046875,True,True,0,0.11573714762926102,4,0.0634228065609932,0.018161632120609283,64,4,2,sgd,0.4855799674987793,0.22132392460480332,0.7419889383018017,0.23152782209217548,0.0009070578416867647,-0.0004665477608796209,0.5263671875,0.0006230555372894742,-0.824304056353867,0.000156507856445387,cell-003-d1cf56ef5b18,0.008834233507514,4,200,0.9995678067207336,0.9879012703895569,0.003736351151019335,0.011409621685743332,0.006477769929915667,0.9888240098953247,0.006703491322696209,0.028327234089374542
0.17434969265013933,0.15877902577631176,0.3181718986015767,0.13445411622524261,C64-d16-L2-H4-m4-ffnnone,3,16,1.0,True,0.0007129553705453873,0.8424395322799683,10.86044979095459,,,,,,,800,1.0,True,True,0,0.14382219314575195,4,0.017483023926615715,0.0008892352925613523,64,4,2,sgd,0.4791797176003456,0.27668001037091017,0.8489788137376308,0.21307428181171417,7.20724733582756e-05,5.774781675427221e-05,0.50830078125,-3.5514125556801446e-05,-0.8587943259626627,2.2233696654438972e-05,cell-003-d1cf56ef5b18,0.0007891649729572237,4,400,0.9871500134468079,0.9984618425369263,0.0004812733386643231,0.0009015212999656796,0.0007977460045367479,0.9984651803970337,0.0006011304794810712,0.0027816714718937874
0.17029846273362637,0.15402250061742961,0.33508213120512664,0.34917764365673065,C64-d16-L2-H4-m4-ffnnone,3,16,1.0,True,0.00043865726911462843,0.8478647470474243,10.640865325927734,,,,,,,800,1.0,True,True,0,0.16478365659713745,4,0.012374689802527428,0.0006681864615529776,64,4,2,sgd,0.47837720811367035,0.36382752284407616,0.9292391445487738,0.21560433506965637,3.8568126683458104e-05,0.00011139347816424561,0.50927734375,-0.0005496179001056589,-0.7894111648201942,-0.00043822447241836926,cell-003-d1cf56ef5b18,0.0004914383753202856,4,800,0.9913230538368225,0.9930309653282166,0.0005180537700653076,0.0010428742971271276,0.0011971426429226995,0.9943016767501831,0.0006905102636665106,0.0034485808573663235
0.20691023208200932,0.1786253098398447,0.200644014403224,-0.21012269146740437,C64-d16-L2-H4-m4-ffnnone,3,16,0.5625,True,0.5728883147239685,0.7333834767341614,12.655357360839844,,,,,,,800,0.5546875,True,True,0,-0.006266218610107899,4,0.14849305152893066,0.03844676911830902,64,4,2,sgd,0.4755917266011238,-0.038502855226397514,0.4481132999062538,0.23953136429190636,0.005112729675602168,0.0015529042175330687,0.53173828125,-0.0006607595114473952,-0.21774908620864153,0.0008921447915781755,cell-003-d1cf56ef5b18,0.5787491798400879,5,0,0.05484193190932274,0.056987740099430084,0.2649344205856323,0.03647086024284363,0.006952338851988316,0.05625360459089279,0.8977346420288086,1.2060922384262085
0.1747671365737915,0.19115518219769,0.28454343043267727,0.4758630823343992,C64-d16-L2-H4-m4-ffnnone,3,16,0.986328125,True,0.01597536727786064,0.775619387626648,10.408541679382324,,,,,,,800,0.98046875,True,True,0,0.10977629572153091,4,0.05424312874674797,0.035507604479789734,64,4,2,sgd,0.47749942913651466,0.23273856472223997,0.842836681753397,0.21598673798143864,0.00021647236462740693,0.0002081606307910988,0.50390625,0.0008069878804235486,-0.8069010225590318,0.0010151484257221455,cell-003-d1cf56ef5b18,0.027573147788643837,5,200,0.9310153126716614,0.9477394819259644,0.009406515397131443,0.019615545868873596,0.008624328300356865,0.9468069076538086,0.0191000048071146,0.05674639716744423
0.17163182003423572,0.18094908818602562,0.3041554670780897,0.831130200996995,C64-d16-L2-H4-m4-ffnnone,3,16,1.0,True,0.0005348778795450926,0.7779761552810669,9.679478645324707,,,,,,,800,1.0,True,True,0,0.13252365589141846,4,0.010755771771073341,0.0003242134116590023,64,4,2,sgd,0.46122075989842415,0.2872553734923713,0.9338551945984364,0.21385283581912518,3.239287917722322e-05,6.531214057758916e-05,0.520751953125,0.0002959520793410775,-0.6284224418923259,0.00036126424765825504,cell-003-d1cf56ef5b18,0.0005669674137607217,5,400,0.981130838394165,0.9960098266601562,0.0002702553756535053,0.00020669199875555933,0.00020273387781344354,0.995794951915741,0.0004377725417725742,0.0011174536775797606
0.16991166945081204,0.17865448258817196,0.311610521748662,1.0964326858520508,C64-d16-L2-H4-m4-ffnnone,3,16,1.0,True,0.000175812077941373,0.7827454209327698,9.1431303024292,,,,,,,800,1.0,True,True,0,0.14169885218143463,4,0.007435785140842199,0.0001153062330558896,64,4,2,sgd,0.448590986430645,0.3414981556124985,1.010341553017497,0.22608289308845997,2.1931334600822083e-05,-3.5303052072777064e-06,0.5146484375,-7.98275331703735e-05,-0.3957014223560691,-8.335784900737053e-05,cell-003-d1cf56ef5b18,0.00017397123156115413,5,800,0.9735878109931946,0.9985537528991699,0.00010311629739589989,3.4656586649362e-05,8.935364166973159e-05,0.9978748559951782,0.00019303811131976545,0.0004201646370347589
0.1792022529989481,0.2929317969828844,0.1694614626467228,-0.1746411118656397,C64-d16-L2-H4-m4-ffnnone,3,16,0.45703125,True,0.6477241516113281,0.7540609836578369,12.653124809265137,,,,,,,800,0.45703125,True,True,0,-0.009740788489580154,4,0.10804703086614609,0.022785766050219536,64,4,2,sgd,0.44655802100896835,-0.1370841022580862,0.3916456289589405,0.2120700553059578,0.0032141925621544942,-0.00021185196237638593,0.50390625,0.0004468299157451838,-0.25033278740011156,0.00023497788060922176,cell-003-d1cf56ef5b18,0.6490823030471802,6,0,0.054160475730895996,0.029157835990190506,0.25865474343299866,0.0178278349339962,0.0031136274337768555,0.027676191180944443,0.9496124386787415,1.2292087078094482
0.15980917029082775,0.2249426245689392,0.2956298990175128,0.6753830276429653,C64-d16-L2-H4-m4-ffnnone,3,16,0.990234375,True,0.01641613245010376,0.7596663236618042,11.261963844299316,,,,,,,800,0.986328125,True,True,0,0.13582071661949158,4,0.05387851595878601,0.013413961976766586,64,4,2,sgd,0.43378228321671486,0.5646028034389019,0.8267945721745491,0.23444289341568947,0.0016843507364683319,-0.0005183683315408416,0.510009765625,-0.0010902962640102487,-0.8612246490083635,-0.0016086645337054506,cell-003-d1cf56ef5b18,0.018184088170528412,6,200,0.970284104347229,1.0011365413665771,0.00479669775813818,0.007537792436778545,0.006764228455722332,1.0006928443908691,0.004452401772141457,0.02355111949145794
0.15022799838334322,0.22250462882220745,0.32681138068437576,0.984664686024189,C64-d16-L2-H4-m4-ffnnone,3,16,1.0,True,0.001145149813964963,0.7700976729393005,10.933340072631836,,,,,,,800,1.0,True,True,0,0.17658337950706482,4,0.019765140488743782,0.001990795601159334,64,4,2,sgd,0.4168167747557163,0.6961513441056013,0.9265061691403389,0.23789797350764275,0.002297677896422101,-0.0006782269938412355,0.5146484375,-0.0008668506889080163,-0.7119220485910773,-0.0015450777173100505,cell-003-d1cf56ef5b18,0.0012113915290683508,6,400,0.9610251188278198,0.9984898567199707,0.0006617264589294791,0.0013635163195431232,0.0021909521892666817,0.9983738660812378,0.0009658564231358469,0.005182051099836826
0.14796773623675108,0.2133427020162344,0.34275411255657673,1.111981499940157,C64-d16-L2-H4-m4-ffnnone,3,16,1.0,True,0.0007191666518338025,0.7623389363288879,10.672652244567871,,,,,,,800,1.0,True,True,0,0.19478638470172882,4,0.013843225315213203,0.0012450581416487694,64,4,2,sgd,0.41017258539795876,0.7537799570709467,0.9945976212620735,0.23838466592133045,4.610801124727004e-05,-9.500196301814867e-05,0.520263671875,-0.00043767296301666647,-0.6486702151596546,-0.0005326749251253204,cell-003-d1cf56ef5b18,0.00048498300020582974,6,800,0.9605050683021545,0.9897419214248657,0.0006469715153798461,0.0013461196795105934,0.0023407882545143366,0.9893447160720825,0.0009777129162102938,0.005311592482030392
0.20724391750991344,0.17836209572851658,0.19990617036819458,-0.19417035952210426,C64-d16-L2-H4-m4-ffnnone,3,16,0.419921875,False,1.0728861093521118,0.727695107460022,12.656709671020508,,,,,,,800,0.400390625,False,True,0,-0.007337745279073715,4,0.15098440647125244,0.04129798710346222,64,4,2,sgd,0.43898428976535797,0.11257518734782934,0.4732596315443516,0.22137622348964214,0.004153836329351179,-0.0025619256412028335,0.489990234375,-0.00029572720450232737,-0.35182629339396954,-0.0028576524746313225,cell-003-d1cf56ef5b18,1.099082589149475,7,0,-0.194568932056427,-0.22739621996879578,0.5386377573013306,0.20768027007579803,0.015490613877773285,-0.22581163048744202,1.5157109498977661,2.277519702911377
0.15989244310185313,0.2213797140866518,0.29894295521080494,0.6113635748624802,C64-d16-L2-H4-m4-ffnnone,3,16,0.990234375,False,0.018382268026471138,0.7409201264381409,11.247021675109863,,,,,,,800,0.98828125,False,True,0,0.13905049860477448,4,0.04648397117853165,0.010003495961427689,64,4,2,sgd,0.48077888041734695,0.6329026445746422,1.0150805041193962,0.2274063564836979,0.00041415111354581313,-9.3743301476934e-05,0.505615234375,-0.00213765722764947,-1.024043621495366,-0.0022314004836516688,cell-003-d1cf56ef5b18,0.01906660944223404,7,200,0.9849616885185242,0.991500198841095,0.00275261327624321,0.011850809678435326,0.006583577487617731,0.9959050416946411,0.007229422219097614,0.02841642126441002
0.15398588590323925,0.2071600379422307,0.33088231831789017,0.9583624266088009,C64-d16-L2-H4-m4-ffnnone,3,16,0.99609375,False,0.008263285271823406,0.7467567324638367,10.875967025756836,,,,,,,800,0.994140625,False,True,0,0.17689642310142517,4,0.016843954101204872,0.007787663489580154,64,4,2,sgd,0.47334830462932587,0.7044257018715143,1.124749518930912,0.24181544594466686,4.411940130921721e-05,-0.00013701321495318552,0.51904296875,-0.00012925110968353692,-0.7372324988245964,-0.00026626433009369066,cell-003-d1cf56ef5b18,0.012240980751812458,7,400,0.9989086389541626,0.9922713041305542,0.0013040341436862946,0.001997728366404772,0.002955834846943617,0.9943429231643677,0.0012647077674046159,0.007522305008023977
0.15048840176314116,0.19681406766176224,0.3517207531258464,1.1497821509838104,C64-d16-L2-H4-m4-ffnnone,3,16,0.998046875,False,0.0033261836506426334,0.790977954864502,10.476143836975098,,,,,,,800,0.998046875,False,True,0,0.20123237371444702,4,0.015857648104429245,0.009610641747713089,64,4,2,sgd,0.4583393409848213,0.7752858549356461,1.204153273254633,0.24110097624361515,3.982374107636133e-05,-2.037523427134147e-05,0.5283203125,-0.00018066300845021033,-0.6658250764012337,-0.00020103825409023557,cell-003-d1cf56ef5b18,0.003213979071006179,7,800,1.0130181312561035,0.9925629496574402,0.0006379594560712576,0.0009810847695916891,0.00180318474303931,0.9930681586265564,0.0007180379470810294,0.00414026714861393
0.19053138233721256,0.24450072227045894,0.18390513956546783,-0.21052647195756435,C64-d16-L2-H4-m4-ffnnone,3,16,0.494140625,True,0.6126532554626465,0.780415415763855,12.240180015563965,,,,,,,800,0.509765625,True,True,0,-0.006626243237406015,4,0.1696826070547104,0.055124230682849884,64,4,2,sgd,0.4818004444241524,-0.046207099221646786,0.46674327924847603,0.23476066254079342,0.003790412491071038,0.0019658509336295538,0.516357421875,8.529017213732004e-05,-0.3141436786390841,0.0020511409966275096,cell-003-d1cf56ef5b18,0.6161364912986755,8,0,0.046469852328300476,0.01870270073413849,0.2614437937736511,0.01850576512515545,0.008686430752277374,0.015228725038468838,0.9753643274307251,1.2640002965927124
0.14598629623651505,0.30824318900704384,0.25379793904721737,0.47605366818606853,C64-d16-L2-H4-m4-ffnnone,3,16,0.98828125,True,0.02267664298415184,0.828667163848877,10.900228500366211,,,,,,,800,0.990234375,True,True,0,0.10781165212392807,4,0.06467875093221664,0.03485843166708946,64,4,2,sgd,0.4842713437974453,0.37467889208346605,0.8061438612639904,0.2275219578295946,0.0010251704443362541,0.0003092578408541158,0.505859375,-0.0013486103271134198,-0.6437748856842518,-0.001039352428051643,cell-003-d1cf56ef5b18,0.0193344596773386,8,200,0.9292770028114319,0.9473369121551514,0.004298773594200611,0.013291127979755402,0.0071792639791965485,0.9519709944725037,0.012330313213169575,0.037099480628967285
0.14276889874599874,0.2937964089214802,0.27789691276848316,0.8331921859644353,C64-d16-L2-H4-m4-ffnnone,3,16,0.998046875,True,0.0055964188650250435,0.8484793901443481,9.981375694274902,,,,,,,800,0.99609375,True,True,0,0.13512800633907318,4,0.0230050478130579,0.010090691968798637,64,4,2,sgd,0.47497162967920303,0.42012380063533783,0.8882644437253475,0.23581101559102535,0.00013110810050420696,-9.124339339905418e-05,0.515869140625,-0.0005105240943521494,-0.5397009532898664,-0.0006017675532348221,cell-003-d1cf56ef5b18,0.007897921837866306,8,400,0.9564229249954224,0.9769647121429443,0.0029622558504343033,0.007428949698805809,0.003295981092378497,0.9747532606124878,0.007473536767065525,0.021160723641514778
0.14180717058479786,0.2780029345303774,0.2965755760669708,1.0663399475160986,C64-d16-L2-H4-m4-ffnnone,3,16,1.0,True,0.00012017921835649759,0.8453412055969238,9.439997673034668,,,,,,,800,1.0,True,True,0,0.15476840734481812,4,0.006931903772056103,9.794980724109337e-05,64,4,2,sgd,0.4650673493742943,0.4294727463275194,0.9460257571190596,0.23865487053990364,1.4629170976832029e-05,-5.7941673730965704e-05,0.51513671875,-1.1255859135417268e-05,-0.4996290185954422,-6.919755287526641e-05,cell-003-d1cf56ef5b18,0.00013871338160242885,8,800,0.9608274102210999,0.9972941875457764,6.382221909007058e-05,4.400559555506334e-05,7.664522854611278e-05,0.9965145587921143,0.00012789414904545993,0.00031236716313287616
0.18951359018683434,0.2530088424682617,0.17845040746033192,-0.18518081679940224,C64-d16-L2-H4-m4-ffnnone,3,16,0.671875,False,0.46926212310791016,0.8320221900939941,12.80843734741211,,,,,,,800,0.658203125,False,True,0,-0.011063176207244396,4,0.14037281274795532,0.034503526985645294,64,4,2,sgd,0.47178785130381584,0.10579843074083328,0.5001746695488691,0.2257851827889681,0.004432662368344609,-0.0015537451254203916,0.508056640625,-0.0003778899845201522,-0.29071932286024094,-0.001931635069922777,cell-003-d1cf56ef5b18,0.4759775400161743,9,0,0.10792458802461624,0.16067767143249512,0.15144586563110352,0.10182839632034302,0.0029889163561165333,0.16334611177444458,0.7051255106925964,0.9613887071609497
0.15455703530460596,0.2928743399679661,0.24345455691218376,-0.13778657652437687,C64-d16-L2-H4-m4-ffnnone,3,16,0.92578125,False,0.11772574484348297,0.8218623399734497,11.853530883789062,,,,,,,800,0.91015625,False,True,0,0.08889752626419067,4,0.18242207169532776,0.09474676102399826,64,4,2,sgd,0.48832646384835243,0.41040275897830725,0.7217267528176308,0.24368232302367687,0.004453619243577123,0.001239949619048275,0.520751953125,0.005045001482358202,-0.6935082301497459,0.006284951385168824,cell-003-d1cf56ef5b18,0.13040663301944733,9,200,0.6228775978088379,0.7021466493606567,0.017994437366724014,0.09072497487068176,0.03140641748905182,0.7086454033851624,0.11933787912130356,0.25946372747421265
0.1255302526988089,0.327987365424633,0.2954219039529562,0.5815281411632895,C64-d16-L2-H4-m4-ffnnone,3,16,0.986328125,False,0.02008790895342827,0.8135113716125488,10.672679901123047,,,,,,,800,0.98828125,False,True,0,0.16989164054393768,4,0.06024417281150818,0.041508641093969345,64,4,2,sgd,0.44873201474547386,0.48445630818605423,0.8346795178949833,0.2420872524380684,0.001134450070821913,0.0006321398032014258,0.516357421875,0.00099754994516843,-0.7453408129513264,0.0016296896756102797,cell-003-d1cf56ef5b18,0.021839365363121033,9,400,0.8977538347244263,0.9661754369735718,0.006218740716576576,0.008410470560193062,0.009850284084677696,0.9663769006729126,0.007823745720088482,0.03230324015021324
0.1188035006634891,0.3184940256178379,0.32509548403322697,1.1030174475163221,C64-d16-L2-H4-m4-ffnnone,3,16,0.998046875,False,0.0019708697218447924,0.8050445318222046,9.882842063903809,,,,,,,800,0.998046875,False,True,0,0.20629197359085083,4,0.016316767781972885,0.0043694088235497475,64,4,2,sgd,0.43350960314273834,0.5635767839848995,0.9123528487980366,0.24810898303985596,0.00042387327016513154,-0.0004941305378451943,0.525634765625,-0.000649733206955716,-0.7151727415621281,-0.0011438638794061262,cell-003-d1cf56ef5b18,0.0017085331492125988,9,800,0.9187653064727783,0.9924890995025635,0.0012189922854304314,0.0014408562565222383,0.0022395423147827387,0.9915751814842224,0.0013304506428539753,0.006229841616004705
0.19814317300915718,0.22132242284715176,0.18424807861447334,-0.2419630982913077,C64-d16-L2-H4-m4-ffnnone,3,16,0.521484375,True,1.9587095975875854,0.7484121918678284,12.45433235168457,,,,,,,800,0.513671875,True,True,0,-0.013895093463361263,4,0.43480026721954346,0.3441622257232666,64,4,2,sgd,0.46433543786406517,0.23244960559532046,0.5606976002454758,0.2210470363497734,0.035689152660779655,0.01229697122471407,0.492919921875,0.0022888876701472327,-0.3537389594130218,0.014585859142243862,cell-003-d1cf56ef5b18,1.900223731994629,10,0,-0.013604333624243736,-0.03589009493589401,2.48760986328125,0.2170093059539795,0.037794433534145355,-0.03639639914035797,1.1166088581085205,3.859022855758667
0.20286369696259499,0.18492463417351246,0.20648430101573467,-0.13469529067515396,C64-d16-L2-H4-m4-ffnnone,3,16,0.734375,True,0.3464256525039673,0.7312852144241333,12.434989929199219,,,,,,,800,0.734375,True,True,0,0.003620606381446123,4,0.034679654985666275,0.0022244853898882866,64,4,2,sgd,0.9841546341776848,0.6263748668134212,1.7319651693105698,0.21041573770344257,0.00012740736482896864,0.0003487636677164119,0.526123046875,-0.00043671838795944495,-0.4222776432870887,-8.795470330369426e-05,cell-003-d1cf56ef5b18,0.34665417671203613,10,200,0.2367185652256012,0.2665039896965027,0.0037967076059430838,0.19052770733833313,0.0015296265482902527,0.2654968798160553,0.5403484106063843,0.7362024784088135
0.17297407612204552,0.19751721806824207,0.2835605572909117,-0.18099625781178474,C64-d16-L2-H4-m4-ffnnone,3,16,0.927734375,True,0.13884992897510529,0.745392382144928,10.89355754852295,,,,,,,800,0.9375,True,True,0,0.1105864867568016,4,0.18847738206386566,0.09002615511417389,64,4,2,sgd,1.1183926090598106,0.6059257416054606,1.9467684403061867,0.22004182636737823,0.0025452415429754183,-0.0005890164575248491,0.522216796875,0.001221652326421463,-1.0256479615345597,0.0006326358525257092,cell-003-d1cf56ef5b18,0.13471052050590515,10,400,0.7879899144172668,0.8063691258430481,0.024138474836945534,0.1334766447544098,0.013339061290025711,0.8024680614471436,0.09790000319480896,0.26885420083999634
0.16146992100402713,0.14382125530391932,0.37176899844780564,0.27101452834904194,C64-d16-L2-H4-m4-ffnnone,3,16,1.0,True,0.0013267999747768044,0.7695010304450989,9.938874244689941,,,,,,,800,1.0,True,True,0,0.21029908955097198,4,0.01612693816423416,0.001338709145784378,64,4,2,sgd,0.957558698952198,0.6910897847265005,2.137037508189678,0.2321548704057932,7.943593908521507e-05,-0.000154441789163684,0.53955078125,0.0005660702117893379,-1.0491582583636045,0.0004116284235351486,cell-003-d1cf56ef5b18,0.0012911821249872446,10,800,0.9588980674743652,1.0025033950805664,0.000722243043128401,0.0012027323246002197,0.0009786051232367754,1.0025564432144165,0.0009622887591831386,0.003865869017317891
0.20228418707847595,0.19540544785559177,0.19774200953543186,-0.12073283607605845,C64-d16-L2-H4-m4-ffnnone,3,16,0.478515625,True,1.5200552940368652,0.7401160597801208,12.985764503479004,,,,,,,800,0.478515625,True,True,0,-0.004542173817753792,4,0.10919371992349625,0.020688718184828758,64,4,2,sgd,0.4726204127073288,-0.10690088314004242,0.4196184817701578,0.20405080914497375,0.0023381570717901923,-0.0029045341798337176,0.506591796875,-0.0005409553323261207,-0.19035995285958052,-0.003445489412115421,cell-003-d1cf56ef5b18,1.5299233198165894,11,0,-0.038568656891584396,-0.04236159101128578,1.8355051279067993,0.013515903614461422,0.0011148094199597836,-0.04330798238515854,1.0905044078826904,2.9406399726867676
0.15955700259655714,0.2239549532532692,0.29737405851483345,0.674369147978723,C64-d16-L2-H4-m4-ffnnone,3,16,0.986328125,True,0.018857182934880257,0.7785520553588867,10.915102005004883,,,,,,,800,0.990234375,True,True,0,0.13781705498695374,4,0.04021354019641876,0.01472994964569807,64,4,2,sgd,0.5006279274821281,0.21927300211973488,0.8268236704170704,0.23095633275806904,0.00017744512479112018,-4.4552656618179753e-05,0.533447265625,-0.0010862187045859173,-0.7489931010641158,-0.0011307714266877156,cell-003-d1cf56ef5b18,0.01685771718621254,11,200,0.927526593208313,0.9554224014282227,0.005100429989397526,0.01467536948621273,0.005054909735918045,0.9576403498649597,0.014936021529138088,0.03976672887802124
0.15701465168967843,0.21264386735856533,0.31631219014525414,0.9452447714284062,C64-d16-L2-H4-m4-ffnnone,3,16,0.99609375,True,0.005230841692537069,0.756074845790863,10.262475967407227,,,,,,,800,0.99609375,True,True,0,0.15929754078388214,4,0.01293878722935915,0.0009421394788660109,64,4,2,sgd,0.5034814961254597,0.21503764088265598,0.9029995463788509,0.21250235103070736,6.604990460346016e-05,3.4862745451391675e-05,0.523681640625,-0.0005640762663006171,-0.5670979162678123,-0.00052921345741197,cell-003-d1cf56ef5b18,0.004393231123685837,11,400,0.9460576772689819,0.9724807739257812,0.0017194231040775776,0.002110198838636279,0.0019646771252155304,0.9751019477844238,0.002862310968339443,0.008656609803438187
0.1556098791770637,0.20599658228456974,0.32717379927635193,1.1417244300246239,C64-d16-L2-H4-m4-ffnnone,3,16,1.0,True,0.00024878091062419116,0.7491090893745422,9.79459285736084,,,,,,,800,1.0,True,True,0,0.17156392335891724,4,0.008005799725651741,0.00018157559679821134,64,4,2,sgd,0.49900124594569206,0.21195349987829104,0.9439787529408932,0.20638836361467838,2.6217873369205336e-05,-1.5273622466338566e-05,0.510009765625,-0.00019582804850415414,-0.4403064700309187,-0.00021110166380822193,cell-003-d1cf56ef5b18,0.0002764757664408535,11,800,0.9562221765518188,0.9921056032180786,0.00017501413822174072,0.00010375108831794932,0.00015635276213288307,0.992510199546814,0.0002792841987684369,0.0007144021801650524
