schema_version,study_id,study_config_hash,cell_id,cell_index,config_hash,seed,checkpoint_index,step,num_concepts,memory_size,d_model,num_layers,num_heads,ffn_width,optimizer,learning_rate,momentum,steps,batch_size,weight_decay,eval_batch_size,loss,accuracy,value_flip_effect,target_key_effect,embedding_effective_rank,qk_frobenius_norms,ov_frobenius_norms,checkpoint_path,snapshot_path
1,scaling-tuned-adamw-10seeds-v1,7097b902cc3f3a43380d0b66433b0a90ecf3915af0cdb913b8b407b76daf38af,cell-000-b7a02ed77d52,0,b7a02ed77d52976b9ede76f9950793ae21516739e563a47e8d6ff588b564fac0,0,0,0,8,4,8,2,1,,adamw,0.003,0.0,800,512,0.0,8192,2.222292900085449,0.5289306640625,0.027708813548088074,-0.0009863479062914848,4.071608066558838,"[2.8890669345855713,2.565685272216797]","[2.985896587371826,3.3050882816314697]",seeds/cell-000-b7a02ed77d52/seed-0/checkpoint.pt,seeds/cell-000-b7a02ed77d52/seed-0/snapshots/step-000000.pt
1,scaling-tuned-adamw-10seeds-v1,7097b902cc3f3a43380d0b66433b0a90ecf3915af0cdb913b8b407b76daf38af,cell-000-b7a02ed77d52,0,b7a02ed77d52976b9ede76f9950793ae21516739e563a47e8d6ff588b564fac0,0,1,25,8,4,8,2,1,,adamw,0.003,0.0,800,512,0.0,8192,0.8391138911247253,0.687255859375,0.1755600869655609,0.14325720071792603,3.9481005668640137,"[2.880014181137085,2.3601160049438477]","[3.257746696472168,3.480966091156006]",seeds/cell-000-b7a02ed77d52/seed-0/checkpoint.pt,seeds/cell-000-b7a02ed77d52/seed-0/snapshots/step-000025.pt
1,scaling-tuned-adamw-10seeds-v1,7097b902cc3f3a43380d0b66433b0a90ecf3915af0cdb913b8b407b76daf38af,cell-000-b7a02ed77d52,0,b7a02ed77d52976b9ede76f9950793ae21516739e563a47e8d6ff588b564fac0,0,2,50,8,4,8,2,1,,adamw,0.003,0.0,800,512,0.0,8192,0.7382838129997253,0.7384033203125,0.2299654483795166,0.1961926370859146,3.735339879989624,"[2.8165035247802734,2.4920055866241455]","[3.2838950157165527,3.6045806407928467]",seeds/cell-000-b7a02ed77d52/seed-0/checkpoint.pt,seeds/cell-000-b7a02ed77d52/seed-0/snapshots/step-000050.pt
1,scaling-tuned-adamw-10seeds-v1,7097b902cc3f3a43380d0b66433b0a90ecf3915af0cdb913b8b407b76daf38af,cell-000-b7a02ed77d52,0,b7a02ed77d52976b9ede76f9950793ae21516739e563a47e8d6ff588b564fac0,0,3,100,8,4,8,2,1,,adamw,0.003,0.0,800,512,0.0,8192,0.5472081303596497,0.7994384765625,0.4431648254394531,0.4074042737483978,3.2100141048431396,"[3.1457059383392334,3.2338085174560547]","[3.2452642917633057,3.8866448402404785]",seeds/cell-000-b7a02ed77d52/seed-0/checkpoint.pt,seeds/cell-000-b7a02ed77d52/seed-0/snapshots/step-000100.pt
1,scaling-tuned-adamw-10seeds-v1,7097b902cc3f3a43380d0b66433b0a90ecf3915af0cdb913b8b407b76daf38af,cell-000-b7a02ed77d52,0,b7a02ed77d52976b9ede76f9950793ae21516739e563a47e8d6ff588b564fac0,0,4,200,8,4,8,2,1,,adamw,0.003,0.0,800,512,0.0,8192,0.10603442788124084,0.982666015625,0.9054074287414551,0.8882321119308472,3.0352413654327393,"[5.095341205596924,4.556562423706055]","[3.308765411376953,3.934718132019043]",seeds/cell-000-b7a02ed77d52/seed-0/checkpoint.pt,seeds/cell-000-b7a02ed77d52/seed-0/snapshots/step-000200.pt
1,scaling-tuned-adamw-10seeds-v1,7097b902cc3f3a43380d0b66433b0a90ecf3915af0cdb913b8b407b76daf38af,cell-000-b7a02ed77d52,0,b7a02ed77d52976b9ede76f9950793ae21516739e563a47e8d6ff588b564fac0,0,5,400,8,4,8,2,1,,adamw,0.003,0.0,800,512,0.0,8192,0.0030127963982522488,1.0,1.0000107288360596,0.9838262796401978,3.0888850688934326,"[6.233242988586426,4.672042369842529]","[3.5324597358703613,3.8689048290252686]",seeds/cell-000-b7a02ed77d52/seed-0/checkpoint.pt,seeds/cell-000-b7a02ed77d52/seed-0/snapshots/step-000400.pt
1,scaling-tuned-adamw-10seeds-v1,7097b902cc3f3a43380d0b66433b0a90ecf3915af0cdb913b8b407b76daf38af,cell-000-b7a02ed77d52,0,b7a02ed77d52976b9ede76f9950793ae21516739e563a47e8d6ff588b564fac0,0,6,800,8,4,8,2,1,,adamw,0.003,0.0,800,512,0.0,8192,0.0005500232800841331,1.0,1.001523733139038,0.9845086336135864,3.144893169403076,"[6.491318225860596,4.874627590179443]","[3.5747127532958984,3.895988702774048]",seeds/cell-000-b7a02ed77d52/seed-0/checkpoint.pt,seeds/cell-000-b7a02ed77d52/seed-0/snapshots/step-000800.pt
1,scaling-tuned-adamw-10seeds-v1,7097b902cc3f3a43380d0b66433b0a90ecf3915af0cdb913b8b407b76daf38af,cell-000-b7a02ed77d52,0,b7a02ed77d52976b9ede76f9950793ae21516739e563a47e8d6ff588b564fac0,1,0,0,8,4,8,2,1,,adamw,0.003,0.0,800,512,0.0,8192,1.5467240810394287,0.497314453125,-0.014775583520531654,-0.0027337847277522087,4.528775691986084,"[2.3432724475860596,3.903787136077881]","[3.168966770172119,2.9483234882354736]",seeds/cell-000-b7a02ed77d52/seed-1/checkpoint.pt,seeds/cell-000-b7a02ed77d52/seed-1/snapshots/step-000000.pt
1,scaling-tuned-adamw-10seeds-v1,7097b902cc3f3a43380d0b66433b0a90ecf3915af0cdb913b8b407b76daf38af,cell-000-b7a02ed77d52,0,b7a02ed77d52976b9ede76f9950793ae21516739e563a47e8d6ff588b564fac0,1,1,25,8,4,8,2,1,,adamw,0.003,0.0,800,512,0.0,8192,0.8242173790931702,0.669677734375,0.15473683178424835,0.1325795203447342,4.417712211608887,"[2.0846076011657715,4.0726542472839355]","[3.0158112049102783,3.1774160861968994]",seeds/cell-000-b7a02ed77d52/seed-1/checkpoint.pt,seeds/cell-000-b7a02ed77d52/seed-1/snapshots/step-000025.pt
1,scaling-tuned-adamw-10seeds-v1,7097b902cc3f3a43380d0b66433b0a90ecf3915af0cdb913b8b407b76daf38af,cell-000-b7a02ed77d52,0,b7a02ed77d52976b9ede76f9950793ae21516739e563a47e8d6ff588b564fac0,1,2,50,8,4,8,2,1,,adamw,0.003,0.0,800,512,0.0,8192,0.6878206729888916,0.7354736328125,0.3104669749736786,0.2714904546737671,4.340662956237793,"[2.1545162200927734,4.342367649078369]","[3.113443613052368,3.282564163208008]",seeds/cell-000-b7a02ed77d52/seed-1/checkpoint.pt,seeds/cell-000-b7a02ed77d52/seed-1/snapshots/step-000050.pt
1,scaling-tuned-adamw-10seeds-v1,7097b902cc3f3a43380d0b66433b0a90ecf3915af0cdb913b8b407b76daf38af,cell-000-b7a02ed77d52,0,b7a02ed77d52976b9ede76f9950793ae21516739e563a47e8d6ff588b564fac0,1,3,100,8,4,8,2,1,,adamw,0.003,0.0,800,512,0.0,8192,0.2642286419868469,0.932373046875,0.7515944242477417,0.7357006072998047,4.2616400718688965,"[3.1433212757110596,5.329809188842773]","[3.437325954437256,3.2041175365448]",seeds/cell-000-b7a02ed77d52/seed-1/checkpoint.pt,seeds/cell-000-b7a02ed77d52/seed-1/snapshots/step-000100.pt
1,scaling-tuned-adamw-10seeds-v1,7097b902cc3f3a43380d0b66433b0a90ecf3915af0cdb913b8b407b76daf38af,cell-000-b7a02ed77d52,0,b7a02ed77d52976b9ede76f9950793ae21516739e563a47e8d6ff588b564fac0,1,4,200,8,4,8,2,1,,adamw,0.003,0.0,800,512,0.0,8192,0.015928376466035843,1.0,0.9905396699905396,0.9807558059692383,4.007561683654785,"[4.229552268981934,6.481438636779785]","[3.5091516971588135,3.438394546508789]",seeds/cell-000-b7a02ed77d52/seed-1/checkpoint.pt,seeds/cell-000-b7a02ed77d52/seed-1/snapshots/step-000200.pt
1,scaling-tuned-adamw-10seeds-v1,7097b902cc3f3a43380d0b66433b0a90ecf3915af0cdb913b8b407b76daf38af,cell-000-b7a02ed77d52,0,b7a02ed77d52976b9ede76f9950793ae21516739e563a47e8d6ff588b564fac0,1,5,400,8,4,8,2,1,,adamw,0.003,0.0,800,512,0.0,8192,0.002012814162299037,1.0,1.000667929649353,0.9911355376243591,3.892219305038452,"[4.588970184326172,6.839940071105957]","[3.5861353874206543,3.758151054382324]",seeds/cell-000-b7a02ed77d52/seed-1/checkpoint.pt,seeds/cell-000-b7a02ed77d52/seed-1/snapshots/step-000400.pt
1,scaling-tuned-adamw-10seeds-v1,7097b902cc3f3a43380d0b66433b0a90ecf3915af0cdb913b8b407b76daf38af,cell-000-b7a02ed77d52,0,b7a02ed77d52976b9ede76f9950793ae21516739e563a47e8d6ff588b564fac0,1,6,800,8,4,8,2,1,,adamw,0.003,0.0,800,512,0.0,8192,0.0003776240046136081,1.0,1.0007715225219727,0.9904741048812866,3.8341257572174072,"[4.795302391052246,6.965465545654297]","[3.6318857669830322,4.059152126312256]",seeds/cell-000-b7a02ed77d52/seed-1/checkpoint.pt,seeds/cell-000-b7a02ed77d52/seed-1/snapshots/step-000800.pt
1,scaling-tuned-adamw-10seeds-v1,7097b902cc3f3a43380d0b66433b0a90ecf3915af0cdb913b8b407b76daf38af,cell-000-b7a02ed77d52,0,b7a02ed77d52976b9ede76f9950793ae21516739e563a47e8d6ff588b564fac0,2,0,0,8,4,8,2,1,,adamw,0.003,0.0,800,512,0.0,8192,2.491565465927124,0.3743896484375,-0.29777950048446655,-0.2612355947494507,4.372025966644287,"[2.57132625579834,2.621365547180176]","[2.2826921939849854,3.5723390579223633]",seeds/cell-000-b7a02ed77d52/seed-2/checkpoint.pt,seeds/cell-000-b7a02ed77d52/seed-2/snapshots/step-000000.pt
1,scaling-tuned-adamw-10seeds-v1,7097b902cc3f3a43380d0b66433b0a90ecf3915af0cdb913b8b407b76daf38af,cell-000-b7a02ed77d52,0,b7a02ed77d52976b9ede76f9950793ae21516739e563a47e8d6ff588b564fac0,2,1,25,8,4,8,2,1,,adamw,0.003,0.0,800,512,0.0,8192,0.9280171990394592,0.618408203125,0.0565624013543129,0.04470304027199745,4.052961826324463,"[2.6158900260925293,2.821107864379883]","[2.342024087905884,3.851349353790283]",seeds/cell-000-b7a02ed77d52/seed-2/checkpoint.pt,seeds/cell-000-b7a02ed77d52/seed-2/snapshots/step-000025.pt
1,scaling-tuned-adamw-10seeds-v1,7097b902cc3f3a43380d0b66433b0a90ecf3915af0cdb913b8b407b76daf38af,cell-000-b7a02ed77d52,0,b7a02ed77d52976b9ede76f9950793ae21516739e563a47e8d6ff588b564fac0,2,2,50,8,4,8,2,1,,adamw,0.003,0.0,800,512,0.0,8192,0.813629150390625,0.6754150390625,0.17082715034484863,0.14212900400161743,3.8633995056152344,"[2.6452724933624268,2.8137080669403076]","[2.418099880218506,3.9648995399475098]",seeds/cell-000-b7a02ed77d52/seed-2/checkpoint.pt,seeds/cell-000-b7a02ed77d52/seed-2/snapshots/step-000050.pt
1,scaling-tuned-adamw-10seeds-v1,7097b902cc3f3a43380d0b66433b0a90ecf3915af0cdb913b8b407b76daf38af,cell-000-b7a02ed77d52,0,b7a02ed77d52976b9ede76f9950793ae21516739e563a47e8d6ff588b564fac0,2,3,100,8,4,8,2,1,,adamw,0.003,0.0,800,512,0.0,8192,0.7151675224304199,0.7203369140625,0.2787525951862335,0.2324901968240738,3.5218253135681152,"[2.461409568786621,2.910646438598633]","[2.522726058959961,3.972484827041626]",seeds/cell-000-b7a02ed77d52/seed-2/checkpoint.pt,seeds/cell-000-b7a02ed77d52/seed-2/snapshots/step-000100.pt
1,scaling-tuned-adamw-10seeds-v1,7097b902cc3f3a43380d0b66433b0a90ecf3915af0cdb913b8b407b76daf38af,cell-000-b7a02ed77d52,0,b7a02ed77d52976b9ede76f9950793ae21516739e563a47e8d6ff588b564fac0,2,4,200,8,4,8,2,1,,adamw,0.003,0.0,800,512,0.0,8192,0.3568572402000427,0.8692626953125,0.6404748558998108,0.6132448315620422,2.669180393218994,"[3.333340883255005,4.0991363525390625]","[2.539156198501587,4.008810520172119]",seeds/cell-000-b7a02ed77d52/seed-2/checkpoint.pt,seeds/cell-000-b7a02ed77d52/seed-2/snapshots/step-000200.pt
1,scaling-tuned-adamw-10seeds-v1,7097b902cc3f3a43380d0b66433b0a90ecf3915af0cdb913b8b407b76daf38af,cell-000-b7a02ed77d52,0,b7a02ed77d52976b9ede76f9950793ae21516739e563a47e8d6ff588b564fac0,2,5,400,8,4,8,2,1,,adamw,0.003,0.0,800,512,0.0,8192,0.003505825065076351,1.0,0.9991611242294312,0.9788199067115784,3.306506872177124,"[5.385197162628174,6.653479099273682]","[2.09328556060791,4.8874101638793945]",seeds/cell-000-b7a02ed77d52/seed-2/checkpoint.pt,seeds/cell-000-b7a02ed77d52/seed-2/snapshots/step-000400.pt
1,scaling-tuned-adamw-10seeds-v1,7097b902cc3f3a43380d0b66433b0a90ecf3915af0cdb913b8b407b76daf38af,cell-000-b7a02ed77d52,0,b7a02ed77d52976b9ede76f9950793ae21516739e563a47e8d6ff588b564fac0,2,6,800,8,4,8,2,1,,adamw,0.003,0.0,800,512,0.0,8192,0.00044542894465848804,1.0,1.0011457204818726,0.9871066212654114,3.3267390727996826,"[5.735599040985107,7.030030727386475]","[2.015383243560791,5.227770805358887]",seeds/cell-000-b7a02ed77d52/seed-2/checkpoint.pt,seeds/cell-000-b7a02ed77d52/seed-2/snapshots/step-000800.pt
1,scaling-tuned-adamw-10seeds-v1,7097b902cc3f3a43380d0b66433b0a90ecf3915af0cdb913b8b407b76daf38af,cell-000-b7a02ed77d52,0,b7a02ed77d52976b9ede76f9950793ae21516739e563a47e8d6ff588b564fac0,3,0,0,8,4,8,2,1,,adamw,0.003,0.0,800,512,0.0,8192,1.3290706872940063,0.5567626953125,0.07839149236679077,-0.020106028765439987,3.9092769622802734,"[2.8057732582092285,2.85607647895813]","[2.6580708026885986,2.5246074199676514]",seeds/cell-000-b7a02ed77d52/seed-3/checkpoint.pt,seeds/cell-000-b7a02ed77d52/seed-3/snapshots/step-000000.pt
1,scaling-tuned-adamw-10seeds-v1,7097b902cc3f3a43380d0b66433b0a90ecf3915af0cdb913b8b407b76daf38af,cell-000-b7a02ed77d52,0,b7a02ed77d52976b9ede76f9950793ae21516739e563a47e8d6ff588b564fac0,3,1,25,8,4,8,2,1,,adamw,0.003,0.0,800,512,0.0,8192,0.8058807849884033,0.6837158203125,0.18037822842597961,0.11124615371227264,3.8169190883636475,"[2.7936995029449463,2.9016847610473633]","[2.734744071960449,2.6219630241394043]",seeds/cell-000-b7a02ed77d52/seed-3/checkpoint.pt,seeds/cell-000-b7a02ed77d52/seed-3/snapshots/step-000025.pt
1,scaling-tuned-adamw-10seeds-v1,7097b902cc3f3a43380d0b66433b0a90ecf3915af0cdb913b8b407b76daf38af,cell-000-b7a02ed77d52,0,b7a02ed77d52976b9ede76f9950793ae21516739e563a47e8d6ff588b564fac0,3,2,50,8,4,8,2,1,,adamw,0.003,0.0,800,512,0.0,8192,0.6833165287971497,0.7381591796875,0.2960394024848938,0.21765437722206116,3.6759724617004395,"[2.907878875732422,3.0643179416656494]","[2.765123128890991,2.7128236293792725]",seeds/cell-000-b7a02ed77d52/seed-3/checkpoint.pt,seeds/cell-000-b7a02ed77d52/seed-3/snapshots/step-000050.pt
1,scaling-tuned-adamw-10seeds-v1,7097b902cc3f3a43380d0b66433b0a90ecf3915af0cdb913b8b407b76daf38af,cell-000-b7a02ed77d52,0,b7a02ed77d52976b9ede76f9950793ae21516739e563a47e8d6ff588b564fac0,3,3,100,8,4,8,2,1,,adamw,0.003,0.0,800,512,0.0,8192,0.47591137886047363,0.82373046875,0.5153152942657471,0.4668825566768646,3.5980703830718994,"[3.0820231437683105,3.814955472946167]","[2.666080951690674,2.753154993057251]",seeds/cell-000-b7a02ed77d52/seed-3/checkpoint.pt,seeds/cell-000-b7a02ed77d52/seed-3/snapshots/step-000100.pt
1,scaling-tuned-adamw-10seeds-v1,7097b902cc3f3a43380d0b66433b0a90ecf3915af0cdb913b8b407b76daf38af,cell-000-b7a02ed77d52,0,b7a02ed77d52976b9ede76f9950793ae21516739e563a47e8d6ff588b564fac0,3,4,200,8,4,8,2,1,,adamw,0.003,0.0,800,512,0.0,8192,0.025067158043384552,0.9986572265625,0.9884606599807739,0.9721927642822266,3.9068260192871094,"[3.725541353225708,5.481502056121826]","[2.2123513221740723,3.275083065032959]",seeds/cell-000-b7a02ed77d52/seed-3/checkpoint.pt,seeds/cell-000-b7a02ed77d52/seed-3/snapshots/step-000200.pt
1,scaling-tuned-adamw-10seeds-v1,7097b902cc3f3a43380d0b66433b0a90ecf3915af0cdb913b8b407b76daf38af,cell-000-b7a02ed77d52,0,b7a02ed77d52976b9ede76f9950793ae21516739e563a47e8d6ff588b564fac0,3,5,400,8,4,8,2,1,,adamw,0.003,0.0,800,512,0.0,8192,0.001430276082828641,1.0,1.000730276107788,0.9891688823699951,4.004876613616943,"[3.814439535140991,5.951118469238281]","[1.9353833198547363,3.981320858001709]",seeds/cell-000-b7a02ed77d52/seed-3/checkpoint.pt,seeds/cell-000-b7a02ed77d52/seed-3/snapshots/step-000400.pt
1,scaling-tuned-adamw-10seeds-v1,7097b902cc3f3a43380d0b66433b0a90ecf3915af0cdb913b8b407b76daf38af,cell-000-b7a02ed77d52,0,b7a02ed77d52976b9ede76f9950793ae21516739e563a47e8d6ff588b564fac0,3,6,800,8,4,8,2,1,,adamw,0.003,0.0,800,512,0.0,8192,0.00037166435504332185,1.0,0.9997775554656982,0.9901658296585083,4.0302629470825195,"[3.8985884189605713,6.147134304046631]","[1.8389852046966553,4.368649959564209]",seeds/cell-000-b7a02ed77d52/seed-3/checkpoint.pt,seeds/cell-000-b7a02ed77d52/seed-3/snapshots/step-000800.pt
1,scaling-tuned-adamw-10seeds-v1,7097b902cc3f3a43380d0b66433b0a90ecf3915af0cdb913b8b407b76daf38af,cell-000-b7a02ed77d52,0,b7a02ed77d52976b9ede76f9950793ae21516739e563a47e8d6ff588b564fac0,4,0,0,8,4,8,2,1,,adamw,0.003,0.0,800,512,0.0,8192,2.534656047821045,0.512451171875,0.08512167632579803,0.09140211343765259,3.8359203338623047,"[3.582655906677246,1.958997368812561]","[3.3743457794189453,2.573795795440674]",seeds/cell-000-b7a02ed77d52/seed-4/checkpoint.pt,seeds/cell-000-b7a02ed77d52/seed-4/snapshots/step-000000.pt
1,scaling-tuned-adamw-10seeds-v1,7097b902cc3f3a43380d0b66433b0a90ecf3915af0cdb913b8b407b76daf38af,cell-000-b7a02ed77d52,0,b7a02ed77d52976b9ede76f9950793ae21516739e563a47e8d6ff588b564fac0,4,1,25,8,4,8,2,1,,adamw,0.003,0.0,800,512,0.0,8192,0.9335267543792725,0.59423828125,0.0797649621963501,0.08299623429775238,3.738349437713623,"[3.4361412525177,2.230677843093872]","[3.4444289207458496,2.755171060562134]",seeds/cell-000-b7a02ed77d52/seed-4/checkpoint.pt,seeds/cell-000-b7a02ed77d52/seed-4/snapshots/step-000025.pt
1,scaling-tuned-adamw-10seeds-v1,7097b902cc3f3a43380d0b66433b0a90ecf3915af0cdb913b8b407b76daf38af,cell-000-b7a02ed77d52,0,b7a02ed77d52976b9ede76f9950793ae21516739e563a47e8d6ff588b564fac0,4,2,50,8,4,8,2,1,,adamw,0.003,0.0,800,512,0.0,8192,0.7945911288261414,0.7041015625,0.16923516988754272,0.16857898235321045,3.5287492275238037,"[3.3338537216186523,2.482699394226074]","[3.552194595336914,2.808324098587036]",seeds/cell-000-b7a02ed77d52/seed-4/checkpoint.pt,seeds/cell-000-b7a02ed77d52/seed-4/snapshots/step-000050.pt
1,scaling-tuned-adamw-10seeds-v1,7097b902cc3f3a43380d0b66433b0a90ecf3915af0cdb913b8b407b76daf38af,cell-000-b7a02ed77d52,0,b7a02ed77d52976b9ede76f9950793ae21516739e563a47e8d6ff588b564fac0,4,3,100,8,4,8,2,1,,adamw,0.003,0.0,800,512,0.0,8192,0.4181763529777527,0.859375,0.5652296543121338,0.555529773235321,3.1419320106506348,"[3.578249931335449,2.955061435699463]","[3.8355941772460938,2.8204410076141357]",seeds/cell-000-b7a02ed77d52/seed-4/checkpoint.pt,seeds/cell-000-b7a02ed77d52/seed-4/snapshots/step-000100.pt
1,scaling-tuned-adamw-10seeds-v1,7097b902cc3f3a43380d0b66433b0a90ecf3915af0cdb913b8b407b76daf38af,cell-000-b7a02ed77d52,0,b7a02ed77d52976b9ede76f9950793ae21516739e563a47e8d6ff588b564fac0,4,4,200,8,4,8,2,1,,adamw,0.003,0.0,800,512,0.0,8192,0.02330457791686058,0.9991455078125,0.989311158657074,0.9772700071334839,3.03218150138855,"[5.041822910308838,3.6460609436035156]","[3.670804023742676,3.1968274116516113]",seeds/cell-000-b7a02ed77d52/seed-4/checkpoint.pt,seeds/cell-000-b7a02ed77d52/seed-4/snapshots/step-000200.pt
1,scaling-tuned-adamw-10seeds-v1,7097b902cc3f3a43380d0b66433b0a90ecf3915af0cdb913b8b407b76daf38af,cell-000-b7a02ed77d52,0,b7a02ed77d52976b9ede76f9950793ae21516739e563a47e8d6ff588b564fac0,4,5,400,8,4,8,2,1,,adamw,0.003,0.0,800,512,0.0,8192,0.0028411298990249634,1.0,1.0000977516174316,0.9912683963775635,2.925123453140259,"[5.635218143463135,3.6322855949401855]","[3.7557590007781982,3.239443063735962]",seeds/cell-000-b7a02ed77d52/seed-4/checkpoint.pt,seeds/cell-000-b7a02ed77d52/seed-4/snapshots/step-000400.pt
1,scaling-tuned-adamw-10seeds-v1,7097b902cc3f3a43380d0b66433b0a90ecf3915af0cdb913b8b407b76daf38af,cell-000-b7a02ed77d52,0,b7a02ed77d52976b9ede76f9950793ae21516739e563a47e8d6ff588b564fac0,4,6,800,8,4,8,2,1,,adamw,0.003,0.0,800,512,0.0,8192,0.0005755929742008448,1.0,0.9981364011764526,0.9914131760597229,2.8542280197143555,"[5.945451259613037,3.563837766647339]","[3.8550562858581543,3.1946752071380615]",seeds/cell-000-b7a02ed77d52/seed-4/checkpoint.pt,seeds/cell-000-b7a02ed77d52/seed-4/snapshots/step-000800.pt
1,scaling-tuned-adamw-10seeds-v1,7097b902cc3f3a43380d0b66433b0a90ecf3915af0cdb913b8b407b76daf38af,cell-000-b7a02ed77d52,0,b7a02ed77d52976b9ede76f9950793ae21516739e563a47e8d6ff588b564fac0,5,0,0,8,4,8,2,1,,adamw,0.003,0.0,800,512,0.0,8192,1.7591546773910522,0.47021484375,-0.08334007859230042,-0.06810536235570908,4.425213813781738,"[2.785000801086426,2.1342110633850098]","[1.9644378423690796,2.47643780708313]",seeds/cell-000-b7a02ed77d52/seed-5/checkpoint.pt,seeds/cell-000-b7a02ed77d52/seed-5/snapshots/step-000000.pt
1,scaling-tuned-adamw-10seeds-v1,7097b902cc3f3a43380d0b66433b0a90ecf3915af0cdb913b8b407b76daf38af,cell-000-b7a02ed77d52,0,b7a02ed77d52976b9ede76f9950793ae21516739e563a47e8d6ff588b564fac0,5,1,25,8,4,8,2,1,,adamw,0.003,0.0,800,512,0.0,8192,0.8695480823516846,0.671142578125,0.08758601546287537,0.08558834344148636,4.159277439117432,"[2.8473713397979736,2.318180561065674]","[2.045316696166992,2.5238845348358154]",seeds/cell-000-b7a02ed77d52/seed-5/checkpoint.pt,seeds/cell-000-b7a02ed77d52/seed-5/snapshots/step-000025.pt
1,scaling-tuned-adamw-10seeds-v1,7097b902cc3f3a43380d0b66433b0a90ecf3915af0cdb913b8b407b76daf38af,cell-000-b7a02ed77d52,0,b7a02ed77d52976b9ede76f9950793ae21516739e563a47e8d6ff588b564fac0,5,2,50,8,4,8,2,1,,adamw,0.003,0.0,800,512,0.0,8192,0.7037678360939026,0.7249755859375,0.29537850618362427,0.2776583731174469,3.969748020172119,"[2.928375244140625,2.251817226409912]","[2.1745309829711914,2.6003260612487793]",seeds/cell-000-b7a02ed77d52/seed-5/checkpoint.pt,seeds/cell-000-b7a02ed77d52/seed-5/snapshots/step-000050.pt
1,scaling-tuned-adamw-10seeds-v1,7097b902cc3f3a43380d0b66433b0a90ecf3915af0cdb913b8b407b76daf38af,cell-000-b7a02ed77d52,0,b7a02ed77d52976b9ede76f9950793ae21516739e563a47e8d6ff588b564fac0,5,3,100,8,4,8,2,1,,adamw,0.003,0.0,800,512,0.0,8192,0.4994329810142517,0.8214111328125,0.4752475619316101,0.45296651124954224,3.20560359954834,"[3.4309492111206055,2.786139726638794]","[2.1997647285461426,2.7139601707458496]",seeds/cell-000-b7a02ed77d52/seed-5/checkpoint.pt,seeds/cell-000-b7a02ed77d52/seed-5/snapshots/step-000100.pt
1,scaling-tuned-adamw-10seeds-v1,7097b902cc3f3a43380d0b66433b0a90ecf3915af0cdb913b8b407b76daf38af,cell-000-b7a02ed77d52,0,b7a02ed77d52976b9ede76f9950793ae21516739e563a47e8d6ff588b564fac0,5,4,200,8,4,8,2,1,,adamw,0.003,0.0,800,512,0.0,8192,0.008259034715592861,1.0,0.9965943694114685,0.9822535514831543,3.3885226249694824,"[4.3344011306762695,4.8851141929626465]","[1.9390549659729004,3.195457935333252]",seeds/cell-000-b7a02ed77d52/seed-5/checkpoint.pt,seeds/cell-000-b7a02ed77d52/seed-5/snapshots/step-000200.pt
1,scaling-tuned-adamw-10seeds-v1,7097b902cc3f3a43380d0b66433b0a90ecf3915af0cdb913b8b407b76daf38af,cell-000-b7a02ed77d52,0,b7a02ed77d52976b9ede76f9950793ae21516739e563a47e8d6ff588b564fac0,5,5,400,8,4,8,2,1,,adamw,0.003,0.0,800,512,0.0,8192,0.0011178191052749753,1.0,0.9991826415061951,0.986892580986023,3.375183582305908,"[4.454128742218018,5.277771472930908]","[1.8714243173599243,3.514059066772461]",seeds/cell-000-b7a02ed77d52/seed-5/checkpoint.pt,seeds/cell-000-b7a02ed77d52/seed-5/snapshots/step-000400.pt
1,scaling-tuned-adamw-10seeds-v1,7097b902cc3f3a43380d0b66433b0a90ecf3915af0cdb913b8b407b76daf38af,cell-000-b7a02ed77d52,0,b7a02ed77d52976b9ede76f9950793ae21516739e563a47e8d6ff588b564fac0,5,6,800,8,4,8,2,1,,adamw,0.003,0.0,800,512,0.0,8192,0.0003031203232239932,1.0,0.9996264576911926,0.987568736076355,3.352116107940674,"[4.544429302215576,5.520491123199463]","[1.8270106315612793,3.7468528747558594]",seeds/cell-000-b7a02ed77d52/seed-5/checkpoint.pt,seeds/cell-000-b7a02ed77d52/seed-5/snapshots/step-000800.pt
1,scaling-tuned-adamw-10seeds-v1,7097b902cc3f3a43380d0b66433b0a90ecf3915af0cdb913b8b407b76daf38af,cell-000-b7a02ed77d52,0,b7a02ed77d52976b9ede76f9950793ae21516739e563a47e8d6ff588b564fac0,6,0,0,8,4,8,2,1,,adamw,0.003,0.0,800,512,0.0,8192,3.3546981811523438,0.508544921875,-0.01176703441888094,-0.018756285309791565,4.054658889770508,"[3.085672616958618,3.67970871925354]","[2.2765185832977295,2.8879880905151367]",seeds/cell-000-b7a02ed77d52/seed-6/checkpoint.pt,seeds/cell-000-b7a02ed77d52/seed-6/snapshots/step-000000.pt
1,scaling-tuned-adamw-10seeds-v1,7097b902cc3f3a43380d0b66433b0a90ecf3915af0cdb913b8b407b76daf38af,cell-000-b7a02ed77d52,0,b7a02ed77d52976b9ede76f9950793ae21516739e563a47e8d6ff588b564fac0,6,1,25,8,4,8,2,1,,adamw,0.003,0.0,800,512,0.0,8192,0.9260308742523193,0.6331787109375,0.153174489736557,0.11836455017328262,4.229939937591553,"[3.068575382232666,3.6831047534942627]","[2.1823456287384033,3.042085647583008]",seeds/cell-000-b7a02ed77d52/seed-6/checkpoint.pt,seeds/cell-000-b7a02ed77d52/seed-6/snapshots/step-000025.pt
1,scaling-tuned-adamw-10seeds-v1,7097b902cc3f3a43380d0b66433b0a90ecf3915af0cdb913b8b407b76daf38af,cell-000-b7a02ed77d52,0,b7a02ed77d52976b9ede76f9950793ae21516739e563a47e8d6ff588b564fac0,6,2,50,8,4,8,2,1,,adamw,0.003,0.0,800,512,0.0,8192,0.8135322332382202,0.679443359375,0.18841920793056488,0.14242377877235413,4.248519420623779,"[3.0900967121124268,3.5921618938446045]","[2.163689613342285,3.1333563327789307]",seeds/cell-000-b7a02ed77d52/seed-6/checkpoint.pt,seeds/cell-000-b7a02ed77d52/seed-6/snapshots/step-000050.pt
1,scaling-tuned-adamw-10seeds-v1,7097b902cc3f3a43380d0b66433b0a90ecf3915af0cdb913b8b407b76daf38af,cell-000-b7a02ed77d52,0,b7a02ed77d52976b9ede76f9950793ae21516739e563a47e8d6ff588b564fac0,6,3,100,8,4,8,2,1,,adamw,0.003,0.0,800,512,0.0,8192,0.6770063638687134,0.738037109375,0.2976171672344208,0.25022614002227783,4.075849533081055,"[3.0732522010803223,3.6025099754333496]","[2.1567959785461426,3.2027647495269775]",seeds/cell-000-b7a02ed77d52/seed-6/checkpoint.pt,seeds/cell-000-b7a02ed77d52/seed-6/snapshots/step-000100.pt
1,scaling-tuned-adamw-10seeds-v1,7097b902cc3f3a43380d0b66433b0a90ecf3915af0cdb913b8b407b76daf38af,cell-000-b7a02ed77d52,0,b7a02ed77d52976b9ede76f9950793ae21516739e563a47e8d6ff588b564fac0,6,4,200,8,4,8,2,1,,adamw,0.003,0.0,800,512,0.0,8192,0.2781752943992615,0.9134521484375,0.7009742259979248,0.6801485419273376,3.8083927631378174,"[3.191387176513672,4.7638115882873535]","[1.9181897640228271,3.32572078704834]",seeds/cell-000-b7a02ed77d52/seed-6/checkpoint.pt,seeds/cell-000-b7a02ed77d52/seed-6/snapshots/step-000200.pt
1,scaling-tuned-adamw-10seeds-v1,7097b902cc3f3a43380d0b66433b0a90ecf3915af0cdb913b8b407b76daf38af,cell-000-b7a02ed77d52,0,b7a02ed77d52976b9ede76f9950793ae21516739e563a47e8d6ff588b564fac0,6,5,400,8,4,8,2,1,,adamw,0.003,0.0,800,512,0.0,8192,0.006870149169117212,1.0,0.9961442947387695,0.9865710735321045,3.933356523513794,"[3.440520763397217,5.975640296936035]","[1.4834386110305786,4.243017196655273]",seeds/cell-000-b7a02ed77d52/seed-6/checkpoint.pt,seeds/cell-000-b7a02ed77d52/seed-6/snapshots/step-000400.pt
1,scaling-tuned-adamw-10seeds-v1,7097b902cc3f3a43380d0b66433b0a90ecf3915af0cdb913b8b407b76daf38af,cell-000-b7a02ed77d52,0,b7a02ed77d52976b9ede76f9950793ae21516739e563a47e8d6ff588b564fac0,6,6,800,8,4,8,2,1,,adamw,0.003,0.0,800,512,0.0,8192,0.0009566326625645161,1.0,0.9996868371963501,0.9939290285110474,3.915465831756592,"[3.497213840484619,6.266139984130859]","[1.352124571800232,4.744314193725586]",seeds/cell-000-b7a02ed77d52/seed-6/checkpoint.pt,seeds/cell-000-b7a02ed77d52/seed-6/snapshots/step-000800.pt
1,scaling-tuned-adamw-10seeds-v1,7097b902cc3f3a43380d0b66433b0a90ecf3915af0cdb913b8b407b76daf38af,cell-000-b7a02ed77d52,0,b7a02ed77d52976b9ede76f9950793ae21516739e563a47e8d6ff588b564fac0,7,0,0,8,4,8,2,1,,adamw,0.003,0.0,800,512,0.0,8192,1.1135952472686768,0.53564453125,0.023610137403011322,0.03467312455177307,3.453298330307007,"[2.7017574310302734,2.2747697830200195]","[3.1317696571350098,3.643065929412842]",seeds/cell-000-b7a02ed77d52/seed-7/checkpoint.pt,seeds/cell-000-b7a02ed77d52/seed-7/snapshots/step-000000.pt
1,scaling-tuned-adamw-10seeds-v1,7097b902cc3f3a43380d0b66433b0a90ecf3915af0cdb913b8b407b76daf38af,cell-000-b7a02ed77d52,0,b7a02ed77d52976b9ede76f9950793ae21516739e563a47e8d6ff588b564fac0,7,1,25,8,4,8,2,1,,adamw,0.003,0.0,800,512,0.0,8192,0.8296287059783936,0.6734619140625,0.15953278541564941,0.1184951514005661,3.375027894973755,"[2.488107919692993,2.1767115592956543]","[3.2308509349823,3.8357017040252686]",seeds/cell-000-b7a02ed77d52/seed-7/checkpoint.pt,seeds/cell-000-b7a02ed77d52/seed-7/snapshots/step-000025.pt
1,scaling-tuned-adamw-10seeds-v1,7097b902cc3f3a43380d0b66433b0a90ecf3915af0cdb913b8b407b76daf38af,cell-000-b7a02ed77d52,0,b7a02ed77d52976b9ede76f9950793ae21516739e563a47e8d6ff588b564fac0,7,2,50,8,4,8,2,1,,adamw,0.003,0.0,800,512,0.0,8192,0.7570990920066833,0.6995849609375,0.22687992453575134,0.18081055581569672,3.172083854675293,"[2.3770055770874023,2.2509305477142334]","[3.2931599617004395,3.948518753051758]",seeds/cell-000-b7a02ed77d52/seed-7/checkpoint.pt,seeds/cell-000-b7a02ed77d52/seed-7/snapshots/step-000050.pt
1,scaling-tuned-adamw-10seeds-v1,7097b902cc3f3a43380d0b66433b0a90ecf3915af0cdb913b8b407b76daf38af,cell-000-b7a02ed77d52,0,b7a02ed77d52976b9ede76f9950793ae21516739e563a47e8d6ff588b564fac0,7,3,100,8,4,8,2,1,,adamw,0.003,0.0,800,512,0.0,8192,0.4876032769680023,0.8333740234375,0.5170838832855225,0.4950772225856781,2.8265814781188965,"[3.057431697845459,3.060814380645752]","[3.3365025520324707,3.8966214656829834]",seeds/cell-000-b7a02ed77d52/seed-7/checkpoint.pt,seeds/cell-000-b7a02ed77d52/seed-7/snapshots/step-000100.pt
1,scaling-tuned-adamw-10seeds-v1,7097b902cc3f3a43380d0b66433b0a90ecf3915af0cdb913b8b407b76daf38af,cell-000-b7a02ed77d52,0,b7a02ed77d52976b9ede76f9950793ae21516739e563a47e8d6ff588b564fac0,7,4,200,8,4,8,2,1,,adamw,0.003,0.0,800,512,0.0,8192,0.0024138898588716984,1.0,1.0020025968551636,0.9995526075363159,2.6741180419921875,"[4.683437347412109,3.632296085357666]","[3.540888547897339,4.157962322235107]",seeds/cell-000-b7a02ed77d52/seed-7/checkpoint.pt,seeds/cell-000-b7a02ed77d52/seed-7/snapshots/step-000200.pt
1,scaling-tuned-adamw-10seeds-v1,7097b902cc3f3a43380d0b66433b0a90ecf3915af0cdb913b8b407b76daf38af,cell-000-b7a02ed77d52,0,b7a02ed77d52976b9ede76f9950793ae21516739e563a47e8d6ff588b564fac0,7,5,400,8,4,8,2,1,,adamw,0.003,0.0,800,512,0.0,8192,0.0003729676827788353,1.0,0.9993172883987427,1.0007433891296387,2.652707099914551,"[4.807124614715576,3.689894437789917]","[3.5557093620300293,4.2448906898498535]",seeds/cell-000-b7a02ed77d52/seed-7/checkpoint.pt,seeds/cell-000-b7a02ed77d52/seed-7/snapshots/step-000400.pt
1,scaling-tuned-adamw-10seeds-v1,7097b902cc3f3a43380d0b66433b0a90ecf3915af0cdb913b8b407b76daf38af,cell-000-b7a02ed77d52,0,b7a02ed77d52976b9ede76f9950793ae21516739e563a47e8d6ff588b564fac0,7,6,800,8,4,8,2,1,,adamw,0.003,0.0,800,512,0.0,8192,0.00011973622167715803,1.0,0.9995957612991333,1.0039238929748535,2.6326301097869873,"[4.868469715118408,3.749748468399048]","[3.5929622650146484,4.3484721183776855]",seeds/cell-000-b7a02ed77d52/seed-7/checkpoint.pt,seeds/cell-000-b7a02ed77d52/seed-7/snapshots/step-000800.pt
1,scaling-tuned-adamw-10seeds-v1,7097b902cc3f3a43380d0b66433b0a90ecf3915af0cdb913b8b407b76daf38af,cell-000-b7a02ed77d52,0,b7a02ed77d52976b9ede76f9950793ae21516739e563a47e8d6ff588b564fac0,8,0,0,8,4,8,2,1,,adamw,0.003,0.0,800,512,0.0,8192,1.0137183666229248,0.540771484375,0.013370484113693237,0.014213409274816513,4.1831159591674805,"[2.581055164337158,2.1446964740753174]","[3.4933178424835205,3.399625778198242]",seeds/cell-000-b7a02ed77d52/seed-8/checkpoint.pt,seeds/cell-000-b7a02ed77d52/seed-8/snapshots/step-000000.pt
1,scaling-tuned-adamw-10seeds-v1,7097b902cc3f3a43380d0b66433b0a90ecf3915af0cdb913b8b407b76daf38af,cell-000-b7a02ed77d52,0,b7a02ed77d52976b9ede76f9950793ae21516739e563a47e8d6ff588b564fac0,8,1,25,8,4,8,2,1,,adamw,0.003,0.0,800,512,0.0,8192,0.8016615509986877,0.6754150390625,0.1910627782344818,0.1529870331287384,4.092698097229004,"[2.3760406970977783,2.071503162384033]","[3.3657925128936768,3.5252296924591064]",seeds/cell-000-b7a02ed77d52/seed-8/checkpoint.pt,seeds/cell-000-b7a02ed77d52/seed-8/snapshots/step-000025.pt
1,scaling-tuned-adamw-10seeds-v1,7097b902cc3f3a43380d0b66433b0a90ecf3915af0cdb913b8b407b76daf38af,cell-000-b7a02ed77d52,0,b7a02ed77d52976b9ede76f9950793ae21516739e563a47e8d6ff588b564fac0,8,2,50,8,4,8,2,1,,adamw,0.003,0.0,800,512,0.0,8192,0.7159558534622192,0.720458984375,0.2754029631614685,0.235325425863266,4.1383466720581055,"[2.333369493484497,2.1795856952667236]","[3.3570191860198975,3.5359158515930176]",seeds/cell-000-b7a02ed77d52/seed-8/checkpoint.pt,seeds/cell-000-b7a02ed77d52/seed-8/snapshots/step-000050.pt
1,scaling-tuned-adamw-10seeds-v1,7097b902cc3f3a43380d0b66433b0a90ecf3915af0cdb913b8b407b76daf38af,cell-000-b7a02ed77d52,0,b7a02ed77d52976b9ede76f9950793ae21516739e563a47e8d6ff588b564fac0,8,3,100,8,4,8,2,1,,adamw,0.003,0.0,800,512,0.0,8192,0.2885313034057617,0.9088134765625,0.7069817781448364,0.6995387673377991,4.068350315093994,"[3.3797214031219482,3.081275701522827]","[3.293949842453003,3.635615587234497]",seeds/cell-000-b7a02ed77d52/seed-8/checkpoint.pt,seeds/cell-000-b7a02ed77d52/seed-8/snapshots/step-000100.pt
1,scaling-tuned-adamw-10seeds-v1,7097b902cc3f3a43380d0b66433b0a90ecf3915af0cdb913b8b407b76daf38af,cell-000-b7a02ed77d52,0,b7a02ed77d52976b9ede76f9950793ae21516739e563a47e8d6ff588b564fac0,8,4,200,8,4,8,2,1,,adamw,0.003,0.0,800,512,0.0,8192,0.0018283827230334282,1.0,0.9997380971908569,0.9957724213600159,3.8759238719940186,"[4.846829891204834,3.6027121543884277]","[3.235515832901001,4.6271538734436035]",seeds/cell-000-b7a02ed77d52/seed-8/checkpoint.pt,seeds/cell-000-b7a02ed77d52/seed-8/snapshots/step-000200.pt
1,scaling-tuned-adamw-10seeds-v1,7097b902cc3f3a43380d0b66433b0a90ecf3915af0cdb913b8b407b76daf38af,cell-000-b7a02ed77d52,0,b7a02ed77d52976b9ede76f9950793ae21516739e563a47e8d6ff588b564fac0,8,5,400,8,4,8,2,1,,adamw,0.003,0.0,800,512,0.0,8192,0.0005479797255247831,1.0,1.0012449026107788,0.9964412450790405,3.844982862472534,"[4.981889724731445,3.628216028213501]","[3.2170956134796143,4.965478897094727]",seeds/cell-000-b7a02ed77d52/seed-8/checkpoint.pt,seeds/cell-000-b7a02ed77d52/seed-8/snapshots/step-000400.pt
1,scaling-tuned-adamw-10seeds-v1,7097b902cc3f3a43380d0b66433b0a90ecf3915af0cdb913b8b407b76daf38af,cell-000-b7a02ed77d52,0,b7a02ed77d52976b9ede76f9950793ae21516739e563a47e8d6ff588b564fac0,8,6,800,8,4,8,2,1,,adamw,0.003,0.0,800,512,0.0,8192,0.00017337931785732508,1.0,0.9985790848731995,0.9939890503883362,3.814903736114502,"[5.102574825286865,3.657315731048584]","[3.2068161964416504,5.331751346588135]",seeds/cell-000-b7a02ed77d52/seed-8/checkpoint.pt,seeds/cell-000-b7a02ed77d52/seed-8/snapshots/step-000800.pt
1,scaling-tuned-adamw-10seeds-v1,7097b902cc3f3a43380d0b66433b0a90ecf3915af0cdb913b8b407b76daf38af,cell-000-b7a02ed77d52,0,b7a02ed77d52976b9ede76f9950793ae21516739e563a47e8d6ff588b564fac0,9,0,0,8,4,8,2,1,,adamw,0.003,0.0,800,512,0.0,8192,1.3447738885879517,0.5108642578125,0.0146353580057621,0.021455906331539154,4.039891242980957,"[2.4036357402801514,2.5279898643493652]","[2.998624324798584,3.0936007499694824]",seeds/cell-000-b7a02ed77d52/seed-9/checkpoint.pt,seeds/cell-000-b7a02ed77d52/seed-9/snapshots/step-000000.pt
1,scaling-tuned-adamw-10seeds-v1,7097b902cc3f3a43380d0b66433b0a90ecf3915af0cdb913b8b407b76daf38af,cell-000-b7a02ed77d52,0,b7a02ed77d52976b9ede76f9950793ae21516739e563a47e8d6ff588b564fac0,9,1,25,8,4,8,2,1,,adamw,0.003,0.0,800,512,0.0,8192,0.8695459365844727,0.654052734375,0.14888785779476166,0.1390089988708496,4.1738505363464355,"[2.2934319972991943,2.458066463470459]","[3.0898072719573975,3.439594268798828]",seeds/cell-000-b7a02ed77d52/seed-9/checkpoint.pt,seeds/cell-000-b7a02ed77d52/seed-9/snapshots/step-000025.pt
1,scaling-tuned-adamw-10seeds-v1,7097b902cc3f3a43380d0b66433b0a90ecf3915af0cdb913b8b407b76daf38af,cell-000-b7a02ed77d52,0,b7a02ed77d52976b9ede76f9950793ae21516739e563a47e8d6ff588b564fac0,9,2,50,8,4,8,2,1,,adamw,0.003,0.0,800,512,0.0,8192,0.7345042824745178,0.717041015625,0.2593120336532593,0.24750079214572906,4.090977191925049,"[2.3068337440490723,2.4377598762512207]","[3.1695220470428467,3.5058531761169434]",seeds/cell-000-b7a02ed77d52/seed-9/checkpoint.pt,seeds/cell-000-b7a02ed77d52/seed-9/snapshots/step-000050.pt
1,scaling-tuned-adamw-10seeds-v1,7097b902cc3f3a43380d0b66433b0a90ecf3915af0cdb913b8b407b76daf38af,cell-000-b7a02ed77d52,0,b7a02ed77d52976b9ede76f9950793ae21516739e563a47e8d6ff588b564fac0,9,3,100,8,4,8,2,1,,adamw,0.003,0.0,800,512,0.0,8192,0.29431968927383423,0.909423828125,0.7173717021942139,0.7049546837806702,4.090081214904785,"[3.155005931854248,3.4604640007019043]","[3.0141892433166504,3.474518299102783]",seeds/cell-000-b7a02ed77d52/seed-9/checkpoint.pt,seeds/cell-000-b7a02ed77d52/seed-9/snapshots/step-000100.pt
1,scaling-tuned-adamw-10seeds-v1,7097b902cc3f3a43380d0b66433b0a90ecf3915af0cdb913b8b407b76daf38af,cell-000-b7a02ed77d52,0,b7a02ed77d52976b9ede76f9950793ae21516739e563a47e8d6ff588b564fac0,9,4,200,8,4,8,2,1,,adamw,0.003,0.0,800,512,0.0,8192,0.003995539154857397,1.0,1.0023789405822754,0.9977003931999207,4.152592182159424,"[4.157538414001465,4.811843395233154]","[2.4842779636383057,3.7920873165130615]",seeds/cell-000-b7a02ed77d52/seed-9/checkpoint.pt,seeds/cell-000-b7a02ed77d52/seed-9/snapshots/step-000200.pt
1,scaling-tuned-adamw-10seeds-v1,7097b902cc3f3a43380d0b66433b0a90ecf3915af0cdb913b8b407b76daf38af,cell-000-b7a02ed77d52,0,b7a02ed77d52976b9ede76f9950793ae21516739e563a47e8d6ff588b564fac0,9,5,400,8,4,8,2,1,,adamw,0.003,0.0,800,512,0.0,8192,0.0008379537612199783,1.0,0.9977288246154785,0.9930554032325745,4.0928850173950195,"[4.3078107833862305,4.990203380584717]","[2.3865764141082764,4.079052448272705]",seeds/cell-000-b7a02ed77d52/seed-9/checkpoint.pt,seeds/cell-000-b7a02ed77d52/seed-9/snapshots/step-000400.pt
1,scaling-tuned-adamw-10seeds-v1,7097b902cc3f3a43380d0b66433b0a90ecf3915af0cdb913b8b407b76daf38af,cell-000-b7a02ed77d52,0,b7a02ed77d52976b9ede76f9950793ae21516739e563a47e8d6ff588b564fac0,9,6,800,8,4,8,2,1,,adamw,0.003,0.0,800,512,0.0,8192,0.00022156385239213705,1.0,0.9999844431877136,0.9946421980857849,4.052155494689941,"[4.425146579742432,5.122747898101807]","[2.3165483474731445,4.338656425476074]",seeds/cell-000-b7a02ed77d52/seed-9/checkpoint.pt,seeds/cell-000-b7a02ed77d52/seed-9/snapshots/step-000800.pt
1,scaling-tuned-adamw-10seeds-v1,7097b902cc3f3a43380d0b66433b0a90ecf3915af0cdb913b8b407b76daf38af,cell-001-95e10abb0fde,1,95e10abb0fde32cf907954502d04033a426ee85fcf72516e127ca9570e025e8b,0,0,0,8,4,8,2,4,,adamw,0.003,0.0,800,512,0.0,8192,1.9577556848526,0.520263671875,0.03988967090845108,0.004972194321453571,4.071608066558838,"[1.7820074558258057,1.4323068857192993,1.1669033765792847,1.2765774726867676,1.6658533811569214,1.1509819030761719,0.8940115571022034,1.2107235193252563]","[1.6611675024032593,1.6178162097930908,1.1185708045959473,1.376578450202942,1.7920210361480713,1.6919605731964111,1.0698368549346924,1.6293569803237915]",seeds/cell-001-95e10abb0fde/seed-0/checkpoint.pt,seeds/cell-001-95e10abb0fde/seed-0/snapshots/step-000000.pt
1,scaling-tuned-adamw-10seeds-v1,7097b902cc3f3a43380d0b66433b0a90ecf3915af0cdb913b8b407b76daf38af,cell-001-95e10abb0fde,1,95e10abb0fde32cf907954502d04033a426ee85fcf72516e127ca9570e025e8b,0,1,25,8,4,8,2,4,,adamw,0.003,0.0,800,512,0.0,8192,0.8106368780136108,0.6865234375,0.17518368363380432,0.1305301934480667,3.9739856719970703,"[1.8250622749328613,1.3944334983825684,1.1087170839309692,1.1955366134643555,1.7102583646774292,1.168684720993042,0.8285643458366394,1.0874536037445068]","[1.6984516382217407,1.6489379405975342,1.1490474939346313,1.5716197490692139,1.8198752403259277,1.8507004976272583,1.1457054615020752,1.7139160633087158]",seeds/cell-001-95e10abb0fde/seed-0/checkpoint.pt,seeds/cell-001-95e10abb0fde/seed-0/snapshots/step-000025.pt
1,scaling-tuned-adamw-10seeds-v1,7097b902cc3f3a43380d0b66433b0a90ecf3915af0cdb913b8b407b76daf38af,cell-001-95e10abb0fde,1,95e10abb0fde32cf907954502d04033a426ee85fcf72516e127ca9570e025e8b,0,2,50,8,4,8,2,4,,adamw,0.003,0.0,800,512,0.0,8192,0.7241314053535461,0.7271728515625,0.2466304898262024,0.2017006278038025,3.7994744777679443,"[1.8497833013534546,1.3732881546020508,1.1105762720108032,1.1302076578140259,1.7542537450790405,1.2249975204467773,0.8482697010040283,1.128279685974121]","[1.7023760080337524,1.6804624795913696,1.1799973249435425,1.6069464683532715,1.8138706684112549,1.9038933515548706,1.168313980102539,1.771350383758545]",seeds/cell-001-95e10abb0fde/seed-0/checkpoint.pt,seeds/cell-001-95e10abb0fde/seed-0/snapshots/step-000050.pt
1,scaling-tuned-adamw-10seeds-v1,7097b902cc3f3a43380d0b66433b0a90ecf3915af0cdb913b8b407b76daf38af,cell-001-95e10abb0fde,1,95e10abb0fde32cf907954502d04033a426ee85fcf72516e127ca9570e025e8b,0,3,100,8,4,8,2,4,,adamw,0.003,0.0,800,512,0.0,8192,0.5804312229156494,0.7801513671875,0.3920389413833618,0.3517366647720337,3.443134069442749,"[2.046239137649536,1.3331727981567383,1.3949259519577026,1.3020397424697876,1.7515126466751099,1.3545743227005005,1.0640002489089966,1.3686909675598145]","[1.742121934890747,1.653882384300232,1.225951910018921,1.6224896907806396,1.796347737312317,1.9069920778274536,1.1691235303878784,1.8203407526016235]",seeds/cell-001-95e10abb0fde/seed-0/checkpoint.pt,seeds/cell-001-95e10abb0fde/seed-0/snapshots/step-000100.pt
1,scaling-tuned-adamw-10seeds-v1,7097b902cc3f3a43380d0b66433b0a90ecf3915af0cdb913b8b407b76daf38af,cell-001-95e10abb0fde,1,95e10abb0fde32cf907954502d04033a426ee85fcf72516e127ca9570e025e8b,0,4,200,8,4,8,2,4,,adamw,0.003,0.0,800,512,0.0,8192,0.2874366343021393,0.9207763671875,0.7156029939651489,0.7013732194900513,3.4743871688842773,"[1.9477367401123047,1.3273268938064575,2.254150867462158,2.282763957977295,1.5414557456970215,1.5166727304458618,1.8012932538986206,2.1333696842193604]","[1.5897459983825684,1.5516327619552612,1.1920398473739624,1.7498365640640259,1.7552334070205688,1.7546404600143433,1.1371322870254517,1.9654544591903687]",seeds/cell-001-95e10abb0fde/seed-0/checkpoint.pt,seeds/cell-001-95e10abb0fde/seed-0/snapshots/step-000200.pt
1,scaling-tuned-adamw-10seeds-v1,7097b902cc3f3a43380d0b66433b0a90ecf3915af0cdb913b8b407b76daf38af,cell-001-95e10abb0fde,1,95e10abb0fde32cf907954502d04033a426ee85fcf72516e127ca9570e025e8b,0,5,400,8,4,8,2,4,,adamw,0.003,0.0,800,512,0.0,8192,0.018117669969797134,0.9998779296875,0.9850196838378906,0.9676343202590942,3.7659614086151123,"[1.8456803560256958,1.2777042388916016,3.195032835006714,3.146599054336548,1.416817545890808,1.7510855197906494,1.861604928970337,2.175295829772949]","[1.4144222736358643,1.4055029153823853,1.3338336944580078,1.812677264213562,1.7887805700302124,1.5738625526428223,0.941869854927063,2.634171724319458]",seeds/cell-001-95e10abb0fde/seed-0/checkpoint.pt,seeds/cell-001-95e10abb0fde/seed-0/snapshots/step-000400.pt
1,scaling-tuned-adamw-10seeds-v1,7097b902cc3f3a43380d0b66433b0a90ecf3915af0cdb913b8b407b76daf38af,cell-001-95e10abb0fde,1,95e10abb0fde32cf907954502d04033a426ee85fcf72516e127ca9570e025e8b,0,6,800,8,4,8,2,4,,adamw,0.003,0.0,800,512,0.0,8192,0.001466828747652471,1.0,0.9956342577934265,0.978254497051239,3.620215892791748,"[1.8199059963226318,1.2532111406326294,3.524904489517212,3.498570442199707,1.3733702898025513,1.7878905534744263,1.8655884265899658,2.654608726501465]","[1.3335686922073364,1.3275116682052612,1.3929156064987183,1.87150239944458,1.8069896697998047,1.511919617652893,0.9045272469520569,3.2595713138580322]",seeds/cell-001-95e10abb0fde/seed-0/checkpoint.pt,seeds/cell-001-95e10abb0fde/seed-0/snapshots/step-000800.pt
1,scaling-tuned-adamw-10seeds-v1,7097b902cc3f3a43380d0b66433b0a90ecf3915af0cdb913b8b407b76daf38af,cell-001-95e10abb0fde,1,95e10abb0fde32cf907954502d04033a426ee85fcf72516e127ca9570e025e8b,1,0,0,8,4,8,2,4,,adamw,0.003,0.0,800,512,0.0,8192,1.4661569595336914,0.5042724609375,-0.006056157872080803,0.012697523459792137,4.528775691986084,"[1.662091612815857,1.6407692432403564,0.8271181583404541,1.572047233581543,2.5684244632720947,1.1516013145446777,2.2944560050964355,1.1438008546829224]","[0.8968335390090942,1.6560815572738647,2.0325047969818115,1.4200713634490967,2.0247981548309326,1.068516492843628,0.6601475477218628,1.4079262018203735]",seeds/cell-001-95e10abb0fde/seed-1/checkpoint.pt,seeds/cell-001-95e10abb0fde/seed-1/snapshots/step-000000.pt
1,scaling-tuned-adamw-10seeds-v1,7097b902cc3f3a43380d0b66433b0a90ecf3915af0cdb913b8b407b76daf38af,cell-001-95e10abb0fde,1,95e10abb0fde32cf907954502d04033a426ee85fcf72516e127ca9570e025e8b,1,1,25,8,4,8,2,4,,adamw,0.003,0.0,800,512,0.0,8192,0.8020308613777161,0.68115234375,0.18951137363910675,0.15744012594223022,4.359423637390137,"[1.6215444803237915,1.719067096710205,0.9233835339546204,1.4705350399017334,2.532733917236328,1.11339271068573,2.2663402557373047,1.1216063499450684]","[0.9049335718154907,1.5389974117279053,2.0110790729522705,1.5660768747329712,2.111433744430542,1.193971872329712,0.7164053916931152,1.444394588470459]",seeds/cell-001-95e10abb0fde/seed-1/checkpoint.pt,seeds/cell-001-95e10abb0fde/seed-1/snapshots/step-000025.pt
1,scaling-tuned-adamw-10seeds-v1,7097b902cc3f3a43380d0b66433b0a90ecf3915af0cdb913b8b407b76daf38af,cell-001-95e10abb0fde,1,95e10abb0fde32cf907954502d04033a426ee85fcf72516e127ca9570e025e8b,1,2,50,8,4,8,2,4,,adamw,0.003,0.0,800,512,0.0,8192,0.6835132837295532,0.7325439453125,0.30987709760665894,0.26610124111175537,4.224751949310303,"[1.628146767616272,1.7457457780838013,1.050935983657837,1.3702672719955444,2.475623846054077,1.1601237058639526,2.145996570587158,1.2327865362167358]","[0.894020676612854,1.5154980421066284,2.033656597137451,1.6259045600891113,2.127345085144043,1.2354117631912231,0.7003464698791504,1.534259557723999]",seeds/cell-001-95e10abb0fde/seed-1/checkpoint.pt,seeds/cell-001-95e10abb0fde/seed-1/snapshots/step-000050.pt
1,scaling-tuned-adamw-10seeds-v1,7097b902cc3f3a43380d0b66433b0a90ecf3915af0cdb913b8b407b76daf38af,cell-001-95e10abb0fde,1,95e10abb0fde32cf907954502d04033a426ee85fcf72516e127ca9570e025e8b,1,3,100,8,4,8,2,4,,adamw,0.003,0.0,800,512,0.0,8192,0.4718875288963318,0.841064453125,0.5299051403999329,0.4890487790107727,3.9319751262664795,"[1.700640320777893,1.7379149198532104,1.2961715459823608,1.5593576431274414,2.5635759830474854,1.5420821905136108,2.196969747543335,1.378983497619629]","[0.80164635181427,1.5723191499710083,2.08701753616333,1.6372995376586914,2.120631694793701,1.239499807357788,0.6326512098312378,1.670913815498352]",seeds/cell-001-95e10abb0fde/seed-1/checkpoint.pt,seeds/cell-001-95e10abb0fde/seed-1/snapshots/step-000100.pt
1,scaling-tuned-adamw-10seeds-v1,7097b902cc3f3a43380d0b66433b0a90ecf3915af0cdb913b8b407b76daf38af,cell-001-95e10abb0fde,1,95e10abb0fde32cf907954502d04033a426ee85fcf72516e127ca9570e025e8b,1,4,200,8,4,8,2,4,,adamw,0.003,0.0,800,512,0.0,8192,0.12712611258029938,0.97216796875,0.8928979635238647,0.8552262783050537,3.5344488620758057,"[1.9564779996871948,1.8325586318969727,1.45023512840271,2.0420947074890137,2.843433141708374,2.0697805881500244,2.6392266750335693,1.2611196041107178]","[0.7638705372810364,1.5579535961151123,2.0859458446502686,1.6547808647155762,2.314335584640503,1.9584977626800537,0.548736572265625,1.7484569549560547]",seeds/cell-001-95e10abb0fde/seed-1/checkpoint.pt,seeds/cell-001-95e10abb0fde/seed-1/snapshots/step-000200.pt
1,scaling-tuned-adamw-10seeds-v1,7097b902cc3f3a43380d0b66433b0a90ecf3915af0cdb913b8b407b76daf38af,cell-001-95e10abb0fde,1,95e10abb0fde32cf907954502d04033a426ee85fcf72516e127ca9570e025e8b,1,5,400,8,4,8,2,4,,adamw,0.003,0.0,800,512,0.0,8192,0.003505040891468525,1.0,0.9957827925682068,0.972372829914093,3.692969799041748,"[2.253114938735962,1.9236271381378174,1.6105709075927734,2.2502620220184326,3.0406289100646973,2.4117047786712646,2.7578794956207275,1.210548758506775]","[0.7586826086044312,1.4876080751419067,1.829468011856079,1.584390640258789,2.685792922973633,3.1834096908569336,0.7035205960273743,1.8531979322433472]",seeds/cell-001-95e10abb0fde/seed-1/checkpoint.pt,seeds/cell-001-95e10abb0fde/seed-1/snapshots/step-000400.pt
1,scaling-tuned-adamw-10seeds-v1,7097b902cc3f3a43380d0b66433b0a90ecf3915af0cdb913b8b407b76daf38af,cell-001-95e10abb0fde,1,95e10abb0fde32cf907954502d04033a426ee85fcf72516e127ca9570e025e8b,1,6,800,8,4,8,2,4,,adamw,0.003,0.0,800,512,0.0,8192,0.0006282467511482537,1.0,0.9997996687889099,0.9808854460716248,3.672609567642212,"[2.2082889080047607,1.9228932857513428,1.63234543800354,2.3754026889801025,3.09598708152771,2.539416551589966,2.660454034805298,1.1912778615951538]","[0.7122452855110168,1.4586882591247559,1.7435959577560425,1.558017611503601,2.9209675788879395,3.6244754791259766,0.7772517800331116,1.8263225555419922]",seeds/cell-001-95e10abb0fde/seed-1/checkpoint.pt,seeds/cell-001-95e10abb0fde/seed-1/snapshots/step-000800.pt
1,scaling-tuned-adamw-10seeds-v1,7097b902cc3f3a43380d0b66433b0a90ecf3915af0cdb913b8b407b76daf38af,cell-001-95e10abb0fde,1,95e10abb0fde32cf907954502d04033a426ee85fcf72516e127ca9570e025e8b,2,0,0,8,4,8,2,4,,adamw,0.003,0.0,800,512,0.0,8192,2.958688497543335,0.446044921875,-0.21691039204597473,-0.18693959712982178,4.372025966644287,"[1.0050603151321411,1.557572841644287,1.2052944898605347,1.5504988431930542,0.8306075930595398,1.5598801374435425,1.0658694505691528,1.404237151145935]","[1.6007798910140991,1.2569845914840698,1.0423152446746826,1.1004433631896973,2.3579180240631104,1.141845464706421,1.9753175973892212,1.5110903978347778]",seeds/cell-001-95e10abb0fde/seed-2/checkpoint.pt,seeds/cell-001-95e10abb0fde/seed-2/snapshots/step-000000.pt
1,scaling-tuned-adamw-10seeds-v1,7097b902cc3f3a43380d0b66433b0a90ecf3915af0cdb913b8b407b76daf38af,cell-001-95e10abb0fde,1,95e10abb0fde32cf907954502d04033a426ee85fcf72516e127ca9570e025e8b,2,1,25,8,4,8,2,4,,adamw,0.003,0.0,800,512,0.0,8192,0.9738219380378723,0.59375,0.04334558546543121,0.03128581866621971,4.077943325042725,"[1.0634459257125854,1.6324247121810913,1.2823212146759033,1.6894851922988892,0.8582311868667603,1.5206878185272217,1.1171326637268066,1.5635416507720947]","[1.6568413972854614,1.3762097358703613,1.141115427017212,0.9934588670730591,2.4569528102874756,1.136635422706604,1.8983138799667358,1.6423038244247437]",seeds/cell-001-95e10abb0fde/seed-2/checkpoint.pt,seeds/cell-001-95e10abb0fde/seed-2/snapshots/step-000025.pt
1,scaling-tuned-adamw-10seeds-v1,7097b902cc3f3a43380d0b66433b0a90ecf3915af0cdb913b8b407b76daf38af,cell-001-95e10abb0fde,1,95e10abb0fde32cf907954502d04033a426ee85fcf72516e127ca9570e025e8b,2,2,50,8,4,8,2,4,,adamw,0.003,0.0,800,512,0.0,8192,0.8171879053115845,0.677734375,0.15504392981529236,0.12729889154434204,3.9843804836273193,"[1.1217069625854492,1.7241497039794922,1.309814214706421,1.7243179082870483,0.8535162210464478,1.549353003501892,1.094724178314209,1.5290554761886597]","[1.635537028312683,1.4266064167022705,1.256123661994934,0.9696285128593445,2.5136072635650635,1.1478872299194336,1.9397433996200562,1.7120455503463745]",seeds/cell-001-95e10abb0fde/seed-2/checkpoint.pt,seeds/cell-001-95e10abb0fde/seed-2/snapshots/step-000050.pt
1,scaling-tuned-adamw-10seeds-v1,7097b902cc3f3a43380d0b66433b0a90ecf3915af0cdb913b8b407b76daf38af,cell-001-95e10abb0fde,1,95e10abb0fde32cf907954502d04033a426ee85fcf72516e127ca9570e025e8b,2,3,100,8,4,8,2,4,,adamw,0.003,0.0,800,512,0.0,8192,0.7237138748168945,0.7191162109375,0.2608492374420166,0.21115264296531677,3.765845775604248,"[1.1745846271514893,1.9187439680099487,1.2742087841033936,1.7043893337249756,0.833636462688446,1.6014552116394043,1.0998245477676392,1.5076498985290527]","[1.5420072078704834,1.4755123853683472,1.319321632385254,0.9622379541397095,2.518847942352295,1.1520155668258667,1.9974009990692139,1.765141248703003]",seeds/cell-001-95e10abb0fde/seed-2/checkpoint.pt,seeds/cell-001-95e10abb0fde/seed-2/snapshots/step-000100.pt
1,scaling-tuned-adamw-10seeds-v1,7097b902cc3f3a43380d0b66433b0a90ecf3915af0cdb913b8b407b76daf38af,cell-001-95e10abb0fde,1,95e10abb0fde32cf907954502d04033a426ee85fcf72516e127ca9570e025e8b,2,4,200,8,4,8,2,4,,adamw,0.003,0.0,800,512,0.0,8192,0.5266659259796143,0.8028564453125,0.45923542976379395,0.38624298572540283,2.9415769577026367,"[1.2728452682495117,2.186354875564575,1.5433847904205322,2.0342514514923096,0.9008989334106445,2.2854502201080322,1.4699817895889282,1.684167742729187]","[1.493569254875183,1.4892172813415527,1.342068076133728,0.9708506464958191,2.374946355819702,1.2007789611816406,2.0471646785736084,1.7866442203521729]",seeds/cell-001-95e10abb0fde/seed-2/checkpoint.pt,seeds/cell-001-95e10abb0fde/seed-2/snapshots/step-000200.pt
1,scaling-tuned-adamw-10seeds-v1,7097b902cc3f3a43380d0b66433b0a90ecf3915af0cdb913b8b407b76daf38af,cell-001-95e10abb0fde,1,95e10abb0fde32cf907954502d04033a426ee85fcf72516e127ca9570e025e8b,2,5,400,8,4,8,2,4,,adamw,0.003,0.0,800,512,0.0,8192,0.10454464703798294,0.9818115234375,0.9027360081672668,0.8369883298873901,3.2601168155670166,"[1.7413614988327026,2.2223591804504395,2.6824374198913574,2.2090694904327393,1.0427305698394775,3.540950059890747,1.9939298629760742,1.767192006111145]","[1.1522303819656372,1.1755142211914062,1.3695833683013916,0.8849247097969055,2.090686082839966,1.700366497039795,2.0724682807922363,1.7321630716323853]",seeds/cell-001-95e10abb0fde/seed-2/checkpoint.pt,seeds/cell-001-95e10abb0fde/seed-2/snapshots/step-000400.pt
1,scaling-tuned-adamw-10seeds-v1,7097b902cc3f3a43380d0b66433b0a90ecf3915af0cdb913b8b407b76daf38af,cell-001-95e10abb0fde,1,95e10abb0fde32cf907954502d04033a426ee85fcf72516e127ca9570e025e8b,2,6,800,8,4,8,2,4,,adamw,0.003,0.0,800,512,0.0,8192,0.0025901803746819496,1.0,1.0016878843307495,0.9564337134361267,3.120584011077881,"[1.6801475286483765,2.1938180923461914,3.4513566493988037,2.2334163188934326,1.114506483078003,3.741302728652954,2.476386308670044,1.9359079599380493]","[0.8696525692939758,1.0013196468353271,1.311458706855774,0.8421503901481628,1.8549386262893677,2.297621726989746,2.389171600341797,2.183774471282959]",seeds/cell-001-95e10abb0fde/seed-2/checkpoint.pt,seeds/cell-001-95e10abb0fde/seed-2/snapshots/step-000800.pt
1,scaling-tuned-adamw-10seeds-v1,7097b902cc3f3a43380d0b66433b0a90ecf3915af0cdb913b8b407b76daf38af,cell-001-95e10abb0fde,1,95e10abb0fde32cf907954502d04033a426ee85fcf72516e127ca9570e025e8b,3,0,0,8,4,8,2,4,,adamw,0.003,0.0,800,512,0.0,8192,1.2273997068405151,0.5709228515625,0.08900807797908783,0.0006206168327480555,3.9092769622802734,"[1.0839476585388184,1.741752028465271,0.8687302470207214,1.2512344121932983,0.9663107991218567,1.5300544500350952,1.152833104133606,2.048659563064575]","[1.3853713274002075,2.1006686687469482,1.3290481567382812,0.7974114418029785,1.0781110525131226,1.1139739751815796,1.1778435707092285,1.5512440204620361]",seeds/cell-001-95e10abb0fde/seed-3/checkpoint.pt,seeds/cell-001-95e10abb0fde/seed-3/snapshots/step-000000.pt
1,scaling-tuned-adamw-10seeds-v1,7097b902cc3f3a43380d0b66433b0a90ecf3915af0cdb913b8b407b76daf38af,cell-001-95e10abb0fde,1,95e10abb0fde32cf907954502d04033a426ee85fcf72516e127ca9570e025e8b,3,1,25,8,4,8,2,4,,adamw,0.003,0.0,800,512,0.0,8192,0.7912302613258362,0.69140625,0.18735097348690033,0.131634920835495,3.8135643005371094,"[1.1504833698272705,1.732663631439209,0.9252662062644958,1.262587070465088,1.006130337715149,1.509432077407837,1.231440544128418,2.0012292861938477]","[1.4934102296829224,2.118319272994995,1.2793813943862915,0.7587877511978149,1.1383823156356812,1.1314620971679688,1.245113730430603,1.4754081964492798]",seeds/cell-001-95e10abb0fde/seed-3/checkpoint.pt,seeds/cell-001-95e10abb0fde/seed-3/snapshots/step-000025.pt
1,scaling-tuned-adamw-10seeds-v1,7097b902cc3f3a43380d0b66433b0a90ecf3915af0cdb913b8b407b76daf38af,cell-001-95e10abb0fde,1,95e10abb0fde32cf907954502d04033a426ee85fcf72516e127ca9570e025e8b,3,2,50,8,4,8,2,4,,adamw,0.003,0.0,800,512,0.0,8192,0.6825275421142578,0.7371826171875,0.3045482337474823,0.2572910785675049,3.7161471843719482,"[1.1833322048187256,1.7481974363327026,0.9040932655334473,1.2820007801055908,0.980641782283783,1.5758399963378906,1.311003565788269,2.0003907680511475]","[1.4732822179794312,2.1337223052978516,1.2838237285614014,0.7394039630889893,1.0907248258590698,1.1649798154830933,1.3264299631118774,1.4788637161254883]",seeds/cell-001-95e10abb0fde/seed-3/checkpoint.pt,seeds/cell-001-95e10abb0fde/seed-3/snapshots/step-000050.pt
1,scaling-tuned-adamw-10seeds-v1,7097b902cc3f3a43380d0b66433b0a90ecf3915af0cdb913b8b407b76daf38af,cell-001-95e10abb0fde,1,95e10abb0fde32cf907954502d04033a426ee85fcf72516e127ca9570e025e8b,3,3,100,8,4,8,2,4,,adamw,0.003,0.0,800,512,0.0,8192,0.4844878017902374,0.8304443359375,0.5107650756835938,0.49327319860458374,3.4713807106018066,"[1.3060697317123413,2.107224225997925,0.8279094696044922,1.363093614578247,0.986236572265625,1.8187540769577026,1.3130501508712769,2.1484456062316895]","[1.4958833456039429,2.200303554534912,1.2088757753372192,0.7090426087379456,1.0141432285308838,1.258763313293457,1.318677306175232,1.437741756439209]",seeds/cell-001-95e10abb0fde/seed-3/checkpoint.pt,seeds/cell-001-95e10abb0fde/seed-3/snapshots/step-000100.pt
1,scaling-tuned-adamw-10seeds-v1,7097b902cc3f3a43380d0b66433b0a90ecf3915af0cdb913b8b407b76daf38af,cell-001-95e10abb0fde,1,95e10abb0fde32cf907954502d04033a426ee85fcf72516e127ca9570e025e8b,3,4,200,8,4,8,2,4,,adamw,0.003,0.0,800,512,0.0,8192,0.1780896782875061,0.953125,0.8402706384658813,0.8123177289962769,3.262265920639038,"[1.347956895828247,2.49316143989563,0.7621901631355286,1.3608330488204956,1.04635488986969,2.214613676071167,1.443371057510376,2.4608371257781982]","[1.5232137441635132,2.095384359359741,1.0180832147598267,0.6134530305862427,1.0502545833587646,1.4801642894744873,1.3392707109451294,1.707962989807129]",seeds/cell-001-95e10abb0fde/seed-3/checkpoint.pt,seeds/cell-001-95e10abb0fde/seed-3/snapshots/step-000200.pt
1,scaling-tuned-adamw-10seeds-v1,7097b902cc3f3a43380d0b66433b0a90ecf3915af0cdb913b8b407b76daf38af,cell-001-95e10abb0fde,1,95e10abb0fde32cf907954502d04033a426ee85fcf72516e127ca9570e025e8b,3,5,400,8,4,8,2,4,,adamw,0.003,0.0,800,512,0.0,8192,0.014111241325736046,0.9981689453125,0.9934937953948975,0.981629490852356,2.990522861480713,"[1.5122538805007935,2.7809994220733643,0.8240697383880615,1.4072293043136597,1.3559117317199707,2.2803454399108887,1.7047098875045776,3.0379726886749268]","[1.5038397312164307,2.069821834564209,0.9520451426506042,0.5270366668701172,1.3125079870224,1.8188449144363403,1.594687581062317,2.705928087234497]",seeds/cell-001-95e10abb0fde/seed-3/checkpoint.pt,seeds/cell-001-95e10abb0fde/seed-3/snapshots/step-000400.pt
1,scaling-tuned-adamw-10seeds-v1,7097b902cc3f3a43380d0b66433b0a90ecf3915af0cdb913b8b407b76daf38af,cell-001-95e10abb0fde,1,95e10abb0fde32cf907954502d04033a426ee85fcf72516e127ca9570e025e8b,3,6,800,8,4,8,2,4,,adamw,0.003,0.0,800,512,0.0,8192,0.0007943459786474705,1.0,0.9990361332893372,0.9964635372161865,2.8910863399505615,"[1.57207190990448,2.9802629947662354,0.8830476403236389,1.3063864707946777,1.5581185817718506,2.211735725402832,1.7317414283752441,3.3635811805725098]","[1.4798659086227417,2.051388740539551,0.8943973779678345,0.4632277488708496,1.436720371246338,1.9272363185882568,1.6951524019241333,3.295931816101074]",seeds/cell-001-95e10abb0fde/seed-3/checkpoint.pt,seeds/cell-001-95e10abb0fde/seed-3/snapshots/step-000800.pt
1,scaling-tuned-adamw-10seeds-v1,7097b902cc3f3a43380d0b66433b0a90ecf3915af0cdb913b8b407b76daf38af,cell-001-95e10abb0fde,1,95e10abb0fde32cf907954502d04033a426ee85fcf72516e127ca9570e025e8b,4,0,0,8,4,8,2,4,,adamw,0.003,0.0,800,512,0.0,8192,1.4621390104293823,0.5604248046875,0.1303059458732605,0.14149245619773865,3.8359203338623047,"[1.125058650970459,2.264911413192749,1.5946131944656372,1.307904839515686,0.8315176367759705,1.4452980756759644,1.044572353363037,0.8782660365104675]","[1.6272306442260742,1.5111349821090698,2.0027101039886475,1.2851428985595703,1.2102134227752686,1.5585941076278687,1.273716926574707,1.1518478393554688]",seeds/cell-001-95e10abb0fde/seed-4/checkpoint.pt,seeds/cell-001-95e10abb0fde/seed-4/snapshots/step-000000.pt
1,scaling-tuned-adamw-10seeds-v1,7097b902cc3f3a43380d0b66433b0a90ecf3915af0cdb913b8b407b76daf38af,cell-001-95e10abb0fde,1,95e10abb0fde32cf907954502d04033a426ee85fcf72516e127ca9570e025e8b,4,1,25,8,4,8,2,4,,adamw,0.003,0.0,800,512,0.0,8192,0.7834018468856812,0.693603515625,0.2036881148815155,0.20207327604293823,3.6793301105499268,"[1.1046414375305176,2.188023090362549,1.512926697731018,1.2907800674438477,0.8134934306144714,1.4149260520935059,0.9779632687568665,0.8464241027832031]","[1.716234803199768,1.509964942932129,2.080065965652466,1.3113032579421997,1.3022137880325317,1.5295896530151367,1.3351142406463623,1.165933609008789]",seeds/cell-001-95e10abb0fde/seed-4/checkpoint.pt,seeds/cell-001-95e10abb0fde/seed-4/snapshots/step-000025.pt
1,scaling-tuned-adamw-10seeds-v1,7097b902cc3f3a43380d0b66433b0a90ecf3915af0cdb913b8b407b76daf38af,cell-001-95e10abb0fde,1,95e10abb0fde32cf907954502d04033a426ee85fcf72516e127ca9570e025e8b,4,2,50,8,4,8,2,4,,adamw,0.003,0.0,800,512,0.0,8192,0.6960983276367188,0.7333984375,0.2967754602432251,0.2869872450828552,3.472072124481201,"[1.1220190525054932,2.1502270698547363,1.517458438873291,1.3663601875305176,0.8063860535621643,1.515174388885498,1.106532096862793,0.8870682120323181]","[1.7476177215576172,1.5453273057937622,2.0923359394073486,1.3544167280197144,1.3325731754302979,1.554551601409912,1.3388645648956299,1.1739141941070557]",seeds/cell-001-95e10abb0fde/seed-4/checkpoint.pt,seeds/cell-001-95e10abb0fde/seed-4/snapshots/step-000050.pt
1,scaling-tuned-adamw-10seeds-v1,7097b902cc3f3a43380d0b66433b0a90ecf3915af0cdb913b8b407b76daf38af,cell-001-95e10abb0fde,1,95e10abb0fde32cf907954502d04033a426ee85fcf72516e127ca9570e025e8b,4,3,100,8,4,8,2,4,,adamw,0.003,0.0,800,512,0.0,8192,0.4863349199295044,0.8243408203125,0.491148978471756,0.4836399555206299,3.084998607635498,"[1.1474759578704834,2.145703077316284,1.6140475273132324,1.9274787902832031,0.9371338486671448,1.8935017585754395,1.4246666431427002,1.2724523544311523]","[1.7466014623641968,1.5582470893859863,2.0077545642852783,1.5210824012756348,1.2952769994735718,1.5661530494689941,1.335753321647644,1.2025275230407715]",seeds/cell-001-95e10abb0fde/seed-4/checkpoint.pt,seeds/cell-001-95e10abb0fde/seed-4/snapshots/step-000100.pt
1,scaling-tuned-adamw-10seeds-v1,7097b902cc3f3a43380d0b66433b0a90ecf3915af0cdb913b8b407b76daf38af,cell-001-95e10abb0fde,1,95e10abb0fde32cf907954502d04033a426ee85fcf72516e127ca9570e025e8b,4,4,200,8,4,8,2,4,,adamw,0.003,0.0,800,512,0.0,8192,0.1155044361948967,0.9735107421875,0.9156818985939026,0.8946127891540527,3.0948538780212402,"[1.0666224956512451,2.16737699508667,1.8446344137191772,2.937897205352783,1.344780445098877,2.661095380783081,1.8496299982070923,1.8113861083984375]","[1.8277158737182617,1.5565561056137085,1.8945369720458984,1.6933443546295166,1.4372570514678955,1.5875378847122192,1.4145276546478271,1.242289662361145]",seeds/cell-001-95e10abb0fde/seed-4/checkpoint.pt,seeds/cell-001-95e10abb0fde/seed-4/snapshots/step-000200.pt
1,scaling-tuned-adamw-10seeds-v1,7097b902cc3f3a43380d0b66433b0a90ecf3915af0cdb913b8b407b76daf38af,cell-001-95e10abb0fde,1,95e10abb0fde32cf907954502d04033a426ee85fcf72516e127ca9570e025e8b,4,5,400,8,4,8,2,4,,adamw,0.003,0.0,800,512,0.0,8192,0.004839264787733555,1.0,0.9962805509567261,0.975040853023529,3.0468602180480957,"[1.0697213411331177,2.201232671737671,2.0512325763702393,3.7343995571136475,1.716912031173706,3.0274081230163574,2.0303494930267334,2.013197898864746]","[1.8487896919250488,1.6533969640731812,1.593395709991455,1.909570574760437,1.7700144052505493,1.7998474836349487,1.4622396230697632,1.3199797868728638]",seeds/cell-001-95e10abb0fde/seed-4/checkpoint.pt,seeds/cell-001-95e10abb0fde/seed-4/snapshots/step-000400.pt
1,scaling-tuned-adamw-10seeds-v1,7097b902cc3f3a43380d0b66433b0a90ecf3915af0cdb913b8b407b76daf38af,cell-001-95e10abb0fde,1,95e10abb0fde32cf907954502d04033a426ee85fcf72516e127ca9570e025e8b,4,6,800,8,4,8,2,4,,adamw,0.003,0.0,800,512,0.0,8192,0.0007408222882077098,1.0,1.0008721351623535,0.9819658994674683,2.942732095718384,"[1.1198389530181885,2.1928367614746094,2.094104766845703,3.9723801612854004,1.7697244882583618,2.960381507873535,2.0482397079467773,1.9864429235458374]","[1.7969111204147339,1.6277300119400024,1.5231941938400269,1.9339470863342285,1.9107766151428223,2.02614688873291,1.4530500173568726,1.2509870529174805]",seeds/cell-001-95e10abb0fde/seed-4/checkpoint.pt,seeds/cell-001-95e10abb0fde/seed-4/snapshots/step-000800.pt
1,scaling-tuned-adamw-10seeds-v1,7097b902cc3f3a43380d0b66433b0a90ecf3915af0cdb913b8b407b76daf38af,cell-001-95e10abb0fde,1,95e10abb0fde32cf907954502d04033a426ee85fcf72516e127ca9570e025e8b,5,0,0,8,4,8,2,4,,adamw,0.003,0.0,800,512,0.0,8192,1.6988532543182373,0.4599609375,-0.08943228423595428,-0.06762001663446426,4.425213813781738,"[1.1926624774932861,1.3868491649627686,1.2754994630813599,1.6782292127609253,1.0454368591308594,1.2403264045715332,0.6523171663284302,0.9993090629577637]","[0.6563778519630432,1.4189784526824951,0.5701944828033447,1.1041889190673828,0.6337387561798096,1.3205411434173584,1.6695442199707031,1.209498643875122]",seeds/cell-001-95e10abb0fde/seed-5/checkpoint.pt,seeds/cell-001-95e10abb0fde/seed-5/snapshots/step-000000.pt
1,scaling-tuned-adamw-10seeds-v1,7097b902cc3f3a43380d0b66433b0a90ecf3915af0cdb913b8b407b76daf38af,cell-001-95e10abb0fde,1,95e10abb0fde32cf907954502d04033a426ee85fcf72516e127ca9570e025e8b,5,1,25,8,4,8,2,4,,adamw,0.003,0.0,800,512,0.0,8192,0.8275649547576904,0.6956787109375,0.11383546888828278,0.11323163658380508,4.2590155601501465,"[1.272289514541626,1.3460279703140259,1.3208491802215576,1.5997843742370605,1.0827059745788574,1.2219432592391968,0.6111018061637878,1.001749038696289]","[0.6630885601043701,1.3719996213912964,0.6347267031669617,1.1347932815551758,0.7336378693580627,1.2509534358978271,1.7279868125915527,1.2336595058441162]",seeds/cell-001-95e10abb0fde/seed-5/checkpoint.pt,seeds/cell-001-95e10abb0fde/seed-5/snapshots/step-000025.pt
1,scaling-tuned-adamw-10seeds-v1,7097b902cc3f3a43380d0b66433b0a90ecf3915af0cdb913b8b407b76daf38af,cell-001-95e10abb0fde,1,95e10abb0fde32cf907954502d04033a426ee85fcf72516e127ca9570e025e8b,5,2,50,8,4,8,2,4,,adamw,0.003,0.0,800,512,0.0,8192,0.7054821252822876,0.7196044921875,0.2950344383716583,0.2801148295402527,4.107397079467773,"[1.4131112098693848,1.297785758972168,1.4073821306228638,1.6027339696884155,1.060572624206543,1.2086665630340576,0.6228837966918945,1.0360050201416016]","[0.6846173405647278,1.4010809659957886,0.6703388690948486,1.1329758167266846,0.8503958582878113,1.2365134954452515,1.7710946798324585,1.2479875087738037]",seeds/cell-001-95e10abb0fde/seed-5/checkpoint.pt,seeds/cell-001-95e10abb0fde/seed-5/snapshots/step-000050.pt
1,scaling-tuned-adamw-10seeds-v1,7097b902cc3f3a43380d0b66433b0a90ecf3915af0cdb913b8b407b76daf38af,cell-001-95e10abb0fde,1,95e10abb0fde32cf907954502d04033a426ee85fcf72516e127ca9570e025e8b,5,3,100,8,4,8,2,4,,adamw,0.003,0.0,800,512,0.0,8192,0.5193960070610046,0.822998046875,0.45187699794769287,0.43059587478637695,3.503978729248047,"[1.876430630683899,1.4141243696212769,1.9297301769256592,1.7074151039123535,1.1206080913543701,1.2545413970947266,1.0175729990005493,1.3974759578704834]","[0.744862973690033,1.392438530921936,0.706367552280426,1.1206316947937012,0.7891726493835449,1.2353776693344116,1.7814265489578247,1.2998383045196533]",seeds/cell-001-95e10abb0fde/seed-5/checkpoint.pt,seeds/cell-001-95e10abb0fde/seed-5/snapshots/step-000100.pt
1,scaling-tuned-adamw-10seeds-v1,7097b902cc3f3a43380d0b66433b0a90ecf3915af0cdb913b8b407b76daf38af,cell-001-95e10abb0fde,1,95e10abb0fde32cf907954502d04033a426ee85fcf72516e127ca9570e025e8b,5,4,200,8,4,8,2,4,,adamw,0.003,0.0,800,512,0.0,8192,0.09027926623821259,0.9921875,0.9225019216537476,0.8906360864639282,3.0982577800750732,"[2.2274084091186523,1.8650680780410767,2.7175354957580566,1.3902697563171387,1.3100889921188354,1.5520559549331665,2.082322120666504,2.133500337600708]","[0.7061770558357239,1.2983577251434326,0.9262949824333191,1.0123029947280884,0.7301622033119202,1.2402499914169312,1.852254033088684,1.4614211320877075]",seeds/cell-001-95e10abb0fde/seed-5/checkpoint.pt,seeds/cell-001-95e10abb0fde/seed-5/snapshots/step-000200.pt
1,scaling-tuned-adamw-10seeds-v1,7097b902cc3f3a43380d0b66433b0a90ecf3915af0cdb913b8b407b76daf38af,cell-001-95e10abb0fde,1,95e10abb0fde32cf907954502d04033a426ee85fcf72516e127ca9570e025e8b,5,5,400,8,4,8,2,4,,adamw,0.003,0.0,800,512,0.0,8192,0.0028380313888192177,1.0,0.9988598823547363,0.9809547662734985,2.866563081741333,"[2.4093117713928223,2.1052041053771973,3.1216869354248047,1.3187451362609863,1.498857021331787,1.6042544841766357,2.5436043739318848,2.7192142009735107]","[0.6200351119041443,1.1784673929214478,1.040928602218628,0.8927784562110901,0.9325482845306396,1.2626430988311768,2.0395994186401367,1.8525421619415283]",seeds/cell-001-95e10abb0fde/seed-5/checkpoint.pt,seeds/cell-001-95e10abb0fde/seed-5/snapshots/step-000400.pt
1,scaling-tuned-adamw-10seeds-v1,7097b902cc3f3a43380d0b66433b0a90ecf3915af0cdb913b8b407b76daf38af,cell-001-95e10abb0fde,1,95e10abb0fde32cf907954502d04033a426ee85fcf72516e127ca9570e025e8b,5,6,800,8,4,8,2,4,,adamw,0.003,0.0,800,512,0.0,8192,0.0005772878648713231,1.0,0.9998740553855896,0.9876269698143005,2.8196256160736084,"[2.5102293491363525,2.1390368938446045,3.219510555267334,1.3386635780334473,1.526672601699829,1.60177481174469,2.650815725326538,2.960766077041626]","[0.5896360874176025,1.140678882598877,1.0437599420547485,0.8763405084609985,1.0241252183914185,1.23638117313385,2.1259613037109375,2.0909056663513184]",seeds/cell-001-95e10abb0fde/seed-5/checkpoint.pt,seeds/cell-001-95e10abb0fde/seed-5/snapshots/step-000800.pt
1,scaling-tuned-adamw-10seeds-v1,7097b902cc3f3a43380d0b66433b0a90ecf3915af0cdb913b8b407b76daf38af,cell-001-95e10abb0fde,1,95e10abb0fde32cf907954502d04033a426ee85fcf72516e127ca9570e025e8b,6,0,0,8,4,8,2,4,,adamw,0.003,0.0,800,512,0.0,8192,3.491377592086792,0.517333984375,-0.02664857544004917,-0.029904957860708237,4.054658889770508,"[1.315513014793396,1.7430837154388428,1.7271780967712402,1.2592813968658447,1.8799967765808105,1.758669137954712,0.8722357153892517,2.099863052368164]","[0.7976449728012085,1.0662891864776611,1.3536516427993774,0.9852572679519653,0.9103615283966064,1.381986379623413,1.8561820983886719,1.2374763488769531]",seeds/cell-001-95e10abb0fde/seed-6/checkpoint.pt,seeds/cell-001-95e10abb0fde/seed-6/snapshots/step-000000.pt
1,scaling-tuned-adamw-10seeds-v1,7097b902cc3f3a43380d0b66433b0a90ecf3915af0cdb913b8b407b76daf38af,cell-001-95e10abb0fde,1,95e10abb0fde32cf907954502d04033a426ee85fcf72516e127ca9570e025e8b,6,1,25,8,4,8,2,4,,adamw,0.003,0.0,800,512,0.0,8192,0.9014537930488586,0.6436767578125,0.1708485633134842,0.12455787509679794,4.26580286026001,"[1.3685007095336914,1.8101667165756226,1.8096415996551514,1.3105958700180054,1.7882708311080933,1.769326090812683,0.9079112410545349,2.0850043296813965]","[0.7977645397186279,0.9517531394958496,1.295706868171692,0.9115965366363525,0.9003773331642151,1.4236940145492554,2.1050405502319336,1.2244216203689575]",seeds/cell-001-95e10abb0fde/seed-6/checkpoint.pt,seeds/cell-001-95e10abb0fde/seed-6/snapshots/step-000025.pt
1,scaling-tuned-adamw-10seeds-v1,7097b902cc3f3a43380d0b66433b0a90ecf3915af0cdb913b8b407b76daf38af,cell-001-95e10abb0fde,1,95e10abb0fde32cf907954502d04033a426ee85fcf72516e127ca9570e025e8b,6,2,50,8,4,8,2,4,,adamw,0.003,0.0,800,512,0.0,8192,0.7741594314575195,0.6937255859375,0.24361607432365417,0.19020827114582062,4.302892208099365,"[1.4569867849349976,1.847419023513794,1.8318462371826172,1.3843085765838623,1.8750945329666138,1.746817946434021,0.9860823750495911,2.0650525093078613]","[0.8028242588043213,0.9319955706596375,1.2601497173309326,0.9066341519355774,0.9581136107444763,1.4515137672424316,2.209040880203247,1.2385457754135132]",seeds/cell-001-95e10abb0fde/seed-6/checkpoint.pt,seeds/cell-001-95e10abb0fde/seed-6/snapshots/step-000050.pt
1,scaling-tuned-adamw-10seeds-v1,7097b902cc3f3a43380d0b66433b0a90ecf3915af0cdb913b8b407b76daf38af,cell-001-95e10abb0fde,1,95e10abb0fde32cf907954502d04033a426ee85fcf72516e127ca9570e025e8b,6,3,100,8,4,8,2,4,,adamw,0.003,0.0,800,512,0.0,8192,0.6377841234207153,0.7640380859375,0.3300215005874634,0.2858911156654358,4.1904730796813965,"[1.6221039295196533,1.8697113990783691,1.8768322467803955,1.4910870790481567,2.050063133239746,1.7061494588851929,1.336881399154663,2.1957919597625732]","[0.8095383048057556,0.9286154508590698,1.242165207862854,0.8967870473861694,1.0173256397247314,1.4220784902572632,2.2788281440734863,1.2812345027923584]",seeds/cell-001-95e10abb0fde/seed-6/checkpoint.pt,seeds/cell-001-95e10abb0fde/seed-6/snapshots/step-000100.pt
1,scaling-tuned-adamw-10seeds-v1,7097b902cc3f3a43380d0b66433b0a90ecf3915af0cdb913b8b407b76daf38af,cell-001-95e10abb0fde,1,95e10abb0fde32cf907954502d04033a426ee85fcf72516e127ca9570e025e8b,6,4,200,8,4,8,2,4,,adamw,0.003,0.0,800,512,0.0,8192,0.29735398292541504,0.9134521484375,0.6920674443244934,0.6530539989471436,3.9508931636810303,"[1.7248101234436035,2.126765012741089,1.7796474695205688,1.6636955738067627,2.592179536819458,1.9094525575637817,1.361405849456787,2.5592169761657715]","[0.7528802156448364,0.9521291255950928,1.3075181245803833,0.8969702124595642,1.126751184463501,1.337996244430542,2.3770649433135986,1.4064449071884155]",seeds/cell-001-95e10abb0fde/seed-6/checkpoint.pt,seeds/cell-001-95e10abb0fde/seed-6/snapshots/step-000200.pt
1,scaling-tuned-adamw-10seeds-v1,7097b902cc3f3a43380d0b66433b0a90ecf3915af0cdb913b8b407b76daf38af,cell-001-95e10abb0fde,1,95e10abb0fde32cf907954502d04033a426ee85fcf72516e127ca9570e025e8b,6,5,400,8,4,8,2,4,,adamw,0.003,0.0,800,512,0.0,8192,0.038180217146873474,0.99853515625,0.9721196889877319,0.9420831203460693,3.8650147914886475,"[1.8608697652816772,2.828847646713257,1.9762879610061646,1.801191806793213,2.704392910003662,2.033454418182373,1.666962742805481,2.9721083641052246]","[0.8412685394287109,0.9770956635475159,1.2683910131454468,0.7592165470123291,1.1879727840423584,1.2979382276535034,3.1354262828826904,2.105734348297119]",seeds/cell-001-95e10abb0fde/seed-6/checkpoint.pt,seeds/cell-001-95e10abb0fde/seed-6/snapshots/step-000400.pt
1,scaling-tuned-adamw-10seeds-v1,7097b902cc3f3a43380d0b66433b0a90ecf3915af0cdb913b8b407b76daf38af,cell-001-95e10abb0fde,1,95e10abb0fde32cf907954502d04033a426ee85fcf72516e127ca9570e025e8b,6,6,800,8,4,8,2,4,,adamw,0.003,0.0,800,512,0.0,8192,0.0026660552248358727,1.0,0.9993286728858948,0.9769182205200195,3.7760732173919678,"[2.033912181854248,3.2038586139678955,2.0872511863708496,1.8058968782424927,2.615462303161621,2.041785717010498,1.98479163646698,3.1709625720977783]","[0.8527907133102417,0.9470111727714539,1.1657624244689941,0.6516743898391724,1.2471452951431274,1.2780959606170654,4.138354778289795,2.5690758228302]",seeds/cell-001-95e10abb0fde/seed-6/checkpoint.pt,seeds/cell-001-95e10abb0fde/seed-6/snapshots/step-000800.pt
1,scaling-tuned-adamw-10seeds-v1,7097b902cc3f3a43380d0b66433b0a90ecf3915af0cdb913b8b407b76daf38af,cell-001-95e10abb0fde,1,95e10abb0fde32cf907954502d04033a426ee85fcf72516e127ca9570e025e8b,7,0,0,8,4,8,2,4,,adamw,0.003,0.0,800,512,0.0,8192,1.0295360088348389,0.5474853515625,0.03145545721054077,0.04012603312730789,3.453298330307007,"[1.6758474111557007,1.207741618156433,1.1937447786331177,0.8554121851921082,1.3146412372589111,1.1962636709213257,0.9964856505393982,1.5387639999389648]","[1.1617058515548706,1.4819732904434204,1.3978701829910278,2.2691802978515625,1.5278007984161377,1.6381515264511108,2.2720298767089844,1.7237300872802734]",seeds/cell-001-95e10abb0fde/seed-7/checkpoint.pt,seeds/cell-001-95e10abb0fde/seed-7/snapshots/step-000000.pt
1,scaling-tuned-adamw-10seeds-v1,7097b902cc3f3a43380d0b66433b0a90ecf3915af0cdb913b8b407b76daf38af,cell-001-95e10abb0fde,1,95e10abb0fde32cf907954502d04033a426ee85fcf72516e127ca9570e025e8b,7,1,25,8,4,8,2,4,,adamw,0.003,0.0,800,512,0.0,8192,0.7788662910461426,0.695556640625,0.2287977635860443,0.1835068315267563,3.4581775665283203,"[1.8050694465637207,1.186334252357483,1.217208743095398,0.8321866393089294,1.3516335487365723,1.1775330305099487,0.9293554425239563,1.5311037302017212]","[1.189247965812683,1.3975732326507568,1.5148221254348755,2.4114060401916504,1.6102856397628784,1.7188527584075928,2.2368783950805664,1.7796019315719604]",seeds/cell-001-95e10abb0fde/seed-7/checkpoint.pt,seeds/cell-001-95e10abb0fde/seed-7/snapshots/step-000025.pt
1,scaling-tuned-adamw-10seeds-v1,7097b902cc3f3a43380d0b66433b0a90ecf3915af0cdb913b8b407b76daf38af,cell-001-95e10abb0fde,1,95e10abb0fde32cf907954502d04033a426ee85fcf72516e127ca9570e025e8b,7,2,50,8,4,8,2,4,,adamw,0.003,0.0,800,512,0.0,8192,0.706419825553894,0.724609375,0.2778194546699524,0.2350989282131195,3.1961376667022705,"[1.9511398077011108,1.1538128852844238,1.2221561670303345,0.8163546323776245,1.433191180229187,1.1885473728179932,0.9905661940574646,1.4895671606063843]","[1.2259389162063599,1.3813047409057617,1.5267750024795532,2.4949581623077393,1.636193037033081,1.7441425323486328,2.202535629272461,1.7464590072631836]",seeds/cell-001-95e10abb0fde/seed-7/checkpoint.pt,seeds/cell-001-95e10abb0fde/seed-7/snapshots/step-000050.pt
1,scaling-tuned-adamw-10seeds-v1,7097b902cc3f3a43380d0b66433b0a90ecf3915af0cdb913b8b407b76daf38af,cell-001-95e10abb0fde,1,95e10abb0fde32cf907954502d04033a426ee85fcf72516e127ca9570e025e8b,7,3,100,8,4,8,2,4,,adamw,0.003,0.0,800,512,0.0,8192,0.4708251953125,0.832763671875,0.5250145196914673,0.4914686977863312,3.0042998790740967,"[2.225874662399292,1.2075046300888062,1.3984825611114502,0.9740447998046875,1.8195549249649048,1.228809118270874,1.1253399848937988,1.3995200395584106]","[1.349304437637329,1.3670499324798584,1.5568629503250122,2.3413422107696533,1.802318811416626,1.7335450649261475,2.102221965789795,1.5814509391784668]",seeds/cell-001-95e10abb0fde/seed-7/checkpoint.pt,seeds/cell-001-95e10abb0fde/seed-7/snapshots/step-000100.pt
1,scaling-tuned-adamw-10seeds-v1,7097b902cc3f3a43380d0b66433b0a90ecf3915af0cdb913b8b407b76daf38af,cell-001-95e10abb0fde,1,95e10abb0fde32cf907954502d04033a426ee85fcf72516e127ca9570e025e8b,7,4,200,8,4,8,2,4,,adamw,0.003,0.0,800,512,0.0,8192,0.05909663811326027,0.989501953125,0.9447033405303955,0.9274379014968872,3.1876230239868164,"[2.1739938259124756,1.2979990243911743,1.7148535251617432,1.0348808765411377,2.144925832748413,1.4540691375732422,1.3331880569458008,1.4930285215377808]","[1.370788335800171,1.2378846406936646,1.7056770324707031,1.9522929191589355,2.523029327392578,1.710665225982666,1.7747437953948975,1.3879584074020386]",seeds/cell-001-95e10abb0fde/seed-7/checkpoint.pt,seeds/cell-001-95e10abb0fde/seed-7/snapshots/step-000200.pt
1,scaling-tuned-adamw-10seeds-v1,7097b902cc3f3a43380d0b66433b0a90ecf3915af0cdb913b8b407b76daf38af,cell-001-95e10abb0fde,1,95e10abb0fde32cf907954502d04033a426ee85fcf72516e127ca9570e025e8b,7,5,400,8,4,8,2,4,,adamw,0.003,0.0,800,512,0.0,8192,0.002348495414480567,1.0,0.998257040977478,0.9801336526870728,3.081454038619995,"[1.943674087524414,1.2391912937164307,1.822786808013916,1.1209584474563599,2.278160810470581,1.5347079038619995,1.6608351469039917,1.778177261352539]","[1.2697689533233643,1.1427234411239624,1.7288944721221924,1.9346816539764404,3.193448781967163,1.734665870666504,1.754562258720398,1.4943337440490723]",seeds/cell-001-95e10abb0fde/seed-7/checkpoint.pt,seeds/cell-001-95e10abb0fde/seed-7/snapshots/step-000400.pt
1,scaling-tuned-adamw-10seeds-v1,7097b902cc3f3a43380d0b66433b0a90ecf3915af0cdb913b8b407b76daf38af,cell-001-95e10abb0fde,1,95e10abb0fde32cf907954502d04033a426ee85fcf72516e127ca9570e025e8b,7,6,800,8,4,8,2,4,,adamw,0.003,0.0,800,512,0.0,8192,0.00045382394455373287,1.0,1.000016212463379,0.9840803146362305,3.0768051147460938,"[1.8854609727859497,1.2328672409057617,1.8532321453094482,1.1390087604522705,2.3326497077941895,1.5688090324401855,1.7201459407806396,1.928687334060669]","[1.2400264739990234,1.109387993812561,1.714674949645996,1.9276924133300781,3.5210587978363037,1.760546088218689,1.8154064416885376,1.5089800357818604]",seeds/cell-001-95e10abb0fde/seed-7/checkpoint.pt,seeds/cell-001-95e10abb0fde/seed-7/snapshots/step-000800.pt
1,scaling-tuned-adamw-10seeds-v1,7097b902cc3f3a43380d0b66433b0a90ecf3915af0cdb913b8b407b76daf38af,cell-001-95e10abb0fde,1,95e10abb0fde32cf907954502d04033a426ee85fcf72516e127ca9570e025e8b,8,0,0,8,4,8,2,4,,adamw,0.003,0.0,800,512,0.0,8192,1.0265753269195557,0.51025390625,0.009003359824419022,0.005007175728678703,4.1831159591674805,"[1.3394317626953125,1.1785438060760498,1.285760760307312,1.5206629037857056,1.3662654161453247,0.9449946880340576,0.8219268918037415,1.488976001739502]","[1.3534756898880005,2.497950792312622,1.6790467500686646,1.5601245164871216,2.2992236614227295,1.2519493103027344,0.8058976531028748,1.8245850801467896]",seeds/cell-001-95e10abb0fde/seed-8/checkpoint.pt,seeds/cell-001-95e10abb0fde/seed-8/snapshots/step-000000.pt
1,scaling-tuned-adamw-10seeds-v1,7097b902cc3f3a43380d0b66433b0a90ecf3915af0cdb913b8b407b76daf38af,cell-001-95e10abb0fde,1,95e10abb0fde32cf907954502d04033a426ee85fcf72516e127ca9570e025e8b,8,1,25,8,4,8,2,4,,adamw,0.003,0.0,800,512,0.0,8192,0.7663332223892212,0.6959228515625,0.22848065197467804,0.1930655986070633,4.094743251800537,"[1.3213155269622803,1.0613030195236206,1.2714418172836304,1.4969524145126343,1.4304767847061157,0.949091911315918,0.7555238008499146,1.4574720859527588]","[1.3474516868591309,2.488421678543091,1.5593897104263306,1.5564024448394775,2.369025707244873,1.352018117904663,0.8923994302749634,1.8673810958862305]",seeds/cell-001-95e10abb0fde/seed-8/checkpoint.pt,seeds/cell-001-95e10abb0fde/seed-8/snapshots/step-000025.pt
1,scaling-tuned-adamw-10seeds-v1,7097b902cc3f3a43380d0b66433b0a90ecf3915af0cdb913b8b407b76daf38af,cell-001-95e10abb0fde,1,95e10abb0fde32cf907954502d04033a426ee85fcf72516e127ca9570e025e8b,8,2,50,8,4,8,2,4,,adamw,0.003,0.0,800,512,0.0,8192,0.6637681722640991,0.7454833984375,0.32353171706199646,0.29703396558761597,4.106078624725342,"[1.2880455255508423,1.0400310754776,1.2395628690719604,1.5113012790679932,1.5149734020233154,0.9424322247505188,0.8894335031509399,1.5363976955413818]","[1.338080883026123,2.5089821815490723,1.5009859800338745,1.5958188772201538,2.3325181007385254,1.3209298849105835,0.9257665872573853,1.8715386390686035]",seeds/cell-001-95e10abb0fde/seed-8/checkpoint.pt,seeds/cell-001-95e10abb0fde/seed-8/snapshots/step-000050.pt
1,scaling-tuned-adamw-10seeds-v1,7097b902cc3f3a43380d0b66433b0a90ecf3915af0cdb913b8b407b76daf38af,cell-001-95e10abb0fde,1,95e10abb0fde32cf907954502d04033a426ee85fcf72516e127ca9570e025e8b,8,3,100,8,4,8,2,4,,adamw,0.003,0.0,800,512,0.0,8192,0.45218315720558167,0.8531494140625,0.5508574843406677,0.5190626382827759,4.120830535888672,"[1.2874661684036255,1.1656662225723267,1.361037254333496,1.816949486732483,1.687376618385315,1.028235673904419,1.3407145738601685,1.6501166820526123]","[1.2990611791610718,2.352059841156006,1.5297932624816895,1.6392035484313965,2.3374013900756836,1.2224949598312378,0.9488304257392883,1.7984085083007812]",seeds/cell-001-95e10abb0fde/seed-8/checkpoint.pt,seeds/cell-001-95e10abb0fde/seed-8/snapshots/step-000100.pt
1,scaling-tuned-adamw-10seeds-v1,7097b902cc3f3a43380d0b66433b0a90ecf3915af0cdb913b8b407b76daf38af,cell-001-95e10abb0fde,1,95e10abb0fde32cf907954502d04033a426ee85fcf72516e127ca9570e025e8b,8,4,200,8,4,8,2,4,,adamw,0.003,0.0,800,512,0.0,8192,0.09085093438625336,0.9853515625,0.9040406942367554,0.8719227910041809,4.070670127868652,"[1.1411585807800293,1.5431932210922241,1.6996519565582275,2.429932117462158,2.055785655975342,1.5475869178771973,2.225921154022217,1.823153018951416]","[1.108115553855896,2.1174793243408203,1.3436185121536255,1.5975545644760132,2.746333599090576,1.1094962358474731,1.4567341804504395,1.788680911064148]",seeds/cell-001-95e10abb0fde/seed-8/checkpoint.pt,seeds/cell-001-95e10abb0fde/seed-8/snapshots/step-000200.pt
1,scaling-tuned-adamw-10seeds-v1,7097b902cc3f3a43380d0b66433b0a90ecf3915af0cdb913b8b407b76daf38af,cell-001-95e10abb0fde,1,95e10abb0fde32cf907954502d04033a426ee85fcf72516e127ca9570e025e8b,8,5,400,8,4,8,2,4,,adamw,0.003,0.0,800,512,0.0,8192,0.0032212012447416782,1.0,0.9966710805892944,0.9719176292419434,3.7858965396881104,"[1.0124318599700928,1.680989146232605,1.9165674448013306,2.43404221534729,2.199220895767212,1.5758543014526367,2.996663808822632,1.8940242528915405]","[0.9267226457595825,1.8759056329727173,1.2645412683486938,1.538706660270691,3.343773603439331,1.0689080953598022,2.6398844718933105,1.7601845264434814]",seeds/cell-001-95e10abb0fde/seed-8/checkpoint.pt,seeds/cell-001-95e10abb0fde/seed-8/snapshots/step-000400.pt
1,scaling-tuned-adamw-10seeds-v1,7097b902cc3f3a43380d0b66433b0a90ecf3915af0cdb913b8b407b76daf38af,cell-001-95e10abb0fde,1,95e10abb0fde32cf907954502d04033a426ee85fcf72516e127ca9570e025e8b,8,6,800,8,4,8,2,4,,adamw,0.003,0.0,800,512,0.0,8192,0.000609290786087513,1.0,0.9995662569999695,0.9783302545547485,3.6898975372314453,"[0.9966644048690796,1.7107807397842407,1.9408771991729736,2.4510838985443115,2.2111318111419678,1.5884824991226196,3.2373857498168945,1.8891875743865967]","[0.8926563262939453,1.7766039371490479,1.2522846460342407,1.5026447772979736,3.5492801666259766,1.0471197366714478,3.3374431133270264,1.7248517274856567]",seeds/cell-001-95e10abb0fde/seed-8/checkpoint.pt,seeds/cell-001-95e10abb0fde/seed-8/snapshots/step-000800.pt
1,scaling-tuned-adamw-10seeds-v1,7097b902cc3f3a43380d0b66433b0a90ecf3915af0cdb913b8b407b76daf38af,cell-001-95e10abb0fde,1,95e10abb0fde32cf907954502d04033a426ee85fcf72516e127ca9570e025e8b,9,0,0,8,4,8,2,4,,adamw,0.003,0.0,800,512,0.0,8192,1.542803406715393,0.48974609375,0.008416470140218735,0.008560786023736,4.039891242980957,"[1.6331865787506104,1.0692836046218872,1.0796676874160767,1.4762436151504517,0.9799988865852356,1.4080767631530762,1.082946538925171,1.3235443830490112]","[1.17267644405365,1.9410570859909058,1.359290599822998,1.9741920232772827,1.7065632343292236,1.000548243522644,1.3157858848571777,1.8461941480636597]",seeds/cell-001-95e10abb0fde/seed-9/checkpoint.pt,seeds/cell-001-95e10abb0fde/seed-9/snapshots/step-000000.pt
1,scaling-tuned-adamw-10seeds-v1,7097b902cc3f3a43380d0b66433b0a90ecf3915af0cdb913b8b407b76daf38af,cell-001-95e10abb0fde,1,95e10abb0fde32cf907954502d04033a426ee85fcf72516e127ca9570e025e8b,9,1,25,8,4,8,2,4,,adamw,0.003,0.0,800,512,0.0,8192,0.9137288331985474,0.615234375,0.09674236178398132,0.08308170735836029,4.254005432128906,"[1.6303198337554932,1.0536963939666748,1.105668544769287,1.524341106414795,0.9071598052978516,1.5445066690444946,1.1314791440963745,1.2232446670532227]","[1.078944444656372,1.8810898065567017,1.4434928894042969,2.0751535892486572,1.8381235599517822,1.0586003065109253,1.4141963720321655,1.9562764167785645]",seeds/cell-001-95e10abb0fde/seed-9/checkpoint.pt,seeds/cell-001-95e10abb0fde/seed-9/snapshots/step-000025.pt
1,scaling-tuned-adamw-10seeds-v1,7097b902cc3f3a43380d0b66433b0a90ecf3915af0cdb913b8b407b76daf38af,cell-001-95e10abb0fde,1,95e10abb0fde32cf907954502d04033a426ee85fcf72516e127ca9570e025e8b,9,2,50,8,4,8,2,4,,adamw,0.003,0.0,800,512,0.0,8192,0.7656999826431274,0.7032470703125,0.2349981814622879,0.19951759278774261,4.0961103439331055,"[1.6174522638320923,0.9985582232475281,1.1275357007980347,1.5872453451156616,0.8903540968894958,1.7554407119750977,1.0653096437454224,1.1563966274261475]","[1.0774849653244019,1.9154027700424194,1.4224853515625,2.0960912704467773,1.8044657707214355,1.0891386270523071,1.4739532470703125,1.997679591178894]",seeds/cell-001-95e10abb0fde/seed-9/checkpoint.pt,seeds/cell-001-95e10abb0fde/seed-9/snapshots/step-000050.pt
1,scaling-tuned-adamw-10seeds-v1,7097b902cc3f3a43380d0b66433b0a90ecf3915af0cdb913b8b407b76daf38af,cell-001-95e10abb0fde,1,95e10abb0fde32cf907954502d04033a426ee85fcf72516e127ca9570e025e8b,9,3,100,8,4,8,2,4,,adamw,0.003,0.0,800,512,0.0,8192,0.5317693948745728,0.811279296875,0.44199758768081665,0.4090994596481323,3.6438028812408447,"[1.6162903308868408,1.1427114009857178,1.282443642616272,1.6304277181625366,1.003954291343689,2.2203242778778076,1.1660252809524536,1.2079945802688599]","[1.1125699281692505,1.8997373580932617,1.313984751701355,2.2773656845092773,1.6868658065795898,1.2767962217330933,1.4921735525131226,1.9654872417449951]",seeds/cell-001-95e10abb0fde/seed-9/checkpoint.pt,seeds/cell-001-95e10abb0fde/seed-9/snapshots/step-000100.pt
1,scaling-tuned-adamw-10seeds-v1,7097b902cc3f3a43380d0b66433b0a90ecf3915af0cdb913b8b407b76daf38af,cell-001-95e10abb0fde,1,95e10abb0fde32cf907954502d04033a426ee85fcf72516e127ca9570e025e8b,9,4,200,8,4,8,2,4,,adamw,0.003,0.0,800,512,0.0,8192,0.13368767499923706,0.9803466796875,0.8862842321395874,0.8528190851211548,3.7324535846710205,"[1.5986756086349487,1.907639741897583,1.5495258569717407,1.8942475318908691,0.9915527105331421,2.171415328979492,1.9902845621109009,1.5175846815109253]","[1.1832232475280762,2.0257158279418945,1.2720264196395874,2.072362184524536,1.7019346952438354,1.495272159576416,1.6091667413711548,1.7491121292114258]",seeds/cell-001-95e10abb0fde/seed-9/checkpoint.pt,seeds/cell-001-95e10abb0fde/seed-9/snapshots/step-000200.pt
1,scaling-tuned-adamw-10seeds-v1,7097b902cc3f3a43380d0b66433b0a90ecf3915af0cdb913b8b407b76daf38af,cell-001-95e10abb0fde,1,95e10abb0fde32cf907954502d04033a426ee85fcf72516e127ca9570e025e8b,9,5,400,8,4,8,2,4,,adamw,0.003,0.0,800,512,0.0,8192,0.009543553926050663,1.0,0.9939025044441223,0.9826083183288574,3.8881032466888428,"[1.7947701215744019,2.223320245742798,1.5211122035980225,2.1586410999298096,0.852307140827179,2.6726443767547607,2.3760077953338623,1.5123202800750732]","[1.3056399822235107,1.8869493007659912,1.0979253053665161,1.8693983554840088,1.6319469213485718,1.9280240535736084,1.8775266408920288,1.8064318895339966]",seeds/cell-001-95e10abb0fde/seed-9/checkpoint.pt,seeds/cell-001-95e10abb0fde/seed-9/snapshots/step-000400.pt
1,scaling-tuned-adamw-10seeds-v1,7097b902cc3f3a43380d0b66433b0a90ecf3915af0cdb913b8b407b76daf38af,cell-001-95e10abb0fde,1,95e10abb0fde32cf907954502d04033a426ee85fcf72516e127ca9570e025e8b,9,6,800,8,4,8,2,4,,adamw,0.003,0.0,800,512,0.0,8192,0.0010013654828071594,1.0,0.998501718044281,0.9958605766296387,3.8175182342529297,"[1.9007846117019653,2.316006898880005,1.5156418085098267,2.202028751373291,0.8406285643577576,2.7918715476989746,2.5707244873046875,1.5326529741287231]","[1.3769465684890747,1.850243091583252,1.0163488388061523,1.8126778602600098,1.4678257703781128,2.3064420223236084,2.4580235481262207,1.8307539224624634]",seeds/cell-001-95e10abb0fde/seed-9/checkpoint.pt,seeds/cell-001-95e10abb0fde/seed-9/snapshots/step-000800.pt
1,scaling-tuned-adamw-10seeds-v1,7097b902cc3f3a43380d0b66433b0a90ecf3915af0cdb913b8b407b76daf38af,cell-002-4a3528c0206e,2,4a3528c0206eb2d1a222ef6001e2ce54478d17701fb8dec6e6fa71401d9d6fe6,0,0,0,32,4,8,2,1,,adamw,0.003,0.0,800,512,0.0,8192,1.2909479141235352,0.50244140625,-0.004413627088069916,0.00016043067444115877,6.28398323059082,"[3.1506435871124268,2.662508249282837]","[4.0927629470825195,2.4807064533233643]",seeds/cell-002-4a3528c0206e/seed-0/checkpoint.pt,seeds/cell-002-4a3528c0206e/seed-0/snapshots/step-000000.pt
1,scaling-tuned-adamw-10seeds-v1,7097b902cc3f3a43380d0b66433b0a90ecf3915af0cdb913b8b407b76daf38af,cell-002-4a3528c0206e,2,4a3528c0206eb2d1a222ef6001e2ce54478d17701fb8dec6e6fa71401d9d6fe6,0,1,25,32,4,8,2,1,,adamw,0.003,0.0,800,512,0.0,8192,0.8027931451797485,0.6873779296875,0.17205765843391418,0.15718886256217957,6.229893207550049,"[3.114161252975464,2.68558406829834]","[4.051598072052002,2.716681718826294]",seeds/cell-002-4a3528c0206e/seed-0/checkpoint.pt,seeds/cell-002-4a3528c0206e/seed-0/snapshots/step-000025.pt
1,scaling-tuned-adamw-10seeds-v1,7097b902cc3f3a43380d0b66433b0a90ecf3915af0cdb913b8b407b76daf38af,cell-002-4a3528c0206e,2,4a3528c0206eb2d1a222ef6001e2ce54478d17701fb8dec6e6fa71401d9d6fe6,0,2,50,32,4,8,2,1,,adamw,0.003,0.0,800,512,0.0,8192,0.6847104430198669,0.73974609375,0.30826666951179504,0.2844770550727844,6.135700702667236,"[3.109524726867676,2.745746612548828]","[3.9777228832244873,2.7501611709594727]",seeds/cell-002-4a3528c0206e/seed-0/checkpoint.pt,seeds/cell-002-4a3528c0206e/seed-0/snapshots/step-000050.pt
1,scaling-tuned-adamw-10seeds-v1,7097b902cc3f3a43380d0b66433b0a90ecf3915af0cdb913b8b407b76daf38af,cell-002-4a3528c0206e,2,4a3528c0206eb2d1a222ef6001e2ce54478d17701fb8dec6e6fa71401d9d6fe6,0,3,100,32,4,8,2,1,,adamw,0.003,0.0,800,512,0.0,8192,0.3514850437641144,0.8765869140625,0.6535595655441284,0.6555604934692383,5.649177551269531,"[3.739276647567749,3.40258526802063]","[3.6629481315612793,2.642225503921509]",seeds/cell-002-4a3528c0206e/seed-0/checkpoint.pt,seeds/cell-002-4a3528c0206e/seed-0/snapshots/step-000100.pt
1,scaling-tuned-adamw-10seeds-v1,7097b902cc3f3a43380d0b66433b0a90ecf3915af0cdb913b8b407b76daf38af,cell-002-4a3528c0206e,2,4a3528c0206eb2d1a222ef6001e2ce54478d17701fb8dec6e6fa71401d9d6fe6,0,4,200,32,4,8,2,1,,adamw,0.003,0.0,800,512,0.0,8192,0.014491857029497623,0.9979248046875,0.978630781173706,0.9931725263595581,5.337820529937744,"[4.849048614501953,4.103727340698242]","[3.4971580505371094,2.9682559967041016]",seeds/cell-002-4a3528c0206e/seed-0/checkpoint.pt,seeds/cell-002-4a3528c0206e/seed-0/snapshots/step-000200.pt
1,scaling-tuned-adamw-10seeds-v1,7097b902cc3f3a43380d0b66433b0a90ecf3915af0cdb913b8b407b76daf38af,cell-002-4a3528c0206e,2,4a3528c0206eb2d1a222ef6001e2ce54478d17701fb8dec6e6fa71401d9d6fe6,0,5,400,32,4,8,2,1,,adamw,0.003,0.0,800,512,0.0,8192,0.001649747253395617,0.999755859375,0.9961906671524048,1.0121458768844604,5.241985321044922,"[5.1559834480285645,4.288967132568359]","[3.5629749298095703,3.3935012817382812]",seeds/cell-002-4a3528c0206e/seed-0/checkpoint.pt,seeds/cell-002-4a3528c0206e/seed-0/snapshots/step-000400.pt
1,scaling-tuned-adamw-10seeds-v1,7097b902cc3f3a43380d0b66433b0a90ecf3915af0cdb913b8b407b76daf38af,cell-002-4a3528c0206e,2,4a3528c0206eb2d1a222ef6001e2ce54478d17701fb8dec6e6fa71401d9d6fe6,0,6,800,32,4,8,2,1,,adamw,0.003,0.0,800,512,0.0,8192,0.00036082399310544133,1.0,0.999498724937439,1.0190918445587158,5.188929557800293,"[5.282760143280029,4.374455451965332]","[3.6475343704223633,3.8140039443969727]",seeds/cell-002-4a3528c0206e/seed-0/checkpoint.pt,seeds/cell-002-4a3528c0206e/seed-0/snapshots/step-000800.pt
1,scaling-tuned-adamw-10seeds-v1,7097b902cc3f3a43380d0b66433b0a90ecf3915af0cdb913b8b407b76daf38af,cell-002-4a3528c0206e,2,4a3528c0206eb2d1a222ef6001e2ce54478d17701fb8dec6e6fa71401d9d6fe6,1,0,0,32,4,8,2,1,,adamw,0.003,0.0,800,512,0.0,8192,1.0562736988067627,0.5699462890625,0.12710142135620117,0.15626674890518188,6.071922779083252,"[3.166959762573242,2.4915685653686523]","[2.551872968673706,3.0762434005737305]",seeds/cell-002-4a3528c0206e/seed-1/checkpoint.pt,seeds/cell-002-4a3528c0206e/seed-1/snapshots/step-000000.pt
1,scaling-tuned-adamw-10seeds-v1,7097b902cc3f3a43380d0b66433b0a90ecf3915af0cdb913b8b407b76daf38af,cell-002-4a3528c0206e,2,4a3528c0206eb2d1a222ef6001e2ce54478d17701fb8dec6e6fa71401d9d6fe6,1,1,25,32,4,8,2,1,,adamw,0.003,0.0,800,512,0.0,8192,0.7780757546424866,0.6986083984375,0.2126273512840271,0.19795820116996765,5.99454927444458,"[3.033651828765869,2.4617958068847656]","[2.4093821048736572,3.2669484615325928]",seeds/cell-002-4a3528c0206e/seed-1/checkpoint.pt,seeds/cell-002-4a3528c0206e/seed-1/snapshots/step-000025.pt
1,scaling-tuned-adamw-10seeds-v1,7097b902cc3f3a43380d0b66433b0a90ecf3915af0cdb913b8b407b76daf38af,cell-002-4a3528c0206e,2,4a3528c0206eb2d1a222ef6001e2ce54478d17701fb8dec6e6fa71401d9d6fe6,1,2,50,32,4,8,2,1,,adamw,0.003,0.0,800,512,0.0,8192,0.6940125823020935,0.734375,0.28613388538360596,0.2747018039226532,5.722222328186035,"[3.0090179443359375,2.6820480823516846]","[2.331989049911499,3.3287012577056885]",seeds/cell-002-4a3528c0206e/seed-1/checkpoint.pt,seeds/cell-002-4a3528c0206e/seed-1/snapshots/step-000050.pt
1,scaling-tuned-adamw-10seeds-v1,7097b902cc3f3a43380d0b66433b0a90ecf3915af0cdb913b8b407b76daf38af,cell-002-4a3528c0206e,2,4a3528c0206eb2d1a222ef6001e2ce54478d17701fb8dec6e6fa71401d9d6fe6,1,3,100,32,4,8,2,1,,adamw,0.003,0.0,800,512,0.0,8192,0.37333130836486816,0.87890625,0.6307791471481323,0.6439193487167358,4.832902908325195,"[3.4741129875183105,3.7603936195373535]","[2.269351005554199,3.2590384483337402]",seeds/cell-002-4a3528c0206e/seed-1/checkpoint.pt,seeds/cell-002-4a3528c0206e/seed-1/snapshots/step-000100.pt
1,scaling-tuned-adamw-10seeds-v1,7097b902cc3f3a43380d0b66433b0a90ecf3915af0cdb913b8b407b76daf38af,cell-002-4a3528c0206e,2,4a3528c0206eb2d1a222ef6001e2ce54478d17701fb8dec6e6fa71401d9d6fe6,1,4,200,32,4,8,2,1,,adamw,0.003,0.0,800,512,0.0,8192,0.0482063964009285,0.9876708984375,0.9473305940628052,0.9450278282165527,4.14213752746582,"[3.9485247135162354,5.1104607582092285]","[1.853616714477539,3.8967666625976562]",seeds/cell-002-4a3528c0206e/seed-1/checkpoint.pt,seeds/cell-002-4a3528c0206e/seed-1/snapshots/step-000200.pt
1,scaling-tuned-adamw-10seeds-v1,7097b902cc3f3a43380d0b66433b0a90ecf3915af0cdb913b8b407b76daf38af,cell-002-4a3528c0206e,2,4a3528c0206eb2d1a222ef6001e2ce54478d17701fb8dec6e6fa71401d9d6fe6,1,5,400,32,4,8,2,1,,adamw,0.003,0.0,800,512,0.0,8192,0.0015140222385525703,1.0,0.9953060746192932,1.0010690689086914,4.012125492095947,"[4.12749719619751,5.765315532684326]","[1.6434285640716553,4.905821800231934]",seeds/cell-002-4a3528c0206e/seed-1/checkpoint.pt,seeds/cell-002-4a3528c0206e/seed-1/snapshots/step-000400.pt
1,scaling-tuned-adamw-10seeds-v1,7097b902cc3f3a43380d0b66433b0a90ecf3915af0cdb913b8b407b76daf38af,cell-002-4a3528c0206e,2,4a3528c0206eb2d1a222ef6001e2ce54478d17701fb8dec6e6fa71401d9d6fe6,1,6,800,32,4,8,2,1,,adamw,0.003,0.0,800,512,0.0,8192,0.000326434092130512,1.0,1.0000313520431519,1.0044084787368774,3.977736711502075,"[4.199448585510254,6.000007152557373]","[1.6099698543548584,5.433459281921387]",seeds/cell-002-4a3528c0206e/seed-1/checkpoint.pt,seeds/cell-002-4a3528c0206e/seed-1/snapshots/step-000800.pt
1,scaling-tuned-adamw-10seeds-v1,7097b902cc3f3a43380d0b66433b0a90ecf3915af0cdb913b8b407b76daf38af,cell-002-4a3528c0206e,2,4a3528c0206eb2d1a222ef6001e2ce54478d17701fb8dec6e6fa71401d9d6fe6,2,0,0,32,4,8,2,1,,adamw,0.003,0.0,800,512,0.0,8192,1.5610947608947754,0.5430908203125,0.11306504905223846,0.09424194693565369,6.277624130249023,"[3.1029398441314697,2.8102493286132812]","[2.584322214126587,4.03958797454834]",seeds/cell-002-4a3528c0206e/seed-2/checkpoint.pt,seeds/cell-002-4a3528c0206e/seed-2/snapshots/step-000000.pt
1,scaling-tuned-adamw-10seeds-v1,7097b902cc3f3a43380d0b66433b0a90ecf3915af0cdb913b8b407b76daf38af,cell-002-4a3528c0206e,2,4a3528c0206eb2d1a222ef6001e2ce54478d17701fb8dec6e6fa71401d9d6fe6,2,1,25,32,4,8,2,1,,adamw,0.003,0.0,800,512,0.0,8192,0.8502349853515625,0.6611328125,0.13837924599647522,0.1096905842423439,6.250443458557129,"[3.1891260147094727,3.0766146183013916]","[2.543793201446533,4.145407676696777]",seeds/cell-002-4a3528c0206e/seed-2/checkpoint.pt,seeds/cell-002-4a3528c0206e/seed-2/snapshots/step-000025.pt
1,scaling-tuned-adamw-10seeds-v1,7097b902cc3f3a43380d0b66433b0a90ecf3915af0cdb913b8b407b76daf38af,cell-002-4a3528c0206e,2,4a3528c0206eb2d1a222ef6001e2ce54478d17701fb8dec6e6fa71401d9d6fe6,2,2,50,32,4,8,2,1,,adamw,0.003,0.0,800,512,0.0,8192,0.7599735260009766,0.703369140625,0.24544575810432434,0.2046489119529724,6.054080963134766,"[3.212709665298462,3.128175973892212]","[2.574833869934082,4.203884124755859]",seeds/cell-002-4a3528c0206e/seed-2/checkpoint.pt,seeds/cell-002-4a3528c0206e/seed-2/snapshots/step-000050.pt
1,scaling-tuned-adamw-10seeds-v1,7097b902cc3f3a43380d0b66433b0a90ecf3915af0cdb913b8b407b76daf38af,cell-002-4a3528c0206e,2,4a3528c0206eb2d1a222ef6001e2ce54478d17701fb8dec6e6fa71401d9d6fe6,2,3,100,32,4,8,2,1,,adamw,0.003,0.0,800,512,0.0,8192,0.5330584049224854,0.815185546875,0.45953813195228577,0.4515763223171234,5.395643711090088,"[3.32011079788208,3.5762412548065186]","[2.5721166133880615,4.348543643951416]",seeds/cell-002-4a3528c0206e/seed-2/checkpoint.pt,seeds/cell-002-4a3528c0206e/seed-2/snapshots/step-000100.pt
1,scaling-tuned-adamw-10seeds-v1,7097b902cc3f3a43380d0b66433b0a90ecf3915af0cdb913b8b407b76daf38af,cell-002-4a3528c0206e,2,4a3528c0206eb2d1a222ef6001e2ce54478d17701fb8dec6e6fa71401d9d6fe6,2,4,200,32,4,8,2,1,,adamw,0.003,0.0,800,512,0.0,8192,0.10505913943052292,0.9708251953125,0.9079186916351318,0.8948984146118164,4.429659843444824,"[3.6280224323272705,5.141022682189941]","[2.379321336746216,5.536870002746582]",seeds/cell-002-4a3528c0206e/seed-2/checkpoint.pt,seeds/cell-002-4a3528c0206e/seed-2/snapshots/step-000200.pt
1,scaling-tuned-adamw-10seeds-v1,7097b902cc3f3a43380d0b66433b0a90ecf3915af0cdb913b8b407b76daf38af,cell-002-4a3528c0206e,2,4a3528c0206eb2d1a222ef6001e2ce54478d17701fb8dec6e6fa71401d9d6fe6,2,5,400,32,4,8,2,1,,adamw,0.003,0.0,800,512,0.0,8192,0.0034275206271559,1.0,0.9971163272857666,0.9910354018211365,4.095794200897217,"[3.890782356262207,6.184910774230957]","[2.2074453830718994,7.679296016693115]",seeds/cell-002-4a3528c0206e/seed-2/checkpoint.pt,seeds/cell-002-4a3528c0206e/seed-2/snapshots/step-000400.pt
1,scaling-tuned-adamw-10seeds-v1,7097b902cc3f3a43380d0b66433b0a90ecf3915af0cdb913b8b407b76daf38af,cell-002-4a3528c0206e,2,4a3528c0206eb2d1a222ef6001e2ce54478d17701fb8dec6e6fa71401d9d6fe6,2,6,800,32,4,8,2,1,,adamw,0.003,0.0,800,512,0.0,8192,0.0003850035718642175,1.0,1.0001736879348755,0.9939382076263428,3.985027551651001,"[4.035374164581299,6.616727828979492]","[2.1170239448547363,8.599884033203125]",seeds/cell-002-4a3528c0206e/seed-2/checkpoint.pt,seeds/cell-002-4a3528c0206e/seed-2/snapshots/step-000800.pt
1,scaling-tuned-adamw-10seeds-v1,7097b902cc3f3a43380d0b66433b0a90ecf3915af0cdb913b8b407b76daf38af,cell-002-4a3528c0206e,2,4a3528c0206eb2d1a222ef6001e2ce54478d17701fb8dec6e6fa71401d9d6fe6,3,0,0,32,4,8,2,1,,adamw,0.003,0.0,800,512,0.0,8192,1.729628324508667,0.50146484375,-0.01231643371284008,0.02593933790922165,6.492772102355957,"[2.8653452396392822,2.97684907913208]","[2.465660572052002,2.8052268028259277]",seeds/cell-002-4a3528c0206e/seed-3/checkpoint.pt,seeds/cell-002-4a3528c0206e/seed-3/snapshots/step-000000.pt
1,scaling-tuned-adamw-10seeds-v1,7097b902cc3f3a43380d0b66433b0a90ecf3915af0cdb913b8b407b76daf38af,cell-002-4a3528c0206e,2,4a3528c0206eb2d1a222ef6001e2ce54478d17701fb8dec6e6fa71401d9d6fe6,3,1,25,32,4,8,2,1,,adamw,0.003,0.0,800,512,0.0,8192,0.8829145431518555,0.6409912109375,0.14509317278862,0.11090237647294998,6.305628299713135,"[2.86411452293396,3.0108802318573]","[2.5024948120117188,3.072674512863159]",seeds/cell-002-4a3528c0206e/seed-3/checkpoint.pt,seeds/cell-002-4a3528c0206e/seed-3/snapshots/step-000025.pt
1,scaling-tuned-adamw-10seeds-v1,7097b902cc3f3a43380d0b66433b0a90ecf3915af0cdb913b8b407b76daf38af,cell-002-4a3528c0206e,2,4a3528c0206eb2d1a222ef6001e2ce54478d17701fb8dec6e6fa71401d9d6fe6,3,2,50,32,4,8,2,1,,adamw,0.003,0.0,800,512,0.0,8192,0.8176595568656921,0.67236328125,0.20868025720119476,0.15490372478961945,6.150591850280762,"[2.8500022888183594,3.025458335876465]","[2.579683780670166,3.2545177936553955]",seeds/cell-002-4a3528c0206e/seed-3/checkpoint.pt,seeds/cell-002-4a3528c0206e/seed-3/snapshots/step-000050.pt
1,scaling-tuned-adamw-10seeds-v1,7097b902cc3f3a43380d0b66433b0a90ecf3915af0cdb913b8b407b76daf38af,cell-002-4a3528c0206e,2,4a3528c0206eb2d1a222ef6001e2ce54478d17701fb8dec6e6fa71401d9d6fe6,3,3,100,32,4,8,2,1,,adamw,0.003,0.0,800,512,0.0,8192,0.751115083694458,0.70458984375,0.25217658281326294,0.2109319269657135,5.9017534255981445,"[2.8338463306427,3.1702749729156494]","[2.5783116817474365,3.3951830863952637]",seeds/cell-002-4a3528c0206e/seed-3/checkpoint.pt,seeds/cell-002-4a3528c0206e/seed-3/snapshots/step-000100.pt
1,scaling-tuned-adamw-10seeds-v1,7097b902cc3f3a43380d0b66433b0a90ecf3915af0cdb913b8b407b76daf38af,cell-002-4a3528c0206e,2,4a3528c0206eb2d1a222ef6001e2ce54478d17701fb8dec6e6fa71401d9d6fe6,3,4,200,32,4,8,2,1,,adamw,0.003,0.0,800,512,0.0,8192,0.25390636920928955,0.921630859375,0.7610294818878174,0.7644569277763367,4.524749755859375,"[4.294045448303223,5.321988582611084]","[2.493108034133911,3.4905731678009033]",seeds/cell-002-4a3528c0206e/seed-3/checkpoint.pt,seeds/cell-002-4a3528c0206e/seed-3/snapshots/step-000200.pt
1,scaling-tuned-adamw-10seeds-v1,7097b902cc3f3a43380d0b66433b0a90ecf3915af0cdb913b8b407b76daf38af,cell-002-4a3528c0206e,2,4a3528c0206eb2d1a222ef6001e2ce54478d17701fb8dec6e6fa71401d9d6fe6,3,5,400,32,4,8,2,1,,adamw,0.003,0.0,800,512,0.0,8192,0.008482776582241058,0.9984130859375,0.9964479207992554,0.9970624446868896,4.3467936515808105,"[5.858232498168945,5.877438068389893]","[2.1946752071380615,4.568023681640625]",seeds/cell-002-4a3528c0206e/seed-3/checkpoint.pt,seeds/cell-002-4a3528c0206e/seed-3/snapshots/step-000400.pt
1,scaling-tuned-adamw-10seeds-v1,7097b902cc3f3a43380d0b66433b0a90ecf3915af0cdb913b8b407b76daf38af,cell-002-4a3528c0206e,2,4a3528c0206eb2d1a222ef6001e2ce54478d17701fb8dec6e6fa71401d9d6fe6,3,6,800,32,4,8,2,1,,adamw,0.003,0.0,800,512,0.0,8192,0.0006083464249968529,1.0,0.9978007078170776,0.9995312690734863,4.31769323348999,"[6.380542755126953,6.084856033325195]","[2.064277410507202,5.438574314117432]",seeds/cell-002-4a3528c0206e/seed-3/checkpoint.pt,seeds/cell-002-4a3528c0206e/seed-3/snapshots/step-000800.pt
1,scaling-tuned-adamw-10seeds-v1,7097b902cc3f3a43380d0b66433b0a90ecf3915af0cdb913b8b407b76daf38af,cell-002-4a3528c0206e,2,4a3528c0206eb2d1a222ef6001e2ce54478d17701fb8dec6e6fa71401d9d6fe6,4,0,0,32,4,8,2,1,,adamw,0.003,0.0,800,512,0.0,8192,1.421748399734497,0.5098876953125,-0.006147671956568956,-0.01343655213713646,6.145717620849609,"[2.5396957397460938,2.774578094482422]","[2.6332883834838867,2.6411595344543457]",seeds/cell-002-4a3528c0206e/seed-4/checkpoint.pt,seeds/cell-002-4a3528c0206e/seed-4/snapshots/step-000000.pt
1,scaling-tuned-adamw-10seeds-v1,7097b902cc3f3a43380d0b66433b0a90ecf3915af0cdb913b8b407b76daf38af,cell-002-4a3528c0206e,2,4a3528c0206eb2d1a222ef6001e2ce54478d17701fb8dec6e6fa71401d9d6fe6,4,1,25,32,4,8,2,1,,adamw,0.003,0.0,800,512,0.0,8192,0.8735979199409485,0.6395263671875,0.12260570377111435,0.07881757616996765,6.011061191558838,"[2.661097288131714,2.765887498855591]","[2.8135905265808105,2.783400058746338]",seeds/cell-002-4a3528c0206e/seed-4/checkpoint.pt,seeds/cell-002-4a3528c0206e/seed-4/snapshots/step-000025.pt
1,scaling-tuned-adamw-10seeds-v1,7097b902cc3f3a43380d0b66433b0a90ecf3915af0cdb913b8b407b76daf38af,cell-002-4a3528c0206e,2,4a3528c0206eb2d1a222ef6001e2ce54478d17701fb8dec6e6fa71401d9d6fe6,4,2,50,32,4,8,2,1,,adamw,0.003,0.0,800,512,0.0,8192,0.7676821351051331,0.701416015625,0.24578703939914703,0.1839352548122406,5.824326515197754,"[2.606388807296753,2.8935985565185547]","[2.8730711936950684,2.8725500106811523]",seeds/cell-002-4a3528c0206e/seed-4/checkpoint.pt,seeds/cell-002-4a3528c0206e/seed-4/snapshots/step-000050.pt
1,scaling-tuned-adamw-10seeds-v1,7097b902cc3f3a43380d0b66433b0a90ecf3915af0cdb913b8b407b76daf38af,cell-002-4a3528c0206e,2,4a3528c0206eb2d1a222ef6001e2ce54478d17701fb8dec6e6fa71401d9d6fe6,4,3,100,32,4,8,2,1,,adamw,0.003,0.0,800,512,0.0,8192,0.5140794515609741,0.8128662109375,0.4772874414920807,0.44308459758758545,5.068459510803223,"[2.986999273300171,3.4459145069122314]","[2.9136619567871094,2.8664188385009766]",seeds/cell-002-4a3528c0206e/seed-4/checkpoint.pt,seeds/cell-002-4a3528c0206e/seed-4/snapshots/step-000100.pt
1,scaling-tuned-adamw-10seeds-v1,7097b902cc3f3a43380d0b66433b0a90ecf3915af0cdb913b8b407b76daf38af,cell-002-4a3528c0206e,2,4a3528c0206eb2d1a222ef6001e2ce54478d17701fb8dec6e6fa71401d9d6fe6,4,4,200,32,4,8,2,1,,adamw,0.003,0.0,800,512,0.0,8192,0.02130633220076561,0.994384765625,0.9807983040809631,0.977098822593689,4.506239891052246,"[4.170957088470459,4.614921569824219]","[2.9803600311279297,3.3172693252563477]",seeds/cell-002-4a3528c0206e/seed-4/checkpoint.pt,seeds/cell-002-4a3528c0206e/seed-4/snapshots/step-000200.pt
1,scaling-tuned-adamw-10seeds-v1,7097b902cc3f3a43380d0b66433b0a90ecf3915af0cdb913b8b407b76daf38af,cell-002-4a3528c0206e,2,4a3528c0206eb2d1a222ef6001e2ce54478d17701fb8dec6e6fa71401d9d6fe6,4,5,400,32,4,8,2,1,,adamw,0.003,0.0,800,512,0.0,8192,0.00047992306645028293,1.0,0.9988555908203125,0.9930078387260437,4.508459091186523,"[4.4817891120910645,4.674389839172363]","[3.0437750816345215,3.6623241901397705]",seeds/cell-002-4a3528c0206e/seed-4/checkpoint.pt,seeds/cell-002-4a3528c0206e/seed-4/snapshots/step-000400.pt
1,scaling-tuned-adamw-10seeds-v1,7097b902cc3f3a43380d0b66433b0a90ecf3915af0cdb913b8b407b76daf38af,cell-002-4a3528c0206e,2,4a3528c0206eb2d1a222ef6001e2ce54478d17701fb8dec6e6fa71401d9d6fe6,4,6,800,32,4,8,2,1,,adamw,0.003,0.0,800,512,0.0,8192,0.0007389414240606129,0.9998779296875,1.0002381801605225,0.9939414262771606,4.520267009735107,"[4.681424617767334,4.731880187988281]","[3.067133903503418,3.8310892581939697]",seeds/cell-002-4a3528c0206e/seed-4/checkpoint.pt,seeds/cell-002-4a3528c0206e/seed-4/snapshots/step-000800.pt
1,scaling-tuned-adamw-10seeds-v1,7097b902cc3f3a43380d0b66433b0a90ecf3915af0cdb913b8b407b76daf38af,cell-002-4a3528c0206e,2,4a3528c0206eb2d1a222ef6001e2ce54478d17701fb8dec6e6fa71401d9d6fe6,5,0,0,32,4,8,2,1,,adamw,0.003,0.0,800,512,0.0,8192,1.6421397924423218,0.464599609375,-0.028991611674427986,0.007814022712409496,6.432411193847656,"[2.6038217544555664,2.835174322128296]","[2.6428306102752686,2.218101978302002]",seeds/cell-002-4a3528c0206e/seed-5/checkpoint.pt,seeds/cell-002-4a3528c0206e/seed-5/snapshots/step-000000.pt
1,scaling-tuned-adamw-10seeds-v1,7097b902cc3f3a43380d0b66433b0a90ecf3915af0cdb913b8b407b76daf38af,cell-002-4a3528c0206e,2,4a3528c0206eb2d1a222ef6001e2ce54478d17701fb8dec6e6fa71401d9d6fe6,5,1,25,32,4,8,2,1,,adamw,0.003,0.0,800,512,0.0,8192,0.8657501935958862,0.6573486328125,0.13432316482067108,0.13369882106781006,6.255702018737793,"[2.5532772541046143,2.7481658458709717]","[3.018364667892456,2.153576374053955]",seeds/cell-002-4a3528c0206e/seed-5/checkpoint.pt,seeds/cell-002-4a3528c0206e/seed-5/snapshots/step-000025.pt
1,scaling-tuned-adamw-10seeds-v1,7097b902cc3f3a43380d0b66433b0a90ecf3915af0cdb913b8b407b76daf38af,cell-002-4a3528c0206e,2,4a3528c0206eb2d1a222ef6001e2ce54478d17701fb8dec6e6fa71401d9d6fe6,5,2,50,32,4,8,2,1,,adamw,0.003,0.0,800,512,0.0,8192,0.7679269313812256,0.702392578125,0.24713817238807678,0.2439633011817932,6.21098518371582,"[2.4865212440490723,2.708784818649292]","[2.9723896980285645,2.1959877014160156]",seeds/cell-002-4a3528c0206e/seed-5/checkpoint.pt,seeds/cell-002-4a3528c0206e/seed-5/snapshots/step-000050.pt
1,scaling-tuned-adamw-10seeds-v1,7097b902cc3f3a43380d0b66433b0a90ecf3915af0cdb913b8b407b76daf38af,cell-002-4a3528c0206e,2,4a3528c0206eb2d1a222ef6001e2ce54478d17701fb8dec6e6fa71401d9d6fe6,5,3,100,32,4,8,2,1,,adamw,0.003,0.0,800,512,0.0,8192,0.5315658450126648,0.811767578125,0.45518746972084045,0.45966339111328125,5.6415815353393555,"[3.033196210861206,2.7257847785949707]","[2.7898552417755127,2.1806867122650146]",seeds/cell-002-4a3528c0206e/seed-5/checkpoint.pt,seeds/cell-002-4a3528c0206e/seed-5/snapshots/step-000100.pt
1,scaling-tuned-adamw-10seeds-v1,7097b902cc3f3a43380d0b66433b0a90ecf3915af0cdb913b8b407b76daf38af,cell-002-4a3528c0206e,2,4a3528c0206eb2d1a222ef6001e2ce54478d17701fb8dec6e6fa71401d9d6fe6,5,4,200,32,4,8,2,1,,adamw,0.003,0.0,800,512,0.0,8192,0.1109943687915802,0.9765625,0.8984004259109497,0.9091722965240479,4.906888008117676,"[4.152426719665527,3.030189037322998]","[2.589564800262451,2.169281005859375]",seeds/cell-002-4a3528c0206e/seed-5/checkpoint.pt,seeds/cell-002-4a3528c0206e/seed-5/snapshots/step-000200.pt
1,scaling-tuned-adamw-10seeds-v1,7097b902cc3f3a43380d0b66433b0a90ecf3915af0cdb913b8b407b76daf38af,cell-002-4a3528c0206e,2,4a3528c0206eb2d1a222ef6001e2ce54478d17701fb8dec6e6fa71401d9d6fe6,5,5,400,32,4,8,2,1,,adamw,0.003,0.0,800,512,0.0,8192,0.004702781792730093,1.0,0.9956179857254028,1.0045021772384644,4.838628768920898,"[5.031208038330078,3.5967395305633545]","[2.7771217823028564,2.403703212738037]",seeds/cell-002-4a3528c0206e/seed-5/checkpoint.pt,seeds/cell-002-4a3528c0206e/seed-5/snapshots/step-000400.pt
1,scaling-tuned-adamw-10seeds-v1,7097b902cc3f3a43380d0b66433b0a90ecf3915af0cdb913b8b407b76daf38af,cell-002-4a3528c0206e,2,4a3528c0206eb2d1a222ef6001e2ce54478d17701fb8dec6e6fa71401d9d6fe6,5,6,800,32,4,8,2,1,,adamw,0.003,0.0,800,512,0.0,8192,0.0005314669106155634,1.0,0.9992454051971436,1.0094484090805054,4.745753765106201,"[5.29802942276001,3.7774057388305664]","[2.9215807914733887,2.667048931121826]",seeds/cell-002-4a3528c0206e/seed-5/checkpoint.pt,seeds/cell-002-4a3528c0206e/seed-5/snapshots/step-000800.pt
1,scaling-tuned-adamw-10seeds-v1,7097b902cc3f3a43380d0b66433b0a90ecf3915af0cdb913b8b407b76daf38af,cell-002-4a3528c0206e,2,4a3528c0206eb2d1a222ef6001e2ce54478d17701fb8dec6e6fa71401d9d6fe6,6,0,0,32,4,8,2,1,,adamw,0.003,0.0,800,512,0.0,8192,1.4397927522659302,0.5079345703125,0.04317517951130867,0.017891010269522667,6.0347514152526855,"[3.1907927989959717,2.4885687828063965]","[3.3832881450653076,2.4481325149536133]",seeds/cell-002-4a3528c0206e/seed-6/checkpoint.pt,seeds/cell-002-4a3528c0206e/seed-6/snapshots/step-000000.pt
1,scaling-tuned-adamw-10seeds-v1,7097b902cc3f3a43380d0b66433b0a90ecf3915af0cdb913b8b407b76daf38af,cell-002-4a3528c0206e,2,4a3528c0206eb2d1a222ef6001e2ce54478d17701fb8dec6e6fa71401d9d6fe6,6,1,25,32,4,8,2,1,,adamw,0.003,0.0,800,512,0.0,8192,0.8725144267082214,0.6517333984375,0.15444877743721008,0.11693436652421951,5.713222026824951,"[3.2202954292297363,2.547530174255371]","[3.574188232421875,2.4842770099639893]",seeds/cell-002-4a3528c0206e/seed-6/checkpoint.pt,seeds/cell-002-4a3528c0206e/seed-6/snapshots/step-000025.pt
1,scaling-tuned-adamw-10seeds-v1,7097b902cc3f3a43380d0b66433b0a90ecf3915af0cdb913b8b407b76daf38af,cell-002-4a3528c0206e,2,4a3528c0206eb2d1a222ef6001e2ce54478d17701fb8dec6e6fa71401d9d6fe6,6,2,50,32,4,8,2,1,,adamw,0.003,0.0,800,512,0.0,8192,0.7850103974342346,0.6983642578125,0.2209528088569641,0.19099494814872742,5.522005081176758,"[3.1473336219787598,2.753492832183838]","[3.5138797760009766,2.534115791320801]",seeds/cell-002-4a3528c0206e/seed-6/checkpoint.pt,seeds/cell-002-4a3528c0206e/seed-6/snapshots/step-000050.pt
1,scaling-tuned-adamw-10seeds-v1,7097b902cc3f3a43380d0b66433b0a90ecf3915af0cdb913b8b407b76daf38af,cell-002-4a3528c0206e,2,4a3528c0206eb2d1a222ef6001e2ce54478d17701fb8dec6e6fa71401d9d6fe6,6,3,100,32,4,8,2,1,,adamw,0.003,0.0,800,512,0.0,8192,0.5440015196800232,0.7962646484375,0.4432235360145569,0.42965415120124817,4.731896877288818,"[3.0353386402130127,3.5431292057037354]","[3.14865779876709,2.6356899738311768]",seeds/cell-002-4a3528c0206e/seed-6/checkpoint.pt,seeds/cell-002-4a3528c0206e/seed-6/snapshots/step-000100.pt
1,scaling-tuned-adamw-10seeds-v1,7097b902cc3f3a43380d0b66433b0a90ecf3915af0cdb913b8b407b76daf38af,cell-002-4a3528c0206e,2,4a3528c0206eb2d1a222ef6001e2ce54478d17701fb8dec6e6fa71401d9d6fe6,6,4,200,32,4,8,2,1,,adamw,0.003,0.0,800,512,0.0,8192,0.11465537548065186,0.968505859375,0.8924939632415771,0.8813970685005188,4.005123615264893,"[3.5481295585632324,5.142278671264648]","[2.391244888305664,3.1855688095092773]",seeds/cell-002-4a3528c0206e/seed-6/checkpoint.pt,seeds/cell-002-4a3528c0206e/seed-6/snapshots/step-000200.pt
1,scaling-tuned-adamw-10seeds-v1,7097b902cc3f3a43380d0b66433b0a90ecf3915af0cdb913b8b407b76daf38af,cell-002-4a3528c0206e,2,4a3528c0206eb2d1a222ef6001e2ce54478d17701fb8dec6e6fa71401d9d6fe6,6,5,400,32,4,8,2,1,,adamw,0.003,0.0,800,512,0.0,8192,0.00256143044680357,1.0,1.0016489028930664,0.9919375777244568,4.12600040435791,"[3.873020887374878,5.9445085525512695]","[1.9840730428695679,4.4320759773254395]",seeds/cell-002-4a3528c0206e/seed-6/checkpoint.pt,seeds/cell-002-4a3528c0206e/seed-6/snapshots/step-000400.pt
1,scaling-tuned-adamw-10seeds-v1,7097b902cc3f3a43380d0b66433b0a90ecf3915af0cdb913b8b407b76daf38af,cell-002-4a3528c0206e,2,4a3528c0206eb2d1a222ef6001e2ce54478d17701fb8dec6e6fa71401d9d6fe6,6,6,800,32,4,8,2,1,,adamw,0.003,0.0,800,512,0.0,8192,0.00040706407162360847,1.0,0.9989566802978516,0.9946037530899048,4.130066871643066,"[3.9930238723754883,6.171454429626465]","[1.8895806074142456,4.963738441467285]",seeds/cell-002-4a3528c0206e/seed-6/checkpoint.pt,seeds/cell-002-4a3528c0206e/seed-6/snapshots/step-000800.pt
1,scaling-tuned-adamw-10seeds-v1,7097b902cc3f3a43380d0b66433b0a90ecf3915af0cdb913b8b407b76daf38af,cell-002-4a3528c0206e,2,4a3528c0206eb2d1a222ef6001e2ce54478d17701fb8dec6e6fa71401d9d6fe6,7,0,0,32,4,8,2,1,,adamw,0.003,0.0,800,512,0.0,8192,1.3798881769180298,0.4915771484375,-0.025620847940444946,-0.03858645632863045,5.767667293548584,"[3.5865583419799805,2.406484842300415]","[2.5890185832977295,2.6834232807159424]",seeds/cell-002-4a3528c0206e/seed-7/checkpoint.pt,seeds/cell-002-4a3528c0206e/seed-7/snapshots/step-000000.pt
1,scaling-tuned-adamw-10seeds-v1,7097b902cc3f3a43380d0b66433b0a90ecf3915af0cdb913b8b407b76daf38af,cell-002-4a3528c0206e,2,4a3528c0206eb2d1a222ef6001e2ce54478d17701fb8dec6e6fa71401d9d6fe6,7,1,25,32,4,8,2,1,,adamw,0.003,0.0,800,512,0.0,8192,0.9062467813491821,0.6280517578125,0.07252871990203857,0.0651521161198616,5.686356544494629,"[3.6500282287597656,2.4086737632751465]","[2.6380040645599365,3.043480396270752]",seeds/cell-002-4a3528c0206e/seed-7/checkpoint.pt,seeds/cell-002-4a3528c0206e/seed-7/snapshots/step-000025.pt
1,scaling-tuned-adamw-10seeds-v1,7097b902cc3f3a43380d0b66433b0a90ecf3915af0cdb913b8b407b76daf38af,cell-002-4a3528c0206e,2,4a3528c0206eb2d1a222ef6001e2ce54478d17701fb8dec6e6fa71401d9d6fe6,7,2,50,32,4,8,2,1,,adamw,0.003,0.0,800,512,0.0,8192,0.798984706401825,0.6748046875,0.20797428488731384,0.1879296898841858,5.525170803070068,"[3.865295886993408,2.3903868198394775]","[2.765408515930176,3.16884183883667]",seeds/cell-002-4a3528c0206e/seed-7/checkpoint.pt,seeds/cell-002-4a3528c0206e/seed-7/snapshots/step-000050.pt
1,scaling-tuned-adamw-10seeds-v1,7097b902cc3f3a43380d0b66433b0a90ecf3915af0cdb913b8b407b76daf38af,cell-002-4a3528c0206e,2,4a3528c0206eb2d1a222ef6001e2ce54478d17701fb8dec6e6fa71401d9d6fe6,7,3,100,32,4,8,2,1,,adamw,0.003,0.0,800,512,0.0,8192,0.5846278667449951,0.7786865234375,0.4031631350517273,0.3945356607437134,4.956662178039551,"[4.429327011108398,2.7215633392333984]","[2.7908055782318115,3.3551523685455322]",seeds/cell-002-4a3528c0206e/seed-7/checkpoint.pt,seeds/cell-002-4a3528c0206e/seed-7/snapshots/step-000100.pt
1,scaling-tuned-adamw-10seeds-v1,7097b902cc3f3a43380d0b66433b0a90ecf3915af0cdb913b8b407b76daf38af,cell-002-4a3528c0206e,2,4a3528c0206eb2d1a222ef6001e2ce54478d17701fb8dec6e6fa71401d9d6fe6,7,4,200,32,4,8,2,1,,adamw,0.003,0.0,800,512,0.0,8192,0.16807831823825836,0.9498291015625,0.847357451915741,0.8596526384353638,4.52878475189209,"[5.519411563873291,3.6251678466796875]","[2.9166650772094727,3.8501336574554443]",seeds/cell-002-4a3528c0206e/seed-7/checkpoint.pt,seeds/cell-002-4a3528c0206e/seed-7/snapshots/step-000200.pt
1,scaling-tuned-adamw-10seeds-v1,7097b902cc3f3a43380d0b66433b0a90ecf3915af0cdb913b8b407b76daf38af,cell-002-4a3528c0206e,2,4a3528c0206eb2d1a222ef6001e2ce54478d17701fb8dec6e6fa71401d9d6fe6,7,5,400,32,4,8,2,1,,adamw,0.003,0.0,800,512,0.0,8192,0.007380762603133917,0.9979248046875,0.9950985908508301,1.0174719095230103,4.736737251281738,"[6.410538196563721,4.414498805999756]","[2.9377191066741943,4.822570323944092]",seeds/cell-002-4a3528c0206e/seed-7/checkpoint.pt,seeds/cell-002-4a3528c0206e/seed-7/snapshots/step-000400.pt
1,scaling-tuned-adamw-10seeds-v1,7097b902cc3f3a43380d0b66433b0a90ecf3915af0cdb913b8b407b76daf38af,cell-002-4a3528c0206e,2,4a3528c0206eb2d1a222ef6001e2ce54478d17701fb8dec6e6fa71401d9d6fe6,7,6,800,32,4,8,2,1,,adamw,0.003,0.0,800,512,0.0,8192,0.0011220467276871204,0.9998779296875,0.9983513951301575,1.019863247871399,4.780250072479248,"[6.713749885559082,4.539999485015869]","[2.9643490314483643,5.3933210372924805]",seeds/cell-002-4a3528c0206e/seed-7/checkpoint.pt,seeds/cell-002-4a3528c0206e/seed-7/snapshots/step-000800.pt
1,scaling-tuned-adamw-10seeds-v1,7097b902cc3f3a43380d0b66433b0a90ecf3915af0cdb913b8b407b76daf38af,cell-002-4a3528c0206e,2,4a3528c0206eb2d1a222ef6001e2ce54478d17701fb8dec6e6fa71401d9d6fe6,8,0,0,32,4,8,2,1,,adamw,0.003,0.0,800,512,0.0,8192,2.220214605331421,0.47509765625,-0.018019676208496094,-0.02820120006799698,6.225549697875977,"[3.586256742477417,3.158130407333374]","[2.6132593154907227,3.2155282497406006]",seeds/cell-002-4a3528c0206e/seed-8/checkpoint.pt,seeds/cell-002-4a3528c0206e/seed-8/snapshots/step-000000.pt
1,scaling-tuned-adamw-10seeds-v1,7097b902cc3f3a43380d0b66433b0a90ecf3915af0cdb913b8b407b76daf38af,cell-002-4a3528c0206e,2,4a3528c0206eb2d1a222ef6001e2ce54478d17701fb8dec6e6fa71401d9d6fe6,8,1,25,32,4,8,2,1,,adamw,0.003,0.0,800,512,0.0,8192,0.9405695796012878,0.6226806640625,0.10593242943286896,0.07654562592506409,6.0830464363098145,"[3.495154619216919,3.057173252105713]","[2.525322675704956,3.421541690826416]",seeds/cell-002-4a3528c0206e/seed-8/checkpoint.pt,seeds/cell-002-4a3528c0206e/seed-8/snapshots/step-000025.pt
1,scaling-tuned-adamw-10seeds-v1,7097b902cc3f3a43380d0b66433b0a90ecf3915af0cdb913b8b407b76daf38af,cell-002-4a3528c0206e,2,4a3528c0206eb2d1a222ef6001e2ce54478d17701fb8dec6e6fa71401d9d6fe6,8,2,50,32,4,8,2,1,,adamw,0.003,0.0,800,512,0.0,8192,0.8536297082901001,0.6654052734375,0.15351712703704834,0.12433554977178574,5.960850238800049,"[3.435269832611084,2.9701271057128906]","[2.5150537490844727,3.543302297592163]",seeds/cell-002-4a3528c0206e/seed-8/checkpoint.pt,seeds/cell-002-4a3528c0206e/seed-8/snapshots/step-000050.pt
1,scaling-tuned-adamw-10seeds-v1,7097b902cc3f3a43380d0b66433b0a90ecf3915af0cdb913b8b407b76daf38af,cell-002-4a3528c0206e,2,4a3528c0206eb2d1a222ef6001e2ce54478d17701fb8dec6e6fa71401d9d6fe6,8,3,100,32,4,8,2,1,,adamw,0.003,0.0,800,512,0.0,8192,0.7222036123275757,0.7288818359375,0.27371829748153687,0.24459262192249298,5.6826581954956055,"[3.4098808765411377,3.0390677452087402]","[2.458075761795044,3.7391788959503174]",seeds/cell-002-4a3528c0206e/seed-8/checkpoint.pt,seeds/cell-002-4a3528c0206e/seed-8/snapshots/step-000100.pt
1,scaling-tuned-adamw-10seeds-v1,7097b902cc3f3a43380d0b66433b0a90ecf3915af0cdb913b8b407b76daf38af,cell-002-4a3528c0206e,2,4a3528c0206eb2d1a222ef6001e2ce54478d17701fb8dec6e6fa71401d9d6fe6,8,4,200,32,4,8,2,1,,adamw,0.003,0.0,800,512,0.0,8192,0.37408947944641113,0.8697509765625,0.6193469762802124,0.6089872717857361,4.822603702545166,"[4.773740291595459,4.06538724899292]","[2.3199470043182373,3.9880003929138184]",seeds/cell-002-4a3528c0206e/seed-8/checkpoint.pt,seeds/cell-002-4a3528c0206e/seed-8/snapshots/step-000200.pt
1,scaling-tuned-adamw-10seeds-v1,7097b902cc3f3a43380d0b66433b0a90ecf3915af0cdb913b8b407b76daf38af,cell-002-4a3528c0206e,2,4a3528c0206eb2d1a222ef6001e2ce54478d17701fb8dec6e6fa71401d9d6fe6,8,5,400,32,4,8,2,1,,adamw,0.003,0.0,800,512,0.0,8192,0.010301326401531696,0.99853515625,0.9932580590248108,0.9935846328735352,4.652376651763916,"[6.782985210418701,5.343832015991211]","[2.1012773513793945,4.570356845855713]",seeds/cell-002-4a3528c0206e/seed-8/checkpoint.pt,seeds/cell-002-4a3528c0206e/seed-8/snapshots/step-000400.pt
1,scaling-tuned-adamw-10seeds-v1,7097b902cc3f3a43380d0b66433b0a90ecf3915af0cdb913b8b407b76daf38af,cell-002-4a3528c0206e,2,4a3528c0206eb2d1a222ef6001e2ce54478d17701fb8dec6e6fa71401d9d6fe6,8,6,800,32,4,8,2,1,,adamw,0.003,0.0,800,512,0.0,8192,0.0010554618202149868,1.0,1.0008795261383057,0.9985073208808899,4.62702751159668,"[7.481112480163574,5.4253716468811035]","[2.2393136024475098,5.055975914001465]",seeds/cell-002-4a3528c0206e/seed-8/checkpoint.pt,seeds/cell-002-4a3528c0206e/seed-8/snapshots/step-000800.pt
1,scaling-tuned-adamw-10seeds-v1,7097b902cc3f3a43380d0b66433b0a90ecf3915af0cdb913b8b407b76daf38af,cell-002-4a3528c0206e,2,4a3528c0206eb2d1a222ef6001e2ce54478d17701fb8dec6e6fa71401d9d6fe6,9,0,0,32,4,8,2,1,,adamw,0.003,0.0,800,512,0.0,8192,1.1375079154968262,0.4957275390625,0.009082965552806854,0.005840586498379707,5.921502590179443,"[3.2330880165100098,1.7105557918548584]","[2.5255539417266846,3.3579206466674805]",seeds/cell-002-4a3528c0206e/seed-9/checkpoint.pt,seeds/cell-002-4a3528c0206e/seed-9/snapshots/step-000000.pt
1,scaling-tuned-adamw-10seeds-v1,7097b902cc3f3a43380d0b66433b0a90ecf3915af0cdb913b8b407b76daf38af,cell-002-4a3528c0206e,2,4a3528c0206eb2d1a222ef6001e2ce54478d17701fb8dec6e6fa71401d9d6fe6,9,1,25,32,4,8,2,1,,adamw,0.003,0.0,800,512,0.0,8192,0.8152564764022827,0.6761474609375,0.1648634821176529,0.11509060859680176,5.8143157958984375,"[3.3442628383636475,1.6978662014007568]","[2.388953447341919,3.6927125453948975]",seeds/cell-002-4a3528c0206e/seed-9/checkpoint.pt,seeds/cell-002-4a3528c0206e/seed-9/snapshots/step-000025.pt
1,scaling-tuned-adamw-10seeds-v1,7097b902cc3f3a43380d0b66433b0a90ecf3915af0cdb913b8b407b76daf38af,cell-002-4a3528c0206e,2,4a3528c0206eb2d1a222ef6001e2ce54478d17701fb8dec6e6fa71401d9d6fe6,9,2,50,32,4,8,2,1,,adamw,0.003,0.0,800,512,0.0,8192,0.699543297290802,0.7308349609375,0.28489089012145996,0.23005330562591553,5.497498512268066,"[3.4315450191497803,1.9932290315628052]","[2.388791799545288,3.797222137451172]",seeds/cell-002-4a3528c0206e/seed-9/checkpoint.pt,seeds/cell-002-4a3528c0206e/seed-9/snapshots/step-000050.pt
1,scaling-tuned-adamw-10seeds-v1,7097b902cc3f3a43380d0b66433b0a90ecf3915af0cdb913b8b407b76daf38af,cell-002-4a3528c0206e,2,4a3528c0206eb2d1a222ef6001e2ce54478d17701fb8dec6e6fa71401d9d6fe6,9,3,100,32,4,8,2,1,,adamw,0.003,0.0,800,512,0.0,8192,0.4320901334285736,0.8465576171875,0.5670729875564575,0.5232260227203369,4.671318054199219,"[3.8388640880584717,2.753660202026367]","[2.351209878921509,3.7907540798187256]",seeds/cell-002-4a3528c0206e/seed-9/checkpoint.pt,seeds/cell-002-4a3528c0206e/seed-9/snapshots/step-000100.pt
1,scaling-tuned-adamw-10seeds-v1,7097b902cc3f3a43380d0b66433b0a90ecf3915af0cdb913b8b407b76daf38af,cell-002-4a3528c0206e,2,4a3528c0206eb2d1a222ef6001e2ce54478d17701fb8dec6e6fa71401d9d6fe6,9,4,200,32,4,8,2,1,,adamw,0.003,0.0,800,512,0.0,8192,0.03329815715551376,0.99462890625,0.9693248867988586,0.9265439510345459,4.012788772583008,"[4.753591537475586,4.2092084884643555]","[2.3542346954345703,5.569770336151123]",seeds/cell-002-4a3528c0206e/seed-9/checkpoint.pt,seeds/cell-002-4a3528c0206e/seed-9/snapshots/step-000200.pt
1,scaling-tuned-adamw-10seeds-v1,7097b902cc3f3a43380d0b66433b0a90ecf3915af0cdb913b8b407b76daf38af,cell-002-4a3528c0206e,2,4a3528c0206eb2d1a222ef6001e2ce54478d17701fb8dec6e6fa71401d9d6fe6,9,5,400,32,4,8,2,1,,adamw,0.003,0.0,800,512,0.0,8192,0.001170069444924593,1.0,1.0005619525909424,0.9643811583518982,3.883281707763672,"[5.2536797523498535,4.836428642272949]","[2.227234125137329,7.743302822113037]",seeds/cell-002-4a3528c0206e/seed-9/checkpoint.pt,seeds/cell-002-4a3528c0206e/seed-9/snapshots/step-000400.pt
1,scaling-tuned-adamw-10seeds-v1,7097b902cc3f3a43380d0b66433b0a90ecf3915af0cdb913b8b407b76daf38af,cell-002-4a3528c0206e,2,4a3528c0206eb2d1a222ef6001e2ce54478d17701fb8dec6e6fa71401d9d6fe6,9,6,800,32,4,8,2,1,,adamw,0.003,0.0,800,512,0.0,8192,0.0002310165436938405,1.0,0.9992539286613464,0.9719187021255493,3.842745542526245,"[5.453978538513184,5.104280471801758]","[2.1792845726013184,8.72940444946289]",seeds/cell-002-4a3528c0206e/seed-9/checkpoint.pt,seeds/cell-002-4a3528c0206e/seed-9/snapshots/step-000800.pt
1,scaling-tuned-adamw-10seeds-v1,7097b902cc3f3a43380d0b66433b0a90ecf3915af0cdb913b8b407b76daf38af,cell-003-3e79f448723e,3,3e79f448723e8a6792127d635f28a82e7d127a07c78f415dd4c09e82b8253153,0,0,0,32,4,8,2,4,,adamw,0.003,0.0,800,512,0.0,8192,1.3155274391174316,0.4857177734375,-0.015454795211553574,-0.009267673827707767,6.28398323059082,"[1.6375641822814941,1.3965766429901123,1.1061797142028809,1.8137634992599487,1.0599634647369385,1.8916634321212769,1.173534631729126,0.9693911671638489]","[2.4398841857910156,1.7088288068771362,1.751247525215149,1.5083787441253662,1.1364253759384155,1.6645487546920776,1.01638925075531,1.2944109439849854]",seeds/cell-003-3e79f448723e/seed-0/checkpoint.pt,seeds/cell-003-3e79f448723e/seed-0/snapshots/step-000000.pt
1,scaling-tuned-adamw-10seeds-v1,7097b902cc3f3a43380d0b66433b0a90ecf3915af0cdb913b8b407b76daf38af,cell-003-3e79f448723e,3,3e79f448723e8a6792127d635f28a82e7d127a07c78f415dd4c09e82b8253153,0,1,25,32,4,8,2,4,,adamw,0.003,0.0,800,512,0.0,8192,0.8258465528488159,0.6815185546875,0.138543039560318,0.13094285130500793,6.128536224365234,"[1.541394591331482,1.476707935333252,1.142897605895996,1.8007718324661255,1.0791791677474976,1.8776966333389282,1.260765552520752,0.9352843761444092]","[2.500300645828247,1.6490390300750732,1.7401472330093384,1.4278911352157593,1.2563360929489136,1.7079793214797974,1.0549918413162231,1.4649325609207153]",seeds/cell-003-3e79f448723e/seed-0/checkpoint.pt,seeds/cell-003-3e79f448723e/seed-0/snapshots/step-000025.pt
1,scaling-tuned-adamw-10seeds-v1,7097b902cc3f3a43380d0b66433b0a90ecf3915af0cdb913b8b407b76daf38af,cell-003-3e79f448723e,3,3e79f448723e8a6792127d635f28a82e7d127a07c78f415dd4c09e82b8253153,0,2,50,32,4,8,2,4,,adamw,0.003,0.0,800,512,0.0,8192,0.7377849221229553,0.7142333984375,0.25416991114616394,0.23442597687244415,5.900043964385986,"[1.4456294775009155,1.5669440031051636,1.1251075267791748,1.7385022640228271,1.1107970476150513,1.8886191844940186,1.3035037517547607,0.9330428242683411]","[2.4972665309906006,1.645986557006836,1.7806708812713623,1.3374544382095337,1.2673853635787964,1.7174986600875854,1.0713685750961304,1.5058753490447998]",seeds/cell-003-3e79f448723e/seed-0/checkpoint.pt,seeds/cell-003-3e79f448723e/seed-0/snapshots/step-000050.pt
1,scaling-tuned-adamw-10seeds-v1,7097b902cc3f3a43380d0b66433b0a90ecf3915af0cdb913b8b407b76daf38af,cell-003-3e79f448723e,3,3e79f448723e8a6792127d635f28a82e7d127a07c78f415dd4c09e82b8253153,0,3,100,32,4,8,2,4,,adamw,0.003,0.0,800,512,0.0,8192,0.5601805448532104,0.80078125,0.44016098976135254,0.4496696889400482,5.218325138092041,"[1.611642837524414,1.9270133972167969,1.2198439836502075,1.7307497262954712,1.1684386730194092,1.8792524337768555,1.3129693269729614,1.0412994623184204]","[2.5101747512817383,1.7286231517791748,1.7665385007858276,1.266903281211853,1.2012079954147339,1.7437264919281006,1.0462007522583008,1.3660635948181152]",seeds/cell-003-3e79f448723e/seed-0/checkpoint.pt,seeds/cell-003-3e79f448723e/seed-0/snapshots/step-000100.pt
1,scaling-tuned-adamw-10seeds-v1,7097b902cc3f3a43380d0b66433b0a90ecf3915af0cdb913b8b407b76daf38af,cell-003-3e79f448723e,3,3e79f448723e8a6792127d635f28a82e7d127a07c78f415dd4c09e82b8253153,0,4,200,32,4,8,2,4,,adamw,0.003,0.0,800,512,0.0,8192,0.23251724243164062,0.928466796875,0.7754461765289307,0.7974364757537842,4.358245372772217,"[2.099816083908081,2.6651628017425537,1.5983189344406128,1.7647706270217896,1.5433391332626343,1.8893109560012817,1.316638469696045,1.33437180519104]","[2.6177756786346436,2.007439136505127,1.7022628784179688,1.1291694641113281,1.095905065536499,1.6579474210739136,0.9881085157394409,1.3708593845367432]",seeds/cell-003-3e79f448723e/seed-0/checkpoint.pt,seeds/cell-003-3e79f448723e/seed-0/snapshots/step-000200.pt
1,scaling-tuned-adamw-10seeds-v1,7097b902cc3f3a43380d0b66433b0a90ecf3915af0cdb913b8b407b76daf38af,cell-003-3e79f448723e,3,3e79f448723e8a6792127d635f28a82e7d127a07c78f415dd4c09e82b8253153,0,5,400,32,4,8,2,4,,adamw,0.003,0.0,800,512,0.0,8192,0.05557410418987274,0.98486328125,0.9445783495903015,0.9614548683166504,3.927659034729004,"[2.605619430541992,3.2893259525299072,2.127354860305786,1.833616852760315,1.8462944030761719,1.931380271911621,1.4139587879180908,1.679553508758545]","[2.743147611618042,2.4198031425476074,1.700512409210205,1.0707345008850098,1.0467250347137451,1.692999243736267,1.0702570676803589,1.3582868576049805]",seeds/cell-003-3e79f448723e/seed-0/checkpoint.pt,seeds/cell-003-3e79f448723e/seed-0/snapshots/step-000400.pt
1,scaling-tuned-adamw-10seeds-v1,7097b902cc3f3a43380d0b66433b0a90ecf3915af0cdb913b8b407b76daf38af,cell-003-3e79f448723e,3,3e79f448723e8a6792127d635f28a82e7d127a07c78f415dd4c09e82b8253153,0,6,800,32,4,8,2,4,,adamw,0.003,0.0,800,512,0.0,8192,0.012602434493601322,0.9971923828125,0.9838120937347412,0.9977670907974243,3.7892069816589355,"[3.0001087188720703,3.597466230392456,2.45408034324646,1.8140075206756592,2.0430409908294678,1.8258357048034668,1.7645663022994995,1.9297305345535278]","[2.9126346111297607,2.4599568843841553,1.8923314809799194,1.190513253211975,1.1616876125335693,1.9521428346633911,1.236541509628296,1.339501142501831]",seeds/cell-003-3e79f448723e/seed-0/checkpoint.pt,seeds/cell-003-3e79f448723e/seed-0/snapshots/step-000800.pt
1,scaling-tuned-adamw-10seeds-v1,7097b902cc3f3a43380d0b66433b0a90ecf3915af0cdb913b8b407b76daf38af,cell-003-3e79f448723e,3,3e79f448723e8a6792127d635f28a82e7d127a07c78f415dd4c09e82b8253153,1,0,0,32,4,8,2,4,,adamw,0.003,0.0,800,512,0.0,8192,1.1274704933166504,0.5531005859375,0.09848075360059738,0.1244703084230423,6.071922779083252,"[1.8720084428787231,1.199257254600525,0.8916478753089905,1.9118751287460327,1.0261657238006592,0.7961337566375732,1.6118031740188599,1.442317008972168]","[1.1715794801712036,1.5602539777755737,1.4316904544830322,1.254517674446106,1.641514539718628,1.2905488014221191,1.6594152450561523,1.7668637037277222]",seeds/cell-003-3e79f448723e/seed-1/checkpoint.pt,seeds/cell-003-3e79f448723e/seed-1/snapshots/step-000000.pt
1,scaling-tuned-adamw-10seeds-v1,7097b902cc3f3a43380d0b66433b0a90ecf3915af0cdb913b8b407b76daf38af,cell-003-3e79f448723e,3,3e79f448723e8a6792127d635f28a82e7d127a07c78f415dd4c09e82b8253153,1,1,25,32,4,8,2,4,,adamw,0.003,0.0,800,512,0.0,8192,0.8224688768386841,0.67333984375,0.16840462386608124,0.1568504273891449,6.083312034606934,"[1.8902803659439087,1.0557218790054321,0.8513892889022827,1.811535358428955,1.0875651836395264,0.8238914012908936,1.5224884748458862,1.33357834815979]","[1.2891727685928345,1.4871186017990112,1.3363748788833618,1.1931493282318115,1.6900544166564941,1.3460966348648071,1.789807915687561,1.8273617029190063]",seeds/cell-003-3e79f448723e/seed-1/checkpoint.pt,seeds/cell-003-3e79f448723e/seed-1/snapshots/step-000025.pt
1,scaling-tuned-adamw-10seeds-v1,7097b902cc3f3a43380d0b66433b0a90ecf3915af0cdb913b8b407b76daf38af,cell-003-3e79f448723e,3,3e79f448723e8a6792127d635f28a82e7d127a07c78f415dd4c09e82b8253153,1,2,50,32,4,8,2,4,,adamw,0.003,0.0,800,512,0.0,8192,0.7572199702262878,0.6998291015625,0.23274017870426178,0.21849584579467773,5.986227512359619,"[1.868856430053711,0.9082566499710083,0.8365417718887329,1.805175542831421,1.130101203918457,0.9254608154296875,1.522326111793518,1.2710341215133667]","[1.29660165309906,1.4314672946929932,1.30625581741333,1.1080199480056763,1.6356866359710693,1.425494909286499,1.7627588510513306,1.895096778869629]",seeds/cell-003-3e79f448723e/seed-1/checkpoint.pt,seeds/cell-003-3e79f448723e/seed-1/snapshots/step-000050.pt
1,scaling-tuned-adamw-10seeds-v1,7097b902cc3f3a43380d0b66433b0a90ecf3915af0cdb913b8b407b76daf38af,cell-003-3e79f448723e,3,3e79f448723e8a6792127d635f28a82e7d127a07c78f415dd4c09e82b8253153,1,3,100,32,4,8,2,4,,adamw,0.003,0.0,800,512,0.0,8192,0.5842525362968445,0.78955078125,0.4123106598854065,0.40367913246154785,5.333641052246094,"[1.9674956798553467,1.0384119749069214,0.9085208177566528,2.0927796363830566,1.3613591194152832,1.2387003898620605,1.8350646495819092,1.4941703081130981]","[1.2742332220077515,1.4128321409225464,1.2270084619522095,1.2960178852081299,1.5770355463027954,1.48277747631073,1.6753346920013428,1.9447828531265259]",seeds/cell-003-3e79f448723e/seed-1/checkpoint.pt,seeds/cell-003-3e79f448723e/seed-1/snapshots/step-000100.pt
1,scaling-tuned-adamw-10seeds-v1,7097b902cc3f3a43380d0b66433b0a90ecf3915af0cdb913b8b407b76daf38af,cell-003-3e79f448723e,3,3e79f448723e8a6792127d635f28a82e7d127a07c78f415dd4c09e82b8253153,1,4,200,32,4,8,2,4,,adamw,0.003,0.0,800,512,0.0,8192,0.27904731035232544,0.91748046875,0.7302488684654236,0.7106858491897583,4.145903587341309,"[2.0061562061309814,1.1620317697525024,1.4256314039230347,2.420820713043213,1.6481066942214966,2.0473313331604004,2.4207589626312256,1.9275275468826294]","[1.2656617164611816,1.3307383060455322,0.9826728701591492,1.2265506982803345,1.3395805358886719,1.7164143323898315,1.6558469533920288,1.9906567335128784]",seeds/cell-003-3e79f448723e/seed-1/checkpoint.pt,seeds/cell-003-3e79f448723e/seed-1/snapshots/step-000200.pt
1,scaling-tuned-adamw-10seeds-v1,7097b902cc3f3a43380d0b66433b0a90ecf3915af0cdb913b8b407b76daf38af,cell-003-3e79f448723e,3,3e79f448723e8a6792127d635f28a82e7d127a07c78f415dd4c09e82b8253153,1,5,400,32,4,8,2,4,,adamw,0.003,0.0,800,512,0.0,8192,0.07968223094940186,0.97998046875,0.9293111562728882,0.9299366474151611,3.8343076705932617,"[1.9805668592453003,1.2875767946243286,1.473589539527893,2.446781873703003,2.0225303173065186,2.8030691146850586,3.262493133544922,2.2022621631622314]","[1.0148347616195679,1.1002646684646606,0.8025392889976501,1.033689260482788,1.0022352933883667,2.3735430240631104,2.1779696941375732,1.9470926523208618]",seeds/cell-003-3e79f448723e/seed-1/checkpoint.pt,seeds/cell-003-3e79f448723e/seed-1/snapshots/step-000400.pt
1,scaling-tuned-adamw-10seeds-v1,7097b902cc3f3a43380d0b66433b0a90ecf3915af0cdb913b8b407b76daf38af,cell-003-3e79f448723e,3,3e79f448723e8a6792127d635f28a82e7d127a07c78f415dd4c09e82b8253153,1,6,800,32,4,8,2,4,,adamw,0.003,0.0,800,512,0.0,8192,0.025009002536535263,0.992919921875,0.9781562089920044,0.9901582598686218,3.654447317123413,"[2.173391342163086,1.469346284866333,1.5653294324874878,2.647806167602539,2.4810831546783447,3.4036474227905273,3.574300765991211,2.591139554977417]","[0.8284241557121277,0.8346008062362671,0.79283607006073,0.8883060812950134,1.0312526226043701,2.845763921737671,2.6478371620178223,2.2345199584960938]",seeds/cell-003-3e79f448723e/seed-1/checkpoint.pt,seeds/cell-003-3e79f448723e/seed-1/snapshots/step-000800.pt
1,scaling-tuned-adamw-10seeds-v1,7097b902cc3f3a43380d0b66433b0a90ecf3915af0cdb913b8b407b76daf38af,cell-003-3e79f448723e,3,3e79f448723e8a6792127d635f28a82e7d127a07c78f415dd4c09e82b8253153,2,0,0,32,4,8,2,4,,adamw,0.003,0.0,800,512,0.0,8192,1.8090863227844238,0.5469970703125,0.13901899755001068,0.11556102335453033,6.277624130249023,"[2.007236957550049,1.365445613861084,1.7174787521362305,1.44767427444458,1.2197438478469849,1.6633286476135254,2.2459793090820312,0.8049341440200806]","[1.0321762561798096,1.8843506574630737,1.2471460103988647,1.3400903940200806,1.6624592542648315,2.150416851043701,1.9188246726989746,1.258092999458313]",seeds/cell-003-3e79f448723e/seed-2/checkpoint.pt,seeds/cell-003-3e79f448723e/seed-2/snapshots/step-000000.pt
1,scaling-tuned-adamw-10seeds-v1,7097b902cc3f3a43380d0b66433b0a90ecf3915af0cdb913b8b407b76daf38af,cell-003-3e79f448723e,3,3e79f448723e8a6792127d635f28a82e7d127a07c78f415dd4c09e82b8253153,2,1,25,32,4,8,2,4,,adamw,0.003,0.0,800,512,0.0,8192,0.853979229927063,0.6593017578125,0.15017926692962646,0.1112401932477951,6.302913665771484,"[1.920453429222107,1.4582771062850952,1.8087928295135498,1.3727529048919678,1.2627438306808472,1.7042723894119263,2.315187454223633,0.8341099619865417]","[0.9635166525840759,1.9125851392745972,1.3182520866394043,1.4290988445281982,1.7614318132400513,2.048701763153076,1.858451008796692,1.2498376369476318]",seeds/cell-003-3e79f448723e/seed-2/checkpoint.pt,seeds/cell-003-3e79f448723e/seed-2/snapshots/step-000025.pt
1,scaling-tuned-adamw-10seeds-v1,7097b902cc3f3a43380d0b66433b0a90ecf3915af0cdb913b8b407b76daf38af,cell-003-3e79f448723e,3,3e79f448723e8a6792127d635f28a82e7d127a07c78f415dd4c09e82b8253153,2,2,50,32,4,8,2,4,,adamw,0.003,0.0,800,512,0.0,8192,0.7872505784034729,0.6866455078125,0.22869454324245453,0.1810772866010666,6.116026878356934,"[1.8927010297775269,1.500345230102539,1.840606451034546,1.2888394594192505,1.3335325717926025,1.6750658750534058,2.3061563968658447,0.855705738067627]","[0.952157735824585,1.9668840169906616,1.3505417108535767,1.4800620079040527,1.8107680082321167,2.009622573852539,1.8713968992233276,1.292492389678955]",seeds/cell-003-3e79f448723e/seed-2/checkpoint.pt,seeds/cell-003-3e79f448723e/seed-2/snapshots/step-000050.pt
1,scaling-tuned-adamw-10seeds-v1,7097b902cc3f3a43380d0b66433b0a90ecf3915af0cdb913b8b407b76daf38af,cell-003-3e79f448723e,3,3e79f448723e8a6792127d635f28a82e7d127a07c78f415dd4c09e82b8253153,2,3,100,32,4,8,2,4,,adamw,0.003,0.0,800,512,0.0,8192,0.6839054822921753,0.7435302734375,0.3080190420150757,0.2908470630645752,5.734302520751953,"[1.9339535236358643,1.5531526803970337,1.8027633428573608,1.280610203742981,1.5652110576629639,1.6027971506118774,2.2935380935668945,1.0632293224334717]","[0.965544581413269,2.0036141872406006,1.3353303670883179,1.4552592039108276,1.9215612411499023,1.944383978843689,1.8534729480743408,1.3341937065124512]",seeds/cell-003-3e79f448723e/seed-2/checkpoint.pt,seeds/cell-003-3e79f448723e/seed-2/snapshots/step-000100.pt
1,scaling-tuned-adamw-10seeds-v1,7097b902cc3f3a43380d0b66433b0a90ecf3915af0cdb913b8b407b76daf38af,cell-003-3e79f448723e,3,3e79f448723e8a6792127d635f28a82e7d127a07c78f415dd4c09e82b8253153,2,4,200,32,4,8,2,4,,adamw,0.003,0.0,800,512,0.0,8192,0.36539989709854126,0.8714599609375,0.6357746124267578,0.627213716506958,4.839116096496582,"[2.201841354370117,1.7014204263687134,1.7998857498168945,1.8909823894500732,2.3442766666412354,1.4919781684875488,2.2630021572113037,1.5049171447753906]","[1.0237312316894531,1.8680170774459839,1.302233099937439,1.3043513298034668,2.4179184436798096,1.9661445617675781,1.7387462854385376,1.595082402229309]",seeds/cell-003-3e79f448723e/seed-2/checkpoint.pt,seeds/cell-003-3e79f448723e/seed-2/snapshots/step-000200.pt
1,scaling-tuned-adamw-10seeds-v1,7097b902cc3f3a43380d0b66433b0a90ecf3915af0cdb913b8b407b76daf38af,cell-003-3e79f448723e,3,3e79f448723e8a6792127d635f28a82e7d127a07c78f415dd4c09e82b8253153,2,5,400,32,4,8,2,4,,adamw,0.003,0.0,800,512,0.0,8192,0.10471630096435547,0.968505859375,0.8958399295806885,0.8907064199447632,4.2320661544799805,"[2.5381810665130615,1.8105592727661133,2.4751336574554443,2.281754732131958,2.7928168773651123,1.5727453231811523,2.3290579319000244,1.9956738948822021]","[0.9659465551376343,1.6240817308425903,1.353402853012085,0.9460993409156799,3.9177591800689697,1.6457242965698242,1.6072959899902344,2.088686466217041]",seeds/cell-003-3e79f448723e/seed-2/checkpoint.pt,seeds/cell-003-3e79f448723e/seed-2/snapshots/step-000400.pt
1,scaling-tuned-adamw-10seeds-v1,7097b902cc3f3a43380d0b66433b0a90ecf3915af0cdb913b8b407b76daf38af,cell-003-3e79f448723e,3,3e79f448723e8a6792127d635f28a82e7d127a07c78f415dd4c09e82b8253153,2,6,800,32,4,8,2,4,,adamw,0.003,0.0,800,512,0.0,8192,0.022643275558948517,0.9945068359375,0.9745805263519287,0.9662894606590271,4.00096321105957,"[3.3408005237579346,1.9587664604187012,3.269329309463501,2.6140403747558594,3.117959499359131,1.775209665298462,2.308333396911621,2.4820961952209473]","[0.8356345295906067,1.5131890773773193,1.1423132419586182,0.8595984578132629,5.368677616119385,1.7698473930358887,1.5088351964950562,2.9371886253356934]",seeds/cell-003-3e79f448723e/seed-2/checkpoint.pt,seeds/cell-003-3e79f448723e/seed-2/snapshots/step-000800.pt
1,scaling-tuned-adamw-10seeds-v1,7097b902cc3f3a43380d0b66433b0a90ecf3915af0cdb913b8b407b76daf38af,cell-003-3e79f448723e,3,3e79f448723e8a6792127d635f28a82e7d127a07c78f415dd4c09e82b8253153,3,0,0,32,4,8,2,4,,adamw,0.003,0.0,800,512,0.0,8192,1.6928000450134277,0.499267578125,-0.014196851290762424,0.031485773622989655,6.492772102355957,"[1.313125491142273,1.2575820684432983,1.5477087497711182,1.3545087575912476,1.1885850429534912,1.637651801109314,1.7323658466339111,1.4380214214324951]","[0.7704460620880127,1.2429503202438354,1.728580355644226,1.1045812368392944,1.269661545753479,1.5802249908447266,1.6071090698242188,1.2647252082824707]",seeds/cell-003-3e79f448723e/seed-3/checkpoint.pt,seeds/cell-003-3e79f448723e/seed-3/snapshots/step-000000.pt
1,scaling-tuned-adamw-10seeds-v1,7097b902cc3f3a43380d0b66433b0a90ecf3915af0cdb913b8b407b76daf38af,cell-003-3e79f448723e,3,3e79f448723e8a6792127d635f28a82e7d127a07c78f415dd4c09e82b8253153,3,1,25,32,4,8,2,4,,adamw,0.003,0.0,800,512,0.0,8192,0.8920781016349792,0.6357421875,0.1320156455039978,0.10287083685398102,6.292123317718506,"[1.365167260169983,1.2641328573226929,1.4484686851501465,1.36167311668396,1.2049918174743652,1.501523494720459,1.6963380575180054,1.5072660446166992]","[0.7730443477630615,1.2537345886230469,1.7227425575256348,1.2118030786514282,1.3149489164352417,1.5265206098556519,1.7488917112350464,1.380741834640503]",seeds/cell-003-3e79f448723e/seed-3/checkpoint.pt,seeds/cell-003-3e79f448723e/seed-3/snapshots/step-000025.pt
1,scaling-tuned-adamw-10seeds-v1,7097b902cc3f3a43380d0b66433b0a90ecf3915af0cdb913b8b407b76daf38af,cell-003-3e79f448723e,3,3e79f448723e8a6792127d635f28a82e7d127a07c78f415dd4c09e82b8253153,3,2,50,32,4,8,2,4,,adamw,0.003,0.0,800,512,0.0,8192,0.8124669790267944,0.675537109375,0.21260309219360352,0.15763092041015625,6.1217169761657715,"[1.410669207572937,1.2740336656570435,1.43376624584198,1.360566258430481,1.2231210470199585,1.4533954858779907,1.7270933389663696,1.549344778060913]","[0.7957949042320251,1.312748670578003,1.7380712032318115,1.246788740158081,1.3768000602722168,1.5376960039138794,1.8397998809814453,1.4422274827957153]",seeds/cell-003-3e79f448723e/seed-3/checkpoint.pt,seeds/cell-003-3e79f448723e/seed-3/snapshots/step-000050.pt
1,scaling-tuned-adamw-10seeds-v1,7097b902cc3f3a43380d0b66433b0a90ecf3915af0cdb913b8b407b76daf38af,cell-003-3e79f448723e,3,3e79f448723e8a6792127d635f28a82e7d127a07c78f415dd4c09e82b8253153,3,3,100,32,4,8,2,4,,adamw,0.003,0.0,800,512,0.0,8192,0.7419177293777466,0.7086181640625,0.2686299681663513,0.22637292742729187,5.859487056732178,"[1.5269047021865845,1.387850284576416,1.5720665454864502,1.3545256853103638,1.3990895748138428,1.4065065383911133,1.8661326169967651,1.5939737558364868]","[0.8029683828353882,1.3520716428756714,1.7193776369094849,1.2554315328598022,1.4063392877578735,1.5477726459503174,1.9230306148529053,1.4963170289993286]",seeds/cell-003-3e79f448723e/seed-3/checkpoint.pt,seeds/cell-003-3e79f448723e/seed-3/snapshots/step-000100.pt
1,scaling-tuned-adamw-10seeds-v1,7097b902cc3f3a43380d0b66433b0a90ecf3915af0cdb913b8b407b76daf38af,cell-003-3e79f448723e,3,3e79f448723e8a6792127d635f28a82e7d127a07c78f415dd4c09e82b8253153,3,4,200,32,4,8,2,4,,adamw,0.003,0.0,800,512,0.0,8192,0.3481479287147522,0.8927001953125,0.6716604232788086,0.669926643371582,4.681511402130127,"[1.8017674684524536,2.2491931915283203,2.337301015853882,1.5829485654830933,2.6751232147216797,1.3563376665115356,2.2391116619110107,1.7085984945297241]","[0.9624796509742737,1.4797958135604858,1.65824556350708,1.140221118927002,1.5388951301574707,1.593839406967163,1.9781118631362915,1.470696210861206]",seeds/cell-003-3e79f448723e/seed-3/checkpoint.pt,seeds/cell-003-3e79f448723e/seed-3/snapshots/step-000200.pt
1,scaling-tuned-adamw-10seeds-v1,7097b902cc3f3a43380d0b66433b0a90ecf3915af0cdb913b8b407b76daf38af,cell-003-3e79f448723e,3,3e79f448723e8a6792127d635f28a82e7d127a07c78f415dd4c09e82b8253153,3,5,400,32,4,8,2,4,,adamw,0.003,0.0,800,512,0.0,8192,0.10980663448572159,0.9698486328125,0.8873511552810669,0.8897145986557007,4.2313551902771,"[1.94233238697052,2.798391103744507,2.8194868564605713,1.9083079099655151,3.5506179332733154,1.2527296543121338,2.240865707397461,1.5050933361053467]","[0.7444912791252136,1.5091965198516846,1.4992077350616455,0.9382539391517639,2.671355962753296,1.667649269104004,1.9148696660995483,1.2651126384735107]",seeds/cell-003-3e79f448723e/seed-3/checkpoint.pt,seeds/cell-003-3e79f448723e/seed-3/snapshots/step-000400.pt
1,scaling-tuned-adamw-10seeds-v1,7097b902cc3f3a43380d0b66433b0a90ecf3915af0cdb913b8b407b76daf38af,cell-003-3e79f448723e,3,3e79f448723e8a6792127d635f28a82e7d127a07c78f415dd4c09e82b8253153,3,6,800,32,4,8,2,4,,adamw,0.003,0.0,800,512,0.0,8192,0.027961432933807373,0.99365234375,0.9732531309127808,0.968945324420929,4.10552978515625,"[2.067985773086548,3.4763076305389404,3.429020881652832,2.111168384552002,3.7783613204956055,1.55314040184021,2.5283572673797607,1.7495976686477661]","[0.650235652923584,1.3081073760986328,1.2820082902908325,0.880128800868988,4.159936428070068,1.8836561441421509,2.328277587890625,1.25444757938385]",seeds/cell-003-3e79f448723e/seed-3/checkpoint.pt,seeds/cell-003-3e79f448723e/seed-3/snapshots/step-000800.pt
1,scaling-tuned-adamw-10seeds-v1,7097b902cc3f3a43380d0b66433b0a90ecf3915af0cdb913b8b407b76daf38af,cell-003-3e79f448723e,3,3e79f448723e8a6792127d635f28a82e7d127a07c78f415dd4c09e82b8253153,4,0,0,32,4,8,2,4,,adamw,0.003,0.0,800,512,0.0,8192,1.5334522724151611,0.5086669921875,-0.00433898763731122,-0.011788526549935341,6.145717620849609,"[1.3888050317764282,0.7694739103317261,1.153403639793396,1.511244535446167,0.8126479983329773,0.921506404876709,1.1182862520217896,2.281409502029419]","[1.3981796503067017,1.7898812294006348,1.510930061340332,0.87026047706604,2.076310634613037,1.0604453086853027,1.5664664506912231,1.6639328002929688]",seeds/cell-003-3e79f448723e/seed-4/checkpoint.pt,seeds/cell-003-3e79f448723e/seed-4/snapshots/step-000000.pt
1,scaling-tuned-adamw-10seeds-v1,7097b902cc3f3a43380d0b66433b0a90ecf3915af0cdb913b8b407b76daf38af,cell-003-3e79f448723e,3,3e79f448723e8a6792127d635f28a82e7d127a07c78f415dd4c09e82b8253153,4,1,25,32,4,8,2,4,,adamw,0.003,0.0,800,512,0.0,8192,0.8837593793869019,0.6343994140625,0.11094683408737183,0.07140880078077316,6.040335178375244,"[1.3884986639022827,0.7101941108703613,1.0966116189956665,1.630948543548584,0.8657462000846863,0.9309030771255493,1.1878682374954224,2.331005096435547]","[1.4276986122131348,1.799443006515503,1.6134552955627441,0.9640583395957947,2.097383499145508,1.0801833868026733,1.662943720817566,1.6207599639892578]",seeds/cell-003-3e79f448723e/seed-4/checkpoint.pt,seeds/cell-003-3e79f448723e/seed-4/snapshots/step-000025.pt
1,scaling-tuned-adamw-10seeds-v1,7097b902cc3f3a43380d0b66433b0a90ecf3915af0cdb913b8b407b76daf38af,cell-003-3e79f448723e,3,3e79f448723e8a6792127d635f28a82e7d127a07c78f415dd4c09e82b8253153,4,2,50,32,4,8,2,4,,adamw,0.003,0.0,800,512,0.0,8192,0.8057013154029846,0.680419921875,0.2072400599718094,0.14511874318122864,5.925409317016602,"[1.3750529289245605,0.7497215270996094,1.0402717590332031,1.6078904867172241,0.91224604845047,0.9382123351097107,1.2201536893844604,2.29819655418396]","[1.4111214876174927,1.813588261604309,1.6569123268127441,0.992424726486206,2.1212282180786133,1.1375752687454224,1.717789649963379,1.6481324434280396]",seeds/cell-003-3e79f448723e/seed-4/checkpoint.pt,seeds/cell-003-3e79f448723e/seed-4/snapshots/step-000050.pt
1,scaling-tuned-adamw-10seeds-v1,7097b902cc3f3a43380d0b66433b0a90ecf3915af0cdb913b8b407b76daf38af,cell-003-3e79f448723e,3,3e79f448723e8a6792127d635f28a82e7d127a07c78f415dd4c09e82b8253153,4,3,100,32,4,8,2,4,,adamw,0.003,0.0,800,512,0.0,8192,0.7168130278587341,0.7208251953125,0.27004075050354004,0.21673063933849335,5.614857196807861,"[1.4390662908554077,0.8998668789863586,1.0444883108139038,1.608341932296753,1.0207855701446533,1.027586579322815,1.4555485248565674,2.3590495586395264]","[1.397973895072937,1.8595632314682007,1.6315206289291382,0.9298927783966064,2.1472067832946777,1.217296838760376,1.6976925134658813,1.637477159500122]",seeds/cell-003-3e79f448723e/seed-4/checkpoint.pt,seeds/cell-003-3e79f448723e/seed-4/snapshots/step-000100.pt
1,scaling-tuned-adamw-10seeds-v1,7097b902cc3f3a43380d0b66433b0a90ecf3915af0cdb913b8b407b76daf38af,cell-003-3e79f448723e,3,3e79f448723e8a6792127d635f28a82e7d127a07c78f415dd4c09e82b8253153,4,4,200,32,4,8,2,4,,adamw,0.003,0.0,800,512,0.0,8192,0.262153685092926,0.9158935546875,0.7341881394386292,0.7114541530609131,4.747976779937744,"[1.593504786491394,1.5387951135635376,1.4545742273330688,1.937477469444275,1.2530694007873535,1.8046653270721436,2.304673671722412,2.4611570835113525]","[1.4368007183074951,1.736263632774353,1.5488660335540771,0.9938935041427612,2.171036720275879,1.3957762718200684,1.8248687982559204,1.5232415199279785]",seeds/cell-003-3e79f448723e/seed-4/checkpoint.pt,seeds/cell-003-3e79f448723e/seed-4/snapshots/step-000200.pt
1,scaling-tuned-adamw-10seeds-v1,7097b902cc3f3a43380d0b66433b0a90ecf3915af0cdb913b8b407b76daf38af,cell-003-3e79f448723e,3,3e79f448723e8a6792127d635f28a82e7d127a07c78f415dd4c09e82b8253153,4,5,400,32,4,8,2,4,,adamw,0.003,0.0,800,512,0.0,8192,0.04853972792625427,0.9847412109375,0.9474153518676758,0.9342681169509888,4.378068447113037,"[1.7321401834487915,2.256856679916382,2.0099925994873047,2.0221595764160156,1.1918489933013916,2.234374523162842,2.8243727684020996,2.77964186668396]","[1.2847532033920288,1.5724645853042603,1.452319860458374,0.8462153077125549,1.9801515340805054,2.3539557456970215,2.314059019088745,1.612484335899353]",seeds/cell-003-3e79f448723e/seed-4/checkpoint.pt,seeds/cell-003-3e79f448723e/seed-4/snapshots/step-000400.pt
1,scaling-tuned-adamw-10seeds-v1,7097b902cc3f3a43380d0b66433b0a90ecf3915af0cdb913b8b407b76daf38af,cell-003-3e79f448723e,3,3e79f448723e8a6792127d635f28a82e7d127a07c78f415dd4c09e82b8253153,4,6,800,32,4,8,2,4,,adamw,0.003,0.0,800,512,0.0,8192,0.010410222224891186,0.996826171875,0.9939082860946655,0.9897641539573669,4.2578229904174805,"[1.9367339611053467,2.612922191619873,2.6578586101531982,2.1388754844665527,1.2132304906845093,2.5383808612823486,2.932847261428833,3.221287250518799]","[1.171345591545105,1.56035315990448,1.3097419738769531,0.7679760456085205,1.9471241235733032,3.088352680206299,2.78018856048584,1.8805590867996216]",seeds/cell-003-3e79f448723e/seed-4/checkpoint.pt,seeds/cell-003-3e79f448723e/seed-4/snapshots/step-000800.pt
1,scaling-tuned-adamw-10seeds-v1,7097b902cc3f3a43380d0b66433b0a90ecf3915af0cdb913b8b407b76daf38af,cell-003-3e79f448723e,3,3e79f448723e8a6792127d635f28a82e7d127a07c78f415dd4c09e82b8253153,5,0,0,32,4,8,2,4,,adamw,0.003,0.0,800,512,0.0,8192,1.8724346160888672,0.45166015625,-0.08890073001384735,-0.04772500693798065,6.432411193847656,"[1.7252166271209717,1.4827961921691895,1.4825832843780518,0.6336710453033447,1.1631770133972168,1.260423183441162,1.7010629177093506,1.0910706520080566]","[1.3492012023925781,1.0847080945968628,1.1957136392593384,1.141884684562683,0.7749333381652832,1.2047232389450073,1.3049986362457275,1.0953730344772339]",seeds/cell-003-3e79f448723e/seed-5/checkpoint.pt,seeds/cell-003-3e79f448723e/seed-5/snapshots/step-000000.pt
1,scaling-tuned-adamw-10seeds-v1,7097b902cc3f3a43380d0b66433b0a90ecf3915af0cdb913b8b407b76daf38af,cell-003-3e79f448723e,3,3e79f448723e8a6792127d635f28a82e7d127a07c78f415dd4c09e82b8253153,5,1,25,32,4,8,2,4,,adamw,0.003,0.0,800,512,0.0,8192,0.8784857988357544,0.6414794921875,0.13076922297477722,0.1294054090976715,6.269772052764893,"[1.7780840396881104,1.5436094999313354,1.379048466682434,0.5949134826660156,1.1748906373977661,1.2424660921096802,1.7512210607528687,1.1153438091278076]","[1.474313497543335,1.0074580907821655,1.2960119247436523,1.26795494556427,0.8248549699783325,1.1094639301300049,1.334626317024231,1.0937533378601074]",seeds/cell-003-3e79f448723e/seed-5/checkpoint.pt,seeds/cell-003-3e79f448723e/seed-5/snapshots/step-000025.pt
1,scaling-tuned-adamw-10seeds-v1,7097b902cc3f3a43380d0b66433b0a90ecf3915af0cdb913b8b407b76daf38af,cell-003-3e79f448723e,3,3e79f448723e8a6792127d635f28a82e7d127a07c78f415dd4c09e82b8253153,5,2,50,32,4,8,2,4,,adamw,0.003,0.0,800,512,0.0,8192,0.792302131652832,0.68798828125,0.22421926259994507,0.218414306640625,6.217561721801758,"[1.841125249862671,1.5144875049591064,1.3790192604064941,0.5540422797203064,1.184420108795166,1.2433359622955322,1.7510241270065308,1.1560088396072388]","[1.483620285987854,0.9531621932983398,1.3592182397842407,1.2413115501403809,0.8386562466621399,1.09092378616333,1.3556101322174072,1.109318733215332]",seeds/cell-003-3e79f448723e/seed-5/checkpoint.pt,seeds/cell-003-3e79f448723e/seed-5/snapshots/step-000050.pt
1,scaling-tuned-adamw-10seeds-v1,7097b902cc3f3a43380d0b66433b0a90ecf3915af0cdb913b8b407b76daf38af,cell-003-3e79f448723e,3,3e79f448723e8a6792127d635f28a82e7d127a07c78f415dd4c09e82b8253153,5,3,100,32,4,8,2,4,,adamw,0.003,0.0,800,512,0.0,8192,0.6850507259368896,0.7415771484375,0.30116403102874756,0.3011910319328308,6.121723175048828,"[1.883510947227478,1.4969401359558105,1.4812612533569336,0.6090443134307861,1.3945289850234985,1.2826480865478516,1.8422993421554565,1.3252607583999634]","[1.4291901588439941,0.9012133479118347,1.3864786624908447,1.1716831922531128,0.895961582660675,1.0699527263641357,1.4056274890899658,1.1290735006332397]",seeds/cell-003-3e79f448723e/seed-5/checkpoint.pt,seeds/cell-003-3e79f448723e/seed-5/snapshots/step-000100.pt
1,scaling-tuned-adamw-10seeds-v1,7097b902cc3f3a43380d0b66433b0a90ecf3915af0cdb913b8b407b76daf38af,cell-003-3e79f448723e,3,3e79f448723e8a6792127d635f28a82e7d127a07c78f415dd4c09e82b8253153,5,4,200,32,4,8,2,4,,adamw,0.003,0.0,800,512,0.0,8192,0.34524255990982056,0.899169921875,0.6580560207366943,0.6581348180770874,5.505034923553467,"[2.1390628814697266,1.6102138757705688,1.8083469867706299,1.0673214197158813,1.3507418632507324,1.4906197786331177,2.2749435901641846,2.000901699066162]","[1.232361078262329,0.8345908522605896,1.5073785781860352,1.036032795906067,0.960490882396698,1.0866743326187134,1.3963373899459839,1.0371661186218262]",seeds/cell-003-3e79f448723e/seed-5/checkpoint.pt,seeds/cell-003-3e79f448723e/seed-5/snapshots/step-000200.pt
1,scaling-tuned-adamw-10seeds-v1,7097b902cc3f3a43380d0b66433b0a90ecf3915af0cdb913b8b407b76daf38af,cell-003-3e79f448723e,3,3e79f448723e8a6792127d635f28a82e7d127a07c78f415dd4c09e82b8253153,5,5,400,32,4,8,2,4,,adamw,0.003,0.0,800,512,0.0,8192,0.130722314119339,0.965576171875,0.8869479894638062,0.8853254318237305,4.9949846267700195,"[2.3274831771850586,1.6985958814620972,2.2138168811798096,1.182893991470337,1.2411059141159058,1.3488620519638062,3.2213432788848877,2.5037283897399902]","[0.9655478000640869,0.6981240510940552,1.464105248451233,0.9760711193084717,0.8691728711128235,1.0180696249008179,1.4018479585647583,1.469714641571045]",seeds/cell-003-3e79f448723e/seed-5/checkpoint.pt,seeds/cell-003-3e79f448723e/seed-5/snapshots/step-000400.pt
1,scaling-tuned-adamw-10seeds-v1,7097b902cc3f3a43380d0b66433b0a90ecf3915af0cdb913b8b407b76daf38af,cell-003-3e79f448723e,3,3e79f448723e8a6792127d635f28a82e7d127a07c78f415dd4c09e82b8253153,5,6,800,32,4,8,2,4,,adamw,0.003,0.0,800,512,0.0,8192,0.03174401819705963,0.991943359375,0.9671410918235779,0.9644668102264404,4.76654052734375,"[2.835035562515259,1.4778854846954346,2.6921744346618652,1.7875043153762817,1.2516016960144043,1.8166927099227905,4.084787845611572,2.8100757598876953]","[0.886163055896759,0.4952230751514435,1.232493281364441,0.8149198889732361,1.0039485692977905,1.5097442865371704,1.8015916347503662,2.393916130065918]",seeds/cell-003-3e79f448723e/seed-5/checkpoint.pt,seeds/cell-003-3e79f448723e/seed-5/snapshots/step-000800.pt
1,scaling-tuned-adamw-10seeds-v1,7097b902cc3f3a43380d0b66433b0a90ecf3915af0cdb913b8b407b76daf38af,cell-003-3e79f448723e,3,3e79f448723e8a6792127d635f28a82e7d127a07c78f415dd4c09e82b8253153,6,0,0,32,4,8,2,4,,adamw,0.003,0.0,800,512,0.0,8192,1.476288080215454,0.5020751953125,0.020117059350013733,-0.0027414218056946993,6.0347514152526855,"[1.2087655067443848,1.3818752765655518,1.7790412902832031,1.482531189918518,1.1440538167953491,1.03917396068573,1.5997024774551392,1.4833308458328247]","[1.2461025714874268,1.5236397981643677,1.5281541347503662,1.822675108909607,0.8671064376831055,1.3780431747436523,1.3877061605453491,1.214723825454712]",seeds/cell-003-3e79f448723e/seed-6/checkpoint.pt,seeds/cell-003-3e79f448723e/seed-6/snapshots/step-000000.pt
1,scaling-tuned-adamw-10seeds-v1,7097b902cc3f3a43380d0b66433b0a90ecf3915af0cdb913b8b407b76daf38af,cell-003-3e79f448723e,3,3e79f448723e8a6792127d635f28a82e7d127a07c78f415dd4c09e82b8253153,6,1,25,32,4,8,2,4,,adamw,0.003,0.0,800,512,0.0,8192,0.8765568733215332,0.6494140625,0.15247181057929993,0.112297922372818,5.810537338256836,"[1.235835313796997,1.4815126657485962,1.6313841342926025,1.4487439393997192,1.2564244270324707,1.160653829574585,1.5562348365783691,1.4992423057556152]","[1.3232581615447998,1.696424961090088,1.6085699796676636,1.9111452102661133,0.8744983077049255,1.4685003757476807,1.3821810483932495,1.1435935497283936]",seeds/cell-003-3e79f448723e/seed-6/checkpoint.pt,seeds/cell-003-3e79f448723e/seed-6/snapshots/step-000025.pt
1,scaling-tuned-adamw-10seeds-v1,7097b902cc3f3a43380d0b66433b0a90ecf3915af0cdb913b8b407b76daf38af,cell-003-3e79f448723e,3,3e79f448723e8a6792127d635f28a82e7d127a07c78f415dd4c09e82b8253153,6,2,50,32,4,8,2,4,,adamw,0.003,0.0,800,512,0.0,8192,0.7930648326873779,0.686767578125,0.2180156260728836,0.17992472648620605,5.728780746459961,"[1.2484053373336792,1.4648276567459106,1.518398642539978,1.4720031023025513,1.414769172668457,1.14003586769104,1.6447443962097168,1.6744670867919922]","[1.345781922340393,1.7203211784362793,1.6637990474700928,1.9219913482666016,0.9007909893989563,1.4690226316452026,1.3932087421417236,1.1790975332260132]",seeds/cell-003-3e79f448723e/seed-6/checkpoint.pt,seeds/cell-003-3e79f448723e/seed-6/snapshots/step-000050.pt
1,scaling-tuned-adamw-10seeds-v1,7097b902cc3f3a43380d0b66433b0a90ecf3915af0cdb913b8b407b76daf38af,cell-003-3e79f448723e,3,3e79f448723e8a6792127d635f28a82e7d127a07c78f415dd4c09e82b8253153,6,3,100,32,4,8,2,4,,adamw,0.003,0.0,800,512,0.0,8192,0.6160320043563843,0.7613525390625,0.39054152369499207,0.37181198596954346,4.9145989418029785,"[1.2787246704101562,1.5826612710952759,1.4308159351348877,1.5893311500549316,1.7158401012420654,1.1438249349594116,2.259633779525757,2.169577121734619]","[1.3049795627593994,1.588332176208496,1.6497963666915894,2.052088737487793,0.9333851337432861,1.4552075862884521,1.4906977415084839,1.3153525590896606]",seeds/cell-003-3e79f448723e/seed-6/checkpoint.pt,seeds/cell-003-3e79f448723e/seed-6/snapshots/step-000100.pt
1,scaling-tuned-adamw-10seeds-v1,7097b902cc3f3a43380d0b66433b0a90ecf3915af0cdb913b8b407b76daf38af,cell-003-3e79f448723e,3,3e79f448723e8a6792127d635f28a82e7d127a07c78f415dd4c09e82b8253153,6,4,200,32,4,8,2,4,,adamw,0.003,0.0,800,512,0.0,8192,0.2928794324398041,0.9061279296875,0.6976586580276489,0.6999523639678955,4.404339790344238,"[1.177164077758789,1.9325993061065674,1.406016230583191,1.8070489168167114,2.361311435699463,1.1295607089996338,2.5358450412750244,2.309286594390869]","[1.0379036664962769,1.3482005596160889,1.2070927619934082,1.854785680770874,1.178635835647583,1.3643447160720825,1.7043676376342773,1.5557126998901367]",seeds/cell-003-3e79f448723e/seed-6/checkpoint.pt,seeds/cell-003-3e79f448723e/seed-6/snapshots/step-000200.pt
1,scaling-tuned-adamw-10seeds-v1,7097b902cc3f3a43380d0b66433b0a90ecf3915af0cdb913b8b407b76daf38af,cell-003-3e79f448723e,3,3e79f448723e8a6792127d635f28a82e7d127a07c78f415dd4c09e82b8253153,6,5,400,32,4,8,2,4,,adamw,0.003,0.0,800,512,0.0,8192,0.0900438129901886,0.9737548828125,0.91526198387146,0.9060167074203491,3.9159963130950928,"[1.2835243940353394,2.10271954536438,1.4684849977493286,2.5139899253845215,2.457627773284912,0.9457250833511353,3.0239906311035156,2.375025749206543]","[0.8549030423164368,1.0456137657165527,0.667524516582489,1.5836371183395386,2.2963366508483887,1.085911512374878,2.6149327754974365,2.2847278118133545]",seeds/cell-003-3e79f448723e/seed-6/checkpoint.pt,seeds/cell-003-3e79f448723e/seed-6/snapshots/step-000400.pt
1,scaling-tuned-adamw-10seeds-v1,7097b902cc3f3a43380d0b66433b0a90ecf3915af0cdb913b8b407b76daf38af,cell-003-3e79f448723e,3,3e79f448723e8a6792127d635f28a82e7d127a07c78f415dd4c09e82b8253153,6,6,800,32,4,8,2,4,,adamw,0.003,0.0,800,512,0.0,8192,0.016564179211854935,0.9954833984375,0.9787553548812866,0.9732705354690552,3.641831636428833,"[1.4217994213104248,2.2435410022735596,1.760188341140747,2.98588228225708,2.413064479827881,0.9935526251792908,3.2211947441101074,2.595088481903076]","[0.7530432939529419,0.8409319519996643,0.6742929816246033,1.4300228357315063,3.3450260162353516,1.2165722846984863,3.278705358505249,3.124829053878784]",seeds/cell-003-3e79f448723e/seed-6/checkpoint.pt,seeds/cell-003-3e79f448723e/seed-6/snapshots/step-000800.pt
1,scaling-tuned-adamw-10seeds-v1,7097b902cc3f3a43380d0b66433b0a90ecf3915af0cdb913b8b407b76daf38af,cell-003-3e79f448723e,3,3e79f448723e8a6792127d635f28a82e7d127a07c78f415dd4c09e82b8253153,7,0,0,32,4,8,2,4,,adamw,0.003,0.0,800,512,0.0,8192,1.3297038078308105,0.4873046875,-0.01867428421974182,-0.03523635491728783,5.767667293548584,"[1.5027984380722046,1.9600980281829834,1.4697849750518799,2.088196277618408,1.1530349254608154,0.9459872245788574,1.1680572032928467,1.0961923599243164]","[1.4521229267120361,1.3834702968597412,1.5927259922027588,0.9255738854408264,1.5790339708328247,1.1383557319641113,1.1135072708129883,1.5907729864120483]",seeds/cell-003-3e79f448723e/seed-7/checkpoint.pt,seeds/cell-003-3e79f448723e/seed-7/snapshots/step-000000.pt
1,scaling-tuned-adamw-10seeds-v1,7097b902cc3f3a43380d0b66433b0a90ecf3915af0cdb913b8b407b76daf38af,cell-003-3e79f448723e,3,3e79f448723e8a6792127d635f28a82e7d127a07c78f415dd4c09e82b8253153,7,1,25,32,4,8,2,4,,adamw,0.003,0.0,800,512,0.0,8192,0.8815182447433472,0.6583251953125,0.0849170982837677,0.07594411820173264,5.685596942901611,"[1.5658406019210815,2.021327018737793,1.4153538942337036,2.238375186920166,1.1922332048416138,0.9042362570762634,1.285823106765747,1.0058774948120117]","[1.3291395902633667,1.4250171184539795,1.6597200632095337,0.8879359364509583,1.6506391763687134,1.2297667264938354,1.160917043685913,1.7726253271102905]",seeds/cell-003-3e79f448723e/seed-7/checkpoint.pt,seeds/cell-003-3e79f448723e/seed-7/snapshots/step-000025.pt
1,scaling-tuned-adamw-10seeds-v1,7097b902cc3f3a43380d0b66433b0a90ecf3915af0cdb913b8b407b76daf38af,cell-003-3e79f448723e,3,3e79f448723e8a6792127d635f28a82e7d127a07c78f415dd4c09e82b8253153,7,2,50,32,4,8,2,4,,adamw,0.003,0.0,800,512,0.0,8192,0.7625187635421753,0.7027587890625,0.2445896863937378,0.2225312739610672,5.593423843383789,"[1.6428548097610474,2.051516532897949,1.4463038444519043,2.396235227584839,1.2320096492767334,0.8864285945892334,1.2668839693069458,1.0120075941085815]","[1.3320660591125488,1.4078567028045654,1.7178415060043335,0.9033991098403931,1.635657548904419,1.4211201667785645,1.1391627788543701,1.8512648344039917]",seeds/cell-003-3e79f448723e/seed-7/checkpoint.pt,seeds/cell-003-3e79f448723e/seed-7/snapshots/step-000050.pt
1,scaling-tuned-adamw-10seeds-v1,7097b902cc3f3a43380d0b66433b0a90ecf3915af0cdb913b8b407b76daf38af,cell-003-3e79f448723e,3,3e79f448723e8a6792127d635f28a82e7d127a07c78f415dd4c09e82b8253153,7,3,100,32,4,8,2,4,,adamw,0.003,0.0,800,512,0.0,8192,0.5815846920013428,0.7940673828125,0.39394789934158325,0.3899347186088562,5.258563995361328,"[1.7674508094787598,2.1180808544158936,1.8095476627349854,2.5894134044647217,1.3594642877578735,1.2378313541412354,1.385558009147644,1.2075066566467285]","[1.3320883512496948,1.3438042402267456,1.7193922996520996,0.9236699938774109,1.660906195640564,1.6477441787719727,1.1349526643753052,1.7946802377700806]",seeds/cell-003-3e79f448723e/seed-7/checkpoint.pt,seeds/cell-003-3e79f448723e/seed-7/snapshots/step-000100.pt
1,scaling-tuned-adamw-10seeds-v1,7097b902cc3f3a43380d0b66433b0a90ecf3915af0cdb913b8b407b76daf38af,cell-003-3e79f448723e,3,3e79f448723e8a6792127d635f28a82e7d127a07c78f415dd4c09e82b8253153,7,4,200,32,4,8,2,4,,adamw,0.003,0.0,800,512,0.0,8192,0.2296352982521057,0.933837890625,0.7782793641090393,0.7906741499900818,4.602574348449707,"[1.9565011262893677,2.8511240482330322,2.1396474838256836,2.590449810028076,1.2534788846969604,1.9430081844329834,1.8458610773086548,1.5338915586471558]","[1.3814927339553833,1.2219204902648926,1.534578561782837,0.7559395432472229,1.6824263334274292,2.331000566482544,1.026984691619873,1.7984570264816284]",seeds/cell-003-3e79f448723e/seed-7/checkpoint.pt,seeds/cell-003-3e79f448723e/seed-7/snapshots/step-000200.pt
1,scaling-tuned-adamw-10seeds-v1,7097b902cc3f3a43380d0b66433b0a90ecf3915af0cdb913b8b407b76daf38af,cell-003-3e79f448723e,3,3e79f448723e8a6792127d635f28a82e7d127a07c78f415dd4c09e82b8253153,7,5,400,32,4,8,2,4,,adamw,0.003,0.0,800,512,0.0,8192,0.042103350162506104,0.9891357421875,0.9605274200439453,0.9767751693725586,4.295327186584473,"[1.8373899459838867,3.7876639366149902,2.6209492683410645,2.800098419189453,1.0424245595932007,2.6889657974243164,2.2152562141418457,1.8310445547103882]","[1.2837885618209839,1.213352084159851,1.4790538549423218,0.7748096585273743,1.6376157999038696,3.139409303665161,1.280238151550293,2.005354881286621]",seeds/cell-003-3e79f448723e/seed-7/checkpoint.pt,seeds/cell-003-3e79f448723e/seed-7/snapshots/step-000400.pt
1,scaling-tuned-adamw-10seeds-v1,7097b902cc3f3a43380d0b66433b0a90ecf3915af0cdb913b8b407b76daf38af,cell-003-3e79f448723e,3,3e79f448723e8a6792127d635f28a82e7d127a07c78f415dd4c09e82b8253153,7,6,800,32,4,8,2,4,,adamw,0.003,0.0,800,512,0.0,8192,0.02134087309241295,0.994384765625,0.9879915714263916,1.004116415977478,4.290894031524658,"[1.7066748142242432,4.143136024475098,3.1545021533966064,3.5041580200195312,1.155171513557434,2.942857027053833,2.4121177196502686,1.9979019165039062]","[1.2545759677886963,1.1319376230239868,1.470380187034607,0.9112535119056702,1.7233396768569946,3.769700527191162,1.924567461013794,2.2997634410858154]",seeds/cell-003-3e79f448723e/seed-7/checkpoint.pt,seeds/cell-003-3e79f448723e/seed-7/snapshots/step-000800.pt
1,scaling-tuned-adamw-10seeds-v1,7097b902cc3f3a43380d0b66433b0a90ecf3915af0cdb913b8b407b76daf38af,cell-003-3e79f448723e,3,3e79f448723e8a6792127d635f28a82e7d127a07c78f415dd4c09e82b8253153,8,0,0,32,4,8,2,4,,adamw,0.003,0.0,800,512,0.0,8192,2.405144214630127,0.4705810546875,-0.03950391709804535,-0.04828213155269623,6.225549697875977,"[2.5330333709716797,0.805187463760376,1.1224757432937622,2.1712331771850586,1.3715068101882935,1.8436025381088257,1.4063427448272705,1.055069923400879]","[1.313055157661438,1.4292694330215454,1.444206714630127,1.380214810371399,1.2086883783340454,1.6464780569076538,1.6984033584594727,2.377598524093628]",seeds/cell-003-3e79f448723e/seed-8/checkpoint.pt,seeds/cell-003-3e79f448723e/seed-8/snapshots/step-000000.pt
1,scaling-tuned-adamw-10seeds-v1,7097b902cc3f3a43380d0b66433b0a90ecf3915af0cdb913b8b407b76daf38af,cell-003-3e79f448723e,3,3e79f448723e8a6792127d635f28a82e7d127a07c78f415dd4c09e82b8253153,8,1,25,32,4,8,2,4,,adamw,0.003,0.0,800,512,0.0,8192,0.9192736744880676,0.6357421875,0.13069689273834229,0.10235676169395447,6.069095134735107,"[2.4664692878723145,0.8645853996276855,1.1148358583450317,2.1027462482452393,1.3687763214111328,2.050645589828491,1.4575039148330688,1.002325177192688]","[1.3662090301513672,1.3235583305358887,1.4084151983261108,1.2415785789489746,1.2886606454849243,1.90194571018219,1.8797154426574707,2.135716676712036]",seeds/cell-003-3e79f448723e/seed-8/checkpoint.pt,seeds/cell-003-3e79f448723e/seed-8/snapshots/step-000025.pt
1,scaling-tuned-adamw-10seeds-v1,7097b902cc3f3a43380d0b66433b0a90ecf3915af0cdb913b8b407b76daf38af,cell-003-3e79f448723e,3,3e79f448723e8a6792127d635f28a82e7d127a07c78f415dd4c09e82b8253153,8,2,50,32,4,8,2,4,,adamw,0.003,0.0,800,512,0.0,8192,0.8267934322357178,0.681396484375,0.17547723650932312,0.14661690592765808,5.961243152618408,"[2.3839259147644043,0.8246108889579773,1.1275814771652222,2.1110596656799316,1.3769041299819946,2.05104398727417,1.4154398441314697,1.019058346748352]","[1.3570961952209473,1.3133896589279175,1.361359715461731,1.236064076423645,1.3031413555145264,1.9917542934417725,1.903511881828308,2.168513536453247]",seeds/cell-003-3e79f448723e/seed-8/checkpoint.pt,seeds/cell-003-3e79f448723e/seed-8/snapshots/step-000050.pt
1,scaling-tuned-adamw-10seeds-v1,7097b902cc3f3a43380d0b66433b0a90ecf3915af0cdb913b8b407b76daf38af,cell-003-3e79f448723e,3,3e79f448723e8a6792127d635f28a82e7d127a07c78f415dd4c09e82b8253153,8,3,100,32,4,8,2,4,,adamw,0.003,0.0,800,512,0.0,8192,0.7457582354545593,0.71435546875,0.2504515051841736,0.21704645454883575,5.733358383178711,"[2.306989908218384,0.7491636276245117,1.1524925231933594,2.135077476501465,1.4536728858947754,2.0118982791900635,1.383398413658142,1.0379024744033813]","[1.329453945159912,1.3251398801803589,1.3017634153366089,1.240636944770813,1.3763328790664673,2.0546751022338867,1.9006643295288086,2.2488937377929688]",seeds/cell-003-3e79f448723e/seed-8/checkpoint.pt,seeds/cell-003-3e79f448723e/seed-8/snapshots/step-000100.pt
1,scaling-tuned-adamw-10seeds-v1,7097b902cc3f3a43380d0b66433b0a90ecf3915af0cdb913b8b407b76daf38af,cell-003-3e79f448723e,3,3e79f448723e8a6792127d635f28a82e7d127a07c78f415dd4c09e82b8253153,8,4,200,32,4,8,2,4,,adamw,0.003,0.0,800,512,0.0,8192,0.5646898746490479,0.79150390625,0.4062720835208893,0.38098764419555664,4.812528610229492,"[2.2681689262390137,0.7134494781494141,1.2872482538223267,2.2366435527801514,1.8957297801971436,1.9377468824386597,1.4326809644699097,1.149227261543274]","[1.2029417753219604,1.239303469657898,1.2913014888763428,1.2617998123168945,1.598720908164978,2.0777535438537598,1.874291181564331,2.4190163612365723]",seeds/cell-003-3e79f448723e/seed-8/checkpoint.pt,seeds/cell-003-3e79f448723e/seed-8/snapshots/step-000200.pt
1,scaling-tuned-adamw-10seeds-v1,7097b902cc3f3a43380d0b66433b0a90ecf3915af0cdb913b8b407b76daf38af,cell-003-3e79f448723e,3,3e79f448723e8a6792127d635f28a82e7d127a07c78f415dd4c09e82b8253153,8,5,400,32,4,8,2,4,,adamw,0.003,0.0,800,512,0.0,8192,0.2531430423259735,0.9249267578125,0.7662121057510376,0.7559202909469604,4.01837158203125,"[2.6868526935577393,1.0433181524276733,1.626662254333496,2.632972002029419,2.593139410018921,2.0900373458862305,1.51050865650177,1.5099490880966187]","[0.9788312315940857,1.1463359594345093,1.1922298669815063,1.1108741760253906,2.412200689315796,1.814997673034668,1.8451251983642578,2.7259087562561035]",seeds/cell-003-3e79f448723e/seed-8/checkpoint.pt,seeds/cell-003-3e79f448723e/seed-8/snapshots/step-000400.pt
1,scaling-tuned-adamw-10seeds-v1,7097b902cc3f3a43380d0b66433b0a90ecf3915af0cdb913b8b407b76daf38af,cell-003-3e79f448723e,3,3e79f448723e8a6792127d635f28a82e7d127a07c78f415dd4c09e82b8253153,8,6,800,32,4,8,2,4,,adamw,0.003,0.0,800,512,0.0,8192,0.038942765444517136,0.9881591796875,0.9678918123245239,0.9674983024597168,3.6563074588775635,"[3.488327980041504,1.197055459022522,2.4806571006774902,3.8818137645721436,2.805795192718506,2.2349464893341064,1.8348207473754883,1.98738694190979]","[0.8640297055244446,1.101609468460083,0.9863637089729309,0.9659407734870911,3.588690757751465,2.181464195251465,1.8826937675476074,3.7141525745391846]",seeds/cell-003-3e79f448723e/seed-8/checkpoint.pt,seeds/cell-003-3e79f448723e/seed-8/snapshots/step-000800.pt
1,scaling-tuned-adamw-10seeds-v1,7097b902cc3f3a43380d0b66433b0a90ecf3915af0cdb913b8b407b76daf38af,cell-003-3e79f448723e,3,3e79f448723e8a6792127d635f28a82e7d127a07c78f415dd4c09e82b8253153,9,0,0,32,4,8,2,4,,adamw,0.003,0.0,800,512,0.0,8192,1.1666165590286255,0.4801025390625,-0.00888052023947239,-0.01892819069325924,5.921502590179443,"[1.5427303314208984,2.0740604400634766,1.3668861389160156,1.4178961515426636,1.2330687046051025,0.8565899133682251,0.998252809047699,0.9079997539520264]","[1.239819049835205,1.1640949249267578,1.1946790218353271,1.4005416631698608,2.013758420944214,1.567566990852356,1.3457974195480347,1.7511545419692993]",seeds/cell-003-3e79f448723e/seed-9/checkpoint.pt,seeds/cell-003-3e79f448723e/seed-9/snapshots/step-000000.pt
1,scaling-tuned-adamw-10seeds-v1,7097b902cc3f3a43380d0b66433b0a90ecf3915af0cdb913b8b407b76daf38af,cell-003-3e79f448723e,3,3e79f448723e8a6792127d635f28a82e7d127a07c78f415dd4c09e82b8253153,9,1,25,32,4,8,2,4,,adamw,0.003,0.0,800,512,0.0,8192,0.8497399687767029,0.6561279296875,0.13477924466133118,0.09382127225399017,5.792580604553223,"[1.4499329328536987,2.0327212810516357,1.3971525430679321,1.3418693542480469,1.1814086437225342,0.9353638887405396,0.9702546000480652,0.8403607606887817]","[1.1202597618103027,1.1231476068496704,1.117536187171936,1.458564043045044,1.9154486656188965,1.6443891525268555,1.6330443620681763,1.9017592668533325]",seeds/cell-003-3e79f448723e/seed-9/checkpoint.pt,seeds/cell-003-3e79f448723e/seed-9/snapshots/step-000025.pt
1,scaling-tuned-adamw-10seeds-v1,7097b902cc3f3a43380d0b66433b0a90ecf3915af0cdb913b8b407b76daf38af,cell-003-3e79f448723e,3,3e79f448723e8a6792127d635f28a82e7d127a07c78f415dd4c09e82b8253153,9,2,50,32,4,8,2,4,,adamw,0.003,0.0,800,512,0.0,8192,0.7641273140907288,0.7017822265625,0.23282089829444885,0.17936795949935913,5.576751708984375,"[1.438954472541809,2.017138957977295,1.448320746421814,1.247220516204834,1.1567394733428955,1.0400539636611938,1.006269097328186,0.8725065588951111]","[1.1009936332702637,1.1607811450958252,1.076079249382019,1.4636685848236084,1.8709546327590942,1.727920651435852,1.8091708421707153,1.8884224891662598]",seeds/cell-003-3e79f448723e/seed-9/checkpoint.pt,seeds/cell-003-3e79f448723e/seed-9/snapshots/step-000050.pt
1,scaling-tuned-adamw-10seeds-v1,7097b902cc3f3a43380d0b66433b0a90ecf3915af0cdb913b8b407b76daf38af,cell-003-3e79f448723e,3,3e79f448723e8a6792127d635f28a82e7d127a07c78f415dd4c09e82b8253153,9,3,100,32,4,8,2,4,,adamw,0.003,0.0,800,512,0.0,8192,0.5921379327774048,0.781494140625,0.4025751054286957,0.3573528826236725,4.596728324890137,"[1.5358649492263794,1.8962560892105103,1.600765585899353,1.1571542024612427,1.300053596496582,1.4307419061660767,1.3647100925445557,1.0133682489395142]","[1.099428415298462,1.1235415935516357,1.086452841758728,1.3568241596221924,1.8272792100906372,1.773834466934204,1.9803826808929443,1.7497944831848145]",seeds/cell-003-3e79f448723e/seed-9/checkpoint.pt,seeds/cell-003-3e79f448723e/seed-9/snapshots/step-000100.pt
1,scaling-tuned-adamw-10seeds-v1,7097b902cc3f3a43380d0b66433b0a90ecf3915af0cdb913b8b407b76daf38af,cell-003-3e79f448723e,3,3e79f448723e8a6792127d635f28a82e7d127a07c78f415dd4c09e82b8253153,9,4,200,32,4,8,2,4,,adamw,0.003,0.0,800,512,0.0,8192,0.2598857283592224,0.9085693359375,0.7435262203216553,0.7241342067718506,3.275465488433838,"[1.720377802848816,1.9060344696044922,1.3619908094406128,1.1357449293136597,1.370434284210205,1.6750019788742065,2.079786777496338,0.9171225428581238]","[1.085015892982483,1.06903874874115,1.0639067888259888,1.209517478942871,1.5110491514205933,1.8040372133255005,2.73941707611084,1.552510142326355]",seeds/cell-003-3e79f448723e/seed-9/checkpoint.pt,seeds/cell-003-3e79f448723e/seed-9/snapshots/step-000200.pt
1,scaling-tuned-adamw-10seeds-v1,7097b902cc3f3a43380d0b66433b0a90ecf3915af0cdb913b8b407b76daf38af,cell-003-3e79f448723e,3,3e79f448723e8a6792127d635f28a82e7d127a07c78f415dd4c09e82b8253153,9,5,400,32,4,8,2,4,,adamw,0.003,0.0,800,512,0.0,8192,0.08468413352966309,0.97265625,0.9162026643753052,0.9080173969268799,2.7538275718688965,"[1.2206032276153564,2.1649577617645264,1.3653353452682495,1.1483734846115112,1.4921742677688599,1.9995777606964111,2.909705400466919,0.7610991597175598]","[0.9525381922721863,0.8552992343902588,0.9108451008796692,1.087509274482727,1.2758047580718994,2.026000738143921,4.463811874389648,1.1946049928665161]",seeds/cell-003-3e79f448723e/seed-9/checkpoint.pt,seeds/cell-003-3e79f448723e/seed-9/snapshots/step-000400.pt
1,scaling-tuned-adamw-10seeds-v1,7097b902cc3f3a43380d0b66433b0a90ecf3915af0cdb913b8b407b76daf38af,cell-003-3e79f448723e,3,3e79f448723e8a6792127d635f28a82e7d127a07c78f415dd4c09e82b8253153,9,6,800,32,4,8,2,4,,adamw,0.003,0.0,800,512,0.0,8192,0.013457722961902618,0.9964599609375,0.9900115728378296,0.9886264801025391,2.5636043548583984,"[1.1675165891647339,2.4207091331481934,1.3693393468856812,1.254119634628296,1.7453250885009766,2.7267069816589355,3.710447072982788,0.8263234496116638]","[0.8941332101821899,0.6317006945610046,0.8293218612670898,0.9871287941932678,1.362299919128418,3.2219033241271973,6.011559963226318,0.9756793975830078]",seeds/cell-003-3e79f448723e/seed-9/checkpoint.pt,seeds/cell-003-3e79f448723e/seed-9/snapshots/step-000800.pt
1,scaling-tuned-adamw-10seeds-v1,7097b902cc3f3a43380d0b66433b0a90ecf3915af0cdb913b8b407b76daf38af,cell-004-173da0011095,4,173da0011095e8e3e23853ce3b6ca590a8e0464a26cab8018f60b090e7cb4be2,0,0,0,8,4,8,2,1,16,adamw,0.003,0.0,800,512,0.0,8192,2.43487548828125,0.52392578125,0.09504961967468262,0.09092102944850922,4.029151439666748,"[3.60734224319458,2.7054779529571533]","[2.2968459129333496,2.5110480785369873]",seeds/cell-004-173da0011095/seed-0/checkpoint.pt,seeds/cell-004-173da0011095/seed-0/snapshots/step-000000.pt
1,scaling-tuned-adamw-10seeds-v1,7097b902cc3f3a43380d0b66433b0a90ecf3915af0cdb913b8b407b76daf38af,cell-004-173da0011095,4,173da0011095e8e3e23853ce3b6ca590a8e0464a26cab8018f60b090e7cb4be2,0,1,25,8,4,8,2,1,16,adamw,0.003,0.0,800,512,0.0,8192,0.8107291460037231,0.677734375,0.1830512136220932,0.14255690574645996,3.9174389839172363,"[3.5515761375427246,2.780719041824341]","[2.4709229469299316,2.7101590633392334]",seeds/cell-004-173da0011095/seed-0/checkpoint.pt,seeds/cell-004-173da0011095/seed-0/snapshots/step-000025.pt
1,scaling-tuned-adamw-10seeds-v1,7097b902cc3f3a43380d0b66433b0a90ecf3915af0cdb913b8b407b76daf38af,cell-004-173da0011095,4,173da0011095e8e3e23853ce3b6ca590a8e0464a26cab8018f60b090e7cb4be2,0,2,50,8,4,8,2,1,16,adamw,0.003,0.0,800,512,0.0,8192,0.7493717074394226,0.707763671875,0.226809561252594,0.18980535864830017,3.834437131881714,"[3.5193819999694824,2.7217354774475098]","[2.516622543334961,2.7555582523345947]",seeds/cell-004-173da0011095/seed-0/checkpoint.pt,seeds/cell-004-173da0011095/seed-0/snapshots/step-000050.pt
1,scaling-tuned-adamw-10seeds-v1,7097b902cc3f3a43380d0b66433b0a90ecf3915af0cdb913b8b407b76daf38af,cell-004-173da0011095,4,173da0011095e8e3e23853ce3b6ca590a8e0464a26cab8018f60b090e7cb4be2,0,3,100,8,4,8,2,1,16,adamw,0.003,0.0,800,512,0.0,8192,0.6303802728652954,0.7725830078125,0.3509989380836487,0.3081279993057251,3.7689108848571777,"[3.623539924621582,2.8559844493865967]","[2.682393789291382,2.833892345428467]",seeds/cell-004-173da0011095/seed-0/checkpoint.pt,seeds/cell-004-173da0011095/seed-0/snapshots/step-000100.pt
1,scaling-tuned-adamw-10seeds-v1,7097b902cc3f3a43380d0b66433b0a90ecf3915af0cdb913b8b407b76daf38af,cell-004-173da0011095,4,173da0011095e8e3e23853ce3b6ca590a8e0464a26cab8018f60b090e7cb4be2,0,4,200,8,4,8,2,1,16,adamw,0.003,0.0,800,512,0.0,8192,0.1858871430158615,0.9471435546875,0.8168925046920776,0.7678481936454773,3.3210277557373047,"[3.952836751937866,3.6365480422973633]","[2.4966373443603516,2.746626138687134]",seeds/cell-004-173da0011095/seed-0/checkpoint.pt,seeds/cell-004-173da0011095/seed-0/snapshots/step-000200.pt
1,scaling-tuned-adamw-10seeds-v1,7097b902cc3f3a43380d0b66433b0a90ecf3915af0cdb913b8b407b76daf38af,cell-004-173da0011095,4,173da0011095e8e3e23853ce3b6ca590a8e0464a26cab8018f60b090e7cb4be2,0,5,400,8,4,8,2,1,16,adamw,0.003,0.0,800,512,0.0,8192,0.0019400056917220354,1.0,1.0008670091629028,0.9855484962463379,3.4669415950775146,"[4.063649654388428,4.32423210144043]","[2.1912381649017334,2.7671375274658203]",seeds/cell-004-173da0011095/seed-0/checkpoint.pt,seeds/cell-004-173da0011095/seed-0/snapshots/step-000400.pt
1,scaling-tuned-adamw-10seeds-v1,7097b902cc3f3a43380d0b66433b0a90ecf3915af0cdb913b8b407b76daf38af,cell-004-173da0011095,4,173da0011095e8e3e23853ce3b6ca590a8e0464a26cab8018f60b090e7cb4be2,0,6,800,8,4,8,2,1,16,adamw,0.003,0.0,800,512,0.0,8192,0.00042068056063726544,1.0,1.0006632804870605,0.9834945201873779,3.506941556930542,"[4.106678009033203,4.509822845458984]","[2.117422103881836,2.7825429439544678]",seeds/cell-004-173da0011095/seed-0/checkpoint.pt,seeds/cell-004-173da0011095/seed-0/snapshots/step-000800.pt
1,scaling-tuned-adamw-10seeds-v1,7097b902cc3f3a43380d0b66433b0a90ecf3915af0cdb913b8b407b76daf38af,cell-004-173da0011095,4,173da0011095e8e3e23853ce3b6ca590a8e0464a26cab8018f60b090e7cb4be2,1,0,0,8,4,8,2,1,16,adamw,0.003,0.0,800,512,0.0,8192,2.3523473739624023,0.5009765625,-0.025685060769319534,-0.021987559273838997,4.1048102378845215,"[2.8764169216156006,2.2456068992614746]","[2.0363903045654297,3.934572696685791]",seeds/cell-004-173da0011095/seed-1/checkpoint.pt,seeds/cell-004-173da0011095/seed-1/snapshots/step-000000.pt
1,scaling-tuned-adamw-10seeds-v1,7097b902cc3f3a43380d0b66433b0a90ecf3915af0cdb913b8b407b76daf38af,cell-004-173da0011095,4,173da0011095e8e3e23853ce3b6ca590a8e0464a26cab8018f60b090e7cb4be2,1,1,25,8,4,8,2,1,16,adamw,0.003,0.0,800,512,0.0,8192,0.9908503293991089,0.5380859375,0.015556888654828072,0.005124256014823914,4.028297424316406,"[2.8618252277374268,2.415168523788452]","[1.9810351133346558,3.7372591495513916]",seeds/cell-004-173da0011095/seed-1/checkpoint.pt,seeds/cell-004-173da0011095/seed-1/snapshots/step-000025.pt
1,scaling-tuned-adamw-10seeds-v1,7097b902cc3f3a43380d0b66433b0a90ecf3915af0cdb913b8b407b76daf38af,cell-004-173da0011095,4,173da0011095e8e3e23853ce3b6ca590a8e0464a26cab8018f60b090e7cb4be2,1,2,50,8,4,8,2,1,16,adamw,0.003,0.0,800,512,0.0,8192,0.8658920526504517,0.658447265625,0.09585800021886826,0.06306055188179016,4.038935661315918,"[2.867182493209839,2.4802370071411133]","[2.0742268562316895,3.7206549644470215]",seeds/cell-004-173da0011095/seed-1/checkpoint.pt,seeds/cell-004-173da0011095/seed-1/snapshots/step-000050.pt
1,scaling-tuned-adamw-10seeds-v1,7097b902cc3f3a43380d0b66433b0a90ecf3915af0cdb913b8b407b76daf38af,cell-004-173da0011095,4,173da0011095e8e3e23853ce3b6ca590a8e0464a26cab8018f60b090e7cb4be2,1,3,100,8,4,8,2,1,16,adamw,0.003,0.0,800,512,0.0,8192,0.6500687599182129,0.73828125,0.34746164083480835,0.31067904829978943,3.865262746810913,"[3.4119327068328857,2.534822463989258]","[2.244837522506714,3.716721773147583]",seeds/cell-004-173da0011095/seed-1/checkpoint.pt,seeds/cell-004-173da0011095/seed-1/snapshots/step-000100.pt
1,scaling-tuned-adamw-10seeds-v1,7097b902cc3f3a43380d0b66433b0a90ecf3915af0cdb913b8b407b76daf38af,cell-004-173da0011095,4,173da0011095e8e3e23853ce3b6ca590a8e0464a26cab8018f60b090e7cb4be2,1,4,200,8,4,8,2,1,16,adamw,0.003,0.0,800,512,0.0,8192,0.007803567219525576,0.9998779296875,1.006636381149292,1.0004515647888184,3.7889974117279053,"[5.174004077911377,2.988675594329834]","[2.428459405899048,3.4364449977874756]",seeds/cell-004-173da0011095/seed-1/checkpoint.pt,seeds/cell-004-173da0011095/seed-1/snapshots/step-000200.pt
1,scaling-tuned-adamw-10seeds-v1,7097b902cc3f3a43380d0b66433b0a90ecf3915af0cdb913b8b407b76daf38af,cell-004-173da0011095,4,173da0011095e8e3e23853ce3b6ca590a8e0464a26cab8018f60b090e7cb4be2,1,5,400,8,4,8,2,1,16,adamw,0.003,0.0,800,512,0.0,8192,0.0007960075745359063,1.0,1.0005416870117188,0.9992129802703857,3.798328161239624,"[5.329495429992676,3.0304508209228516]","[2.4463226795196533,3.3376152515411377]",seeds/cell-004-173da0011095/seed-1/checkpoint.pt,seeds/cell-004-173da0011095/seed-1/snapshots/step-000400.pt
1,scaling-tuned-adamw-10seeds-v1,7097b902cc3f3a43380d0b66433b0a90ecf3915af0cdb913b8b407b76daf38af,cell-004-173da0011095,4,173da0011095e8e3e23853ce3b6ca590a8e0464a26cab8018f60b090e7cb4be2,1,6,800,8,4,8,2,1,16,adamw,0.003,0.0,800,512,0.0,8192,0.0002194254338974133,1.0,1.0009407997131348,1.001635193824768,3.7920713424682617,"[5.408559799194336,3.039344072341919]","[2.4336860179901123,3.2653861045837402]",seeds/cell-004-173da0011095/seed-1/checkpoint.pt,seeds/cell-004-173da0011095/seed-1/snapshots/step-000800.pt
1,scaling-tuned-adamw-10seeds-v1,7097b902cc3f3a43380d0b66433b0a90ecf3915af0cdb913b8b407b76daf38af,cell-004-173da0011095,4,173da0011095e8e3e23853ce3b6ca590a8e0464a26cab8018f60b090e7cb4be2,2,0,0,8,4,8,2,1,16,adamw,0.003,0.0,800,512,0.0,8192,2.9131479263305664,0.471435546875,-0.004171919543296099,0.03607795387506485,4.195681571960449,"[3.3663761615753174,3.478813409805298]","[2.989374876022339,2.6317827701568604]",seeds/cell-004-173da0011095/seed-2/checkpoint.pt,seeds/cell-004-173da0011095/seed-2/snapshots/step-000000.pt
1,scaling-tuned-adamw-10seeds-v1,7097b902cc3f3a43380d0b66433b0a90ecf3915af0cdb913b8b407b76daf38af,cell-004-173da0011095,4,173da0011095e8e3e23853ce3b6ca590a8e0464a26cab8018f60b090e7cb4be2,2,1,25,8,4,8,2,1,16,adamw,0.003,0.0,800,512,0.0,8192,0.8687422275543213,0.6566162109375,0.12597793340682983,0.1209900751709938,4.13226842880249,"[3.5488088130950928,3.4986307621002197]","[3.1340668201446533,2.5662193298339844]",seeds/cell-004-173da0011095/seed-2/checkpoint.pt,seeds/cell-004-173da0011095/seed-2/snapshots/step-000025.pt
1,scaling-tuned-adamw-10seeds-v1,7097b902cc3f3a43380d0b66433b0a90ecf3915af0cdb913b8b407b76daf38af,cell-004-173da0011095,4,173da0011095e8e3e23853ce3b6ca590a8e0464a26cab8018f60b090e7cb4be2,2,2,50,8,4,8,2,1,16,adamw,0.003,0.0,800,512,0.0,8192,0.731167197227478,0.7225341796875,0.24113644659519196,0.2279801219701767,4.111321449279785,"[3.630174398422241,3.5022599697113037]","[3.1691572666168213,2.5646424293518066]",seeds/cell-004-173da0011095/seed-2/checkpoint.pt,seeds/cell-004-173da0011095/seed-2/snapshots/step-000050.pt
1,scaling-tuned-adamw-10seeds-v1,7097b902cc3f3a43380d0b66433b0a90ecf3915af0cdb913b8b407b76daf38af,cell-004-173da0011095,4,173da0011095e8e3e23853ce3b6ca590a8e0464a26cab8018f60b090e7cb4be2,2,3,100,8,4,8,2,1,16,adamw,0.003,0.0,800,512,0.0,8192,0.5580576658248901,0.7890625,0.4310189485549927,0.40013352036476135,4.109854221343994,"[3.8113207817077637,3.527628183364868]","[3.177765369415283,2.555284023284912]",seeds/cell-004-173da0011095/seed-2/checkpoint.pt,seeds/cell-004-173da0011095/seed-2/snapshots/step-000100.pt
1,scaling-tuned-adamw-10seeds-v1,7097b902cc3f3a43380d0b66433b0a90ecf3915af0cdb913b8b407b76daf38af,cell-004-173da0011095,4,173da0011095e8e3e23853ce3b6ca590a8e0464a26cab8018f60b090e7cb4be2,2,4,200,8,4,8,2,1,16,adamw,0.003,0.0,800,512,0.0,8192,0.17009541392326355,0.9600830078125,0.8205130100250244,0.8050384521484375,4.13440465927124,"[4.25865364074707,3.7753849029541016]","[3.096491575241089,2.539156675338745]",seeds/cell-004-173da0011095/seed-2/checkpoint.pt,seeds/cell-004-173da0011095/seed-2/snapshots/step-000200.pt
1,scaling-tuned-adamw-10seeds-v1,7097b902cc3f3a43380d0b66433b0a90ecf3915af0cdb913b8b407b76daf38af,cell-004-173da0011095,4,173da0011095e8e3e23853ce3b6ca590a8e0464a26cab8018f60b090e7cb4be2,2,5,400,8,4,8,2,1,16,adamw,0.003,0.0,800,512,0.0,8192,0.005612751469016075,1.0,0.9904903173446655,1.001236081123352,4.058842182159424,"[4.999579429626465,3.933760404586792]","[2.8935961723327637,2.466587781906128]",seeds/cell-004-173da0011095/seed-2/checkpoint.pt,seeds/cell-004-173da0011095/seed-2/snapshots/step-000400.pt
1,scaling-tuned-adamw-10seeds-v1,7097b902cc3f3a43380d0b66433b0a90ecf3915af0cdb913b8b407b76daf38af,cell-004-173da0011095,4,173da0011095e8e3e23853ce3b6ca590a8e0464a26cab8018f60b090e7cb4be2,2,6,800,8,4,8,2,1,16,adamw,0.003,0.0,800,512,0.0,8192,0.0009753176127560437,1.0,1.0019991397857666,1.014728307723999,4.087615489959717,"[5.246216297149658,4.113780498504639]","[2.8357863426208496,2.399048328399658]",seeds/cell-004-173da0011095/seed-2/checkpoint.pt,seeds/cell-004-173da0011095/seed-2/snapshots/step-000800.pt
1,scaling-tuned-adamw-10seeds-v1,7097b902cc3f3a43380d0b66433b0a90ecf3915af0cdb913b8b407b76daf38af,cell-004-173da0011095,4,173da0011095e8e3e23853ce3b6ca590a8e0464a26cab8018f60b090e7cb4be2,3,0,0,8,4,8,2,1,16,adamw,0.003,0.0,800,512,0.0,8192,2.2884223461151123,0.505859375,0.0829196348786354,0.08319053053855896,4.120028018951416,"[3.018550157546997,3.2180378437042236]","[3.1170430183410645,2.9941086769104004]",seeds/cell-004-173da0011095/seed-3/checkpoint.pt,seeds/cell-004-173da0011095/seed-3/snapshots/step-000000.pt
1,scaling-tuned-adamw-10seeds-v1,7097b902cc3f3a43380d0b66433b0a90ecf3915af0cdb913b8b407b76daf38af,cell-004-173da0011095,4,173da0011095e8e3e23853ce3b6ca590a8e0464a26cab8018f60b090e7cb4be2,3,1,25,8,4,8,2,1,16,adamw,0.003,0.0,800,512,0.0,8192,0.843725323677063,0.677978515625,0.13145750761032104,0.10767610371112823,4.097074031829834,"[3.152155637741089,3.416626453399658]","[3.2740862369537354,3.146423101425171]",seeds/cell-004-173da0011095/seed-3/checkpoint.pt,seeds/cell-004-173da0011095/seed-3/snapshots/step-000025.pt
1,scaling-tuned-adamw-10seeds-v1,7097b902cc3f3a43380d0b66433b0a90ecf3915af0cdb913b8b407b76daf38af,cell-004-173da0011095,4,173da0011095e8e3e23853ce3b6ca590a8e0464a26cab8018f60b090e7cb4be2,3,2,50,8,4,8,2,1,16,adamw,0.003,0.0,800,512,0.0,8192,0.7326698303222656,0.7249755859375,0.25161415338516235,0.22184938192367554,4.0918869972229,"[3.1572680473327637,3.355515718460083]","[3.3043642044067383,3.205735445022583]",seeds/cell-004-173da0011095/seed-3/checkpoint.pt,seeds/cell-004-173da0011095/seed-3/snapshots/step-000050.pt
1,scaling-tuned-adamw-10seeds-v1,7097b902cc3f3a43380d0b66433b0a90ecf3915af0cdb913b8b407b76daf38af,cell-004-173da0011095,4,173da0011095e8e3e23853ce3b6ca590a8e0464a26cab8018f60b090e7cb4be2,3,3,100,8,4,8,2,1,16,adamw,0.003,0.0,800,512,0.0,8192,0.32486265897750854,0.8966064453125,0.7078973650932312,0.7054868936538696,3.6682705879211426,"[3.8957533836364746,3.2643086910247803]","[3.298196315765381,3.1440134048461914]",seeds/cell-004-173da0011095/seed-3/checkpoint.pt,seeds/cell-004-173da0011095/seed-3/snapshots/step-000100.pt
1,scaling-tuned-adamw-10seeds-v1,7097b902cc3f3a43380d0b66433b0a90ecf3915af0cdb913b8b407b76daf38af,cell-004-173da0011095,4,173da0011095e8e3e23853ce3b6ca590a8e0464a26cab8018f60b090e7cb4be2,3,4,200,8,4,8,2,1,16,adamw,0.003,0.0,800,512,0.0,8192,0.007685764692723751,1.0,0.9956234693527222,0.9946461915969849,3.510838031768799,"[5.224239826202393,3.1763250827789307]","[3.2893431186676025,3.0915775299072266]",seeds/cell-004-173da0011095/seed-3/checkpoint.pt,seeds/cell-004-173da0011095/seed-3/snapshots/step-000200.pt
1,scaling-tuned-adamw-10seeds-v1,7097b902cc3f3a43380d0b66433b0a90ecf3915af0cdb913b8b407b76daf38af,cell-004-173da0011095,4,173da0011095e8e3e23853ce3b6ca590a8e0464a26cab8018f60b090e7cb4be2,3,5,400,8,4,8,2,1,16,adamw,0.003,0.0,800,512,0.0,8192,0.0011172292288392782,1.0,1.0019004344940186,1.0001400709152222,3.4863874912261963,"[5.5052900314331055,3.1687183380126953]","[3.3202545642852783,3.0371172428131104]",seeds/cell-004-173da0011095/seed-3/checkpoint.pt,seeds/cell-004-173da0011095/seed-3/snapshots/step-000400.pt
1,scaling-tuned-adamw-10seeds-v1,7097b902cc3f3a43380d0b66433b0a90ecf3915af0cdb913b8b407b76daf38af,cell-004-173da0011095,4,173da0011095e8e3e23853ce3b6ca590a8e0464a26cab8018f60b090e7cb4be2,3,6,800,8,4,8,2,1,16,adamw,0.003,0.0,800,512,0.0,8192,0.0003422037698328495,1.0,0.9991776943206787,0.9971362352371216,3.46272349357605,"[5.662993431091309,3.157289743423462]","[3.28513765335083,2.9970457553863525]",seeds/cell-004-173da0011095/seed-3/checkpoint.pt,seeds/cell-004-173da0011095/seed-3/snapshots/step-000800.pt
1,scaling-tuned-adamw-10seeds-v1,7097b902cc3f3a43380d0b66433b0a90ecf3915af0cdb913b8b407b76daf38af,cell-004-173da0011095,4,173da0011095e8e3e23853ce3b6ca590a8e0464a26cab8018f60b090e7cb4be2,4,0,0,8,4,8,2,1,16,adamw,0.003,0.0,800,512,0.0,8192,1.3050272464752197,0.4979248046875,0.02160351723432541,0.009586641564965248,3.8589980602264404,"[2.0843451023101807,3.043256998062134]","[3.4483261108398438,2.3176536560058594]",seeds/cell-004-173da0011095/seed-4/checkpoint.pt,seeds/cell-004-173da0011095/seed-4/snapshots/step-000000.pt
1,scaling-tuned-adamw-10seeds-v1,7097b902cc3f3a43380d0b66433b0a90ecf3915af0cdb913b8b407b76daf38af,cell-004-173da0011095,4,173da0011095e8e3e23853ce3b6ca590a8e0464a26cab8018f60b090e7cb4be2,4,1,25,8,4,8,2,1,16,adamw,0.003,0.0,800,512,0.0,8192,0.7706028819084167,0.702392578125,0.2415398806333542,0.2149922251701355,3.686349868774414,"[1.9735275506973267,3.286919593811035]","[3.3593714237213135,2.5943024158477783]",seeds/cell-004-173da0011095/seed-4/checkpoint.pt,seeds/cell-004-173da0011095/seed-4/snapshots/step-000025.pt
1,scaling-tuned-adamw-10seeds-v1,7097b902cc3f3a43380d0b66433b0a90ecf3915af0cdb913b8b407b76daf38af,cell-004-173da0011095,4,173da0011095e8e3e23853ce3b6ca590a8e0464a26cab8018f60b090e7cb4be2,4,2,50,8,4,8,2,1,16,adamw,0.003,0.0,800,512,0.0,8192,0.6425530314445496,0.7606201171875,0.3522986173629761,0.34213700890541077,3.3317079544067383,"[2.0713188648223877,3.4736239910125732]","[3.216794490814209,2.7743847370147705]",seeds/cell-004-173da0011095/seed-4/checkpoint.pt,seeds/cell-004-173da0011095/seed-4/snapshots/step-000050.pt
1,scaling-tuned-adamw-10seeds-v1,7097b902cc3f3a43380d0b66433b0a90ecf3915af0cdb913b8b407b76daf38af,cell-004-173da0011095,4,173da0011095e8e3e23853ce3b6ca590a8e0464a26cab8018f60b090e7cb4be2,4,3,100,8,4,8,2,1,16,adamw,0.003,0.0,800,512,0.0,8192,0.24022945761680603,0.931884765625,0.7692698836326599,0.7680884003639221,2.920081615447998,"[2.6907308101654053,4.174566268920898]","[2.9083011150360107,2.9208602905273438]",seeds/cell-004-173da0011095/seed-4/checkpoint.pt,seeds/cell-004-173da0011095/seed-4/snapshots/step-000100.pt
1,scaling-tuned-adamw-10seeds-v1,7097b902cc3f3a43380d0b66433b0a90ecf3915af0cdb913b8b407b76daf38af,cell-004-173da0011095,4,173da0011095e8e3e23853ce3b6ca590a8e0464a26cab8018f60b090e7cb4be2,4,4,200,8,4,8,2,1,16,adamw,0.003,0.0,800,512,0.0,8192,0.002558430889621377,1.0,1.0000003576278687,0.9957302808761597,3.054781436920166,"[2.9070892333984375,4.769790172576904]","[2.4875268936157227,3.428725242614746]",seeds/cell-004-173da0011095/seed-4/checkpoint.pt,seeds/cell-004-173da0011095/seed-4/snapshots/step-000200.pt
1,scaling-tuned-adamw-10seeds-v1,7097b902cc3f3a43380d0b66433b0a90ecf3915af0cdb913b8b407b76daf38af,cell-004-173da0011095,4,173da0011095e8e3e23853ce3b6ca590a8e0464a26cab8018f60b090e7cb4be2,4,5,400,8,4,8,2,1,16,adamw,0.003,0.0,800,512,0.0,8192,0.0004755984409712255,1.0,0.9989776611328125,0.9896981716156006,3.0605454444885254,"[2.933424949645996,4.867907524108887]","[2.433450698852539,3.5735647678375244]",seeds/cell-004-173da0011095/seed-4/checkpoint.pt,seeds/cell-004-173da0011095/seed-4/snapshots/step-000400.pt
1,scaling-tuned-adamw-10seeds-v1,7097b902cc3f3a43380d0b66433b0a90ecf3915af0cdb913b8b407b76daf38af,cell-004-173da0011095,4,173da0011095e8e3e23853ce3b6ca590a8e0464a26cab8018f60b090e7cb4be2,4,6,800,8,4,8,2,1,16,adamw,0.003,0.0,800,512,0.0,8192,0.00015415300731547177,1.0,0.9994293451309204,0.9861258268356323,3.0646674633026123,"[2.94325590133667,4.9458208084106445]","[2.3785152435302734,3.6839399337768555]",seeds/cell-004-173da0011095/seed-4/checkpoint.pt,seeds/cell-004-173da0011095/seed-4/snapshots/step-000800.pt
1,scaling-tuned-adamw-10seeds-v1,7097b902cc3f3a43380d0b66433b0a90ecf3915af0cdb913b8b407b76daf38af,cell-004-173da0011095,4,173da0011095e8e3e23853ce3b6ca590a8e0464a26cab8018f60b090e7cb4be2,5,0,0,8,4,8,2,1,16,adamw,0.003,0.0,800,512,0.0,8192,1.3965773582458496,0.5096435546875,-0.005063286051154137,-0.021892178803682327,4.111196041107178,"[2.54752516746521,2.6975090503692627]","[2.6046273708343506,3.0956122875213623]",seeds/cell-004-173da0011095/seed-5/checkpoint.pt,seeds/cell-004-173da0011095/seed-5/snapshots/step-000000.pt
1,scaling-tuned-adamw-10seeds-v1,7097b902cc3f3a43380d0b66433b0a90ecf3915af0cdb913b8b407b76daf38af,cell-004-173da0011095,4,173da0011095e8e3e23853ce3b6ca590a8e0464a26cab8018f60b090e7cb4be2,5,1,25,8,4,8,2,1,16,adamw,0.003,0.0,800,512,0.0,8192,0.7621591091156006,0.7049560546875,0.2150195688009262,0.15070831775665283,3.997539758682251,"[2.5568642616271973,2.8394975662231445]","[2.8090765476226807,3.252652883529663]",seeds/cell-004-173da0011095/seed-5/checkpoint.pt,seeds/cell-004-173da0011095/seed-5/snapshots/step-000025.pt
1,scaling-tuned-adamw-10seeds-v1,7097b902cc3f3a43380d0b66433b0a90ecf3915af0cdb913b8b407b76daf38af,cell-004-173da0011095,4,173da0011095e8e3e23853ce3b6ca590a8e0464a26cab8018f60b090e7cb4be2,5,2,50,8,4,8,2,1,16,adamw,0.003,0.0,800,512,0.0,8192,0.6709135174751282,0.740478515625,0.3112843632698059,0.2555798888206482,3.822321653366089,"[2.61714243888855,2.86639142036438]","[2.8659024238586426,3.2894515991210938]",seeds/cell-004-173da0011095/seed-5/checkpoint.pt,seeds/cell-004-173da0011095/seed-5/snapshots/step-000050.pt
1,scaling-tuned-adamw-10seeds-v1,7097b902cc3f3a43380d0b66433b0a90ecf3915af0cdb913b8b407b76daf38af,cell-004-173da0011095,4,173da0011095e8e3e23853ce3b6ca590a8e0464a26cab8018f60b090e7cb4be2,5,3,100,8,4,8,2,1,16,adamw,0.003,0.0,800,512,0.0,8192,0.3773781955242157,0.8751220703125,0.6208844184875488,0.5962144136428833,3.2000036239624023,"[2.903165102005005,3.1930158138275146]","[2.6892507076263428,3.340144157409668]",seeds/cell-004-173da0011095/seed-5/checkpoint.pt,seeds/cell-004-173da0011095/seed-5/snapshots/step-000100.pt
1,scaling-tuned-adamw-10seeds-v1,7097b902cc3f3a43380d0b66433b0a90ecf3915af0cdb913b8b407b76daf38af,cell-004-173da0011095,4,173da0011095e8e3e23853ce3b6ca590a8e0464a26cab8018f60b090e7cb4be2,5,4,200,8,4,8,2,1,16,adamw,0.003,0.0,800,512,0.0,8192,0.01936233974993229,0.9986572265625,0.9814306497573853,0.9712256789207458,3.3710227012634277,"[3.433539390563965,4.022299289703369]","[2.464998483657837,3.4667587280273438]",seeds/cell-004-173da0011095/seed-5/checkpoint.pt,seeds/cell-004-173da0011095/seed-5/snapshots/step-000200.pt
1,scaling-tuned-adamw-10seeds-v1,7097b902cc3f3a43380d0b66433b0a90ecf3915af0cdb913b8b407b76daf38af,cell-004-173da0011095,4,173da0011095e8e3e23853ce3b6ca590a8e0464a26cab8018f60b090e7cb4be2,5,5,400,8,4,8,2,1,16,adamw,0.003,0.0,800,512,0.0,8192,0.0008574013481847942,1.0,0.9992064833641052,0.9864901304244995,3.463223457336426,"[3.558511257171631,4.1514892578125]","[2.39532208442688,3.452183485031128]",seeds/cell-004-173da0011095/seed-5/checkpoint.pt,seeds/cell-004-173da0011095/seed-5/snapshots/step-000400.pt
1,scaling-tuned-adamw-10seeds-v1,7097b902cc3f3a43380d0b66433b0a90ecf3915af0cdb913b8b407b76daf38af,cell-004-173da0011095,4,173da0011095e8e3e23853ce3b6ca590a8e0464a26cab8018f60b090e7cb4be2,5,6,800,8,4,8,2,1,16,adamw,0.003,0.0,800,512,0.0,8192,0.00021150795510038733,1.0,0.9993841648101807,0.9845513105392456,3.4697515964508057,"[3.596463203430176,4.18110990524292]","[2.3665740489959717,3.432037830352783]",seeds/cell-004-173da0011095/seed-5/checkpoint.pt,seeds/cell-004-173da0011095/seed-5/snapshots/step-000800.pt
1,scaling-tuned-adamw-10seeds-v1,7097b902cc3f3a43380d0b66433b0a90ecf3915af0cdb913b8b407b76daf38af,cell-004-173da0011095,4,173da0011095e8e3e23853ce3b6ca590a8e0464a26cab8018f60b090e7cb4be2,6,0,0,8,4,8,2,1,16,adamw,0.003,0.0,800,512,0.0,8192,1.6702358722686768,0.5496826171875,0.17481723427772522,0.141884908080101,3.8177378177642822,"[3.0372869968414307,2.5764851570129395]","[3.226595401763916,3.433915138244629]",seeds/cell-004-173da0011095/seed-6/checkpoint.pt,seeds/cell-004-173da0011095/seed-6/snapshots/step-000000.pt
1,scaling-tuned-adamw-10seeds-v1,7097b902cc3f3a43380d0b66433b0a90ecf3915af0cdb913b8b407b76daf38af,cell-004-173da0011095,4,173da0011095e8e3e23853ce3b6ca590a8e0464a26cab8018f60b090e7cb4be2,6,1,25,8,4,8,2,1,16,adamw,0.003,0.0,800,512,0.0,8192,0.6859010457992554,0.7349853515625,0.2814140319824219,0.24643266201019287,3.715545177459717,"[3.1745636463165283,2.5404205322265625]","[3.437774896621704,3.5178017616271973]",seeds/cell-004-173da0011095/seed-6/checkpoint.pt,seeds/cell-004-173da0011095/seed-6/snapshots/step-000025.pt
1,scaling-tuned-adamw-10seeds-v1,7097b902cc3f3a43380d0b66433b0a90ecf3915af0cdb913b8b407b76daf38af,cell-004-173da0011095,4,173da0011095e8e3e23853ce3b6ca590a8e0464a26cab8018f60b090e7cb4be2,6,2,50,8,4,8,2,1,16,adamw,0.003,0.0,800,512,0.0,8192,0.4921324849128723,0.826904296875,0.4870604872703552,0.4852539300918579,3.66729998588562,"[3.5566303730010986,2.5107500553131104]","[3.5820417404174805,3.496366024017334]",seeds/cell-004-173da0011095/seed-6/checkpoint.pt,seeds/cell-004-173da0011095/seed-6/snapshots/step-000050.pt
1,scaling-tuned-adamw-10seeds-v1,7097b902cc3f3a43380d0b66433b0a90ecf3915af0cdb913b8b407b76daf38af,cell-004-173da0011095,4,173da0011095e8e3e23853ce3b6ca590a8e0464a26cab8018f60b090e7cb4be2,6,3,100,8,4,8,2,1,16,adamw,0.003,0.0,800,512,0.0,8192,0.11626151949167252,0.971435546875,0.8926331996917725,0.909307599067688,3.7381656169891357,"[4.327381610870361,2.682443857192993]","[3.894360065460205,3.38826847076416]",seeds/cell-004-173da0011095/seed-6/checkpoint.pt,seeds/cell-004-173da0011095/seed-6/snapshots/step-000100.pt
1,scaling-tuned-adamw-10seeds-v1,7097b902cc3f3a43380d0b66433b0a90ecf3915af0cdb913b8b407b76daf38af,cell-004-173da0011095,4,173da0011095e8e3e23853ce3b6ca590a8e0464a26cab8018f60b090e7cb4be2,6,4,200,8,4,8,2,1,16,adamw,0.003,0.0,800,512,0.0,8192,0.0021060400176793337,1.0,1.0014548301696777,0.9988886713981628,3.8424484729766846,"[4.8045783042907715,2.8970417976379395]","[3.9968178272247314,3.2774877548217773]",seeds/cell-004-173da0011095/seed-6/checkpoint.pt,seeds/cell-004-173da0011095/seed-6/snapshots/step-000200.pt
1,scaling-tuned-adamw-10seeds-v1,7097b902cc3f3a43380d0b66433b0a90ecf3915af0cdb913b8b407b76daf38af,cell-004-173da0011095,4,173da0011095e8e3e23853ce3b6ca590a8e0464a26cab8018f60b090e7cb4be2,6,5,400,8,4,8,2,1,16,adamw,0.003,0.0,800,512,0.0,8192,0.000567515438888222,1.0,1.0023928880691528,1.0014326572418213,3.842721700668335,"[4.891627788543701,2.9797861576080322]","[4.013782501220703,3.249033212661743]",seeds/cell-004-173da0011095/seed-6/checkpoint.pt,seeds/cell-004-173da0011095/seed-6/snapshots/step-000400.pt
1,scaling-tuned-adamw-10seeds-v1,7097b902cc3f3a43380d0b66433b0a90ecf3915af0cdb913b8b407b76daf38af,cell-004-173da0011095,4,173da0011095e8e3e23853ce3b6ca590a8e0464a26cab8018f60b090e7cb4be2,6,6,800,8,4,8,2,1,16,adamw,0.003,0.0,800,512,0.0,8192,0.00014667827053926885,1.0,0.9992292523384094,0.9996081590652466,3.810288429260254,"[4.966032028198242,3.049805164337158]","[4.002097129821777,3.2172775268554688]",seeds/cell-004-173da0011095/seed-6/checkpoint.pt,seeds/cell-004-173da0011095/seed-6/snapshots/step-000800.pt
1,scaling-tuned-adamw-10seeds-v1,7097b902cc3f3a43380d0b66433b0a90ecf3915af0cdb913b8b407b76daf38af,cell-004-173da0011095,4,173da0011095e8e3e23853ce3b6ca590a8e0464a26cab8018f60b090e7cb4be2,7,0,0,8,4,8,2,1,16,adamw,0.003,0.0,800,512,0.0,8192,2.466963529586792,0.4794921875,-0.08371556550264359,-0.15336208045482635,3.3848328590393066,"[2.742870330810547,2.7908713817596436]","[2.5722227096557617,2.898893356323242]",seeds/cell-004-173da0011095/seed-7/checkpoint.pt,seeds/cell-004-173da0011095/seed-7/snapshots/step-000000.pt
1,scaling-tuned-adamw-10seeds-v1,7097b902cc3f3a43380d0b66433b0a90ecf3915af0cdb913b8b407b76daf38af,cell-004-173da0011095,4,173da0011095e8e3e23853ce3b6ca590a8e0464a26cab8018f60b090e7cb4be2,7,1,25,8,4,8,2,1,16,adamw,0.003,0.0,800,512,0.0,8192,0.8390464186668396,0.6558837890625,0.1441645324230194,0.07536184042692184,3.2494261264801025,"[2.709751605987549,2.8060097694396973]","[2.683154821395874,2.909207820892334]",seeds/cell-004-173da0011095/seed-7/checkpoint.pt,seeds/cell-004-173da0011095/seed-7/snapshots/step-000025.pt
1,scaling-tuned-adamw-10seeds-v1,7097b902cc3f3a43380d0b66433b0a90ecf3915af0cdb913b8b407b76daf38af,cell-004-173da0011095,4,173da0011095e8e3e23853ce3b6ca590a8e0464a26cab8018f60b090e7cb4be2,7,2,50,8,4,8,2,1,16,adamw,0.003,0.0,800,512,0.0,8192,0.7822864651679993,0.6925048828125,0.2170487642288208,0.1371953934431076,3.1699118614196777,"[2.6620304584503174,2.8268611431121826]","[2.7328732013702393,2.9461750984191895]",seeds/cell-004-173da0011095/seed-7/checkpoint.pt,seeds/cell-004-173da0011095/seed-7/snapshots/step-000050.pt
1,scaling-tuned-adamw-10seeds-v1,7097b902cc3f3a43380d0b66433b0a90ecf3915af0cdb913b8b407b76daf38af,cell-004-173da0011095,4,173da0011095e8e3e23853ce3b6ca590a8e0464a26cab8018f60b090e7cb4be2,7,3,100,8,4,8,2,1,16,adamw,0.003,0.0,800,512,0.0,8192,0.5615055561065674,0.805419921875,0.44723501801490784,0.37549033761024475,3.0168869495391846,"[3.0610299110412598,3.000293731689453]","[2.7830746173858643,2.9309639930725098]",seeds/cell-004-173da0011095/seed-7/checkpoint.pt,seeds/cell-004-173da0011095/seed-7/snapshots/step-000100.pt
1,scaling-tuned-adamw-10seeds-v1,7097b902cc3f3a43380d0b66433b0a90ecf3915af0cdb913b8b407b76daf38af,cell-004-173da0011095,4,173da0011095e8e3e23853ce3b6ca590a8e0464a26cab8018f60b090e7cb4be2,7,4,200,8,4,8,2,1,16,adamw,0.003,0.0,800,512,0.0,8192,0.008815362118184566,0.9993896484375,1.0038740634918213,0.980087399482727,3.142683506011963,"[4.689199447631836,3.442577838897705]","[2.897632122039795,2.7230539321899414]",seeds/cell-004-173da0011095/seed-7/checkpoint.pt,seeds/cell-004-173da0011095/seed-7/snapshots/step-000200.pt
1,scaling-tuned-adamw-10seeds-v1,7097b902cc3f3a43380d0b66433b0a90ecf3915af0cdb913b8b407b76daf38af,cell-004-173da0011095,4,173da0011095e8e3e23853ce3b6ca590a8e0464a26cab8018f60b090e7cb4be2,7,5,400,8,4,8,2,1,16,adamw,0.003,0.0,800,512,0.0,8192,0.0008917049271985888,1.0,1.0009185075759888,0.982398509979248,3.1512107849121094,"[4.8970794677734375,3.499992847442627]","[2.9324584007263184,2.721076488494873]",seeds/cell-004-173da0011095/seed-7/checkpoint.pt,seeds/cell-004-173da0011095/seed-7/snapshots/step-000400.pt
1,scaling-tuned-adamw-10seeds-v1,7097b902cc3f3a43380d0b66433b0a90ecf3915af0cdb913b8b407b76daf38af,cell-004-173da0011095,4,173da0011095e8e3e23853ce3b6ca590a8e0464a26cab8018f60b090e7cb4be2,7,6,800,8,4,8,2,1,16,adamw,0.003,0.0,800,512,0.0,8192,0.0002715777372941375,1.0,1.001004934310913,0.9826201796531677,3.1512773036956787,"[4.965765476226807,3.557234048843384]","[2.9636456966400146,2.7345306873321533]",seeds/cell-004-173da0011095/seed-7/checkpoint.pt,seeds/cell-004-173da0011095/seed-7/snapshots/step-000800.pt
1,scaling-tuned-adamw-10seeds-v1,7097b902cc3f3a43380d0b66433b0a90ecf3915af0cdb913b8b407b76daf38af,cell-004-173da0011095,4,173da0011095e8e3e23853ce3b6ca590a8e0464a26cab8018f60b090e7cb4be2,8,0,0,8,4,8,2,1,16,adamw,0.003,0.0,800,512,0.0,8192,1.2477153539657593,0.4420166015625,-0.06725681573152542,-0.05110902339220047,3.679807662963867,"[3.346576452255249,2.1396050453186035]","[3.0270934104919434,3.008561134338379]",seeds/cell-004-173da0011095/seed-8/checkpoint.pt,seeds/cell-004-173da0011095/seed-8/snapshots/step-000000.pt
1,scaling-tuned-adamw-10seeds-v1,7097b902cc3f3a43380d0b66433b0a90ecf3915af0cdb913b8b407b76daf38af,cell-004-173da0011095,4,173da0011095e8e3e23853ce3b6ca590a8e0464a26cab8018f60b090e7cb4be2,8,1,25,8,4,8,2,1,16,adamw,0.003,0.0,800,512,0.0,8192,0.8091131448745728,0.684814453125,0.19153627753257751,0.14240369200706482,3.5983457565307617,"[3.3078131675720215,2.085667610168457]","[3.0143837928771973,3.170780897140503]",seeds/cell-004-173da0011095/seed-8/checkpoint.pt,seeds/cell-004-173da0011095/seed-8/snapshots/step-000025.pt
1,scaling-tuned-adamw-10seeds-v1,7097b902cc3f3a43380d0b66433b0a90ecf3915af0cdb913b8b407b76daf38af,cell-004-173da0011095,4,173da0011095e8e3e23853ce3b6ca590a8e0464a26cab8018f60b090e7cb4be2,8,2,50,8,4,8,2,1,16,adamw,0.003,0.0,800,512,0.0,8192,0.6571471691131592,0.7474365234375,0.3385431468486786,0.27552083134651184,3.575531005859375,"[3.411452531814575,2.1489317417144775]","[2.9488606452941895,3.243884801864624]",seeds/cell-004-173da0011095/seed-8/checkpoint.pt,seeds/cell-004-173da0011095/seed-8/snapshots/step-000050.pt
1,scaling-tuned-adamw-10seeds-v1,7097b902cc3f3a43380d0b66433b0a90ecf3915af0cdb913b8b407b76daf38af,cell-004-173da0011095,4,173da0011095e8e3e23853ce3b6ca590a8e0464a26cab8018f60b090e7cb4be2,8,3,100,8,4,8,2,1,16,adamw,0.003,0.0,800,512,0.0,8192,0.27124208211898804,0.91259765625,0.738798975944519,0.7153298258781433,3.587196111679077,"[3.781878709793091,2.597921133041382]","[2.7859182357788086,3.2860848903656006]",seeds/cell-004-173da0011095/seed-8/checkpoint.pt,seeds/cell-004-173da0011095/seed-8/snapshots/step-000100.pt
1,scaling-tuned-adamw-10seeds-v1,7097b902cc3f3a43380d0b66433b0a90ecf3915af0cdb913b8b407b76daf38af,cell-004-173da0011095,4,173da0011095e8e3e23853ce3b6ca590a8e0464a26cab8018f60b090e7cb4be2,8,4,200,8,4,8,2,1,16,adamw,0.003,0.0,800,512,0.0,8192,0.004793650005012751,0.99951171875,0.993177056312561,1.0021711587905884,3.7720143795013428,"[4.406908988952637,3.2559497356414795]","[2.415255546569824,3.123786449432373]",seeds/cell-004-173da0011095/seed-8/checkpoint.pt,seeds/cell-004-173da0011095/seed-8/snapshots/step-000200.pt
1,scaling-tuned-adamw-10seeds-v1,7097b902cc3f3a43380d0b66433b0a90ecf3915af0cdb913b8b407b76daf38af,cell-004-173da0011095,4,173da0011095e8e3e23853ce3b6ca590a8e0464a26cab8018f60b090e7cb4be2,8,5,400,8,4,8,2,1,16,adamw,0.003,0.0,800,512,0.0,8192,0.0004876673046965152,1.0,0.9992406368255615,1.005165457725525,3.8165338039398193,"[4.495162010192871,3.397632360458374]","[2.3420562744140625,3.0415914058685303]",seeds/cell-004-173da0011095/seed-8/checkpoint.pt,seeds/cell-004-173da0011095/seed-8/snapshots/step-000400.pt
1,scaling-tuned-adamw-10seeds-v1,7097b902cc3f3a43380d0b66433b0a90ecf3915af0cdb913b8b407b76daf38af,cell-004-173da0011095,4,173da0011095e8e3e23853ce3b6ca590a8e0464a26cab8018f60b090e7cb4be2,8,6,800,8,4,8,2,1,16,adamw,0.003,0.0,800,512,0.0,8192,0.00012900274305138737,1.0,1.0003268718719482,1.005922794342041,3.830599784851074,"[4.546133041381836,3.444113254547119]","[2.315847873687744,3.0050270557403564]",seeds/cell-004-173da0011095/seed-8/checkpoint.pt,seeds/cell-004-173da0011095/seed-8/snapshots/step-000800.pt
1,scaling-tuned-adamw-10seeds-v1,7097b902cc3f3a43380d0b66433b0a90ecf3915af0cdb913b8b407b76daf38af,cell-004-173da0011095,4,173da0011095e8e3e23853ce3b6ca590a8e0464a26cab8018f60b090e7cb4be2,9,0,0,8,4,8,2,1,16,adamw,0.003,0.0,800,512,0.0,8192,1.4492146968841553,0.437744140625,-0.08966466039419174,-0.05391794070601463,4.17215633392334,"[3.077638626098633,2.492516279220581]","[2.956162214279175,2.8624377250671387]",seeds/cell-004-173da0011095/seed-9/checkpoint.pt,seeds/cell-004-173da0011095/seed-9/snapshots/step-000000.pt
1,scaling-tuned-adamw-10seeds-v1,7097b902cc3f3a43380d0b66433b0a90ecf3915af0cdb913b8b407b76daf38af,cell-004-173da0011095,4,173da0011095e8e3e23853ce3b6ca590a8e0464a26cab8018f60b090e7cb4be2,9,1,25,8,4,8,2,1,16,adamw,0.003,0.0,800,512,0.0,8192,0.862737774848938,0.654541015625,0.1296977698802948,0.11414065957069397,4.066816806793213,"[2.9863553047180176,2.6246557235717773]","[2.9749088287353516,2.8408403396606445]",seeds/cell-004-173da0011095/seed-9/checkpoint.pt,seeds/cell-004-173da0011095/seed-9/snapshots/step-000025.pt
1,scaling-tuned-adamw-10seeds-v1,7097b902cc3f3a43380d0b66433b0a90ecf3915af0cdb913b8b407b76daf38af,cell-004-173da0011095,4,173da0011095e8e3e23853ce3b6ca590a8e0464a26cab8018f60b090e7cb4be2,9,2,50,8,4,8,2,1,16,adamw,0.003,0.0,800,512,0.0,8192,0.7714493274688721,0.7034912109375,0.20402704179286957,0.1700190305709839,4.010194301605225,"[2.9240007400512695,2.5809977054595947]","[2.9495179653167725,2.7974488735198975]",seeds/cell-004-173da0011095/seed-9/checkpoint.pt,seeds/cell-004-173da0011095/seed-9/snapshots/step-000050.pt
1,scaling-tuned-adamw-10seeds-v1,7097b902cc3f3a43380d0b66433b0a90ecf3915af0cdb913b8b407b76daf38af,cell-004-173da0011095,4,173da0011095e8e3e23853ce3b6ca590a8e0464a26cab8018f60b090e7cb4be2,9,3,100,8,4,8,2,1,16,adamw,0.003,0.0,800,512,0.0,8192,0.5221983194351196,0.8182373046875,0.4536535143852234,0.42713662981987,3.849802255630493,"[3.0827078819274902,2.4098939895629883]","[2.844702959060669,2.681868076324463]",seeds/cell-004-173da0011095/seed-9/checkpoint.pt,seeds/cell-004-173da0011095/seed-9/snapshots/step-000100.pt
1,scaling-tuned-adamw-10seeds-v1,7097b902cc3f3a43380d0b66433b0a90ecf3915af0cdb913b8b407b76daf38af,cell-004-173da0011095,4,173da0011095e8e3e23853ce3b6ca590a8e0464a26cab8018f60b090e7cb4be2,9,4,200,8,4,8,2,1,16,adamw,0.003,0.0,800,512,0.0,8192,0.09767013043165207,0.9774169921875,0.9192757606506348,0.9304544925689697,3.7086739540100098,"[3.5099565982818604,3.2182199954986572]","[2.6672756671905518,2.5532071590423584]",seeds/cell-004-173da0011095/seed-9/checkpoint.pt,seeds/cell-004-173da0011095/seed-9/snapshots/step-000200.pt
1,scaling-tuned-adamw-10seeds-v1,7097b902cc3f3a43380d0b66433b0a90ecf3915af0cdb913b8b407b76daf38af,cell-004-173da0011095,4,173da0011095e8e3e23853ce3b6ca590a8e0464a26cab8018f60b090e7cb4be2,9,5,400,8,4,8,2,1,16,adamw,0.003,0.0,800,512,0.0,8192,0.001826962921768427,1.0,1.0024125576019287,1.0005764961242676,3.6886823177337646,"[3.891923427581787,3.78078293800354]","[2.5179762840270996,2.594332456588745]",seeds/cell-004-173da0011095/seed-9/checkpoint.pt,seeds/cell-004-173da0011095/seed-9/snapshots/step-000400.pt
1,scaling-tuned-adamw-10seeds-v1,7097b902cc3f3a43380d0b66433b0a90ecf3915af0cdb913b8b407b76daf38af,cell-004-173da0011095,4,173da0011095e8e3e23853ce3b6ca590a8e0464a26cab8018f60b090e7cb4be2,9,6,800,8,4,8,2,1,16,adamw,0.003,0.0,800,512,0.0,8192,0.00036342701059766114,1.0,0.9991330504417419,0.9960615634918213,3.6787259578704834,"[4.039480686187744,3.896956205368042]","[2.4498515129089355,2.5483720302581787]",seeds/cell-004-173da0011095/seed-9/checkpoint.pt,seeds/cell-004-173da0011095/seed-9/snapshots/step-000800.pt
1,scaling-tuned-adamw-10seeds-v1,7097b902cc3f3a43380d0b66433b0a90ecf3915af0cdb913b8b407b76daf38af,cell-005-e6fff93be5a2,5,e6fff93be5a21704ab862bd8fbe0bc486984606406dbbc6d99f4453708642349,0,0,0,8,4,8,2,4,16,adamw,0.003,0.0,800,512,0.0,8192,2.475773334503174,0.505126953125,0.04104604199528694,0.04657794535160065,4.029151439666748,"[1.5368050336837769,1.4358044862747192,2.266057252883911,1.281227946281433,1.2841556072235107,1.2784340381622314,2.032468795776367,0.9726987481117249]","[1.1154874563217163,1.1186904907226562,1.4036531448364258,1.3320236206054688,1.3067365884780884,0.9075275659561157,1.1303356885910034,1.4451650381088257]",seeds/cell-005-e6fff93be5a2/seed-0/checkpoint.pt,seeds/cell-005-e6fff93be5a2/seed-0/snapshots/step-000000.pt
1,scaling-tuned-adamw-10seeds-v1,7097b902cc3f3a43380d0b66433b0a90ecf3915af0cdb913b8b407b76daf38af,cell-005-e6fff93be5a2,5,e6fff93be5a21704ab862bd8fbe0bc486984606406dbbc6d99f4453708642349,0,1,25,8,4,8,2,4,16,adamw,0.003,0.0,800,512,0.0,8192,0.7904915809631348,0.6917724609375,0.19848492741584778,0.1682652235031128,3.939336061477661,"[1.557693362236023,1.3564224243164062,2.215780258178711,1.2731330394744873,1.2793020009994507,1.2680292129516602,2.082703113555908,0.9266806840896606]","[1.219577670097351,1.1615947484970093,1.4001264572143555,1.3184561729431152,1.2926744222640991,0.9209743738174438,1.213442325592041,1.3912074565887451]",seeds/cell-005-e6fff93be5a2/seed-0/checkpoint.pt,seeds/cell-005-e6fff93be5a2/seed-0/snapshots/step-000025.pt
1,scaling-tuned-adamw-10seeds-v1,7097b902cc3f3a43380d0b66433b0a90ecf3915af0cdb913b8b407b76daf38af,cell-005-e6fff93be5a2,5,e6fff93be5a21704ab862bd8fbe0bc486984606406dbbc6d99f4453708642349,0,2,50,8,4,8,2,4,16,adamw,0.003,0.0,800,512,0.0,8192,0.7363650798797607,0.715576171875,0.24125882983207703,0.2135334312915802,3.864893913269043,"[1.515847086906433,1.3034989833831787,2.2083663940429688,1.2214176654815674,1.2500102519989014,1.263633370399475,2.0557236671447754,0.9098947048187256]","[1.2158044576644897,1.16691255569458,1.4023125171661377,1.3298040628433228,1.2756552696228027,0.9075874090194702,1.2124601602554321,1.3944047689437866]",seeds/cell-005-e6fff93be5a2/seed-0/checkpoint.pt,seeds/cell-005-e6fff93be5a2/seed-0/snapshots/step-000050.pt
1,scaling-tuned-adamw-10seeds-v1,7097b902cc3f3a43380d0b66433b0a90ecf3915af0cdb913b8b407b76daf38af,cell-005-e6fff93be5a2,5,e6fff93be5a21704ab862bd8fbe0bc486984606406dbbc6d99f4453708642349,0,3,100,8,4,8,2,4,16,adamw,0.003,0.0,800,512,0.0,8192,0.6162721514701843,0.774169921875,0.3625718355178833,0.33688637614250183,3.7191715240478516,"[1.641135334968567,1.4105494022369385,2.1725873947143555,1.2006173133850098,1.2567265033721924,1.3005818128585815,2.0451912879943848,0.952426552772522]","[1.19601309299469,1.1694011688232422,1.4266761541366577,1.3305294513702393,1.2761623859405518,0.891120970249176,1.2266026735305786,1.3754922151565552]",seeds/cell-005-e6fff93be5a2/seed-0/checkpoint.pt,seeds/cell-005-e6fff93be5a2/seed-0/snapshots/step-000100.pt
1,scaling-tuned-adamw-10seeds-v1,7097b902cc3f3a43380d0b66433b0a90ecf3915af0cdb913b8b407b76daf38af,cell-005-e6fff93be5a2,5,e6fff93be5a21704ab862bd8fbe0bc486984606406dbbc6d99f4453708642349,0,4,200,8,4,8,2,4,16,adamw,0.003,0.0,800,512,0.0,8192,0.18467366695404053,0.9525146484375,0.8561391830444336,0.8148915767669678,3.74696946144104,"[2.2819340229034424,2.1127545833587646,1.8599004745483398,1.4009793996810913,1.2758525609970093,1.4454659223556519,1.9835467338562012,1.210278868675232]","[1.0968856811523438,1.347217321395874,1.2144062519073486,1.2097747325897217,1.2902188301086426,0.932986855506897,1.1729122400283813,1.395838975906372]",seeds/cell-005-e6fff93be5a2/seed-0/checkpoint.pt,seeds/cell-005-e6fff93be5a2/seed-0/snapshots/step-000200.pt
1,scaling-tuned-adamw-10seeds-v1,7097b902cc3f3a43380d0b66433b0a90ecf3915af0cdb913b8b407b76daf38af,cell-005-e6fff93be5a2,5,e6fff93be5a21704ab862bd8fbe0bc486984606406dbbc6d99f4453708642349,0,5,400,8,4,8,2,4,16,adamw,0.003,0.0,800,512,0.0,8192,0.005700006615370512,0.9996337890625,1.004849910736084,0.9635547399520874,3.9207687377929688,"[2.6820425987243652,2.5320680141448975,1.7527294158935547,1.4256032705307007,1.2404241561889648,1.6673839092254639,2.12381649017334,1.2980200052261353]","[1.091563105583191,1.4100664854049683,1.0210068225860596,1.1465760469436646,1.1386566162109375,0.8348442316055298,1.278770089149475,1.3462730646133423]",seeds/cell-005-e6fff93be5a2/seed-0/checkpoint.pt,seeds/cell-005-e6fff93be5a2/seed-0/snapshots/step-000400.pt
1,scaling-tuned-adamw-10seeds-v1,7097b902cc3f3a43380d0b66433b0a90ecf3915af0cdb913b8b407b76daf38af,cell-005-e6fff93be5a2,5,e6fff93be5a21704ab862bd8fbe0bc486984606406dbbc6d99f4453708642349,0,6,800,8,4,8,2,4,16,adamw,0.003,0.0,800,512,0.0,8192,0.0006383988074958324,1.0,0.9988524913787842,0.9521229267120361,3.969254493713379,"[2.700186014175415,2.5983314514160156,1.741629719734192,1.4379298686981201,1.2317277193069458,1.7145692110061646,2.200390338897705,1.2933930158615112]","[1.0510940551757812,1.4144515991210938,0.9415073394775391,1.1237863302230835,1.0520398616790771,0.7634543180465698,1.2855979204177856,1.323267936706543]",seeds/cell-005-e6fff93be5a2/seed-0/checkpoint.pt,seeds/cell-005-e6fff93be5a2/seed-0/snapshots/step-000800.pt
1,scaling-tuned-adamw-10seeds-v1,7097b902cc3f3a43380d0b66433b0a90ecf3915af0cdb913b8b407b76daf38af,cell-005-e6fff93be5a2,5,e6fff93be5a21704ab862bd8fbe0bc486984606406dbbc6d99f4453708642349,1,0,0,8,4,8,2,4,16,adamw,0.003,0.0,800,512,0.0,8192,2.300011396408081,0.5009765625,-0.0116925910115242,-0.007859853096306324,4.1048102378845215,"[1.2202532291412354,1.1323953866958618,0.9473696351051331,2.2256112098693848,1.1981147527694702,1.1540323495864868,0.759742021560669,1.2983157634735107]","[1.005872130393982,1.4385666847229004,1.0700089931488037,1.2696000337600708,2.5013954639434814,1.7787795066833496,2.356518268585205,1.375961184501648]",seeds/cell-005-e6fff93be5a2/seed-1/checkpoint.pt,seeds/cell-005-e6fff93be5a2/seed-1/snapshots/step-000000.pt
1,scaling-tuned-adamw-10seeds-v1,7097b902cc3f3a43380d0b66433b0a90ecf3915af0cdb913b8b407b76daf38af,cell-005-e6fff93be5a2,5,e6fff93be5a21704ab862bd8fbe0bc486984606406dbbc6d99f4453708642349,1,1,25,8,4,8,2,4,16,adamw,0.003,0.0,800,512,0.0,8192,0.9777586460113525,0.5863037109375,0.016889303922653198,0.013345498591661453,4.091081142425537,"[1.1860448122024536,1.1574629545211792,1.0027861595153809,2.253657817840576,1.1957694292068481,1.1663373708724976,0.7570059895515442,1.228284478187561]","[1.0910255908966064,1.514866590499878,1.0991449356079102,1.2596861124038696,2.3322372436523438,1.736077904701233,2.264975070953369,1.380208134651184]",seeds/cell-005-e6fff93be5a2/seed-1/checkpoint.pt,seeds/cell-005-e6fff93be5a2/seed-1/snapshots/step-000025.pt
1,scaling-tuned-adamw-10seeds-v1,7097b902cc3f3a43380d0b66433b0a90ecf3915af0cdb913b8b407b76daf38af,cell-005-e6fff93be5a2,5,e6fff93be5a21704ab862bd8fbe0bc486984606406dbbc6d99f4453708642349,1,2,50,8,4,8,2,4,16,adamw,0.003,0.0,800,512,0.0,8192,0.8630251884460449,0.68603515625,0.09369213134050369,0.0800294429063797,4.106842994689941,"[1.2248854637145996,1.1504535675048828,1.08843994140625,2.2767672538757324,1.197511076927185,1.2011162042617798,0.7794886231422424,1.1498464345932007]","[1.3048139810562134,1.4487181901931763,1.1935197114944458,1.3139036893844604,2.3320651054382324,1.6935893297195435,2.278433322906494,1.497011423110962]",seeds/cell-005-e6fff93be5a2/seed-1/checkpoint.pt,seeds/cell-005-e6fff93be5a2/seed-1/snapshots/step-000050.pt
1,scaling-tuned-adamw-10seeds-v1,7097b902cc3f3a43380d0b66433b0a90ecf3915af0cdb913b8b407b76daf38af,cell-005-e6fff93be5a2,5,e6fff93be5a21704ab862bd8fbe0bc486984606406dbbc6d99f4453708642349,1,3,100,8,4,8,2,4,16,adamw,0.003,0.0,800,512,0.0,8192,0.540508508682251,0.8004150390625,0.4466652274131775,0.4049881398677826,3.9278061389923096,"[1.3471055030822754,1.1351318359375,1.4902318716049194,2.2871525287628174,1.2023710012435913,1.2591718435287476,0.8023081421852112,1.2113206386566162]","[1.4152618646621704,1.4544187784194946,1.6151810884475708,1.5212585926055908,2.3605971336364746,1.690925121307373,2.306279182434082,1.755566954612732]",seeds/cell-005-e6fff93be5a2/seed-1/checkpoint.pt,seeds/cell-005-e6fff93be5a2/seed-1/snapshots/step-000100.pt
1,scaling-tuned-adamw-10seeds-v1,7097b902cc3f3a43380d0b66433b0a90ecf3915af0cdb913b8b407b76daf38af,cell-005-e6fff93be5a2,5,e6fff93be5a21704ab862bd8fbe0bc486984606406dbbc6d99f4453708642349,1,4,200,8,4,8,2,4,16,adamw,0.003,0.0,800,512,0.0,8192,0.13244149088859558,0.9554443359375,0.8816511631011963,0.8717269897460938,3.7171666622161865,"[1.4660604000091553,1.450756311416626,2.0599372386932373,2.2526419162750244,1.2958227396011353,1.2832399606704712,1.0918270349502563,2.054983377456665]","[1.4226104021072388,1.4781640768051147,1.8180791139602661,1.4970556497573853,2.255694627761841,1.6870111227035522,2.347132921218872,1.7383766174316406]",seeds/cell-005-e6fff93be5a2/seed-1/checkpoint.pt,seeds/cell-005-e6fff93be5a2/seed-1/snapshots/step-000200.pt
1,scaling-tuned-adamw-10seeds-v1,7097b902cc3f3a43380d0b66433b0a90ecf3915af0cdb913b8b407b76daf38af,cell-005-e6fff93be5a2,5,e6fff93be5a21704ab862bd8fbe0bc486984606406dbbc6d99f4453708642349,1,5,400,8,4,8,2,4,16,adamw,0.003,0.0,800,512,0.0,8192,0.003521162550896406,0.9998779296875,0.9983400106430054,0.9908220767974854,3.7994961738586426,"[1.6586133241653442,1.7229290008544922,2.180058002471924,2.2903387546539307,1.368013858795166,1.093846321105957,1.2520787715911865,2.534907579421997]","[1.4409821033477783,1.3237996101379395,1.737483263015747,1.559425950050354,2.210573673248291,1.5564602613449097,2.404743194580078,2.00116229057312]",seeds/cell-005-e6fff93be5a2/seed-1/checkpoint.pt,seeds/cell-005-e6fff93be5a2/seed-1/snapshots/step-000400.pt
1,scaling-tuned-adamw-10seeds-v1,7097b902cc3f3a43380d0b66433b0a90ecf3915af0cdb913b8b407b76daf38af,cell-005-e6fff93be5a2,5,e6fff93be5a21704ab862bd8fbe0bc486984606406dbbc6d99f4453708642349,1,6,800,8,4,8,2,4,16,adamw,0.003,0.0,800,512,0.0,8192,0.0005142426816746593,1.0,0.9993878602981567,0.9953188896179199,3.7900805473327637,"[1.7456350326538086,1.810900092124939,2.1994564533233643,2.2652244567871094,1.3161067962646484,1.0558788776397705,1.3698534965515137,2.6812527179718018]","[1.4208478927612305,1.2897670269012451,1.7282835245132446,1.5876564979553223,2.1858742237091064,1.4592257738113403,2.400031089782715,2.1473090648651123]",seeds/cell-005-e6fff93be5a2/seed-1/checkpoint.pt,seeds/cell-005-e6fff93be5a2/seed-1/snapshots/step-000800.pt
1,scaling-tuned-adamw-10seeds-v1,7097b902cc3f3a43380d0b66433b0a90ecf3915af0cdb913b8b407b76daf38af,cell-005-e6fff93be5a2,5,e6fff93be5a21704ab862bd8fbe0bc486984606406dbbc6d99f4453708642349,2,0,0,8,4,8,2,4,16,adamw,0.003,0.0,800,512,0.0,8192,2.9721782207489014,0.48779296875,0.027704939246177673,0.056428901851177216,4.195681571960449,"[1.4509466886520386,1.7202558517456055,0.9379064440727234,2.135131597518921,1.562329649925232,2.7099945545196533,1.4498074054718018,1.263120174407959]","[1.4272475242614746,1.2044150829315186,1.7991271018981934,1.4352329969406128,1.2543838024139404,1.2480247020721436,1.6004486083984375,1.1589187383651733]",seeds/cell-005-e6fff93be5a2/seed-2/checkpoint.pt,seeds/cell-005-e6fff93be5a2/seed-2/snapshots/step-000000.pt
1,scaling-tuned-adamw-10seeds-v1,7097b902cc3f3a43380d0b66433b0a90ecf3915af0cdb913b8b407b76daf38af,cell-005-e6fff93be5a2,5,e6fff93be5a21704ab862bd8fbe0bc486984606406dbbc6d99f4453708642349,2,1,25,8,4,8,2,4,16,adamw,0.003,0.0,800,512,0.0,8192,0.8389523029327393,0.668701171875,0.17190179228782654,0.14750583469867706,4.1413254737854,"[1.612297773361206,1.697571039199829,0.9717982411384583,2.1463253498077393,1.6030683517456055,2.7655844688415527,1.5708028078079224,1.2359305620193481]","[1.5031828880310059,1.2435600757598877,1.8758844137191772,1.5283803939819336,1.3752554655075073,1.3033840656280518,1.5271762609481812,1.1660131216049194]",seeds/cell-005-e6fff93be5a2/seed-2/checkpoint.pt,seeds/cell-005-e6fff93be5a2/seed-2/snapshots/step-000025.pt
1,scaling-tuned-adamw-10seeds-v1,7097b902cc3f3a43380d0b66433b0a90ecf3915af0cdb913b8b407b76daf38af,cell-005-e6fff93be5a2,5,e6fff93be5a21704ab862bd8fbe0bc486984606406dbbc6d99f4453708642349,2,2,50,8,4,8,2,4,16,adamw,0.003,0.0,800,512,0.0,8192,0.7435671091079712,0.7191162109375,0.23470278084278107,0.20029012858867645,4.071739673614502,"[1.631888508796692,1.7281842231750488,1.0317747592926025,2.1033105850219727,1.6487746238708496,2.802647829055786,1.6145410537719727,1.2531367540359497]","[1.494158148765564,1.2341704368591309,1.922833800315857,1.5528285503387451,1.3868253231048584,1.310459017753601,1.5205868482589722,1.1751927137374878]",seeds/cell-005-e6fff93be5a2/seed-2/checkpoint.pt,seeds/cell-005-e6fff93be5a2/seed-2/snapshots/step-000050.pt
1,scaling-tuned-adamw-10seeds-v1,7097b902cc3f3a43380d0b66433b0a90ecf3915af0cdb913b8b407b76daf38af,cell-005-e6fff93be5a2,5,e6fff93be5a21704ab862bd8fbe0bc486984606406dbbc6d99f4453708642349,2,3,100,8,4,8,2,4,16,adamw,0.003,0.0,800,512,0.0,8192,0.5325016975402832,0.821533203125,0.4351375699043274,0.38569676876068115,3.9899754524230957,"[1.6813709735870361,1.790682077407837,1.1330376863479614,2.2081027030944824,1.80120050907135,2.9238572120666504,1.664690375328064,1.299818754196167]","[1.4679704904556274,1.2746639251708984,1.8863472938537598,1.5909044742584229,1.3667471408843994,1.305685043334961,1.5425564050674438,1.1567796468734741]",seeds/cell-005-e6fff93be5a2/seed-2/checkpoint.pt,seeds/cell-005-e6fff93be5a2/seed-2/snapshots/step-000100.pt
1,scaling-tuned-adamw-10seeds-v1,7097b902cc3f3a43380d0b66433b0a90ecf3915af0cdb913b8b407b76daf38af,cell-005-e6fff93be5a2,5,e6fff93be5a21704ab862bd8fbe0bc486984606406dbbc6d99f4453708642349,2,4,200,8,4,8,2,4,16,adamw,0.003,0.0,800,512,0.0,8192,0.1460907757282257,0.967041015625,0.844184398651123,0.826941728591919,3.861379861831665,"[1.8154010772705078,2.1388278007507324,1.2388217449188232,2.5404484272003174,2.050750970840454,2.841825008392334,1.9022297859191895,1.3580414056777954]","[1.5329632759094238,1.333274245262146,1.6518241167068481,1.5464510917663574,1.3131988048553467,1.2326241731643677,1.681073546409607,1.1281421184539795]",seeds/cell-005-e6fff93be5a2/seed-2/checkpoint.pt,seeds/cell-005-e6fff93be5a2/seed-2/snapshots/step-000200.pt
1,scaling-tuned-adamw-10seeds-v1,7097b902cc3f3a43380d0b66433b0a90ecf3915af0cdb913b8b407b76daf38af,cell-005-e6fff93be5a2,5,e6fff93be5a21704ab862bd8fbe0bc486984606406dbbc6d99f4453708642349,2,5,400,8,4,8,2,4,16,adamw,0.003,0.0,800,512,0.0,8192,0.009132767096161842,1.0,0.9946596622467041,0.9771801233291626,3.9879016876220703,"[1.939285397529602,2.5280444622039795,1.2019755840301514,2.875736951828003,2.2846550941467285,2.8428890705108643,1.9301114082336426,1.3949130773544312]","[1.46169912815094,1.268894910812378,1.4304413795471191,1.5942314863204956,1.3433209657669067,1.1848418712615967,1.6797559261322021,1.0770082473754883]",seeds/cell-005-e6fff93be5a2/seed-2/checkpoint.pt,seeds/cell-005-e6fff93be5a2/seed-2/snapshots/step-000400.pt
1,scaling-tuned-adamw-10seeds-v1,7097b902cc3f3a43380d0b66433b0a90ecf3915af0cdb913b8b407b76daf38af,cell-005-e6fff93be5a2,5,e6fff93be5a21704ab862bd8fbe0bc486984606406dbbc6d99f4453708642349,2,6,800,8,4,8,2,4,16,adamw,0.003,0.0,800,512,0.0,8192,0.001044869190081954,1.0,1.002032995223999,0.9913981556892395,3.969987392425537,"[1.9827085733413696,2.640693426132202,1.2398924827575684,3.000901222229004,2.359912633895874,2.848635673522949,1.8397622108459473,1.4901179075241089]","[1.4640600681304932,1.2234212160110474,1.3250751495361328,1.587943196296692,1.4046449661254883,1.1785387992858887,1.6637221574783325,1.0525823831558228]",seeds/cell-005-e6fff93be5a2/seed-2/checkpoint.pt,seeds/cell-005-e6fff93be5a2/seed-2/snapshots/step-000800.pt
1,scaling-tuned-adamw-10seeds-v1,7097b902cc3f3a43380d0b66433b0a90ecf3915af0cdb913b8b407b76daf38af,cell-005-e6fff93be5a2,5,e6fff93be5a21704ab862bd8fbe0bc486984606406dbbc6d99f4453708642349,3,0,0,8,4,8,2,4,16,adamw,0.003,0.0,800,512,0.0,8192,2.0764474868774414,0.513427734375,0.08147406578063965,0.0785563588142395,4.120028018951416,"[0.9515968561172485,1.1676025390625,1.8746449947357178,1.8713783025741577,1.0917682647705078,1.9574155807495117,1.3511841297149658,0.8455488085746765]","[1.1282879114151,1.5672141313552856,1.3558547496795654,1.7225282192230225,1.5401958227157593,1.0597517490386963,1.1951055526733398,1.596412181854248]",seeds/cell-005-e6fff93be5a2/seed-3/checkpoint.pt,seeds/cell-005-e6fff93be5a2/seed-3/snapshots/step-000000.pt
1,scaling-tuned-adamw-10seeds-v1,7097b902cc3f3a43380d0b66433b0a90ecf3915af0cdb913b8b407b76daf38af,cell-005-e6fff93be5a2,5,e6fff93be5a21704ab862bd8fbe0bc486984606406dbbc6d99f4453708642349,3,1,25,8,4,8,2,4,16,adamw,0.003,0.0,800,512,0.0,8192,0.8421297073364258,0.652099609375,0.13776516914367676,0.10474401712417603,4.101766109466553,"[1.003648281097412,1.2300184965133667,1.8873988389968872,1.9455538988113403,1.1835026741027832,1.963139533996582,1.471909999847412,0.7965844869613647]","[1.0977299213409424,1.61844801902771,1.4162172079086304,1.808366298675537,1.5875065326690674,1.1030269861221313,1.2507073879241943,1.66958487033844]",seeds/cell-005-e6fff93be5a2/seed-3/checkpoint.pt,seeds/cell-005-e6fff93be5a2/seed-3/snapshots/step-000025.pt
1,scaling-tuned-adamw-10seeds-v1,7097b902cc3f3a43380d0b66433b0a90ecf3915af0cdb913b8b407b76daf38af,cell-005-e6fff93be5a2,5,e6fff93be5a21704ab862bd8fbe0bc486984606406dbbc6d99f4453708642349,3,2,50,8,4,8,2,4,16,adamw,0.003,0.0,800,512,0.0,8192,0.7645082473754883,0.68701171875,0.24381743371486664,0.19656991958618164,4.101222991943359,"[0.9957777261734009,1.226501226425171,1.923061728477478,1.9426801204681396,1.2221581935882568,1.950111746788025,1.4704374074935913,0.788785457611084]","[1.1078572273254395,1.6264694929122925,1.4545787572860718,1.7913987636566162,1.684242606163025,1.1058564186096191,1.2559428215026855,1.7024757862091064]",seeds/cell-005-e6fff93be5a2/seed-3/checkpoint.pt,seeds/cell-005-e6fff93be5a2/seed-3/snapshots/step-000050.pt
1,scaling-tuned-adamw-10seeds-v1,7097b902cc3f3a43380d0b66433b0a90ecf3915af0cdb913b8b407b76daf38af,cell-005-e6fff93be5a2,5,e6fff93be5a21704ab862bd8fbe0bc486984606406dbbc6d99f4453708642349,3,3,100,8,4,8,2,4,16,adamw,0.003,0.0,800,512,0.0,8192,0.5601016283035278,0.7989501953125,0.43114155530929565,0.397475004196167,3.8351876735687256,"[1.0594066381454468,1.378998041152954,2.3080861568450928,2.05072021484375,1.633798360824585,1.9441580772399902,1.421090841293335,0.8540629148483276]","[1.054903268814087,1.6911051273345947,1.5199637413024902,1.721564769744873,1.7293543815612793,1.0815773010253906,1.2274563312530518,1.7273664474487305]",seeds/cell-005-e6fff93be5a2/seed-3/checkpoint.pt,seeds/cell-005-e6fff93be5a2/seed-3/snapshots/step-000100.pt
1,scaling-tuned-adamw-10seeds-v1,7097b902cc3f3a43380d0b66433b0a90ecf3915af0cdb913b8b407b76daf38af,cell-005-e6fff93be5a2,5,e6fff93be5a21704ab862bd8fbe0bc486984606406dbbc6d99f4453708642349,3,4,200,8,4,8,2,4,16,adamw,0.003,0.0,800,512,0.0,8192,0.06749847531318665,0.9932861328125,0.9403269290924072,0.9309192895889282,3.503882884979248,"[1.1013721227645874,1.7112503051757812,3.0423898696899414,2.4389595985412598,2.0216405391693115,1.89298415184021,1.3423097133636475,1.1366586685180664]","[0.9500352144241333,1.4682166576385498,1.7285716533660889,1.665934681892395,1.6325770616531372,0.9278573989868164,1.0482033491134644,1.8571829795837402]",seeds/cell-005-e6fff93be5a2/seed-3/checkpoint.pt,seeds/cell-005-e6fff93be5a2/seed-3/snapshots/step-000200.pt
1,scaling-tuned-adamw-10seeds-v1,7097b902cc3f3a43380d0b66433b0a90ecf3915af0cdb913b8b407b76daf38af,cell-005-e6fff93be5a2,5,e6fff93be5a21704ab862bd8fbe0bc486984606406dbbc6d99f4453708642349,3,5,400,8,4,8,2,4,16,adamw,0.003,0.0,800,512,0.0,8192,0.00493802223354578,1.0,1.0006521940231323,0.9968056678771973,3.368345022201538,"[1.1691842079162598,1.845986247062683,3.3202264308929443,2.4236629009246826,2.1230297088623047,1.8782374858856201,1.261659860610962,1.0969855785369873]","[0.8829728960990906,1.4386281967163086,1.8638763427734375,1.4863662719726562,1.6892675161361694,0.8053988218307495,1.0326390266418457,1.7771252393722534]",seeds/cell-005-e6fff93be5a2/seed-3/checkpoint.pt,seeds/cell-005-e6fff93be5a2/seed-3/snapshots/step-000400.pt
1,scaling-tuned-adamw-10seeds-v1,7097b902cc3f3a43380d0b66433b0a90ecf3915af0cdb913b8b407b76daf38af,cell-005-e6fff93be5a2,5,e6fff93be5a21704ab862bd8fbe0bc486984606406dbbc6d99f4453708642349,3,6,800,8,4,8,2,4,16,adamw,0.003,0.0,800,512,0.0,8192,0.001006640144623816,1.0,1.0004080533981323,0.9964114427566528,3.3234972953796387,"[1.154454231262207,1.8411190509796143,3.441338300704956,2.3832502365112305,2.203263282775879,1.8727761507034302,1.1885515451431274,1.0558688640594482]","[0.8561223745346069,1.3772532939910889,1.8827236890792847,1.4490725994110107,1.7696592807769775,0.7515397667884827,1.0445717573165894,1.6977213621139526]",seeds/cell-005-e6fff93be5a2/seed-3/checkpoint.pt,seeds/cell-005-e6fff93be5a2/seed-3/snapshots/step-000800.pt
1,scaling-tuned-adamw-10seeds-v1,7097b902cc3f3a43380d0b66433b0a90ecf3915af0cdb913b8b407b76daf38af,cell-005-e6fff93be5a2,5,e6fff93be5a21704ab862bd8fbe0bc486984606406dbbc6d99f4453708642349,4,0,0,8,4,8,2,4,16,adamw,0.003,0.0,800,512,0.0,8192,1.487149715423584,0.497802734375,0.010918503627181053,-0.003477581311017275,3.8589980602264404,"[1.1310417652130127,1.0140488147735596,1.43213951587677,0.6035333871841431,1.4734244346618652,1.4290611743927002,1.7243928909301758,1.675736665725708]","[1.6773041486740112,1.7296119928359985,1.3047434091567993,2.1531476974487305,1.6795886754989624,1.4834442138671875,1.0099823474884033,1.074436902999878]",seeds/cell-005-e6fff93be5a2/seed-4/checkpoint.pt,seeds/cell-005-e6fff93be5a2/seed-4/snapshots/step-000000.pt
1,scaling-tuned-adamw-10seeds-v1,7097b902cc3f3a43380d0b66433b0a90ecf3915af0cdb913b8b407b76daf38af,cell-005-e6fff93be5a2,5,e6fff93be5a21704ab862bd8fbe0bc486984606406dbbc6d99f4453708642349,4,1,25,8,4,8,2,4,16,adamw,0.003,0.0,800,512,0.0,8192,0.7491517066955566,0.711669921875,0.24267929792404175,0.22099226713180542,3.720999002456665,"[1.0933952331542969,0.9845196008682251,1.2883504629135132,0.5682166814804077,1.5056817531585693,1.4254564046859741,1.7358063459396362,1.6151978969573975]","[1.6599477529525757,1.6876386404037476,1.3892632722854614,2.1349685192108154,1.7141172885894775,1.5438498258590698,1.0480616092681885,1.1325730085372925]",seeds/cell-005-e6fff93be5a2/seed-4/checkpoint.pt,seeds/cell-005-e6fff93be5a2/seed-4/snapshots/step-000025.pt
1,scaling-tuned-adamw-10seeds-v1,7097b902cc3f3a43380d0b66433b0a90ecf3915af0cdb913b8b407b76daf38af,cell-005-e6fff93be5a2,5,e6fff93be5a21704ab862bd8fbe0bc486984606406dbbc6d99f4453708642349,4,2,50,8,4,8,2,4,16,adamw,0.003,0.0,800,512,0.0,8192,0.6540501117706299,0.7523193359375,0.32295623421669006,0.3100619316101074,3.4224603176116943,"[1.1479295492172241,0.9726961255073547,1.2809686660766602,0.5720576643943787,1.4472942352294922,1.5303261280059814,1.841583251953125,1.6646265983581543]","[1.618430256843567,1.628800392150879,1.4383494853973389,2.105238676071167,1.677787184715271,1.6929682493209839,1.0929869413375854,1.1502654552459717]",seeds/cell-005-e6fff93be5a2/seed-4/checkpoint.pt,seeds/cell-005-e6fff93be5a2/seed-4/snapshots/step-000050.pt
1,scaling-tuned-adamw-10seeds-v1,7097b902cc3f3a43380d0b66433b0a90ecf3915af0cdb913b8b407b76daf38af,cell-005-e6fff93be5a2,5,e6fff93be5a21704ab862bd8fbe0bc486984606406dbbc6d99f4453708642349,4,3,100,8,4,8,2,4,16,adamw,0.003,0.0,800,512,0.0,8192,0.43326014280319214,0.846435546875,0.5599386692047119,0.5458807349205017,2.9133334159851074,"[1.3977051973342896,0.9256091117858887,1.3617796897888184,0.573542058467865,1.4993391036987305,1.5900810956954956,2.1817328929901123,1.891947627067566]","[1.5949548482894897,1.4887064695358276,1.5310972929000854,1.9228968620300293,1.6552919149398804,1.9035414457321167,1.1573922634124756,1.2599214315414429]",seeds/cell-005-e6fff93be5a2/seed-4/checkpoint.pt,seeds/cell-005-e6fff93be5a2/seed-4/snapshots/step-000100.pt
1,scaling-tuned-adamw-10seeds-v1,7097b902cc3f3a43380d0b66433b0a90ecf3915af0cdb913b8b407b76daf38af,cell-005-e6fff93be5a2,5,e6fff93be5a21704ab862bd8fbe0bc486984606406dbbc6d99f4453708642349,4,4,200,8,4,8,2,4,16,adamw,0.003,0.0,800,512,0.0,8192,0.044613778591156006,0.9893798828125,0.9641473293304443,0.9493087530136108,3.05400013923645,"[1.6642223596572876,0.8241938948631287,1.584111213684082,0.6122154593467712,1.7919508218765259,1.9033401012420654,2.237656593322754,2.455500841140747]","[1.4970028400421143,1.376463770866394,1.4195271730422974,1.5923069715499878,1.5805360078811646,2.378002643585205,1.0792733430862427,1.4207748174667358]",seeds/cell-005-e6fff93be5a2/seed-4/checkpoint.pt,seeds/cell-005-e6fff93be5a2/seed-4/snapshots/step-000200.pt
1,scaling-tuned-adamw-10seeds-v1,7097b902cc3f3a43380d0b66433b0a90ecf3915af0cdb913b8b407b76daf38af,cell-005-e6fff93be5a2,5,e6fff93be5a21704ab862bd8fbe0bc486984606406dbbc6d99f4453708642349,4,5,400,8,4,8,2,4,16,adamw,0.003,0.0,800,512,0.0,8192,0.0011463337577879429,0.9998779296875,1.0001320838928223,0.9944956302642822,3.0897343158721924,"[1.6876018047332764,0.794743537902832,1.581058144569397,0.5493450164794922,1.8593010902404785,2.0954408645629883,2.2116193771362305,2.621001720428467]","[1.4060542583465576,1.3013288974761963,1.3193572759628296,1.4999221563339233,1.5312784910202026,2.455531120300293,1.0271302461624146,1.4902153015136719]",seeds/cell-005-e6fff93be5a2/seed-4/checkpoint.pt,seeds/cell-005-e6fff93be5a2/seed-4/snapshots/step-000400.pt
1,scaling-tuned-adamw-10seeds-v1,7097b902cc3f3a43380d0b66433b0a90ecf3915af0cdb913b8b407b76daf38af,cell-005-e6fff93be5a2,5,e6fff93be5a21704ab862bd8fbe0bc486984606406dbbc6d99f4453708642349,4,6,800,8,4,8,2,4,16,adamw,0.003,0.0,800,512,0.0,8192,0.0002057053497992456,1.0,1.0003247261047363,1.0013303756713867,3.084933280944824,"[1.689062476158142,0.7759492993354797,1.580807089805603,0.5381280779838562,1.8814961910247803,2.136378288269043,2.1839892864227295,2.6674013137817383]","[1.3706673383712769,1.2888405323028564,1.2845370769500732,1.4820233583450317,1.5060527324676514,2.475033760070801,0.9858464598655701,1.5350289344787598]",seeds/cell-005-e6fff93be5a2/seed-4/checkpoint.pt,seeds/cell-005-e6fff93be5a2/seed-4/snapshots/step-000800.pt
1,scaling-tuned-adamw-10seeds-v1,7097b902cc3f3a43380d0b66433b0a90ecf3915af0cdb913b8b407b76daf38af,cell-005-e6fff93be5a2,5,e6fff93be5a21704ab862bd8fbe0bc486984606406dbbc6d99f4453708642349,5,0,0,8,4,8,2,4,16,adamw,0.003,0.0,800,512,0.0,8192,1.2567102909088135,0.5250244140625,0.04304914548993111,0.033467285335063934,4.111196041107178,"[1.2505757808685303,1.0387994050979614,1.218022346496582,1.7253254652023315,1.6567081212997437,1.7057552337646484,0.6745315194129944,1.343529224395752]","[1.4105699062347412,0.8804117441177368,1.3577748537063599,1.2599397897720337,1.9037824869155884,1.1386114358901978,1.5499130487442017,1.743369221687317]",seeds/cell-005-e6fff93be5a2/seed-5/checkpoint.pt,seeds/cell-005-e6fff93be5a2/seed-5/snapshots/step-000000.pt
1,scaling-tuned-adamw-10seeds-v1,7097b902cc3f3a43380d0b66433b0a90ecf3915af0cdb913b8b407b76daf38af,cell-005-e6fff93be5a2,5,e6fff93be5a21704ab862bd8fbe0bc486984606406dbbc6d99f4453708642349,5,1,25,8,4,8,2,4,16,adamw,0.003,0.0,800,512,0.0,8192,0.7517977952957153,0.707275390625,0.2389475703239441,0.2056463360786438,4.057958126068115,"[1.3242621421813965,1.0965062379837036,1.2690714597702026,1.6564370393753052,1.7613462209701538,1.711478352546692,0.7163549065589905,1.4634077548980713]","[1.529707908630371,0.9536057710647583,1.475545883178711,1.2192978858947754,1.8553736209869385,1.1933364868164062,1.7400671243667603,1.7863898277282715]",seeds/cell-005-e6fff93be5a2/seed-5/checkpoint.pt,seeds/cell-005-e6fff93be5a2/seed-5/snapshots/step-000025.pt
1,scaling-tuned-adamw-10seeds-v1,7097b902cc3f3a43380d0b66433b0a90ecf3915af0cdb913b8b407b76daf38af,cell-005-e6fff93be5a2,5,e6fff93be5a21704ab862bd8fbe0bc486984606406dbbc6d99f4453708642349,5,2,50,8,4,8,2,4,16,adamw,0.003,0.0,800,512,0.0,8192,0.6302868127822876,0.7586669921875,0.3474549949169159,0.32704097032546997,3.7849655151367188,"[1.350813388824463,1.3242671489715576,1.344020128250122,1.640645146369934,1.7317612171173096,1.816099762916565,0.8592762351036072,1.5117074251174927]","[1.460851788520813,1.0006887912750244,1.4446266889572144,1.1906505823135376,1.8599640130996704,1.2416627407073975,1.8117612600326538,1.80156672000885]",seeds/cell-005-e6fff93be5a2/seed-5/checkpoint.pt,seeds/cell-005-e6fff93be5a2/seed-5/snapshots/step-000050.pt
1,scaling-tuned-adamw-10seeds-v1,7097b902cc3f3a43380d0b66433b0a90ecf3915af0cdb913b8b407b76daf38af,cell-005-e6fff93be5a2,5,e6fff93be5a21704ab862bd8fbe0bc486984606406dbbc6d99f4453708642349,5,3,100,8,4,8,2,4,16,adamw,0.003,0.0,800,512,0.0,8192,0.31264007091522217,0.9041748046875,0.7121813297271729,0.6868758201599121,3.361708641052246,"[1.408315896987915,1.5834921598434448,1.6821215152740479,1.6416914463043213,1.8074915409088135,2.1278371810913086,1.174745798110962,1.5533958673477173]","[1.3708789348602295,1.0118967294692993,1.3830620050430298,1.1395350694656372,1.8675665855407715,1.354221224784851,1.7512420415878296,1.7086366415023804]",seeds/cell-005-e6fff93be5a2/seed-5/checkpoint.pt,seeds/cell-005-e6fff93be5a2/seed-5/snapshots/step-000100.pt
1,scaling-tuned-adamw-10seeds-v1,7097b902cc3f3a43380d0b66433b0a90ecf3915af0cdb913b8b407b76daf38af,cell-005-e6fff93be5a2,5,e6fff93be5a21704ab862bd8fbe0bc486984606406dbbc6d99f4453708642349,5,4,200,8,4,8,2,4,16,adamw,0.003,0.0,800,512,0.0,8192,0.061898380517959595,0.98828125,0.9679948091506958,0.9461765289306641,3.312700033187866,"[1.5082145929336548,1.7182124853134155,1.993514060974121,1.6544517278671265,1.9422248601913452,2.4230809211730957,1.3857011795043945,1.706045150756836]","[1.2731159925460815,0.969309389591217,1.3484731912612915,1.1692208051681519,1.8143248558044434,1.3918603658676147,1.8538962602615356,1.5842183828353882]",seeds/cell-005-e6fff93be5a2/seed-5/checkpoint.pt,seeds/cell-005-e6fff93be5a2/seed-5/snapshots/step-000200.pt
1,scaling-tuned-adamw-10seeds-v1,7097b902cc3f3a43380d0b66433b0a90ecf3915af0cdb913b8b407b76daf38af,cell-005-e6fff93be5a2,5,e6fff93be5a21704ab862bd8fbe0bc486984606406dbbc6d99f4453708642349,5,5,400,8,4,8,2,4,16,adamw,0.003,0.0,800,512,0.0,8192,0.001951894722878933,1.0,1.0018566846847534,0.9860959649085999,3.2334790229797363,"[1.4149115085601807,1.8264949321746826,2.199449062347412,1.8073575496673584,1.9785486459732056,2.547104835510254,1.4467369318008423,1.8416783809661865]","[1.195597529411316,0.9366637468338013,1.2991729974746704,1.1657310724258423,1.7251867055892944,1.3196370601654053,1.8065937757492065,1.5908944606781006]",seeds/cell-005-e6fff93be5a2/seed-5/checkpoint.pt,seeds/cell-005-e6fff93be5a2/seed-5/snapshots/step-000400.pt
1,scaling-tuned-adamw-10seeds-v1,7097b902cc3f3a43380d0b66433b0a90ecf3915af0cdb913b8b407b76daf38af,cell-005-e6fff93be5a2,5,e6fff93be5a21704ab862bd8fbe0bc486984606406dbbc6d99f4453708642349,5,6,800,8,4,8,2,4,16,adamw,0.003,0.0,800,512,0.0,8192,0.004360539373010397,0.998779296875,0.9877055287361145,0.9715735912322998,3.156538486480713,"[1.4028055667877197,1.8462563753128052,2.21968936920166,1.890260934829712,1.9634546041488647,2.5539066791534424,1.5015755891799927,1.870408296585083]","[1.1597262620925903,0.9221925735473633,1.275993824005127,1.1760027408599854,1.6919902563095093,1.2621257305145264,1.7831525802612305,1.6014975309371948]",seeds/cell-005-e6fff93be5a2/seed-5/checkpoint.pt,seeds/cell-005-e6fff93be5a2/seed-5/snapshots/step-000800.pt
1,scaling-tuned-adamw-10seeds-v1,7097b902cc3f3a43380d0b66433b0a90ecf3915af0cdb913b8b407b76daf38af,cell-005-e6fff93be5a2,5,e6fff93be5a21704ab862bd8fbe0bc486984606406dbbc6d99f4453708642349,6,0,0,8,4,8,2,4,16,adamw,0.003,0.0,800,512,0.0,8192,1.5349795818328857,0.550537109375,0.16696693003177643,0.11983703821897507,3.8177378177642822,"[1.5766932964324951,1.322231650352478,0.6384757161140442,1.4302042722702026,1.8458489179611206,1.3728629350662231,1.1072547435760498,0.85174560546875]","[1.826013207435608,1.1641122102737427,1.3752515316009521,1.702332854270935,2.1676251888275146,1.9592630863189697,1.3304411172866821,1.2933974266052246]",seeds/cell-005-e6fff93be5a2/seed-6/checkpoint.pt,seeds/cell-005-e6fff93be5a2/seed-6/snapshots/step-000000.pt
1,scaling-tuned-adamw-10seeds-v1,7097b902cc3f3a43380d0b66433b0a90ecf3915af0cdb913b8b407b76daf38af,cell-005-e6fff93be5a2,5,e6fff93be5a21704ab862bd8fbe0bc486984606406dbbc6d99f4453708642349,6,1,25,8,4,8,2,4,16,adamw,0.003,0.0,800,512,0.0,8192,0.7163156867027283,0.7315673828125,0.2586091160774231,0.22880861163139343,3.7340617179870605,"[1.5745278596878052,1.4635981321334839,0.6462670564651489,1.510391354560852,1.820082426071167,1.3523876667022705,1.1492410898208618,0.9134877920150757]","[1.8545538187026978,1.2785202264785767,1.4202640056610107,1.8132100105285645,2.1210293769836426,2.039997100830078,1.3568757772445679,1.338087797164917]",seeds/cell-005-e6fff93be5a2/seed-6/checkpoint.pt,seeds/cell-005-e6fff93be5a2/seed-6/snapshots/step-000025.pt
1,scaling-tuned-adamw-10seeds-v1,7097b902cc3f3a43380d0b66433b0a90ecf3915af0cdb913b8b407b76daf38af,cell-005-e6fff93be5a2,5,e6fff93be5a21704ab862bd8fbe0bc486984606406dbbc6d99f4453708642349,6,2,50,8,4,8,2,4,16,adamw,0.003,0.0,800,512,0.0,8192,0.5937604904174805,0.786865234375,0.3903760313987732,0.3808075189590454,3.650362730026245,"[1.6024020910263062,1.6491508483886719,0.7258408069610596,1.7269937992095947,1.8897534608840942,1.3558025360107422,1.216352105140686,0.941949725151062]","[1.8182497024536133,1.3661779165267944,1.4183493852615356,1.8959184885025024,2.101738214492798,2.041750192642212,1.3769673109054565,1.336445927619934]",seeds/cell-005-e6fff93be5a2/seed-6/checkpoint.pt,seeds/cell-005-e6fff93be5a2/seed-6/snapshots/step-000050.pt
1,scaling-tuned-adamw-10seeds-v1,7097b902cc3f3a43380d0b66433b0a90ecf3915af0cdb913b8b407b76daf38af,cell-005-e6fff93be5a2,5,e6fff93be5a21704ab862bd8fbe0bc486984606406dbbc6d99f4453708642349,6,3,100,8,4,8,2,4,16,adamw,0.003,0.0,800,512,0.0,8192,0.26749464869499207,0.912841796875,0.7173994183540344,0.7348213791847229,3.595377206802368,"[1.7925077676773071,2.0389952659606934,1.3148747682571411,2.0755720138549805,1.954380989074707,1.4397406578063965,1.063909888267517,1.0988714694976807]","[1.8439719676971436,1.4958534240722656,1.4381742477416992,1.8603531122207642,2.110180139541626,1.9441988468170166,1.3715463876724243,1.3144075870513916]",seeds/cell-005-e6fff93be5a2/seed-6/checkpoint.pt,seeds/cell-005-e6fff93be5a2/seed-6/snapshots/step-000100.pt
1,scaling-tuned-adamw-10seeds-v1,7097b902cc3f3a43380d0b66433b0a90ecf3915af0cdb913b8b407b76daf38af,cell-005-e6fff93be5a2,5,e6fff93be5a21704ab862bd8fbe0bc486984606406dbbc6d99f4453708642349,6,4,200,8,4,8,2,4,16,adamw,0.003,0.0,800,512,0.0,8192,0.010815151035785675,0.999267578125,0.9915746450424194,0.9971718788146973,3.582786798477173,"[1.9408272504806519,2.3122599124908447,1.863346815109253,2.4502155780792236,1.897649884223938,1.4394667148590088,1.105997085571289,1.1915059089660645]","[1.6510604619979858,1.375051498413086,1.426021695137024,2.0308897495269775,2.117121696472168,1.7841850519180298,1.3401910066604614,1.2896709442138672]",seeds/cell-005-e6fff93be5a2/seed-6/checkpoint.pt,seeds/cell-005-e6fff93be5a2/seed-6/snapshots/step-000200.pt
1,scaling-tuned-adamw-10seeds-v1,7097b902cc3f3a43380d0b66433b0a90ecf3915af0cdb913b8b407b76daf38af,cell-005-e6fff93be5a2,5,e6fff93be5a21704ab862bd8fbe0bc486984606406dbbc6d99f4453708642349,6,5,400,8,4,8,2,4,16,adamw,0.003,0.0,800,512,0.0,8192,0.0011924596037715673,1.0,0.9994170665740967,1.0050930976867676,3.5525941848754883,"[2.006398916244507,2.424710273742676,1.9422045946121216,2.5754311084747314,1.8742504119873047,1.438616394996643,1.1538583040237427,1.2271546125411987]","[1.5855733156204224,1.3436576128005981,1.4148355722427368,2.0724518299102783,2.1183254718780518,1.7689777612686157,1.3072938919067383,1.2836464643478394]",seeds/cell-005-e6fff93be5a2/seed-6/checkpoint.pt,seeds/cell-005-e6fff93be5a2/seed-6/snapshots/step-000400.pt
1,scaling-tuned-adamw-10seeds-v1,7097b902cc3f3a43380d0b66433b0a90ecf3915af0cdb913b8b407b76daf38af,cell-005-e6fff93be5a2,5,e6fff93be5a21704ab862bd8fbe0bc486984606406dbbc6d99f4453708642349,6,6,800,8,4,8,2,4,16,adamw,0.003,0.0,800,512,0.0,8192,0.0003261769306845963,1.0,0.9995990991592407,1.0033679008483887,3.526175022125244,"[2.005063533782959,2.4493956565856934,1.9593639373779297,2.5857162475585938,1.8497543334960938,1.4546834230422974,1.2147525548934937,1.217636227607727]","[1.5480786561965942,1.3347982168197632,1.4123411178588867,2.083815336227417,2.0442700386047363,1.7585066556930542,1.295110821723938,1.2807090282440186]",seeds/cell-005-e6fff93be5a2/seed-6/checkpoint.pt,seeds/cell-005-e6fff93be5a2/seed-6/snapshots/step-000800.pt
1,scaling-tuned-adamw-10seeds-v1,7097b902cc3f3a43380d0b66433b0a90ecf3915af0cdb913b8b407b76daf38af,cell-005-e6fff93be5a2,5,e6fff93be5a21704ab862bd8fbe0bc486984606406dbbc6d99f4453708642349,7,0,0,8,4,8,2,4,16,adamw,0.003,0.0,800,512,0.0,8192,2.129753351211548,0.4942626953125,-0.04676345735788345,-0.12043964862823486,3.3848328590393066,"[1.4854276180267334,1.3664602041244507,1.1462535858154297,1.211802363395691,1.2637368440628052,1.1008409261703491,1.3172694444656372,1.7357332706451416]","[1.3679765462875366,1.1980839967727661,1.3676209449768066,0.9964849948883057,1.202711582183838,1.5466737747192383,1.5157244205474854,1.215304970741272]",seeds/cell-005-e6fff93be5a2/seed-7/checkpoint.pt,seeds/cell-005-e6fff93be5a2/seed-7/snapshots/step-000000.pt
1,scaling-tuned-adamw-10seeds-v1,7097b902cc3f3a43380d0b66433b0a90ecf3915af0cdb913b8b407b76daf38af,cell-005-e6fff93be5a2,5,e6fff93be5a21704ab862bd8fbe0bc486984606406dbbc6d99f4453708642349,7,1,25,8,4,8,2,4,16,adamw,0.003,0.0,800,512,0.0,8192,0.8149380683898926,0.6695556640625,0.17177757620811462,0.10481683909893036,3.3014650344848633,"[1.4981968402862549,1.3010320663452148,1.1406190395355225,1.2504950761795044,1.2542294263839722,1.173741102218628,1.4644818305969238,1.8567214012145996]","[1.3690526485443115,1.1269288063049316,1.3805770874023438,1.0035709142684937,1.2715537548065186,1.4687714576721191,1.5383033752441406,1.264786958694458]",seeds/cell-005-e6fff93be5a2/seed-7/checkpoint.pt,seeds/cell-005-e6fff93be5a2/seed-7/snapshots/step-000025.pt
1,scaling-tuned-adamw-10seeds-v1,7097b902cc3f3a43380d0b66433b0a90ecf3915af0cdb913b8b407b76daf38af,cell-005-e6fff93be5a2,5,e6fff93be5a21704ab862bd8fbe0bc486984606406dbbc6d99f4453708642349,7,2,50,8,4,8,2,4,16,adamw,0.003,0.0,800,512,0.0,8192,0.7234348654747009,0.7156982421875,0.2648242712020874,0.205305278301239,3.2614405155181885,"[1.5058326721191406,1.2957192659378052,1.1431607007980347,1.2565765380859375,1.2680892944335938,1.189050316810608,1.4562861919403076,1.907914638519287]","[1.369958519935608,1.1129522323608398,1.404571771621704,1.0371661186218262,1.3008031845092773,1.4715832471847534,1.5286868810653687,1.2587149143218994]",seeds/cell-005-e6fff93be5a2/seed-7/checkpoint.pt,seeds/cell-005-e6fff93be5a2/seed-7/snapshots/step-000050.pt
1,scaling-tuned-adamw-10seeds-v1,7097b902cc3f3a43380d0b66433b0a90ecf3915af0cdb913b8b407b76daf38af,cell-005-e6fff93be5a2,5,e6fff93be5a21704ab862bd8fbe0bc486984606406dbbc6d99f4453708642349,7,3,100,8,4,8,2,4,16,adamw,0.003,0.0,800,512,0.0,8192,0.40378478169441223,0.8714599609375,0.5843003988265991,0.5519101619720459,3.322456121444702,"[1.7096271514892578,1.6057785749435425,1.307441234588623,1.4244834184646606,1.3746861219406128,1.2161580324172974,1.3921717405319214,2.0737931728363037]","[1.3482410907745361,1.1255574226379395,1.4216526746749878,1.0923258066177368,1.3494861125946045,1.4772534370422363,1.4551966190338135,1.250546932220459]",seeds/cell-005-e6fff93be5a2/seed-7/checkpoint.pt,seeds/cell-005-e6fff93be5a2/seed-7/snapshots/step-000100.pt
1,scaling-tuned-adamw-10seeds-v1,7097b902cc3f3a43380d0b66433b0a90ecf3915af0cdb913b8b407b76daf38af,cell-005-e6fff93be5a2,5,e6fff93be5a21704ab862bd8fbe0bc486984606406dbbc6d99f4453708642349,7,4,200,8,4,8,2,4,16,adamw,0.003,0.0,800,512,0.0,8192,0.027425164356827736,0.999267578125,0.9898544549942017,0.9801052808761597,3.212470054626465,"[2.1225504875183105,1.7660222053527832,1.686747431755066,1.670769214630127,1.4091618061065674,1.1993600130081177,1.3011901378631592,2.488016366958618]","[1.3156459331512451,0.9447872042655945,1.423304796218872,1.1006135940551758,1.3428231477737427,1.4518612623214722,1.2910054922103882,1.2790284156799316]",seeds/cell-005-e6fff93be5a2/seed-7/checkpoint.pt,seeds/cell-005-e6fff93be5a2/seed-7/snapshots/step-000200.pt
1,scaling-tuned-adamw-10seeds-v1,7097b902cc3f3a43380d0b66433b0a90ecf3915af0cdb913b8b407b76daf38af,cell-005-e6fff93be5a2,5,e6fff93be5a21704ab862bd8fbe0bc486984606406dbbc6d99f4453708642349,7,5,400,8,4,8,2,4,16,adamw,0.003,0.0,800,512,0.0,8192,0.0016860398463904858,1.0,1.0003286600112915,0.9975723028182983,3.179816246032715,"[2.2360622882843018,1.8891938924789429,1.86742103099823,1.7649421691894531,1.382570743560791,1.1637786626815796,1.2792258262634277,2.5268166065216064]","[1.3098804950714111,0.9130426049232483,1.3864401578903198,1.098262906074524,1.2847330570220947,1.3862414360046387,1.2563115358352661,1.3120285272598267]",seeds/cell-005-e6fff93be5a2/seed-7/checkpoint.pt,seeds/cell-005-e6fff93be5a2/seed-7/snapshots/step-000400.pt
1,scaling-tuned-adamw-10seeds-v1,7097b902cc3f3a43380d0b66433b0a90ecf3915af0cdb913b8b407b76daf38af,cell-005-e6fff93be5a2,5,e6fff93be5a21704ab862bd8fbe0bc486984606406dbbc6d99f4453708642349,7,6,800,8,4,8,2,4,16,adamw,0.003,0.0,800,512,0.0,8192,0.0003985905204899609,1.0,1.0008511543273926,0.9995680451393127,3.160536766052246,"[2.2876648902893066,1.9505932331085205,1.9228142499923706,1.791374921798706,1.3778728246688843,1.151347041130066,1.2580156326293945,2.5494604110717773]","[1.309768557548523,0.9088795185089111,1.3641371726989746,1.0847060680389404,1.260786533355713,1.3599169254302979,1.239035725593567,1.320762276649475]",seeds/cell-005-e6fff93be5a2/seed-7/checkpoint.pt,seeds/cell-005-e6fff93be5a2/seed-7/snapshots/step-000800.pt
1,scaling-tuned-adamw-10seeds-v1,7097b902cc3f3a43380d0b66433b0a90ecf3915af0cdb913b8b407b76daf38af,cell-005-e6fff93be5a2,5,e6fff93be5a21704ab862bd8fbe0bc486984606406dbbc6d99f4453708642349,8,0,0,8,4,8,2,4,16,adamw,0.003,0.0,800,512,0.0,8192,1.3213566541671753,0.4808349609375,-0.057679928839206696,-0.04615209251642227,3.679807662963867,"[1.6235589981079102,1.9527688026428223,1.4107699394226074,1.02610182762146,0.9645844101905823,1.5910719633102417,1.0061761140823364,1.1316968202590942]","[1.099367618560791,2.0572283267974854,0.980893611907959,2.0543835163116455,1.5645233392715454,1.8816169500350952,0.7643855214118958,1.2955198287963867]",seeds/cell-005-e6fff93be5a2/seed-8/checkpoint.pt,seeds/cell-005-e6fff93be5a2/seed-8/snapshots/step-000000.pt
1,scaling-tuned-adamw-10seeds-v1,7097b902cc3f3a43380d0b66433b0a90ecf3915af0cdb913b8b407b76daf38af,cell-005-e6fff93be5a2,5,e6fff93be5a21704ab862bd8fbe0bc486984606406dbbc6d99f4453708642349,8,1,25,8,4,8,2,4,16,adamw,0.003,0.0,800,512,0.0,8192,0.7824081182479858,0.6949462890625,0.22393956780433655,0.18782447278499603,3.6852941513061523,"[1.6615338325500488,1.8463267087936401,1.4854872226715088,1.1294513940811157,0.8819228410720825,1.534824013710022,0.9296095371246338,1.1575018167495728]","[1.0878403186798096,2.023613929748535,0.9935657382011414,2.037571907043457,1.4856563806533813,2.0405020713806152,0.7595989108085632,1.309984564781189]",seeds/cell-005-e6fff93be5a2/seed-8/checkpoint.pt,seeds/cell-005-e6fff93be5a2/seed-8/snapshots/step-000025.pt
1,scaling-tuned-adamw-10seeds-v1,7097b902cc3f3a43380d0b66433b0a90ecf3915af0cdb913b8b407b76daf38af,cell-005-e6fff93be5a2,5,e6fff93be5a21704ab862bd8fbe0bc486984606406dbbc6d99f4453708642349,8,2,50,8,4,8,2,4,16,adamw,0.003,0.0,800,512,0.0,8192,0.6301012635231018,0.7684326171875,0.350541889667511,0.3111865520477295,3.73866868019104,"[1.6610134840011597,1.8341588973999023,1.5529077053070068,1.1702375411987305,0.8980132341384888,1.5363516807556152,0.9483258128166199,1.1973350048065186]","[1.1457825899124146,2.022162437438965,1.0023552179336548,2.028346538543701,1.5175269842147827,2.0222694873809814,0.759899914264679,1.342566967010498]",seeds/cell-005-e6fff93be5a2/seed-8/checkpoint.pt,seeds/cell-005-e6fff93be5a2/seed-8/snapshots/step-000050.pt
1,scaling-tuned-adamw-10seeds-v1,7097b902cc3f3a43380d0b66433b0a90ecf3915af0cdb913b8b407b76daf38af,cell-005-e6fff93be5a2,5,e6fff93be5a21704ab862bd8fbe0bc486984606406dbbc6d99f4453708642349,8,3,100,8,4,8,2,4,16,adamw,0.003,0.0,800,512,0.0,8192,0.24259905517101288,0.9154052734375,0.7762137651443481,0.7374517321586609,3.8827643394470215,"[1.6953976154327393,1.7168840169906616,1.6119725704193115,1.40274178981781,0.9307733774185181,1.6270380020141602,1.0195623636245728,1.3031296730041504]","[1.2320677042007446,1.828670859336853,1.119489073753357,1.9365583658218384,1.5217180252075195,2.0873830318450928,0.7957369089126587,1.3260750770568848]",seeds/cell-005-e6fff93be5a2/seed-8/checkpoint.pt,seeds/cell-005-e6fff93be5a2/seed-8/snapshots/step-000100.pt
1,scaling-tuned-adamw-10seeds-v1,7097b902cc3f3a43380d0b66433b0a90ecf3915af0cdb913b8b407b76daf38af,cell-005-e6fff93be5a2,5,e6fff93be5a21704ab862bd8fbe0bc486984606406dbbc6d99f4453708642349,8,4,200,8,4,8,2,4,16,adamw,0.003,0.0,800,512,0.0,8192,0.012305015698075294,0.9976806640625,0.9974130392074585,0.9865559935569763,3.8630967140197754,"[1.774747371673584,1.762372612953186,1.8690751791000366,1.5200263261795044,1.0922495126724243,1.6981626749038696,1.0429611206054688,1.2391395568847656]","[1.1875267028808594,1.6306909322738647,1.0709154605865479,1.8394325971603394,1.6095080375671387,2.1239047050476074,0.8292385339736938,1.249533772468567]",seeds/cell-005-e6fff93be5a2/seed-8/checkpoint.pt,seeds/cell-005-e6fff93be5a2/seed-8/snapshots/step-000200.pt
1,scaling-tuned-adamw-10seeds-v1,7097b902cc3f3a43380d0b66433b0a90ecf3915af0cdb913b8b407b76daf38af,cell-005-e6fff93be5a2,5,e6fff93be5a21704ab862bd8fbe0bc486984606406dbbc6d99f4453708642349,8,5,400,8,4,8,2,4,16,adamw,0.003,0.0,800,512,0.0,8192,0.0009386246092617512,0.9998779296875,1.0020785331726074,0.9936479330062866,3.8686184883117676,"[1.843615174293518,1.7861597537994385,1.926867961883545,1.5852530002593994,1.1023870706558228,1.763434648513794,1.066300868988037,1.212861180305481]","[1.191859483718872,1.604877233505249,1.0454989671707153,1.8423510789871216,1.6217743158340454,2.076702117919922,0.8305259943008423,1.1530522108078003]",seeds/cell-005-e6fff93be5a2/seed-8/checkpoint.pt,seeds/cell-005-e6fff93be5a2/seed-8/snapshots/step-000400.pt
1,scaling-tuned-adamw-10seeds-v1,7097b902cc3f3a43380d0b66433b0a90ecf3915af0cdb913b8b407b76daf38af,cell-005-e6fff93be5a2,5,e6fff93be5a21704ab862bd8fbe0bc486984606406dbbc6d99f4453708642349,8,6,800,8,4,8,2,4,16,adamw,0.003,0.0,800,512,0.0,8192,0.00017116576782427728,1.0,1.0001250505447388,0.9923007488250732,3.850975751876831,"[1.8517900705337524,1.796766757965088,1.955112338066101,1.6055246591567993,1.1202160120010376,1.7903293371200562,1.077983021736145,1.2035889625549316]","[1.183472752571106,1.570566177368164,1.0366102457046509,1.8394694328308105,1.631500244140625,2.0469536781311035,0.8210932016372681,1.0974980592727661]",seeds/cell-005-e6fff93be5a2/seed-8/checkpoint.pt,seeds/cell-005-e6fff93be5a2/seed-8/snapshots/step-000800.pt
1,scaling-tuned-adamw-10seeds-v1,7097b902cc3f3a43380d0b66433b0a90ecf3915af0cdb913b8b407b76daf38af,cell-005-e6fff93be5a2,5,e6fff93be5a21704ab862bd8fbe0bc486984606406dbbc6d99f4453708642349,9,0,0,8,4,8,2,4,16,adamw,0.003,0.0,800,512,0.0,8192,1.493896245956421,0.4483642578125,-0.08614956587553024,-0.051871780306100845,4.17215633392334,"[1.1317113637924194,1.843375325202942,1.4206769466400146,1.0515161752700806,1.6718889474868774,1.6019237041473389,0.7300750613212585,1.0796546936035156]","[1.0546743869781494,1.513481616973877,0.775062084197998,1.7518857717514038,1.3842408657073975,1.872563123703003,1.1856756210327148,1.1157186031341553]",seeds/cell-005-e6fff93be5a2/seed-9/checkpoint.pt,seeds/cell-005-e6fff93be5a2/seed-9/snapshots/step-000000.pt
1,scaling-tuned-adamw-10seeds-v1,7097b902cc3f3a43380d0b66433b0a90ecf3915af0cdb913b8b407b76daf38af,cell-005-e6fff93be5a2,5,e6fff93be5a21704ab862bd8fbe0bc486984606406dbbc6d99f4453708642349,9,1,25,8,4,8,2,4,16,adamw,0.003,0.0,800,512,0.0,8192,0.7874125838279724,0.689453125,0.20416924357414246,0.18426066637039185,4.090068340301514,"[1.1573729515075684,1.753767967224121,1.4800477027893066,1.0766788721084595,1.7061125040054321,1.577575922012329,0.801566481590271,1.1030850410461426]","[1.0581670999526978,1.4324078559875488,0.7307249903678894,1.8250311613082886,1.3354814052581787,1.91977858543396,1.1846622228622437,1.0989596843719482]",seeds/cell-005-e6fff93be5a2/seed-9/checkpoint.pt,seeds/cell-005-e6fff93be5a2/seed-9/snapshots/step-000025.pt
1,scaling-tuned-adamw-10seeds-v1,7097b902cc3f3a43380d0b66433b0a90ecf3915af0cdb913b8b407b76daf38af,cell-005-e6fff93be5a2,5,e6fff93be5a21704ab862bd8fbe0bc486984606406dbbc6d99f4453708642349,9,2,50,8,4,8,2,4,16,adamw,0.003,0.0,800,512,0.0,8192,0.7075042724609375,0.722900390625,0.2797788083553314,0.2726576328277588,4.065335273742676,"[1.2084578275680542,1.708630084991455,1.5199896097183228,1.0991183519363403,1.6571818590164185,1.5922359228134155,0.8783801794052124,1.1834725141525269]","[1.112763524055481,1.365910291671753,0.7317777276039124,1.898629903793335,1.2838059663772583,1.9871667623519897,1.16415536403656,1.0888144969940186]",seeds/cell-005-e6fff93be5a2/seed-9/checkpoint.pt,seeds/cell-005-e6fff93be5a2/seed-9/snapshots/step-000050.pt
1,scaling-tuned-adamw-10seeds-v1,7097b902cc3f3a43380d0b66433b0a90ecf3915af0cdb913b8b407b76daf38af,cell-005-e6fff93be5a2,5,e6fff93be5a21704ab862bd8fbe0bc486984606406dbbc6d99f4453708642349,9,3,100,8,4,8,2,4,16,adamw,0.003,0.0,800,512,0.0,8192,0.5726836919784546,0.7889404296875,0.40119796991348267,0.396661639213562,3.843254566192627,"[1.398287296295166,1.8172630071640015,1.5687388181686401,1.1899620294570923,1.589627981185913,1.5634995698928833,0.9138542413711548,1.3989677429199219]","[1.1321972608566284,1.3962037563323975,0.7640208601951599,1.9189602136611938,1.2413134574890137,1.9636454582214355,1.1272526979446411,1.182625651359558]",seeds/cell-005-e6fff93be5a2/seed-9/checkpoint.pt,seeds/cell-005-e6fff93be5a2/seed-9/snapshots/step-000100.pt
1,scaling-tuned-adamw-10seeds-v1,7097b902cc3f3a43380d0b66433b0a90ecf3915af0cdb913b8b407b76daf38af,cell-005-e6fff93be5a2,5,e6fff93be5a21704ab862bd8fbe0bc486984606406dbbc6d99f4453708642349,9,4,200,8,4,8,2,4,16,adamw,0.003,0.0,800,512,0.0,8192,0.14329299330711365,0.9552001953125,0.8792979717254639,0.9000789523124695,3.8193252086639404,"[1.9907430410385132,2.187546491622925,1.6224298477172852,1.7103763818740845,1.5379648208618164,1.4301973581314087,0.9607359766960144,1.6790493726730347]","[1.1721830368041992,1.4389307498931885,0.7578384280204773,1.9012941122055054,1.180016040802002,1.6745787858963013,1.102392554283142,1.2745530605316162]",seeds/cell-005-e6fff93be5a2/seed-9/checkpoint.pt,seeds/cell-005-e6fff93be5a2/seed-9/snapshots/step-000200.pt
1,scaling-tuned-adamw-10seeds-v1,7097b902cc3f3a43380d0b66433b0a90ecf3915af0cdb913b8b407b76daf38af,cell-005-e6fff93be5a2,5,e6fff93be5a21704ab862bd8fbe0bc486984606406dbbc6d99f4453708642349,9,5,400,8,4,8,2,4,16,adamw,0.003,0.0,800,512,0.0,8192,0.0011102177668362856,1.0,1.000449776649475,0.9979715347290039,3.991892099380493,"[2.1635098457336426,2.2872023582458496,1.5615516901016235,2.112285614013672,1.417007327079773,1.3973881006240845,0.934134304523468,1.6149623394012451]","[1.1563689708709717,1.3631386756896973,0.6841257810592651,1.9720203876495361,1.2069830894470215,1.6191051006317139,1.1358273029327393,1.180964469909668]",seeds/cell-005-e6fff93be5a2/seed-9/checkpoint.pt,seeds/cell-005-e6fff93be5a2/seed-9/snapshots/step-000400.pt
1,scaling-tuned-adamw-10seeds-v1,7097b902cc3f3a43380d0b66433b0a90ecf3915af0cdb913b8b407b76daf38af,cell-005-e6fff93be5a2,5,e6fff93be5a21704ab862bd8fbe0bc486984606406dbbc6d99f4453708642349,9,6,800,8,4,8,2,4,16,adamw,0.003,0.0,800,512,0.0,8192,0.00023682050232309848,1.0,0.9997153878211975,0.9977390766143799,3.997356653213501,"[2.1749846935272217,2.2871668338775635,1.5325782299041748,2.1355490684509277,1.370005488395691,1.3848545551300049,0.9170150756835938,1.5948814153671265]","[1.1336910724639893,1.3524006605148315,0.6681041121482849,1.9699453115463257,1.1976505517959595,1.5857784748077393,1.1235588788986206,1.1600981950759888]",seeds/cell-005-e6fff93be5a2/seed-9/checkpoint.pt,seeds/cell-005-e6fff93be5a2/seed-9/snapshots/step-000800.pt
1,scaling-tuned-adamw-10seeds-v1,7097b902cc3f3a43380d0b66433b0a90ecf3915af0cdb913b8b407b76daf38af,cell-006-f100eb25da99,6,f100eb25da994c257223680ebecfb27e2b95bfdc5823e2dce6017282e42b2f5b,0,0,0,32,4,8,2,1,16,adamw,0.003,0.0,800,512,0.0,8192,1.1546519994735718,0.5718994140625,0.12113602459430695,0.1078314483165741,6.338072776794434,"[3.110140800476074,2.8845436573028564]","[2.6110267639160156,2.915593147277832]",seeds/cell-006-f100eb25da99/seed-0/checkpoint.pt,seeds/cell-006-f100eb25da99/seed-0/snapshots/step-000000.pt
1,scaling-tuned-adamw-10seeds-v1,7097b902cc3f3a43380d0b66433b0a90ecf3915af0cdb913b8b407b76daf38af,cell-006-f100eb25da99,6,f100eb25da994c257223680ebecfb27e2b95bfdc5823e2dce6017282e42b2f5b,0,1,25,32,4,8,2,1,16,adamw,0.003,0.0,800,512,0.0,8192,0.7907189726829529,0.681640625,0.21114897727966309,0.17736414074897766,6.175588607788086,"[3.0061752796173096,2.7964773178100586]","[2.618143081665039,3.0947821140289307]",seeds/cell-006-f100eb25da99/seed-0/checkpoint.pt,seeds/cell-006-f100eb25da99/seed-0/snapshots/step-000025.pt
1,scaling-tuned-adamw-10seeds-v1,7097b902cc3f3a43380d0b66433b0a90ecf3915af0cdb913b8b407b76daf38af,cell-006-f100eb25da99,6,f100eb25da994c257223680ebecfb27e2b95bfdc5823e2dce6017282e42b2f5b,0,2,50,32,4,8,2,1,16,adamw,0.003,0.0,800,512,0.0,8192,0.6728236675262451,0.7391357421875,0.3295954763889313,0.322763055562973,5.75416374206543,"[3.080477476119995,3.011420249938965]","[2.669844150543213,3.0833046436309814]",seeds/cell-006-f100eb25da99/seed-0/checkpoint.pt,seeds/cell-006-f100eb25da99/seed-0/snapshots/step-000050.pt
1,scaling-tuned-adamw-10seeds-v1,7097b902cc3f3a43380d0b66433b0a90ecf3915af0cdb913b8b407b76daf38af,cell-006-f100eb25da99,6,f100eb25da994c257223680ebecfb27e2b95bfdc5823e2dce6017282e42b2f5b,0,3,100,32,4,8,2,1,16,adamw,0.003,0.0,800,512,0.0,8192,0.34843236207962036,0.8851318359375,0.67330002784729,0.6758589744567871,4.9041008949279785,"[3.912679672241211,3.654618263244629]","[2.675874710083008,2.8950846195220947]",seeds/cell-006-f100eb25da99/seed-0/checkpoint.pt,seeds/cell-006-f100eb25da99/seed-0/snapshots/step-000100.pt
1,scaling-tuned-adamw-10seeds-v1,7097b902cc3f3a43380d0b66433b0a90ecf3915af0cdb913b8b407b76daf38af,cell-006-f100eb25da99,6,f100eb25da994c257223680ebecfb27e2b95bfdc5823e2dce6017282e42b2f5b,0,4,200,32,4,8,2,1,16,adamw,0.003,0.0,800,512,0.0,8192,0.028935225680470467,0.9915771484375,0.9902486801147461,1.0027333498001099,4.77798318862915,"[5.072484970092773,4.201026439666748]","[2.499293804168701,2.7070271968841553]",seeds/cell-006-f100eb25da99/seed-0/checkpoint.pt,seeds/cell-006-f100eb25da99/seed-0/snapshots/step-000200.pt
1,scaling-tuned-adamw-10seeds-v1,7097b902cc3f3a43380d0b66433b0a90ecf3915af0cdb913b8b407b76daf38af,cell-006-f100eb25da99,6,f100eb25da994c257223680ebecfb27e2b95bfdc5823e2dce6017282e42b2f5b,0,5,400,32,4,8,2,1,16,adamw,0.003,0.0,800,512,0.0,8192,0.0021089930087327957,0.99951171875,0.9982006549835205,1.0109400749206543,4.859843730926514,"[5.438529968261719,4.355917930603027]","[2.5316872596740723,2.6743555068969727]",seeds/cell-006-f100eb25da99/seed-0/checkpoint.pt,seeds/cell-006-f100eb25da99/seed-0/snapshots/step-000400.pt
1,scaling-tuned-adamw-10seeds-v1,7097b902cc3f3a43380d0b66433b0a90ecf3915af0cdb913b8b407b76daf38af,cell-006-f100eb25da99,6,f100eb25da994c257223680ebecfb27e2b95bfdc5823e2dce6017282e42b2f5b,0,6,800,32,4,8,2,1,16,adamw,0.003,0.0,800,512,0.0,8192,0.0008589808130636811,0.9998779296875,0.9998214244842529,1.0128350257873535,4.872373104095459,"[5.712474822998047,4.4820556640625]","[2.6040775775909424,2.6842200756073]",seeds/cell-006-f100eb25da99/seed-0/checkpoint.pt,seeds/cell-006-f100eb25da99/seed-0/snapshots/step-000800.pt
1,scaling-tuned-adamw-10seeds-v1,7097b902cc3f3a43380d0b66433b0a90ecf3915af0cdb913b8b407b76daf38af,cell-006-f100eb25da99,6,f100eb25da994c257223680ebecfb27e2b95bfdc5823e2dce6017282e42b2f5b,1,0,0,32,4,8,2,1,16,adamw,0.003,0.0,800,512,0.0,8192,2.117457866668701,0.5020751953125,0.01377760898321867,0.012032058089971542,6.356571674346924,"[3.139782428741455,3.109893798828125]","[2.4785330295562744,2.4728314876556396]",seeds/cell-006-f100eb25da99/seed-1/checkpoint.pt,seeds/cell-006-f100eb25da99/seed-1/snapshots/step-000000.pt
1,scaling-tuned-adamw-10seeds-v1,7097b902cc3f3a43380d0b66433b0a90ecf3915af0cdb913b8b407b76daf38af,cell-006-f100eb25da99,6,f100eb25da994c257223680ebecfb27e2b95bfdc5823e2dce6017282e42b2f5b,1,1,25,32,4,8,2,1,16,adamw,0.003,0.0,800,512,0.0,8192,0.9053897857666016,0.6185302734375,0.10193173587322235,0.1097220852971077,6.218669414520264,"[3.1768686771392822,3.0349488258361816]","[2.592918634414673,2.633697032928467]",seeds/cell-006-f100eb25da99/seed-1/checkpoint.pt,seeds/cell-006-f100eb25da99/seed-1/snapshots/step-000025.pt
1,scaling-tuned-adamw-10seeds-v1,7097b902cc3f3a43380d0b66433b0a90ecf3915af0cdb913b8b407b76daf38af,cell-006-f100eb25da99,6,f100eb25da994c257223680ebecfb27e2b95bfdc5823e2dce6017282e42b2f5b,1,2,50,32,4,8,2,1,16,adamw,0.003,0.0,800,512,0.0,8192,0.7880806922912598,0.6866455078125,0.2095876932144165,0.2134752720594406,6.119263172149658,"[3.2691643238067627,2.9815096855163574]","[2.559685468673706,2.7820634841918945]",seeds/cell-006-f100eb25da99/seed-1/checkpoint.pt,seeds/cell-006-f100eb25da99/seed-1/snapshots/step-000050.pt
1,scaling-tuned-adamw-10seeds-v1,7097b902cc3f3a43380d0b66433b0a90ecf3915af0cdb913b8b407b76daf38af,cell-006-f100eb25da99,6,f100eb25da994c257223680ebecfb27e2b95bfdc5823e2dce6017282e42b2f5b,1,3,100,32,4,8,2,1,16,adamw,0.003,0.0,800,512,0.0,8192,0.5471597909927368,0.799560546875,0.4697921872138977,0.47792404890060425,5.736593723297119,"[3.6377499103546143,3.5162479877471924]","[2.4599416255950928,3.16359806060791]",seeds/cell-006-f100eb25da99/seed-1/checkpoint.pt,seeds/cell-006-f100eb25da99/seed-1/snapshots/step-000100.pt
1,scaling-tuned-adamw-10seeds-v1,7097b902cc3f3a43380d0b66433b0a90ecf3915af0cdb913b8b407b76daf38af,cell-006-f100eb25da99,6,f100eb25da994c257223680ebecfb27e2b95bfdc5823e2dce6017282e42b2f5b,1,4,200,32,4,8,2,1,16,adamw,0.003,0.0,800,512,0.0,8192,0.10177380591630936,0.975830078125,0.9331294298171997,0.9365957379341125,5.163691997528076,"[3.858391523361206,4.985505104064941]","[2.0593292713165283,3.725557565689087]",seeds/cell-006-f100eb25da99/seed-1/checkpoint.pt,seeds/cell-006-f100eb25da99/seed-1/snapshots/step-000200.pt
1,scaling-tuned-adamw-10seeds-v1,7097b902cc3f3a43380d0b66433b0a90ecf3915af0cdb913b8b407b76daf38af,cell-006-f100eb25da99,6,f100eb25da994c257223680ebecfb27e2b95bfdc5823e2dce6017282e42b2f5b,1,5,400,32,4,8,2,1,16,adamw,0.003,0.0,800,512,0.0,8192,0.002641459461301565,0.9998779296875,0.9997995495796204,1.0023086071014404,4.91583776473999,"[3.6225430965423584,5.950545787811279]","[1.8409138917922974,4.95810604095459]",seeds/cell-006-f100eb25da99/seed-1/checkpoint.pt,seeds/cell-006-f100eb25da99/seed-1/snapshots/step-000400.pt
1,scaling-tuned-adamw-10seeds-v1,7097b902cc3f3a43380d0b66433b0a90ecf3915af0cdb913b8b407b76daf38af,cell-006-f100eb25da99,6,f100eb25da994c257223680ebecfb27e2b95bfdc5823e2dce6017282e42b2f5b,1,6,800,32,4,8,2,1,16,adamw,0.003,0.0,800,512,0.0,8192,0.00047010910930112004,1.0,0.9995977878570557,1.0060372352600098,4.813764572143555,"[3.5843465328216553,6.307153224945068]","[1.791788101196289,5.357079982757568]",seeds/cell-006-f100eb25da99/seed-1/checkpoint.pt,seeds/cell-006-f100eb25da99/seed-1/snapshots/step-000800.pt
1,scaling-tuned-adamw-10seeds-v1,7097b902cc3f3a43380d0b66433b0a90ecf3915af0cdb913b8b407b76daf38af,cell-006-f100eb25da99,6,f100eb25da994c257223680ebecfb27e2b95bfdc5823e2dce6017282e42b2f5b,2,0,0,32,4,8,2,1,16,adamw,0.003,0.0,800,512,0.0,8192,5.198662757873535,0.4921875,-0.027715422213077545,0.004732195287942886,6.8294243812561035,"[1.9734803438186646,2.791139841079712]","[3.377531051635742,2.915733814239502]",seeds/cell-006-f100eb25da99/seed-2/checkpoint.pt,seeds/cell-006-f100eb25da99/seed-2/snapshots/step-000000.pt
1,scaling-tuned-adamw-10seeds-v1,7097b902cc3f3a43380d0b66433b0a90ecf3915af0cdb913b8b407b76daf38af,cell-006-f100eb25da99,6,f100eb25da994c257223680ebecfb27e2b95bfdc5823e2dce6017282e42b2f5b,2,1,25,32,4,8,2,1,16,adamw,0.003,0.0,800,512,0.0,8192,0.9573874473571777,0.579833984375,0.07247035950422287,0.07159164547920227,6.75880765914917,"[2.307912588119507,2.9418601989746094]","[3.4793708324432373,3.16634464263916]",seeds/cell-006-f100eb25da99/seed-2/checkpoint.pt,seeds/cell-006-f100eb25da99/seed-2/snapshots/step-000025.pt
1,scaling-tuned-adamw-10seeds-v1,7097b902cc3f3a43380d0b66433b0a90ecf3915af0cdb913b8b407b76daf38af,cell-006-f100eb25da99,6,f100eb25da994c257223680ebecfb27e2b95bfdc5823e2dce6017282e42b2f5b,2,2,50,32,4,8,2,1,16,adamw,0.003,0.0,800,512,0.0,8192,0.9082682132720947,0.62255859375,0.09577111899852753,0.09166379272937775,6.718483924865723,"[2.3099441528320312,2.9724929332733154]","[3.4715347290039062,3.2114810943603516]",seeds/cell-006-f100eb25da99/seed-2/checkpoint.pt,seeds/cell-006-f100eb25da99/seed-2/snapshots/step-000050.pt
1,scaling-tuned-adamw-10seeds-v1,7097b902cc3f3a43380d0b66433b0a90ecf3915af0cdb913b8b407b76daf38af,cell-006-f100eb25da99,6,f100eb25da994c257223680ebecfb27e2b95bfdc5823e2dce6017282e42b2f5b,2,3,100,32,4,8,2,1,16,adamw,0.003,0.0,800,512,0.0,8192,0.8423581123352051,0.6673583984375,0.14942273497581482,0.14458341896533966,6.67340612411499,"[2.2085187435150146,2.9990649223327637]","[3.426403522491455,3.232269287109375]",seeds/cell-006-f100eb25da99/seed-2/checkpoint.pt,seeds/cell-006-f100eb25da99/seed-2/snapshots/step-000100.pt
1,scaling-tuned-adamw-10seeds-v1,7097b902cc3f3a43380d0b66433b0a90ecf3915af0cdb913b8b407b76daf38af,cell-006-f100eb25da99,6,f100eb25da994c257223680ebecfb27e2b95bfdc5823e2dce6017282e42b2f5b,2,4,200,32,4,8,2,1,16,adamw,0.003,0.0,800,512,0.0,8192,0.7117857933044434,0.7308349609375,0.2809399962425232,0.27308565378189087,6.296211242675781,"[2.3110122680664062,2.849762201309204]","[3.251195192337036,3.296363353729248]",seeds/cell-006-f100eb25da99/seed-2/checkpoint.pt,seeds/cell-006-f100eb25da99/seed-2/snapshots/step-000200.pt
1,scaling-tuned-adamw-10seeds-v1,7097b902cc3f3a43380d0b66433b0a90ecf3915af0cdb913b8b407b76daf38af,cell-006-f100eb25da99,6,f100eb25da994c257223680ebecfb27e2b95bfdc5823e2dce6017282e42b2f5b,2,5,400,32,4,8,2,1,16,adamw,0.003,0.0,800,512,0.0,8192,0.17462775111198425,0.949951171875,0.8319706916809082,0.8295630812644958,5.451021194458008,"[4.066422939300537,3.8584346771240234]","[2.544726848602295,3.3193585872650146]",seeds/cell-006-f100eb25da99/seed-2/checkpoint.pt,seeds/cell-006-f100eb25da99/seed-2/snapshots/step-000400.pt
1,scaling-tuned-adamw-10seeds-v1,7097b902cc3f3a43380d0b66433b0a90ecf3915af0cdb913b8b407b76daf38af,cell-006-f100eb25da99,6,f100eb25da994c257223680ebecfb27e2b95bfdc5823e2dce6017282e42b2f5b,2,6,800,32,4,8,2,1,16,adamw,0.003,0.0,800,512,0.0,8192,0.00713750347495079,0.9984130859375,0.9893088936805725,0.9823943376541138,5.281167030334473,"[5.680447101593018,4.651923179626465]","[2.097803831100464,3.782043933868408]",seeds/cell-006-f100eb25da99/seed-2/checkpoint.pt,seeds/cell-006-f100eb25da99/seed-2/snapshots/step-000800.pt
1,scaling-tuned-adamw-10seeds-v1,7097b902cc3f3a43380d0b66433b0a90ecf3915af0cdb913b8b407b76daf38af,cell-006-f100eb25da99,6,f100eb25da994c257223680ebecfb27e2b95bfdc5823e2dce6017282e42b2f5b,3,0,0,32,4,8,2,1,16,adamw,0.003,0.0,800,512,0.0,8192,1.314762830734253,0.4554443359375,-0.046580761671066284,-0.04210950806736946,6.3028035163879395,"[2.563537359237671,2.882854461669922]","[2.810577392578125,2.4000396728515625]",seeds/cell-006-f100eb25da99/seed-3/checkpoint.pt,seeds/cell-006-f100eb25da99/seed-3/snapshots/step-000000.pt
1,scaling-tuned-adamw-10seeds-v1,7097b902cc3f3a43380d0b66433b0a90ecf3915af0cdb913b8b407b76daf38af,cell-006-f100eb25da99,6,f100eb25da994c257223680ebecfb27e2b95bfdc5823e2dce6017282e42b2f5b,3,1,25,32,4,8,2,1,16,adamw,0.003,0.0,800,512,0.0,8192,0.9353041648864746,0.6231689453125,0.04372936859726906,0.03411633521318436,6.237788677215576,"[2.6025924682617188,2.8930296897888184]","[2.8574085235595703,2.5646424293518066]",seeds/cell-006-f100eb25da99/seed-3/checkpoint.pt,seeds/cell-006-f100eb25da99/seed-3/snapshots/step-000025.pt
1,scaling-tuned-adamw-10seeds-v1,7097b902cc3f3a43380d0b66433b0a90ecf3915af0cdb913b8b407b76daf38af,cell-006-f100eb25da99,6,f100eb25da994c257223680ebecfb27e2b95bfdc5823e2dce6017282e42b2f5b,3,2,50,32,4,8,2,1,16,adamw,0.003,0.0,800,512,0.0,8192,0.7787784337997437,0.697509765625,0.22101490199565887,0.16405832767486572,6.081738471984863,"[2.3416965007781982,2.9979918003082275]","[2.925741672515869,2.836235523223877]",seeds/cell-006-f100eb25da99/seed-3/checkpoint.pt,seeds/cell-006-f100eb25da99/seed-3/snapshots/step-000050.pt
1,scaling-tuned-adamw-10seeds-v1,7097b902cc3f3a43380d0b66433b0a90ecf3915af0cdb913b8b407b76daf38af,cell-006-f100eb25da99,6,f100eb25da994c257223680ebecfb27e2b95bfdc5823e2dce6017282e42b2f5b,3,3,100,32,4,8,2,1,16,adamw,0.003,0.0,800,512,0.0,8192,0.3740544319152832,0.8651123046875,0.6244107484817505,0.6110029220581055,5.249215126037598,"[2.4269204139709473,3.842390537261963]","[2.452360153198242,3.5006954669952393]",seeds/cell-006-f100eb25da99/seed-3/checkpoint.pt,seeds/cell-006-f100eb25da99/seed-3/snapshots/step-000100.pt
1,scaling-tuned-adamw-10seeds-v1,7097b902cc3f3a43380d0b66433b0a90ecf3915af0cdb913b8b407b76daf38af,cell-006-f100eb25da99,6,f100eb25da994c257223680ebecfb27e2b95bfdc5823e2dce6017282e42b2f5b,3,4,200,32,4,8,2,1,16,adamw,0.003,0.0,800,512,0.0,8192,0.0317804254591465,0.991943359375,0.9807276725769043,0.976163923740387,4.764392852783203,"[2.9312195777893066,4.710928916931152]","[2.0433530807495117,5.050382614135742]",seeds/cell-006-f100eb25da99/seed-3/checkpoint.pt,seeds/cell-006-f100eb25da99/seed-3/snapshots/step-000200.pt
1,scaling-tuned-adamw-10seeds-v1,7097b902cc3f3a43380d0b66433b0a90ecf3915af0cdb913b8b407b76daf38af,cell-006-f100eb25da99,6,f100eb25da994c257223680ebecfb27e2b95bfdc5823e2dce6017282e42b2f5b,3,5,400,32,4,8,2,1,16,adamw,0.003,0.0,800,512,0.0,8192,0.0016083887312561274,0.999755859375,0.998691201210022,1.0036925077438354,4.720721244812012,"[3.137665033340454,5.239135265350342]","[1.9022467136383057,5.797308921813965]",seeds/cell-006-f100eb25da99/seed-3/checkpoint.pt,seeds/cell-006-f100eb25da99/seed-3/snapshots/step-000400.pt
1,scaling-tuned-adamw-10seeds-v1,7097b902cc3f3a43380d0b66433b0a90ecf3915af0cdb913b8b407b76daf38af,cell-006-f100eb25da99,6,f100eb25da994c257223680ebecfb27e2b95bfdc5823e2dce6017282e42b2f5b,3,6,800,32,4,8,2,1,16,adamw,0.003,0.0,800,512,0.0,8192,0.00045861612306907773,0.9998779296875,1.0012160539627075,1.0025404691696167,4.656275272369385,"[3.267922878265381,5.6186323165893555]","[1.8263505697250366,6.202329635620117]",seeds/cell-006-f100eb25da99/seed-3/checkpoint.pt,seeds/cell-006-f100eb25da99/seed-3/snapshots/step-000800.pt
1,scaling-tuned-adamw-10seeds-v1,7097b902cc3f3a43380d0b66433b0a90ecf3915af0cdb913b8b407b76daf38af,cell-006-f100eb25da99,6,f100eb25da994c257223680ebecfb27e2b95bfdc5823e2dce6017282e42b2f5b,4,0,0,32,4,8,2,1,16,adamw,0.003,0.0,800,512,0.0,8192,2.9274234771728516,0.4981689453125,-0.01676568202674389,-0.0233464278280735,6.341156959533691,"[2.7530581951141357,2.718360185623169]","[3.047551155090332,2.9049906730651855]",seeds/cell-006-f100eb25da99/seed-4/checkpoint.pt,seeds/cell-006-f100eb25da99/seed-4/snapshots/step-000000.pt
1,scaling-tuned-adamw-10seeds-v1,7097b902cc3f3a43380d0b66433b0a90ecf3915af0cdb913b8b407b76daf38af,cell-006-f100eb25da99,6,f100eb25da994c257223680ebecfb27e2b95bfdc5823e2dce6017282e42b2f5b,4,1,25,32,4,8,2,1,16,adamw,0.003,0.0,800,512,0.0,8192,0.9756523370742798,0.572021484375,0.02999342419207096,0.02057534083724022,6.304152011871338,"[2.645951271057129,2.76213002204895]","[3.0952813625335693,3.188781261444092]",seeds/cell-006-f100eb25da99/seed-4/checkpoint.pt,seeds/cell-006-f100eb25da99/seed-4/snapshots/step-000025.pt
1,scaling-tuned-adamw-10seeds-v1,7097b902cc3f3a43380d0b66433b0a90ecf3915af0cdb913b8b407b76daf38af,cell-006-f100eb25da99,6,f100eb25da994c257223680ebecfb27e2b95bfdc5823e2dce6017282e42b2f5b,4,2,50,32,4,8,2,1,16,adamw,0.003,0.0,800,512,0.0,8192,0.9097052812576294,0.6336669921875,0.0680987685918808,0.05218593776226044,6.263744831085205,"[2.5942206382751465,2.7954492568969727]","[3.103956460952759,3.2680130004882812]",seeds/cell-006-f100eb25da99/seed-4/checkpoint.pt,seeds/cell-006-f100eb25da99/seed-4/snapshots/step-000050.pt
1,scaling-tuned-adamw-10seeds-v1,7097b902cc3f3a43380d0b66433b0a90ecf3915af0cdb913b8b407b76daf38af,cell-006-f100eb25da99,6,f100eb25da994c257223680ebecfb27e2b95bfdc5823e2dce6017282e42b2f5b,4,3,100,32,4,8,2,1,16,adamw,0.003,0.0,800,512,0.0,8192,0.7803050875663757,0.6968994140625,0.2137572318315506,0.1733373999595642,6.179631233215332,"[2.4997098445892334,2.6939196586608887]","[3.111759901046753,3.3717288970947266]",seeds/cell-006-f100eb25da99/seed-4/checkpoint.pt,seeds/cell-006-f100eb25da99/seed-4/snapshots/step-000100.pt
1,scaling-tuned-adamw-10seeds-v1,7097b902cc3f3a43380d0b66433b0a90ecf3915af0cdb913b8b407b76daf38af,cell-006-f100eb25da99,6,f100eb25da994c257223680ebecfb27e2b95bfdc5823e2dce6017282e42b2f5b,4,4,200,32,4,8,2,1,16,adamw,0.003,0.0,800,512,0.0,8192,0.4236505925655365,0.8585205078125,0.5865036845207214,0.566106915473938,5.664437294006348,"[3.451463460922241,3.8946502208709717]","[3.042982578277588,3.340027093887329]",seeds/cell-006-f100eb25da99/seed-4/checkpoint.pt,seeds/cell-006-f100eb25da99/seed-4/snapshots/step-000200.pt
1,scaling-tuned-adamw-10seeds-v1,7097b902cc3f3a43380d0b66433b0a90ecf3915af0cdb913b8b407b76daf38af,cell-006-f100eb25da99,6,f100eb25da994c257223680ebecfb27e2b95bfdc5823e2dce6017282e42b2f5b,4,5,400,32,4,8,2,1,16,adamw,0.003,0.0,800,512,0.0,8192,0.014008641242980957,0.997314453125,0.9965869188308716,0.9902157783508301,5.390885829925537,"[4.697255611419678,5.590651512145996]","[2.7512800693511963,3.4155848026275635]",seeds/cell-006-f100eb25da99/seed-4/checkpoint.pt,seeds/cell-006-f100eb25da99/seed-4/snapshots/step-000400.pt
1,scaling-tuned-adamw-10seeds-v1,7097b902cc3f3a43380d0b66433b0a90ecf3915af0cdb913b8b407b76daf38af,cell-006-f100eb25da99,6,f100eb25da994c257223680ebecfb27e2b95bfdc5823e2dce6017282e42b2f5b,4,6,800,32,4,8,2,1,16,adamw,0.003,0.0,800,512,0.0,8192,0.0017057062359526753,0.9996337890625,0.9995273947715759,0.9952529072761536,5.32965087890625,"[5.047774791717529,6.0563063621521]","[2.612248659133911,3.3986217975616455]",seeds/cell-006-f100eb25da99/seed-4/checkpoint.pt,seeds/cell-006-f100eb25da99/seed-4/snapshots/step-000800.pt
1,scaling-tuned-adamw-10seeds-v1,7097b902cc3f3a43380d0b66433b0a90ecf3915af0cdb913b8b407b76daf38af,cell-006-f100eb25da99,6,f100eb25da994c257223680ebecfb27e2b95bfdc5823e2dce6017282e42b2f5b,5,0,0,32,4,8,2,1,16,adamw,0.003,0.0,800,512,0.0,8192,1.4792542457580566,0.5009765625,0.0019327925983816385,-0.006546366959810257,6.122547626495361,"[3.054647922515869,2.7629923820495605]","[2.5589003562927246,2.574768543243408]",seeds/cell-006-f100eb25da99/seed-5/checkpoint.pt,seeds/cell-006-f100eb25da99/seed-5/snapshots/step-000000.pt
1,scaling-tuned-adamw-10seeds-v1,7097b902cc3f3a43380d0b66433b0a90ecf3915af0cdb913b8b407b76daf38af,cell-006-f100eb25da99,6,f100eb25da994c257223680ebecfb27e2b95bfdc5823e2dce6017282e42b2f5b,5,1,25,32,4,8,2,1,16,adamw,0.003,0.0,800,512,0.0,8192,0.8820995092391968,0.644775390625,0.10138985514640808,0.07836773991584778,6.068498134613037,"[3.001891851425171,2.7702200412750244]","[2.7263987064361572,2.633490800857544]",seeds/cell-006-f100eb25da99/seed-5/checkpoint.pt,seeds/cell-006-f100eb25da99/seed-5/snapshots/step-000025.pt
1,scaling-tuned-adamw-10seeds-v1,7097b902cc3f3a43380d0b66433b0a90ecf3915af0cdb913b8b407b76daf38af,cell-006-f100eb25da99,6,f100eb25da994c257223680ebecfb27e2b95bfdc5823e2dce6017282e42b2f5b,5,2,50,32,4,8,2,1,16,adamw,0.003,0.0,800,512,0.0,8192,0.7533392906188965,0.714599609375,0.2637573480606079,0.21537113189697266,5.993825435638428,"[2.9887306690216064,2.891462802886963]","[2.857304096221924,2.780548572540283]",seeds/cell-006-f100eb25da99/seed-5/checkpoint.pt,seeds/cell-006-f100eb25da99/seed-5/snapshots/step-000050.pt
1,scaling-tuned-adamw-10seeds-v1,7097b902cc3f3a43380d0b66433b0a90ecf3915af0cdb913b8b407b76daf38af,cell-006-f100eb25da99,6,f100eb25da994c257223680ebecfb27e2b95bfdc5823e2dce6017282e42b2f5b,5,3,100,32,4,8,2,1,16,adamw,0.003,0.0,800,512,0.0,8192,0.5937246680259705,0.7791748046875,0.3930179476737976,0.36181366443634033,5.68999719619751,"[3.5407490730285645,3.3323042392730713]","[2.7799811363220215,2.920358896255493]",seeds/cell-006-f100eb25da99/seed-5/checkpoint.pt,seeds/cell-006-f100eb25da99/seed-5/snapshots/step-000100.pt
1,scaling-tuned-adamw-10seeds-v1,7097b902cc3f3a43380d0b66433b0a90ecf3915af0cdb913b8b407b76daf38af,cell-006-f100eb25da99,6,f100eb25da994c257223680ebecfb27e2b95bfdc5823e2dce6017282e42b2f5b,5,4,200,32,4,8,2,1,16,adamw,0.003,0.0,800,512,0.0,8192,0.16305628418922424,0.9500732421875,0.8456250429153442,0.8427983522415161,4.631885528564453,"[5.032588005065918,4.484421730041504]","[2.323456287384033,3.462191581726074]",seeds/cell-006-f100eb25da99/seed-5/checkpoint.pt,seeds/cell-006-f100eb25da99/seed-5/snapshots/step-000200.pt
1,scaling-tuned-adamw-10seeds-v1,7097b902cc3f3a43380d0b66433b0a90ecf3915af0cdb913b8b407b76daf38af,cell-006-f100eb25da99,6,f100eb25da994c257223680ebecfb27e2b95bfdc5823e2dce6017282e42b2f5b,5,5,400,32,4,8,2,1,16,adamw,0.003,0.0,800,512,0.0,8192,0.013792401179671288,0.9959716796875,0.9961206316947937,1.0133802890777588,4.361513137817383,"[6.2341413497924805,4.883948802947998]","[1.9437899589538574,3.784459114074707]",seeds/cell-006-f100eb25da99/seed-5/checkpoint.pt,seeds/cell-006-f100eb25da99/seed-5/snapshots/step-000400.pt
1,scaling-tuned-adamw-10seeds-v1,7097b902cc3f3a43380d0b66433b0a90ecf3915af0cdb913b8b407b76daf38af,cell-006-f100eb25da99,6,f100eb25da994c257223680ebecfb27e2b95bfdc5823e2dce6017282e42b2f5b,5,6,800,32,4,8,2,1,16,adamw,0.003,0.0,800,512,0.0,8192,0.001199807389639318,0.9998779296875,0.9981081485748291,1.015110969543457,4.329873561859131,"[6.76858377456665,5.034808158874512]","[1.8769233226776123,3.731199026107788]",seeds/cell-006-f100eb25da99/seed-5/checkpoint.pt,seeds/cell-006-f100eb25da99/seed-5/snapshots/step-000800.pt
1,scaling-tuned-adamw-10seeds-v1,7097b902cc3f3a43380d0b66433b0a90ecf3915af0cdb913b8b407b76daf38af,cell-006-f100eb25da99,6,f100eb25da994c257223680ebecfb27e2b95bfdc5823e2dce6017282e42b2f5b,6,0,0,32,4,8,2,1,16,adamw,0.003,0.0,800,512,0.0,8192,1.1377289295196533,0.5,0.004756787791848183,-0.0036997999995946884,6.555999279022217,"[2.7931323051452637,2.762362003326416]","[2.66928768157959,2.60294771194458]",seeds/cell-006-f100eb25da99/seed-6/checkpoint.pt,seeds/cell-006-f100eb25da99/seed-6/snapshots/step-000000.pt
1,scaling-tuned-adamw-10seeds-v1,7097b902cc3f3a43380d0b66433b0a90ecf3915af0cdb913b8b407b76daf38af,cell-006-f100eb25da99,6,f100eb25da994c257223680ebecfb27e2b95bfdc5823e2dce6017282e42b2f5b,6,1,25,32,4,8,2,1,16,adamw,0.003,0.0,800,512,0.0,8192,0.8471050262451172,0.668212890625,0.1428043097257614,0.11597834527492523,6.605254650115967,"[2.670578956604004,2.7601351737976074]","[2.828650712966919,2.7878353595733643]",seeds/cell-006-f100eb25da99/seed-6/checkpoint.pt,seeds/cell-006-f100eb25da99/seed-6/snapshots/step-000025.pt
1,scaling-tuned-adamw-10seeds-v1,7097b902cc3f3a43380d0b66433b0a90ecf3915af0cdb913b8b407b76daf38af,cell-006-f100eb25da99,6,f100eb25da994c257223680ebecfb27e2b95bfdc5823e2dce6017282e42b2f5b,6,2,50,32,4,8,2,1,16,adamw,0.003,0.0,800,512,0.0,8192,0.7153583765029907,0.7347412109375,0.2679397463798523,0.24521172046661377,6.575215816497803,"[2.7223663330078125,2.602433204650879]","[2.9140591621398926,2.931424140930176]",seeds/cell-006-f100eb25da99/seed-6/checkpoint.pt,seeds/cell-006-f100eb25da99/seed-6/snapshots/step-000050.pt
1,scaling-tuned-adamw-10seeds-v1,7097b902cc3f3a43380d0b66433b0a90ecf3915af0cdb913b8b407b76daf38af,cell-006-f100eb25da99,6,f100eb25da994c257223680ebecfb27e2b95bfdc5823e2dce6017282e42b2f5b,6,3,100,32,4,8,2,1,16,adamw,0.003,0.0,800,512,0.0,8192,0.33245381712913513,0.892333984375,0.6842071413993835,0.6940997838973999,6.126646518707275,"[3.5689268112182617,2.9171483516693115]","[2.6907637119293213,3.0337331295013428]",seeds/cell-006-f100eb25da99/seed-6/checkpoint.pt,seeds/cell-006-f100eb25da99/seed-6/snapshots/step-000100.pt
1,scaling-tuned-adamw-10seeds-v1,7097b902cc3f3a43380d0b66433b0a90ecf3915af0cdb913b8b407b76daf38af,cell-006-f100eb25da99,6,f100eb25da994c257223680ebecfb27e2b95bfdc5823e2dce6017282e42b2f5b,6,4,200,32,4,8,2,1,16,adamw,0.003,0.0,800,512,0.0,8192,0.046933628618717194,0.988525390625,0.9589332938194275,0.9662121534347534,5.669455528259277,"[4.471805095672607,3.6555063724517822]","[2.388127565383911,2.906703472137451]",seeds/cell-006-f100eb25da99/seed-6/checkpoint.pt,seeds/cell-006-f100eb25da99/seed-6/snapshots/step-000200.pt
1,scaling-tuned-adamw-10seeds-v1,7097b902cc3f3a43380d0b66433b0a90ecf3915af0cdb913b8b407b76daf38af,cell-006-f100eb25da99,6,f100eb25da994c257223680ebecfb27e2b95bfdc5823e2dce6017282e42b2f5b,6,5,400,32,4,8,2,1,16,adamw,0.003,0.0,800,512,0.0,8192,0.0013330946676433086,1.0,1.0013775825500488,1.0171494483947754,5.592023849487305,"[4.989070415496826,4.145241737365723]","[2.313002824783325,2.8308064937591553]",seeds/cell-006-f100eb25da99/seed-6/checkpoint.pt,seeds/cell-006-f100eb25da99/seed-6/snapshots/step-000400.pt
1,scaling-tuned-adamw-10seeds-v1,7097b902cc3f3a43380d0b66433b0a90ecf3915af0cdb913b8b407b76daf38af,cell-006-f100eb25da99,6,f100eb25da994c257223680ebecfb27e2b95bfdc5823e2dce6017282e42b2f5b,6,6,800,32,4,8,2,1,16,adamw,0.003,0.0,800,512,0.0,8192,0.00014975309022702277,1.0,0.9992632865905762,1.010075330734253,5.560626983642578,"[5.145323753356934,4.340319633483887]","[2.3053882122039795,2.802260398864746]",seeds/cell-006-f100eb25da99/seed-6/checkpoint.pt,seeds/cell-006-f100eb25da99/seed-6/snapshots/step-000800.pt
1,scaling-tuned-adamw-10seeds-v1,7097b902cc3f3a43380d0b66433b0a90ecf3915af0cdb913b8b407b76daf38af,cell-006-f100eb25da99,6,f100eb25da994c257223680ebecfb27e2b95bfdc5823e2dce6017282e42b2f5b,7,0,0,32,4,8,2,1,16,adamw,0.003,0.0,800,512,0.0,8192,2.157874584197998,0.5477294921875,0.18890506029129028,0.18586783111095428,6.868821620941162,"[2.7432808876037598,3.261000394821167]","[2.5872819423675537,2.812469959259033]",seeds/cell-006-f100eb25da99/seed-7/checkpoint.pt,seeds/cell-006-f100eb25da99/seed-7/snapshots/step-000000.pt
1,scaling-tuned-adamw-10seeds-v1,7097b902cc3f3a43380d0b66433b0a90ecf3915af0cdb913b8b407b76daf38af,cell-006-f100eb25da99,6,f100eb25da994c257223680ebecfb27e2b95bfdc5823e2dce6017282e42b2f5b,7,1,25,32,4,8,2,1,16,adamw,0.003,0.0,800,512,0.0,8192,0.8724086284637451,0.6541748046875,0.1167660653591156,0.11662350594997406,6.881065845489502,"[2.6905744075775146,3.265038251876831]","[2.7290706634521484,2.900192975997925]",seeds/cell-006-f100eb25da99/seed-7/checkpoint.pt,seeds/cell-006-f100eb25da99/seed-7/snapshots/step-000025.pt
1,scaling-tuned-adamw-10seeds-v1,7097b902cc3f3a43380d0b66433b0a90ecf3915af0cdb913b8b407b76daf38af,cell-006-f100eb25da99,6,f100eb25da994c257223680ebecfb27e2b95bfdc5823e2dce6017282e42b2f5b,7,2,50,32,4,8,2,1,16,adamw,0.003,0.0,800,512,0.0,8192,0.761642575263977,0.7059326171875,0.26227429509162903,0.2495180070400238,6.841445446014404,"[2.726440191268921,3.234476327896118]","[2.8277182579040527,2.8901164531707764]",seeds/cell-006-f100eb25da99/seed-7/checkpoint.pt,seeds/cell-006-f100eb25da99/seed-7/snapshots/step-000050.pt
1,scaling-tuned-adamw-10seeds-v1,7097b902cc3f3a43380d0b66433b0a90ecf3915af0cdb913b8b407b76daf38af,cell-006-f100eb25da99,6,f100eb25da994c257223680ebecfb27e2b95bfdc5823e2dce6017282e42b2f5b,7,3,100,32,4,8,2,1,16,adamw,0.003,0.0,800,512,0.0,8192,0.5008507370948792,0.823974609375,0.5095328092575073,0.5133528709411621,6.52093505859375,"[3.193490982055664,3.20524263381958]","[2.8645498752593994,2.831068515777588]",seeds/cell-006-f100eb25da99/seed-7/checkpoint.pt,seeds/cell-006-f100eb25da99/seed-7/snapshots/step-000100.pt
1,scaling-tuned-adamw-10seeds-v1,7097b902cc3f3a43380d0b66433b0a90ecf3915af0cdb913b8b407b76daf38af,cell-006-f100eb25da99,6,f100eb25da994c257223680ebecfb27e2b95bfdc5823e2dce6017282e42b2f5b,7,4,200,32,4,8,2,1,16,adamw,0.003,0.0,800,512,0.0,8192,0.03290320560336113,0.99267578125,0.9703816771507263,0.993948221206665,5.333949565887451,"[4.396819591522217,3.1523690223693848]","[3.1593070030212402,2.732480525970459]",seeds/cell-006-f100eb25da99/seed-7/checkpoint.pt,seeds/cell-006-f100eb25da99/seed-7/snapshots/step-000200.pt
1,scaling-tuned-adamw-10seeds-v1,7097b902cc3f3a43380d0b66433b0a90ecf3915af0cdb913b8b407b76daf38af,cell-006-f100eb25da99,6,f100eb25da994c257223680ebecfb27e2b95bfdc5823e2dce6017282e42b2f5b,7,5,400,32,4,8,2,1,16,adamw,0.003,0.0,800,512,0.0,8192,0.0019015837460756302,0.9998779296875,1.0000616312026978,1.0208691358566284,5.222279071807861,"[4.761081695556641,3.150766372680664]","[3.2719945907592773,2.63657546043396]",seeds/cell-006-f100eb25da99/seed-7/checkpoint.pt,seeds/cell-006-f100eb25da99/seed-7/snapshots/step-000400.pt
1,scaling-tuned-adamw-10seeds-v1,7097b902cc3f3a43380d0b66433b0a90ecf3915af0cdb913b8b407b76daf38af,cell-006-f100eb25da99,6,f100eb25da994c257223680ebecfb27e2b95bfdc5823e2dce6017282e42b2f5b,7,6,800,32,4,8,2,1,16,adamw,0.003,0.0,800,512,0.0,8192,0.0003376058302819729,1.0,0.9993079900741577,1.0212409496307373,5.17869234085083,"[4.894623279571533,3.129281520843506]","[3.286007881164551,2.6139285564422607]",seeds/cell-006-f100eb25da99/seed-7/checkpoint.pt,seeds/cell-006-f100eb25da99/seed-7/snapshots/step-000800.pt
1,scaling-tuned-adamw-10seeds-v1,7097b902cc3f3a43380d0b66433b0a90ecf3915af0cdb913b8b407b76daf38af,cell-006-f100eb25da99,6,f100eb25da994c257223680ebecfb27e2b95bfdc5823e2dce6017282e42b2f5b,8,0,0,32,4,8,2,1,16,adamw,0.003,0.0,800,512,0.0,8192,1.05415678024292,0.5543212890625,0.05935951694846153,0.06373701244592667,5.925403594970703,"[2.6816163063049316,2.42718243598938]","[2.881545066833496,2.6671605110168457]",seeds/cell-006-f100eb25da99/seed-8/checkpoint.pt,seeds/cell-006-f100eb25da99/seed-8/snapshots/step-000000.pt
1,scaling-tuned-adamw-10seeds-v1,7097b902cc3f3a43380d0b66433b0a90ecf3915af0cdb913b8b407b76daf38af,cell-006-f100eb25da99,6,f100eb25da994c257223680ebecfb27e2b95bfdc5823e2dce6017282e42b2f5b,8,1,25,32,4,8,2,1,16,adamw,0.003,0.0,800,512,0.0,8192,0.8081250190734863,0.6871337890625,0.18047425150871277,0.17383608222007751,5.776317119598389,"[2.5716605186462402,2.4094879627227783]","[3.0446231365203857,2.680821180343628]",seeds/cell-006-f100eb25da99/seed-8/checkpoint.pt,seeds/cell-006-f100eb25da99/seed-8/snapshots/step-000025.pt
1,scaling-tuned-adamw-10seeds-v1,7097b902cc3f3a43380d0b66433b0a90ecf3915af0cdb913b8b407b76daf38af,cell-006-f100eb25da99,6,f100eb25da994c257223680ebecfb27e2b95bfdc5823e2dce6017282e42b2f5b,8,2,50,32,4,8,2,1,16,adamw,0.003,0.0,800,512,0.0,8192,0.6770137548446655,0.7454833984375,0.2999300956726074,0.29962438344955444,5.548829078674316,"[2.6755409240722656,2.537367105484009]","[3.1082303524017334,2.748149871826172]",seeds/cell-006-f100eb25da99/seed-8/checkpoint.pt,seeds/cell-006-f100eb25da99/seed-8/snapshots/step-000050.pt
1,scaling-tuned-adamw-10seeds-v1,7097b902cc3f3a43380d0b66433b0a90ecf3915af0cdb913b8b407b76daf38af,cell-006-f100eb25da99,6,f100eb25da994c257223680ebecfb27e2b95bfdc5823e2dce6017282e42b2f5b,8,3,100,32,4,8,2,1,16,adamw,0.003,0.0,800,512,0.0,8192,0.31971728801727295,0.8922119140625,0.7068394422531128,0.711261510848999,5.119217872619629,"[3.6095058917999268,3.405078887939453]","[2.7109804153442383,2.8668320178985596]",seeds/cell-006-f100eb25da99/seed-8/checkpoint.pt,seeds/cell-006-f100eb25da99/seed-8/snapshots/step-000100.pt
1,scaling-tuned-adamw-10seeds-v1,7097b902cc3f3a43380d0b66433b0a90ecf3915af0cdb913b8b407b76daf38af,cell-006-f100eb25da99,6,f100eb25da994c257223680ebecfb27e2b95bfdc5823e2dce6017282e42b2f5b,8,4,200,32,4,8,2,1,16,adamw,0.003,0.0,800,512,0.0,8192,0.027008751407265663,0.99267578125,0.9690231084823608,0.9617863893508911,4.956240177154541,"[4.66729211807251,4.212632656097412]","[2.0973761081695557,3.063579559326172]",seeds/cell-006-f100eb25da99/seed-8/checkpoint.pt,seeds/cell-006-f100eb25da99/seed-8/snapshots/step-000200.pt
1,scaling-tuned-adamw-10seeds-v1,7097b902cc3f3a43380d0b66433b0a90ecf3915af0cdb913b8b407b76daf38af,cell-006-f100eb25da99,6,f100eb25da994c257223680ebecfb27e2b95bfdc5823e2dce6017282e42b2f5b,8,5,400,32,4,8,2,1,16,adamw,0.003,0.0,800,512,0.0,8192,0.0025005177594721317,0.999267578125,0.9981076121330261,0.9963648915290833,4.946964740753174,"[5.139715671539307,4.564021110534668]","[1.9020588397979736,3.224031686782837]",seeds/cell-006-f100eb25da99/seed-8/checkpoint.pt,seeds/cell-006-f100eb25da99/seed-8/snapshots/step-000400.pt
1,scaling-tuned-adamw-10seeds-v1,7097b902cc3f3a43380d0b66433b0a90ecf3915af0cdb913b8b407b76daf38af,cell-006-f100eb25da99,6,f100eb25da994c257223680ebecfb27e2b95bfdc5823e2dce6017282e42b2f5b,8,6,800,32,4,8,2,1,16,adamw,0.003,0.0,800,512,0.0,8192,0.00018996155995409936,1.0,0.9987325072288513,0.9958207607269287,4.952025890350342,"[5.345703125,4.72840690612793]","[1.805114507675171,3.3127200603485107]",seeds/cell-006-f100eb25da99/seed-8/checkpoint.pt,seeds/cell-006-f100eb25da99/seed-8/snapshots/step-000800.pt
1,scaling-tuned-adamw-10seeds-v1,7097b902cc3f3a43380d0b66433b0a90ecf3915af0cdb913b8b407b76daf38af,cell-006-f100eb25da99,6,f100eb25da994c257223680ebecfb27e2b95bfdc5823e2dce6017282e42b2f5b,9,0,0,32,4,8,2,1,16,adamw,0.003,0.0,800,512,0.0,8192,2.6384153366088867,0.4141845703125,-0.21978482604026794,-0.14348852634429932,6.742682456970215,"[2.643117904663086,2.6304054260253906]","[2.80230450630188,2.558673620223999]",seeds/cell-006-f100eb25da99/seed-9/checkpoint.pt,seeds/cell-006-f100eb25da99/seed-9/snapshots/step-000000.pt
1,scaling-tuned-adamw-10seeds-v1,7097b902cc3f3a43380d0b66433b0a90ecf3915af0cdb913b8b407b76daf38af,cell-006-f100eb25da99,6,f100eb25da994c257223680ebecfb27e2b95bfdc5823e2dce6017282e42b2f5b,9,1,25,32,4,8,2,1,16,adamw,0.003,0.0,800,512,0.0,8192,0.8815329074859619,0.648681640625,0.10988161712884903,0.08634806424379349,6.693850040435791,"[2.7389214038848877,2.7323124408721924]","[2.9363136291503906,2.6655890941619873]",seeds/cell-006-f100eb25da99/seed-9/checkpoint.pt,seeds/cell-006-f100eb25da99/seed-9/snapshots/step-000025.pt
1,scaling-tuned-adamw-10seeds-v1,7097b902cc3f3a43380d0b66433b0a90ecf3915af0cdb913b8b407b76daf38af,cell-006-f100eb25da99,6,f100eb25da994c257223680ebecfb27e2b95bfdc5823e2dce6017282e42b2f5b,9,2,50,32,4,8,2,1,16,adamw,0.003,0.0,800,512,0.0,8192,0.8111312985420227,0.6776123046875,0.17801132798194885,0.13136053085327148,6.555397033691406,"[2.7151541709899902,2.712003469467163]","[2.9104766845703125,2.7852296829223633]",seeds/cell-006-f100eb25da99/seed-9/checkpoint.pt,seeds/cell-006-f100eb25da99/seed-9/snapshots/step-000050.pt
1,scaling-tuned-adamw-10seeds-v1,7097b902cc3f3a43380d0b66433b0a90ecf3915af0cdb913b8b407b76daf38af,cell-006-f100eb25da99,6,f100eb25da994c257223680ebecfb27e2b95bfdc5823e2dce6017282e42b2f5b,9,3,100,32,4,8,2,1,16,adamw,0.003,0.0,800,512,0.0,8192,0.7345740795135498,0.71533203125,0.2608228325843811,0.2042379379272461,6.227579116821289,"[2.7461140155792236,2.6554083824157715]","[2.8619587421417236,2.906379461288452]",seeds/cell-006-f100eb25da99/seed-9/checkpoint.pt,seeds/cell-006-f100eb25da99/seed-9/snapshots/step-000100.pt
1,scaling-tuned-adamw-10seeds-v1,7097b902cc3f3a43380d0b66433b0a90ecf3915af0cdb913b8b407b76daf38af,cell-006-f100eb25da99,6,f100eb25da994c257223680ebecfb27e2b95bfdc5823e2dce6017282e42b2f5b,9,4,200,32,4,8,2,1,16,adamw,0.003,0.0,800,512,0.0,8192,0.5221675038337708,0.80615234375,0.47676700353622437,0.4383118152618408,5.206698894500732,"[3.036182403564453,3.522420883178711]","[2.5855839252471924,2.977213144302368]",seeds/cell-006-f100eb25da99/seed-9/checkpoint.pt,seeds/cell-006-f100eb25da99/seed-9/snapshots/step-000200.pt
1,scaling-tuned-adamw-10seeds-v1,7097b902cc3f3a43380d0b66433b0a90ecf3915af0cdb913b8b407b76daf38af,cell-006-f100eb25da99,6,f100eb25da994c257223680ebecfb27e2b95bfdc5823e2dce6017282e42b2f5b,9,5,400,32,4,8,2,1,16,adamw,0.003,0.0,800,512,0.0,8192,0.020811758935451508,0.9962158203125,0.9860200881958008,0.9508663415908813,4.326686859130859,"[3.4725944995880127,5.20778751373291]","[1.9955328702926636,3.6731116771698]",seeds/cell-006-f100eb25da99/seed-9/checkpoint.pt,seeds/cell-006-f100eb25da99/seed-9/snapshots/step-000400.pt
1,scaling-tuned-adamw-10seeds-v1,7097b902cc3f3a43380d0b66433b0a90ecf3915af0cdb913b8b407b76daf38af,cell-006-f100eb25da99,6,f100eb25da994c257223680ebecfb27e2b95bfdc5823e2dce6017282e42b2f5b,9,6,800,32,4,8,2,1,16,adamw,0.003,0.0,800,512,0.0,8192,0.0011456941720098257,0.9998779296875,1.0007342100143433,0.9667569398880005,4.073134899139404,"[3.4793944358825684,5.803233623504639]","[1.8234519958496094,4.131950378417969]",seeds/cell-006-f100eb25da99/seed-9/checkpoint.pt,seeds/cell-006-f100eb25da99/seed-9/snapshots/step-000800.pt
1,scaling-tuned-adamw-10seeds-v1,7097b902cc3f3a43380d0b66433b0a90ecf3915af0cdb913b8b407b76daf38af,cell-007-8736a677897e,7,8736a677897e13a1ae23687467e615ab06f0d9181249470e16e38ebb663f5144,0,0,0,32,4,8,2,4,16,adamw,0.003,0.0,800,512,0.0,8192,1.14565908908844,0.586181640625,0.16398978233337402,0.15295544266700745,6.338072776794434,"[1.3272666931152344,2.071026563644409,1.611129879951477,1.3004238605499268,1.5868077278137207,1.3968883752822876,1.0029560327529907,1.5296334028244019]","[0.8175359964370728,1.4708683490753174,1.7177964448928833,1.1697882413864136,1.7477905750274658,1.6987062692642212,1.127280831336975,0.7587525844573975]",seeds/cell-007-8736a677897e/seed-0/checkpoint.pt,seeds/cell-007-8736a677897e/seed-0/snapshots/step-000000.pt
1,scaling-tuned-adamw-10seeds-v1,7097b902cc3f3a43380d0b66433b0a90ecf3915af0cdb913b8b407b76daf38af,cell-007-8736a677897e,7,8736a677897e13a1ae23687467e615ab06f0d9181249470e16e38ebb663f5144,0,1,25,32,4,8,2,4,16,adamw,0.003,0.0,800,512,0.0,8192,0.7431199550628662,0.7098388671875,0.2623932957649231,0.23695138096809387,6.10601282119751,"[1.391398310661316,2.0207159519195557,1.641297459602356,1.2870880365371704,1.647937536239624,1.3244776725769043,1.026323914527893,1.576622724533081]","[0.8398575186729431,1.4165619611740112,1.821562647819519,1.2037407159805298,1.8040727376937866,1.753659725189209,1.199279546737671,0.7237440943717957]",seeds/cell-007-8736a677897e/seed-0/checkpoint.pt,seeds/cell-007-8736a677897e/seed-0/snapshots/step-000025.pt
1,scaling-tuned-adamw-10seeds-v1,7097b902cc3f3a43380d0b66433b0a90ecf3915af0cdb913b8b407b76daf38af,cell-007-8736a677897e,7,8736a677897e13a1ae23687467e615ab06f0d9181249470e16e38ebb663f5144,0,2,50,32,4,8,2,4,16,adamw,0.003,0.0,800,512,0.0,8192,0.6159074306488037,0.77197265625,0.37203216552734375,0.3688480257987976,5.577850341796875,"[1.47647225856781,1.9448833465576172,1.8346173763275146,1.3237559795379639,1.7219569683074951,1.4100018739700317,1.1283560991287231,1.5592541694641113]","[0.8534772992134094,1.3657243251800537,1.9445091485977173,1.2293639183044434,1.8216360807418823,1.6927028894424438,1.188323736190796,0.7241683602333069]",seeds/cell-007-8736a677897e/seed-0/checkpoint.pt,seeds/cell-007-8736a677897e/seed-0/snapshots/step-000050.pt
1,scaling-tuned-adamw-10seeds-v1,7097b902cc3f3a43380d0b66433b0a90ecf3915af0cdb913b8b407b76daf38af,cell-007-8736a677897e,7,8736a677897e13a1ae23687467e615ab06f0d9181249470e16e38ebb663f5144,0,3,100,32,4,8,2,4,16,adamw,0.003,0.0,800,512,0.0,8192,0.34443920850753784,0.883056640625,0.6780015826225281,0.684815526008606,4.619789123535156,"[1.6852048635482788,1.8484292030334473,2.2171990871429443,1.4153306484222412,1.7506797313690186,1.7051016092300415,1.4459102153778076,1.4270695447921753]","[0.8364968299865723,1.259600043296814,2.0769548416137695,1.2490925788879395,1.7565736770629883,1.6288856267929077,1.135159969329834,0.8583036661148071]",seeds/cell-007-8736a677897e/seed-0/checkpoint.pt,seeds/cell-007-8736a677897e/seed-0/snapshots/step-000100.pt
1,scaling-tuned-adamw-10seeds-v1,7097b902cc3f3a43380d0b66433b0a90ecf3915af0cdb913b8b407b76daf38af,cell-007-8736a677897e,7,8736a677897e13a1ae23687467e615ab06f0d9181249470e16e38ebb663f5144,0,4,200,32,4,8,2,4,16,adamw,0.003,0.0,800,512,0.0,8192,0.12326930463314056,0.9600830078125,0.8878551721572876,0.8898996710777283,4.286177158355713,"[1.9761135578155518,1.818418025970459,2.600403070449829,1.4062031507492065,1.887802004814148,1.774624228477478,1.5933243036270142,1.252465009689331]","[0.8229441046714783,1.0485838651657104,2.1211118698120117,1.213168978691101,1.5377402305603027,1.6091017723083496,1.0629141330718994,0.8594340085983276]",seeds/cell-007-8736a677897e/seed-0/checkpoint.pt,seeds/cell-007-8736a677897e/seed-0/snapshots/step-000200.pt
1,scaling-tuned-adamw-10seeds-v1,7097b902cc3f3a43380d0b66433b0a90ecf3915af0cdb913b8b407b76daf38af,cell-007-8736a677897e,7,8736a677897e13a1ae23687467e615ab06f0d9181249470e16e38ebb663f5144,0,5,400,32,4,8,2,4,16,adamw,0.003,0.0,800,512,0.0,8192,0.028263773769140244,0.990966796875,0.9683894515037537,0.971717119216919,4.010014057159424,"[2.4202589988708496,1.9547479152679443,3.0145370960235596,1.6151450872421265,2.1444249153137207,1.9870208501815796,1.7045402526855469,1.346802830696106]","[0.9970788955688477,0.8438441157341003,2.0672528743743896,1.0953487157821655,1.411900520324707,1.7706735134124756,1.0304808616638184,0.8901454210281372]",seeds/cell-007-8736a677897e/seed-0/checkpoint.pt,seeds/cell-007-8736a677897e/seed-0/snapshots/step-000400.pt
1,scaling-tuned-adamw-10seeds-v1,7097b902cc3f3a43380d0b66433b0a90ecf3915af0cdb913b8b407b76daf38af,cell-007-8736a677897e,7,8736a677897e13a1ae23687467e615ab06f0d9181249470e16e38ebb663f5144,0,6,800,32,4,8,2,4,16,adamw,0.003,0.0,800,512,0.0,8192,0.009432265534996986,0.9970703125,0.9919058680534363,0.9915828704833984,3.8116719722747803,"[2.7371766567230225,2.0761163234710693,3.2840049266815186,1.7290613651275635,2.376810073852539,2.1105477809906006,1.7633541822433472,1.154539942741394]","[1.1021846532821655,0.6643314361572266,2.082334041595459,1.068430781364441,1.4505970478057861,1.9481852054595947,1.0164680480957031,0.8228310346603394]",seeds/cell-007-8736a677897e/seed-0/checkpoint.pt,seeds/cell-007-8736a677897e/seed-0/snapshots/step-000800.pt
1,scaling-tuned-adamw-10seeds-v1,7097b902cc3f3a43380d0b66433b0a90ecf3915af0cdb913b8b407b76daf38af,cell-007-8736a677897e,7,8736a677897e13a1ae23687467e615ab06f0d9181249470e16e38ebb663f5144,1,0,0,32,4,8,2,4,16,adamw,0.003,0.0,800,512,0.0,8192,2.2743711471557617,0.50048828125,0.03159618377685547,0.03242747113108635,6.356571674346924,"[0.9988558888435364,1.7676092386245728,1.4131008386611938,1.619820475578308,2.0332839488983154,1.1912051439285278,1.8092049360275269,1.0342845916748047]","[1.1028680801391602,0.6511831283569336,1.0853729248046875,1.7776929140090942,1.193536639213562,1.4365060329437256,0.756332278251648,1.2218340635299683]",seeds/cell-007-8736a677897e/seed-1/checkpoint.pt,seeds/cell-007-8736a677897e/seed-1/snapshots/step-000000.pt
1,scaling-tuned-adamw-10seeds-v1,7097b902cc3f3a43380d0b66433b0a90ecf3915af0cdb913b8b407b76daf38af,cell-007-8736a677897e,7,8736a677897e13a1ae23687467e615ab06f0d9181249470e16e38ebb663f5144,1,1,25,32,4,8,2,4,16,adamw,0.003,0.0,800,512,0.0,8192,0.9243600368499756,0.6177978515625,0.07108999788761139,0.07296263426542282,6.184324264526367,"[0.997254490852356,1.8609442710876465,1.3748629093170166,1.6424702405929565,1.9996349811553955,1.1961796283721924,1.7800995111465454,1.0440584421157837]","[1.0825141668319702,0.7080941200256348,1.142074704170227,1.8310904502868652,1.2873561382293701,1.436735987663269,0.9129084348678589,1.3014605045318604]",seeds/cell-007-8736a677897e/seed-1/checkpoint.pt,seeds/cell-007-8736a677897e/seed-1/snapshots/step-000025.pt
1,scaling-tuned-adamw-10seeds-v1,7097b902cc3f3a43380d0b66433b0a90ecf3915af0cdb913b8b407b76daf38af,cell-007-8736a677897e,7,8736a677897e13a1ae23687467e615ab06f0d9181249470e16e38ebb663f5144,1,2,50,32,4,8,2,4,16,adamw,0.003,0.0,800,512,0.0,8192,0.8123425841331482,0.671142578125,0.18630379438400269,0.1740894615650177,6.085836887359619,"[1.0184890031814575,1.9554239511489868,1.4040498733520508,1.7311495542526245,1.879711389541626,1.2278467416763306,1.7381258010864258,1.115648627281189]","[1.083923578262329,0.7173524498939514,1.1206661462783813,1.8222951889038086,1.3350152969360352,1.5416018962860107,1.0203760862350464,1.397119402885437]",seeds/cell-007-8736a677897e/seed-1/checkpoint.pt,seeds/cell-007-8736a677897e/seed-1/snapshots/step-000050.pt
1,scaling-tuned-adamw-10seeds-v1,7097b902cc3f3a43380d0b66433b0a90ecf3915af0cdb913b8b407b76daf38af,cell-007-8736a677897e,7,8736a677897e13a1ae23687467e615ab06f0d9181249470e16e38ebb663f5144,1,3,100,32,4,8,2,4,16,adamw,0.003,0.0,800,512,0.0,8192,0.701972484588623,0.7308349609375,0.2984922528266907,0.2820656895637512,5.783082485198975,"[1.081727385520935,2.0308613777160645,1.4509040117263794,1.8887702226638794,1.6638137102127075,1.313478708267212,2.084591865539551,1.1756147146224976]","[1.1102268695831299,0.7156200408935547,1.0742008686065674,1.7657414674758911,1.270304560661316,1.5991147756576538,1.2710494995117188,1.4731593132019043]",seeds/cell-007-8736a677897e/seed-1/checkpoint.pt,seeds/cell-007-8736a677897e/seed-1/snapshots/step-000100.pt
1,scaling-tuned-adamw-10seeds-v1,7097b902cc3f3a43380d0b66433b0a90ecf3915af0cdb913b8b407b76daf38af,cell-007-8736a677897e,7,8736a677897e13a1ae23687467e615ab06f0d9181249470e16e38ebb663f5144,1,4,200,32,4,8,2,4,16,adamw,0.003,0.0,800,512,0.0,8192,0.22869610786437988,0.9212646484375,0.805576741695404,0.8043500185012817,4.690586090087891,"[1.1024023294448853,2.087013006210327,1.1905570030212402,2.03969669342041,1.7869820594787598,1.7363277673721313,2.9919304847717285,1.3209182024002075]","[1.0257823467254639,0.6595006585121155,0.8910868167877197,1.5602258443832397,1.1471092700958252,1.4776707887649536,2.296043872833252,1.189920425415039]",seeds/cell-007-8736a677897e/seed-1/checkpoint.pt,seeds/cell-007-8736a677897e/seed-1/snapshots/step-000200.pt
1,scaling-tuned-adamw-10seeds-v1,7097b902cc3f3a43380d0b66433b0a90ecf3915af0cdb913b8b407b76daf38af,cell-007-8736a677897e,7,8736a677897e13a1ae23687467e615ab06f0d9181249470e16e38ebb663f5144,1,5,400,32,4,8,2,4,16,adamw,0.003,0.0,800,512,0.0,8192,0.04845206066966057,0.9852294921875,0.947587251663208,0.9468257427215576,3.8631958961486816,"[1.129548192024231,2.188816547393799,1.10737144947052,2.2797939777374268,1.7146437168121338,1.7745829820632935,4.067892551422119,1.3664661645889282]","[0.9078431725502014,0.5903968811035156,0.78816819190979,1.4818322658538818,1.1051541566848755,1.22689950466156,3.5363247394561768,1.1172038316726685]",seeds/cell-007-8736a677897e/seed-1/checkpoint.pt,seeds/cell-007-8736a677897e/seed-1/snapshots/step-000400.pt
1,scaling-tuned-adamw-10seeds-v1,7097b902cc3f3a43380d0b66433b0a90ecf3915af0cdb913b8b407b76daf38af,cell-007-8736a677897e,7,8736a677897e13a1ae23687467e615ab06f0d9181249470e16e38ebb663f5144,1,6,800,32,4,8,2,4,16,adamw,0.003,0.0,800,512,0.0,8192,0.007188405841588974,0.998046875,0.9931455850601196,0.9960372447967529,3.3529763221740723,"[1.2396315336227417,2.333254814147949,1.124700665473938,2.3223817348480225,1.6446672677993774,1.8099197149276733,5.059638500213623,1.430224061012268]","[0.7777097821235657,0.55052250623703,0.6968870759010315,1.410884976387024,1.099931001663208,1.2032173871994019,4.568758010864258,1.0229921340942383]",seeds/cell-007-8736a677897e/seed-1/checkpoint.pt,seeds/cell-007-8736a677897e/seed-1/snapshots/step-000800.pt
1,scaling-tuned-adamw-10seeds-v1,7097b902cc3f3a43380d0b66433b0a90ecf3915af0cdb913b8b407b76daf38af,cell-007-8736a677897e,7,8736a677897e13a1ae23687467e615ab06f0d9181249470e16e38ebb663f5144,2,0,0,32,4,8,2,4,16,adamw,0.003,0.0,800,512,0.0,8192,5.675456523895264,0.4840087890625,-0.047231514006853104,-0.013834655284881592,6.8294243812561035,"[1.1917009353637695,0.6723191142082214,1.0969626903533936,0.706832230091095,1.6157801151275635,1.6312967538833618,1.4368438720703125,1.2130228281021118]","[1.2818598747253418,1.9074881076812744,1.3851312398910522,1.7222514152526855,1.3721063137054443,1.6943682432174683,1.1263792514801025,1.2827296257019043]",seeds/cell-007-8736a677897e/seed-2/checkpoint.pt,seeds/cell-007-8736a677897e/seed-2/snapshots/step-000000.pt
1,scaling-tuned-adamw-10seeds-v1,7097b902cc3f3a43380d0b66433b0a90ecf3915af0cdb913b8b407b76daf38af,cell-007-8736a677897e,7,8736a677897e13a1ae23687467e615ab06f0d9181249470e16e38ebb663f5144,2,1,25,32,4,8,2,4,16,adamw,0.003,0.0,800,512,0.0,8192,0.9545614719390869,0.6038818359375,0.08621572703123093,0.08306162059307098,6.820458889007568,"[1.2148504257202148,0.644374668598175,1.175923466682434,0.7495671510696411,1.706695556640625,1.6614524126052856,1.5882594585418701,1.2980669736862183]","[1.3147215843200684,1.9536597728729248,1.328849196434021,1.7757338285446167,1.5070521831512451,1.7458317279815674,1.1842621564865112,1.4287647008895874]",seeds/cell-007-8736a677897e/seed-2/checkpoint.pt,seeds/cell-007-8736a677897e/seed-2/snapshots/step-000025.pt
1,scaling-tuned-adamw-10seeds-v1,7097b902cc3f3a43380d0b66433b0a90ecf3915af0cdb913b8b407b76daf38af,cell-007-8736a677897e,7,8736a677897e13a1ae23687467e615ab06f0d9181249470e16e38ebb663f5144,2,2,50,32,4,8,2,4,16,adamw,0.003,0.0,800,512,0.0,8192,0.8814191222190857,0.6417236328125,0.10606670379638672,0.09667038917541504,6.778335094451904,"[1.2118505239486694,0.6291717290878296,1.183092474937439,0.7394633293151855,1.736835241317749,1.684775710105896,1.611773133277893,1.3174190521240234]","[1.3161836862564087,1.985154390335083,1.3184874057769775,1.7744247913360596,1.5445237159729004,1.7877944707870483,1.193291425704956,1.4621827602386475]",seeds/cell-007-8736a677897e/seed-2/checkpoint.pt,seeds/cell-007-8736a677897e/seed-2/snapshots/step-000050.pt
1,scaling-tuned-adamw-10seeds-v1,7097b902cc3f3a43380d0b66433b0a90ecf3915af0cdb913b8b407b76daf38af,cell-007-8736a677897e,7,8736a677897e13a1ae23687467e615ab06f0d9181249470e16e38ebb663f5144,2,3,100,32,4,8,2,4,16,adamw,0.003,0.0,800,512,0.0,8192,0.793874204158783,0.682373046875,0.19677722454071045,0.17082685232162476,6.705591201782227,"[1.1359431743621826,0.5874152779579163,1.1772880554199219,0.7211212515830994,1.7210516929626465,1.6935163736343384,1.5928970575332642,1.330852746963501]","[1.2931605577468872,2.023116111755371,1.3166463375091553,1.7359240055084229,1.554843783378601,1.8390178680419922,1.167893409729004,1.4781876802444458]",seeds/cell-007-8736a677897e/seed-2/checkpoint.pt,seeds/cell-007-8736a677897e/seed-2/snapshots/step-000100.pt
1,scaling-tuned-adamw-10seeds-v1,7097b902cc3f3a43380d0b66433b0a90ecf3915af0cdb913b8b407b76daf38af,cell-007-8736a677897e,7,8736a677897e13a1ae23687467e615ab06f0d9181249470e16e38ebb663f5144,2,4,200,32,4,8,2,4,16,adamw,0.003,0.0,800,512,0.0,8192,0.6810290217399597,0.74365234375,0.3078848123550415,0.2888365387916565,6.3061442375183105,"[1.0677732229232788,0.7210359573364258,1.1568995714187622,0.7325519323348999,1.7085940837860107,1.6761245727539062,1.5546581745147705,1.4840348958969116]","[1.274775743484497,1.9941811561584473,1.285992980003357,1.676087498664856,1.5671721696853638,1.8648866415023804,1.1349653005599976,1.4866411685943604]",seeds/cell-007-8736a677897e/seed-2/checkpoint.pt,seeds/cell-007-8736a677897e/seed-2/snapshots/step-000200.pt
1,scaling-tuned-adamw-10seeds-v1,7097b902cc3f3a43380d0b66433b0a90ecf3915af0cdb913b8b407b76daf38af,cell-007-8736a677897e,7,8736a677897e13a1ae23687467e615ab06f0d9181249470e16e38ebb663f5144,2,5,400,32,4,8,2,4,16,adamw,0.003,0.0,800,512,0.0,8192,0.3166429102420807,0.8994140625,0.6944917440414429,0.6880977749824524,5.2692036628723145,"[1.2485568523406982,1.5120289325714111,1.1733587980270386,0.9333414435386658,2.106311559677124,2.249035358428955,1.6537593603134155,1.9370828866958618]","[1.2774395942687988,1.819172739982605,1.213226079940796,1.4853752851486206,1.5836925506591797,2.047985553741455,1.1168842315673828,1.4517459869384766]",seeds/cell-007-8736a677897e/seed-2/checkpoint.pt,seeds/cell-007-8736a677897e/seed-2/snapshots/step-000400.pt
1,scaling-tuned-adamw-10seeds-v1,7097b902cc3f3a43380d0b66433b0a90ecf3915af0cdb913b8b407b76daf38af,cell-007-8736a677897e,7,8736a677897e13a1ae23687467e615ab06f0d9181249470e16e38ebb663f5144,2,6,800,32,4,8,2,4,16,adamw,0.003,0.0,800,512,0.0,8192,0.058608055114746094,0.9822998046875,0.9500070810317993,0.9350669384002686,4.936591625213623,"[1.629701018333435,2.1802754402160645,1.1706966161727905,1.0820322036743164,2.709547758102417,2.579521417617798,1.5783449411392212,2.1615686416625977]","[1.189920425415039,1.503292441368103,0.9862807989120483,1.3791992664337158,1.436372995376587,2.399186134338379,0.9621524214744568,1.297677993774414]",seeds/cell-007-8736a677897e/seed-2/checkpoint.pt,seeds/cell-007-8736a677897e/seed-2/snapshots/step-000800.pt
1,scaling-tuned-adamw-10seeds-v1,7097b902cc3f3a43380d0b66433b0a90ecf3915af0cdb913b8b407b76daf38af,cell-007-8736a677897e,7,8736a677897e13a1ae23687467e615ab06f0d9181249470e16e38ebb663f5144,3,0,0,32,4,8,2,4,16,adamw,0.003,0.0,800,512,0.0,8192,1.277778148651123,0.4332275390625,-0.057692915201187134,-0.050485894083976746,6.3028035163879395,"[1.248415231704712,0.8720983266830444,1.3493708372116089,1.3235390186309814,2.1695027351379395,1.2384196519851685,1.4865292310714722,1.2434533834457397]","[1.30172860622406,1.5249009132385254,1.7106714248657227,0.7076584100723267,1.6896096467971802,0.9416792392730713,1.5385395288467407,1.295953392982483]",seeds/cell-007-8736a677897e/seed-3/checkpoint.pt,seeds/cell-007-8736a677897e/seed-3/snapshots/step-000000.pt
1,scaling-tuned-adamw-10seeds-v1,7097b902cc3f3a43380d0b66433b0a90ecf3915af0cdb913b8b407b76daf38af,cell-007-8736a677897e,7,8736a677897e13a1ae23687467e615ab06f0d9181249470e16e38ebb663f5144,3,1,25,32,4,8,2,4,16,adamw,0.003,0.0,800,512,0.0,8192,0.895879864692688,0.6527099609375,0.07103788107633591,0.05593761429190636,6.150983810424805,"[1.2665107250213623,0.8514143228530884,1.448464035987854,1.1599950790405273,2.1793603897094727,1.132758378982544,1.4882245063781738,1.36086905002594]","[1.205095887184143,1.5104526281356812,1.7478766441345215,0.7241082787513733,1.8251748085021973,0.9479120969772339,1.4658534526824951,1.2950509786605835]",seeds/cell-007-8736a677897e/seed-3/checkpoint.pt,seeds/cell-007-8736a677897e/seed-3/snapshots/step-000025.pt
1,scaling-tuned-adamw-10seeds-v1,7097b902cc3f3a43380d0b66433b0a90ecf3915af0cdb913b8b407b76daf38af,cell-007-8736a677897e,7,8736a677897e13a1ae23687467e615ab06f0d9181249470e16e38ebb663f5144,3,2,50,32,4,8,2,4,16,adamw,0.003,0.0,800,512,0.0,8192,0.7591299414634705,0.7000732421875,0.24646314978599548,0.18817278742790222,6.024172306060791,"[1.219684362411499,0.8063185214996338,1.4089972972869873,1.01719069480896,2.158431053161621,1.1403148174285889,1.514951467514038,1.430078387260437]","[1.1703375577926636,1.5224549770355225,1.8462746143341064,0.7789666056632996,1.9698008298873901,1.0151214599609375,1.5761245489120483,1.2959909439086914]",seeds/cell-007-8736a677897e/seed-3/checkpoint.pt,seeds/cell-007-8736a677897e/seed-3/snapshots/step-000050.pt
1,scaling-tuned-adamw-10seeds-v1,7097b902cc3f3a43380d0b66433b0a90ecf3915af0cdb913b8b407b76daf38af,cell-007-8736a677897e,7,8736a677897e13a1ae23687467e615ab06f0d9181249470e16e38ebb663f5144,3,3,100,32,4,8,2,4,16,adamw,0.003,0.0,800,512,0.0,8192,0.5540024042129517,0.7877197265625,0.4545556604862213,0.4261295795440674,5.330305099487305,"[1.1213608980178833,1.0309616327285767,1.4734536409378052,1.1768790483474731,2.303129196166992,1.3887494802474976,1.752820611000061,1.5305449962615967]","[1.0278979539871216,1.4552631378173828,1.7739663124084473,0.7804185152053833,2.2267191410064697,1.0658971071243286,1.8124431371688843,1.2106496095657349]",seeds/cell-007-8736a677897e/seed-3/checkpoint.pt,seeds/cell-007-8736a677897e/seed-3/snapshots/step-000100.pt
1,scaling-tuned-adamw-10seeds-v1,7097b902cc3f3a43380d0b66433b0a90ecf3915af0cdb913b8b407b76daf38af,cell-007-8736a677897e,7,8736a677897e13a1ae23687467e615ab06f0d9181249470e16e38ebb663f5144,3,4,200,32,4,8,2,4,16,adamw,0.003,0.0,800,512,0.0,8192,0.15980961918830872,0.9473876953125,0.8409526944160461,0.8477124571800232,4.637317180633545,"[0.8720163702964783,1.3931859731674194,1.766640305519104,1.40410315990448,2.76344895362854,1.844833493232727,2.1310312747955322,1.560588002204895]","[0.8261899352073669,1.1289918422698975,1.5395382642745972,0.5272022485733032,2.980463981628418,1.0719133615493774,1.9991294145584106,1.1398200988769531]",seeds/cell-007-8736a677897e/seed-3/checkpoint.pt,seeds/cell-007-8736a677897e/seed-3/snapshots/step-000200.pt
1,scaling-tuned-adamw-10seeds-v1,7097b902cc3f3a43380d0b66433b0a90ecf3915af0cdb913b8b407b76daf38af,cell-007-8736a677897e,7,8736a677897e13a1ae23687467e615ab06f0d9181249470e16e38ebb663f5144,3,5,400,32,4,8,2,4,16,adamw,0.003,0.0,800,512,0.0,8192,0.03328908979892731,0.98974609375,0.9733360409736633,0.9952819347381592,4.136507511138916,"[0.8237599730491638,1.7048488855361938,1.8146405220031738,1.5988179445266724,3.496284246444702,2.2362868785858154,2.578768491744995,1.4947493076324463]","[0.7387434244155884,0.7487064003944397,1.316551923751831,0.4718039929866791,3.555189371109009,1.1531956195831299,2.056819438934326,1.0626574754714966]",seeds/cell-007-8736a677897e/seed-3/checkpoint.pt,seeds/cell-007-8736a677897e/seed-3/snapshots/step-000400.pt
1,scaling-tuned-adamw-10seeds-v1,7097b902cc3f3a43380d0b66433b0a90ecf3915af0cdb913b8b407b76daf38af,cell-007-8736a677897e,7,8736a677897e13a1ae23687467e615ab06f0d9181249470e16e38ebb663f5144,3,6,800,32,4,8,2,4,16,adamw,0.003,0.0,800,512,0.0,8192,0.009860305115580559,0.997314453125,0.9925273656845093,1.008448839187622,3.8228728771209717,"[0.9311103224754333,2.1215691566467285,1.7915982007980347,1.6960935592651367,4.2895121574401855,2.4976396560668945,3.0751912593841553,1.541589617729187]","[0.6648069024085999,0.5759137272834778,1.2680635452270508,0.45065057277679443,3.959512948989868,1.1962146759033203,2.0613300800323486,1.0668234825134277]",seeds/cell-007-8736a677897e/seed-3/checkpoint.pt,seeds/cell-007-8736a677897e/seed-3/snapshots/step-000800.pt
1,scaling-tuned-adamw-10seeds-v1,7097b902cc3f3a43380d0b66433b0a90ecf3915af0cdb913b8b407b76daf38af,cell-007-8736a677897e,7,8736a677897e13a1ae23687467e615ab06f0d9181249470e16e38ebb663f5144,4,0,0,32,4,8,2,4,16,adamw,0.003,0.0,800,512,0.0,8192,2.9529800415039062,0.5008544921875,0.014364128932356834,0.010554054751992226,6.341156959533691,"[1.4690433740615845,1.312828540802002,1.585540771484375,1.3050140142440796,1.5209568738937378,1.1070765256881714,0.9136645197868347,1.612779974937439]","[1.3894305229187012,1.5032082796096802,1.497883915901184,1.6636276245117188,1.2037453651428223,1.3338708877563477,1.7066019773483276,1.431196928024292]",seeds/cell-007-8736a677897e/seed-4/checkpoint.pt,seeds/cell-007-8736a677897e/seed-4/snapshots/step-000000.pt
1,scaling-tuned-adamw-10seeds-v1,7097b902cc3f3a43380d0b66433b0a90ecf3915af0cdb913b8b407b76daf38af,cell-007-8736a677897e,7,8736a677897e13a1ae23687467e615ab06f0d9181249470e16e38ebb663f5144,4,1,25,32,4,8,2,4,16,adamw,0.003,0.0,800,512,0.0,8192,0.9655061960220337,0.5740966796875,0.036149900406599045,0.025379670783877373,6.240198612213135,"[1.432462453842163,1.3041675090789795,1.5711426734924316,1.2917044162750244,1.553897738456726,1.1409484148025513,0.9213850498199463,1.6795326471328735]","[1.474841833114624,1.4720723628997803,1.4406131505966187,1.733447551727295,1.1596770286560059,1.5102548599243164,1.8464211225509644,1.479913353919983]",seeds/cell-007-8736a677897e/seed-4/checkpoint.pt,seeds/cell-007-8736a677897e/seed-4/snapshots/step-000025.pt
1,scaling-tuned-adamw-10seeds-v1,7097b902cc3f3a43380d0b66433b0a90ecf3915af0cdb913b8b407b76daf38af,cell-007-8736a677897e,7,8736a677897e13a1ae23687467e615ab06f0d9181249470e16e38ebb663f5144,4,2,50,32,4,8,2,4,16,adamw,0.003,0.0,800,512,0.0,8192,0.891944408416748,0.6441650390625,0.07873889058828354,0.0606350339949131,6.165252685546875,"[1.4228971004486084,1.3106396198272705,1.5457112789154053,1.2640867233276367,1.5290820598602295,1.1382455825805664,0.9253565073013306,1.685097098350525]","[1.4846489429473877,1.476847767829895,1.4448447227478027,1.7282404899597168,1.1916228532791138,1.516057014465332,1.8940150737762451,1.4923776388168335]",seeds/cell-007-8736a677897e/seed-4/checkpoint.pt,seeds/cell-007-8736a677897e/seed-4/snapshots/step-000050.pt
1,scaling-tuned-adamw-10seeds-v1,7097b902cc3f3a43380d0b66433b0a90ecf3915af0cdb913b8b407b76daf38af,cell-007-8736a677897e,7,8736a677897e13a1ae23687467e615ab06f0d9181249470e16e38ebb663f5144,4,3,100,32,4,8,2,4,16,adamw,0.003,0.0,800,512,0.0,8192,0.762879490852356,0.7025146484375,0.22828656435012817,0.18139219284057617,6.014552593231201,"[1.4923685789108276,1.3231955766677856,1.502741813659668,1.1674129962921143,1.473512887954712,1.1554018259048462,0.9085254073143005,1.5829859972000122]","[1.5530511140823364,1.4955124855041504,1.4781094789505005,1.684041976928711,1.2652955055236816,1.4790971279144287,1.843885898590088,1.534300684928894]",seeds/cell-007-8736a677897e/seed-4/checkpoint.pt,seeds/cell-007-8736a677897e/seed-4/snapshots/step-000100.pt
1,scaling-tuned-adamw-10seeds-v1,7097b902cc3f3a43380d0b66433b0a90ecf3915af0cdb913b8b407b76daf38af,cell-007-8736a677897e,7,8736a677897e13a1ae23687467e615ab06f0d9181249470e16e38ebb663f5144,4,4,200,32,4,8,2,4,16,adamw,0.003,0.0,800,512,0.0,8192,0.525039553642273,0.8111572265625,0.4808570444583893,0.4430287480354309,5.06265115737915,"[1.5494625568389893,1.6050896644592285,1.7400323152542114,1.3590062856674194,1.6240652799606323,1.2146525382995605,0.9691979289054871,1.5807892084121704]","[1.5622344017028809,1.5634011030197144,1.5939782857894897,1.624531865119934,1.2809216976165771,1.3643748760223389,1.6398297548294067,1.5673940181732178]",seeds/cell-007-8736a677897e/seed-4/checkpoint.pt,seeds/cell-007-8736a677897e/seed-4/snapshots/step-000200.pt
1,scaling-tuned-adamw-10seeds-v1,7097b902cc3f3a43380d0b66433b0a90ecf3915af0cdb913b8b407b76daf38af,cell-007-8736a677897e,7,8736a677897e13a1ae23687467e615ab06f0d9181249470e16e38ebb663f5144,4,5,400,32,4,8,2,4,16,adamw,0.003,0.0,800,512,0.0,8192,0.12266211211681366,0.959716796875,0.8894203901290894,0.8841285705566406,4.7317399978637695,"[1.2311214208602905,2.4393107891082764,1.9977940320968628,1.8471916913986206,1.974733591079712,1.3730123043060303,1.2599056959152222,2.067640542984009]","[1.2592610120773315,1.7345635890960693,1.5862631797790527,1.566688060760498,1.29397451877594,1.1327600479125977,1.4300012588500977,1.5822187662124634]",seeds/cell-007-8736a677897e/seed-4/checkpoint.pt,seeds/cell-007-8736a677897e/seed-4/snapshots/step-000400.pt
1,scaling-tuned-adamw-10seeds-v1,7097b902cc3f3a43380d0b66433b0a90ecf3915af0cdb913b8b407b76daf38af,cell-007-8736a677897e,7,8736a677897e13a1ae23687467e615ab06f0d9181249470e16e38ebb663f5144,4,6,800,32,4,8,2,4,16,adamw,0.003,0.0,800,512,0.0,8192,0.017371878027915955,0.99560546875,0.9805496335029602,0.9761738181114197,4.37171745300293,"[1.4460207223892212,2.83174204826355,1.9254941940307617,2.188843011856079,2.0594518184661865,1.7988277673721313,1.4546111822128296,2.380110263824463]","[1.1998430490493774,1.6069351434707642,1.4457623958587646,1.5115381479263306,1.2461103200912476,1.1638827323913574,1.3246697187423706,1.5663667917251587]",seeds/cell-007-8736a677897e/seed-4/checkpoint.pt,seeds/cell-007-8736a677897e/seed-4/snapshots/step-000800.pt
1,scaling-tuned-adamw-10seeds-v1,7097b902cc3f3a43380d0b66433b0a90ecf3915af0cdb913b8b407b76daf38af,cell-007-8736a677897e,7,8736a677897e13a1ae23687467e615ab06f0d9181249470e16e38ebb663f5144,5,0,0,32,4,8,2,4,16,adamw,0.003,0.0,800,512,0.0,8192,1.418917179107666,0.5106201171875,0.018339883536100388,0.009881199337542057,6.122547626495361,"[1.1753596067428589,1.434921145439148,1.748321294784546,1.7130398750305176,0.8161408305168152,1.7206288576126099,1.5462168455123901,1.2877269983291626]","[1.5733585357666016,1.4749855995178223,0.9085158705711365,1.1636362075805664,1.2290380001068115,1.2132418155670166,1.7451205253601074,1.603430986404419]",seeds/cell-007-8736a677897e/seed-5/checkpoint.pt,seeds/cell-007-8736a677897e/seed-5/snapshots/step-000000.pt
1,scaling-tuned-adamw-10seeds-v1,7097b902cc3f3a43380d0b66433b0a90ecf3915af0cdb913b8b407b76daf38af,cell-007-8736a677897e,7,8736a677897e13a1ae23687467e615ab06f0d9181249470e16e38ebb663f5144,5,1,25,32,4,8,2,4,16,adamw,0.003,0.0,800,512,0.0,8192,0.8683077096939087,0.65380859375,0.1217559278011322,0.09846373647451401,6.040402889251709,"[1.2755306959152222,1.4254745244979858,1.7802454233169556,1.8237138986587524,0.864636242389679,1.7504593133926392,1.598361611366272,1.1989327669143677]","[1.5853713750839233,1.539888858795166,1.0415716171264648,1.2379597425460815,1.347515344619751,1.2003098726272583,1.8475573062896729,1.5778717994689941]",seeds/cell-007-8736a677897e/seed-5/checkpoint.pt,seeds/cell-007-8736a677897e/seed-5/snapshots/step-000025.pt
1,scaling-tuned-adamw-10seeds-v1,7097b902cc3f3a43380d0b66433b0a90ecf3915af0cdb913b8b407b76daf38af,cell-007-8736a677897e,7,8736a677897e13a1ae23687467e615ab06f0d9181249470e16e38ebb663f5144,5,2,50,32,4,8,2,4,16,adamw,0.003,0.0,800,512,0.0,8192,0.7729603052139282,0.702392578125,0.23207461833953857,0.1980953961610794,5.937249183654785,"[1.343960165977478,1.43325674533844,1.778786063194275,1.9376959800720215,0.8953744769096375,1.7692914009094238,1.6316596269607544,1.1803845167160034]","[1.6332674026489258,1.5320022106170654,1.1748859882354736,1.2965219020843506,1.3535230159759521,1.2086910009384155,1.904910683631897,1.5727955102920532]",seeds/cell-007-8736a677897e/seed-5/checkpoint.pt,seeds/cell-007-8736a677897e/seed-5/snapshots/step-000050.pt
1,scaling-tuned-adamw-10seeds-v1,7097b902cc3f3a43380d0b66433b0a90ecf3915af0cdb913b8b407b76daf38af,cell-007-8736a677897e,7,8736a677897e13a1ae23687467e615ab06f0d9181249470e16e38ebb663f5144,5,3,100,32,4,8,2,4,16,adamw,0.003,0.0,800,512,0.0,8192,0.6223449110984802,0.768798828125,0.3578585386276245,0.34114623069763184,5.880807399749756,"[1.5936747789382935,1.5788486003875732,1.9523530006408691,1.9811738729476929,0.9289380311965942,1.865551233291626,1.730657935142517,1.250136137008667]","[1.8142502307891846,1.4875308275222778,1.213351845741272,1.3166388273239136,1.3730378150939941,1.22221839427948,1.9127988815307617,1.5879966020584106]",seeds/cell-007-8736a677897e/seed-5/checkpoint.pt,seeds/cell-007-8736a677897e/seed-5/snapshots/step-000100.pt
1,scaling-tuned-adamw-10seeds-v1,7097b902cc3f3a43380d0b66433b0a90ecf3915af0cdb913b8b407b76daf38af,cell-007-8736a677897e,7,8736a677897e13a1ae23687467e615ab06f0d9181249470e16e38ebb663f5144,5,4,200,32,4,8,2,4,16,adamw,0.003,0.0,800,512,0.0,8192,0.3251989185810089,0.891357421875,0.6525532603263855,0.6558664441108704,5.173323631286621,"[2.1155929565429688,1.6933109760284424,2.544693946838379,2.017556667327881,0.9888038039207458,2.106921672821045,1.976378083229065,1.5969563722610474]","[2.067711591720581,1.369265079498291,1.5497251749038696,1.1555479764938354,1.4526172876358032,1.2174056768417358,1.9003396034240723,1.6682490110397339]",seeds/cell-007-8736a677897e/seed-5/checkpoint.pt,seeds/cell-007-8736a677897e/seed-5/snapshots/step-000200.pt
1,scaling-tuned-adamw-10seeds-v1,7097b902cc3f3a43380d0b66433b0a90ecf3915af0cdb913b8b407b76daf38af,cell-007-8736a677897e,7,8736a677897e13a1ae23687467e615ab06f0d9181249470e16e38ebb663f5144,5,5,400,32,4,8,2,4,16,adamw,0.003,0.0,800,512,0.0,8192,0.13388553261756897,0.958251953125,0.8581704497337341,0.871265172958374,4.47721004486084,"[2.5814385414123535,1.7306631803512573,2.7392613887786865,2.8278708457946777,0.9853520393371582,2.3088114261627197,2.3276796340942383,1.7477459907531738]","[1.7712481021881104,1.2498196363449097,1.596177577972412,1.082196831703186,1.3705308437347412,1.2718418836593628,1.7889988422393799,1.8114856481552124]",seeds/cell-007-8736a677897e/seed-5/checkpoint.pt,seeds/cell-007-8736a677897e/seed-5/snapshots/step-000400.pt
1,scaling-tuned-adamw-10seeds-v1,7097b902cc3f3a43380d0b66433b0a90ecf3915af0cdb913b8b407b76daf38af,cell-007-8736a677897e,7,8736a677897e13a1ae23687467e615ab06f0d9181249470e16e38ebb663f5144,5,6,800,32,4,8,2,4,16,adamw,0.003,0.0,800,512,0.0,8192,0.03558877855539322,0.9896240234375,0.9525158405303955,0.9570811986923218,4.343270301818848,"[2.806845188140869,2.3737590312957764,3.0387983322143555,3.907674789428711,0.9738160967826843,2.445983648300171,2.6757640838623047,1.8302780389785767]","[1.4592386484146118,1.193413257598877,1.4987211227416992,1.038361668586731,1.2453346252441406,1.2719253301620483,1.6433504819869995,1.8334262371063232]",seeds/cell-007-8736a677897e/seed-5/checkpoint.pt,seeds/cell-007-8736a677897e/seed-5/snapshots/step-000800.pt
1,scaling-tuned-adamw-10seeds-v1,7097b902cc3f3a43380d0b66433b0a90ecf3915af0cdb913b8b407b76daf38af,cell-007-8736a677897e,7,8736a677897e13a1ae23687467e615ab06f0d9181249470e16e38ebb663f5144,6,0,0,32,4,8,2,4,16,adamw,0.003,0.0,800,512,0.0,8192,1.126880407333374,0.5062255859375,0.004989276640117168,-0.007427354343235493,6.555999279022217,"[1.2122397422790527,1.4957938194274902,1.551030158996582,1.6294509172439575,1.464975357055664,1.2463434934616089,1.081093668937683,1.2062150239944458]","[1.8405624628067017,1.2703684568405151,1.7295182943344116,1.1466739177703857,1.375704050064087,1.0300781726837158,1.8137973546981812,1.2838444709777832]",seeds/cell-007-8736a677897e/seed-6/checkpoint.pt,seeds/cell-007-8736a677897e/seed-6/snapshots/step-000000.pt
1,scaling-tuned-adamw-10seeds-v1,7097b902cc3f3a43380d0b66433b0a90ecf3915af0cdb913b8b407b76daf38af,cell-007-8736a677897e,7,8736a677897e13a1ae23687467e615ab06f0d9181249470e16e38ebb663f5144,6,1,25,32,4,8,2,4,16,adamw,0.003,0.0,800,512,0.0,8192,0.8602324724197388,0.6602783203125,0.12361777573823929,0.10803306102752686,6.569279670715332,"[1.1757428646087646,1.394810676574707,1.4728469848632812,1.6520755290985107,1.4937381744384766,1.230666995048523,1.0630334615707397,1.2762731313705444]","[1.832899570465088,1.30040442943573,1.651388168334961,1.2807886600494385,1.451116681098938,1.0657854080200195,1.8686151504516602,1.3130791187286377]",seeds/cell-007-8736a677897e/seed-6/checkpoint.pt,seeds/cell-007-8736a677897e/seed-6/snapshots/step-000025.pt
1,scaling-tuned-adamw-10seeds-v1,7097b902cc3f3a43380d0b66433b0a90ecf3915af0cdb913b8b407b76daf38af,cell-007-8736a677897e,7,8736a677897e13a1ae23687467e615ab06f0d9181249470e16e38ebb663f5144,6,2,50,32,4,8,2,4,16,adamw,0.003,0.0,800,512,0.0,8192,0.7493177652359009,0.7135009765625,0.24122250080108643,0.2226744145154953,6.535862922668457,"[1.1322894096374512,1.3551621437072754,1.4675575494766235,1.6536248922348022,1.4718340635299683,1.1285432577133179,1.109905481338501,1.3590008020401]","[1.8716505765914917,1.3886957168579102,1.5889308452606201,1.3012359142303467,1.5198595523834229,1.095908761024475,1.9168540239334106,1.344881296157837]",seeds/cell-007-8736a677897e/seed-6/checkpoint.pt,seeds/cell-007-8736a677897e/seed-6/snapshots/step-000050.pt
1,scaling-tuned-adamw-10seeds-v1,7097b902cc3f3a43380d0b66433b0a90ecf3915af0cdb913b8b407b76daf38af,cell-007-8736a677897e,7,8736a677897e13a1ae23687467e615ab06f0d9181249470e16e38ebb663f5144,6,3,100,32,4,8,2,4,16,adamw,0.003,0.0,800,512,0.0,8192,0.5071545839309692,0.8212890625,0.494741290807724,0.49920594692230225,6.12837028503418,"[1.3965095281600952,1.4415578842163086,1.642421007156372,1.6538456678390503,1.4073524475097656,1.075665831565857,1.3149135112762451,1.6654711961746216]","[1.8518083095550537,1.4665597677230835,1.5419565439224243,1.1944549083709717,1.5756915807724,1.0449531078338623,2.0293755531311035,1.3389475345611572]",seeds/cell-007-8736a677897e/seed-6/checkpoint.pt,seeds/cell-007-8736a677897e/seed-6/snapshots/step-000100.pt
1,scaling-tuned-adamw-10seeds-v1,7097b902cc3f3a43380d0b66433b0a90ecf3915af0cdb913b8b407b76daf38af,cell-007-8736a677897e,7,8736a677897e13a1ae23687467e615ab06f0d9181249470e16e38ebb663f5144,6,4,200,32,4,8,2,4,16,adamw,0.003,0.0,800,512,0.0,8192,0.20447514951229095,0.9326171875,0.8005298972129822,0.8109985589981079,5.218496799468994,"[1.711072325706482,1.6116468906402588,1.9225869178771973,1.6792335510253906,1.1732263565063477,1.3178242444992065,1.5682097673416138,1.9010441303253174]","[1.6422024965286255,1.4700713157653809,1.4232326745986938,1.0971828699111938,1.5584102869033813,0.9981445670127869,1.9894706010818481,1.245601773262024]",seeds/cell-007-8736a677897e/seed-6/checkpoint.pt,seeds/cell-007-8736a677897e/seed-6/snapshots/step-000200.pt
1,scaling-tuned-adamw-10seeds-v1,7097b902cc3f3a43380d0b66433b0a90ecf3915af0cdb913b8b407b76daf38af,cell-007-8736a677897e,7,8736a677897e13a1ae23687467e615ab06f0d9181249470e16e38ebb663f5144,6,5,400,32,4,8,2,4,16,adamw,0.003,0.0,800,512,0.0,8192,0.05806942284107208,0.9815673828125,0.944169282913208,0.9549865126609802,4.7985639572143555,"[2.1370720863342285,1.8467756509780884,2.4369800090789795,1.775905966758728,0.9925185441970825,1.5181151628494263,2.019136667251587,1.9620361328125]","[1.5426747798919678,1.2253221273422241,1.319232702255249,0.9360045194625854,1.5939092636108398,1.0078721046447754,1.9854236841201782,1.272463083267212]",seeds/cell-007-8736a677897e/seed-6/checkpoint.pt,seeds/cell-007-8736a677897e/seed-6/snapshots/step-000400.pt
1,scaling-tuned-adamw-10seeds-v1,7097b902cc3f3a43380d0b66433b0a90ecf3915af0cdb913b8b407b76daf38af,cell-007-8736a677897e,7,8736a677897e13a1ae23687467e615ab06f0d9181249470e16e38ebb663f5144,6,6,800,32,4,8,2,4,16,adamw,0.003,0.0,800,512,0.0,8192,0.011380418203771114,0.996826171875,0.9898524284362793,1.0087686777114868,4.609637260437012,"[2.5299909114837646,1.9506230354309082,3.004624605178833,2.0295815467834473,0.9955664277076721,1.726967215538025,2.354649543762207,1.9839566946029663]","[1.3975803852081299,1.0676912069320679,1.2710572481155396,0.8386386036872864,1.6433340311050415,0.993281364440918,2.0261964797973633,1.2566999197006226]",seeds/cell-007-8736a677897e/seed-6/checkpoint.pt,seeds/cell-007-8736a677897e/seed-6/snapshots/step-000800.pt
1,scaling-tuned-adamw-10seeds-v1,7097b902cc3f3a43380d0b66433b0a90ecf3915af0cdb913b8b407b76daf38af,cell-007-8736a677897e,7,8736a677897e13a1ae23687467e615ab06f0d9181249470e16e38ebb663f5144,7,0,0,32,4,8,2,4,16,adamw,0.003,0.0,800,512,0.0,8192,2.2411208152770996,0.55419921875,0.18707633018493652,0.18957552313804626,6.868821620941162,"[1.603026032447815,1.0735139846801758,1.3053700923919678,1.3992396593093872,2.3194823265075684,1.9346507787704468,1.057348608970642,1.3332619667053223]","[1.0054872035980225,1.3981074094772339,1.2204195261001587,1.6968889236450195,0.8450921177864075,2.199169158935547,1.3466252088546753,0.9637018442153931]",seeds/cell-007-8736a677897e/seed-7/checkpoint.pt,seeds/cell-007-8736a677897e/seed-7/snapshots/step-000000.pt
1,scaling-tuned-adamw-10seeds-v1,7097b902cc3f3a43380d0b66433b0a90ecf3915af0cdb913b8b407b76daf38af,cell-007-8736a677897e,7,8736a677897e13a1ae23687467e615ab06f0d9181249470e16e38ebb663f5144,7,1,25,32,4,8,2,4,16,adamw,0.003,0.0,800,512,0.0,8192,0.8791155815124512,0.644287109375,0.1091267466545105,0.10309642553329468,6.938444137573242,"[1.5933432579040527,1.0654679536819458,1.2790274620056152,1.4234939813613892,2.2848737239837646,1.8084347248077393,1.0572675466537476,1.455576777458191]","[1.0585274696350098,1.4764293432235718,1.2653884887695312,1.7452340126037598,0.8433012366294861,2.180952787399292,1.429703950881958,0.9348545074462891]",seeds/cell-007-8736a677897e/seed-7/checkpoint.pt,seeds/cell-007-8736a677897e/seed-7/snapshots/step-000025.pt
1,scaling-tuned-adamw-10seeds-v1,7097b902cc3f3a43380d0b66433b0a90ecf3915af0cdb913b8b407b76daf38af,cell-007-8736a677897e,7,8736a677897e13a1ae23687467e615ab06f0d9181249470e16e38ebb663f5144,7,2,50,32,4,8,2,4,16,adamw,0.003,0.0,800,512,0.0,8192,0.7892435789108276,0.69384765625,0.22801309823989868,0.20250274240970612,6.921468734741211,"[1.5885627269744873,1.0546799898147583,1.2371450662612915,1.4650893211364746,2.2457685470581055,1.7537622451782227,1.063288688659668,1.450459599494934]","[1.0414155721664429,1.4643816947937012,1.3336758613586426,1.80401611328125,0.837443470954895,2.1729328632354736,1.4637919664382935,0.8994037508964539]",seeds/cell-007-8736a677897e/seed-7/checkpoint.pt,seeds/cell-007-8736a677897e/seed-7/snapshots/step-000050.pt
1,scaling-tuned-adamw-10seeds-v1,7097b902cc3f3a43380d0b66433b0a90ecf3915af0cdb913b8b407b76daf38af,cell-007-8736a677897e,7,8736a677897e13a1ae23687467e615ab06f0d9181249470e16e38ebb663f5144,7,3,100,32,4,8,2,4,16,adamw,0.003,0.0,800,512,0.0,8192,0.6762964129447937,0.747802734375,0.3372507095336914,0.327129602432251,6.689272880554199,"[1.6621426343917847,1.0656229257583618,1.2695183753967285,1.7249966859817505,2.2337913513183594,1.6751278638839722,1.1891565322875977,1.4204968214035034]","[1.0432474613189697,1.4291576147079468,1.3066149950027466,1.8750622272491455,0.8077843189239502,2.1701414585113525,1.4385544061660767,0.8915279507637024]",seeds/cell-007-8736a677897e/seed-7/checkpoint.pt,seeds/cell-007-8736a677897e/seed-7/snapshots/step-000100.pt
1,scaling-tuned-adamw-10seeds-v1,7097b902cc3f3a43380d0b66433b0a90ecf3915af0cdb913b8b407b76daf38af,cell-007-8736a677897e,7,8736a677897e13a1ae23687467e615ab06f0d9181249470e16e38ebb663f5144,7,4,200,32,4,8,2,4,16,adamw,0.003,0.0,800,512,0.0,8192,0.3187628388404846,0.89453125,0.6916247010231018,0.73545241355896,5.817715644836426,"[2.261916160583496,1.0823742151260376,1.659486174583435,2.190518379211426,2.2695417404174805,1.659123182296753,1.5394271612167358,1.358232021331787]","[1.152988314628601,1.3197160959243774,1.2513835430145264,2.10565185546875,0.8869470953941345,2.1305079460144043,1.405419111251831,0.9506145119667053]",seeds/cell-007-8736a677897e/seed-7/checkpoint.pt,seeds/cell-007-8736a677897e/seed-7/snapshots/step-000200.pt
1,scaling-tuned-adamw-10seeds-v1,7097b902cc3f3a43380d0b66433b0a90ecf3915af0cdb913b8b407b76daf38af,cell-007-8736a677897e,7,8736a677897e13a1ae23687467e615ab06f0d9181249470e16e38ebb663f5144,7,5,400,32,4,8,2,4,16,adamw,0.003,0.0,800,512,0.0,8192,0.03583814203739166,0.990478515625,0.9663811922073364,0.9915357828140259,5.087984561920166,"[2.7098019123077393,1.00474214553833,2.1559016704559326,2.750246286392212,2.1072072982788086,1.593234658241272,1.390636920928955,1.2568166255950928]","[1.3926143646240234,1.3077054023742676,1.2344801425933838,1.9973911046981812,0.9525001049041748,2.064443349838257,1.3138607740402222,0.9190922379493713]",seeds/cell-007-8736a677897e/seed-7/checkpoint.pt,seeds/cell-007-8736a677897e/seed-7/snapshots/step-000400.pt
1,scaling-tuned-adamw-10seeds-v1,7097b902cc3f3a43380d0b66433b0a90ecf3915af0cdb913b8b407b76daf38af,cell-007-8736a677897e,7,8736a677897e13a1ae23687467e615ab06f0d9181249470e16e38ebb663f5144,7,6,800,32,4,8,2,4,16,adamw,0.003,0.0,800,512,0.0,8192,0.007030031643807888,0.9981689453125,0.995058000087738,1.0178557634353638,4.9654765129089355,"[2.8185739517211914,1.0624325275421143,2.4689033031463623,3.131944417953491,2.2265467643737793,1.6675721406936646,1.2371399402618408,1.282160997390747]","[1.4339946508407593,1.3772245645523071,1.2238184213638306,1.9319051504135132,0.9755962491035461,2.0840277671813965,1.2736256122589111,0.9283047914505005]",seeds/cell-007-8736a677897e/seed-7/checkpoint.pt,seeds/cell-007-8736a677897e/seed-7/snapshots/step-000800.pt
1,scaling-tuned-adamw-10seeds-v1,7097b902cc3f3a43380d0b66433b0a90ecf3915af0cdb913b8b407b76daf38af,cell-007-8736a677897e,7,8736a677897e13a1ae23687467e615ab06f0d9181249470e16e38ebb663f5144,8,0,0,32,4,8,2,4,16,adamw,0.003,0.0,800,512,0.0,8192,1.0295612812042236,0.55322265625,0.06342947483062744,0.06879454851150513,5.925403594970703,"[1.4774075746536255,1.7854684591293335,1.2178385257720947,1.152243971824646,0.9702256917953491,1.1448032855987549,1.3504900932312012,1.6728124618530273]","[1.4815186262130737,1.0551248788833618,0.8356828093528748,1.7456902265548706,1.2152585983276367,1.488373041152954,0.7737213373184204,1.4571927785873413]",seeds/cell-007-8736a677897e/seed-8/checkpoint.pt,seeds/cell-007-8736a677897e/seed-8/snapshots/step-000000.pt
1,scaling-tuned-adamw-10seeds-v1,7097b902cc3f3a43380d0b66433b0a90ecf3915af0cdb913b8b407b76daf38af,cell-007-8736a677897e,7,8736a677897e13a1ae23687467e615ab06f0d9181249470e16e38ebb663f5144,8,1,25,32,4,8,2,4,16,adamw,0.003,0.0,800,512,0.0,8192,0.7920026779174805,0.6939697265625,0.21669664978981018,0.19875094294548035,5.828625202178955,"[1.432181477546692,1.7393735647201538,1.155884027481079,1.1283390522003174,0.9776769280433655,1.1480273008346558,1.4402977228164673,1.6775333881378174]","[1.3799831867218018,1.0093404054641724,0.835498034954071,1.9124765396118164,1.1610325574874878,1.4647176265716553,0.8165000677108765,1.5899624824523926]",seeds/cell-007-8736a677897e/seed-8/checkpoint.pt,seeds/cell-007-8736a677897e/seed-8/snapshots/step-000025.pt
1,scaling-tuned-adamw-10seeds-v1,7097b902cc3f3a43380d0b66433b0a90ecf3915af0cdb913b8b407b76daf38af,cell-007-8736a677897e,7,8736a677897e13a1ae23687467e615ab06f0d9181249470e16e38ebb663f5144,8,2,50,32,4,8,2,4,16,adamw,0.003,0.0,800,512,0.0,8192,0.7018386125564575,0.7376708984375,0.2899816334247589,0.2685960829257965,5.767981052398682,"[1.358883023262024,1.7458422183990479,1.1283506155014038,1.184561014175415,1.017548680305481,1.092162013053894,1.5858067274093628,1.666045904159546]","[1.3292075395584106,0.9985860586166382,0.8296157717704773,1.8877419233322144,1.1561527252197266,1.4779222011566162,0.8875865936279297,1.7123734951019287]",seeds/cell-007-8736a677897e/seed-8/checkpoint.pt,seeds/cell-007-8736a677897e/seed-8/snapshots/step-000050.pt
1,scaling-tuned-adamw-10seeds-v1,7097b902cc3f3a43380d0b66433b0a90ecf3915af0cdb913b8b407b76daf38af,cell-007-8736a677897e,7,8736a677897e13a1ae23687467e615ab06f0d9181249470e16e38ebb663f5144,8,3,100,32,4,8,2,4,16,adamw,0.003,0.0,800,512,0.0,8192,0.4241994619369507,0.846435546875,0.5803629159927368,0.5722246170043945,5.592094898223877,"[1.3593974113464355,1.6022242307662964,1.2361955642700195,1.5249874591827393,1.278672218322754,1.1482598781585693,1.9374237060546875,1.8443049192428589]","[1.2053778171539307,0.9051842093467712,0.8078837990760803,1.640170693397522,1.125462532043457,1.3510217666625977,0.9924506545066833,1.9842230081558228]",seeds/cell-007-8736a677897e/seed-8/checkpoint.pt,seeds/cell-007-8736a677897e/seed-8/snapshots/step-000100.pt
1,scaling-tuned-adamw-10seeds-v1,7097b902cc3f3a43380d0b66433b0a90ecf3915af0cdb913b8b407b76daf38af,cell-007-8736a677897e,7,8736a677897e13a1ae23687467e615ab06f0d9181249470e16e38ebb663f5144,8,4,200,32,4,8,2,4,16,adamw,0.003,0.0,800,512,0.0,8192,0.10071393102407455,0.96826171875,0.9029780626296997,0.9158468246459961,5.145168304443359,"[1.6300004720687866,1.4573220014572144,1.408431887626648,2.0006372928619385,1.3167999982833862,1.3015646934509277,2.4389939308166504,2.081455707550049]","[0.9907128810882568,0.78136146068573,0.6756324768066406,1.4024450778961182,1.0412108898162842,1.1987857818603516,1.3545262813568115,2.293397903442383]",seeds/cell-007-8736a677897e/seed-8/checkpoint.pt,seeds/cell-007-8736a677897e/seed-8/snapshots/step-000200.pt
1,scaling-tuned-adamw-10seeds-v1,7097b902cc3f3a43380d0b66433b0a90ecf3915af0cdb913b8b407b76daf38af,cell-007-8736a677897e,7,8736a677897e13a1ae23687467e615ab06f0d9181249470e16e38ebb663f5144,8,5,400,32,4,8,2,4,16,adamw,0.003,0.0,800,512,0.0,8192,0.023625191301107407,0.9927978515625,0.977353572845459,0.987902045249939,4.910928249359131,"[1.6843422651290894,1.2842330932617188,1.4317958354949951,2.4145429134368896,1.1218968629837036,1.3359098434448242,2.750152826309204,2.4392032623291016]","[0.83384108543396,0.6774596571922302,0.6033397316932678,1.246937870979309,0.9908826947212219,1.096761703491211,1.5621312856674194,2.4296469688415527]",seeds/cell-007-8736a677897e/seed-8/checkpoint.pt,seeds/cell-007-8736a677897e/seed-8/snapshots/step-000400.pt
1,scaling-tuned-adamw-10seeds-v1,7097b902cc3f3a43380d0b66433b0a90ecf3915af0cdb913b8b407b76daf38af,cell-007-8736a677897e,7,8736a677897e13a1ae23687467e615ab06f0d9181249470e16e38ebb663f5144,8,6,800,32,4,8,2,4,16,adamw,0.003,0.0,800,512,0.0,8192,0.010181495919823647,0.996826171875,0.9853150844573975,0.9820418357849121,4.846479892730713,"[1.9111313819885254,1.251459002494812,1.5879088640213013,2.756197214126587,1.082046627998352,1.4226306676864624,3.028398275375366,2.6937825679779053]","[0.7713735103607178,0.6383852362632751,0.5480297207832336,1.1659208536148071,1.0255489349365234,1.0850211381912231,1.6345632076263428,2.5254080295562744]",seeds/cell-007-8736a677897e/seed-8/checkpoint.pt,seeds/cell-007-8736a677897e/seed-8/snapshots/step-000800.pt
1,scaling-tuned-adamw-10seeds-v1,7097b902cc3f3a43380d0b66433b0a90ecf3915af0cdb913b8b407b76daf38af,cell-007-8736a677897e,7,8736a677897e13a1ae23687467e615ab06f0d9181249470e16e38ebb663f5144,9,0,0,32,4,8,2,4,16,adamw,0.003,0.0,800,512,0.0,8192,2.8344626426696777,0.3875732421875,-0.2857445180416107,-0.22850671410560608,6.742682456970215,"[0.9800448417663574,1.1793876886367798,1.7733789682388306,1.080414056777954,1.1364766359329224,1.723510980606079,1.7772654294967651,0.8293948769569397]","[1.8692196607589722,1.0194028615951538,0.9068048596382141,1.2778412103652954,1.3287122249603271,1.0753092765808105,1.3139396905899048,1.4858129024505615]",seeds/cell-007-8736a677897e/seed-9/checkpoint.pt,seeds/cell-007-8736a677897e/seed-9/snapshots/step-000000.pt
1,scaling-tuned-adamw-10seeds-v1,7097b902cc3f3a43380d0b66433b0a90ecf3915af0cdb913b8b407b76daf38af,cell-007-8736a677897e,7,8736a677897e13a1ae23687467e615ab06f0d9181249470e16e38ebb663f5144,9,1,25,32,4,8,2,4,16,adamw,0.003,0.0,800,512,0.0,8192,0.9166818857192993,0.62744140625,0.06309061497449875,0.050605665892362595,6.611367225646973,"[1.040540337562561,1.2126160860061646,1.830891489982605,1.1188687086105347,1.1263314485549927,1.804565668106079,1.8802086114883423,0.8005155324935913]","[1.946290135383606,1.1053504943847656,0.9888083934783936,1.3710781335830688,1.3318942785263062,1.2116469144821167,1.4701470136642456,1.3169147968292236]",seeds/cell-007-8736a677897e/seed-9/checkpoint.pt,seeds/cell-007-8736a677897e/seed-9/snapshots/step-000025.pt
1,scaling-tuned-adamw-10seeds-v1,7097b902cc3f3a43380d0b66433b0a90ecf3915af0cdb913b8b407b76daf38af,cell-007-8736a677897e,7,8736a677897e13a1ae23687467e615ab06f0d9181249470e16e38ebb663f5144,9,2,50,32,4,8,2,4,16,adamw,0.003,0.0,800,512,0.0,8192,0.8146134614944458,0.68359375,0.15577822923660278,0.11848375201225281,6.550302982330322,"[1.0228179693222046,1.230493426322937,1.832490086555481,1.1118943691253662,1.1381490230560303,1.8977458477020264,1.9305886030197144,0.8171018362045288]","[1.94041109085083,1.0969725847244263,0.9767719507217407,1.3738958835601807,1.3681858777999878,1.2832025289535522,1.609630823135376,1.2747619152069092]",seeds/cell-007-8736a677897e/seed-9/checkpoint.pt,seeds/cell-007-8736a677897e/seed-9/snapshots/step-000050.pt
1,scaling-tuned-adamw-10seeds-v1,7097b902cc3f3a43380d0b66433b0a90ecf3915af0cdb913b8b407b76daf38af,cell-007-8736a677897e,7,8736a677897e13a1ae23687467e615ab06f0d9181249470e16e38ebb663f5144,9,3,100,32,4,8,2,4,16,adamw,0.003,0.0,800,512,0.0,8192,0.7286368012428284,0.721435546875,0.2698419392108917,0.21791572868824005,6.265753269195557,"[0.9696676135063171,1.2464679479599,1.8466793298721313,1.2084598541259766,1.1034917831420898,2.0858285427093506,1.9297106266021729,0.8646275997161865]","[1.8799803256988525,1.059704065322876,0.9363867044448853,1.4017022848129272,1.409890055656433,1.3884429931640625,1.7204095125198364,1.2566156387329102]",seeds/cell-007-8736a677897e/seed-9/checkpoint.pt,seeds/cell-007-8736a677897e/seed-9/snapshots/step-000100.pt
1,scaling-tuned-adamw-10seeds-v1,7097b902cc3f3a43380d0b66433b0a90ecf3915af0cdb913b8b407b76daf38af,cell-007-8736a677897e,7,8736a677897e13a1ae23687467e615ab06f0d9181249470e16e38ebb663f5144,9,4,200,32,4,8,2,4,16,adamw,0.003,0.0,800,512,0.0,8192,0.4688105881214142,0.8404541015625,0.549734354019165,0.5008194446563721,5.074365615844727,"[1.0428797006607056,1.610817551612854,1.9374399185180664,1.6289196014404297,1.1548222303390503,2.1970784664154053,2.2704577445983887,0.9720426201820374]","[1.7767932415008545,1.045897364616394,0.853426456451416,1.525528907775879,1.420703649520874,1.3804171085357666,1.724050521850586,1.2418292760849]",seeds/cell-007-8736a677897e/seed-9/checkpoint.pt,seeds/cell-007-8736a677897e/seed-9/snapshots/step-000200.pt
1,scaling-tuned-adamw-10seeds-v1,7097b902cc3f3a43380d0b66433b0a90ecf3915af0cdb913b8b407b76daf38af,cell-007-8736a677897e,7,8736a677897e13a1ae23687467e615ab06f0d9181249470e16e38ebb663f5144,9,5,400,32,4,8,2,4,16,adamw,0.003,0.0,800,512,0.0,8192,0.1656089723110199,0.9534912109375,0.8419908285140991,0.7978348135948181,4.6661858558654785,"[2.0981996059417725,2.04433274269104,2.34512996673584,1.8515177965164185,1.7214502096176147,2.454793930053711,2.945161819458008,0.865700364112854]","[1.645024061203003,0.8869436979293823,0.7436070442199707,1.2980642318725586,1.3341270685195923,1.4018216133117676,1.7027301788330078,1.2693109512329102]",seeds/cell-007-8736a677897e/seed-9/checkpoint.pt,seeds/cell-007-8736a677897e/seed-9/snapshots/step-000400.pt
1,scaling-tuned-adamw-10seeds-v1,7097b902cc3f3a43380d0b66433b0a90ecf3915af0cdb913b8b407b76daf38af,cell-007-8736a677897e,7,8736a677897e13a1ae23687467e615ab06f0d9181249470e16e38ebb663f5144,9,6,800,32,4,8,2,4,16,adamw,0.003,0.0,800,512,0.0,8192,0.04725915193557739,0.986328125,0.9531909227371216,0.9222320318222046,4.354405403137207,"[2.9339547157287598,2.1357009410858154,2.623966932296753,2.0787811279296875,2.27467942237854,2.665648937225342,3.5859878063201904,0.7211692929267883]","[1.3844619989395142,0.6498957872390747,0.6656663417816162,1.090895652770996,1.3020401000976562,1.5519717931747437,1.7949204444885254,1.240671157836914]",seeds/cell-007-8736a677897e/seed-9/checkpoint.pt,seeds/cell-007-8736a677897e/seed-9/snapshots/step-000800.pt
1,scaling-tuned-adamw-10seeds-v1,7097b902cc3f3a43380d0b66433b0a90ecf3915af0cdb913b8b407b76daf38af,cell-008-b0acb3f0bc5a,8,b0acb3f0bc5ad527ab08e212aab5cb1859e4ca58d6c20c77b33a0661ab45e44e,0,0,0,32,4,32,2,1,,adamw,0.003,0.0,800,512,0.0,8192,1.109715223312378,0.5350341796875,0.03279793635010719,0.0833292007446289,16.392681121826172,"[5.91956090927124,5.822716236114502]","[5.895805835723877,5.894156455993652]",seeds/cell-008-b0acb3f0bc5a/seed-0/checkpoint.pt,seeds/cell-008-b0acb3f0bc5a/seed-0/snapshots/step-000000.pt
1,scaling-tuned-adamw-10seeds-v1,7097b902cc3f3a43380d0b66433b0a90ecf3915af0cdb913b8b407b76daf38af,cell-008-b0acb3f0bc5a,8,b0acb3f0bc5ad527ab08e212aab5cb1859e4ca58d6c20c77b33a0661ab45e44e,0,1,25,32,4,32,2,1,,adamw,0.003,0.0,800,512,0.0,8192,0.6589348912239075,0.7554931640625,0.3699263334274292,0.35375112295150757,16.01009750366211,"[6.006003379821777,5.857530117034912]","[5.992591857910156,6.039802551269531]",seeds/cell-008-b0acb3f0bc5a/seed-0/checkpoint.pt,seeds/cell-008-b0acb3f0bc5a/seed-0/snapshots/step-000025.pt
1,scaling-tuned-adamw-10seeds-v1,7097b902cc3f3a43380d0b66433b0a90ecf3915af0cdb913b8b407b76daf38af,cell-008-b0acb3f0bc5a,8,b0acb3f0bc5ad527ab08e212aab5cb1859e4ca58d6c20c77b33a0661ab45e44e,0,2,50,32,4,32,2,1,,adamw,0.003,0.0,800,512,0.0,8192,0.09300258755683899,0.9886474609375,0.9222188591957092,0.9228058457374573,13.484225273132324,"[7.441227912902832,6.431966304779053]","[6.150623321533203,6.006898403167725]",seeds/cell-008-b0acb3f0bc5a/seed-0/checkpoint.pt,seeds/cell-008-b0acb3f0bc5a/seed-0/snapshots/step-000050.pt
1,scaling-tuned-adamw-10seeds-v1,7097b902cc3f3a43380d0b66433b0a90ecf3915af0cdb913b8b407b76daf38af,cell-008-b0acb3f0bc5a,8,b0acb3f0bc5ad527ab08e212aab5cb1859e4ca58d6c20c77b33a0661ab45e44e,0,3,100,32,4,32,2,1,,adamw,0.003,0.0,800,512,0.0,8192,0.0017616762779653072,1.0,1.0052411556243896,1.0051926374435425,12.433959007263184,"[8.55362606048584,6.825989723205566]","[6.330212593078613,6.286405086517334]",seeds/cell-008-b0acb3f0bc5a/seed-0/checkpoint.pt,seeds/cell-008-b0acb3f0bc5a/seed-0/snapshots/step-000100.pt
1,scaling-tuned-adamw-10seeds-v1,7097b902cc3f3a43380d0b66433b0a90ecf3915af0cdb913b8b407b76daf38af,cell-008-b0acb3f0bc5a,8,b0acb3f0bc5ad527ab08e212aab5cb1859e4ca58d6c20c77b33a0661ab45e44e,0,4,200,32,4,32,2,1,,adamw,0.003,0.0,800,512,0.0,8192,0.00035501166712492704,1.0,1.000869870185852,1.0020439624786377,12.355886459350586,"[8.615142822265625,6.848994255065918]","[6.37217903137207,6.436407089233398]",seeds/cell-008-b0acb3f0bc5a/seed-0/checkpoint.pt,seeds/cell-008-b0acb3f0bc5a/seed-0/snapshots/step-000200.pt
1,scaling-tuned-adamw-10seeds-v1,7097b902cc3f3a43380d0b66433b0a90ecf3915af0cdb913b8b407b76daf38af,cell-008-b0acb3f0bc5a,8,b0acb3f0bc5ad527ab08e212aab5cb1859e4ca58d6c20c77b33a0661ab45e44e,0,5,400,32,4,32,2,1,,adamw,0.003,0.0,800,512,0.0,8192,0.0001103642862290144,1.0,0.9999562501907349,1.0022292137145996,12.311117172241211,"[8.644021034240723,6.868535041809082]","[6.404289245605469,6.574307441711426]",seeds/cell-008-b0acb3f0bc5a/seed-0/checkpoint.pt,seeds/cell-008-b0acb3f0bc5a/seed-0/snapshots/step-000400.pt
1,scaling-tuned-adamw-10seeds-v1,7097b902cc3f3a43380d0b66433b0a90ecf3915af0cdb913b8b407b76daf38af,cell-008-b0acb3f0bc5a,8,b0acb3f0bc5ad527ab08e212aab5cb1859e4ca58d6c20c77b33a0661ab45e44e,0,6,800,32,4,32,2,1,,adamw,0.003,0.0,800,512,0.0,8192,4.190183972241357e-05,1.0,0.999531626701355,1.0013351440429688,12.265911102294922,"[8.672045707702637,6.896572589874268]","[6.433063507080078,6.756600856781006]",seeds/cell-008-b0acb3f0bc5a/seed-0/checkpoint.pt,seeds/cell-008-b0acb3f0bc5a/seed-0/snapshots/step-000800.pt
1,scaling-tuned-adamw-10seeds-v1,7097b902cc3f3a43380d0b66433b0a90ecf3915af0cdb913b8b407b76daf38af,cell-008-b0acb3f0bc5a,8,b0acb3f0bc5ad527ab08e212aab5cb1859e4ca58d6c20c77b33a0661ab45e44e,1,0,0,32,4,32,2,1,,adamw,0.003,0.0,800,512,0.0,8192,1.3241407871246338,0.57666015625,0.1729019284248352,0.11128406971693039,14.999160766601562,"[5.802510738372803,5.820503234863281]","[5.625304222106934,5.711930751800537]",seeds/cell-008-b0acb3f0bc5a/seed-1/checkpoint.pt,seeds/cell-008-b0acb3f0bc5a/seed-1/snapshots/step-000000.pt
1,scaling-tuned-adamw-10seeds-v1,7097b902cc3f3a43380d0b66433b0a90ecf3915af0cdb913b8b407b76daf38af,cell-008-b0acb3f0bc5a,8,b0acb3f0bc5ad527ab08e212aab5cb1859e4ca58d6c20c77b33a0661ab45e44e,1,1,25,32,4,32,2,1,,adamw,0.003,0.0,800,512,0.0,8192,0.6994839310646057,0.7294921875,0.3022922873497009,0.27979153394699097,14.600977897644043,"[5.934618949890137,6.031599044799805]","[5.720145225524902,5.997673988342285]",seeds/cell-008-b0acb3f0bc5a/seed-1/checkpoint.pt,seeds/cell-008-b0acb3f0bc5a/seed-1/snapshots/step-000025.pt
1,scaling-tuned-adamw-10seeds-v1,7097b902cc3f3a43380d0b66433b0a90ecf3915af0cdb913b8b407b76daf38af,cell-008-b0acb3f0bc5a,8,b0acb3f0bc5ad527ab08e212aab5cb1859e4ca58d6c20c77b33a0661ab45e44e,1,2,50,32,4,32,2,1,,adamw,0.003,0.0,800,512,0.0,8192,0.227487713098526,0.9425048828125,0.8032921552658081,0.8117725253105164,13.009542465209961,"[6.752748012542725,6.292050838470459]","[5.848670482635498,5.967207431793213]",seeds/cell-008-b0acb3f0bc5a/seed-1/checkpoint.pt,seeds/cell-008-b0acb3f0bc5a/seed-1/snapshots/step-000050.pt
1,scaling-tuned-adamw-10seeds-v1,7097b902cc3f3a43380d0b66433b0a90ecf3915af0cdb913b8b407b76daf38af,cell-008-b0acb3f0bc5a,8,b0acb3f0bc5ad527ab08e212aab5cb1859e4ca58d6c20c77b33a0661ab45e44e,1,3,100,32,4,32,2,1,,adamw,0.003,0.0,800,512,0.0,8192,0.01102687232196331,0.9998779296875,1.0074315071105957,1.015995740890503,11.980119705200195,"[8.21021842956543,6.391519546508789]","[5.932748794555664,6.078040599822998]",seeds/cell-008-b0acb3f0bc5a/seed-1/checkpoint.pt,seeds/cell-008-b0acb3f0bc5a/seed-1/snapshots/step-000100.pt
1,scaling-tuned-adamw-10seeds-v1,7097b902cc3f3a43380d0b66433b0a90ecf3915af0cdb913b8b407b76daf38af,cell-008-b0acb3f0bc5a,8,b0acb3f0bc5ad527ab08e212aab5cb1859e4ca58d6c20c77b33a0661ab45e44e,1,4,200,32,4,32,2,1,,adamw,0.003,0.0,800,512,0.0,8192,0.0015527332434430718,1.0,0.9990463256835938,1.0058586597442627,11.992976188659668,"[8.61185359954834,6.3844685554504395]","[5.9769392013549805,6.2458367347717285]",seeds/cell-008-b0acb3f0bc5a/seed-1/checkpoint.pt,seeds/cell-008-b0acb3f0bc5a/seed-1/snapshots/step-000200.pt
1,scaling-tuned-adamw-10seeds-v1,7097b902cc3f3a43380d0b66433b0a90ecf3915af0cdb913b8b407b76daf38af,cell-008-b0acb3f0bc5a,8,b0acb3f0bc5ad527ab08e212aab5cb1859e4ca58d6c20c77b33a0661ab45e44e,1,5,400,32,4,32,2,1,,adamw,0.003,0.0,800,512,0.0,8192,0.00037532090209424496,1.0,1.0024285316467285,1.0065011978149414,11.989736557006836,"[8.811185836791992,6.424682140350342]","[6.020606994628906,6.390421390533447]",seeds/cell-008-b0acb3f0bc5a/seed-1/checkpoint.pt,seeds/cell-008-b0acb3f0bc5a/seed-1/snapshots/step-000400.pt
1,scaling-tuned-adamw-10seeds-v1,7097b902cc3f3a43380d0b66433b0a90ecf3915af0cdb913b8b407b76daf38af,cell-008-b0acb3f0bc5a,8,b0acb3f0bc5ad527ab08e212aab5cb1859e4ca58d6c20c77b33a0661ab45e44e,1,6,800,32,4,32,2,1,,adamw,0.003,0.0,800,512,0.0,8192,9.990293619921431e-05,1.0,1.001389741897583,1.0036299228668213,11.974327087402344,"[8.947722434997559,6.474338531494141]","[6.0696821212768555,6.550185680389404]",seeds/cell-008-b0acb3f0bc5a/seed-1/checkpoint.pt,seeds/cell-008-b0acb3f0bc5a/seed-1/snapshots/step-000800.pt
1,scaling-tuned-adamw-10seeds-v1,7097b902cc3f3a43380d0b66433b0a90ecf3915af0cdb913b8b407b76daf38af,cell-008-b0acb3f0bc5a,8,b0acb3f0bc5ad527ab08e212aab5cb1859e4ca58d6c20c77b33a0661ab45e44e,2,0,0,32,4,32,2,1,,adamw,0.003,0.0,800,512,0.0,8192,1.426095724105835,0.546142578125,0.08438791334629059,0.07014231383800507,16.096811294555664,"[5.691256046295166,5.995761871337891]","[5.431280136108398,5.322733402252197]",seeds/cell-008-b0acb3f0bc5a/seed-2/checkpoint.pt,seeds/cell-008-b0acb3f0bc5a/seed-2/snapshots/step-000000.pt
1,scaling-tuned-adamw-10seeds-v1,7097b902cc3f3a43380d0b66433b0a90ecf3915af0cdb913b8b407b76daf38af,cell-008-b0acb3f0bc5a,8,b0acb3f0bc5ad527ab08e212aab5cb1859e4ca58d6c20c77b33a0661ab45e44e,2,1,25,32,4,32,2,1,,adamw,0.003,0.0,800,512,0.0,8192,0.750778079032898,0.7064208984375,0.24746087193489075,0.2370399534702301,15.815047264099121,"[5.768056869506836,5.963282585144043]","[5.5498948097229,5.573627948760986]",seeds/cell-008-b0acb3f0bc5a/seed-2/checkpoint.pt,seeds/cell-008-b0acb3f0bc5a/seed-2/snapshots/step-000025.pt
1,scaling-tuned-adamw-10seeds-v1,7097b902cc3f3a43380d0b66433b0a90ecf3915af0cdb913b8b407b76daf38af,cell-008-b0acb3f0bc5a,8,b0acb3f0bc5ad527ab08e212aab5cb1859e4ca58d6c20c77b33a0661ab45e44e,2,2,50,32,4,32,2,1,,adamw,0.003,0.0,800,512,0.0,8192,0.44103237986564636,0.8453369140625,0.5431238412857056,0.5551730394363403,14.842809677124023,"[6.129560470581055,6.085158348083496]","[5.5744404792785645,5.59414529800415]",seeds/cell-008-b0acb3f0bc5a/seed-2/checkpoint.pt,seeds/cell-008-b0acb3f0bc5a/seed-2/snapshots/step-000050.pt
1,scaling-tuned-adamw-10seeds-v1,7097b902cc3f3a43380d0b66433b0a90ecf3915af0cdb913b8b407b76daf38af,cell-008-b0acb3f0bc5a,8,b0acb3f0bc5ad527ab08e212aab5cb1859e4ca58d6c20c77b33a0661ab45e44e,2,3,100,32,4,32,2,1,,adamw,0.003,0.0,800,512,0.0,8192,0.005067426711320877,0.9996337890625,1.0021154880523682,1.0167206525802612,12.934584617614746,"[7.740739345550537,6.542174816131592]","[5.718095779418945,5.779665946960449]",seeds/cell-008-b0acb3f0bc5a/seed-2/checkpoint.pt,seeds/cell-008-b0acb3f0bc5a/seed-2/snapshots/step-000100.pt
1,scaling-tuned-adamw-10seeds-v1,7097b902cc3f3a43380d0b66433b0a90ecf3915af0cdb913b8b407b76daf38af,cell-008-b0acb3f0bc5a,8,b0acb3f0bc5ad527ab08e212aab5cb1859e4ca58d6c20c77b33a0661ab45e44e,2,4,200,32,4,32,2,1,,adamw,0.003,0.0,800,512,0.0,8192,0.003505540546029806,0.9990234375,1.000331163406372,1.013555645942688,12.895977020263672,"[7.983401775360107,6.584558963775635]","[5.770627975463867,5.922438621520996]",seeds/cell-008-b0acb3f0bc5a/seed-2/checkpoint.pt,seeds/cell-008-b0acb3f0bc5a/seed-2/snapshots/step-000200.pt
1,scaling-tuned-adamw-10seeds-v1,7097b902cc3f3a43380d0b66433b0a90ecf3915af0cdb913b8b407b76daf38af,cell-008-b0acb3f0bc5a,8,b0acb3f0bc5ad527ab08e212aab5cb1859e4ca58d6c20c77b33a0661ab45e44e,2,5,400,32,4,32,2,1,,adamw,0.003,0.0,800,512,0.0,8192,0.0002353911695536226,1.0,0.9994690418243408,1.006115198135376,12.745536804199219,"[8.612475395202637,6.647281646728516]","[5.795261383056641,6.089004039764404]",seeds/cell-008-b0acb3f0bc5a/seed-2/checkpoint.pt,seeds/cell-008-b0acb3f0bc5a/seed-2/snapshots/step-000400.pt
1,scaling-tuned-adamw-10seeds-v1,7097b902cc3f3a43380d0b66433b0a90ecf3915af0cdb913b8b407b76daf38af,cell-008-b0acb3f0bc5a,8,b0acb3f0bc5ad527ab08e212aab5cb1859e4ca58d6c20c77b33a0661ab45e44e,2,6,800,32,4,32,2,1,,adamw,0.003,0.0,800,512,0.0,8192,8.315398008562624e-05,1.0,1.0008940696716309,1.008378505706787,12.713693618774414,"[8.632669448852539,6.675722599029541]","[5.843541622161865,6.280184268951416]",seeds/cell-008-b0acb3f0bc5a/seed-2/checkpoint.pt,seeds/cell-008-b0acb3f0bc5a/seed-2/snapshots/step-000800.pt
1,scaling-tuned-adamw-10seeds-v1,7097b902cc3f3a43380d0b66433b0a90ecf3915af0cdb913b8b407b76daf38af,cell-008-b0acb3f0bc5a,8,b0acb3f0bc5ad527ab08e212aab5cb1859e4ca58d6c20c77b33a0661ab45e44e,3,0,0,32,4,32,2,1,,adamw,0.003,0.0,800,512,0.0,8192,1.712178349494934,0.438720703125,-0.10221543908119202,-0.11319992691278458,15.558540344238281,"[5.604912757873535,5.916717052459717]","[5.643420219421387,5.433686256408691]",seeds/cell-008-b0acb3f0bc5a/seed-3/checkpoint.pt,seeds/cell-008-b0acb3f0bc5a/seed-3/snapshots/step-000000.pt
1,scaling-tuned-adamw-10seeds-v1,7097b902cc3f3a43380d0b66433b0a90ecf3915af0cdb913b8b407b76daf38af,cell-008-b0acb3f0bc5a,8,b0acb3f0bc5ad527ab08e212aab5cb1859e4ca58d6c20c77b33a0661ab45e44e,3,1,25,32,4,32,2,1,,adamw,0.003,0.0,800,512,0.0,8192,0.7265913486480713,0.718994140625,0.3130144774913788,0.279005765914917,15.291205406188965,"[5.611544609069824,6.024679183959961]","[5.786069869995117,5.570467948913574]",seeds/cell-008-b0acb3f0bc5a/seed-3/checkpoint.pt,seeds/cell-008-b0acb3f0bc5a/seed-3/snapshots/step-000025.pt
1,scaling-tuned-adamw-10seeds-v1,7097b902cc3f3a43380d0b66433b0a90ecf3915af0cdb913b8b407b76daf38af,cell-008-b0acb3f0bc5a,8,b0acb3f0bc5ad527ab08e212aab5cb1859e4ca58d6c20c77b33a0661ab45e44e,3,2,50,32,4,32,2,1,,adamw,0.003,0.0,800,512,0.0,8192,0.31127801537513733,0.911865234375,0.717758297920227,0.6940792798995972,13.568862915039062,"[6.275123119354248,6.682229995727539]","[5.84368371963501,5.5858635902404785]",seeds/cell-008-b0acb3f0bc5a/seed-3/checkpoint.pt,seeds/cell-008-b0acb3f0bc5a/seed-3/snapshots/step-000050.pt
1,scaling-tuned-adamw-10seeds-v1,7097b902cc3f3a43380d0b66433b0a90ecf3915af0cdb913b8b407b76daf38af,cell-008-b0acb3f0bc5a,8,b0acb3f0bc5ad527ab08e212aab5cb1859e4ca58d6c20c77b33a0661ab45e44e,3,3,100,32,4,32,2,1,,adamw,0.003,0.0,800,512,0.0,8192,0.0061365095898509026,1.0,1.007614016532898,0.994404673576355,12.25704288482666,"[7.6068243980407715,7.879827976226807]","[5.965959548950195,5.790626049041748]",seeds/cell-008-b0acb3f0bc5a/seed-3/checkpoint.pt,seeds/cell-008-b0acb3f0bc5a/seed-3/snapshots/step-000100.pt
1,scaling-tuned-adamw-10seeds-v1,7097b902cc3f3a43380d0b66433b0a90ecf3915af0cdb913b8b407b76daf38af,cell-008-b0acb3f0bc5a,8,b0acb3f0bc5ad527ab08e212aab5cb1859e4ca58d6c20c77b33a0661ab45e44e,3,4,200,32,4,32,2,1,,adamw,0.003,0.0,800,512,0.0,8192,0.0008953326614573598,1.0,1.0037493705749512,0.9904664754867554,12.177030563354492,"[7.844791889190674,8.156007766723633]","[5.957059860229492,5.985780239105225]",seeds/cell-008-b0acb3f0bc5a/seed-3/checkpoint.pt,seeds/cell-008-b0acb3f0bc5a/seed-3/snapshots/step-000200.pt
1,scaling-tuned-adamw-10seeds-v1,7097b902cc3f3a43380d0b66433b0a90ecf3915af0cdb913b8b407b76daf38af,cell-008-b0acb3f0bc5a,8,b0acb3f0bc5ad527ab08e212aab5cb1859e4ca58d6c20c77b33a0661ab45e44e,3,5,400,32,4,32,2,1,,adamw,0.003,0.0,800,512,0.0,8192,0.00025632709730416536,1.0,1.0016615390777588,0.9879883527755737,12.125654220581055,"[7.9612531661987305,8.319694519042969]","[5.951476573944092,6.164444923400879]",seeds/cell-008-b0acb3f0bc5a/seed-3/checkpoint.pt,seeds/cell-008-b0acb3f0bc5a/seed-3/snapshots/step-000400.pt
1,scaling-tuned-adamw-10seeds-v1,7097b902cc3f3a43380d0b66433b0a90ecf3915af0cdb913b8b407b76daf38af,cell-008-b0acb3f0bc5a,8,b0acb3f0bc5ad527ab08e212aab5cb1859e4ca58d6c20c77b33a0661ab45e44e,3,6,800,32,4,32,2,1,,adamw,0.003,0.0,800,512,0.0,8192,8.262258779723197e-05,1.0,1.0019917488098145,0.9884821772575378,12.064264297485352,"[8.062211990356445,8.462797164916992]","[5.9502129554748535,6.37039041519165]",seeds/cell-008-b0acb3f0bc5a/seed-3/checkpoint.pt,seeds/cell-008-b0acb3f0bc5a/seed-3/snapshots/step-000800.pt
1,scaling-tuned-adamw-10seeds-v1,7097b902cc3f3a43380d0b66433b0a90ecf3915af0cdb913b8b407b76daf38af,cell-008-b0acb3f0bc5a,8,b0acb3f0bc5ad527ab08e212aab5cb1859e4ca58d6c20c77b33a0661ab45e44e,4,0,0,32,4,32,2,1,,adamw,0.003,0.0,800,512,0.0,8192,3.537956476211548,0.48583984375,-0.1522422432899475,-0.09919356554746628,15.82319164276123,"[5.54931116104126,5.257793426513672]","[6.0714874267578125,5.64614725112915]",seeds/cell-008-b0acb3f0bc5a/seed-4/checkpoint.pt,seeds/cell-008-b0acb3f0bc5a/seed-4/snapshots/step-000000.pt
1,scaling-tuned-adamw-10seeds-v1,7097b902cc3f3a43380d0b66433b0a90ecf3915af0cdb913b8b407b76daf38af,cell-008-b0acb3f0bc5a,8,b0acb3f0bc5ad527ab08e212aab5cb1859e4ca58d6c20c77b33a0661ab45e44e,4,1,25,32,4,32,2,1,,adamw,0.003,0.0,800,512,0.0,8192,0.8265303373336792,0.6624755859375,0.17372941970825195,0.13540932536125183,15.65005874633789,"[5.502834320068359,5.390447616577148]","[6.247161388397217,5.986372947692871]",seeds/cell-008-b0acb3f0bc5a/seed-4/checkpoint.pt,seeds/cell-008-b0acb3f0bc5a/seed-4/snapshots/step-000025.pt
1,scaling-tuned-adamw-10seeds-v1,7097b902cc3f3a43380d0b66433b0a90ecf3915af0cdb913b8b407b76daf38af,cell-008-b0acb3f0bc5a,8,b0acb3f0bc5ad527ab08e212aab5cb1859e4ca58d6c20c77b33a0661ab45e44e,4,2,50,32,4,32,2,1,,adamw,0.003,0.0,800,512,0.0,8192,0.5514323711395264,0.8055419921875,0.44167184829711914,0.4255772531032562,14.83354663848877,"[5.799846649169922,5.496181488037109]","[6.295681476593018,6.021326541900635]",seeds/cell-008-b0acb3f0bc5a/seed-4/checkpoint.pt,seeds/cell-008-b0acb3f0bc5a/seed-4/snapshots/step-000050.pt
1,scaling-tuned-adamw-10seeds-v1,7097b902cc3f3a43380d0b66433b0a90ecf3915af0cdb913b8b407b76daf38af,cell-008-b0acb3f0bc5a,8,b0acb3f0bc5ad527ab08e212aab5cb1859e4ca58d6c20c77b33a0661ab45e44e,4,3,100,32,4,32,2,1,,adamw,0.003,0.0,800,512,0.0,8192,0.016475660726428032,0.9990234375,0.9933003187179565,0.9933748245239258,12.52278995513916,"[7.936354160308838,6.072417736053467]","[6.407380104064941,6.040719985961914]",seeds/cell-008-b0acb3f0bc5a/seed-4/checkpoint.pt,seeds/cell-008-b0acb3f0bc5a/seed-4/snapshots/step-000100.pt
1,scaling-tuned-adamw-10seeds-v1,7097b902cc3f3a43380d0b66433b0a90ecf3915af0cdb913b8b407b76daf38af,cell-008-b0acb3f0bc5a,8,b0acb3f0bc5ad527ab08e212aab5cb1859e4ca58d6c20c77b33a0661ab45e44e,4,4,200,32,4,32,2,1,,adamw,0.003,0.0,800,512,0.0,8192,0.0018496776465326548,1.0,0.9961709976196289,0.9951663017272949,12.301102638244629,"[8.367044448852539,6.156014442443848]","[6.453421115875244,6.1523847579956055]",seeds/cell-008-b0acb3f0bc5a/seed-4/checkpoint.pt,seeds/cell-008-b0acb3f0bc5a/seed-4/snapshots/step-000200.pt
1,scaling-tuned-adamw-10seeds-v1,7097b902cc3f3a43380d0b66433b0a90ecf3915af0cdb913b8b407b76daf38af,cell-008-b0acb3f0bc5a,8,b0acb3f0bc5ad527ab08e212aab5cb1859e4ca58d6c20c77b33a0661ab45e44e,4,5,400,32,4,32,2,1,,adamw,0.003,0.0,800,512,0.0,8192,0.00038735143607482314,1.0,0.999552309513092,0.9975852370262146,12.227046966552734,"[8.529311180114746,6.198818206787109]","[6.493049621582031,6.276801109313965]",seeds/cell-008-b0acb3f0bc5a/seed-4/checkpoint.pt,seeds/cell-008-b0acb3f0bc5a/seed-4/snapshots/step-000400.pt
1,scaling-tuned-adamw-10seeds-v1,7097b902cc3f3a43380d0b66433b0a90ecf3915af0cdb913b8b407b76daf38af,cell-008-b0acb3f0bc5a,8,b0acb3f0bc5ad527ab08e212aab5cb1859e4ca58d6c20c77b33a0661ab45e44e,4,6,800,32,4,32,2,1,,adamw,0.003,0.0,800,512,0.0,8192,9.661424701334909e-05,1.0,1.0003023147583008,0.9978576898574829,12.193195343017578,"[8.63277816772461,6.231540679931641]","[6.532040596008301,6.428624153137207]",seeds/cell-008-b0acb3f0bc5a/seed-4/checkpoint.pt,seeds/cell-008-b0acb3f0bc5a/seed-4/snapshots/step-000800.pt
1,scaling-tuned-adamw-10seeds-v1,7097b902cc3f3a43380d0b66433b0a90ecf3915af0cdb913b8b407b76daf38af,cell-008-b0acb3f0bc5a,8,b0acb3f0bc5ad527ab08e212aab5cb1859e4ca58d6c20c77b33a0661ab45e44e,5,0,0,32,4,32,2,1,,adamw,0.003,0.0,800,512,0.0,8192,1.5294561386108398,0.4329833984375,-0.09080525487661362,-0.0350835919380188,15.994446754455566,"[5.873680591583252,5.73052978515625]","[5.725881099700928,5.274127006530762]",seeds/cell-008-b0acb3f0bc5a/seed-5/checkpoint.pt,seeds/cell-008-b0acb3f0bc5a/seed-5/snapshots/step-000000.pt
1,scaling-tuned-adamw-10seeds-v1,7097b902cc3f3a43380d0b66433b0a90ecf3915af0cdb913b8b407b76daf38af,cell-008-b0acb3f0bc5a,8,b0acb3f0bc5ad527ab08e212aab5cb1859e4ca58d6c20c77b33a0661ab45e44e,5,1,25,32,4,32,2,1,,adamw,0.003,0.0,800,512,0.0,8192,0.7450452446937561,0.7115478515625,0.262561559677124,0.239292711019516,15.400341033935547,"[5.897849082946777,5.731995105743408]","[5.941476821899414,5.396551609039307]",seeds/cell-008-b0acb3f0bc5a/seed-5/checkpoint.pt,seeds/cell-008-b0acb3f0bc5a/seed-5/snapshots/step-000025.pt
1,scaling-tuned-adamw-10seeds-v1,7097b902cc3f3a43380d0b66433b0a90ecf3915af0cdb913b8b407b76daf38af,cell-008-b0acb3f0bc5a,8,b0acb3f0bc5ad527ab08e212aab5cb1859e4ca58d6c20c77b33a0661ab45e44e,5,2,50,32,4,32,2,1,,adamw,0.003,0.0,800,512,0.0,8192,0.3046395182609558,0.9130859375,0.7093403935432434,0.7165861129760742,13.517868041992188,"[6.581192970275879,5.779942512512207]","[6.00164270401001,5.408205509185791]",seeds/cell-008-b0acb3f0bc5a/seed-5/checkpoint.pt,seeds/cell-008-b0acb3f0bc5a/seed-5/snapshots/step-000050.pt
1,scaling-tuned-adamw-10seeds-v1,7097b902cc3f3a43380d0b66433b0a90ecf3915af0cdb913b8b407b76daf38af,cell-008-b0acb3f0bc5a,8,b0acb3f0bc5ad527ab08e212aab5cb1859e4ca58d6c20c77b33a0661ab45e44e,5,3,100,32,4,32,2,1,,adamw,0.003,0.0,800,512,0.0,8192,0.020912252366542816,1.0,0.9799613952636719,0.987971305847168,12.399190902709961,"[8.123553276062012,5.737010478973389]","[6.083824634552002,5.472753524780273]",seeds/cell-008-b0acb3f0bc5a/seed-5/checkpoint.pt,seeds/cell-008-b0acb3f0bc5a/seed-5/snapshots/step-000100.pt
1,scaling-tuned-adamw-10seeds-v1,7097b902cc3f3a43380d0b66433b0a90ecf3915af0cdb913b8b407b76daf38af,cell-008-b0acb3f0bc5a,8,b0acb3f0bc5ad527ab08e212aab5cb1859e4ca58d6c20c77b33a0661ab45e44e,5,4,200,32,4,32,2,1,,adamw,0.003,0.0,800,512,0.0,8192,0.0030121726449579,1.0,0.994265079498291,1.0042279958724976,12.448050498962402,"[8.78469467163086,5.725534439086914]","[6.098661422729492,5.628420829772949]",seeds/cell-008-b0acb3f0bc5a/seed-5/checkpoint.pt,seeds/cell-008-b0acb3f0bc5a/seed-5/snapshots/step-000200.pt
1,scaling-tuned-adamw-10seeds-v1,7097b902cc3f3a43380d0b66433b0a90ecf3915af0cdb913b8b407b76daf38af,cell-008-b0acb3f0bc5a,8,b0acb3f0bc5ad527ab08e212aab5cb1859e4ca58d6c20c77b33a0661ab45e44e,5,5,400,32,4,32,2,1,,adamw,0.003,0.0,800,512,0.0,8192,0.000634320022072643,1.0,1.0004069805145264,1.0103278160095215,12.370585441589355,"[9.205286026000977,5.716876983642578]","[6.127790927886963,5.806748390197754]",seeds/cell-008-b0acb3f0bc5a/seed-5/checkpoint.pt,seeds/cell-008-b0acb3f0bc5a/seed-5/snapshots/step-000400.pt
1,scaling-tuned-adamw-10seeds-v1,7097b902cc3f3a43380d0b66433b0a90ecf3915af0cdb913b8b407b76daf38af,cell-008-b0acb3f0bc5a,8,b0acb3f0bc5ad527ab08e212aab5cb1859e4ca58d6c20c77b33a0661ab45e44e,5,6,800,32,4,32,2,1,,adamw,0.003,0.0,800,512,0.0,8192,0.00015870762581471354,1.0,1.0015966892242432,1.0126900672912598,12.285188674926758,"[9.492643356323242,5.711338520050049]","[6.180244445800781,6.02522611618042]",seeds/cell-008-b0acb3f0bc5a/seed-5/checkpoint.pt,seeds/cell-008-b0acb3f0bc5a/seed-5/snapshots/step-000800.pt
1,scaling-tuned-adamw-10seeds-v1,7097b902cc3f3a43380d0b66433b0a90ecf3915af0cdb913b8b407b76daf38af,cell-008-b0acb3f0bc5a,8,b0acb3f0bc5ad527ab08e212aab5cb1859e4ca58d6c20c77b33a0661ab45e44e,6,0,0,32,4,32,2,1,,adamw,0.003,0.0,800,512,0.0,8192,1.191037654876709,0.479248046875,-0.015563979744911194,-0.029562730342149734,16.631546020507812,"[5.600937843322754,5.855378150939941]","[5.484571933746338,5.4244232177734375]",seeds/cell-008-b0acb3f0bc5a/seed-6/checkpoint.pt,seeds/cell-008-b0acb3f0bc5a/seed-6/snapshots/step-000000.pt
1,scaling-tuned-adamw-10seeds-v1,7097b902cc3f3a43380d0b66433b0a90ecf3915af0cdb913b8b407b76daf38af,cell-008-b0acb3f0bc5a,8,b0acb3f0bc5ad527ab08e212aab5cb1859e4ca58d6c20c77b33a0661ab45e44e,6,1,25,32,4,32,2,1,,adamw,0.003,0.0,800,512,0.0,8192,0.7044056057929993,0.723388671875,0.3065674304962158,0.26818352937698364,16.034088134765625,"[5.408749580383301,5.91271448135376]","[5.685743808746338,5.645108699798584]",seeds/cell-008-b0acb3f0bc5a/seed-6/checkpoint.pt,seeds/cell-008-b0acb3f0bc5a/seed-6/snapshots/step-000025.pt
1,scaling-tuned-adamw-10seeds-v1,7097b902cc3f3a43380d0b66433b0a90ecf3915af0cdb913b8b407b76daf38af,cell-008-b0acb3f0bc5a,8,b0acb3f0bc5ad527ab08e212aab5cb1859e4ca58d6c20c77b33a0661ab45e44e,6,2,50,32,4,32,2,1,,adamw,0.003,0.0,800,512,0.0,8192,0.1347663253545761,0.971923828125,0.9119842052459717,0.9168910980224609,13.877336502075195,"[6.545358180999756,6.593519687652588]","[5.704351902008057,5.665744781494141]",seeds/cell-008-b0acb3f0bc5a/seed-6/checkpoint.pt,seeds/cell-008-b0acb3f0bc5a/seed-6/snapshots/step-000050.pt
1,scaling-tuned-adamw-10seeds-v1,7097b902cc3f3a43380d0b66433b0a90ecf3915af0cdb913b8b407b76daf38af,cell-008-b0acb3f0bc5a,8,b0acb3f0bc5ad527ab08e212aab5cb1859e4ca58d6c20c77b33a0661ab45e44e,6,3,100,32,4,32,2,1,,adamw,0.003,0.0,800,512,0.0,8192,0.0012474781833589077,1.0,1.0005871057510376,1.002671241760254,12.944215774536133,"[7.716391563415527,6.98576545715332]","[5.7494611740112305,5.969595432281494]",seeds/cell-008-b0acb3f0bc5a/seed-6/checkpoint.pt,seeds/cell-008-b0acb3f0bc5a/seed-6/snapshots/step-000100.pt
1,scaling-tuned-adamw-10seeds-v1,7097b902cc3f3a43380d0b66433b0a90ecf3915af0cdb913b8b407b76daf38af,cell-008-b0acb3f0bc5a,8,b0acb3f0bc5ad527ab08e212aab5cb1859e4ca58d6c20c77b33a0661ab45e44e,6,4,200,32,4,32,2,1,,adamw,0.003,0.0,800,512,0.0,8192,0.00037763052387163043,1.0,0.9960675239562988,0.9997746348381042,12.905538558959961,"[7.798354148864746,6.999824523925781]","[5.744506359100342,6.090437889099121]",seeds/cell-008-b0acb3f0bc5a/seed-6/checkpoint.pt,seeds/cell-008-b0acb3f0bc5a/seed-6/snapshots/step-000200.pt
1,scaling-tuned-adamw-10seeds-v1,7097b902cc3f3a43380d0b66433b0a90ecf3915af0cdb913b8b407b76daf38af,cell-008-b0acb3f0bc5a,8,b0acb3f0bc5ad527ab08e212aab5cb1859e4ca58d6c20c77b33a0661ab45e44e,6,5,400,32,4,32,2,1,,adamw,0.003,0.0,800,512,0.0,8192,0.00013886389206163585,1.0,1.0034598112106323,1.0082494020462036,12.87681770324707,"[7.86487340927124,7.014165878295898]","[5.738645076751709,6.213374137878418]",seeds/cell-008-b0acb3f0bc5a/seed-6/checkpoint.pt,seeds/cell-008-b0acb3f0bc5a/seed-6/snapshots/step-000400.pt
1,scaling-tuned-adamw-10seeds-v1,7097b902cc3f3a43380d0b66433b0a90ecf3915af0cdb913b8b407b76daf38af,cell-008-b0acb3f0bc5a,8,b0acb3f0bc5ad527ab08e212aab5cb1859e4ca58d6c20c77b33a0661ab45e44e,6,6,800,32,4,32,2,1,,adamw,0.003,0.0,800,512,0.0,8192,4.0183920646086335e-05,1.0,1.0005019903182983,1.0052367448806763,12.846903800964355,"[7.937037467956543,7.032326698303223]","[5.735592365264893,6.3641791343688965]",seeds/cell-008-b0acb3f0bc5a/seed-6/checkpoint.pt,seeds/cell-008-b0acb3f0bc5a/seed-6/snapshots/step-000800.pt
1,scaling-tuned-adamw-10seeds-v1,7097b902cc3f3a43380d0b66433b0a90ecf3915af0cdb913b8b407b76daf38af,cell-008-b0acb3f0bc5a,8,b0acb3f0bc5ad527ab08e212aab5cb1859e4ca58d6c20c77b33a0661ab45e44e,7,0,0,32,4,32,2,1,,adamw,0.003,0.0,800,512,0.0,8192,1.5314044952392578,0.4530029296875,-0.07126465439796448,-0.05816495418548584,15.323434829711914,"[5.660555839538574,5.563651084899902]","[5.759734630584717,5.501108646392822]",seeds/cell-008-b0acb3f0bc5a/seed-7/checkpoint.pt,seeds/cell-008-b0acb3f0bc5a/seed-7/snapshots/step-000000.pt
1,scaling-tuned-adamw-10seeds-v1,7097b902cc3f3a43380d0b66433b0a90ecf3915af0cdb913b8b407b76daf38af,cell-008-b0acb3f0bc5a,8,b0acb3f0bc5ad527ab08e212aab5cb1859e4ca58d6c20c77b33a0661ab45e44e,7,1,25,32,4,32,2,1,,adamw,0.003,0.0,800,512,0.0,8192,0.7247802019119263,0.71533203125,0.2950563132762909,0.2320178747177124,14.985320091247559,"[5.632946968078613,5.655251979827881]","[5.888906002044678,5.7224602699279785]",seeds/cell-008-b0acb3f0bc5a/seed-7/checkpoint.pt,seeds/cell-008-b0acb3f0bc5a/seed-7/snapshots/step-000025.pt
1,scaling-tuned-adamw-10seeds-v1,7097b902cc3f3a43380d0b66433b0a90ecf3915af0cdb913b8b407b76daf38af,cell-008-b0acb3f0bc5a,8,b0acb3f0bc5ad527ab08e212aab5cb1859e4ca58d6c20c77b33a0661ab45e44e,7,2,50,32,4,32,2,1,,adamw,0.003,0.0,800,512,0.0,8192,0.3643818199634552,0.884765625,0.6324551105499268,0.6024379134178162,13.270820617675781,"[6.06332540512085,6.433172225952148]","[5.91982889175415,5.718344211578369]",seeds/cell-008-b0acb3f0bc5a/seed-7/checkpoint.pt,seeds/cell-008-b0acb3f0bc5a/seed-7/snapshots/step-000050.pt
1,scaling-tuned-adamw-10seeds-v1,7097b902cc3f3a43380d0b66433b0a90ecf3915af0cdb913b8b407b76daf38af,cell-008-b0acb3f0bc5a,8,b0acb3f0bc5ad527ab08e212aab5cb1859e4ca58d6c20c77b33a0661ab45e44e,7,3,100,32,4,32,2,1,,adamw,0.003,0.0,800,512,0.0,8192,0.005527278408408165,0.9998779296875,0.9991610646247864,0.9800897836685181,12.401644706726074,"[7.021058082580566,7.882207870483398]","[6.018039703369141,5.94509220123291]",seeds/cell-008-b0acb3f0bc5a/seed-7/checkpoint.pt,seeds/cell-008-b0acb3f0bc5a/seed-7/snapshots/step-000100.pt
1,scaling-tuned-adamw-10seeds-v1,7097b902cc3f3a43380d0b66433b0a90ecf3915af0cdb913b8b407b76daf38af,cell-008-b0acb3f0bc5a,8,b0acb3f0bc5ad527ab08e212aab5cb1859e4ca58d6c20c77b33a0661ab45e44e,7,4,200,32,4,32,2,1,,adamw,0.003,0.0,800,512,0.0,8192,0.000727514736354351,1.0,0.999383270740509,0.9865100979804993,12.361398696899414,"[7.1847052574157715,8.157851219177246]","[6.0086469650268555,6.1415510177612305]",seeds/cell-008-b0acb3f0bc5a/seed-7/checkpoint.pt,seeds/cell-008-b0acb3f0bc5a/seed-7/snapshots/step-000200.pt
1,scaling-tuned-adamw-10seeds-v1,7097b902cc3f3a43380d0b66433b0a90ecf3915af0cdb913b8b407b76daf38af,cell-008-b0acb3f0bc5a,8,b0acb3f0bc5ad527ab08e212aab5cb1859e4ca58d6c20c77b33a0661ab45e44e,7,5,400,32,4,32,2,1,,adamw,0.003,0.0,800,512,0.0,8192,0.00027717044577002525,1.0,1.0017566680908203,0.9922460913658142,12.31849479675293,"[7.308509826660156,8.322577476501465]","[5.988210678100586,6.330465793609619]",seeds/cell-008-b0acb3f0bc5a/seed-7/checkpoint.pt,seeds/cell-008-b0acb3f0bc5a/seed-7/snapshots/step-000400.pt
1,scaling-tuned-adamw-10seeds-v1,7097b902cc3f3a43380d0b66433b0a90ecf3915af0cdb913b8b407b76daf38af,cell-008-b0acb3f0bc5a,8,b0acb3f0bc5ad527ab08e212aab5cb1859e4ca58d6c20c77b33a0661ab45e44e,7,6,800,32,4,32,2,1,,adamw,0.003,0.0,800,512,0.0,8192,7.956095942063257e-05,1.0,1.0017813444137573,0.9921858906745911,12.303336143493652,"[7.422972202301025,8.452156066894531]","[5.967519283294678,6.5815839767456055]",seeds/cell-008-b0acb3f0bc5a/seed-7/checkpoint.pt,seeds/cell-008-b0acb3f0bc5a/seed-7/snapshots/step-000800.pt
1,scaling-tuned-adamw-10seeds-v1,7097b902cc3f3a43380d0b66433b0a90ecf3915af0cdb913b8b407b76daf38af,cell-008-b0acb3f0bc5a,8,b0acb3f0bc5ad527ab08e212aab5cb1859e4ca58d6c20c77b33a0661ab45e44e,8,0,0,32,4,32,2,1,,adamw,0.003,0.0,800,512,0.0,8192,1.5300049781799316,0.4931640625,-0.0180748850107193,-0.022660255432128906,15.643882751464844,"[5.46931791305542,5.826945781707764]","[5.611251354217529,5.454694747924805]",seeds/cell-008-b0acb3f0bc5a/seed-8/checkpoint.pt,seeds/cell-008-b0acb3f0bc5a/seed-8/snapshots/step-000000.pt
1,scaling-tuned-adamw-10seeds-v1,7097b902cc3f3a43380d0b66433b0a90ecf3915af0cdb913b8b407b76daf38af,cell-008-b0acb3f0bc5a,8,b0acb3f0bc5ad527ab08e212aab5cb1859e4ca58d6c20c77b33a0661ab45e44e,8,1,25,32,4,32,2,1,,adamw,0.003,0.0,800,512,0.0,8192,0.6559229493141174,0.752197265625,0.3421894907951355,0.30754518508911133,15.303370475769043,"[5.440155029296875,5.900776386260986]","[5.696362495422363,5.74633264541626]",seeds/cell-008-b0acb3f0bc5a/seed-8/checkpoint.pt,seeds/cell-008-b0acb3f0bc5a/seed-8/snapshots/step-000025.pt
1,scaling-tuned-adamw-10seeds-v1,7097b902cc3f3a43380d0b66433b0a90ecf3915af0cdb913b8b407b76daf38af,cell-008-b0acb3f0bc5a,8,b0acb3f0bc5ad527ab08e212aab5cb1859e4ca58d6c20c77b33a0661ab45e44e,8,2,50,32,4,32,2,1,,adamw,0.003,0.0,800,512,0.0,8192,0.11704803258180618,0.9744873046875,0.9171864986419678,0.9103682041168213,13.79894733428955,"[6.470699310302734,6.525618553161621]","[5.717464923858643,5.786867618560791]",seeds/cell-008-b0acb3f0bc5a/seed-8/checkpoint.pt,seeds/cell-008-b0acb3f0bc5a/seed-8/snapshots/step-000050.pt
1,scaling-tuned-adamw-10seeds-v1,7097b902cc3f3a43380d0b66433b0a90ecf3915af0cdb913b8b407b76daf38af,cell-008-b0acb3f0bc5a,8,b0acb3f0bc5ad527ab08e212aab5cb1859e4ca58d6c20c77b33a0661ab45e44e,8,3,100,32,4,32,2,1,,adamw,0.003,0.0,800,512,0.0,8192,0.002086780034005642,1.0,1.0007452964782715,0.9999945163726807,12.996316909790039,"[7.561559677124023,6.893040180206299]","[5.737994194030762,6.278311252593994]",seeds/cell-008-b0acb3f0bc5a/seed-8/checkpoint.pt,seeds/cell-008-b0acb3f0bc5a/seed-8/snapshots/step-000100.pt
1,scaling-tuned-adamw-10seeds-v1,7097b902cc3f3a43380d0b66433b0a90ecf3915af0cdb913b8b407b76daf38af,cell-008-b0acb3f0bc5a,8,b0acb3f0bc5ad527ab08e212aab5cb1859e4ca58d6c20c77b33a0661ab45e44e,8,4,200,32,4,32,2,1,,adamw,0.003,0.0,800,512,0.0,8192,0.0006608517142012715,1.0,1.0037435293197632,1.0024049282073975,12.951616287231445,"[7.696044445037842,6.915717124938965]","[5.729142189025879,6.533080577850342]",seeds/cell-008-b0acb3f0bc5a/seed-8/checkpoint.pt,seeds/cell-008-b0acb3f0bc5a/seed-8/snapshots/step-000200.pt
1,scaling-tuned-adamw-10seeds-v1,7097b902cc3f3a43380d0b66433b0a90ecf3915af0cdb913b8b407b76daf38af,cell-008-b0acb3f0bc5a,8,b0acb3f0bc5ad527ab08e212aab5cb1859e4ca58d6c20c77b33a0661ab45e44e,8,5,400,32,4,32,2,1,,adamw,0.003,0.0,800,512,0.0,8192,0.0002063798310700804,1.0,1.0011615753173828,0.9997389912605286,12.91604995727539,"[7.7679524421691895,6.9428019523620605]","[5.72080659866333,6.784060955047607]",seeds/cell-008-b0acb3f0bc5a/seed-8/checkpoint.pt,seeds/cell-008-b0acb3f0bc5a/seed-8/snapshots/step-000400.pt
1,scaling-tuned-adamw-10seeds-v1,7097b902cc3f3a43380d0b66433b0a90ecf3915af0cdb913b8b407b76daf38af,cell-008-b0acb3f0bc5a,8,b0acb3f0bc5ad527ab08e212aab5cb1859e4ca58d6c20c77b33a0661ab45e44e,8,6,800,32,4,32,2,1,,adamw,0.003,0.0,800,512,0.0,8192,6.102666520746425e-05,1.0,0.9990863800048828,0.9973888993263245,12.876843452453613,"[7.846066951751709,6.976357936859131]","[5.715200424194336,7.06489372253418]",seeds/cell-008-b0acb3f0bc5a/seed-8/checkpoint.pt,seeds/cell-008-b0acb3f0bc5a/seed-8/snapshots/step-000800.pt
1,scaling-tuned-adamw-10seeds-v1,7097b902cc3f3a43380d0b66433b0a90ecf3915af0cdb913b8b407b76daf38af,cell-008-b0acb3f0bc5a,8,b0acb3f0bc5ad527ab08e212aab5cb1859e4ca58d6c20c77b33a0661ab45e44e,9,0,0,32,4,32,2,1,,adamw,0.003,0.0,800,512,0.0,8192,1.2700462341308594,0.466552734375,-0.03957854583859444,-0.0520687997341156,15.535676002502441,"[5.573668956756592,5.9094977378845215]","[5.993425369262695,5.851467132568359]",seeds/cell-008-b0acb3f0bc5a/seed-9/checkpoint.pt,seeds/cell-008-b0acb3f0bc5a/seed-9/snapshots/step-000000.pt
1,scaling-tuned-adamw-10seeds-v1,7097b902cc3f3a43380d0b66433b0a90ecf3915af0cdb913b8b407b76daf38af,cell-008-b0acb3f0bc5a,8,b0acb3f0bc5ad527ab08e212aab5cb1859e4ca58d6c20c77b33a0661ab45e44e,9,1,25,32,4,32,2,1,,adamw,0.003,0.0,800,512,0.0,8192,0.7269445061683655,0.71728515625,0.2804781198501587,0.24911552667617798,15.003266334533691,"[5.612424850463867,5.870379447937012]","[6.197847366333008,6.061265468597412]",seeds/cell-008-b0acb3f0bc5a/seed-9/checkpoint.pt,seeds/cell-008-b0acb3f0bc5a/seed-9/snapshots/step-000025.pt
1,scaling-tuned-adamw-10seeds-v1,7097b902cc3f3a43380d0b66433b0a90ecf3915af0cdb913b8b407b76daf38af,cell-008-b0acb3f0bc5a,8,b0acb3f0bc5ad527ab08e212aab5cb1859e4ca58d6c20c77b33a0661ab45e44e,9,2,50,32,4,32,2,1,,adamw,0.003,0.0,800,512,0.0,8192,0.23282361030578613,0.9384765625,0.8201556205749512,0.8061792850494385,13.123620986938477,"[6.524597644805908,6.61773681640625]","[6.230360507965088,6.128715991973877]",seeds/cell-008-b0acb3f0bc5a/seed-9/checkpoint.pt,seeds/cell-008-b0acb3f0bc5a/seed-9/snapshots/step-000050.pt
1,scaling-tuned-adamw-10seeds-v1,7097b902cc3f3a43380d0b66433b0a90ecf3915af0cdb913b8b407b76daf38af,cell-008-b0acb3f0bc5a,8,b0acb3f0bc5ad527ab08e212aab5cb1859e4ca58d6c20c77b33a0661ab45e44e,9,3,100,32,4,32,2,1,,adamw,0.003,0.0,800,512,0.0,8192,0.0017287962837144732,1.0,0.9978225231170654,0.9993478059768677,11.833821296691895,"[8.052536964416504,7.6195807456970215]","[6.337874889373779,6.5908098220825195]",seeds/cell-008-b0acb3f0bc5a/seed-9/checkpoint.pt,seeds/cell-008-b0acb3f0bc5a/seed-9/snapshots/step-000100.pt
1,scaling-tuned-adamw-10seeds-v1,7097b902cc3f3a43380d0b66433b0a90ecf3915af0cdb913b8b407b76daf38af,cell-008-b0acb3f0bc5a,8,b0acb3f0bc5ad527ab08e212aab5cb1859e4ca58d6c20c77b33a0661ab45e44e,9,4,200,32,4,32,2,1,,adamw,0.003,0.0,800,512,0.0,8192,0.0004245671443641186,1.0,0.9992735385894775,1.0030553340911865,11.80716323852539,"[8.130888938903809,7.628540992736816]","[6.333743095397949,6.782751083374023]",seeds/cell-008-b0acb3f0bc5a/seed-9/checkpoint.pt,seeds/cell-008-b0acb3f0bc5a/seed-9/snapshots/step-000200.pt
1,scaling-tuned-adamw-10seeds-v1,7097b902cc3f3a43380d0b66433b0a90ecf3915af0cdb913b8b407b76daf38af,cell-008-b0acb3f0bc5a,8,b0acb3f0bc5ad527ab08e212aab5cb1859e4ca58d6c20c77b33a0661ab45e44e,9,5,400,32,4,32,2,1,,adamw,0.003,0.0,800,512,0.0,8192,0.00013389613013714552,1.0,1.0003764629364014,1.0087265968322754,11.737245559692383,"[8.324734687805176,7.647578239440918]","[6.333459377288818,6.996417045593262]",seeds/cell-008-b0acb3f0bc5a/seed-9/checkpoint.pt,seeds/cell-008-b0acb3f0bc5a/seed-9/snapshots/step-000400.pt
1,scaling-tuned-adamw-10seeds-v1,7097b902cc3f3a43380d0b66433b0a90ecf3915af0cdb913b8b407b76daf38af,cell-008-b0acb3f0bc5a,8,b0acb3f0bc5ad527ab08e212aab5cb1859e4ca58d6c20c77b33a0661ab45e44e,9,6,800,32,4,32,2,1,,adamw,0.003,0.0,800,512,0.0,8192,4.499007991398685e-05,1.0,0.9994672536849976,1.0088989734649658,11.713005065917969,"[8.363738059997559,7.651387691497803]","[6.33595609664917,7.2186713218688965]",seeds/cell-008-b0acb3f0bc5a/seed-9/checkpoint.pt,seeds/cell-008-b0acb3f0bc5a/seed-9/snapshots/step-000800.pt
1,scaling-tuned-adamw-10seeds-v1,7097b902cc3f3a43380d0b66433b0a90ecf3915af0cdb913b8b407b76daf38af,cell-009-ab32a69e245d,9,ab32a69e245d8f4521d1588d5c3faf92eb51ea7f14c72a2acbe357923dd6c702,0,0,0,32,4,32,2,4,,adamw,0.003,0.0,800,512,0.0,8192,1.2697153091430664,0.5252685546875,0.05143202841281891,0.09063012152910233,16.392681121826172,"[3.0146515369415283,3.0000152587890625,3.138932704925537,2.8235955238342285,2.9284110069274902,2.690225839614868,2.954470157623291,3.2806618213653564]","[2.880186080932617,2.8890185356140137,2.9304139614105225,3.0109140872955322,2.8064122200012207,2.9601409435272217,2.890730142593384,2.7632648944854736]",seeds/cell-009-ab32a69e245d/seed-0/checkpoint.pt,seeds/cell-009-ab32a69e245d/seed-0/snapshots/step-000000.pt
1,scaling-tuned-adamw-10seeds-v1,7097b902cc3f3a43380d0b66433b0a90ecf3915af0cdb913b8b407b76daf38af,cell-009-ab32a69e245d,9,ab32a69e245d8f4521d1588d5c3faf92eb51ea7f14c72a2acbe357923dd6c702,0,1,25,32,4,32,2,4,,adamw,0.003,0.0,800,512,0.0,8192,0.7082043886184692,0.7271728515625,0.2915467917919159,0.2731044888496399,16.060222625732422,"[3.014357566833496,3.0106866359710693,3.1382744312286377,2.869277000427246,2.968782663345337,2.6689233779907227,2.902789831161499,3.3840110301971436]","[2.904792547225952,2.8855037689208984,2.948533058166504,3.1135571002960205,2.933656930923462,2.930499315261841,2.8974711894989014,2.8615543842315674]",seeds/cell-009-ab32a69e245d/seed-0/checkpoint.pt,seeds/cell-009-ab32a69e245d/seed-0/snapshots/step-000025.pt
1,scaling-tuned-adamw-10seeds-v1,7097b902cc3f3a43380d0b66433b0a90ecf3915af0cdb913b8b407b76daf38af,cell-009-ab32a69e245d,9,ab32a69e245d8f4521d1588d5c3faf92eb51ea7f14c72a2acbe357923dd6c702,0,2,50,32,4,32,2,4,,adamw,0.003,0.0,800,512,0.0,8192,0.3515302240848541,0.89794921875,0.6564356088638306,0.6957855224609375,14.110660552978516,"[3.102365255355835,3.3640263080596924,3.6048784255981445,3.4210593700408936,3.021655559539795,2.713376998901367,2.9590909481048584,3.5651087760925293]","[2.885904550552368,2.907258987426758,3.0196268558502197,3.272557258605957,2.893476724624634,2.921274185180664,2.906604290008545,2.835599899291992]",seeds/cell-009-ab32a69e245d/seed-0/checkpoint.pt,seeds/cell-009-ab32a69e245d/seed-0/snapshots/step-000050.pt
1,scaling-tuned-adamw-10seeds-v1,7097b902cc3f3a43380d0b66433b0a90ecf3915af0cdb913b8b407b76daf38af,cell-009-ab32a69e245d,9,ab32a69e245d8f4521d1588d5c3faf92eb51ea7f14c72a2acbe357923dd6c702,0,3,100,32,4,32,2,4,,adamw,0.003,0.0,800,512,0.0,8192,0.016077963635325432,0.9996337890625,1.003636121749878,1.0225605964660645,12.271464347839355,"[3.3093628883361816,3.613152027130127,4.450514793395996,4.3253889083862305,3.1047606468200684,2.6414334774017334,2.9923553466796875,3.8372209072113037]","[2.897989273071289,2.907776355743408,3.192471742630005,3.367065668106079,2.8786964416503906,2.909390687942505,3.0626797676086426,2.8429148197174072]",seeds/cell-009-ab32a69e245d/seed-0/checkpoint.pt,seeds/cell-009-ab32a69e245d/seed-0/snapshots/step-000100.pt
1,scaling-tuned-adamw-10seeds-v1,7097b902cc3f3a43380d0b66433b0a90ecf3915af0cdb913b8b407b76daf38af,cell-009-ab32a69e245d,9,ab32a69e245d8f4521d1588d5c3faf92eb51ea7f14c72a2acbe357923dd6c702,0,4,200,32,4,32,2,4,,adamw,0.003,0.0,800,512,0.0,8192,0.0019342992454767227,1.0,1.0010769367218018,1.0081231594085693,12.05058479309082,"[3.3083698749542236,3.5971181392669678,4.687858581542969,4.54929256439209,3.1347296237945557,2.650519609451294,3.073857069015503,3.9884698390960693]","[2.8819687366485596,2.8777992725372314,3.2738125324249268,3.438025712966919,2.9151618480682373,2.913757085800171,3.1980252265930176,2.879110813140869]",seeds/cell-009-ab32a69e245d/seed-0/checkpoint.pt,seeds/cell-009-ab32a69e245d/seed-0/snapshots/step-000200.pt
1,scaling-tuned-adamw-10seeds-v1,7097b902cc3f3a43380d0b66433b0a90ecf3915af0cdb913b8b407b76daf38af,cell-009-ab32a69e245d,9,ab32a69e245d8f4521d1588d5c3faf92eb51ea7f14c72a2acbe357923dd6c702,0,5,400,32,4,32,2,4,,adamw,0.003,0.0,800,512,0.0,8192,0.00041550255264155567,1.0,0.9988837242126465,1.0050859451293945,11.892452239990234,"[3.3156442642211914,3.5668952465057373,4.772400856018066,4.638058185577393,3.12980580329895,2.6615214347839355,3.1333367824554443,4.043063163757324]","[2.8719587326049805,2.8652913570404053,3.3236801624298096,3.4934563636779785,2.95664381980896,2.9237987995147705,3.297701120376587,2.9066529273986816]",seeds/cell-009-ab32a69e245d/seed-0/checkpoint.pt,seeds/cell-009-ab32a69e245d/seed-0/snapshots/step-000400.pt
1,scaling-tuned-adamw-10seeds-v1,7097b902cc3f3a43380d0b66433b0a90ecf3915af0cdb913b8b407b76daf38af,cell-009-ab32a69e245d,9,ab32a69e245d8f4521d1588d5c3faf92eb51ea7f14c72a2acbe357923dd6c702,0,6,800,32,4,32,2,4,,adamw,0.003,0.0,800,512,0.0,8192,0.00012046654592268169,1.0,0.9986327886581421,0.9988147616386414,11.650287628173828,"[3.346985101699829,3.5545156002044678,5.038118362426758,4.867514610290527,3.138812780380249,2.683047294616699,3.2181386947631836,4.097596645355225]","[2.865126609802246,2.841404438018799,3.3645102977752686,3.61604380607605,3.003272771835327,2.9437644481658936,3.411309003829956,2.935164451599121]",seeds/cell-009-ab32a69e245d/seed-0/checkpoint.pt,seeds/cell-009-ab32a69e245d/seed-0/snapshots/step-000800.pt
1,scaling-tuned-adamw-10seeds-v1,7097b902cc3f3a43380d0b66433b0a90ecf3915af0cdb913b8b407b76daf38af,cell-009-ab32a69e245d,9,ab32a69e245d8f4521d1588d5c3faf92eb51ea7f14c72a2acbe357923dd6c702,1,0,0,32,4,32,2,4,,adamw,0.003,0.0,800,512,0.0,8192,1.4356067180633545,0.571533203125,0.1632271558046341,0.0939006507396698,14.999160766601562,"[2.9614739418029785,2.884467124938965,2.557685375213623,3.0245611667633057,2.930565357208252,2.696249485015869,2.9576218128204346,2.8597397804260254]","[2.7074389457702637,2.806950092315674,3.226825475692749,2.5258936882019043,3.0747873783111572,2.7106165885925293,2.9090983867645264,2.7994542121887207]",seeds/cell-009-ab32a69e245d/seed-1/checkpoint.pt,seeds/cell-009-ab32a69e245d/seed-1/snapshots/step-000000.pt
1,scaling-tuned-adamw-10seeds-v1,7097b902cc3f3a43380d0b66433b0a90ecf3915af0cdb913b8b407b76daf38af,cell-009-ab32a69e245d,9,ab32a69e245d8f4521d1588d5c3faf92eb51ea7f14c72a2acbe357923dd6c702,1,1,25,32,4,32,2,4,,adamw,0.003,0.0,800,512,0.0,8192,0.7465535998344421,0.7030029296875,0.26039960980415344,0.23793214559555054,14.803544044494629,"[3.0132317543029785,2.948561191558838,2.5850436687469482,3.048276662826538,2.9892373085021973,2.7284345626831055,3.056161403656006,2.9254837036132812]","[2.712299108505249,2.8849685192108154,3.223121404647827,2.5833842754364014,3.0976390838623047,2.8215975761413574,3.023740291595459,2.8835136890411377]",seeds/cell-009-ab32a69e245d/seed-1/checkpoint.pt,seeds/cell-009-ab32a69e245d/seed-1/snapshots/step-000025.pt
1,scaling-tuned-adamw-10seeds-v1,7097b902cc3f3a43380d0b66433b0a90ecf3915af0cdb913b8b407b76daf38af,cell-009-ab32a69e245d,9,ab32a69e245d8f4521d1588d5c3faf92eb51ea7f14c72a2acbe357923dd6c702,1,2,50,32,4,32,2,4,,adamw,0.003,0.0,800,512,0.0,8192,0.4771023988723755,0.8372802734375,0.4994884133338928,0.5035379528999329,13.708852767944336,"[3.138284206390381,3.2451772689819336,2.8044235706329346,3.0858166217803955,3.0427591800689697,2.796692132949829,3.2068943977355957,3.0549540519714355]","[2.7203547954559326,2.9430603981018066,3.2412304878234863,2.5941426753997803,3.090008497238159,2.7993242740631104,3.0276260375976562,2.8662703037261963]",seeds/cell-009-ab32a69e245d/seed-1/checkpoint.pt,seeds/cell-009-ab32a69e245d/seed-1/snapshots/step-000050.pt
1,scaling-tuned-adamw-10seeds-v1,7097b902cc3f3a43380d0b66433b0a90ecf3915af0cdb913b8b407b76daf38af,cell-009-ab32a69e245d,9,ab32a69e245d8f4521d1588d5c3faf92eb51ea7f14c72a2acbe357923dd6c702,1,3,100,32,4,32,2,4,,adamw,0.003,0.0,800,512,0.0,8192,0.04466775804758072,0.997802734375,0.9799607992172241,1.0010203123092651,11.840198516845703,"[3.2421772480010986,3.986974000930786,3.7758655548095703,3.172863721847534,3.1834089756011963,2.7857770919799805,3.317967176437378,3.273336410522461]","[2.6560630798339844,3.0822014808654785,3.3109488487243652,2.5876288414001465,3.1041414737701416,2.7715234756469727,3.060239315032959,2.8758459091186523]",seeds/cell-009-ab32a69e245d/seed-1/checkpoint.pt,seeds/cell-009-ab32a69e245d/seed-1/snapshots/step-000100.pt
1,scaling-tuned-adamw-10seeds-v1,7097b902cc3f3a43380d0b66433b0a90ecf3915af0cdb913b8b407b76daf38af,cell-009-ab32a69e245d,9,ab32a69e245d8f4521d1588d5c3faf92eb51ea7f14c72a2acbe357923dd6c702,1,4,200,32,4,32,2,4,,adamw,0.003,0.0,800,512,0.0,8192,0.0030661961063742638,1.0,1.0008374452590942,1.0069522857666016,11.513998985290527,"[3.1689770221710205,4.3605499267578125,4.072754859924316,3.11997127532959,3.301607608795166,2.7732300758361816,3.353910207748413,3.3609793186187744]","[2.583573341369629,3.2739322185516357,3.334742546081543,2.570551633834839,3.2367494106292725,2.7556817531585693,3.2793588638305664,2.9681029319763184]",seeds/cell-009-ab32a69e245d/seed-1/checkpoint.pt,seeds/cell-009-ab32a69e245d/seed-1/snapshots/step-000200.pt
1,scaling-tuned-adamw-10seeds-v1,7097b902cc3f3a43380d0b66433b0a90ecf3915af0cdb913b8b407b76daf38af,cell-009-ab32a69e245d,9,ab32a69e245d8f4521d1588d5c3faf92eb51ea7f14c72a2acbe357923dd6c702,1,5,400,32,4,32,2,4,,adamw,0.003,0.0,800,512,0.0,8192,0.0006797824753448367,1.0,0.9951757192611694,0.9961245656013489,11.358064651489258,"[3.1185355186462402,4.473873615264893,4.151926040649414,3.076894521713257,3.3074638843536377,2.8003129959106445,3.403625249862671,3.393918752670288]","[2.5433878898620605,3.383840560913086,3.355631113052368,2.5538699626922607,3.321082830429077,2.7528319358825684,3.4626283645629883,3.0508673191070557]",seeds/cell-009-ab32a69e245d/seed-1/checkpoint.pt,seeds/cell-009-ab32a69e245d/seed-1/snapshots/step-000400.pt
1,scaling-tuned-adamw-10seeds-v1,7097b902cc3f3a43380d0b66433b0a90ecf3915af0cdb913b8b407b76daf38af,cell-009-ab32a69e245d,9,ab32a69e245d8f4521d1588d5c3faf92eb51ea7f14c72a2acbe357923dd6c702,1,6,800,32,4,32,2,4,,adamw,0.003,0.0,800,512,0.0,8192,0.0002269447868457064,1.0,1.001678705215454,1.0080504417419434,11.019508361816406,"[3.049528121948242,4.765353202819824,4.435653209686279,3.0392746925354004,3.3181586265563965,2.8230347633361816,3.482738971710205,3.450106143951416]","[2.4961047172546387,3.5136680603027344,3.379131555557251,2.5433168411254883,3.401628255844116,2.7505033016204834,3.644606590270996,3.15231990814209]",seeds/cell-009-ab32a69e245d/seed-1/checkpoint.pt,seeds/cell-009-ab32a69e245d/seed-1/snapshots/step-000800.pt
1,scaling-tuned-adamw-10seeds-v1,7097b902cc3f3a43380d0b66433b0a90ecf3915af0cdb913b8b407b76daf38af,cell-009-ab32a69e245d,9,ab32a69e245d8f4521d1588d5c3faf92eb51ea7f14c72a2acbe357923dd6c702,2,0,0,32,4,32,2,4,,adamw,0.003,0.0,800,512,0.0,8192,1.7844263315200806,0.5146484375,0.021512597799301147,0.02091803401708603,16.096811294555664,"[2.5411641597747803,2.9497406482696533,2.8829848766326904,3.0994935035705566,3.021986246109009,2.933778762817383,2.76724910736084,3.153660297393799]","[2.7426772117614746,2.9165666103363037,2.824341297149658,2.672785758972168,2.873927354812622,2.550567388534546,2.621415615081787,2.873417854309082]",seeds/cell-009-ab32a69e245d/seed-2/checkpoint.pt,seeds/cell-009-ab32a69e245d/seed-2/snapshots/step-000000.pt
1,scaling-tuned-adamw-10seeds-v1,7097b902cc3f3a43380d0b66433b0a90ecf3915af0cdb913b8b407b76daf38af,cell-009-ab32a69e245d,9,ab32a69e245d8f4521d1588d5c3faf92eb51ea7f14c72a2acbe357923dd6c702,2,1,25,32,4,32,2,4,,adamw,0.003,0.0,800,512,0.0,8192,0.727281391620636,0.7169189453125,0.3067917227745056,0.2857847809791565,15.841756820678711,"[2.5866968631744385,2.959580421447754,2.8922278881073,3.0645697116851807,3.0018210411071777,2.984027862548828,2.8029232025146484,3.1378653049468994]","[2.751605987548828,3.009584903717041,2.8498177528381348,2.6952216625213623,2.9462316036224365,2.5637941360473633,2.7019002437591553,3.0207388401031494]",seeds/cell-009-ab32a69e245d/seed-2/checkpoint.pt,seeds/cell-009-ab32a69e245d/seed-2/snapshots/step-000025.pt
1,scaling-tuned-adamw-10seeds-v1,7097b902cc3f3a43380d0b66433b0a90ecf3915af0cdb913b8b407b76daf38af,cell-009-ab32a69e245d,9,ab32a69e245d8f4521d1588d5c3faf92eb51ea7f14c72a2acbe357923dd6c702,2,2,50,32,4,32,2,4,,adamw,0.003,0.0,800,512,0.0,8192,0.5160037875175476,0.8153076171875,0.45497921109199524,0.46878546476364136,14.91223430633545,"[2.6364479064941406,3.211350202560425,2.9792540073394775,3.1334314346313477,3.017338991165161,3.114835500717163,2.887941598892212,3.18747878074646]","[2.7751712799072266,3.05694317817688,2.861670732498169,2.6913156509399414,2.9468796253204346,2.5658295154571533,2.7039763927459717,3.026028871536255]",seeds/cell-009-ab32a69e245d/seed-2/checkpoint.pt,seeds/cell-009-ab32a69e245d/seed-2/snapshots/step-000050.pt
1,scaling-tuned-adamw-10seeds-v1,7097b902cc3f3a43380d0b66433b0a90ecf3915af0cdb913b8b407b76daf38af,cell-009-ab32a69e245d,9,ab32a69e245d8f4521d1588d5c3faf92eb51ea7f14c72a2acbe357923dd6c702,2,3,100,32,4,32,2,4,,adamw,0.003,0.0,800,512,0.0,8192,0.030084848403930664,0.997802734375,0.9998677968978882,1.025965690612793,12.869620323181152,"[2.6050610542297363,4.190520286560059,3.2675459384918213,3.6255714893341064,3.066567897796631,3.5705575942993164,3.0113890171051025,3.323276996612549]","[2.7325429916381836,3.308152914047241,2.850703239440918,2.7677531242370605,2.9720637798309326,2.6086087226867676,2.6865384578704834,3.0522851943969727]",seeds/cell-009-ab32a69e245d/seed-2/checkpoint.pt,seeds/cell-009-ab32a69e245d/seed-2/snapshots/step-000100.pt
1,scaling-tuned-adamw-10seeds-v1,7097b902cc3f3a43380d0b66433b0a90ecf3915af0cdb913b8b407b76daf38af,cell-009-ab32a69e245d,9,ab32a69e245d8f4521d1588d5c3faf92eb51ea7f14c72a2acbe357923dd6c702,2,4,200,32,4,32,2,4,,adamw,0.003,0.0,800,512,0.0,8192,0.0018506398191675544,1.0,1.003844976425171,1.015376329421997,12.528498649597168,"[2.5477404594421387,4.576849937438965,3.272312879562378,3.697742462158203,3.039717435836792,3.7038280963897705,3.0147573947906494,3.2508938312530518]","[2.7027359008789062,3.544837474822998,2.8106744289398193,2.77649188041687,3.0859227180480957,2.7049930095672607,2.6943655014038086,3.123453140258789]",seeds/cell-009-ab32a69e245d/seed-2/checkpoint.pt,seeds/cell-009-ab32a69e245d/seed-2/snapshots/step-000200.pt
1,scaling-tuned-adamw-10seeds-v1,7097b902cc3f3a43380d0b66433b0a90ecf3915af0cdb913b8b407b76daf38af,cell-009-ab32a69e245d,9,ab32a69e245d8f4521d1588d5c3faf92eb51ea7f14c72a2acbe357923dd6c702,2,5,400,32,4,32,2,4,,adamw,0.003,0.0,800,512,0.0,8192,0.0005147440824657679,1.0,0.9962990283966064,0.9988341331481934,12.262499809265137,"[2.5212292671203613,4.8006272315979,3.267824411392212,3.7443418502807617,3.0331175327301025,3.7511508464813232,2.99763560295105,3.2461471557617188]","[2.688885450363159,3.681863307952881,2.7877025604248047,2.762040376663208,3.160651206970215,2.768841505050659,2.6963725090026855,3.1654207706451416]",seeds/cell-009-ab32a69e245d/seed-2/checkpoint.pt,seeds/cell-009-ab32a69e245d/seed-2/snapshots/step-000400.pt
1,scaling-tuned-adamw-10seeds-v1,7097b902cc3f3a43380d0b66433b0a90ecf3915af0cdb913b8b407b76daf38af,cell-009-ab32a69e245d,9,ab32a69e245d8f4521d1588d5c3faf92eb51ea7f14c72a2acbe357923dd6c702,2,6,800,32,4,32,2,4,,adamw,0.003,0.0,800,512,0.0,8192,0.0001410339173162356,1.0,0.9995046854019165,1.005702257156372,12.00733757019043,"[2.5068488121032715,4.911318778991699,3.255922317504883,3.7325148582458496,3.008514881134033,3.7437305450439453,2.980135679244995,3.2269227504730225]","[2.664842128753662,3.8176374435424805,2.7728848457336426,2.7448906898498535,3.249631643295288,2.836033344268799,2.7032713890075684,3.216212749481201]",seeds/cell-009-ab32a69e245d/seed-2/checkpoint.pt,seeds/cell-009-ab32a69e245d/seed-2/snapshots/step-000800.pt
1,scaling-tuned-adamw-10seeds-v1,7097b902cc3f3a43380d0b66433b0a90ecf3915af0cdb913b8b407b76daf38af,cell-009-ab32a69e245d,9,ab32a69e245d8f4521d1588d5c3faf92eb51ea7f14c72a2acbe357923dd6c702,3,0,0,32,4,32,2,4,,adamw,0.003,0.0,800,512,0.0,8192,1.4036656618118286,0.45458984375,-0.050550125539302826,-0.04743225872516632,15.558540344238281,"[2.660550832748413,2.7470407485961914,2.7196011543273926,3.209368944168091,2.6554980278015137,2.9604861736297607,3.0165915489196777,3.036101818084717]","[2.640803337097168,3.142378330230713,2.7322638034820557,2.906540632247925,2.6467790603637695,2.737318515777588,2.5792317390441895,2.8209142684936523]",seeds/cell-009-ab32a69e245d/seed-3/checkpoint.pt,seeds/cell-009-ab32a69e245d/seed-3/snapshots/step-000000.pt
1,scaling-tuned-adamw-10seeds-v1,7097b902cc3f3a43380d0b66433b0a90ecf3915af0cdb913b8b407b76daf38af,cell-009-ab32a69e245d,9,ab32a69e245d8f4521d1588d5c3faf92eb51ea7f14c72a2acbe357923dd6c702,3,1,25,32,4,32,2,4,,adamw,0.003,0.0,800,512,0.0,8192,0.7103598117828369,0.72412109375,0.2994720935821533,0.2561889886856079,15.364663124084473,"[2.675562858581543,2.787388801574707,2.7646572589874268,3.2795286178588867,2.721238374710083,2.9655580520629883,3.134772300720215,3.049740791320801]","[2.6998026371002197,3.2080612182617188,2.7654051780700684,2.9445440769195557,2.7029337882995605,2.7952401638031006,2.5861337184906006,2.8422982692718506]",seeds/cell-009-ab32a69e245d/seed-3/checkpoint.pt,seeds/cell-009-ab32a69e245d/seed-3/snapshots/step-000025.pt
1,scaling-tuned-adamw-10seeds-v1,7097b902cc3f3a43380d0b66433b0a90ecf3915af0cdb913b8b407b76daf38af,cell-009-ab32a69e245d,9,ab32a69e245d8f4521d1588d5c3faf92eb51ea7f14c72a2acbe357923dd6c702,3,2,50,32,4,32,2,4,,adamw,0.003,0.0,800,512,0.0,8192,0.3984391391277313,0.873291015625,0.6129401326179504,0.6237447261810303,13.619622230529785,"[2.8485372066497803,3.2097716331481934,3.094491481781006,3.4026594161987305,2.8139920234680176,3.313502311706543,3.2456929683685303,3.1516029834747314]","[2.7350375652313232,3.2618939876556396,2.8263790607452393,2.9575107097625732,2.7086918354034424,2.7830593585968018,2.5866880416870117,2.8366787433624268]",seeds/cell-009-ab32a69e245d/seed-3/checkpoint.pt,seeds/cell-009-ab32a69e245d/seed-3/snapshots/step-000050.pt
1,scaling-tuned-adamw-10seeds-v1,7097b902cc3f3a43380d0b66433b0a90ecf3915af0cdb913b8b407b76daf38af,cell-009-ab32a69e245d,9,ab32a69e245d8f4521d1588d5c3faf92eb51ea7f14c72a2acbe357923dd6c702,3,3,100,32,4,32,2,4,,adamw,0.003,0.0,800,512,0.0,8192,0.02245241031050682,0.9990234375,0.9910908937454224,1.0036301612854004,11.79177188873291,"[3.171401023864746,3.9515624046325684,3.8476381301879883,3.5437819957733154,2.726461410522461,3.6065547466278076,3.377575397491455,3.237349271774292]","[2.760815143585205,3.453427314758301,3.03214430809021,2.8749797344207764,2.743159294128418,2.895470380783081,2.605792760848999,2.946934223175049]",seeds/cell-009-ab32a69e245d/seed-3/checkpoint.pt,seeds/cell-009-ab32a69e245d/seed-3/snapshots/step-000100.pt
1,scaling-tuned-adamw-10seeds-v1,7097b902cc3f3a43380d0b66433b0a90ecf3915af0cdb913b8b407b76daf38af,cell-009-ab32a69e245d,9,ab32a69e245d8f4521d1588d5c3faf92eb51ea7f14c72a2acbe357923dd6c702,3,4,200,32,4,32,2,4,,adamw,0.003,0.0,800,512,0.0,8192,0.0017146258614957333,1.0,0.9918462038040161,0.9982663989067078,11.578156471252441,"[3.1492016315460205,4.122814655303955,4.045169830322266,3.5193421840667725,2.733208656311035,3.7446465492248535,3.299802303314209,3.3486390113830566]","[2.7195022106170654,3.5748345851898193,3.054028034210205,2.8179142475128174,2.7685904502868652,3.2223970890045166,2.629775047302246,3.1603903770446777]",seeds/cell-009-ab32a69e245d/seed-3/checkpoint.pt,seeds/cell-009-ab32a69e245d/seed-3/snapshots/step-000200.pt
1,scaling-tuned-adamw-10seeds-v1,7097b902cc3f3a43380d0b66433b0a90ecf3915af0cdb913b8b407b76daf38af,cell-009-ab32a69e245d,9,ab32a69e245d8f4521d1588d5c3faf92eb51ea7f14c72a2acbe357923dd6c702,3,5,400,32,4,32,2,4,,adamw,0.003,0.0,800,512,0.0,8192,0.0004187440499663353,1.0,1.0031541585922241,1.0169446468353271,11.44659423828125,"[3.1250603199005127,4.176253795623779,4.111690521240234,3.5034141540527344,2.7726454734802246,3.7585763931274414,3.2325832843780518,3.351877450942993]","[2.6968181133270264,3.620756149291992,3.062488555908203,2.7919371128082275,2.774125814437866,3.496333599090576,2.6410984992980957,3.306837320327759]",seeds/cell-009-ab32a69e245d/seed-3/checkpoint.pt,seeds/cell-009-ab32a69e245d/seed-3/snapshots/step-000400.pt
1,scaling-tuned-adamw-10seeds-v1,7097b902cc3f3a43380d0b66433b0a90ecf3915af0cdb913b8b407b76daf38af,cell-009-ab32a69e245d,9,ab32a69e245d8f4521d1588d5c3faf92eb51ea7f14c72a2acbe357923dd6c702,3,6,800,32,4,32,2,4,,adamw,0.003,0.0,800,512,0.0,8192,0.00011110331251984462,1.0,1.000626802444458,1.0166629552841187,11.320402145385742,"[3.112245798110962,4.215583801269531,4.155111312866211,3.485031843185425,2.8001513481140137,3.7491848468780518,3.1784346103668213,3.3357717990875244]","[2.684013843536377,3.660797119140625,3.0822625160217285,2.7683823108673096,2.777150869369507,3.789318323135376,2.646209955215454,3.449049234390259]",seeds/cell-009-ab32a69e245d/seed-3/checkpoint.pt,seeds/cell-009-ab32a69e245d/seed-3/snapshots/step-000800.pt
1,scaling-tuned-adamw-10seeds-v1,7097b902cc3f3a43380d0b66433b0a90ecf3915af0cdb913b8b407b76daf38af,cell-009-ab32a69e245d,9,ab32a69e245d8f4521d1588d5c3faf92eb51ea7f14c72a2acbe357923dd6c702,4,0,0,32,4,32,2,4,,adamw,0.003,0.0,800,512,0.0,8192,3.457524061203003,0.4881591796875,-0.11689971387386322,-0.062455009669065475,15.82319164276123,"[2.6580119132995605,2.9993185997009277,2.794029474258423,2.7630624771118164,2.7186617851257324,2.472137689590454,2.7151553630828857,2.9264094829559326]","[2.717501640319824,3.017526626586914,2.9437520503997803,2.9057486057281494,2.6451704502105713,2.8430004119873047,3.0106396675109863,2.58548641204834]",seeds/cell-009-ab32a69e245d/seed-4/checkpoint.pt,seeds/cell-009-ab32a69e245d/seed-4/snapshots/step-000000.pt
1,scaling-tuned-adamw-10seeds-v1,7097b902cc3f3a43380d0b66433b0a90ecf3915af0cdb913b8b407b76daf38af,cell-009-ab32a69e245d,9,ab32a69e245d8f4521d1588d5c3faf92eb51ea7f14c72a2acbe357923dd6c702,4,1,25,32,4,32,2,4,,adamw,0.003,0.0,800,512,0.0,8192,0.820582389831543,0.6693115234375,0.19732114672660828,0.16858188807964325,15.685773849487305,"[2.720954179763794,3.01749587059021,2.8326094150543213,2.764164686203003,2.7949588298797607,2.5873680114746094,2.7054989337921143,2.924802541732788]","[2.7776987552642822,3.030790090560913,3.046997308731079,2.924473285675049,2.7277917861938477,2.9296677112579346,3.0632975101470947,2.689227819442749]",seeds/cell-009-ab32a69e245d/seed-4/checkpoint.pt,seeds/cell-009-ab32a69e245d/seed-4/snapshots/step-000025.pt
1,scaling-tuned-adamw-10seeds-v1,7097b902cc3f3a43380d0b66433b0a90ecf3915af0cdb913b8b407b76daf38af,cell-009-ab32a69e245d,9,ab32a69e245d8f4521d1588d5c3faf92eb51ea7f14c72a2acbe357923dd6c702,4,2,50,32,4,32,2,4,,adamw,0.003,0.0,800,512,0.0,8192,0.6812101006507874,0.741943359375,0.31936049461364746,0.30275440216064453,15.164754867553711,"[2.774557113647461,3.1494243144989014,2.855072498321533,2.8331480026245117,2.8031482696533203,2.637601375579834,2.700491428375244,2.950943946838379]","[2.8029396533966064,3.0551769733428955,3.0617380142211914,2.9301815032958984,2.7470128536224365,2.948077440261841,3.0765128135681152,2.704052448272705]",seeds/cell-009-ab32a69e245d/seed-4/checkpoint.pt,seeds/cell-009-ab32a69e245d/seed-4/snapshots/step-000050.pt
1,scaling-tuned-adamw-10seeds-v1,7097b902cc3f3a43380d0b66433b0a90ecf3915af0cdb913b8b407b76daf38af,cell-009-ab32a69e245d,9,ab32a69e245d8f4521d1588d5c3faf92eb51ea7f14c72a2acbe357923dd6c702,4,3,100,32,4,32,2,4,,adamw,0.003,0.0,800,512,0.0,8192,0.1011563315987587,0.9827880859375,0.9271941184997559,0.9591493606567383,12.518444061279297,"[3.1409270763397217,4.192558288574219,3.307086944580078,3.4565091133117676,2.8288347721099854,2.8038442134857178,2.847961902618408,3.475780963897705]","[2.823789596557617,3.1684341430664062,3.056962251663208,2.9447522163391113,2.7672290802001953,2.942009210586548,3.0329744815826416,2.7622947692871094]",seeds/cell-009-ab32a69e245d/seed-4/checkpoint.pt,seeds/cell-009-ab32a69e245d/seed-4/snapshots/step-000100.pt
1,scaling-tuned-adamw-10seeds-v1,7097b902cc3f3a43380d0b66433b0a90ecf3915af0cdb913b8b407b76daf38af,cell-009-ab32a69e245d,9,ab32a69e245d8f4521d1588d5c3faf92eb51ea7f14c72a2acbe357923dd6c702,4,4,200,32,4,32,2,4,,adamw,0.003,0.0,800,512,0.0,8192,0.0038589918985962868,0.9996337890625,1.0030571222305298,1.0138543844223022,11.931697845458984,"[3.208009958267212,4.798876762390137,3.4665119647979736,3.7177274227142334,2.776928424835205,2.7592661380767822,2.856814384460449,3.926460027694702]","[2.773204803466797,3.316128730773926,2.995056629180908,2.918652296066284,2.7404747009277344,2.9405925273895264,3.026883363723755,3.326714277267456]",seeds/cell-009-ab32a69e245d/seed-4/checkpoint.pt,seeds/cell-009-ab32a69e245d/seed-4/snapshots/step-000200.pt
1,scaling-tuned-adamw-10seeds-v1,7097b902cc3f3a43380d0b66433b0a90ecf3915af0cdb913b8b407b76daf38af,cell-009-ab32a69e245d,9,ab32a69e245d8f4521d1588d5c3faf92eb51ea7f14c72a2acbe357923dd6c702,4,5,400,32,4,32,2,4,,adamw,0.003,0.0,800,512,0.0,8192,0.0014635964762419462,0.999755859375,1.0017110109329224,1.0122785568237305,11.598182678222656,"[3.2287559509277344,5.099291801452637,3.509873390197754,3.7788896560668945,2.751030445098877,2.7565858364105225,2.8547000885009766,4.043382167816162]","[2.7442610263824463,3.3850016593933105,2.9679348468780518,2.904982328414917,2.7265090942382812,2.936978578567505,3.034113883972168,3.823040723800659]",seeds/cell-009-ab32a69e245d/seed-4/checkpoint.pt,seeds/cell-009-ab32a69e245d/seed-4/snapshots/step-000400.pt
1,scaling-tuned-adamw-10seeds-v1,7097b902cc3f3a43380d0b66433b0a90ecf3915af0cdb913b8b407b76daf38af,cell-009-ab32a69e245d,9,ab32a69e245d8f4521d1588d5c3faf92eb51ea7f14c72a2acbe357923dd6c702,4,6,800,32,4,32,2,4,,adamw,0.003,0.0,800,512,0.0,8192,0.004067976027727127,0.998779296875,0.9875352382659912,0.9936778545379639,11.137650489807129,"[3.302306890487671,5.4475531578063965,3.5838522911071777,4.242653846740723,2.7304162979125977,2.7491798400878906,2.8705875873565674,4.184417247772217]","[2.7102863788604736,3.464670181274414,2.949281930923462,2.9321045875549316,2.7118752002716064,2.9377925395965576,3.0418007373809814,4.317000865936279]",seeds/cell-009-ab32a69e245d/seed-4/checkpoint.pt,seeds/cell-009-ab32a69e245d/seed-4/snapshots/step-000800.pt
1,scaling-tuned-adamw-10seeds-v1,7097b902cc3f3a43380d0b66433b0a90ecf3915af0cdb913b8b407b76daf38af,cell-009-ab32a69e245d,9,ab32a69e245d8f4521d1588d5c3faf92eb51ea7f14c72a2acbe357923dd6c702,5,0,0,32,4,32,2,4,,adamw,0.003,0.0,800,512,0.0,8192,1.5309175252914429,0.4266357421875,-0.09279261529445648,-0.06532862782478333,15.994446754455566,"[2.952134370803833,2.875786066055298,2.965662956237793,2.888918876647949,3.0725173950195312,2.7001421451568604,2.7687253952026367,3.0009443759918213]","[2.6603329181671143,2.927109718322754,2.782820463180542,2.8566319942474365,2.515066146850586,2.7725584506988525,2.7605695724487305,2.5155200958251953]",seeds/cell-009-ab32a69e245d/seed-5/checkpoint.pt,seeds/cell-009-ab32a69e245d/seed-5/snapshots/step-000000.pt
1,scaling-tuned-adamw-10seeds-v1,7097b902cc3f3a43380d0b66433b0a90ecf3915af0cdb913b8b407b76daf38af,cell-009-ab32a69e245d,9,ab32a69e245d8f4521d1588d5c3faf92eb51ea7f14c72a2acbe357923dd6c702,5,1,25,32,4,32,2,4,,adamw,0.003,0.0,800,512,0.0,8192,0.7247427701950073,0.7196044921875,0.29175567626953125,0.24877768754959106,15.413641929626465,"[3.032745122909546,2.898953914642334,3.0098989009857178,2.887502670288086,3.0564427375793457,2.7080607414245605,2.8985612392425537,2.993730068206787]","[2.674268960952759,3.0140743255615234,2.7781753540039062,2.936013698577881,2.5337278842926025,2.781298875808716,2.8719897270202637,2.600275993347168]",seeds/cell-009-ab32a69e245d/seed-5/checkpoint.pt,seeds/cell-009-ab32a69e245d/seed-5/snapshots/step-000025.pt
1,scaling-tuned-adamw-10seeds-v1,7097b902cc3f3a43380d0b66433b0a90ecf3915af0cdb913b8b407b76daf38af,cell-009-ab32a69e245d,9,ab32a69e245d8f4521d1588d5c3faf92eb51ea7f14c72a2acbe357923dd6c702,5,2,50,32,4,32,2,4,,adamw,0.003,0.0,800,512,0.0,8192,0.3972873091697693,0.8714599609375,0.5793602466583252,0.5565215945243835,13.566073417663574,"[3.0939745903015137,2.887073516845703,3.0916481018066406,3.5278422832489014,3.077970504760742,2.723771810531616,2.9378104209899902,3.0403172969818115]","[2.6815109252929688,3.028287410736084,2.7845568656921387,3.0430257320404053,2.5302531719207764,2.77864408493042,2.8591089248657227,2.603910207748413]",seeds/cell-009-ab32a69e245d/seed-5/checkpoint.pt,seeds/cell-009-ab32a69e245d/seed-5/snapshots/step-000050.pt
1,scaling-tuned-adamw-10seeds-v1,7097b902cc3f3a43380d0b66433b0a90ecf3915af0cdb913b8b407b76daf38af,cell-009-ab32a69e245d,9,ab32a69e245d8f4521d1588d5c3faf92eb51ea7f14c72a2acbe357923dd6c702,5,3,100,32,4,32,2,4,,adamw,0.003,0.0,800,512,0.0,8192,0.034670282155275345,0.9990234375,0.9749642610549927,0.9800676703453064,11.495697021484375,"[3.0793681144714355,2.846358299255371,3.2252655029296875,4.704473972320557,3.0854849815368652,2.6836354732513428,2.9805185794830322,3.084900140762329]","[2.6645095348358154,3.0369269847869873,2.772469997406006,3.1494903564453125,2.5162131786346436,2.7834577560424805,2.856868267059326,2.61043643951416]",seeds/cell-009-ab32a69e245d/seed-5/checkpoint.pt,seeds/cell-009-ab32a69e245d/seed-5/snapshots/step-000100.pt
1,scaling-tuned-adamw-10seeds-v1,7097b902cc3f3a43380d0b66433b0a90ecf3915af0cdb913b8b407b76daf38af,cell-009-ab32a69e245d,9,ab32a69e245d8f4521d1588d5c3faf92eb51ea7f14c72a2acbe357923dd6c702,5,4,200,32,4,32,2,4,,adamw,0.003,0.0,800,512,0.0,8192,0.004813630133867264,1.0,0.9942671060562134,1.0012233257293701,10.726441383361816,"[2.9703359603881836,2.7974531650543213,3.1738572120666504,5.473165988922119,3.116868495941162,2.6650192737579346,2.980806350708008,3.1390271186828613]","[2.6146554946899414,3.0366058349609375,2.751319646835327,3.222430467605591,2.5267152786254883,2.782522678375244,2.862464666366577,2.6176576614379883]",seeds/cell-009-ab32a69e245d/seed-5/checkpoint.pt,seeds/cell-009-ab32a69e245d/seed-5/snapshots/step-000200.pt
1,scaling-tuned-adamw-10seeds-v1,7097b902cc3f3a43380d0b66433b0a90ecf3915af0cdb913b8b407b76daf38af,cell-009-ab32a69e245d,9,ab32a69e245d8f4521d1588d5c3faf92eb51ea7f14c72a2acbe357923dd6c702,5,5,400,32,4,32,2,4,,adamw,0.003,0.0,800,512,0.0,8192,0.0012470631627365947,1.0,1.0039315223693848,1.0118331909179688,10.275725364685059,"[2.8889715671539307,2.7396771907806396,3.1179003715515137,5.951683044433594,3.132032871246338,2.636359453201294,2.9759111404418945,3.186229944229126]","[2.5835015773773193,3.0379598140716553,2.726717948913574,3.330204486846924,2.539386749267578,2.776362180709839,2.8697848320007324,2.6299548149108887]",seeds/cell-009-ab32a69e245d/seed-5/checkpoint.pt,seeds/cell-009-ab32a69e245d/seed-5/snapshots/step-000400.pt
1,scaling-tuned-adamw-10seeds-v1,7097b902cc3f3a43380d0b66433b0a90ecf3915af0cdb913b8b407b76daf38af,cell-009-ab32a69e245d,9,ab32a69e245d8f4521d1588d5c3faf92eb51ea7f14c72a2acbe357923dd6c702,5,6,800,32,4,32,2,4,,adamw,0.003,0.0,800,512,0.0,8192,0.00036888039903715253,1.0,0.9998905658721924,1.0084240436553955,9.88235092163086,"[2.8079833984375,2.6781229972839355,3.061830759048462,6.312830448150635,3.1417384147644043,2.61672306060791,2.968266248703003,3.210803985595703]","[2.556152582168579,3.0342791080474854,2.7067084312438965,3.4791502952575684,2.5617141723632812,2.77396821975708,2.8749465942382812,2.6470959186553955]",seeds/cell-009-ab32a69e245d/seed-5/checkpoint.pt,seeds/cell-009-ab32a69e245d/seed-5/snapshots/step-000800.pt
1,scaling-tuned-adamw-10seeds-v1,7097b902cc3f3a43380d0b66433b0a90ecf3915af0cdb913b8b407b76daf38af,cell-009-ab32a69e245d,9,ab32a69e245d8f4521d1588d5c3faf92eb51ea7f14c72a2acbe357923dd6c702,6,0,0,32,4,32,2,4,,adamw,0.003,0.0,800,512,0.0,8192,1.1231083869934082,0.4989013671875,0.0025542275980114937,-0.0018964102491736412,16.631546020507812,"[3.1159095764160156,2.9139842987060547,2.8983750343322754,2.5200791358947754,3.058514356613159,2.8389265537261963,2.9265990257263184,2.588819742202759]","[3.230173349380493,2.758579730987549,2.7098002433776855,2.83333420753479,2.5889878273010254,2.753220558166504,2.705594539642334,2.781900405883789]",seeds/cell-009-ab32a69e245d/seed-6/checkpoint.pt,seeds/cell-009-ab32a69e245d/seed-6/snapshots/step-000000.pt
1,scaling-tuned-adamw-10seeds-v1,7097b902cc3f3a43380d0b66433b0a90ecf3915af0cdb913b8b407b76daf38af,cell-009-ab32a69e245d,9,ab32a69e245d8f4521d1588d5c3faf92eb51ea7f14c72a2acbe357923dd6c702,6,1,25,32,4,32,2,4,,adamw,0.003,0.0,800,512,0.0,8192,0.7048212289810181,0.7359619140625,0.3113684058189392,0.2828677296638489,16.322988510131836,"[3.1517837047576904,2.9262564182281494,2.888448476791382,2.5583131313323975,3.1652443408966064,2.8787660598754883,3.039803981781006,2.69382643699646]","[3.2598464488983154,2.822821617126465,2.704784631729126,2.8899519443511963,2.5946600437164307,2.80562424659729,2.7729194164276123,2.8949856758117676]",seeds/cell-009-ab32a69e245d/seed-6/checkpoint.pt,seeds/cell-009-ab32a69e245d/seed-6/snapshots/step-000025.pt
1,scaling-tuned-adamw-10seeds-v1,7097b902cc3f3a43380d0b66433b0a90ecf3915af0cdb913b8b407b76daf38af,cell-009-ab32a69e245d,9,ab32a69e245d8f4521d1588d5c3faf92eb51ea7f14c72a2acbe357923dd6c702,6,2,50,32,4,32,2,4,,adamw,0.003,0.0,800,512,0.0,8192,0.3451305627822876,0.8983154296875,0.6466861367225647,0.6287704706192017,15.006851196289062,"[3.2552342414855957,3.2337589263916016,3.0034279823303223,2.8507840633392334,3.478275775909424,3.072770595550537,3.2324769496917725,3.107348918914795]","[3.3051373958587646,2.839763879776001,2.6803548336029053,2.901015043258667,2.6054799556732178,2.8046188354492188,2.753626585006714,2.9241726398468018]",seeds/cell-009-ab32a69e245d/seed-6/checkpoint.pt,seeds/cell-009-ab32a69e245d/seed-6/snapshots/step-000050.pt
1,scaling-tuned-adamw-10seeds-v1,7097b902cc3f3a43380d0b66433b0a90ecf3915af0cdb913b8b407b76daf38af,cell-009-ab32a69e245d,9,ab32a69e245d8f4521d1588d5c3faf92eb51ea7f14c72a2acbe357923dd6c702,6,3,100,32,4,32,2,4,,adamw,0.003,0.0,800,512,0.0,8192,0.022497383877635002,0.9967041015625,0.9864920377731323,0.9640603065490723,13.354710578918457,"[3.12123441696167,3.689873456954956,2.9989123344421387,3.5062687397003174,3.6871070861816406,3.413806676864624,3.1323134899139404,3.6401686668395996]","[3.278864622116089,2.7763712406158447,2.5310161113739014,2.903886079788208,2.721775770187378,2.972137451171875,2.719717025756836,3.4042460918426514]",seeds/cell-009-ab32a69e245d/seed-6/checkpoint.pt,seeds/cell-009-ab32a69e245d/seed-6/snapshots/step-000100.pt
1,scaling-tuned-adamw-10seeds-v1,7097b902cc3f3a43380d0b66433b0a90ecf3915af0cdb913b8b407b76daf38af,cell-009-ab32a69e245d,9,ab32a69e245d8f4521d1588d5c3faf92eb51ea7f14c72a2acbe357923dd6c702,6,4,200,32,4,32,2,4,,adamw,0.003,0.0,800,512,0.0,8192,0.002171856816858053,0.9998779296875,0.994149923324585,0.9740492105484009,12.899964332580566,"[3.140913248062134,3.7881386280059814,3.0017809867858887,3.802711009979248,3.72479510307312,3.525009870529175,3.1262519359588623,3.8618288040161133]","[3.2533586025238037,2.7321412563323975,2.4787142276763916,2.8917157649993896,2.857259750366211,3.2026586532592773,2.695326328277588,3.939987897872925]",seeds/cell-009-ab32a69e245d/seed-6/checkpoint.pt,seeds/cell-009-ab32a69e245d/seed-6/snapshots/step-000200.pt
1,scaling-tuned-adamw-10seeds-v1,7097b902cc3f3a43380d0b66433b0a90ecf3915af0cdb913b8b407b76daf38af,cell-009-ab32a69e245d,9,ab32a69e245d8f4521d1588d5c3faf92eb51ea7f14c72a2acbe357923dd6c702,6,5,400,32,4,32,2,4,,adamw,0.003,0.0,800,512,0.0,8192,0.0004381226608529687,1.0,1.0005369186401367,0.9832649230957031,12.628066062927246,"[3.130213737487793,3.8918960094451904,2.9899682998657227,4.030209541320801,3.7510948181152344,3.5530214309692383,3.1386172771453857,3.985349178314209]","[3.2391014099121094,2.71020770072937,2.4237706661224365,2.9071130752563477,2.9581120014190674,3.387166738510132,2.6862313747406006,4.295298099517822]",seeds/cell-009-ab32a69e245d/seed-6/checkpoint.pt,seeds/cell-009-ab32a69e245d/seed-6/snapshots/step-000400.pt
1,scaling-tuned-adamw-10seeds-v1,7097b902cc3f3a43380d0b66433b0a90ecf3915af0cdb913b8b407b76daf38af,cell-009-ab32a69e245d,9,ab32a69e245d8f4521d1588d5c3faf92eb51ea7f14c72a2acbe357923dd6c702,6,6,800,32,4,32,2,4,,adamw,0.003,0.0,800,512,0.0,8192,9.972081170417368e-05,1.0,0.9999207258224487,0.9847205281257629,12.469706535339355,"[3.1074397563934326,3.944051742553711,2.9838688373565674,4.125588417053223,3.769766330718994,3.5699570178985596,3.1400816440582275,4.039228916168213]","[3.2133703231811523,2.7120416164398193,2.4013285636901855,2.906308174133301,3.0643532276153564,3.5663840770721436,2.6803576946258545,4.599186897277832]",seeds/cell-009-ab32a69e245d/seed-6/checkpoint.pt,seeds/cell-009-ab32a69e245d/seed-6/snapshots/step-000800.pt
1,scaling-tuned-adamw-10seeds-v1,7097b902cc3f3a43380d0b66433b0a90ecf3915af0cdb913b8b407b76daf38af,cell-009-ab32a69e245d,9,ab32a69e245d8f4521d1588d5c3faf92eb51ea7f14c72a2acbe357923dd6c702,7,0,0,32,4,32,2,4,,adamw,0.003,0.0,800,512,0.0,8192,1.6453967094421387,0.4251708984375,-0.0985000804066658,-0.08082056045532227,15.323434829711914,"[2.602311849594116,3.0834808349609375,2.90496563911438,2.732675075531006,2.696207284927368,2.9763293266296387,2.681581974029541,2.6823689937591553]","[2.798383951187134,2.804647445678711,2.617319107055664,2.955188512802124,2.5718014240264893,2.6663529872894287,2.75929594039917,2.9946131706237793]",seeds/cell-009-ab32a69e245d/seed-7/checkpoint.pt,seeds/cell-009-ab32a69e245d/seed-7/snapshots/step-000000.pt
1,scaling-tuned-adamw-10seeds-v1,7097b902cc3f3a43380d0b66433b0a90ecf3915af0cdb913b8b407b76daf38af,cell-009-ab32a69e245d,9,ab32a69e245d8f4521d1588d5c3faf92eb51ea7f14c72a2acbe357923dd6c702,7,1,25,32,4,32,2,4,,adamw,0.003,0.0,800,512,0.0,8192,0.7212249040603638,0.7203369140625,0.30138832330703735,0.26703351736068726,15.143793106079102,"[2.688483715057373,3.135112762451172,2.894472360610962,2.720468282699585,2.7972488403320312,2.993009328842163,2.7630932331085205,2.7535316944122314]","[2.8207554817199707,2.856706380844116,2.6410536766052246,3.023937940597534,2.626356840133667,2.66558837890625,2.857199192047119,3.1155519485473633]",seeds/cell-009-ab32a69e245d/seed-7/checkpoint.pt,seeds/cell-009-ab32a69e245d/seed-7/snapshots/step-000025.pt
1,scaling-tuned-adamw-10seeds-v1,7097b902cc3f3a43380d0b66433b0a90ecf3915af0cdb913b8b407b76daf38af,cell-009-ab32a69e245d,9,ab32a69e245d8f4521d1588d5c3faf92eb51ea7f14c72a2acbe357923dd6c702,7,2,50,32,4,32,2,4,,adamw,0.003,0.0,800,512,0.0,8192,0.376994788646698,0.8818359375,0.6252070069313049,0.6268574595451355,13.798789024353027,"[2.7209203243255615,3.5667717456817627,3.018044948577881,2.956118106842041,2.920065402984619,3.1935293674468994,2.9828245639801025,2.932511568069458]","[2.810319185256958,2.920799970626831,2.670949935913086,3.063333034515381,2.6229159832000732,2.6755764484405518,2.8306777477264404,3.0822818279266357]",seeds/cell-009-ab32a69e245d/seed-7/checkpoint.pt,seeds/cell-009-ab32a69e245d/seed-7/snapshots/step-000050.pt
1,scaling-tuned-adamw-10seeds-v1,7097b902cc3f3a43380d0b66433b0a90ecf3915af0cdb913b8b407b76daf38af,cell-009-ab32a69e245d,9,ab32a69e245d8f4521d1588d5c3faf92eb51ea7f14c72a2acbe357923dd6c702,7,3,100,32,4,32,2,4,,adamw,0.003,0.0,800,512,0.0,8192,0.019792139530181885,0.998046875,1.0043559074401855,1.0105137825012207,12.089365005493164,"[2.7468035221099854,4.442311763763428,3.052281141281128,3.5046541690826416,2.8578906059265137,3.2690412998199463,3.463334321975708,3.1666810512542725]","[2.78886342048645,3.0763206481933594,2.6169564723968506,3.139662981033325,2.6180195808410645,2.7580161094665527,2.9356274604797363,3.0596578121185303]",seeds/cell-009-ab32a69e245d/seed-7/checkpoint.pt,seeds/cell-009-ab32a69e245d/seed-7/snapshots/step-000100.pt
1,scaling-tuned-adamw-10seeds-v1,7097b902cc3f3a43380d0b66433b0a90ecf3915af0cdb913b8b407b76daf38af,cell-009-ab32a69e245d,9,ab32a69e245d8f4521d1588d5c3faf92eb51ea7f14c72a2acbe357923dd6c702,7,4,200,32,4,32,2,4,,adamw,0.003,0.0,800,512,0.0,8192,0.004420385230332613,0.9991455078125,0.9988126754760742,1.000895619392395,11.803595542907715,"[2.693516731262207,4.687285423278809,3.0229086875915527,3.6259710788726807,2.9034509658813477,3.2667741775512695,3.6523866653442383,3.146108865737915]","[2.7568981647491455,3.1336071491241455,2.588533639907837,3.135772705078125,2.669215679168701,2.8399903774261475,3.168761968612671,3.046750783920288]",seeds/cell-009-ab32a69e245d/seed-7/checkpoint.pt,seeds/cell-009-ab32a69e245d/seed-7/snapshots/step-000200.pt
1,scaling-tuned-adamw-10seeds-v1,7097b902cc3f3a43380d0b66433b0a90ecf3915af0cdb913b8b407b76daf38af,cell-009-ab32a69e245d,9,ab32a69e245d8f4521d1588d5c3faf92eb51ea7f14c72a2acbe357923dd6c702,7,5,400,32,4,32,2,4,,adamw,0.003,0.0,800,512,0.0,8192,0.0011199195869266987,0.9998779296875,0.9987644553184509,0.9973174333572388,11.436718940734863,"[2.651622772216797,5.0844340324401855,3.014395236968994,3.8502297401428223,2.9272210597991943,3.250929594039917,3.799156665802002,3.1349451541900635]","[2.7381749153137207,3.177246332168579,2.56900691986084,3.143437385559082,2.7151079177856445,2.8974287509918213,3.3718719482421875,3.039860486984253]",seeds/cell-009-ab32a69e245d/seed-7/checkpoint.pt,seeds/cell-009-ab32a69e245d/seed-7/snapshots/step-000400.pt
1,scaling-tuned-adamw-10seeds-v1,7097b902cc3f3a43380d0b66433b0a90ecf3915af0cdb913b8b407b76daf38af,cell-009-ab32a69e245d,9,ab32a69e245d8f4521d1588d5c3faf92eb51ea7f14c72a2acbe357923dd6c702,7,6,800,32,4,32,2,4,,adamw,0.003,0.0,800,512,0.0,8192,0.00017777871107682586,1.0,1.0004562139511108,0.9988256096839905,11.359576225280762,"[2.6314358711242676,5.142735004425049,2.980048418045044,3.9040215015411377,2.9370291233062744,3.258453130722046,3.829113006591797,3.1143782138824463]","[2.723997116088867,3.2076988220214844,2.5554516315460205,3.151780605316162,2.7820801734924316,2.9453375339508057,3.5947935581207275,3.0351366996765137]",seeds/cell-009-ab32a69e245d/seed-7/checkpoint.pt,seeds/cell-009-ab32a69e245d/seed-7/snapshots/step-000800.pt
1,scaling-tuned-adamw-10seeds-v1,7097b902cc3f3a43380d0b66433b0a90ecf3915af0cdb913b8b407b76daf38af,cell-009-ab32a69e245d,9,ab32a69e245d8f4521d1588d5c3faf92eb51ea7f14c72a2acbe357923dd6c702,8,0,0,32,4,32,2,4,,adamw,0.003,0.0,800,512,0.0,8192,1.4233529567718506,0.493408203125,-0.010052001103758812,-0.020033203065395355,15.643882751464844,"[2.7051570415496826,2.7964138984680176,3.043455123901367,2.7454168796539307,2.772722005844116,2.6564929485321045,2.8874285221099854,2.7402091026306152]","[2.898043394088745,2.5747408866882324,2.7501068115234375,2.8110623359680176,2.813159465789795,2.864680290222168,2.82808780670166,2.615069627761841]",seeds/cell-009-ab32a69e245d/seed-8/checkpoint.pt,seeds/cell-009-ab32a69e245d/seed-8/snapshots/step-000000.pt
1,scaling-tuned-adamw-10seeds-v1,7097b902cc3f3a43380d0b66433b0a90ecf3915af0cdb913b8b407b76daf38af,cell-009-ab32a69e245d,9,ab32a69e245d8f4521d1588d5c3faf92eb51ea7f14c72a2acbe357923dd6c702,8,1,25,32,4,32,2,4,,adamw,0.003,0.0,800,512,0.0,8192,0.7130430340766907,0.72216796875,0.2798134982585907,0.2509608864784241,15.555278778076172,"[2.7336814403533936,2.775627851486206,3.0833189487457275,2.7661406993865967,2.7939019203186035,2.7129273414611816,2.818659782409668,2.7354702949523926]","[2.9526171684265137,2.590852975845337,2.734516143798828,2.8266842365264893,2.9556527137756348,2.9803595542907715,2.9208486080169678,2.7059974670410156]",seeds/cell-009-ab32a69e245d/seed-8/checkpoint.pt,seeds/cell-009-ab32a69e245d/seed-8/snapshots/step-000025.pt
1,scaling-tuned-adamw-10seeds-v1,7097b902cc3f3a43380d0b66433b0a90ecf3915af0cdb913b8b407b76daf38af,cell-009-ab32a69e245d,9,ab32a69e245d8f4521d1588d5c3faf92eb51ea7f14c72a2acbe357923dd6c702,8,2,50,32,4,32,2,4,,adamw,0.003,0.0,800,512,0.0,8192,0.404362291097641,0.87158203125,0.5864877700805664,0.5967674255371094,14.700522422790527,"[2.8922319412231445,2.969803810119629,3.1770451068878174,3.195457935333252,2.965230703353882,3.073570728302002,2.866946220397949,2.8124349117279053]","[3.0232126712799072,2.5799734592437744,2.7047171592712402,2.913205623626709,2.9437005519866943,3.027254819869995,2.913557529449463,2.6805710792541504]",seeds/cell-009-ab32a69e245d/seed-8/checkpoint.pt,seeds/cell-009-ab32a69e245d/seed-8/snapshots/step-000050.pt
1,scaling-tuned-adamw-10seeds-v1,7097b902cc3f3a43380d0b66433b0a90ecf3915af0cdb913b8b407b76daf38af,cell-009-ab32a69e245d,9,ab32a69e245d8f4521d1588d5c3faf92eb51ea7f14c72a2acbe357923dd6c702,8,3,100,32,4,32,2,4,,adamw,0.003,0.0,800,512,0.0,8192,0.011940859258174896,0.9990234375,0.9931192994117737,0.979919970035553,13.060017585754395,"[3.383755922317505,3.2812743186950684,3.2172863483428955,4.190066337585449,3.2404401302337646,3.503133773803711,2.951570510864258,2.624992609024048]","[3.1153955459594727,2.555816888809204,2.629716396331787,3.130854606628418,3.010744333267212,3.549799919128418,3.039391040802002,2.602936267852783]",seeds/cell-009-ab32a69e245d/seed-8/checkpoint.pt,seeds/cell-009-ab32a69e245d/seed-8/snapshots/step-000100.pt
1,scaling-tuned-adamw-10seeds-v1,7097b902cc3f3a43380d0b66433b0a90ecf3915af0cdb913b8b407b76daf38af,cell-009-ab32a69e245d,9,ab32a69e245d8f4521d1588d5c3faf92eb51ea7f14c72a2acbe357923dd6c702,8,4,200,32,4,32,2,4,,adamw,0.003,0.0,800,512,0.0,8192,0.001241946592926979,1.0,1.0030285120010376,0.9808859825134277,12.841989517211914,"[3.474273204803467,3.287946939468384,3.206563949584961,4.428532123565674,3.2734293937683105,3.567901849746704,2.9672203063964844,2.6031723022460938]","[3.112142562866211,2.514625310897827,2.601472854614258,3.1777772903442383,3.0813229084014893,4.015849590301514,3.142638921737671,2.6298770904541016]",seeds/cell-009-ab32a69e245d/seed-8/checkpoint.pt,seeds/cell-009-ab32a69e245d/seed-8/snapshots/step-000200.pt
1,scaling-tuned-adamw-10seeds-v1,7097b902cc3f3a43380d0b66433b0a90ecf3915af0cdb913b8b407b76daf38af,cell-009-ab32a69e245d,9,ab32a69e245d8f4521d1588d5c3faf92eb51ea7f14c72a2acbe357923dd6c702,8,5,400,32,4,32,2,4,,adamw,0.003,0.0,800,512,0.0,8192,0.0005692173726856709,1.0,1.0004830360412598,0.9817382097244263,12.628396034240723,"[3.5367820262908936,3.280189037322998,3.1988606452941895,4.591546058654785,3.2967545986175537,3.6130473613739014,2.967653512954712,2.6030406951904297]","[3.1062088012695312,2.4845902919769287,2.589031934738159,3.2201199531555176,3.1443581581115723,4.356523036956787,3.199288845062256,2.6496219635009766]",seeds/cell-009-ab32a69e245d/seed-8/checkpoint.pt,seeds/cell-009-ab32a69e245d/seed-8/snapshots/step-000400.pt
1,scaling-tuned-adamw-10seeds-v1,7097b902cc3f3a43380d0b66433b0a90ecf3915af0cdb913b8b407b76daf38af,cell-009-ab32a69e245d,9,ab32a69e245d8f4521d1588d5c3faf92eb51ea7f14c72a2acbe357923dd6c702,8,6,800,32,4,32,2,4,,adamw,0.003,0.0,800,512,0.0,8192,0.0012826626189053059,0.9996337890625,0.9944887161254883,0.9838142991065979,12.191555976867676,"[3.885345935821533,3.3071041107177734,3.2630867958068848,4.981505393981934,3.3803391456604004,3.808800458908081,2.985267162322998,2.6101386547088623]","[3.130828857421875,2.4692819118499756,2.5441081523895264,3.353444814682007,3.2136642932891846,4.795166015625,3.2671449184417725,2.6612470149993896]",seeds/cell-009-ab32a69e245d/seed-8/checkpoint.pt,seeds/cell-009-ab32a69e245d/seed-8/snapshots/step-000800.pt
1,scaling-tuned-adamw-10seeds-v1,7097b902cc3f3a43380d0b66433b0a90ecf3915af0cdb913b8b407b76daf38af,cell-009-ab32a69e245d,9,ab32a69e245d8f4521d1588d5c3faf92eb51ea7f14c72a2acbe357923dd6c702,9,0,0,32,4,32,2,4,,adamw,0.003,0.0,800,512,0.0,8192,1.1681382656097412,0.4476318359375,-0.038003068417310715,-0.04896828904747963,15.535676002502441,"[2.6771273612976074,2.661731719970703,3.0593202114105225,2.444800853729248,2.9513509273529053,2.73466420173645,2.5924506187438965,3.0986533164978027]","[2.9992971420288086,3.568202018737793,2.638766050338745,2.696786880493164,2.940256357192993,3.14656662940979,2.9888782501220703,2.6940603256225586]",seeds/cell-009-ab32a69e245d/seed-9/checkpoint.pt,seeds/cell-009-ab32a69e245d/seed-9/snapshots/step-000000.pt
1,scaling-tuned-adamw-10seeds-v1,7097b902cc3f3a43380d0b66433b0a90ecf3915af0cdb913b8b407b76daf38af,cell-009-ab32a69e245d,9,ab32a69e245d8f4521d1588d5c3faf92eb51ea7f14c72a2acbe357923dd6c702,9,1,25,32,4,32,2,4,,adamw,0.003,0.0,800,512,0.0,8192,0.6313125491142273,0.765380859375,0.34240710735321045,0.3223741352558136,14.488898277282715,"[2.8120758533477783,2.8008923530578613,3.084876775741577,2.468822956085205,3.1375598907470703,2.898738145828247,2.669391632080078,3.289865493774414]","[3.1610183715820312,3.622737407684326,2.667530059814453,2.705639600753784,2.981142282485962,3.2132647037506104,3.0803840160369873,2.776762008666992]",seeds/cell-009-ab32a69e245d/seed-9/checkpoint.pt,seeds/cell-009-ab32a69e245d/seed-9/snapshots/step-000025.pt
1,scaling-tuned-adamw-10seeds-v1,7097b902cc3f3a43380d0b66433b0a90ecf3915af0cdb913b8b407b76daf38af,cell-009-ab32a69e245d,9,ab32a69e245d8f4521d1588d5c3faf92eb51ea7f14c72a2acbe357923dd6c702,9,2,50,32,4,32,2,4,,adamw,0.003,0.0,800,512,0.0,8192,0.15593984723091125,0.9686279296875,0.8814880847930908,0.9233242273330688,12.485664367675781,"[3.4799349308013916,3.570192813873291,3.162917137145996,2.6804020404815674,3.3378701210021973,3.102602005004883,2.9640228748321533,3.6654341220855713]","[3.138284921646118,3.734509229660034,2.687795400619507,2.733889579772949,3.0384445190429688,3.2113780975341797,3.0852200984954834,2.7860167026519775]",seeds/cell-009-ab32a69e245d/seed-9/checkpoint.pt,seeds/cell-009-ab32a69e245d/seed-9/snapshots/step-000050.pt
1,scaling-tuned-adamw-10seeds-v1,7097b902cc3f3a43380d0b66433b0a90ecf3915af0cdb913b8b407b76daf38af,cell-009-ab32a69e245d,9,ab32a69e245d8f4521d1588d5c3faf92eb51ea7f14c72a2acbe357923dd6c702,9,3,100,32,4,32,2,4,,adamw,0.003,0.0,800,512,0.0,8192,0.004739515483379364,0.999755859375,0.9847679138183594,0.9961678981781006,11.916731834411621,"[3.953563690185547,4.103006362915039,3.2182133197784424,2.772552013397217,3.2198486328125,3.0886197090148926,3.444105386734009,3.86057448387146]","[3.0978338718414307,3.7241086959838867,2.703913450241089,2.777308464050293,3.067199468612671,3.3355488777160645,3.3832848072052,2.905801773071289]",seeds/cell-009-ab32a69e245d/seed-9/checkpoint.pt,seeds/cell-009-ab32a69e245d/seed-9/snapshots/step-000100.pt
1,scaling-tuned-adamw-10seeds-v1,7097b902cc3f3a43380d0b66433b0a90ecf3915af0cdb913b8b407b76daf38af,cell-009-ab32a69e245d,9,ab32a69e245d8f4521d1588d5c3faf92eb51ea7f14c72a2acbe357923dd6c702,9,4,200,32,4,32,2,4,,adamw,0.003,0.0,800,512,0.0,8192,0.0006758589297533035,1.0,0.9976696372032166,1.0069042444229126,11.85488510131836,"[4.042597770690918,4.184576988220215,3.2216713428497314,2.7798194885253906,3.2221059799194336,3.1211764812469482,3.510502338409424,3.876406192779541]","[3.066894769668579,3.648069381713867,2.7225003242492676,2.8054351806640625,3.0850648880004883,3.3683574199676514,3.5895540714263916,2.931739568710327]",seeds/cell-009-ab32a69e245d/seed-9/checkpoint.pt,seeds/cell-009-ab32a69e245d/seed-9/snapshots/step-000200.pt
1,scaling-tuned-adamw-10seeds-v1,7097b902cc3f3a43380d0b66433b0a90ecf3915af0cdb913b8b407b76daf38af,cell-009-ab32a69e245d,9,ab32a69e245d8f4521d1588d5c3faf92eb51ea7f14c72a2acbe357923dd6c702,9,5,400,32,4,32,2,4,,adamw,0.003,0.0,800,512,0.0,8192,0.00018774696218315512,1.0,0.9995526075363159,1.007799506187439,11.78951358795166,"[4.179453372955322,4.303044319152832,3.218517780303955,2.784100294113159,3.2267496585845947,3.151592969894409,3.570084810256958,3.8878588676452637]","[3.0583763122558594,3.5755183696746826,2.738853931427002,2.8200790882110596,3.0932037830352783,3.4055867195129395,3.814427137374878,2.936749219894409]",seeds/cell-009-ab32a69e245d/seed-9/checkpoint.pt,seeds/cell-009-ab32a69e245d/seed-9/snapshots/step-000400.pt
1,scaling-tuned-adamw-10seeds-v1,7097b902cc3f3a43380d0b66433b0a90ecf3915af0cdb913b8b407b76daf38af,cell-009-ab32a69e245d,9,ab32a69e245d8f4521d1588d5c3faf92eb51ea7f14c72a2acbe357923dd6c702,9,6,800,32,4,32,2,4,,adamw,0.003,0.0,800,512,0.0,8192,6.427080370485783e-05,1.0,1.001359462738037,0.9998383522033691,11.655458450317383,"[4.42680025100708,4.625047206878662,3.2188973426818848,2.7922890186309814,3.2265968322753906,3.1697981357574463,3.630223512649536,3.92144513130188]","[3.073993444442749,3.555001974105835,2.7728629112243652,2.8172430992126465,3.1115846633911133,3.4356648921966553,4.058480739593506,2.998389720916748]",seeds/cell-009-ab32a69e245d/seed-9/checkpoint.pt,seeds/cell-009-ab32a69e245d/seed-9/snapshots/step-000800.pt
1,scaling-tuned-adamw-10seeds-v1,7097b902cc3f3a43380d0b66433b0a90ecf3915af0cdb913b8b407b76daf38af,cell-010-e2d6e09349f6,10,e2d6e09349f6de20013a19caf19ef8d3ad0d1a80e669a44bea66ae46a2682f80,0,0,0,128,4,32,2,1,,adamw,0.003,0.0,800,512,0.0,8192,1.7195707559585571,0.4793701171875,-0.04365251213312149,-0.0528409406542778,25.1415958404541,"[5.7245283126831055,5.6271185874938965]","[5.440497398376465,5.673828601837158]",seeds/cell-010-e2d6e09349f6/seed-0/checkpoint.pt,seeds/cell-010-e2d6e09349f6/seed-0/snapshots/step-000000.pt
1,scaling-tuned-adamw-10seeds-v1,7097b902cc3f3a43380d0b66433b0a90ecf3915af0cdb913b8b407b76daf38af,cell-010-e2d6e09349f6,10,e2d6e09349f6de20013a19caf19ef8d3ad0d1a80e669a44bea66ae46a2682f80,0,1,25,128,4,32,2,1,,adamw,0.003,0.0,800,512,0.0,8192,0.7747294902801514,0.694091796875,0.2365545928478241,0.20876272022724152,25.032358169555664,"[5.778380870819092,5.673474311828613]","[5.619272232055664,5.943510055541992]",seeds/cell-010-e2d6e09349f6/seed-0/checkpoint.pt,seeds/cell-010-e2d6e09349f6/seed-0/snapshots/step-000025.pt
1,scaling-tuned-adamw-10seeds-v1,7097b902cc3f3a43380d0b66433b0a90ecf3915af0cdb913b8b407b76daf38af,cell-010-e2d6e09349f6,10,e2d6e09349f6de20013a19caf19ef8d3ad0d1a80e669a44bea66ae46a2682f80,0,2,50,128,4,32,2,1,,adamw,0.003,0.0,800,512,0.0,8192,0.6045337915420532,0.77490234375,0.36310815811157227,0.3284560739994049,24.35309410095215,"[5.894828796386719,5.933547019958496]","[5.649157524108887,6.009888172149658]",seeds/cell-010-e2d6e09349f6/seed-0/checkpoint.pt,seeds/cell-010-e2d6e09349f6/seed-0/snapshots/step-000050.pt
1,scaling-tuned-adamw-10seeds-v1,7097b902cc3f3a43380d0b66433b0a90ecf3915af0cdb913b8b407b76daf38af,cell-010-e2d6e09349f6,10,e2d6e09349f6de20013a19caf19ef8d3ad0d1a80e669a44bea66ae46a2682f80,0,3,100,128,4,32,2,1,,adamw,0.003,0.0,800,512,0.0,8192,0.03522220999002457,0.9971923828125,0.9526584148406982,0.9207811951637268,21.491073608398438,"[6.422267436981201,7.777639389038086]","[5.837125778198242,6.369177341461182]",seeds/cell-010-e2d6e09349f6/seed-0/checkpoint.pt,seeds/cell-010-e2d6e09349f6/seed-0/snapshots/step-000100.pt
1,scaling-tuned-adamw-10seeds-v1,7097b902cc3f3a43380d0b66433b0a90ecf3915af0cdb913b8b407b76daf38af,cell-010-e2d6e09349f6,10,e2d6e09349f6de20013a19caf19ef8d3ad0d1a80e669a44bea66ae46a2682f80,0,4,200,128,4,32,2,1,,adamw,0.003,0.0,800,512,0.0,8192,0.003036326263099909,0.9998779296875,1.0011587142944336,0.9852906465530396,21.000905990600586,"[6.57802152633667,8.501873970031738]","[5.826241493225098,7.123032569885254]",seeds/cell-010-e2d6e09349f6/seed-0/checkpoint.pt,seeds/cell-010-e2d6e09349f6/seed-0/snapshots/step-000200.pt
1,scaling-tuned-adamw-10seeds-v1,7097b902cc3f3a43380d0b66433b0a90ecf3915af0cdb913b8b407b76daf38af,cell-010-e2d6e09349f6,10,e2d6e09349f6de20013a19caf19ef8d3ad0d1a80e669a44bea66ae46a2682f80,0,5,400,128,4,32,2,1,,adamw,0.003,0.0,800,512,0.0,8192,0.00046264304546639323,1.0,0.9985740780830383,0.9876525402069092,20.854042053222656,"[6.648591995239258,8.81452751159668]","[5.790459156036377,7.735472679138184]",seeds/cell-010-e2d6e09349f6/seed-0/checkpoint.pt,seeds/cell-010-e2d6e09349f6/seed-0/snapshots/step-000400.pt
1,scaling-tuned-adamw-10seeds-v1,7097b902cc3f3a43380d0b66433b0a90ecf3915af0cdb913b8b407b76daf38af,cell-010-e2d6e09349f6,10,e2d6e09349f6de20013a19caf19ef8d3ad0d1a80e669a44bea66ae46a2682f80,0,6,800,128,4,32,2,1,,adamw,0.003,0.0,800,512,0.0,8192,0.00012075545964762568,1.0,1.000220775604248,0.9920811653137207,20.75088882446289,"[6.717316150665283,9.044670104980469]","[5.76513671875,8.30276107788086]",seeds/cell-010-e2d6e09349f6/seed-0/checkpoint.pt,seeds/cell-010-e2d6e09349f6/seed-0/snapshots/step-000800.pt
1,scaling-tuned-adamw-10seeds-v1,7097b902cc3f3a43380d0b66433b0a90ecf3915af0cdb913b8b407b76daf38af,cell-010-e2d6e09349f6,10,e2d6e09349f6de20013a19caf19ef8d3ad0d1a80e669a44bea66ae46a2682f80,1,0,0,128,4,32,2,1,,adamw,0.003,0.0,800,512,0.0,8192,1.1497302055358887,0.52392578125,0.028137320652604103,0.010835499502718449,25.418352127075195,"[5.9478864669799805,5.537208557128906]","[5.570334434509277,5.564940452575684]",seeds/cell-010-e2d6e09349f6/seed-1/checkpoint.pt,seeds/cell-010-e2d6e09349f6/seed-1/snapshots/step-000000.pt
1,scaling-tuned-adamw-10seeds-v1,7097b902cc3f3a43380d0b66433b0a90ecf3915af0cdb913b8b407b76daf38af,cell-010-e2d6e09349f6,10,e2d6e09349f6de20013a19caf19ef8d3ad0d1a80e669a44bea66ae46a2682f80,1,1,25,128,4,32,2,1,,adamw,0.003,0.0,800,512,0.0,8192,0.7337323427200317,0.7147216796875,0.24868233501911163,0.2069922685623169,25.000516891479492,"[5.927511215209961,5.661053657531738]","[5.691067695617676,5.793674945831299]",seeds/cell-010-e2d6e09349f6/seed-1/checkpoint.pt,seeds/cell-010-e2d6e09349f6/seed-1/snapshots/step-000025.pt
1,scaling-tuned-adamw-10seeds-v1,7097b902cc3f3a43380d0b66433b0a90ecf3915af0cdb913b8b407b76daf38af,cell-010-e2d6e09349f6,10,e2d6e09349f6de20013a19caf19ef8d3ad0d1a80e669a44bea66ae46a2682f80,1,2,50,128,4,32,2,1,,adamw,0.003,0.0,800,512,0.0,8192,0.4755640923976898,0.8399658203125,0.5087578296661377,0.48973608016967773,23.068756103515625,"[6.4845685958862305,5.87497091293335]","[5.727747440338135,5.815989017486572]",seeds/cell-010-e2d6e09349f6/seed-1/checkpoint.pt,seeds/cell-010-e2d6e09349f6/seed-1/snapshots/step-000050.pt
1,scaling-tuned-adamw-10seeds-v1,7097b902cc3f3a43380d0b66433b0a90ecf3915af0cdb913b8b407b76daf38af,cell-010-e2d6e09349f6,10,e2d6e09349f6de20013a19caf19ef8d3ad0d1a80e669a44bea66ae46a2682f80,1,3,100,128,4,32,2,1,,adamw,0.003,0.0,800,512,0.0,8192,0.017605556175112724,0.9990234375,1.000247597694397,0.9919393062591553,18.688201904296875,"[8.901517868041992,6.656460285186768]","[5.846174716949463,5.861256122589111]",seeds/cell-010-e2d6e09349f6/seed-1/checkpoint.pt,seeds/cell-010-e2d6e09349f6/seed-1/snapshots/step-000100.pt
1,scaling-tuned-adamw-10seeds-v1,7097b902cc3f3a43380d0b66433b0a90ecf3915af0cdb913b8b407b76daf38af,cell-010-e2d6e09349f6,10,e2d6e09349f6de20013a19caf19ef8d3ad0d1a80e669a44bea66ae46a2682f80,1,4,200,128,4,32,2,1,,adamw,0.003,0.0,800,512,0.0,8192,0.0023791692219674587,0.9996337890625,0.9989633560180664,0.9920751452445984,18.351102828979492,"[9.345429420471191,6.775731563568115]","[5.899595260620117,6.101465225219727]",seeds/cell-010-e2d6e09349f6/seed-1/checkpoint.pt,seeds/cell-010-e2d6e09349f6/seed-1/snapshots/step-000200.pt
1,scaling-tuned-adamw-10seeds-v1,7097b902cc3f3a43380d0b66433b0a90ecf3915af0cdb913b8b407b76daf38af,cell-010-e2d6e09349f6,10,e2d6e09349f6de20013a19caf19ef8d3ad0d1a80e669a44bea66ae46a2682f80,1,5,400,128,4,32,2,1,,adamw,0.003,0.0,800,512,0.0,8192,0.0017744926735758781,0.9996337890625,0.9984909296035767,0.9928296804428101,18.331228256225586,"[9.607254028320312,6.809903621673584]","[5.954495429992676,6.347725868225098]",seeds/cell-010-e2d6e09349f6/seed-1/checkpoint.pt,seeds/cell-010-e2d6e09349f6/seed-1/snapshots/step-000400.pt
1,scaling-tuned-adamw-10seeds-v1,7097b902cc3f3a43380d0b66433b0a90ecf3915af0cdb913b8b407b76daf38af,cell-010-e2d6e09349f6,10,e2d6e09349f6de20013a19caf19ef8d3ad0d1a80e669a44bea66ae46a2682f80,1,6,800,128,4,32,2,1,,adamw,0.003,0.0,800,512,0.0,8192,0.0004778830334544182,0.9998779296875,0.9993269443511963,0.9906461238861084,18.09935760498047,"[10.301886558532715,6.984284400939941]","[6.001702308654785,6.727290153503418]",seeds/cell-010-e2d6e09349f6/seed-1/checkpoint.pt,seeds/cell-010-e2d6e09349f6/seed-1/snapshots/step-000800.pt
1,scaling-tuned-adamw-10seeds-v1,7097b902cc3f3a43380d0b66433b0a90ecf3915af0cdb913b8b407b76daf38af,cell-010-e2d6e09349f6,10,e2d6e09349f6de20013a19caf19ef8d3ad0d1a80e669a44bea66ae46a2682f80,2,0,0,128,4,32,2,1,,adamw,0.003,0.0,800,512,0.0,8192,1.6165101528167725,0.51123046875,0.019542459398508072,0.0148322070017457,25.268543243408203,"[5.596609115600586,5.513888835906982]","[5.350804328918457,5.766623497009277]",seeds/cell-010-e2d6e09349f6/seed-2/checkpoint.pt,seeds/cell-010-e2d6e09349f6/seed-2/snapshots/step-000000.pt
1,scaling-tuned-adamw-10seeds-v1,7097b902cc3f3a43380d0b66433b0a90ecf3915af0cdb913b8b407b76daf38af,cell-010-e2d6e09349f6,10,e2d6e09349f6de20013a19caf19ef8d3ad0d1a80e669a44bea66ae46a2682f80,2,1,25,128,4,32,2,1,,adamw,0.003,0.0,800,512,0.0,8192,0.8217241764068604,0.6702880859375,0.20010195672512054,0.13408736884593964,25.000640869140625,"[5.479269981384277,5.5218915939331055]","[5.502241134643555,6.012069225311279]",seeds/cell-010-e2d6e09349f6/seed-2/checkpoint.pt,seeds/cell-010-e2d6e09349f6/seed-2/snapshots/step-000025.pt
1,scaling-tuned-adamw-10seeds-v1,7097b902cc3f3a43380d0b66433b0a90ecf3915af0cdb913b8b407b76daf38af,cell-010-e2d6e09349f6,10,e2d6e09349f6de20013a19caf19ef8d3ad0d1a80e669a44bea66ae46a2682f80,2,2,50,128,4,32,2,1,,adamw,0.003,0.0,800,512,0.0,8192,0.7082091569900513,0.7244873046875,0.3224303126335144,0.2594850957393646,24.266298294067383,"[5.429718971252441,5.582039833068848]","[5.524275302886963,6.066196441650391]",seeds/cell-010-e2d6e09349f6/seed-2/checkpoint.pt,seeds/cell-010-e2d6e09349f6/seed-2/snapshots/step-000050.pt
1,scaling-tuned-adamw-10seeds-v1,7097b902cc3f3a43380d0b66433b0a90ecf3915af0cdb913b8b407b76daf38af,cell-010-e2d6e09349f6,10,e2d6e09349f6de20013a19caf19ef8d3ad0d1a80e669a44bea66ae46a2682f80,2,3,100,128,4,32,2,1,,adamw,0.003,0.0,800,512,0.0,8192,0.039201755076646805,0.9974365234375,0.9748326539993286,0.9531604051589966,20.451854705810547,"[6.803903579711914,7.421424865722656]","[5.851653099060059,6.402190208435059]",seeds/cell-010-e2d6e09349f6/seed-2/checkpoint.pt,seeds/cell-010-e2d6e09349f6/seed-2/snapshots/step-000100.pt
1,scaling-tuned-adamw-10seeds-v1,7097b902cc3f3a43380d0b66433b0a90ecf3915af0cdb913b8b407b76daf38af,cell-010-e2d6e09349f6,10,e2d6e09349f6de20013a19caf19ef8d3ad0d1a80e669a44bea66ae46a2682f80,2,4,200,128,4,32,2,1,,adamw,0.003,0.0,800,512,0.0,8192,0.0025241391267627478,0.9998779296875,1.000909447669983,0.9910097122192383,20.1531982421875,"[7.054851531982422,8.339688301086426]","[5.808333873748779,7.267323970794678]",seeds/cell-010-e2d6e09349f6/seed-2/checkpoint.pt,seeds/cell-010-e2d6e09349f6/seed-2/snapshots/step-000200.pt
1,scaling-tuned-adamw-10seeds-v1,7097b902cc3f3a43380d0b66433b0a90ecf3915af0cdb913b8b407b76daf38af,cell-010-e2d6e09349f6,10,e2d6e09349f6de20013a19caf19ef8d3ad0d1a80e669a44bea66ae46a2682f80,2,5,400,128,4,32,2,1,,adamw,0.003,0.0,800,512,0.0,8192,0.00045567090273834765,1.0,1.0007719993591309,0.9917423725128174,20.0579891204834,"[7.14007568359375,8.710308074951172]","[5.760417461395264,7.811527252197266]",seeds/cell-010-e2d6e09349f6/seed-2/checkpoint.pt,seeds/cell-010-e2d6e09349f6/seed-2/snapshots/step-000400.pt
1,scaling-tuned-adamw-10seeds-v1,7097b902cc3f3a43380d0b66433b0a90ecf3915af0cdb913b8b407b76daf38af,cell-010-e2d6e09349f6,10,e2d6e09349f6de20013a19caf19ef8d3ad0d1a80e669a44bea66ae46a2682f80,2,6,800,128,4,32,2,1,,adamw,0.003,0.0,800,512,0.0,8192,0.00010464220395078883,1.0,0.9999717473983765,0.9932793974876404,20.020708084106445,"[7.206204891204834,8.987798690795898]","[5.726835250854492,8.263717651367188]",seeds/cell-010-e2d6e09349f6/seed-2/checkpoint.pt,seeds/cell-010-e2d6e09349f6/seed-2/snapshots/step-000800.pt
1,scaling-tuned-adamw-10seeds-v1,7097b902cc3f3a43380d0b66433b0a90ecf3915af0cdb913b8b407b76daf38af,cell-010-e2d6e09349f6,10,e2d6e09349f6de20013a19caf19ef8d3ad0d1a80e669a44bea66ae46a2682f80,3,0,0,128,4,32,2,1,,adamw,0.003,0.0,800,512,0.0,8192,2.7402849197387695,0.5550537109375,0.30013978481292725,0.23061662912368774,24.773218154907227,"[5.5718159675598145,5.9213995933532715]","[5.773901462554932,5.312512397766113]",seeds/cell-010-e2d6e09349f6/seed-3/checkpoint.pt,seeds/cell-010-e2d6e09349f6/seed-3/snapshots/step-000000.pt
1,scaling-tuned-adamw-10seeds-v1,7097b902cc3f3a43380d0b66433b0a90ecf3915af0cdb913b8b407b76daf38af,cell-010-e2d6e09349f6,10,e2d6e09349f6de20013a19caf19ef8d3ad0d1a80e669a44bea66ae46a2682f80,3,1,25,128,4,32,2,1,,adamw,0.003,0.0,800,512,0.0,8192,0.7808858156204224,0.703369140625,0.2576255798339844,0.2180161029100418,24.436538696289062,"[5.568228721618652,5.933053493499756]","[5.874741554260254,5.538208484649658]",seeds/cell-010-e2d6e09349f6/seed-3/checkpoint.pt,seeds/cell-010-e2d6e09349f6/seed-3/snapshots/step-000025.pt
1,scaling-tuned-adamw-10seeds-v1,7097b902cc3f3a43380d0b66433b0a90ecf3915af0cdb913b8b407b76daf38af,cell-010-e2d6e09349f6,10,e2d6e09349f6de20013a19caf19ef8d3ad0d1a80e669a44bea66ae46a2682f80,3,2,50,128,4,32,2,1,,adamw,0.003,0.0,800,512,0.0,8192,0.47505712509155273,0.8370361328125,0.5075283646583557,0.5029321908950806,22.7526798248291,"[6.113766670227051,6.100507736206055]","[5.9359450340271,5.548286437988281]",seeds/cell-010-e2d6e09349f6/seed-3/checkpoint.pt,seeds/cell-010-e2d6e09349f6/seed-3/snapshots/step-000050.pt
1,scaling-tuned-adamw-10seeds-v1,7097b902cc3f3a43380d0b66433b0a90ecf3915af0cdb913b8b407b76daf38af,cell-010-e2d6e09349f6,10,e2d6e09349f6de20013a19caf19ef8d3ad0d1a80e669a44bea66ae46a2682f80,3,3,100,128,4,32,2,1,,adamw,0.003,0.0,800,512,0.0,8192,0.025696245953440666,0.99853515625,0.9771714210510254,0.9938926100730896,18.521648406982422,"[8.242305755615234,6.544010162353516]","[6.039565086364746,5.6825971603393555]",seeds/cell-010-e2d6e09349f6/seed-3/checkpoint.pt,seeds/cell-010-e2d6e09349f6/seed-3/snapshots/step-000100.pt
1,scaling-tuned-adamw-10seeds-v1,7097b902cc3f3a43380d0b66433b0a90ecf3915af0cdb913b8b407b76daf38af,cell-010-e2d6e09349f6,10,e2d6e09349f6de20013a19caf19ef8d3ad0d1a80e669a44bea66ae46a2682f80,3,4,200,128,4,32,2,1,,adamw,0.003,0.0,800,512,0.0,8192,0.0033692633733153343,0.9996337890625,0.9991776943206787,1.0127536058425903,17.98708152770996,"[8.708553314208984,6.588606357574463]","[6.108993053436279,6.07415771484375]",seeds/cell-010-e2d6e09349f6/seed-3/checkpoint.pt,seeds/cell-010-e2d6e09349f6/seed-3/snapshots/step-000200.pt
1,scaling-tuned-adamw-10seeds-v1,7097b902cc3f3a43380d0b66433b0a90ecf3915af0cdb913b8b407b76daf38af,cell-010-e2d6e09349f6,10,e2d6e09349f6de20013a19caf19ef8d3ad0d1a80e669a44bea66ae46a2682f80,3,5,400,128,4,32,2,1,,adamw,0.003,0.0,800,512,0.0,8192,0.004517826251685619,0.9989013671875,0.9961221218109131,1.013384461402893,17.83946418762207,"[8.879881858825684,6.6762824058532715]","[6.1787214279174805,6.428627967834473]",seeds/cell-010-e2d6e09349f6/seed-3/checkpoint.pt,seeds/cell-010-e2d6e09349f6/seed-3/snapshots/step-000400.pt
1,scaling-tuned-adamw-10seeds-v1,7097b902cc3f3a43380d0b66433b0a90ecf3915af0cdb913b8b407b76daf38af,cell-010-e2d6e09349f6,10,e2d6e09349f6de20013a19caf19ef8d3ad0d1a80e669a44bea66ae46a2682f80,3,6,800,128,4,32,2,1,,adamw,0.003,0.0,800,512,0.0,8192,0.00014942302368581295,1.0,0.9985786080360413,1.0178380012512207,17.44394302368164,"[9.574196815490723,6.9886274337768555]","[6.305643558502197,6.87710428237915]",seeds/cell-010-e2d6e09349f6/seed-3/checkpoint.pt,seeds/cell-010-e2d6e09349f6/seed-3/snapshots/step-000800.pt
1,scaling-tuned-adamw-10seeds-v1,7097b902cc3f3a43380d0b66433b0a90ecf3915af0cdb913b8b407b76daf38af,cell-010-e2d6e09349f6,10,e2d6e09349f6de20013a19caf19ef8d3ad0d1a80e669a44bea66ae46a2682f80,4,0,0,128,4,32,2,1,,adamw,0.003,0.0,800,512,0.0,8192,1.3158011436462402,0.473388671875,-0.015764441341161728,-0.0011732267448678613,26.01828956604004,"[5.506288528442383,5.986573696136475]","[5.575430393218994,5.821006774902344]",seeds/cell-010-e2d6e09349f6/seed-4/checkpoint.pt,seeds/cell-010-e2d6e09349f6/seed-4/snapshots/step-000000.pt
1,scaling-tuned-adamw-10seeds-v1,7097b902cc3f3a43380d0b66433b0a90ecf3915af0cdb913b8b407b76daf38af,cell-010-e2d6e09349f6,10,e2d6e09349f6de20013a19caf19ef8d3ad0d1a80e669a44bea66ae46a2682f80,4,1,25,128,4,32,2,1,,adamw,0.003,0.0,800,512,0.0,8192,0.7311919927597046,0.7198486328125,0.28977346420288086,0.2556891441345215,25.689159393310547,"[5.526162624359131,5.940478324890137]","[5.647400856018066,6.117918968200684]",seeds/cell-010-e2d6e09349f6/seed-4/checkpoint.pt,seeds/cell-010-e2d6e09349f6/seed-4/snapshots/step-000025.pt
1,scaling-tuned-adamw-10seeds-v1,7097b902cc3f3a43380d0b66433b0a90ecf3915af0cdb913b8b407b76daf38af,cell-010-e2d6e09349f6,10,e2d6e09349f6de20013a19caf19ef8d3ad0d1a80e669a44bea66ae46a2682f80,4,2,50,128,4,32,2,1,,adamw,0.003,0.0,800,512,0.0,8192,0.34028422832489014,0.897705078125,0.6601113080978394,0.6617000102996826,23.17160415649414,"[6.65350341796875,6.159613609313965]","[5.73201847076416,6.120813846588135]",seeds/cell-010-e2d6e09349f6/seed-4/checkpoint.pt,seeds/cell-010-e2d6e09349f6/seed-4/snapshots/step-000050.pt
1,scaling-tuned-adamw-10seeds-v1,7097b902cc3f3a43380d0b66433b0a90ecf3915af0cdb913b8b407b76daf38af,cell-010-e2d6e09349f6,10,e2d6e09349f6de20013a19caf19ef8d3ad0d1a80e669a44bea66ae46a2682f80,4,3,100,128,4,32,2,1,,adamw,0.003,0.0,800,512,0.0,8192,0.007862353697419167,0.9996337890625,1.0100417137145996,1.0119528770446777,19.100255966186523,"[8.77312183380127,6.3556294441223145]","[5.752720832824707,6.547673225402832]",seeds/cell-010-e2d6e09349f6/seed-4/checkpoint.pt,seeds/cell-010-e2d6e09349f6/seed-4/snapshots/step-000100.pt
1,scaling-tuned-adamw-10seeds-v1,7097b902cc3f3a43380d0b66433b0a90ecf3915af0cdb913b8b407b76daf38af,cell-010-e2d6e09349f6,10,e2d6e09349f6de20013a19caf19ef8d3ad0d1a80e669a44bea66ae46a2682f80,4,4,200,128,4,32,2,1,,adamw,0.003,0.0,800,512,0.0,8192,0.0014666037168353796,0.999755859375,1.0006349086761475,0.9997479319572449,18.837621688842773,"[9.00153923034668,6.421072959899902]","[5.736919403076172,6.941850662231445]",seeds/cell-010-e2d6e09349f6/seed-4/checkpoint.pt,seeds/cell-010-e2d6e09349f6/seed-4/snapshots/step-000200.pt
1,scaling-tuned-adamw-10seeds-v1,7097b902cc3f3a43380d0b66433b0a90ecf3915af0cdb913b8b407b76daf38af,cell-010-e2d6e09349f6,10,e2d6e09349f6de20013a19caf19ef8d3ad0d1a80e669a44bea66ae46a2682f80,4,5,400,128,4,32,2,1,,adamw,0.003,0.0,800,512,0.0,8192,0.0002637991274241358,1.0,1.0001749992370605,0.9992849230766296,18.703027725219727,"[9.104315757751465,6.504758358001709]","[5.728342056274414,7.244298458099365]",seeds/cell-010-e2d6e09349f6/seed-4/checkpoint.pt,seeds/cell-010-e2d6e09349f6/seed-4/snapshots/step-000400.pt
1,scaling-tuned-adamw-10seeds-v1,7097b902cc3f3a43380d0b66433b0a90ecf3915af0cdb913b8b407b76daf38af,cell-010-e2d6e09349f6,10,e2d6e09349f6de20013a19caf19ef8d3ad0d1a80e669a44bea66ae46a2682f80,4,6,800,128,4,32,2,1,,adamw,0.003,0.0,800,512,0.0,8192,0.00042250999831594527,0.9998779296875,0.9987965822219849,1.0000355243682861,18.623464584350586,"[9.178487777709961,6.555079460144043]","[5.724558353424072,7.530457496643066]",seeds/cell-010-e2d6e09349f6/seed-4/checkpoint.pt,seeds/cell-010-e2d6e09349f6/seed-4/snapshots/step-000800.pt
1,scaling-tuned-adamw-10seeds-v1,7097b902cc3f3a43380d0b66433b0a90ecf3915af0cdb913b8b407b76daf38af,cell-010-e2d6e09349f6,10,e2d6e09349f6de20013a19caf19ef8d3ad0d1a80e669a44bea66ae46a2682f80,5,0,0,128,4,32,2,1,,adamw,0.003,0.0,800,512,0.0,8192,1.872788429260254,0.432373046875,-0.14308637380599976,-0.09957821667194366,25.72490882873535,"[5.343432903289795,5.7502264976501465]","[5.672695636749268,5.451796531677246]",seeds/cell-010-e2d6e09349f6/seed-5/checkpoint.pt,seeds/cell-010-e2d6e09349f6/seed-5/snapshots/step-000000.pt
1,scaling-tuned-adamw-10seeds-v1,7097b902cc3f3a43380d0b66433b0a90ecf3915af0cdb913b8b407b76daf38af,cell-010-e2d6e09349f6,10,e2d6e09349f6de20013a19caf19ef8d3ad0d1a80e669a44bea66ae46a2682f80,5,1,25,128,4,32,2,1,,adamw,0.003,0.0,800,512,0.0,8192,0.7546085119247437,0.70703125,0.26122981309890747,0.20912115275859833,25.385480880737305,"[5.345078468322754,5.750275135040283]","[5.900212287902832,5.7252278327941895]",seeds/cell-010-e2d6e09349f6/seed-5/checkpoint.pt,seeds/cell-010-e2d6e09349f6/seed-5/snapshots/step-000025.pt
1,scaling-tuned-adamw-10seeds-v1,7097b902cc3f3a43380d0b66433b0a90ecf3915af0cdb913b8b407b76daf38af,cell-010-e2d6e09349f6,10,e2d6e09349f6de20013a19caf19ef8d3ad0d1a80e669a44bea66ae46a2682f80,5,2,50,128,4,32,2,1,,adamw,0.003,0.0,800,512,0.0,8192,0.5304844379425049,0.8101806640625,0.4532850980758667,0.42908036708831787,24.195119857788086,"[5.820043087005615,5.8128557205200195]","[5.981802463531494,5.768429756164551]",seeds/cell-010-e2d6e09349f6/seed-5/checkpoint.pt,seeds/cell-010-e2d6e09349f6/seed-5/snapshots/step-000050.pt
1,scaling-tuned-adamw-10seeds-v1,7097b902cc3f3a43380d0b66433b0a90ecf3915af0cdb913b8b407b76daf38af,cell-010-e2d6e09349f6,10,e2d6e09349f6de20013a19caf19ef8d3ad0d1a80e669a44bea66ae46a2682f80,5,3,100,128,4,32,2,1,,adamw,0.003,0.0,800,512,0.0,8192,0.02990618534386158,0.99951171875,0.969971776008606,0.9763058423995972,19.63381004333496,"[8.369038581848145,6.028473854064941]","[6.103653430938721,5.789849758148193]",seeds/cell-010-e2d6e09349f6/seed-5/checkpoint.pt,seeds/cell-010-e2d6e09349f6/seed-5/snapshots/step-000100.pt
1,scaling-tuned-adamw-10seeds-v1,7097b902cc3f3a43380d0b66433b0a90ecf3915af0cdb913b8b407b76daf38af,cell-010-e2d6e09349f6,10,e2d6e09349f6de20013a19caf19ef8d3ad0d1a80e669a44bea66ae46a2682f80,5,4,200,128,4,32,2,1,,adamw,0.003,0.0,800,512,0.0,8192,0.0048264688812196255,1.0,1.0004403591156006,1.0047303438186646,18.720518112182617,"[9.301921844482422,6.201783657073975]","[6.121266841888428,5.853477954864502]",seeds/cell-010-e2d6e09349f6/seed-5/checkpoint.pt,seeds/cell-010-e2d6e09349f6/seed-5/snapshots/step-000200.pt
1,scaling-tuned-adamw-10seeds-v1,7097b902cc3f3a43380d0b66433b0a90ecf3915af0cdb913b8b407b76daf38af,cell-010-e2d6e09349f6,10,e2d6e09349f6de20013a19caf19ef8d3ad0d1a80e669a44bea66ae46a2682f80,5,5,400,128,4,32,2,1,,adamw,0.003,0.0,800,512,0.0,8192,0.0009134201100096107,1.0,0.9971991181373596,1.0032517910003662,18.28693389892578,"[9.971612930297852,6.328920841217041]","[6.166022777557373,5.943576812744141]",seeds/cell-010-e2d6e09349f6/seed-5/checkpoint.pt,seeds/cell-010-e2d6e09349f6/seed-5/snapshots/step-000400.pt
1,scaling-tuned-adamw-10seeds-v1,7097b902cc3f3a43380d0b66433b0a90ecf3915af0cdb913b8b407b76daf38af,cell-010-e2d6e09349f6,10,e2d6e09349f6de20013a19caf19ef8d3ad0d1a80e669a44bea66ae46a2682f80,5,6,800,128,4,32,2,1,,adamw,0.003,0.0,800,512,0.0,8192,0.00021548618678934872,1.0,1.000809907913208,1.0048646926879883,17.977197647094727,"[10.477269172668457,6.351256370544434]","[6.224130630493164,6.072420120239258]",seeds/cell-010-e2d6e09349f6/seed-5/checkpoint.pt,seeds/cell-010-e2d6e09349f6/seed-5/snapshots/step-000800.pt
1,scaling-tuned-adamw-10seeds-v1,7097b902cc3f3a43380d0b66433b0a90ecf3915af0cdb913b8b407b76daf38af,cell-010-e2d6e09349f6,10,e2d6e09349f6de20013a19caf19ef8d3ad0d1a80e669a44bea66ae46a2682f80,6,0,0,128,4,32,2,1,,adamw,0.003,0.0,800,512,0.0,8192,1.221754789352417,0.5523681640625,0.09490205347537994,0.09613838791847229,25.410892486572266,"[5.266083717346191,5.686916828155518]","[5.713456630706787,5.945658206939697]",seeds/cell-010-e2d6e09349f6/seed-6/checkpoint.pt,seeds/cell-010-e2d6e09349f6/seed-6/snapshots/step-000000.pt
1,scaling-tuned-adamw-10seeds-v1,7097b902cc3f3a43380d0b66433b0a90ecf3915af0cdb913b8b407b76daf38af,cell-010-e2d6e09349f6,10,e2d6e09349f6de20013a19caf19ef8d3ad0d1a80e669a44bea66ae46a2682f80,6,1,25,128,4,32,2,1,,adamw,0.003,0.0,800,512,0.0,8192,0.6867726445198059,0.7342529296875,0.31650519371032715,0.29943597316741943,24.889814376831055,"[5.270001411437988,5.714712619781494]","[5.924593448638916,6.132023811340332]",seeds/cell-010-e2d6e09349f6/seed-6/checkpoint.pt,seeds/cell-010-e2d6e09349f6/seed-6/snapshots/step-000025.pt
1,scaling-tuned-adamw-10seeds-v1,7097b902cc3f3a43380d0b66433b0a90ecf3915af0cdb913b8b407b76daf38af,cell-010-e2d6e09349f6,10,e2d6e09349f6de20013a19caf19ef8d3ad0d1a80e669a44bea66ae46a2682f80,6,2,50,128,4,32,2,1,,adamw,0.003,0.0,800,512,0.0,8192,0.2522963285446167,0.92919921875,0.7540265321731567,0.7599635720252991,22.206445693969727,"[6.194725513458252,5.973794937133789]","[6.003626346588135,6.190202236175537]",seeds/cell-010-e2d6e09349f6/seed-6/checkpoint.pt,seeds/cell-010-e2d6e09349f6/seed-6/snapshots/step-000050.pt
1,scaling-tuned-adamw-10seeds-v1,7097b902cc3f3a43380d0b66433b0a90ecf3915af0cdb913b8b407b76daf38af,cell-010-e2d6e09349f6,10,e2d6e09349f6de20013a19caf19ef8d3ad0d1a80e669a44bea66ae46a2682f80,6,3,100,128,4,32,2,1,,adamw,0.003,0.0,800,512,0.0,8192,0.005085004027932882,0.9996337890625,0.9931977987289429,1.0040414333343506,19.236783981323242,"[7.846672534942627,6.341599464416504]","[6.171117305755615,6.613076686859131]",seeds/cell-010-e2d6e09349f6/seed-6/checkpoint.pt,seeds/cell-010-e2d6e09349f6/seed-6/snapshots/step-000100.pt
1,scaling-tuned-adamw-10seeds-v1,7097b902cc3f3a43380d0b66433b0a90ecf3915af0cdb913b8b407b76daf38af,cell-010-e2d6e09349f6,10,e2d6e09349f6de20013a19caf19ef8d3ad0d1a80e669a44bea66ae46a2682f80,6,4,200,128,4,32,2,1,,adamw,0.003,0.0,800,512,0.0,8192,0.0015885564498603344,0.9998779296875,0.9975627660751343,1.0118485689163208,19.04143714904785,"[8.024245262145996,6.3510565757751465]","[6.251397609710693,6.850350379943848]",seeds/cell-010-e2d6e09349f6/seed-6/checkpoint.pt,seeds/cell-010-e2d6e09349f6/seed-6/snapshots/step-000200.pt
1,scaling-tuned-adamw-10seeds-v1,7097b902cc3f3a43380d0b66433b0a90ecf3915af0cdb913b8b407b76daf38af,cell-010-e2d6e09349f6,10,e2d6e09349f6de20013a19caf19ef8d3ad0d1a80e669a44bea66ae46a2682f80,6,5,400,128,4,32,2,1,,adamw,0.003,0.0,800,512,0.0,8192,0.0006733079208061099,0.9998779296875,0.9990495443344116,1.0166549682617188,18.930395126342773,"[8.23159408569336,6.373776912689209]","[6.3480634689331055,7.1313157081604]",seeds/cell-010-e2d6e09349f6/seed-6/checkpoint.pt,seeds/cell-010-e2d6e09349f6/seed-6/snapshots/step-000400.pt
1,scaling-tuned-adamw-10seeds-v1,7097b902cc3f3a43380d0b66433b0a90ecf3915af0cdb913b8b407b76daf38af,cell-010-e2d6e09349f6,10,e2d6e09349f6de20013a19caf19ef8d3ad0d1a80e669a44bea66ae46a2682f80,6,6,800,128,4,32,2,1,,adamw,0.003,0.0,800,512,0.0,8192,0.00043857129639945924,0.9998779296875,0.9994000196456909,1.0107945203781128,18.630830764770508,"[8.673940658569336,6.4163899421691895]","[6.4293694496154785,7.490784645080566]",seeds/cell-010-e2d6e09349f6/seed-6/checkpoint.pt,seeds/cell-010-e2d6e09349f6/seed-6/snapshots/step-000800.pt
1,scaling-tuned-adamw-10seeds-v1,7097b902cc3f3a43380d0b66433b0a90ecf3915af0cdb913b8b407b76daf38af,cell-010-e2d6e09349f6,10,e2d6e09349f6de20013a19caf19ef8d3ad0d1a80e669a44bea66ae46a2682f80,7,0,0,128,4,32,2,1,,adamw,0.003,0.0,800,512,0.0,8192,2.2232768535614014,0.469970703125,-0.11570237576961517,-0.062189895659685135,25.215282440185547,"[5.581923484802246,5.997048377990723]","[5.6186299324035645,5.688183307647705]",seeds/cell-010-e2d6e09349f6/seed-7/checkpoint.pt,seeds/cell-010-e2d6e09349f6/seed-7/snapshots/step-000000.pt
1,scaling-tuned-adamw-10seeds-v1,7097b902cc3f3a43380d0b66433b0a90ecf3915af0cdb913b8b407b76daf38af,cell-010-e2d6e09349f6,10,e2d6e09349f6de20013a19caf19ef8d3ad0d1a80e669a44bea66ae46a2682f80,7,1,25,128,4,32,2,1,,adamw,0.003,0.0,800,512,0.0,8192,0.7525392174720764,0.7076416015625,0.23408223688602448,0.19429326057434082,24.67548942565918,"[5.665270805358887,6.1002373695373535]","[5.699027061462402,5.939815044403076]",seeds/cell-010-e2d6e09349f6/seed-7/checkpoint.pt,seeds/cell-010-e2d6e09349f6/seed-7/snapshots/step-000025.pt
1,scaling-tuned-adamw-10seeds-v1,7097b902cc3f3a43380d0b66433b0a90ecf3915af0cdb913b8b407b76daf38af,cell-010-e2d6e09349f6,10,e2d6e09349f6de20013a19caf19ef8d3ad0d1a80e669a44bea66ae46a2682f80,7,2,50,128,4,32,2,1,,adamw,0.003,0.0,800,512,0.0,8192,0.4540340304374695,0.8486328125,0.542626142501831,0.538189172744751,22.67340660095215,"[6.258090972900391,6.433296203613281]","[5.730529308319092,5.977828502655029]",seeds/cell-010-e2d6e09349f6/seed-7/checkpoint.pt,seeds/cell-010-e2d6e09349f6/seed-7/snapshots/step-000050.pt
1,scaling-tuned-adamw-10seeds-v1,7097b902cc3f3a43380d0b66433b0a90ecf3915af0cdb913b8b407b76daf38af,cell-010-e2d6e09349f6,10,e2d6e09349f6de20013a19caf19ef8d3ad0d1a80e669a44bea66ae46a2682f80,7,3,100,128,4,32,2,1,,adamw,0.003,0.0,800,512,0.0,8192,0.017348825931549072,0.9991455078125,0.9732308387756348,0.9712551832199097,18.356689453125,"[8.363070487976074,7.495811939239502]","[5.742124557495117,6.157609462738037]",seeds/cell-010-e2d6e09349f6/seed-7/checkpoint.pt,seeds/cell-010-e2d6e09349f6/seed-7/snapshots/step-000100.pt
1,scaling-tuned-adamw-10seeds-v1,7097b902cc3f3a43380d0b66433b0a90ecf3915af0cdb913b8b407b76daf38af,cell-010-e2d6e09349f6,10,e2d6e09349f6de20013a19caf19ef8d3ad0d1a80e669a44bea66ae46a2682f80,7,4,200,128,4,32,2,1,,adamw,0.003,0.0,800,512,0.0,8192,0.003369600512087345,0.9993896484375,1.0076149702072144,1.009774923324585,17.960681915283203,"[8.868339538574219,7.780950546264648]","[5.742720603942871,6.457793235778809]",seeds/cell-010-e2d6e09349f6/seed-7/checkpoint.pt,seeds/cell-010-e2d6e09349f6/seed-7/snapshots/step-000200.pt
1,scaling-tuned-adamw-10seeds-v1,7097b902cc3f3a43380d0b66433b0a90ecf3915af0cdb913b8b407b76daf38af,cell-010-e2d6e09349f6,10,e2d6e09349f6de20013a19caf19ef8d3ad0d1a80e669a44bea66ae46a2682f80,7,5,400,128,4,32,2,1,,adamw,0.003,0.0,800,512,0.0,8192,0.0020264233462512493,0.99951171875,1.000772476196289,0.9970484375953674,17.652482986450195,"[9.352936744689941,7.864938259124756]","[5.762845039367676,6.707922458648682]",seeds/cell-010-e2d6e09349f6/seed-7/checkpoint.pt,seeds/cell-010-e2d6e09349f6/seed-7/snapshots/step-000400.pt
1,scaling-tuned-adamw-10seeds-v1,7097b902cc3f3a43380d0b66433b0a90ecf3915af0cdb913b8b407b76daf38af,cell-010-e2d6e09349f6,10,e2d6e09349f6de20013a19caf19ef8d3ad0d1a80e669a44bea66ae46a2682f80,7,6,800,128,4,32,2,1,,adamw,0.003,0.0,800,512,0.0,8192,0.004335771314799786,0.9989013671875,0.9925942420959473,0.9862632751464844,17.603364944458008,"[9.800069808959961,8.000894546508789]","[5.797390460968018,6.954286575317383]",seeds/cell-010-e2d6e09349f6/seed-7/checkpoint.pt,seeds/cell-010-e2d6e09349f6/seed-7/snapshots/step-000800.pt
1,scaling-tuned-adamw-10seeds-v1,7097b902cc3f3a43380d0b66433b0a90ecf3915af0cdb913b8b407b76daf38af,cell-010-e2d6e09349f6,10,e2d6e09349f6de20013a19caf19ef8d3ad0d1a80e669a44bea66ae46a2682f80,8,0,0,128,4,32,2,1,,adamw,0.003,0.0,800,512,0.0,8192,1.5995601415634155,0.45654296875,-0.06488925218582153,-0.09597881138324738,24.83053970336914,"[5.86290168762207,5.351741313934326]","[5.599814414978027,5.8302154541015625]",seeds/cell-010-e2d6e09349f6/seed-8/checkpoint.pt,seeds/cell-010-e2d6e09349f6/seed-8/snapshots/step-000000.pt
1,scaling-tuned-adamw-10seeds-v1,7097b902cc3f3a43380d0b66433b0a90ecf3915af0cdb913b8b407b76daf38af,cell-010-e2d6e09349f6,10,e2d6e09349f6de20013a19caf19ef8d3ad0d1a80e669a44bea66ae46a2682f80,8,1,25,128,4,32,2,1,,adamw,0.003,0.0,800,512,0.0,8192,0.7784591913223267,0.6968994140625,0.20988807082176208,0.12321638315916061,24.71474266052246,"[5.937363624572754,5.490871429443359]","[5.727741241455078,6.182221412658691]",seeds/cell-010-e2d6e09349f6/seed-8/checkpoint.pt,seeds/cell-010-e2d6e09349f6/seed-8/snapshots/step-000025.pt
1,scaling-tuned-adamw-10seeds-v1,7097b902cc3f3a43380d0b66433b0a90ecf3915af0cdb913b8b407b76daf38af,cell-010-e2d6e09349f6,10,e2d6e09349f6de20013a19caf19ef8d3ad0d1a80e669a44bea66ae46a2682f80,8,2,50,128,4,32,2,1,,adamw,0.003,0.0,800,512,0.0,8192,0.33050814270973206,0.8944091796875,0.6662096977233887,0.5943679809570312,23.76389503479004,"[6.028376579284668,6.006871223449707]","[5.828222274780273,6.229030609130859]",seeds/cell-010-e2d6e09349f6/seed-8/checkpoint.pt,seeds/cell-010-e2d6e09349f6/seed-8/snapshots/step-000050.pt
1,scaling-tuned-adamw-10seeds-v1,7097b902cc3f3a43380d0b66433b0a90ecf3915af0cdb913b8b407b76daf38af,cell-010-e2d6e09349f6,10,e2d6e09349f6de20013a19caf19ef8d3ad0d1a80e669a44bea66ae46a2682f80,8,3,100,128,4,32,2,1,,adamw,0.003,0.0,800,512,0.0,8192,0.015777049586176872,0.9984130859375,0.9885594248771667,0.9763277769088745,21.654661178588867,"[6.459639549255371,7.532009124755859]","[5.968382358551025,6.718623161315918]",seeds/cell-010-e2d6e09349f6/seed-8/checkpoint.pt,seeds/cell-010-e2d6e09349f6/seed-8/snapshots/step-000100.pt
1,scaling-tuned-adamw-10seeds-v1,7097b902cc3f3a43380d0b66433b0a90ecf3915af0cdb913b8b407b76daf38af,cell-010-e2d6e09349f6,10,e2d6e09349f6de20013a19caf19ef8d3ad0d1a80e669a44bea66ae46a2682f80,8,4,200,128,4,32,2,1,,adamw,0.003,0.0,800,512,0.0,8192,0.002583777531981468,0.999755859375,0.9994546175003052,0.995155394077301,21.196470260620117,"[6.533734321594238,7.9543328285217285]","[5.93906307220459,7.394172668457031]",seeds/cell-010-e2d6e09349f6/seed-8/checkpoint.pt,seeds/cell-010-e2d6e09349f6/seed-8/snapshots/step-000200.pt
1,scaling-tuned-adamw-10seeds-v1,7097b902cc3f3a43380d0b66433b0a90ecf3915af0cdb913b8b407b76daf38af,cell-010-e2d6e09349f6,10,e2d6e09349f6de20013a19caf19ef8d3ad0d1a80e669a44bea66ae46a2682f80,8,5,400,128,4,32,2,1,,adamw,0.003,0.0,800,512,0.0,8192,0.0004053020675200969,1.0,0.9980363845825195,0.9985161423683167,20.983243942260742,"[6.5859856605529785,8.227212905883789]","[5.925508975982666,7.983489513397217]",seeds/cell-010-e2d6e09349f6/seed-8/checkpoint.pt,seeds/cell-010-e2d6e09349f6/seed-8/snapshots/step-000400.pt
1,scaling-tuned-adamw-10seeds-v1,7097b902cc3f3a43380d0b66433b0a90ecf3915af0cdb913b8b407b76daf38af,cell-010-e2d6e09349f6,10,e2d6e09349f6de20013a19caf19ef8d3ad0d1a80e669a44bea66ae46a2682f80,8,6,800,128,4,32,2,1,,adamw,0.003,0.0,800,512,0.0,8192,9.965822391677648e-05,1.0,1.000760555267334,1.002431869506836,20.811227798461914,"[6.6596150398254395,8.466768264770508]","[5.904323101043701,8.609230995178223]",seeds/cell-010-e2d6e09349f6/seed-8/checkpoint.pt,seeds/cell-010-e2d6e09349f6/seed-8/snapshots/step-000800.pt
1,scaling-tuned-adamw-10seeds-v1,7097b902cc3f3a43380d0b66433b0a90ecf3915af0cdb913b8b407b76daf38af,cell-010-e2d6e09349f6,10,e2d6e09349f6de20013a19caf19ef8d3ad0d1a80e669a44bea66ae46a2682f80,9,0,0,128,4,32,2,1,,adamw,0.003,0.0,800,512,0.0,8192,2.0418689250946045,0.4229736328125,-0.16619819402694702,-0.12066714465618134,25.230270385742188,"[5.90965461730957,6.291106700897217]","[5.131293296813965,5.794984817504883]",seeds/cell-010-e2d6e09349f6/seed-9/checkpoint.pt,seeds/cell-010-e2d6e09349f6/seed-9/snapshots/step-000000.pt
1,scaling-tuned-adamw-10seeds-v1,7097b902cc3f3a43380d0b66433b0a90ecf3915af0cdb913b8b407b76daf38af,cell-010-e2d6e09349f6,10,e2d6e09349f6de20013a19caf19ef8d3ad0d1a80e669a44bea66ae46a2682f80,9,1,25,128,4,32,2,1,,adamw,0.003,0.0,800,512,0.0,8192,0.7628921270370483,0.7042236328125,0.24135687947273254,0.23104660212993622,24.815811157226562,"[5.9106621742248535,6.309816360473633]","[5.2811198234558105,6.231877326965332]",seeds/cell-010-e2d6e09349f6/seed-9/checkpoint.pt,seeds/cell-010-e2d6e09349f6/seed-9/snapshots/step-000025.pt
1,scaling-tuned-adamw-10seeds-v1,7097b902cc3f3a43380d0b66433b0a90ecf3915af0cdb913b8b407b76daf38af,cell-010-e2d6e09349f6,10,e2d6e09349f6de20013a19caf19ef8d3ad0d1a80e669a44bea66ae46a2682f80,9,2,50,128,4,32,2,1,,adamw,0.003,0.0,800,512,0.0,8192,0.41209256649017334,0.8643798828125,0.5470795035362244,0.561586320400238,22.5961971282959,"[6.509061336517334,6.371330738067627]","[5.4071526527404785,6.274774074554443]",seeds/cell-010-e2d6e09349f6/seed-9/checkpoint.pt,seeds/cell-010-e2d6e09349f6/seed-9/snapshots/step-000050.pt
1,scaling-tuned-adamw-10seeds-v1,7097b902cc3f3a43380d0b66433b0a90ecf3915af0cdb913b8b407b76daf38af,cell-010-e2d6e09349f6,10,e2d6e09349f6de20013a19caf19ef8d3ad0d1a80e669a44bea66ae46a2682f80,9,3,100,128,4,32,2,1,,adamw,0.003,0.0,800,512,0.0,8192,0.012078333646059036,0.9986572265625,1.0123488903045654,1.0134055614471436,18.480247497558594,"[8.536243438720703,6.477939605712891]","[5.502302169799805,6.648865222930908]",seeds/cell-010-e2d6e09349f6/seed-9/checkpoint.pt,seeds/cell-010-e2d6e09349f6/seed-9/snapshots/step-000100.pt
1,scaling-tuned-adamw-10seeds-v1,7097b902cc3f3a43380d0b66433b0a90ecf3915af0cdb913b8b407b76daf38af,cell-010-e2d6e09349f6,10,e2d6e09349f6de20013a19caf19ef8d3ad0d1a80e669a44bea66ae46a2682f80,9,4,200,128,4,32,2,1,,adamw,0.003,0.0,800,512,0.0,8192,0.005992297548800707,0.9986572265625,0.9960793256759644,0.9924595355987549,18.18357276916504,"[9.010191917419434,6.593024253845215]","[5.544163703918457,6.996769905090332]",seeds/cell-010-e2d6e09349f6/seed-9/checkpoint.pt,seeds/cell-010-e2d6e09349f6/seed-9/snapshots/step-000200.pt
1,scaling-tuned-adamw-10seeds-v1,7097b902cc3f3a43380d0b66433b0a90ecf3915af0cdb913b8b407b76daf38af,cell-010-e2d6e09349f6,10,e2d6e09349f6de20013a19caf19ef8d3ad0d1a80e669a44bea66ae46a2682f80,9,5,400,128,4,32,2,1,,adamw,0.003,0.0,800,512,0.0,8192,0.0018718461506068707,0.9996337890625,0.9953376054763794,0.9873830080032349,17.986774444580078,"[9.510643005371094,6.762695789337158]","[5.666541576385498,7.280612468719482]",seeds/cell-010-e2d6e09349f6/seed-9/checkpoint.pt,seeds/cell-010-e2d6e09349f6/seed-9/snapshots/step-000400.pt
1,scaling-tuned-adamw-10seeds-v1,7097b902cc3f3a43380d0b66433b0a90ecf3915af0cdb913b8b407b76daf38af,cell-010-e2d6e09349f6,10,e2d6e09349f6de20013a19caf19ef8d3ad0d1a80e669a44bea66ae46a2682f80,9,6,800,128,4,32,2,1,,adamw,0.003,0.0,800,512,0.0,8192,0.00012810055341105908,1.0,0.9982972741127014,0.9915865659713745,17.82732391357422,"[9.838730812072754,6.911257266998291]","[5.704745292663574,7.581588268280029]",seeds/cell-010-e2d6e09349f6/seed-9/checkpoint.pt,seeds/cell-010-e2d6e09349f6/seed-9/snapshots/step-000800.pt
1,scaling-tuned-adamw-10seeds-v1,7097b902cc3f3a43380d0b66433b0a90ecf3915af0cdb913b8b407b76daf38af,cell-011-23683cb9175a,11,23683cb9175a50bfeef45ce67d993a2f2dc864bf4e98ab58ce673b34c3689a4e,0,0,0,128,4,32,2,4,,adamw,0.003,0.0,800,512,0.0,8192,1.6206934452056885,0.45458984375,-0.06178271770477295,-0.06692259013652802,25.1415958404541,"[2.787625312805176,2.7767834663391113,2.8841092586517334,2.9053258895874023,2.7235448360443115,2.9238874912261963,2.7381975650787354,2.8284926414489746]","[2.7469043731689453,3.0842742919921875,2.363034725189209,2.7828056812286377,2.6646299362182617,2.8549094200134277,2.5005428791046143,2.969062328338623]",seeds/cell-011-23683cb9175a/seed-0/checkpoint.pt,seeds/cell-011-23683cb9175a/seed-0/snapshots/step-000000.pt
1,scaling-tuned-adamw-10seeds-v1,7097b902cc3f3a43380d0b66433b0a90ecf3915af0cdb913b8b407b76daf38af,cell-011-23683cb9175a,11,23683cb9175a50bfeef45ce67d993a2f2dc864bf4e98ab58ce673b34c3689a4e,0,1,25,128,4,32,2,4,,adamw,0.003,0.0,800,512,0.0,8192,0.7323059439659119,0.716064453125,0.2526625990867615,0.2151404470205307,24.9997615814209,"[2.795210361480713,2.8166074752807617,2.866159439086914,2.9645307064056396,2.773465394973755,2.9544425010681152,2.7428669929504395,2.8314077854156494]","[2.835761308670044,3.191761016845703,2.3544681072235107,2.8445944786071777,2.7081122398376465,2.9369070529937744,2.642049789428711,3.0298309326171875]",seeds/cell-011-23683cb9175a/seed-0/checkpoint.pt,seeds/cell-011-23683cb9175a/seed-0/snapshots/step-000025.pt
1,scaling-tuned-adamw-10seeds-v1,7097b902cc3f3a43380d0b66433b0a90ecf3915af0cdb913b8b407b76daf38af,cell-011-23683cb9175a,11,23683cb9175a50bfeef45ce67d993a2f2dc864bf4e98ab58ce673b34c3689a4e,0,2,50,128,4,32,2,4,,adamw,0.003,0.0,800,512,0.0,8192,0.6356821060180664,0.7674560546875,0.3234829902648926,0.3022402226924896,24.086912155151367,"[2.8368351459503174,3.0124940872192383,2.883052110671997,3.049515962600708,2.786144733428955,2.985581874847412,2.7705905437469482,2.831866979598999]","[2.8617258071899414,3.2346792221069336,2.3602304458618164,2.853161334991455,2.7124130725860596,2.9522359371185303,2.652233839035034,3.0432724952697754]",seeds/cell-011-23683cb9175a/seed-0/checkpoint.pt,seeds/cell-011-23683cb9175a/seed-0/snapshots/step-000050.pt
1,scaling-tuned-adamw-10seeds-v1,7097b902cc3f3a43380d0b66433b0a90ecf3915af0cdb913b8b407b76daf38af,cell-011-23683cb9175a,11,23683cb9175a50bfeef45ce67d993a2f2dc864bf4e98ab58ce673b34c3689a4e,0,3,100,128,4,32,2,4,,adamw,0.003,0.0,800,512,0.0,8192,0.11782001703977585,0.9798583984375,0.869891881942749,0.8609509468078613,19.108627319335938,"[3.001758337020874,4.313351631164551,2.870978832244873,3.3878097534179688,2.750290870666504,3.134378433227539,3.0239408016204834,2.919456720352173]","[2.807119607925415,3.4443202018737793,2.3754334449768066,2.8116629123687744,2.703958034515381,3.0585920810699463,2.630368947982788,3.0319886207580566]",seeds/cell-011-23683cb9175a/seed-0/checkpoint.pt,seeds/cell-011-23683cb9175a/seed-0/snapshots/step-000100.pt
1,scaling-tuned-adamw-10seeds-v1,7097b902cc3f3a43380d0b66433b0a90ecf3915af0cdb913b8b407b76daf38af,cell-011-23683cb9175a,11,23683cb9175a50bfeef45ce67d993a2f2dc864bf4e98ab58ce673b34c3689a4e,0,4,200,128,4,32,2,4,,adamw,0.003,0.0,800,512,0.0,8192,0.00853443518280983,0.998046875,0.9963085055351257,0.9868570566177368,17.08019256591797,"[2.9262375831604004,5.118578910827637,2.7750279903411865,3.5111730098724365,2.7276182174682617,3.2656123638153076,3.274352788925171,3.0457451343536377]","[2.711273431777954,3.697758913040161,2.3251395225524902,2.7352302074432373,2.721137046813965,3.5174286365509033,2.8266794681549072,3.1165413856506348]",seeds/cell-011-23683cb9175a/seed-0/checkpoint.pt,seeds/cell-011-23683cb9175a/seed-0/snapshots/step-000200.pt
1,scaling-tuned-adamw-10seeds-v1,7097b902cc3f3a43380d0b66433b0a90ecf3915af0cdb913b8b407b76daf38af,cell-011-23683cb9175a,11,23683cb9175a50bfeef45ce67d993a2f2dc864bf4e98ab58ce673b34c3689a4e,0,5,400,128,4,32,2,4,,adamw,0.003,0.0,800,512,0.0,8192,0.005399875342845917,0.998779296875,0.9850462675094604,0.9748244285583496,16.105539321899414,"[2.8882193565368652,5.479012966156006,2.7833564281463623,3.5566232204437256,2.7243316173553467,3.3212640285491943,3.3937644958496094,3.0751399993896484]","[2.6937477588653564,3.776104211807251,2.3045051097869873,2.7229483127593994,2.7331693172454834,3.7537641525268555,2.913309097290039,3.1695685386657715]",seeds/cell-011-23683cb9175a/seed-0/checkpoint.pt,seeds/cell-011-23683cb9175a/seed-0/snapshots/step-000400.pt
1,scaling-tuned-adamw-10seeds-v1,7097b902cc3f3a43380d0b66433b0a90ecf3915af0cdb913b8b407b76daf38af,cell-011-23683cb9175a,11,23683cb9175a50bfeef45ce67d993a2f2dc864bf4e98ab58ce673b34c3689a4e,0,6,800,128,4,32,2,4,,adamw,0.003,0.0,800,512,0.0,8192,0.009234780445694923,0.9974365234375,0.9880272150039673,0.9654399156570435,15.182402610778809,"[2.8423993587493896,5.905067443847656,2.756281614303589,3.6858162879943848,2.7215147018432617,3.434265613555908,3.626631498336792,3.077467679977417]","[2.6676852703094482,4.005966663360596,2.269700527191162,2.708671808242798,2.7487175464630127,4.055955410003662,3.0585224628448486,3.211015224456787]",seeds/cell-011-23683cb9175a/seed-0/checkpoint.pt,seeds/cell-011-23683cb9175a/seed-0/snapshots/step-000800.pt
1,scaling-tuned-adamw-10seeds-v1,7097b902cc3f3a43380d0b66433b0a90ecf3915af0cdb913b8b407b76daf38af,cell-011-23683cb9175a,11,23683cb9175a50bfeef45ce67d993a2f2dc864bf4e98ab58ce673b34c3689a4e,1,0,0,128,4,32,2,4,,adamw,0.003,0.0,800,512,0.0,8192,1.1512855291366577,0.5484619140625,0.05115790292620659,0.048622895032167435,25.418352127075195,"[3.028599500656128,2.9908981323242188,2.802879810333252,2.7160496711730957,3.009634017944336,2.629018545150757,2.929943323135376,2.7827277183532715]","[2.5837442874908447,2.49324893951416,3.0271553993225098,2.7889578342437744,2.851510763168335,2.420506238937378,2.8793373107910156,3.3082356452941895]",seeds/cell-011-23683cb9175a/seed-1/checkpoint.pt,seeds/cell-011-23683cb9175a/seed-1/snapshots/step-000000.pt
1,scaling-tuned-adamw-10seeds-v1,7097b902cc3f3a43380d0b66433b0a90ecf3915af0cdb913b8b407b76daf38af,cell-011-23683cb9175a,11,23683cb9175a50bfeef45ce67d993a2f2dc864bf4e98ab58ce673b34c3689a4e,1,1,25,128,4,32,2,4,,adamw,0.003,0.0,800,512,0.0,8192,0.7554537057876587,0.7066650390625,0.2399459183216095,0.1891772449016571,25.006221771240234,"[3.023800849914551,2.9361789226531982,2.7645223140716553,2.802093505859375,3.022573947906494,2.633779764175415,2.8969452381134033,2.8451290130615234]","[2.6185033321380615,2.5509068965911865,3.035940647125244,2.8437275886535645,2.934296131134033,2.461986541748047,2.9110920429229736,3.3882172107696533]",seeds/cell-011-23683cb9175a/seed-1/checkpoint.pt,seeds/cell-011-23683cb9175a/seed-1/snapshots/step-000025.pt
1,scaling-tuned-adamw-10seeds-v1,7097b902cc3f3a43380d0b66433b0a90ecf3915af0cdb913b8b407b76daf38af,cell-011-23683cb9175a,11,23683cb9175a50bfeef45ce67d993a2f2dc864bf4e98ab58ce673b34c3689a4e,1,2,50,128,4,32,2,4,,adamw,0.003,0.0,800,512,0.0,8192,0.6584411859512329,0.7557373046875,0.3204900622367859,0.2863723039627075,23.820858001708984,"[2.9996345043182373,3.003678560256958,2.8494760990142822,3.014634370803833,3.0938334465026855,2.662036180496216,2.9167115688323975,2.8514182567596436]","[2.622389554977417,2.5579426288604736,3.041921377182007,2.8844165802001953,2.945347309112549,2.4602646827697754,2.921664237976074,3.3929600715637207]",seeds/cell-011-23683cb9175a/seed-1/checkpoint.pt,seeds/cell-011-23683cb9175a/seed-1/snapshots/step-000050.pt
1,scaling-tuned-adamw-10seeds-v1,7097b902cc3f3a43380d0b66433b0a90ecf3915af0cdb913b8b407b76daf38af,cell-011-23683cb9175a,11,23683cb9175a50bfeef45ce67d993a2f2dc864bf4e98ab58ce673b34c3689a4e,1,3,100,128,4,32,2,4,,adamw,0.003,0.0,800,512,0.0,8192,0.10362805426120758,0.9886474609375,0.9215757250785828,0.9374457597732544,18.20586585998535,"[3.0260887145996094,3.770115375518799,3.276249408721924,4.350828647613525,3.3049099445343018,2.7952351570129395,2.902226686477661,3.0144755840301514]","[2.6405227184295654,2.54793643951416,3.0346975326538086,3.1905810832977295,2.91110897064209,2.438420057296753,2.9132955074310303,3.3601322174072266]",seeds/cell-011-23683cb9175a/seed-1/checkpoint.pt,seeds/cell-011-23683cb9175a/seed-1/snapshots/step-000100.pt
1,scaling-tuned-adamw-10seeds-v1,7097b902cc3f3a43380d0b66433b0a90ecf3915af0cdb913b8b407b76daf38af,cell-011-23683cb9175a,11,23683cb9175a50bfeef45ce67d993a2f2dc864bf4e98ab58ce673b34c3689a4e,1,4,200,128,4,32,2,4,,adamw,0.003,0.0,800,512,0.0,8192,0.009341947734355927,0.9979248046875,0.9905754923820496,0.9781294465065002,16.573009490966797,"[2.9694290161132812,4.042558670043945,3.292654514312744,5.305572986602783,3.399815797805786,2.9059834480285645,2.8704636096954346,3.44570255279541]","[2.579409122467041,2.5746917724609375,3.006089687347412,3.5985524654388428,3.152700901031494,2.4749131202697754,2.9931893348693848,3.772087574005127]",seeds/cell-011-23683cb9175a/seed-1/checkpoint.pt,seeds/cell-011-23683cb9175a/seed-1/snapshots/step-000200.pt
1,scaling-tuned-adamw-10seeds-v1,7097b902cc3f3a43380d0b66433b0a90ecf3915af0cdb913b8b407b76daf38af,cell-011-23683cb9175a,11,23683cb9175a50bfeef45ce67d993a2f2dc864bf4e98ab58ce673b34c3689a4e,1,5,400,128,4,32,2,4,,adamw,0.003,0.0,800,512,0.0,8192,0.008320260792970657,0.99755859375,0.9985065460205078,0.9894976615905762,16.051015853881836,"[3.027691602706909,4.438858509063721,3.3923869132995605,5.6781511306762695,3.4599313735961914,2.873947858810425,2.8199167251586914,3.5872485637664795]","[2.5770204067230225,2.653486728668213,2.9973061084747314,3.7049813270568848,3.3540103435516357,2.507646322250366,3.00553035736084,4.086695194244385]",seeds/cell-011-23683cb9175a/seed-1/checkpoint.pt,seeds/cell-011-23683cb9175a/seed-1/snapshots/step-000400.pt
1,scaling-tuned-adamw-10seeds-v1,7097b902cc3f3a43380d0b66433b0a90ecf3915af0cdb913b8b407b76daf38af,cell-011-23683cb9175a,11,23683cb9175a50bfeef45ce67d993a2f2dc864bf4e98ab58ce673b34c3689a4e,1,6,800,128,4,32,2,4,,adamw,0.003,0.0,800,512,0.0,8192,0.00038529542507603765,1.0,1.002551555633545,1.0014325380325317,15.471152305603027,"[2.973855495452881,4.932979106903076,3.6981465816497803,5.989110469818115,3.595571994781494,2.86740779876709,2.813737630844116,3.862438917160034]","[2.50874662399292,2.7508492469787598,3.021390914916992,3.8517816066741943,3.5631372928619385,2.528261184692383,3.002002239227295,4.431719779968262]",seeds/cell-011-23683cb9175a/seed-1/checkpoint.pt,seeds/cell-011-23683cb9175a/seed-1/snapshots/step-000800.pt
1,scaling-tuned-adamw-10seeds-v1,7097b902cc3f3a43380d0b66433b0a90ecf3915af0cdb913b8b407b76daf38af,cell-011-23683cb9175a,11,23683cb9175a50bfeef45ce67d993a2f2dc864bf4e98ab58ce673b34c3689a4e,2,0,0,128,4,32,2,4,,adamw,0.003,0.0,800,512,0.0,8192,1.5652239322662354,0.51708984375,0.07124604284763336,0.07347874343395233,25.268543243408203,"[2.700427532196045,2.779574394226074,2.767585277557373,3.1086843013763428,3.0812997817993164,2.7637734413146973,2.578964948654175,2.3911404609680176]","[2.664804458618164,2.730393886566162,2.9904026985168457,2.817356824874878,2.8279595375061035,2.6663777828216553,3.00954008102417,2.6705729961395264]",seeds/cell-011-23683cb9175a/seed-2/checkpoint.pt,seeds/cell-011-23683cb9175a/seed-2/snapshots/step-000000.pt
1,scaling-tuned-adamw-10seeds-v1,7097b902cc3f3a43380d0b66433b0a90ecf3915af0cdb913b8b407b76daf38af,cell-011-23683cb9175a,11,23683cb9175a50bfeef45ce67d993a2f2dc864bf4e98ab58ce673b34c3689a4e,2,1,25,128,4,32,2,4,,adamw,0.003,0.0,800,512,0.0,8192,0.7739102244377136,0.68896484375,0.2394213080406189,0.18531325459480286,25.045637130737305,"[2.751278877258301,2.8161509037017822,2.826256036758423,3.081202268600464,3.0987298488616943,2.742018938064575,2.5485267639160156,2.4812228679656982]","[2.655244827270508,2.761169910430908,3.0924618244171143,2.8675971031188965,2.93414568901062,2.7396059036254883,3.0642342567443848,2.739919424057007]",seeds/cell-011-23683cb9175a/seed-2/checkpoint.pt,seeds/cell-011-23683cb9175a/seed-2/snapshots/step-000025.pt
1,scaling-tuned-adamw-10seeds-v1,7097b902cc3f3a43380d0b66433b0a90ecf3915af0cdb913b8b407b76daf38af,cell-011-23683cb9175a,11,23683cb9175a50bfeef45ce67d993a2f2dc864bf4e98ab58ce673b34c3689a4e,2,2,50,128,4,32,2,4,,adamw,0.003,0.0,800,512,0.0,8192,0.6943258047103882,0.730224609375,0.3368341624736786,0.29016920924186707,24.13231086730957,"[2.772496461868286,2.7972922325134277,2.9736905097961426,3.0767102241516113,3.1788721084594727,2.783080816268921,2.5957345962524414,2.5189380645751953]","[2.648719310760498,2.7621965408325195,3.146238327026367,2.852996826171875,2.9502146244049072,2.7557129859924316,3.0649797916412354,2.755510091781616]",seeds/cell-011-23683cb9175a/seed-2/checkpoint.pt,seeds/cell-011-23683cb9175a/seed-2/snapshots/step-000050.pt
1,scaling-tuned-adamw-10seeds-v1,7097b902cc3f3a43380d0b66433b0a90ecf3915af0cdb913b8b407b76daf38af,cell-011-23683cb9175a,11,23683cb9175a50bfeef45ce67d993a2f2dc864bf4e98ab58ce673b34c3689a4e,2,3,100,128,4,32,2,4,,adamw,0.003,0.0,800,512,0.0,8192,0.07074978947639465,0.9876708984375,0.9670186042785645,0.9693723320960999,18.01475715637207,"[2.771542549133301,2.822605609893799,4.3236918449401855,3.065884590148926,3.6348421573638916,3.0785202980041504,2.8520593643188477,2.580747604370117]","[2.60888934135437,2.7828450202941895,3.511341094970703,2.8533968925476074,3.004579544067383,2.770975112915039,3.0399320125579834,2.7560007572174072]",seeds/cell-011-23683cb9175a/seed-2/checkpoint.pt,seeds/cell-011-23683cb9175a/seed-2/snapshots/step-000100.pt
1,scaling-tuned-adamw-10seeds-v1,7097b902cc3f3a43380d0b66433b0a90ecf3915af0cdb913b8b407b76daf38af,cell-011-23683cb9175a,11,23683cb9175a50bfeef45ce67d993a2f2dc864bf4e98ab58ce673b34c3689a4e,2,4,200,128,4,32,2,4,,adamw,0.003,0.0,800,512,0.0,8192,0.012636533007025719,0.9964599609375,1.0020042657852173,0.9857707023620605,16.286394119262695,"[2.7156755924224854,2.8006176948547363,4.943237781524658,2.991597890853882,3.847698926925659,3.1249301433563232,2.91013503074646,2.620659589767456]","[2.557530403137207,2.7344701290130615,3.831300973892212,2.7990190982818604,3.358722686767578,2.8142502307891846,3.0608487129211426,2.880476713180542]",seeds/cell-011-23683cb9175a/seed-2/checkpoint.pt,seeds/cell-011-23683cb9175a/seed-2/snapshots/step-000200.pt
1,scaling-tuned-adamw-10seeds-v1,7097b902cc3f3a43380d0b66433b0a90ecf3915af0cdb913b8b407b76daf38af,cell-011-23683cb9175a,11,23683cb9175a50bfeef45ce67d993a2f2dc864bf4e98ab58ce673b34c3689a4e,2,5,400,128,4,32,2,4,,adamw,0.003,0.0,800,512,0.0,8192,0.0012003511656075716,0.9998779296875,0.9938976168632507,0.9878381490707397,15.591084480285645,"[2.6621315479278564,2.717658281326294,5.204156398773193,2.9727108478546143,3.8822405338287354,3.1215312480926514,2.898935556411743,2.6423933506011963]","[2.543198347091675,2.7233808040618896,3.999392032623291,2.783597469329834,3.580167293548584,2.8624179363250732,3.081296682357788,2.954416275024414]",seeds/cell-011-23683cb9175a/seed-2/checkpoint.pt,seeds/cell-011-23683cb9175a/seed-2/snapshots/step-000400.pt
1,scaling-tuned-adamw-10seeds-v1,7097b902cc3f3a43380d0b66433b0a90ecf3915af0cdb913b8b407b76daf38af,cell-011-23683cb9175a,11,23683cb9175a50bfeef45ce67d993a2f2dc864bf4e98ab58ce673b34c3689a4e,2,6,800,128,4,32,2,4,,adamw,0.003,0.0,800,512,0.0,8192,0.002772881416603923,0.999267578125,0.9949414134025574,0.9815071225166321,14.672118186950684,"[2.625288248062134,2.6821682453155518,5.555773735046387,2.9386603832244873,3.9187419414520264,3.1994311809539795,2.9502718448638916,2.740388870239258]","[2.508558511734009,2.6977736949920654,4.308974742889404,2.7280664443969727,3.8419084548950195,2.923924684524536,3.110661029815674,3.049936532974243]",seeds/cell-011-23683cb9175a/seed-2/checkpoint.pt,seeds/cell-011-23683cb9175a/seed-2/snapshots/step-000800.pt
1,scaling-tuned-adamw-10seeds-v1,7097b902cc3f3a43380d0b66433b0a90ecf3915af0cdb913b8b407b76daf38af,cell-011-23683cb9175a,11,23683cb9175a50bfeef45ce67d993a2f2dc864bf4e98ab58ce673b34c3689a4e,3,0,0,128,4,32,2,4,,adamw,0.003,0.0,800,512,0.0,8192,2.2865121364593506,0.5623779296875,0.29844868183135986,0.21939370036125183,24.773218154907227,"[3.041707992553711,2.707334041595459,2.4064600467681885,2.6816763877868652,3.1252543926239014,2.9821078777313232,2.728003740310669,3.110006093978882]","[2.7189533710479736,2.968778371810913,3.1561899185180664,2.636855363845825,2.973440647125244,2.526216745376587,2.5603644847869873,3.04521107673645]",seeds/cell-011-23683cb9175a/seed-3/checkpoint.pt,seeds/cell-011-23683cb9175a/seed-3/snapshots/step-000000.pt
1,scaling-tuned-adamw-10seeds-v1,7097b902cc3f3a43380d0b66433b0a90ecf3915af0cdb913b8b407b76daf38af,cell-011-23683cb9175a,11,23683cb9175a50bfeef45ce67d993a2f2dc864bf4e98ab58ce673b34c3689a4e,3,1,25,128,4,32,2,4,,adamw,0.003,0.0,800,512,0.0,8192,0.7898762226104736,0.6829833984375,0.25387507677078247,0.21694521605968475,24.6363525390625,"[3.1011595726013184,2.7323622703552246,2.384054183959961,2.7493958473205566,3.149552345275879,2.975630283355713,2.7257044315338135,3.121290445327759]","[2.7244951725006104,3.003182888031006,3.1870932579040527,2.7039201259613037,3.0008652210235596,2.5860652923583984,2.6158721446990967,3.084226608276367]",seeds/cell-011-23683cb9175a/seed-3/checkpoint.pt,seeds/cell-011-23683cb9175a/seed-3/snapshots/step-000025.pt
1,scaling-tuned-adamw-10seeds-v1,7097b902cc3f3a43380d0b66433b0a90ecf3915af0cdb913b8b407b76daf38af,cell-011-23683cb9175a,11,23683cb9175a50bfeef45ce67d993a2f2dc864bf4e98ab58ce673b34c3689a4e,3,2,50,128,4,32,2,4,,adamw,0.003,0.0,800,512,0.0,8192,0.6755470633506775,0.7498779296875,0.31234490871429443,0.30070823431015015,23.81352996826172,"[3.1343994140625,2.750330686569214,2.494913101196289,2.875005006790161,3.172112464904785,2.953033208847046,2.7557733058929443,3.128530740737915]","[2.7316462993621826,3.0162875652313232,3.199540138244629,2.7363648414611816,3.0040578842163086,2.592722177505493,2.6233553886413574,3.0901873111724854]",seeds/cell-011-23683cb9175a/seed-3/checkpoint.pt,seeds/cell-011-23683cb9175a/seed-3/snapshots/step-000050.pt
1,scaling-tuned-adamw-10seeds-v1,7097b902cc3f3a43380d0b66433b0a90ecf3915af0cdb913b8b407b76daf38af,cell-011-23683cb9175a,11,23683cb9175a50bfeef45ce67d993a2f2dc864bf4e98ab58ce673b34c3689a4e,3,3,100,128,4,32,2,4,,adamw,0.003,0.0,800,512,0.0,8192,0.13369376957416534,0.9794921875,0.8831340670585632,0.9560080766677856,18.27806282043457,"[3.481374979019165,3.0441808700561523,3.5671024322509766,3.7498247623443604,3.260014533996582,3.0866565704345703,2.848407745361328,3.2326297760009766]","[2.7480342388153076,3.0297024250030518,3.375762462615967,2.7921581268310547,3.0000531673431396,2.6206138134002686,2.609898805618286,3.1029155254364014]",seeds/cell-011-23683cb9175a/seed-3/checkpoint.pt,seeds/cell-011-23683cb9175a/seed-3/snapshots/step-000100.pt
1,scaling-tuned-adamw-10seeds-v1,7097b902cc3f3a43380d0b66433b0a90ecf3915af0cdb913b8b407b76daf38af,cell-011-23683cb9175a,11,23683cb9175a50bfeef45ce67d993a2f2dc864bf4e98ab58ce673b34c3689a4e,3,4,200,128,4,32,2,4,,adamw,0.003,0.0,800,512,0.0,8192,0.01157147902995348,0.9984130859375,0.9999440312385559,1.0234826803207397,16.147903442382812,"[3.472301721572876,3.2235188484191895,4.20768404006958,4.176980018615723,3.2161002159118652,3.3510525226593018,2.9056241512298584,3.4607110023498535]","[2.7222087383270264,2.9983296394348145,3.609041690826416,2.7420966625213623,3.0070066452026367,2.801304340362549,2.673891305923462,3.2422261238098145]",seeds/cell-011-23683cb9175a/seed-3/checkpoint.pt,seeds/cell-011-23683cb9175a/seed-3/snapshots/step-000200.pt
1,scaling-tuned-adamw-10seeds-v1,7097b902cc3f3a43380d0b66433b0a90ecf3915af0cdb913b8b407b76daf38af,cell-011-23683cb9175a,11,23683cb9175a50bfeef45ce67d993a2f2dc864bf4e98ab58ce673b34c3689a4e,3,5,400,128,4,32,2,4,,adamw,0.003,0.0,800,512,0.0,8192,0.003300922689959407,0.999267578125,1.0017352104187012,1.0144541263580322,15.503735542297363,"[3.4253756999969482,3.2828116416931152,4.506500244140625,4.419456958770752,3.219405174255371,3.5632827281951904,2.9476869106292725,3.5897762775421143]","[2.7014403343200684,2.9434127807617188,3.790076971054077,2.736670732498169,3.035743236541748,3.0426089763641357,2.714550495147705,3.384431838989258]",seeds/cell-011-23683cb9175a/seed-3/checkpoint.pt,seeds/cell-011-23683cb9175a/seed-3/snapshots/step-000400.pt
1,scaling-tuned-adamw-10seeds-v1,7097b902cc3f3a43380d0b66433b0a90ecf3915af0cdb913b8b407b76daf38af,cell-011-23683cb9175a,11,23683cb9175a50bfeef45ce67d993a2f2dc864bf4e98ab58ce673b34c3689a4e,3,6,800,128,4,32,2,4,,adamw,0.003,0.0,800,512,0.0,8192,0.0003735423379112035,1.0,1.0017156600952148,1.0206611156463623,14.770467758178711,"[3.455653667449951,3.461376905441284,4.753880023956299,5.0286784172058105,3.219513177871704,3.747918128967285,2.9594931602478027,3.75457501411438]","[2.6911776065826416,2.8990020751953125,3.9161627292633057,2.847280740737915,3.061802625656128,3.337916612625122,2.7396159172058105,3.537691354751587]",seeds/cell-011-23683cb9175a/seed-3/checkpoint.pt,seeds/cell-011-23683cb9175a/seed-3/snapshots/step-000800.pt
1,scaling-tuned-adamw-10seeds-v1,7097b902cc3f3a43380d0b66433b0a90ecf3915af0cdb913b8b407b76daf38af,cell-011-23683cb9175a,11,23683cb9175a50bfeef45ce67d993a2f2dc864bf4e98ab58ce673b34c3689a4e,4,0,0,128,4,32,2,4,,adamw,0.003,0.0,800,512,0.0,8192,1.303873062133789,0.4910888671875,-0.00518882367759943,0.007430499419569969,26.01828956604004,"[2.6422481536865234,2.9497344493865967,3.076948881149292,2.5613255500793457,2.7402400970458984,2.96533203125,2.9882781505584717,3.0549516677856445]","[2.960932970046997,2.909475803375244,2.720815420150757,2.4624576568603516,2.8056163787841797,2.894836902618408,2.81886625289917,3.1375627517700195]",seeds/cell-011-23683cb9175a/seed-4/checkpoint.pt,seeds/cell-011-23683cb9175a/seed-4/snapshots/step-000000.pt
1,scaling-tuned-adamw-10seeds-v1,7097b902cc3f3a43380d0b66433b0a90ecf3915af0cdb913b8b407b76daf38af,cell-011-23683cb9175a,11,23683cb9175a50bfeef45ce67d993a2f2dc864bf4e98ab58ce673b34c3689a4e,4,1,25,128,4,32,2,4,,adamw,0.003,0.0,800,512,0.0,8192,0.7344053983688354,0.7156982421875,0.28705549240112305,0.24808917939662933,25.660917282104492,"[2.720276355743408,2.9323713779449463,3.0970849990844727,2.5887808799743652,2.7124197483062744,2.9530956745147705,2.9990437030792236,3.0406229496002197]","[2.9985456466674805,2.8954429626464844,2.7074108123779297,2.5787534713745117,2.878117561340332,2.9378468990325928,2.9121012687683105,3.2775039672851562]",seeds/cell-011-23683cb9175a/seed-4/checkpoint.pt,seeds/cell-011-23683cb9175a/seed-4/snapshots/step-000025.pt
1,scaling-tuned-adamw-10seeds-v1,7097b902cc3f3a43380d0b66433b0a90ecf3915af0cdb913b8b407b76daf38af,cell-011-23683cb9175a,11,23683cb9175a50bfeef45ce67d993a2f2dc864bf4e98ab58ce673b34c3689a4e,4,2,50,128,4,32,2,4,,adamw,0.003,0.0,800,512,0.0,8192,0.518951416015625,0.8221435546875,0.4680417478084564,0.4672430753707886,23.955459594726562,"[2.742774724960327,3.179598808288574,3.1864066123962402,3.075512647628784,2.788222074508667,3.080310106277466,3.075944423675537,3.1094014644622803]","[2.9808268547058105,2.914867401123047,2.6928904056549072,2.647731304168701,2.884195327758789,2.940747022628784,2.8919479846954346,3.2641801834106445]",seeds/cell-011-23683cb9175a/seed-4/checkpoint.pt,seeds/cell-011-23683cb9175a/seed-4/snapshots/step-000050.pt
1,scaling-tuned-adamw-10seeds-v1,7097b902cc3f3a43380d0b66433b0a90ecf3915af0cdb913b8b407b76daf38af,cell-011-23683cb9175a,11,23683cb9175a50bfeef45ce67d993a2f2dc864bf4e98ab58ce673b34c3689a4e,4,3,100,128,4,32,2,4,,adamw,0.003,0.0,800,512,0.0,8192,0.026922475546598434,0.9962158203125,0.9770299792289734,0.9776672124862671,19.159313201904297,"[2.697678804397583,3.7494282722473145,3.266817331314087,4.409478187561035,3.298978805541992,3.1269490718841553,3.1714630126953125,3.0085692405700684]","[2.918914794921875,2.888892650604248,2.6622562408447266,2.911510705947876,2.9899415969848633,3.0341148376464844,3.0191867351531982,3.242129325866699]",seeds/cell-011-23683cb9175a/seed-4/checkpoint.pt,seeds/cell-011-23683cb9175a/seed-4/snapshots/step-000100.pt
1,scaling-tuned-adamw-10seeds-v1,7097b902cc3f3a43380d0b66433b0a90ecf3915af0cdb913b8b407b76daf38af,cell-011-23683cb9175a,11,23683cb9175a50bfeef45ce67d993a2f2dc864bf4e98ab58ce673b34c3689a4e,4,4,200,128,4,32,2,4,,adamw,0.003,0.0,800,512,0.0,8192,0.006542781367897987,0.9986572265625,0.9938191175460815,0.9888157844543457,18.006418228149414,"[2.6464648246765137,3.8871729373931885,3.173919200897217,4.820373058319092,3.407430410385132,3.1062986850738525,3.155108690261841,2.9822213649749756]","[2.8828773498535156,2.883939266204834,2.627498149871826,2.968475341796875,3.186847448348999,3.175344705581665,3.242248296737671,3.3124542236328125]",seeds/cell-011-23683cb9175a/seed-4/checkpoint.pt,seeds/cell-011-23683cb9175a/seed-4/snapshots/step-000200.pt
1,scaling-tuned-adamw-10seeds-v1,7097b902cc3f3a43380d0b66433b0a90ecf3915af0cdb913b8b407b76daf38af,cell-011-23683cb9175a,11,23683cb9175a50bfeef45ce67d993a2f2dc864bf4e98ab58ce673b34c3689a4e,4,5,400,128,4,32,2,4,,adamw,0.003,0.0,800,512,0.0,8192,0.0038768043741583824,0.9989013671875,0.9967219829559326,1.0010875463485718,17.14438819885254,"[2.5139572620391846,4.086986064910889,3.143932580947876,5.147549152374268,3.472806692123413,3.1262433528900146,3.2263855934143066,2.970350503921509]","[2.8330271244049072,2.88787841796875,2.6058967113494873,3.0744080543518066,3.358279228210449,3.2740697860717773,3.404933452606201,3.354952096939087]",seeds/cell-011-23683cb9175a/seed-4/checkpoint.pt,seeds/cell-011-23683cb9175a/seed-4/snapshots/step-000400.pt
1,scaling-tuned-adamw-10seeds-v1,7097b902cc3f3a43380d0b66433b0a90ecf3915af0cdb913b8b407b76daf38af,cell-011-23683cb9175a,11,23683cb9175a50bfeef45ce67d993a2f2dc864bf4e98ab58ce673b34c3689a4e,4,6,800,128,4,32,2,4,,adamw,0.003,0.0,800,512,0.0,8192,0.0010626977309584618,0.999755859375,0.9998375773429871,1.0049147605895996,16.322416305541992,"[2.6455347537994385,4.414359092712402,3.114189863204956,5.433000087738037,3.563366174697876,3.14261794090271,3.312347173690796,2.9396753311157227]","[2.800092935562134,2.939680814743042,2.5742099285125732,3.1916444301605225,3.5626490116119385,3.37368106842041,3.533428192138672,3.4024462699890137]",seeds/cell-011-23683cb9175a/seed-4/checkpoint.pt,seeds/cell-011-23683cb9175a/seed-4/snapshots/step-000800.pt
1,scaling-tuned-adamw-10seeds-v1,7097b902cc3f3a43380d0b66433b0a90ecf3915af0cdb913b8b407b76daf38af,cell-011-23683cb9175a,11,23683cb9175a50bfeef45ce67d993a2f2dc864bf4e98ab58ce673b34c3689a4e,5,0,0,128,4,32,2,4,,adamw,0.003,0.0,800,512,0.0,8192,1.916133165359497,0.4351806640625,-0.13158342242240906,-0.0761655867099762,25.72490882873535,"[2.7900943756103516,2.692143201828003,2.578007459640503,2.6446542739868164,2.816167116165161,3.073728322982788,2.992516040802002,2.7529399394989014]","[3.0635623931884766,2.9238927364349365,2.767282009124756,2.624312400817871,2.6247684955596924,2.6482675075531006,2.652031898498535,2.8841679096221924]",seeds/cell-011-23683cb9175a/seed-5/checkpoint.pt,seeds/cell-011-23683cb9175a/seed-5/snapshots/step-000000.pt
1,scaling-tuned-adamw-10seeds-v1,7097b902cc3f3a43380d0b66433b0a90ecf3915af0cdb913b8b407b76daf38af,cell-011-23683cb9175a,11,23683cb9175a50bfeef45ce67d993a2f2dc864bf4e98ab58ce673b34c3689a4e,5,1,25,128,4,32,2,4,,adamw,0.003,0.0,800,512,0.0,8192,0.7569231390953064,0.698974609375,0.2581403851509094,0.21983584761619568,25.486284255981445,"[2.72625470161438,2.7787044048309326,2.6290299892425537,2.6123206615448,2.805187702178955,3.123647689819336,3.0675230026245117,2.705695629119873]","[3.0214338302612305,2.973599672317505,2.8810272216796875,2.840338706970215,2.7251510620117188,2.638798475265503,2.745330572128296,3.01084566116333]",seeds/cell-011-23683cb9175a/seed-5/checkpoint.pt,seeds/cell-011-23683cb9175a/seed-5/snapshots/step-000025.pt
1,scaling-tuned-adamw-10seeds-v1,7097b902cc3f3a43380d0b66433b0a90ecf3915af0cdb913b8b407b76daf38af,cell-011-23683cb9175a,11,23683cb9175a50bfeef45ce67d993a2f2dc864bf4e98ab58ce673b34c3689a4e,5,2,50,128,4,32,2,4,,adamw,0.003,0.0,800,512,0.0,8192,0.7323088645935059,0.705322265625,0.27988195419311523,0.2516091763973236,24.94025993347168,"[2.8610479831695557,2.9090664386749268,2.7413747310638428,2.6132020950317383,2.864720344543457,3.131808042526245,3.12803316116333,2.726357936859131]","[3.035824775695801,2.979997158050537,2.9186434745788574,2.872019052505493,2.755605459213257,2.649157762527466,2.77091646194458,3.0140676498413086]",seeds/cell-011-23683cb9175a/seed-5/checkpoint.pt,seeds/cell-011-23683cb9175a/seed-5/snapshots/step-000050.pt
1,scaling-tuned-adamw-10seeds-v1,7097b902cc3f3a43380d0b66433b0a90ecf3915af0cdb913b8b407b76daf38af,cell-011-23683cb9175a,11,23683cb9175a50bfeef45ce67d993a2f2dc864bf4e98ab58ce673b34c3689a4e,5,3,100,128,4,32,2,4,,adamw,0.003,0.0,800,512,0.0,8192,0.12309752404689789,0.982421875,0.8876020312309265,0.919538140296936,20.033954620361328,"[4.460587978363037,3.303217649459839,3.311462879180908,2.7865073680877686,3.3195695877075195,3.319723129272461,3.1734111309051514,2.8186233043670654]","[3.29801344871521,2.9930293560028076,2.947843313217163,2.776144504547119,2.726564645767212,2.6406185626983643,2.7726266384124756,3.0303897857666016]",seeds/cell-011-23683cb9175a/seed-5/checkpoint.pt,seeds/cell-011-23683cb9175a/seed-5/snapshots/step-000100.pt
1,scaling-tuned-adamw-10seeds-v1,7097b902cc3f3a43380d0b66433b0a90ecf3915af0cdb913b8b407b76daf38af,cell-011-23683cb9175a,11,23683cb9175a50bfeef45ce67d993a2f2dc864bf4e98ab58ce673b34c3689a4e,5,4,200,128,4,32,2,4,,adamw,0.003,0.0,800,512,0.0,8192,0.008272985927760601,0.9998779296875,0.9930546879768372,0.9889546632766724,17.356679916381836,"[5.7330002784729,3.2624220848083496,3.376237392425537,2.793153762817383,4.236505031585693,3.2499008178710938,3.337527275085449,2.880023956298828]","[3.3711280822753906,2.896491765975952,2.9160075187683105,2.7687127590179443,2.8757331371307373,2.6783037185668945,2.914609909057617,3.119429588317871]",seeds/cell-011-23683cb9175a/seed-5/checkpoint.pt,seeds/cell-011-23683cb9175a/seed-5/snapshots/step-000200.pt
1,scaling-tuned-adamw-10seeds-v1,7097b902cc3f3a43380d0b66433b0a90ecf3915af0cdb913b8b407b76daf38af,cell-011-23683cb9175a,11,23683cb9175a50bfeef45ce67d993a2f2dc864bf4e98ab58ce673b34c3689a4e,5,5,400,128,4,32,2,4,,adamw,0.003,0.0,800,512,0.0,8192,0.0015906444750726223,1.0,1.0072884559631348,1.0033259391784668,16.4431209564209,"[6.1490092277526855,3.217590808868408,3.3755722045898438,2.7605526447296143,4.221084117889404,3.1969759464263916,3.2573554515838623,2.9676513671875]","[3.481722116470337,2.8436782360076904,2.8855714797973633,2.752734899520874,3.161083221435547,2.735562562942505,3.046671152114868,3.1745145320892334]",seeds/cell-011-23683cb9175a/seed-5/checkpoint.pt,seeds/cell-011-23683cb9175a/seed-5/snapshots/step-000400.pt
1,scaling-tuned-adamw-10seeds-v1,7097b902cc3f3a43380d0b66433b0a90ecf3915af0cdb913b8b407b76daf38af,cell-011-23683cb9175a,11,23683cb9175a50bfeef45ce67d993a2f2dc864bf4e98ab58ce673b34c3689a4e,5,6,800,128,4,32,2,4,,adamw,0.003,0.0,800,512,0.0,8192,0.005916415248066187,0.9981689453125,0.9972881078720093,0.9910136461257935,14.928316116333008,"[6.874968528747559,3.245666027069092,3.6095778942108154,2.7703871726989746,4.578423976898193,3.1427435874938965,3.1725687980651855,3.056467056274414]","[3.656751871109009,2.806396722793579,2.9079692363739014,2.704003095626831,3.783003091812134,2.848219871520996,3.2725465297698975,3.1899213790893555]",seeds/cell-011-23683cb9175a/seed-5/checkpoint.pt,seeds/cell-011-23683cb9175a/seed-5/snapshots/step-000800.pt
1,scaling-tuned-adamw-10seeds-v1,7097b902cc3f3a43380d0b66433b0a90ecf3915af0cdb913b8b407b76daf38af,cell-011-23683cb9175a,11,23683cb9175a50bfeef45ce67d993a2f2dc864bf4e98ab58ce673b34c3689a4e,6,0,0,128,4,32,2,4,,adamw,0.003,0.0,800,512,0.0,8192,1.1969902515411377,0.5517578125,0.08972276747226715,0.1031598448753357,25.410892486572266,"[2.715519666671753,2.680957555770874,2.512193202972412,2.794541835784912,3.0453953742980957,2.6305158138275146,2.912484884262085,2.972646713256836]","[2.8792593479156494,2.972334861755371,3.1384289264678955,2.735419511795044,3.145940065383911,2.803926467895508,2.8613760471343994,2.9865341186523438]",seeds/cell-011-23683cb9175a/seed-6/checkpoint.pt,seeds/cell-011-23683cb9175a/seed-6/snapshots/step-000000.pt
1,scaling-tuned-adamw-10seeds-v1,7097b902cc3f3a43380d0b66433b0a90ecf3915af0cdb913b8b407b76daf38af,cell-011-23683cb9175a,11,23683cb9175a50bfeef45ce67d993a2f2dc864bf4e98ab58ce673b34c3689a4e,6,1,25,128,4,32,2,4,,adamw,0.003,0.0,800,512,0.0,8192,0.7637817859649658,0.7076416015625,0.26482194662094116,0.2350882887840271,25.073932647705078,"[2.685450792312622,2.743743419647217,2.557744026184082,2.7621750831604004,3.068545341491699,2.643939256668091,2.9169528484344482,3.0446174144744873]","[2.9086930751800537,3.0605852603912354,3.206730842590332,2.7863316535949707,3.1770193576812744,2.8284659385681152,2.924753427505493,3.084156036376953]",seeds/cell-011-23683cb9175a/seed-6/checkpoint.pt,seeds/cell-011-23683cb9175a/seed-6/snapshots/step-000025.pt
1,scaling-tuned-adamw-10seeds-v1,7097b902cc3f3a43380d0b66433b0a90ecf3915af0cdb913b8b407b76daf38af,cell-011-23683cb9175a,11,23683cb9175a50bfeef45ce67d993a2f2dc864bf4e98ab58ce673b34c3689a4e,6,2,50,128,4,32,2,4,,adamw,0.003,0.0,800,512,0.0,8192,0.5915671586990356,0.784423828125,0.38828128576278687,0.39269617199897766,23.765626907348633,"[2.716237783432007,2.9811196327209473,2.7035040855407715,2.9224166870117188,3.1065187454223633,2.680299997329712,2.990108013153076,3.0980937480926514]","[2.8968567848205566,3.097630500793457,3.265050172805786,2.8259875774383545,3.1958141326904297,2.847268581390381,2.931777238845825,3.09688401222229]",seeds/cell-011-23683cb9175a/seed-6/checkpoint.pt,seeds/cell-011-23683cb9175a/seed-6/snapshots/step-000050.pt
1,scaling-tuned-adamw-10seeds-v1,7097b902cc3f3a43380d0b66433b0a90ecf3915af0cdb913b8b407b76daf38af,cell-011-23683cb9175a,11,23683cb9175a50bfeef45ce67d993a2f2dc864bf4e98ab58ce673b34c3689a4e,6,3,100,128,4,32,2,4,,adamw,0.003,0.0,800,512,0.0,8192,0.06870907545089722,0.9951171875,0.948029637336731,0.9724269509315491,19.296375274658203,"[2.8336057662963867,4.19874382019043,3.288991928100586,3.577549934387207,3.106362819671631,2.640533924102783,3.2688562870025635,3.181730031967163]","[2.845101833343506,3.2301747798919678,3.406374216079712,2.9097518920898438,3.183476448059082,2.8338396549224854,2.936523199081421,3.03515362739563]",seeds/cell-011-23683cb9175a/seed-6/checkpoint.pt,seeds/cell-011-23683cb9175a/seed-6/snapshots/step-000100.pt
1,scaling-tuned-adamw-10seeds-v1,7097b902cc3f3a43380d0b66433b0a90ecf3915af0cdb913b8b407b76daf38af,cell-011-23683cb9175a,11,23683cb9175a50bfeef45ce67d993a2f2dc864bf4e98ab58ce673b34c3689a4e,6,4,200,128,4,32,2,4,,adamw,0.003,0.0,800,512,0.0,8192,0.006525558419525623,0.9990234375,0.9951924681663513,0.9957974553108215,18.369033813476562,"[2.7235686779022217,4.768152236938477,3.6253886222839355,3.7988715171813965,3.0111374855041504,2.717829942703247,3.5139529705047607,3.2395172119140625]","[2.7652628421783447,3.2958922386169434,3.431943893432617,2.920287609100342,3.1666758060455322,2.8712916374206543,3.607889175415039,3.107160806655884]",seeds/cell-011-23683cb9175a/seed-6/checkpoint.pt,seeds/cell-011-23683cb9175a/seed-6/snapshots/step-000200.pt
1,scaling-tuned-adamw-10seeds-v1,7097b902cc3f3a43380d0b66433b0a90ecf3915af0cdb913b8b407b76daf38af,cell-011-23683cb9175a,11,23683cb9175a50bfeef45ce67d993a2f2dc864bf4e98ab58ce673b34c3689a4e,6,5,400,128,4,32,2,4,,adamw,0.003,0.0,800,512,0.0,8192,0.004284469876438379,0.998779296875,0.9945807456970215,0.9847532510757446,17.808900833129883,"[2.5913755893707275,5.11549711227417,3.9264018535614014,4.072121620178223,2.9954020977020264,2.7372634410858154,3.6820974349975586,3.2800004482269287]","[2.7333486080169678,3.294055700302124,3.447746753692627,2.9868221282958984,3.167076587677002,2.8932864665985107,4.076672554016113,3.144987106323242]",seeds/cell-011-23683cb9175a/seed-6/checkpoint.pt,seeds/cell-011-23683cb9175a/seed-6/snapshots/step-000400.pt
1,scaling-tuned-adamw-10seeds-v1,7097b902cc3f3a43380d0b66433b0a90ecf3915af0cdb913b8b407b76daf38af,cell-011-23683cb9175a,11,23683cb9175a50bfeef45ce67d993a2f2dc864bf4e98ab58ce673b34c3689a4e,6,6,800,128,4,32,2,4,,adamw,0.003,0.0,800,512,0.0,8192,0.0005235296557657421,0.9998779296875,0.999601423740387,1.0050396919250488,17.574281692504883,"[2.4753777980804443,5.359949588775635,4.273317813873291,4.242295265197754,2.980886936187744,2.759140968322754,3.773322582244873,3.304733991622925]","[2.681454658508301,3.330657482147217,3.550222635269165,3.053252935409546,3.166877031326294,2.921222686767578,4.607456207275391,3.1842093467712402]",seeds/cell-011-23683cb9175a/seed-6/checkpoint.pt,seeds/cell-011-23683cb9175a/seed-6/snapshots/step-000800.pt
1,scaling-tuned-adamw-10seeds-v1,7097b902cc3f3a43380d0b66433b0a90ecf3915af0cdb913b8b407b76daf38af,cell-011-23683cb9175a,11,23683cb9175a50bfeef45ce67d993a2f2dc864bf4e98ab58ce673b34c3689a4e,7,0,0,128,4,32,2,4,,adamw,0.003,0.0,800,512,0.0,8192,2.2585887908935547,0.46533203125,-0.1335003674030304,-0.08044736087322235,25.215282440185547,"[2.5148794651031494,2.837646961212158,2.9581005573272705,2.7938084602355957,3.0931577682495117,3.457998037338257,2.5665037631988525,2.7169439792633057]","[3.089370012283325,3.0427417755126953,2.413546085357666,2.5314371585845947,2.748978853225708,3.145005941390991,2.485130548477173,2.8468642234802246]",seeds/cell-011-23683cb9175a/seed-7/checkpoint.pt,seeds/cell-011-23683cb9175a/seed-7/snapshots/step-000000.pt
1,scaling-tuned-adamw-10seeds-v1,7097b902cc3f3a43380d0b66433b0a90ecf3915af0cdb913b8b407b76daf38af,cell-011-23683cb9175a,11,23683cb9175a50bfeef45ce67d993a2f2dc864bf4e98ab58ce673b34c3689a4e,7,1,25,128,4,32,2,4,,adamw,0.003,0.0,800,512,0.0,8192,0.7865771055221558,0.687744140625,0.22175642848014832,0.18293550610542297,24.872955322265625,"[2.460045337677002,2.7981019020080566,2.982569694519043,2.767058849334717,3.0179169178009033,3.5503275394439697,2.5524418354034424,2.731407642364502]","[3.1343307495117188,3.0701217651367188,2.4412894248962402,2.550901174545288,2.7585995197296143,3.338643789291382,2.4891228675842285,2.9660542011260986]",seeds/cell-011-23683cb9175a/seed-7/checkpoint.pt,seeds/cell-011-23683cb9175a/seed-7/snapshots/step-000025.pt
1,scaling-tuned-adamw-10seeds-v1,7097b902cc3f3a43380d0b66433b0a90ecf3915af0cdb913b8b407b76daf38af,cell-011-23683cb9175a,11,23683cb9175a50bfeef45ce67d993a2f2dc864bf4e98ab58ce673b34c3689a4e,7,2,50,128,4,32,2,4,,adamw,0.003,0.0,800,512,0.0,8192,0.6847205758094788,0.73876953125,0.3160514533519745,0.28138551115989685,23.97444725036621,"[2.499952793121338,2.895911455154419,2.9735844135284424,2.7647974491119385,3.0578110218048096,3.5650691986083984,2.5574355125427246,2.77164888381958]","[3.1509668827056885,3.093719244003296,2.451726198196411,2.546308755874634,2.7648565769195557,3.3532521724700928,2.488779306411743,2.9847769737243652]",seeds/cell-011-23683cb9175a/seed-7/checkpoint.pt,seeds/cell-011-23683cb9175a/seed-7/snapshots/step-000050.pt
1,scaling-tuned-adamw-10seeds-v1,7097b902cc3f3a43380d0b66433b0a90ecf3915af0cdb913b8b407b76daf38af,cell-011-23683cb9175a,11,23683cb9175a50bfeef45ce67d993a2f2dc864bf4e98ab58ce673b34c3689a4e,7,3,100,128,4,32,2,4,,adamw,0.003,0.0,800,512,0.0,8192,0.14973554015159607,0.97412109375,0.8465877771377563,0.8550478219985962,18.35822296142578,"[3.170876979827881,3.9829978942871094,3.0071182250976562,2.984328031539917,3.2963342666625977,3.740496873855591,2.600853204727173,3.062403678894043]","[3.221095085144043,3.192903518676758,2.4580798149108887,2.5384132862091064,2.770331382751465,3.2989187240600586,2.502713441848755,2.9666290283203125]",seeds/cell-011-23683cb9175a/seed-7/checkpoint.pt,seeds/cell-011-23683cb9175a/seed-7/snapshots/step-000100.pt
1,scaling-tuned-adamw-10seeds-v1,7097b902cc3f3a43380d0b66433b0a90ecf3915af0cdb913b8b407b76daf38af,cell-011-23683cb9175a,11,23683cb9175a50bfeef45ce67d993a2f2dc864bf4e98ab58ce673b34c3689a4e,7,4,200,128,4,32,2,4,,adamw,0.003,0.0,800,512,0.0,8192,0.012490173801779747,0.99755859375,0.9883762001991272,0.979350209236145,16.244007110595703,"[3.6109118461608887,4.8268022537231445,2.939072608947754,2.9195659160614014,3.356333017349243,3.8803036212921143,2.5631039142608643,3.554898738861084]","[3.1881825923919678,3.189725875854492,2.386805772781372,2.4889869689941406,3.0363128185272217,3.3834524154663086,2.5373103618621826,3.548957347869873]",seeds/cell-011-23683cb9175a/seed-7/checkpoint.pt,seeds/cell-011-23683cb9175a/seed-7/snapshots/step-000200.pt
1,scaling-tuned-adamw-10seeds-v1,7097b902cc3f3a43380d0b66433b0a90ecf3915af0cdb913b8b407b76daf38af,cell-011-23683cb9175a,11,23683cb9175a50bfeef45ce67d993a2f2dc864bf4e98ab58ce673b34c3689a4e,7,5,400,128,4,32,2,4,,adamw,0.003,0.0,800,512,0.0,8192,0.0025655925273895264,0.99951171875,0.9955649375915527,0.9795543551445007,15.530261039733887,"[3.9628055095672607,5.168576240539551,2.8893954753875732,2.8648810386657715,3.3627004623413086,3.9157872200012207,2.548379898071289,3.626399517059326]","[3.183490514755249,3.2176730632781982,2.37630033493042,2.478010654449463,3.2194275856018066,3.466434955596924,2.541649580001831,4.27374792098999]",seeds/cell-011-23683cb9175a/seed-7/checkpoint.pt,seeds/cell-011-23683cb9175a/seed-7/snapshots/step-000400.pt
1,scaling-tuned-adamw-10seeds-v1,7097b902cc3f3a43380d0b66433b0a90ecf3915af0cdb913b8b407b76daf38af,cell-011-23683cb9175a,11,23683cb9175a50bfeef45ce67d993a2f2dc864bf4e98ab58ce673b34c3689a4e,7,6,800,128,4,32,2,4,,adamw,0.003,0.0,800,512,0.0,8192,0.00038281112210825086,1.0,0.9988263845443726,0.9832811951637268,14.984973907470703,"[4.585564613342285,5.535009384155273,2.847200393676758,2.883674383163452,3.4424216747283936,3.9575741291046143,2.5543429851531982,3.7193939685821533]","[3.2448129653930664,3.295968770980835,2.35591197013855,2.464810609817505,3.3423407077789307,3.540309190750122,2.5416111946105957,4.9221343994140625]",seeds/cell-011-23683cb9175a/seed-7/checkpoint.pt,seeds/cell-011-23683cb9175a/seed-7/snapshots/step-000800.pt
1,scaling-tuned-adamw-10seeds-v1,7097b902cc3f3a43380d0b66433b0a90ecf3915af0cdb913b8b407b76daf38af,cell-011-23683cb9175a,11,23683cb9175a50bfeef45ce67d993a2f2dc864bf4e98ab58ce673b34c3689a4e,8,0,0,128,4,32,2,4,,adamw,0.003,0.0,800,512,0.0,8192,1.4012341499328613,0.444091796875,-0.06862497329711914,-0.10687421262264252,24.83053970336914,"[3.1554136276245117,2.810838222503662,2.6878957748413086,2.784752368927002,2.5401721000671387,2.8994100093841553,2.8401925563812256,2.7187888622283936]","[2.575254201889038,2.7984628677368164,2.481987476348877,2.976210355758667,2.9868435859680176,2.8030436038970947,2.72251296043396,2.930906057357788]",seeds/cell-011-23683cb9175a/seed-8/checkpoint.pt,seeds/cell-011-23683cb9175a/seed-8/snapshots/step-000000.pt
1,scaling-tuned-adamw-10seeds-v1,7097b902cc3f3a43380d0b66433b0a90ecf3915af0cdb913b8b407b76daf38af,cell-011-23683cb9175a,11,23683cb9175a50bfeef45ce67d993a2f2dc864bf4e98ab58ce673b34c3689a4e,8,1,25,128,4,32,2,4,,adamw,0.003,0.0,800,512,0.0,8192,0.7709767818450928,0.6934814453125,0.24599620699882507,0.15843354165554047,24.72992706298828,"[3.209500551223755,2.821662664413452,2.7374393939971924,2.870084762573242,2.658923625946045,2.924163341522217,2.859504222869873,2.724040985107422]","[2.598520517349243,2.8201744556427,2.4773898124694824,3.0078790187835693,3.1611063480377197,2.9046823978424072,2.794870615005493,2.9861388206481934]",seeds/cell-011-23683cb9175a/seed-8/checkpoint.pt,seeds/cell-011-23683cb9175a/seed-8/snapshots/step-000025.pt
1,scaling-tuned-adamw-10seeds-v1,7097b902cc3f3a43380d0b66433b0a90ecf3915af0cdb913b8b407b76daf38af,cell-011-23683cb9175a,11,23683cb9175a50bfeef45ce67d993a2f2dc864bf4e98ab58ce673b34c3689a4e,8,2,50,128,4,32,2,4,,adamw,0.003,0.0,800,512,0.0,8192,0.6418213248252869,0.7596435546875,0.3570399582386017,0.29065611958503723,24.149459838867188,"[3.2262632846832275,2.833710193634033,2.802579641342163,2.9422342777252197,2.867408514022827,2.9711148738861084,2.878114700317383,2.812894344329834]","[2.5636274814605713,2.8124051094055176,2.480790853500366,3.055408000946045,3.219130516052246,2.903198480606079,2.79640793800354,2.982485771179199]",seeds/cell-011-23683cb9175a/seed-8/checkpoint.pt,seeds/cell-011-23683cb9175a/seed-8/snapshots/step-000050.pt
1,scaling-tuned-adamw-10seeds-v1,7097b902cc3f3a43380d0b66433b0a90ecf3915af0cdb913b8b407b76daf38af,cell-011-23683cb9175a,11,23683cb9175a50bfeef45ce67d993a2f2dc864bf4e98ab58ce673b34c3689a4e,8,3,100,128,4,32,2,4,,adamw,0.003,0.0,800,512,0.0,8192,0.06502613425254822,0.9884033203125,0.9519398212432861,0.9199435710906982,20.52072525024414,"[3.1718661785125732,3.1559760570526123,3.024306297302246,3.423428773880005,3.952134370803833,3.1660714149475098,2.995654344558716,3.0809764862060547]","[2.3882088661193848,2.6720902919769287,2.4200711250305176,3.351597547531128,3.6361310482025146,2.9137120246887207,2.7753353118896484,2.967979669570923]",seeds/cell-011-23683cb9175a/seed-8/checkpoint.pt,seeds/cell-011-23683cb9175a/seed-8/snapshots/step-000100.pt
1,scaling-tuned-adamw-10seeds-v1,7097b902cc3f3a43380d0b66433b0a90ecf3915af0cdb913b8b407b76daf38af,cell-011-23683cb9175a,11,23683cb9175a50bfeef45ce67d993a2f2dc864bf4e98ab58ce673b34c3689a4e,8,4,200,128,4,32,2,4,,adamw,0.003,0.0,800,512,0.0,8192,0.005254481919109821,0.9996337890625,0.9915823936462402,0.9810882806777954,18.95392608642578,"[3.1307625770568848,3.283994197845459,3.1856234073638916,3.6732850074768066,4.537824630737305,3.1248528957366943,2.994184732437134,3.1397876739501953]","[2.2584712505340576,2.61067795753479,2.427963972091675,3.481509208679199,4.622603416442871,2.858991861343384,2.77239727973938,2.9703197479248047]",seeds/cell-011-23683cb9175a/seed-8/checkpoint.pt,seeds/cell-011-23683cb9175a/seed-8/snapshots/step-000200.pt
1,scaling-tuned-adamw-10seeds-v1,7097b902cc3f3a43380d0b66433b0a90ecf3915af0cdb913b8b407b76daf38af,cell-011-23683cb9175a,11,23683cb9175a50bfeef45ce67d993a2f2dc864bf4e98ab58ce673b34c3689a4e,8,5,400,128,4,32,2,4,,adamw,0.003,0.0,800,512,0.0,8192,0.0006481005111709237,1.0,0.9983919858932495,0.9955081343650818,18.4912052154541,"[3.11529278755188,3.351623058319092,3.2598586082458496,3.7548940181732178,4.791674613952637,3.129284381866455,2.99629545211792,3.142718553543091]","[2.201169490814209,2.6120107173919678,2.406182289123535,3.5116207599639893,5.579657077789307,2.832284927368164,2.7618463039398193,2.9463510513305664]",seeds/cell-011-23683cb9175a/seed-8/checkpoint.pt,seeds/cell-011-23683cb9175a/seed-8/snapshots/step-000400.pt
1,scaling-tuned-adamw-10seeds-v1,7097b902cc3f3a43380d0b66433b0a90ecf3915af0cdb913b8b407b76daf38af,cell-011-23683cb9175a,11,23683cb9175a50bfeef45ce67d993a2f2dc864bf4e98ab58ce673b34c3689a4e,8,6,800,128,4,32,2,4,,adamw,0.003,0.0,800,512,0.0,8192,0.0001428117393516004,1.0,0.999505341053009,1.0004465579986572,18.295249938964844,"[3.117191791534424,3.3867859840393066,3.304389476776123,3.7770140171051025,4.943991184234619,3.1317529678344727,2.9907195568084717,3.1366934776306152]","[2.1654114723205566,2.596656322479248,2.3886754512786865,3.5212645530700684,6.331332206726074,2.817981481552124,2.7503397464752197,2.9289963245391846]",seeds/cell-011-23683cb9175a/seed-8/checkpoint.pt,seeds/cell-011-23683cb9175a/seed-8/snapshots/step-000800.pt
1,scaling-tuned-adamw-10seeds-v1,7097b902cc3f3a43380d0b66433b0a90ecf3915af0cdb913b8b407b76daf38af,cell-011-23683cb9175a,11,23683cb9175a50bfeef45ce67d993a2f2dc864bf4e98ab58ce673b34c3689a4e,9,0,0,128,4,32,2,4,,adamw,0.003,0.0,800,512,0.0,8192,2.273555278778076,0.431884765625,-0.1724824607372284,-0.1457182615995407,25.230270385742188,"[2.989751100540161,2.733264684677124,3.1505048274993896,2.9976773262023926,2.811119794845581,3.1101417541503906,3.184053897857666,3.1713898181915283]","[2.413025140762329,2.600374937057495,2.5910871028900146,2.7110326290130615,2.934345245361328,2.9692983627319336,2.6623167991638184,2.6880204677581787]",seeds/cell-011-23683cb9175a/seed-9/checkpoint.pt,seeds/cell-011-23683cb9175a/seed-9/snapshots/step-000000.pt
1,scaling-tuned-adamw-10seeds-v1,7097b902cc3f3a43380d0b66433b0a90ecf3915af0cdb913b8b407b76daf38af,cell-011-23683cb9175a,11,23683cb9175a50bfeef45ce67d993a2f2dc864bf4e98ab58ce673b34c3689a4e,9,1,25,128,4,32,2,4,,adamw,0.003,0.0,800,512,0.0,8192,0.7698565125465393,0.701904296875,0.25460654497146606,0.22514605522155762,24.87419319152832,"[3.0513925552368164,2.7081618309020996,3.1351630687713623,2.9910888671875,2.768953800201416,3.1652677059173584,3.1597790718078613,3.2305498123168945]","[2.5360169410705566,2.5936954021453857,2.6268694400787354,2.7465271949768066,3.0339479446411133,3.0504586696624756,2.7756643295288086,2.843977928161621]",seeds/cell-011-23683cb9175a/seed-9/checkpoint.pt,seeds/cell-011-23683cb9175a/seed-9/snapshots/step-000025.pt
1,scaling-tuned-adamw-10seeds-v1,7097b902cc3f3a43380d0b66433b0a90ecf3915af0cdb913b8b407b76daf38af,cell-011-23683cb9175a,11,23683cb9175a50bfeef45ce67d993a2f2dc864bf4e98ab58ce673b34c3689a4e,9,2,50,128,4,32,2,4,,adamw,0.003,0.0,800,512,0.0,8192,0.6709576845169067,0.750732421875,0.33719128370285034,0.3222832679748535,23.838865280151367,"[3.1271233558654785,2.710944175720215,3.2805566787719727,3.0202813148498535,2.7658064365386963,3.196152448654175,3.1239523887634277,3.2168314456939697]","[2.5749571323394775,2.5926918983459473,2.666430711746216,2.749724864959717,3.0529565811157227,3.0704050064086914,2.7838544845581055,2.8666317462921143]",seeds/cell-011-23683cb9175a/seed-9/checkpoint.pt,seeds/cell-011-23683cb9175a/seed-9/snapshots/step-000050.pt
1,scaling-tuned-adamw-10seeds-v1,7097b902cc3f3a43380d0b66433b0a90ecf3915af0cdb913b8b407b76daf38af,cell-011-23683cb9175a,11,23683cb9175a50bfeef45ce67d993a2f2dc864bf4e98ab58ce673b34c3689a4e,9,3,100,128,4,32,2,4,,adamw,0.003,0.0,800,512,0.0,8192,0.12671703100204468,0.9775390625,0.8932693004608154,0.9275891184806824,18.441051483154297,"[3.575744867324829,2.8765981197357178,4.349607944488525,3.3506836891174316,2.893749952316284,3.286107063293457,3.019958972930908,3.3672406673431396]","[2.6424152851104736,2.5591189861297607,2.923715829849243,2.749199867248535,3.0674753189086914,3.063300609588623,2.7290337085723877,2.848979949951172]",seeds/cell-011-23683cb9175a/seed-9/checkpoint.pt,seeds/cell-011-23683cb9175a/seed-9/snapshots/step-000100.pt
1,scaling-tuned-adamw-10seeds-v1,7097b902cc3f3a43380d0b66433b0a90ecf3915af0cdb913b8b407b76daf38af,cell-011-23683cb9175a,11,23683cb9175a50bfeef45ce67d993a2f2dc864bf4e98ab58ce673b34c3689a4e,9,4,200,128,4,32,2,4,,adamw,0.003,0.0,800,512,0.0,8192,0.012121235020458698,0.9974365234375,0.991480827331543,0.992885947227478,16.366432189941406,"[3.725067377090454,2.867926836013794,5.114809989929199,3.4694736003875732,3.1619226932525635,3.354828119277954,2.960458517074585,3.568498373031616]","[2.6344685554504395,2.5082099437713623,3.035306692123413,2.6694321632385254,3.4812748432159424,3.18496036529541,2.710763692855835,2.993330717086792]",seeds/cell-011-23683cb9175a/seed-9/checkpoint.pt,seeds/cell-011-23683cb9175a/seed-9/snapshots/step-000200.pt
1,scaling-tuned-adamw-10seeds-v1,7097b902cc3f3a43380d0b66433b0a90ecf3915af0cdb913b8b407b76daf38af,cell-011-23683cb9175a,11,23683cb9175a50bfeef45ce67d993a2f2dc864bf4e98ab58ce673b34c3689a4e,9,5,400,128,4,32,2,4,,adamw,0.003,0.0,800,512,0.0,8192,0.0033555496484041214,0.999267578125,1.0017169713974,0.9937577247619629,15.626049041748047,"[3.839313268661499,2.8052945137023926,5.427586078643799,3.5661604404449463,3.284449815750122,3.4093258380889893,2.9528772830963135,3.670229196548462]","[2.627870798110962,2.498973846435547,3.095463514328003,2.631610631942749,3.7299764156341553,3.30326247215271,2.7079291343688965,3.1132164001464844]",seeds/cell-011-23683cb9175a/seed-9/checkpoint.pt,seeds/cell-011-23683cb9175a/seed-9/snapshots/step-000400.pt
1,scaling-tuned-adamw-10seeds-v1,7097b902cc3f3a43380d0b66433b0a90ecf3915af0cdb913b8b407b76daf38af,cell-011-23683cb9175a,11,23683cb9175a50bfeef45ce67d993a2f2dc864bf4e98ab58ce673b34c3689a4e,9,6,800,128,4,32,2,4,,adamw,0.003,0.0,800,512,0.0,8192,0.0015482385642826557,0.999755859375,0.9967622756958008,0.9882570505142212,14.778364181518555,"[4.076874732971191,2.7621140480041504,5.808704853057861,3.763922691345215,3.4586756229400635,3.545577049255371,2.96662974357605,3.7550954818725586]","[2.62416672706604,2.4866647720336914,3.2410025596618652,2.6207275390625,4.028594493865967,3.42401385307312,2.7101893424987793,3.222830295562744]",seeds/cell-011-23683cb9175a/seed-9/checkpoint.pt,seeds/cell-011-23683cb9175a/seed-9/snapshots/step-000800.pt
1,scaling-tuned-adamw-10seeds-v1,7097b902cc3f3a43380d0b66433b0a90ecf3915af0cdb913b8b407b76daf38af,cell-012-5abf40069665,12,5abf400696651773a7522dd3c834b25dd96e9466fbd7ee486eafb17b1b873243,0,0,0,32,4,32,2,1,64,adamw,0.003,0.0,800,512,0.0,8192,1.2028489112854004,0.5787353515625,0.1346452683210373,0.109920434653759,16.018667221069336,"[5.33497428894043,5.684365272521973]","[5.341655731201172,5.6028828620910645]",seeds/cell-012-5abf40069665/seed-0/checkpoint.pt,seeds/cell-012-5abf40069665/seed-0/snapshots/step-000000.pt
1,scaling-tuned-adamw-10seeds-v1,7097b902cc3f3a43380d0b66433b0a90ecf3915af0cdb913b8b407b76daf38af,cell-012-5abf40069665,12,5abf400696651773a7522dd3c834b25dd96e9466fbd7ee486eafb17b1b873243,0,1,25,32,4,32,2,1,64,adamw,0.003,0.0,800,512,0.0,8192,0.7020789384841919,0.736083984375,0.2727389931678772,0.23183614015579224,15.882484436035156,"[5.3742594718933105,5.73439359664917]","[5.446318626403809,5.745428085327148]",seeds/cell-012-5abf40069665/seed-0/checkpoint.pt,seeds/cell-012-5abf40069665/seed-0/snapshots/step-000025.pt
1,scaling-tuned-adamw-10seeds-v1,7097b902cc3f3a43380d0b66433b0a90ecf3915af0cdb913b8b407b76daf38af,cell-012-5abf40069665,12,5abf400696651773a7522dd3c834b25dd96e9466fbd7ee486eafb17b1b873243,0,2,50,32,4,32,2,1,64,adamw,0.003,0.0,800,512,0.0,8192,0.10741980373859406,0.9783935546875,0.9064285755157471,0.9108668565750122,14.067702293395996,"[6.459774971008301,5.990298271179199]","[5.505161285400391,5.727599143981934]",seeds/cell-012-5abf40069665/seed-0/checkpoint.pt,seeds/cell-012-5abf40069665/seed-0/snapshots/step-000050.pt
1,scaling-tuned-adamw-10seeds-v1,7097b902cc3f3a43380d0b66433b0a90ecf3915af0cdb913b8b407b76daf38af,cell-012-5abf40069665,12,5abf400696651773a7522dd3c834b25dd96e9466fbd7ee486eafb17b1b873243,0,3,100,32,4,32,2,1,64,adamw,0.003,0.0,800,512,0.0,8192,0.0017884118715301156,1.0,0.9943782091140747,0.9985610842704773,13.034754753112793,"[7.640799045562744,6.348484516143799]","[5.593827724456787,5.750524044036865]",seeds/cell-012-5abf40069665/seed-0/checkpoint.pt,seeds/cell-012-5abf40069665/seed-0/snapshots/step-000100.pt
1,scaling-tuned-adamw-10seeds-v1,7097b902cc3f3a43380d0b66433b0a90ecf3915af0cdb913b8b407b76daf38af,cell-012-5abf40069665,12,5abf400696651773a7522dd3c834b25dd96e9466fbd7ee486eafb17b1b873243,0,4,200,32,4,32,2,1,64,adamw,0.003,0.0,800,512,0.0,8192,0.0004706138570327312,1.0,0.9984644651412964,1.0029040575027466,12.968558311462402,"[7.6914520263671875,6.348962783813477]","[5.573136806488037,5.7607502937316895]",seeds/cell-012-5abf40069665/seed-0/checkpoint.pt,seeds/cell-012-5abf40069665/seed-0/snapshots/step-000200.pt
1,scaling-tuned-adamw-10seeds-v1,7097b902cc3f3a43380d0b66433b0a90ecf3915af0cdb913b8b407b76daf38af,cell-012-5abf40069665,12,5abf400696651773a7522dd3c834b25dd96e9466fbd7ee486eafb17b1b873243,0,5,400,32,4,32,2,1,64,adamw,0.003,0.0,800,512,0.0,8192,0.00015093994443304837,1.0,0.9988440275192261,0.9975991249084473,12.956788063049316,"[7.781457901000977,6.349592685699463]","[5.5681352615356445,5.769371032714844]",seeds/cell-012-5abf40069665/seed-0/checkpoint.pt,seeds/cell-012-5abf40069665/seed-0/snapshots/step-000400.pt
1,scaling-tuned-adamw-10seeds-v1,7097b902cc3f3a43380d0b66433b0a90ecf3915af0cdb913b8b407b76daf38af,cell-012-5abf40069665,12,5abf400696651773a7522dd3c834b25dd96e9466fbd7ee486eafb17b1b873243,0,6,800,32,4,32,2,1,64,adamw,0.003,0.0,800,512,0.0,8192,5.165084803593345e-05,1.0,0.9999857544898987,1.0036523342132568,12.914087295532227,"[7.930351257324219,6.344489574432373]","[5.574671745300293,5.775947570800781]",seeds/cell-012-5abf40069665/seed-0/checkpoint.pt,seeds/cell-012-5abf40069665/seed-0/snapshots/step-000800.pt
1,scaling-tuned-adamw-10seeds-v1,7097b902cc3f3a43380d0b66433b0a90ecf3915af0cdb913b8b407b76daf38af,cell-012-5abf40069665,12,5abf400696651773a7522dd3c834b25dd96e9466fbd7ee486eafb17b1b873243,1,0,0,32,4,32,2,1,64,adamw,0.003,0.0,800,512,0.0,8192,2.1108899116516113,0.53271484375,0.17764368653297424,0.1653326451778412,15.482734680175781,"[5.5044708251953125,5.482071876525879]","[5.762750625610352,5.674549102783203]",seeds/cell-012-5abf40069665/seed-1/checkpoint.pt,seeds/cell-012-5abf40069665/seed-1/snapshots/step-000000.pt
1,scaling-tuned-adamw-10seeds-v1,7097b902cc3f3a43380d0b66433b0a90ecf3915af0cdb913b8b407b76daf38af,cell-012-5abf40069665,12,5abf400696651773a7522dd3c834b25dd96e9466fbd7ee486eafb17b1b873243,1,1,25,32,4,32,2,1,64,adamw,0.003,0.0,800,512,0.0,8192,0.7572594881057739,0.6966552734375,0.251070111989975,0.22120854258537292,15.228494644165039,"[5.703420162200928,5.5666608810424805]","[5.951708793640137,5.878503799438477]",seeds/cell-012-5abf40069665/seed-1/checkpoint.pt,seeds/cell-012-5abf40069665/seed-1/snapshots/step-000025.pt
1,scaling-tuned-adamw-10seeds-v1,7097b902cc3f3a43380d0b66433b0a90ecf3915af0cdb913b8b407b76daf38af,cell-012-5abf40069665,12,5abf400696651773a7522dd3c834b25dd96e9466fbd7ee486eafb17b1b873243,1,2,50,32,4,32,2,1,64,adamw,0.003,0.0,800,512,0.0,8192,0.24639728665351868,0.9254150390625,0.7534292936325073,0.748209536075592,14.24251651763916,"[6.466184616088867,5.716520309448242]","[6.0116286277771,5.878867149353027]",seeds/cell-012-5abf40069665/seed-1/checkpoint.pt,seeds/cell-012-5abf40069665/seed-1/snapshots/step-000050.pt
1,scaling-tuned-adamw-10seeds-v1,7097b902cc3f3a43380d0b66433b0a90ecf3915af0cdb913b8b407b76daf38af,cell-012-5abf40069665,12,5abf400696651773a7522dd3c834b25dd96e9466fbd7ee486eafb17b1b873243,1,3,100,32,4,32,2,1,64,adamw,0.003,0.0,800,512,0.0,8192,0.005072367377579212,0.9998779296875,0.9992364645004272,0.9991016983985901,13.232869148254395,"[7.980901718139648,5.955928802490234]","[6.121244430541992,5.8422322273254395]",seeds/cell-012-5abf40069665/seed-1/checkpoint.pt,seeds/cell-012-5abf40069665/seed-1/snapshots/step-000100.pt
1,scaling-tuned-adamw-10seeds-v1,7097b902cc3f3a43380d0b66433b0a90ecf3915af0cdb913b8b407b76daf38af,cell-012-5abf40069665,12,5abf400696651773a7522dd3c834b25dd96e9466fbd7ee486eafb17b1b873243,1,4,200,32,4,32,2,1,64,adamw,0.003,0.0,800,512,0.0,8192,0.001036458183079958,1.0,1.000597596168518,0.9997141361236572,13.218911170959473,"[8.154596328735352,5.967904567718506]","[6.171436309814453,5.841256618499756]",seeds/cell-012-5abf40069665/seed-1/checkpoint.pt,seeds/cell-012-5abf40069665/seed-1/snapshots/step-000200.pt
1,scaling-tuned-adamw-10seeds-v1,7097b902cc3f3a43380d0b66433b0a90ecf3915af0cdb913b8b407b76daf38af,cell-012-5abf40069665,12,5abf400696651773a7522dd3c834b25dd96e9466fbd7ee486eafb17b1b873243,1,5,400,32,4,32,2,1,64,adamw,0.003,0.0,800,512,0.0,8192,0.000312440242851153,1.0,1.0004231929779053,1.0004799365997314,13.179634094238281,"[8.251429557800293,5.971796035766602]","[6.210322856903076,5.839691162109375]",seeds/cell-012-5abf40069665/seed-1/checkpoint.pt,seeds/cell-012-5abf40069665/seed-1/snapshots/step-000400.pt
1,scaling-tuned-adamw-10seeds-v1,7097b902cc3f3a43380d0b66433b0a90ecf3915af0cdb913b8b407b76daf38af,cell-012-5abf40069665,12,5abf400696651773a7522dd3c834b25dd96e9466fbd7ee486eafb17b1b873243,1,6,800,32,4,32,2,1,64,adamw,0.003,0.0,800,512,0.0,8192,0.00010196427319897339,1.0,1.0023868083953857,1.00303316116333,13.113179206848145,"[8.329849243164062,5.971701145172119]","[6.248036861419678,5.838006019592285]",seeds/cell-012-5abf40069665/seed-1/checkpoint.pt,seeds/cell-012-5abf40069665/seed-1/snapshots/step-000800.pt
1,scaling-tuned-adamw-10seeds-v1,7097b902cc3f3a43380d0b66433b0a90ecf3915af0cdb913b8b407b76daf38af,cell-012-5abf40069665,12,5abf400696651773a7522dd3c834b25dd96e9466fbd7ee486eafb17b1b873243,2,0,0,32,4,32,2,1,64,adamw,0.003,0.0,800,512,0.0,8192,1.2681808471679688,0.571533203125,0.08193182945251465,0.07907620817422867,15.415778160095215,"[5.350290298461914,5.540741443634033]","[5.431732177734375,5.592144012451172]",seeds/cell-012-5abf40069665/seed-2/checkpoint.pt,seeds/cell-012-5abf40069665/seed-2/snapshots/step-000000.pt
1,scaling-tuned-adamw-10seeds-v1,7097b902cc3f3a43380d0b66433b0a90ecf3915af0cdb913b8b407b76daf38af,cell-012-5abf40069665,12,5abf400696651773a7522dd3c834b25dd96e9466fbd7ee486eafb17b1b873243,2,1,25,32,4,32,2,1,64,adamw,0.003,0.0,800,512,0.0,8192,0.7366528511047363,0.7166748046875,0.2904430031776428,0.2451072633266449,14.90560245513916,"[5.387975215911865,5.576831817626953]","[5.664096832275391,5.716610431671143]",seeds/cell-012-5abf40069665/seed-2/checkpoint.pt,seeds/cell-012-5abf40069665/seed-2/snapshots/step-000025.pt
1,scaling-tuned-adamw-10seeds-v1,7097b902cc3f3a43380d0b66433b0a90ecf3915af0cdb913b8b407b76daf38af,cell-012-5abf40069665,12,5abf400696651773a7522dd3c834b25dd96e9466fbd7ee486eafb17b1b873243,2,2,50,32,4,32,2,1,64,adamw,0.003,0.0,800,512,0.0,8192,0.2645667791366577,0.9180908203125,0.7502002120018005,0.7430005669593811,13.169831275939941,"[6.021961212158203,5.565371990203857]","[5.755006790161133,5.6990509033203125]",seeds/cell-012-5abf40069665/seed-2/checkpoint.pt,seeds/cell-012-5abf40069665/seed-2/snapshots/step-000050.pt
1,scaling-tuned-adamw-10seeds-v1,7097b902cc3f3a43380d0b66433b0a90ecf3915af0cdb913b8b407b76daf38af,cell-012-5abf40069665,12,5abf400696651773a7522dd3c834b25dd96e9466fbd7ee486eafb17b1b873243,2,3,100,32,4,32,2,1,64,adamw,0.003,0.0,800,512,0.0,8192,0.003903748234733939,0.9998779296875,1.002903938293457,1.0014090538024902,11.89785385131836,"[7.148204803466797,5.622028350830078]","[5.899439334869385,5.689702987670898]",seeds/cell-012-5abf40069665/seed-2/checkpoint.pt,seeds/cell-012-5abf40069665/seed-2/snapshots/step-000100.pt
1,scaling-tuned-adamw-10seeds-v1,7097b902cc3f3a43380d0b66433b0a90ecf3915af0cdb913b8b407b76daf38af,cell-012-5abf40069665,12,5abf400696651773a7522dd3c834b25dd96e9466fbd7ee486eafb17b1b873243,2,4,200,32,4,32,2,1,64,adamw,0.003,0.0,800,512,0.0,8192,0.0006901834858581424,1.0,1.001706600189209,0.9986729025840759,11.839262962341309,"[7.243046760559082,5.626852035522461]","[5.913993835449219,5.694073677062988]",seeds/cell-012-5abf40069665/seed-2/checkpoint.pt,seeds/cell-012-5abf40069665/seed-2/snapshots/step-000200.pt
1,scaling-tuned-adamw-10seeds-v1,7097b902cc3f3a43380d0b66433b0a90ecf3915af0cdb913b8b407b76daf38af,cell-012-5abf40069665,12,5abf400696651773a7522dd3c834b25dd96e9466fbd7ee486eafb17b1b873243,2,5,400,32,4,32,2,1,64,adamw,0.003,0.0,800,512,0.0,8192,0.00021000253036618233,1.0,0.9988290071487427,0.9963130950927734,11.830085754394531,"[7.349137783050537,5.646356105804443]","[5.928694725036621,5.69218111038208]",seeds/cell-012-5abf40069665/seed-2/checkpoint.pt,seeds/cell-012-5abf40069665/seed-2/snapshots/step-000400.pt
1,scaling-tuned-adamw-10seeds-v1,7097b902cc3f3a43380d0b66433b0a90ecf3915af0cdb913b8b407b76daf38af,cell-012-5abf40069665,12,5abf400696651773a7522dd3c834b25dd96e9466fbd7ee486eafb17b1b873243,2,6,800,32,4,32,2,1,64,adamw,0.003,0.0,800,512,0.0,8192,7.055734022287652e-05,1.0,0.9989564418792725,0.995581328868866,11.7788724899292,"[7.405745983123779,5.668952941894531]","[5.939942359924316,5.688683986663818]",seeds/cell-012-5abf40069665/seed-2/checkpoint.pt,seeds/cell-012-5abf40069665/seed-2/snapshots/step-000800.pt
1,scaling-tuned-adamw-10seeds-v1,7097b902cc3f3a43380d0b66433b0a90ecf3915af0cdb913b8b407b76daf38af,cell-012-5abf40069665,12,5abf400696651773a7522dd3c834b25dd96e9466fbd7ee486eafb17b1b873243,3,0,0,32,4,32,2,1,64,adamw,0.003,0.0,800,512,0.0,8192,2.5441322326660156,0.5289306640625,0.11671344935894012,0.11661588400602341,15.720731735229492,"[5.6185173988342285,5.7042741775512695]","[6.121694087982178,5.611437797546387]",seeds/cell-012-5abf40069665/seed-3/checkpoint.pt,seeds/cell-012-5abf40069665/seed-3/snapshots/step-000000.pt
1,scaling-tuned-adamw-10seeds-v1,7097b902cc3f3a43380d0b66433b0a90ecf3915af0cdb913b8b407b76daf38af,cell-012-5abf40069665,12,5abf400696651773a7522dd3c834b25dd96e9466fbd7ee486eafb17b1b873243,3,1,25,32,4,32,2,1,64,adamw,0.003,0.0,800,512,0.0,8192,0.7685420513153076,0.702880859375,0.23785266280174255,0.21142496168613434,15.430314064025879,"[5.711607456207275,5.7702860832214355]","[6.298210620880127,5.71995735168457]",seeds/cell-012-5abf40069665/seed-3/checkpoint.pt,seeds/cell-012-5abf40069665/seed-3/snapshots/step-000025.pt
1,scaling-tuned-adamw-10seeds-v1,7097b902cc3f3a43380d0b66433b0a90ecf3915af0cdb913b8b407b76daf38af,cell-012-5abf40069665,12,5abf400696651773a7522dd3c834b25dd96e9466fbd7ee486eafb17b1b873243,3,2,50,32,4,32,2,1,64,adamw,0.003,0.0,800,512,0.0,8192,0.36109206080436707,0.8792724609375,0.6148438453674316,0.6064839959144592,14.128146171569824,"[6.349320888519287,5.877029895782471]","[6.320388317108154,5.735910415649414]",seeds/cell-012-5abf40069665/seed-3/checkpoint.pt,seeds/cell-012-5abf40069665/seed-3/snapshots/step-000050.pt
1,scaling-tuned-adamw-10seeds-v1,7097b902cc3f3a43380d0b66433b0a90ecf3915af0cdb913b8b407b76daf38af,cell-012-5abf40069665,12,5abf400696651773a7522dd3c834b25dd96e9466fbd7ee486eafb17b1b873243,3,3,100,32,4,32,2,1,64,adamw,0.003,0.0,800,512,0.0,8192,0.003743367735296488,0.9998779296875,0.9985865354537964,0.9923343658447266,12.31216812133789,"[8.129358291625977,6.199977397918701]","[6.39945125579834,5.756547927856445]",seeds/cell-012-5abf40069665/seed-3/checkpoint.pt,seeds/cell-012-5abf40069665/seed-3/snapshots/step-000100.pt
1,scaling-tuned-adamw-10seeds-v1,7097b902cc3f3a43380d0b66433b0a90ecf3915af0cdb913b8b407b76daf38af,cell-012-5abf40069665,12,5abf400696651773a7522dd3c834b25dd96e9466fbd7ee486eafb17b1b873243,3,4,200,32,4,32,2,1,64,adamw,0.003,0.0,800,512,0.0,8192,0.0008116063545458019,1.0,0.9962881803512573,0.9895228147506714,12.252851486206055,"[8.23277473449707,6.214221000671387]","[6.3949432373046875,5.769200801849365]",seeds/cell-012-5abf40069665/seed-3/checkpoint.pt,seeds/cell-012-5abf40069665/seed-3/snapshots/step-000200.pt
1,scaling-tuned-adamw-10seeds-v1,7097b902cc3f3a43380d0b66433b0a90ecf3915af0cdb913b8b407b76daf38af,cell-012-5abf40069665,12,5abf400696651773a7522dd3c834b25dd96e9466fbd7ee486eafb17b1b873243,3,5,400,32,4,32,2,1,64,adamw,0.003,0.0,800,512,0.0,8192,0.00024873530492186546,1.0,1.0005109310150146,0.9921590089797974,12.225791931152344,"[8.281855583190918,6.217855453491211]","[6.383171558380127,5.778184413909912]",seeds/cell-012-5abf40069665/seed-3/checkpoint.pt,seeds/cell-012-5abf40069665/seed-3/snapshots/step-000400.pt
1,scaling-tuned-adamw-10seeds-v1,7097b902cc3f3a43380d0b66433b0a90ecf3915af0cdb913b8b407b76daf38af,cell-012-5abf40069665,12,5abf400696651773a7522dd3c834b25dd96e9466fbd7ee486eafb17b1b873243,3,6,800,32,4,32,2,1,64,adamw,0.003,0.0,800,512,0.0,8192,8.545813034288585e-05,1.0,0.9989723563194275,0.9918432235717773,12.214092254638672,"[8.750330924987793,6.251393795013428]","[6.3885650634765625,5.792430877685547]",seeds/cell-012-5abf40069665/seed-3/checkpoint.pt,seeds/cell-012-5abf40069665/seed-3/snapshots/step-000800.pt
1,scaling-tuned-adamw-10seeds-v1,7097b902cc3f3a43380d0b66433b0a90ecf3915af0cdb913b8b407b76daf38af,cell-012-5abf40069665,12,5abf400696651773a7522dd3c834b25dd96e9466fbd7ee486eafb17b1b873243,4,0,0,32,4,32,2,1,64,adamw,0.003,0.0,800,512,0.0,8192,2.3785834312438965,0.4998779296875,-0.1200866550207138,-0.12432914972305298,15.498794555664062,"[5.289958477020264,5.660907745361328]","[6.167177200317383,5.712303161621094]",seeds/cell-012-5abf40069665/seed-4/checkpoint.pt,seeds/cell-012-5abf40069665/seed-4/snapshots/step-000000.pt
1,scaling-tuned-adamw-10seeds-v1,7097b902cc3f3a43380d0b66433b0a90ecf3915af0cdb913b8b407b76daf38af,cell-012-5abf40069665,12,5abf400696651773a7522dd3c834b25dd96e9466fbd7ee486eafb17b1b873243,4,1,25,32,4,32,2,1,64,adamw,0.003,0.0,800,512,0.0,8192,0.707355260848999,0.722900390625,0.29254311323165894,0.249637171626091,15.35929012298584,"[5.270639419555664,5.724157333374023]","[6.289011001586914,5.889857292175293]",seeds/cell-012-5abf40069665/seed-4/checkpoint.pt,seeds/cell-012-5abf40069665/seed-4/snapshots/step-000025.pt
1,scaling-tuned-adamw-10seeds-v1,7097b902cc3f3a43380d0b66433b0a90ecf3915af0cdb913b8b407b76daf38af,cell-012-5abf40069665,12,5abf400696651773a7522dd3c834b25dd96e9466fbd7ee486eafb17b1b873243,4,2,50,32,4,32,2,1,64,adamw,0.003,0.0,800,512,0.0,8192,0.27053359150886536,0.9222412109375,0.7473247051239014,0.6857964396476746,14.442501068115234,"[5.628352642059326,6.304107666015625]","[6.415284633636475,5.958700180053711]",seeds/cell-012-5abf40069665/seed-4/checkpoint.pt,seeds/cell-012-5abf40069665/seed-4/snapshots/step-000050.pt
1,scaling-tuned-adamw-10seeds-v1,7097b902cc3f3a43380d0b66433b0a90ecf3915af0cdb913b8b407b76daf38af,cell-012-5abf40069665,12,5abf400696651773a7522dd3c834b25dd96e9466fbd7ee486eafb17b1b873243,4,3,100,32,4,32,2,1,64,adamw,0.003,0.0,800,512,0.0,8192,0.009575556963682175,0.99951171875,1.0068187713623047,0.9698717594146729,13.68248176574707,"[6.431644439697266,7.673608303070068]","[6.5541510581970215,6.299053192138672]",seeds/cell-012-5abf40069665/seed-4/checkpoint.pt,seeds/cell-012-5abf40069665/seed-4/snapshots/step-000100.pt
1,scaling-tuned-adamw-10seeds-v1,7097b902cc3f3a43380d0b66433b0a90ecf3915af0cdb913b8b407b76daf38af,cell-012-5abf40069665,12,5abf400696651773a7522dd3c834b25dd96e9466fbd7ee486eafb17b1b873243,4,4,200,32,4,32,2,1,64,adamw,0.003,0.0,800,512,0.0,8192,0.0007735675317235291,1.0,1.0003793239593506,0.9686418771743774,13.563115119934082,"[6.569477558135986,7.945919036865234]","[6.539616107940674,6.564610481262207]",seeds/cell-012-5abf40069665/seed-4/checkpoint.pt,seeds/cell-012-5abf40069665/seed-4/snapshots/step-000200.pt
1,scaling-tuned-adamw-10seeds-v1,7097b902cc3f3a43380d0b66433b0a90ecf3915af0cdb913b8b407b76daf38af,cell-012-5abf40069665,12,5abf400696651773a7522dd3c834b25dd96e9466fbd7ee486eafb17b1b873243,4,5,400,32,4,32,2,1,64,adamw,0.003,0.0,800,512,0.0,8192,0.00027451355708763003,1.0,1.0004788637161255,0.9700572490692139,13.50589370727539,"[6.638047695159912,8.059442520141602]","[6.522582530975342,6.715014457702637]",seeds/cell-012-5abf40069665/seed-4/checkpoint.pt,seeds/cell-012-5abf40069665/seed-4/snapshots/step-000400.pt
1,scaling-tuned-adamw-10seeds-v1,7097b902cc3f3a43380d0b66433b0a90ecf3915af0cdb913b8b407b76daf38af,cell-012-5abf40069665,12,5abf400696651773a7522dd3c834b25dd96e9466fbd7ee486eafb17b1b873243,4,6,800,32,4,32,2,1,64,adamw,0.003,0.0,800,512,0.0,8192,8.197413990274072e-05,1.0,0.9995083212852478,0.9705204367637634,13.429851531982422,"[6.717069149017334,8.1727933883667]","[6.509695053100586,6.864985942840576]",seeds/cell-012-5abf40069665/seed-4/checkpoint.pt,seeds/cell-012-5abf40069665/seed-4/snapshots/step-000800.pt
1,scaling-tuned-adamw-10seeds-v1,7097b902cc3f3a43380d0b66433b0a90ecf3915af0cdb913b8b407b76daf38af,cell-012-5abf40069665,12,5abf400696651773a7522dd3c834b25dd96e9466fbd7ee486eafb17b1b873243,5,0,0,32,4,32,2,1,64,adamw,0.003,0.0,800,512,0.0,8192,5.098511695861816,0.507568359375,-0.01756981946527958,-0.01634286902844906,15.848576545715332,"[5.776960372924805,5.732533931732178]","[5.922642230987549,5.6983184814453125]",seeds/cell-012-5abf40069665/seed-5/checkpoint.pt,seeds/cell-012-5abf40069665/seed-5/snapshots/step-000000.pt
1,scaling-tuned-adamw-10seeds-v1,7097b902cc3f3a43380d0b66433b0a90ecf3915af0cdb913b8b407b76daf38af,cell-012-5abf40069665,12,5abf400696651773a7522dd3c834b25dd96e9466fbd7ee486eafb17b1b873243,5,1,25,32,4,32,2,1,64,adamw,0.003,0.0,800,512,0.0,8192,0.8416529893875122,0.6719970703125,0.1856764853000641,0.16132928431034088,15.777607917785645,"[5.82124662399292,5.853158473968506]","[6.064672470092773,5.862259387969971]",seeds/cell-012-5abf40069665/seed-5/checkpoint.pt,seeds/cell-012-5abf40069665/seed-5/snapshots/step-000025.pt
1,scaling-tuned-adamw-10seeds-v1,7097b902cc3f3a43380d0b66433b0a90ecf3915af0cdb913b8b407b76daf38af,cell-012-5abf40069665,12,5abf400696651773a7522dd3c834b25dd96e9466fbd7ee486eafb17b1b873243,5,2,50,32,4,32,2,1,64,adamw,0.003,0.0,800,512,0.0,8192,0.5047777891159058,0.816650390625,0.5154511332511902,0.5011045932769775,14.930179595947266,"[6.112146854400635,5.916707992553711]","[6.125832557678223,5.901823043823242]",seeds/cell-012-5abf40069665/seed-5/checkpoint.pt,seeds/cell-012-5abf40069665/seed-5/snapshots/step-000050.pt
1,scaling-tuned-adamw-10seeds-v1,7097b902cc3f3a43380d0b66433b0a90ecf3915af0cdb913b8b407b76daf38af,cell-012-5abf40069665,12,5abf400696651773a7522dd3c834b25dd96e9466fbd7ee486eafb17b1b873243,5,3,100,32,4,32,2,1,64,adamw,0.003,0.0,800,512,0.0,8192,0.008120516315102577,0.9991455078125,0.998740553855896,0.9982685446739197,12.896663665771484,"[7.858348846435547,6.377273082733154]","[6.171145439147949,5.950037002563477]",seeds/cell-012-5abf40069665/seed-5/checkpoint.pt,seeds/cell-012-5abf40069665/seed-5/snapshots/step-000100.pt
1,scaling-tuned-adamw-10seeds-v1,7097b902cc3f3a43380d0b66433b0a90ecf3915af0cdb913b8b407b76daf38af,cell-012-5abf40069665,12,5abf400696651773a7522dd3c834b25dd96e9466fbd7ee486eafb17b1b873243,5,4,200,32,4,32,2,1,64,adamw,0.003,0.0,800,512,0.0,8192,0.0013040530029684305,0.9998779296875,0.9985355138778687,1.0007404088974,12.860111236572266,"[8.030919075012207,6.423948287963867]","[6.141202449798584,5.9990973472595215]",seeds/cell-012-5abf40069665/seed-5/checkpoint.pt,seeds/cell-012-5abf40069665/seed-5/snapshots/step-000200.pt
1,scaling-tuned-adamw-10seeds-v1,7097b902cc3f3a43380d0b66433b0a90ecf3915af0cdb913b8b407b76daf38af,cell-012-5abf40069665,12,5abf400696651773a7522dd3c834b25dd96e9466fbd7ee486eafb17b1b873243,5,5,400,32,4,32,2,1,64,adamw,0.003,0.0,800,512,0.0,8192,0.00039974460378289223,1.0,0.999146044254303,1.0075825452804565,12.845391273498535,"[8.186819076538086,6.445645809173584]","[6.130490779876709,6.026098251342773]",seeds/cell-012-5abf40069665/seed-5/checkpoint.pt,seeds/cell-012-5abf40069665/seed-5/snapshots/step-000400.pt
1,scaling-tuned-adamw-10seeds-v1,7097b902cc3f3a43380d0b66433b0a90ecf3915af0cdb913b8b407b76daf38af,cell-012-5abf40069665,12,5abf400696651773a7522dd3c834b25dd96e9466fbd7ee486eafb17b1b873243,5,6,800,32,4,32,2,1,64,adamw,0.003,0.0,800,512,0.0,8192,0.00010500197822693735,1.0,0.9985871315002441,1.0082545280456543,12.847071647644043,"[8.225181579589844,6.4432902336120605]","[6.125452995300293,6.04841423034668]",seeds/cell-012-5abf40069665/seed-5/checkpoint.pt,seeds/cell-012-5abf40069665/seed-5/snapshots/step-000800.pt
1,scaling-tuned-adamw-10seeds-v1,7097b902cc3f3a43380d0b66433b0a90ecf3915af0cdb913b8b407b76daf38af,cell-012-5abf40069665,12,5abf400696651773a7522dd3c834b25dd96e9466fbd7ee486eafb17b1b873243,6,0,0,32,4,32,2,1,64,adamw,0.003,0.0,800,512,0.0,8192,2.8529748916625977,0.4920654296875,0.154112309217453,0.14920401573181152,17.401111602783203,"[5.759460926055908,5.549220561981201]","[5.98349666595459,5.601895809173584]",seeds/cell-012-5abf40069665/seed-6/checkpoint.pt,seeds/cell-012-5abf40069665/seed-6/snapshots/step-000000.pt
1,scaling-tuned-adamw-10seeds-v1,7097b902cc3f3a43380d0b66433b0a90ecf3915af0cdb913b8b407b76daf38af,cell-012-5abf40069665,12,5abf400696651773a7522dd3c834b25dd96e9466fbd7ee486eafb17b1b873243,6,1,25,32,4,32,2,1,64,adamw,0.003,0.0,800,512,0.0,8192,0.8039937615394592,0.6761474609375,0.20942792296409607,0.16357114911079407,17.221773147583008,"[5.805806636810303,5.574104309082031]","[6.162350654602051,5.691023349761963]",seeds/cell-012-5abf40069665/seed-6/checkpoint.pt,seeds/cell-012-5abf40069665/seed-6/snapshots/step-000025.pt
1,scaling-tuned-adamw-10seeds-v1,7097b902cc3f3a43380d0b66433b0a90ecf3915af0cdb913b8b407b76daf38af,cell-012-5abf40069665,12,5abf400696651773a7522dd3c834b25dd96e9466fbd7ee486eafb17b1b873243,6,2,50,32,4,32,2,1,64,adamw,0.003,0.0,800,512,0.0,8192,0.6146142482757568,0.7666015625,0.3776542544364929,0.3615497946739197,16.556119918823242,"[6.141684055328369,5.656351566314697]","[6.204339027404785,5.7069010734558105]",seeds/cell-012-5abf40069665/seed-6/checkpoint.pt,seeds/cell-012-5abf40069665/seed-6/snapshots/step-000050.pt
1,scaling-tuned-adamw-10seeds-v1,7097b902cc3f3a43380d0b66433b0a90ecf3915af0cdb913b8b407b76daf38af,cell-012-5abf40069665,12,5abf400696651773a7522dd3c834b25dd96e9466fbd7ee486eafb17b1b873243,6,3,100,32,4,32,2,1,64,adamw,0.003,0.0,800,512,0.0,8192,0.00857333280146122,0.998779296875,0.9963366389274597,1.0080374479293823,13.280721664428711,"[8.770402908325195,6.2185869216918945]","[6.348249912261963,5.692136764526367]",seeds/cell-012-5abf40069665/seed-6/checkpoint.pt,seeds/cell-012-5abf40069665/seed-6/snapshots/step-000100.pt
1,scaling-tuned-adamw-10seeds-v1,7097b902cc3f3a43380d0b66433b0a90ecf3915af0cdb913b8b407b76daf38af,cell-012-5abf40069665,12,5abf400696651773a7522dd3c834b25dd96e9466fbd7ee486eafb17b1b873243,6,4,200,32,4,32,2,1,64,adamw,0.003,0.0,800,512,0.0,8192,0.0009946158388629556,1.0,0.9989285469055176,1.014373540878296,13.078248977661133,"[9.13327407836914,6.240111351013184]","[6.381873607635498,5.712890625]",seeds/cell-012-5abf40069665/seed-6/checkpoint.pt,seeds/cell-012-5abf40069665/seed-6/snapshots/step-000200.pt
1,scaling-tuned-adamw-10seeds-v1,7097b902cc3f3a43380d0b66433b0a90ecf3915af0cdb913b8b407b76daf38af,cell-012-5abf40069665,12,5abf400696651773a7522dd3c834b25dd96e9466fbd7ee486eafb17b1b873243,6,5,400,32,4,32,2,1,64,adamw,0.003,0.0,800,512,0.0,8192,0.0002583064488135278,1.0,1.0009503364562988,1.016101360321045,12.979632377624512,"[9.21716022491455,6.236212253570557]","[6.394003391265869,5.718905925750732]",seeds/cell-012-5abf40069665/seed-6/checkpoint.pt,seeds/cell-012-5abf40069665/seed-6/snapshots/step-000400.pt
1,scaling-tuned-adamw-10seeds-v1,7097b902cc3f3a43380d0b66433b0a90ecf3915af0cdb913b8b407b76daf38af,cell-012-5abf40069665,12,5abf400696651773a7522dd3c834b25dd96e9466fbd7ee486eafb17b1b873243,6,6,800,32,4,32,2,1,64,adamw,0.003,0.0,800,512,0.0,8192,9.231822332367301e-05,1.0,0.9989553689956665,1.013096809387207,12.928510665893555,"[9.270514488220215,6.229734897613525]","[6.409096717834473,5.7233476638793945]",seeds/cell-012-5abf40069665/seed-6/checkpoint.pt,seeds/cell-012-5abf40069665/seed-6/snapshots/step-000800.pt
1,scaling-tuned-adamw-10seeds-v1,7097b902cc3f3a43380d0b66433b0a90ecf3915af0cdb913b8b407b76daf38af,cell-012-5abf40069665,12,5abf400696651773a7522dd3c834b25dd96e9466fbd7ee486eafb17b1b873243,7,0,0,32,4,32,2,1,64,adamw,0.003,0.0,800,512,0.0,8192,1.685659408569336,0.4622802734375,-0.10704825818538666,-0.09658247232437134,16.418479919433594,"[5.725531101226807,5.661523342132568]","[5.895079135894775,5.497291088104248]",seeds/cell-012-5abf40069665/seed-7/checkpoint.pt,seeds/cell-012-5abf40069665/seed-7/snapshots/step-000000.pt
1,scaling-tuned-adamw-10seeds-v1,7097b902cc3f3a43380d0b66433b0a90ecf3915af0cdb913b8b407b76daf38af,cell-012-5abf40069665,12,5abf400696651773a7522dd3c834b25dd96e9466fbd7ee486eafb17b1b873243,7,1,25,32,4,32,2,1,64,adamw,0.003,0.0,800,512,0.0,8192,0.7519993782043457,0.7081298828125,0.25342726707458496,0.22424805164337158,16.245786666870117,"[5.720770835876465,5.72710657119751]","[5.9767045974731445,5.5893402099609375]",seeds/cell-012-5abf40069665/seed-7/checkpoint.pt,seeds/cell-012-5abf40069665/seed-7/snapshots/step-000025.pt
1,scaling-tuned-adamw-10seeds-v1,7097b902cc3f3a43380d0b66433b0a90ecf3915af0cdb913b8b407b76daf38af,cell-012-5abf40069665,12,5abf400696651773a7522dd3c834b25dd96e9466fbd7ee486eafb17b1b873243,7,2,50,32,4,32,2,1,64,adamw,0.003,0.0,800,512,0.0,8192,0.2235342413187027,0.9427490234375,0.8001023530960083,0.807327151298523,14.473685264587402,"[6.623191833496094,5.829587459564209]","[6.0357232093811035,5.571071147918701]",seeds/cell-012-5abf40069665/seed-7/checkpoint.pt,seeds/cell-012-5abf40069665/seed-7/snapshots/step-000050.pt
1,scaling-tuned-adamw-10seeds-v1,7097b902cc3f3a43380d0b66433b0a90ecf3915af0cdb913b8b407b76daf38af,cell-012-5abf40069665,12,5abf400696651773a7522dd3c834b25dd96e9466fbd7ee486eafb17b1b873243,7,3,100,32,4,32,2,1,64,adamw,0.003,0.0,800,512,0.0,8192,0.0026054996997117996,1.0,0.9980463981628418,1.0137840509414673,12.892905235290527,"[8.08430004119873,5.775573253631592]","[6.107344627380371,5.57789945602417]",seeds/cell-012-5abf40069665/seed-7/checkpoint.pt,seeds/cell-012-5abf40069665/seed-7/snapshots/step-000100.pt
1,scaling-tuned-adamw-10seeds-v1,7097b902cc3f3a43380d0b66433b0a90ecf3915af0cdb913b8b407b76daf38af,cell-012-5abf40069665,12,5abf400696651773a7522dd3c834b25dd96e9466fbd7ee486eafb17b1b873243,7,4,200,32,4,32,2,1,64,adamw,0.003,0.0,800,512,0.0,8192,0.0005893725901842117,1.0,0.9987771511077881,1.017189383506775,12.825942039489746,"[8.186690330505371,5.76784086227417]","[6.1000657081604,5.555807590484619]",seeds/cell-012-5abf40069665/seed-7/checkpoint.pt,seeds/cell-012-5abf40069665/seed-7/snapshots/step-000200.pt
1,scaling-tuned-adamw-10seeds-v1,7097b902cc3f3a43380d0b66433b0a90ecf3915af0cdb913b8b407b76daf38af,cell-012-5abf40069665,12,5abf400696651773a7522dd3c834b25dd96e9466fbd7ee486eafb17b1b873243,7,5,400,32,4,32,2,1,64,adamw,0.003,0.0,800,512,0.0,8192,0.00017274841957259923,1.0,1.0001976490020752,1.0185164213180542,12.79850959777832,"[8.249993324279785,5.768587112426758]","[6.099696636199951,5.536855697631836]",seeds/cell-012-5abf40069665/seed-7/checkpoint.pt,seeds/cell-012-5abf40069665/seed-7/snapshots/step-000400.pt
1,scaling-tuned-adamw-10seeds-v1,7097b902cc3f3a43380d0b66433b0a90ecf3915af0cdb913b8b407b76daf38af,cell-012-5abf40069665,12,5abf400696651773a7522dd3c834b25dd96e9466fbd7ee486eafb17b1b873243,7,6,800,32,4,32,2,1,64,adamw,0.003,0.0,800,512,0.0,8192,6.0245620261412114e-05,1.0,1.0009994506835938,1.0196181535720825,12.762864112854004,"[8.30392837524414,5.7732253074646]","[6.103693008422852,5.525502681732178]",seeds/cell-012-5abf40069665/seed-7/checkpoint.pt,seeds/cell-012-5abf40069665/seed-7/snapshots/step-000800.pt
1,scaling-tuned-adamw-10seeds-v1,7097b902cc3f3a43380d0b66433b0a90ecf3915af0cdb913b8b407b76daf38af,cell-012-5abf40069665,12,5abf400696651773a7522dd3c834b25dd96e9466fbd7ee486eafb17b1b873243,8,0,0,32,4,32,2,1,64,adamw,0.003,0.0,800,512,0.0,8192,1.3381171226501465,0.4697265625,-0.012580257840454578,-0.050256289541721344,15.800055503845215,"[5.295119285583496,5.750314235687256]","[5.652132034301758,5.779111385345459]",seeds/cell-012-5abf40069665/seed-8/checkpoint.pt,seeds/cell-012-5abf40069665/seed-8/snapshots/step-000000.pt
1,scaling-tuned-adamw-10seeds-v1,7097b902cc3f3a43380d0b66433b0a90ecf3915af0cdb913b8b407b76daf38af,cell-012-5abf40069665,12,5abf400696651773a7522dd3c834b25dd96e9466fbd7ee486eafb17b1b873243,8,1,25,32,4,32,2,1,64,adamw,0.003,0.0,800,512,0.0,8192,0.5762413740158081,0.791259765625,0.43461737036705017,0.39655476808547974,15.406174659729004,"[5.470984935760498,5.699032306671143]","[5.73374605178833,5.931336879730225]",seeds/cell-012-5abf40069665/seed-8/checkpoint.pt,seeds/cell-012-5abf40069665/seed-8/snapshots/step-000025.pt
1,scaling-tuned-adamw-10seeds-v1,7097b902cc3f3a43380d0b66433b0a90ecf3915af0cdb913b8b407b76daf38af,cell-012-5abf40069665,12,5abf400696651773a7522dd3c834b25dd96e9466fbd7ee486eafb17b1b873243,8,2,50,32,4,32,2,1,64,adamw,0.003,0.0,800,512,0.0,8192,0.05109173059463501,0.991455078125,0.951378583908081,0.9555011987686157,13.25615406036377,"[6.7623724937438965,5.843976020812988]","[5.841073036193848,5.937308311462402]",seeds/cell-012-5abf40069665/seed-8/checkpoint.pt,seeds/cell-012-5abf40069665/seed-8/snapshots/step-000050.pt
1,scaling-tuned-adamw-10seeds-v1,7097b902cc3f3a43380d0b66433b0a90ecf3915af0cdb913b8b407b76daf38af,cell-012-5abf40069665,12,5abf400696651773a7522dd3c834b25dd96e9466fbd7ee486eafb17b1b873243,8,3,100,32,4,32,2,1,64,adamw,0.003,0.0,800,512,0.0,8192,0.0021040113642811775,1.0,0.9920010566711426,0.9874957799911499,12.785801887512207,"[7.503053188323975,5.842598915100098]","[5.868953704833984,5.952223300933838]",seeds/cell-012-5abf40069665/seed-8/checkpoint.pt,seeds/cell-012-5abf40069665/seed-8/snapshots/step-000100.pt
1,scaling-tuned-adamw-10seeds-v1,7097b902cc3f3a43380d0b66433b0a90ecf3915af0cdb913b8b407b76daf38af,cell-012-5abf40069665,12,5abf400696651773a7522dd3c834b25dd96e9466fbd7ee486eafb17b1b873243,8,4,200,32,4,32,2,1,64,adamw,0.003,0.0,800,512,0.0,8192,0.0005491272313520312,1.0,1.0006563663482666,0.9931066036224365,12.784743309020996,"[7.596131801605225,5.855717182159424]","[5.865070819854736,5.9288482666015625]",seeds/cell-012-5abf40069665/seed-8/checkpoint.pt,seeds/cell-012-5abf40069665/seed-8/snapshots/step-000200.pt
1,scaling-tuned-adamw-10seeds-v1,7097b902cc3f3a43380d0b66433b0a90ecf3915af0cdb913b8b407b76daf38af,cell-012-5abf40069665,12,5abf400696651773a7522dd3c834b25dd96e9466fbd7ee486eafb17b1b873243,8,5,400,32,4,32,2,1,64,adamw,0.003,0.0,800,512,0.0,8192,0.00018539110897108912,1.0,0.9955472946166992,0.9866046905517578,12.76425552368164,"[7.689173698425293,5.870572090148926]","[5.867168426513672,5.902467727661133]",seeds/cell-012-5abf40069665/seed-8/checkpoint.pt,seeds/cell-012-5abf40069665/seed-8/snapshots/step-000400.pt
1,scaling-tuned-adamw-10seeds-v1,7097b902cc3f3a43380d0b66433b0a90ecf3915af0cdb913b8b407b76daf38af,cell-012-5abf40069665,12,5abf400696651773a7522dd3c834b25dd96e9466fbd7ee486eafb17b1b873243,8,6,800,32,4,32,2,1,64,adamw,0.003,0.0,800,512,0.0,8192,5.738311665481888e-05,1.0,0.9985882043838501,0.988640546798706,12.730079650878906,"[7.76444149017334,5.886620044708252]","[5.868999481201172,5.8781561851501465]",seeds/cell-012-5abf40069665/seed-8/checkpoint.pt,seeds/cell-012-5abf40069665/seed-8/snapshots/step-000800.pt
1,scaling-tuned-adamw-10seeds-v1,7097b902cc3f3a43380d0b66433b0a90ecf3915af0cdb913b8b407b76daf38af,cell-012-5abf40069665,12,5abf400696651773a7522dd3c834b25dd96e9466fbd7ee486eafb17b1b873243,9,0,0,32,4,32,2,1,64,adamw,0.003,0.0,800,512,0.0,8192,1.303426742553711,0.6236572265625,0.22082644701004028,0.17621970176696777,16.62105369567871,"[5.253730297088623,5.737764835357666]","[6.292454719543457,5.66262149810791]",seeds/cell-012-5abf40069665/seed-9/checkpoint.pt,seeds/cell-012-5abf40069665/seed-9/snapshots/step-000000.pt
1,scaling-tuned-adamw-10seeds-v1,7097b902cc3f3a43380d0b66433b0a90ecf3915af0cdb913b8b407b76daf38af,cell-012-5abf40069665,12,5abf400696651773a7522dd3c834b25dd96e9466fbd7ee486eafb17b1b873243,9,1,25,32,4,32,2,1,64,adamw,0.003,0.0,800,512,0.0,8192,0.5535487532615662,0.800537109375,0.470546156167984,0.4538852870464325,15.954031944274902,"[5.397518634796143,5.762124061584473]","[6.454435348510742,5.756426811218262]",seeds/cell-012-5abf40069665/seed-9/checkpoint.pt,seeds/cell-012-5abf40069665/seed-9/snapshots/step-000025.pt
1,scaling-tuned-adamw-10seeds-v1,7097b902cc3f3a43380d0b66433b0a90ecf3915af0cdb913b8b407b76daf38af,cell-012-5abf40069665,12,5abf400696651773a7522dd3c834b25dd96e9466fbd7ee486eafb17b1b873243,9,2,50,32,4,32,2,1,64,adamw,0.003,0.0,800,512,0.0,8192,0.0226181261241436,0.9971923828125,0.983818531036377,0.9778600931167603,13.972142219543457,"[6.817164421081543,5.980260372161865]","[6.5811238288879395,5.76298189163208]",seeds/cell-012-5abf40069665/seed-9/checkpoint.pt,seeds/cell-012-5abf40069665/seed-9/snapshots/step-000050.pt
1,scaling-tuned-adamw-10seeds-v1,7097b902cc3f3a43380d0b66433b0a90ecf3915af0cdb913b8b407b76daf38af,cell-012-5abf40069665,12,5abf400696651773a7522dd3c834b25dd96e9466fbd7ee486eafb17b1b873243,9,3,100,32,4,32,2,1,64,adamw,0.003,0.0,800,512,0.0,8192,0.0013396781869232655,1.0,0.9979386329650879,0.9834086894989014,13.492403030395508,"[7.366764545440674,5.983645915985107]","[6.642146587371826,5.787563323974609]",seeds/cell-012-5abf40069665/seed-9/checkpoint.pt,seeds/cell-012-5abf40069665/seed-9/snapshots/step-000100.pt
1,scaling-tuned-adamw-10seeds-v1,7097b902cc3f3a43380d0b66433b0a90ecf3915af0cdb913b8b407b76daf38af,cell-012-5abf40069665,12,5abf400696651773a7522dd3c834b25dd96e9466fbd7ee486eafb17b1b873243,9,4,200,32,4,32,2,1,64,adamw,0.003,0.0,800,512,0.0,8192,0.00063562102150172,0.9998779296875,1.0010311603546143,0.984657883644104,13.4116849899292,"[7.455252647399902,5.9815592765808105]","[6.644961357116699,5.7880635261535645]",seeds/cell-012-5abf40069665/seed-9/checkpoint.pt,seeds/cell-012-5abf40069665/seed-9/snapshots/step-000200.pt
1,scaling-tuned-adamw-10seeds-v1,7097b902cc3f3a43380d0b66433b0a90ecf3915af0cdb913b8b407b76daf38af,cell-012-5abf40069665,12,5abf400696651773a7522dd3c834b25dd96e9466fbd7ee486eafb17b1b873243,9,5,400,32,4,32,2,1,64,adamw,0.003,0.0,800,512,0.0,8192,0.00017636230040807277,1.0,1.0012072324752808,0.9827829003334045,13.415239334106445,"[7.678561210632324,5.996504783630371]","[6.664323329925537,5.780367851257324]",seeds/cell-012-5abf40069665/seed-9/checkpoint.pt,seeds/cell-012-5abf40069665/seed-9/snapshots/step-000400.pt
1,scaling-tuned-adamw-10seeds-v1,7097b902cc3f3a43380d0b66433b0a90ecf3915af0cdb913b8b407b76daf38af,cell-012-5abf40069665,12,5abf400696651773a7522dd3c834b25dd96e9466fbd7ee486eafb17b1b873243,9,6,800,32,4,32,2,1,64,adamw,0.003,0.0,800,512,0.0,8192,4.189102037344128e-05,1.0,0.9995886087417603,0.9854165315628052,13.352027893066406,"[7.803920269012451,6.014801025390625]","[6.670376777648926,5.7800703048706055]",seeds/cell-012-5abf40069665/seed-9/checkpoint.pt,seeds/cell-012-5abf40069665/seed-9/snapshots/step-000800.pt
1,scaling-tuned-adamw-10seeds-v1,7097b902cc3f3a43380d0b66433b0a90ecf3915af0cdb913b8b407b76daf38af,cell-013-496408283b62,13,496408283b620ac7004d3c225b2e67f62dacec1511e5f391732c0aa6a59b90dd,0,0,0,32,4,32,2,4,64,adamw,0.003,0.0,800,512,0.0,8192,1.1815688610076904,0.59326171875,0.15476232767105103,0.12481951713562012,16.018667221069336,"[2.882373094558716,2.678778648376465,2.557138681411743,2.77392840385437,2.71799373626709,2.805297613143921,2.8279151916503906,2.6956400871276855]","[2.4373772144317627,2.669236183166504,2.806619167327881,2.869325637817383,2.8770029544830322,2.4873452186584473,2.8576371669769287,2.578458547592163]",seeds/cell-013-496408283b62/seed-0/checkpoint.pt,seeds/cell-013-496408283b62/seed-0/snapshots/step-000000.pt
1,scaling-tuned-adamw-10seeds-v1,7097b902cc3f3a43380d0b66433b0a90ecf3915af0cdb913b8b407b76daf38af,cell-013-496408283b62,13,496408283b620ac7004d3c225b2e67f62dacec1511e5f391732c0aa6a59b90dd,0,1,25,32,4,32,2,4,64,adamw,0.003,0.0,800,512,0.0,8192,0.734946608543396,0.7135009765625,0.2642144560813904,0.21621105074882507,15.922171592712402,"[2.927783489227295,2.6682674884796143,2.5388107299804688,2.8249642848968506,2.8172051906585693,2.813577651977539,2.9303369522094727,2.7071762084960938]","[2.450077772140503,2.752892017364502,2.8333117961883545,2.976431131362915,2.9475653171539307,2.5784873962402344,2.8796114921569824,2.603778123855591]",seeds/cell-013-496408283b62/seed-0/checkpoint.pt,seeds/cell-013-496408283b62/seed-0/snapshots/step-000025.pt
1,scaling-tuned-adamw-10seeds-v1,7097b902cc3f3a43380d0b66433b0a90ecf3915af0cdb913b8b407b76daf38af,cell-013-496408283b62,13,496408283b620ac7004d3c225b2e67f62dacec1511e5f391732c0aa6a59b90dd,0,2,50,32,4,32,2,4,64,adamw,0.003,0.0,800,512,0.0,8192,0.4525381624698639,0.84423828125,0.5515150427818298,0.5322107672691345,14.732348442077637,"[2.954071044921875,2.650756597518921,2.7989466190338135,3.1727566719055176,2.9039080142974854,2.908907175064087,2.9866111278533936,2.7360424995422363]","[2.4400386810302734,2.769803285598755,2.8661813735961914,3.056135654449463,2.9436614513397217,2.554182291030884,2.873723030090332,2.5984108448028564]",seeds/cell-013-496408283b62/seed-0/checkpoint.pt,seeds/cell-013-496408283b62/seed-0/snapshots/step-000050.pt
1,scaling-tuned-adamw-10seeds-v1,7097b902cc3f3a43380d0b66433b0a90ecf3915af0cdb913b8b407b76daf38af,cell-013-496408283b62,13,496408283b620ac7004d3c225b2e67f62dacec1511e5f391732c0aa6a59b90dd,0,3,100,32,4,32,2,4,64,adamw,0.003,0.0,800,512,0.0,8192,0.007373673841357231,0.9990234375,1.0065948963165283,1.011693000793457,12.350564002990723,"[2.909817934036255,2.6313424110412598,3.520975351333618,4.007406234741211,3.1644887924194336,3.0702064037323,3.2115023136138916,2.861368417739868]","[2.4022369384765625,2.7397403717041016,2.901175022125244,3.289776086807251,2.928102970123291,2.528679847717285,2.867978572845459,2.631848096847534]",seeds/cell-013-496408283b62/seed-0/checkpoint.pt,seeds/cell-013-496408283b62/seed-0/snapshots/step-000100.pt
1,scaling-tuned-adamw-10seeds-v1,7097b902cc3f3a43380d0b66433b0a90ecf3915af0cdb913b8b407b76daf38af,cell-013-496408283b62,13,496408283b620ac7004d3c225b2e67f62dacec1511e5f391732c0aa6a59b90dd,0,4,200,32,4,32,2,4,64,adamw,0.003,0.0,800,512,0.0,8192,0.0010267985053360462,1.0,0.9985706806182861,0.9977166056632996,12.11723804473877,"[2.8502702713012695,2.580808639526367,3.6491799354553223,4.157981872558594,3.1573305130004883,3.0723819732666016,3.2395050525665283,2.853921890258789]","[2.3629202842712402,2.7177181243896484,2.9076499938964844,3.3414900302886963,2.919438600540161,2.53422474861145,2.868025541305542,2.6291465759277344]",seeds/cell-013-496408283b62/seed-0/checkpoint.pt,seeds/cell-013-496408283b62/seed-0/snapshots/step-000200.pt
1,scaling-tuned-adamw-10seeds-v1,7097b902cc3f3a43380d0b66433b0a90ecf3915af0cdb913b8b407b76daf38af,cell-013-496408283b62,13,496408283b620ac7004d3c225b2e67f62dacec1511e5f391732c0aa6a59b90dd,0,5,400,32,4,32,2,4,64,adamw,0.003,0.0,800,512,0.0,8192,0.0006035360274836421,0.9998779296875,1.000769853591919,0.9951788187026978,11.909419059753418,"[2.8125646114349365,2.5570132732391357,3.8385989665985107,4.336966514587402,3.1399476528167725,3.064809799194336,3.2465763092041016,2.8471505641937256]","[2.3298981189727783,2.6980035305023193,2.897113084793091,3.3982691764831543,2.915179967880249,2.540640115737915,2.8703250885009766,2.626276731491089]",seeds/cell-013-496408283b62/seed-0/checkpoint.pt,seeds/cell-013-496408283b62/seed-0/snapshots/step-000400.pt
1,scaling-tuned-adamw-10seeds-v1,7097b902cc3f3a43380d0b66433b0a90ecf3915af0cdb913b8b407b76daf38af,cell-013-496408283b62,13,496408283b620ac7004d3c225b2e67f62dacec1511e5f391732c0aa6a59b90dd,0,6,800,32,4,32,2,4,64,adamw,0.003,0.0,800,512,0.0,8192,9.862075967248529e-05,1.0,0.9988376498222351,1.0056796073913574,11.55955982208252,"[2.767674446105957,2.492415189743042,3.99196195602417,4.499563217163086,3.1057300567626953,3.063765048980713,3.24240779876709,2.845292568206787]","[2.2950074672698975,2.6706550121307373,2.8865671157836914,3.4534239768981934,2.9138994216918945,2.54276442527771,2.871490001678467,2.628563404083252]",seeds/cell-013-496408283b62/seed-0/checkpoint.pt,seeds/cell-013-496408283b62/seed-0/snapshots/step-000800.pt
1,scaling-tuned-adamw-10seeds-v1,7097b902cc3f3a43380d0b66433b0a90ecf3915af0cdb913b8b407b76daf38af,cell-013-496408283b62,13,496408283b620ac7004d3c225b2e67f62dacec1511e5f391732c0aa6a59b90dd,1,0,0,32,4,32,2,4,64,adamw,0.003,0.0,800,512,0.0,8192,3.1002423763275146,0.5172119140625,0.1769421547651291,0.17133086919784546,15.482734680175781,"[2.412106513977051,2.715181350708008,2.870283603668213,3.0231473445892334,2.808751344680786,2.5965330600738525,2.9742469787597656,2.529282569885254]","[2.8698570728302,3.0434951782226562,3.041295051574707,2.4064764976501465,2.7314443588256836,3.1155264377593994,2.6841976642608643,2.9061012268066406]",seeds/cell-013-496408283b62/seed-1/checkpoint.pt,seeds/cell-013-496408283b62/seed-1/snapshots/step-000000.pt
1,scaling-tuned-adamw-10seeds-v1,7097b902cc3f3a43380d0b66433b0a90ecf3915af0cdb913b8b407b76daf38af,cell-013-496408283b62,13,496408283b620ac7004d3c225b2e67f62dacec1511e5f391732c0aa6a59b90dd,1,1,25,32,4,32,2,4,64,adamw,0.003,0.0,800,512,0.0,8192,0.7409669160842896,0.7069091796875,0.24094413220882416,0.1964333951473236,15.337763786315918,"[2.4381263256073,2.7200253009796143,2.898566246032715,3.035507917404175,2.8533568382263184,2.68804669380188,2.969242811203003,2.543564558029175]","[2.9491164684295654,3.091722011566162,3.1195483207702637,2.452861785888672,2.7296013832092285,3.201164484024048,2.6592376232147217,2.9826724529266357]",seeds/cell-013-496408283b62/seed-1/checkpoint.pt,seeds/cell-013-496408283b62/seed-1/snapshots/step-000025.pt
1,scaling-tuned-adamw-10seeds-v1,7097b902cc3f3a43380d0b66433b0a90ecf3915af0cdb913b8b407b76daf38af,cell-013-496408283b62,13,496408283b620ac7004d3c225b2e67f62dacec1511e5f391732c0aa6a59b90dd,1,2,50,32,4,32,2,4,64,adamw,0.003,0.0,800,512,0.0,8192,0.5857367515563965,0.7861328125,0.3898521661758423,0.3634690046310425,15.045257568359375,"[2.4916412830352783,2.993212938308716,2.939642906188965,3.0815117359161377,2.8521728515625,2.8075473308563232,2.980901002883911,2.535252809524536]","[2.9378347396850586,3.1337695121765137,3.1184730529785156,2.470043182373047,2.726901054382324,3.189951181411743,2.670297384262085,2.969017505645752]",seeds/cell-013-496408283b62/seed-1/checkpoint.pt,seeds/cell-013-496408283b62/seed-1/snapshots/step-000050.pt
1,scaling-tuned-adamw-10seeds-v1,7097b902cc3f3a43380d0b66433b0a90ecf3915af0cdb913b8b407b76daf38af,cell-013-496408283b62,13,496408283b620ac7004d3c225b2e67f62dacec1511e5f391732c0aa6a59b90dd,1,3,100,32,4,32,2,4,64,adamw,0.003,0.0,800,512,0.0,8192,0.0318695567548275,0.9970703125,0.9802233576774597,0.9999251365661621,13.378591537475586,"[2.7177236080169678,4.173791885375977,2.921252727508545,3.4219815731048584,2.832557439804077,3.178528308868408,2.9880588054656982,2.5536892414093018]","[2.87861704826355,3.2945430278778076,3.0615828037261963,2.4707908630371094,2.729055166244507,3.1740798950195312,2.679018974304199,2.9554388523101807]",seeds/cell-013-496408283b62/seed-1/checkpoint.pt,seeds/cell-013-496408283b62/seed-1/snapshots/step-000100.pt
1,scaling-tuned-adamw-10seeds-v1,7097b902cc3f3a43380d0b66433b0a90ecf3915af0cdb913b8b407b76daf38af,cell-013-496408283b62,13,496408283b620ac7004d3c225b2e67f62dacec1511e5f391732c0aa6a59b90dd,1,4,200,32,4,32,2,4,64,adamw,0.003,0.0,800,512,0.0,8192,0.0022122454829514027,1.0,0.9997156858444214,1.013378381729126,12.918112754821777,"[2.7311298847198486,4.5731306076049805,2.8933768272399902,3.4420597553253174,2.819209575653076,3.2165255546569824,3.024850606918335,2.5603256225585938]","[2.8544118404388428,3.4163219928741455,3.0257976055145264,2.4420175552368164,2.7092275619506836,3.2401599884033203,2.6797444820404053,2.931820869445801]",seeds/cell-013-496408283b62/seed-1/checkpoint.pt,seeds/cell-013-496408283b62/seed-1/snapshots/step-000200.pt
1,scaling-tuned-adamw-10seeds-v1,7097b902cc3f3a43380d0b66433b0a90ecf3915af0cdb913b8b407b76daf38af,cell-013-496408283b62,13,496408283b620ac7004d3c225b2e67f62dacec1511e5f391732c0aa6a59b90dd,1,5,400,32,4,32,2,4,64,adamw,0.003,0.0,800,512,0.0,8192,0.0006550394464284182,1.0,1.0001795291900635,1.0111141204833984,12.751261711120605,"[2.72424578666687,4.6940388679504395,2.8683526515960693,3.431877851486206,2.8177669048309326,3.222670555114746,3.0363216400146484,2.5651440620422363]","[2.845346450805664,3.4687535762786865,3.00836181640625,2.4342284202575684,2.7021172046661377,3.2896358966827393,2.6799662113189697,2.926882743835449]",seeds/cell-013-496408283b62/seed-1/checkpoint.pt,seeds/cell-013-496408283b62/seed-1/snapshots/step-000400.pt
1,scaling-tuned-adamw-10seeds-v1,7097b902cc3f3a43380d0b66433b0a90ecf3915af0cdb913b8b407b76daf38af,cell-013-496408283b62,13,496408283b620ac7004d3c225b2e67f62dacec1511e5f391732c0aa6a59b90dd,1,6,800,32,4,32,2,4,64,adamw,0.003,0.0,800,512,0.0,8192,0.00019000025349669158,1.0,1.002826452255249,1.0141817331314087,12.581286430358887,"[2.714010238647461,4.792779922485352,2.8467209339141846,3.4170236587524414,2.816196918487549,3.2217652797698975,3.04790997505188,2.5696945190429688]","[2.8396799564361572,3.5206782817840576,2.9907314777374268,2.425537347793579,2.698350191116333,3.3468947410583496,2.682274580001831,2.9247357845306396]",seeds/cell-013-496408283b62/seed-1/checkpoint.pt,seeds/cell-013-496408283b62/seed-1/snapshots/step-000800.pt
1,scaling-tuned-adamw-10seeds-v1,7097b902cc3f3a43380d0b66433b0a90ecf3915af0cdb913b8b407b76daf38af,cell-013-496408283b62,13,496408283b620ac7004d3c225b2e67f62dacec1511e5f391732c0aa6a59b90dd,2,0,0,32,4,32,2,4,64,adamw,0.003,0.0,800,512,0.0,8192,1.060969591140747,0.57666015625,0.07746253162622452,0.10004644095897675,15.415778160095215,"[2.747892141342163,2.8227899074554443,2.7623839378356934,2.7172420024871826,2.7697627544403076,2.754366397857666,2.7439935207366943,2.869030237197876]","[2.7064456939697266,2.7148799896240234,2.7997970581054688,2.6817827224731445,2.5928030014038086,2.9283909797668457,2.683896064758301,2.936105489730835]",seeds/cell-013-496408283b62/seed-2/checkpoint.pt,seeds/cell-013-496408283b62/seed-2/snapshots/step-000000.pt
1,scaling-tuned-adamw-10seeds-v1,7097b902cc3f3a43380d0b66433b0a90ecf3915af0cdb913b8b407b76daf38af,cell-013-496408283b62,13,496408283b620ac7004d3c225b2e67f62dacec1511e5f391732c0aa6a59b90dd,2,1,25,32,4,32,2,4,64,adamw,0.003,0.0,800,512,0.0,8192,0.732019305229187,0.71728515625,0.30716705322265625,0.2669987678527832,15.004273414611816,"[2.7812628746032715,2.861525058746338,2.761737108230591,2.7238495349884033,2.77482008934021,2.738997220993042,2.749598503112793,2.887777090072632]","[2.7440662384033203,2.7424542903900146,2.8852217197418213,2.74216365814209,2.666060209274292,2.920728921890259,2.6996090412139893,2.995323657989502]",seeds/cell-013-496408283b62/seed-2/checkpoint.pt,seeds/cell-013-496408283b62/seed-2/snapshots/step-000025.pt
1,scaling-tuned-adamw-10seeds-v1,7097b902cc3f3a43380d0b66433b0a90ecf3915af0cdb913b8b407b76daf38af,cell-013-496408283b62,13,496408283b620ac7004d3c225b2e67f62dacec1511e5f391732c0aa6a59b90dd,2,2,50,32,4,32,2,4,64,adamw,0.003,0.0,800,512,0.0,8192,0.3779659569263458,0.8758544921875,0.5974230170249939,0.5997912883758545,13.679184913635254,"[3.162323474884033,3.087477445602417,2.9871678352355957,2.8015406131744385,2.8246829509735107,2.767125129699707,2.746798515319824,2.9468953609466553]","[2.7897231578826904,2.799894094467163,2.8681681156158447,2.747302532196045,2.6534433364868164,2.9085209369659424,2.6956677436828613,2.990359306335449]",seeds/cell-013-496408283b62/seed-2/checkpoint.pt,seeds/cell-013-496408283b62/seed-2/snapshots/step-000050.pt
1,scaling-tuned-adamw-10seeds-v1,7097b902cc3f3a43380d0b66433b0a90ecf3915af0cdb913b8b407b76daf38af,cell-013-496408283b62,13,496408283b620ac7004d3c225b2e67f62dacec1511e5f391732c0aa6a59b90dd,2,3,100,32,4,32,2,4,64,adamw,0.003,0.0,800,512,0.0,8192,0.008331872522830963,0.99951171875,1.0086647272109985,1.0098907947540283,12.032068252563477,"[4.022368431091309,3.531775951385498,3.4131405353546143,2.917013645172119,2.9579954147338867,2.8088691234588623,2.686164140701294,3.055527448654175]","[2.9308600425720215,2.7893247604370117,2.8121626377105713,2.7078654766082764,2.6584606170654297,2.9141037464141846,2.67060923576355,3.0395102500915527]",seeds/cell-013-496408283b62/seed-2/checkpoint.pt,seeds/cell-013-496408283b62/seed-2/snapshots/step-000100.pt
1,scaling-tuned-adamw-10seeds-v1,7097b902cc3f3a43380d0b66433b0a90ecf3915af0cdb913b8b407b76daf38af,cell-013-496408283b62,13,496408283b620ac7004d3c225b2e67f62dacec1511e5f391732c0aa6a59b90dd,2,4,200,32,4,32,2,4,64,adamw,0.003,0.0,800,512,0.0,8192,0.001142057590186596,1.0,1.0006468296051025,0.9965952634811401,11.850192070007324,"[4.24779748916626,3.581279754638672,3.5021297931671143,2.939105987548828,2.994032621383667,2.8420536518096924,2.6840245723724365,3.102005958557129]","[2.9782888889312744,2.7535953521728516,2.788074493408203,2.674973487854004,2.656458854675293,2.8968491554260254,2.6639482975006104,3.0665290355682373]",seeds/cell-013-496408283b62/seed-2/checkpoint.pt,seeds/cell-013-496408283b62/seed-2/snapshots/step-000200.pt
1,scaling-tuned-adamw-10seeds-v1,7097b902cc3f3a43380d0b66433b0a90ecf3915af0cdb913b8b407b76daf38af,cell-013-496408283b62,13,496408283b620ac7004d3c225b2e67f62dacec1511e5f391732c0aa6a59b90dd,2,5,400,32,4,32,2,4,64,adamw,0.003,0.0,800,512,0.0,8192,0.0003689368604682386,1.0,1.0019993782043457,0.9967206716537476,11.753650665283203,"[4.3979339599609375,3.6368582248687744,3.5737645626068115,2.9825186729431152,3.0022807121276855,2.8628668785095215,2.6892812252044678,3.1609854698181152]","[3.004814863204956,2.7411608695983887,2.7661375999450684,2.659727096557617,2.646441698074341,2.8858802318573,2.6651155948638916,3.068767786026001]",seeds/cell-013-496408283b62/seed-2/checkpoint.pt,seeds/cell-013-496408283b62/seed-2/snapshots/step-000400.pt
1,scaling-tuned-adamw-10seeds-v1,7097b902cc3f3a43380d0b66433b0a90ecf3915af0cdb913b8b407b76daf38af,cell-013-496408283b62,13,496408283b620ac7004d3c225b2e67f62dacec1511e5f391732c0aa6a59b90dd,2,6,800,32,4,32,2,4,64,adamw,0.003,0.0,800,512,0.0,8192,0.000188454010640271,1.0,1.001493215560913,1.006497859954834,11.326760292053223,"[4.703298091888428,3.7495696544647217,3.6064319610595703,3.0060205459594727,3.023333787918091,2.8994851112365723,2.6910581588745117,3.313987970352173]","[3.125035285949707,2.6931796073913574,2.73164963722229,2.658111572265625,2.6310625076293945,2.8686490058898926,2.6860527992248535,3.061601161956787]",seeds/cell-013-496408283b62/seed-2/checkpoint.pt,seeds/cell-013-496408283b62/seed-2/snapshots/step-000800.pt
1,scaling-tuned-adamw-10seeds-v1,7097b902cc3f3a43380d0b66433b0a90ecf3915af0cdb913b8b407b76daf38af,cell-013-496408283b62,13,496408283b620ac7004d3c225b2e67f62dacec1511e5f391732c0aa6a59b90dd,3,0,0,32,4,32,2,4,64,adamw,0.003,0.0,800,512,0.0,8192,2.621481418609619,0.535400390625,0.1772279143333435,0.18094402551651,15.720731735229492,"[2.7127199172973633,2.7834835052490234,3.023590564727783,3.168226480484009,3.025114059448242,2.6854476928710938,2.9425132274627686,2.9119369983673096]","[2.770946741104126,3.1239659786224365,3.106912612915039,2.9795634746551514,2.5010437965393066,2.8590593338012695,2.9922008514404297,2.8888797760009766]",seeds/cell-013-496408283b62/seed-3/checkpoint.pt,seeds/cell-013-496408283b62/seed-3/snapshots/step-000000.pt
1,scaling-tuned-adamw-10seeds-v1,7097b902cc3f3a43380d0b66433b0a90ecf3915af0cdb913b8b407b76daf38af,cell-013-496408283b62,13,496408283b620ac7004d3c225b2e67f62dacec1511e5f391732c0aa6a59b90dd,3,1,25,32,4,32,2,4,64,adamw,0.003,0.0,800,512,0.0,8192,0.736636221408844,0.714111328125,0.25799888372421265,0.22573894262313843,15.362371444702148,"[2.7691397666931152,2.7725303173065186,3.084779739379883,3.1647608280181885,2.976607322692871,2.6865739822387695,2.9309258460998535,2.9485864639282227]","[2.8300793170928955,3.2083282470703125,3.144324541091919,3.038926839828491,2.5156502723693848,2.8963959217071533,2.961254358291626,2.928044080734253]",seeds/cell-013-496408283b62/seed-3/checkpoint.pt,seeds/cell-013-496408283b62/seed-3/snapshots/step-000025.pt
1,scaling-tuned-adamw-10seeds-v1,7097b902cc3f3a43380d0b66433b0a90ecf3915af0cdb913b8b407b76daf38af,cell-013-496408283b62,13,496408283b620ac7004d3c225b2e67f62dacec1511e5f391732c0aa6a59b90dd,3,2,50,32,4,32,2,4,64,adamw,0.003,0.0,800,512,0.0,8192,0.5399682521820068,0.8037109375,0.4657649099826813,0.4488474726676941,14.287772178649902,"[2.8394522666931152,2.8346304893493652,3.113569736480713,3.3897433280944824,2.993311643600464,2.7202837467193604,2.955521583557129,2.9451372623443604]","[2.848360538482666,3.194582939147949,3.1347873210906982,3.1242289543151855,2.5161044597625732,2.8832156658172607,2.94759464263916,2.929750919342041]",seeds/cell-013-496408283b62/seed-3/checkpoint.pt,seeds/cell-013-496408283b62/seed-3/snapshots/step-000050.pt
1,scaling-tuned-adamw-10seeds-v1,7097b902cc3f3a43380d0b66433b0a90ecf3915af0cdb913b8b407b76daf38af,cell-013-496408283b62,13,496408283b620ac7004d3c225b2e67f62dacec1511e5f391732c0aa6a59b90dd,3,3,100,32,4,32,2,4,64,adamw,0.003,0.0,800,512,0.0,8192,0.011269006878137589,0.998779296875,0.9853808283805847,0.984289288520813,11.878727912902832,"[3.0139694213867188,3.281157970428467,3.089066743850708,4.351845741271973,3.109928846359253,2.831145763397217,3.085488796234131,2.925384759902954]","[2.8124654293060303,3.1916301250457764,3.09118914604187,3.421114683151245,2.4958176612854004,2.8639116287231445,2.928860664367676,2.9269330501556396]",seeds/cell-013-496408283b62/seed-3/checkpoint.pt,seeds/cell-013-496408283b62/seed-3/snapshots/step-000100.pt
1,scaling-tuned-adamw-10seeds-v1,7097b902cc3f3a43380d0b66433b0a90ecf3915af0cdb913b8b407b76daf38af,cell-013-496408283b62,13,496408283b620ac7004d3c225b2e67f62dacec1511e5f391732c0aa6a59b90dd,3,4,200,32,4,32,2,4,64,adamw,0.003,0.0,800,512,0.0,8192,0.0015630079433321953,0.9998779296875,0.998854398727417,0.9917101860046387,11.62851333618164,"[3.0131235122680664,3.352755069732666,3.0451037883758545,4.5101799964904785,3.138223886489868,2.862910270690918,3.0994808673858643,2.92866849899292]","[2.781583547592163,3.177708148956299,3.0727546215057373,3.502087354660034,2.4973268508911133,2.867250680923462,2.923261880874634,2.920330762863159]",seeds/cell-013-496408283b62/seed-3/checkpoint.pt,seeds/cell-013-496408283b62/seed-3/snapshots/step-000200.pt
1,scaling-tuned-adamw-10seeds-v1,7097b902cc3f3a43380d0b66433b0a90ecf3915af0cdb913b8b407b76daf38af,cell-013-496408283b62,13,496408283b620ac7004d3c225b2e67f62dacec1511e5f391732c0aa6a59b90dd,3,5,400,32,4,32,2,4,64,adamw,0.003,0.0,800,512,0.0,8192,0.0008358069462701678,0.9998779296875,1.0004231929779053,0.9890315532684326,11.485672950744629,"[2.9977478981018066,3.3802506923675537,3.0179755687713623,4.644275188446045,3.1600069999694824,2.8904356956481934,3.1047756671905518,2.93117094039917]","[2.7581253051757812,3.1541383266448975,3.0605735778808594,3.542092800140381,2.4983575344085693,2.8748481273651123,2.915705680847168,2.9198386669158936]",seeds/cell-013-496408283b62/seed-3/checkpoint.pt,seeds/cell-013-496408283b62/seed-3/snapshots/step-000400.pt
1,scaling-tuned-adamw-10seeds-v1,7097b902cc3f3a43380d0b66433b0a90ecf3915af0cdb913b8b407b76daf38af,cell-013-496408283b62,13,496408283b620ac7004d3c225b2e67f62dacec1511e5f391732c0aa6a59b90dd,3,6,800,32,4,32,2,4,64,adamw,0.003,0.0,800,512,0.0,8192,0.0004440542252268642,0.9998779296875,0.9968757629394531,0.9928973317146301,11.362495422363281,"[2.9764533042907715,3.422086715698242,2.987722635269165,4.775721549987793,3.1725893020629883,2.91869854927063,3.1096765995025635,2.9390740394592285]","[2.73590350151062,3.1489856243133545,3.0402743816375732,3.5751428604125977,2.502216100692749,2.8779735565185547,2.911686897277832,2.919206142425537]",seeds/cell-013-496408283b62/seed-3/checkpoint.pt,seeds/cell-013-496408283b62/seed-3/snapshots/step-000800.pt
1,scaling-tuned-adamw-10seeds-v1,7097b902cc3f3a43380d0b66433b0a90ecf3915af0cdb913b8b407b76daf38af,cell-013-496408283b62,13,496408283b620ac7004d3c225b2e67f62dacec1511e5f391732c0aa6a59b90dd,4,0,0,32,4,32,2,4,64,adamw,0.003,0.0,800,512,0.0,8192,2.315793991088867,0.489990234375,-0.13237085938453674,-0.12379655241966248,15.498794555664062,"[2.8525280952453613,2.79341197013855,2.5650665760040283,2.4827768802642822,3.0360770225524902,2.878948926925659,2.4305951595306396,2.835510730743408]","[3.1012935638427734,3.004859209060669,2.9286398887634277,3.0847597122192383,3.035778284072876,2.523975133895874,2.8616983890533447,2.855696678161621]",seeds/cell-013-496408283b62/seed-4/checkpoint.pt,seeds/cell-013-496408283b62/seed-4/snapshots/step-000000.pt
1,scaling-tuned-adamw-10seeds-v1,7097b902cc3f3a43380d0b66433b0a90ecf3915af0cdb913b8b407b76daf38af,cell-013-496408283b62,13,496408283b620ac7004d3c225b2e67f62dacec1511e5f391732c0aa6a59b90dd,4,1,25,32,4,32,2,4,64,adamw,0.003,0.0,800,512,0.0,8192,0.7341232299804688,0.71630859375,0.24865740537643433,0.21078404784202576,15.320777893066406,"[2.8490443229675293,2.854067325592041,2.529876232147217,2.499877452850342,3.06097412109375,2.9595141410827637,2.463761329650879,2.861056089401245]","[3.1579701900482178,3.06087327003479,2.971027135848999,3.1562082767486572,3.081453561782837,2.5617830753326416,2.8577303886413574,2.9304349422454834]",seeds/cell-013-496408283b62/seed-4/checkpoint.pt,seeds/cell-013-496408283b62/seed-4/snapshots/step-000025.pt
1,scaling-tuned-adamw-10seeds-v1,7097b902cc3f3a43380d0b66433b0a90ecf3915af0cdb913b8b407b76daf38af,cell-013-496408283b62,13,496408283b620ac7004d3c225b2e67f62dacec1511e5f391732c0aa6a59b90dd,4,2,50,32,4,32,2,4,64,adamw,0.003,0.0,800,512,0.0,8192,0.5324714183807373,0.8167724609375,0.4534320533275604,0.4317610263824463,14.548667907714844,"[2.934432029724121,3.06084942817688,2.5449740886688232,2.6845529079437256,3.1205642223358154,3.0535192489624023,2.615349531173706,2.9683785438537598]","[3.203986883163452,3.065052032470703,2.978066921234131,3.2336618900299072,3.0901970863342285,2.5826797485351562,2.876253128051758,2.9415929317474365]",seeds/cell-013-496408283b62/seed-4/checkpoint.pt,seeds/cell-013-496408283b62/seed-4/snapshots/step-000050.pt
1,scaling-tuned-adamw-10seeds-v1,7097b902cc3f3a43380d0b66433b0a90ecf3915af0cdb913b8b407b76daf38af,cell-013-496408283b62,13,496408283b620ac7004d3c225b2e67f62dacec1511e5f391732c0aa6a59b90dd,4,3,100,32,4,32,2,4,64,adamw,0.003,0.0,800,512,0.0,8192,0.031050991266965866,0.9952392578125,0.9965678453445435,1.0084295272827148,12.236724853515625,"[3.7118918895721436,4.046868801116943,2.5972394943237305,3.2787904739379883,3.3987107276916504,3.209801197052002,2.834733247756958,3.389944314956665]","[3.305284023284912,3.1238906383514404,2.9384095668792725,3.2669198513031006,3.1139488220214844,2.5684947967529297,2.9238336086273193,3.1069254875183105]",seeds/cell-013-496408283b62/seed-4/checkpoint.pt,seeds/cell-013-496408283b62/seed-4/snapshots/step-000100.pt
1,scaling-tuned-adamw-10seeds-v1,7097b902cc3f3a43380d0b66433b0a90ecf3915af0cdb913b8b407b76daf38af,cell-013-496408283b62,13,496408283b620ac7004d3c225b2e67f62dacec1511e5f391732c0aa6a59b90dd,4,4,200,32,4,32,2,4,64,adamw,0.003,0.0,800,512,0.0,8192,0.00268786633387208,0.9996337890625,0.9965583086013794,1.01167893409729,11.888895034790039,"[3.921189069747925,4.352695465087891,2.585458755493164,3.4282047748565674,3.4544060230255127,3.1409833431243896,2.830141305923462,3.480361223220825]","[3.307811737060547,3.135310411453247,2.910822629928589,3.260725259780884,3.1453418731689453,2.553783893585205,2.940192699432373,3.2809221744537354]",seeds/cell-013-496408283b62/seed-4/checkpoint.pt,seeds/cell-013-496408283b62/seed-4/snapshots/step-000200.pt
1,scaling-tuned-adamw-10seeds-v1,7097b902cc3f3a43380d0b66433b0a90ecf3915af0cdb913b8b407b76daf38af,cell-013-496408283b62,13,496408283b620ac7004d3c225b2e67f62dacec1511e5f391732c0aa6a59b90dd,4,5,400,32,4,32,2,4,64,adamw,0.003,0.0,800,512,0.0,8192,0.0019102577352896333,0.99951171875,0.9986802935600281,1.0103622674942017,11.599122047424316,"[4.091241836547852,4.686461448669434,2.5774223804473877,3.5691874027252197,3.487409830093384,3.126396894454956,2.870723247528076,3.553664207458496]","[3.3129711151123047,3.1687965393066406,2.889143466949463,3.226240634918213,3.169661045074463,2.555328369140625,2.956418037414551,3.373185634613037]",seeds/cell-013-496408283b62/seed-4/checkpoint.pt,seeds/cell-013-496408283b62/seed-4/snapshots/step-000400.pt
1,scaling-tuned-adamw-10seeds-v1,7097b902cc3f3a43380d0b66433b0a90ecf3915af0cdb913b8b407b76daf38af,cell-013-496408283b62,13,496408283b620ac7004d3c225b2e67f62dacec1511e5f391732c0aa6a59b90dd,4,6,800,32,4,32,2,4,64,adamw,0.003,0.0,800,512,0.0,8192,0.00022452448320109397,1.0,0.9970197677612305,1.0081660747528076,11.407078742980957,"[4.26828145980835,4.839661121368408,2.5726592540740967,3.70599365234375,3.51607346534729,3.1017045974731445,2.9097344875335693,3.622063398361206]","[3.330087900161743,3.153313159942627,2.846761703491211,3.2634174823760986,3.1985421180725098,2.5541675090789795,2.9792654514312744,3.4719955921173096]",seeds/cell-013-496408283b62/seed-4/checkpoint.pt,seeds/cell-013-496408283b62/seed-4/snapshots/step-000800.pt
1,scaling-tuned-adamw-10seeds-v1,7097b902cc3f3a43380d0b66433b0a90ecf3915af0cdb913b8b407b76daf38af,cell-013-496408283b62,13,496408283b620ac7004d3c225b2e67f62dacec1511e5f391732c0aa6a59b90dd,5,0,0,32,4,32,2,4,64,adamw,0.003,0.0,800,512,0.0,8192,5.032200336456299,0.507568359375,-0.018927231431007385,-0.01041889563202858,15.848576545715332,"[2.7377824783325195,3.0160892009735107,2.6352951526641846,2.900278329849243,2.8799636363983154,2.940443515777588,3.055082082748413,2.88420033454895]","[2.7801716327667236,3.0086381435394287,3.0187010765075684,2.6091949939727783,3.181910991668701,2.7656309604644775,2.8773159980773926,2.657467842102051]",seeds/cell-013-496408283b62/seed-5/checkpoint.pt,seeds/cell-013-496408283b62/seed-5/snapshots/step-000000.pt
1,scaling-tuned-adamw-10seeds-v1,7097b902cc3f3a43380d0b66433b0a90ecf3915af0cdb913b8b407b76daf38af,cell-013-496408283b62,13,496408283b620ac7004d3c225b2e67f62dacec1511e5f391732c0aa6a59b90dd,5,1,25,32,4,32,2,4,64,adamw,0.003,0.0,800,512,0.0,8192,0.8371465802192688,0.6795654296875,0.2236165702342987,0.19155187904834747,15.631363868713379,"[2.716952323913574,3.0310018062591553,2.601579189300537,2.9632225036621094,2.9372081756591797,2.9845995903015137,3.134023427963257,2.867647647857666]","[2.787940740585327,3.095290422439575,3.0630791187286377,2.6901183128356934,3.245745897293091,2.7752277851104736,2.9485490322113037,2.6934616565704346]",seeds/cell-013-496408283b62/seed-5/checkpoint.pt,seeds/cell-013-496408283b62/seed-5/snapshots/step-000025.pt
1,scaling-tuned-adamw-10seeds-v1,7097b902cc3f3a43380d0b66433b0a90ecf3915af0cdb913b8b407b76daf38af,cell-013-496408283b62,13,496408283b620ac7004d3c225b2e67f62dacec1511e5f391732c0aa6a59b90dd,5,2,50,32,4,32,2,4,64,adamw,0.003,0.0,800,512,0.0,8192,0.7154003381729126,0.7215576171875,0.28533753752708435,0.2609337568283081,15.193679809570312,"[2.7439234256744385,3.0261788368225098,2.5972518920898438,3.007081985473633,2.9438822269439697,2.954902172088623,3.1389102935791016,2.8812618255615234]","[2.81984806060791,3.1135756969451904,3.0710830688476562,2.706416130065918,3.256013870239258,2.7801668643951416,2.9543368816375732,2.703937292098999]",seeds/cell-013-496408283b62/seed-5/checkpoint.pt,seeds/cell-013-496408283b62/seed-5/snapshots/step-000050.pt
1,scaling-tuned-adamw-10seeds-v1,7097b902cc3f3a43380d0b66433b0a90ecf3915af0cdb913b8b407b76daf38af,cell-013-496408283b62,13,496408283b620ac7004d3c225b2e67f62dacec1511e5f391732c0aa6a59b90dd,5,3,100,32,4,32,2,4,64,adamw,0.003,0.0,800,512,0.0,8192,0.08754508942365646,0.98681640625,0.9135160446166992,0.9444069862365723,12.066773414611816,"[3.876530885696411,3.6703360080718994,2.84981369972229,3.62337589263916,2.987488031387329,3.024282932281494,3.2028965950012207,3.1201512813568115]","[3.0436673164367676,3.1227426528930664,3.049189329147339,2.7217612266540527,3.2531750202178955,2.7998714447021484,2.953580856323242,2.666041135787964]",seeds/cell-013-496408283b62/seed-5/checkpoint.pt,seeds/cell-013-496408283b62/seed-5/snapshots/step-000100.pt
1,scaling-tuned-adamw-10seeds-v1,7097b902cc3f3a43380d0b66433b0a90ecf3915af0cdb913b8b407b76daf38af,cell-013-496408283b62,13,496408283b620ac7004d3c225b2e67f62dacec1511e5f391732c0aa6a59b90dd,5,4,200,32,4,32,2,4,64,adamw,0.003,0.0,800,512,0.0,8192,0.0023615770041942596,0.9998779296875,0.9945290088653564,1.0155103206634521,11.565561294555664,"[4.503630638122559,3.8397600650787354,2.919952154159546,3.7581989765167236,3.0535659790039062,3.085674524307251,3.277338743209839,3.196997880935669]","[3.2257168292999268,3.0718603134155273,2.999333381652832,2.700523614883423,3.2413082122802734,2.8205816745758057,2.9965035915374756,2.642240047454834]",seeds/cell-013-496408283b62/seed-5/checkpoint.pt,seeds/cell-013-496408283b62/seed-5/snapshots/step-000200.pt
1,scaling-tuned-adamw-10seeds-v1,7097b902cc3f3a43380d0b66433b0a90ecf3915af0cdb913b8b407b76daf38af,cell-013-496408283b62,13,496408283b620ac7004d3c225b2e67f62dacec1511e5f391732c0aa6a59b90dd,5,5,400,32,4,32,2,4,64,adamw,0.003,0.0,800,512,0.0,8192,0.0009245075634680688,0.9998779296875,1.0030548572540283,1.018449068069458,11.342188835144043,"[4.742854595184326,3.90242075920105,2.9182581901550293,3.767479181289673,3.1088175773620605,3.090743064880371,3.3041129112243652,3.2171151638031006]","[3.303272247314453,3.0651423931121826,2.9660556316375732,2.6737656593322754,3.2409698963165283,2.812260150909424,3.0127346515655518,2.6414883136749268]",seeds/cell-013-496408283b62/seed-5/checkpoint.pt,seeds/cell-013-496408283b62/seed-5/snapshots/step-000400.pt
1,scaling-tuned-adamw-10seeds-v1,7097b902cc3f3a43380d0b66433b0a90ecf3915af0cdb913b8b407b76daf38af,cell-013-496408283b62,13,496408283b620ac7004d3c225b2e67f62dacec1511e5f391732c0aa6a59b90dd,5,6,800,32,4,32,2,4,64,adamw,0.003,0.0,800,512,0.0,8192,0.0006213151500560343,0.9998779296875,0.9990646839141846,1.0058703422546387,11.171963691711426,"[4.93135929107666,3.9570388793945312,2.93930721282959,3.8269646167755127,3.120086431503296,3.059969663619995,3.330425500869751,3.220644235610962]","[3.330312728881836,3.0421831607818604,2.952284812927246,2.6782867908477783,3.2468032836914062,2.8043861389160156,3.0235025882720947,2.641716241836548]",seeds/cell-013-496408283b62/seed-5/checkpoint.pt,seeds/cell-013-496408283b62/seed-5/snapshots/step-000800.pt
1,scaling-tuned-adamw-10seeds-v1,7097b902cc3f3a43380d0b66433b0a90ecf3915af0cdb913b8b407b76daf38af,cell-013-496408283b62,13,496408283b620ac7004d3c225b2e67f62dacec1511e5f391732c0aa6a59b90dd,6,0,0,32,4,32,2,4,64,adamw,0.003,0.0,800,512,0.0,8192,2.5733110904693604,0.49267578125,0.12543167173862457,0.12462542951107025,17.401111602783203,"[3.1270298957824707,2.739943027496338,2.873302936553955,2.989985227584839,2.5521674156188965,3.3516290187835693,2.639516830444336,2.588622570037842]","[3.130478858947754,2.8330235481262207,2.876274824142456,3.0607597827911377,2.742213249206543,2.5300683975219727,2.9752464294433594,2.8857216835021973]",seeds/cell-013-496408283b62/seed-6/checkpoint.pt,seeds/cell-013-496408283b62/seed-6/snapshots/step-000000.pt
1,scaling-tuned-adamw-10seeds-v1,7097b902cc3f3a43380d0b66433b0a90ecf3915af0cdb913b8b407b76daf38af,cell-013-496408283b62,13,496408283b620ac7004d3c225b2e67f62dacec1511e5f391732c0aa6a59b90dd,6,1,25,32,4,32,2,4,64,adamw,0.003,0.0,800,512,0.0,8192,0.7734577655792236,0.6910400390625,0.24013257026672363,0.2037855088710785,17.21735954284668,"[3.0670554637908936,2.8042917251586914,2.909844160079956,2.9909307956695557,2.5780327320098877,3.3532230854034424,2.640957832336426,2.6167168617248535]","[3.2080934047698975,2.8801872730255127,2.9345529079437256,3.0944437980651855,2.7495734691619873,2.578188180923462,2.980847120285034,2.9435768127441406]",seeds/cell-013-496408283b62/seed-6/checkpoint.pt,seeds/cell-013-496408283b62/seed-6/snapshots/step-000025.pt
1,scaling-tuned-adamw-10seeds-v1,7097b902cc3f3a43380d0b66433b0a90ecf3915af0cdb913b8b407b76daf38af,cell-013-496408283b62,13,496408283b620ac7004d3c225b2e67f62dacec1511e5f391732c0aa6a59b90dd,6,2,50,32,4,32,2,4,64,adamw,0.003,0.0,800,512,0.0,8192,0.6532894372940063,0.758544921875,0.33074504137039185,0.32141318917274475,16.541269302368164,"[3.104801654815674,2.8667962551116943,3.1682517528533936,2.987985849380493,2.579613447189331,3.3519978523254395,2.675710916519165,2.677849292755127]","[3.2193222045898438,2.8835432529449463,2.984795093536377,3.1025679111480713,2.7524831295013428,2.5753509998321533,2.9809138774871826,2.9498605728149414]",seeds/cell-013-496408283b62/seed-6/checkpoint.pt,seeds/cell-013-496408283b62/seed-6/snapshots/step-000050.pt
1,scaling-tuned-adamw-10seeds-v1,7097b902cc3f3a43380d0b66433b0a90ecf3915af0cdb913b8b407b76daf38af,cell-013-496408283b62,13,496408283b620ac7004d3c225b2e67f62dacec1511e5f391732c0aa6a59b90dd,6,3,100,32,4,32,2,4,64,adamw,0.003,0.0,800,512,0.0,8192,0.03403915837407112,0.9945068359375,0.989227831363678,1.0172626972198486,12.922540664672852,"[3.4994049072265625,3.0426151752471924,4.776981830596924,3.2486560344696045,2.55542254447937,3.428926706314087,3.0365066528320312,2.892599582672119]","[3.2105801105499268,2.858384370803833,3.317826271057129,3.0632503032684326,2.7606186866760254,2.5775949954986572,2.9760468006134033,2.948796510696411]",seeds/cell-013-496408283b62/seed-6/checkpoint.pt,seeds/cell-013-496408283b62/seed-6/snapshots/step-000100.pt
1,scaling-tuned-adamw-10seeds-v1,7097b902cc3f3a43380d0b66433b0a90ecf3915af0cdb913b8b407b76daf38af,cell-013-496408283b62,13,496408283b620ac7004d3c225b2e67f62dacec1511e5f391732c0aa6a59b90dd,6,4,200,32,4,32,2,4,64,adamw,0.003,0.0,800,512,0.0,8192,0.0017279409803450108,1.0,0.999552845954895,1.0173346996307373,12.442773818969727,"[3.5215837955474854,3.0175256729125977,5.182037353515625,3.265007972717285,2.5675995349884033,3.448972702026367,3.1300432682037354,2.8685879707336426]","[3.1573028564453125,2.815399169921875,3.4368884563446045,3.0197207927703857,2.7418065071105957,2.5872085094451904,2.9769721031188965,2.9506995677948]",seeds/cell-013-496408283b62/seed-6/checkpoint.pt,seeds/cell-013-496408283b62/seed-6/snapshots/step-000200.pt
1,scaling-tuned-adamw-10seeds-v1,7097b902cc3f3a43380d0b66433b0a90ecf3915af0cdb913b8b407b76daf38af,cell-013-496408283b62,13,496408283b620ac7004d3c225b2e67f62dacec1511e5f391732c0aa6a59b90dd,6,5,400,32,4,32,2,4,64,adamw,0.003,0.0,800,512,0.0,8192,0.0006077930447645485,1.0,1.0004457235336304,1.0180082321166992,12.249299049377441,"[3.510711193084717,2.993927001953125,5.335222244262695,3.254218339920044,2.5867087841033936,3.4591169357299805,3.1411588191986084,2.8756370544433594]","[3.1303231716156006,2.7875096797943115,3.5063767433166504,3.0011727809906006,2.7324533462524414,2.592242479324341,2.9741876125335693,2.9502830505371094]",seeds/cell-013-496408283b62/seed-6/checkpoint.pt,seeds/cell-013-496408283b62/seed-6/snapshots/step-000400.pt
1,scaling-tuned-adamw-10seeds-v1,7097b902cc3f3a43380d0b66433b0a90ecf3915af0cdb913b8b407b76daf38af,cell-013-496408283b62,13,496408283b620ac7004d3c225b2e67f62dacec1511e5f391732c0aa6a59b90dd,6,6,800,32,4,32,2,4,64,adamw,0.003,0.0,800,512,0.0,8192,0.00017521120025776327,1.0,1.0025814771652222,1.019615888595581,12.091238975524902,"[3.498584270477295,2.9708170890808105,5.413126468658447,3.2366392612457275,2.6048531532287598,3.466628074645996,3.1416804790496826,2.887404441833496]","[3.1095476150512695,2.764461040496826,3.5618810653686523,2.987067699432373,2.722249746322632,2.593308687210083,2.9704370498657227,2.9463961124420166]",seeds/cell-013-496408283b62/seed-6/checkpoint.pt,seeds/cell-013-496408283b62/seed-6/snapshots/step-000800.pt
1,scaling-tuned-adamw-10seeds-v1,7097b902cc3f3a43380d0b66433b0a90ecf3915af0cdb913b8b407b76daf38af,cell-013-496408283b62,13,496408283b620ac7004d3c225b2e67f62dacec1511e5f391732c0aa6a59b90dd,7,0,0,32,4,32,2,4,64,adamw,0.003,0.0,800,512,0.0,8192,1.5512940883636475,0.448486328125,-0.1067628487944603,-0.08848529309034348,16.418479919433594,"[3.0968101024627686,2.693189859390259,2.549790382385254,2.9837088584899902,3.142658233642578,2.819737434387207,2.7080867290496826,2.7275102138519287]","[3.294663190841675,2.663571357727051,2.5960419178009033,2.9948537349700928,2.7626373767852783,2.6857388019561768,2.554460048675537,2.948528528213501]",seeds/cell-013-496408283b62/seed-7/checkpoint.pt,seeds/cell-013-496408283b62/seed-7/snapshots/step-000000.pt
1,scaling-tuned-adamw-10seeds-v1,7097b902cc3f3a43380d0b66433b0a90ecf3915af0cdb913b8b407b76daf38af,cell-013-496408283b62,13,496408283b620ac7004d3c225b2e67f62dacec1511e5f391732c0aa6a59b90dd,7,1,25,32,4,32,2,4,64,adamw,0.003,0.0,800,512,0.0,8192,0.768580436706543,0.6944580078125,0.23911556601524353,0.21463578939437866,16.282772064208984,"[3.1245784759521484,2.7278857231140137,2.5740151405334473,2.940485715866089,3.177210569381714,2.838322639465332,2.7533156871795654,2.753031015396118]","[3.2906837463378906,2.685575485229492,2.6497132778167725,3.016963481903076,2.8223016262054443,2.7455906867980957,2.546916961669922,2.940782308578491]",seeds/cell-013-496408283b62/seed-7/checkpoint.pt,seeds/cell-013-496408283b62/seed-7/snapshots/step-000025.pt
1,scaling-tuned-adamw-10seeds-v1,7097b902cc3f3a43380d0b66433b0a90ecf3915af0cdb913b8b407b76daf38af,cell-013-496408283b62,13,496408283b620ac7004d3c225b2e67f62dacec1511e5f391732c0aa6a59b90dd,7,2,50,32,4,32,2,4,64,adamw,0.003,0.0,800,512,0.0,8192,0.5871821641921997,0.7855224609375,0.4114922285079956,0.4034086763858795,15.181118965148926,"[3.2022409439086914,2.765688180923462,2.8536720275878906,3.170053720474243,3.211878776550293,2.8489248752593994,2.865241050720215,2.705205202102661]","[3.2775776386260986,2.6788346767425537,2.670231819152832,3.041764497756958,2.8230180740356445,2.7537460327148438,2.5590686798095703,2.935469627380371]",seeds/cell-013-496408283b62/seed-7/checkpoint.pt,seeds/cell-013-496408283b62/seed-7/snapshots/step-000050.pt
1,scaling-tuned-adamw-10seeds-v1,7097b902cc3f3a43380d0b66433b0a90ecf3915af0cdb913b8b407b76daf38af,cell-013-496408283b62,13,496408283b620ac7004d3c225b2e67f62dacec1511e5f391732c0aa6a59b90dd,7,3,100,32,4,32,2,4,64,adamw,0.003,0.0,800,512,0.0,8192,0.010855572298169136,0.99951171875,1.0125259160995483,1.0296357870101929,11.785628318786621,"[3.5955405235290527,3.0421948432922363,4.343410491943359,4.2162394523620605,3.3272111415863037,2.85184907913208,3.3201143741607666,2.6710493564605713]","[3.2337801456451416,2.5969393253326416,2.7852163314819336,3.1312787532806396,2.8712410926818848,2.758023262023926,2.6078543663024902,2.9075534343719482]",seeds/cell-013-496408283b62/seed-7/checkpoint.pt,seeds/cell-013-496408283b62/seed-7/snapshots/step-000100.pt
1,scaling-tuned-adamw-10seeds-v1,7097b902cc3f3a43380d0b66433b0a90ecf3915af0cdb913b8b407b76daf38af,cell-013-496408283b62,13,496408283b620ac7004d3c225b2e67f62dacec1511e5f391732c0aa6a59b90dd,7,4,200,32,4,32,2,4,64,adamw,0.003,0.0,800,512,0.0,8192,0.0012719057267531753,1.0,1.0012016296386719,1.0160133838653564,11.586332321166992,"[3.5520451068878174,3.031085252761841,4.553150653839111,4.332572937011719,3.384019136428833,2.8499693870544434,3.391920566558838,2.6640918254852295]","[3.1921377182006836,2.57305908203125,2.790759801864624,3.1519830226898193,2.877962589263916,2.765824794769287,2.611219882965088,2.8901734352111816]",seeds/cell-013-496408283b62/seed-7/checkpoint.pt,seeds/cell-013-496408283b62/seed-7/snapshots/step-000200.pt
1,scaling-tuned-adamw-10seeds-v1,7097b902cc3f3a43380d0b66433b0a90ecf3915af0cdb913b8b407b76daf38af,cell-013-496408283b62,13,496408283b620ac7004d3c225b2e67f62dacec1511e5f391732c0aa6a59b90dd,7,5,400,32,4,32,2,4,64,adamw,0.003,0.0,800,512,0.0,8192,0.0003358368994668126,1.0,1.0004457235336304,1.014595866203308,11.4550142288208,"[3.5285632610321045,3.0219976902008057,4.671584606170654,4.40004825592041,3.4018542766571045,2.834826946258545,3.4343953132629395,2.660601854324341]","[3.1710777282714844,2.562133550643921,2.7896406650543213,3.1583657264709473,2.876790761947632,2.771212577819824,2.6077966690063477,2.883401393890381]",seeds/cell-013-496408283b62/seed-7/checkpoint.pt,seeds/cell-013-496408283b62/seed-7/snapshots/step-000400.pt
1,scaling-tuned-adamw-10seeds-v1,7097b902cc3f3a43380d0b66433b0a90ecf3915af0cdb913b8b407b76daf38af,cell-013-496408283b62,13,496408283b620ac7004d3c225b2e67f62dacec1511e5f391732c0aa6a59b90dd,7,6,800,32,4,32,2,4,64,adamw,0.003,0.0,800,512,0.0,8192,9.371450869366527e-05,1.0,0.999031662940979,1.0161858797073364,11.333056449890137,"[3.51261568069458,3.0153214931488037,4.815317153930664,4.476267337799072,3.3969309329986572,2.82554292678833,3.445106029510498,2.6514995098114014]","[3.154308557510376,2.541990280151367,2.8025267124176025,3.162053346633911,2.8780012130737305,2.7763476371765137,2.5965497493743896,2.8799071311950684]",seeds/cell-013-496408283b62/seed-7/checkpoint.pt,seeds/cell-013-496408283b62/seed-7/snapshots/step-000800.pt
1,scaling-tuned-adamw-10seeds-v1,7097b902cc3f3a43380d0b66433b0a90ecf3915af0cdb913b8b407b76daf38af,cell-013-496408283b62,13,496408283b620ac7004d3c225b2e67f62dacec1511e5f391732c0aa6a59b90dd,8,0,0,32,4,32,2,4,64,adamw,0.003,0.0,800,512,0.0,8192,1.3852431774139404,0.4833984375,-0.004996343515813351,-0.033388569951057434,15.800055503845215,"[2.869619607925415,2.791213274002075,2.7036283016204834,2.4653191566467285,2.459036350250244,2.8255014419555664,3.1284565925598145,2.9633586406707764]","[3.087718963623047,2.905478000640869,2.7756311893463135,2.4713821411132812,2.5373594760894775,2.9477176666259766,2.8969030380249023,3.0044949054718018]",seeds/cell-013-496408283b62/seed-8/checkpoint.pt,seeds/cell-013-496408283b62/seed-8/snapshots/step-000000.pt
1,scaling-tuned-adamw-10seeds-v1,7097b902cc3f3a43380d0b66433b0a90ecf3915af0cdb913b8b407b76daf38af,cell-013-496408283b62,13,496408283b620ac7004d3c225b2e67f62dacec1511e5f391732c0aa6a59b90dd,8,1,25,32,4,32,2,4,64,adamw,0.003,0.0,800,512,0.0,8192,0.6768648624420166,0.73828125,0.3316822648048401,0.29377493262290955,15.53077220916748,"[2.9363927841186523,2.826406717300415,2.6600513458251953,2.5257186889648438,2.421239137649536,2.837582588195801,3.20365047454834,2.973477840423584]","[3.150146007537842,2.895610809326172,2.8247079849243164,2.4726202487945557,2.551731586456299,3.013826608657837,2.9840846061706543,3.086418867111206]",seeds/cell-013-496408283b62/seed-8/checkpoint.pt,seeds/cell-013-496408283b62/seed-8/snapshots/step-000025.pt
1,scaling-tuned-adamw-10seeds-v1,7097b902cc3f3a43380d0b66433b0a90ecf3915af0cdb913b8b407b76daf38af,cell-013-496408283b62,13,496408283b620ac7004d3c225b2e67f62dacec1511e5f391732c0aa6a59b90dd,8,2,50,32,4,32,2,4,64,adamw,0.003,0.0,800,512,0.0,8192,0.28809869289398193,0.9146728515625,0.7507550716400146,0.7581186294555664,13.606924057006836,"[3.356719970703125,3.102940797805786,2.7977724075317383,2.92954683303833,2.450155019760132,2.9105734825134277,3.394697666168213,3.0176918506622314]","[3.2086970806121826,2.9446933269500732,2.8083784580230713,2.5160553455352783,2.5426461696624756,3.0273213386535645,2.9793031215667725,3.073322296142578]",seeds/cell-013-496408283b62/seed-8/checkpoint.pt,seeds/cell-013-496408283b62/seed-8/snapshots/step-000050.pt
1,scaling-tuned-adamw-10seeds-v1,7097b902cc3f3a43380d0b66433b0a90ecf3915af0cdb913b8b407b76daf38af,cell-013-496408283b62,13,496408283b620ac7004d3c225b2e67f62dacec1511e5f391732c0aa6a59b90dd,8,3,100,32,4,32,2,4,64,adamw,0.003,0.0,800,512,0.0,8192,0.005674883723258972,0.99951171875,0.9926989674568176,0.9910375475883484,12.344060897827148,"[4.127933025360107,3.326967477798462,3.0509331226348877,3.643311023712158,2.500802516937256,3.184886932373047,3.514219045639038,3.10444974899292]","[3.3538599014282227,2.8603317737579346,2.7493958473205566,2.6052401065826416,2.586467981338501,3.0111494064331055,2.982060432434082,3.0619430541992188]",seeds/cell-013-496408283b62/seed-8/checkpoint.pt,seeds/cell-013-496408283b62/seed-8/snapshots/step-000100.pt
1,scaling-tuned-adamw-10seeds-v1,7097b902cc3f3a43380d0b66433b0a90ecf3915af0cdb913b8b407b76daf38af,cell-013-496408283b62,13,496408283b620ac7004d3c225b2e67f62dacec1511e5f391732c0aa6a59b90dd,8,4,200,32,4,32,2,4,64,adamw,0.003,0.0,800,512,0.0,8192,0.0008038666564971209,1.0,1.0008459091186523,1.004783034324646,12.238606452941895,"[4.249342918395996,3.3498101234436035,3.0545434951782227,3.7605414390563965,2.5048766136169434,3.215081214904785,3.5244393348693848,3.111874580383301]","[3.3669848442077637,2.8403208255767822,2.7183096408843994,2.618436574935913,2.5981314182281494,3.030855178833008,2.9780683517456055,3.0635695457458496]",seeds/cell-013-496408283b62/seed-8/checkpoint.pt,seeds/cell-013-496408283b62/seed-8/snapshots/step-000200.pt
1,scaling-tuned-adamw-10seeds-v1,7097b902cc3f3a43380d0b66433b0a90ecf3915af0cdb913b8b407b76daf38af,cell-013-496408283b62,13,496408283b620ac7004d3c225b2e67f62dacec1511e5f391732c0aa6a59b90dd,8,5,400,32,4,32,2,4,64,adamw,0.003,0.0,800,512,0.0,8192,0.0043840063735842705,0.9989013671875,0.9953264594078064,0.9931042194366455,12.161417961120605,"[4.408212184906006,3.3723268508911133,3.051985263824463,3.921541690826416,2.526305913925171,3.185178279876709,3.5427091121673584,3.115168571472168]","[3.393949270248413,2.826735496520996,2.689389228820801,2.629019260406494,2.6028928756713867,3.0466678142547607,2.978257894515991,3.0644192695617676]",seeds/cell-013-496408283b62/seed-8/checkpoint.pt,seeds/cell-013-496408283b62/seed-8/snapshots/step-000400.pt
1,scaling-tuned-adamw-10seeds-v1,7097b902cc3f3a43380d0b66433b0a90ecf3915af0cdb913b8b407b76daf38af,cell-013-496408283b62,13,496408283b620ac7004d3c225b2e67f62dacec1511e5f391732c0aa6a59b90dd,8,6,800,32,4,32,2,4,64,adamw,0.003,0.0,800,512,0.0,8192,0.00012110667739761993,1.0,0.9999563097953796,1.0020703077316284,11.852068901062012,"[4.79181432723999,3.4975762367248535,3.103273391723633,4.118704795837402,2.550001859664917,3.112767457962036,3.5681514739990234,3.1180922985076904]","[3.4136226177215576,2.833606004714966,2.6690943241119385,2.603133201599121,2.609550714492798,3.0295870304107666,2.9766194820404053,3.0686421394348145]",seeds/cell-013-496408283b62/seed-8/checkpoint.pt,seeds/cell-013-496408283b62/seed-8/snapshots/step-000800.pt
1,scaling-tuned-adamw-10seeds-v1,7097b902cc3f3a43380d0b66433b0a90ecf3915af0cdb913b8b407b76daf38af,cell-013-496408283b62,13,496408283b620ac7004d3c225b2e67f62dacec1511e5f391732c0aa6a59b90dd,9,0,0,32,4,32,2,4,64,adamw,0.003,0.0,800,512,0.0,8192,1.1943155527114868,0.6131591796875,0.19891339540481567,0.1306639313697815,16.62105369567871,"[2.535126209259033,2.6038644313812256,2.6686975955963135,2.499605655670166,2.9814682006835938,2.975489616394043,2.453195810317993,3.176964044570923]","[3.0628304481506348,3.1918134689331055,2.952316999435425,3.386162281036377,2.6744303703308105,2.5616989135742188,3.1665163040161133,2.753633975982666]",seeds/cell-013-496408283b62/seed-9/checkpoint.pt,seeds/cell-013-496408283b62/seed-9/snapshots/step-000000.pt
1,scaling-tuned-adamw-10seeds-v1,7097b902cc3f3a43380d0b66433b0a90ecf3915af0cdb913b8b407b76daf38af,cell-013-496408283b62,13,496408283b620ac7004d3c225b2e67f62dacec1511e5f391732c0aa6a59b90dd,9,1,25,32,4,32,2,4,64,adamw,0.003,0.0,800,512,0.0,8192,0.6810693740844727,0.7435302734375,0.32740646600723267,0.3072217106819153,16.35748863220215,"[2.614550828933716,2.554187536239624,2.717221260070801,2.5231547355651855,2.9605207443237305,2.964643716812134,2.494779586791992,3.217318534851074]","[3.105201244354248,3.204542875289917,3.037238836288452,3.495194673538208,2.730332612991333,2.570085048675537,3.1893022060394287,2.7686052322387695]",seeds/cell-013-496408283b62/seed-9/checkpoint.pt,seeds/cell-013-496408283b62/seed-9/snapshots/step-000025.pt
1,scaling-tuned-adamw-10seeds-v1,7097b902cc3f3a43380d0b66433b0a90ecf3915af0cdb913b8b407b76daf38af,cell-013-496408283b62,13,496408283b620ac7004d3c225b2e67f62dacec1511e5f391732c0aa6a59b90dd,9,2,50,32,4,32,2,4,64,adamw,0.003,0.0,800,512,0.0,8192,0.19233101606369019,0.9627685546875,0.8573684692382812,0.9231946468353271,14.33542251586914,"[3.1826109886169434,2.994373321533203,3.0992257595062256,2.9874773025512695,2.983534812927246,2.8973591327667236,2.4989430904388428,3.3142616748809814]","[3.1441028118133545,3.2741692066192627,3.042973279953003,3.537862539291382,2.6892125606536865,2.6485753059387207,3.228269577026367,2.749152421951294]",seeds/cell-013-496408283b62/seed-9/checkpoint.pt,seeds/cell-013-496408283b62/seed-9/snapshots/step-000050.pt
1,scaling-tuned-adamw-10seeds-v1,7097b902cc3f3a43380d0b66433b0a90ecf3915af0cdb913b8b407b76daf38af,cell-013-496408283b62,13,496408283b620ac7004d3c225b2e67f62dacec1511e5f391732c0aa6a59b90dd,9,3,100,32,4,32,2,4,64,adamw,0.003,0.0,800,512,0.0,8192,0.005658254958689213,0.999755859375,0.9962185621261597,0.9886673092842102,13.473973274230957,"[3.5501139163970947,3.3810412883758545,3.447662353515625,3.6565496921539307,2.996018886566162,2.794790029525757,2.576448440551758,3.3709158897399902]","[3.138333559036255,3.327674150466919,3.025601863861084,3.672947645187378,2.6528632640838623,2.583775281906128,3.180147886276245,2.757645606994629]",seeds/cell-013-496408283b62/seed-9/checkpoint.pt,seeds/cell-013-496408283b62/seed-9/snapshots/step-000100.pt
1,scaling-tuned-adamw-10seeds-v1,7097b902cc3f3a43380d0b66433b0a90ecf3915af0cdb913b8b407b76daf38af,cell-013-496408283b62,13,496408283b620ac7004d3c225b2e67f62dacec1511e5f391732c0aa6a59b90dd,9,4,200,32,4,32,2,4,64,adamw,0.003,0.0,800,512,0.0,8192,0.0009892693487927318,1.0,0.9993132948875427,0.9845394492149353,13.296667098999023,"[3.668562650680542,3.4646506309509277,3.5101730823516846,3.8309166431427,3.005688428878784,2.799262762069702,2.5888748168945312,3.3765387535095215]","[3.1481781005859375,3.31292724609375,3.0052313804626465,3.7087771892547607,2.6429758071899414,2.591989278793335,3.1628942489624023,2.749606132507324]",seeds/cell-013-496408283b62/seed-9/checkpoint.pt,seeds/cell-013-496408283b62/seed-9/snapshots/step-000200.pt
1,scaling-tuned-adamw-10seeds-v1,7097b902cc3f3a43380d0b66433b0a90ecf3915af0cdb913b8b407b76daf38af,cell-013-496408283b62,13,496408283b620ac7004d3c225b2e67f62dacec1511e5f391732c0aa6a59b90dd,9,5,400,32,4,32,2,4,64,adamw,0.003,0.0,800,512,0.0,8192,0.0002426958380965516,1.0,1.002182126045227,0.9849369525909424,13.1873140335083,"[3.703993797302246,3.492171287536621,3.52329158782959,3.8958001136779785,3.006268262863159,2.8043458461761475,2.6022307872772217,3.3744757175445557]","[3.1395347118377686,3.3045291900634766,2.989027261734009,3.734248399734497,2.6367673873901367,2.585601568222046,3.1563167572021484,2.7457635402679443]",seeds/cell-013-496408283b62/seed-9/checkpoint.pt,seeds/cell-013-496408283b62/seed-9/snapshots/step-000400.pt
1,scaling-tuned-adamw-10seeds-v1,7097b902cc3f3a43380d0b66433b0a90ecf3915af0cdb913b8b407b76daf38af,cell-013-496408283b62,13,496408283b620ac7004d3c225b2e67f62dacec1511e5f391732c0aa6a59b90dd,9,6,800,32,4,32,2,4,64,adamw,0.003,0.0,800,512,0.0,8192,0.00032434670720249414,0.9998779296875,0.9992790222167969,0.9824937582015991,12.773600578308105,"[3.9003586769104004,3.717434883117676,3.754380226135254,4.310092926025391,3.033883571624756,2.814032793045044,2.602041721343994,3.397146463394165]","[3.1476593017578125,3.34527325630188,2.9552881717681885,3.7821948528289795,2.6220316886901855,2.6469337940216064,3.1369740962982178,2.737762689590454]",seeds/cell-013-496408283b62/seed-9/checkpoint.pt,seeds/cell-013-496408283b62/seed-9/snapshots/step-000800.pt
1,scaling-tuned-adamw-10seeds-v1,7097b902cc3f3a43380d0b66433b0a90ecf3915af0cdb913b8b407b76daf38af,cell-014-878540454dfb,14,878540454dfb38d262f1ce82c49deb686e9c1c4a1534aebac3b29c305b909682,0,0,0,128,4,32,2,1,64,adamw,0.003,0.0,800,512,0.0,8192,1.5989117622375488,0.5107421875,0.040954701602458954,0.01588892564177513,25.74311065673828,"[5.5570220947265625,5.656834602355957]","[5.460631847381592,5.623565196990967]",seeds/cell-014-878540454dfb/seed-0/checkpoint.pt,seeds/cell-014-878540454dfb/seed-0/snapshots/step-000000.pt
1,scaling-tuned-adamw-10seeds-v1,7097b902cc3f3a43380d0b66433b0a90ecf3915af0cdb913b8b407b76daf38af,cell-014-878540454dfb,14,878540454dfb38d262f1ce82c49deb686e9c1c4a1534aebac3b29c305b909682,0,1,25,128,4,32,2,1,64,adamw,0.003,0.0,800,512,0.0,8192,0.8302021026611328,0.6588134765625,0.15494245290756226,0.14125043153762817,25.557308197021484,"[5.609485149383545,5.699005126953125]","[5.654382705688477,5.844149112701416]",seeds/cell-014-878540454dfb/seed-0/checkpoint.pt,seeds/cell-014-878540454dfb/seed-0/snapshots/step-000025.pt
1,scaling-tuned-adamw-10seeds-v1,7097b902cc3f3a43380d0b66433b0a90ecf3915af0cdb913b8b407b76daf38af,cell-014-878540454dfb,14,878540454dfb38d262f1ce82c49deb686e9c1c4a1534aebac3b29c305b909682,0,2,50,128,4,32,2,1,64,adamw,0.003,0.0,800,512,0.0,8192,0.518631100654602,0.8240966796875,0.45759493112564087,0.4417864978313446,24.09204864501953,"[5.999422550201416,5.823757171630859]","[5.723418712615967,5.874849319458008]",seeds/cell-014-878540454dfb/seed-0/checkpoint.pt,seeds/cell-014-878540454dfb/seed-0/snapshots/step-000050.pt
1,scaling-tuned-adamw-10seeds-v1,7097b902cc3f3a43380d0b66433b0a90ecf3915af0cdb913b8b407b76daf38af,cell-014-878540454dfb,14,878540454dfb38d262f1ce82c49deb686e9c1c4a1534aebac3b29c305b909682,0,3,100,128,4,32,2,1,64,adamw,0.003,0.0,800,512,0.0,8192,0.014347029849886894,0.999267578125,1.003009557723999,1.0056705474853516,19.20624351501465,"[8.213311195373535,5.988489627838135]","[5.841097831726074,5.892413139343262]",seeds/cell-014-878540454dfb/seed-0/checkpoint.pt,seeds/cell-014-878540454dfb/seed-0/snapshots/step-000100.pt
1,scaling-tuned-adamw-10seeds-v1,7097b902cc3f3a43380d0b66433b0a90ecf3915af0cdb913b8b407b76daf38af,cell-014-878540454dfb,14,878540454dfb38d262f1ce82c49deb686e9c1c4a1534aebac3b29c305b909682,0,4,200,128,4,32,2,1,64,adamw,0.003,0.0,800,512,0.0,8192,0.0020649367943406105,0.9998779296875,1.0059313774108887,1.0065155029296875,18.821176528930664,"[8.54563045501709,6.005051612854004]","[5.911932468414307,5.90034818649292]",seeds/cell-014-878540454dfb/seed-0/checkpoint.pt,seeds/cell-014-878540454dfb/seed-0/snapshots/step-000200.pt
1,scaling-tuned-adamw-10seeds-v1,7097b902cc3f3a43380d0b66433b0a90ecf3915af0cdb913b8b407b76daf38af,cell-014-878540454dfb,14,878540454dfb38d262f1ce82c49deb686e9c1c4a1534aebac3b29c305b909682,0,5,400,128,4,32,2,1,64,adamw,0.003,0.0,800,512,0.0,8192,0.00043647614074870944,1.0,0.9979479312896729,0.9971520304679871,18.633785247802734,"[8.71202564239502,6.081421375274658]","[5.956456661224365,5.896954536437988]",seeds/cell-014-878540454dfb/seed-0/checkpoint.pt,seeds/cell-014-878540454dfb/seed-0/snapshots/step-000400.pt
1,scaling-tuned-adamw-10seeds-v1,7097b902cc3f3a43380d0b66433b0a90ecf3915af0cdb913b8b407b76daf38af,cell-014-878540454dfb,14,878540454dfb38d262f1ce82c49deb686e9c1c4a1534aebac3b29c305b909682,0,6,800,128,4,32,2,1,64,adamw,0.003,0.0,800,512,0.0,8192,0.00016286075697280467,1.0,0.9996304512023926,1.0003530979156494,18.515172958374023,"[8.890814781188965,6.135384559631348]","[5.984371185302734,5.890308856964111]",seeds/cell-014-878540454dfb/seed-0/checkpoint.pt,seeds/cell-014-878540454dfb/seed-0/snapshots/step-000800.pt
1,scaling-tuned-adamw-10seeds-v1,7097b902cc3f3a43380d0b66433b0a90ecf3915af0cdb913b8b407b76daf38af,cell-014-878540454dfb,14,878540454dfb38d262f1ce82c49deb686e9c1c4a1534aebac3b29c305b909682,1,0,0,128,4,32,2,1,64,adamw,0.003,0.0,800,512,0.0,8192,1.4253425598144531,0.5718994140625,0.13222035765647888,0.12131262570619583,25.127870559692383,"[5.831892013549805,5.828216552734375]","[5.575160980224609,5.5387797355651855]",seeds/cell-014-878540454dfb/seed-1/checkpoint.pt,seeds/cell-014-878540454dfb/seed-1/snapshots/step-000000.pt
1,scaling-tuned-adamw-10seeds-v1,7097b902cc3f3a43380d0b66433b0a90ecf3915af0cdb913b8b407b76daf38af,cell-014-878540454dfb,14,878540454dfb38d262f1ce82c49deb686e9c1c4a1534aebac3b29c305b909682,1,1,25,128,4,32,2,1,64,adamw,0.003,0.0,800,512,0.0,8192,0.7644336223602295,0.6973876953125,0.23563595116138458,0.19060742855072021,25.058706283569336,"[5.8075642585754395,5.846863269805908]","[5.630654335021973,5.698373794555664]",seeds/cell-014-878540454dfb/seed-1/checkpoint.pt,seeds/cell-014-878540454dfb/seed-1/snapshots/step-000025.pt
1,scaling-tuned-adamw-10seeds-v1,7097b902cc3f3a43380d0b66433b0a90ecf3915af0cdb913b8b407b76daf38af,cell-014-878540454dfb,14,878540454dfb38d262f1ce82c49deb686e9c1c4a1534aebac3b29c305b909682,1,2,50,128,4,32,2,1,64,adamw,0.003,0.0,800,512,0.0,8192,0.6362686157226562,0.76171875,0.3542722761631012,0.32716071605682373,24.520160675048828,"[5.917752742767334,6.052192687988281]","[5.652010440826416,5.761007308959961]",seeds/cell-014-878540454dfb/seed-1/checkpoint.pt,seeds/cell-014-878540454dfb/seed-1/snapshots/step-000050.pt
1,scaling-tuned-adamw-10seeds-v1,7097b902cc3f3a43380d0b66433b0a90ecf3915af0cdb913b8b407b76daf38af,cell-014-878540454dfb,14,878540454dfb38d262f1ce82c49deb686e9c1c4a1534aebac3b29c305b909682,1,3,100,128,4,32,2,1,64,adamw,0.003,0.0,800,512,0.0,8192,0.019316164776682854,0.9970703125,0.9778313040733337,0.9649981260299683,20.904516220092773,"[7.741093158721924,7.6346211433410645]","[5.701247692108154,5.839677333831787]",seeds/cell-014-878540454dfb/seed-1/checkpoint.pt,seeds/cell-014-878540454dfb/seed-1/snapshots/step-000100.pt
1,scaling-tuned-adamw-10seeds-v1,7097b902cc3f3a43380d0b66433b0a90ecf3915af0cdb913b8b407b76daf38af,cell-014-878540454dfb,14,878540454dfb38d262f1ce82c49deb686e9c1c4a1534aebac3b29c305b909682,1,4,200,128,4,32,2,1,64,adamw,0.003,0.0,800,512,0.0,8192,0.002994145732372999,0.9993896484375,1.0020116567611694,0.9967737197875977,20.242156982421875,"[8.297212600708008,7.970643997192383]","[5.638357162475586,5.973085880279541]",seeds/cell-014-878540454dfb/seed-1/checkpoint.pt,seeds/cell-014-878540454dfb/seed-1/snapshots/step-000200.pt
1,scaling-tuned-adamw-10seeds-v1,7097b902cc3f3a43380d0b66433b0a90ecf3915af0cdb913b8b407b76daf38af,cell-014-878540454dfb,14,878540454dfb38d262f1ce82c49deb686e9c1c4a1534aebac3b29c305b909682,1,5,400,128,4,32,2,1,64,adamw,0.003,0.0,800,512,0.0,8192,0.0010198276722803712,0.9998779296875,1.000231146812439,0.9983822107315063,19.946941375732422,"[8.8994140625,8.1231050491333]","[5.600879669189453,6.064087390899658]",seeds/cell-014-878540454dfb/seed-1/checkpoint.pt,seeds/cell-014-878540454dfb/seed-1/snapshots/step-000400.pt
1,scaling-tuned-adamw-10seeds-v1,7097b902cc3f3a43380d0b66433b0a90ecf3915af0cdb913b8b407b76daf38af,cell-014-878540454dfb,14,878540454dfb38d262f1ce82c49deb686e9c1c4a1534aebac3b29c305b909682,1,6,800,128,4,32,2,1,64,adamw,0.003,0.0,800,512,0.0,8192,0.00013098417548462749,1.0,0.9980678558349609,0.9986060261726379,19.761133193969727,"[9.079240798950195,8.173567771911621]","[5.580454349517822,6.166502475738525]",seeds/cell-014-878540454dfb/seed-1/checkpoint.pt,seeds/cell-014-878540454dfb/seed-1/snapshots/step-000800.pt
1,scaling-tuned-adamw-10seeds-v1,7097b902cc3f3a43380d0b66433b0a90ecf3915af0cdb913b8b407b76daf38af,cell-014-878540454dfb,14,878540454dfb38d262f1ce82c49deb686e9c1c4a1534aebac3b29c305b909682,2,0,0,128,4,32,2,1,64,adamw,0.003,0.0,800,512,0.0,8192,2.2492353916168213,0.437744140625,-0.1435573846101761,-0.09775800257921219,25.42630386352539,"[5.5531768798828125,5.806046485900879]","[5.802436351776123,5.87392520904541]",seeds/cell-014-878540454dfb/seed-2/checkpoint.pt,seeds/cell-014-878540454dfb/seed-2/snapshots/step-000000.pt
1,scaling-tuned-adamw-10seeds-v1,7097b902cc3f3a43380d0b66433b0a90ecf3915af0cdb913b8b407b76daf38af,cell-014-878540454dfb,14,878540454dfb38d262f1ce82c49deb686e9c1c4a1534aebac3b29c305b909682,2,1,25,128,4,32,2,1,64,adamw,0.003,0.0,800,512,0.0,8192,0.8000154495239258,0.6810302734375,0.2053755223751068,0.15409620106220245,25.185211181640625,"[5.667740821838379,5.802428245544434]","[5.9077839851379395,6.056820392608643]",seeds/cell-014-878540454dfb/seed-2/checkpoint.pt,seeds/cell-014-878540454dfb/seed-2/snapshots/step-000025.pt
1,scaling-tuned-adamw-10seeds-v1,7097b902cc3f3a43380d0b66433b0a90ecf3915af0cdb913b8b407b76daf38af,cell-014-878540454dfb,14,878540454dfb38d262f1ce82c49deb686e9c1c4a1534aebac3b29c305b909682,2,2,50,128,4,32,2,1,64,adamw,0.003,0.0,800,512,0.0,8192,0.6797837615013123,0.74853515625,0.34518665075302124,0.3073476552963257,24.69759750366211,"[5.758194923400879,5.920043468475342]","[5.894217014312744,6.105344772338867]",seeds/cell-014-878540454dfb/seed-2/checkpoint.pt,seeds/cell-014-878540454dfb/seed-2/snapshots/step-000050.pt
1,scaling-tuned-adamw-10seeds-v1,7097b902cc3f3a43380d0b66433b0a90ecf3915af0cdb913b8b407b76daf38af,cell-014-878540454dfb,14,878540454dfb38d262f1ce82c49deb686e9c1c4a1534aebac3b29c305b909682,2,3,100,128,4,32,2,1,64,adamw,0.003,0.0,800,512,0.0,8192,0.017306629568338394,0.9971923828125,0.976773202419281,0.9752659201622009,20.607460021972656,"[7.7969536781311035,6.5969061851501465]","[5.861738681793213,6.110533237457275]",seeds/cell-014-878540454dfb/seed-2/checkpoint.pt,seeds/cell-014-878540454dfb/seed-2/snapshots/step-000100.pt
1,scaling-tuned-adamw-10seeds-v1,7097b902cc3f3a43380d0b66433b0a90ecf3915af0cdb913b8b407b76daf38af,cell-014-878540454dfb,14,878540454dfb38d262f1ce82c49deb686e9c1c4a1534aebac3b29c305b909682,2,4,200,128,4,32,2,1,64,adamw,0.003,0.0,800,512,0.0,8192,0.0021749476436525583,0.9996337890625,0.9975208640098572,0.9928373694419861,20.0899715423584,"[8.277981758117676,6.666082382202148]","[5.858847141265869,6.155322074890137]",seeds/cell-014-878540454dfb/seed-2/checkpoint.pt,seeds/cell-014-878540454dfb/seed-2/snapshots/step-000200.pt
1,scaling-tuned-adamw-10seeds-v1,7097b902cc3f3a43380d0b66433b0a90ecf3915af0cdb913b8b407b76daf38af,cell-014-878540454dfb,14,878540454dfb38d262f1ce82c49deb686e9c1c4a1534aebac3b29c305b909682,2,5,400,128,4,32,2,1,64,adamw,0.003,0.0,800,512,0.0,8192,0.0010738963028416038,0.999755859375,0.9971896409988403,0.9938946962356567,19.839014053344727,"[8.569891929626465,6.710343360900879]","[5.858648777008057,6.198250770568848]",seeds/cell-014-878540454dfb/seed-2/checkpoint.pt,seeds/cell-014-878540454dfb/seed-2/snapshots/step-000400.pt
1,scaling-tuned-adamw-10seeds-v1,7097b902cc3f3a43380d0b66433b0a90ecf3915af0cdb913b8b407b76daf38af,cell-014-878540454dfb,14,878540454dfb38d262f1ce82c49deb686e9c1c4a1534aebac3b29c305b909682,2,6,800,128,4,32,2,1,64,adamw,0.003,0.0,800,512,0.0,8192,0.00015015485405456275,1.0,1.0019252300262451,1.0050480365753174,19.389894485473633,"[9.225544929504395,6.760430812835693]","[5.85144567489624,6.245276927947998]",seeds/cell-014-878540454dfb/seed-2/checkpoint.pt,seeds/cell-014-878540454dfb/seed-2/snapshots/step-000800.pt
1,scaling-tuned-adamw-10seeds-v1,7097b902cc3f3a43380d0b66433b0a90ecf3915af0cdb913b8b407b76daf38af,cell-014-878540454dfb,14,878540454dfb38d262f1ce82c49deb686e9c1c4a1534aebac3b29c305b909682,3,0,0,128,4,32,2,1,64,adamw,0.003,0.0,800,512,0.0,8192,2.2520158290863037,0.4613037109375,-0.1357753425836563,-0.15322813391685486,25.02016830444336,"[5.552560806274414,5.552079200744629]","[5.749306678771973,5.628958225250244]",seeds/cell-014-878540454dfb/seed-3/checkpoint.pt,seeds/cell-014-878540454dfb/seed-3/snapshots/step-000000.pt
1,scaling-tuned-adamw-10seeds-v1,7097b902cc3f3a43380d0b66433b0a90ecf3915af0cdb913b8b407b76daf38af,cell-014-878540454dfb,14,878540454dfb38d262f1ce82c49deb686e9c1c4a1534aebac3b29c305b909682,3,1,25,128,4,32,2,1,64,adamw,0.003,0.0,800,512,0.0,8192,0.7812155485153198,0.688720703125,0.24541473388671875,0.1984979510307312,24.787017822265625,"[5.627513885498047,5.646162033081055]","[5.918158054351807,5.802352428436279]",seeds/cell-014-878540454dfb/seed-3/checkpoint.pt,seeds/cell-014-878540454dfb/seed-3/snapshots/step-000025.pt
1,scaling-tuned-adamw-10seeds-v1,7097b902cc3f3a43380d0b66433b0a90ecf3915af0cdb913b8b407b76daf38af,cell-014-878540454dfb,14,878540454dfb38d262f1ce82c49deb686e9c1c4a1534aebac3b29c305b909682,3,2,50,128,4,32,2,1,64,adamw,0.003,0.0,800,512,0.0,8192,0.48900580406188965,0.831787109375,0.4960467219352722,0.4432358741760254,23.69959259033203,"[5.731686592102051,5.945738315582275]","[5.974794387817383,5.882120132446289]",seeds/cell-014-878540454dfb/seed-3/checkpoint.pt,seeds/cell-014-878540454dfb/seed-3/snapshots/step-000050.pt
1,scaling-tuned-adamw-10seeds-v1,7097b902cc3f3a43380d0b66433b0a90ecf3915af0cdb913b8b407b76daf38af,cell-014-878540454dfb,14,878540454dfb38d262f1ce82c49deb686e9c1c4a1534aebac3b29c305b909682,3,3,100,128,4,32,2,1,64,adamw,0.003,0.0,800,512,0.0,8192,0.041499484330415726,0.99365234375,0.9530836939811707,0.9423097968101501,20.885469436645508,"[6.274825572967529,7.053328514099121]","[6.147860050201416,6.140453338623047]",seeds/cell-014-878540454dfb/seed-3/checkpoint.pt,seeds/cell-014-878540454dfb/seed-3/snapshots/step-000100.pt
1,scaling-tuned-adamw-10seeds-v1,7097b902cc3f3a43380d0b66433b0a90ecf3915af0cdb913b8b407b76daf38af,cell-014-878540454dfb,14,878540454dfb38d262f1ce82c49deb686e9c1c4a1534aebac3b29c305b909682,3,4,200,128,4,32,2,1,64,adamw,0.003,0.0,800,512,0.0,8192,0.004320182837545872,0.999755859375,0.9890711307525635,0.984770655632019,20.468135833740234,"[6.4669318199157715,7.731836318969727]","[6.131209373474121,6.5742716789245605]",seeds/cell-014-878540454dfb/seed-3/checkpoint.pt,seeds/cell-014-878540454dfb/seed-3/snapshots/step-000200.pt
1,scaling-tuned-adamw-10seeds-v1,7097b902cc3f3a43380d0b66433b0a90ecf3915af0cdb913b8b407b76daf38af,cell-014-878540454dfb,14,878540454dfb38d262f1ce82c49deb686e9c1c4a1534aebac3b29c305b909682,3,5,400,128,4,32,2,1,64,adamw,0.003,0.0,800,512,0.0,8192,0.0004147599684074521,1.0,1.0003876686096191,0.9976851940155029,20.358118057250977,"[6.579292297363281,8.057186126708984]","[6.105711936950684,6.88029146194458]",seeds/cell-014-878540454dfb/seed-3/checkpoint.pt,seeds/cell-014-878540454dfb/seed-3/snapshots/step-000400.pt
1,scaling-tuned-adamw-10seeds-v1,7097b902cc3f3a43380d0b66433b0a90ecf3915af0cdb913b8b407b76daf38af,cell-014-878540454dfb,14,878540454dfb38d262f1ce82c49deb686e9c1c4a1534aebac3b29c305b909682,3,6,800,128,4,32,2,1,64,adamw,0.003,0.0,800,512,0.0,8192,8.285100921057165e-05,1.0,1.0007808208465576,0.9991081357002258,20.27465057373047,"[6.622189521789551,8.230551719665527]","[6.092279434204102,7.038240909576416]",seeds/cell-014-878540454dfb/seed-3/checkpoint.pt,seeds/cell-014-878540454dfb/seed-3/snapshots/step-000800.pt
1,scaling-tuned-adamw-10seeds-v1,7097b902cc3f3a43380d0b66433b0a90ecf3915af0cdb913b8b407b76daf38af,cell-014-878540454dfb,14,878540454dfb38d262f1ce82c49deb686e9c1c4a1534aebac3b29c305b909682,4,0,0,128,4,32,2,1,64,adamw,0.003,0.0,800,512,0.0,8192,1.2101987600326538,0.578857421875,0.1198607087135315,0.09878389537334442,26.116727828979492,"[5.66450309753418,5.452759265899658]","[5.550241947174072,5.567132472991943]",seeds/cell-014-878540454dfb/seed-4/checkpoint.pt,seeds/cell-014-878540454dfb/seed-4/snapshots/step-000000.pt
1,scaling-tuned-adamw-10seeds-v1,7097b902cc3f3a43380d0b66433b0a90ecf3915af0cdb913b8b407b76daf38af,cell-014-878540454dfb,14,878540454dfb38d262f1ce82c49deb686e9c1c4a1534aebac3b29c305b909682,4,1,25,128,4,32,2,1,64,adamw,0.003,0.0,800,512,0.0,8192,0.7675053477287292,0.69384765625,0.25392717123031616,0.22233334183692932,25.978214263916016,"[5.604639053344727,5.517891883850098]","[5.722092151641846,5.7554216384887695]",seeds/cell-014-878540454dfb/seed-4/checkpoint.pt,seeds/cell-014-878540454dfb/seed-4/snapshots/step-000025.pt
1,scaling-tuned-adamw-10seeds-v1,7097b902cc3f3a43380d0b66433b0a90ecf3915af0cdb913b8b407b76daf38af,cell-014-878540454dfb,14,878540454dfb38d262f1ce82c49deb686e9c1c4a1534aebac3b29c305b909682,4,2,50,128,4,32,2,1,64,adamw,0.003,0.0,800,512,0.0,8192,0.49654620885849,0.82958984375,0.5187091827392578,0.5065642595291138,24.368417739868164,"[5.979281425476074,5.641918182373047]","[5.796914577484131,5.772988796234131]",seeds/cell-014-878540454dfb/seed-4/checkpoint.pt,seeds/cell-014-878540454dfb/seed-4/snapshots/step-000050.pt
1,scaling-tuned-adamw-10seeds-v1,7097b902cc3f3a43380d0b66433b0a90ecf3915af0cdb913b8b407b76daf38af,cell-014-878540454dfb,14,878540454dfb38d262f1ce82c49deb686e9c1c4a1534aebac3b29c305b909682,4,3,100,128,4,32,2,1,64,adamw,0.003,0.0,800,512,0.0,8192,0.005789726972579956,0.9996337890625,1.0121581554412842,1.0117191076278687,19.672420501708984,"[8.061159133911133,6.54471492767334]","[6.023117542266846,5.824199199676514]",seeds/cell-014-878540454dfb/seed-4/checkpoint.pt,seeds/cell-014-878540454dfb/seed-4/snapshots/step-000100.pt
1,scaling-tuned-adamw-10seeds-v1,7097b902cc3f3a43380d0b66433b0a90ecf3915af0cdb913b8b407b76daf38af,cell-014-878540454dfb,14,878540454dfb38d262f1ce82c49deb686e9c1c4a1534aebac3b29c305b909682,4,4,200,128,4,32,2,1,64,adamw,0.003,0.0,800,512,0.0,8192,0.002345569198951125,0.99951171875,0.9956977963447571,0.9969218969345093,19.388233184814453,"[8.309861183166504,6.625879764556885]","[6.071651935577393,5.8802971839904785]",seeds/cell-014-878540454dfb/seed-4/checkpoint.pt,seeds/cell-014-878540454dfb/seed-4/snapshots/step-000200.pt
1,scaling-tuned-adamw-10seeds-v1,7097b902cc3f3a43380d0b66433b0a90ecf3915af0cdb913b8b407b76daf38af,cell-014-878540454dfb,14,878540454dfb38d262f1ce82c49deb686e9c1c4a1534aebac3b29c305b909682,4,5,400,128,4,32,2,1,64,adamw,0.003,0.0,800,512,0.0,8192,0.0012616312596946955,0.9996337890625,1.0003550052642822,0.9995253086090088,19.17458152770996,"[8.666754722595215,6.690396308898926]","[6.1142473220825195,5.917263031005859]",seeds/cell-014-878540454dfb/seed-4/checkpoint.pt,seeds/cell-014-878540454dfb/seed-4/snapshots/step-000400.pt
1,scaling-tuned-adamw-10seeds-v1,7097b902cc3f3a43380d0b66433b0a90ecf3915af0cdb913b8b407b76daf38af,cell-014-878540454dfb,14,878540454dfb38d262f1ce82c49deb686e9c1c4a1534aebac3b29c305b909682,4,6,800,128,4,32,2,1,64,adamw,0.003,0.0,800,512,0.0,8192,0.0009918982395902276,0.9996337890625,1.0010783672332764,1.0066132545471191,18.881507873535156,"[9.221073150634766,6.737586498260498]","[6.194761276245117,5.963797092437744]",seeds/cell-014-878540454dfb/seed-4/checkpoint.pt,seeds/cell-014-878540454dfb/seed-4/snapshots/step-000800.pt
1,scaling-tuned-adamw-10seeds-v1,7097b902cc3f3a43380d0b66433b0a90ecf3915af0cdb913b8b407b76daf38af,cell-014-878540454dfb,14,878540454dfb38d262f1ce82c49deb686e9c1c4a1534aebac3b29c305b909682,5,0,0,128,4,32,2,1,64,adamw,0.003,0.0,800,512,0.0,8192,1.7921786308288574,0.493408203125,-0.007185852155089378,-0.006999838165938854,25.591045379638672,"[6.054281711578369,5.753137588500977]","[5.82051944732666,6.007721900939941]",seeds/cell-014-878540454dfb/seed-5/checkpoint.pt,seeds/cell-014-878540454dfb/seed-5/snapshots/step-000000.pt
1,scaling-tuned-adamw-10seeds-v1,7097b902cc3f3a43380d0b66433b0a90ecf3915af0cdb913b8b407b76daf38af,cell-014-878540454dfb,14,878540454dfb38d262f1ce82c49deb686e9c1c4a1534aebac3b29c305b909682,5,1,25,128,4,32,2,1,64,adamw,0.003,0.0,800,512,0.0,8192,0.8563953638076782,0.661376953125,0.18694548308849335,0.15564528107643127,25.545873641967773,"[6.157415390014648,5.913852214813232]","[6.044950008392334,6.1854095458984375]",seeds/cell-014-878540454dfb/seed-5/checkpoint.pt,seeds/cell-014-878540454dfb/seed-5/snapshots/step-000025.pt
1,scaling-tuned-adamw-10seeds-v1,7097b902cc3f3a43380d0b66433b0a90ecf3915af0cdb913b8b407b76daf38af,cell-014-878540454dfb,14,878540454dfb38d262f1ce82c49deb686e9c1c4a1534aebac3b29c305b909682,5,2,50,128,4,32,2,1,64,adamw,0.003,0.0,800,512,0.0,8192,0.690887451171875,0.7352294921875,0.33367425203323364,0.3123633861541748,24.973648071289062,"[6.3726606369018555,5.946006774902344]","[6.072436809539795,6.230637073516846]",seeds/cell-014-878540454dfb/seed-5/checkpoint.pt,seeds/cell-014-878540454dfb/seed-5/snapshots/step-000050.pt
1,scaling-tuned-adamw-10seeds-v1,7097b902cc3f3a43380d0b66433b0a90ecf3915af0cdb913b8b407b76daf38af,cell-014-878540454dfb,14,878540454dfb38d262f1ce82c49deb686e9c1c4a1534aebac3b29c305b909682,5,3,100,128,4,32,2,1,64,adamw,0.003,0.0,800,512,0.0,8192,0.02119387499988079,0.9964599609375,0.9897740483283997,0.9996570348739624,19.69304656982422,"[9.144603729248047,6.7775702476501465]","[6.05039119720459,6.272426128387451]",seeds/cell-014-878540454dfb/seed-5/checkpoint.pt,seeds/cell-014-878540454dfb/seed-5/snapshots/step-000100.pt
1,scaling-tuned-adamw-10seeds-v1,7097b902cc3f3a43380d0b66433b0a90ecf3915af0cdb913b8b407b76daf38af,cell-014-878540454dfb,14,878540454dfb38d262f1ce82c49deb686e9c1c4a1534aebac3b29c305b909682,5,4,200,128,4,32,2,1,64,adamw,0.003,0.0,800,512,0.0,8192,0.002497415989637375,0.99951171875,0.9986143112182617,1.0047845840454102,19.19549560546875,"[9.598431587219238,6.864234447479248]","[6.007303237915039,6.353683948516846]",seeds/cell-014-878540454dfb/seed-5/checkpoint.pt,seeds/cell-014-878540454dfb/seed-5/snapshots/step-000200.pt
1,scaling-tuned-adamw-10seeds-v1,7097b902cc3f3a43380d0b66433b0a90ecf3915af0cdb913b8b407b76daf38af,cell-014-878540454dfb,14,878540454dfb38d262f1ce82c49deb686e9c1c4a1534aebac3b29c305b909682,5,5,400,128,4,32,2,1,64,adamw,0.003,0.0,800,512,0.0,8192,0.0009809540351852775,0.999755859375,0.9986935257911682,1.0051668882369995,18.991355895996094,"[9.88152027130127,6.900206089019775]","[5.989925384521484,6.396856307983398]",seeds/cell-014-878540454dfb/seed-5/checkpoint.pt,seeds/cell-014-878540454dfb/seed-5/snapshots/step-000400.pt
1,scaling-tuned-adamw-10seeds-v1,7097b902cc3f3a43380d0b66433b0a90ecf3915af0cdb913b8b407b76daf38af,cell-014-878540454dfb,14,878540454dfb38d262f1ce82c49deb686e9c1c4a1534aebac3b29c305b909682,5,6,800,128,4,32,2,1,64,adamw,0.003,0.0,800,512,0.0,8192,0.003171947319060564,0.9991455078125,0.9994432926177979,1.0062414407730103,18.51861572265625,"[10.68276309967041,7.005795478820801]","[5.978178024291992,6.442990779876709]",seeds/cell-014-878540454dfb/seed-5/checkpoint.pt,seeds/cell-014-878540454dfb/seed-5/snapshots/step-000800.pt
1,scaling-tuned-adamw-10seeds-v1,7097b902cc3f3a43380d0b66433b0a90ecf3915af0cdb913b8b407b76daf38af,cell-014-878540454dfb,14,878540454dfb38d262f1ce82c49deb686e9c1c4a1534aebac3b29c305b909682,6,0,0,128,4,32,2,1,64,adamw,0.003,0.0,800,512,0.0,8192,1.5284202098846436,0.459716796875,-0.0657983049750328,-0.03983244299888611,25.32084846496582,"[5.691143035888672,5.879170894622803]","[5.614424228668213,5.41804838180542]",seeds/cell-014-878540454dfb/seed-6/checkpoint.pt,seeds/cell-014-878540454dfb/seed-6/snapshots/step-000000.pt
1,scaling-tuned-adamw-10seeds-v1,7097b902cc3f3a43380d0b66433b0a90ecf3915af0cdb913b8b407b76daf38af,cell-014-878540454dfb,14,878540454dfb38d262f1ce82c49deb686e9c1c4a1534aebac3b29c305b909682,6,1,25,128,4,32,2,1,64,adamw,0.003,0.0,800,512,0.0,8192,0.7364147901535034,0.72314453125,0.30972570180892944,0.2838163375854492,24.77253532409668,"[5.669963359832764,5.934627532958984]","[5.69257116317749,5.504727363586426]",seeds/cell-014-878540454dfb/seed-6/checkpoint.pt,seeds/cell-014-878540454dfb/seed-6/snapshots/step-000025.pt
1,scaling-tuned-adamw-10seeds-v1,7097b902cc3f3a43380d0b66433b0a90ecf3915af0cdb913b8b407b76daf38af,cell-014-878540454dfb,14,878540454dfb38d262f1ce82c49deb686e9c1c4a1534aebac3b29c305b909682,6,2,50,128,4,32,2,1,64,adamw,0.003,0.0,800,512,0.0,8192,0.18571336567401886,0.955322265625,0.8157393932342529,0.8308932781219482,21.992727279663086,"[6.763359069824219,6.209940433502197]","[5.766486167907715,5.52869987487793]",seeds/cell-014-878540454dfb/seed-6/checkpoint.pt,seeds/cell-014-878540454dfb/seed-6/snapshots/step-000050.pt
1,scaling-tuned-adamw-10seeds-v1,7097b902cc3f3a43380d0b66433b0a90ecf3915af0cdb913b8b407b76daf38af,cell-014-878540454dfb,14,878540454dfb38d262f1ce82c49deb686e9c1c4a1534aebac3b29c305b909682,6,3,100,128,4,32,2,1,64,adamw,0.003,0.0,800,512,0.0,8192,0.004872167482972145,1.0,0.9960447549819946,1.0032473802566528,19.610923767089844,"[8.117636680603027,6.137552738189697]","[5.839527130126953,5.646640300750732]",seeds/cell-014-878540454dfb/seed-6/checkpoint.pt,seeds/cell-014-878540454dfb/seed-6/snapshots/step-000100.pt
1,scaling-tuned-adamw-10seeds-v1,7097b902cc3f3a43380d0b66433b0a90ecf3915af0cdb913b8b407b76daf38af,cell-014-878540454dfb,14,878540454dfb38d262f1ce82c49deb686e9c1c4a1534aebac3b29c305b909682,6,4,200,128,4,32,2,1,64,adamw,0.003,0.0,800,512,0.0,8192,0.0008772655273787677,1.0,1.0010757446289062,1.0091029405593872,19.386552810668945,"[8.275566101074219,6.135697364807129]","[5.857206344604492,5.690977096557617]",seeds/cell-014-878540454dfb/seed-6/checkpoint.pt,seeds/cell-014-878540454dfb/seed-6/snapshots/step-000200.pt
1,scaling-tuned-adamw-10seeds-v1,7097b902cc3f3a43380d0b66433b0a90ecf3915af0cdb913b8b407b76daf38af,cell-014-878540454dfb,14,878540454dfb38d262f1ce82c49deb686e9c1c4a1534aebac3b29c305b909682,6,5,400,128,4,32,2,1,64,adamw,0.003,0.0,800,512,0.0,8192,0.00028100714553147554,1.0,1.0014451742172241,1.0107513666152954,19.282381057739258,"[8.354860305786133,6.172000885009766]","[5.863219261169434,5.713436603546143]",seeds/cell-014-878540454dfb/seed-6/checkpoint.pt,seeds/cell-014-878540454dfb/seed-6/snapshots/step-000400.pt
1,scaling-tuned-adamw-10seeds-v1,7097b902cc3f3a43380d0b66433b0a90ecf3915af0cdb913b8b407b76daf38af,cell-014-878540454dfb,14,878540454dfb38d262f1ce82c49deb686e9c1c4a1534aebac3b29c305b909682,6,6,800,128,4,32,2,1,64,adamw,0.003,0.0,800,512,0.0,8192,0.00016473850701004267,1.0,1.0046123266220093,1.0179121494293213,19.086467742919922,"[8.575176239013672,6.256285190582275]","[5.871394634246826,5.747117519378662]",seeds/cell-014-878540454dfb/seed-6/checkpoint.pt,seeds/cell-014-878540454dfb/seed-6/snapshots/step-000800.pt
1,scaling-tuned-adamw-10seeds-v1,7097b902cc3f3a43380d0b66433b0a90ecf3915af0cdb913b8b407b76daf38af,cell-014-878540454dfb,14,878540454dfb38d262f1ce82c49deb686e9c1c4a1534aebac3b29c305b909682,7,0,0,128,4,32,2,1,64,adamw,0.003,0.0,800,512,0.0,8192,1.1188414096832275,0.5672607421875,0.10866863280534744,0.06629804521799088,25.267410278320312,"[5.747432708740234,6.008376121520996]","[5.709949016571045,5.644005298614502]",seeds/cell-014-878540454dfb/seed-7/checkpoint.pt,seeds/cell-014-878540454dfb/seed-7/snapshots/step-000000.pt
1,scaling-tuned-adamw-10seeds-v1,7097b902cc3f3a43380d0b66433b0a90ecf3915af0cdb913b8b407b76daf38af,cell-014-878540454dfb,14,878540454dfb38d262f1ce82c49deb686e9c1c4a1534aebac3b29c305b909682,7,1,25,128,4,32,2,1,64,adamw,0.003,0.0,800,512,0.0,8192,0.5974394679069519,0.78564453125,0.4048660099506378,0.38863450288772583,24.567489624023438,"[5.909060955047607,6.154445648193359]","[5.7291107177734375,5.767509460449219]",seeds/cell-014-878540454dfb/seed-7/checkpoint.pt,seeds/cell-014-878540454dfb/seed-7/snapshots/step-000025.pt
1,scaling-tuned-adamw-10seeds-v1,7097b902cc3f3a43380d0b66433b0a90ecf3915af0cdb913b8b407b76daf38af,cell-014-878540454dfb,14,878540454dfb38d262f1ce82c49deb686e9c1c4a1534aebac3b29c305b909682,7,2,50,128,4,32,2,1,64,adamw,0.003,0.0,800,512,0.0,8192,0.09174127876758575,0.979248046875,0.9061024785041809,0.9192960262298584,21.350032806396484,"[7.411998271942139,6.4822492599487305]","[5.807873725891113,5.756674289703369]",seeds/cell-014-878540454dfb/seed-7/checkpoint.pt,seeds/cell-014-878540454dfb/seed-7/snapshots/step-000050.pt
1,scaling-tuned-adamw-10seeds-v1,7097b902cc3f3a43380d0b66433b0a90ecf3915af0cdb913b8b407b76daf38af,cell-014-878540454dfb,14,878540454dfb38d262f1ce82c49deb686e9c1c4a1534aebac3b29c305b909682,7,3,100,128,4,32,2,1,64,adamw,0.003,0.0,800,512,0.0,8192,0.0030830588657408953,0.99951171875,0.9986387491226196,0.9968373775482178,19.890522003173828,"[8.326170921325684,6.446985244750977]","[5.844550132751465,5.772744178771973]",seeds/cell-014-878540454dfb/seed-7/checkpoint.pt,seeds/cell-014-878540454dfb/seed-7/snapshots/step-000100.pt
1,scaling-tuned-adamw-10seeds-v1,7097b902cc3f3a43380d0b66433b0a90ecf3915af0cdb913b8b407b76daf38af,cell-014-878540454dfb,14,878540454dfb38d262f1ce82c49deb686e9c1c4a1534aebac3b29c305b909682,7,4,200,128,4,32,2,1,64,adamw,0.003,0.0,800,512,0.0,8192,0.0010680633131414652,0.9998779296875,0.9951658248901367,0.9936964511871338,19.745208740234375,"[8.469182968139648,6.458868503570557]","[5.827975749969482,5.776371955871582]",seeds/cell-014-878540454dfb/seed-7/checkpoint.pt,seeds/cell-014-878540454dfb/seed-7/snapshots/step-000200.pt
1,scaling-tuned-adamw-10seeds-v1,7097b902cc3f3a43380d0b66433b0a90ecf3915af0cdb913b8b407b76daf38af,cell-014-878540454dfb,14,878540454dfb38d262f1ce82c49deb686e9c1c4a1534aebac3b29c305b909682,7,5,400,128,4,32,2,1,64,adamw,0.003,0.0,800,512,0.0,8192,0.00025239743990823627,1.0,1.000183343887329,0.9985842704772949,19.625947952270508,"[8.627618789672852,6.473301887512207]","[5.8360185623168945,5.7779927253723145]",seeds/cell-014-878540454dfb/seed-7/checkpoint.pt,seeds/cell-014-878540454dfb/seed-7/snapshots/step-000400.pt
1,scaling-tuned-adamw-10seeds-v1,7097b902cc3f3a43380d0b66433b0a90ecf3915af0cdb913b8b407b76daf38af,cell-014-878540454dfb,14,878540454dfb38d262f1ce82c49deb686e9c1c4a1534aebac3b29c305b909682,7,6,800,128,4,32,2,1,64,adamw,0.003,0.0,800,512,0.0,8192,6.707714055664837e-05,1.0,1.0023959875106812,0.999814510345459,19.5361270904541,"[8.685799598693848,6.4876275062561035]","[5.835604667663574,5.785151481628418]",seeds/cell-014-878540454dfb/seed-7/checkpoint.pt,seeds/cell-014-878540454dfb/seed-7/snapshots/step-000800.pt
1,scaling-tuned-adamw-10seeds-v1,7097b902cc3f3a43380d0b66433b0a90ecf3915af0cdb913b8b407b76daf38af,cell-014-878540454dfb,14,878540454dfb38d262f1ce82c49deb686e9c1c4a1534aebac3b29c305b909682,8,0,0,128,4,32,2,1,64,adamw,0.003,0.0,800,512,0.0,8192,1.2293446063995361,0.5435791015625,0.058790624141693115,0.0753147155046463,25.595869064331055,"[5.141669750213623,5.846282958984375]","[5.602686882019043,5.724808216094971]",seeds/cell-014-878540454dfb/seed-8/checkpoint.pt,seeds/cell-014-878540454dfb/seed-8/snapshots/step-000000.pt
1,scaling-tuned-adamw-10seeds-v1,7097b902cc3f3a43380d0b66433b0a90ecf3915af0cdb913b8b407b76daf38af,cell-014-878540454dfb,14,878540454dfb38d262f1ce82c49deb686e9c1c4a1534aebac3b29c305b909682,8,1,25,128,4,32,2,1,64,adamw,0.003,0.0,800,512,0.0,8192,0.7582736015319824,0.7034912109375,0.2630632519721985,0.20704326033592224,25.318180084228516,"[5.043900966644287,5.993127822875977]","[5.7031779289245605,5.936858177185059]",seeds/cell-014-878540454dfb/seed-8/checkpoint.pt,seeds/cell-014-878540454dfb/seed-8/snapshots/step-000025.pt
1,scaling-tuned-adamw-10seeds-v1,7097b902cc3f3a43380d0b66433b0a90ecf3915af0cdb913b8b407b76daf38af,cell-014-878540454dfb,14,878540454dfb38d262f1ce82c49deb686e9c1c4a1534aebac3b29c305b909682,8,2,50,128,4,32,2,1,64,adamw,0.003,0.0,800,512,0.0,8192,0.36351877450942993,0.876220703125,0.6595568656921387,0.6605116128921509,22.681257247924805,"[5.8740644454956055,6.260210990905762]","[5.7576584815979,5.933093070983887]",seeds/cell-014-878540454dfb/seed-8/checkpoint.pt,seeds/cell-014-878540454dfb/seed-8/snapshots/step-000050.pt
1,scaling-tuned-adamw-10seeds-v1,7097b902cc3f3a43380d0b66433b0a90ecf3915af0cdb913b8b407b76daf38af,cell-014-878540454dfb,14,878540454dfb38d262f1ce82c49deb686e9c1c4a1534aebac3b29c305b909682,8,3,100,128,4,32,2,1,64,adamw,0.003,0.0,800,512,0.0,8192,0.006163964048027992,0.998779296875,0.9871730208396912,0.9925020337104797,19.0705509185791,"[7.593044757843018,6.658018589019775]","[5.773982048034668,5.977898120880127]",seeds/cell-014-878540454dfb/seed-8/checkpoint.pt,seeds/cell-014-878540454dfb/seed-8/snapshots/step-000100.pt
1,scaling-tuned-adamw-10seeds-v1,7097b902cc3f3a43380d0b66433b0a90ecf3915af0cdb913b8b407b76daf38af,cell-014-878540454dfb,14,878540454dfb38d262f1ce82c49deb686e9c1c4a1534aebac3b29c305b909682,8,4,200,128,4,32,2,1,64,adamw,0.003,0.0,800,512,0.0,8192,0.0038792574778199196,0.9990234375,1.000482439994812,1.0006285905838013,18.98014259338379,"[7.794748306274414,6.711846828460693]","[5.77454948425293,5.998455047607422]",seeds/cell-014-878540454dfb/seed-8/checkpoint.pt,seeds/cell-014-878540454dfb/seed-8/snapshots/step-000200.pt
1,scaling-tuned-adamw-10seeds-v1,7097b902cc3f3a43380d0b66433b0a90ecf3915af0cdb913b8b407b76daf38af,cell-014-878540454dfb,14,878540454dfb38d262f1ce82c49deb686e9c1c4a1534aebac3b29c305b909682,8,5,400,128,4,32,2,1,64,adamw,0.003,0.0,800,512,0.0,8192,0.001511439448222518,0.9996337890625,0.9975374937057495,1.007038950920105,18.851770401000977,"[7.98689603805542,6.77623987197876]","[5.799478530883789,6.00667142868042]",seeds/cell-014-878540454dfb/seed-8/checkpoint.pt,seeds/cell-014-878540454dfb/seed-8/snapshots/step-000400.pt
1,scaling-tuned-adamw-10seeds-v1,7097b902cc3f3a43380d0b66433b0a90ecf3915af0cdb913b8b407b76daf38af,cell-014-878540454dfb,14,878540454dfb38d262f1ce82c49deb686e9c1c4a1534aebac3b29c305b909682,8,6,800,128,4,32,2,1,64,adamw,0.003,0.0,800,512,0.0,8192,0.0004390118410810828,0.9998779296875,0.9994733333587646,1.001563310623169,18.632213592529297,"[8.602598190307617,6.808757781982422]","[5.8677825927734375,6.0107421875]",seeds/cell-014-878540454dfb/seed-8/checkpoint.pt,seeds/cell-014-878540454dfb/seed-8/snapshots/step-000800.pt
1,scaling-tuned-adamw-10seeds-v1,7097b902cc3f3a43380d0b66433b0a90ecf3915af0cdb913b8b407b76daf38af,cell-014-878540454dfb,14,878540454dfb38d262f1ce82c49deb686e9c1c4a1534aebac3b29c305b909682,9,0,0,128,4,32,2,1,64,adamw,0.003,0.0,800,512,0.0,8192,1.442574143409729,0.5159912109375,0.03778640925884247,0.050377506762742996,24.99070167541504,"[5.509643077850342,5.7888007164001465]","[5.687692165374756,6.00429105758667]",seeds/cell-014-878540454dfb/seed-9/checkpoint.pt,seeds/cell-014-878540454dfb/seed-9/snapshots/step-000000.pt
1,scaling-tuned-adamw-10seeds-v1,7097b902cc3f3a43380d0b66433b0a90ecf3915af0cdb913b8b407b76daf38af,cell-014-878540454dfb,14,878540454dfb38d262f1ce82c49deb686e9c1c4a1534aebac3b29c305b909682,9,1,25,128,4,32,2,1,64,adamw,0.003,0.0,800,512,0.0,8192,0.6745918989181519,0.7412109375,0.28977012634277344,0.27638527750968933,24.440153121948242,"[5.661608695983887,5.844022750854492]","[5.849929332733154,6.176715850830078]",seeds/cell-014-878540454dfb/seed-9/checkpoint.pt,seeds/cell-014-878540454dfb/seed-9/snapshots/step-000025.pt
1,scaling-tuned-adamw-10seeds-v1,7097b902cc3f3a43380d0b66433b0a90ecf3915af0cdb913b8b407b76daf38af,cell-014-878540454dfb,14,878540454dfb38d262f1ce82c49deb686e9c1c4a1534aebac3b29c305b909682,9,2,50,128,4,32,2,1,64,adamw,0.003,0.0,800,512,0.0,8192,0.18506336212158203,0.9453125,0.8548030853271484,0.8634846210479736,21.673646926879883,"[6.762289047241211,6.0663275718688965]","[5.916609287261963,6.210237503051758]",seeds/cell-014-878540454dfb/seed-9/checkpoint.pt,seeds/cell-014-878540454dfb/seed-9/snapshots/step-000050.pt
1,scaling-tuned-adamw-10seeds-v1,7097b902cc3f3a43380d0b66433b0a90ecf3915af0cdb913b8b407b76daf38af,cell-014-878540454dfb,14,878540454dfb38d262f1ce82c49deb686e9c1c4a1534aebac3b29c305b909682,9,3,100,128,4,32,2,1,64,adamw,0.003,0.0,800,512,0.0,8192,0.006991994567215443,0.99853515625,0.9879599809646606,1.0091664791107178,19.48929214477539,"[7.979691028594971,6.241919040679932]","[5.93833589553833,6.345454692840576]",seeds/cell-014-878540454dfb/seed-9/checkpoint.pt,seeds/cell-014-878540454dfb/seed-9/snapshots/step-000100.pt
1,scaling-tuned-adamw-10seeds-v1,7097b902cc3f3a43380d0b66433b0a90ecf3915af0cdb913b8b407b76daf38af,cell-014-878540454dfb,14,878540454dfb38d262f1ce82c49deb686e9c1c4a1534aebac3b29c305b909682,9,4,200,128,4,32,2,1,64,adamw,0.003,0.0,800,512,0.0,8192,0.004578663036227226,0.9990234375,0.9968326091766357,1.0046135187149048,19.2876033782959,"[8.454879760742188,6.303509712219238]","[5.94816780090332,6.382113933563232]",seeds/cell-014-878540454dfb/seed-9/checkpoint.pt,seeds/cell-014-878540454dfb/seed-9/snapshots/step-000200.pt
1,scaling-tuned-adamw-10seeds-v1,7097b902cc3f3a43380d0b66433b0a90ecf3915af0cdb913b8b407b76daf38af,cell-014-878540454dfb,14,878540454dfb38d262f1ce82c49deb686e9c1c4a1534aebac3b29c305b909682,9,5,400,128,4,32,2,1,64,adamw,0.003,0.0,800,512,0.0,8192,0.002100819256156683,0.99951171875,0.9988001585006714,1.0049166679382324,18.98208236694336,"[8.893900871276855,6.345710754394531]","[5.995014190673828,6.390899181365967]",seeds/cell-014-878540454dfb/seed-9/checkpoint.pt,seeds/cell-014-878540454dfb/seed-9/snapshots/step-000400.pt
1,scaling-tuned-adamw-10seeds-v1,7097b902cc3f3a43380d0b66433b0a90ecf3915af0cdb913b8b407b76daf38af,cell-014-878540454dfb,14,878540454dfb38d262f1ce82c49deb686e9c1c4a1534aebac3b29c305b909682,9,6,800,128,4,32,2,1,64,adamw,0.003,0.0,800,512,0.0,8192,0.00010645141446730122,1.0,1.0003445148468018,0.9961912631988525,18.699583053588867,"[9.394271850585938,6.4300055503845215]","[6.077457904815674,6.428015232086182]",seeds/cell-014-878540454dfb/seed-9/checkpoint.pt,seeds/cell-014-878540454dfb/seed-9/snapshots/step-000800.pt
1,scaling-tuned-adamw-10seeds-v1,7097b902cc3f3a43380d0b66433b0a90ecf3915af0cdb913b8b407b76daf38af,cell-015-fb46780dc3d7,15,fb46780dc3d7361823b62b8ed5154f84e6aa616cdea6a836b01fd686694446fa,0,0,0,128,4,32,2,4,64,adamw,0.003,0.0,800,512,0.0,8192,1.539729118347168,0.499755859375,0.013312390074133873,-0.006989536806941032,25.74311065673828,"[2.673679828643799,2.8276126384735107,2.938143730163574,2.9074172973632812,2.848738670349121,2.3563339710235596,3.1482322216033936,2.793346643447876]","[2.9035909175872803,2.4977707862854004,2.554014205932617,2.931797742843628,2.7465415000915527,3.044255018234253,2.7308764457702637,2.740690231323242]",seeds/cell-015-fb46780dc3d7/seed-0/checkpoint.pt,seeds/cell-015-fb46780dc3d7/seed-0/snapshots/step-000000.pt
1,scaling-tuned-adamw-10seeds-v1,7097b902cc3f3a43380d0b66433b0a90ecf3915af0cdb913b8b407b76daf38af,cell-015-fb46780dc3d7,15,fb46780dc3d7361823b62b8ed5154f84e6aa616cdea6a836b01fd686694446fa,0,1,25,128,4,32,2,4,64,adamw,0.003,0.0,800,512,0.0,8192,0.7975647449493408,0.67822265625,0.18764075636863708,0.16068613529205322,25.658485412597656,"[2.641573429107666,2.8795816898345947,2.9823620319366455,2.852428436279297,2.894205093383789,2.3541934490203857,3.163301706314087,2.7638707160949707]","[2.948259115219116,2.542034149169922,2.62623929977417,2.9922099113464355,2.8991146087646484,3.056633949279785,2.7846786975860596,2.77616810798645]",seeds/cell-015-fb46780dc3d7/seed-0/checkpoint.pt,seeds/cell-015-fb46780dc3d7/seed-0/snapshots/step-000025.pt
1,scaling-tuned-adamw-10seeds-v1,7097b902cc3f3a43380d0b66433b0a90ecf3915af0cdb913b8b407b76daf38af,cell-015-fb46780dc3d7,15,fb46780dc3d7361823b62b8ed5154f84e6aa616cdea6a836b01fd686694446fa,0,2,50,128,4,32,2,4,64,adamw,0.003,0.0,800,512,0.0,8192,0.6779211163520813,0.7449951171875,0.29596075415611267,0.27115267515182495,24.9846134185791,"[2.6372833251953125,3.0078847408294678,2.9595069885253906,2.852231979370117,2.929067850112915,2.3647866249084473,3.2181572914123535,2.752431631088257]","[2.95630145072937,2.58192777633667,2.6169941425323486,3.018277645111084,2.90537691116333,3.061858654022217,2.799320936203003,2.786341667175293]",seeds/cell-015-fb46780dc3d7/seed-0/checkpoint.pt,seeds/cell-015-fb46780dc3d7/seed-0/snapshots/step-000050.pt
1,scaling-tuned-adamw-10seeds-v1,7097b902cc3f3a43380d0b66433b0a90ecf3915af0cdb913b8b407b76daf38af,cell-015-fb46780dc3d7,15,fb46780dc3d7361823b62b8ed5154f84e6aa616cdea6a836b01fd686694446fa,0,3,100,128,4,32,2,4,64,adamw,0.003,0.0,800,512,0.0,8192,0.07892097532749176,0.9874267578125,0.9584665298461914,0.9893747568130493,18.91817855834961,"[3.131502628326416,4.288248538970947,3.2463231086730957,3.622955560684204,3.007275104522705,2.443129301071167,3.4970593452453613,2.9321751594543457]","[2.9437496662139893,2.7755589485168457,2.579828977584839,3.016833543777466,2.91768217086792,3.1337289810180664,2.773785352706909,2.7722525596618652]",seeds/cell-015-fb46780dc3d7/seed-0/checkpoint.pt,seeds/cell-015-fb46780dc3d7/seed-0/snapshots/step-000100.pt
1,scaling-tuned-adamw-10seeds-v1,7097b902cc3f3a43380d0b66433b0a90ecf3915af0cdb913b8b407b76daf38af,cell-015-fb46780dc3d7,15,fb46780dc3d7361823b62b8ed5154f84e6aa616cdea6a836b01fd686694446fa,0,4,200,128,4,32,2,4,64,adamw,0.003,0.0,800,512,0.0,8192,0.00455448217689991,0.999267578125,0.9979959726333618,1.000251054763794,17.195466995239258,"[3.241788387298584,4.892714977264404,3.279582977294922,3.93312406539917,3.101942777633667,2.512220621109009,3.625378370285034,3.132798433303833]","[2.8713600635528564,3.0741350650787354,2.545653820037842,3.033334493637085,2.9551472663879395,3.0747556686401367,2.765559434890747,2.760925531387329]",seeds/cell-015-fb46780dc3d7/seed-0/checkpoint.pt,seeds/cell-015-fb46780dc3d7/seed-0/snapshots/step-000200.pt
1,scaling-tuned-adamw-10seeds-v1,7097b902cc3f3a43380d0b66433b0a90ecf3915af0cdb913b8b407b76daf38af,cell-015-fb46780dc3d7,15,fb46780dc3d7361823b62b8ed5154f84e6aa616cdea6a836b01fd686694446fa,0,5,400,128,4,32,2,4,64,adamw,0.003,0.0,800,512,0.0,8192,0.001373490085825324,0.999755859375,0.9938039779663086,0.998111367225647,16.626649856567383,"[3.2676525115966797,5.129832744598389,3.333817958831787,4.078574180603027,3.1322572231292725,2.5410144329071045,3.63851261138916,3.174264669418335]","[2.8261265754699707,3.1386594772338867,2.537747383117676,3.024287462234497,2.9586808681488037,3.071282386779785,2.7594664096832275,2.7574381828308105]",seeds/cell-015-fb46780dc3d7/seed-0/checkpoint.pt,seeds/cell-015-fb46780dc3d7/seed-0/snapshots/step-000400.pt
1,scaling-tuned-adamw-10seeds-v1,7097b902cc3f3a43380d0b66433b0a90ecf3915af0cdb913b8b407b76daf38af,cell-015-fb46780dc3d7,15,fb46780dc3d7361823b62b8ed5154f84e6aa616cdea6a836b01fd686694446fa,0,6,800,128,4,32,2,4,64,adamw,0.003,0.0,800,512,0.0,8192,0.00043183990055695176,0.9998779296875,1.0018036365509033,0.9980448484420776,16.06544303894043,"[3.3654513359069824,5.38209867477417,3.3430488109588623,4.34300422668457,3.1266660690307617,2.5487265586853027,3.622122049331665,3.229809522628784]","[2.8025424480438232,3.1427342891693115,2.529693603515625,3.0548365116119385,2.948819637298584,3.084369421005249,2.7555625438690186,2.7538442611694336]",seeds/cell-015-fb46780dc3d7/seed-0/checkpoint.pt,seeds/cell-015-fb46780dc3d7/seed-0/snapshots/step-000800.pt
1,scaling-tuned-adamw-10seeds-v1,7097b902cc3f3a43380d0b66433b0a90ecf3915af0cdb913b8b407b76daf38af,cell-015-fb46780dc3d7,15,fb46780dc3d7361823b62b8ed5154f84e6aa616cdea6a836b01fd686694446fa,1,0,0,128,4,32,2,4,64,adamw,0.003,0.0,800,512,0.0,8192,1.1830697059631348,0.587646484375,0.14009597897529602,0.12234070152044296,25.127870559692383,"[2.7435684204101562,2.9835994243621826,2.6696434020996094,3.1605124473571777,2.8672642707824707,2.996163845062256,2.9103760719299316,2.8547775745391846]","[2.7857208251953125,2.6810836791992188,2.8055572509765625,2.9460995197296143,2.6283156871795654,2.6533796787261963,2.5233876705169678,3.1253662109375]",seeds/cell-015-fb46780dc3d7/seed-1/checkpoint.pt,seeds/cell-015-fb46780dc3d7/seed-1/snapshots/step-000000.pt
1,scaling-tuned-adamw-10seeds-v1,7097b902cc3f3a43380d0b66433b0a90ecf3915af0cdb913b8b407b76daf38af,cell-015-fb46780dc3d7,15,fb46780dc3d7361823b62b8ed5154f84e6aa616cdea6a836b01fd686694446fa,1,1,25,128,4,32,2,4,64,adamw,0.003,0.0,800,512,0.0,8192,0.7553842663764954,0.699951171875,0.2652668058872223,0.22149121761322021,24.859455108642578,"[2.7139575481414795,3.0597729682922363,2.694841146469116,3.1178791522979736,2.90390682220459,2.9725711345672607,2.9147746562957764,2.8822221755981445]","[2.8387203216552734,2.6960887908935547,2.8088622093200684,2.955127239227295,2.65582013130188,2.728551149368286,2.5473382472991943,3.2035653591156006]",seeds/cell-015-fb46780dc3d7/seed-1/checkpoint.pt,seeds/cell-015-fb46780dc3d7/seed-1/snapshots/step-000025.pt
1,scaling-tuned-adamw-10seeds-v1,7097b902cc3f3a43380d0b66433b0a90ecf3915af0cdb913b8b407b76daf38af,cell-015-fb46780dc3d7,15,fb46780dc3d7361823b62b8ed5154f84e6aa616cdea6a836b01fd686694446fa,1,2,50,128,4,32,2,4,64,adamw,0.003,0.0,800,512,0.0,8192,0.6622596979141235,0.7486572265625,0.33406803011894226,0.30378222465515137,24.04816246032715,"[2.7668099403381348,3.116539716720581,2.706873655319214,3.1860005855560303,2.9199512004852295,3.007990598678589,2.916443109512329,2.9253015518188477]","[2.8682875633239746,2.7049970626831055,2.8033971786499023,2.972795248031616,2.6617681980133057,2.7428641319274902,2.551949977874756,3.217602252960205]",seeds/cell-015-fb46780dc3d7/seed-1/checkpoint.pt,seeds/cell-015-fb46780dc3d7/seed-1/snapshots/step-000050.pt
1,scaling-tuned-adamw-10seeds-v1,7097b902cc3f3a43380d0b66433b0a90ecf3915af0cdb913b8b407b76daf38af,cell-015-fb46780dc3d7,15,fb46780dc3d7361823b62b8ed5154f84e6aa616cdea6a836b01fd686694446fa,1,3,100,128,4,32,2,4,64,adamw,0.003,0.0,800,512,0.0,8192,0.07637377083301544,0.9833984375,0.9002519845962524,0.9285739660263062,19.02008056640625,"[3.7797226905822754,3.2364466190338135,2.7367024421691895,3.9950153827667236,2.999478578567505,3.0687897205352783,2.97835111618042,3.239144802093506]","[3.222935676574707,2.660907030105591,2.7801287174224854,3.0208444595336914,2.6782402992248535,2.7496585845947266,2.5393919944763184,3.1713390350341797]",seeds/cell-015-fb46780dc3d7/seed-1/checkpoint.pt,seeds/cell-015-fb46780dc3d7/seed-1/snapshots/step-000100.pt
1,scaling-tuned-adamw-10seeds-v1,7097b902cc3f3a43380d0b66433b0a90ecf3915af0cdb913b8b407b76daf38af,cell-015-fb46780dc3d7,15,fb46780dc3d7361823b62b8ed5154f84e6aa616cdea6a836b01fd686694446fa,1,4,200,128,4,32,2,4,64,adamw,0.003,0.0,800,512,0.0,8192,0.005953641142696142,0.99853515625,0.9989261627197266,1.0068542957305908,17.51184844970703,"[4.280615329742432,3.1957974433898926,2.6533994674682617,4.402602195739746,2.9969265460968018,3.0832784175872803,2.9996936321258545,3.30912184715271]","[3.436250686645508,2.5742859840393066,2.734394073486328,3.0514676570892334,2.6772329807281494,2.7347259521484375,2.530585527420044,3.2263665199279785]",seeds/cell-015-fb46780dc3d7/seed-1/checkpoint.pt,seeds/cell-015-fb46780dc3d7/seed-1/snapshots/step-000200.pt
1,scaling-tuned-adamw-10seeds-v1,7097b902cc3f3a43380d0b66433b0a90ecf3915af0cdb913b8b407b76daf38af,cell-015-fb46780dc3d7,15,fb46780dc3d7361823b62b8ed5154f84e6aa616cdea6a836b01fd686694446fa,1,5,400,128,4,32,2,4,64,adamw,0.003,0.0,800,512,0.0,8192,0.0015119423624128103,0.9996337890625,0.9925394058227539,1.00141441822052,16.917530059814453,"[4.490170955657959,3.16995906829834,2.6123764514923096,4.6016716957092285,2.986043691635132,3.092639207839966,2.9934194087982178,3.330873966217041]","[3.4748120307922363,2.52941632270813,2.717064380645752,3.0773978233337402,2.680232286453247,2.7382631301879883,2.5271618366241455,3.2653889656066895]",seeds/cell-015-fb46780dc3d7/seed-1/checkpoint.pt,seeds/cell-015-fb46780dc3d7/seed-1/snapshots/step-000400.pt
1,scaling-tuned-adamw-10seeds-v1,7097b902cc3f3a43380d0b66433b0a90ecf3915af0cdb913b8b407b76daf38af,cell-015-fb46780dc3d7,15,fb46780dc3d7361823b62b8ed5154f84e6aa616cdea6a836b01fd686694446fa,1,6,800,128,4,32,2,4,64,adamw,0.003,0.0,800,512,0.0,8192,0.00024699943605810404,1.0,0.9998735189437866,1.0011913776397705,16.354690551757812,"[4.73145866394043,3.1032791137695312,2.5498127937316895,4.852178573608398,2.99177885055542,3.094284772872925,2.986743211746216,3.346047878265381]","[3.5069379806518555,2.4819953441619873,2.6902663707733154,3.087517023086548,2.684042453765869,2.7431907653808594,2.5312535762786865,3.287815809249878]",seeds/cell-015-fb46780dc3d7/seed-1/checkpoint.pt,seeds/cell-015-fb46780dc3d7/seed-1/snapshots/step-000800.pt
1,scaling-tuned-adamw-10seeds-v1,7097b902cc3f3a43380d0b66433b0a90ecf3915af0cdb913b8b407b76daf38af,cell-015-fb46780dc3d7,15,fb46780dc3d7361823b62b8ed5154f84e6aa616cdea6a836b01fd686694446fa,2,0,0,128,4,32,2,4,64,adamw,0.003,0.0,800,512,0.0,8192,2.3918280601501465,0.424072265625,-0.17931362986564636,-0.12392263114452362,25.42630386352539,"[3.075676202774048,2.57460355758667,2.9686286449432373,2.751383066177368,2.936042308807373,3.103494882583618,2.6725809574127197,2.7016263008117676]","[2.665468215942383,2.71112322807312,2.8486266136169434,3.2471041679382324,2.923839569091797,2.529911756515503,3.2888548374176025,3.112987995147705]",seeds/cell-015-fb46780dc3d7/seed-2/checkpoint.pt,seeds/cell-015-fb46780dc3d7/seed-2/snapshots/step-000000.pt
1,scaling-tuned-adamw-10seeds-v1,7097b902cc3f3a43380d0b66433b0a90ecf3915af0cdb913b8b407b76daf38af,cell-015-fb46780dc3d7,15,fb46780dc3d7361823b62b8ed5154f84e6aa616cdea6a836b01fd686694446fa,2,1,25,128,4,32,2,4,64,adamw,0.003,0.0,800,512,0.0,8192,0.7687997817993164,0.69677734375,0.23214015364646912,0.19226838648319244,25.157766342163086,"[3.096792221069336,2.5526340007781982,3.0040338039398193,2.799041509628296,2.983549118041992,3.124014377593994,2.729365587234497,2.761091709136963]","[2.6691997051239014,2.71335506439209,2.853134870529175,3.3646440505981445,2.9828736782073975,2.5779480934143066,3.3600106239318848,3.153641939163208]",seeds/cell-015-fb46780dc3d7/seed-2/checkpoint.pt,seeds/cell-015-fb46780dc3d7/seed-2/snapshots/step-000025.pt
1,scaling-tuned-adamw-10seeds-v1,7097b902cc3f3a43380d0b66433b0a90ecf3915af0cdb913b8b407b76daf38af,cell-015-fb46780dc3d7,15,fb46780dc3d7361823b62b8ed5154f84e6aa616cdea6a836b01fd686694446fa,2,2,50,128,4,32,2,4,64,adamw,0.003,0.0,800,512,0.0,8192,0.6617501378059387,0.7532958984375,0.3328281044960022,0.30910828709602356,24.5938663482666,"[3.100377321243286,2.666522741317749,3.0429346561431885,2.841749906539917,3.00715708732605,3.174344301223755,2.7930097579956055,2.786670446395874]","[2.6437010765075684,2.7267308235168457,2.8725340366363525,3.3726162910461426,2.9929285049438477,2.588857412338257,3.3733458518981934,3.1565346717834473]",seeds/cell-015-fb46780dc3d7/seed-2/checkpoint.pt,seeds/cell-015-fb46780dc3d7/seed-2/snapshots/step-000050.pt
1,scaling-tuned-adamw-10seeds-v1,7097b902cc3f3a43380d0b66433b0a90ecf3915af0cdb913b8b407b76daf38af,cell-015-fb46780dc3d7,15,fb46780dc3d7361823b62b8ed5154f84e6aa616cdea6a836b01fd686694446fa,2,3,100,128,4,32,2,4,64,adamw,0.003,0.0,800,512,0.0,8192,0.12338602542877197,0.9755859375,0.8927608728408813,0.8998758792877197,20.738115310668945,"[3.0488715171813965,3.8145718574523926,3.221702814102173,3.0355842113494873,3.27321457862854,3.5457475185394287,2.9953789710998535,2.977519989013672]","[2.5950448513031006,2.8594446182250977,2.8676350116729736,3.3569271564483643,2.993844747543335,2.6222400665283203,3.378325939178467,3.1449596881866455]",seeds/cell-015-fb46780dc3d7/seed-2/checkpoint.pt,seeds/cell-015-fb46780dc3d7/seed-2/snapshots/step-000100.pt
1,scaling-tuned-adamw-10seeds-v1,7097b902cc3f3a43380d0b66433b0a90ecf3915af0cdb913b8b407b76daf38af,cell-015-fb46780dc3d7,15,fb46780dc3d7361823b62b8ed5154f84e6aa616cdea6a836b01fd686694446fa,2,4,200,128,4,32,2,4,64,adamw,0.003,0.0,800,512,0.0,8192,0.00832751952111721,0.9984130859375,0.9945985078811646,0.9941827058792114,18.677370071411133,"[2.8728227615356445,4.579961776733398,3.322317361831665,3.0292458534240723,3.4667978286743164,3.7263107299804688,2.996255874633789,3.088804244995117]","[2.5391767024993896,3.0090081691741943,2.817850351333618,3.2643277645111084,3.0437796115875244,2.739988088607788,3.3906373977661133,3.179596185684204]",seeds/cell-015-fb46780dc3d7/seed-2/checkpoint.pt,seeds/cell-015-fb46780dc3d7/seed-2/snapshots/step-000200.pt
1,scaling-tuned-adamw-10seeds-v1,7097b902cc3f3a43380d0b66433b0a90ecf3915af0cdb913b8b407b76daf38af,cell-015-fb46780dc3d7,15,fb46780dc3d7361823b62b8ed5154f84e6aa616cdea6a836b01fd686694446fa,2,5,400,128,4,32,2,4,64,adamw,0.003,0.0,800,512,0.0,8192,0.0036998665891587734,0.9989013671875,0.9954285621643066,0.9873141050338745,17.876934051513672,"[2.842241048812866,4.841860771179199,3.36726713180542,3.011970281600952,3.4914743900299072,3.8042428493499756,2.9975218772888184,3.0961482524871826]","[2.514881134033203,3.0840017795562744,2.8086211681365967,3.2072715759277344,3.0657739639282227,2.79569935798645,3.391017198562622,3.1892685890197754]",seeds/cell-015-fb46780dc3d7/seed-2/checkpoint.pt,seeds/cell-015-fb46780dc3d7/seed-2/snapshots/step-000400.pt
1,scaling-tuned-adamw-10seeds-v1,7097b902cc3f3a43380d0b66433b0a90ecf3915af0cdb913b8b407b76daf38af,cell-015-fb46780dc3d7,15,fb46780dc3d7361823b62b8ed5154f84e6aa616cdea6a836b01fd686694446fa,2,6,800,128,4,32,2,4,64,adamw,0.003,0.0,800,512,0.0,8192,0.0003069785889238119,1.0,0.9999035596847534,1.0104694366455078,16.847517013549805,"[2.8428194522857666,5.1474504470825195,3.4960525035858154,3.0316224098205566,3.5344290733337402,3.872358560562134,3.039621114730835,3.1262266635894775]","[2.480026960372925,3.1685612201690674,2.76670241355896,3.1855406761169434,3.082012176513672,2.84516978263855,3.3951194286346436,3.198890447616577]",seeds/cell-015-fb46780dc3d7/seed-2/checkpoint.pt,seeds/cell-015-fb46780dc3d7/seed-2/snapshots/step-000800.pt
1,scaling-tuned-adamw-10seeds-v1,7097b902cc3f3a43380d0b66433b0a90ecf3915af0cdb913b8b407b76daf38af,cell-015-fb46780dc3d7,15,fb46780dc3d7361823b62b8ed5154f84e6aa616cdea6a836b01fd686694446fa,3,0,0,128,4,32,2,4,64,adamw,0.003,0.0,800,512,0.0,8192,2.038294792175293,0.4664306640625,-0.10953466594219208,-0.13069579005241394,25.02016830444336,"[2.9883503913879395,2.932466506958008,2.7622556686401367,2.558013916015625,2.994415760040283,2.70532488822937,2.7790186405181885,2.537557601928711]","[2.8622589111328125,2.9267189502716064,3.0304393768310547,2.6455273628234863,2.8864920139312744,2.6992595195770264,2.53342866897583,2.88692307472229]",seeds/cell-015-fb46780dc3d7/seed-3/checkpoint.pt,seeds/cell-015-fb46780dc3d7/seed-3/snapshots/step-000000.pt
1,scaling-tuned-adamw-10seeds-v1,7097b902cc3f3a43380d0b66433b0a90ecf3915af0cdb913b8b407b76daf38af,cell-015-fb46780dc3d7,15,fb46780dc3d7361823b62b8ed5154f84e6aa616cdea6a836b01fd686694446fa,3,1,25,128,4,32,2,4,64,adamw,0.003,0.0,800,512,0.0,8192,0.7678896188735962,0.6910400390625,0.2633478045463562,0.22960741817951202,24.763072967529297,"[3.0181713104248047,2.9290387630462646,2.7895116806030273,2.564082622528076,2.959017515182495,2.7310917377471924,2.789461374282837,2.5226707458496094]","[2.9032704830169678,2.9718987941741943,3.073699474334717,2.7034499645233154,2.8979642391204834,2.7370522022247314,2.556178331375122,2.961792469024658]",seeds/cell-015-fb46780dc3d7/seed-3/checkpoint.pt,seeds/cell-015-fb46780dc3d7/seed-3/snapshots/step-000025.pt
1,scaling-tuned-adamw-10seeds-v1,7097b902cc3f3a43380d0b66433b0a90ecf3915af0cdb913b8b407b76daf38af,cell-015-fb46780dc3d7,15,fb46780dc3d7361823b62b8ed5154f84e6aa616cdea6a836b01fd686694446fa,3,2,50,128,4,32,2,4,64,adamw,0.003,0.0,800,512,0.0,8192,0.6529804468154907,0.75537109375,0.3670874834060669,0.35389193892478943,24.0540828704834,"[3.1066949367523193,2.9581551551818848,2.804748296737671,2.8038177490234375,2.9511427879333496,2.7679595947265625,2.79584002494812,2.5913681983947754]","[2.9055237770080566,2.9739303588867188,3.0713233947753906,2.750716209411621,2.897533416748047,2.7424840927124023,2.565145254135132,2.9638872146606445]",seeds/cell-015-fb46780dc3d7/seed-3/checkpoint.pt,seeds/cell-015-fb46780dc3d7/seed-3/snapshots/step-000050.pt
1,scaling-tuned-adamw-10seeds-v1,7097b902cc3f3a43380d0b66433b0a90ecf3915af0cdb913b8b407b76daf38af,cell-015-fb46780dc3d7,15,fb46780dc3d7361823b62b8ed5154f84e6aa616cdea6a836b01fd686694446fa,3,3,100,128,4,32,2,4,64,adamw,0.003,0.0,800,512,0.0,8192,0.07980888336896896,0.981201171875,0.9453502297401428,0.9590857028961182,18.964542388916016,"[3.6563522815704346,3.1555373668670654,2.8005239963531494,4.182586669921875,3.002845287322998,2.8863983154296875,2.7902109622955322,3.0494301319122314]","[2.90116810798645,2.9266750812530518,3.0508289337158203,2.9940345287323,2.8848154544830322,2.7567694187164307,2.5734288692474365,2.954505443572998]",seeds/cell-015-fb46780dc3d7/seed-3/checkpoint.pt,seeds/cell-015-fb46780dc3d7/seed-3/snapshots/step-000100.pt
1,scaling-tuned-adamw-10seeds-v1,7097b902cc3f3a43380d0b66433b0a90ecf3915af0cdb913b8b407b76daf38af,cell-015-fb46780dc3d7,15,fb46780dc3d7361823b62b8ed5154f84e6aa616cdea6a836b01fd686694446fa,3,4,200,128,4,32,2,4,64,adamw,0.003,0.0,800,512,0.0,8192,0.007945304736495018,0.9981689453125,0.9967495203018188,1.005776047706604,17.168365478515625,"[3.8597543239593506,3.2145097255706787,2.772301435470581,4.71176290512085,3.074864625930786,2.969381093978882,2.8036437034606934,3.1759676933288574]","[2.8459742069244385,2.8839714527130127,3.014129161834717,3.1596953868865967,2.8706023693084717,2.759066343307495,2.559965133666992,3.0348970890045166]",seeds/cell-015-fb46780dc3d7/seed-3/checkpoint.pt,seeds/cell-015-fb46780dc3d7/seed-3/snapshots/step-000200.pt
1,scaling-tuned-adamw-10seeds-v1,7097b902cc3f3a43380d0b66433b0a90ecf3915af0cdb913b8b407b76daf38af,cell-015-fb46780dc3d7,15,fb46780dc3d7361823b62b8ed5154f84e6aa616cdea6a836b01fd686694446fa,3,5,400,128,4,32,2,4,64,adamw,0.003,0.0,800,512,0.0,8192,0.0031558815389871597,0.9993896484375,0.9977778196334839,1.009406328201294,16.379365921020508,"[4.036076068878174,3.2772367000579834,2.7370243072509766,4.945762634277344,3.0961906909942627,3.031858444213867,2.8092613220214844,3.224985361099243]","[2.8056576251983643,2.853510856628418,2.9922034740448,3.2486305236816406,2.8716626167297363,2.762942314147949,2.558096170425415,3.0651376247406006]",seeds/cell-015-fb46780dc3d7/seed-3/checkpoint.pt,seeds/cell-015-fb46780dc3d7/seed-3/snapshots/step-000400.pt
1,scaling-tuned-adamw-10seeds-v1,7097b902cc3f3a43380d0b66433b0a90ecf3915af0cdb913b8b407b76daf38af,cell-015-fb46780dc3d7,15,fb46780dc3d7361823b62b8ed5154f84e6aa616cdea6a836b01fd686694446fa,3,6,800,128,4,32,2,4,64,adamw,0.003,0.0,800,512,0.0,8192,0.001137718791142106,0.999755859375,0.9998480081558228,1.0086661577224731,15.575553894042969,"[4.2372236251831055,3.403904438018799,2.711007595062256,5.218372821807861,3.129871368408203,3.0968081951141357,2.807201623916626,3.223947525024414]","[2.7625789642333984,2.835453987121582,2.9635398387908936,3.3828845024108887,2.8684334754943848,2.7684507369995117,2.55816650390625,3.082754611968994]",seeds/cell-015-fb46780dc3d7/seed-3/checkpoint.pt,seeds/cell-015-fb46780dc3d7/seed-3/snapshots/step-000800.pt
1,scaling-tuned-adamw-10seeds-v1,7097b902cc3f3a43380d0b66433b0a90ecf3915af0cdb913b8b407b76daf38af,cell-015-fb46780dc3d7,15,fb46780dc3d7361823b62b8ed5154f84e6aa616cdea6a836b01fd686694446fa,4,0,0,128,4,32,2,4,64,adamw,0.003,0.0,800,512,0.0,8192,1.2070269584655762,0.5914306640625,0.14955571293830872,0.1503317952156067,26.116727828979492,"[2.5928308963775635,2.5279293060302734,2.92926287651062,3.0715255737304688,2.510706901550293,2.711653232574463,2.931201219558716,2.643674373626709]","[2.973642349243164,2.6454873085021973,2.832226037979126,2.6224732398986816,2.503253936767578,2.627094268798828,2.994239091873169,2.6604726314544678]",seeds/cell-015-fb46780dc3d7/seed-4/checkpoint.pt,seeds/cell-015-fb46780dc3d7/seed-4/snapshots/step-000000.pt
1,scaling-tuned-adamw-10seeds-v1,7097b902cc3f3a43380d0b66433b0a90ecf3915af0cdb913b8b407b76daf38af,cell-015-fb46780dc3d7,15,fb46780dc3d7361823b62b8ed5154f84e6aa616cdea6a836b01fd686694446fa,4,1,25,128,4,32,2,4,64,adamw,0.003,0.0,800,512,0.0,8192,0.7415803670883179,0.7083740234375,0.27941590547561646,0.24513202905654907,25.889400482177734,"[2.5098395347595215,2.5650551319122314,2.8701210021972656,3.146427631378174,2.561184883117676,2.81772780418396,2.9255592823028564,2.6833019256591797]","[3.042483329772949,2.687159538269043,2.8353371620178223,2.6497080326080322,2.5690786838531494,2.7221834659576416,3.0244569778442383,2.678478479385376]",seeds/cell-015-fb46780dc3d7/seed-4/checkpoint.pt,seeds/cell-015-fb46780dc3d7/seed-4/snapshots/step-000025.pt
1,scaling-tuned-adamw-10seeds-v1,7097b902cc3f3a43380d0b66433b0a90ecf3915af0cdb913b8b407b76daf38af,cell-015-fb46780dc3d7,15,fb46780dc3d7361823b62b8ed5154f84e6aa616cdea6a836b01fd686694446fa,4,2,50,128,4,32,2,4,64,adamw,0.003,0.0,800,512,0.0,8192,0.5873546600341797,0.7940673828125,0.4183913469314575,0.4066084027290344,24.54010772705078,"[2.5435051918029785,2.9435365200042725,3.0506930351257324,3.2125353813171387,2.6227848529815674,2.8639676570892334,2.95955228805542,2.7363061904907227]","[3.0403196811676025,2.7636849880218506,2.8576948642730713,2.6457388401031494,2.5681800842285156,2.7363905906677246,3.0162620544433594,2.6791720390319824]",seeds/cell-015-fb46780dc3d7/seed-4/checkpoint.pt,seeds/cell-015-fb46780dc3d7/seed-4/snapshots/step-000050.pt
1,scaling-tuned-adamw-10seeds-v1,7097b902cc3f3a43380d0b66433b0a90ecf3915af0cdb913b8b407b76daf38af,cell-015-fb46780dc3d7,15,fb46780dc3d7361823b62b8ed5154f84e6aa616cdea6a836b01fd686694446fa,4,3,100,128,4,32,2,4,64,adamw,0.003,0.0,800,512,0.0,8192,0.024840403348207474,0.9959716796875,1.0205003023147583,1.0294620990753174,19.161579132080078,"[2.584277391433716,4.211941242218018,3.9839258193969727,3.203953266143799,2.6090943813323975,2.898205518722534,3.168576717376709,2.9693734645843506]","[2.9400434494018555,3.1415350437164307,2.9593558311462402,2.5653374195098877,2.563519239425659,2.7242980003356934,3.03257155418396,2.7001349925994873]",seeds/cell-015-fb46780dc3d7/seed-4/checkpoint.pt,seeds/cell-015-fb46780dc3d7/seed-4/snapshots/step-000100.pt
1,scaling-tuned-adamw-10seeds-v1,7097b902cc3f3a43380d0b66433b0a90ecf3915af0cdb913b8b407b76daf38af,cell-015-fb46780dc3d7,15,fb46780dc3d7361823b62b8ed5154f84e6aa616cdea6a836b01fd686694446fa,4,4,200,128,4,32,2,4,64,adamw,0.003,0.0,800,512,0.0,8192,0.0024717645719647408,0.9996337890625,1.0003690719604492,0.9951653480529785,18.293407440185547,"[2.5276176929473877,4.513225555419922,4.2485270500183105,3.0892229080200195,2.652881383895874,2.9376659393310547,3.198931932449341,3.0229787826538086]","[2.894531011581421,3.1999692916870117,2.9786577224731445,2.545381546020508,2.5729637145996094,2.720395088195801,3.032550096511841,2.6904332637786865]",seeds/cell-015-fb46780dc3d7/seed-4/checkpoint.pt,seeds/cell-015-fb46780dc3d7/seed-4/snapshots/step-000200.pt
1,scaling-tuned-adamw-10seeds-v1,7097b902cc3f3a43380d0b66433b0a90ecf3915af0cdb913b8b407b76daf38af,cell-015-fb46780dc3d7,15,fb46780dc3d7361823b62b8ed5154f84e6aa616cdea6a836b01fd686694446fa,4,5,400,128,4,32,2,4,64,adamw,0.003,0.0,800,512,0.0,8192,0.0014299865579232574,0.9996337890625,1.0071983337402344,1.0105165243148804,17.79936408996582,"[2.467417001724243,4.692296504974365,4.479450225830078,3.0238194465637207,2.6876869201660156,2.9479990005493164,3.2024335861206055,3.048553466796875]","[2.861785650253296,3.2592873573303223,2.9730372428894043,2.515352964401245,2.5845022201538086,2.7236452102661133,3.0294175148010254,2.6877224445343018]",seeds/cell-015-fb46780dc3d7/seed-4/checkpoint.pt,seeds/cell-015-fb46780dc3d7/seed-4/snapshots/step-000400.pt
1,scaling-tuned-adamw-10seeds-v1,7097b902cc3f3a43380d0b66433b0a90ecf3915af0cdb913b8b407b76daf38af,cell-015-fb46780dc3d7,15,fb46780dc3d7361823b62b8ed5154f84e6aa616cdea6a836b01fd686694446fa,4,6,800,128,4,32,2,4,64,adamw,0.003,0.0,800,512,0.0,8192,0.0003625397221185267,0.9998779296875,0.996172308921814,0.9808038473129272,17.15699005126953,"[2.42620587348938,4.905313968658447,4.736431121826172,2.944340705871582,2.6767048835754395,2.9451842308044434,3.196442127227783,3.0544896125793457]","[2.8548734188079834,3.265005588531494,2.9763643741607666,2.5174899101257324,2.6062307357788086,2.73017954826355,3.0253326892852783,2.6947543621063232]",seeds/cell-015-fb46780dc3d7/seed-4/checkpoint.pt,seeds/cell-015-fb46780dc3d7/seed-4/snapshots/step-000800.pt
1,scaling-tuned-adamw-10seeds-v1,7097b902cc3f3a43380d0b66433b0a90ecf3915af0cdb913b8b407b76daf38af,cell-015-fb46780dc3d7,15,fb46780dc3d7361823b62b8ed5154f84e6aa616cdea6a836b01fd686694446fa,5,0,0,128,4,32,2,4,64,adamw,0.003,0.0,800,512,0.0,8192,1.801522970199585,0.520751953125,0.033989131450653076,0.04021367430686951,25.591045379638672,"[2.945727825164795,3.2311580181121826,2.8503217697143555,2.929189682006836,2.9978091716766357,2.8242034912109375,2.9264121055603027,2.9353058338165283]","[2.9529738426208496,3.0157723426818848,2.878382921218872,2.8223297595977783,2.675304889678955,2.8679895401000977,3.1300442218780518,2.9926702976226807]",seeds/cell-015-fb46780dc3d7/seed-5/checkpoint.pt,seeds/cell-015-fb46780dc3d7/seed-5/snapshots/step-000000.pt
1,scaling-tuned-adamw-10seeds-v1,7097b902cc3f3a43380d0b66433b0a90ecf3915af0cdb913b8b407b76daf38af,cell-015-fb46780dc3d7,15,fb46780dc3d7361823b62b8ed5154f84e6aa616cdea6a836b01fd686694446fa,5,1,25,128,4,32,2,4,64,adamw,0.003,0.0,800,512,0.0,8192,0.8199116587638855,0.677734375,0.20738697052001953,0.18021436035633087,25.58554458618164,"[2.976346254348755,3.3313887119293213,2.8722755908966064,2.9159655570983887,3.004028797149658,2.851963520050049,2.9658687114715576,2.965757369995117]","[3.011873483657837,3.131392478942871,2.9420759677886963,2.8811635971069336,2.7381515502929688,2.9135444164276123,3.2157652378082275,2.985405921936035]",seeds/cell-015-fb46780dc3d7/seed-5/checkpoint.pt,seeds/cell-015-fb46780dc3d7/seed-5/snapshots/step-000025.pt
1,scaling-tuned-adamw-10seeds-v1,7097b902cc3f3a43380d0b66433b0a90ecf3915af0cdb913b8b407b76daf38af,cell-015-fb46780dc3d7,15,fb46780dc3d7361823b62b8ed5154f84e6aa616cdea6a836b01fd686694446fa,5,2,50,128,4,32,2,4,64,adamw,0.003,0.0,800,512,0.0,8192,0.7151539325714111,0.7205810546875,0.29075080156326294,0.2658851444721222,25.25950050354004,"[3.0539016723632812,3.3304951190948486,2.9140496253967285,3.0746374130249023,3.0042996406555176,2.8411078453063965,2.9819579124450684,2.9778950214385986]","[3.037870168685913,3.1292340755462646,2.9523017406463623,2.920348644256592,2.746795892715454,2.919548273086548,3.2311015129089355,2.9854958057403564]",seeds/cell-015-fb46780dc3d7/seed-5/checkpoint.pt,seeds/cell-015-fb46780dc3d7/seed-5/snapshots/step-000050.pt
1,scaling-tuned-adamw-10seeds-v1,7097b902cc3f3a43380d0b66433b0a90ecf3915af0cdb913b8b407b76daf38af,cell-015-fb46780dc3d7,15,fb46780dc3d7361823b62b8ed5154f84e6aa616cdea6a836b01fd686694446fa,5,3,100,128,4,32,2,4,64,adamw,0.003,0.0,800,512,0.0,8192,0.16747063398361206,0.9576416015625,0.8651977777481079,0.8866081237792969,20.045913696289062,"[3.8061296939849854,3.288445472717285,3.643440008163452,4.519266128540039,3.030378818511963,3.019399404525757,2.972726821899414,3.04312801361084]","[3.0304689407348633,3.088949680328369,2.9310951232910156,3.1213717460632324,2.744178533554077,2.886967897415161,3.244426965713501,2.9531641006469727]",seeds/cell-015-fb46780dc3d7/seed-5/checkpoint.pt,seeds/cell-015-fb46780dc3d7/seed-5/snapshots/step-000100.pt
1,scaling-tuned-adamw-10seeds-v1,7097b902cc3f3a43380d0b66433b0a90ecf3915af0cdb913b8b407b76daf38af,cell-015-fb46780dc3d7,15,fb46780dc3d7361823b62b8ed5154f84e6aa616cdea6a836b01fd686694446fa,5,4,200,128,4,32,2,4,64,adamw,0.003,0.0,800,512,0.0,8192,0.00835953839123249,0.9984130859375,0.9962382316589355,1.0048143863677979,17.814077377319336,"[4.199102401733398,3.1880807876586914,3.9894967079162598,5.368398666381836,3.0235023498535156,3.229576587677002,3.1857521533966064,3.089061975479126]","[3.0036888122558594,3.0140392780303955,2.913698673248291,3.36403751373291,2.7185025215148926,2.9065744876861572,3.304563283920288,2.953226327896118]",seeds/cell-015-fb46780dc3d7/seed-5/checkpoint.pt,seeds/cell-015-fb46780dc3d7/seed-5/snapshots/step-000200.pt
1,scaling-tuned-adamw-10seeds-v1,7097b902cc3f3a43380d0b66433b0a90ecf3915af0cdb913b8b407b76daf38af,cell-015-fb46780dc3d7,15,fb46780dc3d7361823b62b8ed5154f84e6aa616cdea6a836b01fd686694446fa,5,5,400,128,4,32,2,4,64,adamw,0.003,0.0,800,512,0.0,8192,0.002091421280056238,0.99951171875,0.9941885471343994,1.0066941976547241,17.149885177612305,"[4.349091529846191,3.1365902423858643,4.137636184692383,5.707159519195557,3.050647735595703,3.3455810546875,3.2344934940338135,3.113945960998535]","[3.0192015171051025,2.971282958984375,2.8897054195404053,3.453821897506714,2.7063663005828857,2.9263784885406494,3.325876474380493,2.951105833053589]",seeds/cell-015-fb46780dc3d7/seed-5/checkpoint.pt,seeds/cell-015-fb46780dc3d7/seed-5/snapshots/step-000400.pt
1,scaling-tuned-adamw-10seeds-v1,7097b902cc3f3a43380d0b66433b0a90ecf3915af0cdb913b8b407b76daf38af,cell-015-fb46780dc3d7,15,fb46780dc3d7361823b62b8ed5154f84e6aa616cdea6a836b01fd686694446fa,5,6,800,128,4,32,2,4,64,adamw,0.003,0.0,800,512,0.0,8192,0.0004530905862338841,1.0,0.9984016418457031,1.013022780418396,16.426259994506836,"[4.551488876342773,3.086306095123291,4.328606605529785,6.003618240356445,3.0681371688842773,3.4158456325531006,3.4541690349578857,3.1362898349761963]","[3.0219688415527344,2.927440881729126,2.87975811958313,3.538578748703003,2.70076584815979,2.940108060836792,3.3489720821380615,2.9485371112823486]",seeds/cell-015-fb46780dc3d7/seed-5/checkpoint.pt,seeds/cell-015-fb46780dc3d7/seed-5/snapshots/step-000800.pt
1,scaling-tuned-adamw-10seeds-v1,7097b902cc3f3a43380d0b66433b0a90ecf3915af0cdb913b8b407b76daf38af,cell-015-fb46780dc3d7,15,fb46780dc3d7361823b62b8ed5154f84e6aa616cdea6a836b01fd686694446fa,6,0,0,128,4,32,2,4,64,adamw,0.003,0.0,800,512,0.0,8192,1.6101888418197632,0.4583740234375,-0.0752105712890625,-0.04964836686849594,25.32084846496582,"[2.664498805999756,2.927938938140869,2.8148274421691895,3.022204637527466,2.8757083415985107,3.0186586380004883,2.921065330505371,2.6384549140930176]","[2.7194292545318604,3.01035213470459,2.603949546813965,2.8554282188415527,2.9563000202178955,2.494002103805542,2.614116907119751,2.893113613128662]",seeds/cell-015-fb46780dc3d7/seed-6/checkpoint.pt,seeds/cell-015-fb46780dc3d7/seed-6/snapshots/step-000000.pt
1,scaling-tuned-adamw-10seeds-v1,7097b902cc3f3a43380d0b66433b0a90ecf3915af0cdb913b8b407b76daf38af,cell-015-fb46780dc3d7,15,fb46780dc3d7361823b62b8ed5154f84e6aa616cdea6a836b01fd686694446fa,6,1,25,128,4,32,2,4,64,adamw,0.003,0.0,800,512,0.0,8192,0.7983328104019165,0.682861328125,0.22469809651374817,0.20270083844661713,25.069181442260742,"[2.641295909881592,2.952361822128296,2.8349266052246094,3.040743112564087,2.864449977874756,3.00433611869812,2.9148900508880615,2.6209793090820312]","[2.7755532264709473,3.051025867462158,2.6671087741851807,2.9051120281219482,2.968136787414551,2.5407614707946777,2.633594274520874,2.9375250339508057]",seeds/cell-015-fb46780dc3d7/seed-6/checkpoint.pt,seeds/cell-015-fb46780dc3d7/seed-6/snapshots/step-000025.pt
1,scaling-tuned-adamw-10seeds-v1,7097b902cc3f3a43380d0b66433b0a90ecf3915af0cdb913b8b407b76daf38af,cell-015-fb46780dc3d7,15,fb46780dc3d7361823b62b8ed5154f84e6aa616cdea6a836b01fd686694446fa,6,2,50,128,4,32,2,4,64,adamw,0.003,0.0,800,512,0.0,8192,0.6358421444892883,0.7703857421875,0.35604462027549744,0.33773934841156006,24.1777286529541,"[2.782787799835205,3.0369999408721924,2.938566207885742,3.060720443725586,2.8577187061309814,3.0383176803588867,2.91768741607666,2.641697406768799]","[2.8135292530059814,3.063725471496582,2.6878020763397217,2.9130539894104004,2.969926118850708,2.5500001907348633,2.6348800659179688,2.9401819705963135]",seeds/cell-015-fb46780dc3d7/seed-6/checkpoint.pt,seeds/cell-015-fb46780dc3d7/seed-6/snapshots/step-000050.pt
1,scaling-tuned-adamw-10seeds-v1,7097b902cc3f3a43380d0b66433b0a90ecf3915af0cdb913b8b407b76daf38af,cell-015-fb46780dc3d7,15,fb46780dc3d7361823b62b8ed5154f84e6aa616cdea6a836b01fd686694446fa,6,3,100,128,4,32,2,4,64,adamw,0.003,0.0,800,512,0.0,8192,0.054330118000507355,0.9937744140625,0.9539436101913452,0.9794201850891113,19.258527755737305,"[4.081201553344727,3.9053773880004883,3.858637571334839,3.21392822265625,2.851142644882202,3.1909561157226562,2.9192051887512207,2.9226126670837402]","[2.9260127544403076,3.115020990371704,2.729118824005127,2.8947582244873047,3.0034284591674805,2.5521507263183594,2.6443421840667725,2.9611217975616455]",seeds/cell-015-fb46780dc3d7/seed-6/checkpoint.pt,seeds/cell-015-fb46780dc3d7/seed-6/snapshots/step-000100.pt
1,scaling-tuned-adamw-10seeds-v1,7097b902cc3f3a43380d0b66433b0a90ecf3915af0cdb913b8b407b76daf38af,cell-015-fb46780dc3d7,15,fb46780dc3d7361823b62b8ed5154f84e6aa616cdea6a836b01fd686694446fa,6,4,200,128,4,32,2,4,64,adamw,0.003,0.0,800,512,0.0,8192,0.005448788404464722,0.9986572265625,0.9951305985450745,1.0009487867355347,18.155139923095703,"[4.589120388031006,4.162275791168213,4.195850849151611,3.187316656112671,2.818791627883911,3.2368674278259277,2.9254987239837646,3.061940908432007]","[3.011068820953369,3.1220219135284424,2.7511825561523438,2.845417022705078,2.9697670936584473,2.54317569732666,2.6346230506896973,3.0291106700897217]",seeds/cell-015-fb46780dc3d7/seed-6/checkpoint.pt,seeds/cell-015-fb46780dc3d7/seed-6/snapshots/step-000200.pt
1,scaling-tuned-adamw-10seeds-v1,7097b902cc3f3a43380d0b66433b0a90ecf3915af0cdb913b8b407b76daf38af,cell-015-fb46780dc3d7,15,fb46780dc3d7361823b62b8ed5154f84e6aa616cdea6a836b01fd686694446fa,6,5,400,128,4,32,2,4,64,adamw,0.003,0.0,800,512,0.0,8192,0.0018975769635289907,0.99951171875,0.9984979033470154,0.9971038699150085,17.691179275512695,"[4.865295886993408,4.382330417633057,4.452813625335693,3.163684129714966,2.82692551612854,3.258131742477417,2.9574880599975586,3.1369597911834717]","[3.042189598083496,3.1589672565460205,2.7554473876953125,2.8215367794036865,2.9534595012664795,2.5431416034698486,2.6264734268188477,3.043564796447754]",seeds/cell-015-fb46780dc3d7/seed-6/checkpoint.pt,seeds/cell-015-fb46780dc3d7/seed-6/snapshots/step-000400.pt
1,scaling-tuned-adamw-10seeds-v1,7097b902cc3f3a43380d0b66433b0a90ecf3915af0cdb913b8b407b76daf38af,cell-015-fb46780dc3d7,15,fb46780dc3d7361823b62b8ed5154f84e6aa616cdea6a836b01fd686694446fa,6,6,800,128,4,32,2,4,64,adamw,0.003,0.0,800,512,0.0,8192,0.0002485094591975212,1.0,0.9965768456459045,0.9966574907302856,17.351667404174805,"[5.1043853759765625,4.578042984008789,4.8673787117004395,3.1468358039855957,2.829929828643799,3.259676933288574,2.9723470211029053,3.1752898693084717]","[3.017853260040283,3.1538798809051514,2.818539619445801,2.812051296234131,2.9474692344665527,2.5441482067108154,2.6168065071105957,3.0446126461029053]",seeds/cell-015-fb46780dc3d7/seed-6/checkpoint.pt,seeds/cell-015-fb46780dc3d7/seed-6/snapshots/step-000800.pt
1,scaling-tuned-adamw-10seeds-v1,7097b902cc3f3a43380d0b66433b0a90ecf3915af0cdb913b8b407b76daf38af,cell-015-fb46780dc3d7,15,fb46780dc3d7361823b62b8ed5154f84e6aa616cdea6a836b01fd686694446fa,7,0,0,128,4,32,2,4,64,adamw,0.003,0.0,800,512,0.0,8192,1.1855344772338867,0.57861328125,0.13771024346351624,0.09166780859231949,25.267410278320312,"[2.9029860496520996,2.8073315620422363,2.4610235691070557,2.9333555698394775,2.857792615890503,2.6448841094970703,3.088829517364502,3.2017602920532227]","[2.8595938682556152,2.846541404724121,2.80094575881958,2.9245121479034424,2.7904982566833496,2.7567062377929688,2.5625393390655518,3.044430732727051]",seeds/cell-015-fb46780dc3d7/seed-7/checkpoint.pt,seeds/cell-015-fb46780dc3d7/seed-7/snapshots/step-000000.pt
1,scaling-tuned-adamw-10seeds-v1,7097b902cc3f3a43380d0b66433b0a90ecf3915af0cdb913b8b407b76daf38af,cell-015-fb46780dc3d7,15,fb46780dc3d7361823b62b8ed5154f84e6aa616cdea6a836b01fd686694446fa,7,1,25,128,4,32,2,4,64,adamw,0.003,0.0,800,512,0.0,8192,0.7240832448005676,0.716796875,0.27382493019104004,0.23270544409751892,24.901823043823242,"[2.9487099647521973,2.7334072589874268,2.467198610305786,2.948956251144409,2.8912882804870605,2.6890769004821777,3.1004464626312256,3.1840548515319824]","[2.90975022315979,2.849951982498169,2.7759788036346436,2.9642913341522217,2.829772472381592,2.8203072547912598,2.570094108581543,3.1029672622680664]",seeds/cell-015-fb46780dc3d7/seed-7/checkpoint.pt,seeds/cell-015-fb46780dc3d7/seed-7/snapshots/step-000025.pt
1,scaling-tuned-adamw-10seeds-v1,7097b902cc3f3a43380d0b66433b0a90ecf3915af0cdb913b8b407b76daf38af,cell-015-fb46780dc3d7,15,fb46780dc3d7361823b62b8ed5154f84e6aa616cdea6a836b01fd686694446fa,7,2,50,128,4,32,2,4,64,adamw,0.003,0.0,800,512,0.0,8192,0.5290592312812805,0.8153076171875,0.4667602777481079,0.46056318283081055,23.094295501708984,"[3.3367574214935303,2.9813475608825684,2.5005457401275635,3.1579933166503906,3.0325326919555664,2.7614972591400146,3.1132044792175293,3.2815396785736084]","[3.0014820098876953,2.8936126232147217,2.7626326084136963,2.9814488887786865,2.8306381702423096,2.8254916667938232,2.564288377761841,3.108452558517456]",seeds/cell-015-fb46780dc3d7/seed-7/checkpoint.pt,seeds/cell-015-fb46780dc3d7/seed-7/snapshots/step-000050.pt
1,scaling-tuned-adamw-10seeds-v1,7097b902cc3f3a43380d0b66433b0a90ecf3915af0cdb913b8b407b76daf38af,cell-015-fb46780dc3d7,15,fb46780dc3d7361823b62b8ed5154f84e6aa616cdea6a836b01fd686694446fa,7,3,100,128,4,32,2,4,64,adamw,0.003,0.0,800,512,0.0,8192,0.02879396826028824,0.99365234375,0.9592479467391968,0.9682698845863342,18.467708587646484,"[4.611110210418701,3.7760894298553467,2.481430768966675,3.5879628658294678,3.3661880493164062,2.70089054107666,3.07250714302063,3.3733839988708496]","[3.2780938148498535,2.9143848419189453,2.7026147842407227,2.9205727577209473,2.836803913116455,2.8351190090179443,2.5624685287475586,3.1910603046417236]",seeds/cell-015-fb46780dc3d7/seed-7/checkpoint.pt,seeds/cell-015-fb46780dc3d7/seed-7/snapshots/step-000100.pt
1,scaling-tuned-adamw-10seeds-v1,7097b902cc3f3a43380d0b66433b0a90ecf3915af0cdb913b8b407b76daf38af,cell-015-fb46780dc3d7,15,fb46780dc3d7361823b62b8ed5154f84e6aa616cdea6a836b01fd686694446fa,7,4,200,128,4,32,2,4,64,adamw,0.003,0.0,800,512,0.0,8192,0.004705754574388266,0.998779296875,0.9857651591300964,0.98319011926651,17.86980628967285,"[4.935804843902588,4.0201897621154785,2.4207513332366943,3.679741859436035,3.4213719367980957,2.6960818767547607,3.103168487548828,3.381967782974243]","[3.3251776695251465,2.915942907333374,2.6777231693267822,2.8730967044830322,2.853705406188965,2.8216609954833984,2.5710365772247314,3.1906814575195312]",seeds/cell-015-fb46780dc3d7/seed-7/checkpoint.pt,seeds/cell-015-fb46780dc3d7/seed-7/snapshots/step-000200.pt
1,scaling-tuned-adamw-10seeds-v1,7097b902cc3f3a43380d0b66433b0a90ecf3915af0cdb913b8b407b76daf38af,cell-015-fb46780dc3d7,15,fb46780dc3d7361823b62b8ed5154f84e6aa616cdea6a836b01fd686694446fa,7,5,400,128,4,32,2,4,64,adamw,0.003,0.0,800,512,0.0,8192,0.0009628499392420053,0.9998779296875,1.003073811531067,1.0016133785247803,17.4719181060791,"[5.1302103996276855,4.207033157348633,2.358147382736206,3.7362799644470215,3.422337293624878,2.7014002799987793,3.1358237266540527,3.4075570106506348]","[3.335649013519287,2.9310550689697266,2.6597697734832764,2.84202241897583,2.8694262504577637,2.808478593826294,2.5850794315338135,3.187899351119995]",seeds/cell-015-fb46780dc3d7/seed-7/checkpoint.pt,seeds/cell-015-fb46780dc3d7/seed-7/snapshots/step-000400.pt
1,scaling-tuned-adamw-10seeds-v1,7097b902cc3f3a43380d0b66433b0a90ecf3915af0cdb913b8b407b76daf38af,cell-015-fb46780dc3d7,15,fb46780dc3d7361823b62b8ed5154f84e6aa616cdea6a836b01fd686694446fa,7,6,800,128,4,32,2,4,64,adamw,0.003,0.0,800,512,0.0,8192,0.0016702747670933604,0.9993896484375,0.9974113702774048,0.9921305775642395,17.101642608642578,"[5.339540004730225,4.408517360687256,2.341756820678711,3.903151273727417,3.4819211959838867,2.69472074508667,3.1704728603363037,3.420259475708008]","[3.3873202800750732,2.9259285926818848,2.6476056575775146,2.82149338722229,2.9067604541778564,2.807236671447754,2.5852699279785156,3.1685590744018555]",seeds/cell-015-fb46780dc3d7/seed-7/checkpoint.pt,seeds/cell-015-fb46780dc3d7/seed-7/snapshots/step-000800.pt
1,scaling-tuned-adamw-10seeds-v1,7097b902cc3f3a43380d0b66433b0a90ecf3915af0cdb913b8b407b76daf38af,cell-015-fb46780dc3d7,15,fb46780dc3d7361823b62b8ed5154f84e6aa616cdea6a836b01fd686694446fa,8,0,0,128,4,32,2,4,64,adamw,0.003,0.0,800,512,0.0,8192,1.1272904872894287,0.5533447265625,0.06862747669219971,0.08689913153648376,25.595869064331055,"[2.303609609603882,2.5807945728302,3.097276210784912,2.8229260444641113,3.1615817546844482,2.692124128341675,2.937650680541992,3.028052806854248]","[2.671949863433838,2.867713212966919,2.8120787143707275,2.7099757194519043,2.93682861328125,2.8277149200439453,2.9537854194641113,2.512850046157837]",seeds/cell-015-fb46780dc3d7/seed-8/checkpoint.pt,seeds/cell-015-fb46780dc3d7/seed-8/snapshots/step-000000.pt
1,scaling-tuned-adamw-10seeds-v1,7097b902cc3f3a43380d0b66433b0a90ecf3915af0cdb913b8b407b76daf38af,cell-015-fb46780dc3d7,15,fb46780dc3d7361823b62b8ed5154f84e6aa616cdea6a836b01fd686694446fa,8,1,25,128,4,32,2,4,64,adamw,0.003,0.0,800,512,0.0,8192,0.7580499053001404,0.7005615234375,0.2547088861465454,0.20547567307949066,25.377399444580078,"[2.364370822906494,2.549661159515381,3.0856833457946777,2.796719789505005,3.234079599380493,2.68802809715271,2.9441540241241455,3.0798871517181396]","[2.7130768299102783,2.887478828430176,2.851026773452759,2.794424057006836,3.006690740585327,2.8534507751464844,2.9940454959869385,2.5647385120391846]",seeds/cell-015-fb46780dc3d7/seed-8/checkpoint.pt,seeds/cell-015-fb46780dc3d7/seed-8/snapshots/step-000025.pt
1,scaling-tuned-adamw-10seeds-v1,7097b902cc3f3a43380d0b66433b0a90ecf3915af0cdb913b8b407b76daf38af,cell-015-fb46780dc3d7,15,fb46780dc3d7361823b62b8ed5154f84e6aa616cdea6a836b01fd686694446fa,8,2,50,128,4,32,2,4,64,adamw,0.003,0.0,800,512,0.0,8192,0.5358219146728516,0.8106689453125,0.4581267237663269,0.45061802864074707,23.386945724487305,"[2.832756996154785,2.6438241004943848,3.098914384841919,2.9765305519104004,3.316009283065796,2.679291248321533,3.0410373210906982,3.119866132736206]","[2.8023664951324463,2.913226366043091,2.8551149368286133,2.8133177757263184,3.0030510425567627,2.8574161529541016,2.9707672595977783,2.565680503845215]",seeds/cell-015-fb46780dc3d7/seed-8/checkpoint.pt,seeds/cell-015-fb46780dc3d7/seed-8/snapshots/step-000050.pt
1,scaling-tuned-adamw-10seeds-v1,7097b902cc3f3a43380d0b66433b0a90ecf3915af0cdb913b8b407b76daf38af,cell-015-fb46780dc3d7,15,fb46780dc3d7361823b62b8ed5154f84e6aa616cdea6a836b01fd686694446fa,8,3,100,128,4,32,2,4,64,adamw,0.003,0.0,800,512,0.0,8192,0.025861984118819237,0.9957275390625,1.0269691944122314,1.046067476272583,18.45999526977539,"[3.860072612762451,2.970458984375,3.087092399597168,3.5840699672698975,3.4763858318328857,2.698789119720459,3.351975917816162,3.106442928314209]","[2.9076287746429443,2.844541549682617,2.8298754692077637,2.857961416244507,3.0506362915039062,2.8585221767425537,3.0183844566345215,2.5624473094940186]",seeds/cell-015-fb46780dc3d7/seed-8/checkpoint.pt,seeds/cell-015-fb46780dc3d7/seed-8/snapshots/step-000100.pt
1,scaling-tuned-adamw-10seeds-v1,7097b902cc3f3a43380d0b66433b0a90ecf3915af0cdb913b8b407b76daf38af,cell-015-fb46780dc3d7,15,fb46780dc3d7361823b62b8ed5154f84e6aa616cdea6a836b01fd686694446fa,8,4,200,128,4,32,2,4,64,adamw,0.003,0.0,800,512,0.0,8192,0.004304605536162853,0.9991455078125,0.9921585917472839,1.0028170347213745,17.763168334960938,"[4.198258876800537,3.0275156497955322,2.982800245285034,3.7548811435699463,3.477107524871826,2.70212984085083,3.4402878284454346,3.143958806991577]","[2.9278554916381836,2.7809624671936035,2.8099896907806396,2.838261127471924,3.0952565670013428,2.859894037246704,3.077937364578247,2.5556814670562744]",seeds/cell-015-fb46780dc3d7/seed-8/checkpoint.pt,seeds/cell-015-fb46780dc3d7/seed-8/snapshots/step-000200.pt
1,scaling-tuned-adamw-10seeds-v1,7097b902cc3f3a43380d0b66433b0a90ecf3915af0cdb913b8b407b76daf38af,cell-015-fb46780dc3d7,15,fb46780dc3d7361823b62b8ed5154f84e6aa616cdea6a836b01fd686694446fa,8,5,400,128,4,32,2,4,64,adamw,0.003,0.0,800,512,0.0,8192,0.0033382221590727568,0.9993896484375,1.002089500427246,1.0130540132522583,17.278270721435547,"[4.410799980163574,3.0770633220672607,2.897012233734131,3.939467191696167,3.494497776031494,2.7159230709075928,3.496488332748413,3.169837713241577]","[2.936796188354492,2.7482306957244873,2.769137144088745,2.8307483196258545,3.098442554473877,2.874598503112793,3.0959208011627197,2.556359052658081]",seeds/cell-015-fb46780dc3d7/seed-8/checkpoint.pt,seeds/cell-015-fb46780dc3d7/seed-8/snapshots/step-000400.pt
1,scaling-tuned-adamw-10seeds-v1,7097b902cc3f3a43380d0b66433b0a90ecf3915af0cdb913b8b407b76daf38af,cell-015-fb46780dc3d7,15,fb46780dc3d7361823b62b8ed5154f84e6aa616cdea6a836b01fd686694446fa,8,6,800,128,4,32,2,4,64,adamw,0.003,0.0,800,512,0.0,8192,0.00020885282719973475,1.0,1.0023701190948486,1.008597731590271,16.870750427246094,"[4.60848331451416,3.197725772857666,2.85878586769104,4.059450626373291,3.543163537979126,2.7114362716674805,3.5728418827056885,3.174295663833618]","[2.9719762802124023,2.7071099281311035,2.7407569885253906,2.828174114227295,3.0982933044433594,2.8797733783721924,3.123629570007324,2.5539908409118652]",seeds/cell-015-fb46780dc3d7/seed-8/checkpoint.pt,seeds/cell-015-fb46780dc3d7/seed-8/snapshots/step-000800.pt
1,scaling-tuned-adamw-10seeds-v1,7097b902cc3f3a43380d0b66433b0a90ecf3915af0cdb913b8b407b76daf38af,cell-015-fb46780dc3d7,15,fb46780dc3d7361823b62b8ed5154f84e6aa616cdea6a836b01fd686694446fa,9,0,0,128,4,32,2,4,64,adamw,0.003,0.0,800,512,0.0,8192,1.5701828002929688,0.5020751953125,0.01671372726559639,0.029066257178783417,24.99070167541504,"[2.8964357376098633,2.9204254150390625,2.4851272106170654,2.627790689468384,2.6036720275878906,2.9978060722351074,2.954439163208008,2.960825204849243]","[2.800382137298584,2.7797770500183105,2.7297301292419434,3.086793899536133,3.4418089389801025,3.178248643875122,2.6638264656066895,2.757869005203247]",seeds/cell-015-fb46780dc3d7/seed-9/checkpoint.pt,seeds/cell-015-fb46780dc3d7/seed-9/snapshots/step-000000.pt
1,scaling-tuned-adamw-10seeds-v1,7097b902cc3f3a43380d0b66433b0a90ecf3915af0cdb913b8b407b76daf38af,cell-015-fb46780dc3d7,15,fb46780dc3d7361823b62b8ed5154f84e6aa616cdea6a836b01fd686694446fa,9,1,25,128,4,32,2,4,64,adamw,0.003,0.0,800,512,0.0,8192,0.7539102435112,0.702392578125,0.26145896315574646,0.23298069834709167,24.693979263305664,"[2.936729907989502,2.9185402393341064,2.529078722000122,2.6512045860290527,2.628516674041748,2.987337827682495,2.965672492980957,2.9732484817504883]","[2.843247890472412,2.8160111904144287,2.7441303730010986,3.1583163738250732,3.528724193572998,3.1907575130462646,2.748101234436035,2.7868497371673584]",seeds/cell-015-fb46780dc3d7/seed-9/checkpoint.pt,seeds/cell-015-fb46780dc3d7/seed-9/snapshots/step-000025.pt
1,scaling-tuned-adamw-10seeds-v1,7097b902cc3f3a43380d0b66433b0a90ecf3915af0cdb913b8b407b76daf38af,cell-015-fb46780dc3d7,15,fb46780dc3d7361823b62b8ed5154f84e6aa616cdea6a836b01fd686694446fa,9,2,50,128,4,32,2,4,64,adamw,0.003,0.0,800,512,0.0,8192,0.5225566625595093,0.8145751953125,0.4773327708244324,0.4823915958404541,22.885345458984375,"[3.1703200340270996,2.941256523132324,2.802520990371704,2.6603007316589355,2.637993574142456,2.98331618309021,3.0006327629089355,2.972163677215576]","[2.880664825439453,2.8125438690185547,2.8154633045196533,3.1462175846099854,3.532325506210327,3.1805481910705566,2.751145124435425,2.7938475608825684]",seeds/cell-015-fb46780dc3d7/seed-9/checkpoint.pt,seeds/cell-015-fb46780dc3d7/seed-9/snapshots/step-000050.pt
1,scaling-tuned-adamw-10seeds-v1,7097b902cc3f3a43380d0b66433b0a90ecf3915af0cdb913b8b407b76daf38af,cell-015-fb46780dc3d7,15,fb46780dc3d7361823b62b8ed5154f84e6aa616cdea6a836b01fd686694446fa,9,3,100,128,4,32,2,4,64,adamw,0.003,0.0,800,512,0.0,8192,0.03229811042547226,0.9932861328125,0.9671468734741211,0.9817147850990295,17.904006958007812,"[4.014373779296875,2.959743022918701,3.636199951171875,2.5845441818237305,2.717440366744995,3.0455164909362793,3.0258920192718506,2.9248316287994385]","[2.9812893867492676,2.778151750564575,2.971101760864258,3.066640853881836,3.582085371017456,3.1576483249664307,2.765266180038452,2.830892562866211]",seeds/cell-015-fb46780dc3d7/seed-9/checkpoint.pt,seeds/cell-015-fb46780dc3d7/seed-9/snapshots/step-000100.pt
1,scaling-tuned-adamw-10seeds-v1,7097b902cc3f3a43380d0b66433b0a90ecf3915af0cdb913b8b407b76daf38af,cell-015-fb46780dc3d7,15,fb46780dc3d7361823b62b8ed5154f84e6aa616cdea6a836b01fd686694446fa,9,4,200,128,4,32,2,4,64,adamw,0.003,0.0,800,512,0.0,8192,0.00679532065987587,0.998291015625,0.9963719248771667,0.9948557019233704,17.008098602294922,"[4.302134037017822,2.889496326446533,3.965022087097168,2.5447380542755127,2.7275726795196533,3.0579376220703125,3.039186716079712,2.9527275562286377]","[2.9753177165985107,2.7253239154815674,3.0466346740722656,3.0351150035858154,3.5596020221710205,3.150782346725464,2.762606143951416,2.832975387573242]",seeds/cell-015-fb46780dc3d7/seed-9/checkpoint.pt,seeds/cell-015-fb46780dc3d7/seed-9/snapshots/step-000200.pt
1,scaling-tuned-adamw-10seeds-v1,7097b902cc3f3a43380d0b66433b0a90ecf3915af0cdb913b8b407b76daf38af,cell-015-fb46780dc3d7,15,fb46780dc3d7361823b62b8ed5154f84e6aa616cdea6a836b01fd686694446fa,9,5,400,128,4,32,2,4,64,adamw,0.003,0.0,800,512,0.0,8192,0.0015670635038986802,0.9996337890625,0.9972934722900391,1.000468134880066,16.499805450439453,"[4.5497612953186035,2.845018148422241,4.194662094116211,2.490185499191284,2.6940054893493652,3.0545694828033447,3.047426462173462,2.9558677673339844]","[2.96260929107666,2.6964240074157715,3.111694812774658,3.0095131397247314,3.536140203475952,3.1462016105651855,2.7620599269866943,2.8254647254943848]",seeds/cell-015-fb46780dc3d7/seed-9/checkpoint.pt,seeds/cell-015-fb46780dc3d7/seed-9/snapshots/step-000400.pt
1,scaling-tuned-adamw-10seeds-v1,7097b902cc3f3a43380d0b66433b0a90ecf3915af0cdb913b8b407b76daf38af,cell-015-fb46780dc3d7,15,fb46780dc3d7361823b62b8ed5154f84e6aa616cdea6a836b01fd686694446fa,9,6,800,128,4,32,2,4,64,adamw,0.003,0.0,800,512,0.0,8192,0.0012240615906193852,0.999755859375,1.0017274618148804,1.008039951324463,16.037355422973633,"[4.731229305267334,2.8013737201690674,4.413649559020996,2.4888076782226562,2.6806910037994385,3.0489261150360107,3.0593745708465576,2.9372239112854004]","[2.9509947299957275,2.679492473602295,3.1659507751464844,2.996422290802002,3.531480312347412,3.1436922550201416,2.7759921550750732,2.8167083263397217]",seeds/cell-015-fb46780dc3d7/seed-9/checkpoint.pt,seeds/cell-015-fb46780dc3d7/seed-9/snapshots/step-000800.pt
