revision,revision_index,template_id,template_index,layer,role,site,site_kind,mean_squared_effect,mean_signed_effect,mean_absolute_effect,q90_absolute_effect,q99_absolute_effect,n_episode_rows,independent_pretraining_trajectories
step0,0,compact_cards,0,0,source_span_transmission,layers.0.resid_pre,resid_pre,0.001997438893652167,0.0008164230612027392,0.0333023601807832,0.07635180110529782,0.09213181364365786,256,1
step0,0,compact_cards,0,0,decision_receiver_accumulation,layers.0.attn_out,attn_out,0.0003715953005165476,0.002956141054213485,0.016166451701043798,0.03060744566686222,0.03918866721170671,256,1
step0,0,compact_cards,0,0,decision_receiver_accumulation,layers.0.mlp_out,mlp_out,0.0,0.0,0.0,0.0,0.0,256,1
step0,0,compact_cards,0,0,coherent_replay_gate,layers.0.resid_pre,resid_pre,0.0,0.0,0.0,0.0,0.0,256,1
step0,0,compact_cards,0,1,source_span_transmission,layers.1.resid_pre,resid_pre,0.0015940658737076975,0.005297734796186567,0.03492740973391464,0.05514618389572791,0.08420086116100088,256,1
step0,0,compact_cards,0,1,decision_receiver_accumulation,layers.1.attn_out,attn_out,0.0007938930968623302,0.01411756874788041,0.023266464871445753,0.04698499545681389,0.06193559218642347,256,1
step0,0,compact_cards,0,1,decision_receiver_accumulation,layers.1.mlp_out,mlp_out,0.00024747816973227455,-0.0023567200239324013,0.013265192089144671,0.023338635402854184,0.037190172475735375,256,1
step0,0,compact_cards,0,1,coherent_replay_gate,layers.1.resid_pre,resid_pre,0.0003715953005165476,0.002956141054213485,0.016166451701043798,0.03060744566686222,0.03918866721170671,256,1
step0,0,compact_cards,0,2,source_span_transmission,layers.2.resid_pre,resid_pre,0.0007091302063885143,-0.004408332256513125,0.023777998026548914,0.04089342733460761,0.05120416904720902,256,1
step0,0,compact_cards,0,2,decision_receiver_accumulation,layers.2.attn_out,attn_out,0.0007915095440303092,-0.013173746310859607,0.019860411090705396,0.047013217198267704,0.07466043306987748,256,1
step0,0,compact_cards,0,2,decision_receiver_accumulation,layers.2.mlp_out,mlp_out,0.000213724120806503,0.0018913620720382085,0.01175413297740219,0.02511095616764721,0.037884651529763815,256,1
step0,0,compact_cards,0,2,coherent_replay_gate,layers.2.resid_pre,resid_pre,0.0012548243002803668,0.017178041343937096,0.028814463824888156,0.053580218805812305,0.07328026668974684,256,1
step0,0,compact_cards,0,3,source_span_transmission,layers.3.resid_pre,resid_pre,0.0004178722128679077,-0.00045622382468557196,0.01793608310471395,0.027707648689507515,0.04264429833668777,256,1
step0,0,compact_cards,0,3,decision_receiver_accumulation,layers.3.attn_out,attn_out,0.0006225863566618415,-0.0019494305022565474,0.01567346063445376,0.047332217304168075,0.06588240167221705,256,1
step0,0,compact_cards,0,3,decision_receiver_accumulation,layers.3.mlp_out,mlp_out,0.0005084556326748356,0.0035839428588426377,0.020540649476260393,0.031214374561318994,0.04124047563635718,256,1
step0,0,compact_cards,0,3,coherent_replay_gate,layers.3.resid_pre,resid_pre,0.0011402311576571085,0.004507357770032785,0.02775284726880193,0.05853919403068617,0.07354652049637564,256,1
step0,0,compact_cards,0,4,source_span_transmission,layers.4.resid_pre,resid_pre,0.00022058418236036638,0.0002612333181201661,0.012085635103804832,0.023789051172110512,0.03197535178215521,256,1
step0,0,compact_cards,0,4,decision_receiver_accumulation,layers.4.attn_out,attn_out,0.0006559717124940739,0.00011824404118292707,0.018990368591662934,0.053409923128527007,0.06127477501126181,256,1
step0,0,compact_cards,0,4,decision_receiver_accumulation,layers.4.mlp_out,mlp_out,0.00032725027795131036,-0.003060953619706136,0.014088596784658947,0.028809247338237,0.046250150247875266,256,1
step0,0,compact_cards,0,4,coherent_replay_gate,layers.4.resid_pre,resid_pre,0.001480262568399424,0.0026623992586988846,0.03085689325405024,0.06475979817003277,0.07946387298463882,256,1
step0,0,compact_cards,0,5,source_span_transmission,layers.5.resid_pre,resid_pre,6.245297220445365e-05,-0.00033609381065274153,0.005494340850502662,0.01769359993142633,0.018297471639659384,256,1
step0,0,compact_cards,0,5,decision_receiver_accumulation,layers.5.attn_out,attn_out,0.00021389747575624175,-0.0017869794400018554,0.0109518249340691,0.02004128442620573,0.040004293201241235,256,1
step0,0,compact_cards,0,5,decision_receiver_accumulation,layers.5.mlp_out,mlp_out,0.00021049803057660894,-0.001135559554701559,0.010266361957392356,0.025314386958036145,0.04572746098913493,256,1
step0,0,compact_cards,0,5,coherent_replay_gate,layers.5.resid_pre,resid_pre,0.0011345485738224284,0.002802658851914574,0.024381875427689232,0.05878786885955858,0.08241713456680146,256,1
step0,0,line_records,1,0,source_span_transmission,layers.0.resid_pre,resid_pre,0.0013116428697057107,0.00041456315392580587,0.025094881586216533,0.0632742660772171,0.11003366616300955,256,1
step0,0,line_records,1,0,decision_receiver_accumulation,layers.0.attn_out,attn_out,0.0005420758753427296,-0.0024832099349132476,0.01964212200798638,0.03602358980450769,0.042272535288651235,256,1
step0,0,line_records,1,0,decision_receiver_accumulation,layers.0.mlp_out,mlp_out,0.0,0.0,0.0,0.0,0.0,256,1
step0,0,line_records,1,0,coherent_replay_gate,layers.0.resid_pre,resid_pre,0.0,0.0,0.0,0.0,0.0,256,1
step0,0,line_records,1,1,source_span_transmission,layers.1.resid_pre,resid_pre,0.00029706623496254526,-0.0035773545078241005,0.014103710838812324,0.027091885760431547,0.040297595850103625,256,1
step0,0,line_records,1,1,decision_receiver_accumulation,layers.1.attn_out,attn_out,0.0003464228152468219,0.0009594433055133671,0.014492968145468493,0.02967946524897856,0.03907472439299374,256,1
step0,0,line_records,1,1,decision_receiver_accumulation,layers.1.mlp_out,mlp_out,0.00024568811977290946,-0.0021905327729375506,0.011940300417989595,0.028494382836047452,0.02937105569016335,256,1
step0,0,line_records,1,1,coherent_replay_gate,layers.1.resid_pre,resid_pre,0.0005420758753427296,-0.0024832099349132476,0.01964212200798638,0.03602358980450769,0.042272535288651235,256,1
step0,0,line_records,1,2,source_span_transmission,layers.2.resid_pre,resid_pre,0.0001803412210419659,-0.0027710095548092975,0.010460631112279203,0.023224851160811064,0.02506706263284904,256,1
step0,0,line_records,1,2,decision_receiver_accumulation,layers.2.attn_out,attn_out,0.0002448406858198296,0.004767497267851214,0.011860904624369801,0.023607494096573985,0.04408820746456428,256,1
step0,0,line_records,1,2,decision_receiver_accumulation,layers.2.mlp_out,mlp_out,0.00018292798755385157,-0.004288879783089622,0.010960145543729025,0.02255216435576285,0.02562738866062914,256,1
step0,0,line_records,1,2,coherent_replay_gate,layers.2.resid_pre,resid_pre,0.000413153680526523,-0.001640995754916657,0.01707038953895501,0.03734743814906662,0.0387427292165361,256,1
step0,0,line_records,1,3,source_span_transmission,layers.3.resid_pre,resid_pre,9.192508942297781e-05,-0.000769621371073228,0.008154823342011027,0.015366774301728475,0.01812117207193118,256,1
step0,0,line_records,1,3,decision_receiver_accumulation,layers.3.attn_out,attn_out,0.00025847386282983173,0.0060507114695788206,0.013028781095836474,0.023077779870443446,0.04144569903760818,256,1
step0,0,line_records,1,3,decision_receiver_accumulation,layers.3.mlp_out,mlp_out,0.00020166595624665842,-0.006693575547285977,0.011530192483270498,0.02650885505143598,0.02851141325902802,256,1
step0,0,line_records,1,3,coherent_replay_gate,layers.3.resid_pre,resid_pre,0.0008630755589754737,0.003121907358278257,0.02257579509710142,0.052798818326983965,0.07611282006317059,256,1
step0,0,line_records,1,4,source_span_transmission,layers.4.resid_pre,resid_pre,6.432531472864967e-05,-0.0023165790215386546,0.00612495581394323,0.014108800003177983,0.017195633481573942,256,1
step0,0,line_records,1,4,decision_receiver_accumulation,layers.4.attn_out,attn_out,0.00017074354881415298,-0.008132568766078829,0.01081737903764126,0.022288994432646016,0.024472474782632304,256,1
step0,0,line_records,1,4,decision_receiver_accumulation,layers.4.mlp_out,mlp_out,0.00011416886739279566,0.00014031686712032382,0.007724802656519172,0.013625971384646725,0.033068016839812565,256,1
step0,0,line_records,1,4,coherent_replay_gate,layers.4.resid_pre,resid_pre,0.001530704119315161,0.009177805200230857,0.026471359234297248,0.0721989124875014,0.11975784488554049,256,1
step0,0,line_records,1,5,source_span_transmission,layers.5.resid_pre,resid_pre,2.832381432004447e-05,2.1568019976617604e-06,0.004188784507371414,0.009290715237034196,0.010580318680762322,256,1
step0,0,line_records,1,5,decision_receiver_accumulation,layers.5.attn_out,attn_out,0.00012269764494457535,-0.0007561314654122749,0.008936134282509337,0.02012018945706412,0.021792944356775874,256,1
step0,0,line_records,1,5,decision_receiver_accumulation,layers.5.mlp_out,mlp_out,0.0003832269299860715,0.010415345381144461,0.015475551648571385,0.03342981334984815,0.0413108710900594,256,1
step0,0,line_records,1,5,coherent_replay_gate,layers.5.resid_pre,resid_pre,0.0011563765958222181,0.0011638518971020134,0.023413832545067785,0.06972174019658162,0.10100904992001825,256,1
step0,0,prose_facts,2,0,source_span_transmission,layers.0.resid_pre,resid_pre,0.0003682607099253194,-0.005611835686308192,0.01504291811942873,0.03354226920798135,0.04028559151783458,256,1
step0,0,prose_facts,2,0,decision_receiver_accumulation,layers.0.attn_out,attn_out,0.00023473112216790243,0.003434497949148623,0.012251906241445617,0.02580900452432426,0.02682472971027705,256,1
step0,0,prose_facts,2,0,decision_receiver_accumulation,layers.0.mlp_out,mlp_out,0.0,0.0,0.0,0.0,0.0,256,1
step0,0,prose_facts,2,0,coherent_replay_gate,layers.0.resid_pre,resid_pre,0.0,0.0,0.0,0.0,0.0,256,1
step0,0,prose_facts,2,1,source_span_transmission,layers.1.resid_pre,resid_pre,0.00043529809021646215,-0.006704503946924836,0.017206693019266653,0.028434231519614262,0.050624796258902836,256,1
step0,0,prose_facts,2,1,decision_receiver_accumulation,layers.1.attn_out,attn_out,0.00015267116656743712,-3.3374245183850296e-05,0.009375116233657995,0.022746498354952835,0.027454194116135956,256,1
step0,0,prose_facts,2,1,decision_receiver_accumulation,layers.1.mlp_out,mlp_out,0.000134635658994635,0.0040262492890495005,0.008829406380014474,0.01895661500028295,0.02627749577673772,256,1
step0,0,prose_facts,2,1,coherent_replay_gate,layers.1.resid_pre,resid_pre,0.00023473112216790243,0.003434497949148623,0.012251906241445617,0.02580900452432426,0.02682472971027705,256,1
step0,0,prose_facts,2,2,source_span_transmission,layers.2.resid_pre,resid_pre,0.00014286524631047966,-0.005898201276180807,0.00871124184789417,0.019154546245292916,0.027659317248309577,256,1
step0,0,prose_facts,2,2,decision_receiver_accumulation,layers.2.attn_out,attn_out,0.00019679349157494114,-0.002957822032991527,0.011317035674706549,0.01734620636257367,0.03704009621413507,256,1
step0,0,prose_facts,2,2,decision_receiver_accumulation,layers.2.mlp_out,mlp_out,6.651536750638739e-05,-0.0005112038133449805,0.00613013578499052,0.014997853137417631,0.01830396082523604,256,1
step0,0,prose_facts,2,2,coherent_replay_gate,layers.2.resid_pre,resid_pre,0.00024556579949194134,0.003216293463874129,0.013378689257482174,0.02249737078317021,0.025570681103298205,256,1
step0,0,prose_facts,2,3,source_span_transmission,layers.3.resid_pre,resid_pre,7.507724827885628e-05,-0.0037760277777658217,0.007303350460290519,0.01212168089753736,0.017418488861095965,256,1
step0,0,prose_facts,2,3,decision_receiver_accumulation,layers.3.attn_out,attn_out,7.08721565690246e-05,-0.0014584614730894167,0.005630057966946361,0.019747596282042965,0.02198126742212926,256,1
step0,0,prose_facts,2,3,decision_receiver_accumulation,layers.3.mlp_out,mlp_out,0.000187950537028489,0.00045875012656484905,0.011533231474595661,0.020768131889433623,0.022498432689359294,256,1
step0,0,prose_facts,2,3,coherent_replay_gate,layers.3.resid_pre,resid_pre,0.0004353361429199856,0.00026234281209453327,0.018219424608748265,0.03353502863486496,0.034390487955514866,256,1
step0,0,prose_facts,2,4,source_span_transmission,layers.4.resid_pre,resid_pre,3.416487040180316e-05,-0.0021417405283963506,0.0046813350113090995,0.011589574608383522,0.012769273032826548,256,1
step0,0,prose_facts,2,4,decision_receiver_accumulation,layers.4.attn_out,attn_out,2.4144684495648948e-05,-0.00033716249199498187,0.004220266362968291,0.008648630498166256,0.010204303647203749,256,1
step0,0,prose_facts,2,4,decision_receiver_accumulation,layers.4.mlp_out,mlp_out,9.082064860435163e-05,-0.002900337736571807,0.008006465574327555,0.015147981546308573,0.021940278370373538,256,1
step0,0,prose_facts,2,4,coherent_replay_gate,layers.4.resid_pre,resid_pre,0.0003773652920436444,-0.0014184688041582274,0.016404512484348564,0.03176402458443142,0.034230324448316016,256,1
step0,0,prose_facts,2,5,source_span_transmission,layers.5.resid_pre,resid_pre,1.4901690528294835e-05,-0.0017543942790344412,0.0030857310710546097,0.0075029398693064395,0.008438056490035352,256,1
step0,0,prose_facts,2,5,decision_receiver_accumulation,layers.5.attn_out,attn_out,4.93987148603652e-05,-0.0036232232551747573,0.005576875330231354,0.01170795434907327,0.017727899039380705,256,1
step0,0,prose_facts,2,5,decision_receiver_accumulation,layers.5.mlp_out,mlp_out,9.973521428351723e-05,-0.0018039634278027798,0.0071920667764827995,0.016499732700578355,0.028156496718444498,256,1
step0,0,prose_facts,2,5,coherent_replay_gate,layers.5.resid_pre,resid_pre,0.0003032271062997816,-0.0018367720378840548,0.01444422815583858,0.028445708961255887,0.030004340746603252,256,1
step0,0,bracket_dictionary,3,0,source_span_transmission,layers.0.resid_pre,resid_pre,0.0006855226051604628,-0.005191918800212728,0.020693401159098054,0.041651182890187266,0.05821772799796807,256,1
step0,0,bracket_dictionary,3,0,decision_receiver_accumulation,layers.0.attn_out,attn_out,0.00019313458715845662,-0.0034690353458279094,0.011266200980204791,0.024065838733591027,0.02539831068264794,256,1
step0,0,bracket_dictionary,3,0,decision_receiver_accumulation,layers.0.mlp_out,mlp_out,0.0,0.0,0.0,0.0,0.0,256,1
step0,0,bracket_dictionary,3,0,coherent_replay_gate,layers.0.resid_pre,resid_pre,0.0,0.0,0.0,0.0,0.0,256,1
step0,0,bracket_dictionary,3,1,source_span_transmission,layers.1.resid_pre,resid_pre,0.00023787292875489664,-0.0026876937820965873,0.01128000092957889,0.03147212304593061,0.03711902902335549,256,1
step0,0,bracket_dictionary,3,1,decision_receiver_accumulation,layers.1.attn_out,attn_out,4.510693234536404e-05,0.00039530611324942785,0.005420116949387064,0.013143580744051586,0.015177818046971917,256,1
step0,0,bracket_dictionary,3,1,decision_receiver_accumulation,layers.1.mlp_out,mlp_out,0.00011470810624248806,-0.001521308658751398,0.008169918569993228,0.01677483348891512,0.02828130321103916,256,1
step0,0,bracket_dictionary,3,1,coherent_replay_gate,layers.1.resid_pre,resid_pre,0.00019313458715845662,-0.0034690353458279094,0.011266200980204791,0.024065838733591027,0.02539831068264794,256,1
step0,0,bracket_dictionary,3,2,source_span_transmission,layers.2.resid_pre,resid_pre,9.961158968789146e-05,-0.0016118998350935776,0.007669382960823569,0.01774409795118903,0.021240362283875002,256,1
step0,0,bracket_dictionary,3,2,decision_receiver_accumulation,layers.2.attn_out,attn_out,0.00010581609911219662,0.001241108757912836,0.009043586902985967,0.01637129279994476,0.01900962848711292,256,1
step0,0,bracket_dictionary,3,2,decision_receiver_accumulation,layers.2.mlp_out,mlp_out,7.08382079239624e-05,-0.0012272569418240184,0.007202378978866402,0.014289513651249697,0.015817021595328672,256,1
step0,0,bracket_dictionary,3,2,coherent_replay_gate,layers.2.resid_pre,resid_pre,0.0002403769553195517,-0.0032032009499470613,0.012086859103946268,0.02728267988605987,0.03138462119410863,256,1
step0,0,bracket_dictionary,3,3,source_span_transmission,layers.3.resid_pre,resid_pre,5.1835701080877476e-05,-0.002100151639508805,0.0057655666378962495,0.01133538319299593,0.018241427075761738,256,1
step0,0,bracket_dictionary,3,3,decision_receiver_accumulation,layers.3.attn_out,attn_out,5.063620175920635e-05,-0.0033101578407875873,0.00613893080031036,0.010701701555065224,0.014934139445565459,256,1
step0,0,bracket_dictionary,3,3,decision_receiver_accumulation,layers.3.mlp_out,mlp_out,3.8521693653352747e-05,-0.0005393570272417786,0.005138463848074159,0.011124122513388957,0.011797627679465116,256,1
step0,0,bracket_dictionary,3,3,coherent_replay_gate,layers.3.resid_pre,resid_pre,0.0003176356814029912,-0.002052115698842408,0.014689504646579523,0.028690418128617723,0.042701828924773116,256,1
step0,0,bracket_dictionary,3,4,source_span_transmission,layers.4.resid_pre,resid_pre,3.890821987651157e-05,-0.000274003841401322,0.005351324363202457,0.009657502145855701,0.01039144970240573,256,1
step0,0,bracket_dictionary,3,4,decision_receiver_accumulation,layers.4.attn_out,attn_out,5.963650966594699e-05,0.0010805018772443525,0.006234035246327183,0.013973133874305987,0.01530499828064386,256,1
step0,0,bracket_dictionary,3,4,decision_receiver_accumulation,layers.4.mlp_out,mlp_out,1.653452916329119e-05,0.001151746287496475,0.0030516899721490668,0.0053898367366081446,0.011800375595031738,256,1
step0,0,bracket_dictionary,3,4,coherent_replay_gate,layers.4.resid_pre,resid_pre,0.00034926889540940094,-0.005229426986474051,0.014999949665579906,0.031126261822138013,0.033272976338912644,256,1
step0,0,bracket_dictionary,3,5,source_span_transmission,layers.5.resid_pre,resid_pre,1.64727304525918e-05,-0.0008940164013859194,0.0033646721045421466,0.006595275435841708,0.008144168451414234,256,1
step0,0,bracket_dictionary,3,5,decision_receiver_accumulation,layers.5.attn_out,attn_out,5.8877065716774245e-05,-0.0013159783028711025,0.006134479117425425,0.008994457363965702,0.022592255026336727,256,1
step0,0,bracket_dictionary,3,5,decision_receiver_accumulation,layers.5.mlp_out,mlp_out,2.800878119577931e-05,0.0018275940225335493,0.0038022550487143013,0.008846855277373722,0.015292536730983053,256,1
step0,0,bracket_dictionary,3,5,coherent_replay_gate,layers.5.resid_pre,resid_pre,0.00045614623012170077,-0.0041734735903081865,0.01726529944294665,0.034524291094524096,0.040528439349484253,256,1
step64,1,compact_cards,0,0,source_span_transmission,layers.0.resid_pre,resid_pre,0.00016667437431787792,-0.0006523078284620997,0.009704298105629857,0.024892984719440292,0.03384311724225125,256,1
step64,1,compact_cards,0,0,decision_receiver_accumulation,layers.0.attn_out,attn_out,4.8574646405921485e-05,-0.00034309644022131685,0.0051549806053434385,0.013795536330684949,0.014833993194782943,256,1
step64,1,compact_cards,0,0,decision_receiver_accumulation,layers.0.mlp_out,mlp_out,0.0,0.0,0.0,0.0,0.0,256,1
step64,1,compact_cards,0,0,coherent_replay_gate,layers.0.resid_pre,resid_pre,0.0,0.0,0.0,0.0,0.0,256,1
step64,1,compact_cards,0,1,source_span_transmission,layers.1.resid_pre,resid_pre,8.756443498031269e-05,0.0010562955943158626,0.008048432252314667,0.013565337255595639,0.01714883539476768,256,1
step64,1,compact_cards,0,1,decision_receiver_accumulation,layers.1.attn_out,attn_out,7.20363973073483e-05,0.002979602454379387,0.006947576546229368,0.014882914749707044,0.017990031955483165,256,1
step64,1,compact_cards,0,1,decision_receiver_accumulation,layers.1.mlp_out,mlp_out,2.4276166595277574e-05,-0.0004265343949565077,0.0038726693169775575,0.008650941537883372,0.009494289183073846,256,1
step64,1,compact_cards,0,1,coherent_replay_gate,layers.1.resid_pre,resid_pre,4.8574646405921485e-05,-0.00034309644022131685,0.0051549806053434385,0.013795536330684949,0.014833993194782943,256,1
step64,1,compact_cards,0,2,source_span_transmission,layers.2.resid_pre,resid_pre,3.666171836853422e-05,-0.001209666731711613,0.004498017510123523,0.012455441037800705,0.014044652382164851,256,1
step64,1,compact_cards,0,2,decision_receiver_accumulation,layers.2.attn_out,attn_out,4.670853425608023e-05,-0.00191783206857458,0.005113155177922227,0.013954174561147531,0.01656758632870421,256,1
step64,1,compact_cards,0,2,decision_receiver_accumulation,layers.2.mlp_out,mlp_out,3.13321140404303e-05,-0.0014254491869703256,0.004639429499715489,0.009135176882777735,0.01090054417904348,256,1
step64,1,compact_cards,0,2,coherent_replay_gate,layers.2.resid_pre,resid_pre,8.890095598396684e-05,0.002602971556272676,0.007863896085574966,0.016061418076427747,0.01945219978454976,256,1
step64,1,compact_cards,0,3,source_span_transmission,layers.3.resid_pre,resid_pre,8.634579299310657e-06,-0.00028105852993063533,0.002084588719952845,0.005516262115173115,0.008015218513675334,256,1
step64,1,compact_cards,0,3,decision_receiver_accumulation,layers.3.attn_out,attn_out,2.0208658412264827e-05,-0.00019462107275282044,0.002828689226770537,0.010315332484341272,0.01144897395795023,256,1
step64,1,compact_cards,0,3,decision_receiver_accumulation,layers.3.mlp_out,mlp_out,3.256547166075117e-05,0.0008130710307013119,0.004673784692395865,0.00938636888387176,0.010248148049149324,256,1
step64,1,compact_cards,0,3,coherent_replay_gate,layers.3.resid_pre,resid_pre,0.0001283593093438489,0.0008130479663937538,0.009117556081789907,0.01997273115300066,0.022944540193263502,256,1
step64,1,compact_cards,0,4,source_span_transmission,layers.4.resid_pre,resid_pre,4.794202639853262e-06,-0.0004048066210395972,0.0018071523431569315,0.0034184227939202533,0.004791897586162458,256,1
step64,1,compact_cards,0,4,decision_receiver_accumulation,layers.4.attn_out,attn_out,1.3971737208233477e-05,-0.0009528043821503541,0.0030127007252399554,0.0055849431079676715,0.010065259686621338,256,1
step64,1,compact_cards,0,4,decision_receiver_accumulation,layers.4.mlp_out,mlp_out,1.31804729079361e-05,-0.0019166078586053893,0.002674537770035261,0.007336480819935348,0.009345535494671299,256,1
step64,1,compact_cards,0,4,coherent_replay_gate,layers.4.resid_pre,resid_pre,0.0001438334792571625,0.0006197051449505163,0.009681824565989683,0.018105344372401883,0.029450137726776283,256,1
step64,1,compact_cards,0,5,source_span_transmission,layers.5.resid_pre,resid_pre,1.1006093972917006e-06,-0.0001468202573870189,0.0008807199224750781,0.0017546047049745717,0.002388213228214167,256,1
step64,1,compact_cards,0,5,decision_receiver_accumulation,layers.5.attn_out,attn_out,7.3993219968786165e-06,-0.0003672724917578626,0.0019139602645496963,0.006098517835718464,0.007189108604436952,256,1
step64,1,compact_cards,0,5,decision_receiver_accumulation,layers.5.mlp_out,mlp_out,7.124072825111407e-06,3.922069997461166e-05,0.002215588888625103,0.0044392490244644645,0.0049717592533754015,256,1
step64,1,compact_cards,0,5,coherent_replay_gate,layers.5.resid_pre,resid_pre,0.00012741423728510602,-0.00027093643000843776,0.008427158449257191,0.02220016268210137,0.031488156647308856,256,1
step64,1,line_records,1,0,source_span_transmission,layers.0.resid_pre,resid_pre,0.00022341499766298119,-0.00026455679730692555,0.010459570411658478,0.028286952266118007,0.04260210195053969,256,1
step64,1,line_records,1,0,decision_receiver_accumulation,layers.0.attn_out,attn_out,5.731943268570181e-05,-0.0008387339690457202,0.00641609287421681,0.01065944998335995,0.015476079612906908,256,1
step64,1,line_records,1,0,decision_receiver_accumulation,layers.0.mlp_out,mlp_out,0.0,0.0,0.0,0.0,0.0,256,1
step64,1,line_records,1,0,coherent_replay_gate,layers.0.resid_pre,resid_pre,0.0,0.0,0.0,0.0,0.0,256,1
step64,1,line_records,1,1,source_span_transmission,layers.1.resid_pre,resid_pre,2.5570883583682313e-05,-0.0006170995805629975,0.00467958054216072,0.0076054690911297185,0.007963752294400002,256,1
step64,1,line_records,1,1,decision_receiver_accumulation,layers.1.attn_out,attn_out,3.4443634560322896e-05,0.0002001627492427008,0.004505250286211194,0.010419144114073117,0.011327973853474851,256,1
step64,1,line_records,1,1,decision_receiver_accumulation,layers.1.mlp_out,mlp_out,2.5896790316739533e-05,-0.00025009231997340177,0.004524188354026995,0.007363702150311333,0.00835861326196681,256,1
step64,1,line_records,1,1,coherent_replay_gate,layers.1.resid_pre,resid_pre,5.731943268570181e-05,-0.0008387339690457202,0.00641609287421681,0.01065944998335995,0.015476079612906908,256,1
step64,1,line_records,1,2,source_span_transmission,layers.2.resid_pre,resid_pre,1.4533068490913876e-05,-0.0001645044794734347,0.003184765526430152,0.005951423208903545,0.008428878065837985,256,1
step64,1,line_records,1,2,decision_receiver_accumulation,layers.2.attn_out,attn_out,1.2187203567547859e-05,0.00043256734197888284,0.002357654733004138,0.006256002830910032,0.00916595728544487,256,1
step64,1,line_records,1,2,decision_receiver_accumulation,layers.2.mlp_out,mlp_out,1.5628172372701135e-05,-0.0009980411186698958,0.0030219525612403273,0.00808890084905882,0.008578480441675803,256,1
step64,1,line_records,1,2,coherent_replay_gate,layers.2.resid_pre,resid_pre,6.053448945290282e-05,-0.0006405510072700208,0.005683720170435617,0.015571041417246426,0.01808539716009614,256,1
step64,1,line_records,1,3,source_span_transmission,layers.3.resid_pre,resid_pre,4.2687284107909854e-06,0.0001824135997241027,0.001566954472172586,0.0035470153338247046,0.004682828376362569,256,1
step64,1,line_records,1,3,decision_receiver_accumulation,layers.3.attn_out,attn_out,8.743739580443609e-06,0.0007806663510890417,0.0021729688880181316,0.0050891080405385675,0.008264093439119786,256,1
step64,1,line_records,1,3,decision_receiver_accumulation,layers.3.mlp_out,mlp_out,1.2523709999596593e-05,-0.0004273991162516891,0.002838379839546621,0.006505076565343201,0.008519628830632828,256,1
step64,1,line_records,1,3,coherent_replay_gate,layers.3.resid_pre,resid_pre,0.00010982381924615542,-0.00016353361165751326,0.0077408519509709625,0.02144125304010061,0.027360621389218534,256,1
step64,1,line_records,1,4,source_span_transmission,layers.4.resid_pre,resid_pre,1.202238847949845e-06,-1.6778153207176825e-06,0.0009268631499327346,0.0017030043589538885,0.0022973552835741013,256,1
step64,1,line_records,1,4,decision_receiver_accumulation,layers.4.attn_out,attn_out,4.670742163250647e-06,-0.0007696606918922309,0.0017484322042471512,0.004390011665592025,0.004673157271673396,256,1
step64,1,line_records,1,4,decision_receiver_accumulation,layers.4.mlp_out,mlp_out,2.8529570292509084e-06,-0.0004838652644021805,0.0011814517669440333,0.0032048576352196045,0.004113591861998295,256,1
step64,1,line_records,1,4,coherent_replay_gate,layers.4.resid_pre,resid_pre,0.0001540827396577569,0.0005748587405996737,0.008370991782361554,0.02651999634541717,0.03542586226414017,256,1
step64,1,line_records,1,5,source_span_transmission,layers.5.resid_pre,resid_pre,5.030608223365388e-07,2.971751712636903e-05,0.0005857020763801452,0.0011770323438423103,0.0012480635814177744,256,1
step64,1,line_records,1,5,decision_receiver_accumulation,layers.5.attn_out,attn_out,5.382718022049102e-06,-6.031398557412859e-05,0.0016573647941894414,0.004275917363400453,0.004697322346203514,256,1
step64,1,line_records,1,5,decision_receiver_accumulation,layers.5.mlp_out,mlp_out,4.9101812892456745e-06,0.0012360157064100932,0.0016783771269201536,0.004044385817080831,0.004153693915018422,256,1
step64,1,line_records,1,5,coherent_replay_gate,layers.5.resid_pre,resid_pre,0.0001793000636131392,-0.00021380777624635788,0.008951500718937078,0.027977656142951474,0.03800025849677556,256,1
step64,1,prose_facts,2,0,source_span_transmission,layers.0.resid_pre,resid_pre,3.339537669742282e-05,0.00013949710418624767,0.005062629498404788,0.008815513676703413,0.010526253337262592,256,1
step64,1,prose_facts,2,0,decision_receiver_accumulation,layers.0.attn_out,attn_out,2.4637650537649975e-05,0.000540691758072832,0.004174365872653513,0.007750942554339724,0.00926830537644964,256,1
step64,1,prose_facts,2,0,decision_receiver_accumulation,layers.0.mlp_out,mlp_out,0.0,0.0,0.0,0.0,0.0,256,1
step64,1,prose_facts,2,0,coherent_replay_gate,layers.0.resid_pre,resid_pre,0.0,0.0,0.0,0.0,0.0,256,1
step64,1,prose_facts,2,1,source_span_transmission,layers.1.resid_pre,resid_pre,1.504819108682297e-05,-0.00020535208118474665,0.0031148835303054373,0.007260826939159276,0.008974351249445189,256,1
step64,1,prose_facts,2,1,decision_receiver_accumulation,layers.1.attn_out,attn_out,1.1046384428206786e-05,0.00016720930037575246,0.002376211469727502,0.0068236412313293915,0.007686171581729153,256,1
step64,1,prose_facts,2,1,decision_receiver_accumulation,layers.1.mlp_out,mlp_out,1.272993463601183e-05,0.0009406637535811027,0.002749327816570859,0.006706436250058456,0.007534565538779242,256,1
step64,1,prose_facts,2,1,coherent_replay_gate,layers.1.resid_pre,resid_pre,2.4637650537649975e-05,0.000540691758072832,0.004174365872653513,0.007750942554339724,0.00926830537644964,256,1
step64,1,prose_facts,2,2,source_span_transmission,layers.2.resid_pre,resid_pre,6.118406402367781e-06,-0.0002791809704976234,0.0018898518385631416,0.004540184114789292,0.004732035145134744,256,1
step64,1,prose_facts,2,2,decision_receiver_accumulation,layers.2.attn_out,attn_out,9.822590595597238e-06,2.798637556757251e-05,0.0025566037164206504,0.005368959067138718,0.007130746494727003,256,1
step64,1,prose_facts,2,2,decision_receiver_accumulation,layers.2.mlp_out,mlp_out,8.925582789118913e-06,6.057947972275615e-05,0.002509120144274849,0.004327053039409501,0.005336087527650196,256,1
step64,1,prose_facts,2,2,coherent_replay_gate,layers.2.resid_pre,resid_pre,2.2500948337825635e-05,0.000695598691410863,0.0040438792097831355,0.007948901612304715,0.008454459645524867,256,1
step64,1,prose_facts,2,3,source_span_transmission,layers.3.resid_pre,resid_pre,1.2451711988375668e-06,-0.0003593279465776097,0.0009556673635717529,0.0019339067995658432,0.0022042872185762175,256,1
step64,1,prose_facts,2,3,decision_receiver_accumulation,layers.3.attn_out,attn_out,2.5891224737529035e-06,9.580945427517225e-05,0.0011608749837197095,0.0024608107531698675,0.0046445033283546875,256,1
step64,1,prose_facts,2,3,decision_receiver_accumulation,layers.3.mlp_out,mlp_out,8.209231214192397e-06,-0.00021977530044049948,0.0022420117681126394,0.004502829553783255,0.006105279191259777,256,1
step64,1,prose_facts,2,3,coherent_replay_gate,layers.3.resid_pre,resid_pre,3.3664230726116586e-05,0.0006848123363824726,0.0053640594735643475,0.009283085361761395,0.009920715332643165,256,1
step64,1,prose_facts,2,4,source_span_transmission,layers.4.resid_pre,resid_pre,4.34922186263438e-07,-0.0002748172717769357,0.0005187457977036047,0.0009861317095899436,0.0015305520714969823,256,1
step64,1,prose_facts,2,4,decision_receiver_accumulation,layers.4.attn_out,attn_out,8.851365794982047e-07,-0.0002810742819656833,0.000641789430439399,0.0014387961999783039,0.002795447362257763,256,1
step64,1,prose_facts,2,4,decision_receiver_accumulation,layers.4.mlp_out,mlp_out,1.9626124058667613e-06,8.938035062486423e-05,0.0011056550536227379,0.002702687750540278,0.003470804828383417,256,1
step64,1,prose_facts,2,4,coherent_replay_gate,layers.4.resid_pre,resid_pre,3.620361310584986e-05,0.0007859431471151173,0.005541122701652674,0.008806798265078103,0.00902436790825777,256,1
step64,1,prose_facts,2,5,source_span_transmission,layers.5.resid_pre,resid_pre,2.210550241855273e-07,-0.0002118004375212851,0.00036644353061300117,0.0008838801783172534,0.0010447952417312694,256,1
step64,1,prose_facts,2,5,decision_receiver_accumulation,layers.5.attn_out,attn_out,6.955710777757015e-07,-0.0004100488543722961,0.0006599640925807186,0.0014026692992576417,0.00195721270794188,256,1
step64,1,prose_facts,2,5,decision_receiver_accumulation,layers.5.mlp_out,mlp_out,2.3718988854045054e-06,-0.00010272883904015079,0.0012117733546673653,0.002433710961464497,0.003958446827065481,256,1
step64,1,prose_facts,2,5,coherent_replay_gate,layers.5.resid_pre,resid_pre,3.142147541628957e-05,0.0005528942570297165,0.005021556658866656,0.008746443251274827,0.009082237663815334,256,1
step64,1,bracket_dictionary,3,0,source_span_transmission,layers.0.resid_pre,resid_pre,9.243412120734905e-05,-0.003044277063080793,0.007584013116435443,0.017736581346206926,0.0185624825259543,256,1
step64,1,bracket_dictionary,3,0,decision_receiver_accumulation,layers.0.attn_out,attn_out,2.15235385654237e-05,-0.0013957113317570149,0.0033896761642258216,0.009436916129264894,0.010097752128346548,256,1
step64,1,bracket_dictionary,3,0,decision_receiver_accumulation,layers.0.mlp_out,mlp_out,0.0,0.0,0.0,0.0,0.0,256,1
step64,1,bracket_dictionary,3,0,coherent_replay_gate,layers.0.resid_pre,resid_pre,0.0,0.0,0.0,0.0,0.0,256,1
step64,1,bracket_dictionary,3,1,source_span_transmission,layers.1.resid_pre,resid_pre,3.332376841706684e-05,-0.001112456246295262,0.004900021118997783,0.009901016580940836,0.011467418363397099,256,1
step64,1,bracket_dictionary,3,1,decision_receiver_accumulation,layers.1.attn_out,attn_out,1.958488047441083e-05,-0.0004814975006787578,0.0031037093618957214,0.007981896229893481,0.011522159042865502,256,1
step64,1,bracket_dictionary,3,1,decision_receiver_accumulation,layers.1.mlp_out,mlp_out,1.973028588239013e-05,-0.0007060578778805364,0.0036931191189695707,0.007589141126780025,0.009327068695743086,256,1
step64,1,bracket_dictionary,3,1,coherent_replay_gate,layers.1.resid_pre,resid_pre,2.15235385654237e-05,-0.0013957113317570149,0.0033896761642258216,0.009436916129264894,0.010097752128346548,256,1
step64,1,bracket_dictionary,3,2,source_span_transmission,layers.2.resid_pre,resid_pre,1.101070970483208e-05,-2.5532890857623116e-05,0.0030610236991318786,0.00457721577257808,0.006019192905118936,256,1
step64,1,bracket_dictionary,3,2,decision_receiver_accumulation,layers.2.attn_out,attn_out,1.8379788017890722e-05,0.00013365960642089457,0.0033956283939665316,0.00823646702276451,0.010509324505228812,256,1
step64,1,bracket_dictionary,3,2,decision_receiver_accumulation,layers.2.mlp_out,mlp_out,6.2552553579154535e-06,-0.00035663153219860793,0.002084324332822028,0.004099020942584686,0.005745680537145681,256,1
step64,1,bracket_dictionary,3,2,coherent_replay_gate,layers.2.resid_pre,resid_pre,4.998593128671882e-05,-0.0019417547671647022,0.005863450634373965,0.011615712262969868,0.0141918612613386,256,1
step64,1,bracket_dictionary,3,3,source_span_transmission,layers.3.resid_pre,resid_pre,4.718179372872557e-06,-0.00022485898220290048,0.001700491014035707,0.004361403025678112,0.004532890516344279,256,1
step64,1,bracket_dictionary,3,3,decision_receiver_accumulation,layers.3.attn_out,attn_out,7.761713999145536e-06,-0.0011302057940029138,0.0021772147314209588,0.004919481449914609,0.00660870887020607,256,1
step64,1,bracket_dictionary,3,3,decision_receiver_accumulation,layers.3.mlp_out,mlp_out,1.4235067542364317e-05,6.590434385187155e-05,0.0034680496862446114,0.004852341737443366,0.006793617964258835,256,1
step64,1,bracket_dictionary,3,3,coherent_replay_gate,layers.3.resid_pre,resid_pre,6.627453331643706e-05,-0.0017965971652037416,0.006430531702700528,0.014397208714778065,0.016155558519070908,256,1
step64,1,bracket_dictionary,3,4,source_span_transmission,layers.4.resid_pre,resid_pre,2.577885922001108e-06,-5.2483598689860144e-05,0.001296115393720501,0.002373075198532637,0.003833524413883266,256,1
step64,1,bracket_dictionary,3,4,decision_receiver_accumulation,layers.4.attn_out,attn_out,5.506041687412393e-06,0.0001501453293698289,0.0018949079141525017,0.003952194874316806,0.004937786978008105,256,1
step64,1,bracket_dictionary,3,4,decision_receiver_accumulation,layers.4.mlp_out,mlp_out,3.915190018708039e-06,4.404111945066126e-05,0.0015196414715679233,0.0039335033788960305,0.0043569305244979765,256,1
step64,1,bracket_dictionary,3,4,coherent_replay_gate,layers.4.resid_pre,resid_pre,6.685244519502732e-05,-0.0029060874447167594,0.006477996167997576,0.012703481640148867,0.017778367525521827,256,1
step64,1,bracket_dictionary,3,5,source_span_transmission,layers.5.resid_pre,resid_pre,7.137608013689531e-07,-0.000202848469201351,0.0006359859369797392,0.0010677954937476086,0.0022204763851549846,256,1
step64,1,bracket_dictionary,3,5,decision_receiver_accumulation,layers.5.attn_out,attn_out,1.0048735229981413e-06,-0.0002698513937639325,0.0008318906703920295,0.0014292763130104302,0.002469793171500878,256,1
step64,1,bracket_dictionary,3,5,decision_receiver_accumulation,layers.5.mlp_out,mlp_out,2.8307293573741183e-06,0.00023439467781297693,0.0013003266971982124,0.0024889426448554963,0.00415390503122956,256,1
step64,1,bracket_dictionary,3,5,coherent_replay_gate,layers.5.resid_pre,resid_pre,8.810417704285363e-05,-0.0027752564278800645,0.007464807427637964,0.017138681316014176,0.01956312995967466,256,1
step512,2,compact_cards,0,0,source_span_transmission,layers.0.resid_pre,resid_pre,0.0015282555666259032,-0.00784362073545568,0.02859562451032531,0.07546501636649955,0.11062229897271844,256,1
step512,2,compact_cards,0,0,decision_receiver_accumulation,layers.0.attn_out,attn_out,8.187727302894795e-05,-0.002296662378955902,0.007292196652843891,0.014963292763944702,0.01898830845717216,256,1
step512,2,compact_cards,0,0,decision_receiver_accumulation,layers.0.mlp_out,mlp_out,0.0,0.0,0.0,0.0,0.0,256,1
step512,2,compact_cards,0,0,coherent_replay_gate,layers.0.resid_pre,resid_pre,0.0,0.0,0.0,0.0,0.0,256,1
step512,2,compact_cards,0,1,source_span_transmission,layers.1.resid_pre,resid_pre,0.0009838376977646288,-0.007918964226707214,0.021634389548107296,0.060757805431450984,0.09305983291682948,256,1
step512,2,compact_cards,0,1,decision_receiver_accumulation,layers.1.attn_out,attn_out,8.69403741290203e-05,0.00015296844731416972,0.007506969333344155,0.014612981116264467,0.01801820823634465,256,1
step512,2,compact_cards,0,1,decision_receiver_accumulation,layers.1.mlp_out,mlp_out,8.311035491480293e-05,-0.002638398414425067,0.006674827379823278,0.016801042117586207,0.018325245655792112,256,1
step512,2,compact_cards,0,1,coherent_replay_gate,layers.1.resid_pre,resid_pre,8.187727302894795e-05,-0.002296662378955902,0.007292196652843891,0.014963292763944702,0.01898830845717216,256,1
step512,2,compact_cards,0,2,source_span_transmission,layers.2.resid_pre,resid_pre,0.00044170502031445197,-0.0035553351089420713,0.01632850876808045,0.03890542602746633,0.04455683467981049,256,1
step512,2,compact_cards,0,2,decision_receiver_accumulation,layers.2.attn_out,attn_out,0.0002513156817152421,-0.004546013029411098,0.012899382537391493,0.022820225848819653,0.04015308438580071,256,1
step512,2,compact_cards,0,2,decision_receiver_accumulation,layers.2.mlp_out,mlp_out,0.00029900846424842174,-0.0016346474508989414,0.011844364482502551,0.02965998305546369,0.05211664564002414,256,1
step512,2,compact_cards,0,2,coherent_replay_gate,layers.2.resid_pre,resid_pre,0.0001278950737180591,-0.0015710968379371924,0.009413213590474898,0.01616459005666404,0.025318719162792384,256,1
step512,2,compact_cards,0,3,source_span_transmission,layers.3.resid_pre,resid_pre,8.031441399790565e-05,0.0003663944292801719,0.007349314328447878,0.015281273034866316,0.017327456157529852,256,1
step512,2,compact_cards,0,3,decision_receiver_accumulation,layers.3.attn_out,attn_out,0.00038891869369392395,-0.0055933314053221925,0.015650479538986115,0.02979251986072129,0.05334312222418056,256,1
step512,2,compact_cards,0,3,decision_receiver_accumulation,layers.3.mlp_out,mlp_out,9.971390721794047e-05,-0.0031833644301393184,0.007626227966710307,0.018311548872082695,0.02055831830765347,256,1
step512,2,compact_cards,0,3,coherent_replay_gate,layers.3.resid_pre,resid_pre,0.0002876620871432629,-0.005604519947010713,0.014804070943291715,0.02595132408935802,0.03060100786431624,256,1
step512,2,compact_cards,0,4,source_span_transmission,layers.4.resid_pre,resid_pre,4.067550730115454e-05,0.0006078003465853628,0.005637657692360758,0.009604411187634887,0.010906905484935236,256,1
step512,2,compact_cards,0,4,decision_receiver_accumulation,layers.4.attn_out,attn_out,0.0003325085752254037,-0.0035402089898729132,0.013840030642419562,0.032351023842542515,0.03835226501535806,256,1
step512,2,compact_cards,0,4,decision_receiver_accumulation,layers.4.mlp_out,mlp_out,0.00026709109114488543,-0.005923559394165995,0.010661985670099227,0.01704002008957528,0.057689253070618736,256,1
step512,2,compact_cards,0,4,coherent_replay_gate,layers.4.resid_pre,resid_pre,0.0008136672602461559,-0.010906577145234544,0.021318372998456236,0.051275208093350955,0.0815090807278883,256,1
step512,2,compact_cards,0,5,source_span_transmission,layers.5.resid_pre,resid_pre,1.110326030732259e-05,0.0010823590029671744,0.0024628011987293833,0.00560821180356974,0.009970572501143497,256,1
step512,2,compact_cards,0,5,decision_receiver_accumulation,layers.5.attn_out,attn_out,0.00013062149808675252,0.007103214229016267,0.00872813893668439,0.02130073564979379,0.028240646216887034,256,1
step512,2,compact_cards,0,5,decision_receiver_accumulation,layers.5.mlp_out,mlp_out,0.0005037535004341715,-0.010082074182538809,0.01804348868963627,0.03855810345328925,0.056049767972977456,256,1
step512,2,compact_cards,0,5,coherent_replay_gate,layers.5.resid_pre,resid_pre,0.0015747196991223599,-0.014374828313959939,0.02964304762800367,0.07891523122798616,0.11284850752064746,256,1
step512,2,line_records,1,0,source_span_transmission,layers.0.resid_pre,resid_pre,0.002507518802240094,0.013513413967624151,0.03882546029710748,0.09273421255750769,0.11280590525533843,256,1
step512,2,line_records,1,0,decision_receiver_accumulation,layers.0.attn_out,attn_out,0.0002690371330433299,-0.006429570345609084,0.013416275233088883,0.023524080355921573,0.038379082287351894,256,1
step512,2,line_records,1,0,decision_receiver_accumulation,layers.0.mlp_out,mlp_out,0.0,0.0,0.0,0.0,0.0,256,1
step512,2,line_records,1,0,coherent_replay_gate,layers.0.resid_pre,resid_pre,0.0,0.0,0.0,0.0,0.0,256,1
step512,2,line_records,1,1,source_span_transmission,layers.1.resid_pre,resid_pre,0.002220971081376425,0.02084944067678174,0.037338599674200654,0.06551349254209848,0.13736002837433406,256,1
step512,2,line_records,1,1,decision_receiver_accumulation,layers.1.attn_out,attn_out,0.0008058099376107454,0.011337715306569476,0.018879442670661304,0.06301672996260305,0.07618414328573034,256,1
step512,2,line_records,1,1,decision_receiver_accumulation,layers.1.mlp_out,mlp_out,3.579504621403409e-05,0.0019042419897267772,0.004212201557077529,0.01237738138429162,0.01684611897370828,256,1
step512,2,line_records,1,1,coherent_replay_gate,layers.1.resid_pre,resid_pre,0.0002690371330433299,-0.006429570345609084,0.013416275233088883,0.023524080355921573,0.038379082287351894,256,1
step512,2,line_records,1,2,source_span_transmission,layers.2.resid_pre,resid_pre,0.0004905938941104564,0.0030829767807272184,0.015465966371148103,0.029014906992853418,0.07573988141269292,256,1
step512,2,line_records,1,2,decision_receiver_accumulation,layers.2.attn_out,attn_out,0.0009245559288156803,-0.004535737653439728,0.024209704102389835,0.054808079189544556,0.06852951318787003,256,1
step512,2,line_records,1,2,decision_receiver_accumulation,layers.2.mlp_out,mlp_out,0.00018825680701762044,0.005181450306868233,0.00904272410974975,0.024083593217204657,0.04247091533316808,256,1
step512,2,line_records,1,2,coherent_replay_gate,layers.2.resid_pre,resid_pre,0.0012966130488231951,0.005382321643918463,0.02557522288231021,0.07661080301502615,0.09275356843650824,256,1
step512,2,line_records,1,3,source_span_transmission,layers.3.resid_pre,resid_pre,0.0001590931198652199,0.0061155151242569886,0.00960248124708623,0.02414480751250153,0.03260406285072872,256,1
step512,2,line_records,1,3,decision_receiver_accumulation,layers.3.attn_out,attn_out,0.0001595350474860216,0.0026666071348493067,0.008580909192609358,0.02202065681621218,0.03906768927664023,256,1
step512,2,line_records,1,3,decision_receiver_accumulation,layers.3.mlp_out,mlp_out,0.00014342148589244642,-0.0055922343365790135,0.009675132450575556,0.02053455001147514,0.027280462587710576,256,1
step512,2,line_records,1,3,coherent_replay_gate,layers.3.resid_pre,resid_pre,0.0019457787976820925,0.0024579507581733787,0.03023009504875266,0.08268176767573698,0.12425321968770378,256,1
step512,2,line_records,1,4,source_span_transmission,layers.4.resid_pre,resid_pre,7.508212614939429e-05,0.004753033912262523,0.005728205566787254,0.018845711389920333,0.022731750944908792,256,1
step512,2,line_records,1,4,decision_receiver_accumulation,layers.4.attn_out,attn_out,0.00012373324798579079,6.074521615181787e-05,0.009207071356196587,0.018002995080910272,0.025216717958613372,256,1
step512,2,line_records,1,4,decision_receiver_accumulation,layers.4.mlp_out,mlp_out,0.0002965891454738093,-0.007015117069652982,0.013169171261909316,0.034154178174655214,0.04029623990262424,256,1
step512,2,line_records,1,4,coherent_replay_gate,layers.4.resid_pre,resid_pre,0.0023149382027346024,0.006644843099546374,0.03235932133941065,0.08588699046123105,0.1337261452171697,256,1
step512,2,line_records,1,5,source_span_transmission,layers.5.resid_pre,resid_pre,1.0831071607300669e-05,0.0011460108364560557,0.0023125720468501203,0.006306509322681453,0.010236836939740097,256,1
step512,2,line_records,1,5,decision_receiver_accumulation,layers.5.attn_out,attn_out,0.00016192787559191266,0.0059441446033633135,0.009938398408810776,0.02102517222828998,0.027428726695098066,256,1
step512,2,line_records,1,5,decision_receiver_accumulation,layers.5.mlp_out,mlp_out,0.0005372486009734591,0.004036709022253499,0.016438812903546353,0.035022782966365684,0.07278306152385884,256,1
step512,2,line_records,1,5,coherent_replay_gate,layers.5.resid_pre,resid_pre,0.001942360431371249,0.007791033359933914,0.03203445740998256,0.07807777667481813,0.1053270423149004,256,1
step512,2,prose_facts,2,0,source_span_transmission,layers.0.resid_pre,resid_pre,0.0020874958599178565,0.011783099265874772,0.035959799177353924,0.0829682183987811,0.10714903502026558,256,1
step512,2,prose_facts,2,0,decision_receiver_accumulation,layers.0.attn_out,attn_out,0.00031151343907152395,0.004765767753006458,0.015265202009388478,0.026870418650601358,0.03756169287385904,256,1
step512,2,prose_facts,2,0,decision_receiver_accumulation,layers.0.mlp_out,mlp_out,0.0,0.0,0.0,0.0,0.0,256,1
step512,2,prose_facts,2,0,coherent_replay_gate,layers.0.resid_pre,resid_pre,0.0,0.0,0.0,0.0,0.0,256,1
step512,2,prose_facts,2,1,source_span_transmission,layers.1.resid_pre,resid_pre,0.0011732344758823394,0.005056564062053272,0.028660702657987657,0.05986769366660086,0.07803209441288912,256,1
step512,2,prose_facts,2,1,decision_receiver_accumulation,layers.1.attn_out,attn_out,0.0001734889018781801,-0.004195787103932879,0.010393243301705955,0.025434065011495616,0.029175147527427805,256,1
step512,2,prose_facts,2,1,decision_receiver_accumulation,layers.1.mlp_out,mlp_out,9.063852908634758e-05,0.001469698961930567,0.0076694362849312765,0.01661091644735148,0.018239244930512974,256,1
step512,2,prose_facts,2,1,coherent_replay_gate,layers.1.resid_pre,resid_pre,0.00031151343907152395,0.004765767753006458,0.015265202009388478,0.026870418650601358,0.03756169287385904,256,1
step512,2,prose_facts,2,2,source_span_transmission,layers.2.resid_pre,resid_pre,0.0005199856539136415,0.001960188121446372,0.01894062071098373,0.04115896061503731,0.05012968344912005,256,1
step512,2,prose_facts,2,2,decision_receiver_accumulation,layers.2.attn_out,attn_out,0.0007449088478954103,0.0010764362197309566,0.02151392651521759,0.04127941729218307,0.07422681603998663,256,1
step512,2,prose_facts,2,2,decision_receiver_accumulation,layers.2.mlp_out,mlp_out,9.928156031383344e-05,0.0010627182765510818,0.008760365718358944,0.016818979809544554,0.019485762616465264,256,1
step512,2,prose_facts,2,2,coherent_replay_gate,layers.2.resid_pre,resid_pre,0.0003784511010547951,0.0005034136153144286,0.015542274002747705,0.033289376384674746,0.04243456547547283,256,1
step512,2,prose_facts,2,3,source_span_transmission,layers.3.resid_pre,resid_pre,0.0001839717992283799,0.004899555688617744,0.010715341979215334,0.017714774530428218,0.03683891916449713,256,1
step512,2,prose_facts,2,3,decision_receiver_accumulation,layers.3.attn_out,attn_out,0.0007829740811436312,0.015372804570738254,0.023738149652767986,0.04806930336345036,0.05593639432147549,256,1
step512,2,prose_facts,2,3,decision_receiver_accumulation,layers.3.mlp_out,mlp_out,0.00035735212467218714,0.0005462676762478169,0.014936563769943451,0.025874969197952402,0.05436541710080266,256,1
step512,2,prose_facts,2,3,coherent_replay_gate,layers.3.resid_pre,resid_pre,0.0011087847579814973,0.0015377863858404978,0.025837072310183305,0.0616080727430921,0.07415877253167369,256,1
step512,2,prose_facts,2,4,source_span_transmission,layers.4.resid_pre,resid_pre,8.01671037013904e-06,0.0003876936788012886,0.0021587552801292133,0.0052412952710939875,0.00723570330254509,256,1
step512,2,prose_facts,2,4,decision_receiver_accumulation,layers.4.attn_out,attn_out,0.00028072426970880866,0.0007744364187183867,0.013603398233597134,0.022961285942071974,0.04139608966395762,256,1
step512,2,prose_facts,2,4,decision_receiver_accumulation,layers.4.mlp_out,mlp_out,0.00028258839118716205,0.007161665886195658,0.012819939010285941,0.023661319883626103,0.045033869844153085,256,1
step512,2,prose_facts,2,4,coherent_replay_gate,layers.4.resid_pre,resid_pre,0.0012728750942454083,0.014525311633021532,0.025229266570649233,0.06886223572283137,0.09758705961207656,256,1
step512,2,prose_facts,2,5,source_span_transmission,layers.5.resid_pre,resid_pre,2.1156742936943186e-06,-0.0004283937286944348,0.0009042628382529925,0.0015148369732428113,0.005616597512019027,256,1
step512,2,prose_facts,2,5,decision_receiver_accumulation,layers.5.attn_out,attn_out,0.00020246560821537447,-0.0029760040485692753,0.012613756516805604,0.023974846198967184,0.027545680751831586,256,1
step512,2,prose_facts,2,5,decision_receiver_accumulation,layers.5.mlp_out,mlp_out,0.0011686614055421746,0.004897983207710279,0.027710738065668327,0.061667066034606505,0.07251347329333482,256,1
step512,2,prose_facts,2,5,coherent_replay_gate,layers.5.resid_pre,resid_pre,0.0016869000150579938,0.015343358476602937,0.03277053130473018,0.07764817251159567,0.08994015227413246,256,1
step512,2,bracket_dictionary,3,0,source_span_transmission,layers.0.resid_pre,resid_pre,0.002809261474924081,0.0009802244650981011,0.04047815241995601,0.09695710673275507,0.11738338108692169,256,1
step512,2,bracket_dictionary,3,0,decision_receiver_accumulation,layers.0.attn_out,attn_out,0.00024137058032973024,-8.600350803588189e-05,0.013061222587069848,0.022407317693933483,0.03551176821149124,256,1
step512,2,bracket_dictionary,3,0,decision_receiver_accumulation,layers.0.mlp_out,mlp_out,0.0,0.0,0.0,0.0,0.0,256,1
step512,2,bracket_dictionary,3,0,coherent_replay_gate,layers.0.resid_pre,resid_pre,0.0,0.0,0.0,0.0,0.0,256,1
step512,2,bracket_dictionary,3,1,source_span_transmission,layers.1.resid_pre,resid_pre,0.0017097649208953419,0.0034574309593567287,0.031112325787480254,0.07092135532464484,0.10234075392327534,256,1
step512,2,bracket_dictionary,3,1,decision_receiver_accumulation,layers.1.attn_out,attn_out,0.0006672876211740964,-0.005944059390386429,0.020673379641495043,0.049666119248213306,0.05360816537334393,256,1
step512,2,bracket_dictionary,3,1,decision_receiver_accumulation,layers.1.mlp_out,mlp_out,0.00013736199001856302,0.0005496928731502132,0.008528554671239568,0.025856121793257025,0.02801492109847489,256,1
step512,2,bracket_dictionary,3,1,coherent_replay_gate,layers.1.resid_pre,resid_pre,0.00024137058032973024,-8.600350803588189e-05,0.013061222587069848,0.022407317693933483,0.03551176821149124,256,1
step512,2,bracket_dictionary,3,2,source_span_transmission,layers.2.resid_pre,resid_pre,0.0009251324720332224,0.009208401675813481,0.023865977205316195,0.05298327841032992,0.07405976320532855,256,1
step512,2,bracket_dictionary,3,2,decision_receiver_accumulation,layers.2.attn_out,attn_out,0.0005001132686888233,0.006180248811825192,0.017746882065239878,0.04064277451087804,0.049318315184051956,256,1
step512,2,bracket_dictionary,3,2,decision_receiver_accumulation,layers.2.mlp_out,mlp_out,0.000151991218899272,-0.005573623888433153,0.010376627689432656,0.022886043612254617,0.025052899790378193,256,1
step512,2,bracket_dictionary,3,2,coherent_replay_gate,layers.2.resid_pre,resid_pre,0.0009722387201520197,-0.0057741279967717385,0.02588302591055699,0.04923515511411253,0.06699070965269184,256,1
step512,2,bracket_dictionary,3,3,source_span_transmission,layers.3.resid_pre,resid_pre,0.0002852497715594636,0.006492043633404833,0.014827017780654308,0.025306892989328825,0.02859619681880236,256,1
step512,2,bracket_dictionary,3,3,decision_receiver_accumulation,layers.3.attn_out,attn_out,0.00018006944589385053,0.0007605356328370554,0.01167121998052634,0.02362209861366503,0.026695006456986088,256,1
step512,2,bracket_dictionary,3,3,decision_receiver_accumulation,layers.3.mlp_out,mlp_out,0.00021255573949117163,-0.0021456954582877866,0.011612686847478392,0.024766110568262986,0.03625714928103544,256,1
step512,2,bracket_dictionary,3,3,coherent_replay_gate,layers.3.resid_pre,resid_pre,0.001477107984077149,0.0002198785211371384,0.033732570762551116,0.06261945817398075,0.07359145064443662,256,1
step512,2,bracket_dictionary,3,4,source_span_transmission,layers.4.resid_pre,resid_pre,1.9011856638135046e-05,0.0015202216365964101,0.003855648198917133,0.007232353932830644,0.009075635313264125,256,1
step512,2,bracket_dictionary,3,4,decision_receiver_accumulation,layers.4.attn_out,attn_out,0.0008632457625589851,0.0007067319754152533,0.021749001376860158,0.058414646546166404,0.06653112543614056,256,1
step512,2,bracket_dictionary,3,4,decision_receiver_accumulation,layers.4.mlp_out,mlp_out,0.0002431957911674492,0.00019331173295822042,0.013255862702877366,0.02334879885389478,0.032325360081250906,256,1
step512,2,bracket_dictionary,3,4,coherent_replay_gate,layers.4.resid_pre,resid_pre,0.0018864154054564642,0.0018103943886384208,0.03785422748909794,0.06592529049574974,0.09535546141794043,256,1
step512,2,bracket_dictionary,3,5,source_span_transmission,layers.5.resid_pre,resid_pre,1.0906081570200718e-05,-0.00018992021932384597,0.002523966847033697,0.005551544512639894,0.008149286917984529,256,1
step512,2,bracket_dictionary,3,5,decision_receiver_accumulation,layers.5.attn_out,attn_out,0.0001996920691644428,-0.0008139205584644263,0.010908762811101067,0.022655141828248612,0.03553881626012819,256,1
step512,2,bracket_dictionary,3,5,decision_receiver_accumulation,layers.5.mlp_out,mlp_out,0.00016830719172535133,0.0011102775352555734,0.010700604696955572,0.021825722857151987,0.024312356913456862,256,1
step512,2,bracket_dictionary,3,5,coherent_replay_gate,layers.5.resid_pre,resid_pre,0.002629759923461708,0.00163704555556057,0.03929628410439184,0.10111207692202474,0.11317748897229782,256,1
step1000,3,compact_cards,0,0,source_span_transmission,layers.0.resid_pre,resid_pre,0.004674631945504436,-0.02344093279615067,0.052806736388521444,0.10272744334169134,0.18384335849837505,256,1
step1000,3,compact_cards,0,0,decision_receiver_accumulation,layers.0.attn_out,attn_out,7.400369156450311e-05,0.001140172731999047,0.006401970605924547,0.01637730105574038,0.021218222806774226,256,1
step1000,3,compact_cards,0,0,decision_receiver_accumulation,layers.0.mlp_out,mlp_out,0.0,0.0,0.0,0.0,0.0,256,1
step1000,3,compact_cards,0,0,coherent_replay_gate,layers.0.resid_pre,resid_pre,0.0,0.0,0.0,0.0,0.0,256,1
step1000,3,compact_cards,0,1,source_span_transmission,layers.1.resid_pre,resid_pre,0.004493915262374018,-0.017371912349533558,0.05082359671455242,0.10777095617649782,0.18578038871524966,256,1
step1000,3,compact_cards,0,1,decision_receiver_accumulation,layers.1.attn_out,attn_out,0.0005953200175939056,-0.004823986118492457,0.020316155536804666,0.0401768542343271,0.044912074922719356,256,1
step1000,3,compact_cards,0,1,decision_receiver_accumulation,layers.1.mlp_out,mlp_out,6.057708886564614e-05,0.0012960331131677111,0.006508937602805218,0.013399269834681676,0.015508435053276318,256,1
step1000,3,compact_cards,0,1,coherent_replay_gate,layers.1.resid_pre,resid_pre,7.400369156450311e-05,0.001140172731999047,0.006401970605924547,0.01637730105574038,0.021218222806774226,256,1
step1000,3,compact_cards,0,2,source_span_transmission,layers.2.resid_pre,resid_pre,0.003111876103180912,-0.0177700389360739,0.038882205276459816,0.09852782741459526,0.15880618101499216,256,1
step1000,3,compact_cards,0,2,decision_receiver_accumulation,layers.2.attn_out,attn_out,0.00010425667385575413,0.00013603320057788875,0.008392648248620094,0.016672532107456853,0.024172321488976103,256,1
step1000,3,compact_cards,0,2,decision_receiver_accumulation,layers.2.mlp_out,mlp_out,0.00011536478874377848,-0.0015694229764092256,0.00863094108623212,0.01594427889088041,0.028842039742701674,256,1
step1000,3,compact_cards,0,2,coherent_replay_gate,layers.2.resid_pre,resid_pre,0.0006442554584227849,-0.003486425463020589,0.02124557984934925,0.042452997934090436,0.05223939466755412,256,1
step1000,3,compact_cards,0,3,source_span_transmission,layers.3.resid_pre,resid_pre,0.0028883275719394958,-0.01374618748274493,0.035027474741167144,0.09097288908312073,0.16176664754882855,256,1
step1000,3,compact_cards,0,3,decision_receiver_accumulation,layers.3.attn_out,attn_out,0.000728806980229474,-0.0060750122607935424,0.021309009187312086,0.045284008013048827,0.06910067327675858,256,1
step1000,3,compact_cards,0,3,decision_receiver_accumulation,layers.3.mlp_out,mlp_out,0.0001519008480897838,0.0005720545165936558,0.009041941656307152,0.01782601245655388,0.036819612854342064,256,1
step1000,3,compact_cards,0,3,coherent_replay_gate,layers.3.resid_pre,resid_pre,0.0005778303951011287,-0.00411250866252334,0.020064501364697878,0.03962154510420479,0.05330409697263794,256,1
step1000,3,compact_cards,0,4,source_span_transmission,layers.4.resid_pre,resid_pre,0.002144960200787896,-0.008861082309565893,0.029148599932529846,0.0945846074503969,0.13101228651672966,256,1
step1000,3,compact_cards,0,4,decision_receiver_accumulation,layers.4.attn_out,attn_out,0.002878642374836799,-0.016039502521854345,0.03274051234634423,0.11472114249928486,0.1556146893303731,256,1
step1000,3,compact_cards,0,4,decision_receiver_accumulation,layers.4.mlp_out,mlp_out,0.0002852025483415765,0.0065694392455973175,0.013318740636616602,0.029937052600762903,0.03921608226770662,256,1
step1000,3,compact_cards,0,4,coherent_replay_gate,layers.4.resid_pre,resid_pre,0.0012862812967053933,-0.009246341345262523,0.02971592704631986,0.053069039647948346,0.09728458904905048,256,1
step1000,3,compact_cards,0,5,source_span_transmission,layers.5.resid_pre,resid_pre,1.2687270890813838e-05,-0.0009752530118020764,0.0026014716046780855,0.004458890380271391,0.01209261451072385,256,1
step1000,3,compact_cards,0,5,decision_receiver_accumulation,layers.5.attn_out,attn_out,0.00033352832038319603,-0.0012502507977296205,0.014270815750824183,0.02878678981709852,0.0508283661424359,256,1
step1000,3,compact_cards,0,5,decision_receiver_accumulation,layers.5.mlp_out,mlp_out,0.0018421609217836718,-0.014237372322004598,0.03579006039997637,0.07180538295876855,0.08557650471428194,256,1
step1000,3,compact_cards,0,5,coherent_replay_gate,layers.5.resid_pre,resid_pre,0.004397124175517834,-0.021266415093051147,0.051223537781939256,0.1086204570941072,0.17788478181754547,256,1
step1000,3,line_records,1,0,source_span_transmission,layers.0.resid_pre,resid_pre,0.00307677115896955,0.0032375091249831752,0.04238067025983557,0.09772915402305893,0.13325064147574445,256,1
step1000,3,line_records,1,0,decision_receiver_accumulation,layers.0.attn_out,attn_out,0.000294296605965332,0.006363769073557244,0.012563478381749843,0.020353220392128866,0.05393701598077708,256,1
step1000,3,line_records,1,0,decision_receiver_accumulation,layers.0.mlp_out,mlp_out,0.0,0.0,0.0,0.0,0.0,256,1
step1000,3,line_records,1,0,coherent_replay_gate,layers.0.resid_pre,resid_pre,0.0,0.0,0.0,0.0,0.0,256,1
step1000,3,line_records,1,1,source_span_transmission,layers.1.resid_pre,resid_pre,0.0031547772204154065,-0.0043294254306588155,0.042996484181138064,0.10653916564457086,0.1365397158908793,256,1
step1000,3,line_records,1,1,decision_receiver_accumulation,layers.1.attn_out,attn_out,0.0004206079229562825,0.01137782550009204,0.015267236577607977,0.03745081690819166,0.05422145717348272,256,1
step1000,3,line_records,1,1,decision_receiver_accumulation,layers.1.mlp_out,mlp_out,0.0001169965357552548,0.005316992608159542,0.00656562881394869,0.012392925377315848,0.03809794728784712,256,1
step1000,3,line_records,1,1,coherent_replay_gate,layers.1.resid_pre,resid_pre,0.000294296605965332,0.006363769073557244,0.012563478381749843,0.020353220392128866,0.05393701598077708,256,1
step1000,3,line_records,1,2,source_span_transmission,layers.2.resid_pre,resid_pre,0.0034884265839526156,-0.003312700589661016,0.04442361326955149,0.10512133156864936,0.1645403375743275,256,1
step1000,3,line_records,1,2,decision_receiver_accumulation,layers.2.attn_out,attn_out,0.0009071563630080884,0.005747346388500571,0.017445575109701135,0.06986219634295833,0.08960479809068897,256,1
step1000,3,line_records,1,2,decision_receiver_accumulation,layers.2.mlp_out,mlp_out,0.00024327398963417863,0.008911222655778962,0.012643993480040073,0.028270424092162738,0.03552516409143426,256,1
step1000,3,line_records,1,2,coherent_replay_gate,layers.2.resid_pre,resid_pre,0.001072329067920232,0.017000940197012898,0.023710013772090616,0.05519441390803129,0.08876748381972654,256,1
step1000,3,line_records,1,3,source_span_transmission,layers.3.resid_pre,resid_pre,0.004182555335017353,-0.009144627675299697,0.049140326335205556,0.1283907414508439,0.16666173428839265,256,1
step1000,3,line_records,1,3,decision_receiver_accumulation,layers.3.attn_out,attn_out,0.0016651692004909001,-0.012482265784391463,0.02791631008870497,0.08077560530068165,0.11685075698538154,256,1
step1000,3,line_records,1,3,decision_receiver_accumulation,layers.3.mlp_out,mlp_out,0.0003860612028121005,0.008790050587376605,0.015533683316064528,0.03806857611641706,0.044660561120661746,256,1
step1000,3,line_records,1,3,coherent_replay_gate,layers.3.resid_pre,resid_pre,0.001928449930658475,0.0227488044997822,0.03107348280235376,0.08681549423161007,0.11337474079870648,256,1
step1000,3,line_records,1,4,source_span_transmission,layers.4.resid_pre,resid_pre,0.00300679394843503,-0.002554942526323975,0.03877486557372052,0.08801024139317841,0.17350397999727812,256,1
step1000,3,line_records,1,4,decision_receiver_accumulation,layers.4.attn_out,attn_out,0.003206832690646524,-0.012133028189458892,0.0390146266559476,0.11091840235130969,0.1588325991505239,256,1
step1000,3,line_records,1,4,decision_receiver_accumulation,layers.4.mlp_out,mlp_out,0.0004187939206168879,0.004287202048544754,0.01645171268237118,0.03510559572774041,0.045873870233836975,256,1
step1000,3,line_records,1,4,coherent_replay_gate,layers.4.resid_pre,resid_pre,0.0009199048592826434,0.011818220519474825,0.02438298483562057,0.05194954787867828,0.07832830171751688,256,1
step1000,3,line_records,1,5,source_span_transmission,layers.5.resid_pre,resid_pre,1.1063689304794947e-05,0.001260431219720114,0.0024883033894775395,0.005270706419564535,0.008779539617858293,256,1
step1000,3,line_records,1,5,decision_receiver_accumulation,layers.5.attn_out,attn_out,0.00019166610432186254,0.0038898031512143282,0.010406488919733599,0.018496183839963883,0.042036338854442454,256,1
step1000,3,line_records,1,5,decision_receiver_accumulation,layers.5.mlp_out,mlp_out,0.0005897134147440988,-0.005223694539452306,0.01935156870815584,0.039276450450272136,0.05227118669264397,256,1
step1000,3,line_records,1,5,coherent_replay_gate,layers.5.resid_pre,resid_pre,0.0035443605729625904,8.061606239507125e-05,0.045694467452005554,0.10885148579969427,0.14376194801411263,256,1
step1000,3,prose_facts,2,0,source_span_transmission,layers.0.resid_pre,resid_pre,0.0033063153499439226,-0.018064998736019387,0.0417543337559316,0.10336941136708366,0.1455471531438234,256,1
step1000,3,prose_facts,2,0,decision_receiver_accumulation,layers.0.attn_out,attn_out,6.630680896051993e-05,-0.0015933145652516215,0.006516907532842534,0.013806665538238241,0.01795906283235955,256,1
step1000,3,prose_facts,2,0,decision_receiver_accumulation,layers.0.mlp_out,mlp_out,0.0,0.0,0.0,0.0,0.0,256,1
step1000,3,prose_facts,2,0,coherent_replay_gate,layers.0.resid_pre,resid_pre,0.0,0.0,0.0,0.0,0.0,256,1
step1000,3,prose_facts,2,1,source_span_transmission,layers.1.resid_pre,resid_pre,0.0027814234668521046,-0.013926091903299704,0.04022281450487871,0.08619539285399834,0.13675287409113787,256,1
step1000,3,prose_facts,2,1,decision_receiver_accumulation,layers.1.attn_out,attn_out,0.00149980546482002,-0.018989538431721072,0.023975922238136896,0.08610884976923988,0.12218029459870293,256,1
step1000,3,prose_facts,2,1,decision_receiver_accumulation,layers.1.mlp_out,mlp_out,3.053250954593874e-05,-0.0010871706212712453,0.00453368094270047,0.010002480067793994,0.011501671061955668,256,1
step1000,3,prose_facts,2,1,coherent_replay_gate,layers.1.resid_pre,resid_pre,6.630680896051993e-05,-0.0015933145652516215,0.006516907532842534,0.013806665538238241,0.01795906283235955,256,1
step1000,3,prose_facts,2,2,source_span_transmission,layers.2.resid_pre,resid_pre,0.0014129120748964288,0.0019193933089470018,0.028481885292761334,0.06915980962170044,0.08877389442565069,256,1
step1000,3,prose_facts,2,2,decision_receiver_accumulation,layers.2.attn_out,attn_out,0.0006479993460165789,-0.004178046704775394,0.020121146469370757,0.049911261269081936,0.05460297690457837,256,1
step1000,3,prose_facts,2,2,decision_receiver_accumulation,layers.2.mlp_out,mlp_out,0.0004189751204164781,-0.00728813912022969,0.011371509301013098,0.0411678677898122,0.0658006735896277,256,1
step1000,3,prose_facts,2,2,coherent_replay_gate,layers.2.resid_pre,resid_pre,0.001911243855741971,-0.02376839655921089,0.02899238711489935,0.09317361375374922,0.1359482406364284,256,1
step1000,3,prose_facts,2,3,source_span_transmission,layers.3.resid_pre,resid_pre,0.0014877003959617658,0.0047742085383256075,0.031064883202552566,0.07042166615146594,0.08229059590228799,256,1
step1000,3,prose_facts,2,3,decision_receiver_accumulation,layers.3.attn_out,attn_out,0.000687640469921965,0.00265401079268399,0.019640874658600448,0.045557100535109696,0.05746771891928186,256,1
step1000,3,prose_facts,2,3,decision_receiver_accumulation,layers.3.mlp_out,mlp_out,0.0003296359561784796,-0.008547993352634547,0.012464665968002057,0.027318143588988923,0.054768028181397546,256,1
step1000,3,prose_facts,2,3,coherent_replay_gate,layers.3.resid_pre,resid_pre,0.002579767589926356,-0.024688100542276478,0.033693707547474486,0.09129695666217205,0.1432549418723525,256,1
step1000,3,prose_facts,2,4,source_span_transmission,layers.4.resid_pre,resid_pre,0.0011530131254390296,-0.0025042050190939996,0.024572806123383466,0.06388365389103354,0.07728078132724958,256,1
step1000,3,prose_facts,2,4,decision_receiver_accumulation,layers.4.attn_out,attn_out,0.0009329671321152023,0.0037012960259456386,0.023480346414608673,0.04592907828689916,0.08146557008559085,256,1
step1000,3,prose_facts,2,4,decision_receiver_accumulation,layers.4.mlp_out,mlp_out,0.0007192119800161504,-0.005703705425846253,0.022689372929206003,0.04424379757516889,0.06293290703799923,256,1
step1000,3,prose_facts,2,4,coherent_replay_gate,layers.4.resid_pre,resid_pre,0.0030627697742240017,-0.020731483273751655,0.03686498939250279,0.0831331090214683,0.17885493166116323,256,1
step1000,3,prose_facts,2,5,source_span_transmission,layers.5.resid_pre,resid_pre,3.2926902363740556e-05,-0.002677575615056511,0.004731201983376296,0.008821272679757526,0.012916879982071573,256,1
step1000,3,prose_facts,2,5,decision_receiver_accumulation,layers.5.attn_out,attn_out,0.0003060197644867867,-0.0030357987893239943,0.01269930313454852,0.02961538765290163,0.04839652073451405,256,1
step1000,3,prose_facts,2,5,decision_receiver_accumulation,layers.5.mlp_out,mlp_out,0.0006458024877360681,-0.009008362754054065,0.020384304791844967,0.04434093304209934,0.052828301342359336,256,1
step1000,3,prose_facts,2,5,coherent_replay_gate,layers.5.resid_pre,resid_pre,0.0025610583018051704,-0.01685051055890846,0.03674772730600962,0.0955869177772835,0.14517380573593497,256,1
step1000,3,bracket_dictionary,3,0,source_span_transmission,layers.0.resid_pre,resid_pre,0.019373151187919158,-0.003439880158575409,0.11656728005313052,0.2286491988619174,0.33089978558920585,256,1
step1000,3,bracket_dictionary,3,0,decision_receiver_accumulation,layers.0.attn_out,attn_out,0.00047837174327736186,-0.0038517345322924695,0.01846031320764105,0.03329024808915866,0.0480674379185959,256,1
step1000,3,bracket_dictionary,3,0,decision_receiver_accumulation,layers.0.mlp_out,mlp_out,0.0,0.0,0.0,0.0,0.0,256,1
step1000,3,bracket_dictionary,3,0,coherent_replay_gate,layers.0.resid_pre,resid_pre,0.0,0.0,0.0,0.0,0.0,256,1
step1000,3,bracket_dictionary,3,1,source_span_transmission,layers.1.resid_pre,resid_pre,0.017027039073441615,0.0013466061947873184,0.10488667989116887,0.2170264406051854,0.3331326886695809,256,1
step1000,3,bracket_dictionary,3,1,decision_receiver_accumulation,layers.1.attn_out,attn_out,0.000620430595050365,0.0031471914634477764,0.020343053347899383,0.038602204528329756,0.061839524996758585,256,1
step1000,3,bracket_dictionary,3,1,decision_receiver_accumulation,layers.1.mlp_out,mlp_out,0.0001249472231298967,-0.00204245908479524,0.008656151127048706,0.017104838155071106,0.03254777819103033,256,1
step1000,3,bracket_dictionary,3,1,coherent_replay_gate,layers.1.resid_pre,resid_pre,0.00047837174327736186,-0.0038517345322924695,0.01846031320764105,0.03329024808915866,0.0480674379185959,256,1
step1000,3,bracket_dictionary,3,2,source_span_transmission,layers.2.resid_pre,resid_pre,0.012542284373471492,0.009396729304918701,0.09252527419944112,0.17420883190622832,0.25822149376514386,256,1
step1000,3,bracket_dictionary,3,2,decision_receiver_accumulation,layers.2.attn_out,attn_out,0.0008470689175179603,0.0018535811733603278,0.023171178052729953,0.04990445321965688,0.06375536842798414,256,1
step1000,3,bracket_dictionary,3,2,decision_receiver_accumulation,layers.2.mlp_out,mlp_out,0.00011293212329253685,0.0005144515283264889,0.00796319995359296,0.019322840500412997,0.027919976480072464,256,1
step1000,3,bracket_dictionary,3,2,coherent_replay_gate,layers.2.resid_pre,resid_pre,0.0005164878122081973,-0.0008556076238207424,0.01549477246891583,0.03544720895979679,0.07859338457640479,256,1
step1000,3,bracket_dictionary,3,3,source_span_transmission,layers.3.resid_pre,resid_pre,0.00908083701249906,0.001344596468117078,0.08120391083254494,0.15465416631681106,0.2063836273050474,256,1
step1000,3,bracket_dictionary,3,3,decision_receiver_accumulation,layers.3.attn_out,attn_out,0.016233154573224013,0.006743327872839874,0.09907911502459188,0.22751935955521002,0.3197512173938428,256,1
step1000,3,bracket_dictionary,3,3,decision_receiver_accumulation,layers.3.mlp_out,mlp_out,0.0003194085211370763,0.0013856091121329127,0.012966465366566333,0.030484414087518008,0.0620491278866602,256,1
step1000,3,bracket_dictionary,3,3,coherent_replay_gate,layers.3.resid_pre,resid_pre,0.0015670104338864194,0.0015002896723674596,0.027438934846617104,0.06702107112543154,0.14095879629887806,256,1
step1000,3,bracket_dictionary,3,4,source_span_transmission,layers.4.resid_pre,resid_pre,0.0019661150636210434,-0.0028807834399143303,0.025230303286166763,0.06034473356259907,0.17015807703199792,256,1
step1000,3,bracket_dictionary,3,4,decision_receiver_accumulation,layers.4.attn_out,attn_out,0.0033431777855437448,-0.007295197388386479,0.04217991534571322,0.11311871821875308,0.146715324854467,256,1
step1000,3,bracket_dictionary,3,4,decision_receiver_accumulation,layers.4.mlp_out,mlp_out,0.0047683806855821735,-0.005463557427567569,0.05304075778858729,0.12333325712572045,0.179359574530983,256,1
step1000,3,bracket_dictionary,3,4,coherent_replay_gate,layers.4.resid_pre,resid_pre,0.017134908834723434,0.01063812867973124,0.10022617452909263,0.22471944270148805,0.33428784411722495,256,1
step1000,3,bracket_dictionary,3,5,source_span_transmission,layers.5.resid_pre,resid_pre,2.501623661001277e-05,-0.0005784801097812877,0.003880466943313435,0.008361862591916874,0.012698162487937172,256,1
step1000,3,bracket_dictionary,3,5,decision_receiver_accumulation,layers.5.attn_out,attn_out,0.0008417427101153967,-0.0023027192513752773,0.02141165813410456,0.05129840317558635,0.07640307716516694,256,1
step1000,3,bracket_dictionary,3,5,decision_receiver_accumulation,layers.5.mlp_out,mlp_out,0.0030234234229895643,0.010316088965717386,0.04496994779198716,0.09259062619763087,0.13886425435824415,256,1
step1000,3,bracket_dictionary,3,5,coherent_replay_gate,layers.5.resid_pre,resid_pre,0.016874760153466915,-0.0010427457714521013,0.1065607091746142,0.2158964490541783,0.3121184619638923,256,1
step4000,4,compact_cards,0,0,source_span_transmission,layers.0.resid_pre,resid_pre,0.003789811053073964,-0.0037172611370546718,0.0414216976939947,0.09790973833481825,0.23595827544669878,256,1
step4000,4,compact_cards,0,0,decision_receiver_accumulation,layers.0.attn_out,attn_out,4.733288785770848e-06,0.0009669422373636431,0.0015552407225661543,0.0034532187857710395,0.0062155509434558,256,1
step4000,4,compact_cards,0,0,decision_receiver_accumulation,layers.0.mlp_out,mlp_out,0.0,0.0,0.0,0.0,0.0,256,1
step4000,4,compact_cards,0,0,coherent_replay_gate,layers.0.resid_pre,resid_pre,0.0,0.0,0.0,0.0,0.0,256,1
step4000,4,compact_cards,0,1,source_span_transmission,layers.1.resid_pre,resid_pre,0.004209453069342939,-0.005661074599179393,0.03965430936851563,0.10292553643575542,0.26847169869270343,256,1
step4000,4,compact_cards,0,1,decision_receiver_accumulation,layers.1.attn_out,attn_out,3.561964949022903e-05,-0.00033585074405536935,0.004221176190389396,0.008715025981891611,0.020881462283687806,256,1
step4000,4,compact_cards,0,1,decision_receiver_accumulation,layers.1.mlp_out,mlp_out,4.652835246158648e-06,0.0001310655790180698,0.0015084145723514883,0.00414975526748973,0.005649839079599127,256,1
step4000,4,compact_cards,0,1,coherent_replay_gate,layers.1.resid_pre,resid_pre,4.733288785770848e-06,0.0009669422373636431,0.0015552407225661543,0.0034532187857710395,0.0062155509434558,256,1
step4000,4,compact_cards,0,2,source_span_transmission,layers.2.resid_pre,resid_pre,0.0031800057454238573,-0.0008952751954681183,0.03864860064632331,0.09646569373327013,0.19085830668769652,256,1
step4000,4,compact_cards,0,2,decision_receiver_accumulation,layers.2.attn_out,attn_out,2.368675306880411e-05,-0.0011877765842153592,0.003538647559906613,0.008966797885284788,0.012069041297619276,256,1
step4000,4,compact_cards,0,2,decision_receiver_accumulation,layers.2.mlp_out,mlp_out,1.1489206218859471e-05,0.0005082862535612707,0.002639339687260805,0.00563038798277582,0.00809891915355073,256,1
step4000,4,compact_cards,0,2,coherent_replay_gate,layers.2.resid_pre,resid_pre,3.136460287718623e-05,0.00045451999006736773,0.0040036139184180634,0.00780331263885356,0.018683040343603113,256,1
step4000,4,compact_cards,0,3,source_span_transmission,layers.3.resid_pre,resid_pre,0.002963241985625177,0.0010324966106910248,0.037834237620548626,0.09580459647682377,0.16563374362230593,256,1
step4000,4,compact_cards,0,3,decision_receiver_accumulation,layers.3.attn_out,attn_out,0.0002149071307129818,0.00012130284604287746,0.011802520854650883,0.025491419173543306,0.03243589522760571,256,1
step4000,4,compact_cards,0,3,decision_receiver_accumulation,layers.3.mlp_out,mlp_out,7.516367008969806e-06,0.0013138214101264397,0.001998613126687374,0.005356540543519139,0.007788827139667386,256,1
step4000,4,compact_cards,0,3,coherent_replay_gate,layers.3.resid_pre,resid_pre,6.4190307993289e-05,-0.001048714264126279,0.005799388165412859,0.014145683050496377,0.023661615623197532,256,1
step4000,4,compact_cards,0,4,source_span_transmission,layers.4.resid_pre,resid_pre,0.003069360520228779,0.002620201234461852,0.03678233284345738,0.09807166297883879,0.16230301332601893,256,1
step4000,4,compact_cards,0,4,decision_receiver_accumulation,layers.4.attn_out,attn_out,0.0030248115370112177,-0.00013947101746322656,0.03521683103229969,0.09395531847973271,0.18793361339484008,256,1
step4000,4,compact_cards,0,4,decision_receiver_accumulation,layers.4.mlp_out,mlp_out,6.806151744115973e-05,-0.0010469282289523772,0.00544749579983136,0.009782265165015458,0.03364940805377037,256,1
step4000,4,compact_cards,0,4,coherent_replay_gate,layers.4.resid_pre,resid_pre,0.00029421579757577703,-0.000963546998008628,0.013490671142632447,0.028973508514417712,0.04155295016206668,256,1
step4000,4,compact_cards,0,5,source_span_transmission,layers.5.resid_pre,resid_pre,1.9016303695514575e-06,-4.970309072163453e-06,0.0011179459945160567,0.002434729009476666,0.003246621424718751,256,1
step4000,4,compact_cards,0,5,decision_receiver_accumulation,layers.5.attn_out,attn_out,0.00023690863250424177,-0.003567485329224779,0.011227755486245916,0.023020132741520954,0.0507660105123965,256,1
step4000,4,compact_cards,0,5,decision_receiver_accumulation,layers.5.mlp_out,mlp_out,0.0007761720962600816,0.0013220123508730771,0.020805209926711157,0.04733462431281332,0.0754909981370764,256,1
step4000,4,compact_cards,0,5,coherent_replay_gate,layers.5.resid_pre,resid_pre,0.00355215748051633,-0.0013479923908653437,0.040280839310833344,0.09637079996405434,0.22725895014467662,256,1
step4000,4,line_records,1,0,source_span_transmission,layers.0.resid_pre,resid_pre,0.0027803395060286094,0.0012473405036785012,0.04340498198671149,0.08421831626433218,0.1041817258114553,256,1
step4000,4,line_records,1,0,decision_receiver_accumulation,layers.0.attn_out,attn_out,3.8203302050938824e-06,-9.022689449149314e-05,0.001460668507419468,0.003316569693882554,0.004416752961738526,256,1
step4000,4,line_records,1,0,decision_receiver_accumulation,layers.0.mlp_out,mlp_out,0.0,0.0,0.0,0.0,0.0,256,1
step4000,4,line_records,1,0,coherent_replay_gate,layers.0.resid_pre,resid_pre,0.0,0.0,0.0,0.0,0.0,256,1
step4000,4,line_records,1,1,source_span_transmission,layers.1.resid_pre,resid_pre,0.002516084651798013,0.005436710142123467,0.040218229544791165,0.08269181015985316,0.09711346643366449,256,1
step4000,4,line_records,1,1,decision_receiver_accumulation,layers.1.attn_out,attn_out,3.187984660456153e-05,5.536633824028674e-05,0.004009059001313991,0.009455347981629447,0.017608030686843548,256,1
step4000,4,line_records,1,1,decision_receiver_accumulation,layers.1.mlp_out,mlp_out,1.6708309572349787e-05,0.00047887840263606096,0.002824954002003468,0.0072701758177592946,0.012115364754451538,256,1
step4000,4,line_records,1,1,coherent_replay_gate,layers.1.resid_pre,resid_pre,3.8203302050938824e-06,-9.022689449149314e-05,0.001460668507419468,0.003316569693882554,0.004416752961738526,256,1
step4000,4,line_records,1,2,source_span_transmission,layers.2.resid_pre,resid_pre,0.0026046866416852233,0.003354072719216587,0.04060657816874673,0.0819675486619183,0.12057236909910134,256,1
step4000,4,line_records,1,2,decision_receiver_accumulation,layers.2.attn_out,attn_out,7.082341392414035e-05,-0.0013785564004077922,0.0068137775483341845,0.012877367246643429,0.02345307758102791,256,1
step4000,4,line_records,1,2,decision_receiver_accumulation,layers.2.mlp_out,mlp_out,1.6058935896418284e-05,0.00012924590669304383,0.002941846956723161,0.007487132048890954,0.009818967300078016,256,1
step4000,4,line_records,1,2,coherent_replay_gate,layers.2.resid_pre,resid_pre,4.751855962642303e-05,0.0005154053516784308,0.004523555506981299,0.012659116708029494,0.021624433545282068,256,1
step4000,4,line_records,1,3,source_span_transmission,layers.3.resid_pre,resid_pre,0.002534441676141482,0.0043220163778438046,0.040478832052445804,0.07762379634348593,0.12924337851024037,256,1
step4000,4,line_records,1,3,decision_receiver_accumulation,layers.3.attn_out,attn_out,0.00011935227266053519,-0.005214132674516322,0.007857083077519936,0.019398322309237576,0.02898961337528671,256,1
step4000,4,line_records,1,3,decision_receiver_accumulation,layers.3.mlp_out,mlp_out,5.7536924847540605e-05,0.0015238083464936699,0.005647856635134145,0.013561914743288245,0.02162709251340883,256,1
step4000,4,line_records,1,3,coherent_replay_gate,layers.3.resid_pre,resid_pre,7.035216161195195e-05,0.00026279778969003965,0.005368473298868902,0.010587119637554487,0.02949618616229418,256,1
step4000,4,line_records,1,4,source_span_transmission,layers.4.resid_pre,resid_pre,0.003039341905483886,0.01246698457235322,0.03869652127979996,0.08610437954698019,0.1811141858685779,256,1
step4000,4,line_records,1,4,decision_receiver_accumulation,layers.4.attn_out,attn_out,0.0016440650019847714,0.005043347374950681,0.03235229704326169,0.07092842509564667,0.08568825739189644,256,1
step4000,4,line_records,1,4,decision_receiver_accumulation,layers.4.mlp_out,mlp_out,0.00017577921813155724,-0.0025347894823337545,0.009944945766390621,0.02441321887190162,0.03026653754249538,256,1
step4000,4,line_records,1,4,coherent_replay_gate,layers.4.resid_pre,resid_pre,0.0002813010589913454,-0.0051040115832539324,0.012745514122247139,0.029244986533144113,0.042580702745972546,256,1
step4000,4,line_records,1,5,source_span_transmission,layers.5.resid_pre,resid_pre,2.454466270823432e-06,-0.00010178151520510775,0.0011450447493380669,0.003136548604140782,0.0038396891155874245,256,1
step4000,4,line_records,1,5,decision_receiver_accumulation,layers.5.attn_out,attn_out,0.00012020870422871199,-0.0014376616023710443,0.00864384648505894,0.017653245122908945,0.029540010770017243,256,1
step4000,4,line_records,1,5,decision_receiver_accumulation,layers.5.mlp_out,mlp_out,0.0007703152918604335,-0.006086555520421771,0.017052012954568,0.03982846747171276,0.09639549633804032,256,1
step4000,4,line_records,1,5,coherent_replay_gate,layers.5.resid_pre,resid_pre,0.002268585049944198,0.0019202490774835983,0.03973125466668965,0.07590569724233293,0.0923037422235012,256,1
step4000,4,prose_facts,2,0,source_span_transmission,layers.0.resid_pre,resid_pre,0.012068703050503195,0.025433735162751527,0.09065746070296148,0.18459396709026873,0.25206210127454454,256,1
step4000,4,prose_facts,2,0,decision_receiver_accumulation,layers.0.attn_out,attn_out,3.6846848942203935e-05,-0.001845840633612847,0.0039522748042883395,0.007822531523373102,0.024328808676899894,256,1
step4000,4,prose_facts,2,0,decision_receiver_accumulation,layers.0.mlp_out,mlp_out,0.0,0.0,0.0,0.0,0.0,256,1
step4000,4,prose_facts,2,0,coherent_replay_gate,layers.0.resid_pre,resid_pre,0.0,0.0,0.0,0.0,0.0,256,1
step4000,4,prose_facts,2,1,source_span_transmission,layers.1.resid_pre,resid_pre,0.010990846750594765,0.02877832760000926,0.08479511919593705,0.17539107133958143,0.23886632180899176,256,1
step4000,4,prose_facts,2,1,decision_receiver_accumulation,layers.1.attn_out,attn_out,5.222428976254887e-05,-0.0017640003353491293,0.005047257676685521,0.012549133518551636,0.02091224231556656,256,1
step4000,4,prose_facts,2,1,decision_receiver_accumulation,layers.1.mlp_out,mlp_out,5.0351340181918326e-05,-0.003173195488279291,0.004754604640991269,0.012623491602884639,0.023893175115215284,256,1
step4000,4,prose_facts,2,1,coherent_replay_gate,layers.1.resid_pre,resid_pre,3.6846848942203935e-05,-0.001845840633612847,0.0039522748042883395,0.007822531523373102,0.024328808676899894,256,1
step4000,4,prose_facts,2,2,source_span_transmission,layers.2.resid_pre,resid_pre,0.010480211904024504,0.024906237019597387,0.08344449616254312,0.1817710079018951,0.2582517664097472,256,1
step4000,4,prose_facts,2,2,decision_receiver_accumulation,layers.2.attn_out,attn_out,5.844266162186039e-05,-0.0011032523511990888,0.006003279227470177,0.01356288314276512,0.016553201158960012,256,1
step4000,4,prose_facts,2,2,decision_receiver_accumulation,layers.2.mlp_out,mlp_out,3.749083264162991e-05,0.0010450541018450666,0.005063648437467047,0.009684888199877992,0.015026973499886548,256,1
step4000,4,prose_facts,2,2,coherent_replay_gate,layers.2.resid_pre,resid_pre,0.0001364451574346615,-0.0029706987604093066,0.00798067848465726,0.019267765448709374,0.04193972314493362,256,1
step4000,4,prose_facts,2,3,source_span_transmission,layers.3.resid_pre,resid_pre,0.010792538679220816,0.022995619142561194,0.08384167293509154,0.1855083001104723,0.263313248884429,256,1
step4000,4,prose_facts,2,3,decision_receiver_accumulation,layers.3.attn_out,attn_out,0.0007593900722364533,0.004292579613620001,0.020173085915548814,0.04607726414852166,0.08924420723485836,256,1
step4000,4,prose_facts,2,3,decision_receiver_accumulation,layers.3.mlp_out,mlp_out,0.00021199172320062858,-0.003761878307067264,0.00810391343365367,0.026580301664481526,0.0523298322198042,256,1
step4000,4,prose_facts,2,3,coherent_replay_gate,layers.3.resid_pre,resid_pre,0.0002105879010739312,-0.003463541851117692,0.010682459904921515,0.026064028994677524,0.04020844080070209,256,1
step4000,4,prose_facts,2,4,source_span_transmission,layers.4.resid_pre,resid_pre,0.009100400948871198,0.02691409688752518,0.08052175063055307,0.16178093862172238,0.23412556126065998,256,1
step4000,4,prose_facts,2,4,decision_receiver_accumulation,layers.4.attn_out,attn_out,0.0077547604452160865,0.010060888021480559,0.06922560518490614,0.1618741411074139,0.21517599760509856,256,1
step4000,4,prose_facts,2,4,decision_receiver_accumulation,layers.4.mlp_out,mlp_out,0.0004280090200938798,-0.00015604027848591367,0.016036596036953045,0.0344179987173011,0.05611305135275919,256,1
step4000,4,prose_facts,2,4,coherent_replay_gate,layers.4.resid_pre,resid_pre,0.0013157476998440346,0.0005015480972457263,0.028318070819999253,0.056169626438052414,0.10224793150085842,256,1
step4000,4,prose_facts,2,5,source_span_transmission,layers.5.resid_pre,resid_pre,4.0339969991192144e-06,0.00048770040461474273,0.0016593417606259216,0.0035419271248121886,0.0046408156815481,256,1
step4000,4,prose_facts,2,5,decision_receiver_accumulation,layers.5.attn_out,attn_out,0.0009765819690201489,0.016226065644777472,0.02357643028854686,0.05316624404064059,0.0872584115184723,256,1
step4000,4,prose_facts,2,5,decision_receiver_accumulation,layers.5.mlp_out,mlp_out,0.003611751111214306,0.009625013770839064,0.047859904081966304,0.10483577714381645,0.11995534169830419,256,1
step4000,4,prose_facts,2,5,coherent_replay_gate,layers.5.resid_pre,resid_pre,0.009965851956935619,0.014008234100853804,0.08060790495620247,0.1760169409776258,0.24680465363465606,256,1
step4000,4,bracket_dictionary,3,0,source_span_transmission,layers.0.resid_pre,resid_pre,0.014911036709352562,0.0037506223877377884,0.09382881680290006,0.17644667797992758,0.40559705903684745,256,1
step4000,4,bracket_dictionary,3,0,decision_receiver_accumulation,layers.0.attn_out,attn_out,6.521132339683752e-05,-0.0013739372297316703,0.006499146517500888,0.012980222095653374,0.020595477353795556,256,1
step4000,4,bracket_dictionary,3,0,decision_receiver_accumulation,layers.0.mlp_out,mlp_out,0.0,0.0,0.0,0.0,0.0,256,1
step4000,4,bracket_dictionary,3,0,coherent_replay_gate,layers.0.resid_pre,resid_pre,0.0,0.0,0.0,0.0,0.0,256,1
step4000,4,bracket_dictionary,3,1,source_span_transmission,layers.1.resid_pre,resid_pre,0.014254872363164209,0.0011704897216878573,0.09367702669757064,0.17671338708410372,0.360332676068925,256,1
step4000,4,bracket_dictionary,3,1,decision_receiver_accumulation,layers.1.attn_out,attn_out,5.1365381570119245e-05,0.0008616427571807279,0.005117981938696411,0.00950321877672726,0.024454706262324533,256,1
step4000,4,bracket_dictionary,3,1,decision_receiver_accumulation,layers.1.mlp_out,mlp_out,5.063121141777227e-05,-0.0006542053074005481,0.005559509727989724,0.01187690451583158,0.017709321826066472,256,1
step4000,4,bracket_dictionary,3,1,coherent_replay_gate,layers.1.resid_pre,resid_pre,6.521132339683752e-05,-0.0013739372297316703,0.006499146517500888,0.012980222095653374,0.020595477353795556,256,1
step4000,4,bracket_dictionary,3,2,source_span_transmission,layers.2.resid_pre,resid_pre,0.009866917048626543,-0.0065662691412861855,0.08252202471669831,0.15777382227973025,0.24572022256583384,256,1
step4000,4,bracket_dictionary,3,2,decision_receiver_accumulation,layers.2.attn_out,attn_out,0.00041185142070769554,0.001911458378350302,0.01556951045839182,0.033084553429578945,0.05592087234095178,256,1
step4000,4,bracket_dictionary,3,2,decision_receiver_accumulation,layers.2.mlp_out,mlp_out,6.434683767412383e-05,0.0017914319624260425,0.006443299034347472,0.012926218239807469,0.02265946466323161,256,1
step4000,4,bracket_dictionary,3,2,coherent_replay_gate,layers.2.resid_pre,resid_pre,9.820628924587648e-05,-0.0005490940382529298,0.007936246481422708,0.01611117817285354,0.025495785548550184,256,1
step4000,4,bracket_dictionary,3,3,source_span_transmission,layers.3.resid_pre,resid_pre,0.008664311413470904,-0.01644235642243182,0.07378960847988805,0.16256743011547084,0.23001328164970233,256,1
step4000,4,bracket_dictionary,3,3,decision_receiver_accumulation,layers.3.attn_out,attn_out,0.00620870699349909,0.02085540720504652,0.05522508685090399,0.11043959029941305,0.327509016116184,256,1
step4000,4,bracket_dictionary,3,3,decision_receiver_accumulation,layers.3.mlp_out,mlp_out,0.0002021426202080487,0.006836079955694125,0.011304572895991488,0.024422109824874055,0.02933859287005348,256,1
step4000,4,bracket_dictionary,3,3,coherent_replay_gate,layers.3.resid_pre,resid_pre,0.0004987147102716867,0.0011299024389711788,0.0157056674353693,0.03870326379373023,0.06651294777704583,256,1
step4000,4,bracket_dictionary,3,4,source_span_transmission,layers.4.resid_pre,resid_pre,0.007961700982496774,-0.02465536549587048,0.0559103870614941,0.15498914666989547,0.29618232246275655,256,1
step4000,4,bracket_dictionary,3,4,decision_receiver_accumulation,layers.4.attn_out,attn_out,0.0073308058752194595,-0.018861090260599688,0.06629536669294836,0.1413664219078924,0.22942909958093158,256,1
step4000,4,bracket_dictionary,3,4,decision_receiver_accumulation,layers.4.mlp_out,mlp_out,0.0002980477977116192,0.0019300473785992963,0.014521904030779319,0.022380983041542714,0.04737327176289251,256,1
step4000,4,bracket_dictionary,3,4,coherent_replay_gate,layers.4.resid_pre,resid_pre,0.006273737164379684,0.023999612603035195,0.0567151074898981,0.1078159508173809,0.3235465012036732,256,1
step4000,4,bracket_dictionary,3,5,source_span_transmission,layers.5.resid_pre,resid_pre,1.2911414200409052e-05,0.00035601056464384646,0.0025002878688549814,0.005187072462814246,0.012202184363452261,256,1
step4000,4,bracket_dictionary,3,5,decision_receiver_accumulation,layers.5.attn_out,attn_out,0.0007109851566942092,-0.00379693189491592,0.02116951662820909,0.04744814774123243,0.06300974582138676,256,1
step4000,4,bracket_dictionary,3,5,decision_receiver_accumulation,layers.5.mlp_out,mlp_out,0.004710143009517838,0.00870631114126291,0.05573059365201301,0.1103601881397798,0.1656515021559023,256,1
step4000,4,bracket_dictionary,3,5,coherent_replay_gate,layers.5.resid_pre,resid_pre,0.013363233238265599,0.005075172184874827,0.08813570678779276,0.16444825553628936,0.3924128058342528,256,1
step16000,5,compact_cards,0,0,source_span_transmission,layers.0.resid_pre,resid_pre,0.004446658843552886,-0.004001158255380936,0.051010084542520304,0.10145457441172619,0.22760039263139606,256,1
step16000,5,compact_cards,0,0,decision_receiver_accumulation,layers.0.attn_out,attn_out,2.1457208548641628e-05,0.0006843824101080186,0.0026147278861507394,0.007049852538179829,0.016212286875551724,256,1
step16000,5,compact_cards,0,0,decision_receiver_accumulation,layers.0.mlp_out,mlp_out,0.0,0.0,0.0,0.0,0.0,256,1
step16000,5,compact_cards,0,0,coherent_replay_gate,layers.0.resid_pre,resid_pre,0.0,0.0,0.0,0.0,0.0,256,1
step16000,5,compact_cards,0,1,source_span_transmission,layers.1.resid_pre,resid_pre,0.007983071869231886,-0.012130404332224681,0.055440334323611604,0.09582500547329535,0.38157417762840684,256,1
step16000,5,compact_cards,0,1,decision_receiver_accumulation,layers.1.attn_out,attn_out,3.4117845222761666e-05,0.0006036039841645871,0.0046181422315740815,0.009817348018194144,0.014209909812430335,256,1
step16000,5,compact_cards,0,1,decision_receiver_accumulation,layers.1.mlp_out,mlp_out,2.4205080789914983e-05,0.0003609003192224511,0.0026398694750990157,0.007333068878490515,0.020039442108420413,256,1
step16000,5,compact_cards,0,1,coherent_replay_gate,layers.1.resid_pre,resid_pre,2.1457208548641628e-05,0.0006843824101080186,0.0026147278861507394,0.007049852538179829,0.016212286875551724,256,1
step16000,5,compact_cards,0,2,source_span_transmission,layers.2.resid_pre,resid_pre,0.006578433097683681,-0.005757099994523965,0.05119884514381427,0.08787645315390821,0.3434446745502061,256,1
step16000,5,compact_cards,0,2,decision_receiver_accumulation,layers.2.attn_out,attn_out,2.536373937848603e-05,-0.0010384376529005504,0.003968331545068377,0.0078399021158581,0.013429775925587478,256,1
step16000,5,compact_cards,0,2,decision_receiver_accumulation,layers.2.mlp_out,mlp_out,1.2789285032929661e-05,0.0012505226912464394,0.0027307461584599913,0.006089401727047028,0.009252090252144813,256,1
step16000,5,compact_cards,0,2,coherent_replay_gate,layers.2.resid_pre,resid_pre,4.929773047117071e-05,0.000782075871798461,0.005572615550587703,0.012738684220796201,0.016214507532404124,256,1
step16000,5,compact_cards,0,3,source_span_transmission,layers.3.resid_pre,resid_pre,0.005221238755688034,-0.0037522645290798675,0.05004765180643147,0.10402916000063517,0.2531884938204464,256,1
step16000,5,compact_cards,0,3,decision_receiver_accumulation,layers.3.attn_out,attn_out,0.0004147699455442399,-0.00385772126523945,0.01598548199970238,0.03289444184925189,0.047879578736340966,256,1
step16000,5,compact_cards,0,3,decision_receiver_accumulation,layers.3.mlp_out,mlp_out,6.262363069802226e-05,-0.005141873164813206,0.005676529298687434,0.012917890570889982,0.02195419875347006,256,1
step16000,5,compact_cards,0,3,coherent_replay_gate,layers.3.resid_pre,resid_pre,6.261044112947626e-05,0.0001181014026767496,0.006178250530453906,0.014718334030532541,0.021322057577211746,256,1
step16000,5,compact_cards,0,4,source_span_transmission,layers.4.resid_pre,resid_pre,0.0038400626507311226,-0.009701154427856292,0.04462693368255628,0.07216804482057142,0.22333702708118972,256,1
step16000,5,compact_cards,0,4,decision_receiver_accumulation,layers.4.attn_out,attn_out,0.002959495799940968,-0.011407283640460612,0.041153650804351016,0.07829977729531032,0.1865175960963405,256,1
step16000,5,compact_cards,0,4,decision_receiver_accumulation,layers.4.mlp_out,mlp_out,0.00010550745658020025,-0.0004569892199076564,0.007941897887959088,0.018764773571578852,0.024752061758014886,256,1
step16000,5,compact_cards,0,4,coherent_replay_gate,layers.4.resid_pre,resid_pre,0.0005027338968276773,-0.003307356383514526,0.017918817402976746,0.03575391417749821,0.05093887314242948,256,1
step16000,5,compact_cards,0,5,source_span_transmission,layers.5.resid_pre,resid_pre,1.0962510294219824e-05,-0.0006464137672502022,0.002318860117917755,0.006770881386311062,0.007902167785678333,256,1
step16000,5,compact_cards,0,5,decision_receiver_accumulation,layers.5.attn_out,attn_out,0.00037554460876650293,-0.0038260750221600173,0.016213930924235134,0.026987967973509414,0.04808922500923942,256,1
step16000,5,compact_cards,0,5,decision_receiver_accumulation,layers.5.mlp_out,mlp_out,0.00244179156587994,0.004249176427067887,0.04378529976134535,0.07524847899851125,0.1007778643651299,256,1
step16000,5,compact_cards,0,5,coherent_replay_gate,layers.5.resid_pre,resid_pre,0.0043936535510393886,-0.005275120647174795,0.0482453709305188,0.09588371361881871,0.2423634820376425,256,1
step16000,5,line_records,1,0,source_span_transmission,layers.0.resid_pre,resid_pre,0.01110952183966255,-0.04181289705806868,0.08038133239211895,0.16441360941983607,0.26517943036616654,256,1
step16000,5,line_records,1,0,decision_receiver_accumulation,layers.0.attn_out,attn_out,1.4241646016864296e-05,0.0008030575035720397,0.002546730967144574,0.00591825471144207,0.012175175759145217,256,1
step16000,5,line_records,1,0,decision_receiver_accumulation,layers.0.mlp_out,mlp_out,0.0,0.0,0.0,0.0,0.0,256,1
step16000,5,line_records,1,0,coherent_replay_gate,layers.0.resid_pre,resid_pre,0.0,0.0,0.0,0.0,0.0,256,1
step16000,5,line_records,1,1,source_span_transmission,layers.1.resid_pre,resid_pre,0.007704901089193815,-0.032333444260825205,0.07028174984204555,0.13783354697151512,0.20504874289790595,256,1
step16000,5,line_records,1,1,decision_receiver_accumulation,layers.1.attn_out,attn_out,6.610015751062778e-06,0.00034578531915360175,0.002072278975419125,0.004472148620910967,0.006410833746875848,256,1
step16000,5,line_records,1,1,decision_receiver_accumulation,layers.1.mlp_out,mlp_out,3.5470367748846495e-06,-0.0001855840252016257,0.0014178757363502294,0.0035168711715868354,0.004015540866562432,256,1
step16000,5,line_records,1,1,coherent_replay_gate,layers.1.resid_pre,resid_pre,1.4241646016864296e-05,0.0008030575035720397,0.002546730967144574,0.00591825471144207,0.012175175759145217,256,1
step16000,5,line_records,1,2,source_span_transmission,layers.2.resid_pre,resid_pre,0.00731301041437886,-0.032846022514907446,0.06676319127622671,0.13816492628528437,0.19931207307106347,256,1
step16000,5,line_records,1,2,decision_receiver_accumulation,layers.2.attn_out,attn_out,1.900820080070221e-05,0.0003038642168224049,0.003573166976744675,0.006565963467274725,0.009737373012311255,256,1
step16000,5,line_records,1,2,decision_receiver_accumulation,layers.2.mlp_out,mlp_out,1.7193193611982362e-05,-0.0008982162881572989,0.0027074942373125537,0.0042707885109890265,0.015201711049748235,256,1
step16000,5,line_records,1,2,coherent_replay_gate,layers.2.resid_pre,resid_pre,1.7629207204868047e-05,0.001428955233368545,0.0027635041347326287,0.008310130178224212,0.01144857829859788,256,1
step16000,5,line_records,1,3,source_span_transmission,layers.3.resid_pre,resid_pre,0.007220645192419679,-0.03393390586672429,0.0667900664670772,0.14390099036037066,0.20321573735035034,256,1
step16000,5,line_records,1,3,decision_receiver_accumulation,layers.3.attn_out,attn_out,0.00027781123318854127,-0.004127795310458592,0.011882700354647589,0.023906989141913297,0.05337190449459021,256,1
step16000,5,line_records,1,3,decision_receiver_accumulation,layers.3.mlp_out,mlp_out,1.5277597195145562e-05,-0.0008205724611838894,0.0031911526157360494,0.006231801080644602,0.010751506263464541,256,1
step16000,5,line_records,1,3,coherent_replay_gate,layers.3.resid_pre,resid_pre,5.380906901795092e-05,0.001442575210576598,0.005956424003594122,0.012687607107958505,0.017846153487651874,256,1
step16000,5,line_records,1,4,source_span_transmission,layers.4.resid_pre,resid_pre,0.005373178843536273,-0.026330569991121166,0.057678001507151785,0.12740724351455712,0.17533873041217718,256,1
step16000,5,line_records,1,4,decision_receiver_accumulation,layers.4.attn_out,attn_out,0.00831111043321357,-0.038161641898685025,0.06922531069983745,0.15214844842791586,0.21168057399561246,256,1
step16000,5,line_records,1,4,decision_receiver_accumulation,layers.4.mlp_out,mlp_out,4.964291960905247e-05,6.151052303956638e-05,0.005661697959343752,0.011344811341417738,0.0176321444105183,256,1
step16000,5,line_records,1,4,coherent_replay_gate,layers.4.resid_pre,resid_pre,0.00037916998263777275,-0.0028657544631785466,0.014532765626594895,0.0266666905931689,0.05914610371055097,256,1
step16000,5,line_records,1,5,source_span_transmission,layers.5.resid_pre,resid_pre,9.02426599534678e-07,-6.876022699338883e-05,0.0006929112667732597,0.0015789032765464867,0.0035585110730449385,256,1
step16000,5,line_records,1,5,decision_receiver_accumulation,layers.5.attn_out,attn_out,0.00046452691597251853,-0.011920199165849646,0.016452673428187993,0.03883068913360904,0.04901622318741163,256,1
step16000,5,line_records,1,5,decision_receiver_accumulation,layers.5.mlp_out,mlp_out,0.0035505678241966013,-0.028453258930196124,0.04801528736625066,0.109372061801393,0.12947484692894184,256,1
step16000,5,line_records,1,5,coherent_replay_gate,layers.5.resid_pre,resid_pre,0.009729323984909317,-0.037084690441133356,0.07478284580733435,0.15648284590352762,0.2548344187443338,256,1
step16000,5,prose_facts,2,0,source_span_transmission,layers.0.resid_pre,resid_pre,0.016361808043185547,0.0012891903544209743,0.10599212263509006,0.2079348836379583,0.31487856651089885,256,1
step16000,5,prose_facts,2,0,decision_receiver_accumulation,layers.0.attn_out,attn_out,9.667593092222717e-05,-0.003108412051919152,0.0071089541979621,0.018857932722113807,0.025496196428924523,256,1
step16000,5,prose_facts,2,0,decision_receiver_accumulation,layers.0.mlp_out,mlp_out,0.0,0.0,0.0,0.0,0.0,256,1
step16000,5,prose_facts,2,0,coherent_replay_gate,layers.0.resid_pre,resid_pre,0.0,0.0,0.0,0.0,0.0,256,1
step16000,5,prose_facts,2,1,source_span_transmission,layers.1.resid_pre,resid_pre,0.011747535967030993,0.0024132345151656742,0.0882272041604994,0.1740111608528683,0.26118837943208223,256,1
step16000,5,prose_facts,2,1,decision_receiver_accumulation,layers.1.attn_out,attn_out,9.22017616988643e-05,-0.0036648631245573965,0.006867426493083001,0.014689553396171288,0.03496406988365486,256,1
step16000,5,prose_facts,2,1,decision_receiver_accumulation,layers.1.mlp_out,mlp_out,5.715995539411834e-05,-0.0010967824914155143,0.005407996524341121,0.016210786909434893,0.019683924205985852,256,1
step16000,5,prose_facts,2,1,coherent_replay_gate,layers.1.resid_pre,resid_pre,9.667593092222717e-05,-0.003108412051919152,0.0071089541979621,0.018857932722113807,0.025496196428924523,256,1
step16000,5,prose_facts,2,2,source_span_transmission,layers.2.resid_pre,resid_pre,0.008179032574369438,-0.00013923049366616064,0.07157637260321241,0.14907302916993373,0.17016375380895823,256,1
step16000,5,prose_facts,2,2,decision_receiver_accumulation,layers.2.attn_out,attn_out,0.0001640077201954212,-0.0007508646443504044,0.010524607270653222,0.01912499543243053,0.03014297818967403,256,1
step16000,5,prose_facts,2,2,decision_receiver_accumulation,layers.2.mlp_out,mlp_out,2.376660028774209e-05,-0.0015257291747329848,0.0034252624105749756,0.009865475886357104,0.012663694670639547,256,1
step16000,5,prose_facts,2,2,coherent_replay_gate,layers.2.resid_pre,resid_pre,0.00015926367288890801,-0.005207603252701386,0.010142139858848228,0.02163936248053204,0.028616771473004846,256,1
step16000,5,prose_facts,2,3,source_span_transmission,layers.3.resid_pre,resid_pre,0.007548235336357249,-0.0016218939548492527,0.06672359565494851,0.14127643475174145,0.1527680554880577,256,1
step16000,5,prose_facts,2,3,decision_receiver_accumulation,layers.3.attn_out,attn_out,0.00024165776656980275,-0.0010151373596725775,0.011959376234894282,0.028265110968140723,0.03801593147107568,256,1
step16000,5,prose_facts,2,3,decision_receiver_accumulation,layers.3.mlp_out,mlp_out,8.443197727512751e-05,0.0007246727410059009,0.0076208088116087695,0.01485632882372593,0.018639756659150523,256,1
step16000,5,prose_facts,2,3,coherent_replay_gate,layers.3.resid_pre,resid_pre,0.0003667002009828604,-0.004995252501153947,0.01438547691390337,0.03140857189073806,0.05415883682065957,256,1
step16000,5,prose_facts,2,4,source_span_transmission,layers.4.resid_pre,resid_pre,0.006910671691030148,-0.0016911741695397123,0.06498873871229516,0.1343479605968261,0.15341580675502997,256,1
step16000,5,prose_facts,2,4,decision_receiver_accumulation,layers.4.attn_out,attn_out,0.01142182954042625,-0.003734746357039742,0.08445736510810109,0.19914318683175375,0.22648897951387897,256,1
step16000,5,prose_facts,2,4,decision_receiver_accumulation,layers.4.mlp_out,mlp_out,0.0001436872950846044,-0.000326660384430339,0.008745842527494675,0.02415301707482444,0.028826361231829543,256,1
step16000,5,prose_facts,2,4,coherent_replay_gate,layers.4.resid_pre,resid_pre,0.0008016229655507572,-0.006159549650597167,0.022801234799648074,0.045362351569674,0.0666743822349857,256,1
step16000,5,prose_facts,2,5,source_span_transmission,layers.5.resid_pre,resid_pre,5.444714858618653e-06,-0.00031067790433334777,0.001757580913829194,0.003961967039824335,0.006889126504647144,256,1
step16000,5,prose_facts,2,5,decision_receiver_accumulation,layers.5.attn_out,attn_out,0.0009109959783426837,0.005161502220923083,0.021701611651185268,0.05925708891172134,0.07826263802172678,256,1
step16000,5,prose_facts,2,5,decision_receiver_accumulation,layers.5.mlp_out,mlp_out,0.003398454372658207,0.0004282229058301095,0.04395988946525679,0.10161526941441551,0.17073338320718198,256,1
step16000,5,prose_facts,2,5,coherent_replay_gate,layers.5.resid_pre,resid_pre,0.015786887980144014,-0.007461463099817087,0.10552497061282659,0.2197699783610323,0.2741796634202406,256,1
step16000,5,bracket_dictionary,3,0,source_span_transmission,layers.0.resid_pre,resid_pre,0.03577586234614148,-0.03349035128090226,0.14808672829169645,0.3159361476397216,0.46582814927962635,256,1
step16000,5,bracket_dictionary,3,0,decision_receiver_accumulation,layers.0.attn_out,attn_out,2.7073645221727212e-05,0.0011740418126167443,0.004083947780742715,0.007871341326115881,0.01596914313320744,256,1
step16000,5,bracket_dictionary,3,0,decision_receiver_accumulation,layers.0.mlp_out,mlp_out,0.0,0.0,0.0,0.0,0.0,256,1
step16000,5,bracket_dictionary,3,0,coherent_replay_gate,layers.0.resid_pre,resid_pre,0.0,0.0,0.0,0.0,0.0,256,1
step16000,5,bracket_dictionary,3,1,source_span_transmission,layers.1.resid_pre,resid_pre,0.038505975756600586,-0.03675520182739525,0.15926552221003037,0.3038046204810526,0.4499650042755708,256,1
step16000,5,bracket_dictionary,3,1,decision_receiver_accumulation,layers.1.attn_out,attn_out,4.7897682530489685e-05,0.001248770302569487,0.005496145053027316,0.011171409831739532,0.01706473530709992,256,1
step16000,5,bracket_dictionary,3,1,decision_receiver_accumulation,layers.1.mlp_out,mlp_out,1.4841688347607757e-05,-0.00035548199713703407,0.0026225072714517704,0.006972024120777494,0.014726992068337465,256,1
step16000,5,bracket_dictionary,3,1,coherent_replay_gate,layers.1.resid_pre,resid_pre,2.7073645221727212e-05,0.0011740418126167443,0.004083947780742715,0.007871341326115881,0.01596914313320744,256,1
step16000,5,bracket_dictionary,3,2,source_span_transmission,layers.2.resid_pre,resid_pre,0.03317250978799813,-0.041853380344219204,0.14508373121250429,0.2999486614243533,0.42898316830028527,256,1
step16000,5,bracket_dictionary,3,2,decision_receiver_accumulation,layers.2.attn_out,attn_out,0.00018591550887612582,0.000600545184912195,0.011005967941984492,0.022436419627782766,0.03278699386213281,256,1
step16000,5,bracket_dictionary,3,2,decision_receiver_accumulation,layers.2.mlp_out,mlp_out,5.363258163599363e-05,0.0020177613010510086,0.00589396656339256,0.012317966894184545,0.018161616619198268,256,1
step16000,5,bracket_dictionary,3,2,coherent_replay_gate,layers.2.resid_pre,resid_pre,8.532317060081987e-05,0.001940143299485911,0.007450262280673656,0.014483910222595868,0.024498048021758628,256,1
step16000,5,bracket_dictionary,3,3,source_span_transmission,layers.3.resid_pre,resid_pre,0.03322820745397523,-0.038954758238541394,0.14987081776534353,0.2989104912836549,0.4029068857868512,256,1
step16000,5,bracket_dictionary,3,3,decision_receiver_accumulation,layers.3.attn_out,attn_out,0.001381498653653358,-0.011619578309197008,0.02805021366486888,0.06700556249270787,0.09669064625268586,256,1
step16000,5,bracket_dictionary,3,3,decision_receiver_accumulation,layers.3.mlp_out,mlp_out,0.0006889162737634988,-0.0045413468581764664,0.01784809178996405,0.044949899683100626,0.08002167106825608,256,1
step16000,5,bracket_dictionary,3,3,coherent_replay_gate,layers.3.resid_pre,resid_pre,0.0003076287197654987,0.0028196418694966903,0.013855383225250744,0.02981890315556071,0.04182661773895424,256,1
step16000,5,bracket_dictionary,3,4,source_span_transmission,layers.4.resid_pre,resid_pre,0.02795763145670114,-0.027074356905612326,0.13409749981110386,0.2834450855660454,0.3821126389617421,256,1
step16000,5,bracket_dictionary,3,4,decision_receiver_accumulation,layers.4.attn_out,attn_out,0.02502100323529215,-0.027510202852984483,0.12585882106737706,0.2603055128148531,0.3614668903211227,256,1
step16000,5,bracket_dictionary,3,4,decision_receiver_accumulation,layers.4.mlp_out,mlp_out,0.00015623214597456836,0.002045760001900542,0.01105947184933579,0.018686561326522313,0.02482714681911358,256,1
step16000,5,bracket_dictionary,3,4,coherent_replay_gate,layers.4.resid_pre,resid_pre,0.0012970501798804492,-0.008165473550043096,0.027549163716268952,0.061147423566082035,0.10248316362065152,256,1
step16000,5,bracket_dictionary,3,5,source_span_transmission,layers.5.resid_pre,resid_pre,7.300350899441054e-06,0.0007766359905055007,0.002091519859629705,0.004736132676910594,0.006363002147461412,256,1
step16000,5,bracket_dictionary,3,5,decision_receiver_accumulation,layers.5.attn_out,attn_out,0.004347029278031191,-0.010981415033776025,0.05468380904200086,0.10718830907047316,0.12559411195849665,256,1
step16000,5,bracket_dictionary,3,5,decision_receiver_accumulation,layers.5.mlp_out,mlp_out,0.0030288884876259158,-0.013150282093845488,0.038571669240502204,0.09589623233884603,0.17049809529217158,256,1
step16000,5,bracket_dictionary,3,5,coherent_replay_gate,layers.5.resid_pre,resid_pre,0.030430673509011363,-0.030307402231009365,0.1407800877554793,0.28268108711782625,0.4199937151319653,256,1
step64000,6,compact_cards,0,0,source_span_transmission,layers.0.resid_pre,resid_pre,0.005626139600209055,0.0013963001354052127,0.053897551648418404,0.13719458362745168,0.19340653007089892,256,1
step64000,6,compact_cards,0,0,decision_receiver_accumulation,layers.0.attn_out,attn_out,9.032383644420934e-06,0.0004725278065332929,0.0018361941743615762,0.004100683641513128,0.011619932781816656,256,1
step64000,6,compact_cards,0,0,decision_receiver_accumulation,layers.0.mlp_out,mlp_out,0.0,0.0,0.0,0.0,0.0,256,1
step64000,6,compact_cards,0,0,coherent_replay_gate,layers.0.resid_pre,resid_pre,0.0,0.0,0.0,0.0,0.0,256,1
step64000,6,compact_cards,0,1,source_span_transmission,layers.1.resid_pre,resid_pre,0.005357647068809266,-0.007399684156325947,0.052847341182344444,0.12678259597969435,0.21537451941749203,256,1
step64000,6,compact_cards,0,1,decision_receiver_accumulation,layers.1.attn_out,attn_out,3.186801600295774e-05,0.0015286622441852801,0.0045859972550223995,0.009367443398577383,0.01389098534048539,256,1
step64000,6,compact_cards,0,1,decision_receiver_accumulation,layers.1.mlp_out,mlp_out,5.21872866937691e-06,0.000840604969366971,0.0016394060572774345,0.0034416128097899124,0.008013026603069157,256,1
step64000,6,compact_cards,0,1,coherent_replay_gate,layers.1.resid_pre,resid_pre,9.032383644420934e-06,0.0004725278065332929,0.0018361941743615762,0.004100683641513128,0.011619932781816656,256,1
step64000,6,compact_cards,0,2,source_span_transmission,layers.2.resid_pre,resid_pre,0.004711280539413274,-0.004958751294832199,0.05168249991860024,0.11156991396304122,0.19274972550562033,256,1
step64000,6,compact_cards,0,2,decision_receiver_accumulation,layers.2.attn_out,attn_out,3.362619876760785e-05,0.0021811249753156932,0.004640512525823903,0.009251508524824481,0.017133592242723213,256,1
step64000,6,compact_cards,0,2,decision_receiver_accumulation,layers.2.mlp_out,mlp_out,2.869587976214681e-05,0.0006177225535991858,0.0037372763836312868,0.009636234841780916,0.016995630639058394,256,1
step64000,6,compact_cards,0,2,coherent_replay_gate,layers.2.resid_pre,resid_pre,3.8524131293525306e-05,0.0020660305593499994,0.005131107509626149,0.010175575670267636,0.014914843672763353,256,1
step64000,6,compact_cards,0,3,source_span_transmission,layers.3.resid_pre,resid_pre,0.005277830427010566,-0.0038282636237636954,0.05206670167556396,0.10260563259078759,0.24271602717732477,256,1
step64000,6,compact_cards,0,3,decision_receiver_accumulation,layers.3.attn_out,attn_out,0.00011240134004203588,0.0029768645226538456,0.007658604436842383,0.016880501023918425,0.03662297389446992,256,1
step64000,6,compact_cards,0,3,decision_receiver_accumulation,layers.3.mlp_out,mlp_out,3.910025198917288e-05,0.002454354819177156,0.00498626050917033,0.010217843085674444,0.015507533015588808,256,1
step64000,6,compact_cards,0,3,coherent_replay_gate,layers.3.resid_pre,resid_pre,8.545998340707174e-05,0.004235766289906181,0.006595813815898221,0.01441990713747772,0.030298463345935094,256,1
step64000,6,compact_cards,0,4,source_span_transmission,layers.4.resid_pre,resid_pre,0.005227974344760626,-0.004049643167937617,0.05139461590905844,0.10078206388352531,0.2481923250266045,256,1
step64000,6,compact_cards,0,4,decision_receiver_accumulation,layers.4.attn_out,attn_out,0.00510801046958694,-0.003535634919525696,0.052096092212856146,0.1309957299211514,0.18283055577135424,256,1
step64000,6,compact_cards,0,4,decision_receiver_accumulation,layers.4.mlp_out,mlp_out,0.00011861264360610805,0.0025663111144506997,0.007272637599236596,0.020058615091242484,0.030978616080790618,256,1
step64000,6,compact_cards,0,4,coherent_replay_gate,layers.4.resid_pre,resid_pre,0.0002519884819140101,0.007194577053371414,0.01171785431234201,0.024692774583756016,0.04913385131622838,256,1
step64000,6,compact_cards,0,5,source_span_transmission,layers.5.resid_pre,resid_pre,2.900706579913918e-09,9.850423539595715e-06,3.6190164347911396e-05,8.844510188892041e-05,0.00018876878157678202,256,1
step64000,6,compact_cards,0,5,decision_receiver_accumulation,layers.5.attn_out,attn_out,0.00027630819686546367,0.00010216362397710756,0.012388719453589346,0.027667116114204082,0.048403890794369166,256,1
step64000,6,compact_cards,0,5,decision_receiver_accumulation,layers.5.mlp_out,mlp_out,0.0017212770777598105,0.013996246178963568,0.03355619607115995,0.06864173835743045,0.09297752758691322,256,1
step64000,6,compact_cards,0,5,coherent_replay_gate,layers.5.resid_pre,resid_pre,0.004933639234459201,0.0027956184986641913,0.050907871530983306,0.12974598883204133,0.17714438533340912,256,1
step64000,6,line_records,1,0,source_span_transmission,layers.0.resid_pre,resid_pre,0.008891815015155156,0.012967396744952571,0.08178643623066201,0.13601206533278357,0.22606190544129043,256,1
step64000,6,line_records,1,0,decision_receiver_accumulation,layers.0.attn_out,attn_out,1.5227405807940631e-05,0.0017841804734716224,0.0027956831655938535,0.006452768989957336,0.010531805146056164,256,1
step64000,6,line_records,1,0,decision_receiver_accumulation,layers.0.mlp_out,mlp_out,0.0,0.0,0.0,0.0,0.0,256,1
step64000,6,line_records,1,0,coherent_replay_gate,layers.0.resid_pre,resid_pre,0.0,0.0,0.0,0.0,0.0,256,1
step64000,6,line_records,1,1,source_span_transmission,layers.1.resid_pre,resid_pre,0.007807540590675975,0.01443597465559135,0.07526249173213867,0.13714407714956553,0.1966382376200677,256,1
step64000,6,line_records,1,1,decision_receiver_accumulation,layers.1.attn_out,attn_out,4.7005094130050164e-06,-0.0003579109853021917,0.001692153641785105,0.0036621253940821163,0.005093723774899962,256,1
step64000,6,line_records,1,1,decision_receiver_accumulation,layers.1.mlp_out,mlp_out,2.0268839661821812e-05,0.0016566330784709002,0.0034845165718125222,0.0077756156534009024,0.00976805204200807,256,1
step64000,6,line_records,1,1,coherent_replay_gate,layers.1.resid_pre,resid_pre,1.5227405807940631e-05,0.0017841804734716224,0.0027956831655938535,0.006452768989957336,0.010531805146056164,256,1
step64000,6,line_records,1,2,source_span_transmission,layers.2.resid_pre,resid_pre,0.007483565677103672,0.015592548093094055,0.07249209444854704,0.14153646217288923,0.18714597365317528,256,1
step64000,6,line_records,1,2,decision_receiver_accumulation,layers.2.attn_out,attn_out,3.0284367947020647e-05,0.0024444940726005265,0.004112635131405118,0.009797259329567709,0.013933370817420238,256,1
step64000,6,line_records,1,2,decision_receiver_accumulation,layers.2.mlp_out,mlp_out,1.952499409079138e-05,0.001624106184746256,0.003413531686241994,0.007875785571662075,0.011231025925489713,256,1
step64000,6,line_records,1,2,coherent_replay_gate,layers.2.resid_pre,resid_pre,2.27319878309004e-05,0.0016513231850780997,0.0037511143991761694,0.007736475921727423,0.01211784409844232,256,1
step64000,6,line_records,1,3,source_span_transmission,layers.3.resid_pre,resid_pre,0.007518718095089089,0.014621825100560166,0.07291270693842974,0.14201847035709908,0.182646206325262,256,1
step64000,6,line_records,1,3,decision_receiver_accumulation,layers.3.attn_out,attn_out,1.9086151807582963e-05,-0.0009221942190288515,0.0032612876346482696,0.007538371116781295,0.010912790891269642,256,1
step64000,6,line_records,1,3,decision_receiver_accumulation,layers.3.mlp_out,mlp_out,3.807032475053857e-05,-0.0008909562138356328,0.004548997071719903,0.008927671060159265,0.02183760451199231,256,1
step64000,6,line_records,1,3,coherent_replay_gate,layers.3.resid_pre,resid_pre,7.496722468497819e-05,0.004302991985373021,0.007095394058192418,0.01290362715402843,0.023298148340078484,256,1
step64000,6,line_records,1,4,source_span_transmission,layers.4.resid_pre,resid_pre,0.006968909360843346,0.01674757819288037,0.07010362489552066,0.1318299615857034,0.18356532028930916,256,1
step64000,6,line_records,1,4,decision_receiver_accumulation,layers.4.attn_out,attn_out,0.008319760785297555,0.007960020008976384,0.07602393024625648,0.1253873288979628,0.2564297833786277,256,1
step64000,6,line_records,1,4,decision_receiver_accumulation,layers.4.mlp_out,mlp_out,4.3267211819257756e-05,-3.184608968137461e-06,0.005376991463218469,0.01077584184421071,0.014052015706251149,256,1
step64000,6,line_records,1,4,coherent_replay_gate,layers.4.resid_pre,resid_pre,8.198132271771697e-05,0.0030310399157245068,0.00719555544000627,0.01603574147616066,0.022514497341502952,256,1
step64000,6,line_records,1,5,source_span_transmission,layers.5.resid_pre,resid_pre,3.586036613731889e-09,-2.0694612128950862e-05,2.812986835545149e-05,6.39760894539515e-05,0.00025436224949834375,256,1
step64000,6,line_records,1,5,decision_receiver_accumulation,layers.5.attn_out,attn_out,0.0006756535287446982,0.0050334734245535044,0.021315961237076284,0.04486214188041027,0.055533490850518806,256,1
step64000,6,line_records,1,5,decision_receiver_accumulation,layers.5.mlp_out,mlp_out,0.002636180177834655,-0.013002847163674308,0.033909335205589176,0.06739644061000474,0.18639619605172641,256,1
step64000,6,line_records,1,5,coherent_replay_gate,layers.5.resid_pre,resid_pre,0.008049052000027097,0.010604596142077637,0.07648133639133614,0.12529068484838357,0.24300722004627903,256,1
step64000,6,prose_facts,2,0,source_span_transmission,layers.0.resid_pre,resid_pre,0.013761986201057192,-0.06591143707746765,0.09526829893083502,0.17918820746570702,0.3172757301415026,256,1
step64000,6,prose_facts,2,0,decision_receiver_accumulation,layers.0.attn_out,attn_out,6.58637455600875e-06,8.731564479980779e-05,0.0019127445246288613,0.004570448596054988,0.0068192968895405305,256,1
step64000,6,prose_facts,2,0,decision_receiver_accumulation,layers.0.mlp_out,mlp_out,0.0,0.0,0.0,0.0,0.0,256,1
step64000,6,prose_facts,2,0,coherent_replay_gate,layers.0.resid_pre,resid_pre,0.0,0.0,0.0,0.0,0.0,256,1
step64000,6,prose_facts,2,1,source_span_transmission,layers.1.resid_pre,resid_pre,0.012861749301190788,-0.06452063114377926,0.0916712436934338,0.17661433739077753,0.31012793379528436,256,1
step64000,6,prose_facts,2,1,decision_receiver_accumulation,layers.1.attn_out,attn_out,5.152256532780043e-05,-0.000731954521576659,0.00606769018310507,0.011135724336775316,0.016236443787308836,256,1
step64000,6,prose_facts,2,1,decision_receiver_accumulation,layers.1.mlp_out,mlp_out,1.5721543288729916e-05,0.0005028594490547903,0.002535035564819108,0.004733512619770758,0.016236889042202357,256,1
step64000,6,prose_facts,2,1,coherent_replay_gate,layers.1.resid_pre,resid_pre,6.58637455600875e-06,8.731564479980779e-05,0.0019127445246288613,0.004570448596054988,0.0068192968895405305,256,1
step64000,6,prose_facts,2,2,source_span_transmission,layers.2.resid_pre,resid_pre,0.011584128723413899,-0.06061306183882004,0.08596772543541212,0.1731821667020829,0.29774500295497847,256,1
step64000,6,prose_facts,2,2,decision_receiver_accumulation,layers.2.attn_out,attn_out,0.0004481038214118971,-0.003907505951522989,0.01695849761736752,0.03655058858951568,0.05827728747061401,256,1
step64000,6,prose_facts,2,2,decision_receiver_accumulation,layers.2.mlp_out,mlp_out,2.8904258977800352e-05,0.0002678335082069685,0.004233029254402523,0.00864423332154693,0.013769229269550546,256,1
step64000,6,prose_facts,2,2,coherent_replay_gate,layers.2.resid_pre,resid_pre,5.7907114784873365e-05,-0.0006487670512857389,0.006206360770459818,0.012698175981092893,0.015451143120761845,256,1
step64000,6,prose_facts,2,3,source_span_transmission,layers.3.resid_pre,resid_pre,0.011134753474207707,-0.055755838736900015,0.08117267896924978,0.16747373576954525,0.3053486712645049,256,1
step64000,6,prose_facts,2,3,decision_receiver_accumulation,layers.3.attn_out,attn_out,0.0001773812569400937,-0.0029691450597619648,0.009641936820419578,0.02228897617429433,0.038064737556977396,256,1
step64000,6,prose_facts,2,3,decision_receiver_accumulation,layers.3.mlp_out,mlp_out,0.00020411139448207874,0.0013089963299893186,0.010897505879144953,0.02564576864419993,0.03685440655788641,256,1
step64000,6,prose_facts,2,3,coherent_replay_gate,layers.3.resid_pre,resid_pre,0.0007110098653800221,-0.005221755941361709,0.02126191900590284,0.046481459105095324,0.07183731228533022,256,1
step64000,6,prose_facts,2,4,source_span_transmission,layers.4.resid_pre,resid_pre,0.01086458072012525,-0.05367877593339024,0.07959629857952041,0.16713850780894224,0.3027574748288106,256,1
step64000,6,prose_facts,2,4,decision_receiver_accumulation,layers.4.attn_out,attn_out,0.01179524046165579,-0.0628167339273451,0.08839292255801331,0.17859778955243674,0.2637425870338198,256,1
step64000,6,prose_facts,2,4,decision_receiver_accumulation,layers.4.mlp_out,mlp_out,0.00017873970137192167,0.0013246685263600421,0.010103605281513361,0.02615867983299923,0.029305664502313165,256,1
step64000,6,prose_facts,2,4,coherent_replay_gate,layers.4.resid_pre,resid_pre,0.0010915700250616698,-0.00739098988898916,0.025917522852328786,0.0550182218156573,0.09106798901207219,256,1
step64000,6,prose_facts,2,5,source_span_transmission,layers.5.resid_pre,resid_pre,6.710624244117632e-09,1.882729090639978e-05,5.853695760165295e-05,0.00011066610914459846,0.0002623614608928904,256,1
step64000,6,prose_facts,2,5,decision_receiver_accumulation,layers.5.attn_out,attn_out,0.0010031319014076516,-0.006069172312869729,0.02090943993787196,0.04240906938988015,0.11099475239737103,256,1
step64000,6,prose_facts,2,5,decision_receiver_accumulation,layers.5.mlp_out,mlp_out,0.003578849606427432,-0.0303795757733825,0.04524863861459594,0.10200317591438972,0.16124485579539555,256,1
step64000,6,prose_facts,2,5,coherent_replay_gate,layers.5.resid_pre,resid_pre,0.011663412620852876,-0.06275406407348962,0.08964332647450474,0.17171217534726763,0.26509672328735745,256,1
step64000,6,bracket_dictionary,3,0,source_span_transmission,layers.0.resid_pre,resid_pre,0.017552777785043022,-0.026587460559926335,0.08949489875787706,0.23428307284827998,0.41119257883983956,256,1
step64000,6,bracket_dictionary,3,0,decision_receiver_accumulation,layers.0.attn_out,attn_out,4.706176609497397e-06,-0.00030726524700807635,0.001561482348951922,0.00300206412870499,0.007976180896778496,256,1
step64000,6,bracket_dictionary,3,0,decision_receiver_accumulation,layers.0.mlp_out,mlp_out,0.0,0.0,0.0,0.0,0.0,256,1
step64000,6,bracket_dictionary,3,0,coherent_replay_gate,layers.0.resid_pre,resid_pre,0.0,0.0,0.0,0.0,0.0,256,1
step64000,6,bracket_dictionary,3,1,source_span_transmission,layers.1.resid_pre,resid_pre,0.01628527513502797,-0.02613906290135582,0.08806770442672841,0.23747307558951233,0.39043182147508687,256,1
step64000,6,bracket_dictionary,3,1,decision_receiver_accumulation,layers.1.attn_out,attn_out,6.757173136144068e-05,-0.0007207962197926718,0.0055664749929013446,0.013087654437337198,0.027224247585151636,256,1
step64000,6,bracket_dictionary,3,1,decision_receiver_accumulation,layers.1.mlp_out,mlp_out,5.094028492261529e-06,-0.00013200695260560274,0.001744141654107367,0.0033470767752406816,0.007076026147328238,256,1
step64000,6,bracket_dictionary,3,1,coherent_replay_gate,layers.1.resid_pre,resid_pre,4.706176609497397e-06,-0.00030726524700807635,0.001561482348951922,0.00300206412870499,0.007976180896778496,256,1
step64000,6,bracket_dictionary,3,2,source_span_transmission,layers.2.resid_pre,resid_pre,0.014949784573955897,-0.02235587935493062,0.08242329291306068,0.21877532348232073,0.39233952011241796,256,1
step64000,6,bracket_dictionary,3,2,decision_receiver_accumulation,layers.2.attn_out,attn_out,6.59978826524365e-05,0.0005536543589620519,0.005903468087825271,0.012663099374598474,0.028229520503784123,256,1
step64000,6,bracket_dictionary,3,2,decision_receiver_accumulation,layers.2.mlp_out,mlp_out,5.926504968308727e-05,-0.00039401433878251326,0.004505849851902755,0.012854790775066155,0.029572470859870425,256,1
step64000,6,bracket_dictionary,3,2,coherent_replay_gate,layers.2.resid_pre,resid_pre,8.380295755653214e-05,-0.0008802369666536236,0.006383527829637925,0.016109720684322704,0.030059610053953672,256,1
step64000,6,bracket_dictionary,3,3,source_span_transmission,layers.3.resid_pre,resid_pre,0.013976716925598964,-0.02480318156904645,0.07902218695583238,0.223496432523892,0.36446733563202127,256,1
step64000,6,bracket_dictionary,3,3,decision_receiver_accumulation,layers.3.attn_out,attn_out,0.0003319565432666566,-0.002107929504042815,0.013116516433436512,0.02973704742022107,0.056420133479262266,256,1
step64000,6,bracket_dictionary,3,3,decision_receiver_accumulation,layers.3.mlp_out,mlp_out,0.0003065557375929111,-0.0004834723380638873,0.010900016189331098,0.021575753591454444,0.06732710573890903,256,1
step64000,6,bracket_dictionary,3,3,coherent_replay_gate,layers.3.resid_pre,resid_pre,0.00020404006452589917,0.0003159113153773487,0.009366691932275956,0.02534437892233704,0.05044452122317111,256,1
step64000,6,bracket_dictionary,3,4,source_span_transmission,layers.4.resid_pre,resid_pre,0.013397653410719674,-0.02434889904674393,0.07748661727634014,0.20319479334675147,0.3794594958343225,256,1
step64000,6,bracket_dictionary,3,4,decision_receiver_accumulation,layers.4.attn_out,attn_out,0.012035012632774473,-0.025772463850533535,0.0760565022215674,0.18713212261630552,0.360551302813573,256,1
step64000,6,bracket_dictionary,3,4,decision_receiver_accumulation,layers.4.mlp_out,mlp_out,5.6209556913843184e-05,-0.001396914262083571,0.00588289877774185,0.012761748387489003,0.020257355513241777,256,1
step64000,6,bracket_dictionary,3,4,coherent_replay_gate,layers.4.resid_pre,resid_pre,0.0006090682688268277,-0.0019118901998397483,0.019517085734637597,0.04183161343304409,0.0676933650630272,256,1
step64000,6,bracket_dictionary,3,5,source_span_transmission,layers.5.resid_pre,resid_pre,2.399074595758677e-07,0.00013852573157389138,0.00021766388196571763,0.0003598809919084789,0.002535253107579956,256,1
step64000,6,bracket_dictionary,3,5,decision_receiver_accumulation,layers.5.attn_out,attn_out,0.0009685308957217061,-0.004502091862052607,0.021311249681072654,0.05874543360100795,0.09406056918859391,256,1
step64000,6,bracket_dictionary,3,5,decision_receiver_accumulation,layers.5.mlp_out,mlp_out,0.0028796830985255255,0.005998669011524197,0.03567512287624635,0.08804791339245652,0.18026087186741427,256,1
step64000,6,bracket_dictionary,3,5,coherent_replay_gate,layers.5.resid_pre,resid_pre,0.01583784685758749,-0.02852125404437384,0.08545011973200195,0.2220181977950213,0.3966508908609537,256,1
step143000,7,compact_cards,0,0,source_span_transmission,layers.0.resid_pre,resid_pre,0.016096176849217488,0.008083086363467312,0.08125228264063226,0.21472987596494966,0.425752657120506,256,1
step143000,7,compact_cards,0,0,decision_receiver_accumulation,layers.0.attn_out,attn_out,6.102503968184466e-06,-0.0003693206731696445,0.001719721175429297,0.003677039099743067,0.00957974271567133,256,1
step143000,7,compact_cards,0,0,decision_receiver_accumulation,layers.0.mlp_out,mlp_out,0.0,0.0,0.0,0.0,0.0,256,1
step143000,7,compact_cards,0,0,coherent_replay_gate,layers.0.resid_pre,resid_pre,0.0,0.0,0.0,0.0,0.0,256,1
step143000,7,compact_cards,0,1,source_span_transmission,layers.1.resid_pre,resid_pre,0.012354005999858605,0.004758216993781837,0.07770352444200615,0.17117766984450505,0.3306638869961582,256,1
step143000,7,compact_cards,0,1,decision_receiver_accumulation,layers.1.attn_out,attn_out,7.121706946392637e-05,-0.0010712740812332789,0.005617202334787158,0.0125685197705677,0.02859471293816037,256,1
step143000,7,compact_cards,0,1,decision_receiver_accumulation,layers.1.mlp_out,mlp_out,6.11622362394917e-06,-0.00014826764817284525,0.001918627121330082,0.004108892238198256,0.005984281497862719,256,1
step143000,7,compact_cards,0,1,coherent_replay_gate,layers.1.resid_pre,resid_pre,6.102503968184466e-06,-0.0003693206731696445,0.001719721175429297,0.003677039099743067,0.00957974271567133,256,1
step143000,7,compact_cards,0,2,source_span_transmission,layers.2.resid_pre,resid_pre,0.007405559105257338,-0.0011755454114267816,0.060314718040109724,0.1373115823867977,0.27600296156307186,256,1
step143000,7,compact_cards,0,2,decision_receiver_accumulation,layers.2.attn_out,attn_out,0.0004948202148039433,0.005040864304811372,0.015374838254106696,0.03626745269168,0.07060216502186938,256,1
step143000,7,compact_cards,0,2,decision_receiver_accumulation,layers.2.mlp_out,mlp_out,0.00010723845167787669,-0.0015701077646317098,0.007345190734319995,0.0181642518632978,0.030027300617341938,256,1
step143000,7,compact_cards,0,2,coherent_replay_gate,layers.2.resid_pre,resid_pre,5.695882097290036e-05,-0.0015588080933423157,0.005332197146220086,0.010350396727285563,0.02648735273147958,256,1
step143000,7,compact_cards,0,3,source_span_transmission,layers.3.resid_pre,resid_pre,0.0035187871156713503,-0.004019752807653864,0.04377356336348179,0.1114664462658273,0.15056818617974743,256,1
step143000,7,compact_cards,0,3,decision_receiver_accumulation,layers.3.attn_out,attn_out,0.005055720986927393,0.018031417741118452,0.04314159633216646,0.09460974067019448,0.276237693249401,256,1
step143000,7,compact_cards,0,3,decision_receiver_accumulation,layers.3.mlp_out,mlp_out,0.00017582821393472746,0.0020334876349830996,0.010684994845799677,0.022302495869423223,0.02989006954042878,256,1
step143000,7,compact_cards,0,3,coherent_replay_gate,layers.3.resid_pre,resid_pre,0.0005222991365932239,0.0037594523683432547,0.016079883237630134,0.03567677552781852,0.08317030599792145,256,1
step143000,7,compact_cards,0,4,source_span_transmission,layers.4.resid_pre,resid_pre,0.002436631101690063,-0.01186611225516877,0.037438991434890816,0.08211059403397841,0.15266202815917418,256,1
step143000,7,compact_cards,0,4,decision_receiver_accumulation,layers.4.attn_out,attn_out,0.005490976391031095,-0.006737820281612899,0.04655537178373979,0.1302337221516343,0.27869430337330225,256,1
step143000,7,compact_cards,0,4,decision_receiver_accumulation,layers.4.mlp_out,mlp_out,0.0006956216104912989,0.011504348517946336,0.01893797146795534,0.04026613314651574,0.08768710632824155,256,1
step143000,7,compact_cards,0,4,coherent_replay_gate,layers.4.resid_pre,resid_pre,0.007035331997096075,0.022498974958699732,0.05168828824738205,0.1069303147643007,0.32808894407757144,256,1
step143000,7,compact_cards,0,5,source_span_transmission,layers.5.resid_pre,resid_pre,8.319724240378378e-07,-5.355506367062915e-05,0.00033624814334973983,0.0014062851073392939,0.003967498836244754,256,1
step143000,7,compact_cards,0,5,decision_receiver_accumulation,layers.5.attn_out,attn_out,0.0013997523014479382,-0.011188662543834108,0.02620736339027747,0.0635539571400348,0.1251027190102096,256,1
step143000,7,compact_cards,0,5,decision_receiver_accumulation,layers.5.mlp_out,mlp_out,0.004567723529266742,-0.0002523368568810784,0.05147714991627183,0.10802382343261667,0.19602613732389923,256,1
step143000,7,compact_cards,0,5,coherent_replay_gate,layers.5.resid_pre,resid_pre,0.015342759195866291,0.012780618149546216,0.07825569406374697,0.2160709711045162,0.4096353051894565,256,1
step143000,7,line_records,1,0,source_span_transmission,layers.0.resid_pre,resid_pre,0.009616511442699992,0.015786001944520532,0.0703402978754867,0.14089364206039504,0.34175667414437455,256,1
step143000,7,line_records,1,0,decision_receiver_accumulation,layers.0.attn_out,attn_out,1.0599448019461717e-05,-0.0004372535403911353,0.0021525363687214466,0.005908940514842198,0.011228890380998354,256,1
step143000,7,line_records,1,0,decision_receiver_accumulation,layers.0.mlp_out,mlp_out,0.0,0.0,0.0,0.0,0.0,256,1
step143000,7,line_records,1,0,coherent_replay_gate,layers.0.resid_pre,resid_pre,0.0,0.0,0.0,0.0,0.0,256,1
step143000,7,line_records,1,1,source_span_transmission,layers.1.resid_pre,resid_pre,0.007454999384141464,0.015997210421219887,0.062266023218272425,0.12694018843591692,0.2722848818604011,256,1
step143000,7,line_records,1,1,decision_receiver_accumulation,layers.1.attn_out,attn_out,2.4678774855408935e-05,0.0014352249466474181,0.0032680098353443324,0.008501622609300024,0.016938970385833883,256,1
step143000,7,line_records,1,1,decision_receiver_accumulation,layers.1.mlp_out,mlp_out,2.7332223637198375e-05,-8.658204069112964e-05,0.0035226060544312583,0.009483376851160408,0.017068312493576702,256,1
step143000,7,line_records,1,1,coherent_replay_gate,layers.1.resid_pre,resid_pre,1.0599448019461717e-05,-0.0004372535403911353,0.0021525363687214466,0.005908940514842198,0.011228890380998354,256,1
step143000,7,line_records,1,2,source_span_transmission,layers.2.resid_pre,resid_pre,0.006048811409820438,0.017342029548621105,0.05638510981953202,0.11219907465981196,0.2315757236417218,256,1
step143000,7,line_records,1,2,decision_receiver_accumulation,layers.2.attn_out,attn_out,0.00012500060933344452,0.004048278749747553,0.00899759627107483,0.019551638112044856,0.02440633237307058,256,1
step143000,7,line_records,1,2,decision_receiver_accumulation,layers.2.mlp_out,mlp_out,2.7023335728484264e-05,0.0016871893235256754,0.003748368519351288,0.009193453296424792,0.015070348658339151,256,1
step143000,7,line_records,1,2,coherent_replay_gate,layers.2.resid_pre,resid_pre,2.3611161860175258e-05,0.0009300972118994992,0.003690196436817717,0.00846402657660647,0.01296871280338219,256,1
step143000,7,line_records,1,3,source_span_transmission,layers.3.resid_pre,resid_pre,0.005717472730874671,0.015086423402602503,0.053287703555288335,0.12362955609694734,0.22011563222515532,256,1
step143000,7,line_records,1,3,decision_receiver_accumulation,layers.3.attn_out,attn_out,0.0004249105059162481,0.00034568358751786493,0.014986888750938919,0.036150612267892276,0.05868886126793931,256,1
step143000,7,line_records,1,3,decision_receiver_accumulation,layers.3.mlp_out,mlp_out,0.0002469551082100974,0.0018875790897480353,0.01226233238654558,0.027362244460153118,0.03895808805997241,256,1
step143000,7,line_records,1,3,coherent_replay_gate,layers.3.resid_pre,resid_pre,0.00010805406620927671,0.00374873296183082,0.008366306882716917,0.017216281965098782,0.02557593173164002,256,1
step143000,7,line_records,1,4,source_span_transmission,layers.4.resid_pre,resid_pre,0.004408197245337303,0.010107521831202,0.04349808390188426,0.10570414607993034,0.19068602059274578,256,1
step143000,7,line_records,1,4,decision_receiver_accumulation,layers.4.attn_out,attn_out,0.006509998001546188,0.006096137350093411,0.05432547895325668,0.12098516953555027,0.2448132130928992,256,1
step143000,7,line_records,1,4,decision_receiver_accumulation,layers.4.mlp_out,mlp_out,8.674846399541811e-05,-0.0019630662366805986,0.006725082658615019,0.017640494253502892,0.022326196739918005,256,1
step143000,7,line_records,1,4,coherent_replay_gate,layers.4.resid_pre,resid_pre,0.0007235820381235275,0.004786128777174298,0.019688478797248693,0.04414220096623456,0.07542212983596498,256,1
step143000,7,line_records,1,5,source_span_transmission,layers.5.resid_pre,resid_pre,1.2359855613262616e-05,0.000974704333865665,0.0010539925048840687,0.002815697612400636,0.01676846614257394,256,1
step143000,7,line_records,1,5,decision_receiver_accumulation,layers.5.attn_out,attn_out,0.0005306930130397109,0.005531364585022607,0.01737218501100541,0.03658093265352311,0.06594042527065247,256,1
step143000,7,line_records,1,5,decision_receiver_accumulation,layers.5.mlp_out,mlp_out,0.0021907113674269436,-0.008424508412563259,0.029430913831311866,0.06128672495195289,0.1901997110002971,256,1
step143000,7,line_records,1,5,coherent_replay_gate,layers.5.resid_pre,resid_pre,0.007778997893491785,0.009188409612741661,0.06100408083357117,0.13346188010469268,0.2643246603577669,256,1
step143000,7,prose_facts,2,0,source_span_transmission,layers.0.resid_pre,resid_pre,0.01837534151696331,-0.05856161585046643,0.10367796438263818,0.23642580819592302,0.32690759289191557,256,1
step143000,7,prose_facts,2,0,decision_receiver_accumulation,layers.0.attn_out,attn_out,8.902175514833812e-05,-0.0017157289068415091,0.0057103108339105375,0.018446188528479318,0.02941047730891843,256,1
step143000,7,prose_facts,2,0,decision_receiver_accumulation,layers.0.mlp_out,mlp_out,0.0,0.0,0.0,0.0,0.0,256,1
step143000,7,prose_facts,2,0,coherent_replay_gate,layers.0.resid_pre,resid_pre,0.0,0.0,0.0,0.0,0.0,256,1
step143000,7,prose_facts,2,1,source_span_transmission,layers.1.resid_pre,resid_pre,0.014460162755091568,-0.051753350104819254,0.09167777292955723,0.21642573318410208,0.2945497651197521,256,1
step143000,7,prose_facts,2,1,decision_receiver_accumulation,layers.1.attn_out,attn_out,6.145296786420613e-05,-0.0007455411648309149,0.006196856659349664,0.011986106756688597,0.02045640309084186,256,1
step143000,7,prose_facts,2,1,decision_receiver_accumulation,layers.1.mlp_out,mlp_out,5.637353066877719e-05,-0.0023116655682406274,0.004738955784441589,0.010557776341212036,0.02706617590225505,256,1
step143000,7,prose_facts,2,1,coherent_replay_gate,layers.1.resid_pre,resid_pre,8.902175514833812e-05,-0.0017157289068415091,0.0057103108339105375,0.018446188528479318,0.02941047730891843,256,1
step143000,7,prose_facts,2,2,source_span_transmission,layers.2.resid_pre,resid_pre,0.008230710312803103,-0.04203700505175606,0.07169442147075542,0.15098214102060925,0.21961268303186582,256,1
step143000,7,prose_facts,2,2,decision_receiver_accumulation,layers.2.attn_out,attn_out,0.00013709177339977938,0.0021090324119754592,0.009833613915678822,0.01782173363175827,0.028563758522245623,256,1
step143000,7,prose_facts,2,2,decision_receiver_accumulation,layers.2.mlp_out,mlp_out,0.00013589455326080776,-0.0020802925734020794,0.0073836032629770836,0.017648491700108314,0.042513332686331874,256,1
step143000,7,prose_facts,2,2,coherent_replay_gate,layers.2.resid_pre,resid_pre,8.342696043885126e-05,-0.0025950224322335005,0.0068310917759746865,0.013587853386944543,0.029086918827548606,256,1
step143000,7,prose_facts,2,3,source_span_transmission,layers.3.resid_pre,resid_pre,0.006860254341506219,-0.039760649230931484,0.06390428894471038,0.13396091718869638,0.22171368067058808,256,1
step143000,7,prose_facts,2,3,decision_receiver_accumulation,layers.3.attn_out,attn_out,0.001970330373760406,-0.011107136656954248,0.029347011549563304,0.06990285365890539,0.14103172901809713,256,1
step143000,7,prose_facts,2,3,decision_receiver_accumulation,layers.3.mlp_out,mlp_out,0.00014485657145411055,4.869234646124091e-05,0.008954002021568779,0.01665262907749135,0.04244581254582147,256,1
step143000,7,prose_facts,2,3,coherent_replay_gate,layers.3.resid_pre,resid_pre,0.0002031605212292407,-0.0012726966250179443,0.011096789057371298,0.021884243249291488,0.041799103487936744,256,1
step143000,7,prose_facts,2,4,source_span_transmission,layers.4.resid_pre,resid_pre,0.005340578060947277,-0.03453994053710513,0.05385985399539275,0.13238561650757952,0.17447102696862848,256,1
step143000,7,prose_facts,2,4,decision_receiver_accumulation,layers.4.attn_out,attn_out,0.01066281542840028,-0.03814117303199724,0.07270448857559333,0.1745349263176822,0.2790510720165335,256,1
step143000,7,prose_facts,2,4,decision_receiver_accumulation,layers.4.mlp_out,mlp_out,8.629903172069944e-05,0.001375814822276453,0.007740594019351204,0.014725680540581987,0.02113701034223954,256,1
step143000,7,prose_facts,2,4,coherent_replay_gate,layers.4.resid_pre,resid_pre,0.0019479379989380484,-0.013143261064651477,0.029598968487737208,0.05930282588481811,0.14573014860895686,256,1
step143000,7,prose_facts,2,5,source_span_transmission,layers.5.resid_pre,resid_pre,3.752037883443052e-15,7.005649870799157e-09,9.512481157493849e-09,2.0191253960466504e-08,1.1863583148641301e-07,256,1
step143000,7,prose_facts,2,5,decision_receiver_accumulation,layers.5.attn_out,attn_out,0.0017819288518945173,-0.006115300858964097,0.02976978425545984,0.06728181147114035,0.13428428669041648,256,1
step143000,7,prose_facts,2,5,decision_receiver_accumulation,layers.5.mlp_out,mlp_out,0.004062166334813648,-0.017996757444069145,0.04581016713367833,0.12402618218813753,0.14894629453933253,256,1
step143000,7,prose_facts,2,5,coherent_replay_gate,layers.5.resid_pre,resid_pre,0.014736339895963017,-0.04540336062510643,0.09066067309008392,0.23667055771933151,0.30334971257705434,256,1
step143000,7,bracket_dictionary,3,0,source_span_transmission,layers.0.resid_pre,resid_pre,0.01180939536953884,-0.011901249396135474,0.0835072898072017,0.1924613095112291,0.23906024534369158,256,1
step143000,7,bracket_dictionary,3,0,decision_receiver_accumulation,layers.0.attn_out,attn_out,1.4940142611375951e-05,0.00024068675850395923,0.0024552095775293367,0.005985165571681772,0.015273107164905495,256,1
step143000,7,bracket_dictionary,3,0,decision_receiver_accumulation,layers.0.mlp_out,mlp_out,0.0,0.0,0.0,0.0,0.0,256,1
step143000,7,bracket_dictionary,3,0,coherent_replay_gate,layers.0.resid_pre,resid_pre,0.0,0.0,0.0,0.0,0.0,256,1
step143000,7,bracket_dictionary,3,1,source_span_transmission,layers.1.resid_pre,resid_pre,0.008933049691297709,-0.013829546389391593,0.07346552638757971,0.16167490169250043,0.1995539030637939,256,1
step143000,7,bracket_dictionary,3,1,decision_receiver_accumulation,layers.1.attn_out,attn_out,0.00013337692318579836,0.0006851865356106759,0.009169255511041412,0.018295725260842742,0.03411206062206029,256,1
step143000,7,bracket_dictionary,3,1,decision_receiver_accumulation,layers.1.mlp_out,mlp_out,1.71694375346219e-05,0.00011703547200625237,0.0027645049520044675,0.005412449579284405,0.014198190527493902,256,1
step143000,7,bracket_dictionary,3,1,coherent_replay_gate,layers.1.resid_pre,resid_pre,1.4940142611375951e-05,0.00024068675850395923,0.0024552095775293367,0.005985165571681772,0.015273107164905495,256,1
step143000,7,bracket_dictionary,3,2,source_span_transmission,layers.2.resid_pre,resid_pre,0.006242165634583975,-0.015927353686020423,0.05730891308193792,0.13598787646857297,0.23198490747981265,256,1
step143000,7,bracket_dictionary,3,2,decision_receiver_accumulation,layers.2.attn_out,attn_out,0.00015447547317384475,1.3434697048402607e-05,0.010378375554877408,0.01894000297303896,0.02829438174579831,256,1
step143000,7,bracket_dictionary,3,2,decision_receiver_accumulation,layers.2.mlp_out,mlp_out,0.00014208522345780488,0.0014447834650260585,0.009475629466893589,0.020529315020415217,0.03146726998881664,256,1
step143000,7,bracket_dictionary,3,2,coherent_replay_gate,layers.2.resid_pre,resid_pre,0.00015165498704655458,0.000765878698184478,0.009735608818824956,0.021140430972860252,0.030392312891196545,256,1
step143000,7,bracket_dictionary,3,3,source_span_transmission,layers.3.resid_pre,resid_pre,0.007101084045375233,-0.020880040434755342,0.0666934802372823,0.1509117657757052,0.19836565854562402,256,1
step143000,7,bracket_dictionary,3,3,decision_receiver_accumulation,layers.3.attn_out,attn_out,0.0019875347559743625,-0.010228883067162067,0.03254555336792102,0.07312819097436224,0.13681306850598962,256,1
step143000,7,bracket_dictionary,3,3,decision_receiver_accumulation,layers.3.mlp_out,mlp_out,0.0003777170446523532,-0.00017417757786305534,0.01628057350826923,0.032406499239230946,0.04994355237760911,256,1
step143000,7,bracket_dictionary,3,3,coherent_replay_gate,layers.3.resid_pre,resid_pre,0.0005079343988957791,0.0003590396782303948,0.01756333860792844,0.036715036367685666,0.07258581136289273,256,1
step143000,7,bracket_dictionary,3,4,source_span_transmission,layers.4.resid_pre,resid_pre,0.005896822980627376,-0.017201279994163605,0.059690619459024825,0.12602116634800037,0.19442188510272332,256,1
step143000,7,bracket_dictionary,3,4,decision_receiver_accumulation,layers.4.attn_out,attn_out,0.005990031473695668,-0.014854710207909131,0.05902017448850064,0.11864789175755946,0.21081048452293732,256,1
step143000,7,bracket_dictionary,3,4,decision_receiver_accumulation,layers.4.mlp_out,mlp_out,0.0005420821100842068,-0.002990717644120046,0.018387250249184244,0.04202434592594445,0.05474268464751413,256,1
step143000,7,bracket_dictionary,3,4,coherent_replay_gate,layers.4.resid_pre,resid_pre,0.0029924025568530428,-0.010221714843466193,0.04123993850440181,0.08914525685847605,0.15891775378965645,256,1
step143000,7,bracket_dictionary,3,5,source_span_transmission,layers.5.resid_pre,resid_pre,7.2290505551498e-05,-0.0020530731235220124,0.0021868570447687147,0.000149683055315597,0.03562151677798064,256,1
step143000,7,bracket_dictionary,3,5,decision_receiver_accumulation,layers.5.attn_out,attn_out,0.002630610268628316,-0.005331253754840495,0.03612443223453522,0.08468943576665824,0.15601576546928259,256,1
step143000,7,bracket_dictionary,3,5,decision_receiver_accumulation,layers.5.mlp_out,mlp_out,0.0049773514333117976,0.004460847524430301,0.06006412702893106,0.11633042437054011,0.1467485410680213,256,1
step143000,7,bracket_dictionary,3,5,coherent_replay_gate,layers.5.resid_pre,resid_pre,0.009385694769154136,-0.017861472662958757,0.07730983100479286,0.15845830971131647,0.23507398983155522,256,1
