attention.key_selectivity_mean,attention.l0.h0.distractor_total_mass_mean,attention.l0.h0.mean_distractor_mass_mean,attention.l0.h0.self_mass_mean,attention.l0.h0.self_over_mean_distractor_log_margin_mean,attention.l0.h0.target_mass_mean,attention.l0.h0.target_over_mean_distractor_log_margin_mean,attention.l0.h0.target_over_self_log_margin_mean,attention.l0.h1.distractor_total_mass_mean,attention.l0.h1.mean_distractor_mass_mean,attention.l0.h1.self_mass_mean,attention.l0.h1.self_over_mean_distractor_log_margin_mean,attention.l0.h1.target_mass_mean,attention.l0.h1.target_over_mean_distractor_log_margin_mean,attention.l0.h1.target_over_self_log_margin_mean,attention.l0.h2.distractor_total_mass_mean,attention.l0.h2.mean_distractor_mass_mean,attention.l0.h2.self_mass_mean,attention.l0.h2.self_over_mean_distractor_log_margin_mean,attention.l0.h2.target_mass_mean,attention.l0.h2.target_over_mean_distractor_log_margin_mean,attention.l0.h2.target_over_self_log_margin_mean,attention.l0.h3.distractor_total_mass_mean,attention.l0.h3.mean_distractor_mass_mean,attention.l0.h3.self_mass_mean,attention.l0.h3.self_over_mean_distractor_log_margin_mean,attention.l0.h3.target_mass_mean,attention.l0.h3.target_over_mean_distractor_log_margin_mean,attention.l0.h3.target_over_self_log_margin_mean,attention.l1.h0.distractor_total_mass_mean,attention.l1.h0.mean_distractor_mass_mean,attention.l1.h0.self_mass_mean,attention.l1.h0.self_over_mean_distractor_log_margin_mean,attention.l1.h0.target_mass_mean,attention.l1.h0.target_over_mean_distractor_log_margin_mean,attention.l1.h0.target_over_self_log_margin_mean,attention.l1.h1.distractor_total_mass_mean,attention.l1.h1.mean_distractor_mass_mean,attention.l1.h1.self_mass_mean,attention.l1.h1.self_over_mean_distractor_log_margin_mean,attention.l1.h1.target_mass_mean,attention.l1.h1.target_over_mean_distractor_log_margin_mean,attention.l1.h1.target_over_self_log_margin_mean,attention.l1.h2.distractor_total_mass_mean,attention.l1.h2.mean_distractor_mass_mean,attention.l1.h2.self_mass_mean,attention.l1.h2.self_over_mean_distractor_log_margin_mean,attention.l1.h2.target_mass_mean,attention.l1.h2.target_over_mean_distractor_log_margin_mean,attention.l1.h2.target_over_self_log_margin_mean,attention.l1.h3.distractor_total_mass_mean,attention.l1.h3.mean_distractor_mass_mean,attention.l1.h3.self_mass_mean,attention.l1.h3.self_over_mean_distractor_log_margin_mean,attention.l1.h3.target_mass_mean,attention.l1.h3.target_over_mean_distractor_log_margin_mean,attention.l1.h3.target_over_self_log_margin_mean,batch_size,causal.target_key_delta_mse,causal.target_key_effect,causal.value_flip_effect,cell_id,cell_index,config_hash,d_model,embedding.coherence,embedding.effective_rank,embedding.feature_dimensionality_mean,embedding.feature_dimensionality_sum,embedding.gram_offdiag_rms,embedding.welch_bound,evaluation_batch_size,evaluation_contract_hash,evaluation_seed,evaluation_seed_offset,ffn.l0.applicable,ffn.l0.branch_energy_mean,ffn.l0.branch_signed_mean,ffn.l0.cancellation_fraction_mean,ffn.l0.opposite_sign_fraction,ffn.l0.skip_energy_mean,ffn.l0.skip_signed_mean,ffn.l0.total_energy_mean,ffn.l0.total_signed_mean,ffn.l1.applicable,ffn.l1.branch_energy_mean,ffn.l1.branch_signed_mean,ffn.l1.cancellation_fraction_mean,ffn.l1.opposite_sign_fraction,ffn.l1.skip_energy_mean,ffn.l1.skip_signed_mean,ffn.l1.total_energy_mean,ffn.l1.total_signed_mean,ffn_width,function.base_accuracy,function.base_mse,function.donor_accuracy,function.donor_mse,learning_rate,mechanism_schema_version,memory_size,momentum,num_concepts,num_heads,num_layers,optimizer,ov.l0.h0.distractor_gain_mean,ov.l0.h0.log_target_over_distractor_gain_mean,ov.l0.h0.target_gain_mean,ov.l0.h1.distractor_gain_mean,ov.l0.h1.log_target_over_distractor_gain_mean,ov.l0.h1.target_gain_mean,ov.l0.h2.distractor_gain_mean,ov.l0.h2.log_target_over_distractor_gain_mean,ov.l0.h2.target_gain_mean,ov.l0.h3.distractor_gain_mean,ov.l0.h3.log_target_over_distractor_gain_mean,ov.l0.h3.target_gain_mean,ov.l1.h0.distractor_gain_mean,ov.l1.h0.log_target_over_distractor_gain_mean,ov.l1.h0.target_gain_mean,ov.l1.h1.distractor_gain_mean,ov.l1.h1.log_target_over_distractor_gain_mean,ov.l1.h1.target_gain_mean,ov.l1.h2.distractor_gain_mean,ov.l1.h2.log_target_over_distractor_gain_mean,ov.l1.h2.target_gain_mean,ov.l1.h3.distractor_gain_mean,ov.l1.h3.log_target_over_distractor_gain_mean,ov.l1.h3.target_gain_mean,qk.l0.h0.cancellation_fraction_mean,qk.l0.h0.content_energy_mean,qk.l0.h0.content_signed_mean,qk.l0.h0.opposite_sign_fraction,qk.l0.h0.route_signed_mean,qk.l0.h0.suppression_log_ratio_mean,qk.l0.h0.total_signed_mean,qk.l0.h1.cancellation_fraction_mean,qk.l0.h1.content_energy_mean,qk.l0.h1.content_signed_mean,qk.l0.h1.opposite_sign_fraction,qk.l0.h1.route_signed_mean,qk.l0.h1.suppression_log_ratio_mean,qk.l0.h1.total_signed_mean,qk.l0.h2.cancellation_fraction_mean,qk.l0.h2.content_energy_mean,qk.l0.h2.content_signed_mean,qk.l0.h2.opposite_sign_fraction,qk.l0.h2.route_signed_mean,qk.l0.h2.suppression_log_ratio_mean,qk.l0.h2.total_signed_mean,qk.l0.h3.cancellation_fraction_mean,qk.l0.h3.content_energy_mean,qk.l0.h3.content_signed_mean,qk.l0.h3.opposite_sign_fraction,qk.l0.h3.route_signed_mean,qk.l0.h3.suppression_log_ratio_mean,qk.l0.h3.total_signed_mean,qk.l1.h0.cancellation_fraction_mean,qk.l1.h0.content_energy_mean,qk.l1.h0.content_signed_mean,qk.l1.h0.opposite_sign_fraction,qk.l1.h0.route_signed_mean,qk.l1.h0.suppression_log_ratio_mean,qk.l1.h0.total_signed_mean,qk.l1.h1.cancellation_fraction_mean,qk.l1.h1.content_energy_mean,qk.l1.h1.content_signed_mean,qk.l1.h1.opposite_sign_fraction,qk.l1.h1.route_signed_mean,qk.l1.h1.suppression_log_ratio_mean,qk.l1.h1.total_signed_mean,qk.l1.h2.cancellation_fraction_mean,qk.l1.h2.content_energy_mean,qk.l1.h2.content_signed_mean,qk.l1.h2.opposite_sign_fraction,qk.l1.h2.route_signed_mean,qk.l1.h2.suppression_log_ratio_mean,qk.l1.h2.total_signed_mean,qk.l1.h3.cancellation_fraction_mean,qk.l1.h3.content_energy_mean,qk.l1.h3.content_signed_mean,qk.l1.h3.opposite_sign_fraction,qk.l1.h3.route_signed_mean,qk.l1.h3.suppression_log_ratio_mean,qk.l1.h3.total_signed_mean,representation.input_embeddings.global_offdiagonal_token_cosine_mean,representation.input_embeddings.query_distractor_cosine_mean,representation.input_embeddings.query_target_cosine_mean,representation.input_embeddings.query_target_minus_distractor_cosine_mean,representation.input_embeddings.token_covariance_participation_rank_mean,representation.l0.post_attention_residual.global_offdiagonal_token_cosine_mean,representation.l0.post_attention_residual.query_distractor_cosine_mean,representation.l0.post_attention_residual.query_target_cosine_mean,representation.l0.post_attention_residual.query_target_minus_distractor_cosine_mean,representation.l0.post_attention_residual.token_covariance_participation_rank_mean,representation.l0.post_ffn_residual.global_offdiagonal_token_cosine_mean,representation.l0.post_ffn_residual.query_distractor_cosine_mean,representation.l0.post_ffn_residual.query_target_cosine_mean,representation.l0.post_ffn_residual.query_target_minus_distractor_cosine_mean,representation.l0.post_ffn_residual.token_covariance_participation_rank_mean,representation.l1.post_attention_residual.global_offdiagonal_token_cosine_mean,representation.l1.post_attention_residual.query_distractor_cosine_mean,representation.l1.post_attention_residual.query_target_cosine_mean,representation.l1.post_attention_residual.query_target_minus_distractor_cosine_mean,representation.l1.post_attention_residual.token_covariance_participation_rank_mean,representation.l1.post_ffn_residual.global_offdiagonal_token_cosine_mean,representation.l1.post_ffn_residual.query_distractor_cosine_mean,representation.l1.post_ffn_residual.query_target_cosine_mean,representation.l1.post_ffn_residual.query_target_minus_distractor_cosine_mean,representation.l1.post_ffn_residual.token_covariance_participation_rank_mean,schema_version,seed,snapshot_path,step,steps,study_config_hash,study_id,swap.mean_absolute_crosstalk,swap.mean_squared_crosstalk,swap_seed,walsh.bias_energy_mean,walsh.direct_mse_mean,walsh.distractor_direct_energy_mean,walsh.distractor_only_interaction_energy_mean,walsh.interaction_energy_mean,walsh.parseval_gap_max,walsh.parseval_mse_mean,walsh.target_direct_coefficient_mean,walsh.target_direct_error_energy_mean,walsh.target_interaction_energy_mean,walsh.total_error_energy_mean,weight_decay
0.42902451753616333,0.0511079877614975,0.017035996541380882,0.25252795219421387,3.505213499069214,0.6963640451431274,4.756320476531982,1.2511069774627686,,,,,,,,,,,,,,,,,,,,,,0.1219819113612175,0.040660638362169266,0.6586364507675171,3.776927947998047,0.2193816602230072,2.0861082077026367,-1.6908197402954102,,,,,,,,,,,,,,,,,,,,,,512,1.805145502090454,0.9683710932731628,1.0016130208969116,cell-000-b7a02ed77d52,0,b7a02ed77d52976b9ede76f9950793ae21516739e563a47e8d6ff588b564fac0,8,0.8206034302711487,3.144893169403076,0.41625553369522095,3.3300442695617676,0.429185688495636,0.0,2048,6462c87c5c2aa5cb0dcd6afe9c4a0fab1a45d764f9166f84c6184af6723f1b0e,910000,910000,False,,,,,,,,,False,,,,,,,,,,1.0,0.0005551762296818197,1.0,0.0005385251715779305,0.003,seed-mechanisms-v2,4,0.0,8,1,2,adamw,1.1164557933807373,0.7365922331809998,2.2882137298583984,,,,,,,,,,1.2199949026107788,-0.14069929718971252,1.0975040197372437,,,,,,,,,,0.3242584466934204,0.00016935997700784355,3.423430462135002e-05,0.66015625,7.605439168401062e-05,-1.4301869869232178,0.00011028876178897917,,,,,,,,,,,,,,,,,,,,,,0.3419484496116638,0.000678881595376879,-0.00032811862183734775,0.62109375,-0.00012749663437716663,-0.11320537328720093,-0.00045561534352600574,,,,,,,,,,,,,,,,,,,,,,0.13741327822208405,-0.07431316375732422,0.5228117108345032,0.5971248745918274,2.3615517616271973,0.23843106627464294,0.06941269338130951,0.7449455261230469,0.6755328178405762,1.688457727432251,0.23843106627464294,0.06941269338130951,0.7449455261230469,0.6755328178405762,1.688457727432251,0.3170284628868103,0.13976137340068817,0.7309896945953369,0.5912283658981323,1.4705607891082764,0.3170284628868103,0.13976137340068817,0.7309896945953369,0.5912283658981323,1.4705607891082764,snapshot-mechanisms-v1,0,seeds/cell-000-b7a02ed77d52/seed-0/snapshots/step-000800.pt,800,800,7097b902cc3f3a43380d0b66433b0a90ecf3915af0cdb913b8b407b76daf38af,scaling-tuned-adamw-10seeds-v1,0.013795402832329273,0.00042324181413277984,910001,0.00016355194384232163,0.000565822294447571,0.00015782221453264356,8.985117347037885e-06,0.00011626308696577325,7.450580596923828e-09,0.000565822294447571,1.0016653537750244,0.00012818502727895975,0.00010727797052823007,0.000565822294447571,0.0
0.4394620954990387,0.0674850195646286,0.022495005279779434,0.49713581800460815,3.682293176651001,0.43537917733192444,3.4096670150756836,-0.2726261615753174,,,,,,,,,,,,,,,,,,,,,,0.13346725702285767,0.04448908567428589,0.35600364208221436,3.100402593612671,0.510529100894928,3.524454116821289,0.42405155301094055,,,,,,,,,,,,,,,,,,,,,,512,1.8074949979782104,0.9893585443496704,1.0004273653030396,cell-000-b7a02ed77d52,0,b7a02ed77d52976b9ede76f9950793ae21516739e563a47e8d6ff588b564fac0,8,0.7744725942611694,3.8341257572174072,0.5013891458511353,4.011113166809082,0.3855977952480316,0.0,2048,6462c87c5c2aa5cb0dcd6afe9c4a0fab1a45d764f9166f84c6184af6723f1b0e,910002,910000,False,,,,,,,,,False,,,,,,,,,,1.0,0.00040429792716167867,1.0,0.0004116511554457247,0.003,seed-mechanisms-v2,4,0.0,8,1,2,adamw,0.8999748229980469,0.4610130190849304,1.2714972496032715,,,,,,,,,,1.0859785079956055,0.8493983745574951,2.3591253757476807,,,,,,,,,,0.2933623790740967,9.54977294895798e-05,-0.000269195792498067,0.59912109375,0.00086868746438995,-1.5746097564697266,0.0005994917009957135,,,,,,,,,,,,,,,,,,,,,,0.25088346004486084,0.00034162128577008843,0.0002052017953246832,0.51318359375,0.0005425573326647282,-0.659951388835907,0.0007477591279894114,,,,,,,,,,,,,,,,,,,,,,0.17542484402656555,0.057321272790431976,0.6241599321365356,0.5668386220932007,2.3495354652404785,0.08429238945245743,-0.05817977711558342,0.6429108381271362,0.7010906934738159,2.040956735610962,0.08429238945245743,-0.05817977711558342,0.6429108381271362,0.7010906934738159,2.040956735610962,0.13011375069618225,0.03384033590555191,0.9088374376296997,0.8749971389770508,1.3335814476013184,0.13011375069618225,0.03384033590555191,0.9088374376296997,0.8749971389770508,1.3335814476013184,snapshot-mechanisms-v1,1,seeds/cell-000-b7a02ed77d52/seed-1/snapshots/step-000800.pt,800,800,7097b902cc3f3a43380d0b66433b0a90ecf3915af0cdb913b8b407b76daf38af,scaling-tuned-adamw-10seeds-v1,0.009906167164444923,0.0002698912285268307,910003,8.158855780493468e-05,0.00040066754445433617,0.00012811280612368137,4.882496796199121e-06,0.00010152599134016782,5.6461431086063385e-09,0.00040066754445433617,1.000380277633667,8.944018190959468e-05,9.664350363891572e-05,0.00040066754445433617,0.0
0.4102381467819214,0.08843066543340683,0.029476888477802277,0.7561684846878052,4.220334053039551,0.1554008424282074,1.6491788625717163,-2.5711557865142822,,,,,,,,,,,,,,,,,,,,,,0.0521574392914772,0.0173858143389225,0.23590442538261414,3.821237087249756,0.7119381427764893,5.436594009399414,1.6153570413589478,,,,,,,,,,,,,,,,,,,,,,512,1.653557300567627,0.980542778968811,1.001269817352295,cell-000-b7a02ed77d52,0,b7a02ed77d52976b9ede76f9950793ae21516739e563a47e8d6ff588b564fac0,8,0.7838642597198486,3.3267390727996826,0.43329429626464844,3.4663543701171875,0.42857012152671814,0.0,2048,6462c87c5c2aa5cb0dcd6afe9c4a0fab1a45d764f9166f84c6184af6723f1b0e,910004,910000,False,,,,,,,,,False,,,,,,,,,,1.0,0.0004784690390806645,1.0,0.0005008621956221759,0.003,seed-mechanisms-v2,4,0.0,8,1,2,adamw,0.6930432319641113,-0.5163148045539856,0.39859575033187866,,,,,,,,,,1.1747446060180664,1.3276894092559814,4.098799228668213,,,,,,,,,,0.35899874567985535,0.000212872342672199,-0.00022978258493822068,0.66796875,-0.00022588789579458535,-0.7731581926345825,-0.00045567043707706034,,,,,,,,,,,,,,,,,,,,,,0.2418844848871231,5.898620293010026e-05,-0.0002558862906880677,0.51416015625,0.0003245063708163798,-1.8184081315994263,6.862010923214257e-05,,,,,,,,,,,,,,,,,,,,,,0.14979630708694458,0.05798561871051788,0.4747917950153351,0.4168062210083008,2.1166393756866455,0.04816103354096413,-0.06835697591304779,0.6108216047286987,0.6791785359382629,2.15682315826416,0.04816103354096413,-0.06835697591304779,0.6108216047286987,0.6791785359382629,2.15682315826416,0.16469518840312958,0.051305413246154785,0.8607577085494995,0.8094522953033447,1.3141396045684814,0.16469518840312958,0.051305413246154785,0.8607577085494995,0.8094522953033447,1.3141396045684814,snapshot-mechanisms-v1,2,seeds/cell-000-b7a02ed77d52/seed-2/snapshots/step-000800.pt,800,800,7097b902cc3f3a43380d0b66433b0a90ecf3915af0cdb913b8b407b76daf38af,scaling-tuned-adamw-10seeds-v1,0.009767843410372734,0.00023810415586922318,910005,9.411634528078139e-05,0.00046080147149041295,0.00016487817629240453,3.0620929010183318e-06,5.91297575738281e-05,8.556526154279709e-09,0.00046080147149041295,1.0012102127075195,0.0001426771777914837,5.60676671739202e-05,0.00046080147149041295,0.0
0.3701537847518921,0.24417927861213684,0.08139309287071228,0.5885933637619019,2.4881041049957275,0.16722741723060608,1.1113547086715698,-1.3767493963241577,,,,,,,,,,,,,,,,,,,,,,0.0268184095621109,0.008939470164477825,0.30976879596710205,4.084285259246826,0.6634127497673035,5.315628528594971,1.231344223022461,,,,,,,,,,,,,,,,,,,,,,512,1.906192421913147,0.9999672770500183,0.9992997646331787,cell-000-b7a02ed77d52,0,b7a02ed77d52976b9ede76f9950793ae21516739e563a47e8d6ff588b564fac0,8,0.6436929106712341,4.0302629470825195,0.5211721062660217,4.169376850128174,0.36970749497413635,0.0,2048,6462c87c5c2aa5cb0dcd6afe9c4a0fab1a45d764f9166f84c6184af6723f1b0e,910006,910000,False,,,,,,,,,False,,,,,,,,,,1.0,0.00036675544106401503,1.0,0.00037883364711888134,0.003,seed-mechanisms-v2,4,0.0,8,1,2,adamw,0.5166499614715576,0.27022385597229004,0.648968517780304,,,,,,,,,,0.8903635740280151,1.4019579887390137,3.421295166015625,,,,,,,,,,0.30036649107933044,0.00016242676065303385,0.0002673691196832806,0.61328125,0.00039058923721313477,-0.9481823444366455,0.0006579583277925849,,,,,,,,,,,,,,,,,,,,,,0.25893038511276245,0.0001764390035532415,0.0006726487772539258,0.52978515625,-4.407274900586344e-05,-1.2122187614440918,0.0006285760318860412,,,,,,,,,,,,,,,,,,,,,,0.14469632506370544,0.07754912972450256,0.503581166267395,0.42603200674057007,2.3651771545410156,0.053564589470624924,-0.05962078645825386,0.5701519846916199,0.6297727823257446,2.3489034175872803,0.053564589470624924,-0.05962078645825386,0.5701519846916199,0.6297727823257446,2.3489034175872803,0.1281331330537796,0.01853175461292267,0.9051504135131836,0.8866186738014221,1.2432701587677002,0.1281331330537796,0.01853175461292267,0.9051504135131836,0.8866186738014221,1.2432701587677002,snapshot-mechanisms-v1,3,seeds/cell-000-b7a02ed77d52/seed-3/snapshots/step-000800.pt,800,800,7097b902cc3f3a43380d0b66433b0a90ecf3915af0cdb913b8b407b76daf38af,scaling-tuned-adamw-10seeds-v1,0.009683117270469666,0.00023669644724577665,910007,0.00015780626563355327,0.0003702857648022473,6.353873322950676e-05,4.285034265194554e-06,6.525158096337691e-05,5.587935447692871e-09,0.0003702857648022473,0.9993794560432434,8.368917769985273e-05,6.096654760767706e-05,0.0003702857648022473,0.0
0.18571236729621887,0.05333613604307175,0.017778713256120682,0.5693713426589966,4.871800422668457,0.3772925138473511,4.08790397644043,-0.7838965654373169,,,,,,,,,,,,,,,,,,,,,,0.23773860931396484,0.07924620807170868,0.6711042523384094,3.273463726043701,0.09115713834762573,0.22193700075149536,-3.0515267848968506,,,,,,,,,,,,,,,,,,,,,,512,2.1896650791168213,1.0113407373428345,0.9978349208831787,cell-000-b7a02ed77d52,0,b7a02ed77d52976b9ede76f9950793ae21516739e563a47e8d6ff588b564fac0,8,0.8734279870986938,2.8542280197143555,0.37190866470336914,2.975269317626953,0.4904705286026001,0.0,2048,6462c87c5c2aa5cb0dcd6afe9c4a0fab1a45d764f9166f84c6184af6723f1b0e,910008,910000,False,,,,,,,,,False,,,,,,,,,,1.0,0.000560075743123889,1.0,0.0005273764254525304,0.003,seed-mechanisms-v2,4,0.0,8,1,2,adamw,0.8433229923248291,0.8028526306152344,1.7851834297180176,,,,,,,,,,0.9567826986312866,0.27223747968673706,1.2261543273925781,,,,,,,,,,0.206545889377594,0.0005953796789981425,-0.0004575783386826515,0.51708984375,0.004705091938376427,-2.492654323577881,0.004247513599693775,,,,,,,,,,,,,,,,,,,,,,0.22917300462722778,0.0018222174840047956,-0.0006814468652009964,0.54248046875,0.005328653380274773,-0.6896483898162842,0.0046472069807350636,,,,,,,,,,,,,,,,,,,,,,0.08431526273488998,-0.31518352031707764,0.1709652692079544,0.48614880442619324,2.5771851539611816,0.3228066563606262,-0.2597532868385315,0.05501497909426689,0.3147682845592499,1.8627756834030151,0.3228066563606262,-0.2597532868385315,0.05501497909426689,0.3147682845592499,1.8627756834030151,0.4847838878631592,0.07948745042085648,0.2831087112426758,0.2036212682723999,1.8283913135528564,0.4847838878631592,0.07948745042085648,0.2831087112426758,0.2036212682723999,1.8283913135528564,snapshot-mechanisms-v1,4,seeds/cell-000-b7a02ed77d52/seed-4/snapshots/step-000800.pt,800,800,7097b902cc3f3a43380d0b66433b0a90ecf3915af0cdb913b8b407b76daf38af,scaling-tuned-adamw-10seeds-v1,0.01339733973145485,0.00046189306885935366,910009,0.00016464390500914305,0.0005355867324396968,0.00011823771637864411,1.352778053842485e-05,0.00016826475621201098,6.28642737865448e-09,0.0005355867324396968,0.9980225563049316,8.444036211585626e-05,0.0001547369611216709,0.0005355867324396968,0.0
0.4622601866722107,0.28780514001846313,0.09593504667282104,0.45529302954673767,1.9206018447875977,0.2569018602371216,1.142698884010315,-0.7779029011726379,,,,,,,,,,,,,,,,,,,,,,0.04265465587377548,0.014218220487236977,0.17957353591918945,3.0953545570373535,0.7777718305587769,4.831136703491211,1.7357815504074097,,,,,,,,,,,,,,,,,,,,,,512,1.3158968687057495,0.9715958833694458,0.9995555877685547,cell-000-b7a02ed77d52,0,b7a02ed77d52976b9ede76f9950793ae21516739e563a47e8d6ff588b564fac0,8,0.7929075956344604,3.352116107940674,0.4873824119567871,3.899059295654297,0.4120858609676361,0.0,2048,6462c87c5c2aa5cb0dcd6afe9c4a0fab1a45d764f9166f84c6184af6723f1b0e,910010,910000,False,,,,,,,,,False,,,,,,,,,,1.0,0.00030431419145315886,1.0,0.0003180140338372439,0.003,seed-mechanisms-v2,4,0.0,8,1,2,adamw,0.45458513498306274,-0.16825854778289795,0.3559923470020294,,,,,,,,,,0.7043570280075073,1.5430471897125244,3.0703272819519043,,,,,,,,,,0.29835695028305054,0.00010980617662426084,4.2837644286919385e-05,0.55078125,4.813019768334925e-05,-0.44320881366729736,9.096779103856534e-05,,,,,,,,,,,,,,,,,,,,,,0.3340843617916107,0.0002497348468750715,-0.0008079716935753822,0.60888671875,0.0005787719273939729,-0.673743486404419,-0.000229199678869918,,,,,,,,,,,,,,,,,,,,,,0.3028644919395447,0.11510562896728516,0.5477350950241089,0.43262940645217896,2.375910520553589,0.08141182363033295,-0.058580972254276276,0.5099620819091797,0.5685430765151978,2.294919490814209,0.08141182363033295,-0.058580972254276276,0.5099620819091797,0.5685430765151978,2.294919490814209,0.15129169821739197,0.04902520030736923,0.8617768287658691,0.8127516508102417,1.3277535438537598,0.15129169821739197,0.04902520030736923,0.8617768287658691,0.8127516508102417,1.3277535438537598,snapshot-mechanisms-v1,5,seeds/cell-000-b7a02ed77d52/seed-5/snapshots/step-000800.pt,800,800,7097b902cc3f3a43380d0b66433b0a90ecf3915af0cdb913b8b407b76daf38af,scaling-tuned-adamw-10seeds-v1,0.010238943621516228,0.00023518671514466405,910011,9.071906242752448e-05,0.0003061736933887005,5.472664997796528e-05,3.5296170608489774e-06,6.82340978528373e-05,5.0640664994716644e-09,0.0003061736933887005,0.9996042251586914,9.249387949239463e-05,6.470447988249362e-05,0.0003061736933887005,0.0
0.34846407175064087,0.40930575132369995,0.13643525540828705,0.3295193314552307,0.8174052238464355,0.26117491722106934,0.592146635055542,-0.22525861859321594,,,,,,,,,,,,,,,,,,,,,,0.06543174386024475,0.021810581907629967,0.34056925773620605,2.846515417098999,0.5939990282058716,3.6643617153167725,0.8178460597991943,,,,,,,,,,,,,,,,,,,,,,512,1.6690680980682373,0.9906634092330933,0.9988977313041687,cell-000-b7a02ed77d52,0,b7a02ed77d52976b9ede76f9950793ae21516739e563a47e8d6ff588b564fac0,8,0.7226185202598572,3.915465831756592,0.5104931592941284,4.083945274353027,0.36239737272262573,0.0,2048,6462c87c5c2aa5cb0dcd6afe9c4a0fab1a45d764f9166f84c6184af6723f1b0e,910012,910000,False,,,,,,,,,False,,,,,,,,,,1.0,0.0009786478476598859,1.0,0.0009532449766993523,0.003,seed-mechanisms-v2,4,0.0,8,1,2,adamw,0.38056179881095886,-0.024526085704565048,0.361225426197052,,,,,,,,,,0.9621976613998413,1.4132726192474365,3.8396952152252197,,,,,,,,,,0.2577584385871887,0.0002457643859088421,-0.000182195013621822,0.53955078125,3.2517273211851716e-05,-0.18121016025543213,-0.00014967774040997028,,,,,,,,,,,,,,,,,,,,,,0.2525962293148041,0.0002091054047923535,-0.00013192452024668455,0.51025390625,-0.00047871170681901276,-1.3068344593048096,-0.0006106361979618669,,,,,,,,,,,,,,,,,,,,,,0.2503626048564911,0.16567927598953247,0.5686551332473755,0.40297579765319824,2.171078681945801,0.15318673849105835,0.13467690348625183,0.532382607460022,0.397705614566803,2.0714495182037354,0.15318673849105835,0.13467690348625183,0.532382607460022,0.397705614566803,2.0714495182037354,0.13566693663597107,0.040457289665937424,0.9227602481842041,0.88230299949646,1.1761424541473389,0.13566693663597107,0.040457289665937424,0.9227602481842041,0.88230299949646,1.1761424541473389,snapshot-mechanisms-v1,6,seeds/cell-000-b7a02ed77d52/seed-6/snapshots/step-000800.pt,800,800,7097b902cc3f3a43380d0b66433b0a90ecf3915af0cdb913b8b407b76daf38af,scaling-tuned-adamw-10seeds-v1,0.014675803482532501,0.00045492168283089995,910013,0.0002835468912962824,0.0009450566722080112,0.0002506976597942412,1.5995537978596985e-05,0.00020499102538451552,1.2456439435482025e-08,0.0009450566140003502,0.9992788434028625,0.00020582102297339588,0.00018899550195783377,0.0009450566722080112,0.0
0.40452098846435547,0.10141083598136902,0.03380361199378967,0.25915494561195374,2.687013626098633,0.6394342184066772,3.7374913692474365,1.0504777431488037,,,,,,,,,,,,,,,,,,,,,,0.2514446973800659,0.08381490409374237,0.46132898330688477,2.7400498390197754,0.28722625970840454,2.1679086685180664,-0.5721414089202881,,,,,,,,,,,,,,,,,,,,,,512,1.9034771919250488,0.9833080768585205,0.9995067119598389,cell-000-b7a02ed77d52,0,b7a02ed77d52976b9ede76f9950793ae21516739e563a47e8d6ff588b564fac0,8,0.8755658864974976,2.6326301097869873,0.3620949387550354,2.896759510040283,0.47844457626342773,0.0,2048,6462c87c5c2aa5cb0dcd6afe9c4a0fab1a45d764f9166f84c6184af6723f1b0e,910014,910000,False,,,,,,,,,False,,,,,,,,,,1.0,0.00011898580123670399,1.0,0.00012045209587085992,0.003,seed-mechanisms-v2,4,0.0,8,1,2,adamw,0.6581951379776001,1.4170405864715576,2.638420343399048,,,,,,,,,,1.0488317012786865,1.148163080215454,3.088754177093506,,,,,,,,,,0.26931267976760864,4.6829241000523325e-06,-2.7932899683946744e-05,0.5341796875,0.0001490240974817425,-1.2867827415466309,0.00012109120143577456,,,,,,,,,,,,,,,,,,,,,,0.2375207096338272,4.092943709110841e-05,-0.0002415187773294747,0.49169921875,2.522370414226316e-05,-0.353562593460083,-0.00021629508410114795,,,,,,,,,,,,,,,,,,,,,,0.011014441028237343,-0.18670672178268433,0.3668648600578308,0.5535715818405151,2.551224708557129,0.12388502061367035,0.018517229706048965,0.8657547235488892,0.8472374677658081,1.3995945453643799,0.12388502061367035,0.018517229706048965,0.8657547235488892,0.8472374677658081,1.3995945453643799,0.12485066056251526,0.0171157568693161,0.9426263570785522,0.9255106449127197,1.2139372825622559,0.12485066056251526,0.0171157568693161,0.9426263570785522,0.9255106449127197,1.2139372825622559,snapshot-mechanisms-v1,7,seeds/cell-000-b7a02ed77d52/seed-7/snapshots/step-000800.pt,800,800,7097b902cc3f3a43380d0b66433b0a90ecf3915af0cdb913b8b407b76daf38af,scaling-tuned-adamw-10seeds-v1,0.004173543304204941,4.014161095255986e-05,910015,2.7769379812525585e-05,0.00011542536958586425,2.5200242816936225e-05,3.430640617807512e-06,4.147235449636355e-05,2.2992026060819626e-09,0.00011542536230990663,0.999492883682251,2.098338882206008e-05,3.804171137744561e-05,0.00011542536230990663,0.0
0.4278028905391693,0.09508652985095978,0.03169550746679306,0.3161526620388031,2.6235909461975098,0.5887607932090759,3.341214179992676,0.7176231145858765,,,,,,,,,,,,,,,,,,,,,,0.20077568292617798,0.06692522764205933,0.43375861644744873,2.529020071029663,0.3654657006263733,2.3957295417785645,-0.1332903802394867,,,,,,,,,,,,,,,,,,,,,,512,1.830843210220337,0.999477207660675,0.998412549495697,cell-000-b7a02ed77d52,0,b7a02ed77d52976b9ede76f9950793ae21516739e563a47e8d6ff588b564fac0,8,0.7678872346878052,3.814903736114502,0.48115625977516174,3.849250078201294,0.40299052000045776,0.0,2048,6462c87c5c2aa5cb0dcd6afe9c4a0fab1a45d764f9166f84c6184af6723f1b0e,910016,910000,False,,,,,,,,,False,,,,,,,,,,1.0,0.00016762121231295168,1.0,0.00017516256775707006,0.003,seed-mechanisms-v2,4,0.0,8,1,2,adamw,0.9948312044143677,0.8324620723724365,2.153557300567627,,,,,,,,,,0.9982900023460388,1.557204008102417,4.490792274475098,,,,,,,,,,0.23463138937950134,5.3535904953605495e-06,1.3297434634296224e-05,0.5234375,0.00029386079404503107,-2.2100133895874023,0.0003071582177653909,,,,,,,,,,,,,,,,,,,,,,0.2533607482910156,6.746259168721735e-05,-0.00024330952146556228,0.5244140625,-3.5429584386292845e-05,-0.33555805683135986,-0.0002787391422316432,,,,,,,,,,,,,,,,,,,,,,0.09046104550361633,-0.07155752927064896,0.44294047355651855,0.5144979953765869,2.443504810333252,0.10028128325939178,-0.013675197027623653,0.8218032121658325,0.8354783654212952,1.4980571269989014,0.10028128325939178,-0.013675197027623653,0.8218032121658325,0.8354783654212952,1.4980571269989014,0.11710016429424286,0.022769570350646973,0.980168342590332,0.9573987722396851,1.1956963539123535,0.11710016429424286,0.022769570350646973,0.980168342590332,0.9573987722396851,1.1956963539123535,snapshot-mechanisms-v1,8,seeds/cell-000-b7a02ed77d52/seed-8/snapshots/step-000800.pt,800,800,7097b902cc3f3a43380d0b66433b0a90ecf3915af0cdb913b8b407b76daf38af,scaling-tuned-adamw-10seeds-v1,0.005621167831122875,6.58914286759682e-05,910017,2.617084828671068e-05,0.0001684750895947218,5.5473996326327324e-05,2.927256218754337e-06,5.578857962973416e-05,2.6775524020195007e-09,0.0001684750895947218,0.9984666109085083,3.1041672627907246e-05,5.2861327276332304e-05,0.0001684750895947218,0.0
0.5278167724609375,0.1936546415090561,0.06455154716968536,0.26658353209495544,1.2245211601257324,0.5397617816925049,2.353626251220703,1.1291053295135498,,,,,,,,,,,,,,,,,,,,,,0.05236880108714104,0.017456267029047012,0.349751740694046,3.428356170654297,0.5978794097900391,4.489455699920654,1.061099648475647,,,,,,,,,,,,,,,,,,,,,,512,1.6092448234558105,0.9790791869163513,1.0003447532653809,cell-000-b7a02ed77d52,0,b7a02ed77d52976b9ede76f9950793ae21516739e563a47e8d6ff588b564fac0,8,0.5985098481178284,4.052155494689941,0.5322855710983276,4.258284568786621,0.33843955397605896,0.0,2048,6462c87c5c2aa5cb0dcd6afe9c4a0fab1a45d764f9166f84c6184af6723f1b0e,910018,910000,False,,,,,,,,,False,,,,,,,,,,1.0,0.00022388344223145396,1.0,0.00022074041771702468,0.003,seed-mechanisms-v2,4,0.0,8,1,2,adamw,0.7004390954971313,0.03495508432388306,0.7136684656143188,,,,,,,,,,0.90814208984375,1.3469045162200928,3.2958102226257324,,,,,,,,,,0.3029564619064331,0.00012419139966368675,-0.00040969677502289414,0.58251953125,-0.0006754003698006272,-0.8106815814971924,-0.0010850972030311823,,,,,,,,,,,,,,,,,,,,,,0.24664950370788574,6.298409425653517e-05,-8.069188334047794e-05,0.4990234375,0.00023833592422306538,-1.4416581392288208,0.0001576440263306722,,,,,,,,,,,,,,,,,,,,,,0.033741772174835205,-0.25363385677337646,0.30698537826538086,0.5606192350387573,2.292182445526123,0.039088472723960876,-0.10120485723018646,0.5720685720443726,0.6732734441757202,2.0877366065979004,0.039088472723960876,-0.10120485723018646,0.5720685720443726,0.6732734441757202,2.0877366065979004,0.14731335639953613,0.021291794255375862,0.8757883310317993,0.8544964790344238,1.2729389667510986,0.14731335639953613,0.021291794255375862,0.8757883310317993,0.8544964790344238,1.2729389667510986,snapshot-mechanisms-v1,9,seeds/cell-000-b7a02ed77d52/seed-9/snapshots/step-000800.pt,800,800,7097b902cc3f3a43380d0b66433b0a90ecf3915af0cdb913b8b407b76daf38af,scaling-tuned-adamw-10seeds-v1,0.008074432611465454,0.00012703018728643656,910019,5.095186861581169e-05,0.00022439044550992548,8.242203330155462e-05,2.1648941128660226e-06,4.3391832150518894e-05,4.190951585769653e-09,0.00022439044550992548,1.0001678466796875,4.76247223559767e-05,4.1226936446037143e-05,0.00022439044550992548,0.0
0.1321989893913269,0.5727015733718872,0.1909005343914032,0.16527506709098816,-0.6876974701881409,0.26202332973480225,0.00909469649195671,0.6967921853065491,0.6416558027267456,0.21388526260852814,0.14076806604862213,-0.5851130485534668,0.21757616102695465,-0.16638749837875366,0.41872555017471313,0.23981231451034546,0.07993744313716888,0.30312806367874146,1.2808935642242432,0.4570596218109131,2.0470571517944336,0.7661636471748352,0.07762473821640015,0.025874914601445198,0.5283440351486206,3.092613697052002,0.39403122663497925,2.799750804901123,-0.2928628921508789,0.5810372233390808,0.1936790645122528,0.2751573622226715,-0.0021684495732188225,0.14380544424057007,-0.3776361346244812,-0.3754676878452301,0.48138707876205444,0.1604623645544052,0.3645641505718231,0.7103664875030518,0.15404874086380005,0.05053277313709259,-0.6598337292671204,0.327538400888443,0.10917946696281433,0.4650474786758423,1.696905255317688,0.20741412043571472,0.7360528707504272,-0.9608525037765503,0.23296475410461426,0.07765492051839828,0.4938279986381531,2.6824517250061035,0.27320724725723267,1.5298776626586914,-1.1525739431381226,512,1.6671525239944458,0.9595224857330322,0.9953997135162354,cell-001-95e10abb0fde,1,95e10abb0fde32cf907954502d04033a426ee85fcf72516e127ca9570e025e8b,8,0.6143341660499573,3.620215892791748,0.4999914765357971,3.999931812286377,0.35411950945854187,0.0,2048,6462c87c5c2aa5cb0dcd6afe9c4a0fab1a45d764f9166f84c6184af6723f1b0e,910000,910000,False,,,,,,,,,False,,,,,,,,,,1.0,0.0015823027351871133,1.0,0.001451391028240323,0.003,seed-mechanisms-v2,4,0.0,8,4,2,adamw,0.5185251235961914,-0.4951533079147339,0.28822749853134155,0.35563546419143677,-0.08590659499168396,0.29149436950683594,0.32520592212677,1.0146560668945312,0.7931399345397949,0.5993713736534119,0.7340604066848755,1.094293475151062,0.4629088044166565,-0.6895131468772888,0.22585631906986237,0.42777737975120544,-1.1893329620361328,0.14741526544094086,0.3270750045776367,-0.6591342687606812,0.14544938504695892,0.9873976111412048,1.1550804376602173,2.4493329524993896,0.2693239748477936,0.0012826332822442055,-1.1561787687242031e-06,0.57568359375,-0.0004652173083741218,0.09087540209293365,-0.00046637345803901553,0.21779900789260864,0.0006476585986092687,-0.0003799332771450281,0.55126953125,-0.00025077155441977084,-0.07794633507728577,-0.0006307046860456467,0.22868750989437103,0.00036482029827311635,-0.0002097264805343002,0.48974609375,0.0010776214767247438,-1.8693424463272095,0.0008678949670866132,0.2952969968318939,0.00018699761130847037,-0.00037789513589814305,0.5830078125,-0.0004458801413420588,-1.1426677703857422,-0.0008237753063440323,0.2645137310028076,0.00043884507613256574,-0.0013900345657020807,0.5419921875,-0.000551614910364151,-0.3032131791114807,-0.0019416497088968754,0.20766016840934753,0.0002232158149126917,0.00020210888760630041,0.4560546875,0.00023413858434651047,-0.6509416103363037,0.00043624755926430225,0.22971197962760925,0.00027462063007988036,-0.0007095701294019818,0.47119140625,-0.0002241856709588319,-0.4417493939399719,-0.0009337557712569833,0.20825526118278503,0.0010375399142503738,0.0005120205460116267,0.44482421875,-0.00024067447520792484,-0.5881378650665283,0.00027134595438838005,0.18298594653606415,-0.08315585553646088,0.413088321685791,0.4962441921234131,2.3064022064208984,0.35533607006073,0.06761550903320312,0.5215014815330505,0.453885942697525,1.991215705871582,0.35533607006073,0.06761550903320312,0.5215014815330505,0.453885942697525,1.991215705871582,0.35181692242622375,0.156912699341774,0.6777365207672119,0.5208238363265991,1.4822442531585693,0.35181692242622375,0.156912699341774,0.6777365207672119,0.5208238363265991,1.4822442531585693,snapshot-mechanisms-v1,0,seeds/cell-001-95e10abb0fde/seed-0/snapshots/step-000800.pt,800,800,7097b902cc3f3a43380d0b66433b0a90ecf3915af0cdb913b8b407b76daf38af,scaling-tuned-adamw-10seeds-v1,0.026377316564321518,0.0012849695049226284,910001,0.0003446816699579358,0.0015088901855051517,0.0004060311184730381,0.00010746825864771381,0.0005019217496737838,8.032657206058502e-09,0.0015088901855051517,0.996383786201477,0.00025625567650422454,0.0003944534983020276,0.0015088901855051517,0.0
0.1335446834564209,0.2676750421524048,0.08922501653432846,0.6528637409210205,3.1944241523742676,0.07946120202541351,0.17726388573646545,-3.017160415649414,0.4434119760990143,0.14780399203300476,0.44666171073913574,1.206345558166504,0.10992632806301117,-0.07729843258857727,-1.2836439609527588,0.4537113606929779,0.1512371301651001,0.18638929724693298,0.23958611488342285,0.3598993420600891,1.054448127746582,0.8148620128631592,0.1975105106830597,0.0658368468284607,0.4824466109275818,2.2213292121887207,0.32004284858703613,1.683019757270813,-0.5383094549179077,0.2052423357963562,0.068414106965065,0.5147915482521057,2.899819850921631,0.2799661457538605,1.774369478225708,-1.1254501342773438,0.14603805541992188,0.04867935925722122,0.5995466709136963,3.6096107959747314,0.2544151842594147,1.6233211755752563,-1.9862895011901855,0.4671646058559418,0.1557215452194214,0.23387613892555237,0.3074900507926941,0.29895925521850586,0.5652404427528381,0.25775039196014404,0.4893299341201782,0.16310998797416687,0.25495487451553345,0.5245838165283203,0.25571516156196594,0.27867698669433594,-0.2459067553281784,512,1.7968575954437256,0.9663115739822388,0.9998172521591187,cell-001-95e10abb0fde,1,95e10abb0fde32cf907954502d04033a426ee85fcf72516e127ca9570e025e8b,8,0.8301230072975159,3.672609567642212,0.48916947841644287,3.913355827331543,0.40841686725616455,0.0,2048,6462c87c5c2aa5cb0dcd6afe9c4a0fab1a45d764f9166f84c6184af6723f1b0e,910002,910000,False,,,,,,,,,False,,,,,,,,,,1.0,0.0006277367938309908,1.0,0.0005948690231889486,0.003,seed-mechanisms-v2,4,0.0,8,4,2,adamw,0.24530327320098877,0.1669902503490448,0.2567989230155945,0.31381720304489136,0.8453338146209717,0.6148302555084229,0.4420098662376404,0.47389817237854004,0.6305216550827026,0.36934682726860046,1.0759178400039673,0.9717512130737305,0.8153789639472961,1.2591134309768677,2.3715081214904785,0.8889055252075195,1.4220147132873535,2.836848735809326,0.2552557587623596,0.5832624435424805,0.4047582149505615,0.6855570673942566,-0.8094699382781982,0.2652904987335205,0.31961071491241455,5.823581523145549e-05,1.0197032679570839e-05,0.58740234375,0.00013413495616987348,-0.593624472618103,0.00014433200703933835,0.17537178099155426,0.00016310841601807624,-9.405650780536234e-05,0.40380859375,-0.00132769497577101,-1.3469306230545044,-0.0014217514544725418,0.28035715222358704,0.0006317353108897805,-0.00022480562620330602,0.58056640625,0.0004372616240289062,-0.46221598982810974,0.0002124560996890068,0.22918131947517395,5.942494681221433e-05,0.0001973257603822276,0.505859375,-8.929724572226405e-05,-1.7531187534332275,0.00010802855831570923,0.21142643690109253,0.0002150089421775192,0.00012188457185402513,0.5126953125,-0.0010070407297462225,-0.33948373794555664,-0.0008851563325151801,0.20958131551742554,0.0003009350039064884,0.00032573830685578287,0.5361328125,0.00016654770297463983,-0.23294633626937866,0.0004922861116938293,0.2551139295101166,0.00010698172991396859,-5.781643994851038e-05,0.51416015625,0.00025013519916683435,-0.9633438587188721,0.00019231867918279022,0.22255849838256836,0.0002565138856880367,-5.6154960475396365e-05,0.4921875,0.00015927516506053507,-0.40838420391082764,0.00010312024096492678,0.20937716960906982,-0.028132468461990356,0.45164740085601807,0.47977983951568604,2.5191454887390137,0.1944533884525299,-0.02083822898566723,0.5730599164962769,0.5938981771469116,2.112895965576172,0.1944533884525299,-0.02083822898566723,0.5730599164962769,0.5938981771469116,2.112895965576172,0.2758399248123169,0.14079555869102478,0.7117865085601807,0.570991039276123,1.2329392433166504,0.2758399248123169,0.14079555869102478,0.7117865085601807,0.570991039276123,1.2329392433166504,snapshot-mechanisms-v1,1,seeds/cell-001-95e10abb0fde/seed-1/snapshots/step-000800.pt,800,800,7097b902cc3f3a43380d0b66433b0a90ecf3915af0cdb913b8b407b76daf38af,scaling-tuned-adamw-10seeds-v1,0.01559558603912592,0.0005032081971876323,910003,0.00015575942234136164,0.0006638484774157405,0.00019150572188664228,6.722222315147519e-05,0.00021249115525279194,4.48198989033699e-09,0.0006638484774157405,0.999843955039978,0.00010409220703877509,0.00014526894665323198,0.0006638484774157405,0.0
0.11539371311664581,0.7213073968887329,0.24043580889701843,0.1436757743358612,-0.6062294244766235,0.1350167989730835,-0.783854067325592,-0.1776246428489685,0.4097779095172882,0.13659265637397766,0.3606996536254883,0.94782555103302,0.2295224368572235,0.475955069065094,-0.4718705415725708,0.2845308184623718,0.09484361112117767,0.37654900550842285,1.916266918182373,0.3389201760292053,1.3783265352249146,-0.5379403829574585,0.6821513772010803,0.2273837924003601,0.13631893694400787,-1.4103987216949463,0.181529700756073,-1.1911587715148926,0.21923980116844177,0.41837358474731445,0.13945786654949188,0.37168532609939575,0.9002421498298645,0.2099410593509674,0.304884135723114,-0.5953580141067505,0.3538951873779297,0.11796507239341736,0.3543373942375183,1.1229923963546753,0.291767418384552,-0.19978198409080505,-1.3227744102478027,0.23593983054161072,0.07864661514759064,0.32822924852371216,1.5158252716064453,0.43583089113235474,1.9926085472106934,0.47678330540657043,0.40059053897857666,0.1335301697254181,0.32993265986442566,0.6977939605712891,0.2694768011569977,-0.2059829980134964,-0.9037768840789795,512,1.6256486177444458,0.9597790241241455,1.0014820098876953,cell-001-95e10abb0fde,1,95e10abb0fde32cf907954502d04033a426ee85fcf72516e127ca9570e025e8b,8,0.8266047239303589,3.120584011077881,0.4054099917411804,3.2432799339294434,0.4665469229221344,0.0,2048,6462c87c5c2aa5cb0dcd6afe9c4a0fab1a45d764f9166f84c6184af6723f1b0e,910004,910000,False,,,,,,,,,False,,,,,,,,,,1.0,0.0026183261070400476,1.0,0.0026260195299983025,0.003,seed-mechanisms-v2,4,0.0,8,4,2,adamw,0.1958375871181488,0.5128113627433777,0.2831624150276184,0.3140113949775696,-1.2530198097229004,0.08353590965270996,0.4361456036567688,-0.24929599463939667,0.3286162316799164,0.11647272109985352,-0.6128101944923401,0.05907772481441498,0.3388864994049072,-0.015966912731528282,0.30381128191947937,0.9260362386703491,-0.06298819184303284,0.7084496021270752,0.6404207944869995,1.1511549949645996,1.6626324653625488,0.553642213344574,0.3525886833667755,0.6784287691116333,0.22172492742538452,0.0006033619283698499,0.0002406480343779549,0.5185546875,-0.00020369066623970866,-0.4321307837963104,3.695744089782238e-05,0.26759102940559387,0.0011528644245117903,-0.00014443443797063082,0.5556640625,-0.00036687790998257697,-0.09669589251279831,-0.0005113123334012926,0.26648610830307007,0.006679710932075977,0.003311655018478632,0.548828125,-0.0006561222253367305,-0.6399403810501099,0.0026555326767265797,0.2875102162361145,0.00014789093984290957,-0.00018118135631084442,0.53076171875,-0.00019032892305403948,-0.14752793312072754,-0.000371510221157223,0.24892660975456238,0.0013410975225269794,0.0004702417354565114,0.525390625,0.00038031002623029053,-0.07665159553289413,0.0008505517616868019,0.23465049266815186,0.0038128679152578115,-0.003314819885417819,0.490234375,-0.0003259076620452106,-0.5951299667358398,-0.0036407271400094032,0.3042905032634735,0.0003029333893209696,0.00041466677794232965,0.5927734375,0.0008988704066723585,-1.1007351875305176,0.0013135371264070272,0.26781362295150757,0.0008161823498085141,0.0006089559174142778,0.55224609375,0.0010166284628212452,-0.9713329672813416,0.001625584438443184,0.17682558298110962,0.049514077603816986,0.4236515462398529,0.3741374909877777,2.1043193340301514,0.16204412281513214,-0.07683467864990234,0.3530629873275757,0.4298976957798004,2.2188756465911865,0.16204412281513214,-0.07683467864990234,0.3530629873275757,0.4298976957798004,2.2188756465911865,0.3318162262439728,0.10326186567544937,0.41631442308425903,0.31305253505706787,1.6528196334838867,0.3318162262439728,0.10326186567544937,0.41631442308425903,0.31305253505706787,1.6528196334838867,snapshot-mechanisms-v1,2,seeds/cell-001-95e10abb0fde/seed-2/snapshots/step-000800.pt,800,800,7097b902cc3f3a43380d0b66433b0a90ecf3915af0cdb913b8b407b76daf38af,scaling-tuned-adamw-10seeds-v1,0.03642354905605316,0.0028398092836141586,910005,0.0005834229523316026,0.002652540570124984,0.0006440433207899332,0.00027683921507559717,0.000978307332843542,2.0489096641540527e-08,0.00265254033729434,1.0027440786361694,0.0004467669641599059,0.0007014682050794363,0.00265254033729434,0.0
0.09048967063426971,0.15391124784946442,0.05130374804139137,0.7603050470352173,3.312436819076538,0.08578367531299591,0.5625137090682983,-2.74992299079895,0.27816343307495117,0.09272114187479019,0.40495842695236206,3.0638134479522705,0.31687813997268677,0.45423704385757446,-2.6095762252807617,0.4403907060623169,0.14679691195487976,0.4085541367530823,1.0615952014923096,0.15105512738227844,-0.07891439646482468,-1.1405096054077148,0.4818839132785797,0.16062796115875244,0.3571200966835022,0.6707993149757385,0.16099601984024048,-0.24868610501289368,-0.9194853901863098,0.34418410062789917,0.11472803354263306,0.4822762608528137,1.707442045211792,0.1735396534204483,0.28877580165863037,-1.4186662435531616,0.4358881711959839,0.14529606699943542,0.31477585434913635,-0.4437461495399475,0.24933597445487976,0.33015120029449463,0.7738973498344421,0.43844926357269287,0.14614975452423096,0.2984670400619507,0.43144071102142334,0.26308369636535645,0.5183457136154175,0.08690501749515533,0.18352359533309937,0.06117453798651695,0.5744332075119019,4.430212497711182,0.24204322695732117,1.1324247121810913,-3.297787666320801,512,2.011167287826538,1.006678581237793,0.9987488985061646,cell-001-95e10abb0fde,1,95e10abb0fde32cf907954502d04033a426ee85fcf72516e127ca9570e025e8b,8,0.8915693759918213,2.8910863399505615,0.40516361594200134,3.2413089275360107,0.4532953202724457,0.0,2048,6462c87c5c2aa5cb0dcd6afe9c4a0fab1a45d764f9166f84c6184af6723f1b0e,910006,910000,False,,,,,,,,,False,,,,,,,,,,1.0,0.0007920818170532584,1.0,0.0007717447588220239,0.003,seed-mechanisms-v2,4,0.0,8,4,2,adamw,0.2955865263938904,-0.2609242796897888,0.20010533928871155,0.3313053250312805,0.7488852739334106,0.5970793962478638,0.1716051697731018,-0.9526496529579163,0.06251734495162964,0.1504637598991394,-0.09723925590515137,0.11889229714870453,0.5364965796470642,0.4920087456703186,0.7950323820114136,0.6642609238624573,-0.47911861538887024,0.3943083882331848,0.5548286437988281,0.3902937173843384,0.6495318412780762,0.5970669984817505,1.3100273609161377,1.7867332696914673,0.3256900906562805,3.8943839172134176e-05,8.80297739058733e-06,0.60595703125,0.00026420404901728034,-0.5232007503509521,0.0002730070846155286,0.23678439855575562,0.00039392366306856275,0.0008411344606429338,0.52734375,-0.006350921466946602,-1.579573392868042,-0.005509787239134312,0.22859647870063782,6.831000791862607e-05,-0.00042077776743099093,0.5126953125,0.0008678642334416509,-0.4247491955757141,0.0004470865533221513,0.25146520137786865,7.827900117263198e-05,9.930034866556525e-05,0.50439453125,-3.1127099646255374e-05,-0.47034233808517456,6.817323446739465e-05,0.29307103157043457,0.00011232971883146092,-0.000292962824460119,0.537109375,0.0003437144332565367,-0.5131105184555054,5.07517033838667e-05,0.28180569410324097,0.00041668463381938636,-0.0007951226434670389,0.56201171875,-0.0012796628288924694,-0.46171802282333374,-0.002074785530567169,0.3180966079235077,0.00016545114340260625,0.0004530546721071005,0.5703125,0.0002635684213601053,-0.2195609211921692,0.0007166231516748667,0.22080305218696594,0.00017875040066428483,-0.00035731063690036535,0.55859375,0.0005065683508291841,-0.824479341506958,0.00014925780124031007,0.16830167174339294,0.003886211197823286,0.40533125400543213,0.40144503116607666,2.0131213665008545,0.24525617063045502,-0.12308365851640701,0.23169025778770447,0.3547739088535309,2.1595072746276855,0.24525617063045502,-0.12308365851640701,0.23169025778770447,0.3547739088535309,2.1595072746276855,0.39526957273483276,0.020914141088724136,0.30929574370384216,0.2883816361427307,1.1584522724151611,0.39526957273483276,0.020914141088724136,0.30929574370384216,0.2883816361427307,1.1584522724151611,snapshot-mechanisms-v1,3,seeds/cell-001-95e10abb0fde/seed-3/snapshots/step-000800.pt,800,800,7097b902cc3f3a43380d0b66433b0a90ecf3915af0cdb913b8b407b76daf38af,scaling-tuned-adamw-10seeds-v1,0.018244266510009766,0.0007108313729986548,910007,0.00021409901091828942,0.0008047911687754095,0.00022842720500193536,5.998192500555888e-05,0.00024293095339089632,6.2282197177410126e-09,0.0008047912269830704,0.9988880157470703,0.00011933400674024597,0.00018294903566129506,0.0008047912269830704,0.0
0.1075417771935463,0.06935541331768036,0.02311846986413002,0.9055216312408447,4.165752410888672,0.02512291446328163,-0.21931380033493042,-4.385066032409668,0.3459031879901886,0.11530105769634247,0.46039026975631714,1.893416404724121,0.19370651245117188,0.17016416788101196,-1.7232520580291748,0.3544185757637024,0.11813952773809433,0.2655484080314636,0.08713020384311676,0.380033016204834,1.2449491024017334,1.1578190326690674,0.1924305111169815,0.06414350867271423,0.248442605137825,2.3431551456451416,0.5591268539428711,3.4497482776641846,1.1065930128097534,0.1583678126335144,0.05278927460312843,0.7786560654640198,3.714709997177124,0.06297608464956284,0.15413548052310944,-3.560574531555176,0.33741316199302673,0.11247105151414871,0.5846778750419617,3.4224302768707275,0.07790899276733398,-0.47788769006729126,-3.900318145751953,0.3999762535095215,0.13332542777061462,0.47085854411125183,1.2892429828643799,0.12916523218154907,-0.09342857450246811,-1.382671594619751,0.4862974286079407,0.16209915280342102,0.3000205457210541,-0.8477046489715576,0.21368199586868286,0.2952605187892914,1.1429651975631714,512,1.7595069408416748,0.9896588921546936,1.000623106956482,cell-001-95e10abb0fde,1,95e10abb0fde32cf907954502d04033a426ee85fcf72516e127ca9570e025e8b,8,0.7651671171188354,2.942732095718384,0.3842788338661194,3.074230670928955,0.4757937490940094,0.0,2048,6462c87c5c2aa5cb0dcd6afe9c4a0fab1a45d764f9166f84c6184af6723f1b0e,910008,910000,False,,,,,,,,,False,,,,,,,,,,1.0,0.000809635384939611,1.0,0.0007855711737647653,0.003,seed-mechanisms-v2,4,0.0,8,4,2,adamw,0.45463064312934875,0.7477447986602783,0.794806718826294,0.25071191787719727,0.3385654091835022,0.3126644492149353,0.538989782333374,0.6311371326446533,0.9221296310424805,0.6545814871788025,0.8757553100585938,1.405616044998169,0.7424084544181824,0.47820866107940674,1.0963712930679321,0.6643858551979065,0.4719598889350891,0.9360909461975098,0.5076885223388672,0.0902562066912651,0.5188523530960083,0.4045710563659668,-0.2552378177642822,0.2839409410953522,0.3206483721733093,3.9001155528239906e-05,-0.0002741580829024315,0.60986328125,-3.523290797602385e-05,-0.6463480591773987,-0.00030939094722270966,0.25213539600372314,9.404626325704157e-05,-2.59274456766434e-05,0.56884765625,0.000850980868563056,-1.3116737604141235,0.0008250534883700311,0.26373112201690674,0.000314994715154171,0.0005270730471238494,0.53076171875,-0.0005558939883485436,-0.5753886699676514,-2.882088301703334e-05,0.25242578983306885,0.00035573053173720837,0.0012868623016402125,0.51904296875,0.003067350247874856,-1.354421615600586,0.004354212898761034,0.22038643062114716,0.0006379245896823704,-0.0008851115708239377,0.5009765625,6.3422194216400385e-06,-0.5887724757194519,-0.0008787693222984672,0.12383299320936203,0.0008975544478744268,-0.0023680799640715122,0.4423828125,-0.0002661856706254184,-0.17081929743289948,-0.002634265460073948,0.2221914380788803,0.0003308570303488523,0.00039028204628266394,0.46826171875,0.0005031139007769525,-0.5507830381393433,0.0008933959761634469,0.1910589039325714,0.00011487207666505128,9.5592942670919e-05,0.4580078125,-0.00018271121371071786,-0.42487841844558716,-8.711830741958693e-05,0.07860986888408661,-0.34180527925491333,0.09866867959499359,0.4404739439487457,2.4386444091796875,0.3211107850074768,-0.17325691878795624,0.20426851511001587,0.3775254487991333,1.8685394525527954,0.3211107850074768,-0.17325691878795624,0.20426851511001587,0.3775254487991333,1.8685394525527954,0.44055408239364624,-0.030947387218475342,0.19638922810554504,0.22733663022518158,1.602242350578308,0.44055408239364624,-0.030947387218475342,0.19638922810554504,0.22733663022518158,1.602242350578308,snapshot-mechanisms-v1,4,seeds/cell-001-95e10abb0fde/seed-4/snapshots/step-000800.pt,800,800,7097b902cc3f3a43380d0b66433b0a90ecf3915af0cdb913b8b407b76daf38af,scaling-tuned-adamw-10seeds-v1,0.019041717052459717,0.0007897462346591055,910009,0.00015130825340747833,0.0007526401896029711,0.00017205055337399244,6.826057506259531e-05,0.00029201089637354016,6.984919309616089e-09,0.0007526401896029711,1.0007047653198242,0.00013727048644796014,0.00022375030675902963,0.0007526401896029711,0.0
0.20448368787765503,0.20200346410274506,0.06733448803424835,0.46608489751815796,2.6423304080963135,0.3319116234779358,1.9447340965270996,-0.6975961923599243,0.40251582860946655,0.13417193293571472,0.3155636787414551,0.8473227024078369,0.28192049264907837,0.7383551597595215,-0.10896757245063782,0.11419567465782166,0.03806522488594055,0.5474188327789307,3.5261778831481934,0.3383854627609253,2.974541664123535,-0.5516359806060791,0.4379238784313202,0.14597462117671967,0.28090134263038635,0.7718939185142517,0.28117480874061584,0.7549794912338257,-0.016914431005716324,0.35137754678726196,0.11712586134672165,0.2616077661514282,0.8753007650375366,0.3870146870613098,1.3096678256988525,0.4343670606613159,0.35012978315353394,0.11670991778373718,0.3397301435470581,1.0859768390655518,0.31014010310173035,1.009955883026123,-0.07602085173130035,0.13382366299629211,0.044607892632484436,0.5291382670402527,3.906388282775879,0.3370380699634552,3.1134605407714844,-0.792927622795105,0.42317110300064087,0.14105704426765442,0.4034976363182068,0.8600893616676331,0.17333129048347473,0.18986776471138,-0.6702216267585754,512,1.5433244705200195,0.9672942161560059,1.0001789331436157,cell-001-95e10abb0fde,1,95e10abb0fde32cf907954502d04033a426ee85fcf72516e127ca9570e025e8b,8,0.768426775932312,2.8196256160736084,0.40446966886520386,3.235757350921631,0.4378824532032013,0.0,2048,6462c87c5c2aa5cb0dcd6afe9c4a0fab1a45d764f9166f84c6184af6723f1b0e,910010,910000,False,,,,,,,,,False,,,,,,,,,,1.0,0.0005867187865078449,1.0,0.0006272036698646843,0.003,seed-mechanisms-v2,4,0.0,8,4,2,adamw,0.18672321736812592,-0.4948521852493286,0.11018228530883789,0.1562303602695465,0.16275890171527863,0.14710286259651184,0.25089138746261597,1.213305115699768,0.6779595613479614,0.17704260349273682,-0.009916206821799278,0.16531282663345337,0.16106116771697998,1.3228809833526611,0.5330612659454346,0.400495707988739,-0.057387758046388626,0.36633187532424927,0.5846553444862366,1.1376402378082275,1.5788235664367676,0.6995640993118286,-0.8506724238395691,0.314504474401474,0.41246020793914795,0.00044423143845051527,0.0005844314582645893,0.701171875,-0.0005869838059879839,-0.23791685700416565,-2.5524350348860025e-06,0.25945428013801575,0.0003296908107586205,-0.00022128073032945395,0.5283203125,0.0001555487106088549,-0.5137108564376831,-6.573187420144677e-05,0.2969881594181061,0.0003881636948790401,-0.0007860694313421845,0.61279296875,0.0009508624789305031,-1.6479442119598389,0.0001647931057959795,0.23297438025474548,0.0003341304836794734,0.00042615996790118515,0.4921875,-0.0003180282365065068,-0.8441089391708374,0.00010813178960233927,0.27278804779052734,6.160989869385958e-05,0.0001326099009020254,0.53564453125,-4.4620413973461837e-05,-0.9896405935287476,8.798953058430925e-05,0.25782883167266846,9.878494165604934e-05,0.0005037158261984587,0.52587890625,-0.00023084977874532342,-0.5479335784912109,0.00027286598924547434,0.280231773853302,0.00020481497631408274,0.00011671919492073357,0.595703125,-0.0007581682875752449,-1.2596263885498047,-0.0006414491799660027,0.23408739268779755,0.00017789113917388022,0.0004090605361852795,0.486328125,0.00039675470907241106,-0.8048599362373352,0.0008058153325691819,0.267129510641098,0.11887680739164352,0.6387879252433777,0.5199111700057983,2.1189374923706055,0.07545841485261917,-0.1160917729139328,0.48923611640930176,0.605327844619751,2.119274139404297,0.07545841485261917,-0.1160917729139328,0.48923611640930176,0.605327844619751,2.119274139404297,0.2618487477302551,0.08188151568174362,0.7086667418479919,0.626785159111023,1.3261278867721558,0.2618487477302551,0.08188151568174362,0.7086667418479919,0.626785159111023,1.3261278867721558,snapshot-mechanisms-v1,5,seeds/cell-001-95e10abb0fde/seed-5/snapshots/step-000800.pt,800,800,7097b902cc3f3a43380d0b66433b0a90ecf3915af0cdb913b8b407b76daf38af,scaling-tuned-adamw-10seeds-v1,0.017872322350740433,0.0005766756366938353,910011,0.000120163218525704,0.0005976577522233129,0.00017932364426087588,2.7573029001359828e-05,0.00017327108071185648,6.402842700481415e-09,0.0005976578104309738,1.0000495910644531,0.00012489984510466456,0.00014569805352948606,0.0005976578104309738,0.0
0.07594981789588928,0.5174890756607056,0.17249634861946106,0.14864954352378845,-0.3825957775115967,0.33386147022247314,0.4738740026950836,0.8564698100090027,0.3236633539199829,0.10788777470588684,0.5156686305999756,2.3052892684936523,0.16066808998584747,-0.02919074147939682,-2.3344802856445312,0.538076639175415,0.17935886979103088,0.23812483251094818,-0.34193745255470276,0.22379857301712036,-0.23442690074443817,0.10751054435968399,0.5584251880645752,0.1861417442560196,0.21732670068740845,0.009823646396398544,0.22424809634685516,0.08781997859477997,0.07799633592367172,0.17836052179336548,0.059453509747982025,0.737031877040863,3.496631145477295,0.08460761606693268,-0.20267176628112793,-3.699303150177002,0.6175659894943237,0.2058553397655487,0.2157556414604187,-0.5750718116760254,0.16667839884757996,-1.1241753101348877,-0.5491034984588623,0.21177788078784943,0.07059262692928314,0.43792015314102173,2.2630929946899414,0.35030195116996765,1.7317774295806885,-0.5313153266906738,0.2683470845222473,0.08944903314113617,0.5969833135604858,2.3040690422058105,0.13466957211494446,-0.7120679616928101,-3.01613712310791,512,1.746416449546814,1.0153826475143433,1.0002309083938599,cell-001-95e10abb0fde,1,95e10abb0fde32cf907954502d04033a426ee85fcf72516e127ca9570e025e8b,8,0.8622608184814453,3.7760732173919678,0.490612268447876,3.924898147583008,0.3749297261238098,0.0,2048,6462c87c5c2aa5cb0dcd6afe9c4a0fab1a45d764f9166f84c6184af6723f1b0e,910012,910000,False,,,,,,,,,False,,,,,,,,,,1.0,0.0026026065461337566,1.0,0.002740848809480667,0.003,seed-mechanisms-v2,4,0.0,8,4,2,adamw,0.261519193649292,0.5842603445053101,0.3636627197265625,0.26205679774284363,-1.247734785079956,0.06383727490901947,0.30986517667770386,-0.9984670281410217,0.09709486365318298,0.1750292330980301,0.9921784400939941,0.396677702665329,0.43260347843170166,0.09849268198013306,0.41149353981018066,0.2701793611049652,0.1738719344139099,0.27228403091430664,0.7561185359954834,1.8902485370635986,3.770678997039795,1.1463792324066162,-1.395703673362732,0.2759207487106323,0.21266822516918182,0.0011559621198102832,-0.0008205481572076678,0.43994140625,-0.00040576246101409197,-1.0690891742706299,-0.0012263107346370816,0.4423242211341858,0.0022966270335018635,0.002663126215338707,0.7890625,-0.0004829610406886786,-0.1097261980175972,0.002180165611207485,0.1704365611076355,0.0012256016489118338,-0.00020802710787393153,0.48095703125,0.0001408955140504986,-0.27048301696777344,-6.713144830428064e-05,0.22070133686065674,0.0003946211654692888,0.0005563871236518025,0.48583984375,0.0007726597250439227,-1.849313735961914,0.001329047023318708,0.24267889559268951,0.0012778609525412321,-0.00032405281672254205,0.572265625,0.0004332679382059723,-0.40430116653442383,0.00010921509237959981,0.26388993859291077,0.00034542602952569723,0.00044817631714977324,0.51904296875,4.683453880716115e-05,-0.5983697772026062,0.0004950109869241714,0.20521432161331177,0.0008923791465349495,-0.001694918260909617,0.45263671875,0.0031316240783780813,-1.404752254486084,0.0014367057010531425,0.22962351143360138,0.0008045266731642187,-1.40343327075243e-05,0.50341796875,-0.0014173001982271671,-0.549370527267456,-0.001431334763765335,0.11511160433292389,0.014416615478694439,0.40646615624427795,0.39204955101013184,1.9114651679992676,0.07335150986909866,-0.08091805875301361,0.3087415099143982,0.389659583568573,1.8157918453216553,0.07335150986909866,-0.08091805875301361,0.3087415099143982,0.389659583568573,1.8157918453216553,0.23940718173980713,0.11046458780765533,0.747585654258728,0.6371210217475891,1.1617958545684814,0.23940718173980713,0.11046458780765533,0.747585654258728,0.6371210217475891,1.1617958545684814,snapshot-mechanisms-v1,6,seeds/cell-001-95e10abb0fde/seed-6/snapshots/step-000800.pt,800,800,7097b902cc3f3a43380d0b66433b0a90ecf3915af0cdb913b8b407b76daf38af,scaling-tuned-adamw-10seeds-v1,0.03262031450867653,0.002607034519314766,910013,0.0004832966369576752,0.00280379643663764,0.0008445591665804386,0.00028503473731689155,0.0011051346082240343,2.0489096641540527e-08,0.00280379643663764,0.9992414712905884,0.00037080608308315277,0.0008200998418033123,0.00280379643663764,0.0
0.07752332836389542,0.6135345697402954,0.20451153814792633,0.21883706748485565,-0.04182641953229904,0.16762834787368774,-0.41380101442337036,-0.3719746172428131,0.47893956303596497,0.15964652597904205,0.3590136170387268,0.8255031108856201,0.16204681992530823,-0.03733101487159729,-0.8628342151641846,0.2211310714483261,0.0737103596329689,0.5003644227981567,2.563483238220215,0.27850455045700073,1.9312281608581543,-0.6322551965713501,0.5466120839118958,0.18220402300357819,0.2238311469554901,0.19834381341934204,0.22955679893493652,0.12199045717716217,-0.07635337114334106,0.13635948300361633,0.045453161001205444,0.5770818591117859,3.459290027618408,0.28655868768692017,1.7473266124725342,-1.711963415145874,0.31362876296043396,0.10454292595386505,0.43725794553756714,1.6828621625900269,0.2491132616996765,0.67132967710495,-1.0115325450897217,0.47793471813201904,0.15931156277656555,0.37339675426483154,0.49807292222976685,0.1486685425043106,-0.10549217462539673,-0.6035650968551636,0.5505325198173523,0.18351082503795624,0.2384670078754425,-0.014580242335796356,0.2110005021095276,0.013633422553539276,0.028213651850819588,512,1.795265555381775,0.9680384397506714,1.0003480911254883,cell-001-95e10abb0fde,1,95e10abb0fde32cf907954502d04033a426ee85fcf72516e127ca9570e025e8b,8,0.8497391939163208,3.0768051147460938,0.4435163736343384,3.548130989074707,0.39197418093681335,0.0,2048,6462c87c5c2aa5cb0dcd6afe9c4a0fab1a45d764f9166f84c6184af6723f1b0e,910014,910000,False,,,,,,,,,False,,,,,,,,,,1.0,0.00048455953947268426,1.0,0.0004517343477346003,0.003,seed-mechanisms-v2,4,0.0,8,4,2,adamw,0.2753172218799591,-0.05863029509782791,0.23428338766098022,0.24247415363788605,1.2647230625152588,0.745721161365509,0.28637033700942993,1.5134189128875732,1.0549125671386719,0.32373368740081787,0.4999224543571472,0.44688737392425537,0.8396058678627014,1.5517144203186035,3.045170307159424,0.5720744132995605,-0.6674156785011292,0.2559768557548523,0.8302861452102661,-1.304783821105957,0.2185661494731903,0.4663630723953247,-0.6779208183288574,0.20392286777496338,0.23655955493450165,0.00013604969717562199,0.0003314798232167959,0.515625,0.00018446074682287872,-0.27367472648620605,0.0005159405409358442,0.2760842442512512,0.00012792575580533594,-0.00025644246488809586,0.556640625,-0.0009828314650803804,-0.5769860744476318,-0.0012392739299684763,0.24371418356895447,0.0001422070199623704,0.00015219544002320617,0.50732421875,0.001024841913022101,-1.817017674446106,0.0011770373675972223,0.201313316822052,0.0004364867927506566,-0.0008296881569549441,0.54150390625,-0.0002604023029562086,0.08672315627336502,-0.0010900903725996614,0.1946375072002411,0.00017950241453945637,0.0004405678773764521,0.4951171875,-0.0004617311351466924,-1.2790272235870361,-2.116340328939259e-05,0.3096832036972046,0.00014511108747683465,0.00012297453940846026,0.5791015625,-0.0004897443577647209,-0.3282470107078552,-0.0003667697892524302,0.2883533537387848,0.000196819135453552,-7.2064867708832026e-06,0.5537109375,-0.0001558781077619642,-0.19851994514465332,-0.00016308462363667786,0.26559507846832275,6.873603706480935e-05,-0.0003074392443522811,0.51025390625,-0.0003141406923532486,-0.4409691393375397,-0.0006215799367055297,0.11777417361736298,-0.16037946939468384,0.36758533120155334,0.5279648303985596,2.361553430557251,0.16374889016151428,-0.11755909770727158,0.4125651717185974,0.5301242470741272,1.9818735122680664,0.16374889016151428,-0.11755909770727158,0.4125651717185974,0.5301242470741272,1.9818735122680664,0.23591803014278412,0.06354382634162903,0.7523305416107178,0.6887867450714111,1.2456719875335693,0.23591803014278412,0.06354382634162903,0.7523305416107178,0.6887867450714111,1.2456719875335693,snapshot-mechanisms-v1,7,seeds/cell-001-95e10abb0fde/seed-7/snapshots/step-000800.pt,800,800,7097b902cc3f3a43380d0b66433b0a90ecf3915af0cdb913b8b407b76daf38af,scaling-tuned-adamw-10seeds-v1,0.014631395228207111,0.00043729774188250303,910015,8.803271339274943e-05,0.00045937002869322896,0.0001316473790211603,3.0583771149395034e-05,0.0001263907179236412,8.672941476106644e-09,0.0004593699995893985,1.000572681427002,0.00011329916014801711,9.580695041222498e-05,0.00045936997048556805,0.0
0.11100109666585922,0.5816440582275391,0.19388136267662048,0.2435331642627716,0.14852583408355713,0.17482276260852814,-0.13131755590438843,-0.27984341979026794,0.522570013999939,0.17419002950191498,0.20574939250946045,0.16246174275875092,0.2716805636882782,0.34017491340637207,0.17771318554878235,0.5215550661087036,0.17385169863700867,0.194191575050354,-0.24330979585647583,0.2842532992362976,0.29156947135925293,0.5348792672157288,0.5184313058853149,0.17281043529510498,0.24960646033287048,0.4572533667087555,0.23196226358413696,0.41948509216308594,-0.03776826709508896,0.23619428277015686,0.07873143255710602,0.5026470422744751,2.4714388847351074,0.26115870475769043,1.0243377685546875,-1.44710111618042,0.37811535596847534,0.12603844702243805,0.4147818088531494,1.1266372203826904,0.20710286498069763,0.5669962167739868,-0.5596410036087036,0.03720501437783241,0.012401672080159187,0.5985097289085388,6.069437503814697,0.36428526043891907,2.9618563652038574,-3.107581377029419,0.4782704710960388,0.15942350029945374,0.3376578688621521,-0.25790590047836304,0.1840716302394867,-1.228205680847168,-0.9702997803688049,512,1.7759802341461182,0.991568922996521,0.9995119571685791,cell-001-95e10abb0fde,1,95e10abb0fde32cf907954502d04033a426ee85fcf72516e127ca9570e025e8b,8,0.8215415477752686,3.6898975372314453,0.5033562183380127,4.026849746704102,0.39843448996543884,0.0,2048,6462c87c5c2aa5cb0dcd6afe9c4a0fab1a45d764f9166f84c6184af6723f1b0e,910016,910000,False,,,,,,,,,False,,,,,,,,,,1.0,0.0006345795700326562,1.0,0.0005807491252198815,0.003,seed-mechanisms-v2,4,0.0,8,4,2,adamw,0.2996360659599304,-1.198202133178711,0.0801231786608696,0.5863515734672546,-0.6234010457992554,0.25919800996780396,0.3926790952682495,0.1164020225405693,0.3850569427013397,0.3632073998451233,-1.3648154735565186,0.08796105533838272,1.0519216060638428,0.4269774556159973,1.295788288116455,0.4766281843185425,-0.1988837718963623,0.37173837423324585,0.7664346694946289,1.5843639373779297,2.62626314163208,0.37710142135620117,0.8503930568695068,0.778605580329895,0.18665361404418945,0.0002941276179626584,0.0005586524493992329,0.56591796875,6.120455509517342e-05,0.2657894790172577,0.0006198569899424911,0.37411385774612427,0.0008346120011992753,0.00013863155618309975,0.71923828125,-0.0001809683453757316,0.42572808265686035,-4.233689105603844e-05,0.28662073612213135,0.00024753689649514854,0.00021298805950209498,0.60693359375,-0.0002450175816193223,-0.14247067272663116,-3.2029449357651174e-05,0.19705423712730408,0.000508907251060009,-0.0001988610893022269,0.48486328125,0.00022099401394370943,-0.14891687035560608,2.2132946469355375e-05,0.2372690886259079,0.0003072159888688475,-0.0012575987493619323,0.533203125,0.0009177002357318997,-0.5400329828262329,-0.00033989857183769345,0.26718223094940186,7.316462870221585e-05,-0.0002968132612295449,0.49560546875,-0.00019164381956215948,-0.42484235763549805,-0.0004884570953436196,0.21779865026474,0.00018123369954992086,-1.5678193449275568e-05,0.60107421875,0.00037363317096605897,-1.0177323818206787,0.0003579549374990165,0.22458884119987488,5.516529199667275e-05,-0.00025043883942998946,0.4951171875,-0.0004250564379617572,-1.4221248626708984,-0.0006754952482879162,0.2486315369606018,-0.031532883644104004,0.36032235622406006,0.39185523986816406,2.340024471282959,0.15194503962993622,-0.16116885840892792,0.30208849906921387,0.4632573425769806,2.1656594276428223,0.15194503962993622,-0.16116885840892792,0.30208849906921387,0.4632573425769806,2.1656594276428223,0.2437378615140915,0.07402873039245605,0.7330465912818909,0.65901780128479,1.2236487865447998,0.2437378615140915,0.07402873039245605,0.7330465912818909,0.65901780128479,1.2236487865447998,snapshot-mechanisms-v1,8,seeds/cell-001-95e10abb0fde/seed-8/snapshots/step-000800.pt,800,800,7097b902cc3f3a43380d0b66433b0a90ecf3915af0cdb913b8b407b76daf38af,scaling-tuned-adamw-10seeds-v1,0.015202557668089867,0.0005030081374570727,910017,0.00011457595974206924,0.0005931409541517496,0.00020271394168958068,3.033841130672954e-05,0.00015458166308235377,5.820766091346741e-09,0.0005931408959440887,0.9996874928474426,0.00012126932415412739,0.00012424326268956065,0.0005931408377364278,0.0
0.17191214859485626,0.41453486680984497,0.138178288936615,0.3248777389526367,1.02665376663208,0.2605873942375183,0.7453196048736572,-0.2813341021537781,0.5262922644615173,0.17543074488639832,0.19228270649909973,-0.055715613067150116,0.2814250588417053,0.18070662021636963,0.23642225563526154,0.5216708183288574,0.17389026284217834,0.22931674122810364,-0.03447991982102394,0.24901247024536133,0.13377687335014343,0.16825678944587708,0.37713921070098877,0.12571308016777039,0.2320159375667572,0.4044800102710724,0.39084482192993164,1.1664509773254395,0.7619710564613342,0.42559242248535156,0.14186415076255798,0.28549695014953613,0.7112723588943481,0.2889106571674347,0.7927608489990234,0.08148856461048126,0.40738445520401,0.13579481840133667,0.12213106453418732,-0.11863112449645996,0.47048449516296387,1.3516910076141357,1.4703221321105957,0.3902539908885956,0.13008466362953186,0.22791555523872375,0.6934873461723328,0.38183045387268066,1.3288463354110718,0.6353589296340942,0.3813040554523468,0.1271013617515564,0.4184366464614868,1.2945873737335205,0.200259268283844,0.5478459596633911,-0.7467413544654846,512,1.6905417442321777,0.9600626826286316,0.9982138872146606,cell-001-95e10abb0fde,1,95e10abb0fde32cf907954502d04033a426ee85fcf72516e127ca9570e025e8b,8,0.7145755887031555,3.8175182342529297,0.5316354632377625,4.2530837059021,0.33878856897354126,0.0,2048,6462c87c5c2aa5cb0dcd6afe9c4a0fab1a45d764f9166f84c6184af6723f1b0e,910018,910000,False,,,,,,,,,False,,,,,,,,,,1.0,0.0009885280160233378,1.0,0.0009278791258111596,0.003,seed-mechanisms-v2,4,0.0,8,4,2,adamw,0.45238327980041504,-0.23660030961036682,0.31220734119415283,0.4808667004108429,-1.4024147987365723,0.13423195481300354,0.34852758049964905,-0.622022807598114,0.17046968638896942,0.6397898197174072,0.35755908489227295,0.7865362167358398,0.4331308603286743,0.26443034410476685,0.530349850654602,0.8241497874259949,0.09263962507247925,0.731730580329895,0.5596657395362854,1.2035133838653564,1.5310029983520508,0.5281167030334473,-0.19898782670497894,0.35859227180480957,0.3078640401363373,0.000791856728028506,0.0006830520578660071,0.61865234375,-0.00046814867528155446,-0.17855769395828247,0.00021490338258445263,0.2680097222328186,0.0011124323355033994,0.0005064476863481104,0.5693359375,-0.00028356752591207623,0.027253802865743637,0.00022288013133220375,0.26272714138031006,0.0005065295845270157,-0.0009720057132653892,0.54638671875,-0.0009164131479337811,-0.2180989682674408,-0.0018884188029915094,0.30527129769325256,0.0008065137080848217,-0.0008403948741033673,0.5771484375,6.068070069886744e-05,-0.323045551776886,-0.0007797142607159913,0.30391526222229004,0.0005389853031374514,-0.0007949999417178333,0.58056640625,0.00011067265586461872,-0.05650758743286133,-0.0006843274459242821,0.22747163474559784,0.0005495879449881613,0.00044673308730125427,0.4755859375,0.0012305196141824126,-1.3323297500610352,0.0016772524686530232,0.19428326189517975,0.00010104688408318907,0.00030523998429998755,0.3984375,-0.0011379541829228401,-1.3664658069610596,-0.0008327140239998698,0.2310345470905304,0.00043311636545695364,0.00012919459550175816,0.478515625,0.0004157597431913018,-0.46385589241981506,0.0005449542659334838,0.06955786794424057,-0.20248650014400482,0.2961733937263489,0.4986598789691925,2.3005895614624023,0.1141003966331482,-0.04329190403223038,0.5514764189720154,0.5947682857513428,1.7213122844696045,0.1141003966331482,-0.04329190403223038,0.5514764189720154,0.5947682857513428,1.7213122844696045,0.13862916827201843,0.03650027513504028,0.9090980291366577,0.8725977540016174,1.214430809020996,0.13862916827201843,0.03650027513504028,0.9090980291366577,0.8725977540016174,1.214430809020996,snapshot-mechanisms-v1,9,seeds/cell-001-95e10abb0fde/seed-9/snapshots/step-000800.pt,800,800,7097b902cc3f3a43380d0b66433b0a90ecf3915af0cdb913b8b407b76daf38af,scaling-tuned-adamw-10seeds-v1,0.020358726382255554,0.0008197486167773604,910019,0.00020378145563881844,0.0009892259258776903,0.0002584006288088858,0.00010914713493548334,0.0003846200415864587,7.450580596923828e-09,0.0009892259258776903,0.9985837936401367,0.0001424237561877817,0.0002754729357548058,0.0009892259258776903,0.0
0.47644874453544617,0.08110042661428452,0.027033474296331406,0.27838051319122314,3.0174498558044434,0.6405190229415894,4.017058372497559,0.9996083378791809,,,,,,,,,,,,,,,,,,,,,,0.2514228820800781,0.08380762487649918,0.3253576159477234,1.9628846645355225,0.4232195019721985,2.366913318634033,0.40402868390083313,,,,,,,,,,,,,,,,,,,,,,512,1.864250659942627,1.016349196434021,0.9996817708015442,cell-002-4a3528c0206e,2,4a3528c0206eb2d1a222ef6001e2ce54478d17701fb8dec6e6fa71401d9d6fe6,8,0.9021087884902954,5.188929557800293,0.16452062129974365,5.264659881591797,0.40578240156173706,0.3110855084191276,2048,6462c87c5c2aa5cb0dcd6afe9c4a0fab1a45d764f9166f84c6184af6723f1b0e,910000,910000,False,,,,,,,,,False,,,,,,,,,,1.0,0.00034787223557941616,1.0,0.0003463758039288223,0.003,seed-mechanisms-v2,4,0.0,32,1,2,adamw,0.923557698726654,1.1405949592590332,2.737119436264038,,,,,,,,,,1.064840316772461,1.1193345785140991,2.949655294418335,,,,,,,,,,0.283180832862854,4.7333232942037284e-05,0.0001746260968502611,0.5576171875,-0.0001301023585256189,-1.2264477014541626,4.452375287655741e-05,,,,,,,,,,,,,,,,,,,,,,0.259200781583786,3.69598637917079e-05,5.762738874182105e-05,0.51611328125,4.3612464651232585e-05,-0.3720303177833557,0.00010123981337528676,,,,,,,,,,,,,,,,,,,,,,0.05848962068557739,-0.0756387710571289,0.5727375745773315,0.6483763456344604,2.4502081871032715,0.09914218634366989,0.010822949931025505,0.8950234055519104,0.8842004537582397,1.3715457916259766,0.09914218634366989,0.010822949931025505,0.8950234055519104,0.8842004537582397,1.3715457916259766,0.09563811868429184,0.0073503730818629265,0.9845702052116394,0.977219820022583,1.1254264116287231,0.09563811868429184,0.0073503730818629265,0.9845702052116394,0.977219820022583,1.1254264116287231,snapshot-mechanisms-v1,0,seeds/cell-002-4a3528c0206e/seed-0/snapshots/step-000800.pt,800,800,7097b902cc3f3a43380d0b66433b0a90ecf3915af0cdb913b8b407b76daf38af,scaling-tuned-adamw-10seeds-v1,0.005818189587444067,0.00010478915646672249,910001,0.00015217071631923318,0.00036123517202213407,5.590036016656086e-05,2.9832781365257688e-06,4.676904427469708e-05,1.0710209608078003e-08,0.00036123517202213407,0.9996291399002075,0.00010639505489962175,4.378576704766601e-05,0.00036123517202213407,0.0
0.5098130702972412,0.41427189111709595,0.13809064030647278,0.24615761637687683,0.541764497756958,0.33957046270370483,0.8628097772598267,0.3210453391075134,,,,,,,,,,,,,,,,,,,,,,0.06522444635629654,0.021741483360528946,0.09488780796527863,2.670536756515503,0.8398877382278442,5.62247371673584,2.951936721801758,,,,,,,,,,,,,,,,,,,,,,512,1.62549889087677,1.0037806034088135,0.9999130964279175,cell-002-4a3528c0206e,2,4a3528c0206eb2d1a222ef6001e2ce54478d17701fb8dec6e6fa71401d9d6fe6,8,0.8909063935279846,3.977736711502075,0.12672309577465057,4.055139064788818,0.4683281481266022,0.3110855084191276,2048,6462c87c5c2aa5cb0dcd6afe9c4a0fab1a45d764f9166f84c6184af6723f1b0e,910002,910000,False,,,,,,,,,False,,,,,,,,,,1.0,0.00033675660961307585,1.0,0.0005062612472102046,0.003,seed-mechanisms-v2,4,0.0,32,1,2,adamw,0.4336262345314026,-0.4995335042476654,0.25293153524398804,,,,,,,,,,0.83795565366745,1.8494484424591064,4.998903274536133,,,,,,,,,,0.290008008480072,7.455938612110913e-05,0.00020909695012960583,0.56494140625,9.787151066120714e-05,-0.057038888335227966,0.00030696846079081297,,,,,,,,,,,,,,,,,,,,,,0.2863917350769043,0.00014962279237806797,-5.856147618032992e-05,0.56787109375,0.0002558426349423826,-0.8257089853286743,0.00019728095503523946,,,,,,,,,,,,,,,,,,,,,,0.2232089638710022,0.167702317237854,0.5408623218536377,0.3731599450111389,2.3112258911132812,0.04164312779903412,-0.13094905018806458,0.4067256450653076,0.5376747250556946,2.4252724647521973,0.04164312779903412,-0.13094905018806458,0.4067256450653076,0.5376747250556946,2.4252724647521973,0.11154776811599731,0.0041434308513998985,0.9626099467277527,0.9584665298461914,1.161900281906128,0.11154776811599731,0.0041434308513998985,0.9626099467277527,0.9584665298461914,1.161900281906128,snapshot-mechanisms-v1,1,seeds/cell-002-4a3528c0206e/seed-1/snapshots/step-000800.pt,800,800,7097b902cc3f3a43380d0b66433b0a90ecf3915af0cdb913b8b407b76daf38af,scaling-tuned-adamw-10seeds-v1,0.007738929707556963,0.00038621012936346233,910003,0.00015806849114596844,0.0003620319766923785,6.389219925040379e-05,1.302253167523304e-05,6.02760337642394e-05,9.313225746154785e-09,0.000362032005796209,0.9998451471328735,7.979528163559735e-05,4.7253499360522255e-05,0.000362032005796209,0.0
0.32640933990478516,0.05883954465389252,0.019613180309534073,0.9115034937858582,4.9228715896606445,0.029656939208507538,0.3656255006790161,-4.557246208190918,,,,,,,,,,,,,,,,,,,,,,0.055278848856687546,0.018426284193992615,0.283519983291626,5.025579452514648,0.6612011790275574,6.0292229652404785,1.003643274307251,,,,,,,,,,,,,,,,,,,,,,512,1.5517444610595703,0.9954878091812134,0.9996799230575562,cell-002-4a3528c0206e,2,4a3528c0206eb2d1a222ef6001e2ce54478d17701fb8dec6e6fa71401d9d6fe6,8,0.9454072117805481,3.985027551651001,0.12702128291130066,4.064681053161621,0.477588027715683,0.3110855084191276,2048,6462c87c5c2aa5cb0dcd6afe9c4a0fab1a45d764f9166f84c6184af6723f1b0e,910004,910000,False,,,,,,,,,False,,,,,,,,,,1.0,0.0008639133302494884,1.0,0.0008908265735954046,0.003,seed-mechanisms-v2,4,0.0,32,1,2,adamw,0.6528615355491638,-0.707522988319397,0.31383174657821655,,,,,,,,,,1.2552906274795532,1.9608983993530273,7.892560958862305,,,,,,,,,,0.2842615842819214,2.90757161565125e-05,-3.820236088358797e-05,0.5673828125,1.0112518793903291e-05,-0.7899066209793091,-2.8089838451705873e-05,,,,,,,,,,,,,,,,,,,,,,0.26922357082366943,5.522544961422682e-05,0.00019245180010329932,0.5341796875,-0.001274653128348291,-0.833764910697937,-0.0010822014883160591,,,,,,,,,,,,,,,,,,,,,,0.14918962121009827,-0.02752562239766121,0.32813605666160583,0.35566169023513794,2.6501450538635254,0.1214321106672287,0.038097724318504333,0.7041546106338501,0.6660568714141846,2.229188919067383,0.1214321106672287,0.038097724318504333,0.7041546106338501,0.6660568714141846,2.229188919067383,0.117070272564888,0.006576291285455227,0.9291942119598389,0.9226179122924805,1.1020822525024414,0.117070272564888,0.006576291285455227,0.9291942119598389,0.9226179122924805,1.1020822525024414,snapshot-mechanisms-v1,2,seeds/cell-002-4a3528c0206e/seed-2/snapshots/step-000800.pt,800,800,7097b902cc3f3a43380d0b66433b0a90ecf3915af0cdb913b8b407b76daf38af,scaling-tuned-adamw-10seeds-v1,0.007321661338210106,0.0006801248528063297,910005,0.00013964585377834737,0.0005641094758175313,0.00017184781609103084,1.4509800166706555e-05,9.570914698997512e-05,1.1175870895385742e-08,0.0005641095340251923,0.9997482299804688,0.00015690673899371177,8.119934500427917e-05,0.0005641095340251923,0.0
0.45993781089782715,0.07023075222969055,0.02341025322675705,0.45184361934661865,4.58128023147583,0.4779256582260132,4.560118675231934,-0.021161310374736786,,,,,,,,,,,,,,,,,,,,,,0.055834583938121796,0.018611527979373932,0.4601936340332031,4.553109169006348,0.48397180438041687,4.653103351593018,0.0999942198395729,,,,,,,,,,,,,,,,,,,,,,512,1.9078867435455322,1.0112671852111816,0.9972591400146484,cell-002-4a3528c0206e,2,4a3528c0206eb2d1a222ef6001e2ce54478d17701fb8dec6e6fa71401d9d6fe6,8,0.8770372867584229,4.31769323348999,0.1378878653049469,4.412411689758301,0.45347052812576294,0.3110855084191276,2048,6462c87c5c2aa5cb0dcd6afe9c4a0fab1a45d764f9166f84c6184af6723f1b0e,910006,910000,False,,,,,,,,,False,,,,,,,,,,1.0,0.0008990775095298886,1.0,0.0006148968823254108,0.003,seed-mechanisms-v2,4,0.0,32,1,2,adamw,0.4805648922920227,1.0343984365463257,1.2690141201019287,,,,,,,,,,1.0010035037994385,1.5669469833374023,4.422558784484863,,,,,,,,,,0.2519042491912842,0.0015704233665019274,-0.0006129209068603814,0.56298828125,0.0015682278899475932,-1.803676962852478,0.0009553070412948728,,,,,,,,,,,,,,,,,,,,,,0.28720664978027344,0.0004202566924504936,1.03883066913113e-05,0.56005859375,0.002078937366604805,-0.5556256771087646,0.0020893258042633533,,,,,,,,,,,,,,,,,,,,,,0.17018833756446838,-0.036819279193878174,0.46856361627578735,0.5053828954696655,2.398972749710083,0.12904438376426697,-0.03195387125015259,0.6321024894714355,0.6640563607215881,2.1074583530426025,0.12904438376426697,-0.03195387125015259,0.6321024894714355,0.6640563607215881,2.1074583530426025,0.11008891463279724,-0.011543468572199345,0.9574713706970215,0.9690148234367371,1.1365009546279907,0.11008891463279724,-0.011543468572199345,0.9574713706970215,0.9690148234367371,1.1365009546279907,snapshot-mechanisms-v1,3,seeds/cell-002-4a3528c0206e/seed-3/snapshots/step-000800.pt,800,800,7097b902cc3f3a43380d0b66433b0a90ecf3915af0cdb913b8b407b76daf38af,scaling-tuned-adamw-10seeds-v1,0.007635324727743864,0.0006139264442026615,910007,0.00020761237828992307,0.0006694482872262597,0.0001576080685481429,1.4565628589480184e-05,0.00013705923629458994,1.4901161193847656e-08,0.0006694482290185988,0.9976967573165894,0.0001671685604378581,0.00012249361316207796,0.0006694482290185988,0.0
0.41751208901405334,0.05758971348404884,0.01919657178223133,0.3163164258003235,3.973618984222412,0.626093864440918,4.70538330078125,0.7317637801170349,,,,,,,,,,,,,,,,,,,,,,0.1958327293395996,0.0652775838971138,0.5107627511024475,2.835400104522705,0.2934045195579529,2.2177090644836426,-0.6176912188529968,,,,,,,,,,,,,,,,,,,,,,512,1.7548065185546875,1.0049641132354736,0.9992728233337402,cell-002-4a3528c0206e,2,4a3528c0206eb2d1a222ef6001e2ce54478d17701fb8dec6e6fa71401d9d6fe6,8,0.9528117179870605,4.520267009735107,0.142873615026474,4.571955680847168,0.4450027346611023,0.3110855084191276,2048,6462c87c5c2aa5cb0dcd6afe9c4a0fab1a45d764f9166f84c6184af6723f1b0e,910008,910000,False,,,,,,,,,False,,,,,,,,,,0.99951171875,0.0020213467068970203,1.0,0.0004831867408938706,0.003,seed-mechanisms-v2,4,0.0,32,1,2,adamw,0.5820428133010864,1.4592205286026,2.4210495948791504,,,,,,,,,,1.0295681953430176,1.1448769569396973,3.1250786781311035,,,,,,,,,,0.289368212223053,0.00019069632980972528,0.00016184122068807483,0.5693359375,0.005762259941548109,-1.1867315769195557,0.005924100987613201,,,,,,,,,,,,,,,,,,,,,,0.2767791748046875,0.006261457689106464,0.0025137518532574177,0.5712890625,0.0004723574093077332,-0.21513666212558746,0.0029861093498766422,,,,,,,,,,,,,,,,,,,,,,0.07151126116514206,-0.006203305907547474,0.6850359439849854,0.6912392377853394,2.4058518409729004,0.11122086644172668,0.03718343749642372,0.8999617099761963,0.8627783060073853,1.3469653129577637,0.11122086644172668,0.03718343749642372,0.8999617099761963,0.8627783060073853,1.3469653129577637,0.11054511368274689,0.02221067249774933,0.968549370765686,0.9463387727737427,1.1977567672729492,0.11054511368274689,0.02221067249774933,0.968549370765686,0.9463387727737427,1.1977567672729492,snapshot-mechanisms-v1,4,seeds/cell-002-4a3528c0206e/seed-4/snapshots/step-000800.pt,800,800,7097b902cc3f3a43380d0b66433b0a90ecf3915af0cdb913b8b407b76daf38af,scaling-tuned-adamw-10seeds-v1,0.004754825495183468,0.0008687332738190889,910009,8.675007848069072e-05,0.0004916078178212047,0.00011671340325847268,3.785161970881745e-05,0.00018935406114906073,5.960464477539063e-08,0.0004916078178212047,0.9999585747718811,9.8790304036811e-05,0.00015150243416428566,0.0004916078178212047,0.0
0.5017596483230591,0.05159761756658554,0.017199205234646797,0.14086097478866577,3.0611276626586914,0.8075414299964905,5.418447971343994,2.357320547103882,,,,,,,,,,,,,,,,,,,,,,0.34800150990486145,0.11600050330162048,0.32282090187072754,0.8800984621047974,0.329177588224411,1.2128592729568481,0.33276084065437317,,,,,,,,,,,,,,,,,,,,,,512,1.601298451423645,0.9788376092910767,0.9989427924156189,cell-002-4a3528c0206e,2,4a3528c0206eb2d1a222ef6001e2ce54478d17701fb8dec6e6fa71401d9d6fe6,8,0.946452260017395,4.745753765106201,0.15061314404010773,4.819620609283447,0.42751213908195496,0.3110855084191276,2048,6462c87c5c2aa5cb0dcd6afe9c4a0fab1a45d764f9166f84c6184af6723f1b0e,910010,910000,False,,,,,,,,,False,,,,,,,,,,1.0,0.0005345689132809639,1.0,0.0005002417601644993,0.003,seed-mechanisms-v2,4,0.0,32,1,2,adamw,0.6585186719894409,1.2889487743377686,2.258110523223877,,,,,,,,,,0.9554364681243896,0.4159305691719055,1.2910497188568115,,,,,,,,,,0.21656259894371033,2.9280396120157093e-05,0.0001231497444678098,0.4951171875,-0.0004929318674840033,-2.253552198410034,-0.00036978215212002397,,,,,,,,,,,,,,,,,,,,,,0.2661193311214447,4.07903607992921e-05,-0.00018163926142733544,0.5849609375,-0.00021318733342923224,-0.6603624820709229,-0.00039482658030465245,,,,,,,,,,,,,,,,,,,,,,0.08665207028388977,-0.13290667533874512,0.5390894412994385,0.6719961762428284,2.4900715351104736,0.14576394855976105,0.01414525881409645,0.8527295589447021,0.838584303855896,1.4643032550811768,0.14576394855976105,0.01414525881409645,0.8527295589447021,0.838584303855896,1.4643032550811768,0.15361839532852173,0.020873289555311203,0.9165228605270386,0.8956495523452759,1.2830837965011597,0.15361839532852173,0.020873289555311203,0.9165228605270386,0.8956495523452759,1.2830837965011597,snapshot-mechanisms-v1,5,seeds/cell-002-4a3528c0206e/seed-5/snapshots/step-000800.pt,800,800,7097b902cc3f3a43380d0b66433b0a90ecf3915af0cdb913b8b407b76daf38af,scaling-tuned-adamw-10seeds-v1,0.008378660306334496,0.00028390935040079057,910011,0.00014768877008464187,0.0005348545964807272,0.00015517958672717214,4.26934502684162e-06,5.6814558774931356e-05,6.28642737865448e-09,0.0005348545964807272,0.9990096092224121,0.00017517164815217257,5.254521602182649e-05,0.0005348545964807272,0.0
0.4519273042678833,0.25995081663131714,0.08665028214454651,0.5463379621505737,2.018479108810425,0.19371125102043152,0.7405804991722107,-1.2778985500335693,,,,,,,,,,,,,,,,,,,,,,0.06098795682191849,0.020329318940639496,0.12188909947872162,3.0476229190826416,0.8171229362487793,5.416680812835693,2.3690576553344727,,,,,,,,,,,,,,,,,,,,,,512,1.5711016654968262,1.0136369466781616,0.9995074272155762,cell-002-4a3528c0206e,2,4a3528c0206eb2d1a222ef6001e2ce54478d17701fb8dec6e6fa71401d9d6fe6,8,0.933911919593811,4.130066871643066,0.1347387731075287,4.311640739440918,0.45969393849372864,0.3110855084191276,2048,6462c87c5c2aa5cb0dcd6afe9c4a0fab1a45d764f9166f84c6184af6723f1b0e,910012,910000,False,,,,,,,,,False,,,,,,,,,,1.0,0.00036739406641572714,1.0,0.0003700045053847134,0.003,seed-mechanisms-v2,4,0.0,32,1,2,adamw,0.4015503525733948,0.5007393956184387,0.6255358457565308,,,,,,,,,,0.8058140277862549,1.7877779006958008,4.517474174499512,,,,,,,,,,0.2773486375808716,3.695550549309701e-05,0.00034712316119112074,0.55029296875,-0.0001192006457131356,-0.8813482522964478,0.00022792251547798514,,,,,,,,,,,,,,,,,,,,,,0.2685176730155945,0.0001341175229754299,6.308967567747459e-05,0.548828125,0.00010662141721695662,-0.991287887096405,0.00016971110017038882,,,,,,,,,,,,,,,,,,,,,,0.10355497896671295,-0.11437079310417175,0.2842634916305542,0.39863431453704834,2.404052257537842,0.05566518381237984,-0.14113308489322662,0.3852059245109558,0.5263389945030212,2.4679040908813477,0.05566518381237984,-0.14113308489322662,0.3852059245109558,0.5263389945030212,2.4679040908813477,0.09626320004463196,-0.002846650779247284,0.9532870054244995,0.9561336636543274,1.1379318237304688,0.09626320004463196,-0.002846650779247284,0.9532870054244995,0.9561336636543274,1.1379318237304688,snapshot-mechanisms-v1,6,seeds/cell-002-4a3528c0206e/seed-6/snapshots/step-000800.pt,800,800,7097b902cc3f3a43380d0b66433b0a90ecf3915af0cdb913b8b407b76daf38af,scaling-tuned-adamw-10seeds-v1,0.007637565955519676,0.00018149102106690407,910013,0.00014883995754644275,0.00039200426544994116,8.20088607724756e-05,4.074774096807232e-06,5.196597339818254e-05,5.413312464952469e-09,0.0003920042363461107,0.9993730783462524,0.0001091894373530522,4.789120066561736e-05,0.0003920042363461107,0.0
0.27405625581741333,0.08813747763633728,0.029379159212112427,0.5273735523223877,4.778003692626953,0.3844890296459198,2.6246304512023926,-2.1533737182617188,,,,,,,,,,,,,,,,,,,,,,0.25608742237091064,0.08536248654127121,0.46554750204086304,1.7976343631744385,0.2783650755882263,0.7562370896339417,-1.0413973331451416,,,,,,,,,,,,,,,,,,,,,,512,1.9303908348083496,0.9998206496238708,0.9979973435401917,cell-002-4a3528c0206e,2,4a3528c0206eb2d1a222ef6001e2ce54478d17701fb8dec6e6fa71401d9d6fe6,8,0.9121212363243103,4.780250072479248,0.15879996120929718,5.08159875869751,0.4112190008163452,0.3110855084191276,2048,6462c87c5c2aa5cb0dcd6afe9c4a0fab1a45d764f9166f84c6184af6723f1b0e,910014,910000,False,,,,,,,,,False,,,,,,,,,,0.99951171875,0.0018554003909230232,0.99951171875,0.001241164980456233,0.003,seed-mechanisms-v2,4,0.0,32,1,2,adamw,0.8345754146575928,0.14447136223316193,0.9511533975601196,,,,,,,,,,1.1109015941619873,1.0411508083343506,2.710887908935547,,,,,,,,,,0.3112517297267914,0.0009338048985227942,0.0007697346736676991,0.5771484375,-0.002381413010880351,-0.8216440677642822,-0.001611678279004991,,,,,,,,,,,,,,,,,,,,,,0.22151248157024384,0.0009663180098868906,-0.0005301116616465151,0.49560546875,-0.0003600931668188423,-1.0374447107315063,-0.000890204741153866,,,,,,,,,,,,,,,,,,,,,,0.18507714569568634,0.006035259459167719,0.4169920086860657,0.4109567403793335,2.093707799911499,0.20521527528762817,-0.07023212313652039,0.3589654266834259,0.4291975498199463,1.7293206453323364,0.20521527528762817,-0.07023212313652039,0.3589654266834259,0.4291975498199463,1.7293206453323364,0.24414248764514923,0.08057929575443268,0.6792356967926025,0.598656415939331,1.3000962734222412,0.24414248764514923,0.08057929575443268,0.6792356967926025,0.598656415939331,1.3000962734222412,snapshot-mechanisms-v1,7,seeds/cell-002-4a3528c0206e/seed-7/snapshots/step-000800.pt,800,800,7097b902cc3f3a43380d0b66433b0a90ecf3915af0cdb913b8b407b76daf38af,scaling-tuned-adamw-10seeds-v1,0.007687554694712162,0.0018741090316325426,910015,0.0002026457223109901,0.0010299875866621733,0.00023843738017603755,8.285620424430817e-05,0.0003354171058163047,2.9802322387695312e-08,0.0010299875866621733,0.9983919262886047,0.00025348729104734957,0.00025256091612391174,0.0010299875866621733,0.0
0.6512653827667236,0.05934637784957886,0.019782129675149918,0.09473642706871033,2.699770927429199,0.8459172248840332,5.292380332946777,2.592609405517578,,,,,,,,,,,,,,,,,,,,,,0.13976942002773285,0.04658980667591095,0.3372451364994049,3.4201083183288574,0.5229854583740234,3.924478769302368,0.5043708086013794,,,,,,,,,,,,,,,,,,,,,,512,1.7436223030090332,0.9861174821853638,1.0018914937973022,cell-002-4a3528c0206e,2,4a3528c0206eb2d1a222ef6001e2ce54478d17701fb8dec6e6fa71401d9d6fe6,8,0.9459869861602783,4.62702751159668,0.14950086176395416,4.784027576446533,0.42377620935440063,0.3110855084191276,2048,6462c87c5c2aa5cb0dcd6afe9c4a0fab1a45d764f9166f84c6184af6723f1b0e,910016,910000,False,,,,,,,,,False,,,,,,,,,,1.0,0.0009192968718707561,1.0,0.0008811053121462464,0.003,seed-mechanisms-v2,4,0.0,32,1,2,adamw,0.5392944812774658,1.128208875656128,1.6234657764434814,,,,,,,,,,1.2151970863342285,1.269235610961914,3.9748950004577637,,,,,,,,,,0.27158620953559875,2.458883318467997e-05,1.4830075087957084e-05,0.56201171875,0.0008484261343255639,-1.7192773818969727,0.0008632562239654362,,,,,,,,,,,,,,,,,,,,,,0.2362973988056183,0.00015749441809020936,0.00020331339328549802,0.49169921875,0.00039053172804415226,-0.42443400621414185,0.0005938451504334807,,,,,,,,,,,,,,,,,,,,,,0.07860926538705826,-0.019052641466259956,0.576892077922821,0.5959447026252747,2.4813289642333984,0.08116824924945831,-0.021300282329320908,0.828345000743866,0.8496453166007996,1.5941076278686523,0.08116824924945831,-0.021300282329320908,0.828345000743866,0.8496453166007996,1.5941076278686523,0.10078005492687225,-0.0023918435908854008,0.9732110500335693,0.9756028652191162,1.1446237564086914,0.10078005492687225,-0.0023918435908854008,0.9732110500335693,0.9756028652191162,1.1446237564086914,snapshot-mechanisms-v1,8,seeds/cell-002-4a3528c0206e/seed-8/snapshots/step-000800.pt,800,800,7097b902cc3f3a43380d0b66433b0a90ecf3915af0cdb913b8b407b76daf38af,scaling-tuned-adamw-10seeds-v1,0.007334444206207991,0.00027361459797248244,910017,0.0003333740751259029,0.0010496132308617234,0.0002113932278007269,2.7147179935127497e-05,0.00019682495621964335,2.9802322387695312e-08,0.0010496133472770452,1.0018713474273682,0.00030802100081928074,0.00016967777628451586,0.0010496133472770452,0.0
0.421083927154541,0.0004492191656026989,0.00014973973156884313,0.9991624355316162,10.826656341552734,0.0003882987075485289,-0.05790134146809578,-10.884557723999023,,,,,,,,,,,,,,,,,,,,,,0.05992181599140167,0.019973937422037125,0.07817493379116058,3.3581509590148926,0.8619032502174377,6.195372581481934,2.837221384048462,,,,,,,,,,,,,,,,,,,,,,512,1.6518957614898682,0.9776521921157837,0.9990823268890381,cell-002-4a3528c0206e,2,4a3528c0206eb2d1a222ef6001e2ce54478d17701fb8dec6e6fa71401d9d6fe6,8,0.9375118017196655,3.842745542526245,0.12441810965538025,3.981379508972168,0.47440406680107117,0.3110855084191276,2048,6462c87c5c2aa5cb0dcd6afe9c4a0fab1a45d764f9166f84c6184af6723f1b0e,910018,910000,False,,,,,,,,,False,,,,,,,,,,1.0,0.0002777899499051273,1.0,0.0002238922897959128,0.003,seed-mechanisms-v2,4,0.0,32,1,2,adamw,0.8893252015113831,-0.7292994260787964,0.4229044020175934,,,,,,,,,,1.134105920791626,2.1842236518859863,8.298742294311523,,,,,,,,,,0.2930259108543396,4.311154988556609e-09,-2.0070797290827613e-06,0.57373046875,-1.8773032479657559e-06,-0.1913526952266693,-3.884382749674842e-06,,,,,,,,,,,,,,,,,,,,,,0.2915240526199341,7.672115316381678e-05,-1.6746031178627163e-05,0.60302734375,-0.0005516644450835884,-0.6503640413284302,-0.0005684104398824275,,,,,,,,,,,,,,,,,,,,,,0.010365564376115799,-0.4343176484107971,-0.09244237840175629,0.341875284910202,2.4854540824890137,0.061536163091659546,-0.12858566641807556,0.6135743260383606,0.7421599626541138,2.273064613342285,0.061536163091659546,-0.12858566641807556,0.6135743260383606,0.7421599626541138,2.273064613342285,0.11100346595048904,0.007626782171428204,0.9520926475524902,0.9444658160209656,1.1312956809997559,0.11100346595048904,0.007626782171428204,0.9520926475524902,0.9444658160209656,1.1312956809997559,snapshot-mechanisms-v1,9,seeds/cell-002-4a3528c0206e/seed-9/snapshots/step-000800.pt,800,800,7097b902cc3f3a43380d0b66433b0a90ecf3915af0cdb913b8b407b76daf38af,scaling-tuned-adamw-10seeds-v1,0.004217945039272308,0.0001342320756521076,910019,9.745215356815606e-05,0.00025875205756165087,5.899578536627814e-05,3.5808689062832855e-06,3.398624176043086e-05,7.450580596923828e-09,0.00025875208666548133,0.9993337988853455,6.831789505667984e-05,3.0405373763642274e-05,0.00025875208666548133,0.0
0.15527430176734924,0.2086925208568573,0.06956417858600616,0.23562660813331604,2.474834442138672,0.5556808710098267,4.141636371612549,1.666802167892456,0.30852800607681274,0.10284267365932465,0.30838096141815186,2.642392873764038,0.383091002702713,1.7066700458526611,-0.9357229471206665,0.22920212149620056,0.07640071213245392,0.33020925521850586,2.377042293548584,0.44058865308761597,2.691481113433838,0.31443867087364197,0.4421731233596802,0.14739105105400085,0.43852531909942627,1.5972237586975098,0.11930154263973236,0.23756438493728638,-1.3596594333648682,0.7184972763061523,0.23949909210205078,0.14203855395317078,-0.7527266144752502,0.13946419954299927,-0.8622900247573853,-0.1095634177327156,0.6627005338668823,0.22090017795562744,0.20578940212726593,-0.42799636721611023,0.13151006400585175,-0.704725980758667,-0.2767295837402344,0.3099824786186218,0.10332749038934708,0.40179628133773804,2.085292339324951,0.28822124004364014,1.6098721027374268,-0.4754202961921692,0.4122709035873413,0.13742364943027496,0.3060430884361267,0.8779076337814331,0.2816859483718872,0.8361735343933105,-0.04173414036631584,512,1.7626793384552002,0.9991623163223267,0.9814743399620056,cell-003-3e79f448723e,3,3e79f448723e8a6792127d635f28a82e7d127a07c78f415dd4c09e82b8253153,8,0.9366365671157837,3.7892069816589355,0.12623877823352814,4.0396409034729,0.47419899702072144,0.3110855084191276,2048,6462c87c5c2aa5cb0dcd6afe9c4a0fab1a45d764f9166f84c6184af6723f1b0e,910000,910000,False,,,,,,,,,False,,,,,,,,,,0.99560546875,0.01577896997332573,0.9970703125,0.012541444040834904,0.003,seed-mechanisms-v2,4,0.0,32,4,2,adamw,0.6450650691986084,1.4134602546691895,2.297873020172119,0.47180503606796265,0.1910572052001953,0.4853956699371338,0.33612334728240967,1.6335740089416504,1.4883127212524414,0.22240817546844482,1.7171876430511475,1.0030934810638428,0.36443954706192017,0.1851077675819397,0.39960944652557373,0.8511561155319214,-0.21862246096134186,0.632107138633728,0.3575397729873657,0.37368038296699524,0.45125651359558105,0.5343095064163208,0.1641768366098404,0.5626425743103027,0.3094942569732666,0.0009271049639210105,-0.0006504046614281833,0.599609375,-0.0052493866533041,-0.8990541100502014,-0.005899791605770588,0.29891055822372437,0.0017388013657182455,-0.0015952554531395435,0.56884765625,0.0036676872987300158,-0.6555919647216797,0.0020724316127598286,0.29523423314094543,0.0014640609733760357,0.0005047665326856077,0.5771484375,-0.0027401712723076344,-1.1581051349639893,-0.0022354049142450094,0.2827078104019165,0.0003193541197106242,-6.251651211641729e-05,0.56298828125,-0.0006879945285618305,-0.6677286624908447,-0.0007505109533667564,0.24027544260025024,0.00040141752106137574,-0.0006404203013516963,0.5068359375,-0.0001582750555826351,-0.3796042203903198,-0.0007986953714862466,0.24911576509475708,0.001840974553488195,0.0019690284971147776,0.5048828125,0.0001200091210193932,-0.22929777204990387,0.0020890377927571535,0.22865080833435059,0.0007143442053347826,0.00010178328375332057,0.509765625,0.00025859277229756117,-0.2232854664325714,0.00036037591053172946,0.24683734774589539,0.0004929368733428419,-0.0002987104235216975,0.5009765625,7.156065839808434e-05,-0.2944042384624481,-0.00022714973601978272,0.05556750297546387,-0.03544290363788605,0.6041349768638611,0.6395778656005859,2.3748669624328613,0.1470193862915039,0.045716188848018646,0.856054961681366,0.8103387355804443,1.3469289541244507,0.1470193862915039,0.045716188848018646,0.856054961681366,0.8103387355804443,1.3469289541244507,0.10533425211906433,0.005892857443541288,0.8896953463554382,0.8838024735450745,1.2339508533477783,0.10533425211906433,0.005892857443541288,0.8896953463554382,0.8838024735450745,1.2339508533477783,snapshot-mechanisms-v1,0,seeds/cell-003-3e79f448723e/seed-0/snapshots/step-000800.pt,800,800,7097b902cc3f3a43380d0b66433b0a90ecf3915af0cdb913b8b407b76daf38af,scaling-tuned-adamw-10seeds-v1,0.04111624136567116,0.015775419771671295,910001,0.0018643400399014354,0.01506634708493948,0.004385048523545265,0.0015252529410645366,0.005982549861073494,1.1920928955078125e-07,0.015066346153616905,0.9824853539466858,0.002834408078342676,0.0044572968035936356,0.015066346153616905,0.0
0.18951135873794556,0.5503425002098083,0.18344751000404358,0.18142811954021454,-0.06527112424373627,0.2682293653488159,0.1783159077167511,0.24358701705932617,0.5274403095245361,0.1758134514093399,0.17666533589363098,-0.17244386672973633,0.2958943247795105,0.41235852241516113,0.5848023891448975,0.5423111915588379,0.1807703971862793,0.19715455174446106,0.07656428962945938,0.26053422689437866,0.26099520921707153,0.18443095684051514,0.4554561376571655,0.15181872248649597,0.24038508534431458,0.38800621032714844,0.3041587471961975,0.6078578233718872,0.21985158324241638,0.4632467031478882,0.154415562748909,0.2668662965297699,0.6480116248130798,0.2698870301246643,-0.03331293910741806,-0.6813246011734009,0.21199016273021698,0.07066339254379272,0.43022477626800537,5.870319843292236,0.35778507590293884,2.3450441360473633,-3.525275707244873,0.19863559305667877,0.06621186435222626,0.40621596574783325,3.010937213897705,0.3951484262943268,2.9390616416931152,-0.07187554240226746,0.23348546028137207,0.07782848924398422,0.341091513633728,2.377847194671631,0.4254230260848999,2.649226188659668,0.2713789641857147,512,1.7134320735931396,0.9499368667602539,0.9784780740737915,cell-003-3e79f448723e,3,3e79f448723e8a6792127d635f28a82e7d127a07c78f415dd4c09e82b8253153,8,0.9368257522583008,3.654447317123413,0.12382595986127853,3.962430715560913,0.4749765992164612,0.3110855084191276,2048,6462c87c5c2aa5cb0dcd6afe9c4a0fab1a45d764f9166f84c6184af6723f1b0e,910002,910000,False,,,,,,,,,False,,,,,,,,,,0.9931640625,0.02305418998003006,0.9951171875,0.021546006202697754,0.003,seed-mechanisms-v2,4,0.0,32,4,2,adamw,0.26731613278388977,-0.5442147850990295,0.14173218607902527,0.2505505681037903,-1.1192822456359863,0.07740336656570435,0.1660928875207901,0.34527355432510376,0.19993990659713745,0.22459033131599426,0.28619861602783203,0.2683945894241333,0.2247372418642044,0.4993720054626465,0.32954299449920654,1.1599453687667847,0.20044466853141785,1.2494816780090332,0.4901425242424011,1.5625733137130737,1.9707387685775757,0.6284162998199463,1.2419801950454712,1.738870620727539,0.20385420322418213,0.007336707320064306,-0.0005557091208174825,0.55029296875,0.00014531766646541655,-0.0731290802359581,-0.0004103915416635573,0.2337445169687271,0.0051412214525043964,0.0021807521115988493,0.5634765625,-0.00014613286475650966,0.053016576915979385,0.002034619450569153,0.23468750715255737,0.0038318552542477846,0.0018116866704076529,0.5390625,0.0009779423708096147,-0.19737404584884644,0.002789628691971302,0.2849600911140442,0.0037769433110952377,0.0009688310092315078,0.59033203125,0.0007715161191299558,-0.22995473444461823,0.00174034689553082,0.2597465515136719,0.0015037709381431341,0.0015916656702756882,0.54248046875,0.001041956478729844,-1.0228166580200195,0.0026336221490055323,0.283621221780777,0.020163148641586304,0.006446369923651218,0.59326171875,-0.020558342337608337,-0.6597219705581665,-0.014111973345279694,0.24325215816497803,0.005177450366318226,0.0037583294324576855,0.53857421875,-0.011104276403784752,-1.194031000137329,-0.007345946971327066,0.3267679214477539,0.004932352341711521,0.0022252174094319344,0.61376953125,-0.003601047210395336,-0.6160308122634888,-0.0013758299173787236,0.14258743822574615,0.0882568359375,0.511084258556366,0.42282742261886597,2.0720505714416504,0.08266986906528473,-0.006134804338216782,0.5145237445831299,0.520658552646637,1.9725091457366943,0.08266986906528473,-0.006134804338216782,0.5145237445831299,0.520658552646637,1.9725091457366943,0.14264538884162903,0.04600881040096283,0.8874466419219971,0.841437816619873,1.0808686017990112,0.14264538884162903,0.04600881040096283,0.8874466419219971,0.841437816619873,1.0808686017990112,snapshot-mechanisms-v1,1,seeds/cell-003-3e79f448723e/seed-1/snapshots/step-000800.pt,800,800,7097b902cc3f3a43380d0b66433b0a90ecf3915af0cdb913b8b407b76daf38af,scaling-tuned-adamw-10seeds-v1,0.05781780555844307,0.02601209655404091,910003,0.0033633429557085037,0.02430107817053795,0.007495450787246227,0.0022036139853298664,0.009263250976800919,5.960464477539063e-08,0.02430107817053795,0.97691810131073,0.004179034847766161,0.0070596360601484776,0.02430107817053795,0.0
0.16689470410346985,0.38603097200393677,0.12867701053619385,0.26754531264305115,0.5539470911026001,0.3464237153530121,0.8670343160629272,0.3130872845649719,0.30590569972991943,0.10196857154369354,0.558118999004364,2.3827738761901855,0.13597527146339417,0.5484509468078613,-1.8343230485916138,0.03464360535144806,0.011547869071364403,0.9609482288360596,9.269994735717773,0.004408149514347315,-0.0047025419771671295,-9.274697303771973,0.3291443884372711,0.10971479117870331,0.30397292971611023,0.8150746822357178,0.36688268184661865,1.354783535003662,0.5397087931632996,0.13942526280879974,0.046475090086460114,0.5106395483016968,3.7507095336914062,0.3499352037906647,3.126187801361084,-0.6245216131210327,0.5360354781150818,0.1786784827709198,0.2623419761657715,0.264274537563324,0.20162254571914673,0.1395566463470459,-0.12471789121627808,0.5112260580062866,0.1704086810350418,0.18965542316436768,-0.3329423666000366,0.2991185188293457,-0.34142231941223145,-0.008479954674839973,0.33108842372894287,0.11036281287670135,0.18028676509857178,0.6734858751296997,0.48862481117248535,1.945378065109253,1.2718923091888428,512,1.7884173393249512,1.00355863571167,0.9716536998748779,cell-003-3e79f448723e,3,3e79f448723e8a6792127d635f28a82e7d127a07c78f415dd4c09e82b8253153,8,0.9380916357040405,4.00096321105957,0.12864144146442413,4.116526126861572,0.4729160964488983,0.3110855084191276,2048,6462c87c5c2aa5cb0dcd6afe9c4a0fab1a45d764f9166f84c6184af6723f1b0e,910004,910000,False,,,,,,,,,False,,,,,,,,,,0.99169921875,0.023975832387804985,0.99169921875,0.027720719575881958,0.003,seed-mechanisms-v2,4,0.0,32,4,2,adamw,0.2497815191745758,-0.9085213541984558,0.0903584212064743,0.21953317523002625,-0.3488723039627075,0.12406828999519348,0.32502833008766174,-0.21869826316833496,0.236364483833313,0.17900389432907104,0.8264555335044861,0.337319016456604,1.0123095512390137,1.7942793369293213,4.901808738708496,0.4714300334453583,1.2173502445220947,1.4295847415924072,0.2763347029685974,1.00941801071167,0.6411081552505493,0.44449108839035034,1.8184925317764282,2.123204231262207,0.2991957366466522,0.00959557481110096,-0.0002087817993015051,0.56494140625,-0.003133409656584263,-0.3886985778808594,-0.0033421912230551243,0.20738771557807922,0.000884176988620311,0.0007720908615738153,0.50390625,0.0014966026647016406,-1.443284511566162,0.002268693409860134,0.2153289020061493,3.370403646840714e-05,-0.0001762285828590393,0.4296875,-4.584708221955225e-05,-0.6725503206253052,-0.00022207567235454917,0.2484130859375,0.001209764275699854,-0.00017287209630012512,0.50341796875,0.003492954885587096,-1.2844449281692505,0.003320082789286971,0.28495240211486816,0.003928294405341148,0.0009365905425511301,0.5693359375,-0.0049859401769936085,-1.1152513027191162,-0.0040493495762348175,0.25707775354385376,0.000880406703799963,0.0002983919403050095,0.5166015625,-0.002448749728500843,-0.9645282030105591,-0.0021503581665456295,0.23842838406562805,0.00018027833721134812,-0.00012267746205907315,0.5146484375,0.0006171696586534381,-0.7346557974815369,0.0004944921238347888,0.23705977201461792,0.0009263277752324939,0.0004201957490295172,0.50244140625,0.002741989679634571,-1.349647879600525,0.0031621851958334446,0.10775862634181976,-0.12274177372455597,0.36251044273376465,0.4852522313594818,2.448791980743408,0.0785745233297348,0.009116994217038155,0.6029307842254639,0.5938137769699097,2.1179656982421875,0.0785745233297348,0.009116994217038155,0.6029307842254639,0.5938137769699097,2.1179656982421875,0.13853967189788818,0.03801519423723221,0.876767098903656,0.8387519121170044,1.0987790822982788,0.13853967189788818,0.03801519423723221,0.876767098903656,0.8387519121170044,1.0987790822982788,snapshot-mechanisms-v1,2,seeds/cell-003-3e79f448723e/seed-2/snapshots/step-000800.pt,800,800,7097b902cc3f3a43380d0b66433b0a90ecf3915af0cdb913b8b407b76daf38af,scaling-tuned-adamw-10seeds-v1,0.051399003714323044,0.025825725868344307,910005,0.00390535406768322,0.027379225939512253,0.008715808391571045,0.0018672114238142967,0.009344791993498802,8.940696716308594e-08,0.027379225939512253,0.9732727408409119,0.0054132710210978985,0.0074775805696845055,0.027379225939512253,0.0
0.1910758763551712,0.524753987789154,0.17491799592971802,0.20373642444610596,0.14036419987678528,0.27150958776474,0.1393364518880844,-0.0010277684777975082,0.22130823135375977,0.07376942038536072,0.3711581826210022,2.434483528137207,0.40753358602523804,2.63891863822937,0.20443512499332428,0.33382296562194824,0.11127432435750961,0.3348207175731659,1.9227689504623413,0.33135634660720825,1.1654198169708252,-0.7573491334915161,0.5146559476852417,0.17155197262763977,0.1505325436592102,-0.4417758584022522,0.3348115086555481,0.5704026818275452,1.0121785402297974,0.22309517860412598,0.07436506450176239,0.3665139079093933,2.74491548538208,0.4103909134864807,3.193375587463379,0.4484599828720093,0.46438878774642944,0.1547962725162506,0.290706604719162,0.5900573134422302,0.24490457773208618,0.5407364964485168,-0.04932083189487457,0.31200313568115234,0.10400104522705078,0.32989463210105896,1.5436866283416748,0.3581022322177887,1.879991054534912,0.33630436658859253,0.3087782859802246,0.102926105260849,0.5536212921142578,2.35595703125,0.1376003921031952,0.09066220372915268,-2.2652950286865234,512,1.7469943761825562,0.97640061378479,0.9669216871261597,cell-003-3e79f448723e,3,3e79f448723e8a6792127d635f28a82e7d127a07c78f415dd4c09e82b8253153,8,0.9842413663864136,4.10552978515625,0.1339532732963562,4.286504745483398,0.4609276354312897,0.3110855084191276,2048,6462c87c5c2aa5cb0dcd6afe9c4a0fab1a45d764f9166f84c6184af6723f1b0e,910006,910000,False,,,,,,,,,False,,,,,,,,,,0.99267578125,0.03295157104730606,0.9921875,0.033029329031705856,0.003,seed-mechanisms-v2,4,0.0,32,4,2,adamw,0.2514771521091461,-0.9425092935562134,0.08583307266235352,0.3598563075065613,0.6481035351753235,0.5756752490997314,0.3099556267261505,0.8175985813140869,0.5993331670761108,0.20413397252559662,0.20387181639671326,0.22142156958580017,1.1357762813568115,1.2852094173431396,3.387803077697754,0.9020355939865112,-0.7792476415634155,0.3861166536808014,0.536607027053833,0.8748994469642639,1.0883842706680298,0.43675240874290466,0.21329286694526672,0.4823407232761383,0.2647026777267456,0.003323664888739586,-0.0013877064920961857,0.57177734375,6.386110908351839e-05,0.0360838808119297,-0.001323845237493515,0.30134040117263794,0.021547196432948112,-0.00450532790273428,0.591796875,0.006836538668721914,-1.1348416805267334,0.0023312100674957037,0.25536373257637024,0.0075581735000014305,0.0022444287315011024,0.517578125,-0.0011220184387639165,-1.0659295320510864,0.0011224100599065423,0.2872183322906494,0.0013187240110710263,0.0004763306933455169,0.5634765625,-0.0023680953308939934,-0.8877275586128235,-0.0018917644629254937,0.2601637840270996,0.006752251647412777,-0.003108169184997678,0.5498046875,0.009479271247982979,-0.8088341355323792,0.006371102761477232,0.2738737463951111,0.0021990719251334667,-0.0009584100916981697,0.56201171875,-0.0003824222949333489,-0.18128429353237152,-0.0013408323284238577,0.22727173566818237,0.001729140873067081,-0.00033141233143396676,0.49072265625,0.0015045672189444304,-0.9466366767883301,0.0011731541017070413,0.2051192969083786,0.0002532461076043546,-0.0003517678997013718,0.46826171875,-0.0006472954410128295,-0.6580884456634521,-0.0009990633698180318,0.14528468251228333,-0.05975816398859024,0.3827839195728302,0.44254207611083984,2.417132616043091,0.13026300072669983,0.01656188815832138,0.4407655596733093,0.42420363426208496,1.9876911640167236,0.13026300072669983,0.01656188815832138,0.4407655596733093,0.42420363426208496,1.9876911640167236,0.14883612096309662,0.0348314605653286,0.8351989984512329,0.800367534160614,1.1386806964874268,0.14883612096309662,0.0348314605653286,0.8351989984512329,0.800367534160614,1.1386806964874268,snapshot-mechanisms-v1,3,seeds/cell-003-3e79f448723e/seed-3/snapshots/step-000800.pt,800,800,7097b902cc3f3a43380d0b66433b0a90ecf3915af0cdb913b8b407b76daf38af,scaling-tuned-adamw-10seeds-v1,0.05943155288696289,0.02196505293250084,910007,0.005496619734913111,0.0344461165368557,0.010563511401414871,0.0020125198643654585,0.010583177208900452,1.1920928955078125e-07,0.0344461165368557,0.966740608215332,0.007802807725965977,0.00857065711170435,0.0344461165368557,0.0
0.21291862428188324,0.4775228500366211,0.15917429327964783,0.21248073875904083,0.1411849558353424,0.3099963665008545,0.4026432931423187,0.2614583373069763,0.4261661469936371,0.14205539226531982,0.2537918984889984,1.4595447778701782,0.3200419843196869,-0.3114556074142456,-1.7710003852844238,0.19957447052001953,0.06652482599020004,0.2687283754348755,2.8123788833618164,0.531697154045105,3.515277624130249,0.7028988599777222,0.4898632764816284,0.16328778862953186,0.19290581345558167,0.11812081933021545,0.31723088026046753,0.2405286431312561,0.12240783870220184,0.536557674407959,0.17885255813598633,0.2327904999256134,0.1781657636165619,0.2306518256664276,0.22929516434669495,0.05112940073013306,0.2615320384502411,0.0871773436665535,0.3952484726905823,1.9155561923980713,0.34321945905685425,1.7567044496536255,-0.15885162353515625,0.3409218192100525,0.11364060640335083,0.14508084952831268,0.8316258192062378,0.5139973163604736,2.5701136589050293,1.738487958908081,0.43872368335723877,0.1462412327528,0.3678082823753357,1.0306437015533447,0.19346800446510315,0.16907471418380737,-0.8615689277648926,512,1.7286782264709473,0.9918988943099976,0.9924795627593994,cell-003-3e79f448723e,3,3e79f448723e8a6792127d635f28a82e7d127a07c78f415dd4c09e82b8253153,8,0.9533073902130127,4.2578229904174805,0.13692991435527802,4.3817572593688965,0.45061612129211426,0.3110855084191276,2048,6462c87c5c2aa5cb0dcd6afe9c4a0fab1a45d764f9166f84c6184af6723f1b0e,910008,910000,False,,,,,,,,,False,,,,,,,,,,0.9970703125,0.011922323144972324,0.99658203125,0.013070600107312202,0.003,seed-mechanisms-v2,4,0.0,32,4,2,adamw,0.3125390112400055,-0.31971555948257446,0.19386345148086548,0.3272113502025604,0.13923989236354828,0.3191468119621277,0.34278249740600586,0.7485774159431458,0.6504182815551758,0.2437332272529602,-0.9833786487579346,0.07934555411338806,0.5026730895042419,0.27004557847976685,0.5272859334945679,0.5382014513015747,1.8279924392700195,2.561408042907715,0.9617093801498413,0.774166464805603,1.7098290920257568,0.5201113224029541,0.278032124042511,0.6239532828330994,0.2439175546169281,0.011178090237081051,0.0013594755437225103,0.55517578125,-0.00030663679353892803,-0.14682546257972717,0.0010528377024456859,0.29583683609962463,0.000857811770401895,0.0003639933420345187,0.56689453125,0.00039684807416051626,-0.6623700857162476,0.000760841416195035,0.2782055139541626,0.010981002822518349,-0.001414032536558807,0.57763671875,-0.011539477854967117,-1.537219524383545,-0.012953509576618671,0.2280956357717514,0.003923377022147179,-0.0005656451685354114,0.52978515625,0.0005319868214428425,-0.30105292797088623,-3.365857992321253e-05,0.22519804537296295,0.00018480393919162452,-4.047418769914657e-05,0.46728515625,0.0008763435180298984,-0.924407958984375,0.0008358693448826671,0.2089993953704834,0.0007708960911259055,0.0005809242720715702,0.4638671875,-0.006049918010830879,-0.7165690660476685,-0.005468994379043579,0.270746111869812,0.003430444048717618,2.466142177581787e-05,0.556640625,-0.014123277738690376,-1.119645118713379,-0.014098618179559708,0.265274316072464,0.0001485457323724404,0.0009003787999972701,0.5302734375,-0.0002859954838640988,-0.7554864883422852,0.0006143833743408322,0.04886426776647568,5.4326606914401054e-05,0.5682120323181152,0.5681576728820801,2.411383628845215,0.08842337876558304,0.04200076311826706,0.5926389694213867,0.5506381988525391,1.8223366737365723,0.08842337876558304,0.04200076311826706,0.5926389694213867,0.5506381988525391,1.8223366737365723,0.11811596155166626,0.03225937485694885,0.9485328197479248,0.9162734746932983,1.1397238969802856,0.11811596155166626,0.03225937485694885,0.9485328197479248,0.9162734746932983,1.1397238969802856,snapshot-mechanisms-v1,4,seeds/cell-003-3e79f448723e/seed-4/snapshots/step-000800.pt,800,800,7097b902cc3f3a43380d0b66433b0a90ecf3915af0cdb913b8b407b76daf38af,scaling-tuned-adamw-10seeds-v1,0.03807436674833298,0.018107715994119644,910009,0.0014232260873541236,0.015221262350678444,0.004869409836828709,0.001800212194211781,0.006588186603039503,8.940696716308594e-08,0.01522126141935587,0.9918116331100464,0.0023404392413794994,0.004787974525243044,0.015221262350678444,0.0
0.18462657928466797,0.4699257016181946,0.1566419005393982,0.22122131288051605,0.36282265186309814,0.30885300040245056,0.7595736980438232,0.3967510461807251,0.48786890506744385,0.16262297332286835,0.2188607007265091,0.12647393345832825,0.29327040910720825,0.4348502457141876,0.3083763122558594,0.2654639482498169,0.08848798274993896,0.40598171949386597,2.037907838821411,0.32855433225631714,1.726162075996399,-0.31174585223197937,0.3543679416179657,0.1181226521730423,0.3709864020347595,1.135633111000061,0.2746456265449524,0.9065574407577515,-0.2290756106376648,0.4989967942237854,0.16633227467536926,0.18712091445922852,0.16636043787002563,0.3138822913169861,0.6644042730331421,0.49804383516311646,0.5407037138938904,0.18023458123207092,0.23999369144439697,-0.005791123956441879,0.21930259466171265,0.03670758008956909,0.04249870404601097,0.3332440257072449,0.11108134686946869,0.2882385849952698,1.6060007810592651,0.37851738929748535,1.3940584659576416,-0.21194228529930115,0.17519964277744293,0.058399882167577744,0.42288970947265625,2.610220193862915,0.401910662651062,2.455622673034668,-0.15459786355495453,512,1.7290747165679932,0.9956382513046265,0.9677095413208008,cell-003-3e79f448723e,3,3e79f448723e8a6792127d635f28a82e7d127a07c78f415dd4c09e82b8253153,8,0.9291408061981201,4.76654052734375,0.15504738688468933,4.961516380310059,0.42421606183052063,0.3110855084191276,2048,6462c87c5c2aa5cb0dcd6afe9c4a0fab1a45d764f9166f84c6184af6723f1b0e,910010,910000,False,,,,,,,,,False,,,,,,,,,,0.99169921875,0.032769713550806046,0.99365234375,0.02852228656411171,0.003,seed-mechanisms-v2,4,0.0,32,4,2,adamw,0.1856001913547516,-1.3393003940582275,0.05181226506829262,0.18042437732219696,-0.06431406736373901,0.1539854109287262,0.2752179205417633,0.7459208965301514,0.5076783299446106,0.21272557973861694,0.48851048946380615,0.3029649555683136,0.33451777696609497,0.22008991241455078,0.37265634536743164,0.46529078483581543,0.8143776655197144,0.850665271282196,0.36301538348197937,1.3411574363708496,1.0545501708984375,0.4713584780693054,1.8275439739227295,2.1507606506347656,0.24419182538986206,0.008839553222060204,0.0005853199400007725,0.5419921875,0.0019401710014790297,-0.40565264225006104,0.0025254907086491585,0.2552429437637329,0.0022982030641287565,0.0006146410014480352,0.560546875,-0.000806380296126008,-0.36564192175865173,-0.00019173941109329462,0.23967576026916504,0.0020754374563694,0.0003380009438842535,0.53759765625,-0.0076409317553043365,-1.7202603816986084,-0.007302930578589439,0.2377854436635971,0.004426826257258654,-0.00014690932584926486,0.50634765625,-0.002487027086317539,-0.9164901971817017,-0.0026339362375438213,0.27931469678878784,0.00045275394222699106,0.00010483176447451115,0.53173828125,-1.1617652489803731e-05,-0.41228950023651123,9.32141556404531e-05,0.2964795231819153,0.0020591483917087317,-0.0003368877514731139,0.564453125,0.0019080678466707468,-0.6828282475471497,0.0015711798332631588,0.2051805555820465,0.0022646584548056126,-0.0001807615626603365,0.4853515625,0.00044854788575321436,-1.464383602142334,0.0002677864977158606,0.22480326890945435,0.0017683010082691908,-0.0006640476640313864,0.5107421875,0.0007935940520837903,-1.725069522857666,0.0001295467372983694,0.09237277507781982,-0.11546069383621216,0.4379459023475647,0.5534065961837769,2.311931610107422,0.07344669848680496,-0.0728091448545456,0.4218882918357849,0.4946974217891693,2.1316986083984375,0.07344669848680496,-0.0728091448545456,0.4218882918357849,0.4946974217891693,2.1316986083984375,0.1469496786594391,0.032657697796821594,0.8472445011138916,0.8145867586135864,1.2027223110198975,0.1469496786594391,0.032657697796821594,0.8472445011138916,0.8145867586135864,1.2027223110198975,snapshot-mechanisms-v1,5,seeds/cell-003-3e79f448723e/seed-5/snapshots/step-000800.pt,800,800,7097b902cc3f3a43380d0b66433b0a90ecf3915af0cdb913b8b407b76daf38af,scaling-tuned-adamw-10seeds-v1,0.06617619097232819,0.023589221760630608,910011,0.004794897511601448,0.032502397894859314,0.01026918739080429,0.0022198697552084923,0.010105314664542675,1.1920928955078125e-07,0.032502397894859314,0.9673821330070496,0.007332998793572187,0.007885444909334183,0.032502397894859314,0.0
0.22779494524002075,0.5281034708023071,0.17603451013565063,0.1618175506591797,-0.368450403213501,0.31007900834083557,0.48653337359428406,0.8549838066101074,0.37605881690979004,0.12535293400287628,0.3335975110530853,0.7690045833587646,0.29034367203712463,0.7794238328933716,0.010419238358736038,0.38855236768722534,0.12951745092868805,0.3094175159931183,0.9086617827415466,0.30203014612197876,0.8496174812316895,-0.05904427170753479,0.23156780004501343,0.07718926668167114,0.39601707458496094,2.4933180809020996,0.37241512537002563,2.3653512001037598,-0.12796708941459656,0.37498894333839417,0.12499631941318512,0.21085932850837708,-0.010977167636156082,0.41415172815322876,1.437414526939392,1.4483916759490967,0.6467467546463013,0.2155822515487671,0.14403510093688965,-0.6701960563659668,0.20921814441680908,-0.2730770409107208,0.39711904525756836,0.20728839933872223,0.06909613311290741,0.30269381403923035,2.6859138011932373,0.49001777172088623,3.2754905223846436,0.5895768404006958,0.3530222177505493,0.1176740750670433,0.17743094265460968,0.03716456517577171,0.4695468544960022,1.9981707334518433,1.9610061645507812,512,1.7064716815948486,0.9641599059104919,0.976459801197052,cell-003-3e79f448723e,3,3e79f448723e8a6792127d635f28a82e7d127a07c78f415dd4c09e82b8253153,8,0.9482958316802979,3.641831636428833,0.11897759139537811,3.8072829246520996,0.4878486096858978,0.3110855084191276,2048,6462c87c5c2aa5cb0dcd6afe9c4a0fab1a45d764f9166f84c6184af6723f1b0e,910012,910000,False,,,,,,,,,False,,,,,,,,,,0.99267578125,0.022178154438734055,0.99462890625,0.017955370247364044,0.003,seed-mechanisms-v2,4,0.0,32,4,2,adamw,0.1749970018863678,0.8127267956733704,0.338517427444458,0.1909462958574295,1.312248945236206,0.6105437278747559,0.1980387270450592,-0.7079083919525146,0.09109142422676086,0.4097660481929779,0.6395575404167175,0.6580816507339478,1.1446294784545898,-0.03628408908843994,0.896583080291748,0.296686053276062,0.128576397895813,0.31276318430900574,0.6280684471130371,1.6317272186279297,2.595430850982666,1.2805557250976562,-0.1284996122121811,0.954361081123352,0.2670539617538452,0.0020286780782043934,-0.0005007751751691103,0.5234375,-0.003072500228881836,-0.8510518074035645,-0.00357327563688159,0.31413576006889343,0.0020113831851631403,0.00027827019221149385,0.634765625,0.0006028750212863088,-0.9431678056716919,0.000881145300809294,0.3538777828216553,0.001937434310093522,0.0004190033068880439,0.6533203125,-0.0008378821075893939,0.02905120886862278,-0.0004188787133898586,0.3117917776107788,0.007540144957602024,0.0012436569668352604,0.6240234375,-0.001667121658101678,-1.20146906375885,-0.00042346492409706116,0.24790894985198975,0.014165299944579601,-0.002909052651375532,0.52099609375,0.001868193270638585,-0.876971960067749,-0.0010408596135675907,0.2559890151023865,0.0002629603259265423,-0.00047729123616591096,0.52783203125,-0.0010397996520623565,-0.28122106194496155,-0.0015170909464359283,0.29881370067596436,0.0026366282254457474,-0.0025086216628551483,0.60009765625,0.013013414107263088,-0.9874839186668396,0.010504791513085365,0.2829771041870117,0.005244859494268894,-0.0014853756874799728,0.556640625,-0.0038837622851133347,-0.9639077186584473,-0.00536913750693202,0.033913884311914444,-0.20108111202716827,0.2681748569011688,0.4692559838294983,2.3936057090759277,0.015859484672546387,-0.2203090488910675,0.22593137621879578,0.4462404251098633,2.4356846809387207,0.015859484672546387,-0.2203090488910675,0.22593137621879578,0.4462404251098633,2.4356846809387207,0.1481332778930664,0.02992648258805275,0.814684271812439,0.7847578525543213,1.1596958637237549,0.1481332778930664,0.02992648258805275,0.814684271812439,0.7847578525543213,1.1596958637237549,snapshot-mechanisms-v1,6,seeds/cell-003-3e79f448723e/seed-6/snapshots/step-000800.pt,800,800,7097b902cc3f3a43380d0b66433b0a90ecf3915af0cdb913b8b407b76daf38af,scaling-tuned-adamw-10seeds-v1,0.043419696390628815,0.02340414747595787,910013,0.003001278033480048,0.019845647737383842,0.005913770291954279,0.0015370259061455727,0.007149858400225639,1.1920928955078125e-07,0.019845647737383842,0.9764375686645508,0.0037807398475706577,0.005612832494080067,0.019845647737383842,0.0
0.08112113922834396,0.12211231887340546,0.04070410877466202,0.8362801671028137,4.184440612792969,0.04160749912261963,0.577696681022644,-3.606743574142456,0.29723358154296875,0.09907787293195724,0.35723525285720825,3.6611807346343994,0.345531165599823,1.9500614404678345,-1.7111191749572754,0.19639845192432404,0.06546615064144135,0.46284958720207214,4.160983562469482,0.340751975774765,2.884751319885254,-1.2762322425842285,0.6488984823226929,0.21629948914051056,0.18380065262317657,-2.882284641265869,0.16730087995529175,-3.479844331741333,-0.5975600481033325,0.5004624128341675,0.16682080924510956,0.2708103358745575,0.2564954459667206,0.22872726619243622,0.14447705447673798,-0.1120183989405632,0.24345391988754272,0.08115130662918091,0.5023690462112427,4.925337314605713,0.254177063703537,1.1619541645050049,-3.763383388519287,0.5411974191665649,0.18039914965629578,0.38554954528808594,-0.8370589017868042,0.07325302064418793,-3.3502485752105713,-2.5131897926330566,0.4056847095489502,0.1352282464504242,0.4115479588508606,0.9929376840591431,0.1827673465013504,0.0629422515630722,-0.9299953579902649,512,1.9445856809616089,0.9861817359924316,0.9884310960769653,cell-003-3e79f448723e,3,3e79f448723e8a6792127d635f28a82e7d127a07c78f415dd4c09e82b8253153,8,0.938784122467041,4.290894031524658,0.13885074853897095,4.44322395324707,0.4406473934650421,0.3110855084191276,2048,6462c87c5c2aa5cb0dcd6afe9c4a0fab1a45d764f9166f84c6184af6723f1b0e,910014,910000,False,,,,,,,,,False,,,,,,,,,,0.99365234375,0.022867102175951004,0.994140625,0.022920891642570496,0.003,seed-mechanisms-v2,4,0.0,32,4,2,adamw,0.37569135427474976,-0.043846581131219864,0.37645435333251953,0.16940106451511383,0.4077029228210449,0.21716754138469696,0.38468343019485474,0.5159183144569397,0.5777819752693176,0.09756292402744293,-0.23488810658454895,0.06231527030467987,0.6349484920501709,0.13403692841529846,0.6511610150337219,0.852269172668457,1.2296257019042969,2.3849306106567383,0.529533863067627,-0.16029015183448792,0.4145861566066742,0.8761109113693237,-0.7007139921188354,0.3991249203681946,0.29916679859161377,0.0004126732237637043,0.00031484788632951677,0.6025390625,-0.0009809281909838319,-0.7791720032691956,-0.0006660802173428237,0.22858145833015442,0.021494189277291298,0.004220332019031048,0.5380859375,-0.01125965267419815,-1.4513530731201172,-0.007039320655167103,0.2566347122192383,0.008289952762424946,0.003223047126084566,0.5517578125,-0.0011805815156549215,-1.4418078660964966,0.0020424663089215755,0.3374670147895813,0.0014662554021924734,0.0007078732014633715,0.7138671875,-0.0008280118345282972,-0.8785799741744995,-0.00012013863306492567,0.3100389540195465,0.0005416747299022973,0.0013232892379164696,0.61865234375,-0.0006256211781874299,0.12284110486507416,0.0006976679433137178,0.18418531119823456,0.0009673102758824825,-0.00010115094482898712,0.5224609375,-0.002647360321134329,-0.9492043256759644,-0.002748511265963316,0.209479421377182,0.0015083939069882035,-0.00015183465438894928,0.529296875,-0.0007057471666485071,-0.6473451852798462,-0.000857581733725965,0.2642790973186493,0.0040167998522520065,-0.0009687087731435895,0.544921875,-0.0013408439699560404,-0.8775383830070496,-0.0023095528595149517,0.14442652463912964,-0.0603213831782341,0.4244803786277771,0.4848017692565918,2.0510807037353516,0.30991291999816895,-0.1552942544221878,0.19127297401428223,0.34656721353530884,2.2131009101867676,0.30991291999816895,-0.1552942544221878,0.19127297401428223,0.34656721353530884,2.2131009101867676,0.3213989734649658,0.06938880681991577,0.42197155952453613,0.35258275270462036,1.4813029766082764,0.3213989734649658,0.06938880681991577,0.42197155952453613,0.35258275270462036,1.4813029766082764,snapshot-mechanisms-v1,7,seeds/cell-003-3e79f448723e/seed-7/snapshots/step-000800.pt,800,800,7097b902cc3f3a43380d0b66433b0a90ecf3915af0cdb913b8b407b76daf38af,scaling-tuned-adamw-10seeds-v1,0.03211697190999985,0.01665172167122364,910015,0.00328497844748199,0.021131983026862144,0.005254327319562435,0.0023278133012354374,0.009348287247121334,1.1920928955078125e-07,0.021131981164216995,0.9889439344406128,0.0032443879172205925,0.007020474411547184,0.021131981164216995,0.0
0.17354241013526917,0.4231625497341156,0.1410541832447052,0.2782985270023346,0.4876673221588135,0.2985389530658722,0.5595623850822449,0.0718950629234314,0.4716752767562866,0.157225102186203,0.22346246242523193,0.4252977967262268,0.30486226081848145,0.7306941747665405,0.30539631843566895,0.46642595529556274,0.15547531843185425,0.1911485195159912,0.22174736857414246,0.34242552518844604,0.8294245004653931,0.6076771020889282,0.29882675409317017,0.09960891306400299,0.31567955017089844,1.4800575971603394,0.3854936957359314,1.7103025913238525,0.23024508357048035,0.31069934368133545,0.10356644541025162,0.3092596232891083,1.7604670524597168,0.38004106283187866,1.7664623260498047,0.005995213985443115,0.4098418653011322,0.13661395013332367,0.418182373046875,0.7969918251037598,0.1719757616519928,0.016323858872056007,-0.7806679606437683,0.5799105167388916,0.19330349564552307,0.23238849639892578,-0.005164910573512316,0.18770098686218262,-0.2972835302352905,-0.2921186089515686,0.2890207767486572,0.09634026885032654,0.31049057841300964,1.5106983184814453,0.40048861503601074,1.810326337814331,0.29962801933288574,512,1.7214398384094238,0.9488880634307861,0.9648497104644775,cell-003-3e79f448723e,3,3e79f448723e8a6792127d635f28a82e7d127a07c78f415dd4c09e82b8253153,8,0.9503027200698853,3.6563074588775635,0.12666085362434387,4.053147315979004,0.4671615660190582,0.3110855084191276,2048,6462c87c5c2aa5cb0dcd6afe9c4a0fab1a45d764f9166f84c6184af6723f1b0e,910016,910000,False,,,,,,,,,False,,,,,,,,,,0.9873046875,0.04578661173582077,0.98583984375,0.0463399738073349,0.003,seed-mechanisms-v2,4,0.0,32,4,2,adamw,0.24256350100040436,0.12008623778820038,0.22406694293022156,0.30454084277153015,0.005163450259715319,0.25410372018814087,0.2707524299621582,0.31243839859962463,0.32493287324905396,0.31029757857322693,0.7487634420394897,0.6055470705032349,1.4642584323883057,-0.4492257237434387,0.795752763748169,0.6307448148727417,-0.5863978862762451,0.3384995460510254,0.6069484949111938,0.47775647044181824,0.8643205165863037,1.2584633827209473,1.0283551216125488,2.769951343536377,0.2619934380054474,0.006961404345929623,-0.0005062989075668156,0.5361328125,-0.0017515583895146847,-0.5656993389129639,-0.0022578572388738394,0.2582905888557434,0.006004050839692354,0.0024068583734333515,0.55078125,0.0011057319352403283,-0.351468563079834,0.0035125904250890017,0.28847768902778625,0.00922361295670271,0.0011868927394971251,0.5634765625,-0.0011289252433925867,-0.394876092672348,5.7967728935182095e-05,0.3104848861694336,0.003850712673738599,0.0029606851749122143,0.5830078125,0.001992803765460849,-0.8289793729782104,0.004953489173203707,0.25852903723716736,0.010833276435732841,0.0010672563221305609,0.5380859375,0.005432169884443283,-0.9395211935043335,0.006499426905065775,0.23150289058685303,0.0023635898251086473,-0.000835157698020339,0.4658203125,-0.0015186879318207502,-0.8139066696166992,-0.0023538460955023766,0.2723813056945801,0.005660552065819502,-0.0004020766355097294,0.52783203125,0.0013256731908768415,-0.5650206804275513,0.0009235967881977558,0.29922276735305786,0.010002249851822853,-0.0026908335275948048,0.54931640625,-0.004239849746227264,-0.891093909740448,-0.006930682808160782,0.23593445122241974,0.17206695675849915,0.6431827545166016,0.47111576795578003,2.3397607803344727,0.06782419234514236,-0.03868240490555763,0.46132734417915344,0.5000097751617432,2.2101006507873535,0.06782419234514236,-0.03868240490555763,0.46132734417915344,0.5000097751617432,2.2101006507873535,0.14811618626117706,0.04982275143265724,0.8719942569732666,0.8221715092658997,1.185813546180725,0.14811618626117706,0.04982275143265724,0.8719942569732666,0.8221715092658997,1.185813546180725,snapshot-mechanisms-v1,8,seeds/cell-003-3e79f448723e/seed-8/snapshots/step-000800.pt,800,800,7097b902cc3f3a43380d0b66433b0a90ecf3915af0cdb913b8b407b76daf38af,scaling-tuned-adamw-10seeds-v1,0.07730063796043396,0.03370571881532669,910017,0.00498606450855732,0.04023674130439758,0.0140933683142066,0.0026129530742764473,0.011849379166960716,1.1920928955078125e-07,0.04023674130439758,0.9678797721862793,0.00930793210864067,0.009236426092684269,0.04023674130439758,0.0
0.1678730845451355,0.0789535865187645,0.026317862793803215,0.893840491771698,3.897446632385254,0.027205903083086014,0.1455349624156952,-3.7519116401672363,0.3006444573402405,0.10021482408046722,0.5776633024215698,1.9194207191467285,0.12169226258993149,0.2725358307361603,-1.6468849182128906,0.27007782459259033,0.09002594649791718,0.6315460205078125,2.072206497192383,0.09837615489959717,0.10215342044830322,-1.97005295753479,0.35392075777053833,0.11797359585762024,0.5000255703926086,1.456722378730774,0.14605364203453064,0.198650524020195,-1.2580718994140625,0.5195423364639282,0.17318075895309448,0.2580295205116272,0.2878720462322235,0.22242820262908936,0.062291476875543594,-0.2255805879831314,0.18777161836624146,0.06259053945541382,0.3228203356266022,2.5631935596466064,0.48940804600715637,3.5460596084594727,0.982866108417511,0.0987757220864296,0.03292524069547653,0.12485667318105698,8.179224014282227,0.7763676047325134,10.678220748901367,2.4989967346191406,0.4961034059524536,0.16536781191825867,0.2738471031188965,0.27716851234436035,0.23004946112632751,0.3243982493877411,0.04722973331809044,512,1.8508901596069336,1.0008420944213867,0.9876044988632202,cell-003-3e79f448723e,3,3e79f448723e8a6792127d635f28a82e7d127a07c78f415dd4c09e82b8253153,8,0.9671054482460022,2.5636043548583984,0.08099217712879181,2.591749668121338,0.6108867526054382,0.3110855084191276,2048,6462c87c5c2aa5cb0dcd6afe9c4a0fab1a45d764f9166f84c6184af6723f1b0e,910018,910000,False,,,,,,,,,False,,,,,,,,,,0.9970703125,0.011303160339593887,0.9951171875,0.013346079736948013,0.003,seed-mechanisms-v2,4,0.0,32,4,2,adamw,0.3253461718559265,-0.5077370405197144,0.1802682727575302,0.11160097271203995,0.6181397438049316,0.18342873454093933,0.25867781043052673,-0.31919485330581665,0.17509664595127106,0.38875141739845276,-1.168481469154358,0.0980825275182724,0.3650664687156677,0.11097453534603119,0.33355581760406494,0.617433488368988,1.6258459091186523,2.8349177837371826,0.5990744829177856,2.525482416152954,5.920270919799805,0.14798614382743835,1.1965985298156738,0.3942466676235199,0.40692800283432007,3.103964263573289e-05,2.1171024854993448e-05,0.70703125,3.258728247601539e-05,0.0029403753578662872,5.3758296417072415e-05,0.2666172981262207,7.06893770257011e-05,-9.076931019080803e-05,0.5517578125,4.112323222216219e-05,-1.0446945428848267,-4.9646085244603455e-05,0.18235981464385986,0.0004911822034046054,-4.6135857701301575e-05,0.583984375,5.5071453971322626e-05,0.09321664273738861,8.935632649809122e-06,0.19033366441726685,0.0011895769275724888,-0.00035639526322484016,0.52587890625,-0.00022137918858788908,-0.05129427835345268,-0.0005777743645012379,0.30800318717956543,0.0009766959119588137,0.0005371285369619727,0.609375,9.975350985769182e-05,0.20656970143318176,0.0006368819158524275,0.29873406887054443,0.00186625006608665,0.0004269022319931537,0.56298828125,0.0034417235292494297,-0.599480926990509,0.0038686259649693966,0.2802925109863281,0.0008858006913214922,-0.0002729942789301276,0.65283203125,0.0033353224862366915,-1.3500488996505737,0.003062328090891242,0.1988251507282257,9.125281940214336e-05,-0.0004298696876503527,0.525390625,2.773267260636203e-05,-0.05423114076256752,-0.00040213699685409665,0.11930156499147415,-0.45652341842651367,0.042054492980241776,0.49857792258262634,2.209263801574707,0.04428162798285484,-0.062499456107616425,0.7362725734710693,0.7987719774246216,2.0190839767456055,0.04428162798285484,-0.062499456107616425,0.7362725734710693,0.7987719774246216,2.0190839767456055,0.11702660471200943,0.020861752331256866,0.959133505821228,0.9382717609405518,1.0989724397659302,0.11702660471200943,0.020861752331256866,0.959133505821228,0.9382717609405518,1.0989724397659302,snapshot-mechanisms-v1,9,seeds/cell-003-3e79f448723e/seed-9/snapshots/step-000800.pt,800,800,7097b902cc3f3a43380d0b66433b0a90ecf3915af0cdb913b8b407b76daf38af,scaling-tuned-adamw-10seeds-v1,0.030544672161340714,0.01250440813601017,910019,0.001673425198532641,0.015661798417568207,0.006134166847914457,0.00040637661004438996,0.003988051321357489,1.1920928955078125e-07,0.015661798417568207,0.9872123003005981,0.0038661560975015163,0.0035816743038594723,0.015661798417568207,0.0
0.476471483707428,0.276913046836853,0.09230435639619827,0.48981624841690063,1.6807466745376587,0.23327067494392395,0.8599755764007568,-0.8207709789276123,,,,,,,,,,,,,,,,,,,,,,0.06745676696300507,0.02248559147119522,0.09808096289634705,1.5683149099349976,0.8344622850418091,4.709169387817383,3.1408543586730957,,,,,,,,,,,,,,,,,,,,,,512,1.5747249126434326,0.9719054102897644,1.00049889087677,cell-004-173da0011095,4,173da0011095e8e3e23853ce3b6ca590a8e0464a26cab8018f60b090e7cb4be2,8,0.7492567300796509,3.506941556930542,0.4604705274105072,3.6837642192840576,0.4138619005680084,0.0,2048,6462c87c5c2aa5cb0dcd6afe9c4a0fab1a45d764f9166f84c6184af6723f1b0e,910000,910000,True,0.0002775892789941281,-0.001423520501703024,0.3560667037963867,0.61962890625,0.00017603981541469693,-0.0008344801026396453,0.00023552976199425757,-0.0022580004297196865,True,0.0034355432726442814,5.348888225853443e-05,0.619766116142273,0.857421875,0.003895808942615986,-0.0010438577737659216,0.0003969069221056998,-0.0009903688915073872,16,1.0,0.0004627963644452393,1.0,0.00046319462126120925,0.003,seed-mechanisms-v2,4,0.0,8,1,2,adamw,0.6127641797065735,0.028107352554798126,0.5984727144241333,,,,,,,,,,0.6594169735908508,0.952878475189209,1.6794065237045288,,,,,,,,,,0.2526572644710541,0.0001611089101061225,-0.0007898019393905997,0.50830078125,0.00013658043462783098,-0.6395915150642395,-0.0006532214465551078,,,,,,,,,,,,,,,,,,,,,,0.2938757836818695,0.00012259291543159634,-0.0007674111984670162,0.611328125,-0.00012998766032978892,-1.3618239164352417,-0.0008973989170044661,,,,,,,,,,,,,,,,,,,,,,0.06910470128059387,-0.2352437674999237,0.17213109135627747,0.40737485885620117,2.370358943939209,0.10497219115495682,-0.1681935340166092,0.20171673595905304,0.36991026997566223,2.5382981300354004,-0.029595673084259033,-0.12224096059799194,0.2719101011753082,0.3941510319709778,2.4025466442108154,0.13640254735946655,0.03249610587954521,0.4761306643486023,0.443634569644928,2.192502021789551,0.23655028641223907,0.13319307565689087,0.6001219749450684,0.4669289290904999,1.5948740243911743,snapshot-mechanisms-v1,0,seeds/cell-004-173da0011095/seed-0/snapshots/step-000800.pt,800,800,7097b902cc3f3a43380d0b66433b0a90ecf3915af0cdb913b8b407b76daf38af,scaling-tuned-adamw-10seeds-v1,0.01310308463871479,0.0003555950243026018,910001,0.00013541299267672002,0.0004600777174346149,9.646498074289411e-05,8.442557373200543e-06,9.657455666456372e-05,9.313225746154785e-09,0.00046007774653844535,1.0005369186401367,0.00013162518735043705,8.813200111035258e-05,0.00046007774653844535,0.0
0.2671557664871216,0.10432755202054977,0.03477585315704346,0.45524752140045166,3.422764778137207,0.44042494893074036,3.115884780883789,-0.30687999725341797,,,,,,,,,,,,,,,,,,,,,,0.37652742862701416,0.1255091428756714,0.3693010210990906,1.3490386009216309,0.25417158007621765,0.8584054112434387,-0.49063318967819214,,,,,,,,,,,,,,,,,,,,,,512,1.9955401420593262,1.0036042928695679,1.0009031295776367,cell-004-173da0011095,4,173da0011095e8e3e23853ce3b6ca590a8e0464a26cab8018f60b090e7cb4be2,8,0.8883421421051025,3.7920713424682617,0.5044195652008057,4.035356521606445,0.3834267854690552,0.0,2048,6462c87c5c2aa5cb0dcd6afe9c4a0fab1a45d764f9166f84c6184af6723f1b0e,910002,910000,True,0.003874198067933321,0.0025676609948277473,0.5186998248100281,0.76220703125,0.0016873424174264073,-0.0020847946871072054,0.001279975287616253,0.00048286665696650743,True,0.002501326147466898,0.003915152046829462,0.5290879011154175,0.7763671875,0.005647793412208557,0.006030670367181301,0.008317424915730953,0.00994582287967205,16,1.0,0.0002021120162680745,1.0,0.00021393891074694693,0.003,seed-mechanisms-v2,4,0.0,8,1,2,adamw,0.7319197654724121,0.6371186971664429,1.3285536766052246,,,,,,,,,,1.026544451713562,0.19879482686519623,1.1881757974624634,,,,,,,,,,0.2880287766456604,0.0007603764533996582,-0.001874834531918168,0.54150390625,0.004545195493847132,-1.0802736282348633,0.00267036072909832,,,,,,,,,,,,,,,,,,,,,,0.30239540338516235,0.0025343741290271282,0.004355207085609436,0.58935546875,0.005777961574494839,-0.07516106218099594,0.010133168660104275,,,,,,,,,,,,,,,,,,,,,,0.0158961433917284,-0.15928687155246735,0.33562397956848145,0.4949108362197876,2.590029716491699,0.09356631338596344,-0.09809427708387375,0.45594313740730286,0.5540374517440796,1.9026535749435425,0.17956480383872986,0.03167213872075081,0.6216117143630981,0.5899395942687988,1.5050418376922607,0.1973842978477478,0.011785577982664108,0.5815684795379639,0.5697829127311707,1.597436785697937,0.29730165004730225,0.026226706802845,0.503017783164978,0.4767910838127136,1.403398036956787,snapshot-mechanisms-v1,1,seeds/cell-004-173da0011095/seed-1/snapshots/step-000800.pt,800,800,7097b902cc3f3a43380d0b66433b0a90ecf3915af0cdb913b8b407b76daf38af,scaling-tuned-adamw-10seeds-v1,0.007353771477937698,0.0001455479796277359,910003,4.516067201620899e-05,0.00020797198521904647,3.690204175654799e-05,1.1864365660585463e-05,7.665799057576805e-05,4.6566128730773926e-09,0.00020797198521904647,1.0006563663482666,4.9251277232542634e-05,6.479362491518259e-05,0.00020797198521904647,0.0
0.2539256513118744,0.15445801615715027,0.05148600786924362,0.4099488854408264,2.6168172359466553,0.4355930984020233,2.306990385055542,-0.3098267614841461,,,,,,,,,,,,,,,,,,,,,,0.20931661128997803,0.06977220624685287,0.5971670150756836,2.4849462509155273,0.19351640343666077,1.0592029094696045,-1.425743579864502,,,,,,,,,,,,,,,,,,,,,,512,1.6862393617630005,0.9894164800643921,1.00174880027771,cell-004-173da0011095,4,173da0011095e8e3e23853ce3b6ca590a8e0464a26cab8018f60b090e7cb4be2,8,0.8223271369934082,4.087615489959717,0.5149387121200562,4.119509696960449,0.3878105878829956,0.0,2048,6462c87c5c2aa5cb0dcd6afe9c4a0fab1a45d764f9166f84c6184af6723f1b0e,910004,910000,True,0.006602754816412926,-0.003176279366016388,0.4506227970123291,0.73486328125,0.010916151106357574,0.0020320492330938578,0.0060982415452599525,-0.0011442300165072083,True,0.01942512020468712,0.005062345415353775,0.5814778804779053,0.81103515625,0.017583265900611877,0.009684032760560513,0.011630456894636154,0.014746377244591713,16,1.0,0.001129238517023623,1.0,0.0008956356905400753,0.003,seed-mechanisms-v2,4,0.0,8,1,2,adamw,0.7888182401657104,0.5329552888870239,1.2797737121582031,,,,,,,,,,0.7647212743759155,0.08711174130439758,0.8007705211639404,,,,,,,,,,0.2890048921108246,0.007255869917571545,-0.005934017710387707,0.58837890625,0.003481494262814522,-1.244920253753662,-0.0024525236804038286,,,,,,,,,,,,,,,,,,,,,,0.2738441824913025,0.0024856925010681152,0.0024781618267297745,0.5361328125,-0.00019571400480344892,-0.4373816251754761,0.002282447647303343,,,,,,,,,,,,,,,,,,,,,,0.024399900808930397,-0.26050493121147156,0.25322145223617554,0.5137264132499695,2.3701558113098145,0.15423935651779175,-0.16870149970054626,0.2660031020641327,0.43470460176467896,2.0801286697387695,0.29667654633522034,-0.11467598378658295,0.20095022022724152,0.31562620401382446,2.3483033180236816,0.31896471977233887,-0.038426417857408524,0.24878782033920288,0.2872142195701599,2.182673215866089,0.1832001656293869,0.014948859810829163,0.2869182825088501,0.27196940779685974,1.9489860534667969,snapshot-mechanisms-v1,2,seeds/cell-004-173da0011095/seed-2/snapshots/step-000800.pt,800,800,7097b902cc3f3a43380d0b66433b0a90ecf3915af0cdb913b8b407b76daf38af,scaling-tuned-adamw-10seeds-v1,0.020361624658107758,0.0010570455342531204,910005,0.00026705925120040774,0.0009339665994048119,0.00019116832118015736,5.361864168662578e-05,0.0003275318304076791,1.0011717677116394e-08,0.0009339665994048119,1.0020112991333008,0.00014820715296082199,0.00027391320327296853,0.0009339665994048119,0.0
0.2575227618217468,0.07643553614616394,0.025478512048721313,0.4273509979248047,3.406485080718994,0.49621346592903137,3.4838898181915283,0.07740484923124313,,,,,,,,,,,,,,,,,,,,,,0.5615884065628052,0.18719613552093506,0.20690488815307617,0.07729777693748474,0.23150669038295746,0.19710686802864075,0.1198091059923172,,,,,,,,,,,,,,,,,,,,,,512,1.798818826675415,1.0010558366775513,0.999333918094635,cell-004-173da0011095,4,173da0011095e8e3e23853ce3b6ca590a8e0464a26cab8018f60b090e7cb4be2,8,0.69361412525177,3.46272349357605,0.4456835985183716,3.5654687881469727,0.41870954632759094,0.0,2048,6462c87c5c2aa5cb0dcd6afe9c4a0fab1a45d764f9166f84c6184af6723f1b0e,910006,910000,True,0.0010327594354748726,0.0005798047641292214,0.638577938079834,0.888671875,0.0008916571969166398,-0.0008551736827939749,0.00021389263565652072,-0.000275368889560923,True,0.000902027590200305,-5.245995271252468e-05,0.5325360298156738,0.76416015625,0.001272630412131548,-0.0015234838938340545,0.00039757805643603206,-0.0015759437810629606,16,1.0,0.0003726279246620834,1.0,0.000340877624694258,0.003,seed-mechanisms-v2,4,0.0,8,1,2,adamw,0.9065226316452026,0.8859967589378357,2.054633855819702,,,,,,,,,,0.7310394048690796,0.03594202548265457,0.7286863923072815,,,,,,,,,,0.2940134108066559,0.00019964337116107345,-0.0003815909440163523,0.60498046875,6.511864194180816e-05,-1.4868849515914917,-0.0003164723457302898,,,,,,,,,,,,,,,,,,,,,,0.17703381180763245,0.00012118515587644652,0.0005267985397949815,0.5029296875,0.00033652319689281285,-0.03055712953209877,0.0008633217075839639,,,,,,,,,,,,,,,,,,,,,,0.17726969718933105,-0.03289511054754257,0.46419018507003784,0.4970852732658386,2.353301763534546,0.3082137703895569,0.09322699904441833,0.6246655583381653,0.5314385890960693,1.78535795211792,0.42830777168273926,0.2790556848049164,0.7656060457229614,0.48655039072036743,1.5926923751831055,0.5799139738082886,0.467890202999115,0.8366869688034058,0.368796706199646,1.6256768703460693,0.6497728228569031,0.5775083303451538,0.879656970500946,0.30214858055114746,1.4824103116989136,snapshot-mechanisms-v1,3,seeds/cell-004-173da0011095/seed-3/snapshots/step-000800.pt,800,800,7097b902cc3f3a43380d0b66433b0a90ecf3915af0cdb913b8b407b76daf38af,scaling-tuned-adamw-10seeds-v1,0.010489939711987972,0.00021907784685026854,910007,0.00010043493239209056,0.0003508235386107117,9.8354576039128e-05,8.397569217777345e-06,8.064479334279895e-05,4.773028194904327e-09,0.00035082350950688124,0.9991902112960815,7.138921500882134e-05,7.224723231047392e-05,0.00035082350950688124,0.0
0.42348718643188477,0.34993648529052734,0.11664550751447678,0.31869834661483765,1.0152225494384766,0.3313651382923126,1.140628457069397,0.12540596723556519,,,,,,,,,,,,,,,,,,,,,,0.12464329600334167,0.04154776781797409,0.20155414938926697,2.1422312259674072,0.6738025546073914,3.87026309967041,1.728031873703003,,,,,,,,,,,,,,,,,,,,,,512,1.718638300895691,0.9727362394332886,0.9997180104255676,cell-004-173da0011095,4,173da0011095e8e3e23853ce3b6ca590a8e0464a26cab8018f60b090e7cb4be2,8,0.8536480665206909,3.0646674633026123,0.428966760635376,3.431734085083008,0.43170350790023804,0.0,2048,6462c87c5c2aa5cb0dcd6afe9c4a0fab1a45d764f9166f84c6184af6723f1b0e,910008,910000,True,6.524848868139088e-05,-0.00036478007677942514,0.43040013313293457,0.7021484375,0.00010711542563512921,0.00017127787577919662,9.193420555675402e-05,-0.00019350221555214375,True,0.00034760840935632586,-0.0007880786433815956,0.5400826930999756,0.802734375,0.0005140833090990782,-0.0006447254563681781,0.00041268314816989005,-0.0014328040415421128,16,1.0,0.00014864676631987095,1.0,0.00015310994058381766,0.003,seed-mechanisms-v2,4,0.0,8,1,2,adamw,0.7434837222099304,-0.05724410340189934,0.6831692457199097,,,,,,,,,,0.9236689805984497,1.1605560779571533,2.7704062461853027,,,,,,,,,,0.29875391721725464,9.677594061940908e-05,0.00018620053015183657,0.572265625,-0.00010000736801885068,-0.21588200330734253,8.619317668490112e-05,,,,,,,,,,,,,,,,,,,,,,0.3289087414741516,0.0002173118118662387,0.00020937997032888234,0.60498046875,-0.0020258910953998566,-0.7195558547973633,-0.0018165111541748047,,,,,,,,,,,,,,,,,,,,,,0.08147682249546051,-0.18666930496692657,0.22631533443927765,0.4129846692085266,2.362579822540283,0.15767811238765717,-0.0018887644400820136,0.4693152606487274,0.47120401263237,2.2225921154022217,0.09039148688316345,0.021163949742913246,0.5800963640213013,0.5589324235916138,1.9772536754608154,0.17085325717926025,0.11650744080543518,0.786690354347229,0.6701829433441162,1.6286296844482422,0.1738053411245346,0.10495496541261673,0.8525984287261963,0.7476435303688049,1.3330364227294922,snapshot-mechanisms-v1,4,seeds/cell-004-173da0011095/seed-4/snapshots/step-000800.pt,800,800,7097b902cc3f3a43380d0b66433b0a90ecf3915af0cdb913b8b407b76daf38af,scaling-tuned-adamw-10seeds-v1,0.006443115882575512,9.603680518921465e-05,910009,5.6675384257687256e-05,0.00015184098447207361,2.6856949261855334e-05,4.1316202441521455e-06,3.477440623100847e-05,4.394678398966789e-09,0.00015184099902398884,0.9997209310531616,3.353426291141659e-05,3.064278280362487e-05,0.00015184099902398884,0.0
0.2878339886665344,0.1348329484462738,0.044944316148757935,0.7270281910896301,3.1063106060028076,0.13813884556293488,1.1703464984893799,-1.9359639883041382,,,,,,,,,,,,,,,,,,,,,,0.13574327528476715,0.04524776339530945,0.3365355134010315,2.853670358657837,0.5277211666107178,3.3232219219207764,0.4695515036582947,,,,,,,,,,,,,,,,,,,,,,512,1.9775519371032715,1.0334389209747314,0.9996222257614136,cell-004-173da0011095,4,173da0011095e8e3e23853ce3b6ca590a8e0464a26cab8018f60b090e7cb4be2,8,0.7204505801200867,3.4697515964508057,0.5109952688217163,4.0879621505737305,0.3689172863960266,0.0,2048,6462c87c5c2aa5cb0dcd6afe9c4a0fab1a45d764f9166f84c6184af6723f1b0e,910010,910000,True,0.0001497159100836143,-0.00028000317979604006,0.38761115074157715,0.6474609375,0.00024162720364984125,0.00010097321501234546,0.00010679589468054473,-0.00017903003026731312,True,0.0009029112989082932,-6.920378655195236e-05,0.6337690949440002,0.87109375,0.0010796072892844677,-5.8644276577979326e-05,0.00016825590864755213,-0.0001278480631299317,16,1.0,0.0002024118002736941,1.0,0.00021349164308048785,0.003,seed-mechanisms-v2,4,0.0,8,1,2,adamw,0.8240213394165039,-0.2572735548019409,0.621683657169342,,,,,,,,,,0.9418850541114807,0.7349114418029785,1.90496027469635,,,,,,,,,,0.2752503752708435,8.371410513063893e-05,-0.00031976067111827433,0.5595703125,-0.00038175773806869984,-0.9016814827919006,-0.0007015183800831437,,,,,,,,,,,,,,,,,,,,,,0.26741355657577515,0.00016840713215060532,-0.0003085364878643304,0.53662109375,0.0002183203905588016,-0.6831083297729492,-9.021617006510496e-05,,,,,,,,,,,,,,,,,,,,,,0.21629944443702698,-0.18689483404159546,0.18910157680511475,0.3759964108467102,2.3896124362945557,0.293781578540802,-0.1201394647359848,0.22181788086891174,0.34195733070373535,2.152374744415283,0.05759108066558838,-0.17144685983657837,0.37504684925079346,0.5464937090873718,2.159174680709839,0.13990239799022675,-0.0017804442904889584,0.4937191605567932,0.4954996407032013,1.8115911483764648,0.2691965103149414,0.1997767835855484,0.6232925653457642,0.42351576685905457,1.261852502822876,snapshot-mechanisms-v1,5,seeds/cell-004-173da0011095/seed-5/snapshots/step-000800.pt,800,800,7097b902cc3f3a43380d0b66433b0a90ecf3915af0cdb913b8b407b76daf38af,scaling-tuned-adamw-10seeds-v1,0.007933959364891052,0.00015346240252256393,910011,6.673376628896222e-05,0.00021171299158595502,5.087823228677735e-05,5.874869202671107e-06,5.14252606080845e-05,4.423782229423523e-09,0.00021171299158595502,0.9995976686477661,4.267572512617335e-05,4.555039049591869e-05,0.00021171299158595502,0.0
0.20237357914447784,0.07985125482082367,0.026617087423801422,0.5510892271995544,3.339183807373047,0.3690595030784607,2.890375852584839,-0.44880807399749756,,,,,,,,,,,,,,,,,,,,,,0.3488990366458893,0.11629968881607056,0.47249653935432434,1.4505289793014526,0.178604394197464,0.469370573759079,-0.981158435344696,,,,,,,,,,,,,,,,,,,,,,512,1.932550072669983,0.9937164783477783,0.9993269443511963,cell-004-173da0011095,4,173da0011095e8e3e23853ce3b6ca590a8e0464a26cab8018f60b090e7cb4be2,8,0.8330938816070557,3.810288429260254,0.5017101764678955,4.013681411743164,0.3727518916130066,0.0,2048,6462c87c5c2aa5cb0dcd6afe9c4a0fab1a45d764f9166f84c6184af6723f1b0e,910012,910000,True,3.573722642613575e-05,2.523404691601172e-05,0.3411240577697754,0.61669921875,6.20134815108031e-05,-0.00022349771461449564,9.229934948962182e-05,-0.0001982636604225263,True,0.00043829588685184717,-0.00017372214642819017,0.592159628868103,0.82958984375,0.0006166404928080738,0.0007574999472126365,0.00011458593507995829,0.0005837777862325311,16,1.0,0.00015521682507824153,1.0,0.0001488898415118456,0.003,seed-mechanisms-v2,4,0.0,8,1,2,adamw,0.9058223366737366,1.2620704174041748,3.1076691150665283,,,,,,,,,,0.9550303816795349,0.09546602517366409,0.951434314250946,,,,,,,,,,0.23379060626029968,2.087575376208406e-05,4.2219835449941456e-07,0.50634765625,-0.00045523408334702253,-1.663630485534668,-0.00045481184497475624,,,,,,,,,,,,,,,,,,,,,,0.19522586464881897,6.926144124008715e-05,0.00039805338019505143,0.4580078125,7.978573557920754e-05,-0.5261529684066772,0.00047783911577425897,,,,,,,,,,,,,,,,,,,,,,0.010493080131709576,-0.10142044723033905,0.2981165647506714,0.39953702688217163,2.493319034576416,0.10673140734434128,0.053909994661808014,0.6463325023651123,0.5924224853515625,1.4993174076080322,0.11630989611148834,0.044665269553661346,0.7523716688156128,0.7077063918113708,1.3080618381500244,0.12182984501123428,0.04255889356136322,0.7694846391677856,0.7269257307052612,1.3116319179534912,0.1312979757785797,0.02979917824268341,0.865908682346344,0.8361095190048218,1.2760226726531982,snapshot-mechanisms-v1,6,seeds/cell-004-173da0011095/seed-6/snapshots/step-000800.pt,800,800,7097b902cc3f3a43380d0b66433b0a90ecf3915af0cdb913b8b407b76daf38af,scaling-tuned-adamw-10seeds-v1,0.006056658923625946,8.875034109223634e-05,910013,3.0982919270172715e-05,0.00014325144002214074,3.512622424750589e-05,5.195014182390878e-06,3.965992800658569e-05,3.3760443329811096e-09,0.00014325141091831028,0.9991726875305176,3.74823430320248e-05,3.446491245995276e-05,0.00014325141091831028,0.0
0.29028987884521484,0.09813705086708069,0.03271235525608063,0.3790375888347626,2.474515438079834,0.5228253602981567,3.3090639114379883,0.8345485925674438,,,,,,,,,,,,,,,,,,,,,,0.3986223638057709,0.13287413120269775,0.378036767244339,0.9253084659576416,0.22334086894989014,0.649018406867981,-0.2762901186943054,,,,,,,,,,,,,,,,,,,,,,512,1.7403295040130615,1.0049281120300293,1.0011317729949951,cell-004-173da0011095,4,173da0011095e8e3e23853ce3b6ca590a8e0464a26cab8018f60b090e7cb4be2,8,0.6891310214996338,3.1512773036956787,0.4721204340457916,3.776963472366333,0.36131832003593445,0.0,2048,6462c87c5c2aa5cb0dcd6afe9c4a0fab1a45d764f9166f84c6184af6723f1b0e,910014,910000,True,0.00019670814799610525,0.0004997070645913482,0.46812236309051514,0.73193359375,0.000383894017431885,-0.0008627750794403255,0.0001906994148157537,-0.0003630679566413164,True,0.00028073566500097513,-0.0001661416026763618,0.39620739221572876,0.65966796875,0.0002810654114000499,0.00030359733500517905,0.00016675019287504256,0.0001374557032249868,16,1.0,0.0002794776810333133,1.0,0.00026605732273310423,0.003,seed-mechanisms-v2,4,0.0,8,1,2,adamw,0.7666141986846924,1.201559066772461,2.4173688888549805,,,,,,,,,,0.8104891180992126,-0.17110806703567505,0.6639381647109985,,,,,,,,,,0.3102009892463684,6.905422924319282e-05,3.9832841139286757e-05,0.60595703125,-0.00039397136424668133,-1.091505527496338,-0.0003541385813150555,,,,,,,,,,,,,,,,,,,,,,0.26183152198791504,0.00011657303548417985,2.4745153496041894e-05,0.54638671875,0.00014399047358892858,-0.22070670127868652,0.00016873559798114002,,,,,,,,,,,,,,,,,,,,,,0.10389287024736404,-0.08414098620414734,0.4393482208251953,0.523489236831665,2.3610587120056152,0.1534368097782135,-0.051881369203329086,0.568355143070221,0.6202365159988403,1.5555977821350098,0.358820378780365,0.03569997847080231,0.4516359567642212,0.4159359931945801,1.6560487747192383,0.36863404512405396,0.12911637127399445,0.6156651973724365,0.4865487813949585,1.5610554218292236,0.4025147557258606,0.2613344192504883,0.7972171306610107,0.5358827114105225,1.3329877853393555,snapshot-mechanisms-v1,7,seeds/cell-004-173da0011095/seed-7/snapshots/step-000800.pt,800,800,7097b902cc3f3a43380d0b66433b0a90ecf3915af0cdb913b8b407b76daf38af,scaling-tuned-adamw-10seeds-v1,0.008658875711262226,0.00016028268146328628,910015,7.163555710576475e-05,0.000278985477052629,4.746876948047429e-05,1.3867323104932439e-05,8.039006206672639e-05,4.6566128730773926e-09,0.000278985477052629,1.0009660720825195,7.949111750349402e-05,6.652273441432044e-05,0.0002789855352602899,0.0
0.22825217247009277,0.18666207790374756,0.06222069635987282,0.549870491027832,2.585134267807007,0.2634674310684204,1.4187142848968506,-1.1664199829101562,,,,,,,,,,,,,,,,,,,,,,0.16190500557422638,0.053968336433172226,0.5288690328598022,2.7460012435913086,0.3092259466648102,1.8703184127807617,-0.875683069229126,,,,,,,,,,,,,,,,,,,,,,512,1.8618123531341553,0.9954732060432434,1.0004624128341675,cell-004-173da0011095,4,173da0011095e8e3e23853ce3b6ca590a8e0464a26cab8018f60b090e7cb4be2,8,0.7991767525672913,3.830599784851074,0.5421421527862549,4.337137222290039,0.33530038595199585,0.0,2048,6462c87c5c2aa5cb0dcd6afe9c4a0fab1a45d764f9166f84c6184af6723f1b0e,910016,910000,True,0.00016487043467350304,-0.00034348195185884833,0.33079564571380615,0.56201171875,0.00014677370199933648,-9.324668644694611e-05,0.00011322514910716563,-0.000436728703789413,True,0.0005234105628915131,-0.0008171432418748736,0.5624292492866516,0.82275390625,0.0003585772356018424,-0.00010590022429823875,0.00035305620986036956,-0.0009230433497577906,16,1.0,0.00012633709411602467,1.0,0.00012158123718108982,0.003,seed-mechanisms-v2,4,0.0,8,1,2,adamw,0.785341739654541,0.15795834362506866,0.8635027408599854,,,,,,,,,,0.7800353169441223,0.8075923323631287,1.683143138885498,,,,,,,,,,0.27480053901672363,0.00012522938777692616,6.775875226594508e-05,0.541015625,-0.0002939263067673892,-0.9438396692276001,-0.0002261675545014441,,,,,,,,,,,,,,,,,,,,,,0.27323174476623535,0.00024755013873800635,0.00011078771785832942,0.53759765625,0.0004831543192267418,-0.44823336601257324,0.0005939420079812407,,,,,,,,,,,,,,,,,,,,,,0.16668176651000977,-0.06436750292778015,0.44881924986839294,0.5131867527961731,2.2109575271606445,0.21345891058444977,0.009557057172060013,0.5933241844177246,0.5837671756744385,2.052032947540283,0.15060260891914368,-0.03546912595629692,0.4666181802749634,0.5020873546600342,2.0966250896453857,0.2932862341403961,0.08925049006938934,0.5417196154594421,0.4524691700935364,1.8604261875152588,0.2720491290092468,0.11293043941259384,0.6578940153121948,0.5449635982513428,1.3684231042861938,snapshot-mechanisms-v1,8,seeds/cell-004-173da0011095/seed-8/snapshots/step-000800.pt,800,800,7097b902cc3f3a43380d0b66433b0a90ecf3915af0cdb913b8b407b76daf38af,scaling-tuned-adamw-10seeds-v1,0.006427725311368704,9.55317955231294e-05,910017,3.230851871194318e-05,0.00012513920955825597,3.279602969996631e-05,3.9168708099168725e-06,3.248969733249396e-05,3.2741809263825417e-09,0.00012513919500634074,1.0002920627593994,2.7544956537894905e-05,2.857282743207179e-05,0.00012513919500634074,0.0
0.29258596897125244,0.278523713350296,0.0928412452340126,0.36484915018081665,1.6557934284210205,0.35662710666656494,1.379838228225708,-0.27595531940460205,,,,,,,,,,,,,,,,,,,,,,0.17059358954429626,0.056864526122808456,0.45115578174591064,2.3367462158203125,0.3782506287097931,2.0710113048553467,-0.26573503017425537,,,,,,,,,,,,,,,,,,,,,,512,2.00009822845459,1.0218089818954468,0.9996893405914307,cell-004-173da0011095,4,173da0011095e8e3e23853ce3b6ca590a8e0464a26cab8018f60b090e7cb4be2,8,0.8153683543205261,3.6787259578704834,0.47790560126304626,3.82324481010437,0.3880739212036133,0.0,2048,6462c87c5c2aa5cb0dcd6afe9c4a0fab1a45d764f9166f84c6184af6723f1b0e,910018,910000,True,0.0009934636764228344,-0.0023851790465414524,0.38073500990867615,0.626953125,0.0008154715178534389,-0.001894168322905898,0.0013399921590462327,-0.0042793480679392815,True,0.004059955012053251,0.002473750151693821,0.6268482208251953,0.84326171875,0.003955918829888105,0.0004433552676346153,0.0005706686060875654,0.0029171055648475885,16,1.0,0.0003369281184859574,1.0,0.0003610429703257978,0.003,seed-mechanisms-v2,4,0.0,8,1,2,adamw,0.6679049134254456,0.2850869297981262,0.8628526926040649,,,,,,,,,,0.7263504266738892,0.7360005378723145,1.4452012777328491,,,,,,,,,,0.3081844449043274,0.0006317756487987936,-0.0019222113769501448,0.5888671875,-0.0012566586956381798,-0.5050989985466003,-0.003178870305418968,,,,,,,,,,,,,,,,,,,,,,0.325541615486145,0.0003652751911431551,-7.517881749663502e-05,0.59521484375,0.0002881114778574556,-0.7081237435340881,0.00021293270401656628,,,,,,,,,,,,,,,,,,,,,,0.08567541092634201,0.08577120304107666,0.5185482501983643,0.4327771067619324,2.0920324325561523,0.15082666277885437,0.11922509968280792,0.5957272052764893,0.47650206089019775,1.950769066810608,0.129105806350708,0.054438360035419464,0.5068764686584473,0.4524380564689636,1.9540475606918335,0.2192201316356659,0.14488524198532104,0.5693585872650146,0.4244733452796936,1.81284499168396,0.3255721926689148,0.25052350759506226,0.7677576541900635,0.5172340869903564,1.4360620975494385,snapshot-mechanisms-v1,9,seeds/cell-004-173da0011095/seed-9/snapshots/step-000800.pt,800,800,7097b902cc3f3a43380d0b66433b0a90ecf3915af0cdb913b8b407b76daf38af,scaling-tuned-adamw-10seeds-v1,0.01034837868064642,0.00027855084044858813,910019,7.564217230537906e-05,0.00035349142854101956,9.254744509235024e-05,2.6194349629804492e-05,0.0001244502782355994,4.6566128730773926e-09,0.00035349142854101956,0.9994972944259644,6.085152563173324e-05,9.82559286057949e-05,0.00035349142854101956,0.0
0.056254930794239044,0.15004289150238037,0.050014302134513855,0.5998713374137878,3.0792038440704346,0.2500857412815094,1.6829921007156372,-1.3962116241455078,0.25171178579330444,0.08390393108129501,0.5323864817619324,2.348769187927246,0.21590174734592438,0.7436996698379517,-1.605069637298584,0.5313640832901001,0.1771213710308075,0.3091220259666443,0.4996115565299988,0.15951387584209442,-0.16133728623390198,-0.6609488129615784,0.495643675327301,0.16521456837654114,0.25281715393066406,0.29762113094329834,0.2515391707420349,0.2688702344894409,-0.02875087782740593,0.6358961462974548,0.2119653820991516,0.223199725151062,-0.2268698811531067,0.14090414345264435,-0.7097849249839783,-0.4829150438308716,0.654740035533905,0.2182466834783554,0.13574852049350739,-1.0432264804840088,0.20951145887374878,-0.6153333187103271,0.4278932213783264,0.3620234727859497,0.1206744909286499,0.40944597125053406,1.3180851936340332,0.22853058576583862,0.5994271636009216,-0.7186580896377563,0.5293625593185425,0.17645418643951416,0.27298980951309204,0.21414195001125336,0.19764763116836548,-0.16747641563415527,-0.3816183805465698,512,1.87766432762146,1.0025124549865723,0.9999175071716309,cell-005-e6fff93be5a2,5,e6fff93be5a21704ab862bd8fbe0bc486984606406dbbc6d99f4453708642349,8,0.7324345707893372,3.969254493713379,0.5106980800628662,4.08558464050293,0.3795269727706909,0.0,2048,6462c87c5c2aa5cb0dcd6afe9c4a0fab1a45d764f9166f84c6184af6723f1b0e,910000,910000,True,0.0021224734373390675,0.003377165412530303,0.48985618352890015,0.7431640625,0.0011333005968481302,-0.0022217263467609882,0.0007019874756224453,0.0011554388329386711,True,0.003432047553360462,-0.0023310340475291014,0.6640807390213013,0.8779296875,0.00425337441265583,0.001354176551103592,0.0008818857604637742,-0.0009768572635948658,16,1.0,0.0005993566010147333,1.0,0.000614362652413547,0.003,seed-mechanisms-v2,4,0.0,8,4,2,adamw,0.25738829374313354,1.4135782718658447,0.8816994428634644,0.4099956750869751,-0.33583635091781616,0.2449430674314499,0.2839046120643616,-0.9769010543823242,0.09793930500745773,0.3001664876937866,-1.6293799877166748,0.056248828768730164,0.347305566072464,-0.8791114091873169,0.1433093398809433,0.28236517310142517,0.3898175358772278,0.3438350558280945,0.45130860805511475,-0.35266339778900146,0.3471893072128296,0.466677188873291,-0.7421483397483826,0.23683854937553406,0.23149380087852478,1.029330633173231e-05,-0.00019757772679440677,0.5283203125,6.064532499294728e-06,-2.2389066219329834,-0.00019151318701915443,0.2847696542739868,0.000380899989977479,0.00043786666356027126,0.57568359375,-0.0006488960352726281,-0.9516519904136658,-0.00021102945902384818,0.2809499204158783,0.00010768046195153147,-0.0005109916673973203,0.57470703125,-5.67424031032715e-05,0.03002026304602623,-0.000567734008654952,0.2665632963180542,0.00021146389190107584,0.0004619068931788206,0.58447265625,-0.00045063375728204846,-0.021391229704022408,1.127319410443306e-05,0.23737362027168274,0.00011895424540853128,-0.0004824808274861425,0.509765625,-0.00020296184811741114,-0.2762989401817322,-0.0006854426464997232,0.2588191330432892,5.681149195879698e-05,-5.175076876184903e-05,0.54296875,-7.30259926058352e-05,-0.5698203444480896,-0.00012477676500566304,0.2795923352241516,0.000230292760534212,7.120211375877261e-05,0.54296875,0.00016822453471831977,-0.4487262964248657,0.00023942672123666853,0.23496340215206146,0.00012178895121905953,0.00023220927687361836,0.486328125,-6.407109322026372e-05,-0.27654215693473816,0.0001681381108937785,0.06265097856521606,-0.15477947890758514,0.24188002943992615,0.3966594934463501,2.126979351043701,0.15247511863708496,0.011136500164866447,0.40687060356140137,0.39573410153388977,2.0739269256591797,0.2563626170158386,0.012138217687606812,0.2703142762184143,0.2581760585308075,2.0621137619018555,0.352450430393219,0.09480185061693192,0.3581421971321106,0.2633403539657593,2.1285200119018555,0.26641297340393066,0.13964061439037323,0.6913225054740906,0.5516818761825562,1.4392681121826172,snapshot-mechanisms-v1,0,seeds/cell-005-e6fff93be5a2/seed-0/snapshots/step-000800.pt,800,800,7097b902cc3f3a43380d0b66433b0a90ecf3915af0cdb913b8b407b76daf38af,scaling-tuned-adamw-10seeds-v1,0.016079217195510864,0.0005127057665959001,910001,0.00010325996845494956,0.0006272587925195694,0.00019305117893964052,5.855976269231178e-05,0.00023407238768413663,4.889443516731262e-09,0.0006272587925195694,0.9993464350700378,9.687527199275792e-05,0.00017551262862980366,0.0006272587925195694,0.0
0.11642621457576752,0.31686171889305115,0.10562057793140411,0.4022267162799835,1.2950299978256226,0.28091153502464294,0.8262398838996887,-0.4687901437282562,0.31667280197143555,0.10555761307477951,0.32709553837776184,1.4816099405288696,0.3562316298484802,1.3080658912658691,-0.17354407906532288,0.36420273780822754,0.12140092253684998,0.22456368803977966,0.7760766744613647,0.4112335741519928,1.463379144668579,0.6873024106025696,0.1738552749156952,0.057951755821704865,0.7916390895843506,3.979480504989624,0.03450562432408333,-0.3024880290031433,-4.281968116760254,0.5697221755981445,0.18990737199783325,0.2324858158826828,0.0749887004494667,0.19779205322265625,-0.05326772853732109,-0.1282564252614975,0.5324565172195435,0.17748552560806274,0.27637332677841187,0.399403840303421,0.1911701261997223,0.06195049360394478,-0.33745333552360535,0.477213054895401,0.15907102823257446,0.3570620119571686,0.7867531776428223,0.16572493314743042,-0.04565264657139778,-0.8324058055877686,0.41251254081726074,0.1375041902065277,0.23914828896522522,-1.0780507326126099,0.3483392000198364,1.2129056453704834,2.2909562587738037,512,1.8785440921783447,0.9983364343643188,0.9997279644012451,cell-005-e6fff93be5a2,5,e6fff93be5a21704ab862bd8fbe0bc486984606406dbbc6d99f4453708642349,8,0.8402934670448303,3.7900805473327637,0.48642122745513916,3.8913698196411133,0.3920173645019531,0.0,2048,6462c87c5c2aa5cb0dcd6afe9c4a0fab1a45d764f9166f84c6184af6723f1b0e,910002,910000,True,0.0008583880844525993,-0.000752346939407289,0.43420666456222534,0.6884765625,0.0009525681962259114,-0.0007368241786025465,0.0007377337897196412,-0.0014891710598021746,True,0.002174507360905409,0.0017337147146463394,0.5524779558181763,0.81103515625,0.0027282293885946274,0.0008382857777178288,0.0008697581361047924,0.002572000492364168,16,1.0,0.000529757235199213,1.0,0.0005221934407018125,0.003,seed-mechanisms-v2,4,0.0,8,4,2,adamw,0.4649994969367981,1.0011022090911865,1.0187115669250488,0.4599865972995758,0.41183173656463623,0.622689962387085,0.49166935682296753,1.0074987411499023,1.1881951093673706,0.5211879014968872,0.6173907518386841,0.8625262975692749,0.6983176469802856,-0.6389878988265991,0.31550925970077515,0.5474848747253418,-0.5447750091552734,0.32174158096313477,0.8019989728927612,-0.44964027404785156,0.5136051177978516,0.7672263979911804,0.8917105197906494,1.5267930030822754,0.2256041318178177,0.00011772049765568227,-0.0004105386324226856,0.47900390625,-0.0017789124976843596,-0.9715832471847534,-0.002189451362937689,0.28836750984191895,8.43680027173832e-05,1.0713629308156669e-05,0.5615234375,-0.00025114871095865965,-0.6020078659057617,-0.00024043512530624866,0.21880681812763214,0.0005862648831680417,-0.0006878780550323427,0.50146484375,0.00010120036313310266,-1.465576171875,-0.0005866775754839182,0.2626192569732666,6.670469883829355e-05,-0.00019153763423673809,0.51953125,6.746998406015337e-05,-0.8474597930908203,-0.00012406765017658472,0.24639171361923218,0.0001182013947982341,0.00040897581493481994,0.5068359375,-8.827412966638803e-05,-0.2641577124595642,0.000320701627060771,0.23007655143737793,0.00016393991245422512,-0.0002782758674584329,0.5166015625,-0.00011885241838172078,-0.047864317893981934,-0.0003971282276324928,0.17216487228870392,0.00035025845863856375,-0.00022697317763231695,0.46826171875,-0.00017923166160471737,-0.20574209094047546,-0.00040620489744469523,0.2655617892742157,6.673287134617567e-05,-0.0002041095431195572,0.55029296875,0.00033450283808633685,-0.5009976625442505,0.00013039323675911874,0.07849232107400894,-0.18984347581863403,0.2874613404273987,0.4773048460483551,2.539623260498047,0.1331653594970703,-0.11044883728027344,0.3083181083202362,0.41876697540283203,2.023045778274536,0.16459938883781433,-0.010853197425603867,0.32874172925949097,0.33959490060806274,1.827898383140564,0.21328315138816833,0.08611362427473068,0.6593070030212402,0.5731933116912842,1.4601380825042725,0.21737535297870636,0.08666403591632843,0.7493300437927246,0.6626659631729126,1.3534079790115356,snapshot-mechanisms-v1,1,seeds/cell-005-e6fff93be5a2/seed-1/snapshots/step-000800.pt,800,800,7097b902cc3f3a43380d0b66433b0a90ecf3915af0cdb913b8b407b76daf38af,scaling-tuned-adamw-10seeds-v1,0.015555372461676598,0.00046504143392667174,910003,7.66734010539949e-05,0.000510995858348906,0.00014279293827712536,5.832226452184841e-05,0.00021462960285134614,4.71482053399086e-09,0.000510995858348906,0.9996253252029419,7.689990889048204e-05,0.0001563073310535401,0.000510995858348906,0.0
0.0513060986995697,0.06511437147855759,0.021704791113734245,0.919672429561615,5.327017307281494,0.015213179402053356,-0.20600512623786926,-5.533022403717041,0.15029171109199524,0.05009724199771881,0.558920681476593,2.6741814613342285,0.29078763723373413,1.2958308458328247,-1.3783507347106934,0.4095551073551178,0.13651838898658752,0.39042097330093384,1.0518828630447388,0.20002391934394836,0.3404082953929901,-0.7114744782447815,0.37541449069976807,0.12513816356658936,0.28211066126823425,0.026858482509851456,0.3424748480319977,0.668420135974884,0.6415616273880005,0.4462486803531647,0.14874956011772156,0.4347996115684509,0.681293249130249,0.11895166337490082,-0.45104920864105225,-1.1323423385620117,0.5941406488418579,0.19804687798023224,0.26863837242126465,-1.6247425079345703,0.13722102344036102,-0.7794554233551025,0.8452871441841125,0.43092280626296997,0.14364095032215118,0.42722904682159424,1.0110024213790894,0.1418481171131134,0.057474397122859955,-0.9535281658172607,0.5620056390762329,0.18733520805835724,0.2628347873687744,0.05022500082850456,0.17515960335731506,-0.0990728884935379,-0.14929789304733276,512,1.6763757467269897,0.9948300719261169,1.0016992092132568,cell-005-e6fff93be5a2,5,e6fff93be5a21704ab862bd8fbe0bc486984606406dbbc6d99f4453708642349,8,0.6523492932319641,3.969987392425537,0.5129284858703613,4.103427886962891,0.3562803268432617,0.0,2048,6462c87c5c2aa5cb0dcd6afe9c4a0fab1a45d764f9166f84c6184af6723f1b0e,910004,910000,True,0.0039016311056911945,-0.002057550009340048,0.483376145362854,0.72607421875,0.00748995877802372,0.008552862331271172,0.003601307515054941,0.006495313718914986,True,0.0033420557156205177,0.0020108288154006004,0.4854174852371216,0.732421875,0.002739541931077838,0.0032900443766266108,0.0018603333737701178,0.0053008729591965675,16,1.0,0.0010422207415103912,1.0,0.0010775555856525898,0.003,seed-mechanisms-v2,4,0.0,8,4,2,adamw,0.40433400869369507,0.3664619028568268,0.48786771297454834,0.36279213428497314,1.1643187999725342,0.9729022979736328,0.36466270685195923,0.40387675166130066,0.5024467706680298,0.3947833478450775,1.2280194759368896,1.088238000869751,0.5051058530807495,-0.3516464829444885,0.35736536979675293,0.2869683504104614,0.4094429016113281,0.4018969237804413,0.48644042015075684,-0.746218204498291,0.2492527812719345,0.38959911465644836,-0.6243973970413208,0.2045556604862213,0.32562536001205444,0.00044913397869095206,-0.0005403199465945363,0.724609375,0.0007358117727562785,-1.7024399042129517,0.0001954917679540813,0.2846100926399231,0.0001304148172494024,0.00010735570685938001,0.55859375,0.0003329482569824904,-1.6228034496307373,0.0004403039929457009,0.2726441025733948,0.00042380078230053186,-0.00018900216673500836,0.54345703125,-0.0004684320301748812,-0.2502645254135132,-0.0006574341095983982,0.24258168041706085,0.002324859844520688,-0.0003957146545872092,0.53369140625,0.004778319504112005,-1.6211845874786377,0.004382604733109474,0.2589253783226013,0.00028894803836010396,0.00018351410108152777,0.5556640625,0.00011268351227045059,-0.4877438545227051,0.00029619765700772405,0.23207244277000427,0.00015006908506620675,0.0005556757096201181,0.47314453125,-0.00012515889829955995,-0.8756687641143799,0.00043051684042438865,0.2192695140838623,0.00035680943983606994,0.00025229190941900015,0.5283203125,-0.0010473713045939803,-0.37135133147239685,-0.0007950793369673193,0.20508208870887756,0.00012334802886471152,4.2697829485405236e-05,0.50927734375,-0.00021919907885603607,-0.1773814558982849,-0.00017650125664658844,0.1009073406457901,-0.2163936346769333,0.20378637313842773,0.42017996311187744,2.2908382415771484,0.31863367557525635,0.018596187233924866,0.4232328236103058,0.4046366214752197,2.0782506465911865,0.38315483927726746,-0.018999729305505753,0.26435568928718567,0.2833554148674011,2.054774522781372,0.4066966474056244,0.057732440531253815,0.28732097148895264,0.22958852350711823,2.036996364593506,0.3390207290649414,0.0416492335498333,0.17340761423110962,0.13175839185714722,1.6381852626800537,snapshot-mechanisms-v1,2,seeds/cell-005-e6fff93be5a2/seed-2/snapshots/step-000800.pt,800,800,7097b902cc3f3a43380d0b66433b0a90ecf3915af0cdb913b8b407b76daf38af,scaling-tuned-adamw-10seeds-v1,0.02186964824795723,0.000985829858109355,910005,0.00019590197189245373,0.0010292448569089174,0.00025640110834501684,7.83717114245519e-05,0.00039654801366850734,8.498318493366241e-09,0.0010292448569089174,1.0022242069244385,0.00018039371934719384,0.0003181762876920402,0.0010292448569089174,0.0
0.09418553858995438,0.582840085029602,0.19428002834320068,0.21995656192302704,0.05517932400107384,0.1972033828496933,-0.0818028375506401,-0.13698215782642365,0.4231252670288086,0.14104177057743073,0.301067978143692,0.3760433793067932,0.275806725025177,0.7558977007865906,0.37985432147979736,0.14859716594219208,0.049532391130924225,0.3365602195262909,2.5043725967407227,0.5148425698280334,3.2026047706604004,0.698232114315033,0.5372601747512817,0.17908671498298645,0.25118738412857056,0.34287431836128235,0.2115524411201477,-0.030084140598773956,-0.3729584515094757,0.31554797291755676,0.10518266260623932,0.4962587356567383,1.7521708011627197,0.18819332122802734,0.5533599853515625,-1.1988108158111572,0.6096801161766052,0.203226700425148,0.1776692420244217,-0.17864245176315308,0.21265067160129547,-0.0004493230953812599,0.1781931221485138,0.5007498860359192,0.166916623711586,0.31223052740097046,0.5990753769874573,0.18701958656311035,0.08604434132575989,-0.5130310654640198,0.4307698607444763,0.14358994364738464,0.4201577305793762,1.0839409828186035,0.14907240867614746,-0.044948212802410126,-1.1288892030715942,512,1.9123891592025757,1.0093278884887695,0.9992419481277466,cell-005-e6fff93be5a2,5,e6fff93be5a21704ab862bd8fbe0bc486984606406dbbc6d99f4453708642349,8,0.7872418761253357,3.3234972953796387,0.42987948656082153,3.4390358924865723,0.4459562301635742,0.0,2048,6462c87c5c2aa5cb0dcd6afe9c4a0fab1a45d764f9166f84c6184af6723f1b0e,910006,910000,True,0.005867315456271172,0.00723813334479928,0.5829401016235352,0.828125,0.005380970425903797,-0.005417265929281712,0.0010170614114031196,0.0018208674155175686,True,0.006763938348740339,-0.003794063115492463,0.6752188205718994,0.8720703125,0.007032822817564011,0.0033082691952586174,0.0011097227688878775,-0.00048579357098788023,16,1.0,0.0010190955363214016,1.0,0.001120363944210112,0.003,seed-mechanisms-v2,4,0.0,8,4,2,adamw,0.28134608268737793,-0.04329865798354149,0.25300073623657227,0.3842660188674927,0.06952309608459473,0.3658779263496399,0.41529563069343567,1.3133714199066162,1.448852777481079,0.4523240327835083,0.1648133397102356,0.44728219509124756,0.5667495131492615,0.745481014251709,1.0767431259155273,0.1604771912097931,0.1004953533411026,0.16303680837154388,0.38303375244140625,-0.2504465579986572,0.2887391746044159,0.4644831418991089,-0.8255795240402222,0.21278829872608185,0.2713325619697571,0.00027513509849086404,0.0010421081678941846,0.62744140625,-0.00012856663670390844,0.1340971440076828,0.0009135414147749543,0.38296711444854736,0.00020252259855624288,-0.0002780285431072116,0.6630859375,0.000709397136233747,0.037390679121017456,0.00043136850581504405,0.25402605533599854,0.000352610950358212,-0.000457412883406505,0.55615234375,0.0012799962423741817,-1.9605576992034912,0.0008225832134485245,0.336686372756958,0.00018248877313453704,0.00042676657903939486,0.63037109375,0.0011719100875779986,-0.23065218329429626,0.0015986766666173935,0.27150753140449524,0.000568669056519866,0.0010946588590741158,0.53955078125,0.00015130899555515498,-0.49021726846694946,0.0012459676945582032,0.20583638548851013,3.899180592270568e-05,-1.2577887900988571e-05,0.49365234375,-8.071093179751188e-05,-0.13091149926185608,-9.32887924136594e-05,0.2343696802854538,0.00027695309836417437,0.00022433532285504043,0.51904296875,0.00025196574279107153,-0.23418770730495453,0.0004763011238537729,0.22770489752292633,0.00040255012572743,0.00016631823382340372,0.50927734375,0.00041207391768693924,-0.2993822693824768,0.0005783921224065125,0.11110421270132065,-0.04409962520003319,0.43817949295043945,0.48227912187576294,2.2281737327575684,0.18803811073303223,0.09794192761182785,0.5894149541854858,0.4914730489253998,1.7544219493865967,0.34976065158843994,0.20960275828838348,0.5650379061698914,0.3554350733757019,1.9078186750411987,0.5089396238327026,0.3569108843803406,0.659818708896637,0.302907794713974,1.8966407775878906,0.7386715412139893,0.5534262657165527,0.7154189348220825,0.1619926244020462,1.5185626745224,snapshot-mechanisms-v1,3,seeds/cell-005-e6fff93be5a2/seed-3/snapshots/step-000800.pt,800,800,7097b902cc3f3a43380d0b66433b0a90ecf3915af0cdb913b8b407b76daf38af,scaling-tuned-adamw-10seeds-v1,0.020819373428821564,0.00094768893904984,910007,0.00018821062985807657,0.0009886060142889619,0.0002505169250071049,9.916302951751277e-05,0.0004186638107057661,7.450580596923828e-09,0.0009886060142889619,0.9999472498893738,0.00013121467782184482,0.0003195007739122957,0.0009886061307042837,0.0
0.18805614113807678,0.4638063609600067,0.15460211038589478,0.20680344104766846,-0.09812015295028687,0.32939019799232483,0.720075786113739,0.8181959390640259,0.6566078662872314,0.21886929869651794,0.11131671071052551,-0.8070414066314697,0.23207542300224304,0.03367718309164047,0.8407186269760132,0.3700348734855652,0.12334497272968292,0.37103497982025146,1.3712151050567627,0.25893011689186096,0.9808464050292969,-0.3903687000274658,0.5800735950469971,0.19335785508155823,0.20447149872779846,0.04832442104816437,0.21545492112636566,0.09503863751888275,0.046714216470718384,0.2694689631462097,0.08982299268245697,0.42275044322013855,1.9417054653167725,0.30778059363365173,1.5695422887802124,-0.37216320633888245,0.2120322585105896,0.07067742198705673,0.3030965328216553,1.0686750411987305,0.4848712384700775,2.6596319675445557,1.5909569263458252,0.36085548996925354,0.12028516829013824,0.1950109601020813,0.6078817248344421,0.44413354992866516,1.7327537536621094,1.1248722076416016,0.32761263847351074,0.10920421779155731,0.36041027307510376,2.0040171146392822,0.3119770884513855,1.2122535705566406,-0.791763424873352,512,1.8732261657714844,0.9942452311515808,1.0004826784133911,cell-005-e6fff93be5a2,5,e6fff93be5a21704ab862bd8fbe0bc486984606406dbbc6d99f4453708642349,8,0.7444618940353394,3.084933280944824,0.40960150957107544,3.2768120765686035,0.46518632769584656,0.0,2048,6462c87c5c2aa5cb0dcd6afe9c4a0fab1a45d764f9166f84c6184af6723f1b0e,910008,910000,True,0.002278753323480487,0.001141807995736599,0.35657262802124023,0.6123046875,0.00011645087215583771,-0.00021184304205235094,0.00228803139179945,0.0009299649391323328,True,0.000751661485992372,0.00046690512681379914,0.4460117816925049,0.7314453125,0.001164426445029676,-0.00014898237714078277,0.0016017452580854297,0.00031792273512110114,16,1.0,0.00019642697589006275,1.0,0.00023273368424270302,0.003,seed-mechanisms-v2,4,0.0,8,4,2,adamw,0.49630093574523926,-0.02750801295042038,0.4368872046470642,0.21793736517429352,-0.5230859518051147,0.12415934354066849,0.4682704508304596,0.2740890383720398,0.5644052028656006,0.2933517098426819,0.7671984434127808,0.5538671016693115,0.353260338306427,0.42026227712631226,0.482582688331604,0.9224793314933777,0.6527800559997559,1.626751184463501,0.28534358739852905,0.9107932448387146,0.6297506093978882,0.5566412210464478,-0.15848255157470703,0.47872576117515564,0.28580060601234436,0.00018177606398239732,-0.0006096287397667766,0.5576171875,0.00034851484815590084,-0.3675009608268738,-0.0002611138916108757,0.16552335023880005,0.00012808766041416675,-0.0001427762326784432,0.50439453125,-0.00011756565800169483,-0.03754236549139023,-0.0002603419416118413,0.2930799722671509,0.0005048993625678122,0.0007969106081873178,0.58447265625,0.0007836879813112319,-0.47601795196533203,0.001580598414875567,0.19253847002983093,3.206386463716626e-05,-3.3537507988512516e-05,0.54638671875,-3.657189154182561e-05,0.03375566005706787,-7.010942499618977e-05,0.2429390251636505,4.1148778109345585e-05,0.0003643105155788362,0.5068359375,0.0003403854789212346,-0.5002888441085815,0.0007046959362924099,0.3313809633255005,0.00019886507652699947,0.00035428733099251986,0.62255859375,0.00045300510828383267,-0.6732640862464905,0.0008072924101725221,0.2632398009300232,8.568010525777936e-05,0.00026747595984488726,0.513671875,-0.00028347648913040757,-0.9975234270095825,-1.6000514733605087e-05,0.2604171335697174,0.00018327841826248914,-0.000244364608079195,0.546875,7.759229629300535e-05,-0.488160103559494,-0.000166772268130444,0.12747032940387726,-0.11970265954732895,0.27881869673728943,0.398521363735199,2.1627564430236816,0.17475153505802155,0.003107524709776044,0.480851411819458,0.47774386405944824,1.9934251308441162,0.09912508726119995,-0.10212543606758118,0.5187951922416687,0.6209205985069275,2.139965057373047,0.20354701578617096,0.05957091599702835,0.7345407009124756,0.6749697923660278,1.583266019821167,0.18661874532699585,0.08015798032283783,0.8486407399177551,0.7684828042984009,1.3094769716262817,snapshot-mechanisms-v1,4,seeds/cell-005-e6fff93be5a2/seed-4/snapshots/step-000800.pt,800,800,7097b902cc3f3a43380d0b66433b0a90ecf3915af0cdb913b8b407b76daf38af,scaling-tuned-adamw-10seeds-v1,0.009883830323815346,0.00021629928960464895,910009,6.034774560248479e-05,0.0002001665998250246,4.2951025534421206e-05,7.955701221362688e-06,5.670058817486279e-05,4.132743924856186e-09,0.00020016658527310938,1.0005691051483154,4.016722596134059e-05,4.87448887724895e-05,0.00020016658527310938,0.0
0.11944977939128876,0.6039159297943115,0.2013052999973297,0.19916602969169617,-0.09196241945028305,0.19691810011863708,-0.07010971754789352,0.021852707490324974,0.49216482043266296,0.16405494511127472,0.2422848492860794,0.4057071805000305,0.26555031538009644,0.444113165140152,0.038405973464250565,0.36262014508247375,0.12087338417768478,0.36518117785453796,1.2708004713058472,0.2721986770629883,0.7884197235107422,-0.4823806881904602,0.5782122611999512,0.1927374005317688,0.24276810884475708,0.016145240515470505,0.17901968955993652,-0.45155322551727295,-0.46769845485687256,0.2127242237329483,0.0709080770611763,0.7218078970909119,2.77517032623291,0.06546784192323685,-0.09836448729038239,-2.873534679412842,0.38010692596435547,0.12670230865478516,0.10306741297245026,-0.5638009309768677,0.5168256759643555,1.9022912979125977,2.466092348098755,0.3835436999797821,0.12784790992736816,0.30750346183776855,0.4436647891998291,0.30895280838012695,0.9903372526168823,0.5466724038124084,0.4876338541507721,0.1625446379184723,0.1947270929813385,0.0015445556491613388,0.3176390528678894,0.3736487030982971,0.37210413813591003,512,1.8148921728134155,0.9865913987159729,0.9875347018241882,cell-005-e6fff93be5a2,5,e6fff93be5a21704ab862bd8fbe0bc486984606406dbbc6d99f4453708642349,8,0.804050862789154,3.156538486480713,0.46024009585380554,3.6819207668304443,0.3826994001865387,0.0,2048,6462c87c5c2aa5cb0dcd6afe9c4a0fab1a45d764f9166f84c6184af6723f1b0e,910010,910000,True,0.004513201303780079,-0.002127803396433592,0.33010080456733704,0.57568359375,0.004698738921433687,0.0018988300580531359,0.013321787118911743,-0.00022897322196513414,True,0.021316925063729286,0.009616322815418243,0.657170832157135,0.85107421875,0.01278463751077652,0.009638690389692783,0.037901684641838074,0.019255012273788452,16,0.9990234375,0.0040032994002103806,1.0,0.0023285497445613146,0.003,seed-mechanisms-v2,4,0.0,8,4,2,adamw,0.29737570881843567,0.5365291237831116,0.4048897325992584,0.30421578884124756,0.21017739176750183,0.3138987123966217,0.3728586435317993,0.43131858110427856,0.5266718864440918,0.24699664115905762,0.3139246106147766,0.28955078125,0.5360945463180542,0.01121108140796423,0.5825120806694031,0.5213563442230225,0.6585689783096313,0.8559751510620117,0.3287316858768463,0.9648972749710083,0.7327266931533813,0.3807295560836792,-0.003547650296241045,0.32205694913864136,0.24760836362838745,0.0031426188070327044,0.0015899480786174536,0.52099609375,-0.0017776483437046409,-0.495688796043396,-0.00018770003225654364,0.2608398497104645,0.017159800976514816,-0.002177357906475663,0.5625,0.001045736251398921,-0.7283624410629272,-0.0011316215386614203,0.2739773094654083,0.001381400739774108,-0.0010943753877654672,0.546875,-0.0007998064393177629,-0.5140775442123413,-0.0018941820599138737,0.24184907972812653,0.0008800817304290831,0.000370228779502213,0.50341796875,0.0025648283772170544,-1.1190881729125977,0.002935057505965233,0.24589508771896362,0.0002905995643232018,-0.00011754014121834189,0.5341796875,-0.0004092805029358715,-0.06405477970838547,-0.0005268207169137895,0.34312716126441956,0.013614008203148842,-0.004277585539966822,0.646484375,0.012754438444972038,-0.8415694832801819,0.008476851508021355,0.2563468813896179,0.0007461243076249957,-0.0009986426448449492,0.49169921875,0.006951820570975542,-0.8183897733688354,0.005953178275376558,0.3392927050590515,0.008849061094224453,0.004633833654224873,0.61376953125,0.0006723852129653096,-0.42458996176719666,0.005306219682097435,0.21855753660202026,-0.12599389255046844,0.22589337825775146,0.3518872559070587,2.296456813812256,0.2922080159187317,0.015713179484009743,0.3052642047405243,0.2895510196685791,2.3047399520874023,0.12307670712471008,-0.09363114833831787,0.2786829471588135,0.37231409549713135,1.9738725423812866,0.2439705729484558,0.05102336406707764,0.38910728693008423,0.3380839228630066,2.027456045150757,0.15865221619606018,0.02674279920756817,0.494651198387146,0.46790841221809387,1.4100117683410645,snapshot-mechanisms-v1,5,seeds/cell-005-e6fff93be5a2/seed-5/snapshots/step-000800.pt,800,800,7097b902cc3f3a43380d0b66433b0a90ecf3915af0cdb913b8b407b76daf38af,scaling-tuned-adamw-10seeds-v1,0.023146649822592735,0.0038538093212991953,910011,0.0004703087033703923,0.003756027203053236,0.0008499290561303496,0.0004950293805450201,0.0018240194767713547,5.960464477539063e-08,0.0037560269702225924,0.9885062575340271,0.0006117698503658175,0.0013289900962263346,0.0037560269702225924,0.0
0.14579589664936066,0.2807409167289734,0.09358030557632446,0.3956509828567505,1.8140513896942139,0.3236081004142761,1.570299506187439,-0.24375182390213013,0.21301372349262238,0.07100456953048706,0.3579847514629364,2.4031927585601807,0.42900151014328003,2.4978718757629395,0.09467887133359909,0.2833000719547272,0.09443336725234985,0.3169088661670685,1.3858882188796997,0.39979106187820435,1.7847051620483398,0.3988170325756073,0.21040406823158264,0.07013469189405441,0.4169327914714813,2.5696916580200195,0.37266311049461365,2.438685417175293,-0.13100594282150269,0.9136248230934143,0.30454161763191223,0.06429736316204071,-3.1286563873291016,0.022077834233641624,-4.161003112792969,-1.0323467254638672,0.4984106421470642,0.16613689064979553,0.240411177277565,0.41650038957595825,0.2611781656742096,0.47253578901290894,0.05603537708520889,0.5240186452865601,0.17467288672924042,0.25678619742393494,0.3511585593223572,0.21919512748718262,0.23939618468284607,-0.11176234483718872,0.5027299523353577,0.1675766408443451,0.21633681654930115,0.36326155066490173,0.2809332609176636,0.5948562026023865,0.23159465193748474,512,1.9438809156417847,1.0244331359863281,1.000385046005249,cell-005-e6fff93be5a2,5,e6fff93be5a21704ab862bd8fbe0bc486984606406dbbc6d99f4453708642349,8,0.8180496692657471,3.526175022125244,0.46481168270111084,3.7184934616088867,0.41007640957832336,0.0,2048,6462c87c5c2aa5cb0dcd6afe9c4a0fab1a45d764f9166f84c6184af6723f1b0e,910012,910000,True,0.0001352932013105601,0.0003730874741449952,0.3516893982887268,0.63037109375,0.0002220629103248939,-0.0006117421435192227,0.0002571584773249924,-0.0002386546111665666,True,0.0011032933834940195,0.00042913740617223084,0.5984594821929932,0.86279296875,0.0016464309301227331,0.00016520233475603163,0.0003346586599946022,0.0005943397991359234,16,1.0,0.0003071239043492824,1.0,0.0003289468586444855,0.003,seed-mechanisms-v2,4,0.0,8,4,2,adamw,0.33826035261154175,1.1857753992080688,0.947072446346283,0.5380897521972656,0.2742191553115845,0.6439267992973328,0.45969876646995544,0.8028556108474731,0.8677247166633606,0.45168745517730713,1.4753191471099854,1.7554657459259033,0.5127685070037842,1.0475897789001465,1.1515793800354004,0.4340468645095825,0.21149319410324097,0.46290504932403564,0.38360241055488586,0.050475649535655975,0.37023016810417175,0.32262882590293884,0.6217097043991089,0.5018965005874634,0.2680283486843109,1.330170562141575e-05,0.00012431117647793144,0.52978515625,8.514030196238309e-05,-1.098504900932312,0.00020945144933648407,0.31486982107162476,5.067751772003248e-05,-4.055642057210207e-05,0.59228515625,-0.00035874065360985696,-0.8709093928337097,-0.0003992970450781286,0.24291902780532837,2.5360968720633537e-05,0.00011738796456484124,0.529296875,0.00035364527138881385,-1.1428933143615723,0.00047103327233344316,0.229153573513031,1.610415529285092e-05,3.661304072011262e-05,0.5126953125,0.00012973780394531786,-1.9562559127807617,0.00016635088832117617,0.20364150404930115,5.619477451546118e-05,-0.00010940683569060639,0.525390625,-0.00016338357818312943,-0.8330151438713074,-0.00027279037749394774,0.244145005941391,1.8062935851048678e-05,1.2705559129244648e-05,0.529296875,0.00021916633704677224,-0.4469568133354187,0.00023187189071904868,0.23614943027496338,2.572171069914475e-05,-0.00040568652912043035,0.52685546875,-0.0003000818833243102,-0.6925207376480103,-0.0007057683542370796,0.222288116812706,2.0000763470306993e-05,0.0001969683653442189,0.51318359375,-0.00027069763746112585,-0.3570377230644226,-7.372925756499171e-05,0.009515263140201569,-0.12251835316419601,0.339078813791275,0.46159717440605164,2.5633344650268555,0.15189483761787415,0.08606590330600739,0.6609086990356445,0.5748428106307983,1.6390389204025269,0.13153597712516785,0.059874553233385086,0.7206851243972778,0.6608105897903442,1.3217133283615112,0.14878490567207336,0.041886962950229645,0.7479736804962158,0.7060866951942444,1.3977748155593872,0.13163533806800842,0.012740684673190117,0.8481086492538452,0.8353679180145264,1.2501530647277832,snapshot-mechanisms-v1,6,seeds/cell-005-e6fff93be5a2/seed-6/snapshots/step-000800.pt,800,800,7097b902cc3f3a43380d0b66433b0a90ecf3915af0cdb913b8b407b76daf38af,scaling-tuned-adamw-10seeds-v1,0.010250149294734001,0.0002237489097751677,910013,4.176495713181794e-05,0.00032137439120560884,7.741832814645022e-05,3.9557569834869355e-05,0.00015743859694339335,4.889443516731262e-09,0.0003213744203094393,1.000119924545288,4.4752538087777793e-05,0.000117881027108524,0.0003213744203094393,0.0
0.12343394756317139,0.1750568151473999,0.0583522729575634,0.45906931161880493,2.0586395263671875,0.36587387323379517,1.791463851928711,-0.2671757936477661,0.4130686819553375,0.13768957555294037,0.2522237300872803,0.7414063215255737,0.3347075581550598,1.1000912189483643,0.35868486762046814,0.11623197793960571,0.0387439951300621,0.5808003544807434,2.7403008937835693,0.30296769738197327,1.6542234420776367,-1.0860774517059326,0.3894270062446594,0.12980900704860687,0.2911759912967682,0.6510259509086609,0.31939697265625,0.7444700002670288,0.09344401955604553,0.4758303761482239,0.15861013531684875,0.33019590377807617,0.6765456199645996,0.19397367537021637,0.19518226385116577,-0.4813633859157562,0.7122256755828857,0.2374085783958435,0.11638237535953522,-1.024683952331543,0.17139190435409546,-0.4164736270904541,0.6082103252410889,0.6861957311630249,0.2287319302558899,0.11253286153078079,-0.8643639087677002,0.20127138495445251,-0.17656320333480835,0.6878007054328918,0.45738083124160767,0.1524602770805359,0.30292490124702454,0.5844625234603882,0.2396942675113678,0.3427802324295044,-0.24168232083320618,512,1.7580759525299072,0.9863515496253967,1.0004568099975586,cell-005-e6fff93be5a2,5,e6fff93be5a21704ab862bd8fbe0bc486984606406dbbc6d99f4453708642349,8,0.6624305248260498,3.160536766052246,0.43967658281326294,3.5174126625061035,0.38866764307022095,0.0,2048,6462c87c5c2aa5cb0dcd6afe9c4a0fab1a45d764f9166f84c6184af6723f1b0e,910014,910000,True,0.0006776315858587623,-0.0014243245823308825,0.5047224760055542,0.75830078125,0.0006200508214533329,-0.0005645262426696718,0.000461114221252501,-0.0019888507667928934,True,0.0004348464426584542,-5.1492475904524326e-05,0.38576003909111023,0.64794921875,0.00038155916263349354,0.0008947367314249277,0.0004282885929569602,0.0008432441391050816,16,1.0,0.00042057468090206385,1.0,0.00042200268944725394,0.003,seed-mechanisms-v2,4,0.0,8,4,2,adamw,0.4029368758201599,0.25540250539779663,0.44922855496406555,0.22133269906044006,1.1191585063934326,0.6203898191452026,0.3008784055709839,1.3919117450714111,1.065510630607605,0.25809431076049805,0.6301108598709106,0.42424172163009644,0.36589527130126953,0.28335845470428467,0.4294877052307129,0.3099183440208435,0.48808497190475464,0.41562968492507935,0.340745747089386,0.2460145205259323,0.38767603039741516,0.4215511679649353,0.20887276530265808,0.4522222876548767,0.3069344162940979,0.00020018790382891893,-0.0001946231204783544,0.58349609375,0.000894715718459338,-0.9307428002357483,0.0007000926416367292,0.27567058801651,6.867920455988497e-05,0.0002474764478392899,0.548828125,-0.0003269057779107243,-0.8948369026184082,-7.942934462334961e-05,0.22131997346878052,1.49537136167055e-05,-0.0001838935277191922,0.51220703125,-0.0006489509250968695,-2.371154308319092,-0.000832844409160316,0.25097352266311646,0.0001856032758951187,0.0014023687690496445,0.53759765625,-8.646675269119442e-05,-0.8167175650596619,0.0013159019872546196,0.2716405391693115,3.481212115730159e-05,0.00011493929196149111,0.55712890625,3.9881066186353564e-05,-0.2654469609260559,0.00015482035814784467,0.22075897455215454,8.954152872320265e-05,0.00019693585636559874,0.50927734375,0.0002331776195205748,-0.3856862783432007,0.00043011351954191923,0.2967420816421509,3.713331898325123e-05,0.00036887062015011907,0.56494140625,-5.7089782785624266e-05,-0.06903979927301407,0.0003117808373644948,0.22772155702114105,0.00010388777445768937,9.499164298176765e-05,0.521484375,-0.000301847408991307,-0.5633751153945923,-0.00020685576600953937,0.08199705183506012,-0.10006769746541977,0.39786797761917114,0.4979356527328491,2.2613630294799805,0.17560960352420807,-0.0010944586247205734,0.5316431522369385,0.5327376127243042,1.7393217086791992,0.40241071581840515,0.19174042344093323,0.5899282693862915,0.3981878161430359,1.4858542680740356,0.5299723148345947,0.40689459443092346,0.7430858612060547,0.3361912965774536,1.4755185842514038,0.3805220127105713,0.2477768361568451,0.872193455696106,0.6244166493415833,1.2277107238769531,snapshot-mechanisms-v1,7,seeds/cell-005-e6fff93be5a2/seed-7/snapshots/step-000800.pt,800,800,7097b902cc3f3a43380d0b66433b0a90ecf3915af0cdb913b8b407b76daf38af,scaling-tuned-adamw-10seeds-v1,0.012693172320723534,0.00034668645821511745,910015,6.290907913353294e-05,0.00040327556780539453,9.19810845516622e-05,5.564521416090429e-05,0.0001915783795993775,5.6461431086063385e-09,0.00040327556780539453,1.0008515119552612,5.68069881410338e-05,0.00013593319454230368,0.00040327556780539453,0.0
0.08998316526412964,0.40686988830566406,0.13562330603599548,0.34703224897384644,0.9718313813209534,0.2460978627204895,0.41765937209129333,-0.5541720390319824,0.32911401987075806,0.10970468074083328,0.40834125876426697,1.363476037979126,0.2625446915626526,0.885983943939209,-0.477492094039917,0.39323410391807556,0.13107803463935852,0.37987056374549866,0.9628096222877502,0.22689536213874817,0.12266530841588974,-0.8401442766189575,0.22796842455863953,0.0759894847869873,0.5985373854637146,2.3103227615356445,0.1734941452741623,0.6864047050476074,-1.6239182949066162,0.2649162709712982,0.08830542862415314,0.5906262993812561,2.1312813758850098,0.14445745944976807,0.5360574126243591,-1.5952236652374268,0.31175076961517334,0.10391692817211151,0.497660368680954,1.8575602769851685,0.19058889150619507,0.5983774662017822,-1.2591828107833862,0.4803164005279541,0.16010546684265137,0.25184836983680725,0.3428344130516052,0.26783522963523865,0.5135718584060669,0.17073746025562286,0.4692399799823761,0.15641334652900696,0.3616717457771301,0.7833943367004395,0.16908827424049377,0.09094389528036118,-0.6924504041671753,512,1.7671440839767456,0.9446805715560913,1.0000576972961426,cell-005-e6fff93be5a2,5,e6fff93be5a21704ab862bd8fbe0bc486984606406dbbc6d99f4453708642349,8,0.9009601473808289,3.850975751876831,0.5714530944824219,4.571624755859375,0.32810282707214355,0.0,2048,6462c87c5c2aa5cb0dcd6afe9c4a0fab1a45d764f9166f84c6184af6723f1b0e,910016,910000,True,0.0006940599996596575,-0.0005507287569344044,0.40184497833251953,0.65283203125,0.00037717586383223534,0.0003112667764071375,0.000648971414193511,-0.00023946200963109732,True,0.00043699139496311545,0.00021054301760159433,0.4994618892669678,0.79052734375,0.0004903756198473275,0.00032499877852387726,0.0002874055353458971,0.0005355417961254716,16,1.0,0.00018044491298496723,1.0,0.00016636794316582382,0.003,seed-mechanisms-v2,4,0.0,8,4,2,adamw,0.3907880187034607,0.05701562017202377,0.34960371255874634,0.6401630640029907,0.5026047229766846,0.8735716342926025,0.2749329209327698,-1.0017014741897583,0.09410828351974487,0.4389762282371521,1.1391816139221191,1.1396536827087402,0.6207126975059509,-0.20411604642868042,0.4657336473464966,0.6550766229629517,-0.3040686845779419,0.4702271819114685,0.242751806974411,-0.35801100730895996,0.1612749844789505,0.3599499464035034,0.032288558781147,0.3321046829223633,0.30600500106811523,0.00021881629072595388,-0.0004483189550228417,0.6025390625,-0.0001785148197086528,-0.38436025381088257,-0.0006268338765949011,0.2713860869407654,0.00012550591782201082,-0.0006825700402259827,0.5361328125,0.0001264197053387761,-1.0457556247711182,-0.0005561502766795456,0.2505892813205719,6.658065831288695e-05,-4.541318048723042e-06,0.5390625,0.00013123295502737164,-0.5606220364570618,0.0001266916806343943,0.2623409628868103,5.396421329351142e-05,0.00016355986008420587,0.55419921875,-0.00026912367320619524,-1.4810194969177246,-0.00010556384222581983,0.260381281375885,4.3620169890346006e-05,2.7932772354688495e-05,0.49755859375,-6.040430525899865e-05,-0.4817918539047241,-3.2471529266331345e-05,0.2426498383283615,9.374962246511132e-05,-0.0001689459168119356,0.51708984375,-0.0001371407270198688,-0.33132463693618774,-0.00030608667293563485,0.28486698865890503,1.85174048965564e-05,5.273977876640856e-05,0.57421875,-7.314774120459333e-05,-0.10245691239833832,-2.0407962438184768e-05,0.24532559514045715,2.9657025152118877e-05,0.00016650542966090143,0.5068359375,0.0002555595710873604,-0.20917877554893494,0.00042206502985209227,0.11268730461597443,-0.15491971373558044,0.35028401017189026,0.5052037239074707,2.1421408653259277,0.25328171253204346,-0.02058287151157856,0.421968013048172,0.4425508975982666,2.0259134769439697,0.19479763507843018,-0.15632686018943787,0.229973703622818,0.38630056381225586,2.0290539264678955,0.36515530943870544,0.04360812157392502,0.41026145219802856,0.36665332317352295,1.9143226146697998,0.36531734466552734,0.08652572333812714,0.5265582799911499,0.4400325417518616,1.3384536504745483,snapshot-mechanisms-v1,8,seeds/cell-005-e6fff93be5a2/seed-8/snapshots/step-000800.pt,800,800,7097b902cc3f3a43380d0b66433b0a90ecf3915af0cdb913b8b407b76daf38af,scaling-tuned-adamw-10seeds-v1,0.008404623717069626,0.0001543764374218881,910017,2.9380154956015758e-05,0.00017525519069749862,4.537763015832752e-05,1.5215375242405571e-05,7.483745866920799e-05,2.4010660126805305e-09,0.0001752551761455834,1.0000056028366089,2.565993054304272e-05,5.9622081607813016e-05,0.0001752551761455834,0.0
0.0751909390091896,0.3723446726799011,0.12411489337682724,0.3450888395309448,1.2306475639343262,0.28256651759147644,0.7549232244491577,-0.47572439908981323,0.3648376166820526,0.1216125339269638,0.3188098669052124,1.25115966796875,0.3163524866104126,1.1809420585632324,-0.07021747529506683,0.6898475289344788,0.22994917631149292,0.12240073084831238,-0.8969541192054749,0.18775177001953125,-0.528165340423584,0.36878877878189087,0.1752440184354782,0.058414675295352936,0.44174855947494507,2.4545464515686035,0.3830074369907379,2.271411895751953,-0.18313448131084442,0.6733458638191223,0.22444862127304077,0.15448719263076782,-0.48872625827789307,0.17216695845127106,-0.3888735771179199,0.09985269606113434,0.5803203582763672,0.19344013929367065,0.1866370439529419,-0.11672630906105042,0.23304253816604614,0.044793449342250824,0.16151973605155945,0.6611682772636414,0.22038942575454712,0.17761462926864624,-0.254057914018631,0.1612171083688736,-0.3472350537776947,-0.09317713230848312,0.4703609347343445,0.1567869931459427,0.3350599408149719,0.7509627938270569,0.1945791244506836,0.1619785875082016,-0.5889842510223389,512,1.9148873090744019,1.0021026134490967,0.9994998574256897,cell-005-e6fff93be5a2,5,e6fff93be5a21704ab862bd8fbe0bc486984606406dbbc6d99f4453708642349,8,0.7465860247612,3.997356653213501,0.5085352659225464,4.068282127380371,0.3926715552806854,0.0,2048,6462c87c5c2aa5cb0dcd6afe9c4a0fab1a45d764f9166f84c6184af6723f1b0e,910018,910000,True,0.00010285992175340652,-0.0004895320162177086,0.3358842134475708,0.60546875,0.0002581159060355276,-0.00040771078784018755,0.00038660457357764244,-0.0008972428040578961,True,0.0008590106153860688,-0.0007635245565325022,0.6405335068702698,0.87109375,0.0010975654004141688,0.00022460184118244797,0.0003578403848223388,-0.0005389226716943085,16,1.0,0.00023794654407538474,1.0,0.0002425194688839838,0.003,seed-mechanisms-v2,4,0.0,8,4,2,adamw,0.32286274433135986,0.2761949598789215,0.38540202379226685,0.3906148672103882,0.8315286636352539,0.7746559381484985,0.17941848933696747,-0.5473050475120544,0.10109581798315048,0.3348384499549866,1.8323109149932861,1.6184240579605103,0.29720282554626465,0.2735501825809479,0.34793227910995483,0.4909111559391022,0.4070517122745514,0.6384130120277405,0.32564568519592285,0.7160528898239136,0.582796573638916,0.3589494526386261,0.35885998606681824,0.4554309844970703,0.32959020137786865,5.140253051649779e-05,-0.00017815730825532228,0.6044921875,-1.543735561426729e-05,-0.4543006718158722,-0.00019359460566192865,0.23018145561218262,3.757871672860347e-05,-0.0002537016407586634,0.5009765625,-0.00011940021067857742,-0.6229410171508789,-0.00037310185143724084,0.21684080362319946,2.284692345710937e-05,3.4416054404573515e-05,0.52099609375,-0.00013422204938251525,-0.2535414695739746,-9.980602044379339e-05,0.20917442440986633,1.3631853107654024e-05,6.879448483232409e-05,0.51513671875,-0.0005005814600735903,-2.5527753829956055,-0.0004317869897931814,0.24565434455871582,2.153572131646797e-05,0.0001762326864991337,0.5029296875,2.7433146897237748e-05,-0.26511526107788086,0.00020366586977615952,0.22182103991508484,3.9543898310512304e-05,2.3082982806954533e-05,0.4697265625,-5.884262645849958e-05,-0.47489240765571594,-3.575961454771459e-05,0.2533521056175232,1.6215528376051225e-05,0.00023934418277349323,0.541015625,-7.751613156870008e-05,-0.11719769239425659,0.00016182805120479316,0.26928576827049255,2.647425208124332e-05,6.734384078299627e-05,0.50634765625,0.0001221305865328759,-0.34447118639945984,0.00018947443459182978,0.0011479738168418407,-0.05272167921066284,0.45458024740219116,0.507301926612854,2.325908660888672,0.14414802193641663,0.08240555971860886,0.6072438359260559,0.5248382687568665,1.6917445659637451,0.2486497312784195,0.16832628846168518,0.6260284781455994,0.4577021896839142,1.8916631937026978,0.26475971937179565,0.176448255777359,0.6457341909408569,0.4692859649658203,1.8959159851074219,0.3360145688056946,0.22176694869995117,0.7424242496490479,0.5206573009490967,1.2724049091339111,snapshot-mechanisms-v1,9,seeds/cell-005-e6fff93be5a2/seed-9/snapshots/step-000800.pt,800,800,7097b902cc3f3a43380d0b66433b0a90ecf3915af0cdb913b8b407b76daf38af,scaling-tuned-adamw-10seeds-v1,0.009662803262472153,0.00018904752505477518,910019,6.27760382485576e-05,0.00025301711866632104,5.399280780693516e-05,1.3899028090236243e-05,8.818073547445238e-05,4.452886059880257e-09,0.0002530170895624906,0.9995558857917786,4.806750803254545e-05,7.428170647472143e-05,0.0002530170895624906,0.0
0.39652764797210693,0.0664694532752037,0.0221564844250679,0.4372391104698181,4.027558326721191,0.4962914288043976,4.037618637084961,0.010059555061161518,,,,,,,,,,,,,,,,,,,,,,0.24358469247817993,0.08119489252567291,0.35630002617836,1.8346056938171387,0.4001152813434601,2.0164473056793213,0.181841641664505,,,,,,,,,,,,,,,,,,,,,,512,2.0210440158843994,1.0263450145721436,1.0000171661376953,cell-006-f100eb25da99,6,f100eb25da994c257223680ebecfb27e2b95bfdc5823e2dce6017282e42b2f5b,8,0.8890563249588013,4.872373104095459,0.15862160921096802,5.075891494750977,0.41454505920410156,0.3110855084191276,2048,6462c87c5c2aa5cb0dcd6afe9c4a0fab1a45d764f9166f84c6184af6723f1b0e,910000,910000,True,0.00013239230611361563,8.323724614456296e-06,0.3948354125022888,0.65576171875,0.00018266118422616273,-0.0005735073355026543,0.0002919095859397203,-0.0005651835817843676,True,0.00016844223137013614,6.628988921875134e-05,0.5061118602752686,0.8154296875,0.0002482263371348381,-0.0005000303499400616,0.00018487090710550547,-0.00043374052620492876,16,1.0,0.0002625135821290314,1.0,0.00028774311067536473,0.003,seed-mechanisms-v2,4,0.0,32,1,2,adamw,0.5260821580886841,1.0188097953796387,1.386542797088623,,,,,,,,,,0.7768017053604126,0.5916954874992371,1.3578720092773438,,,,,,,,,,0.2690742611885071,4.848860771744512e-05,0.0001699618442216888,0.548828125,-0.00038026628317311406,-1.4881170988082886,-0.00021030442439951003,,,,,,,,,,,,,,,,,,,,,,0.27582743763923645,0.00011838877981062979,-0.00034448690712451935,0.57421875,7.385706703644246e-05,-0.2245250940322876,-0.00027062982553616166,,,,,,,,,,,,,,,,,,,,,,0.09951342642307281,-0.14764004945755005,0.44345778226852417,0.5910977721214294,2.528432846069336,0.1408112347126007,-0.017707714810967445,0.6964408755302429,0.7141486406326294,1.7355852127075195,0.1684233546257019,0.11432379484176636,0.8047004342079163,0.6903766393661499,1.6953425407409668,0.17490556836128235,0.09823237359523773,0.8674492835998535,0.7692168354988098,1.3361890316009521,0.3613092303276062,0.279127836227417,0.9230823516845703,0.6439545154571533,1.1960411071777344,snapshot-mechanisms-v1,0,seeds/cell-006-f100eb25da99/seed-0/snapshots/step-000800.pt,800,800,7097b902cc3f3a43380d0b66433b0a90ecf3915af0cdb913b8b407b76daf38af,scaling-tuned-adamw-10seeds-v1,0.005375274457037449,0.00013344598119147122,910001,0.0001494683529017493,0.0005671568214893341,0.00010022163041867316,5.805044565931894e-05,0.00022155663464218378,2.9802322387695312e-08,0.000567156879696995,0.9996817708015442,9.591024718247354e-05,0.00016350617806892842,0.000567156879696995,0.0
0.44189688563346863,0.3818241357803345,0.12727472186088562,0.45744526386260986,1.3027369976043701,0.16073060035705566,0.3325614333152771,-0.9701756238937378,,,,,,,,,,,,,,,,,,,,,,0.06773430109024048,0.022578101605176926,0.059349678456783295,2.1960818767547607,0.872916042804718,5.880928993225098,3.684846878051758,,,,,,,,,,,,,,,,,,,,,,512,1.898464560508728,1.0007014274597168,0.999699592590332,cell-006-f100eb25da99,6,f100eb25da994c257223680ebecfb27e2b95bfdc5823e2dce6017282e42b2f5b,8,0.8776530027389526,4.813764572143555,0.16134114563465118,5.162916660308838,0.4145648181438446,0.3110855084191276,2048,6462c87c5c2aa5cb0dcd6afe9c4a0fab1a45d764f9166f84c6184af6723f1b0e,910002,910000,True,2.0060011593159288e-05,4.5644952479051426e-05,0.472225546836853,0.7431640625,3.5127479350194335e-05,-2.7940011932514608e-05,2.0331895939307287e-05,1.7704944184515625e-05,True,9.53062844928354e-05,-8.353455632459372e-05,0.5477861166000366,0.84033203125,0.00016605269047431648,5.821476224809885e-05,9.658061026129872e-05,-2.531972131691873e-05,16,1.0,0.0003691412275657058,1.0,0.00036823624395765364,0.003,seed-mechanisms-v2,4,0.0,32,1,2,adamw,0.40083685517311096,-0.5794030427932739,0.2125920057296753,,,,,,,,,,1.0888526439666748,1.5571489334106445,4.6815290451049805,,,,,,,,,,0.24936813116073608,1.3255794328870252e-05,-2.8489001124398783e-05,0.52880859375,4.092403105460107e-05,-0.9076189994812012,1.2435062672011554e-05,,,,,,,,,,,,,,,,,,,,,,0.2677808403968811,1.9940831407438964e-05,-6.435783870983869e-05,0.57275390625,4.9312671762891114e-05,-1.2600054740905762,-1.5045166946947575e-05,,,,,,,,,,,,,,,,,,,,,,0.23544800281524658,-0.23086583614349365,0.06391116976737976,0.2947770059108734,2.3939931392669678,0.47914618253707886,0.16602835059165955,0.33797985315322876,0.1719515472650528,2.2736029624938965,0.10017704963684082,-0.03987374156713486,0.49755358695983887,0.5374273657798767,2.2210235595703125,0.16078712046146393,0.08135568350553513,0.8155773282051086,0.7342216968536377,1.3681161403656006,0.19251057505607605,0.10968753695487976,0.9065830707550049,0.7968955039978027,1.201317310333252,snapshot-mechanisms-v1,1,seeds/cell-006-f100eb25da99/seed-1/snapshots/step-000800.pt,800,800,7097b902cc3f3a43380d0b66433b0a90ecf3915af0cdb913b8b407b76daf38af,scaling-tuned-adamw-10seeds-v1,0.004700232297182083,7.278643897734582e-05,910003,0.0002313854784006253,0.0005587481427937746,8.263345807790756e-05,3.0340646844706498e-05,0.00011971925414400175,1.4901161193847656e-08,0.0005587481427937746,0.9995874166488647,0.0001250099448952824,8.937860548030585e-05,0.0005587481427937746,0.0
0.36903172731399536,0.1916513890028,0.06388379633426666,0.2225680649280548,1.6657192707061768,0.5857805609703064,3.1094884872436523,1.4437693357467651,,,,,,,,,,,,,,,,,,,,,,0.17384293675422668,0.05794764310121536,0.5520427227020264,3.1341962814331055,0.27411437034606934,1.8691123723983765,-1.2650840282440186,,,,,,,,,,,,,,,,,,,,,,512,1.8937329053878784,0.9979290962219238,0.988991379737854,cell-006-f100eb25da99,6,f100eb25da994c257223680ebecfb27e2b95bfdc5823e2dce6017282e42b2f5b,8,0.9538245797157288,5.281167030334473,0.17128221690654755,5.4810309410095215,0.402569055557251,0.3110855084191276,2048,6462c87c5c2aa5cb0dcd6afe9c4a0fab1a45d764f9166f84c6184af6723f1b0e,910004,910000,True,0.008914552628993988,0.001218712073750794,0.41769638657569885,0.69873046875,0.002181307878345251,0.00039167774957604706,0.008182398974895477,0.0016103899106383324,True,0.0056170327588915825,0.002556636929512024,0.3575344681739807,0.64892578125,0.002970689907670021,-0.0038573318161070347,0.010569808073341846,-0.001300694770179689,16,0.998046875,0.0071796635165810585,0.99853515625,0.00654999166727066,0.003,seed-mechanisms-v2,4,0.0,32,1,2,adamw,0.6921103000640869,0.3015632927417755,0.9169037938117981,,,,,,,,,,1.0673136711120605,0.8699749708175659,2.3730783462524414,,,,,,,,,,0.2943882644176483,0.0023067311849445105,0.0012171061243861914,0.58154296875,0.0011816241312772036,-1.1726570129394531,0.0023987304884940386,,,,,,,,,,,,,,,,,,,,,,0.278471976518631,0.00522321742027998,0.0010149474255740643,0.556640625,0.005225326865911484,-0.5095947980880737,0.006240274291485548,,,,,,,,,,,,,,,,,,,,,,0.17125825583934784,-0.06345964223146439,0.4183347225189209,0.48179441690444946,2.478205680847168,0.2324630171060562,-0.01631559059023857,0.3940443694591522,0.4103599786758423,1.960557222366333,0.15720391273498535,0.09158049523830414,0.6528478860855103,0.5612673759460449,1.8074560165405273,0.15767045319080353,0.07325641810894012,0.8616350293159485,0.7883785963058472,1.2958717346191406,0.20703457295894623,0.12677091360092163,0.9155142307281494,0.7887433767318726,1.23392653465271,snapshot-mechanisms-v1,2,seeds/cell-006-f100eb25da99/seed-2/snapshots/step-000800.pt,800,800,7097b902cc3f3a43380d0b66433b0a90ecf3915af0cdb913b8b407b76daf38af,scaling-tuned-adamw-10seeds-v1,0.02254285290837288,0.0049912575632333755,910005,0.0014355926541611552,0.007014407776296139,0.001352951512672007,0.0005035012727603316,0.0023260340094566345,5.960464477539063e-08,0.007014407776296139,0.9883586168289185,0.0018998297164216638,0.001822532620280981,0.007014407776296139,0.0
0.4591792821884155,0.17754876613616943,0.059182923287153244,0.7168935537338257,2.8831753730773926,0.10555773973464966,0.6693317890167236,-2.213843584060669,,,,,,,,,,,,,,,,,,,,,,0.06073756888508797,0.020245857536792755,0.04703281819820404,2.5322654247283936,0.8922296166419983,7.161952018737793,4.6296868324279785,,,,,,,,,,,,,,,,,,,,,,512,1.865772008895874,0.997233510017395,1.001448154449463,cell-006-f100eb25da99,6,f100eb25da994c257223680ebecfb27e2b95bfdc5823e2dce6017282e42b2f5b,8,0.9168357849121094,4.656275272369385,0.14957451820373535,4.786384582519531,0.43306297063827515,0.3110855084191276,2048,6462c87c5c2aa5cb0dcd6afe9c4a0fab1a45d764f9166f84c6184af6723f1b0e,910006,910000,True,2.4777924409136176e-05,8.118327241390944e-05,0.4040473699569702,0.7041015625,4.71299936180003e-05,-0.00013544689863920212,2.1111400201334618e-05,-5.426364077720791e-05,True,0.00021557565196417272,0.00011631497181952,0.4114862084388733,0.74853515625,0.00026234789402224123,0.0004409581597428769,0.000149608647916466,0.0005572730442509055,16,1.0,0.00029159383848309517,1.0,0.00026684984914027154,0.003,seed-mechanisms-v2,4,0.0,32,1,2,adamw,0.5528541803359985,0.40410876274108887,0.7845332622528076,,,,,,,,,,0.7515515685081482,2.138662099838257,5.747500896453857,,,,,,,,,,0.267452597618103,1.0790050509967841e-05,0.0001163008128060028,0.5224609375,-0.00026971223996952176,-0.6301171183586121,-0.00015341142716351897,,,,,,,,,,,,,,,,,,,,,,0.2709459662437439,0.0001041298673953861,-0.00030466754105873406,0.57080078125,0.0013651405461132526,-0.9084817171096802,0.001060473034158349,,,,,,,,,,,,,,,,,,,,,,0.14732104539871216,-0.13569581508636475,0.2806131839752197,0.4163089990615845,2.668303966522217,0.17133042216300964,-0.17308692634105682,0.18833620846271515,0.361423134803772,2.4769668579101562,0.07539720833301544,-0.014913685619831085,0.5771142244338989,0.5920279026031494,2.2493581771850586,0.1276552975177765,0.010171178728342056,0.83234703540802,0.8221758604049683,1.3731714487075806,0.19638271629810333,0.09378251433372498,0.871192991733551,0.7774104475975037,1.2996054887771606,snapshot-mechanisms-v1,3,seeds/cell-006-f100eb25da99/seed-3/snapshots/step-000800.pt,800,800,7097b902cc3f3a43380d0b66433b0a90ecf3915af0cdb913b8b407b76daf38af,scaling-tuned-adamw-10seeds-v1,0.0053193229250609875,0.00012905152107123286,910007,0.00012579694157466292,0.0002840695669874549,4.584442649502307e-05,3.7142899600439705e-06,3.3275420719292015e-05,1.1175870895385742e-08,0.0002840695669874549,1.0013909339904785,7.915279275039211e-05,2.9561131668742746e-05,0.0002840695669874549,0.0
0.5164579153060913,0.14526624977588654,0.048422083258628845,0.4145357012748718,2.587736129760742,0.44019806385040283,2.581657886505127,-0.006078045815229416,,,,,,,,,,,,,,,,,,,,,,0.10206832736730576,0.034022778272628784,0.22276905179023743,3.0184192657470703,0.675162672996521,4.692643165588379,1.6742238998413086,,,,,,,,,,,,,,,,,,,,,,512,1.747707486152649,1.0232300758361816,0.9989439249038696,cell-006-f100eb25da99,6,f100eb25da994c257223680ebecfb27e2b95bfdc5823e2dce6017282e42b2f5b,8,0.9071673154830933,5.32965087890625,0.16969823837280273,5.4303436279296875,0.3982063829898834,0.3110855084191276,2048,6462c87c5c2aa5cb0dcd6afe9c4a0fab1a45d764f9166f84c6184af6723f1b0e,910008,910000,True,0.00018633244326338172,-0.0006853931699879467,0.367709219455719,0.62744140625,0.00031454331474378705,0.000645577849354595,0.00018552092660684139,-3.981530971941538e-05,True,0.0006813809159211814,0.00046338391257449985,0.46036750078201294,0.72509765625,0.0011011725291609764,-0.0006685247644782066,0.0007177338702604175,-0.00020514096831902862,16,0.99951171875,0.0016130439471453428,0.9990234375,0.0025524580851197243,0.003,seed-mechanisms-v2,4,0.0,32,1,2,adamw,0.8139581680297852,0.2893504202365875,1.0639653205871582,,,,,,,,,,0.9846656918525696,0.9559460878372192,2.4356887340545654,,,,,,,,,,0.33240261673927307,0.000174406697624363,-0.00015487297787331045,0.6298828125,0.00018449188792146742,-0.7340062260627747,2.9618939151987433e-05,,,,,,,,,,,,,,,,,,,,,,0.2853679955005646,0.00024808337911963463,0.00019613893528003246,0.5576171875,0.00042893600766547024,-0.8819303512573242,0.000625074899289757,,,,,,,,,,,,,,,,,,,,,,0.21533134579658508,0.01730090007185936,0.5713366270065308,0.5540357828140259,2.430584192276001,0.25535404682159424,0.19136252999305725,0.7276315689086914,0.5362690687179565,2.0407497882843018,0.1684662401676178,0.0732116550207138,0.7394529581069946,0.6662412881851196,2.167184829711914,0.17312085628509521,0.0657636970281601,0.846451461315155,0.7806877493858337,1.5940178632736206,0.2728484272956848,0.1826341152191162,0.9047479629516602,0.722113847732544,1.2219680547714233,snapshot-mechanisms-v1,4,seeds/cell-006-f100eb25da99/seed-4/snapshots/step-000800.pt,800,800,7097b902cc3f3a43380d0b66433b0a90ecf3915af0cdb913b8b407b76daf38af,scaling-tuned-adamw-10seeds-v1,0.010178646072745323,0.0013231080956757069,910009,0.0003661549708340317,0.0011158972047269344,0.0002403391117695719,4.081090082763694e-05,0.00024791035684756935,1.4901161193847656e-08,0.0011158972047269344,0.9987045526504517,0.0002614926779642701,0.00020709948148578405,0.0011158970883116126,0.0
0.5212897062301636,0.09521539509296417,0.03173846751451492,0.16485145688056946,2.365363836288452,0.7399331331253052,4.491128921508789,2.125764846801758,,,,,,,,,,,,,,,,,,,,,,0.16597102582454681,0.05532367154955864,0.4443204402923584,3.6018731594085693,0.3897085189819336,2.2256810665130615,-1.3761919736862183,,,,,,,,,,,,,,,,,,,,,,512,1.8207796812057495,0.9922502040863037,0.9978436231613159,cell-006-f100eb25da99,6,f100eb25da994c257223680ebecfb27e2b95bfdc5823e2dce6017282e42b2f5b,8,0.883378803730011,4.329873561859131,0.13826052844524384,4.424336910247803,0.4440024197101593,0.3110855084191276,2048,6462c87c5c2aa5cb0dcd6afe9c4a0fab1a45d764f9166f84c6184af6723f1b0e,910010,910000,True,8.232005347963423e-05,-0.0003945288772229105,0.32081466913223267,0.5615234375,0.00010871170525206253,-0.00044859107583761215,0.0003068597870878875,-0.0008431199239566922,True,0.00022901894408278167,4.2491170461289585e-05,0.46548131108283997,0.767578125,0.0005007735453546047,-0.001013426692225039,0.0003430527285672724,-0.0009709355654194951,16,1.0,0.0004462436481844634,1.0,0.0004550553858280182,0.003,seed-mechanisms-v2,4,0.0,32,1,2,adamw,0.6124753355979919,0.5976043343544006,1.0818712711334229,,,,,,,,,,0.8024585843086243,0.7139313220977783,1.5469717979431152,,,,,,,,,,0.29985731840133667,3.031752203241922e-05,-0.00018627919780556113,0.5966796875,-0.0005273545975796878,-1.3157734870910645,-0.0007136338390409946,,,,,,,,,,,,,,,,,,,,,,0.2620279788970947,0.0001013779838103801,-0.00031673168996348977,0.54931640625,-0.0009632380097173154,-0.6475657820701599,-0.0012799696996808052,,,,,,,,,,,,,,,,,,,,,,0.13401375710964203,-0.18206951022148132,0.3119581937789917,0.494027704000473,2.538494825363159,0.12558996677398682,0.016063855960965157,0.6769475936889648,0.6608837246894836,1.8454086780548096,0.1760168820619583,0.0027983994223177433,0.6408220529556274,0.6380236744880676,1.5841591358184814,0.16184519231319427,0.01199022214859724,0.7571713924407959,0.745181143283844,1.573620080947876,0.15237018465995789,0.024881742894649506,0.8533201217651367,0.828438401222229,1.2450605630874634,snapshot-mechanisms-v1,5,seeds/cell-006-f100eb25da99/seed-5/snapshots/step-000800.pt,800,800,7097b902cc3f3a43380d0b66433b0a90ecf3915af0cdb913b8b407b76daf38af,scaling-tuned-adamw-10seeds-v1,0.005716790910810232,0.00017189096251968294,910011,0.00023751842672936618,0.0013217106461524963,0.0003266886924393475,0.00010346125782234594,0.0004749743966385722,1.4901161193847656e-08,0.0013217105297371745,0.9979876279830933,0.00028252904303371906,0.0003715131897479296,0.0013217104133218527,0.0
0.3541145920753479,0.05574009567499161,0.018580032512545586,0.5365664958953857,4.4793877601623535,0.40769338607788086,3.901533603668213,-0.5778540968894958,,,,,,,,,,,,,,,,,,,,,,0.1479739099740982,0.049324631690979004,0.4835856854915619,3.0084304809570312,0.3684404492378235,2.508237361907959,-0.5001934766769409,,,,,,,,,,,,,,,,,,,,,,512,1.721645474433899,0.9856271147727966,0.9993948936462402,cell-006-f100eb25da99,6,f100eb25da994c257223680ebecfb27e2b95bfdc5823e2dce6017282e42b2f5b,8,0.8770420551300049,5.560626983642578,0.18070966005325317,5.782709121704102,0.39099204540252686,0.3110855084191276,2048,6462c87c5c2aa5cb0dcd6afe9c4a0fab1a45d764f9166f84c6184af6723f1b0e,910012,910000,True,2.8818099963245913e-05,2.2508851543534547e-05,0.4499984383583069,0.72265625,2.648402369231917e-05,0.000288015347905457,5.226836583460681e-05,0.0003105242212768644,True,7.534309406764805e-05,0.0003857225237879902,0.5446387529373169,0.8095703125,0.00011561915016500279,0.0003749040770344436,6.929830851731822e-05,0.0007606265135109425,16,1.0,0.00011827293201349676,1.0,0.0001303715689573437,0.003,seed-mechanisms-v2,4,0.0,32,1,2,adamw,0.7194222211837769,0.5138823986053467,1.1610612869262695,,,,,,,,,,0.8380262851715088,0.4615454077720642,1.2745615243911743,,,,,,,,,,0.2625676989555359,6.326503807940753e-06,2.242094160465058e-05,0.54052734375,0.0002478508395142853,-1.4318228960037231,0.0002702717902138829,,,,,,,,,,,,,,,,,,,,,,0.2890121042728424,2.635259079397656e-05,0.0001786764187272638,0.56298828125,0.0003257719799876213,-1.0215853452682495,0.0005044483696110547,,,,,,,,,,,,,,,,,,,,,,0.14097347855567932,0.022384829819202423,0.6362124085426331,0.6138275265693665,2.2903332710266113,0.2790592908859253,0.23024500906467438,0.7868934869766235,0.5566485524177551,1.7701488733291626,0.16960129141807556,0.08848554641008377,0.6350107192993164,0.546525239944458,2.1085190773010254,0.18242526054382324,0.06390789151191711,0.7043166160583496,0.6404087543487549,1.8873381614685059,0.2476746141910553,0.13212119042873383,0.8373643159866333,0.7052431106567383,1.3210580348968506,snapshot-mechanisms-v1,6,seeds/cell-006-f100eb25da99/seed-6/snapshots/step-000800.pt,800,800,7097b902cc3f3a43380d0b66433b0a90ecf3915af0cdb913b8b407b76daf38af,scaling-tuned-adamw-10seeds-v1,0.0038101470563560724,5.588380008703098e-05,910013,4.2530562495812774e-05,0.00013041176134720445,2.4993994884425774e-05,2.524741603338043e-06,2.5428425942664035e-05,3.725290298461914e-09,0.00013041176134720445,0.9993456602096558,3.745877620531246e-05,2.290368684043642e-05,0.00013041176134720445,0.0
0.3711671233177185,0.07509858906269073,0.02503286302089691,0.2991379499435425,3.163618326187134,0.625763475894928,4.022851943969727,0.8592336177825928,,,,,,,,,,,,,,,,,,,,,,0.4357340335845947,0.14524468779563904,0.27741768956184387,0.6945444941520691,0.286848247051239,0.7265688180923462,0.03202429786324501,,,,,,,,,,,,,,,,,,,,,,512,1.91300630569458,1.0044925212860107,0.998837947845459,cell-006-f100eb25da99,6,f100eb25da994c257223680ebecfb27e2b95bfdc5823e2dce6017282e42b2f5b,8,0.9073444604873657,5.17869234085083,0.16564658284187317,5.300690650939941,0.40845105051994324,0.3110855084191276,2048,6462c87c5c2aa5cb0dcd6afe9c4a0fab1a45d764f9166f84c6184af6723f1b0e,910014,910000,True,9.115981811191887e-05,-0.0007155993953347206,0.3915530741214752,0.65380859375,4.880867709289305e-05,0.00043394783278927207,7.59816903155297e-05,-0.0002816516498569399,True,0.0008503440767526627,0.00012396620877552778,0.6763041615486145,0.90234375,0.0011377556947991252,-0.0002593614917714149,0.00015464442549273372,-0.0001353953848592937,16,1.0,0.0003555326256901026,1.0,0.00034175754990428686,0.003,seed-mechanisms-v2,4,0.0,32,1,2,adamw,0.7029843330383301,1.359020709991455,2.6132760047912598,,,,,,,,,,0.7581435441970825,-0.15786728262901306,0.6204620599746704,,,,,,,,,,0.2675631642341614,2.8810980438720435e-05,-0.0002344690728932619,0.53759765625,-0.0007697247783653438,-1.396531105041504,-0.0010041939094662666,,,,,,,,,,,,,,,,,,,,,,0.21920299530029297,5.7787387049756944e-05,1.071437873179093e-05,0.5654296875,7.74978798290249e-06,0.03689224272966385,1.8464117601979524e-05,,,,,,,,,,,,,,,,,,,,,,0.10782372951507568,-0.011955314315855503,0.5470322370529175,0.5589876174926758,2.3886804580688477,0.17185167968273163,0.05960196256637573,0.8775235414505005,0.81792151927948,1.4247982501983643,0.2632197439670563,0.19663667678833008,0.9392772912979126,0.7426406145095825,1.23681640625,0.3105218708515167,0.2538414001464844,0.9381963014602661,0.6843549013137817,1.2621359825134277,0.3216002881526947,0.26654869318008423,0.958951473236084,0.692402720451355,1.1890552043914795,snapshot-mechanisms-v1,7,seeds/cell-006-f100eb25da99/seed-7/snapshots/step-000800.pt,800,800,7097b902cc3f3a43380d0b66433b0a90ecf3915af0cdb913b8b407b76daf38af,scaling-tuned-adamw-10seeds-v1,0.006897942628711462,0.00013539088831748813,910015,0.00013557141937781125,0.00034424164914526045,4.810386963072233e-05,7.248223028000211e-06,6.689502333756536e-05,6.28642737865448e-09,0.00034424162004143,0.9989418983459473,9.36713331611827e-05,5.96467980358284e-05,0.00034424162004143,0.0
0.6375218629837036,0.15506993234157562,0.05168997496366501,0.15270262956619263,1.7270824909210205,0.6922274827957153,3.442056655883789,1.7149741649627686,,,,,,,,,,,,,,,,,,,,,,0.10134328901767731,0.03378109633922577,0.23036932945251465,2.670832633972168,0.6682873964309692,4.135692119598389,1.4648593664169312,,,,,,,,,,,,,,,,,,,,,,512,1.8993479013442993,1.0118800401687622,0.9982808232307434,cell-006-f100eb25da99,6,f100eb25da994c257223680ebecfb27e2b95bfdc5823e2dce6017282e42b2f5b,8,0.8475874662399292,4.952025890350342,0.16438335180282593,5.26026725769043,0.40165820717811584,0.3110855084191276,2048,6462c87c5c2aa5cb0dcd6afe9c4a0fab1a45d764f9166f84c6184af6723f1b0e,910016,910000,True,0.00013913276779931039,2.3870772565715015e-05,0.3126971423625946,0.5693359375,0.0014298002934083343,-0.0010008423123508692,0.0010723313316702843,-0.0009769715834408998,True,0.002676061587408185,-0.0017646499909460545,0.5378173589706421,0.81591796875,0.001088434481061995,-0.0012977333972230554,0.006482337601482868,-0.003062383271753788,16,1.0,0.0007304932805709541,1.0,0.0002997518749907613,0.003,seed-mechanisms-v2,4,0.0,32,1,2,adamw,0.5402573943138123,0.7149636745452881,1.0456618070602417,,,,,,,,,,0.6625947952270508,1.3474128246307373,2.347127914428711,,,,,,,,,,0.27814263105392456,2.748275437625125e-05,5.112275903229602e-05,0.54443359375,-0.0010070145362988114,-1.2405630350112915,-0.0009558917954564095,,,,,,,,,,,,,,,,,,,,,,0.26414480805397034,0.0006371177732944489,-0.0003053905093111098,0.54052734375,-0.004715082701295614,-1.0428344011306763,-0.005020472686737776,,,,,,,,,,,,,,,,,,,,,,0.10436604171991348,-0.07362374663352966,0.48101580142974854,0.5546395778656006,2.538221836090088,0.14426705241203308,-0.024868132546544075,0.6234331727027893,0.648301362991333,2.132864475250244,0.06692575663328171,-0.054375965148210526,0.6406652927398682,0.6950412392616272,2.2627696990966797,0.10169766843318939,-0.005808143876492977,0.896902859210968,0.902711033821106,1.3684841394424438,0.14965304732322693,0.03538689762353897,0.9483675956726074,0.9129806756973267,1.212320327758789,snapshot-mechanisms-v1,8,seeds/cell-006-f100eb25da99/seed-8/snapshots/step-000800.pt,800,800,7097b902cc3f3a43380d0b66433b0a90ecf3915af0cdb913b8b407b76daf38af,scaling-tuned-adamw-10seeds-v1,0.004425668157637119,0.00042375456541776657,910017,6.0341750213410705e-05,0.00023681283346377313,4.31881780968979e-05,1.6024978322093375e-05,7.495805766666308e-05,5.587935447692871e-09,0.00023681283346377313,0.9985566139221191,5.83248256589286e-05,5.8933084801537916e-05,0.00023681283346377313,0.0
0.41142410039901733,0.23662930727005005,0.07887643575668335,0.6444994807243347,2.4916739463806152,0.11887118965387344,0.42050081491470337,-2.0711731910705566,,,,,,,,,,,,,,,,,,,,,,0.07734574377536774,0.025781914591789246,0.11401887238025665,2.8989038467407227,0.8086353540420532,5.3660888671875,2.4671850204467773,,,,,,,,,,,,,,,,,,,,,,512,1.9648476839065552,1.0161168575286865,1.0007259845733643,cell-006-f100eb25da99,6,f100eb25da994c257223680ebecfb27e2b95bfdc5823e2dce6017282e42b2f5b,8,0.9313555955886841,4.073134899139404,0.13388556241989136,4.284337997436523,0.4522892236709595,0.3110855084191276,2048,6462c87c5c2aa5cb0dcd6afe9c4a0fab1a45d764f9166f84c6184af6723f1b0e,910018,910000,True,5.336177127901465e-05,0.00020660116570070386,0.46518704295158386,0.7294921875,7.148846634663641e-05,-0.00023694694391451776,4.53003631264437e-05,-3.0345800041686743e-05,True,0.0011214918922632933,-0.001308170729316771,0.5062792301177979,0.8271484375,0.0010081043001264334,0.0004025113885290921,0.0024042113218456507,-0.000905659282580018,16,0.99951171875,0.001442748587578535,1.0,0.0008280642796307802,0.003,seed-mechanisms-v2,4,0.0,32,1,2,adamw,0.48850497603416443,-0.4234028458595276,0.3131762146949768,,,,,,,,,,0.6240614056587219,1.7369322776794434,3.3718767166137695,,,,,,,,,,0.2589297890663147,3.643045056378469e-05,-6.058513099560514e-05,0.53759765625,-1.1308694411127362e-05,-0.4704221487045288,-7.189380994532257e-05,,,,,,,,,,,,,,,,,,,,,,0.2927670180797577,0.0002406261337455362,7.40252435207367e-05,0.5908203125,-0.002975134877488017,-0.8977737426757812,-0.0029011096339672804,,,,,,,,,,,,,,,,,,,,,,0.2506926655769348,0.090445876121521,0.4078071713447571,0.3173612952232361,2.2494559288024902,0.360313355922699,0.18443557620048523,0.4619670510292053,0.27753153443336487,2.252840995788574,0.10477477312088013,-0.01985038071870804,0.5408815145492554,0.5607319474220276,2.327259063720703,0.1532774567604065,0.03482714667916298,0.736494779586792,0.7016676664352417,1.5296258926391602,0.24211585521697998,0.14242929220199585,0.8123857975006104,0.6699564456939697,1.2829753160476685,snapshot-mechanisms-v1,9,seeds/cell-006-f100eb25da99/seed-9/snapshots/step-000800.pt,800,800,7097b902cc3f3a43380d0b66433b0a90ecf3915af0cdb913b8b407b76daf38af,scaling-tuned-adamw-10seeds-v1,0.010298369452357292,0.0009992343839257956,910019,0.0003599868214223534,0.0010087331756949425,0.00015820110274944454,4.710606299340725e-05,0.0002455267822369933,1.4901161193847656e-08,0.0010087331756949425,1.0006630420684814,0.00024501848383806646,0.0001984207337955013,0.0010087331756949425,0.0
0.13193994760513306,0.30084049701690674,0.10028016567230225,0.4156721234321594,2.635812759399414,0.2834874093532562,1.4971765279769897,-1.1386363506317139,0.2902129292488098,0.09673765301704407,0.5911816358566284,2.327505588531494,0.11860537528991699,-0.6227299571037292,-2.9502358436584473,0.165467768907547,0.055155929177999496,0.31286799907684326,3.7035326957702637,0.5216642618179321,4.265578269958496,0.5620461106300354,0.511317253112793,0.17043909430503845,0.2348233461380005,0.2974153459072113,0.25385937094688416,0.3354904055595398,0.038075052201747894,0.4841800332069397,0.16139335930347443,0.2772427201271057,0.4536917805671692,0.238577201962471,0.2850303053855896,-0.1686614751815796,0.3724536895751953,0.12415124475955963,0.33223214745521545,1.032885193824768,0.29531413316726685,0.9733128547668457,-0.0595724880695343,0.43918538093566895,0.14639514684677124,0.2710968852043152,0.7332319021224976,0.28971773386001587,0.7748119831085205,0.041580088436603546,0.6952799558639526,0.23176001012325287,0.16411331295967102,-0.5310307741165161,0.14060670137405396,-0.6594545245170593,-0.12842367589473724,512,1.8151774406433105,0.9675467014312744,0.992120087146759,cell-007-8736a677897e,7,8736a677897e13a1ae23687467e615ab06f0d9181249470e16e38ebb663f5144,8,0.9511617422103882,3.8116719722747803,0.12428994476795197,3.977278232574463,0.48341214656829834,0.3110855084191276,2048,6462c87c5c2aa5cb0dcd6afe9c4a0fab1a45d764f9166f84c6184af6723f1b0e,910000,910000,True,0.0031078571919351816,0.0015274211764335632,0.3652583360671997,0.6591796875,0.0021138195879757404,0.0017569104675203562,0.007260565180331469,0.003284331876784563,True,0.0062905726954340935,0.0005231733666732907,0.619631290435791,0.865234375,0.0030704112723469734,0.0008416827186010778,0.012124793604016304,0.001364855794236064,16,0.99755859375,0.009960773400962353,0.99609375,0.009965350851416588,0.003,seed-mechanisms-v2,4,0.0,32,4,2,adamw,0.28114306926727295,0.11994334310293198,0.28482645750045776,0.21858832240104675,-0.28204643726348877,0.14616891741752625,0.4245428442955017,1.5163540840148926,1.6700501441955566,0.2996644377708435,0.963732123374939,0.7011470794677734,0.558480978012085,-0.49103471636772156,0.33691084384918213,0.519646942615509,0.23561954498291016,0.6504251956939697,0.21079447865486145,0.581253170967102,0.34865352511405945,0.21542644500732422,0.06381524354219437,0.21874812245368958,0.31939488649368286,0.00034246090217493474,0.0002069515030598268,0.63916015625,5.299055192153901e-05,-0.827621579170227,0.0002599419094622135,0.2926928997039795,0.0009794996585696936,0.00036986684426665306,0.58740234375,-7.492763688787818e-05,-0.39389872550964355,0.00029493914917111397,0.24438273906707764,0.0006457573035731912,0.00018619760521687567,0.541015625,0.0038049225695431232,-1.738838791847229,0.003991120494902134,0.27776122093200684,0.0007363006589002907,-0.00017879897495731711,0.53466796875,-5.3902913350611925e-05,-0.7073618769645691,-0.00023270206293091178,0.26112857460975647,0.0008390528964810073,0.0008075165678746998,0.5234375,7.850125257391483e-06,-0.3912140130996704,0.0008153667440637946,0.27392566204071045,0.0013230838812887669,-0.0008408221183344722,0.533203125,0.001051675179041922,-0.48152124881744385,0.00021085329353809357,0.27090609073638916,0.00015408103354275227,-0.0003604594385251403,0.52099609375,0.00033785265986807644,-0.4565231204032898,-2.2606749553233385e-05,0.23508292436599731,0.00016387342475354671,0.0001964509137906134,0.4990234375,0.0002854600897990167,-0.2553510367870331,0.0004819110035896301,0.055097635835409164,-0.15857535600662231,0.4521664083003998,0.6107417345046997,2.5075230598449707,0.12701140344142914,-0.019202806055545807,0.6246029138565063,0.643805742263794,1.8135504722595215,0.09137590229511261,-0.0073454901576042175,0.6969101428985596,0.7042557001113892,1.6888628005981445,0.13805007934570312,0.05005593225359917,0.7510920166969299,0.7010360956192017,1.5767158269882202,0.21538415551185608,0.12983763217926025,0.9292033910751343,0.799365758895874,1.1718522310256958,snapshot-mechanisms-v1,0,seeds/cell-007-8736a677897e/seed-0/snapshots/step-000800.pt,800,800,7097b902cc3f3a43380d0b66433b0a90ecf3915af0cdb913b8b407b76daf38af,scaling-tuned-adamw-10seeds-v1,0.019221646711230278,0.005853216163814068,910001,0.0011109898332506418,0.008340777829289436,0.002434885362163186,0.0007978191715665162,0.0033810948953032494,1.1920928955078125e-07,0.008340776897966862,0.9935813546180725,0.0014138073893263936,0.0025832755491137505,0.008340776897966862,0.0
0.2063303291797638,0.5663422346115112,0.1887807548046112,0.21781732141971588,0.13839936256408691,0.2158404290676117,0.11890171468257904,-0.01949762925505638,0.553959846496582,0.18465328216552734,0.2521955072879791,-0.059311166405677795,0.19384466111660004,-0.6538232564926147,-0.5945121049880981,0.6613094806671143,0.22043649852275848,0.09873390197753906,-0.8919373750686646,0.23995661735534668,0.06604694575071335,0.9579843282699585,0.5646871328353882,0.188229039311409,0.2123723030090332,0.10988792777061462,0.2229405790567398,0.13940638303756714,0.029518447816371918,0.45949140191078186,0.15316380560398102,0.2278560996055603,0.350128173828125,0.3126525282859802,0.7304044961929321,0.3802763521671295,0.21966244280338287,0.07322081923484802,0.28848639130592346,2.3183493614196777,0.49185115098953247,2.9180986881256104,0.5997490882873535,0.07983291149139404,0.026610972359776497,0.06249447911977768,10.977534294128418,0.8576725721359253,14.195096969604492,3.217562675476074,0.33030587434768677,0.11010195314884186,0.40861284732818604,1.5163681507110596,0.2610812783241272,1.0846269130706787,-0.4317411184310913,512,1.7348226308822632,0.9580576419830322,0.9947633743286133,cell-007-8736a677897e,7,8736a677897e13a1ae23687467e615ab06f0d9181249470e16e38ebb663f5144,8,0.9653939008712769,3.3529763221740723,0.10922782868146896,3.495290517807007,0.5227372050285339,0.3110855084191276,2048,6462c87c5c2aa5cb0dcd6afe9c4a0fab1a45d764f9166f84c6184af6723f1b0e,910002,910000,True,0.00036495356471277773,0.00025262442068196833,0.5731827020645142,0.806640625,0.0002703011850826442,-0.00024112462415359914,0.00020739022875204682,1.149983290815726e-05,True,0.0036710482090711594,-0.000730900967027992,0.4584841728210449,0.71533203125,0.0028766344767063856,0.003155832178890705,0.008252376690506935,0.002424931386485696,16,0.99951171875,0.002066491637378931,0.9990234375,0.003914627246558666,0.003,seed-mechanisms-v2,4,0.0,32,4,2,adamw,0.23282867670059204,-1.7578952312469482,0.043074559420347214,0.14504560828208923,-1.0891733169555664,0.04690586030483246,0.13318298757076263,-0.6760073900222778,0.05935873091220856,0.2895705997943878,-1.8244433403015137,0.044135529547929764,0.16915132105350494,0.7483599185943604,0.30842435359954834,0.3191464841365814,-0.6031630039215088,0.17459100484848022,0.2829115390777588,2.8852691650390625,4.379136085510254,0.31533175706863403,0.4948374330997467,0.44161853194236755,0.10321257263422012,0.00022617603826802224,-0.00014887767611071467,0.4287109375,2.8307408683758695e-06,-0.20701996982097626,-0.00014604693569708616,0.20992781221866608,1.0061296961794142e-05,-1.138035804615356e-05,0.5068359375,0.00031124267843551934,-1.223329782485962,0.00029986229492351413,0.1465778946876526,4.06834515160881e-05,-0.00013802765170112252,0.5205078125,7.247732810355956e-06,-0.027539964765310287,-0.0001307799102505669,0.1884903907775879,0.00011401603114791214,-6.702466635033488e-05,0.470703125,-0.0001222449354827404,-0.2564736008644104,-0.00018926958728116006,0.3099612891674042,3.9269751141546294e-05,-0.00024484930327162147,0.615234375,-0.00010943319648504257,-0.003547889180481434,-0.00035428249975666404,0.3965507745742798,0.00024369245511479676,-0.0006731562316417694,0.650390625,0.0001023931399686262,-0.07891400158405304,-0.000570763077121228,0.21935343742370605,0.0002636512217577547,-0.00018016580725088716,0.53955078125,0.006079874932765961,-1.70408296585083,0.005899709649384022,0.34302231669425964,0.0001577534421812743,0.0003163815417792648,0.626953125,-0.00045124650932848454,-0.04728194326162338,-0.00013486492389347404,0.1943514049053192,-0.2855873107910156,0.040401555597782135,0.32598888874053955,2.4150137901306152,0.5081216096878052,0.35118764638900757,0.5502390265464783,0.1990513801574707,2.4594547748565674,0.06063944846391678,-0.040739480406045914,0.840924859046936,0.8816642761230469,1.6557679176330566,0.09122906625270844,0.008283862844109535,0.8309276103973389,0.8226436972618103,1.7764480113983154,0.1947716623544693,0.10919837653636932,0.9519875645637512,0.8427891731262207,1.1647202968597412,snapshot-mechanisms-v1,1,seeds/cell-007-8736a677897e/seed-1/snapshots/step-000800.pt,800,800,7097b902cc3f3a43380d0b66433b0a90ecf3915af0cdb913b8b407b76daf38af,scaling-tuned-adamw-10seeds-v1,0.014698480255901814,0.004149151034653187,910003,0.0005570813082158566,0.005082501098513603,0.001991649391129613,5.862423131475225e-05,0.00122575624845922,5.960464477539063e-08,0.005082500632852316,0.9933949708938599,0.0013080138014629483,0.0011671320535242558,0.005082500632852316,0.0
0.17083533108234406,0.49227839708328247,0.1640928089618683,0.23606637120246887,-0.006155531387776136,0.27165526151657104,0.4208453297615051,0.42700088024139404,0.4532605707645416,0.15108686685562134,0.20486484467983246,-0.08273665606975555,0.3418745994567871,0.7728508710861206,0.8555875420570374,0.6550809144973755,0.2183603048324585,0.10516348481178284,-1.0460495948791504,0.23975560069084167,-0.2617756724357605,0.7842739224433899,0.5322262048721313,0.17740875482559204,0.23089638352394104,0.08368752896785736,0.23687739670276642,0.23995530605316162,0.15626776218414307,0.3092059791088104,0.10306865721940994,0.33406126499176025,2.2253332138061523,0.3567327558994293,2.1243865489959717,-0.10094686597585678,0.19246381521224976,0.06415461003780365,0.3507874011993408,3.161437749862671,0.4567487835884094,3.513136863708496,0.3516991138458252,0.3548436462879181,0.11828121542930603,0.3965728282928467,1.5995876789093018,0.2485835701227188,1.0448139905929565,-0.55477374792099,0.41717445850372314,0.1390581578016281,0.23285944759845734,0.6117266416549683,0.3499661087989807,1.095353364944458,0.4836267828941345,512,1.7423068284988403,0.9762730598449707,0.949425220489502,cell-007-8736a677897e,7,8736a677897e13a1ae23687467e615ab06f0d9181249470e16e38ebb663f5144,8,0.9511029720306396,4.936591625213623,0.1619565486907959,5.182609558105469,0.4325326383113861,0.3110855084191276,2048,6462c87c5c2aa5cb0dcd6afe9c4a0fab1a45d764f9166f84c6184af6723f1b0e,910004,910000,True,0.02515200898051262,-0.0036519779823720455,0.49221596121788025,0.7509765625,0.0118446946144104,-0.0035152100026607513,0.025928687304258347,-0.007167187985032797,True,0.026256589218974113,-0.007272633723914623,0.4040966033935547,0.65771484375,0.025526735931634903,-0.007020312827080488,0.07217259705066681,-0.014292947016656399,16,0.98193359375,0.05714549496769905,0.982421875,0.05966635048389435,0.003,seed-mechanisms-v2,4,0.0,32,4,2,adamw,0.3731612265110016,-1.8329715728759766,0.06137237697839737,0.4867018163204193,-0.19446000456809998,0.34962940216064453,0.3557147979736328,-1.092954158782959,0.11515782028436661,0.35894933342933655,-1.111353874206543,0.1025397926568985,0.348010778427124,0.41378599405288696,0.44243723154067993,0.6738806366920471,1.1019355058670044,1.7176532745361328,0.4297991394996643,-0.9657071232795715,0.18428391218185425,0.37742704153060913,0.5838110446929932,0.5643362402915955,0.218851700425148,0.01135258935391903,-0.001519485842436552,0.548828125,0.0014628904173150659,-0.2982555031776428,-5.6595075875520706e-05,0.2892373204231262,0.008070280775427818,-0.0010218715760856867,0.583984375,-0.003291819477453828,-0.38621801137924194,-0.0043136910535395145,0.16859634220600128,0.007669257000088692,0.00220146169885993,0.53076171875,0.00029744001221843064,0.035926107317209244,0.0024989014491438866,0.2098538875579834,0.011308008804917336,0.0002668290981091559,0.53857421875,-0.0012766631552949548,-0.02460389770567417,-0.0010098342318087816,0.2507193684577942,0.005484832916408777,-0.00048230739776045084,0.51611328125,-0.002149567473679781,-0.5332366228103638,-0.0026318749878555536,0.30449581146240234,0.02299603261053562,0.003863121150061488,0.57666015625,-0.016072221100330353,-0.8384373188018799,-0.012209098786115646,0.32737183570861816,0.0009723069379106164,0.00018541418830864131,0.619140625,-0.000639379839412868,-0.09202151000499725,-0.0004539656511042267,0.27076995372772217,0.004133665468543768,0.00018561596516519785,0.529296875,-0.0030161957256495953,-0.8269884586334229,-0.0028305796440690756,0.18134930729866028,-0.09114156663417816,0.3427956700325012,0.4339372515678406,2.211437702178955,0.20573531091213226,-0.0362970307469368,0.36341679096221924,0.39971381425857544,2.2180593013763428,0.0974334254860878,0.03093537501990795,0.758064866065979,0.7271293997764587,1.927856683731079,0.1580643653869629,0.09443652629852295,0.748830258846283,0.6543937921524048,1.8736414909362793,0.2092471867799759,0.1379515528678894,0.7166240811347961,0.5786725282669067,1.4181358814239502,snapshot-mechanisms-v1,2,seeds/cell-007-8736a677897e/seed-2/snapshots/step-000800.pt,800,800,7097b902cc3f3a43380d0b66433b0a90ecf3915af0cdb913b8b407b76daf38af,scaling-tuned-adamw-10seeds-v1,0.09300076961517334,0.054508812725543976,910005,0.008070048876106739,0.056417595595121384,0.019848637282848358,0.0028567169792950153,0.015470110811293125,1.1920928955078125e-07,0.056417595595121384,0.9501937627792358,0.013028798624873161,0.012613393366336823,0.056417595595121384,0.0
0.23122841119766235,0.5215004682540894,0.17383351922035217,0.23029997944831848,0.2687493562698364,0.248199462890625,0.34729474782943726,0.07854539155960083,0.3867700695991516,0.12892335653305054,0.28810086846351624,0.795777440071106,0.32512906193733215,0.9257473945617676,0.12996992468833923,0.3457871079444885,0.11526238173246384,0.5055440664291382,2.1004111766815186,0.1486687958240509,0.44219231605529785,-1.6582188606262207,0.41740867495536804,0.13913622498512268,0.3893669545650482,1.1059437990188599,0.19322437047958374,0.3541586399078369,-0.7517850995063782,0.08222649246454239,0.02740883082151413,0.24463097751140594,8.893861770629883,0.6731425523757935,10.423576354980469,1.5297133922576904,0.15035852789878845,0.050119511783123016,0.421345055103302,4.401716709136963,0.42829641699790955,4.281940460205078,-0.11977575719356537,0.15972864627838135,0.05324288830161095,0.5447971820831299,3.934725284576416,0.29547417163848877,2.8275983333587646,-1.1071269512176514,0.27419838309288025,0.09139945358037949,0.408782958984375,2.6033389568328857,0.31701862812042236,2.2440953254699707,-0.35924363136291504,512,1.7929699420928955,0.9566687345504761,0.9927901029586792,cell-007-8736a677897e,7,8736a677897e13a1ae23687467e615ab06f0d9181249470e16e38ebb663f5144,8,0.9781606197357178,3.8228728771209717,0.12490184605121613,3.996859073638916,0.4874022603034973,0.3110855084191276,2048,6462c87c5c2aa5cb0dcd6afe9c4a0fab1a45d764f9166f84c6184af6723f1b0e,910006,910000,True,0.0006129944231361151,0.0005661777686327696,0.4769986867904663,0.73779296875,0.000991219887509942,-0.0003101677284575999,0.0012732080649584532,0.00025600995286367834,True,0.013395843096077442,-0.004229740239679813,0.5927557349205017,0.84130859375,0.005496085621416569,-0.0014525532023981214,0.02558654360473156,-0.005682293325662613,16,0.99755859375,0.00759027199819684,0.99609375,0.010486514307558537,0.003,seed-mechanisms-v2,4,0.0,32,4,2,adamw,0.20383915305137634,0.006037209182977676,0.17055431008338928,0.19591748714447021,0.4275553226470947,0.2626110315322876,0.3397740125656128,0.21079611778259277,0.3683663010597229,0.0850340723991394,0.20685841143131256,0.08679880201816559,0.5132118463516235,2.1890370845794678,3.464151382446289,0.4656376838684082,-0.04812413081526756,0.4323638081550598,0.6197227835655212,0.5950849056243896,1.1028265953063965,0.39408111572265625,-0.35144472122192383,0.24868643283843994,0.185411274433136,0.0001603149576112628,0.00030031896312721074,0.51171875,-7.790442032273859e-05,-0.139717236161232,0.0002224146155640483,0.3110883831977844,0.00032003148226067424,0.0004141276003792882,0.61279296875,-7.123578689061105e-05,-0.12809139490127563,0.00034289175528101623,0.27272334694862366,0.00024943507742136717,-0.0005347122205421329,0.6416015625,0.0002661253383848816,-0.5728964805603027,-0.00026858679484575987,0.18346956372261047,0.0001640026457607746,-0.00023077180958352983,0.44775390625,-6.15657918388024e-05,-0.793383002281189,-0.00029233761597424746,0.2740436792373657,0.002973799128085375,-0.0010903178481385112,0.5908203125,-0.007599412463605404,-0.9741610288619995,-0.008689729496836662,0.32887428998947144,0.0009589738328941166,-0.00027745659463107586,0.587890625,0.0007693087682127953,-0.3616816997528076,0.0004918521735817194,0.2584664821624756,0.0023888018913567066,-0.0005333198932930827,0.5537109375,-0.0002462782140355557,-0.3441544771194458,-0.0007795978453941643,0.347328245639801,0.0007631828775629401,7.023265061434358e-05,0.63818359375,0.00023103872081264853,-0.18985942006111145,0.00030127138597890735,0.15463989973068237,-0.026561075821518898,0.45345160365104675,0.4800126850605011,2.528799295425415,0.09732924401760101,-0.09323269873857498,0.41524940729141235,0.5084820985794067,2.3957085609436035,0.0625981017947197,-0.03131260722875595,0.823242723941803,0.8545553684234619,1.7637505531311035,0.10699334740638733,-0.002545301802456379,0.8235311508178711,0.8260763883590698,1.565780520439148,0.15949305891990662,0.0790611281991005,0.8256608843803406,0.7465997934341431,1.3732099533081055,snapshot-mechanisms-v1,3,seeds/cell-007-8736a677897e/seed-3/snapshots/step-000800.pt,800,800,7097b902cc3f3a43380d0b66433b0a90ecf3915af0cdb913b8b407b76daf38af,scaling-tuned-adamw-10seeds-v1,0.020741216838359833,0.009842410683631897,910007,0.001541469944640994,0.013108916580677032,0.00431892229244113,0.0006942296749912202,0.004270731471478939,1.1920928955078125e-07,0.013108916580677032,0.9904384016990662,0.0029777931049466133,0.003576502203941345,0.013108916580677032,0.0
0.1803743690252304,0.4593695402145386,0.1531231850385666,0.24472081661224365,0.4800059497356415,0.2959096431732178,0.4094279408454895,-0.07057800889015198,0.28294098377227783,0.09431366622447968,0.2318546622991562,1.4228676557540894,0.4852043092250824,2.4034454822540283,0.9805778861045837,0.47850093245506287,0.15950031578540802,0.18230092525482178,-0.04846308380365372,0.33919811248779297,0.6422674655914307,0.6907305121421814,0.4473878741264343,0.14912930130958557,0.2096068561077118,0.3371269106864929,0.3430052697658539,0.7677991390228271,0.43067222833633423,0.466966837644577,0.1556556224822998,0.14822576940059662,0.024428319185972214,0.38480740785598755,1.037990689277649,1.0135624408721924,0.378264456987381,0.12608815729618073,0.483595609664917,1.4714865684509277,0.13813991844654083,-0.001111994730308652,-1.4725985527038574,0.48420122265815735,0.16140040755271912,0.19105787575244904,0.017032474279403687,0.3247408866882324,0.6817139983177185,0.6646815538406372,0.3100374937057495,0.1033458262681961,0.4554166793823242,1.7887682914733887,0.23454585671424866,0.8381679058074951,-0.9506004452705383,512,1.7702627182006836,0.977226197719574,0.977598249912262,cell-007-8736a677897e,7,8736a677897e13a1ae23687467e615ab06f0d9181249470e16e38ebb663f5144,8,0.9860127568244934,4.37171745300293,0.1427907645702362,4.569304466247559,0.43916410207748413,0.3110855084191276,2048,6462c87c5c2aa5cb0dcd6afe9c4a0fab1a45d764f9166f84c6184af6723f1b0e,910008,910000,True,0.009586451575160027,0.0013169613666832447,0.3351004123687744,0.5732421875,0.043220460414886475,0.005497302860021591,0.04841045290231705,0.006814264692366123,True,0.018960053101181984,0.0017107579624280334,0.5296013355255127,0.791015625,0.007220897823572159,-0.0007034317241050303,0.02808186784386635,0.0010073258308693767,16,0.9931640625,0.023375723510980606,0.99462890625,0.01834147796034813,0.003,seed-mechanisms-v2,4,0.0,32,4,2,adamw,0.4187776744365692,-0.5190632343292236,0.20134960114955902,0.44126081466674805,0.9330781698226929,0.9358691573143005,0.4961545467376709,-0.7429336309432983,0.22018343210220337,0.3828601837158203,-0.15183301270008087,0.2879836857318878,0.4745475649833679,0.30206453800201416,0.5734959244728088,0.43250226974487305,0.245027095079422,0.49172288179397583,0.5900141000747681,-0.8672139644622803,0.24892763793468475,0.4618235230445862,0.400331050157547,0.6275379657745361,0.30262428522109985,0.011837391182780266,-0.0017554196529090405,0.61083984375,0.0013080104254186153,-0.09698885679244995,-0.00044740899465978146,0.2609098553657532,0.0012769442982971668,-8.156616240739822e-05,0.55517578125,0.004703429527580738,-1.6462987661361694,0.004621863830834627,0.3236894905567169,0.017112253233790398,0.002100517973303795,0.6064453125,0.0006511706742458045,-0.23961074650287628,0.0027516887057572603,0.2939222455024719,0.006232440937310457,0.0008874445920810103,0.57958984375,0.003446986200287938,-0.4128860831260681,0.004334431141614914,0.2820073664188385,0.0026055979542434216,0.0003622506046667695,0.5517578125,0.0015133965061977506,-0.5134545564651489,0.0018756468780338764,0.24405822157859802,0.00028454436687752604,0.0007403952768072486,0.51904296875,0.0005024574347771704,-0.2589307129383087,0.001242852653376758,0.2681201696395874,0.0024260443169623613,0.0009477849816903472,0.5341796875,0.0001316119742114097,-0.14201666414737701,0.001079397276043892,0.2227226048707962,0.0008033900521695614,0.0014386867405846715,0.45556640625,0.00143040856346488,-0.6668292284011841,0.0028690951876342297,0.1311820149421692,-0.008673062548041344,0.48231759667396545,0.49099063873291016,2.290877103805542,0.20746374130249023,0.12959763407707214,0.617464542388916,0.48786693811416626,1.8587630987167358,0.22791233658790588,0.0758780837059021,0.5299248099327087,0.45404666662216187,1.8848674297332764,0.3118124008178711,0.06521587073802948,0.5020143985748291,0.43679848313331604,1.7142798900604248,0.3985385298728943,0.16112330555915833,0.5848575234413147,0.42373421788215637,1.3611382246017456,snapshot-mechanisms-v1,4,seeds/cell-007-8736a677897e/seed-4/snapshots/step-000800.pt,800,800,7097b902cc3f3a43380d0b66433b0a90ecf3915af0cdb913b8b407b76daf38af,scaling-tuned-adamw-10seeds-v1,0.04623117297887802,0.026582954451441765,910009,0.0025359606370329857,0.022043198347091675,0.006264316849410534,0.002430364489555359,0.009561928920447826,1.1920928955078125e-07,0.022043198347091675,0.9790924787521362,0.0036809928715229034,0.0071315644308924675,0.022043198347091675,0.0
0.11773897707462311,0.541060209274292,0.18035340309143066,0.3196006119251251,0.5002636909484863,0.13933922350406647,-5.12119722366333,-5.621460914611816,0.5540194511413574,0.18467319011688232,0.059663835912942886,-2.3088316917419434,0.3863166570663452,0.710891842842102,3.019723653793335,0.23164203763008118,0.07721402496099472,0.42226356267929077,1.8539464473724365,0.34609439969062805,1.7401983737945557,-0.1137482225894928,0.3167768716812134,0.10559229552745819,0.3348698019981384,1.4053089618682861,0.3483532965183258,1.3103288412094116,-0.0949801504611969,0.43669700622558594,0.14556565880775452,0.39494788646698,0.918972373008728,0.16835513710975647,0.2756407558917999,-0.6433316469192505,0.49331969022750854,0.16443990170955658,0.20628036558628082,-1.284010410308838,0.3003999590873718,-0.4091520309448242,0.8748583793640137,0.49694836139678955,0.16564947366714478,0.253336638212204,-0.11260606348514557,0.24971500039100647,0.4208369255065918,0.5334429740905762,0.479316771030426,0.15977226197719574,0.33408495783805847,0.779521644115448,0.1865982860326767,-0.15029332041740417,-0.9298149347305298,512,1.8236767053604126,0.9325987100601196,0.9527973532676697,cell-007-8736a677897e,7,8736a677897e13a1ae23687467e615ab06f0d9181249470e16e38ebb663f5144,8,0.9345569014549255,4.343270301818848,0.13987478613853455,4.4759931564331055,0.44552186131477356,0.3110855084191276,2048,6462c87c5c2aa5cb0dcd6afe9c4a0fab1a45d764f9166f84c6184af6723f1b0e,910010,910000,True,0.08160275220870972,-0.012382043525576591,0.32203930616378784,0.5556640625,0.08256363868713379,-0.009336546994745731,0.2840588390827179,-0.0217185877263546,True,0.04045896977186203,0.0014554925728589296,0.46301037073135376,0.7119140625,0.02574525587260723,-0.01873486116528511,0.0937994122505188,-0.0172793660312891,16,0.98388671875,0.04993665963411331,0.98876953125,0.03775070607662201,0.003,seed-mechanisms-v2,4,0.0,32,4,2,adamw,0.27245378494262695,0.2604317367076874,0.315021276473999,0.40724778175354004,0.20396573841571808,0.4256651997566223,0.4459269642829895,0.9203144311904907,0.8846039175987244,0.32544374465942383,0.8209553956985474,0.6275769472122192,0.42669597268104553,0.40395379066467285,0.5407366752624512,0.33374279737472534,0.5700809955596924,0.5016535520553589,0.5333164930343628,-0.3575659990310669,0.3305223882198334,0.7191916704177856,-0.1952216923236847,0.5123456716537476,0.1819673329591751,0.0022776913829147816,-0.001054013380780816,0.43017578125,0.00250962283462286,-1.3128540515899658,0.0014556096866726875,0.28660258650779724,0.005819504149258137,-0.0008411718881689012,0.56005859375,0.0024587090592831373,-0.290416419506073,0.001617537229321897,0.26421231031417847,0.01629023626446724,-0.0023884843103587627,0.5556640625,-0.009687031619250774,-1.5807995796203613,-0.01207551546394825,0.3013617694377899,0.0065465644001960754,0.0020870137959718704,0.59912109375,0.00046096311416476965,-1.1723089218139648,0.002547977026551962,0.18475008010864258,0.0005560472491197288,0.0004498650669120252,0.40234375,0.0018470215145498514,-0.7028481364250183,0.002296886406838894,0.22171750664710999,0.0006082069594413042,0.001449506264179945,0.52685546875,0.0055138468742370605,-1.3350008726119995,0.006963353604078293,0.2786673307418823,0.0034947574604302645,0.00046931131510064006,0.5634765625,0.0016780717996880412,-0.4848787486553192,0.0021473830565810204,0.24350090324878693,0.0036287575494498014,0.00031685049179941416,0.50244140625,0.0023104813881218433,-0.6827623844146729,0.002627331530675292,0.13116732239723206,-0.2809942066669464,0.023603025823831558,0.30459725856781006,2.2656455039978027,0.24426743388175964,0.033099427819252014,0.3005068898200989,0.26740747690200806,1.8141109943389893,0.19855396449565887,-0.006946536246687174,0.25891000032424927,0.26585653424263,1.628164529800415,0.1994851678609848,0.07550209760665894,0.3574497103691101,0.2819475531578064,1.5626996755599976,0.21419642865657806,0.08445258438587189,0.4896666705608368,0.4052140712738037,1.4593104124069214,snapshot-mechanisms-v1,5,seeds/cell-007-8736a677897e/seed-5/snapshots/step-000800.pt,800,800,7097b902cc3f3a43380d0b66433b0a90ecf3915af0cdb913b8b407b76daf38af,scaling-tuned-adamw-10seeds-v1,0.05422927439212799,0.034511834383010864,910011,0.003940317779779434,0.04052525758743286,0.011788884177803993,0.004468919709324837,0.015840841457247734,1.1920928955078125e-07,0.04052525758743286,0.9531633853912354,0.0089552141726017,0.011371922679245472,0.04052525758743286,0.0
0.21326974034309387,0.19790524244308472,0.06596840918064117,0.433246374130249,2.6500139236450195,0.36884838342666626,2.6010470390319824,-0.04896700009703636,0.36748966574668884,0.12249656021595001,0.29193300008773804,1.0561861991882324,0.3405773341655731,1.036095142364502,-0.020090963691473007,0.2102126032114029,0.07007087022066116,0.3947748839855194,2.907508134841919,0.3950124979019165,2.8588833808898926,-0.048624537885189056,0.32132232189178467,0.10710744559764862,0.3907230496406555,0.9339817762374878,0.2879546284675598,1.0725446939468384,0.13856293261051178,0.5139502286911011,0.1713167428970337,0.2144618034362793,0.0725402981042862,0.27158796787261963,0.3639979660511017,0.2914576828479767,0.39079082012176514,0.13026361167430878,0.32756859064102173,0.8790850043296814,0.28164058923721313,0.6902453899383545,-0.18883956968784332,0.3053097724914551,0.10176992416381836,0.36666133999824524,1.9868710041046143,0.32802891731262207,1.9580233097076416,-0.028847556561231613,0.3653191328048706,0.12177304923534393,0.3114067018032074,1.0513508319854736,0.323274165391922,1.2466366291046143,0.19528597593307495,512,1.8730571269989014,1.0043696165084839,0.9886693358421326,cell-007-8736a677897e,7,8736a677897e13a1ae23687467e615ab06f0d9181249470e16e38ebb663f5144,8,0.9028862714767456,4.609637260437012,0.1473485827445984,4.715154647827148,0.43979117274284363,0.3110855084191276,2048,6462c87c5c2aa5cb0dcd6afe9c4a0fab1a45d764f9166f84c6184af6723f1b0e,910012,910000,True,0.04286540299654007,-0.0038031423464417458,0.4132901430130005,0.6728515625,0.009973354637622833,-0.0025009738747030497,0.08542802184820175,-0.006304116919636726,True,0.038045115768909454,-0.010240616276860237,0.528336763381958,0.7734375,0.0028404772747308016,0.000257426145253703,0.055321790277957916,-0.009983189404010773,16,0.99462890625,0.015857966616749763,0.99609375,0.013233491219580173,0.003,seed-mechanisms-v2,4,0.0,32,4,2,adamw,0.5333677530288696,0.2226966917514801,0.594825804233551,0.33459025621414185,-0.9846405982971191,0.11222971975803375,0.3298761248588562,1.023216962814331,0.8260058164596558,0.38307374715805054,-1.1149474382400513,0.12095266580581665,0.5471016764640808,0.18564675748348236,0.5797796845436096,0.3540732264518738,-0.16174441576004028,0.2675096392631531,0.5870058536529541,0.5522196292877197,0.9183861017227173,0.4320666790008545,0.11672671139240265,0.46315428614616394,0.29077810049057007,0.004880874417722225,-0.0020207662601023912,0.57275390625,-0.00465518981218338,-1.0054289102554321,-0.006675956770777702,0.30403977632522583,0.03896578401327133,-0.0017712423577904701,0.587890625,0.0012414378579705954,-0.3696194291114807,-0.0005298047326505184,0.24460110068321228,0.0038956988137215376,0.0016478177858516574,0.53369140625,-0.0037059742026031017,-1.7524149417877197,-0.0020581574644893408,0.34068530797958374,0.0013898169854655862,0.0017337971366941929,0.623046875,-0.00022559083299711347,-0.005747631192207336,0.0015082063619047403,0.22376099228858948,0.0041663991287350655,-0.0027050874195992947,0.50390625,-0.00021161338372621685,-0.30473560094833374,-0.002916700439527631,0.27153828740119934,0.0022671616170555353,-0.000488700345158577,0.54296875,-0.0009126922232098877,-0.36903899908065796,-0.0014013922773301601,0.2778790295124054,0.0036293044686317444,0.002526936586946249,0.54345703125,-0.0037649250589311123,-0.5798822045326233,-0.001237988588400185,0.25011229515075684,0.007718377746641636,-0.002194125670939684,0.51025390625,-0.0007485825335606933,-0.5500193238258362,-0.0029427087865769863,0.08607910573482513,-0.07683606445789337,0.4909846782684326,0.5678207278251648,2.4313807487487793,0.17562374472618103,0.07265733182430267,0.5845412611961365,0.5118839740753174,2.022751808166504,0.1549312323331833,-0.05516090616583824,0.4195350706577301,0.47469595074653625,2.2072229385375977,0.182892844080925,-0.04653982073068619,0.4480741620063782,0.49461397528648376,1.9461121559143066,0.2562946081161499,0.10239249467849731,0.6056970953941345,0.5033046007156372,1.4142725467681885,snapshot-mechanisms-v1,6,seeds/cell-007-8736a677897e/seed-6/snapshots/step-000800.pt,800,800,7097b902cc3f3a43380d0b66433b0a90ecf3915af0cdb913b8b407b76daf38af,scaling-tuned-adamw-10seeds-v1,0.027232280001044273,0.014406953938305378,910013,0.0016433540731668472,0.013015059754252434,0.0035547157749533653,0.0013631575275212526,0.005740457214415073,5.960464477539063e-08,0.013015059754252434,0.9886877536773682,0.002076531993225217,0.004377299919724464,0.013015059754252434,0.0
0.13943971693515778,0.3142060935497284,0.1047353595495224,0.23834346234798431,0.8911725282669067,0.4474504590034485,1.9958786964416504,1.1047062873840332,0.5469774007797241,0.18232578039169312,0.1982775628566742,0.025674138218164444,0.2547450661659241,0.26304349303245544,0.2373693585395813,0.3633296489715576,0.12110988795757294,0.27309030294418335,1.1217286586761475,0.36358004808425903,1.3493624925613403,0.22763386368751526,0.23559415340423584,0.07853138446807861,0.18481361865997314,2.363689661026001,0.5795922875404358,3.5362207889556885,1.1725308895111084,0.7779554128646851,0.259318470954895,0.12044574320316315,-1.1143913269042969,0.1015988290309906,-1.31590735912323,-0.20151610672473907,0.47316113114356995,0.1577203869819641,0.28258270025253296,0.5708081722259521,0.2442561835050583,0.43729013204574585,-0.1335180401802063,0.5218062400817871,0.1739354133605957,0.2718963325023651,0.4272458851337433,0.20629747211933136,0.16787661612033844,-0.25936925411224365,0.5728921890258789,0.19096407294273376,0.24046966433525085,0.1715037077665329,0.18663816154003143,-0.050452038645744324,-0.22195574641227722,512,1.8889479637145996,0.9919583797454834,0.9929566383361816,cell-007-8736a677897e,7,8736a677897e13a1ae23687467e615ab06f0d9181249470e16e38ebb663f5144,8,0.9086505174636841,4.9654765129089355,0.16175538301467896,5.176172256469727,0.40555277466773987,0.3110855084191276,2048,6462c87c5c2aa5cb0dcd6afe9c4a0fab1a45d764f9166f84c6184af6723f1b0e,910014,910000,True,0.03420933336019516,0.0034774502273648977,0.3935866951942444,0.642578125,0.008682929910719395,0.0037587611004710197,0.06538622826337814,0.0072362120263278484,True,0.015621737577021122,0.0015655800234526396,0.64528489112854,0.8681640625,0.007856300100684166,0.0018359266687184572,0.026199324056506157,0.003401506692171097,16,0.99658203125,0.009514689445495605,0.9990234375,0.0047932881861925125,0.003,seed-mechanisms-v2,4,0.0,32,4,2,adamw,0.2328517735004425,1.7770825624465942,1.1983239650726318,0.33366429805755615,1.1612324714660645,0.8942909836769104,0.33983314037323,0.9892194271087646,0.810215950012207,0.4647306203842163,1.31441068649292,1.5217969417572021,0.2924124598503113,0.5577027201652527,0.4495418071746826,0.6011373400688171,-0.8918691277503967,0.260072261095047,0.3695029616355896,0.36584147810935974,0.47221651673316956,0.3080214262008667,0.8707823157310486,0.6439089775085449,0.24219952523708344,0.0007792848628014326,0.0002699767064768821,0.5224609375,0.004826739896088839,-1.5546144247055054,0.005096716806292534,0.24510428309440613,0.003368113888427615,0.0006260349182412028,0.51025390625,-0.0007327929488383234,-0.7563849687576294,-0.00010675808880478144,0.2477072775363922,0.0022367998026311398,0.000539455097168684,0.53271484375,-0.00034174765460193157,-0.7666841745376587,0.00019770796643570065,0.27008163928985596,0.0049470351077616215,6.292050238698721e-05,0.56640625,-0.00421560276299715,-1.1994786262512207,-0.004152681678533554,0.2345942258834839,0.00013232845230959356,-0.0006207501864992082,0.51806640625,0.00012796290684491396,-0.44995418190956116,-0.0004927872796542943,0.19867126643657684,0.0002493444480933249,-0.00034465541830286384,0.5078125,-0.0004745930782519281,-0.06967078149318695,-0.0008192484965547919,0.2120508849620819,0.00035330100217834115,-0.00022985860414337367,0.50341796875,-0.00034606250119395554,-0.08674241602420807,-0.0005759211489930749,0.2946106195449829,0.0006171978311613202,-0.000571750570088625,0.5712890625,0.00010323127207811922,-0.32976844906806946,-0.0004685194289777428,0.07683245092630386,0.001493911724537611,0.5458879470825195,0.5443940162658691,2.386864185333252,0.18936792016029358,0.08708019554615021,0.7147098779678345,0.6276297569274902,1.7181270122528076,0.2890659272670746,0.21721994876861572,0.8151808977127075,0.5979609489440918,1.392857551574707,0.2980019748210907,0.21303533017635345,0.800774335861206,0.5877389907836914,1.4723708629608154,0.3363702893257141,0.270143061876297,0.9355700016021729,0.6654268503189087,1.15455162525177,snapshot-mechanisms-v1,7,seeds/cell-007-8736a677897e/seed-7/snapshots/step-000800.pt,800,800,7097b902cc3f3a43380d0b66433b0a90ecf3915af0cdb913b8b407b76daf38af,scaling-tuned-adamw-10seeds-v1,0.02810819074511528,0.010392440482974052,910015,0.0007984311087056994,0.0065290736965835094,0.0017895796336233616,0.0007582930848002434,0.00296836718916893,5.960464477539063e-08,0.0065290736965835094,0.9953247308731079,0.0009726956486701965,0.0022100741043686867,0.0065290736965835094,0.0
0.1936386525630951,0.4184064269065857,0.13946881890296936,0.37848997116088867,1.0134739875793457,0.20310357213020325,0.40442952513694763,-0.6090444326400757,0.6283562183380127,0.2094520926475525,0.1671968400478363,-0.30047231912612915,0.2044469118118286,-0.0969780758023262,0.20349425077438354,0.5956180095672607,0.1985393464565277,0.14761558175086975,-0.4182167649269104,0.2567664086818695,0.13742008805274963,0.5556368231773376,0.3391381800174713,0.1130460649728775,0.285686194896698,1.0012086629867554,0.3751755952835083,1.3711832761764526,0.36997461318969727,0.5010858774185181,0.16702860593795776,0.2529333233833313,0.3547956943511963,0.2459808588027954,0.29792702198028564,-0.05686870217323303,0.5200469493865967,0.17334897816181183,0.1897057443857193,-0.3189919590950012,0.2902473211288452,0.2189483940601349,0.5379403829574585,0.21663883328437805,0.07221294939517975,0.36767786741256714,2.1531102657318115,0.4156832695007324,2.551694869995117,0.39858478307724,0.18861843645572662,0.06287281215190887,0.11770650744438171,1.7779144048690796,0.6936750411987305,4.8291168212890625,3.0512022972106934,512,1.7886775732040405,0.9548805356025696,0.9827104806900024,cell-007-8736a677897e,7,8736a677897e13a1ae23687467e615ab06f0d9181249470e16e38ebb663f5144,8,0.8920960426330566,4.846479892730713,0.15811216831207275,5.059589385986328,0.419772744178772,0.3110855084191276,2048,6462c87c5c2aa5cb0dcd6afe9c4a0fab1a45d764f9166f84c6184af6723f1b0e,910016,910000,True,0.010065789334475994,0.004949864931404591,0.36344844102859497,0.61572265625,0.013803768903017044,0.006977615412324667,0.04217402637004852,0.01192747987806797,True,0.036972373723983765,0.010625937953591347,0.5722284913063049,0.8115234375,0.008658330887556076,0.0048872907646000385,0.07169993221759796,0.015513230115175247,16,0.99560546875,0.011644700542092323,0.99755859375,0.007311292923986912,0.003,seed-mechanisms-v2,4,0.0,32,4,2,adamw,0.20133119821548462,-0.3809647560119629,0.11947870254516602,0.15995949506759644,1.0137039422988892,0.37254875898361206,0.1650889366865158,-0.10594946891069412,0.11417810618877411,0.31567561626434326,1.1215271949768066,0.7724301815032959,0.3245859146118164,0.551063060760498,0.4864165186882019,0.2833799719810486,0.16671913862228394,0.3072737157344818,0.22006863355636597,2.131873369216919,1.3941636085510254,0.4429682493209839,1.72101891040802,2.1254334449768066,0.2375042885541916,0.0010644292924553156,-0.00033519568387418985,0.55078125,-0.000314594799419865,-0.06822264939546585,-0.0006497905123978853,0.1819121092557907,0.003972558304667473,-0.0008961450657807291,0.5029296875,-4.917832848150283e-05,-0.21118123829364777,-0.0009453233215026557,0.19689258933067322,0.001739156199619174,0.0009178180480375886,0.5283203125,-0.0003604330704547465,-0.08074849843978882,0.0005573851522058249,0.26682692766189575,0.0080936960875988,0.003278730669990182,0.53369140625,0.009223544038832188,-1.0354291200637817,0.0125022754073143,0.3043462634086609,0.0143240075558424,0.000720138312317431,0.57763671875,0.0007033741567283869,-0.28567567467689514,0.0014235124690458179,0.2585689425468445,0.00024165956710930914,-0.0003169954870827496,0.53759765625,0.0001243495789822191,-0.4359201490879059,-0.0001926459081005305,0.2370729148387909,0.004900824744254351,0.0032361242920160294,0.5224609375,0.006691525690257549,-1.2796486616134644,0.009927649982273579,0.27098891139030457,0.0061650401912629604,0.003038580995053053,0.591796875,0.008630880154669285,-1.3629168272018433,0.01166946068406105,0.1493840515613556,-0.14435726404190063,0.265842080116272,0.4101993441581726,2.444876194000244,0.17767639458179474,-0.1586247980594635,0.2644308805465698,0.4230556786060333,2.419900417327881,0.03157738596200943,-0.05978131666779518,0.5989479422569275,0.6587292551994324,2.082509756088257,0.11023074388504028,0.010397477075457573,0.7465410828590393,0.7361435890197754,1.729215145111084,0.18317079544067383,0.07331408560276031,0.8456758260726929,0.7723618149757385,1.236936092376709,snapshot-mechanisms-v1,8,seeds/cell-007-8736a677897e/seed-8/snapshots/step-000800.pt,800,800,7097b902cc3f3a43380d0b66433b0a90ecf3915af0cdb913b8b407b76daf38af,scaling-tuned-adamw-10seeds-v1,0.023883022367954254,0.015609011054039001,910017,0.0012289707083255053,0.01031704805791378,0.0026072559412568808,0.0012808083556592464,0.004871455952525139,8.940696716308594e-08,0.01031704805791378,0.9846259355545044,0.0016093654558062553,0.0035906475968658924,0.01031704805791378,0.0
0.14607438445091248,0.34700891375541687,0.11566963791847229,0.2597469389438629,0.8560171723365784,0.3932441473007202,1.356835126876831,0.5008180141448975,0.4664890170097351,0.15549632906913757,0.24907444417476654,0.16741029918193817,0.28443658351898193,0.5824836492538452,0.41507330536842346,0.3675488233566284,0.12251627445220947,0.46768856048583984,1.8550680875778198,0.16476264595985413,0.08029564470052719,-1.7747724056243896,0.1060183048248291,0.035339437425136566,0.8264213800430298,4.136560440063477,0.06756030023097992,0.49806728959083557,-3.638493061065674,0.30959582328796387,0.10319861769676208,0.3139522969722748,1.4734046459197998,0.37645187973976135,1.6247084140777588,0.15130369365215302,0.3705989122390747,0.1235329657793045,0.32333478331565857,1.3090869188308716,0.3060663044452667,0.9733359813690186,-0.3357509672641754,0.3610472083091736,0.12034906446933746,0.26938188076019287,2.358396530151367,0.36957091093063354,1.1753356456756592,-1.183061122894287,0.6224193572998047,0.20747311413288116,0.18750299513339996,-0.2552527189254761,0.19007769227027893,-0.12353673577308655,0.13171596825122833,512,1.7429002523422241,0.949537456035614,0.9529380202293396,cell-007-8736a677897e,7,8736a677897e13a1ae23687467e615ab06f0d9181249470e16e38ebb663f5144,8,0.914535641670227,4.354405403137207,0.14838486909866333,4.748315811157227,0.4411860704421997,0.3110855084191276,2048,6462c87c5c2aa5cb0dcd6afe9c4a0fab1a45d764f9166f84c6184af6723f1b0e,910018,910000,True,0.0038835215382277966,-0.0011881827376782894,0.36027824878692627,0.6416015625,0.022127969190478325,-0.008138827048242092,0.027910353615880013,-0.009327009320259094,True,0.026804354041814804,-0.0009548238012939692,0.603416919708252,0.8388671875,0.04536332190036774,-0.004297567065805197,0.06530314683914185,-0.005252392031252384,16,0.98876953125,0.04701721668243408,0.984375,0.05045497789978981,0.003,seed-mechanisms-v2,4,0.0,32,4,2,adamw,0.3422122597694397,0.7608842849731445,0.5839737057685852,0.22267207503318787,0.4700179696083069,0.31409621238708496,0.17503511905670166,-0.29069405794143677,0.11297217011451721,0.4396064281463623,0.04850849509239197,0.42444559931755066,0.4739748239517212,0.6855196952819824,0.7503701448440552,0.5018102526664734,-0.008712745271623135,0.4429568648338318,0.49427294731140137,0.3382594585418701,0.5778107643127441,0.2501741051673889,0.7889450788497925,0.49590539932250977,0.2689707279205322,0.005530240014195442,-6.888096686452627e-05,0.5634765625,-0.0065892464481294155,-1.3004474639892578,-0.006658127531409264,0.27941739559173584,0.0012322996044531465,-0.0010663089342415333,0.56982421875,0.0009046818595379591,-0.3402990996837616,-0.00016162714746315032,0.26774725317955017,0.0010651448974385858,-0.000296082318527624,0.55078125,-0.001260158373042941,-1.125351905822754,-0.0015562408370897174,0.3209252953529358,0.007094015367329121,-0.003579661250114441,0.59375,0.0013796337880194187,-0.3155667185783386,-0.002200027462095022,0.31080156564712524,0.008556842803955078,-0.0036121688317507505,0.6015625,-0.002151615684852004,-0.9039493203163147,-0.005763784516602755,0.32143768668174744,0.011643404141068459,0.0041379365138709545,0.60595703125,-0.012072295881807804,-0.912656307220459,-0.007934359833598137,0.26426494121551514,0.009965604171156883,-0.0023184705059975386,0.57080078125,0.009768877178430557,-0.927911639213562,0.007450406905263662,0.23706111311912537,0.002940396312624216,0.001671633101068437,0.52490234375,-0.0012056876439601183,-0.2979232370853424,0.00046594548621214926,0.22291305661201477,0.04830343648791313,0.43024304509162903,0.3819396197795868,2.2594997882843018,0.35777154564857483,0.14897173643112183,0.45535188913345337,0.30638015270233154,2.14461088180542,0.3037286400794983,0.09475284069776535,0.4730883836746216,0.37833553552627563,1.9169328212738037,0.25963521003723145,0.1283501833677292,0.4468963146209717,0.3185461163520813,1.8225153684616089,0.47427114844322205,0.20916832983493805,0.36459168791770935,0.1554233580827713,1.5756537914276123,snapshot-mechanisms-v1,9,seeds/cell-007-8736a677897e/seed-9/snapshots/step-000800.pt,800,800,7097b902cc3f3a43380d0b66433b0a90ecf3915af0cdb913b8b407b76daf38af,scaling-tuned-adamw-10seeds-v1,0.07582470029592514,0.03842291235923767,910019,0.006087598390877247,0.04436974227428436,0.013864140957593918,0.002820584923028946,0.01351372804492712,1.1920928955078125e-07,0.04436974227428436,0.9541929960250854,0.010904274880886078,0.010693143121898174,0.04436974227428436,0.0
0.5485481023788452,0.0723632201552391,0.024121074005961418,0.12158358097076416,1.9422664642333984,0.8060531616210938,3.89670991897583,1.9544434547424316,,,,,,,,,,,,,,,,,,,,,,0.30286160111427307,0.10095386952161789,0.2810203731060028,2.3271946907043457,0.41611799597740173,2.881812572479248,0.5546178221702576,,,,,,,,,,,,,,,,,,,,,,512,1.823128581047058,0.9884784817695618,0.9996193647384644,cell-008-b0acb3f0bc5a,8,b0acb3f0bc5ad527ab08e212aab5cb1859e4ca58d6c20c77b33a0661ab45e44e,32,0.6443307995796204,12.265911102294922,0.38980841636657715,12.473869323730469,0.22577306628227234,0.0,2048,6462c87c5c2aa5cb0dcd6afe9c4a0fab1a45d764f9166f84c6184af6723f1b0e,910000,910000,False,,,,,,,,,False,,,,,,,,,,1.0,3.974824721808545e-05,1.0,3.9693830331088975e-05,0.003,seed-mechanisms-v2,4,0.0,32,1,2,adamw,0.9541803598403931,1.209854006767273,3.1532182693481445,,,,,,,,,,1.0068604946136475,1.2065764665603638,3.3027396202087402,,,,,,,,,,0.2811881899833679,3.092148517680471e-06,-1.8422006178298034e-06,0.5390625,3.38254394591786e-05,-0.7892308235168457,3.198324702680111e-05,,,,,,,,,,,,,,,,,,,,,,0.294723242521286,5.700205292669125e-06,2.0689269149443135e-05,0.607421875,4.1089046135311946e-05,-0.32781869173049927,6.177831528475508e-05,,,,,,,,,,,,,,,,,,,,,,0.14091691374778748,-0.0028455350548028946,0.37708210945129395,0.3799276351928711,3.0550036430358887,0.15466201305389404,0.0764814168214798,0.9555796980857849,0.8790982961654663,1.4438607692718506,0.15466201305389404,0.0764814168214798,0.9555796980857849,0.8790982961654663,1.4438607692718506,0.11945509165525436,0.03537806123495102,0.9890696406364441,0.9536915421485901,1.2335262298583984,0.11945509165525436,0.03537806123495102,0.9890696406364441,0.9536915421485901,1.2335262298583984,snapshot-mechanisms-v1,0,seeds/cell-008-b0acb3f0bc5a/seed-0/snapshots/step-000800.pt,800,800,7097b902cc3f3a43380d0b66433b0a90ecf3915af0cdb913b8b407b76daf38af,scaling-tuned-adamw-10seeds-v1,0.0021138079464435577,1.072060149454046e-05,910001,1.1861925486300606e-05,4.2595445847837254e-05,5.65816844755318e-06,8.088351250989945e-07,9.276296623283997e-06,3.1868694350123405e-09,4.259544220985845e-05,0.9996154308319092,1.579905438120477e-05,8.46746115712449e-06,4.259544220985845e-05,0.0
0.5435611009597778,0.03622261434793472,0.012074204161763191,0.1676182597875595,3.027348518371582,0.7961591482162476,4.805962562561035,1.778613805770874,,,,,,,,,,,,,,,,,,,,,,0.23675647377967834,0.07891882956027985,0.38128742575645447,2.299762010574341,0.3819561004638672,2.3512182235717773,0.05145628750324249,,,,,,,,,,,,,,,,,,,,,,512,1.8052185773849487,1.0262408256530762,1.0014960765838623,cell-008-b0acb3f0bc5a,8,b0acb3f0bc5ad527ab08e212aab5cb1859e4ca58d6c20c77b33a0661ab45e44e,32,0.5878797173500061,11.974327087402344,0.38667070865631104,12.373462677001953,0.2282826453447342,0.0,2048,6462c87c5c2aa5cb0dcd6afe9c4a0fab1a45d764f9166f84c6184af6723f1b0e,910002,910000,False,,,,,,,,,False,,,,,,,,,,1.0,0.0001001340860966593,1.0,9.784389840206131e-05,0.003,seed-mechanisms-v2,4,0.0,32,1,2,adamw,1.0118054151535034,1.0444730520248413,2.832249164581299,,,,,,,,,,1.0750466585159302,1.1715617179870605,3.382817506790161,,,,,,,,,,0.2594609260559082,4.262828497303417e-06,6.230114377103746e-05,0.53466796875,9.769199095899239e-05,-1.6285288333892822,0.00015999309835024178,,,,,,,,,,,,,,,,,,,,,,0.20167285203933716,1.301028169109486e-05,-7.110032311175019e-05,0.5234375,-2.1371224647737108e-05,-0.09804415702819824,-9.247157140634954e-05,,,,,,,,,,,,,,,,,,,,,,0.1641271412372589,-0.02191164344549179,0.4357091784477234,0.4576207995414734,2.943552255630493,0.19560062885284424,0.09531191736459732,0.9462195634841919,0.8509076833724976,1.538393497467041,0.19560062885284424,0.09531191736459732,0.9462195634841919,0.8509076833724976,1.538393497467041,0.1512109488248825,0.049329839646816254,0.9887212514877319,0.9393914937973022,1.248455286026001,0.1512109488248825,0.049329839646816254,0.9887212514877319,0.9393914937973022,1.248455286026001,snapshot-mechanisms-v1,1,seeds/cell-008-b0acb3f0bc5a/seed-1/snapshots/step-000800.pt,800,800,7097b902cc3f3a43380d0b66433b0a90ecf3915af0cdb913b8b407b76daf38af,scaling-tuned-adamw-10seeds-v1,0.003325237426906824,2.791157749015838e-05,910003,2.0005973055958748e-05,0.00010042103531304747,2.991313158418052e-05,6.962347924854839e-07,1.5768160665174946e-05,5.587935447692871e-09,0.00010042102803708985,1.0013821125030518,3.473375545581803e-05,1.5071926100063138e-05,0.00010042102076113224,0.0
0.5060743689537048,0.05218525230884552,0.017395084723830223,0.18460172414779663,2.783534049987793,0.763213038444519,4.333437442779541,1.549903392791748,,,,,,,,,,,,,,,,,,,,,,0.298839271068573,0.09961309283971786,0.33521682024002075,2.522395610809326,0.36594390869140625,2.6325039863586426,0.11010861396789551,,,,,,,,,,,,,,,,,,,,,,512,1.7917200326919556,1.0077623128890991,1.000928282737732,cell-008-b0acb3f0bc5a,8,b0acb3f0bc5ad527ab08e212aab5cb1859e4ca58d6c20c77b33a0661ab45e44e,32,0.5873293876647949,12.713693618774414,0.4041637182235718,12.933238983154297,0.21898823976516724,0.0,2048,6462c87c5c2aa5cb0dcd6afe9c4a0fab1a45d764f9166f84c6184af6723f1b0e,910004,910000,False,,,,,,,,,False,,,,,,,,,,1.0,7.893149449955672e-05,1.0,8.319469634443521e-05,0.003,seed-mechanisms-v2,4,0.0,32,1,2,adamw,0.8752853870391846,1.124356985092163,2.65382719039917,,,,,,,,,,0.9762052893638611,1.1543738842010498,3.046485424041748,,,,,,,,,,0.2901932895183563,6.282095910137286e-06,3.793998985202052e-05,0.556640625,-3.756680234801024e-05,-0.7702871561050415,3.731911419890821e-07,,,,,,,,,,,,,,,,,,,,,,0.34245628118515015,1.5042915038065985e-05,-1.0623658454278484e-05,0.642578125,-8.208140934584662e-05,-0.22120586037635803,-9.270508599001914e-05,,,,,,,,,,,,,,,,,,,,,,0.09776046872138977,-0.05599544197320938,0.3712260127067566,0.4272214472293854,2.795726776123047,0.12190946936607361,0.013369226828217506,0.9344379901885986,0.9210687279701233,1.4441776275634766,0.12190946936607361,0.013369226828217506,0.9344379901885986,0.9210687279701233,1.4441776275634766,0.10625007748603821,-0.00018484704196453094,0.9869182109832764,0.9871030449867249,1.2492053508758545,0.10625007748603821,-0.00018484704196453094,0.9869182109832764,0.9871030449867249,1.2492053508758545,snapshot-mechanisms-v1,2,seeds/cell-008-b0acb3f0bc5a/seed-2/snapshots/step-000800.pt,800,800,7097b902cc3f3a43380d0b66433b0a90ecf3915af0cdb913b8b407b76daf38af,scaling-tuned-adamw-10seeds-v1,0.0030318847857415676,2.2260122932493687e-05,910005,1.9863802663167007e-05,8.503870049025863e-05,2.394780494796578e-05,8.305190135615703e-07,1.3879873222322203e-05,4.016328603029251e-09,8.503867866238579e-05,1.0010234117507935,2.7347194190951996e-05,1.3049355402472429e-05,8.503867138642818e-05,0.0
0.5551250576972961,0.02947908081114292,0.009826360270380974,0.6415881514549255,4.709600448608398,0.3289327621459961,3.8601322174072266,-0.8494682312011719,,,,,,,,,,,,,,,,,,,,,,0.04582039266824722,0.015273463912308216,0.1477624475955963,3.0280017852783203,0.8064171671867371,5.5278215408325195,2.499819755554199,,,,,,,,,,,,,,,,,,,,,,512,1.802762746810913,1.0397759675979614,1.0021178722381592,cell-008-b0acb3f0bc5a,8,b0acb3f0bc5ad527ab08e212aab5cb1859e4ca58d6c20c77b33a0661ab45e44e,32,0.6699532866477966,12.064264297485352,0.38344234228134155,12.27015495300293,0.23097889125347137,0.0,2048,6462c87c5c2aa5cb0dcd6afe9c4a0fab1a45d764f9166f84c6184af6723f1b0e,910006,910000,False,,,,,,,,,False,,,,,,,,,,1.0,8.370097202714533e-05,1.0,7.854569412302226e-05,0.003,seed-mechanisms-v2,4,0.0,32,1,2,adamw,1.094834804534912,0.5719091296195984,1.9183521270751953,,,,,,,,,,0.9258162379264832,1.2796263694763184,3.2790021896362305,,,,,,,,,,0.29139214754104614,8.835722837829962e-06,-0.00012280093505978584,0.5537109375,-6.927049980731681e-05,-0.8720711469650269,-0.0001920714130392298,,,,,,,,,,,,,,,,,,,,,,0.22203317284584045,1.0968609785777517e-05,1.0605672287056223e-05,0.47314453125,-3.624045348260552e-05,-1.6313716173171997,-2.5634770281612873e-05,,,,,,,,,,,,,,,,,,,,,,0.08674322068691254,-0.08703551441431046,0.36703404784202576,0.4540695548057556,3.0845189094543457,0.09449037909507751,-0.042083170264959335,0.6065285205841064,0.6486116647720337,2.183582305908203,0.09449037909507751,-0.042083170264959335,0.6065285205841064,0.6486116647720337,2.183582305908203,0.12720558047294617,0.013719086535274982,0.929752767086029,0.9160336256027222,1.4047818183898926,0.12720558047294617,0.013719086535274982,0.929752767086029,0.9160336256027222,1.4047818183898926,snapshot-mechanisms-v1,3,seeds/cell-008-b0acb3f0bc5a/seed-3/snapshots/step-000800.pt,800,800,7097b902cc3f3a43380d0b66433b0a90ecf3915af0cdb913b8b407b76daf38af,scaling-tuned-adamw-10seeds-v1,0.0031670071184635162,3.054355693166144e-05,910007,2.6194918973487802e-05,8.199505100492388e-05,2.3536958906333894e-05,9.094218000882393e-08,1.1386269761715084e-05,3.2159732654690742e-09,8.199502917705104e-05,1.0020396709442139,2.087688699248247e-05,1.1295327567495406e-05,8.199502917705104e-05,0.0
0.5048954486846924,0.04784958064556122,0.015949860215187073,0.1711786389350891,2.4991726875305176,0.7809717655181885,4.357419013977051,1.8582459688186646,,,,,,,,,,,,,,,,,,,,,,0.2768770158290863,0.09229234606027603,0.3860616087913513,2.452033042907715,0.3370613753795624,2.501248836517334,0.04921597242355347,,,,,,,,,,,,,,,,,,,,,,512,1.6337734460830688,0.9910126328468323,1.0003076791763306,cell-008-b0acb3f0bc5a,8,b0acb3f0bc5ad527ab08e212aab5cb1859e4ca58d6c20c77b33a0661ab45e44e,32,0.6746747493743896,12.193195343017578,0.3882114291191101,12.422765731811523,0.22750231623649597,0.0,2048,6462c87c5c2aa5cb0dcd6afe9c4a0fab1a45d764f9166f84c6184af6723f1b0e,910008,910000,False,,,,,,,,,False,,,,,,,,,,1.0,9.909844811772928e-05,1.0,9.986708755604923e-05,0.003,seed-mechanisms-v2,4,0.0,32,1,2,adamw,0.9730151295661926,1.0130791664123535,2.6438260078430176,,,,,,,,,,1.032182216644287,0.9331011772155762,2.579216957092285,,,,,,,,,,0.25902700424194336,3.2435732464364264e-06,-1.1431176972109824e-05,0.51318359375,-4.104076651856303e-07,-1.3083752393722534,-1.1841580999316648e-05,,,,,,,,,,,,,,,,,,,,,,0.2612736225128174,1.9234696083003655e-05,5.8654521126300097e-05,0.6015625,3.227463457733393e-05,0.15728482604026794,9.09291411517188e-05,,,,,,,,,,,,,,,,,,,,,,0.08591412752866745,-0.17329749464988708,0.2614826560020447,0.43478018045425415,2.917494058609009,0.17827388644218445,0.07426777482032776,0.9280480146408081,0.8537802696228027,1.5080819129943848,0.17827388644218445,0.07426777482032776,0.9280480146408081,0.8537802696228027,1.5080819129943848,0.16172458231449127,0.07178144156932831,0.9813770055770874,0.9095956087112427,1.2846235036849976,0.16172458231449127,0.07178144156932831,0.9813770055770874,0.9095956087112427,1.2846235036849976,snapshot-mechanisms-v1,4,seeds/cell-008-b0acb3f0bc5a/seed-4/snapshots/step-000800.pt,800,800,7097b902cc3f3a43380d0b66433b0a90ecf3915af0cdb913b8b407b76daf38af,scaling-tuned-adamw-10seeds-v1,0.0032824119552969933,2.7864589355885983e-05,910009,1.4462335457210429e-05,9.713944746181369e-05,3.224982719984837e-05,6.198660003065015e-07,1.2599798537848983e-05,3.92901711165905e-09,9.713942563394085e-05,1.0002117156982422,3.782746352953836e-05,1.1979933333350345e-05,9.713942563394085e-05,0.0
0.5356441140174866,0.01961672119796276,0.006538907065987587,0.14417284727096558,3.6141369342803955,0.8362104296684265,5.506938457489014,1.8928014039993286,,,,,,,,,,,,,,,,,,,,,,0.3331032693386078,0.11103442311286926,0.3142455518245697,1.2141484022140503,0.3526511788368225,1.342829942703247,0.128681480884552,,,,,,,,,,,,,,,,,,,,,,512,1.591543197631836,0.9761254787445068,1.0014996528625488,cell-008-b0acb3f0bc5a,8,b0acb3f0bc5ad527ab08e212aab5cb1859e4ca58d6c20c77b33a0661ab45e44e,32,0.5688886046409607,12.285188674926758,0.39124801754951477,12.519936561584473,0.22449815273284912,0.0,2048,6462c87c5c2aa5cb0dcd6afe9c4a0fab1a45d764f9166f84c6184af6723f1b0e,910010,910000,False,,,,,,,,,False,,,,,,,,,,1.0,0.0001568873703945428,1.0,0.00015160549082793295,0.003,seed-mechanisms-v2,4,0.0,32,1,2,adamw,1.011662483215332,0.8353794813156128,2.305243968963623,,,,,,,,,,1.0462088584899902,0.9880161285400391,2.7423176765441895,,,,,,,,,,0.1980162262916565,1.302593318541767e-06,-2.19745998037979e-05,0.50634765625,-0.00021953062969259918,-2.950645685195923,-0.00024150520039256662,,,,,,,,,,,,,,,,,,,,,,0.23015035688877106,1.900427378132008e-05,0.00014285680663306266,0.5458984375,7.577701762784272e-05,-0.8641232252120972,0.00021863382426090539,,,,,,,,,,,,,,,,,,,,,,0.12885648012161255,-0.08241038024425507,0.37796902656555176,0.46037939190864563,2.9970479011535645,0.30484268069267273,0.2172643095254898,0.943233847618103,0.7259695529937744,1.6836493015289307,0.30484268069267273,0.2172643095254898,0.943233847618103,0.7259695529937744,1.6836493015289307,0.21402424573898315,0.11772763729095459,0.9809072017669678,0.8631795644760132,1.3387670516967773,0.21402424573898315,0.11772763729095459,0.9809072017669678,0.8631795644760132,1.3387670516967773,snapshot-mechanisms-v1,5,seeds/cell-008-b0acb3f0bc5a/seed-5/snapshots/step-000800.pt,800,800,7097b902cc3f3a43380d0b66433b0a90ecf3915af0cdb913b8b407b76daf38af,scaling-tuned-adamw-10seeds-v1,0.004742768593132496,5.184108158573508e-05,910011,2.5938086764654145e-05,0.00015482214803341776,4.442772114998661e-05,2.0065992885065498e-06,1.8856733731809072e-05,4.94765117764473e-09,0.000154822162585333,1.0015124082565308,6.559961184393615e-05,1.68501355801709e-05,0.000154822162585333,0.0
0.5534001588821411,0.05794592201709747,0.019315306097269058,0.24768134951591492,2.7886054515838623,0.6943727135658264,3.937655448913574,1.1490498781204224,,,,,,,,,,,,,,,,,,,,,,0.17191430926322937,0.05730476975440979,0.3390379846096039,2.840677261352539,0.48904770612716675,3.2883448600769043,0.44766753911972046,,,,,,,,,,,,,,,,,,,,,,512,1.6646209955215454,1.0084903240203857,1.0004812479019165,cell-008-b0acb3f0bc5a,8,b0acb3f0bc5ad527ab08e212aab5cb1859e4ca58d6c20c77b33a0661ab45e44e,32,0.6346653699874878,12.846903800964355,0.40687793493270874,13.02009391784668,0.21809132397174835,0.0,2048,6462c87c5c2aa5cb0dcd6afe9c4a0fab1a45d764f9166f84c6184af6723f1b0e,910012,910000,False,,,,,,,,,False,,,,,,,,,,1.0,3.853812086163089e-05,1.0,3.870034561259672e-05,0.003,seed-mechanisms-v2,4,0.0,32,1,2,adamw,1.0075900554656982,0.7260788679122925,2.052614688873291,,,,,,,,,,0.9030044674873352,1.3415272235870361,3.420917510986328,,,,,,,,,,0.27545666694641113,2.7472869987832382e-06,-2.6541696570347995e-05,0.53857421875,-6.724942068103701e-05,-0.9133551120758057,-9.379112452734262e-05,,,,,,,,,,,,,,,,,,,,,,0.2319951057434082,6.541619768540841e-06,-1.5540561435045674e-05,0.5068359375,-3.075286076636985e-05,-0.17853394150733948,-4.629340401152149e-05,,,,,,,,,,,,,,,,,,,,,,0.09517991542816162,-0.046019136905670166,0.40191078186035156,0.44792991876602173,2.792552947998047,0.11365528404712677,0.010461302474141121,0.8969606161117554,0.886499285697937,1.5705400705337524,0.11365528404712677,0.010461302474141121,0.8969606161117554,0.886499285697937,1.5705400705337524,0.10831556469202042,0.01207420602440834,0.9854744076728821,0.9734001159667969,1.2422131299972534,0.10831556469202042,0.01207420602440834,0.9854744076728821,0.9734001159667969,1.2422131299972534,snapshot-mechanisms-v1,6,seeds/cell-008-b0acb3f0bc5a/seed-6/snapshots/step-000800.pt,800,800,7097b902cc3f3a43380d0b66433b0a90ecf3915af0cdb913b8b407b76daf38af,scaling-tuned-adamw-10seeds-v1,0.002418811898678541,1.4947028830647469e-05,910013,9.175200830213726e-06,3.797716635745019e-05,1.1250021998421289e-05,1.3252574149191787e-07,6.624473371630302e-06,1.7898855730891228e-09,3.7977180909365416e-05,1.0004810094833374,1.0927484254352748e-05,6.491947715403512e-06,3.7977180909365416e-05,0.0
0.5472368001937866,0.04014177247881889,0.013380591757595539,0.7051931023597717,4.51713752746582,0.2546651363372803,3.071746349334717,-1.4453909397125244,,,,,,,,,,,,,,,,,,,,,,0.0375438891351223,0.01251463033258915,0.09675246477127075,2.889758348464966,0.8657035827636719,5.643251419067383,2.753493309020996,,,,,,,,,,,,,,,,,,,,,,512,1.468581199645996,0.9839953780174255,1.0019068717956543,cell-008-b0acb3f0bc5a,8,b0acb3f0bc5ad527ab08e212aab5cb1859e4ca58d6c20c77b33a0661ab45e44e,32,0.6013845205307007,12.303336143493652,0.39536982774734497,12.651834487915039,0.222466379404068,0.0,2048,6462c87c5c2aa5cb0dcd6afe9c4a0fab1a45d764f9166f84c6184af6723f1b0e,910014,910000,False,,,,,,,,,False,,,,,,,,,,1.0,8.807804260868579e-05,1.0,8.215903653763235e-05,0.003,seed-mechanisms-v2,4,0.0,32,1,2,adamw,1.0785534381866455,0.340951532125473,1.5014313459396362,,,,,,,,,,0.9247939586639404,1.3661288022994995,3.577547550201416,,,,,,,,,,0.2800403833389282,1.2722188330371864e-05,3.560991899576038e-06,0.54248046875,-0.0002912900527007878,-0.9351200461387634,-0.0002877290826290846,,,,,,,,,,,,,,,,,,,,,,0.2032245695590973,1.2469698049244471e-05,-8.579010318499058e-05,0.4462890625,2.184224285883829e-05,-2.0135912895202637,-6.394784577423707e-05,,,,,,,,,,,,,,,,,,,,,,0.13941262662410736,-0.048065435141325,0.3833879232406616,0.4314533472061157,2.888916492462158,0.10924293100833893,-0.021897733211517334,0.597999632358551,0.6198973655700684,2.2227070331573486,0.10924293100833893,-0.021897733211517334,0.597999632358551,0.6198973655700684,2.2227070331573486,0.12461736798286438,0.02953832596540451,0.9419746994972229,0.9124364256858826,1.3415629863739014,0.12461736798286438,0.02953832596540451,0.9419746994972229,0.9124364256858826,1.3415629863739014,snapshot-mechanisms-v1,7,seeds/cell-008-b0acb3f0bc5a/seed-7/snapshots/step-000800.pt,800,800,7097b902cc3f3a43380d0b66433b0a90ecf3915af0cdb913b8b407b76daf38af,scaling-tuned-adamw-10seeds-v1,0.0037644216790795326,4.0070550312520936e-05,910015,2.565216891525779e-05,8.323176734847948e-05,2.02690098376479e-05,4.2669745425882866e-07,1.546307248645462e-05,2.852175384759903e-09,8.32317746244371e-05,1.001847505569458,2.1847525204066187e-05,1.5036375771160237e-05,8.32317746244371e-05,0.0
0.466009259223938,0.043033912777900696,0.014344638213515282,0.3874547779560089,3.6890316009521484,0.569511353969574,4.094809532165527,0.4057773947715759,,,,,,,,,,,,,,,,,,,,,,0.13711696863174438,0.045705653727054596,0.4403255581855774,3.1863508224487305,0.42255744338035583,3.2788472175598145,0.09249657392501831,,,,,,,,,,,,,,,,,,,,,,512,1.6669542789459229,1.0054974555969238,0.9989101886749268,cell-008-b0acb3f0bc5a,8,b0acb3f0bc5ad527ab08e212aab5cb1859e4ca58d6c20c77b33a0661ab45e44e,32,0.5859485864639282,12.876843452453613,0.4091953635215759,13.09425163269043,0.2175394892692566,0.0,2048,6462c87c5c2aa5cb0dcd6afe9c4a0fab1a45d764f9166f84c6184af6723f1b0e,910016,910000,False,,,,,,,,,False,,,,,,,,,,1.0,5.75772937736474e-05,1.0,6.280155503191054e-05,0.003,seed-mechanisms-v2,4,0.0,32,1,2,adamw,1.0616956949234009,0.7049175500869751,2.1172149181365967,,,,,,,,,,1.0130515098571777,1.4725966453552246,4.312102317810059,,,,,,,,,,0.23543700575828552,1.7326676697848598e-06,2.6720812456915155e-05,0.494140625,-0.0001689699711278081,-1.9121685028076172,-0.00014224916230887175,,,,,,,,,,,,,,,,,,,,,,0.23516282439231873,8.872879334376194e-06,0.00012092428369214758,0.513671875,-5.768805931438692e-05,-0.6348348259925842,6.323622073978186e-05,,,,,,,,,,,,,,,,,,,,,,0.11146582663059235,0.004837499000132084,0.46599307656288147,0.46115559339523315,2.679717540740967,0.13168330490589142,0.02792356349527836,0.8709908127784729,0.8430672883987427,1.583869218826294,0.13168330490589142,0.02792356349527836,0.8709908127784729,0.8430672883987427,1.583869218826294,0.10557924211025238,0.0015561848413199186,0.9837194681167603,0.9821633696556091,1.2276298999786377,0.10557924211025238,0.0015561848413199186,0.9837194681167603,0.9821633696556091,1.2276298999786377,snapshot-mechanisms-v1,8,seeds/cell-008-b0acb3f0bc5a/seed-8/snapshots/step-000800.pt,800,800,7097b902cc3f3a43380d0b66433b0a90ecf3915af0cdb913b8b407b76daf38af,scaling-tuned-adamw-10seeds-v1,0.002728105057030916,1.9099978089798242e-05,910017,9.89247109828284e-06,6.0637950809905306e-05,2.5019540771609172e-05,2.602887434477452e-07,1.0254094377160072e-05,2.0954757928848267e-09,6.063795444788411e-05,0.9989449977874756,1.547184365335852e-05,9.993806088459678e-06,6.063795444788411e-05,0.0
0.5558859705924988,0.06277653574943542,0.02092551440000534,0.17476579546928406,2.402756929397583,0.7624576687812805,4.073910713195801,1.6711535453796387,,,,,,,,,,,,,,,,,,,,,,0.16286370158195496,0.054287903010845184,0.41260862350463867,3.7498302459716797,0.42452767491340637,3.8242886066436768,0.07445813715457916,,,,,,,,,,,,,,,,,,,,,,512,1.6446830034255981,0.9793295860290527,0.9993611574172974,cell-008-b0acb3f0bc5a,8,b0acb3f0bc5ad527ab08e212aab5cb1859e4ca58d6c20c77b33a0661ab45e44e,32,0.6397727131843567,11.713005065917969,0.37484776973724365,11.995128631591797,0.23486420512199402,0.0,2048,6462c87c5c2aa5cb0dcd6afe9c4a0fab1a45d764f9166f84c6184af6723f1b0e,910018,910000,False,,,,,,,,,False,,,,,,,,,,1.0,4.8372756282333285e-05,1.0,4.72171523142606e-05,0.003,seed-mechanisms-v2,4,0.0,32,1,2,adamw,1.077654480934143,0.9022845029830933,2.630615234375,,,,,,,,,,1.063181757926941,1.3079822063446045,3.873703718185425,,,,,,,,,,0.29480093717575073,4.8624942792230286e-06,-6.353220669552684e-06,0.5615234375,2.80786698567681e-05,-0.7594938278198242,2.172546555812005e-05,,,,,,,,,,,,,,,,,,,,,,0.27266955375671387,7.1849985943117645e-06,-8.766663813730702e-05,0.5625,3.124804425169714e-05,-0.16689027845859528,-5.641859024763107e-05,,,,,,,,,,,,,,,,,,,,,,0.12708863615989685,-0.009851441718637943,0.4027369022369385,0.41258835792541504,2.924313545227051,0.12921962141990662,0.038713209331035614,0.9387375712394714,0.9000244140625,1.5214389562606812,0.12921962141990662,0.038713209331035614,0.9387375712394714,0.9000244140625,1.5214389562606812,0.11228401958942413,0.013071775436401367,0.9911121129989624,0.978040337562561,1.230928897857666,0.11228401958942413,0.013071775436401367,0.9911121129989624,0.978040337562561,1.230928897857666,snapshot-mechanisms-v1,9,seeds/cell-008-b0acb3f0bc5a/seed-9/snapshots/step-000800.pt,800,800,7097b902cc3f3a43380d0b66433b0a90ecf3915af0cdb913b8b407b76daf38af,scaling-tuned-adamw-10seeds-v1,0.0023084492422640324,1.4062786249269266e-05,910019,1.1271350558672566e-05,4.682943836087361e-05,8.956788406067062e-06,1.4203516229827073e-07,7.049913619994186e-06,2.4301698431372643e-09,4.6829445636831224e-05,0.9994102120399475,1.955139305209741e-05,6.9078787419130094e-06,4.6829445636831224e-05,0.0
0.24697129428386688,0.08764722943305969,0.029215743765234947,0.8799700736999512,4.469836235046387,0.03238270431756973,0.03110722452402115,-4.438729286193848,0.37038999795913696,0.12346333265304565,0.19304461777210236,0.3739565908908844,0.4365653991699219,1.372314214706421,0.9983576536178589,0.11387823522090912,0.03795941174030304,0.2019062340259552,1.916086196899414,0.6842155456542969,3.498849391937256,1.5827631950378418,0.08843725919723511,0.02947908639907837,0.11346443742513657,1.7919981479644775,0.7980983257293701,3.963555097579956,2.1715569496154785,0.2610192894935608,0.08700643479824066,0.5366886854171753,2.2126564979553223,0.20229199528694153,1.0885839462280273,-1.1240723133087158,0.3727068305015564,0.1242356225848198,0.42070475220680237,1.2703526020050049,0.20658840239048004,0.6235281825065613,-0.6468243598937988,0.34465277194976807,0.11488425731658936,0.35566359758377075,0.7054508924484253,0.2996836304664612,1.1660151481628418,0.4605643153190613,0.46174106001853943,0.1539136916399002,0.5221570730209351,1.7556034326553345,0.016101907938718796,-1.6503355503082275,-3.4059391021728516,512,1.738126516342163,0.986232578754425,0.9988912343978882,cell-009-ab32a69e245d,9,ab32a69e245d8f4521d1588d5c3faf92eb51ea7f14c72a2acbe357923dd6c702,32,0.6880581974983215,11.650287628173828,0.3699376583099365,11.838005065917969,0.2376558631658554,0.0,2048,6462c87c5c2aa5cb0dcd6afe9c4a0fab1a45d764f9166f84c6184af6723f1b0e,910000,910000,False,,,,,,,,,False,,,,,,,,,,1.0,0.00011162216833326966,1.0,0.00011328822438372299,0.003,seed-mechanisms-v2,4,0.0,32,4,2,adamw,0.42003118991851807,0.5108664035797119,0.6692037582397461,0.5240796804428101,-0.393026739358902,0.3399621844291687,0.4434104859828949,1.4796867370605469,1.8632732629776,0.5833015441894531,1.2881288528442383,2.030651330947876,0.528432309627533,0.566231369972229,0.8891681432723999,0.5065938234329224,-0.14042124152183533,0.4251778721809387,0.5007060170173645,1.2560012340545654,1.667857050895691,0.42590513825416565,0.08356000483036041,0.4484131932258606,0.2301376909017563,2.6098150556208566e-06,4.3187174014747143e-07,0.4775390625,7.997903594514355e-05,-1.133044958114624,8.041091496124864e-05,0.24771204590797424,1.905204771901481e-05,-5.334586603567004e-07,0.51904296875,0.00013560062507167459,-0.28252723813056946,0.00013506716641131788,0.2523975074291229,3.6596277368516894e-06,-4.276073013897985e-05,0.49560546875,-5.5637625337112695e-05,-1.1949735879898071,-9.839836275205016e-05,0.24886617064476013,2.844746859409497e-06,5.2897114073857665e-05,0.50732421875,-7.56973895477131e-05,-1.5001320838928223,-2.2800275473855436e-05,0.21172471344470978,1.3095630492898636e-05,9.54759307205677e-05,0.48974609375,-1.79404960363172e-05,-0.14991581439971924,7.75354346842505e-05,0.2061660885810852,1.0897609172388911e-05,5.070274346508086e-05,0.4541015625,1.770856397342868e-05,-0.3517495095729828,6.841131107648835e-05,0.1812959909439087,2.205497912655119e-05,5.063426215201616e-05,0.46044921875,2.5346491383970715e-05,-0.3629690408706665,7.598075899295509e-05,0.11401491612195969,0.00011420724331401289,-0.00018028708291240036,0.4033203125,4.885308044322301e-06,-0.1637781411409378,-0.00017540177213959396,0.14436715841293335,-0.03747422248125076,0.35148078203201294,0.3889549970626831,3.048757791519165,0.16289570927619934,0.03223348408937454,0.8042123913764954,0.7719789743423462,1.4247424602508545,0.16289570927619934,0.03223348408937454,0.8042123913764954,0.7719789743423462,1.4247424602508545,0.14278849959373474,0.040656983852386475,0.9247320890426636,0.8840750455856323,1.2621171474456787,0.14278849959373474,0.040656983852386475,0.9247320890426636,0.8840750455856323,1.2621171474456787,snapshot-mechanisms-v1,0,seeds/cell-009-ab32a69e245d/seed-0/snapshots/step-000800.pt,800,800,7097b902cc3f3a43380d0b66433b0a90ecf3915af0cdb913b8b407b76daf38af,scaling-tuned-adamw-10seeds-v1,0.005804343614727259,6.654870230704546e-05,910001,3.536912117851898e-05,0.00011498618550831452,2.2553223971044645e-05,4.748422270495212e-06,2.9374003133852966e-05,3.14321368932724e-09,0.0001149861782323569,0.9988648891448975,2.7689826310961507e-05,2.4625580408610404e-05,0.00011498617095639929,0.0
0.28253358602523804,0.4748598039150238,0.15828660130500793,0.2299712747335434,0.2700771987438202,0.295168936252594,0.5848574042320251,0.31478017568588257,0.06876413524150848,0.022921379655599594,0.20186829566955566,2.2882895469665527,0.7293676137924194,4.185389518737793,1.8971000909805298,0.12917253375053406,0.04305751621723175,0.17654696106910706,1.6511276960372925,0.6942805051803589,3.422712802886963,1.7715851068496704,0.36737120151519775,0.12245707213878632,0.43063196539878845,1.3406124114990234,0.2019968181848526,0.47014492750167847,-0.8704675436019897,0.3461213707923889,0.11537379026412964,0.35696977376937866,2.317983865737915,0.2969088554382324,2.211365222930908,-0.10661883652210236,0.40262097120285034,0.13420698046684265,0.3568798303604126,1.0476608276367188,0.24049919843673706,0.6514654159545898,-0.3961954712867737,0.32796454429626465,0.10932151973247528,0.36540061235427856,1.6541454792022705,0.3066348731517792,2.0579299926757812,0.40378475189208984,0.3361697793006897,0.11205659806728363,0.35073667764663696,2.550809144973755,0.31309354305267334,2.4220199584960938,-0.12878915667533875,512,1.9746264219284058,1.0260121822357178,1.001652479171753,cell-009-ab32a69e245d,9,ab32a69e245d8f4521d1588d5c3faf92eb51ea7f14c72a2acbe357923dd6c702,32,0.6300220489501953,11.019508361816406,0.3549330234527588,11.357856750488281,0.2423747181892395,0.0,2048,6462c87c5c2aa5cb0dcd6afe9c4a0fab1a45d764f9166f84c6184af6723f1b0e,910002,910000,False,,,,,,,,,False,,,,,,,,,,1.0,0.00021688429114874452,1.0,0.00022283577709458768,0.003,seed-mechanisms-v2,4,0.0,32,4,2,adamw,0.4494001269340515,-0.5082799792289734,0.2594374418258667,0.4942895174026489,1.5381217002868652,2.174337863922119,0.5080956220626831,1.1559617519378662,1.5548865795135498,0.38329896330833435,0.2706124484539032,0.4822615385055542,0.5961642861366272,0.8649090528488159,1.3448240756988525,0.5015702843666077,-0.08350576460361481,0.44687241315841675,0.5718634128570557,1.2444266080856323,1.8753225803375244,0.50589919090271,0.9724534749984741,1.273606300354004,0.2642640471458435,6.401744030881673e-05,-6.018375643179752e-05,0.54248046875,-1.4453013136517256e-05,-0.2206110656261444,-7.463675865437835e-05,0.3091062307357788,6.422745173040312e-06,-1.4582074072677642e-05,0.57763671875,0.00013049626431893557,-0.9266057014465332,0.00011591418297030032,0.26470130681991577,1.2191765563329682e-05,8.086564048426226e-05,0.517578125,-5.8256773627363145e-06,-0.9725786447525024,7.503997039748356e-05,0.21662385761737823,3.606446261983365e-05,3.544092032825574e-05,0.49560546875,0.00012264623364899307,-0.3748842775821686,0.00015808716125320643,0.22690103948116302,0.00010673120414139703,0.00016905402299016714,0.53662109375,-0.00011878983787028119,-0.019920209422707558,5.026417784392834e-05,0.21601083874702454,2.891518670367077e-05,-0.00017316594312433153,0.49365234375,-0.00015973247354850173,-0.5116086006164551,-0.00033289846032857895,0.20390751957893372,5.794530443381518e-05,-0.00019050287664867938,0.52294921875,-1.0507064871490002e-06,-0.2171330749988556,-0.00019155352492816746,0.24704726040363312,4.131317473365925e-05,3.41486775141675e-05,0.55029296875,4.003593130619265e-05,0.05116081237792969,7.418461609631777e-05,0.156265988945961,-0.040232859551906586,0.4120956063270569,0.45232847332954407,2.894270420074463,0.19280853867530823,0.08385812491178513,0.8969340324401855,0.8130759000778198,1.4128330945968628,0.19280853867530823,0.08385812491178513,0.8969340324401855,0.8130759000778198,1.4128330945968628,0.14048203825950623,0.035242147743701935,0.9789860844612122,0.9437439441680908,1.226535439491272,0.14048203825950623,0.035242147743701935,0.9789860844612122,0.9437439441680908,1.226535439491272,snapshot-mechanisms-v1,1,seeds/cell-009-ab32a69e245d/seed-1/snapshots/step-000800.pt,800,800,7097b902cc3f3a43380d0b66433b0a90ecf3915af0cdb913b8b407b76daf38af,scaling-tuned-adamw-10seeds-v1,0.00794975832104683,0.00012598148896358907,910003,8.66145855979994e-05,0.00021703880338463932,4.8681089538149536e-05,7.380273018497974e-06,4.217985042487271e-05,4.423782229423523e-09,0.0002170387888327241,1.0016303062438965,3.9563259633723646e-05,3.479957740637474e-05,0.0002170387888327241,0.0
0.25943857431411743,0.2982310652732849,0.09941035509109497,0.6263459920883179,2.1533186435699463,0.07542300224304199,-0.0947522521018982,-2.2480711936950684,0.06236504018306732,0.020788347348570824,0.11106012016534805,1.9684098958969116,0.8265748620033264,4.337038040161133,2.3686280250549316,0.44086962938308716,0.14695654809474945,0.20042259991168976,0.2878168821334839,0.3587077856063843,0.9632614850997925,0.6754446029663086,0.3226125240325928,0.10753750801086426,0.222895085811615,0.9053595066070557,0.4544924199581146,1.7021839618682861,0.7968243956565857,0.3721562623977661,0.12405208498239517,0.32212820649147034,1.3901853561401367,0.30571550130844116,1.350808024406433,-0.039377421140670776,0.390444815158844,0.1301482766866684,0.27349838614463806,2.3980493545532227,0.33605679869651794,2.755284309387207,0.3572350740432739,0.37765437364578247,0.1258848011493683,0.34473466873168945,1.1668212413787842,0.2776109576225281,0.9606762528419495,-0.20614485442638397,0.3817269206047058,0.1272423267364502,0.2953256368637085,1.3719292879104614,0.3229474425315857,1.487520456314087,0.11559102684259415,512,1.8450599908828735,1.0144319534301758,0.9996960163116455,cell-009-ab32a69e245d,9,ab32a69e245d8f4521d1588d5c3faf92eb51ea7f14c72a2acbe357923dd6c702,32,0.6260058879852295,12.00733757019043,0.3856951594352722,12.342245101928711,0.23067225515842438,0.0,2048,6462c87c5c2aa5cb0dcd6afe9c4a0fab1a45d764f9166f84c6184af6723f1b0e,910004,910000,False,,,,,,,,,False,,,,,,,,,,1.0,0.0001416496088495478,1.0,0.00013408999075181782,0.003,seed-mechanisms-v2,4,0.0,32,4,2,adamw,0.4188928008079529,0.1154184564948082,0.4507398009300232,0.5382106304168701,1.5811638832092285,2.4867746829986572,0.4302961230278015,0.5563005805015564,0.729615330696106,0.4601522386074066,0.6972376108169556,0.8820184469223022,0.490476131439209,1.1488375663757324,1.4850542545318604,0.37502992153167725,1.080914855003357,1.0663392543792725,0.5259287357330322,0.19668878614902496,0.6159728169441223,0.5709220170974731,0.26296937465667725,0.7207368612289429,0.2921503186225891,1.9361203158041462e-05,0.00018870941130444407,0.58154296875,-5.467152732308023e-05,-0.4164813160896301,0.0001340378657914698,0.2972666025161743,5.392857929109596e-06,-6.97889772709459e-05,0.54931640625,-4.492745210882276e-05,-0.9040912389755249,-0.0001147164439316839,0.2586170732975006,3.16889381792862e-05,0.00014893185289110988,0.54833984375,0.00010088441922562197,-0.12997379899024963,0.00024981627939268947,0.26883673667907715,1.331748535449151e-05,7.765096961520612e-05,0.54541015625,-3.8994676287984475e-07,-0.5768951177597046,7.726104377070442e-05,0.1724567711353302,0.00010864981595659629,4.009122494608164e-05,0.53515625,4.665944288717583e-05,-0.06538966298103333,8.67506314534694e-05,0.25503790378570557,3.392944927327335e-05,-3.335329893161543e-05,0.5498046875,-1.6616726497886702e-05,-0.23055434226989746,-4.9970007239608094e-05,0.23762260377407074,5.7824112445814535e-05,3.128510434180498e-05,0.564453125,-1.5527424693573266e-05,0.03331121429800987,1.5757612345623784e-05,0.19714032113552094,0.0001476306060794741,-0.00010242625285172835,0.5615234375,-5.406040872912854e-05,0.030003411695361137,-0.0001564866688568145,0.1021692156791687,-0.050914742052555084,0.36361220479011536,0.41452693939208984,2.704789161682129,0.15949758887290955,0.06336817145347595,0.9024254679679871,0.8390572667121887,1.3690452575683594,0.15949758887290955,0.06336817145347595,0.9024254679679871,0.8390572667121887,1.3690452575683594,0.11761894822120667,0.014039816334843636,0.9739876389503479,0.9599478244781494,1.2484267950057983,0.11761894822120667,0.014039816334843636,0.9739876389503479,0.9599478244781494,1.2484267950057983,snapshot-mechanisms-v1,2,seeds/cell-009-ab32a69e245d/seed-2/snapshots/step-000800.pt,800,800,7097b902cc3f3a43380d0b66433b0a90ecf3915af0cdb913b8b407b76daf38af,scaling-tuned-adamw-10seeds-v1,0.006524152122437954,7.987333810888231e-05,910005,6.110665708547458e-05,0.00014183395251166075,2.257375672343187e-05,5.101084752823226e-06,3.482931788312271e-05,3.4633558243513107e-09,0.00014183393795974553,0.9995782375335693,2.3324213543673977e-05,2.9728231311310083e-05,0.00014183395251166075,0.0
0.2104702740907669,0.2350543737411499,0.0783514603972435,0.5686825513839722,2.5367043018341064,0.19626308977603912,0.962732195854187,-1.5739719867706299,0.063113272190094,0.021037759259343147,0.49977460503578186,3.6766810417175293,0.43711212277412415,3.5310802459716797,-0.1456010639667511,0.09235411137342453,0.03078470379114151,0.2643245458602905,2.5190815925598145,0.6433213949203491,3.5255494117736816,1.0064678192138672,0.3099555969238281,0.10331854224205017,0.535407543182373,2.1387085914611816,0.15463685989379883,0.3919154703617096,-1.7467930316925049,0.36042213439941406,0.12014070898294449,0.3751579523086548,1.1766376495361328,0.26441994309425354,0.846595823764801,-0.33004188537597656,0.28031155467033386,0.09343717992305756,0.37430697679519653,1.062880516052246,0.3453814685344696,2.670262575149536,1.60738205909729,0.6908083558082581,0.23026946187019348,0.20682264864444733,-0.31739577651023865,0.10236895084381104,-1.217755913734436,-0.900360107421875,0.3111879229545593,0.10372930765151978,0.36748450994491577,0.6318178176879883,0.3213275969028473,2.143765449523926,1.5119478702545166,512,1.7940847873687744,0.9876428246498108,1.0006232261657715,cell-009-ab32a69e245d,9,ab32a69e245d8f4521d1588d5c3faf92eb51ea7f14c72a2acbe357923dd6c702,32,0.6249497532844543,11.320402145385742,0.35955938696861267,11.505900382995605,0.24248161911964417,0.0,2048,6462c87c5c2aa5cb0dcd6afe9c4a0fab1a45d764f9166f84c6184af6723f1b0e,910006,910000,False,,,,,,,,,False,,,,,,,,,,1.0,0.00011180825822521001,1.0,0.00011486478615552187,0.003,seed-mechanisms-v2,4,0.0,32,4,2,adamw,0.4819490909576416,0.05915533006191254,0.490112841129303,0.4781229496002197,1.3715126514434814,1.8163788318634033,0.43636220693588257,1.1610294580459595,1.3405349254608154,0.42566972970962524,-0.19178900122642517,0.3411470651626587,0.4560937285423279,0.5695077180862427,0.7745073437690735,0.6423563957214355,1.4075703620910645,2.39231538772583,0.46771061420440674,0.41684380173683167,0.6850560903549194,0.6158254146575928,1.130974292755127,1.7647840976715088,0.2553221583366394,9.734647392178886e-06,-3.4292988857487217e-05,0.53271484375,4.5740598579868674e-06,-0.5652675628662109,-2.9718938094447367e-05,0.27594614028930664,3.1710123948869295e-06,-3.8344172935467213e-05,0.53125,-1.0550436854828149e-05,-1.0217950344085693,-4.889461706625298e-05,0.26411688327789307,8.379277460335288e-06,0.00010444244253449142,0.53759765625,-0.00018390679906588048,-1.3088998794555664,-7.946435653138906e-05,0.33106306195259094,1.9395627532503568e-05,-3.777181336772628e-05,0.6201171875,7.858136086724699e-05,-0.4204965829849243,4.080955477547832e-05,0.20905041694641113,2.3210832296172157e-05,0.0001513399329269305,0.451171875,0.00021474227833095938,-0.8645037412643433,0.0003660821821540594,0.21004889905452728,7.588421431137249e-05,-9.895356197375804e-05,0.53173828125,-0.00011376287147868425,-0.5137903690338135,-0.00021271640434861183,0.2685715854167938,6.941129868209828e-06,4.342385727795772e-05,0.5361328125,-2.9201160941738635e-05,-0.5151546597480774,1.4222699974197894e-05,0.22384056448936462,4.556317435344681e-05,4.250297206453979e-05,0.53759765625,3.07146183331497e-06,-0.4220470190048218,4.5574441173812374e-05,0.09406539797782898,-0.07608826458454132,0.3779258131980896,0.4540140628814697,3.0626003742218018,0.1966380774974823,0.06486058235168457,0.7084903120994568,0.6436296701431274,1.5885536670684814,0.1966380774974823,0.06486058235168457,0.7084903120994568,0.6436296701431274,1.5885536670684814,0.13951730728149414,0.012236149981617928,0.9537377953529358,0.9415016770362854,1.246704339981079,0.13951730728149414,0.012236149981617928,0.9537377953529358,0.9415016770362854,1.246704339981079,snapshot-mechanisms-v1,3,seeds/cell-009-ab32a69e245d/seed-3/snapshots/step-000800.pt,800,800,7097b902cc3f3a43380d0b66433b0a90ecf3915af0cdb913b8b407b76daf38af,scaling-tuned-adamw-10seeds-v1,0.005672038532793522,6.203797966009006e-05,910007,3.334347275085747e-05,0.00011009207810275257,2.8388360078679398e-05,5.0912540245917626e-06,2.853367550414987e-05,4.6566128730773926e-09,0.00011009207082679495,1.0006871223449707,1.982656613108702e-05,2.3442418751074e-05,0.00011009207082679495,0.0
0.3026816248893738,0.3327418565750122,0.110913947224617,0.3399012088775635,1.2479751110076904,0.3273569643497467,1.1141585111618042,-0.133816659450531,0.051774442195892334,0.01725814864039421,0.12656249105930328,2.5514752864837646,0.8216630816459656,5.296538829803467,2.745063304901123,0.2912166714668274,0.09707222878932953,0.25624632835388184,1.292418122291565,0.45253700017929077,1.9912115335464478,0.6987932920455933,0.22056737542152405,0.07352246344089508,0.23628845810890198,1.2454115152359009,0.5431441068649292,2.502054214477539,1.2566426992416382,0.4392317235469818,0.14641056954860687,0.26855266094207764,0.6739881038665771,0.29221564531326294,0.774104654788971,0.1001165583729744,0.35188812017440796,0.11729605495929718,0.3867343068122864,1.376140832901001,0.2613775134086609,1.0700511932373047,-0.3060896098613739,0.34788158535957336,0.11596053838729858,0.42906445264816284,1.3831311464309692,0.22305399179458618,0.788181722164154,-0.5949493646621704,0.2704773247241974,0.0901591032743454,0.4608249068260193,3.069749593734741,0.2686977982521057,3.028869152069092,-0.040880315005779266,512,1.7895227670669556,0.9537249207496643,0.988318145275116,cell-009-ab32a69e245d,9,ab32a69e245d8f4521d1588d5c3faf92eb51ea7f14c72a2acbe357923dd6c702,32,0.6687975525856018,11.137650489807129,0.36024796962738037,11.527935028076172,0.24080391228199005,0.0,2048,6462c87c5c2aa5cb0dcd6afe9c4a0fab1a45d764f9166f84c6184af6723f1b0e,910008,910000,False,,,,,,,,,False,,,,,,,,,,1.0,0.0006942135514691472,1.0,0.0013434926513582468,0.003,seed-mechanisms-v2,4,0.0,32,4,2,adamw,0.476893812417984,0.12916964292526245,0.5276586413383484,0.5052768588066101,1.2627058029174805,1.7270128726959229,0.4790685176849365,0.4933773875236511,0.7501720190048218,0.44839566946029663,0.9465577602386475,1.106094241142273,0.42636507749557495,0.31369197368621826,0.5647876262664795,0.5425695180892944,-0.3067314028739929,0.3877618908882141,0.5073363184928894,-0.0029759821482002735,0.4904223084449768,0.6693651676177979,1.527411937713623,2.756166934967041,0.2631593346595764,6.438641139538959e-05,-0.00019069144036620855,0.51953125,-0.00012463759048841894,-0.39785322546958923,-0.0003153290308546275,0.2624456286430359,2.1328578441170976e-06,1.6367481293855235e-05,0.55419921875,-0.00014893233310431242,-1.5735764503479004,-0.00013256483362056315,0.2510490119457245,2.25316562136868e-05,0.00012707666610367596,0.51025390625,2.300111373187974e-05,-0.6938351392745972,0.00015007774345576763,0.278392493724823,2.3184300516732037e-05,2.8555274184327573e-05,0.552734375,-0.00020424762624315917,-0.8840126395225525,-0.00017569231567904353,0.23716025054454803,1.7223414033651352e-05,2.8567479603225365e-05,0.53369140625,0.00011664779594866559,-0.4595096707344055,0.000145215293741785,0.20589131116867065,4.271954094292596e-05,-3.6064593587070704e-05,0.54541015625,0.0001142088949563913,0.034898027777671814,7.814430864527822e-05,0.17458978295326233,8.063034329097718e-05,-0.00010583770927041769,0.46337890625,-9.503471665084362e-05,-0.0575367733836174,-0.000200872469577007,0.1707485318183899,5.6412656704196706e-05,-0.00010693721560528502,0.45263671875,6.721670069964603e-05,-0.6829050779342651,-3.972052945755422e-05,0.05950641632080078,-0.19216355681419373,0.2868901789188385,0.4790537357330322,2.9403176307678223,0.17352959513664246,0.06863167881965637,0.8679443597793579,0.7993127107620239,1.492084264755249,0.17352959513664246,0.06863167881965637,0.8679443597793579,0.7993127107620239,1.492084264755249,0.14315274357795715,0.05106980353593826,0.9698679447174072,0.9187980890274048,1.2677671909332275,0.14315274357795715,0.05106980353593826,0.9698679447174072,0.9187980890274048,1.2677671909332275,snapshot-mechanisms-v1,4,seeds/cell-009-ab32a69e245d/seed-4/snapshots/step-000800.pt,800,800,7097b902cc3f3a43380d0b66433b0a90ecf3915af0cdb913b8b407b76daf38af,scaling-tuned-adamw-10seeds-v1,0.009980746544897556,0.0006796826492063701,910009,0.0005900925607420504,0.0029984409920871258,0.0007154368795454502,0.00018824294966179878,0.0009950902312994003,1.1920928955078125e-07,0.0029984409920871258,0.9877220988273621,0.0006978214369155467,0.000806847121566534,0.0029984409920871258,0.0
0.1893470585346222,0.4899231195449829,0.16330771148204803,0.28519681096076965,0.4311797618865967,0.22488006949424744,0.2999415099620819,-0.13123828172683716,0.6634730100631714,0.22115765511989594,0.08108346909284592,-1.2010217905044556,0.2554435729980469,0.023953460156917572,1.224975347518921,0.4499131739139557,0.14997105300426483,0.19844123721122742,0.188063383102417,0.3516455888748169,0.8153421878814697,0.6272788047790527,0.008156668394804,0.002718889620155096,0.05880403146147728,3.898912191390991,0.9330393075942993,7.2599053382873535,3.3609931468963623,0.3742673993110657,0.12475581467151642,0.41263720393180847,1.376717209815979,0.21309536695480347,0.6729205846786499,-0.7037966251373291,0.567840576171875,0.1892802119255066,0.21248841285705566,0.0093529736623168,0.21967098116874695,0.1775376796722412,0.16818469762802124,0.44367969036102295,0.14789322018623352,0.3255307376384735,0.808617353439331,0.23078955709934235,0.4565284252166748,-0.35208892822265625,0.354382187128067,0.11812739074230194,0.4421938359737396,1.5589187145233154,0.20342399179935455,0.7632343769073486,-0.7956842184066772,512,1.2215303182601929,0.9872502088546753,0.9995335936546326,cell-009-ab32a69e245d,9,ab32a69e245d8f4521d1588d5c3faf92eb51ea7f14c72a2acbe357923dd6c702,32,0.6487566232681274,9.88235092163086,0.3132936954498291,10.025398254394531,0.2672053873538971,0.0,2048,6462c87c5c2aa5cb0dcd6afe9c4a0fab1a45d764f9166f84c6184af6723f1b0e,910010,910000,False,,,,,,,,,False,,,,,,,,,,1.0,0.00036870050826109946,1.0,0.0003470489173196256,0.003,seed-mechanisms-v2,4,0.0,32,4,2,adamw,0.4561152756214142,-0.6444946527481079,0.23010605573654175,0.45781370997428894,-0.2132244110107422,0.3568800091743469,0.396174818277359,-0.1290423572063446,0.33672839403152466,0.43950068950653076,1.4694364070892334,1.8531289100646973,0.4493357539176941,0.08816221356391907,0.4777408838272095,0.48465219140052795,0.14063797891139984,0.5420975089073181,0.47883152961730957,0.15758228302001953,0.5472016334533691,0.42799538373947144,0.3683229982852936,0.5912379026412964,0.23757484555244446,5.225581844570115e-05,3.1848016078583896e-05,0.5185546875,7.314205868169665e-05,-0.17204290628433228,0.00010499007476028055,0.20856937766075134,5.291264824336395e-05,-0.00027191464323550463,0.49951171875,-5.9107434935867786e-05,-0.23581799864768982,-0.0003310220781713724,0.23618683218955994,2.676380790944677e-05,0.0001163281558547169,0.5009765625,-7.690979691687971e-05,-0.3219696283340454,3.941833710996434e-05,0.1780003309249878,3.2190527576858585e-07,-5.043157216277905e-07,0.521484375,-0.00020982453133910894,-3.3046414852142334,-0.00021032885706517845,0.22508108615875244,0.00013611862959805876,0.00019379945297259837,0.482421875,0.0003067905199714005,-0.4180390536785126,0.0005005898419767618,0.21726974844932556,0.00013955980830360204,-0.00010701519931899384,0.55908203125,9.206010872730985e-06,0.02260982245206833,-9.780925756786019e-05,0.22619126737117767,3.5462184314383194e-05,-3.5827120882458985e-05,0.5,7.237590034492314e-05,-0.1969413012266159,3.654878673842177e-05,0.22833769023418427,0.00013175897765904665,0.0004055137396790087,0.54052734375,0.0001817879092413932,0.028168657794594765,0.0005873016780242324,0.17648954689502716,-0.06165909394621849,0.38020825386047363,0.4418673515319824,3.0018460750579834,0.6592859625816345,0.60329270362854,0.9128690361976624,0.3095763027667999,1.6713054180145264,0.6592859625816345,0.60329270362854,0.9128690361976624,0.3095763027667999,1.6713054180145264,0.7096550464630127,0.6698845624923706,0.9440855979919434,0.2742011547088623,1.5496225357055664,0.7096550464630127,0.6698845624923706,0.9440855979919434,0.2742011547088623,1.5496225357055664,snapshot-mechanisms-v1,5,seeds/cell-009-ab32a69e245d/seed-5/snapshots/step-000800.pt,800,800,7097b902cc3f3a43380d0b66433b0a90ecf3915af0cdb913b8b407b76daf38af,scaling-tuned-adamw-10seeds-v1,0.009572267532348633,0.0001594325585756451,910011,7.244078733492643e-05,0.00036626262590289116,6.933114491403103e-05,5.303380930854473e-06,6.201823998708278e-05,8.614733815193176e-09,0.00036626262590289116,0.9993113279342651,0.00016247245366685092,5.671485996572301e-05,0.00036626262590289116,0.0
0.32143324613571167,0.22542093694210052,0.07514031231403351,0.6647846698760986,2.4997568130493164,0.10979435592889786,0.4015600383281708,-2.0981967449188232,0.16673503816127777,0.05557834729552269,0.41761529445648193,2.219264507293701,0.4156497120857239,2.1909241676330566,-0.028340283781290054,0.4969392418861389,0.16564641892910004,0.1916934847831726,-0.04932491481304169,0.3113672733306885,0.4921720623970032,0.541496992111206,0.12217380106449127,0.04072460159659386,0.24407747387886047,1.9328360557556152,0.6337487101554871,3.1509854793548584,1.2181496620178223,0.14465586841106415,0.04821862280368805,0.4761824607849121,3.0093424320220947,0.37916165590286255,2.7318453788757324,-0.27749699354171753,0.12931828200817108,0.04310610145330429,0.5398555994033813,3.022393226623535,0.330826073884964,2.474067211151123,-0.5483261942863464,0.2893412411212921,0.09644708037376404,0.39297789335250854,1.6216857433319092,0.31768089532852173,1.4732731580734253,-0.14841268956661224,0.12812206149101257,0.042707353830337524,0.23107194900512695,2.337923049926758,0.6408060193061829,3.878514051437378,1.5405906438827515,512,1.6882301568984985,0.9562605023384094,0.9997433423995972,cell-009-ab32a69e245d,9,ab32a69e245d8f4521d1588d5c3faf92eb51ea7f14c72a2acbe357923dd6c702,32,0.6056229472160339,12.469706535339355,0.39438962936401367,12.620468139648438,0.22346459329128265,0.0,2048,6462c87c5c2aa5cb0dcd6afe9c4a0fab1a45d764f9166f84c6184af6723f1b0e,910012,910000,False,,,,,,,,,False,,,,,,,,,,1.0,9.858848352450877e-05,1.0,0.00011371076834620908,0.003,seed-mechanisms-v2,4,0.0,32,4,2,adamw,0.536363959312439,0.16768115758895874,0.612991213798523,0.4509729743003845,0.33793410658836365,0.6113995313644409,0.4069982171058655,-0.18702581524848938,0.3255397081375122,0.5100864171981812,0.7636303901672363,1.0510597229003906,0.4785833954811096,1.2356079816818237,1.576321005821228,0.46509310603141785,1.6233971118927002,2.254006862640381,0.36561933159828186,0.6986336708068848,0.7064948081970215,0.5938822627067566,1.8367969989776611,3.514566421508789,0.2587810158729553,1.051600520440843e-05,4.2906143789878115e-05,0.5517578125,2.3783220967743546e-05,-0.29274457693099976,6.668935384368524e-05,0.30559152364730835,2.0480354578467086e-05,-6.697051139781252e-05,0.572265625,-3.405076131457463e-05,-0.3229658007621765,-0.00010102127271238714,0.2392764389514923,1.3645116268889979e-05,-7.938529597595334e-05,0.52587890625,5.204630724620074e-05,-0.17497079074382782,-2.7338996005710214e-05,0.27046310901641846,1.8061978153127711e-06,4.408320091897622e-05,0.53955078125,-7.741896843072027e-05,-1.0740416049957275,-3.333576751174405e-05,0.21266275644302368,1.3446310731524136e-05,8.36856197565794e-05,0.49365234375,-7.532023300882429e-05,-0.27042466402053833,8.365382200281601e-06,0.18536490201950073,7.144853589124978e-05,3.827499313047156e-05,0.48486328125,-8.995737152872607e-05,-0.14445799589157104,-5.1682363846339285e-05,0.21946769952774048,1.464282104279846e-05,-2.0941341063007712e-05,0.484375,1.1739793990273029e-06,-0.3737165927886963,-1.9767350750043988e-05,0.2506895661354065,1.2914286344312131e-05,-7.053166336845607e-05,0.5244140625,-3.656760964076966e-05,-0.635094404220581,-0.00010709927300922573,0.1115424782037735,-0.024264618754386902,0.4046887755393982,0.4289534091949463,2.78712797164917,0.12429250031709671,0.016743266955018044,0.7265705466270447,0.7098273038864136,1.8616983890533447,0.12429250031709671,0.016743266955018044,0.7265705466270447,0.7098273038864136,1.8616983890533447,0.09883782267570496,0.0046972474083304405,0.9882972240447998,0.9835999608039856,1.1719105243682861,0.09883782267570496,0.0046972474083304405,0.9882972240447998,0.9835999608039856,1.1719105243682861,snapshot-mechanisms-v1,6,seeds/cell-009-ab32a69e245d/seed-6/snapshots/step-000800.pt,800,800,7097b902cc3f3a43380d0b66433b0a90ecf3915af0cdb913b8b407b76daf38af,scaling-tuned-adamw-10seeds-v1,0.005507123656570911,6.243515235837549e-05,910013,3.9630547689739615e-05,9.710334416013211e-05,2.1113446564413607e-05,2.4360529096156824e-06,2.0295119611546397e-05,2.561137080192566e-09,9.710334416013211e-05,0.9998282194137573,1.6064233932411298e-05,1.7859067156678066e-05,9.710334416013211e-05,0.0
0.2709205150604248,0.25890639424324036,0.08630213141441345,0.6456507444381714,2.4426703453063965,0.09544280916452408,0.2865244746208191,-2.1561460494995117,0.061846546828746796,0.020615514367818832,0.1252850890159607,2.057251214981079,0.8128683567047119,4.662163734436035,2.6049132347106934,0.273164838552475,0.09105494618415833,0.5467052459716797,2.033125877380371,0.18012991547584534,0.6731480360031128,-1.3599779605865479,0.13294920325279236,0.044316403567790985,0.34612005949020386,2.362067461013794,0.5209307074546814,2.937875747680664,0.5758084654808044,0.220693901181221,0.07356463372707367,0.6200971603393555,2.506072998046875,0.15920892357826233,1.0785574913024902,-1.4275153875350952,0.2198125571012497,0.07327085733413696,0.5659842491149902,2.4951119422912598,0.21420316398143768,1.394838571548462,-1.1002731323242188,0.42070332169532776,0.14023444056510925,0.06810929626226425,0.813102126121521,0.5111874341964722,3.5093588829040527,2.696256637573242,0.3636820912361145,0.12122736871242523,0.3123388886451721,1.159740686416626,0.3239790201187134,1.2499582767486572,0.09021759778261185,512,1.8384183645248413,0.9968315958976746,1.000431776046753,cell-009-ab32a69e245d,9,ab32a69e245d8f4521d1588d5c3faf92eb51ea7f14c72a2acbe357923dd6c702,32,0.5997737050056458,11.359576225280762,0.3648782968521118,11.676105499267578,0.23721443116664886,0.0,2048,6462c87c5c2aa5cb0dcd6afe9c4a0fab1a45d764f9166f84c6184af6723f1b0e,910014,910000,False,,,,,,,,,False,,,,,,,,,,1.0,0.00017311787814833224,0.99951171875,0.0013057396281510592,0.003,seed-mechanisms-v2,4,0.0,32,4,2,adamw,0.4153347611427307,-0.3030712604522705,0.29777076840400696,0.5115805864334106,1.1960585117340088,1.6074037551879883,0.4361424446105957,0.3242265582084656,0.5820107460021973,0.4682047367095947,1.0564628839492798,1.282776117324829,0.40684783458709717,0.7819390892982483,0.8506043553352356,0.4883331060409546,0.7872599363327026,1.0222963094711304,0.5204071998596191,1.4273419380187988,2.064253091812134,0.5309939384460449,-0.029722511768341064,0.5012965798377991,0.32741501927375793,1.0988336725858971e-05,0.0001511111913714558,0.6181640625,0.00012895466352347285,-0.7747853994369507,0.00028006586944684386,0.26491960883140564,2.704317694224301e-06,1.3312548617250286e-05,0.52685546875,-4.5626951759913936e-05,-1.2709336280822754,-3.231441223761067e-05,0.29911237955093384,1.8970433302456513e-05,2.3212796804727986e-05,0.591796875,9.858575504040346e-05,-0.4287976622581482,0.00012179854820715263,0.26417168974876404,9.903318641590886e-06,-7.271665526786819e-05,0.5048828125,-8.090028131846339e-06,-0.9515600204467773,-8.080668339971453e-05,0.18521997332572937,3.9883954741526395e-05,-2.22627968469169e-05,0.49169921875,3.438625572016463e-05,-0.16102717816829681,1.212341885548085e-05,0.21251583099365234,8.744192018639296e-05,0.0001546788407722488,0.515625,6.547971861436963e-05,-0.1298922300338745,0.00022015857393853366,0.24565830826759338,5.41109184268862e-05,-0.0001348667428828776,0.568359375,-0.00016813588445074856,-0.3304789066314697,-0.00030300262733362615,0.2109011709690094,6.691511953249574e-05,-2.296845195814967e-05,0.5263671875,1.0692103387555107e-05,-0.10750381648540497,-1.2276330380700529e-05,0.1180247887969017,-0.06559735536575317,0.40773943066596985,0.473336786031723,2.836874485015869,0.13865643739700317,0.04820162057876587,0.8106736540794373,0.7624720335006714,1.4528157711029053,0.13865643739700317,0.04820162057876587,0.8106736540794373,0.7624720335006714,1.4528157711029053,0.11137141287326813,0.00992221012711525,0.9622639417648315,0.9523416757583618,1.239217758178711,0.11137141287326813,0.00992221012711525,0.9622639417648315,0.9523416757583618,1.239217758178711,snapshot-mechanisms-v1,7,seeds/cell-009-ab32a69e245d/seed-7/snapshots/step-000800.pt,800,800,7097b902cc3f3a43380d0b66433b0a90ecf3915af0cdb913b8b407b76daf38af,scaling-tuned-adamw-10seeds-v1,0.0071970270946621895,0.0012719938531517982,910015,7.69796606618911e-05,0.00021297481725923717,4.459173942450434e-05,1.2286707715247758e-05,5.581157893175259e-05,3.725290298461914e-09,0.00021297484636306763,1.0004494190216064,3.559186006896198e-05,4.352487303549424e-05,0.00021297484636306763,0.0
0.27945268154144287,0.13037589192390442,0.04345862939953804,0.46984532475471497,2.899691581726074,0.3997787833213806,2.634568691253662,-0.26512274146080017,0.28729236125946045,0.09576413035392761,0.3814499080181122,1.7188401222229004,0.33125773072242737,1.4613330364227295,-0.2575070261955261,0.33474671840667725,0.11158223450183868,0.5125688314437866,2.069366931915283,0.15268443524837494,0.4956490695476532,-1.5737178325653076,0.03515821695327759,0.01171940565109253,0.2607083022594452,3.959390640258789,0.7041334509849548,5.30844259262085,1.3490519523620605,0.34674882888793945,0.11558295786380768,0.2384835034608841,1.9017468690872192,0.41476765275001526,2.620208263397217,0.7184615135192871,0.198783740401268,0.06626125425100327,0.44717156887054443,2.9393789768218994,0.35404470562934875,2.723083019256592,-0.2162959724664688,0.34669381380081177,0.11556460708379745,0.33844467997550964,1.217216968536377,0.3148615062236786,1.1700794696807861,-0.04713737219572067,0.38375088572502136,0.12791697680950165,0.36430564522743225,1.095462679862976,0.2519434690475464,0.7360999584197998,-0.35936278104782104,512,1.7179700136184692,1.0048854351043701,0.9945300817489624,cell-009-ab32a69e245d,9,ab32a69e245d8f4521d1588d5c3faf92eb51ea7f14c72a2acbe357923dd6c702,32,0.5854277014732361,12.191555976867676,0.3860471248626709,12.353507995605469,0.22827038168907166,0.0,2048,6462c87c5c2aa5cb0dcd6afe9c4a0fab1a45d764f9166f84c6184af6723f1b0e,910016,910000,False,,,,,,,,,False,,,,,,,,,,0.99951171875,0.0015276175690814853,1.0,0.00042143743485212326,0.003,seed-mechanisms-v2,4,0.0,32,4,2,adamw,0.5638203024864197,0.5178787708282471,0.9066286087036133,0.3719257116317749,0.49064499139785767,0.5900763273239136,0.4039393961429596,0.099036805331707,0.434370756149292,0.5794532299041748,1.270303726196289,1.966663122177124,0.516722559928894,0.8052536249160767,1.1167447566986084,0.6573767066001892,1.7288020849227905,3.459651470184326,0.5673783421516418,0.6111447811126709,0.9982054233551025,0.3875952363014221,0.2747430205345154,0.49170559644699097,0.27812856435775757,3.6988720239605755e-05,-0.00017794467567000538,0.537109375,0.00021261931397020817,-0.8200104236602783,3.467455098871142e-05,0.2683563232421875,2.4822173145366833e-05,-8.231634274125099e-05,0.52978515625,-3.116238076472655e-05,-0.9302205443382263,-0.00011347873805789277,0.24650567770004272,1.9156434063916095e-05,5.059588875155896e-05,0.517578125,3.386076059541665e-06,-0.6310348510742188,5.3981959354132414e-05,0.2523924708366394,0.0011120145209133625,0.0011717929737642407,0.51904296875,0.003614252433180809,-1.4237961769104004,0.004786044824868441,0.215520977973938,4.791834362549707e-05,0.00022238446399569511,0.5234375,0.0005138401756994426,-0.237736314535141,0.0007362245814874768,0.24223512411117554,0.0005987632321193814,0.00072604970773682,0.53515625,0.0005259852623566985,-0.10241015255451202,0.0012520351447165012,0.23776596784591675,2.9986000299686566e-05,-0.00022041350894141942,0.50390625,3.946859942516312e-05,-0.4738255739212036,-0.000180944858584553,0.21011579036712646,1.316733869316522e-05,6.745022801624145e-06,0.46923828125,-6.610388663830236e-05,-0.4229789972305298,-5.935887020314112e-05,0.09862120449542999,-0.01605365425348282,0.498216837644577,0.5142704844474792,2.7868757247924805,0.1318550407886505,0.03579731285572052,0.8653312921524048,0.8295339345932007,1.4304325580596924,0.1318550407886505,0.03579731285572052,0.8653312921524048,0.8295339345932007,1.4304325580596924,0.10398945212364197,0.0009923877660185099,0.9852590560913086,0.9842666387557983,1.2031729221343994,0.10398945212364197,0.0009923877660185099,0.9852590560913086,0.9842666387557983,1.2031729221343994,snapshot-mechanisms-v1,8,seeds/cell-009-ab32a69e245d/seed-8/snapshots/step-000800.pt,800,800,7097b902cc3f3a43380d0b66433b0a90ecf3915af0cdb913b8b407b76daf38af,scaling-tuned-adamw-10seeds-v1,0.007906869053840637,0.0012525876518338919,910017,0.00045458393287844956,0.0017225425690412521,0.0003872657543979585,0.00010386921348981559,0.0005448546726256609,5.960464477539063e-08,0.0017225424526259303,0.9942524433135986,0.00033583794720470905,0.0004409854591358453,0.0017225423362106085,0.0
0.2029007226228714,0.07393813133239746,0.02464604377746582,0.23370017111301422,2.7343509197235107,0.6923617124557495,4.135051250457764,1.400700569152832,0.12431344389915466,0.04143781587481499,0.12171298265457153,1.5473272800445557,0.7539735436439514,3.7857112884521484,2.238384246826172,0.017825700342655182,0.0059419008903205395,0.9733585715293884,6.313652992248535,0.008815731853246689,0.3713679313659668,-5.94228458404541,0.007597331888973713,0.0025324439629912376,0.9858677387237549,6.5957255363464355,0.0065349070355296135,0.713944673538208,-5.881781101226807,0.08719807863235474,0.02906602807343006,0.8833975791931152,4.308582305908203,0.02940439060330391,0.240007221698761,-4.068574905395508,0.022441711276769638,0.007480571046471596,0.9608900547027588,5.733153343200684,0.01666828617453575,1.0437703132629395,-4.689382553100586,0.33596163988113403,0.11198721826076508,0.48356157541275024,2.8060343265533447,0.18047678470611572,1.117330551147461,-1.6887037754058838,0.25669777393341064,0.08556593209505081,0.49967390298843384,2.344452381134033,0.24362830817699432,1.3225003480911255,-1.0219519138336182,512,1.7676161527633667,0.9789438843727112,1.0009613037109375,cell-009-ab32a69e245d,9,ab32a69e245d8f4521d1588d5c3faf92eb51ea7f14c72a2acbe357923dd6c702,32,0.6286048293113708,11.655458450317383,0.37041106820106506,11.853154182434082,0.23626287281513214,0.0,2048,6462c87c5c2aa5cb0dcd6afe9c4a0fab1a45d764f9166f84c6184af6723f1b0e,910018,910000,False,,,,,,,,,False,,,,,,,,,,0.99951171875,0.0015861298888921738,0.99951171875,0.0012886461336165667,0.003,seed-mechanisms-v2,4,0.0,32,4,2,adamw,0.5074244141578674,1.060065746307373,1.4006972312927246,0.5453199148178101,0.9268821477890015,1.323698878288269,0.41012394428253174,0.14837604761123657,0.45843032002449036,0.43463659286499023,-0.18313443660736084,0.3463771939277649,0.532548189163208,0.4224902093410492,0.7794539332389832,0.5726326107978821,0.9212926626205444,1.370701789855957,0.7184280753135681,-0.5152722001075745,0.4223173260688782,0.46461981534957886,0.755921483039856,0.9421380758285522,0.2771947681903839,3.045406401724904e-06,1.085272742784582e-06,0.54443359375,4.024832378490828e-05,-1.1503028869628906,4.133359470870346e-05,0.27641159296035767,4.05862920160871e-06,7.939106581034139e-07,0.541015625,-3.479515726212412e-05,-1.1152704954147339,-3.400126297492534e-05,0.2634921669960022,9.983286872738972e-07,-5.40714700036915e-06,0.5126953125,2.1822468625032343e-05,-1.034590244293213,1.6415322534157895e-05,0.2656386196613312,3.497220291137637e-08,3.1196893814922078e-06,0.5302734375,-9.665485777077265e-06,-0.9027068614959717,-6.545797077706084e-06,0.14705108106136322,1.4611951883125585e-05,0.00012790801702067256,0.4501953125,2.6635383619577624e-05,-0.3147406280040741,0.0001545434060972184,0.0979023277759552,0.0002641389728523791,-0.0001975505583686754,0.4677734375,-1.448493276257068e-05,-0.010699082165956497,-0.00021203556389082223,0.11164407432079315,5.783734377473593e-05,6.686306733172387e-05,0.58837890625,3.509939415380359e-05,-0.05765194445848465,0.00010196242510573938,0.2034882754087448,1.0621990440995432e-05,-8.913845522329211e-05,0.46875,-6.329729512799531e-05,-0.4320666790008545,-0.0001524357357993722,0.1363629549741745,-0.13237300515174866,0.3243262767791748,0.45669931173324585,3.0509090423583984,0.2351967841386795,-0.303061842918396,0.13040834665298462,0.4334701597690582,2.0759871006011963,0.2351967841386795,-0.303061842918396,0.13040834665298462,0.4334701597690582,2.0759871006011963,0.39914393424987793,0.002263935748487711,0.4494194984436035,0.44715553522109985,1.428902506828308,0.39914393424987793,0.002263935748487711,0.4494194984436035,0.44715553522109985,1.428902506828308,snapshot-mechanisms-v1,9,seeds/cell-009-ab32a69e245d/seed-9/snapshots/step-000800.pt,800,800,7097b902cc3f3a43380d0b66433b0a90ecf3915af0cdb913b8b407b76daf38af,scaling-tuned-adamw-10seeds-v1,0.004488727543503046,5.628932558465749e-05,910019,3.684424518723972e-05,0.00021682781516574323,4.925034590996802e-05,2.236830368929077e-05,9.168813994619995e-05,2.9802322387695312e-08,0.00021682781516574323,1.0013940334320068,3.904509139829315e-05,6.931983807589859e-05,0.00021682782971765846,0.0
0.45418769121170044,0.01698799803853035,0.005662666633725166,0.9751526713371277,5.94559383392334,0.007859334349632263,0.5233034491539001,-5.422290802001953,,,,,,,,,,,,,,,,,,,,,,0.02265283837914467,0.007550945971161127,0.06361748278141022,3.520599842071533,0.9137296676635742,6.465732097625732,2.945132255554199,,,,,,,,,,,,,,,,,,,,,,512,1.4280489683151245,0.9924424290657043,1.0001813173294067,cell-010-e2d6e09349f6,10,e2d6e09349f6de20013a19caf19ef8d3ad0d1a80e669a44bea66ae46a2682f80,32,0.6779742240905762,20.75088882446289,0.16458368301391602,21.06671142578125,0.20124290883541107,0.15369465587356798,2048,6462c87c5c2aa5cb0dcd6afe9c4a0fab1a45d764f9166f84c6184af6723f1b0e,910000,910000,False,,,,,,,,,False,,,,,,,,,,1.0,0.0001275349350180477,1.0,0.00013755906547885388,0.003,seed-mechanisms-v2,4,0.0,128,1,2,adamw,1.1917710304260254,-0.28116071224212646,0.8887869715690613,,,,,,,,,,1.1171201467514038,1.7375540733337402,6.192357063293457,,,,,,,,,,0.2868017554283142,1.8876338572226814e-06,-6.818760448368266e-05,0.55810546875,2.1305077098077163e-06,-0.6448671817779541,-6.605710223084316e-05,,,,,,,,,,,,,,,,,,,,,,0.2278219759464264,1.3123941243975423e-05,8.988203626358882e-05,0.51171875,-0.0001744126493576914,-1.5781450271606445,-8.453057671431452e-05,,,,,,,,,,,,,,,,,,,,,,0.007709932513535023,-0.15713772177696228,0.13679972290992737,0.29393744468688965,3.1315975189208984,0.10188993066549301,-0.02283671498298645,0.5721551179885864,0.5949918627738953,2.6848387718200684,0.10188993066549301,-0.02283671498298645,0.5721551179885864,0.5949918627738953,2.6848387718200684,0.1277763396501541,0.030527792870998383,0.9704084396362305,0.9398806095123291,1.3062944412231445,0.1277763396501541,0.030527792870998383,0.9704084396362305,0.9398806095123291,1.3062944412231445,snapshot-mechanisms-v1,0,seeds/cell-010-e2d6e09349f6/seed-0/snapshots/step-000800.pt,800,800,7097b902cc3f3a43380d0b66433b0a90ecf3915af0cdb913b8b407b76daf38af,scaling-tuned-adamw-10seeds-v1,0.0031912075355648994,5.71857817703858e-05,910001,3.341021511005238e-05,0.00012921930465381593,3.246691630920395e-05,2.0390041299833683e-07,1.1715657819877379e-05,6.51925802230835e-09,0.0001292192901019007,1.0001994371414185,5.1626499043777585e-05,1.1511757293192204e-05,0.0001292192901019007,0.0
0.6276841163635254,0.03402988612651825,0.011343294754624367,0.09556107223033905,2.525977373123169,0.8704090118408203,5.163606643676758,2.637629270553589,,,,,,,,,,,,,,,,,,,,,,0.24744945764541626,0.08248315751552582,0.27376484870910645,2.312699317932129,0.4787856936454773,2.973687171936035,0.6609880328178406,,,,,,,,,,,,,,,,,,,,,,512,1.7705180644989014,1.0296142101287842,0.9995855093002319,cell-010-e2d6e09349f6,10,e2d6e09349f6de20013a19caf19ef8d3ad0d1a80e669a44bea66ae46a2682f80,32,0.6630455255508423,18.09935760498047,0.14355307817459106,18.374794006347656,0.2173890322446823,0.15369465587356798,2048,6462c87c5c2aa5cb0dcd6afe9c4a0fab1a45d764f9166f84c6184af6723f1b0e,910002,910000,False,,,,,,,,,False,,,,,,,,,,1.0,9.607158426661044e-05,1.0,9.661266813054681e-05,0.003,seed-mechanisms-v2,4,0.0,128,1,2,adamw,0.937990665435791,1.1179721355438232,2.832448959350586,,,,,,,,,,1.0370813608169556,1.363121747970581,3.9596896171569824,,,,,,,,,,0.30777913331985474,4.270153112884145e-06,-9.030476212501526e-05,0.56787109375,1.4077440027904231e-05,-0.7607722282409668,-7.622732664458454e-05,,,,,,,,,,,,,,,,,,,,,,0.29311007261276245,1.307344064116478e-05,-6.480030424427241e-05,0.57958984375,-0.00010135610500583425,-0.07977830618619919,-0.00016615641652606428,,,,,,,,,,,,,,,,,,,,,,0.16906332969665527,-0.04723850265145302,0.3879110813140869,0.435149610042572,3.145263671875,0.18096931278705597,0.10224226862192154,0.9456272125244141,0.8433849215507507,1.5495810508728027,0.18096931278705597,0.10224226862192154,0.9456272125244141,0.8433849215507507,1.5495810508728027,0.12522348761558533,0.03967113792896271,0.9930609464645386,0.9533898830413818,1.2273766994476318,0.12522348761558533,0.03967113792896271,0.9930609464645386,0.9533898830413818,1.2273766994476318,snapshot-mechanisms-v1,1,seeds/cell-010-e2d6e09349f6/seed-1/snapshots/step-000800.pt,800,800,7097b902cc3f3a43380d0b66433b0a90ecf3915af0cdb913b8b407b76daf38af,scaling-tuned-adamw-10seeds-v1,0.0027011753991246223,2.2705711671733297e-05,910003,2.828564538503997e-05,0.00010711904906202108,1.3774211765849032e-05,1.4764068509975914e-06,2.0509698515525088e-05,3.6961864680051804e-09,0.00010711905633797869,0.9995753169059753,4.4549502490554005e-05,1.9033290300285444e-05,0.00010711905633797869,0.0
0.4673317074775696,0.026491908356547356,0.008830636739730835,0.9280018210411072,5.282110214233398,0.04550628736615181,1.3123654127120972,-3.96974515914917,,,,,,,,,,,,,,,,,,,,,,0.014306999742984772,0.0047690002247691154,0.08293623477220535,4.455938339233398,0.9027567505836487,7.162214279174805,2.706275701522827,,,,,,,,,,,,,,,,,,,,,,512,1.3541802167892456,0.99467933177948,1.00016450881958,cell-010-e2d6e09349f6,10,e2d6e09349f6de20013a19caf19ef8d3ad0d1a80e669a44bea66ae46a2682f80,32,0.6519030928611755,20.020708084106445,0.1593482345342636,20.396574020385742,0.20614103972911835,0.15369465587356798,2048,6462c87c5c2aa5cb0dcd6afe9c4a0fab1a45d764f9166f84c6184af6723f1b0e,910004,910000,False,,,,,,,,,False,,,,,,,,,,1.0,8.041528781177476e-05,1.0,8.216490095946938e-05,0.003,seed-mechanisms-v2,4,0.0,128,1,2,adamw,1.1476564407348633,-0.28208690881729126,0.8560307025909424,,,,,,,,,,1.0658037662506104,1.7743817567825317,6.10557746887207,,,,,,,,,,0.30136966705322266,2.4030018721532542e-06,-3.1714658689452335e-05,0.56884765625,1.5426812751684338e-06,-0.43321147561073303,-3.01719774142839e-05,,,,,,,,,,,,,,,,,,,,,,0.2064387947320938,1.1650146916508675e-05,1.3733329979004338e-05,0.490234375,-0.00017613594536669552,-1.6766059398651123,-0.00016240263357758522,,,,,,,,,,,,,,,,,,,,,,0.16027557849884033,-0.07596532255411148,0.23419857025146484,0.3101638853549957,3.0383129119873047,0.09733562171459198,-0.016310222446918488,0.6325042843818665,0.6488145589828491,2.6895365715026855,0.09733562171459198,-0.016310222446918488,0.6325042843818665,0.6488145589828491,2.6895365715026855,0.11454246193170547,0.010185940191149712,0.970901608467102,0.960715651512146,1.3007043600082397,0.11454246193170547,0.010185940191149712,0.970901608467102,0.960715651512146,1.3007043600082397,snapshot-mechanisms-v1,2,seeds/cell-010-e2d6e09349f6/seed-2/snapshots/step-000800.pt,800,800,7097b902cc3f3a43380d0b66433b0a90ecf3915af0cdb913b8b407b76daf38af,scaling-tuned-adamw-10seeds-v1,0.0029539286624640226,4.581441680784337e-05,910005,1.776255521690473e-05,8.506071026204154e-05,2.6690493541536853e-05,1.1191801263521484e-07,9.788875104277395e-06,4.3655745685100555e-09,8.506071753799915e-05,1.000089168548584,3.081879549426958e-05,9.676957233750727e-06,8.506071753799915e-05,0.0
0.5518213510513306,0.03803308308124542,0.012677693739533424,0.07560884207487106,2.2096526622772217,0.8863580226898193,4.993887901306152,2.7842347621917725,,,,,,,,,,,,,,,,,,,,,,0.2862078845500946,0.09540262818336487,0.3884272277355194,3.307889223098755,0.325364887714386,3.1494719982147217,-0.15841710567474365,,,,,,,,,,,,,,,,,,,,,,512,1.747001051902771,0.964458703994751,0.998623251914978,cell-010-e2d6e09349f6,10,e2d6e09349f6de20013a19caf19ef8d3ad0d1a80e669a44bea66ae46a2682f80,32,0.7320473790168762,17.44394302368164,0.13792702555656433,17.654659271240234,0.22305718064308167,0.15369465587356798,2048,6462c87c5c2aa5cb0dcd6afe9c4a0fab1a45d764f9166f84c6184af6723f1b0e,910006,910000,False,,,,,,,,,False,,,,,,,,,,1.0,0.00014756570453755558,1.0,0.00014376788749359548,0.003,seed-mechanisms-v2,4,0.0,128,1,2,adamw,0.9766888618469238,1.1506346464157104,3.043062210083008,,,,,,,,,,1.1638994216918945,1.2634226083755493,3.934877872467041,,,,,,,,,,0.2504400610923767,2.043965650955215e-06,-8.527421414328273e-06,0.51708984375,9.022280210047029e-06,-1.4093520641326904,4.948642526869662e-07,,,,,,,,,,,,,,,,,,,,,,0.2784256935119629,1.4926773474144284e-05,0.00011973777145612985,0.55419921875,-1.9650740796350874e-05,-0.2097017765045166,0.00010008701792685315,,,,,,,,,,,,,,,,,,,,,,0.18100042641162872,-0.06514882296323776,0.40765058994293213,0.4727994203567505,3.0041680335998535,0.2091013640165329,0.10218335688114166,0.9590739607810974,0.8568906188011169,1.4792275428771973,0.2091013640165329,0.10218335688114166,0.9590739607810974,0.8568906188011169,1.4792275428771973,0.1273871213197708,0.030135400593280792,0.9933834075927734,0.9632479548454285,1.2068555355072021,0.1273871213197708,0.030135400593280792,0.9933834075927734,0.9632479548454285,1.2068555355072021,snapshot-mechanisms-v1,3,seeds/cell-010-e2d6e09349f6/seed-3/snapshots/step-000800.pt,800,800,7097b902cc3f3a43380d0b66433b0a90ecf3915af0cdb913b8b407b76daf38af,scaling-tuned-adamw-10seeds-v1,0.0030384473502635956,2.9968456146889366e-05,910007,4.551454185275361e-05,0.0001464152883272618,2.5564793759258464e-05,1.3031190064793918e-06,2.0261086319806054e-05,3.2159732654690742e-09,0.00014641530287917703,0.9985463619232178,5.50748773093801e-05,1.895796594908461e-05,0.00014641530287917703,0.0
0.5235581398010254,0.048720818012952805,0.016240272670984268,0.18822786211967468,2.8925797939300537,0.7630513310432434,4.384675025939941,1.4920953512191772,,,,,,,,,,,,,,,,,,,,,,0.26146644353866577,0.08715547621250153,0.3510728180408478,2.3167974948883057,0.38746070861816406,2.4961767196655273,0.1793791651725769,,,,,,,,,,,,,,,,,,,,,,512,1.7599372863769531,1.0056557655334473,0.9989708065986633,cell-010-e2d6e09349f6,10,e2d6e09349f6de20013a19caf19ef8d3ad0d1a80e669a44bea66ae46a2682f80,32,0.7071757316589355,18.623464584350586,0.14731869101524353,18.856792449951172,0.21468600630760193,0.15369465587356798,2048,6462c87c5c2aa5cb0dcd6afe9c4a0fab1a45d764f9166f84c6184af6723f1b0e,910008,910000,False,,,,,,,,,False,,,,,,,,,,1.0,7.680861745029688e-05,1.0,7.820302562322468e-05,0.003,seed-mechanisms-v2,4,0.0,128,1,2,adamw,0.938791036605835,0.8736727237701416,2.2135696411132812,,,,,,,,,,1.1633210182189941,1.3769307136535645,4.480622291564941,,,,,,,,,,0.25306376814842224,1.6257301922451006e-06,-1.6062129361671396e-05,0.5107421875,1.1865409760503098e-05,-1.4615683555603027,-4.196703230263665e-06,,,,,,,,,,,,,,,,,,,,,,0.28296801447868347,1.1942624951188918e-05,8.304072252940387e-05,0.61328125,-8.678398444317281e-06,-0.06861120462417603,7.436232408508658e-05,,,,,,,,,,,,,,,,,,,,,,0.1471954584121704,0.02486962080001831,0.45253753662109375,0.42766788601875305,2.842817783355713,0.14055019617080688,0.04840829595923424,0.9334370493888855,0.8850287199020386,1.5673917531967163,0.14055019617080688,0.04840829595923424,0.9334370493888855,0.8850287199020386,1.5673917531967163,0.11506227403879166,0.010686423629522324,0.9916889667510986,0.9810025691986084,1.2476389408111572,0.11506227403879166,0.010686423629522324,0.9916889667510986,0.9810025691986084,1.2476389408111572,snapshot-mechanisms-v1,4,seeds/cell-010-e2d6e09349f6/seed-4/snapshots/step-000800.pt,800,800,7097b902cc3f3a43380d0b66433b0a90ecf3915af0cdb913b8b407b76daf38af,scaling-tuned-adamw-10seeds-v1,0.0026767970994114876,1.942905510077253e-05,910009,1.8978207663167268e-05,7.730914512649179e-05,1.965425326488912e-05,6.056790198272211e-07,1.4242521501728334e-05,2.735760062932968e-09,7.730913057457656e-05,0.9989321827888489,2.4434153601760045e-05,1.363684259558795e-05,7.730913057457656e-05,0.0
0.5112711191177368,0.008659996092319489,0.0028866655193269253,0.09826553612947464,4.122611045837402,0.8930745124816895,6.674244403839111,2.551633358001709,,,,,,,,,,,,,,,,,,,,,,0.3015137314796448,0.10050457715988159,0.4656273126602173,2.060828685760498,0.23285892605781555,1.3686050176620483,-0.6922237873077393,,,,,,,,,,,,,,,,,,,,,,512,1.4340481758117676,1.0047565698623657,1.0014841556549072,cell-010-e2d6e09349f6,10,e2d6e09349f6de20013a19caf19ef8d3ad0d1a80e669a44bea66ae46a2682f80,32,0.6998483538627625,17.977197647094727,0.14165620505809784,18.131994247436523,0.2194896936416626,0.15369465587356798,2048,6462c87c5c2aa5cb0dcd6afe9c4a0fab1a45d764f9166f84c6184af6723f1b0e,910010,910000,False,,,,,,,,,False,,,,,,,,,,1.0,0.00020253632101230323,1.0,0.00021177985763642937,0.003,seed-mechanisms-v2,4,0.0,128,1,2,adamw,0.9331331849098206,1.0058345794677734,2.5124151706695557,,,,,,,,,,1.073583960533142,0.7074328660964966,2.1456825733184814,,,,,,,,,,0.1741257905960083,3.4576152074805577e-07,1.4396344340639189e-05,0.50732421875,0.00017813419981393963,-3.6734039783477783,0.00019253051141276956,,,,,,,,,,,,,,,,,,,,,,0.3305262327194214,1.833084024838172e-05,1.6430323739768937e-05,0.61962890625,-0.00014663698675576597,-0.33681994676589966,-0.00013020665210206062,,,,,,,,,,,,,,,,,,,,,,0.1981373429298401,-0.04569024592638016,0.4355427026748657,0.4812329411506653,2.996126413345337,0.5092816352844238,0.44912126660346985,0.9714993834495544,0.522378146648407,1.5662076473236084,0.5092816352844238,0.44912126660346985,0.9714993834495544,0.522378146648407,1.5662076473236084,0.48817381262779236,0.42797040939331055,0.9867165088653564,0.5587460994720459,1.3362505435943604,0.48817381262779236,0.42797040939331055,0.9867165088653564,0.5587460994720459,1.3362505435943604,snapshot-mechanisms-v1,5,seeds/cell-010-e2d6e09349f6/seed-5/snapshots/step-000800.pt,800,800,7097b902cc3f3a43380d0b66433b0a90ecf3915af0cdb913b8b407b76daf38af,scaling-tuned-adamw-10seeds-v1,0.005062558688223362,9.407321340404451e-05,910011,2.6261368475388736e-05,0.0002069763431791216,5.7619177823653445e-05,7.135332680263673e-07,1.788341614883393e-05,5.995389074087143e-09,0.00020697631407529116,1.0016393661499023,0.00010521236254135147,1.71698829944944e-05,0.00020697632862720639,0.0
0.4822656810283661,0.04102426767349243,0.01367475651204586,0.217507466673851,3.1815004348754883,0.7414682507514954,4.5790534019470215,1.3975529670715332,,,,,,,,,,,,,,,,,,,,,,0.2964710593223572,0.09882368892431259,0.367967426776886,2.5109024047851562,0.3355615437030792,2.5090138912200928,-0.0018884297460317612,,,,,,,,,,,,,,,,,,,,,,512,1.7617818117141724,1.0214354991912842,0.9996564388275146,cell-010-e2d6e09349f6,10,e2d6e09349f6de20013a19caf19ef8d3ad0d1a80e669a44bea66ae46a2682f80,32,0.7345256209373474,18.630830764770508,0.1472463309764862,18.847530364990234,0.2146020084619522,0.15369465587356798,2048,6462c87c5c2aa5cb0dcd6afe9c4a0fab1a45d764f9166f84c6184af6723f1b0e,910012,910000,False,,,,,,,,,False,,,,,,,,,,1.0,8.241596515290439e-05,1.0,8.25877214083448e-05,0.003,seed-mechanisms-v2,4,0.0,128,1,2,adamw,0.9400166273117065,1.3198931217193604,3.4716439247131348,,,,,,,,,,1.1428238153457642,1.3043394088745117,4.126674652099609,,,,,,,,,,0.2835489511489868,2.5511180865578353e-06,-2.8271950213820674e-05,0.54150390625,5.8712663303595036e-05,-0.6463141441345215,3.0440714908763766e-05,,,,,,,,,,,,,,,,,,,,,,0.20868581533432007,9.360137482872233e-06,1.1560368875507265e-06,0.50244140625,1.554590016894508e-05,-0.21021397411823273,1.6701924323569983e-05,,,,,,,,,,,,,,,,,,,,,,0.12553124129772186,0.012308897450566292,0.4915154278278351,0.47920656204223633,2.9554553031921387,0.11842744052410126,0.0304836705327034,0.9561395049095154,0.9256558418273926,1.3903239965438843,0.11842744052410126,0.0304836705327034,0.9561395049095154,0.9256558418273926,1.3903239965438843,0.09705483913421631,-0.002410377375781536,0.9910907745361328,0.9935011863708496,1.2198257446289062,0.09705483913421631,-0.002410377375781536,0.9910907745361328,0.9935011863708496,1.2198257446289062,snapshot-mechanisms-v1,6,seeds/cell-010-e2d6e09349f6/seed-6/snapshots/step-000800.pt,800,800,7097b902cc3f3a43380d0b66433b0a90ecf3915af0cdb913b8b407b76daf38af,scaling-tuned-adamw-10seeds-v1,0.00223724776878953,1.358706686005462e-05,910013,3.0461176720564254e-05,8.774330490268767e-05,5.889719886909006e-06,8.42333633954695e-07,1.4199308679962996e-05,3.4924596548080444e-09,8.774329035077244e-05,0.9995787143707275,3.719308369909413e-05,1.3356974704947788e-05,8.774329035077244e-05,0.0
0.5683819055557251,0.042609184980392456,0.01420306134968996,0.17602597177028656,3.048464059829712,0.7813648581504822,4.811838150024414,1.7633739709854126,,,,,,,,,,,,,,,,,,,,,,0.269135981798172,0.089711993932724,0.2715500593185425,2.8300249576568604,0.4593139886856079,3.509678602218628,0.6796537041664124,,,,,,,,,,,,,,,,,,,,,,512,1.7168481349945068,0.9881947636604309,0.9940403699874878,cell-010-e2d6e09349f6,10,e2d6e09349f6de20013a19caf19ef8d3ad0d1a80e669a44bea66ae46a2682f80,32,0.7924638986587524,17.603364944458008,0.1394774466753006,17.853113174438477,0.22140422463417053,0.15369465587356798,2048,6462c87c5c2aa5cb0dcd6afe9c4a0fab1a45d764f9166f84c6184af6723f1b0e,910014,910000,False,,,,,,,,,False,,,,,,,,,,0.9990234375,0.003845429513603449,0.998046875,0.007501781452447176,0.003,seed-mechanisms-v2,4,0.0,128,1,2,adamw,0.890213668346405,1.0080909729003906,2.3974857330322266,,,,,,,,,,1.060492992401123,1.2490590810775757,3.623203754425049,,,,,,,,,,0.2526576519012451,3.284110107415472e-06,-4.5615794078912586e-05,0.5166015625,-3.332718915771693e-05,-1.3781805038452148,-7.894299051258713e-05,,,,,,,,,,,,,,,,,,,,,,0.28783226013183594,2.06933545996435e-05,0.00015195441665127873,0.57421875,-8.576339314458892e-05,-0.837485671043396,6.619104533456266e-05,,,,,,,,,,,,,,,,,,,,,,0.12907245755195618,-0.12332220375537872,0.3122867941856384,0.43560898303985596,2.919102191925049,0.1816043257713318,0.08280687034130096,0.924931526184082,0.8421247005462646,1.4630533456802368,0.1816043257713318,0.08280687034130096,0.924931526184082,0.8421247005462646,1.4630533456802368,0.13962942361831665,0.04442277550697327,0.9874856472015381,0.9430627822875977,1.2238554954528809,0.13962942361831665,0.04442277550697327,0.9874856472015381,0.9430627822875977,1.2238554954528809,snapshot-mechanisms-v1,7,seeds/cell-010-e2d6e09349f6/seed-7/snapshots/step-000800.pt,800,800,7097b902cc3f3a43380d0b66433b0a90ecf3915af0cdb913b8b407b76daf38af,scaling-tuned-adamw-10seeds-v1,0.005227524787187576,0.003482367377728224,910015,0.001022383221425116,0.0041878242045640945,0.001021471107378602,0.0001249603519681841,0.0011940074618905783,1.1920928955078125e-07,0.0041878242045640945,0.9932570457458496,0.0009499625884927809,0.0010690471390262246,0.0041878242045640945,0.0
0.4527292549610138,0.0073111094534397125,0.002437036484479904,0.9898300170898438,6.9465508460998535,0.0028588734567165375,0.18546929955482483,-6.761081218719482,,,,,,,,,,,,,,,,,,,,,,0.019588472321629524,0.0065294913947582245,0.06884536892175674,3.890026330947876,0.9115661382675171,6.773850917816162,2.883824586868286,,,,,,,,,,,,,,,,,,,,,,512,1.3688603639602661,0.9850789308547974,1.0004016160964966,cell-010-e2d6e09349f6,10,e2d6e09349f6de20013a19caf19ef8d3ad0d1a80e669a44bea66ae46a2682f80,32,0.6594635844230652,20.811227798461914,0.164981409907341,21.11762046813965,0.20140346884727478,0.15369465587356798,2048,6462c87c5c2aa5cb0dcd6afe9c4a0fab1a45d764f9166f84c6184af6723f1b0e,910016,910000,False,,,,,,,,,False,,,,,,,,,,1.0,9.809125913307071e-05,1.0,0.00010453526192577556,0.003,seed-mechanisms-v2,4,0.0,128,1,2,adamw,1.2317124605178833,-0.22668392956256866,0.9709738492965698,,,,,,,,,,1.0972610712051392,1.8103002309799194,6.476093292236328,,,,,,,,,,0.2516876459121704,3.848989820198767e-07,2.9733626433881e-05,0.5,8.35263381304685e-06,-0.6658189296722412,3.808626934187487e-05,,,,,,,,,,,,,,,,,,,,,,0.2185669243335724,5.709970537282061e-06,-1.3297969417180866e-05,0.51611328125,4.221852941554971e-05,-1.744206428527832,2.892052725655958e-05,,,,,,,,,,,,,,,,,,,,,,0.1305617243051529,-0.07925718277692795,0.21657909452915192,0.29583626985549927,3.230221748352051,0.08995631337165833,-0.038633622229099274,0.590694785118103,0.6293283700942993,2.680190086364746,0.08995631337165833,-0.038633622229099274,0.590694785118103,0.6293283700942993,2.680190086364746,0.10895448923110962,0.009796114638447762,0.9729684591293335,0.963172435760498,1.259317398071289,0.10895448923110962,0.009796114638447762,0.9729684591293335,0.963172435760498,1.259317398071289,snapshot-mechanisms-v1,8,seeds/cell-010-e2d6e09349f6/seed-8/snapshots/step-000800.pt,800,800,7097b902cc3f3a43380d0b66433b0a90ecf3915af0cdb913b8b407b76daf38af,scaling-tuned-adamw-10seeds-v1,0.002344478154554963,4.127527790842578e-05,910017,2.0201227016514167e-05,9.429355122847483e-05,2.787963421724271e-05,1.4085676980357675e-07,6.7575429056887515e-06,5.3551048040390015e-09,9.429355850443244e-05,1.000431776046753,3.945515345549211e-05,6.616685823246371e-06,9.429355850443244e-05,0.0
0.5418330430984497,0.03062317706644535,0.010207726620137691,0.16569726169109344,3.4546687602996826,0.8036795258522034,5.202795505523682,1.748126745223999,,,,,,,,,,,,,,,,,,,,,,0.28265130519866943,0.09421709924936295,0.33293744921684265,2.4050397872924805,0.3844112753868103,2.5927302837371826,0.18769046664237976,,,,,,,,,,,,,,,,,,,,,,512,1.7891029119491577,0.997473955154419,0.9984437227249146,cell-010-e2d6e09349f6,10,e2d6e09349f6de20013a19caf19ef8d3ad0d1a80e669a44bea66ae46a2682f80,32,0.68641197681427,17.82732391357422,0.14062058925628662,17.999435424804688,0.22022075951099396,0.15369465587356798,2048,6462c87c5c2aa5cb0dcd6afe9c4a0fab1a45d764f9166f84c6184af6723f1b0e,910018,910000,False,,,,,,,,,False,,,,,,,,,,1.0,0.0001392647682223469,0.99951171875,0.0018625527154654264,0.003,seed-mechanisms-v2,4,0.0,128,1,2,adamw,0.8639137744903564,1.2895317077636719,3.084622859954834,,,,,,,,,,1.1920030117034912,1.4479848146438599,4.942970275878906,,,,,,,,,,0.2738761305809021,2.2548942069988698e-05,0.00011063450801884755,0.53955078125,0.000367372645996511,-0.9924361109733582,0.0004780072486028075,,,,,,,,,,,,,,,,,,,,,,0.25575414299964905,3.422506415518001e-05,0.0001380564644932747,0.54736328125,0.00034306853194721043,-0.10542894899845123,0.00048112496733665466,,,,,,,,,,,,,,,,,,,,,,0.14141114056110382,-0.009097837843000889,0.4425053000450134,0.4516031742095947,3.0137507915496826,0.1293196678161621,0.0362074039876461,0.9553402662277222,0.9191328883171082,1.4387547969818115,0.1293196678161621,0.0362074039876461,0.9553402662277222,0.9191328883171082,1.4387547969818115,0.10441987216472626,0.010238992050290108,0.9951034784317017,0.9848644733428955,1.2072956562042236,0.10441987216472626,0.010238992050290108,0.9951034784317017,0.9848644733428955,1.2072956562042236,snapshot-mechanisms-v1,9,seeds/cell-010-e2d6e09349f6/seed-9/snapshots/step-000800.pt,800,800,7097b902cc3f3a43380d0b66433b0a90ecf3915af0cdb913b8b407b76daf38af,scaling-tuned-adamw-10seeds-v1,0.002916499972343445,0.001481352373957634,910019,7.712640217505395e-05,0.00017760317132342607,2.275847873534076e-05,1.2983405213162769e-06,2.7594491257332265e-05,7.450580596923828e-09,0.00017760317132342607,0.9983936548233032,5.01238064316567e-05,2.629615119076334e-05,0.00017760317132342607,0.0
0.20815788209438324,0.48702144622802734,0.16234049201011658,0.28143250942230225,0.48696789145469666,0.23154602944850922,0.2727147340774536,-0.21425317227840424,0.03755928575992584,0.01251976191997528,0.1730601191520691,3.823910713195801,0.7893806099891663,5.6982645988464355,1.8743538856506348,0.29441580176353455,0.09813860058784485,0.6327941417694092,2.147519111633301,0.07279010117053986,-0.13837362825870514,-2.2858924865722656,0.46976861357688904,0.156589537858963,0.2779506742954254,0.6020557880401611,0.25228071212768555,-0.248789981007576,-0.8508458137512207,0.3809935450553894,0.12699785828590393,0.3306467831134796,1.1060243844985962,0.2883596420288086,0.9641658067703247,-0.1418585181236267,0.2566486597061157,0.08554955571889877,0.4796287417411804,3.0950045585632324,0.26372259855270386,2.120917558670044,-0.9740867614746094,0.40204742550849915,0.13401582837104797,0.16874587535858154,0.9400784969329834,0.4292066991329193,2.1470980644226074,1.207019567489624,0.2507781386375427,0.08359270542860031,0.5515009164810181,2.715717315673828,0.19772100448608398,1.2195314168930054,-1.4961860179901123,512,1.576995849609375,0.9594428539276123,0.9884873628616333,cell-011-23683cb9175a,11,23683cb9175a50bfeef45ce67d993a2f2dc864bf4e98ab58ce673b34c3689a4e,32,0.7535263895988464,15.182402610778809,0.11967730522155762,15.318695068359375,0.2421184778213501,0.15369465587356798,2048,6462c87c5c2aa5cb0dcd6afe9c4a0fab1a45d764f9166f84c6184af6723f1b0e,910000,910000,False,,,,,,,,,False,,,,,,,,,,0.99853515625,0.004664808511734009,0.99853515625,0.005946991965174675,0.003,seed-mechanisms-v2,4,0.0,128,4,2,adamw,0.4462832808494568,-0.5733185410499573,0.24487358331680298,0.5909208059310913,1.5763862133026123,2.7082583904266357,0.3780249059200287,0.73457270860672,0.7565487027168274,0.4552463889122009,-0.05798924341797829,0.40856003761291504,0.4242361783981323,0.35315513610839844,0.5823179483413696,0.6730568408966064,1.2695093154907227,2.19405460357666,0.4998944103717804,1.0718809366226196,1.3925082683563232,0.5458933115005493,0.5157776474952698,0.8807969093322754,0.22823503613471985,5.879560194443911e-05,1.6849808162078261e-06,0.53369140625,-2.9638613341376185e-06,-0.12958970665931702,-1.2788514140993357e-06,0.22391314804553986,3.0032204449526034e-05,0.00010816064605023712,0.5146484375,-0.002174802590161562,-2.1789064407348633,-0.002066641813144088,0.309969425201416,7.304629252757877e-05,0.00020516521180979908,0.58837890625,-0.0002977291005663574,-0.3921641409397125,-9.256387420464307e-05,0.292236328125,0.00028675596695393324,0.0004646795568987727,0.568359375,6.342008418869227e-06,-0.6449334621429443,0.00047102157259359956,0.20318251848220825,5.439877713797614e-05,-0.0001103445902117528,0.51806640625,-6.514999768114649e-06,-0.11792129278182983,-0.00011685957724694163,0.1956443339586258,0.0002029874740401283,-9.92430723272264e-05,0.5048828125,0.00017967383610084653,-0.12677928805351257,8.043074194574729e-05,0.2580702602863312,7.193673081928864e-05,-0.00019004952628165483,0.5419921875,-0.0006966544897295535,-0.43123066425323486,-0.0008867040742188692,0.20519186556339264,0.00012883375165984035,8.42845329316333e-05,0.53662109375,-0.00031161244260147214,-0.13486996293067932,-0.00022732792422175407,0.05878550931811333,-0.1189461201429367,0.3085237443447113,0.4274698495864868,3.0750136375427246,0.17651595175266266,0.05640276521444321,0.810792863368988,0.7543901205062866,1.5313127040863037,0.17651595175266266,0.05640276521444321,0.810792863368988,0.7543901205062866,1.5313127040863037,0.13492324948310852,0.030312329530715942,0.9618140459060669,0.9315017461776733,1.2254972457885742,0.13492324948310852,0.030312329530715942,0.9618140459060669,0.9315017461776733,1.2254972457885742,snapshot-mechanisms-v1,0,seeds/cell-011-23683cb9175a/seed-0/snapshots/step-000800.pt,800,800,7097b902cc3f3a43380d0b66433b0a90ecf3915af0cdb913b8b407b76daf38af,scaling-tuned-adamw-10seeds-v1,0.012084584683179855,0.0029794005677103996,910001,0.0011052521876990795,0.007318598683923483,0.00247720954939723,0.00010707871842896566,0.0012995083816349506,5.960464477539063e-08,0.007318598683923483,0.9876954555511475,0.0024366285651922226,0.001192429568618536,0.007318598683923483,0.0
0.31769487261772156,0.27178508043289185,0.09059502184391022,0.6345663070678711,2.2384657859802246,0.09364867210388184,-0.0338856466114521,-2.2723517417907715,0.19877402484416962,0.0662580132484436,0.10517467558383942,0.3108862340450287,0.6960512399673462,2.9789814949035645,2.668095350265503,0.2497028410434723,0.0832342877984047,0.2316085398197174,1.0924615859985352,0.5186886191368103,2.154799222946167,1.0623377561569214,0.028293320909142494,0.009431106969714165,0.06763971596956253,2.919102191925049,0.9040669798851013,6.442801475524902,3.5236988067626953,0.32679808139801025,0.10893268883228302,0.33329546451568604,2.033021926879883,0.3399064838886261,2.0517592430114746,0.018737049773335457,0.36885207891464233,0.12295070290565491,0.3961583971977234,1.2254966497421265,0.2349894791841507,0.7028170228004456,-0.5226795673370361,0.3484830856323242,0.11616102606058121,0.4027470350265503,1.4007335901260376,0.24876990914344788,0.9248844385147095,-0.4758492112159729,0.24699704349040985,0.08233235031366348,0.5676702260971069,4.571028709411621,0.1853327453136444,3.0481739044189453,-1.5228550434112549,512,1.9041681289672852,1.0180250406265259,1.002232551574707,cell-011-23683cb9175a,11,23683cb9175a50bfeef45ce67d993a2f2dc864bf4e98ab58ce673b34c3689a4e,32,0.7219027876853943,15.471152305603027,0.12245380878448486,15.674087524414062,0.23884764313697815,0.15369465587356798,2048,6462c87c5c2aa5cb0dcd6afe9c4a0fab1a45d764f9166f84c6184af6723f1b0e,910002,910000,False,,,,,,,,,False,,,,,,,,,,1.0,0.0002640392049215734,1.0,0.0002561644068919122,0.003,seed-mechanisms-v2,4,0.0,128,4,2,adamw,0.40598824620246887,0.24193862080574036,0.4971820116043091,0.4002925753593445,1.0788425207138062,1.1369671821594238,0.48543643951416016,0.4733341336250305,0.7513105869293213,0.5400801301002502,1.6254935264587402,2.61781907081604,0.5381677746772766,0.9879999160766602,1.3641901016235352,0.46789273619651794,0.21057605743408203,0.5496878623962402,0.47187185287475586,0.6001603603363037,0.8210152387619019,0.6930081844329834,1.355639934539795,2.472745418548584,0.24385040998458862,5.813094048789935e-06,1.0313167877029628e-05,0.51611328125,3.334931534482166e-05,-0.5408498048782349,4.366248322185129e-05,0.2787091135978699,1.2430675269570202e-05,-4.7896537580527365e-05,0.53125,7.672500214539468e-05,-0.6852004528045654,2.882847547880374e-05,0.28609490394592285,3.9806735003367066e-05,0.00016001053154468536,0.55908203125,4.3300802644807845e-05,-0.38307905197143555,0.0002033113269135356,0.20549824833869934,8.776952427069773e-07,-1.57741906150477e-05,0.4990234375,8.804832759778947e-05,-2.26894474029541,7.227416790556163e-05,0.26104387640953064,2.1223124349489808e-05,0.0002203294134233147,0.54345703125,-0.00015965360216796398,-0.3840674161911011,6.067581125535071e-05,0.2491845041513443,1.7651573216426186e-05,-2.8347130864858627e-05,0.533203125,-0.00012418486585374922,-0.7270227670669556,-0.00015253198216669261,0.20310325920581818,3.9505255699623376e-05,3.360051414347254e-05,0.47998046875,4.830595207749866e-05,-0.2307838499546051,8.190648804884404e-05,0.2532486617565155,5.257453449303284e-05,5.6368364312220365e-05,0.5810546875,-0.00015690397412981838,-0.0019635967910289764,-0.00010053560981759802,0.16586744785308838,-0.05824530869722366,0.40903836488723755,0.4672836661338806,3.1301093101501465,0.22384709119796753,0.11592090874910355,0.9110755920410156,0.7951546907424927,1.4519858360290527,0.22384709119796753,0.11592090874910355,0.9110755920410156,0.7951546907424927,1.4519858360290527,0.12612676620483398,0.03400535136461258,0.9854404926300049,0.9514350891113281,1.2100529670715332,0.12612676620483398,0.03400535136461258,0.9854404926300049,0.9514350891113281,1.2100529670715332,snapshot-mechanisms-v1,1,seeds/cell-011-23683cb9175a/seed-1/snapshots/step-000800.pt,800,800,7097b902cc3f3a43380d0b66433b0a90ecf3915af0cdb913b8b407b76daf38af,scaling-tuned-adamw-10seeds-v1,0.007799969986081123,0.00012140522449044511,910003,0.00018051521328743547,0.0006524426862597466,0.00014709477545693517,3.055022534681484e-05,0.00017347015091218054,4.0745362639427185e-09,0.0006524426862597466,1.0021517276763916,0.00015136253205128014,0.00014291990373749286,0.0006524426862597466,0.0
0.17138580977916718,0.37152907252311707,0.12384302914142609,0.509123682975769,1.5708272457122803,0.1193472370505333,-0.27850931882858276,-1.8493365049362183,0.11923414468765259,0.03974471986293793,0.8493230938911438,3.805248260498047,0.031442753970623016,0.02367754466831684,-3.7815706729888916,0.03563705086708069,0.011879016645252705,0.16708073019981384,3.2623119354248047,0.7972822189331055,5.467017650604248,2.2047054767608643,0.5044206976890564,0.1681402325630188,0.3003593683242798,0.5145477652549744,0.1952199637889862,0.043412718921899796,-0.47113505005836487,0.31660696864128113,0.10553566366434097,0.38863405585289,0.684844970703125,0.29475897550582886,2.093573570251465,1.4087285995483398,0.3593458831310272,0.1197819784283638,0.32283928990364075,0.7722094058990479,0.31781482696533203,1.292601466178894,0.5203920602798462,0.2821478247642517,0.09404927492141724,0.5423444509506226,2.878810405731201,0.17550770938396454,1.1803808212280273,-1.6984295845031738,0.28632020950317383,0.09544006735086441,0.5155531167984009,1.937506079673767,0.1981266885995865,0.9007701873779297,-1.0367357730865479,512,1.6684627532958984,1.0026829242706299,0.9953513741493225,cell-011-23683cb9175a,11,23683cb9175a50bfeef45ce67d993a2f2dc864bf4e98ab58ce673b34c3689a4e,32,0.781402051448822,14.672118186950684,0.11576277762651443,14.817635536193848,0.2467629760503769,0.15369465587356798,2048,6462c87c5c2aa5cb0dcd6afe9c4a0fab1a45d764f9166f84c6184af6723f1b0e,910004,910000,False,,,,,,,,,False,,,,,,,,,,1.0,0.0005903767887502909,1.0,0.0005183813627809286,0.003,seed-mechanisms-v2,4,0.0,128,4,2,adamw,0.42134547233581543,-0.9043861627578735,0.16406816244125366,0.4415242075920105,0.1494983285665512,0.493426650762558,0.581613302230835,1.7491774559020996,3.1944499015808105,0.4660511016845703,-0.04562852531671524,0.42844682931900024,0.6315398216247559,1.2313106060028076,2.0229852199554443,0.5148695111274719,0.34220409393310547,0.6983898878097534,0.5360023379325867,0.06740225851535797,0.5459597110748291,0.5136713981628418,0.7883371114730835,1.0868089199066162,0.2231379598379135,2.5461076802457683e-05,-5.628020880976692e-05,0.48779296875,-9.187003161059693e-05,-0.461887925863266,-0.0001481502113165334,0.2781599760055542,6.161844794405624e-06,-6.21628641965799e-05,0.55224609375,-7.794715202180669e-07,-0.9117505550384521,-6.294233753578737e-05,0.2761431336402893,2.515748747100588e-06,1.0110699804499745e-05,0.5615234375,0.00011696394358295947,-1.30772864818573,0.00012707461428362876,0.23361077904701233,1.820789839257486e-05,-0.00010364373883930966,0.5107421875,2.2358944988809526e-06,-0.3868332505226135,-0.00010140784434042871,0.2229963093996048,4.493066080613062e-05,-2.731855056481436e-05,0.51953125,4.426288796821609e-06,-0.5583991408348083,-2.2892279957886785e-05,0.2212073653936386,4.8224399506580085e-05,-0.00026668800273910165,0.5439453125,5.1682938646990806e-05,-0.10292656719684601,-0.00021500505681615323,0.22589221596717834,2.8118322006775998e-05,1.7924940038938075e-05,0.4794921875,3.8910202420083806e-05,-0.4815916419029236,5.6835175200831145e-05,0.2562127709388733,4.633786738850176e-05,-1.5266698028426617e-05,0.5234375,1.5235607861541212e-05,-0.37552085518836975,-3.109744284301996e-08,0.17455099523067474,-0.052351176738739014,0.3496522307395935,0.4020034074783325,3.0130443572998047,0.17258265614509583,0.008687403984367847,0.7587580680847168,0.7500706911087036,1.4786925315856934,0.17258265614509583,0.008687403984367847,0.7587580680847168,0.7500706911087036,1.4786925315856934,0.14414428174495697,0.016172323375940323,0.9340630173683167,0.9178906679153442,1.2016100883483887,0.14414428174495697,0.016172323375940323,0.9340630173683167,0.9178906679153442,1.2016100883483887,snapshot-mechanisms-v1,2,seeds/cell-011-23683cb9175a/seed-2/snapshots/step-000800.pt,800,800,7097b902cc3f3a43380d0b66433b0a90ecf3915af0cdb913b8b407b76daf38af,scaling-tuned-adamw-10seeds-v1,0.008087016642093658,0.00014595499669667333,910005,0.00035729299997910857,0.0013846459332853556,0.00032386917155236006,2.6362940843682736e-05,0.00032664110767655075,5.960464477539063e-08,0.0013846459332853556,0.9946542978286743,0.0003768426540773362,0.00030027818866074085,0.0013846459332853556,0.0
0.30270543694496155,0.28790783882141113,0.0959692895412445,0.43770915269851685,1.7791180610656738,0.274383008480072,1.222044825553894,-0.5570731163024902,0.32634514570236206,0.10878171026706696,0.22044214606285095,0.7653756141662598,0.453212708234787,1.6700701713562012,0.9046945571899414,0.04157976433634758,0.01385992206633091,0.19083069264888763,3.496328353881836,0.7675895690917969,5.336157321929932,1.8398290872573853,0.12974965572357178,0.043249890208244324,0.239569291472435,1.726016640663147,0.630681037902832,3.465792655944824,1.7397761344909668,0.39342212677001953,0.13114072382450104,0.3431156277656555,1.1971508264541626,0.26346224546432495,0.9588029384613037,-0.23834790289402008,0.29855209589004517,0.09951737523078918,0.4654642343521118,3.515291213989258,0.23598366975784302,2.6041178703308105,-0.9111734628677368,0.33815765380859375,0.11271922290325165,0.4434146285057068,1.4843628406524658,0.21842773258686066,0.7826855182647705,-0.7016773223876953,0.3175840675830841,0.1058613508939743,0.3934129476547241,1.597543478012085,0.28900301456451416,2.0595250129699707,0.4619814157485962,512,1.7495430707931519,0.9755409955978394,1.001386284828186,cell-011-23683cb9175a,11,23683cb9175a50bfeef45ce67d993a2f2dc864bf4e98ab58ce673b34c3689a4e,32,0.7614049315452576,14.770467758178711,0.11722388863563538,15.004657745361328,0.24532899260520935,0.15369465587356798,2048,6462c87c5c2aa5cb0dcd6afe9c4a0fab1a45d764f9166f84c6184af6723f1b0e,910006,910000,False,,,,,,,,,False,,,,,,,,,,1.0,0.00033123811590485275,1.0,0.00033586594508960843,0.003,seed-mechanisms-v2,4,0.0,128,4,2,adamw,0.4326983094215393,0.3909917175769806,0.6186506748199463,0.4639072120189667,0.5884266495704651,0.8073965907096863,0.5145381689071655,1.646803617477417,2.5785388946533203,0.41044288873672485,1.1724269390106201,1.2777148485183716,0.5295490026473999,0.07323387265205383,0.5471038818359375,0.5861477255821228,1.0299056768417358,1.5375971794128418,0.42846256494522095,0.5306333303451538,0.6996757388114929,0.5551959872245789,1.334864854812622,2.0035958290100098,0.27898675203323364,1.3945722457719967e-05,2.0899144146824256e-05,0.548828125,-5.243098712526262e-06,-0.6916258335113525,1.5656041796319187e-05,0.2803800404071808,1.7715674403007142e-05,-0.00012536333815660328,0.5419921875,2.5658548111096025e-05,-0.4267615079879761,-9.970480459742248e-05,0.1973888874053955,6.248236559258658e-07,-1.911265826493036e-05,0.51953125,0.00010352332901675254,-2.7803194522857666,8.441066893283278e-05,0.2694964110851288,1.0438454410177656e-05,-0.00010094526805914938,0.53369140625,-0.0002568566706031561,-1.1686071157455444,-0.000357801909558475,0.227684885263443,3.0663915822515264e-05,-6.996973388595507e-05,0.52783203125,1.3134675100445747e-05,-0.11178809404373169,-5.683509152731858e-05,0.20949161052703857,4.743095632875338e-05,0.0001656985841691494,0.48681640625,-3.969895624322817e-05,-0.094151072204113,0.0001259996060980484,0.2512499988079071,3.432390803936869e-05,-7.81403505243361e-05,0.5263671875,4.606040602084249e-05,-0.5116674304008484,-3.207991539966315e-05,0.2062835991382599,2.320119529031217e-05,4.55304907518439e-05,0.4931640625,-3.1255076464731246e-06,-0.26833927631378174,4.240497946739197e-05,0.14184972643852234,-0.07287807017564774,0.4149746894836426,0.4878527820110321,2.9446351528167725,0.15709075331687927,0.04169062525033951,0.8990912437438965,0.85740065574646,1.408990502357483,0.15709075331687927,0.04169062525033951,0.8990912437438965,0.85740065574646,1.408990502357483,0.11247273534536362,0.012518041767179966,0.9823415279388428,0.9698234796524048,1.2302148342132568,0.11247273534536362,0.012518041767179966,0.9823415279388428,0.9698234796524048,1.2302148342132568,snapshot-mechanisms-v1,3,seeds/cell-011-23683cb9175a/seed-3/snapshots/step-000800.pt,800,800,7097b902cc3f3a43380d0b66433b0a90ecf3915af0cdb913b8b407b76daf38af,scaling-tuned-adamw-10seeds-v1,0.008223757147789001,0.00014261589967645705,910007,0.00017873382603283972,0.000700376636814326,0.0001805690408218652,3.9091271901270375e-05,0.00020292922272346914,4.470348358154297e-08,0.000700376636814326,1.0014164447784424,0.00013814456178806722,0.00016383794718421996,0.000700376636814326,0.0
0.26345008611679077,0.6334512233734131,0.21115043759346008,0.20725861191749573,-0.11338711529970169,0.1592901051044464,-0.3764186501502991,-0.263031542301178,0.19078421592712402,0.0635947436094284,0.2190721333026886,1.5527188777923584,0.5901436805725098,2.663956642150879,1.11123788356781,0.47407981753349304,0.15802660584449768,0.2998112440109253,0.6944512128829956,0.22610892355442047,0.23552066087722778,-0.4589306116104126,0.038650862872600555,0.012883620336651802,0.25083649158477783,4.10896635055542,0.710512638092041,5.305779457092285,1.1968133449554443,0.4140191078186035,0.13800635933876038,0.1423587054014206,1.777859091758728,0.4436221718788147,3.2864601612091064,1.5086009502410889,0.34843721985816956,0.11614574491977692,0.3488696813583374,1.6849026679992676,0.30269309878349304,1.5809581279754639,-0.10394464433193207,0.3629114031791687,0.1209704652428627,0.2878735661506653,1.5165765285491943,0.349215030670166,1.755293846130371,0.2387174665927887,0.40077728033065796,0.133592426776886,0.3188372850418091,0.951978862285614,0.28038543462753296,0.8364971876144409,-0.11548171192407608,512,1.8114796876907349,1.0169594287872314,1.000295877456665,cell-011-23683cb9175a,11,23683cb9175a50bfeef45ce67d993a2f2dc864bf4e98ab58ce673b34c3689a4e,32,0.6978124380111694,16.322416305541992,0.12922672927379608,16.5410213470459,0.23146827518939972,0.15369465587356798,2048,6462c87c5c2aa5cb0dcd6afe9c4a0fab1a45d764f9166f84c6184af6723f1b0e,910008,910000,False,,,,,,,,,False,,,,,,,,,,1.0,0.0004025398811791092,1.0,0.0005320063792169094,0.003,seed-mechanisms-v2,4,0.0,128,4,2,adamw,0.45406344532966614,0.3533969819545746,0.6252803802490234,0.4842193126678467,0.7098010778427124,0.9508601427078247,0.4194236397743225,0.15922850370407104,0.47790777683258057,0.44294092059135437,1.556272029876709,2.021378993988037,0.5297534465789795,1.3198946714401245,1.9048888683319092,0.5221905708312988,0.995461106300354,1.3377692699432373,0.7026934027671814,0.8481810092926025,1.55983304977417,0.5140234231948853,0.7830086946487427,1.0706160068511963,0.21315926313400269,6.399572885129601e-05,5.659488670062274e-05,0.5107421875,-5.4124961025081575e-05,-0.17703455686569214,2.4699220375623554e-06,0.25564080476760864,5.9213407439528964e-06,8.072282071225345e-05,0.5302734375,1.3112323358654976e-05,-1.5313081741333008,9.383514407090843e-05,0.24957901239395142,1.941429218277335e-05,7.683841977268457e-05,0.529296875,-4.679216363001615e-05,-0.46407586336135864,3.0046256142668426e-05,0.23803502321243286,4.033003733638907e-06,-3.6928788176737726e-05,0.50048828125,0.00020077393855899572,-1.658633828163147,0.000163845150382258,0.21014070510864258,8.696156874066219e-05,-0.00015033737872727215,0.5224609375,-1.6918689652811736e-05,-0.2571284770965576,-0.00016725604655221105,0.16368317604064941,0.0001127818031818606,0.0003786127781495452,0.50537109375,0.00010475928138475865,-0.038088828325271606,0.00048337201587855816,0.21222466230392456,6.998221215326339e-05,-0.00010933359590126202,0.5263671875,-1.5771340258652344e-05,-0.08994904160499573,-0.00012510496890172362,0.24050164222717285,7.907555118435994e-05,2.4225155357271433e-05,0.50244140625,-5.6651268096175045e-05,-0.22253026068210602,-3.242614911869168e-05,0.1344085931777954,0.026351096108555794,0.4669809639453888,0.44062986969947815,2.8743441104888916,0.1624469757080078,0.08178357779979706,0.8893318772315979,0.8075483441352844,1.4214905500411987,0.1624469757080078,0.08178357779979706,0.8893318772315979,0.8075483441352844,1.4214905500411987,0.11673741042613983,0.014621092937886715,0.9878249168395996,0.9732038974761963,1.2380094528198242,0.11673741042613983,0.014621092937886715,0.9878249168395996,0.9732038974761963,1.2380094528198242,snapshot-mechanisms-v1,4,seeds/cell-011-23683cb9175a/seed-4/snapshots/step-000800.pt,800,800,7097b902cc3f3a43380d0b66433b0a90ecf3915af0cdb913b8b407b76daf38af,scaling-tuned-adamw-10seeds-v1,0.00717979995533824,0.00013796499115414917,910009,0.0001736851263558492,0.0007993720937520266,0.00018030559294857085,7.52854612073861e-05,0.00032912357710301876,2.9802322387695312e-08,0.0007993720937520266,1.0000730752944946,0.00011625788465607911,0.0002538380795158446,0.0007993721519596875,0.0
0.22236819565296173,0.016286738216876984,0.005428913049399853,0.12194786965847015,4.361486434936523,0.8617653846740723,7.771319389343262,3.40983247756958,0.3430957794189453,0.11436524987220764,0.4785268306732178,1.864978313446045,0.1783774197101593,0.028720730915665627,-1.8362576961517334,0.2701180577278137,0.09003935754299164,0.36124831438064575,1.5673763751983643,0.3686336278915405,1.5890151262283325,0.021638743579387665,0.49721580743789673,0.16573861241340637,0.12875062227249146,-0.331676185131073,0.3740335702896118,0.8008597493171692,1.1325358152389526,0.3483075499534607,0.11610252410173416,0.37289395928382874,2.9043684005737305,0.2787984609603882,2.569741725921631,-0.3346266746520996,0.48380047082901,0.16126681864261627,0.19306206703186035,0.12542641162872314,0.32313746213912964,0.8262509107589722,0.700824499130249,0.30593764781951904,0.10197921097278595,0.46434250473976135,1.7012437582015991,0.2297198474407196,0.9795770645141602,-0.7216667532920837,0.6282367706298828,0.20941226184368134,0.24295039474964142,-1.2073878049850464,0.12881284952163696,-1.6931065320968628,-0.4857187271118164,512,1.6523622274398804,0.9886186718940735,0.9987363815307617,cell-011-23683cb9175a,11,23683cb9175a50bfeef45ce67d993a2f2dc864bf4e98ab58ce673b34c3689a4e,32,0.7092313766479492,14.928316116333008,0.11759421974420547,15.0520601272583,0.2445041835308075,0.15369465587356798,2048,6462c87c5c2aa5cb0dcd6afe9c4a0fab1a45d764f9166f84c6184af6723f1b0e,910010,910000,False,,,,,,,,,False,,,,,,,,,,0.9990234375,0.004305245354771614,0.998046875,0.007247404661029577,0.003,seed-mechanisms-v2,4,0.0,128,4,2,adamw,0.488073468208313,1.5126309394836426,2.1391282081604004,0.4351031184196472,0.20618388056755066,0.5162327289581299,0.46388429403305054,0.8405230641365051,1.0393896102905273,0.39670953154563904,0.20395109057426453,0.4728277921676636,0.5726048946380615,1.5595145225524902,2.5201916694641113,0.4901208281517029,0.4225776791572571,0.7171608209609985,0.5412550568580627,1.0970709323883057,1.5601004362106323,0.49819475412368774,0.7744815349578857,1.0388014316558838,0.21733616292476654,4.910572897642851e-05,-0.00022147537674754858,0.548828125,0.003317250870168209,-2.1588246822357178,0.0030957760754972696,0.28049221634864807,0.00017461288371123374,0.0002341424988117069,0.56201171875,0.00014290743274614215,-0.9571962356567383,0.00037704987335018814,0.2725161910057068,0.00011737507884390652,6.511258834507316e-05,0.54296875,0.0004292899975553155,-0.7621338367462158,0.0004944023676216602,0.24401691555976868,4.646411252906546e-05,-1.1205549526493996e-05,0.52197265625,5.18325250595808e-05,-0.261167049407959,4.062698280904442e-05,0.29208263754844666,0.00028980339993722737,-0.00027231365675106645,0.54931640625,0.0002033887431025505,-0.424096941947937,-6.892488454468548e-05,0.22720904648303986,9.07691428437829e-05,-6.859855784568936e-05,0.55078125,-1.521536432846915e-05,0.005030032247304916,-8.381390944123268e-05,0.21229025721549988,0.00020473430049605668,0.00029733096016570926,0.474609375,-0.00017780424968805164,-0.2698267996311188,0.0001195267541334033,0.23836086690425873,4.1830156987998635e-05,0.00014098896645009518,0.5078125,-2.4962855604826473e-05,-0.4981811046600342,0.00011602610175032169,0.17918026447296143,-0.0534428134560585,0.4096316695213318,0.4630744457244873,2.9782791137695312,0.3841969966888428,0.3467733860015869,0.893465518951416,0.5466922521591187,1.473799705505371,0.3841969966888428,0.3467733860015869,0.893465518951416,0.5466922521591187,1.473799705505371,0.3006551265716553,0.24584859609603882,0.961158275604248,0.7153096795082092,1.2921576499938965,0.3006551265716553,0.24584859609603882,0.961158275604248,0.7153096795082092,1.2921576499938965,snapshot-mechanisms-v1,5,seeds/cell-011-23683cb9175a/seed-5/snapshots/step-000800.pt,800,800,7097b902cc3f3a43380d0b66433b0a90ecf3915af0cdb913b8b407b76daf38af,scaling-tuned-adamw-10seeds-v1,0.012814583256840706,0.0027693198062479496,910011,0.0013590238522738218,0.004563404247164726,0.000826740637421608,0.00010976540215779096,0.0009629621054045856,1.1920928955078125e-07,0.004563404247164726,0.9983500242233276,0.0014146778266876936,0.000853196601383388,0.004563404247164726,0.0
0.3461238741874695,0.560807466506958,0.18693582713603973,0.20369330048561096,-0.014790537767112255,0.23549923300743103,0.16526496410369873,0.18005549907684326,0.06674322485923767,0.022247742861509323,0.1239088848233223,2.3321452140808105,0.809347927570343,4.741700172424316,2.409554958343506,0.19776690006256104,0.06592230498790741,0.140546977519989,1.0291569232940674,0.66168612241745,2.8403162956237793,1.811159372329712,0.1708211898803711,0.05694039911031723,0.23407980799674988,1.512561559677124,0.5950990319252014,2.886436939239502,1.373875379562378,0.4562532305717468,0.15208441019058228,0.2778207063674927,0.6311532855033875,0.2659260928630829,0.5963459014892578,-0.03480733558535576,0.33649924397468567,0.11216641962528229,0.38661038875579834,1.5572298765182495,0.276890367269516,1.2726279497146606,-0.28460195660591125,0.36225804686546326,0.12075267732143402,0.20835745334625244,3.164584159851074,0.4293844997882843,3.946634292602539,0.7820501327514648,0.38841935992240906,0.12947311997413635,0.26989999413490295,1.404691219329834,0.341680645942688,1.654194712638855,0.24950353801250458,512,1.9180700778961182,1.038970947265625,0.9995312690734863,cell-011-23683cb9175a,11,23683cb9175a50bfeef45ce67d993a2f2dc864bf4e98ab58ce673b34c3689a4e,32,0.7076253294944763,17.574281692504883,0.13876666128635406,17.76213264465332,0.2219841629266739,0.15369465587356798,2048,6462c87c5c2aa5cb0dcd6afe9c4a0fab1a45d764f9166f84c6184af6723f1b0e,910012,910000,False,,,,,,,,,False,,,,,,,,,,1.0,0.0005516522214747965,0.9990234375,0.003946720622479916,0.003,seed-mechanisms-v2,4,0.0,128,4,2,adamw,0.4512079060077667,0.2528325319290161,0.5620681047439575,0.5305620431900024,1.1279010772705078,1.5723721981048584,0.5241986513137817,1.3546264171600342,1.9500725269317627,0.4392480254173279,1.233086109161377,1.447420597076416,0.49047648906707764,-0.19086739420890808,0.39189422130584717,0.5160653591156006,0.5091498494148254,0.8303408026695251,0.6523573398590088,1.7978081703186035,3.5799176692962646,0.5886023044586182,0.57193523645401,1.0132801532745361,0.2049754410982132,6.081429819460027e-05,0.00027005551964975893,0.49951171875,-8.818230708129704e-05,-0.2819374203681946,0.00018187315436080098,0.24714836478233337,3.416865183680784e-06,-1.3346940249903128e-05,0.51513671875,-0.00018701567023526877,-1.5278031826019287,-0.00020036264322698116,0.2948230504989624,0.00011816729966085404,0.0003266847343184054,0.5595703125,-0.00022779343998990953,-0.5299620628356934,9.889133798424155e-05,0.2487015724182129,6.721514364471659e-05,-0.00027317609055899084,0.4921875,0.0006014950922690332,-0.8431180119514465,0.00032831908902153373,0.16278888285160065,2.9395989258773625e-05,2.788217898341827e-06,0.384765625,9.090639650821686e-05,-0.7562035322189331,9.369458712171763e-05,0.16951468586921692,4.680286656366661e-05,0.00010509851563256234,0.47900390625,-0.0001066979457391426,-0.11295325309038162,-1.5993864508345723e-06,0.2638140916824341,8.014745253603905e-05,-3.1001283787190914e-05,0.5771484375,0.0007944178069010377,0.012177163735032082,0.0007634165231138468,0.19264928996562958,5.602414967142977e-05,-0.00015583395725116134,0.50048828125,1.9935978343710303e-06,-0.13947753608226776,-0.00015384037396870553,0.12275045365095139,0.0015960936434566975,0.5047337412834167,0.5031376481056213,2.964595079421997,0.1325044333934784,0.06192339211702347,0.9357870817184448,0.8738637566566467,1.3421908617019653,0.1325044333934784,0.06192339211702347,0.9357870817184448,0.8738637566566467,1.3421908617019653,0.09780112653970718,0.00032713916152715683,0.9891114234924316,0.9887843132019043,1.20074462890625,0.09780112653970718,0.00032713916152715683,0.9891114234924316,0.9887843132019043,1.20074462890625,snapshot-mechanisms-v1,6,seeds/cell-011-23683cb9175a/seed-6/snapshots/step-000800.pt,800,800,7097b902cc3f3a43380d0b66433b0a90ecf3915af0cdb913b8b407b76daf38af,scaling-tuned-adamw-10seeds-v1,0.009756514802575111,0.0027787068393081427,910013,0.00019722568686120212,0.0008929725736379623,0.000220922491280362,9.293274342780933e-05,0.0003491300158202648,2.9802322387695312e-08,0.0008929725736379623,0.9996799230575562,0.00012569440877996385,0.0002561972651164979,0.0008929725736379623,0.0
0.28424182534217834,0.15506932139396667,0.05168977752327919,0.15893134474754333,1.3351603746414185,0.68599933385849,3.1549179553985596,1.8197575807571411,0.042891427874565125,0.014297143556177616,0.1561795473098755,3.4210457801818848,0.800929069519043,5.4692840576171875,2.0482382774353027,0.4079781770706177,0.13599273562431335,0.4562332034111023,1.2622469663619995,0.13578858971595764,0.00702989287674427,-1.2552170753479004,0.5670729875564575,0.18902432918548584,0.14186254143714905,-0.49424561858177185,0.2910645008087158,0.3277078866958618,0.821953535079956,0.3577690124511719,0.11925634741783142,0.28862816095352173,1.4337794780731201,0.353602796792984,1.7899507284164429,0.356171190738678,0.28672635555267334,0.09557545930147171,0.44428151845932007,2.109684467315674,0.2689920961856842,1.6980977058410645,-0.41158679127693176,0.4510815739631653,0.15036052465438843,0.26957330107688904,0.6072277426719666,0.2793450951576233,0.6501023769378662,0.04287462681531906,0.31735172867774963,0.10578390955924988,0.362454891204834,2.9555211067199707,0.3201933801174164,3.333423376083374,0.3779020607471466,512,1.7988147735595703,0.9934667944908142,0.9989333152770996,cell-011-23683cb9175a,11,23683cb9175a50bfeef45ce67d993a2f2dc864bf4e98ab58ce673b34c3689a4e,32,0.7423067092895508,14.984973907470703,0.11853507161140442,15.172489166259766,0.24336157739162445,0.15369465587356798,2048,6462c87c5c2aa5cb0dcd6afe9c4a0fab1a45d764f9166f84c6184af6723f1b0e,910014,910000,False,,,,,,,,,False,,,,,,,,,,1.0,0.0003605476231314242,1.0,0.00034154157037846744,0.003,seed-mechanisms-v2,4,0.0,128,4,2,adamw,0.5484556555747986,0.9279848337173462,1.3365120887756348,0.47636672854423523,1.2265877723693848,1.562217354774475,0.40605562925338745,0.4164925217628479,0.5926865339279175,0.37001562118530273,0.14685136079788208,0.413207471370697,0.5385347604751587,0.9289649128913879,1.289069414138794,0.633780837059021,0.44549107551574707,0.950194239616394,0.40843403339385986,0.067379429936409,0.4225507378578186,0.7754210829734802,1.5364065170288086,3.2132840156555176,0.29026442766189575,8.288221579277888e-06,-4.7512861783616245e-05,0.5537109375,-3.0378636438399553e-05,-0.8433102965354919,-7.789148367010057e-05,0.2346283346414566,1.611154061720299e-06,7.19029048923403e-06,0.55078125,0.0001293100358452648,-2.1781420707702637,0.00013650032633449882,0.2296331375837326,1.0601185749692377e-05,-1.3664845027960837e-05,0.50390625,1.182182677439414e-05,-0.377796471118927,-1.8430328054819256e-06,0.24442310631275177,2.7402940759202465e-05,0.0002174622204620391,0.5283203125,-7.104459655238315e-05,-0.1291012167930603,0.00014641761663369834,0.22594702243804932,3.47761670127511e-05,2.0274856069590896e-05,0.509765625,-4.997130236006342e-05,-0.23833565413951874,-2.9696446290472522e-05,0.21474982798099518,5.428097938420251e-05,-6.0467340517789125e-05,0.51611328125,-3.255860792705789e-05,-0.23116646707057953,-9.302596299676225e-05,0.19726550579071045,4.578962762025185e-05,-5.043060809839517e-06,0.44970703125,-1.9348717614775524e-05,-0.5305095911026001,-2.439179297653027e-05,0.2163606882095337,6.776292866561562e-05,0.00018605488003231585,0.53076171875,4.711354267783463e-05,-0.33032721281051636,0.0002331684372620657,0.11668794602155685,-0.12343841791152954,0.33038878440856934,0.4538272023200989,2.937039852142334,0.22957319021224976,0.15197628736495972,0.9029253721237183,0.7509490251541138,1.455883264541626,0.22957319021224976,0.15197628736495972,0.9029253721237183,0.7509490251541138,1.455883264541626,0.1372697353363037,0.042998384684324265,0.9882410764694214,0.9452426433563232,1.2125494480133057,0.1372697353363037,0.042998384684324265,0.9882410764694214,0.9452426433563232,1.2125494480133057,snapshot-mechanisms-v1,7,seeds/cell-011-23683cb9175a/seed-7/snapshots/step-000800.pt,800,800,7097b902cc3f3a43380d0b66433b0a90ecf3915af0cdb913b8b407b76daf38af,scaling-tuned-adamw-10seeds-v1,0.007898427546024323,0.00012064447219017893,910015,0.0002462238189764321,0.0008403538959100842,0.00018343035480938852,4.7751833335496485e-05,0.0002551851503085345,3.725290298461914e-08,0.0008403538959100842,0.9986311793327332,0.0001555146009195596,0.0002074333024211228,0.0008403538959100842,0.0
0.23915426433086395,0.11131313443183899,0.03710437938570976,0.8468742370605469,3.531644821166992,0.04181262105703354,0.10369260609149933,-3.427952289581299,0.029138978570699692,0.00971299223601818,0.9584289789199829,5.217564582824707,0.012432048097252846,0.23872262239456177,-4.978841781616211,0.009617947041988373,0.0032059825025498867,0.9893877506256104,8.48244857788086,0.0009943516924977303,-0.6323213577270508,-9.114770889282227,0.0035968911834061146,0.0011989637278020382,0.9952643513679504,8.204854965209961,0.0011387255508452654,-0.7116744518280029,-8.916528701782227,0.013459982350468636,0.004486661404371262,0.04930736869573593,4.9510297775268555,0.9372326731681824,8.669292449951172,3.718262195587158,0.1856432855129242,0.06188110262155533,0.43460431694984436,2.257927179336548,0.37975236773490906,2.122100353240967,-0.13582688570022583,0.22978848218917847,0.07659616321325302,0.39713263511657715,1.9610421657562256,0.373078852891922,1.920173168182373,-0.04086914658546448,0.13817575573921204,0.04605858772993088,0.4547869861125946,2.75458025932312,0.40703725814819336,2.6183314323425293,-0.13624870777130127,512,1.3723829984664917,0.981185793876648,0.9994432926177979,cell-011-23683cb9175a,11,23683cb9175a50bfeef45ce67d993a2f2dc864bf4e98ab58ce673b34c3689a4e,32,0.7256996631622314,18.295249938964844,0.14482328295707703,18.53738021850586,0.21770648658275604,0.15369465587356798,2048,6462c87c5c2aa5cb0dcd6afe9c4a0fab1a45d764f9166f84c6184af6723f1b0e,910016,910000,False,,,,,,,,,False,,,,,,,,,,1.0,0.0001602390402695164,1.0,0.00015041735605336726,0.003,seed-mechanisms-v2,4,0.0,128,4,2,adamw,0.32843661308288574,-0.1144951730966568,0.2813597321510315,0.5188647508621216,-0.1261451244354248,0.44518202543258667,0.4642906188964844,-0.1935264617204666,0.37065616250038147,0.7927811145782471,-0.1307288110256195,0.6739462614059448,0.5837780833244324,2.3290090560913086,5.596525192260742,0.4329082667827606,0.6816062927246094,0.8358123302459717,0.42124783992767334,0.8064035177230835,0.9221506714820862,0.4787448048591614,0.4446216821670532,0.7247003316879272,0.2714823782444,4.926125711790519e-06,7.04605772625655e-05,0.55126953125,-7.577281212434173e-05,-0.9829543232917786,-5.312242137733847e-06,0.23859459161758423,3.43671331393125e-07,2.2970434656599537e-05,0.50830078125,-6.347672751871869e-06,-0.41536930203437805,1.662276372371707e-05,0.27788668870925903,5.920829835304176e-07,-5.716065970773343e-06,0.55224609375,3.87275758839678e-06,-0.6188881397247314,-1.843303834903054e-06,0.24552077054977417,1.0081711110387914e-07,5.593816240434535e-06,0.4990234375,1.7951282643480226e-05,-0.5778306722640991,2.3545097064925358e-05,0.19902309775352478,1.7598471458768472e-05,-1.5234014426823705e-05,0.544921875,0.00016191067697945982,-1.6768474578857422,0.00014667666982859373,0.2907531261444092,1.4038080735190306e-05,2.8492613637354225e-06,0.5703125,2.1024181478423998e-05,-0.14655816555023193,2.387345375609584e-05,0.28037524223327637,1.3899762052460574e-05,-8.452239853795618e-05,0.5498046875,2.4169676180463284e-06,-0.2715437710285187,-8.210541273001581e-05,0.30140405893325806,1.4180373909766786e-05,-5.6064331147354096e-05,0.5732421875,-3.979807661380619e-05,-0.24924492835998535,-9.586242958903313e-05,0.11135575920343399,-0.09243635833263397,0.19157736003398895,0.2840137183666229,3.1803641319274902,0.1038682609796524,-0.03722604364156723,0.6024911403656006,0.6397172212600708,2.6150927543640137,0.1038682609796524,-0.03722604364156723,0.6024911403656006,0.6397172212600708,2.6150927543640137,0.11306947469711304,0.009566961787641048,0.9578216075897217,0.9482547044754028,1.2793772220611572,0.11306947469711304,0.009566961787641048,0.9578216075897217,0.9482547044754028,1.2793772220611572,snapshot-mechanisms-v1,8,seeds/cell-011-23683cb9175a/seed-8/snapshots/step-000800.pt,800,800,7097b902cc3f3a43380d0b66433b0a90ecf3915af0cdb913b8b407b76daf38af,scaling-tuned-adamw-10seeds-v1,0.005649687722325325,0.000104758124507498,910017,6.204816600074992e-05,0.00020231080998200923,4.854959843214601e-05,9.133824278251268e-06,4.6643861423945054e-05,2.9802322387695312e-08,0.00020231082453392446,0.9994521141052246,4.506919140112586e-05,3.751003896468319e-05,0.00020231082453392446,0.0
0.30304011702537537,0.3023826479911804,0.100794218480587,0.25106942653656006,1.121082067489624,0.4465479254722595,1.7408417463302612,0.6197596788406372,0.5312148928642273,0.17707163095474243,0.16314885020256042,-0.15117870271205902,0.3056362569332123,0.4587028920650482,0.609881579875946,0.029496993869543076,0.009832331910729408,0.21587948501110077,4.368171215057373,0.754623532295227,5.868333339691162,1.500162124633789,0.3112356662750244,0.1037452220916748,0.3022633194923401,1.286358118057251,0.3865010142326355,1.50484299659729,0.21848474442958832,0.36138641834259033,0.12046214938163757,0.23139825463294983,1.8276419639587402,0.40721529722213745,2.548276424407959,0.7206344604492188,0.46742960810661316,0.15580987930297852,0.1133536696434021,0.4712880253791809,0.41921672224998474,2.0127828121185303,1.5414948463439941,0.3752724528312683,0.1250908225774765,0.4074192941188812,1.2251533269882202,0.21730822324752808,0.6093501448631287,-0.6158032417297363,0.40684300661087036,0.1356143355369568,0.17746463418006897,0.9792314767837524,0.41569238901138306,2.4815893173217773,1.5023577213287354,512,1.683422327041626,1.0012996196746826,0.9979112148284912,cell-011-23683cb9175a,11,23683cb9175a50bfeef45ce67d993a2f2dc864bf4e98ab58ce673b34c3689a4e,32,0.7512086033821106,14.778364181518555,0.11720038950443268,15.001649856567383,0.24566897749900818,0.15369465587356798,2048,6462c87c5c2aa5cb0dcd6afe9c4a0fab1a45d764f9166f84c6184af6723f1b0e,910018,910000,False,,,,,,,,,False,,,,,,,,,,1.0,0.0005111103528179228,1.0,0.0006577944150194526,0.003,seed-mechanisms-v2,4,0.0,128,4,2,adamw,0.4279000163078308,0.8238360285758972,0.9368832111358643,0.4040980041027069,0.37380892038345337,0.5662630200386047,0.48717981576919556,1.4428092241287231,1.9886709451675415,0.44414082169532776,0.47486889362335205,0.6911914348602295,0.6286646127700806,1.4903123378753662,2.639644145965576,0.5335581302642822,1.0432233810424805,1.4517667293548584,0.43062034249305725,0.12802951037883759,0.4712488055229187,0.5006650686264038,1.2058863639831543,1.5848984718322754,0.25441429018974304,3.5504799598129466e-05,7.253501826198772e-05,0.521484375,-0.00044382581836543977,-0.8493890166282654,-0.00037129083648324013,0.22998347878456116,1.3105673133395612e-05,5.17878434038721e-05,0.50048828125,1.1095631634816527e-05,-0.5385682582855225,6.288346776273102e-05,0.2010057270526886,2.343275355087826e-06,2.138942181773018e-05,0.5029296875,-0.0005973051302134991,-2.3744945526123047,-0.0005759156192652881,0.26108700037002563,4.2031577322632074e-05,-2.3913256882224232e-05,0.53125,0.00013593969924841076,-0.6300288438796997,0.00011202643509022892,0.2807733118534088,3.5764474887400866e-05,9.386640158481896e-05,0.572265625,-0.0002003679401241243,-0.13429664075374603,-0.00010650156764313579,0.263441264629364,2.9357956009334885e-05,-3.436667611822486e-06,0.5869140625,5.870526729268022e-05,-0.07646317780017853,5.5268610594794154e-05,0.20373797416687012,0.00013119929644744843,-0.00023966522712726146,0.451171875,-0.0001711973745841533,-0.3776856064796448,-0.00041086261626333,0.2182871699333191,1.9123264792142436e-05,2.3932476324262097e-05,0.49169921875,-5.2711242460645735e-05,-0.5818976163864136,-2.8778758860426024e-05,0.1424037218093872,0.05182565003633499,0.4912998080253601,0.4394741654396057,2.9187426567077637,0.13382810354232788,0.08437368273735046,0.8677778244018555,0.7834041118621826,1.4409375190734863,0.13382810354232788,0.08437368273735046,0.8677778244018555,0.7834041118621826,1.4409375190734863,0.10721579194068909,0.017168346792459488,0.9864588975906372,0.9692906141281128,1.2123527526855469,0.10721579194068909,0.017168346792459488,0.9864588975906372,0.9692906141281128,1.2123527526855469,snapshot-mechanisms-v1,9,seeds/cell-011-23683cb9175a/seed-9/snapshots/step-000800.pt,800,800,7097b902cc3f3a43380d0b66433b0a90ecf3915af0cdb913b8b407b76daf38af,scaling-tuned-adamw-10seeds-v1,0.008336679078638554,0.0002473488275427371,910019,0.00021955894771963358,0.0008005273411981761,0.00017760337505023926,4.430016633705236e-05,0.00022517549223266542,2.9802322387695312e-08,0.0008005273411981761,0.9976097345352173,0.00017818952619563788,0.00018087531498167664,0.0008005273411981761,0.0
0.48116084933280945,0.07695053517818451,0.025650180876255035,0.14773206412792206,1.769086480140686,0.775317370891571,3.753037691116333,1.9839510917663574,,,,,,,,,,,,,,,,,,,,,,0.3767562210559845,0.1255854070186615,0.2850039005279541,1.9674415588378906,0.3382398784160614,2.281078338623047,0.3136367201805115,,,,,,,,,,,,,,,,,,,,,,512,1.8028767108917236,0.9718867540359497,1.0003130435943604,cell-012-5abf40069665,12,5abf400696651773a7522dd3c834b25dd96e9466fbd7ee486eafb17b1b873243,32,0.5846558809280396,12.914087295532227,0.409700870513916,13.110427856445312,0.21629713475704193,0.0,2048,6462c87c5c2aa5cb0dcd6afe9c4a0fab1a45d764f9166f84c6184af6723f1b0e,910000,910000,True,1.0132511306437664e-05,4.232047649566084e-05,0.46208441257476807,0.71875,1.2174377843621187e-05,0.00020250448142178357,1.0221427146461792e-05,0.00024482497246935964,True,1.817496377043426e-05,-0.00011494873615447432,0.4668281078338623,0.73779296875,3.8735801354050636e-05,0.00029365174123086035,1.8055290638585575e-05,0.00017870301962830126,64,1.0,5.071304622106254e-05,1.0,5.445502756629139e-05,0.003,seed-mechanisms-v2,4,0.0,32,1,2,adamw,0.8961776494979858,0.990683913230896,2.375180244445801,,,,,,,,,,0.9286040663719177,0.21205487847328186,1.1294236183166504,,,,,,,,,,0.2729075849056244,2.4820162707328564e-06,3.010103500855621e-05,0.537109375,0.0002007111324928701,-0.9299652576446533,0.00023081217659637332,,,,,,,,,,,,,,,,,,,,,,0.20421984791755676,9.345467333332635e-06,-7.979811925906688e-05,0.55615234375,4.1522973333485425e-05,-0.2066507786512375,-3.8275145925581455e-05,,,,,,,,,,,,,,,,,,,,,,0.09388180822134018,-0.0844108909368515,0.34787631034851074,0.43228721618652344,2.9265074729919434,0.16449405252933502,0.07601497322320938,0.9300240874290466,0.8540091514587402,1.5618385076522827,0.3044852614402771,0.2526906728744507,0.9675489664077759,0.7148582935333252,1.3453667163848877,0.31200334429740906,0.26101404428482056,0.9794564843177795,0.718442440032959,1.2870242595672607,0.3688124120235443,0.3243255913257599,0.9875447750091553,0.663219153881073,1.2414379119873047,snapshot-mechanisms-v1,0,seeds/cell-012-5abf40069665/seed-0/snapshots/step-000800.pt,800,800,7097b902cc3f3a43380d0b66433b0a90ecf3915af0cdb913b8b407b76daf38af,scaling-tuned-adamw-10seeds-v1,0.0026508322916924953,1.76169014594052e-05,910001,1.6415071513620205e-05,5.112558574182913e-05,8.477701157971751e-06,8.816454055704526e-07,1.3795643099001609e-05,1.8044374883174896e-09,5.1125589379807934e-05,1.0001320838928223,1.2437172699719667e-05,1.2913998943986371e-05,5.112558574182913e-05,0.0
0.4856281578540802,0.08993836492300034,0.029979456216096878,0.11592166870832443,1.3882646560668945,0.7941399812698364,3.572056770324707,2.1837921142578125,,,,,,,,,,,,,,,,,,,,,,0.38348883390426636,0.12782961130142212,0.28158581256866455,1.8079516887664795,0.3349253535270691,1.969796895980835,0.16184526681900024,,,,,,,,,,,,,,,,,,,,,,512,1.726736068725586,0.9599515199661255,1.002563238143921,cell-012-5abf40069665,12,5abf400696651773a7522dd3c834b25dd96e9466fbd7ee486eafb17b1b873243,32,0.6400845646858215,13.113179206848145,0.41881871223449707,13.402198791503906,0.21171998977661133,0.0,2048,6462c87c5c2aa5cb0dcd6afe9c4a0fab1a45d764f9166f84c6184af6723f1b0e,910002,910000,True,5.504852015292272e-05,0.00039185822242870927,0.479950875043869,0.76416015625,6.236069748410955e-05,-0.00035772586124949157,1.85543394763954e-05,3.4132299333577976e-05,True,0.00013542707893066108,0.0002021093969233334,0.653795599937439,0.87158203125,0.00020376505563035607,-6.173849396873266e-05,3.121843110420741e-05,0.00014037088840268552,64,1.0,0.00010085877147503197,1.0,0.00010219989053439349,0.003,seed-mechanisms-v2,4,0.0,32,1,2,adamw,0.9837388396263123,1.1176609992980957,2.939279079437256,,,,,,,,,,1.1131770610809326,0.3416001796722412,1.540590763092041,,,,,,,,,,0.2650514841079712,6.576053237949964e-06,7.795510464347899e-05,0.51806640625,-0.0003454076068010181,-0.9495809078216553,-0.00026745250215753913,,,,,,,,,,,,,,,,,,,,,,0.19594794511795044,1.611656443856191e-05,-9.258172212867066e-05,0.53271484375,-1.871196764113847e-05,-0.0011413320899009705,-0.00011129370250273496,,,,,,,,,,,,,,,,,,,,,,0.1698187291622162,-0.1080075204372406,0.29489314556121826,0.4029006361961365,3.055389404296875,0.24200384318828583,0.15199558436870575,0.928364634513855,0.7763690948486328,1.479552984237671,0.27329760789871216,0.19643312692642212,0.9633893370628357,0.7669562101364136,1.3089282512664795,0.27241623401641846,0.19574563205242157,0.9731857776641846,0.777440071105957,1.254183292388916,0.30236995220184326,0.22953703999519348,0.9774042367935181,0.747867226600647,1.2357008457183838,snapshot-mechanisms-v1,1,seeds/cell-012-5abf40069665/seed-1/snapshots/step-000800.pt,800,800,7097b902cc3f3a43380d0b66433b0a90ecf3915af0cdb913b8b407b76daf38af,scaling-tuned-adamw-10seeds-v1,0.0035219271667301655,2.7548450816539116e-05,910003,3.049843871849589e-05,9.96742892311886e-05,2.008979208767414e-05,1.9412873371038586e-06,2.172885069740005e-05,4.132743924856186e-09,9.967428195523098e-05,1.0025490522384644,2.735720408963971e-05,1.978756336029619e-05,9.96742892311886e-05,0.0
0.41585344076156616,0.0940355509519577,0.0313451886177063,0.20564407110214233,2.0665206909179688,0.7003203630447388,3.3964340686798096,1.3299134969711304,,,,,,,,,,,,,,,,,,,,,,0.3429049849510193,0.1143016666173935,0.38006162643432617,1.5925766229629517,0.27703338861465454,1.2743767499923706,-0.31819987297058105,,,,,,,,,,,,,,,,,,,,,,512,1.7968285083770752,1.0113866329193115,0.9990322589874268,cell-012-5abf40069665,12,5abf400696651773a7522dd3c834b25dd96e9466fbd7ee486eafb17b1b873243,32,0.680193305015564,11.7788724899292,0.3765508830547333,12.049628257751465,0.23029710352420807,0.0,2048,6462c87c5c2aa5cb0dcd6afe9c4a0fab1a45d764f9166f84c6184af6723f1b0e,910004,910000,True,5.32486847077962e-05,-9.715081250760704e-05,0.534217119216919,0.79345703125,6.671864684903994e-05,5.499867256730795e-05,1.8730725059867837e-05,-4.215209628455341e-05,True,3.0387631341000088e-05,-9.06634668353945e-05,0.5133659839630127,0.80908203125,7.369223749265075e-05,5.182504537515342e-06,3.0739007343072444e-05,-8.548097684979439e-05,64,1.0,7.702528091613203e-05,1.0,7.53765634726733e-05,0.003,seed-mechanisms-v2,4,0.0,32,1,2,adamw,0.8546735048294067,1.2108536958694458,2.8262057304382324,,,,,,,,,,0.9964504837989807,0.34047067165374756,1.376493215560913,,,,,,,,,,0.2622166872024536,4.010660632047802e-06,-1.84790842467919e-05,0.51806640625,-0.00018530857050791383,-1.0808393955230713,-0.0002037876402027905,,,,,,,,,,,,,,,,,,,,,,0.20748618245124817,3.5311011743033305e-05,0.00011181294394191355,0.54931640625,-0.00021856266539543867,0.01202855072915554,-0.00010674973600544035,,,,,,,,,,,,,,,,,,,,,,0.15005560219287872,0.03394213318824768,0.44252994656562805,0.40858781337738037,2.8347115516662598,0.23610055446624756,0.14401108026504517,0.9290453195571899,0.7850342392921448,1.4845223426818848,0.3068748414516449,0.22594097256660461,0.9669463634490967,0.7410054206848145,1.3105438947677612,0.2953624129295349,0.21023032069206238,0.9725453853607178,0.762315034866333,1.2793731689453125,0.3300859332084656,0.25157541036605835,0.9804389476776123,0.728863537311554,1.2445611953735352,snapshot-mechanisms-v1,2,seeds/cell-012-5abf40069665/seed-2/snapshots/step-000800.pt,800,800,7097b902cc3f3a43380d0b66433b0a90ecf3915af0cdb913b8b407b76daf38af,scaling-tuned-adamw-10seeds-v1,0.0036161926109343767,2.798752029775642e-05,910005,2.254207356600091e-05,7.35879220883362e-05,1.1467303920653649e-05,1.2789353149855742e-06,2.0522937120404094e-05,2.1100277081131935e-09,7.358792936429381e-05,0.9989559054374695,1.905562385218218e-05,1.9244002032792196e-05,7.358793664025143e-05,0.0
0.47236087918281555,0.061567939817905426,0.020522650331258774,0.22040782868862152,2.7461657524108887,0.7180242538452148,4.022717475891113,1.2765517234802246,,,,,,,,,,,,,,,,,,,,,,0.33805590867996216,0.11268530786037445,0.30203860998153687,2.146416425704956,0.3599054515361786,2.32832670211792,0.18191048502922058,,,,,,,,,,,,,,,,,,,,,,512,1.6773165464401245,0.979317843914032,0.9989692568778992,cell-012-5abf40069665,12,5abf400696651773a7522dd3c834b25dd96e9466fbd7ee486eafb17b1b873243,32,0.5628056526184082,12.214092254638672,0.38861697912216187,12.43574333190918,0.22797292470932007,0.0,2048,6462c87c5c2aa5cb0dcd6afe9c4a0fab1a45d764f9166f84c6184af6723f1b0e,910006,910000,True,8.56665792525746e-06,-4.651100425689947e-06,0.396575391292572,0.646484375,1.3938972188043408e-05,3.142598507110961e-05,1.4624624782300089e-05,2.677489464986138e-05,True,0.0001016010792227462,-0.0002536444226279855,0.6259750723838806,0.8583984375,0.000145930505823344,0.00030605829670093954,2.6092486223205924e-05,5.2413841331144795e-05,64,1.0,8.134222298394889e-05,1.0,8.496902592014521e-05,0.003,seed-mechanisms-v2,4,0.0,32,1,2,adamw,0.9464803338050842,1.120786428451538,2.858466148376465,,,,,,,,,,0.9809360504150391,0.5022246837615967,1.604844570159912,,,,,,,,,,0.27647966146469116,2.750628937064903e-06,1.2249256542418152e-06,0.5634765625,3.490862945909612e-05,-1.3520498275756836,3.613355147535913e-05,,,,,,,,,,,,,,,,,,,,,,0.1829853057861328,1.2997341400478035e-05,-2.6498273655306548e-05,0.49560546875,2.9600456400658004e-05,-0.074015773832798,3.1021772883832455e-06,,,,,,,,,,,,,,,,,,,,,,0.15466371178627014,0.06009238213300705,0.4657629728317261,0.4056705832481384,2.9081368446350098,0.14964762330055237,0.059707578271627426,0.9408367872238159,0.8811291456222534,1.453927993774414,0.2569402754306793,0.1728842556476593,0.9561617374420166,0.7832775115966797,1.3804295063018799,0.257077693939209,0.1709686815738678,0.9725349545478821,0.8015662431716919,1.3079124689102173,0.26426801085472107,0.17611640691757202,0.9828843474388123,0.8067679405212402,1.267690896987915,snapshot-mechanisms-v1,3,seeds/cell-012-5abf40069665/seed-3/snapshots/step-000800.pt,800,800,7097b902cc3f3a43380d0b66433b0a90ecf3915af0cdb913b8b407b76daf38af,scaling-tuned-adamw-10seeds-v1,0.0031027109362185,2.5326797185698524e-05,910007,3.239535726606846e-05,8.492390770697966e-05,7.313122296181973e-06,9.146788784164528e-07,2.5462744815740734e-05,2.9976945370435715e-09,8.492390770697966e-05,0.999053418636322,1.9752682419493794e-05,2.4548067813157104e-05,8.492390770697966e-05,0.0
0.4607040286064148,0.038518067449331284,0.012839356437325478,0.8297858238220215,4.696846008300781,0.13169607520103455,1.9046440124511719,-2.7922019958496094,,,,,,,,,,,,,,,,,,,,,,0.04579981416463852,0.015266606584191322,0.13638226687908173,2.630256175994873,0.8178179264068604,5.351917266845703,2.72166109085083,,,,,,,,,,,,,,,,,,,,,,512,1.5560458898544312,0.9663082361221313,0.9995063543319702,cell-012-5abf40069665,12,5abf400696651773a7522dd3c834b25dd96e9466fbd7ee486eafb17b1b873243,32,0.5939526557922363,13.429851531982422,0.4292122721672058,13.734792709350586,0.20887871086597443,0.0,2048,6462c87c5c2aa5cb0dcd6afe9c4a0fab1a45d764f9166f84c6184af6723f1b0e,910008,910000,True,5.608379069599323e-05,-0.00012994438293389976,0.4998745322227478,0.73583984375,5.3653260692954063e-05,0.00021546716743614525,2.0569656044244766e-05,8.552276995033026e-05,True,4.37441558460705e-05,-0.0003412269288673997,0.4472030997276306,0.72216796875,7.501092477468774e-05,0.00044610511395148933,3.945883145206608e-05,0.00010487819236004725,64,1.0,7.945798279251903e-05,1.0,7.325685146497563e-05,0.003,seed-mechanisms-v2,4,0.0,32,1,2,adamw,1.3123714923858643,-0.0034729335457086563,1.2943618297576904,,,,,,,,,,1.0730632543563843,1.3380348682403564,3.980922222137451,,,,,,,,,,0.30880066752433777,1.293536479352042e-05,0.0002169565123040229,0.57958984375,-3.6777382774744183e-06,-0.538434624671936,0.00021327876311261207,,,,,,,,,,,,,,,,,,,,,,0.2260737419128418,1.0429313988424838e-05,-1.9517116015776992e-05,0.49462890625,4.254061059327796e-05,-1.3978097438812256,2.302348002558574e-05,,,,,,,,,,,,,,,,,,,,,,0.11663617193698883,-0.017134621739387512,0.37060660123825073,0.38774123787879944,2.8398470878601074,0.16845832765102386,0.0023458260111510754,0.5083180665969849,0.5059722065925598,2.3635754585266113,0.1265256106853485,0.030565321445465088,0.5642082691192627,0.5336428880691528,2.3752193450927734,0.1404988020658493,0.04852675646543503,0.8735837936401367,0.8250570297241211,1.4992330074310303,0.1796857714653015,0.09662333875894547,0.9368100166320801,0.8401867151260376,1.354036569595337,snapshot-mechanisms-v1,4,seeds/cell-012-5abf40069665/seed-4/snapshots/step-000800.pt,800,800,7097b902cc3f3a43380d0b66433b0a90ecf3915af0cdb913b8b407b76daf38af,scaling-tuned-adamw-10seeds-v1,0.003651648759841919,3.6479326809057966e-05,910009,2.667135231604334e-05,7.963934331201017e-05,1.713295205263421e-05,7.253976264109951e-07,1.5359661119873635e-05,2.270098775625229e-09,7.963934331201017e-05,0.9995117783546448,2.047537600446958e-05,1.4634263607149478e-05,7.963934331201017e-05,0.0
0.43449220061302185,0.09132999181747437,0.030443329364061356,0.23327839374542236,2.2675933837890625,0.675391674041748,3.41732120513916,1.1497279405593872,,,,,,,,,,,,,,,,,,,,,,0.3850734233856201,0.12835781276226044,0.26253268122673035,2.4635798931121826,0.35239386558532715,2.7681899070739746,0.3046102523803711,,,,,,,,,,,,,,,,,,,,,,512,1.843408465385437,0.9944337606430054,0.9987552165985107,cell-012-5abf40069665,12,5abf400696651773a7522dd3c834b25dd96e9466fbd7ee486eafb17b1b873243,32,0.6224269866943359,12.847071647644043,0.40672117471694946,13.015077590942383,0.21898648142814636,0.0,2048,6462c87c5c2aa5cb0dcd6afe9c4a0fab1a45d764f9166f84c6184af6723f1b0e,910010,910000,True,5.5876458645798266e-05,0.00021911346993874758,0.5577366352081299,0.81494140625,4.184632052783854e-05,-0.00011290791007922962,1.9242364942329004e-05,0.00010620556713547558,True,7.07886865711771e-05,0.00013394438428804278,0.5692421197891235,0.81005859375,0.00010444274812471122,-2.9848917620256543e-05,3.3104821341112256e-05,0.00010409543756395578,64,1.0,9.901553130475804e-05,1.0,0.00010683426808100194,0.003,seed-mechanisms-v2,4,0.0,32,1,2,adamw,1.0364124774932861,0.8703514337539673,2.4306535720825195,,,,,,,,,,1.0170695781707764,0.6427351236343384,1.9112284183502197,,,,,,,,,,0.2581942677497864,3.9266797102754936e-06,-7.174176425905898e-05,0.52392578125,0.0002645874919835478,-1.2753421068191528,0.00019284573500044644,,,,,,,,,,,,,,,,,,,,,,0.2352193295955658,1.3018076060689054e-05,6.0652073443634436e-05,0.56591796875,-3.0458002584055066e-05,-0.0014993119984865189,3.019406540261116e-05,,,,,,,,,,,,,,,,,,,,,,0.1370059847831726,-0.02973233535885811,0.365803599357605,0.3955359160900116,2.942203998565674,0.17923861742019653,0.09708169102668762,0.8957315683364868,0.7986499071121216,1.6118799448013306,0.23964433372020721,0.17397747933864594,0.9471007585525513,0.7731232643127441,1.3749830722808838,0.21370838582515717,0.13880735635757446,0.9717305898666382,0.8329232931137085,1.2914977073669434,0.28370070457458496,0.21565639972686768,0.9825875759124756,0.7669311761856079,1.2637605667114258,snapshot-mechanisms-v1,5,seeds/cell-012-5abf40069665/seed-5/snapshots/step-000800.pt,800,800,7097b902cc3f3a43380d0b66433b0a90ecf3915af0cdb913b8b407b76daf38af,scaling-tuned-adamw-10seeds-v1,0.003552505047991872,3.8373065763153136e-05,910011,3.061676397919655e-05,0.00010068861593026668,1.5073190297698602e-05,1.6937946156758699e-06,2.9561855626525357e-05,3.2014213502407074e-09,0.00010068864503409714,0.9986841678619385,2.543683149269782e-05,2.786806180665735e-05,0.00010068864503409714,0.0
0.46173644065856934,0.08435225486755371,0.02811741828918457,0.16800877451896667,1.8859390020370483,0.7476389408111572,3.6115872859954834,1.7256481647491455,,,,,,,,,,,,,,,,,,,,,,0.3767986297607422,0.12559954822063446,0.29365044832229614,1.9209555387496948,0.32955092191696167,2.087697744369507,0.16674229502677917,,,,,,,,,,,,,,,,,,,,,,512,1.7733209133148193,0.974306583404541,0.998701810836792,cell-012-5abf40069665,12,5abf400696651773a7522dd3c834b25dd96e9466fbd7ee486eafb17b1b873243,32,0.573816180229187,12.928510665893555,0.41040635108947754,13.133003234863281,0.21614059805870056,0.0,2048,6462c87c5c2aa5cb0dcd6afe9c4a0fab1a45d764f9166f84c6184af6723f1b0e,910012,910000,True,5.5778677051421255e-05,-0.0002560250577516854,0.5056215524673462,0.77001953125,5.613665052806027e-05,0.00022826674103271216,2.4119546651490964e-05,-2.7758294891100377e-05,True,0.00010230587213300169,-0.0003565097867976874,0.6054343581199646,0.84814453125,0.0001377768348902464,0.0004214935179334134,3.275372364441864e-05,6.498378934338689e-05,64,1.0,9.519734885543585e-05,1.0,9.210612915921956e-05,0.003,seed-mechanisms-v2,4,0.0,32,1,2,adamw,0.9337282180786133,1.0664101839065552,2.666290760040283,,,,,,,,,,0.985730767250061,0.26543697714805603,1.2652928829193115,,,,,,,,,,0.27492448687553406,6.213795131770894e-06,5.9950183640467e-05,0.54052734375,-0.00036867617745883763,-1.0216302871704102,-0.0003087259829044342,,,,,,,,,,,,,,,,,,,,,,0.2269476354122162,2.147526538465172e-05,2.0584797312039882e-05,0.5849609375,2.346784640394617e-06,0.08691100776195526,2.2931573766982183e-05,,,,,,,,,,,,,,,,,,,,,,0.22184915840625763,0.019504094496369362,0.36155539751052856,0.34205132722854614,2.9139046669006348,0.2674185633659363,0.18033772706985474,0.9289592504501343,0.7486215233802795,1.4914238452911377,0.36288097500801086,0.29691237211227417,0.9716600179672241,0.6747477054595947,1.3017321825027466,0.39590775966644287,0.3333699703216553,0.9818850755691528,0.6485151648521423,1.2639001607894897,0.478793203830719,0.43190789222717285,0.9856292009353638,0.5537213087081909,1.2488229274749756,snapshot-mechanisms-v1,6,seeds/cell-012-5abf40069665/seed-6/snapshots/step-000800.pt,800,800,7097b902cc3f3a43380d0b66433b0a90ecf3915af0cdb913b8b407b76daf38af,scaling-tuned-adamw-10seeds-v1,0.0034376010298728943,2.8939495678059757e-05,910013,3.4366894396953285e-05,9.539286111248657e-05,1.6107467672554776e-05,1.746546445247077e-06,2.305525413248688e-05,2.35741026699543e-09,9.539286838844419e-05,0.9987260103225708,2.1863246729481034e-05,2.1308705981937237e-05,9.539286838844419e-05,0.0
0.47750529646873474,0.081830233335495,0.027276743203401566,0.11795734614133835,1.5281949043273926,0.8002123832702637,3.720294237136841,2.1920993328094482,,,,,,,,,,,,,,,,,,,,,,0.3987841308116913,0.1329280436038971,0.28621286153793335,1.006960153579712,0.315002977848053,1.1041393280029297,0.09717908501625061,,,,,,,,,,,,,,,,,,,,,,512,1.706300973892212,1.0142356157302856,1.0009212493896484,cell-012-5abf40069665,12,5abf400696651773a7522dd3c834b25dd96e9466fbd7ee486eafb17b1b873243,32,0.5117197036743164,12.762864112854004,0.40599143505096436,12.99172592163086,0.2186651974916458,0.0,2048,6462c87c5c2aa5cb0dcd6afe9c4a0fab1a45d764f9166f84c6184af6723f1b0e,910014,910000,True,0.00010970667790388688,6.80029479553923e-05,0.476651132106781,0.70654296875,0.00010348906653234735,9.099483577301726e-05,1.8374166756984778e-05,0.0001589978055562824,True,0.00018240671488456428,-0.0008570380741730332,0.5517936944961548,0.79443359375,0.00021734973415732384,0.0006816019304096699,2.7120779122924432e-05,-0.00017543617286719382,64,1.0,5.64370711799711e-05,1.0,5.710183904739097e-05,0.003,seed-mechanisms-v2,4,0.0,32,1,2,adamw,0.9524467587471008,0.9663718938827515,2.4600272178649902,,,,,,,,,,0.967979907989502,0.19016903638839722,1.155949354171753,,,,,,,,,,0.2845616936683655,4.770025043399073e-06,2.84741327050142e-05,0.5546875,-0.0002974068047478795,-1.032189130783081,-0.0002689326647669077,,,,,,,,,,,,,,,,,,,,,,0.22504334151744843,1.2728227375191636e-05,-9.654062887420878e-05,0.5283203125,-9.863001469057053e-05,0.07363767176866531,-0.00019517065084073693,,,,,,,,,,,,,,,,,,,,,,0.13386847078800201,0.03348327800631523,0.4177413880825043,0.38425809144973755,2.901179790496826,0.21911032497882843,0.13506773114204407,0.9270085096359253,0.7919408082962036,1.5776219367980957,0.31157997250556946,0.2418750524520874,0.961223840713501,0.7193487882614136,1.3511382341384888,0.3183209002017975,0.24712704122066498,0.9700435400009155,0.7229164838790894,1.3208122253417969,0.3605450987815857,0.29167231917381287,0.9798226952552795,0.6881504058837891,1.2801446914672852,snapshot-mechanisms-v1,7,seeds/cell-012-5abf40069665/seed-7/snapshots/step-000800.pt,800,800,7097b902cc3f3a43380d0b66433b0a90ecf3915af0cdb913b8b407b76daf38af,scaling-tuned-adamw-10seeds-v1,0.00313441245816648,2.2783064196119085e-05,910015,2.304215740878135e-05,6.011840741848573e-05,6.963555279071443e-06,9.402748446518672e-07,1.1960356459894683e-05,2.6775524020195007e-09,6.011842197040096e-05,1.0010361671447754,1.8152353732148185e-05,1.1020081728929654e-05,6.011842197040096e-05,0.0
0.47619199752807617,0.067206010222435,0.022402003407478333,0.13995973765850067,2.013239860534668,0.7928342819213867,3.9394969940185547,1.9262573719024658,,,,,,,,,,,,,,,,,,,,,,0.36972641944885254,0.12324214726686478,0.3250797390937805,1.219510793685913,0.30519384145736694,1.1582059860229492,-0.061304714530706406,,,,,,,,,,,,,,,,,,,,,,512,1.6669384241104126,1.0151444673538208,0.9983881711959839,cell-012-5abf40069665,12,5abf400696651773a7522dd3c834b25dd96e9466fbd7ee486eafb17b1b873243,32,0.5886719822883606,12.730079650878906,0.4027215242385864,12.887088775634766,0.22021952271461487,0.0,2048,6462c87c5c2aa5cb0dcd6afe9c4a0fab1a45d764f9166f84c6184af6723f1b0e,910016,910000,True,2.1547035430558026e-05,-0.00010263527656206861,0.41009336709976196,0.67724609375,2.4886016035452485e-05,0.00011766348325181752,1.8049278878606856e-05,1.5028199413791299e-05,True,4.2378549551358446e-05,-0.0001676791871432215,0.587312638759613,0.85791015625,7.830773392925039e-05,0.00029431175789795816,2.166079866583459e-05,0.00012663255620282143,64,1.0,5.40336113772355e-05,1.0,5.404299372457899e-05,0.003,seed-mechanisms-v2,4,0.0,32,1,2,adamw,0.8735047578811646,1.1180291175842285,2.6404576301574707,,,,,,,,,,0.9926812052726746,0.3287731111049652,1.35942542552948,,,,,,,,,,0.2659267783164978,4.9168625082529616e-06,7.757685671094805e-05,0.52490234375,0.00020839735225308686,-1.296820878982544,0.00028597417986020446,,,,,,,,,,,,,,,,,,,,,,0.2286713719367981,1.2961154425283894e-05,0.00011595892283366993,0.5654296875,-3.422388545004651e-05,-0.14756819605827332,8.173505193553865e-05,,,,,,,,,,,,,,,,,,,,,,0.20292100310325623,0.027779197320342064,0.4873718023300171,0.4595925807952881,2.9404141902923584,0.231568843126297,0.12589818239212036,0.9408252835273743,0.8149271011352539,1.4847279787063599,0.4112952947616577,0.34698551893234253,0.9769874811172485,0.630001962184906,1.3168611526489258,0.5049632787704468,0.4494304060935974,0.9836236238479614,0.5341931581497192,1.2905374765396118,0.49584290385246277,0.4421094059944153,0.9879336357116699,0.5458241701126099,1.2525622844696045,snapshot-mechanisms-v1,8,seeds/cell-012-5abf40069665/seed-8/snapshots/step-000800.pt,800,800,7097b902cc3f3a43380d0b66433b0a90ecf3915af0cdb913b8b407b76daf38af,scaling-tuned-adamw-10seeds-v1,0.0030565266497433186,2.0693496480816975e-05,910017,1.9258406609878875e-05,5.789531132904813e-05,9.222354492521845e-06,6.373773544510186e-07,1.2892180166090839e-05,3.754394128918648e-09,5.789530769106932e-05,0.9984618425369263,1.652236642257776e-05,1.2254803550604265e-05,5.789530769106932e-05,0.0
0.4544316232204437,0.06862632930278778,0.02287544310092926,0.16678932309150696,2.1751151084899902,0.7645843625068665,3.869473457336426,1.6943583488464355,,,,,,,,,,,,,,,,,,,,,,0.353925496339798,0.11797517538070679,0.3609449565410614,2.039700508117676,0.28512951731681824,1.8734748363494873,-0.16622543334960938,,,,,,,,,,,,,,,,,,,,,,512,1.7727735042572021,0.9810150861740112,0.9996974468231201,cell-012-5abf40069665,12,5abf400696651773a7522dd3c834b25dd96e9466fbd7ee486eafb17b1b873243,32,0.6087742447853088,13.352027893066406,0.42365705966949463,13.557025909423828,0.21172939240932465,0.0,2048,6462c87c5c2aa5cb0dcd6afe9c4a0fab1a45d764f9166f84c6184af6723f1b0e,910018,910000,True,7.681481292820536e-06,5.643945769406855e-06,0.4836008846759796,0.7470703125,7.833012205082923e-06,-5.1637507567647845e-06,6.238405148906168e-06,4.801913746632636e-07,True,8.108923793770373e-05,0.00015837873797863722,0.6115714907646179,0.849609375,0.00010754473623819649,-0.00026574108051136136,1.2778657037415542e-05,-0.00010736234253272414,64,1.0,3.9702325011603534e-05,1.0,4.121381789445877e-05,0.003,seed-mechanisms-v2,4,0.0,32,1,2,adamw,1.047849416732788,1.0888185501098633,3.0633158683776855,,,,,,,,,,0.9675907492637634,0.4900333285331726,1.5601117610931396,,,,,,,,,,0.2719486951828003,2.935374141088687e-06,-1.3949903404864017e-05,0.541015625,-0.00010760714940261096,-1.0277233123779297,-0.00012155707372585312,,,,,,,,,,,,,,,,,,,,,,0.1954113245010376,7.658441973035224e-06,7.601045945193619e-05,0.5283203125,8.6083846326801e-06,-0.032573401927948,8.461884135613218e-05,,,,,,,,,,,,,,,,,,,,,,0.2042868733406067,-0.02992577664554119,0.4100540280342102,0.4399798512458801,2.9710564613342285,0.21966949105262756,0.13886874914169312,0.9402202367782593,0.8013514876365662,1.484877586364746,0.2697940468788147,0.19018903374671936,0.97178053855896,0.781591534614563,1.3113212585449219,0.25829577445983887,0.17632454633712769,0.984154462814331,0.8078298568725586,1.256184697151184,0.2542136311531067,0.16992226243019104,0.991894006729126,0.8219717144966125,1.216617465019226,snapshot-mechanisms-v1,9,seeds/cell-012-5abf40069665/seed-9/snapshots/step-000800.pt,800,800,7097b902cc3f3a43380d0b66433b0a90ecf3915af0cdb913b8b407b76daf38af,scaling-tuned-adamw-10seeds-v1,0.0022263252176344395,1.1586325854295865e-05,910019,1.5189749319688417e-05,4.096963311894797e-05,5.327581675373949e-06,7.509454462706344e-07,1.1212783647351898e-05,2.2992026060819626e-09,4.0969622205011547e-05,0.9997217655181885,9.23951120057609e-06,1.0461837518960238e-05,4.0969622205011547e-05,0.0
0.24555104970932007,0.6590828895568848,0.21969430148601532,0.11961789429187775,-1.0723857879638672,0.22129923105239868,-0.20886456966400146,0.8635210990905762,0.5883671045303345,0.19612236320972443,0.2474973201751709,0.02503848820924759,0.16413559019565582,-0.2265440970659256,-0.2515825629234314,0.1483103334903717,0.0494367815554142,0.2357049584388733,1.8129315376281738,0.6159846782684326,3.035187244415283,1.2222559452056885,0.06028074771165848,0.020093580707907677,0.22979795932769775,2.568673610687256,0.7099213004112244,4.2294921875,1.6608185768127441,0.41254398226737976,0.13751468062400818,0.24822473526000977,1.199668288230896,0.3392312824726105,1.5449237823486328,0.34525543451309204,0.3739270567893982,0.12464234977960587,0.3409685790538788,1.2854669094085693,0.28510433435440063,1.0973289012908936,-0.18813800811767578,0.43437325954437256,0.14479108154773712,0.2180963009595871,1.105215311050415,0.3475304841995239,1.595299243927002,0.490084171295166,0.39537280797958374,0.13179093599319458,0.2993394136428833,1.2852625846862793,0.30528777837753296,1.31827974319458,0.033017273992300034,512,1.7822883129119873,0.9634259343147278,0.9989978671073914,cell-013-496408283b62,13,496408283b620ac7004d3c225b2e67f62dacec1511e5f391732c0aa6a59b90dd,32,0.6591935157775879,11.55955982208252,0.36839354038238525,11.788593292236328,0.2363097369670868,0.0,2048,6462c87c5c2aa5cb0dcd6afe9c4a0fab1a45d764f9166f84c6184af6723f1b0e,910000,910000,True,9.913249232340604e-05,7.381298928521574e-05,0.5279587507247925,0.7802734375,0.00012994318967685103,9.720504749566317e-05,6.943591142771766e-05,0.0001710180367808789,True,0.0001247778272954747,-0.00030833407072350383,0.5607094168663025,0.8173828125,0.0001950027362909168,0.00038862641667947173,5.5323100241366774e-05,8.029236050788313e-05,64,1.0,9.55731375142932e-05,1.0,9.367284656036645e-05,0.003,seed-mechanisms-v2,4,0.0,32,4,2,adamw,0.38860493898391724,-0.173272043466568,0.3135562241077423,0.4107966423034668,0.41061246395111084,0.5971260070800781,0.4982670843601227,0.8029831647872925,1.058514952659607,0.514721155166626,1.4115266799926758,2.0433924198150635,0.48020586371421814,0.21929338574409485,0.5711933374404907,0.44666481018066406,0.14189842343330383,0.49809756875038147,0.4511386454105377,0.2149118334054947,0.5375021696090698,0.4436317980289459,-0.12556049227714539,0.3795211613178253,0.2156856209039688,1.8116203136742115e-05,-3.221491351723671e-05,0.49462890625,-7.233938958961517e-07,-0.10621145367622375,-3.29383256030269e-05,0.22757315635681152,1.4995826859376393e-05,0.00010064931120723486,0.490234375,2.3495267669204623e-05,-0.3864697217941284,0.00012414457160048187,0.2745823562145233,4.007753886980936e-06,3.81474364985479e-06,0.52880859375,2.9181246645748615e-05,-0.9221711158752441,3.299599848105572e-05,0.24046148359775543,4.5232383172333357e-07,-2.6060506570502184e-06,0.53173828125,0.00017435989866498858,-2.04495906829834,0.00017175383982248604,0.18281511962413788,1.301808424614137e-05,3.8927628338569775e-06,0.51904296875,4.9088259402196854e-05,-0.10108435899019241,5.298102769302204e-05,0.1678113341331482,1.1097996321041137e-05,-0.0001554954651510343,0.53125,1.4944680515327491e-05,-0.012864417396485806,-0.00014055079373065382,0.19489309191703796,8.59984902490396e-06,-3.469713556114584e-05,0.51123046875,1.6413549019489437e-05,-0.0660674199461937,-1.8283586541656405e-05,0.16892263293266296,9.211008546117228e-06,8.19650012999773e-05,0.5166015625,1.263168451259844e-05,-0.012415919452905655,9.459667489863932e-05,0.07748167216777802,-0.084467314183712,0.38802021741867065,0.4724874794483185,2.959930181503296,0.19418969750404358,0.08830844610929489,0.8693432807922363,0.7810348272323608,1.5353749990463257,0.28224706649780273,0.21254360675811768,0.9497365951538086,0.7371929883956909,1.3171030282974243,0.2915478050708771,0.22702810168266296,0.9627158641815186,0.7356876730918884,1.2855651378631592,0.3478270471096039,0.29197588562965393,0.9801392555236816,0.6881633996963501,1.2365148067474365,snapshot-mechanisms-v1,0,seeds/cell-013-496408283b62/seed-0/snapshots/step-000800.pt,800,800,7097b902cc3f3a43380d0b66433b0a90ecf3915af0cdb913b8b407b76daf38af,scaling-tuned-adamw-10seeds-v1,0.005025583319365978,4.801461909664795e-05,910001,4.679580160882324e-05,9.593183494871482e-05,1.3138198482920416e-05,1.8806889556799433e-06,1.735925252432935e-05,2.9103830456733704e-09,9.593184222467244e-05,0.9989889860153198,1.8638585970620625e-05,1.5478563000215217e-05,9.593184222467244e-05,0.0
0.2169819325208664,0.47753700613975525,0.15917901694774628,0.25155332684516907,0.42770373821258545,0.27090969681739807,0.49792665243148804,0.07022290676832199,0.08473994582891464,0.028246648609638214,0.10763692855834961,1.1972448825836182,0.8076231479644775,3.8044028282165527,2.6071579456329346,0.4498710036277771,0.14995700120925903,0.3632030487060547,0.7858839631080627,0.1869259774684906,0.2649940550327301,-0.5208898782730103,0.38302770256996155,0.12767592072486877,0.26862698793411255,0.6361056566238403,0.3483453094959259,0.9548221826553345,0.3187165856361389,0.41825413703918457,0.13941805064678192,0.33839309215545654,0.9613206386566162,0.2433527708053589,0.6267461776733398,-0.334574431180954,0.3717317581176758,0.12391059845685959,0.2995307743549347,1.260545253753662,0.3287374675273895,1.3389108180999756,0.07836563885211945,0.3917204439640045,0.13057348132133484,0.32844650745391846,1.1840131282806396,0.27983301877975464,1.0096222162246704,-0.1743910312652588,0.4130096137523651,0.1376698762178421,0.32023167610168457,0.8975992798805237,0.2667587101459503,0.7325330972671509,-0.16506615281105042,512,1.7504358291625977,0.9879567623138428,1.0033458471298218,cell-013-496408283b62,13,496408283b620ac7004d3c225b2e67f62dacec1511e5f391732c0aa6a59b90dd,32,0.6183463931083679,12.581286430358887,0.40293818712234497,12.894021987915039,0.2186824381351471,0.0,2048,6462c87c5c2aa5cb0dcd6afe9c4a0fab1a45d764f9166f84c6184af6723f1b0e,910002,910000,True,0.00013962092634756118,0.000548728508874774,0.5077234506607056,0.763671875,0.00017674735863693058,-0.0001623269636183977,8.510300540365279e-05,0.00038640154525637627,True,0.0004220244591124356,0.0004981523379683495,0.610451340675354,0.84228515625,0.0005940258852206171,-0.00026504776906222105,9.807376773096621e-05,0.00023310452525038272,64,1.0,0.00019338367565069348,1.0,0.00018826201267074794,0.003,seed-mechanisms-v2,4,0.0,32,4,2,adamw,0.4699055552482605,-0.14018386602401733,0.39545369148254395,0.5162178874015808,1.4026120901107788,2.0374908447265625,0.49224790930747986,0.4196275472640991,0.7150328755378723,0.4299626350402832,0.31779026985168457,0.5560576319694519,0.5080236792564392,0.17641034722328186,0.5865532755851746,0.6231387257575989,0.590397834777832,1.0958579778671265,0.4670880138874054,-0.2619747817516327,0.34670549631118774,0.524433434009552,-0.2390638142824173,0.4020742177963257,0.20161104202270508,2.754496381385252e-05,-0.00016044187941588461,0.50244140625,-8.679232269059867e-05,-0.19146089255809784,-0.00024723418755456805,0.2543277144432068,4.995662493456621e-06,-4.003753565484658e-05,0.50146484375,5.580790457315743e-06,-1.30030357837677,-3.4456759749446064e-05,0.23491661250591278,2.2064508812036365e-05,-0.0002116838877554983,0.5166015625,-0.0001331545354332775,-0.30642035603523254,-0.0003448384231887758,0.2516522705554962,2.6521895051700994e-05,-4.16129405493848e-05,0.51904296875,-0.0001842768833739683,-0.21823658049106598,-0.00022588984575122595,0.14634919166564941,4.5139513531466946e-05,-5.556266114581376e-05,0.55615234375,-2.0285464415792376e-05,0.044363439083099365,-7.584813283756375e-05,0.203665629029274,2.9053779144305736e-05,0.00015759664529468864,0.53857421875,2.0483483240241185e-05,0.018446575850248337,0.00017808012489695102,0.19371658563613892,4.104226172785275e-05,8.899311069399118e-05,0.55712890625,-4.194726352579892e-05,0.004515465348958969,4.704583989223465e-05,0.21384811401367188,3.4143919037887827e-05,0.00010789289808599278,0.56103515625,-2.225471689598635e-06,-0.0309044998139143,0.00010566744458628818,0.17831629514694214,-0.05637842416763306,0.3296903967857361,0.38606882095336914,2.981820583343506,0.25968754291534424,0.16797639429569244,0.8593322038650513,0.6913557648658752,1.5552794933319092,0.3412672281265259,0.270440936088562,0.930378794670105,0.659937858581543,1.3674347400665283,0.35786473751068115,0.2899627089500427,0.9485094547271729,0.6585468053817749,1.316607117652893,0.3827110528945923,0.31632959842681885,0.9596030712127686,0.6432734727859497,1.2801597118377686,snapshot-mechanisms-v1,1,seeds/cell-013-496408283b62/seed-1/snapshots/step-000800.pt,800,800,7097b902cc3f3a43380d0b66433b0a90ecf3915af0cdb913b8b407b76daf38af,scaling-tuned-adamw-10seeds-v1,0.00709109753370285,9.138759924098849e-05,910003,7.827168155927211e-05,0.00019553561287466437,3.2906304113566875e-05,6.860775101813488e-06,3.6072786315344274e-05,4.394678398966789e-09,0.0001955356274265796,1.0032296180725098,4.828484816243872e-05,2.921200757555198e-05,0.0001955356274265796,0.0
0.24974729120731354,0.03191592916846275,0.010638643056154251,0.29998844861984253,3.785435199737549,0.668095588684082,5.085249423980713,1.2998141050338745,0.19507244229316711,0.06502415239810944,0.47814756631851196,2.739349603652954,0.3267799913883209,1.9220646619796753,-0.8172848224639893,0.27651381492614746,0.09217128157615662,0.2748568654060364,1.329817295074463,0.4486292600631714,1.9131003618240356,0.5832830667495728,0.3922860026359558,0.1307620108127594,0.2934601306915283,0.8857596516609192,0.31425386667251587,0.846770167350769,-0.03898952528834343,0.363550066947937,0.1211833655834198,0.3471129536628723,1.3626967668533325,0.2893369793891907,1.174865484237671,-0.18783120810985565,0.34593915939331055,0.11531305313110352,0.39036551117897034,1.4459917545318604,0.26369529962539673,1.0732793807983398,-0.3727121949195862,0.5332188606262207,0.17773962020874023,0.225990891456604,0.23444917798042297,0.24079027771949768,0.2987058162689209,0.06425662338733673,0.3188248872756958,0.10627496242523193,0.41567108035087585,2.0623202323913574,0.26550406217575073,1.5959219932556152,-0.4663979411125183,512,1.8517338037490845,0.9947423934936523,1.0015301704406738,cell-013-496408283b62,13,496408283b620ac7004d3c225b2e67f62dacec1511e5f391732c0aa6a59b90dd,32,0.6864151358604431,11.326760292053223,0.36065083742141724,11.540826797485352,0.2395860254764557,0.0,2048,6462c87c5c2aa5cb0dcd6afe9c4a0fab1a45d764f9166f84c6184af6723f1b0e,910004,910000,True,0.000132102140923962,-0.00017541585839353502,0.5203092098236084,0.77587890625,0.00014278707385528833,0.00012446765322238207,6.045617556083016e-05,-5.094810330774635e-05,True,7.863116479711607e-05,-1.74527958733961e-05,0.4704046845436096,0.7421875,0.00012484873877838254,0.00011002285464201123,6.649015995208174e-05,9.257002966478467e-05,64,1.0,0.00018404086586087942,1.0,0.00018229891429655254,0.003,seed-mechanisms-v2,4,0.0,32,4,2,adamw,0.4577314853668213,1.3764691352844238,1.7360644340515137,0.4694998860359192,0.11605510860681534,0.5157430171966553,0.35495153069496155,0.6603684425354004,0.6640807390213013,0.4017788767814636,0.7343953847885132,0.8044255971908569,0.40643495321273804,0.07930533587932587,0.42604169249534607,0.5047458410263062,0.01014499831944704,0.48822343349456787,0.47926658391952515,0.2017461061477661,0.5720401406288147,0.5147755742073059,0.5993022918701172,0.8793230056762695,0.23388396203517914,4.2718735926428053e-07,1.2999640603084117e-05,0.50732421875,-8.04983064881526e-05,-1.762742280960083,-6.749867316102609e-05,0.26472368836402893,1.044062628352549e-05,7.721022120676935e-05,0.51123046875,0.00010596858919598162,-1.044428825378418,0.00018317881040275097,0.26097679138183594,7.013220965745859e-06,4.724196514871437e-06,0.5322265625,-3.509341331664473e-05,-0.8246011734008789,-3.036923226318322e-05,0.25771063566207886,1.451812386221718e-05,-1.8197317331214435e-05,0.5400390625,-8.094935765257105e-06,-0.45033907890319824,-2.629226764838677e-05,0.14454972743988037,1.039960261550732e-05,-2.4362972908420488e-05,0.49951171875,7.33810338715557e-07,-0.053921740502119064,-2.362918166909367e-05,0.2389107644557953,2.336358193133492e-05,4.442117642611265e-06,0.5673828125,-2.8350741558824666e-05,0.018061161041259766,-2.390860754530877e-05,0.19628101587295532,1.2303794392209966e-05,1.6865924408193678e-05,0.52294921875,8.187888852262404e-06,-0.017318610101938248,2.505379234207794e-05,0.21616512537002563,1.478077501815278e-05,-3.933933476218954e-05,0.5341796875,-2.7717494958778843e-05,-0.08114349842071533,-6.705683335894719e-05,0.1386985182762146,0.018988382071256638,0.5132506489753723,0.4942622780799866,2.862884998321533,0.2405151128768921,0.13453921675682068,0.8319700956344604,0.6974308490753174,1.6657997369766235,0.32377201318740845,0.22851818799972534,0.9295374155044556,0.701019287109375,1.3172764778137207,0.31347304582595825,0.2154911756515503,0.9375505447387695,0.7220593690872192,1.2935905456542969,0.32344451546669006,0.2381969392299652,0.9648482799530029,0.7266513109207153,1.2318594455718994,snapshot-mechanisms-v1,2,seeds/cell-013-496408283b62/seed-2/snapshots/step-000800.pt,800,800,7097b902cc3f3a43380d0b66433b0a90ecf3915af0cdb913b8b407b76daf38af,scaling-tuned-adamw-10seeds-v1,0.005154309794306755,5.5279640946537256e-05,910005,0.000124136742670089,0.0003736389917321503,6.980996113270521e-05,2.4036313334363513e-05,0.00011688411177601665,5.238689482212067e-09,0.00037363904993981123,1.001441478729248,6.28082052571699e-05,9.28477747947909e-05,0.00037363904993981123,0.0
0.21519166231155396,0.4665730893611908,0.1555243581533432,0.2620464563369751,0.438029408454895,0.2713804841041565,0.35147881507873535,-0.08655063807964325,0.372151643037796,0.12405054271221161,0.21528354287147522,0.678136944770813,0.41256484389305115,1.3497288227081299,0.6715918779373169,0.3632130026817322,0.12107100337743759,0.5299085378646851,1.612250804901123,0.10687848925590515,-0.1100551187992096,-1.7223058938980103,0.06796122342348099,0.022653741762042046,0.2424381971359253,2.6389222145080566,0.6896005868911743,3.9924683570861816,1.353546380996704,0.3837603032588959,0.12792010605335236,0.27549439668655396,1.2879072427749634,0.34074530005455017,1.54652738571167,0.25862014293670654,0.31459054350852966,0.10486352443695068,0.430990070104599,1.7863208055496216,0.25441938638687134,1.2552416324615479,-0.5310791730880737,0.4063482880592346,0.13544943928718567,0.24964594841003418,1.0084638595581055,0.3440057635307312,1.3140764236450195,0.3056125342845917,0.4736773371696472,0.15789243578910828,0.27495908737182617,0.5393584966659546,0.251363605260849,0.4785236120223999,-0.06083488464355469,512,1.7596794366836548,0.9790410399436951,0.9969882965087891,cell-013-496408283b62,13,496408283b620ac7004d3c225b2e67f62dacec1511e5f391732c0aa6a59b90dd,32,0.6200510263442993,11.362495422363281,0.36139732599258423,11.564714431762695,0.2395576685667038,0.0,2048,6462c87c5c2aa5cb0dcd6afe9c4a0fab1a45d764f9166f84c6184af6723f1b0e,910006,910000,True,0.00012221776705700904,0.00014011019084136933,0.5296570062637329,0.8017578125,0.00018104325863532722,-0.00043195413309149444,9.421020513400435e-05,-0.0002918439276982099,True,0.0004701768921222538,-0.00027656368911266327,0.6639002561569214,0.88330078125,0.0006140288896858692,0.00041085874545387924,8.857991633703932e-05,0.00013429499813355505,64,1.0,0.00019754644017666578,1.0,0.0001961627131095156,0.003,seed-mechanisms-v2,4,0.0,32,4,2,adamw,0.41473501920700073,0.5573292374610901,0.6939300298690796,0.48344361782073975,0.8770318627357483,1.1161234378814697,0.49176377058029175,0.21819153428077698,0.593477725982666,0.5076932907104492,1.507035255432129,2.2220654487609863,0.45761987566947937,0.19773995876312256,0.543336033821106,0.521659791469574,-0.11086675524711609,0.4528016448020935,0.5102746486663818,0.03364010155200958,0.5149012207984924,0.5312590599060059,0.2210676372051239,0.6336876153945923,0.25863802433013916,1.2626021998585202e-05,-2.492837120371405e-05,0.5185546875,-9.938748553395271e-05,-0.36478012800216675,-0.0001243158767465502,0.25745105743408203,1.3617319382319693e-05,-0.000252787081990391,0.525390625,-3.799093246925622e-05,-0.632699728012085,-0.00029077802901156247,0.24180802702903748,1.222643732035067e-05,4.679870107793249e-05,0.501953125,-1.5752561012050137e-05,-0.7593173980712891,3.104613278992474e-05,0.23070290684700012,1.1529696166689973e-06,-1.6970885553746484e-05,0.51953125,-0.00018159403407480568,-2.137153148651123,-0.00019856492872349918,0.16926559805870056,1.0719556485128123e-05,6.477108399849385e-05,0.5205078125,2.4140019831975223e-06,-0.06337625533342361,6.718507211189717e-05,0.16986683011054993,1.40647534863092e-05,-4.9473874241812155e-05,0.52587890625,-2.2817535864305682e-05,0.003500817809253931,-7.229139737319201e-05,0.20930445194244385,2.1832038328284398e-05,-5.9735702961916104e-05,0.54736328125,-0.00010907946125371382,-0.03364363685250282,-0.00016881516785360873,0.23159167170524597,1.0256513633066788e-05,0.00014079386892262846,0.529296875,-1.1530861229402944e-05,-0.22590196132659912,0.0001292630040552467,0.13935324549674988,0.04451267421245575,0.4471718370914459,0.40265917778015137,2.8575243949890137,0.15845072269439697,0.0726984292268753,0.8274623155593872,0.7547638416290283,1.4957014322280884,0.27397873997688293,0.18420805037021637,0.8924410939216614,0.7082329988479614,1.4040892124176025,0.2820280194282532,0.18795368075370789,0.9166097640991211,0.7286560535430908,1.3647661209106445,0.31248795986175537,0.2228911966085434,0.9530730247497559,0.730181872844696,1.2920702695846558,snapshot-mechanisms-v1,3,seeds/cell-013-496408283b62/seed-3/snapshots/step-000800.pt,800,800,7097b902cc3f3a43380d0b66433b0a90ecf3915af0cdb913b8b407b76daf38af,scaling-tuned-adamw-10seeds-v1,0.0065955002792179585,8.265551878139377e-05,910007,6.35008400422521e-05,0.0002474026405252516,5.156439510756172e-05,1.1780386557802558e-05,6.772280903533101e-05,1.4901161193847656e-08,0.0002474026696290821,0.997069239616394,6.461462180595845e-05,5.594241520157084e-05,0.0002474026405252516,0.0
0.2713474631309509,0.10412168502807617,0.03470722585916519,0.24400503933429718,2.306540012359619,0.6518732309341431,3.7088301181793213,1.4022901058197021,0.1138639748096466,0.0379546582698822,0.2921369671821594,2.426159381866455,0.5939990878105164,3.517482042312622,1.0913225412368774,0.4344463646411896,0.14481547474861145,0.3539801239967346,0.8708228468894958,0.2115735113620758,0.3197321891784668,-0.5510907173156738,0.18295025825500488,0.06098341569304466,0.525153636932373,3.120826005935669,0.29189613461494446,1.7982984781265259,-1.3225274085998535,0.33029991388320923,0.11009997129440308,0.3301738500595093,1.38534677028656,0.3395262658596039,1.5334346294403076,0.14808788895606995,0.4565800726413727,0.1521933525800705,0.3573034405708313,0.9604805707931519,0.1861165165901184,0.13485246896743774,-0.8256281018257141,0.2534072697162628,0.08446908742189407,0.5242878198623657,2.226454734802246,0.22230492532253265,1.3479442596435547,-0.8785104751586914,0.3481171131134033,0.11603905260562897,0.23713064193725586,1.6583501100540161,0.4147522449493408,3.0146422386169434,1.3562922477722168,512,1.8680200576782227,0.9742693901062012,0.9968799948692322,cell-013-496408283b62,13,496408283b620ac7004d3c225b2e67f62dacec1511e5f391732c0aa6a59b90dd,32,0.7097407579421997,11.407078742980957,0.365605890750885,11.69938850402832,0.23974576592445374,0.0,2048,6462c87c5c2aa5cb0dcd6afe9c4a0fab1a45d764f9166f84c6184af6723f1b0e,910008,910000,True,0.0003896811977028847,-0.00085232820129022,0.6146439909934998,0.84814453125,0.0003113218117505312,0.0006162868230603635,0.00045164371840655804,-0.0002360413782298565,True,0.00020339031470939517,-0.00032063425169326365,0.5634616017341614,0.8232421875,0.00038917516940273345,8.010896272026002e-05,0.00014101905981078744,-0.00024052525986917317,64,1.0,0.00019999562937300652,0.99951171875,0.0016169798327609897,0.003,seed-mechanisms-v2,4,0.0,32,4,2,adamw,0.5779224038124084,0.8703871369361877,1.3421034812927246,0.4570208787918091,0.8519925475120544,1.0290197134017944,0.4590853452682495,0.16015848517417908,0.5222646594047546,0.5633653402328491,0.3791922330856323,0.7833724617958069,0.5229113101959229,0.7136727571487427,1.0290918350219727,0.4467707872390747,-0.27497780323028564,0.3311474621295929,0.47736507654190063,0.7057756185531616,0.946216344833374,0.6030553579330444,1.1647672653198242,1.8261867761611938,0.25444677472114563,3.99639839088195e-06,-5.3419789765030146e-06,0.52001953125,-2.424688500468619e-05,-1.4627997875213623,-2.95888603432104e-05,0.2616836726665497,2.9794300644425675e-06,8.375228208024055e-05,0.53076171875,-6.482732715085149e-05,-1.4304490089416504,1.892495492938906e-05,0.2239650934934616,1.421353044861462e-05,0.00021062858286313713,0.4736328125,-1.4133715012576431e-05,-0.4118664264678955,0.00019649486057460308,0.28197723627090454,9.835017408477142e-05,0.00013428904640022665,0.5673828125,-0.0005977865075692534,-1.0677669048309326,-0.00046349753392860293,0.2195582091808319,2.775663961074315e-05,-7.956909394124523e-05,0.5263671875,-5.2469706133706495e-05,-0.1842437982559204,-0.00013203881098888814,0.3020116984844208,8.097223144432064e-06,0.00018780402024276555,0.60205078125,-8.31139986985363e-05,0.12397430837154388,0.00010469002154422924,0.22545558214187622,5.394129402702674e-05,-0.00013307874905876815,0.5302734375,-8.770757631282322e-06,-0.028577402234077454,-0.00014184950850903988,0.22914515435695648,1.5211007848847657e-05,-4.797671135747805e-05,0.5419921875,-0.0001340758753940463,-0.29817938804626465,-0.00018205257947556674,0.091730996966362,-0.0525340810418129,0.41654783487319946,0.46908190846443176,2.8514890670776367,0.21892447769641876,0.08196380734443665,0.7574679851531982,0.675504207611084,1.7718024253845215,0.2473822832107544,0.15591523051261902,0.8577709794044495,0.7018557786941528,1.5082908868789673,0.19300955533981323,0.10284878313541412,0.9407524466514587,0.8379036784172058,1.2861849069595337,0.24593773484230042,0.16644535958766937,0.9739768505096436,0.8075315356254578,1.219268560409546,snapshot-mechanisms-v1,4,seeds/cell-013-496408283b62/seed-4/snapshots/step-000800.pt,800,800,7097b902cc3f3a43380d0b66433b0a90ecf3915af0cdb913b8b407b76daf38af,scaling-tuned-adamw-10seeds-v1,0.006900944747030735,0.00150124856736511,910009,9.379519906360656e-05,0.00031534675508737564,6.222807860467583e-05,1.5893343515926972e-05,9.027695341501385e-05,2.9802322387695312e-08,0.0003153467259835452,0.9966405630111694,6.904650945216417e-05,7.438359898515046e-05,0.00031534675508737564,0.0
0.29284191131591797,0.050265684723854065,0.016755226999521255,0.1877233237028122,2.9023003578186035,0.7620110511779785,4.726304531097412,1.8240041732788086,0.19313713908195496,0.06437905132770538,0.31213492155075073,1.70632004737854,0.4947279095649719,2.3281009197235107,0.6217808127403259,0.3983622193336487,0.13278740644454956,0.27313417196273804,0.7490568161010742,0.3285036087036133,0.9304225444793701,0.18136565387248993,0.28618061542510986,0.09539353847503662,0.3022235631942749,1.4091689586639404,0.41159582138061523,1.717314600944519,0.3081456422805786,0.42615461349487305,0.14205153286457062,0.2560616731643677,0.6768331527709961,0.3177837133407593,0.9060454368591309,0.22921226918697357,0.37436413764953613,0.12478804588317871,0.3438463807106018,1.515236735343933,0.28178948163986206,1.3181102275848389,-0.19712653756141663,0.33577537536621094,0.11192513257265091,0.40988436341285706,2.182176113128662,0.2543402314186096,1.6707336902618408,-0.5114425420761108,0.3687991499900818,0.12293305993080139,0.3282042145729065,1.395356297492981,0.3029966354370117,1.340486764907837,-0.05486951023340225,512,1.7420812845230103,0.9876084327697754,0.9996452331542969,cell-013-496408283b62,13,496408283b620ac7004d3c225b2e67f62dacec1511e5f391732c0aa6a59b90dd,32,0.6532189249992371,11.171963691711426,0.3531796634197235,11.301749229431152,0.24464228749275208,0.0,2048,6462c87c5c2aa5cb0dcd6afe9c4a0fab1a45d764f9166f84c6184af6723f1b0e,910010,910000,True,0.00021070662478450686,4.071857256349176e-05,0.5081809759140015,0.763671875,0.0001847206731326878,-0.00017963677237275988,0.0002546127652749419,-0.00013891831622458994,True,0.0005281066405586898,-0.0002282525529153645,0.5705419182777405,0.82861328125,0.000502363545820117,-4.645378794521093e-06,0.0006472897948697209,-0.00023289790260605514,64,1.0,0.00021896672842558473,0.99951171875,0.0012144433567300439,0.003,seed-mechanisms-v2,4,0.0,32,4,2,adamw,0.5372310876846313,1.290851354598999,1.867501139640808,0.5169432163238525,0.554201602935791,0.8719472289085388,0.5126381516456604,-0.26831305027008057,0.38015151023864746,0.4676434397697449,0.39555490016937256,0.6671932339668274,0.5544719696044922,0.18940891325473785,0.6471729278564453,0.4737766683101654,0.078606016933918,0.4941641688346863,0.4904197156429291,0.6063641905784607,0.8614625334739685,0.47632935643196106,0.2128034383058548,0.5754724144935608,0.2621600329875946,3.021137445102795e-06,-5.7590183132560924e-05,0.52587890625,-0.00016572032473050058,-1.6069750785827637,-0.00022331051877699792,0.2884387969970703,1.7348625988233835e-05,0.0001933720923261717,0.552734375,4.0537124732509255e-06,-0.7199950218200684,0.00019742583390325308,0.23314553499221802,2.652098919497803e-05,4.7551166062476113e-05,0.50537109375,-5.973518273094669e-05,-0.3307339549064636,-1.2184016668470576e-05,0.26997822523117065,3.3413594792364165e-05,-0.00011544592416612431,0.5361328125,-1.735212208586745e-05,-0.8155978322029114,-0.00013279804261401296,0.24688135087490082,3.018009738298133e-05,-8.037812949623913e-05,0.5888671875,-6.010624929331243e-05,-0.012045195326209068,-0.00014048437878955156,0.20164263248443604,5.5067703215172514e-05,4.593741323333234e-06,0.52685546875,-3.349186954437755e-05,-0.14680716395378113,-2.889816096285358e-05,0.19137737154960632,6.373939413606422e-06,2.3400561985909007e-05,0.49267578125,-7.738275598967448e-05,-0.07104089856147766,-5.3982206736691296e-05,0.21148645877838135,2.171316373278387e-05,0.0001616075896890834,0.51513671875,3.44368745572865e-05,-0.14396919310092926,0.00019604447879828513,0.13201594352722168,-0.032163865864276886,0.4150676727294922,0.4472315311431885,2.984729766845703,0.18538980185985565,0.0948876440525055,0.8313518762588501,0.736464262008667,1.618701457977295,0.2619834840297699,0.1923401653766632,0.9232066869735718,0.7308664917945862,1.3814605474472046,0.2600785195827484,0.19368967413902283,0.9434841871261597,0.749794602394104,1.331857442855835,0.36052361130714417,0.30366331338882446,0.972407877445221,0.6687445044517517,1.2788527011871338,snapshot-mechanisms-v1,5,seeds/cell-013-496408283b62/seed-5/snapshots/step-000800.pt,800,800,7097b902cc3f3a43380d0b66433b0a90ecf3915af0cdb913b8b407b76daf38af,scaling-tuned-adamw-10seeds-v1,0.00794126745313406,0.0010364471236243844,910011,7.170496974140406e-05,0.0002743999066296965,5.629329098155722e-05,1.5933726899675094e-05,8.785272802924737e-05,6.51925802230835e-09,0.00027439993573352695,0.9993951320648193,5.854894334333949e-05,7.191899931058288e-05,0.00027439993573352695,0.0
0.18495789170265198,0.35050731897354126,0.11683577299118042,0.31083786487579346,1.008554220199585,0.3386548161506653,1.0785260200500488,0.06997180730104446,0.44853222370147705,0.14951074123382568,0.4158230423927307,1.328766942024231,0.13564470410346985,-0.8252900838851929,-2.154057025909424,0.07862505316734314,0.02620834857225418,0.12005546689033508,1.6892848014831543,0.8013194799423218,3.9952831268310547,2.3059983253479004,0.42026644945144653,0.14008882641792297,0.2671279311180115,0.6263645887374878,0.312605619430542,0.8044973015785217,0.17813274264335632,0.5427083969116211,0.18090282380580902,0.22594326734542847,0.1758509874343872,0.23134827613830566,0.3133838474750519,0.13753286004066467,0.5518229007720947,0.18394096195697784,0.28883397579193115,0.3142825663089752,0.1593431830406189,-0.05628153681755066,-0.3705640733242035,0.403520792722702,0.1345069408416748,0.27419236302375793,1.859224796295166,0.3222868740558624,1.994764804840088,0.13553999364376068,0.3147957921028137,0.10493192076683044,0.46981772780418396,1.6201173067092896,0.2153865098953247,0.8023031949996948,-0.81781405210495,512,1.779226303100586,0.9882493019104004,1.0020755529403687,cell-013-496408283b62,13,496408283b620ac7004d3c225b2e67f62dacec1511e5f391732c0aa6a59b90dd,32,0.590488851070404,12.091238975524902,0.3833136558532715,12.266036987304688,0.22920678555965424,0.0,2048,6462c87c5c2aa5cb0dcd6afe9c4a0fab1a45d764f9166f84c6184af6723f1b0e,910012,910000,True,0.0001547562424093485,-2.568845229689032e-05,0.5544086694717407,0.81640625,0.0002050064067589119,-0.00032024786924012005,7.943671516841277e-05,-0.0003459362778812647,True,0.0012558477465063334,0.0005006687133572996,0.6948403120040894,0.90087890625,0.0014555936213582754,-0.0002676930744200945,9.637398761697114e-05,0.00023297558072954416,64,1.0,0.00017786689568310976,1.0,0.00017023431428242475,0.003,seed-mechanisms-v2,4,0.0,32,4,2,adamw,0.5062733292579651,0.5569264888763428,0.8472399115562439,0.4815288186073303,0.3441886603832245,0.646500825881958,0.4763453006744385,1.5105178356170654,2.0748865604400635,0.4390128254890442,-0.008791946806013584,0.420101135969162,0.4664844274520874,0.24788202345371246,0.5763024687767029,0.42380577325820923,0.1071091890335083,0.4546637535095215,0.42807358503341675,0.23834411799907684,0.5212198495864868,0.5240108966827393,0.1456548124551773,0.5830776691436768,0.260135680437088,1.8643593648448586e-05,-4.357014404376969e-05,0.5478515625,-1.1865260603372008e-05,-0.35506194829940796,-5.543541192309931e-05,0.2611459791660309,1.593762317497749e-05,-4.6859353460604325e-05,0.52734375,0.00010662232671165839,-0.9155644178390503,5.976298780296929e-05,0.22944125533103943,1.7754156260707532e-06,5.612684617517516e-05,0.5185546875,-6.053099423297681e-05,-2.0821542739868164,-4.404148057801649e-06,0.2473571002483368,8.47206320031546e-06,-8.66103800944984e-06,0.5166015625,6.239298090804368e-05,-0.3721500635147095,5.373194289859384e-05,0.22990626096725464,1.7256776118301786e-05,-0.00010067292168969288,0.484375,4.21496806666255e-05,-0.45234718918800354,-5.8523230109130964e-05,0.23162409663200378,9.170376870315522e-06,0.00013937153562437743,0.50830078125,3.723327608895488e-06,-0.2956855893135071,0.00014309484686236829,0.2386576235294342,1.7907481378642842e-05,-5.0190137699246407e-05,0.55908203125,3.662366361822933e-05,-0.026243649423122406,-1.356647590000648e-05,0.21372635662555695,3.864096288452856e-05,-0.00010568003199296072,0.56494140625,-3.3469350455561653e-06,0.06838192790746689,-0.00010902695794356987,0.2109488993883133,0.0025201987009495497,0.3443009853363037,0.34178078174591064,2.8722033500671387,0.310699462890625,0.18307560682296753,0.7998472452163696,0.6167716383934021,1.5439420938491821,0.3922892212867737,0.3035081923007965,0.9080612659454346,0.6045530438423157,1.3183159828186035,0.4993739724159241,0.4246254563331604,0.9187473058700562,0.49412187933921814,1.3161758184432983,0.6791120171546936,0.6357722282409668,0.9525824189186096,0.31681013107299805,1.2792203426361084,snapshot-mechanisms-v1,6,seeds/cell-013-496408283b62/seed-6/snapshots/step-000800.pt,800,800,7097b902cc3f3a43380d0b66433b0a90ecf3915af0cdb913b8b407b76daf38af,scaling-tuned-adamw-10seeds-v1,0.006574379280209541,8.454425551462919e-05,910013,5.027037695981562e-05,0.00018050054495688528,3.469643706921488e-05,7.701811227889266e-06,5.5276876082643867e-05,5.9371814131736755e-09,0.00018050054495688528,1.0021799802780151,4.025685484521091e-05,4.7575067583238706e-05,0.00018050054495688528,0.0
0.2747330963611603,0.3600505292415619,0.12001684308052063,0.2782754898071289,0.8863404989242554,0.3616740107536316,1.1410255432128906,0.2546849846839905,0.3000068962574005,0.10000230371952057,0.44206511974334717,1.6272313594818115,0.2579279839992523,0.9678266048431396,-0.6594048738479614,0.09310398250818253,0.031034663319587708,0.23559211194515228,2.3739356994628906,0.6713038682937622,3.7486724853515625,1.3747367858886719,0.1042705848813057,0.0347568616271019,0.15170061588287354,1.6202328205108643,0.7440288066864014,3.6489877700805664,2.0287551879882812,0.3637385964393616,0.12124620378017426,0.3663612902164459,1.6439247131347656,0.2699000835418701,1.3563814163208008,-0.2875434160232544,0.5493019819259644,0.1831006556749344,0.222111314535141,0.1455622762441635,0.22858670353889465,0.22966867685317993,0.08410639315843582,0.3316890299320221,0.1105630174279213,0.40050840377807617,2.228407859802246,0.26780256628990173,1.8185863494873047,-0.40982136130332947,0.4784683287143707,0.1594894528388977,0.2646811008453369,0.5161130428314209,0.25685057044029236,0.48199334740638733,-0.03411966189742088,512,1.838340163230896,1.008226990699768,0.9991406202316284,cell-013-496408283b62,13,496408283b620ac7004d3c225b2e67f62dacec1511e5f391732c0aa6a59b90dd,32,0.6454598307609558,11.333056449890137,0.36306899785995483,11.618207931518555,0.24141190946102142,0.0,2048,6462c87c5c2aa5cb0dcd6afe9c4a0fab1a45d764f9166f84c6184af6723f1b0e,910014,910000,True,9.216343460138887e-05,-0.00042956433026120067,0.5261778831481934,0.7939453125,0.00011283572530373931,0.00013284680608194321,4.468958650249988e-05,-0.00029671756783500314,True,0.00013546878471970558,-0.0001852122659329325,0.5401883125305176,0.79443359375,0.00019339736900292337,2.7186157240066677e-05,5.3149709856370464e-05,-0.00015802608686499298,64,1.0,9.101130126509815e-05,1.0,8.986191096482798e-05,0.003,seed-mechanisms-v2,4,0.0,32,4,2,adamw,0.48425787687301636,-0.014330128207802773,0.46233054995536804,0.4030478596687317,0.2392888069152832,0.4942358136177063,0.4503244161605835,1.0130908489227295,1.203979253768921,0.5041117668151855,0.9723189473152161,1.286872386932373,0.5192365646362305,0.3418799638748169,0.6975311040878296,0.478281706571579,0.18584764003753662,0.556268036365509,0.4368506073951721,0.4539502263069153,0.6688962578773499,0.4613676369190216,0.18703141808509827,0.5408642888069153,0.258507639169693,1.16317951324163e-05,3.0256238460424356e-05,0.55029296875,-1.061909642885439e-06,-0.22827626764774323,2.9194317903602496e-05,0.2641432583332062,1.276954571949318e-05,9.712240716908127e-05,0.5439453125,3.599739648052491e-05,-0.4696485996246338,0.00013311980001162738,0.26507559418678284,2.06640902433719e-06,-2.218096051365137e-05,0.5537109375,9.655626854510047e-06,-1.3418786525726318,-1.2525340935098939e-05,0.2748737931251526,4.371497198008001e-06,2.7435131414677016e-05,0.5400390625,-6.349154136842117e-05,-1.1163909435272217,-3.6056411772733554e-05,0.2030356377363205,8.879829692887142e-06,-2.9481449018931016e-05,0.5322265625,-4.4853535655420274e-05,-0.14218704402446747,-7.433498103637248e-05,0.14798761904239655,1.807554144761525e-05,-0.00018842078861780465,0.48583984375,-4.516645731200697e-06,-0.042255666106939316,-0.00019293741206638515,0.2246447503566742,1.4115037629380822e-05,-5.785523899248801e-05,0.5673828125,-1.0167776054004207e-05,0.02318681590259075,-6.802302959840745e-05,0.20615893602371216,1.3144087461114395e-05,4.005363734904677e-05,0.548828125,-5.6986784329637885e-05,0.006425395607948303,-1.6933154256548733e-05,0.12095661461353302,0.01656198501586914,0.4349052309989929,0.4183432459831238,2.8875339031219482,0.2095993012189865,0.1119101345539093,0.8463010787963867,0.7343909740447998,1.6882097721099854,0.26816868782043457,0.18599611520767212,0.9466661810874939,0.7606700658798218,1.3413479328155518,0.2765538692474365,0.19336363673210144,0.9551068544387817,0.7617432475090027,1.3220067024230957,0.3049159348011017,0.22149138152599335,0.9786774516105652,0.7571860551834106,1.2595797777175903,snapshot-mechanisms-v1,7,seeds/cell-013-496408283b62/seed-7/snapshots/step-000800.pt,800,800,7097b902cc3f3a43380d0b66433b0a90ecf3915af0cdb913b8b407b76daf38af,scaling-tuned-adamw-10seeds-v1,0.0050151776522397995,5.135606261319481e-05,910015,4.0629540308145806e-05,9.408585901837796e-05,1.7869751900434494e-05,2.2108497432782315e-06,1.762476676958613e-05,2.5029294192790985e-09,9.408585901837796e-05,0.999272346496582,1.796180549717974e-05,1.54139179358026e-05,9.408585901837796e-05,0.0
0.2696351706981659,0.050204820930957794,0.016734939068555832,0.23928719758987427,3.1381611824035645,0.7105079889297485,4.657312870025635,1.5191519260406494,0.3828136920928955,0.12760457396507263,0.14606955647468567,-0.009747922420501709,0.47111672163009644,1.34182608127594,1.3515739440917969,0.28991514444351196,0.09663838148117065,0.2835162878036499,1.0346225500106812,0.42656856775283813,1.5723960399627686,0.537773609161377,0.12201972305774689,0.04067324101924896,0.24263711273670197,2.2776238918304443,0.6353431344032288,3.4603919982910156,1.1827681064605713,0.4136960506439209,0.13789869844913483,0.286487340927124,0.8388253450393677,0.2998165488243103,0.8939937949180603,0.055168427526950836,0.9452725648880005,0.3150908350944519,0.034718841314315796,-9.670923233032227,0.02000865712761879,-10.127347946166992,-0.4564255475997925,0.3287726044654846,0.10959087312221527,0.41341644525527954,1.5710272789001465,0.25781095027923584,1.1138304471969604,-0.45719677209854126,0.40731894969940186,0.1357729732990265,0.27676770091056824,0.87047278881073,0.3159133791923523,1.0074505805969238,0.13697773218154907,512,1.8467011451721191,1.016812801361084,0.9999628067016602,cell-013-496408283b62,13,496408283b620ac7004d3c225b2e67f62dacec1511e5f391732c0aa6a59b90dd,32,0.6579272150993347,11.852068901062012,0.37702280282974243,12.064729690551758,0.2325373739004135,0.0,2048,6462c87c5c2aa5cb0dcd6afe9c4a0fab1a45d764f9166f84c6184af6723f1b0e,910016,910000,True,0.00010649020259734243,-5.759591294918209e-05,0.5626840591430664,0.8271484375,0.00015707017155364156,-0.00012811494525521994,4.9544687499292195e-05,-0.00018571090186014771,True,0.000224435338168405,-0.00088043964933604,0.6351560354232788,0.86376953125,0.00032888486748561263,0.0010614647762849927,7.89311743574217e-05,0.0001810251415008679,64,1.0,9.844046871876344e-05,1.0,0.00019561295630410314,0.003,seed-mechanisms-v2,4,0.0,32,4,2,adamw,0.535440981388092,1.1414486169815063,1.6097698211669922,0.536609947681427,0.5024689435958862,0.8522411584854126,0.4492323398590088,0.21130190789699554,0.5360170602798462,0.40850937366485596,0.9132530093193054,0.9874688386917114,0.4398251175880432,0.08628962188959122,0.4649582505226135,0.4735868573188782,0.8210799694061279,1.0317203998565674,0.5532814264297485,0.6222846508026123,0.9993899464607239,0.5432223081588745,-0.5340455174446106,0.30731573700904846,0.26775336265563965,7.147746146074496e-07,2.1808891688124277e-05,0.53857421875,5.832324313814752e-05,-1.4002294540405273,8.01321366452612e-05,0.2402149736881256,1.542264908493962e-05,-3.11703588522505e-05,0.51416015625,-6.71050074743107e-05,-0.7625837326049805,-9.827535541262478e-05,0.26341527700424194,1.4995787751104217e-05,-4.9149741244036704e-05,0.5224609375,-4.3667430873028934e-05,-0.5008813142776489,-9.281716484110802e-05,0.2623569965362549,1.8026277075477992e-06,9.035081347974483e-06,0.5126953125,0.00010606167779769748,-1.2159404754638672,0.00011509675823617727,0.16003155708312988,7.322025339817628e-06,-4.835330037167296e-05,0.46630859375,5.4949465265963227e-05,-0.2910092771053314,6.596155799343251e-06,0.1263696402311325,3.3061846806958783e-06,-1.3268629118101671e-05,0.490234375,-6.718305485264864e-07,-0.1519957035779953,-1.3940464668849017e-05,0.18261127173900604,1.621480259927921e-05,3.1872794352239e-05,0.4765625,-4.392818664200604e-05,-0.08292641490697861,-1.2055388651788235e-05,0.15992319583892822,5.58193278266117e-06,-9.608861000742763e-05,0.5263671875,1.5958608855726197e-05,0.015513804741203785,-8.012999751372263e-05,0.1831209361553192,0.027267511934041977,0.5433685183525085,0.5161010026931763,2.9366655349731445,0.20244860649108887,0.10187200456857681,0.8839526176452637,0.7820805311203003,1.5162353515625,0.31566599011421204,0.24612385034561157,0.9562476873397827,0.7101238965988159,1.3057547807693481,0.37102657556533813,0.28391849994659424,0.9474174976348877,0.6634989380836487,1.3181452751159668,0.36228200793266296,0.2810288071632385,0.9734803438186646,0.6924515962600708,1.248448133468628,snapshot-mechanisms-v1,8,seeds/cell-013-496408283b62/seed-8/snapshots/step-000800.pt,800,800,7097b902cc3f3a43380d0b66433b0a90ecf3915af0cdb913b8b407b76daf38af,scaling-tuned-adamw-10seeds-v1,0.005204178858548403,0.00016357422282453626,910017,4.4053420424461365e-05,0.00010356067650718614,1.5633351722499356e-05,6.21522440269473e-06,2.6872545277001336e-05,2.473825588822365e-09,0.00010356067650718614,0.9998921155929565,1.7001359083224088e-05,2.0657320419559255e-05,0.00010356067650718614,0.0
0.3199407160282135,0.13263842463493347,0.044212810695171356,0.30800795555114746,1.9785465002059937,0.5593536496162415,2.945145845413208,0.9665994048118591,0.1921026110649109,0.06403420120477676,0.25962817668914795,1.5748844146728516,0.5482692122459412,2.516383171081543,0.9414986371994019,0.1690179705619812,0.0563393197953701,0.38874244689941406,2.2410454750061035,0.44223958253860474,2.4290037155151367,0.18795812129974365,0.07458710670471191,0.024862369522452354,0.23020707070827484,2.220667839050293,0.695205807685852,3.98775577545166,1.7670878171920776,0.3469693660736084,0.11565645039081573,0.38481950759887695,1.5851545333862305,0.2682111859321594,1.2383627891540527,-0.3467918038368225,0.608158528804779,0.20271950960159302,0.21212075650691986,0.02651541866362095,0.17972072958946228,-0.13672330975532532,-0.1632387340068817,0.3941516876220703,0.13138391077518463,0.3126811981201172,1.0556724071502686,0.2931671142578125,0.9951793551445007,-0.06049305945634842,0.38875773549079895,0.12958592176437378,0.26908940076828003,1.2676560878753662,0.34215283393859863,1.5372400283813477,0.269584059715271,512,1.8269057273864746,0.9867412447929382,0.9995192289352417,cell-013-496408283b62,13,496408283b620ac7004d3c225b2e67f62dacec1511e5f391732c0aa6a59b90dd,32,0.6057848930358887,12.773600578308105,0.4045119285583496,12.944381713867188,0.22076822817325592,0.0,2048,6462c87c5c2aa5cb0dcd6afe9c4a0fab1a45d764f9166f84c6184af6723f1b0e,910018,910000,True,8.176625851774588e-05,0.0003339886316098273,0.4985893964767456,0.75341796875,9.121664334088564e-05,8.004099072422832e-05,3.997229941887781e-05,0.0004140295786783099,True,0.0005507341120392084,-0.00014858099166303873,0.6728993058204651,0.88134765625,0.0006359464023262262,0.00020661292364820838,5.259157114778645e-05,5.803195381304249e-05,64,1.0,0.00014740150072611868,1.0,0.0003443951136432588,0.003,seed-mechanisms-v2,4,0.0,32,4,2,adamw,0.4665828049182892,0.965063214302063,1.1714770793914795,0.47621583938598633,0.9118720293045044,1.1401276588439941,0.4572548270225525,0.6685274243354797,0.8651254177093506,0.5547974109649658,1.2127419710159302,1.7926843166351318,0.4111276865005493,0.34769731760025024,0.5619043111801147,0.35881537199020386,0.7961266040802002,0.7673221826553345,0.5467395782470703,0.06960265338420868,0.5639966726303101,0.4272744655609131,0.301624596118927,0.5552809238433838,0.2574721574783325,5.298014457366662e-06,-7.990617632458452e-06,0.521484375,-0.00013471524289343506,-1.1639416217803955,-0.0001427058596163988,0.26360607147216797,5.358385351428296e-06,1.7012960597639903e-05,0.52197265625,0.00013548517017625272,-0.9704585075378418,0.00015249813441187143,0.27094584703445435,4.28825387643883e-06,-0.00015199676272459328,0.54052734375,5.455043719848618e-05,-1.062042474746704,-9.744631825014949e-05,0.2635698914527893,1.990820919672842e-06,-4.172089393250644e-05,0.55224609375,-3.6268174881115556e-05,-1.4692564010620117,-7.798908336553723e-05,0.17595843970775604,7.887785614002496e-06,-1.5396784874610603e-05,0.50390625,5.014155976823531e-05,-0.09758083522319794,3.474476397968829e-05,0.18583866953849792,5.217999387241434e-06,2.8555474273161963e-05,0.5,-1.4225291124603245e-05,-0.05948071926832199,1.4330187696032226e-05,0.15608182549476624,8.02494105300866e-06,-1.7091668269131333e-05,0.50830078125,2.5987417757278308e-05,-0.06815049052238464,8.895742212189361e-06,0.19910423457622528,1.846812665462494e-05,3.172598371747881e-05,0.5546875,3.0324679755722173e-05,0.02327917516231537,6.205066165421158e-05,0.16539818048477173,-0.04399342089891434,0.44836699962615967,0.4923604130744934,2.952138900756836,0.22102227807044983,0.1497763693332672,0.9089504480361938,0.759174108505249,1.422966718673706,0.21836405992507935,0.14191101491451263,0.9618387818336487,0.8199278116226196,1.274739384651184,0.23195606470108032,0.15245527029037476,0.963335394859314,0.8108800649642944,1.2719917297363281,0.22945444285869598,0.14599308371543884,0.9859504699707031,0.8399573564529419,1.2137527465820312,snapshot-mechanisms-v1,9,seeds/cell-013-496408283b62/seed-9/snapshots/step-000800.pt,800,800,7097b902cc3f3a43380d0b66433b0a90ecf3915af0cdb913b8b407b76daf38af,scaling-tuned-adamw-10seeds-v1,0.004893241450190544,0.0002628755464684218,910019,7.500719220843166e-05,0.0002730340347625315,4.772592001245357e-05,3.0300392609206028e-05,0.00010654704965418205,3.725290298461914e-09,0.00027303400565870106,0.9993584156036377,4.375384742161259e-05,7.624665886396542e-05,0.00027303400565870106,0.0
0.4782930016517639,0.07291971147060394,0.02430656924843788,0.09815213829278946,1.654395341873169,0.8289281725883484,3.9458494186401367,2.2914538383483887,,,,,,,,,,,,,,,,,,,,,,0.35774704813957214,0.11924902349710464,0.3710395097732544,1.2562744617462158,0.2712134122848511,0.9537582397460938,-0.3025161623954773,,,,,,,,,,,,,,,,,,,,,,512,1.8317593336105347,0.9958744049072266,0.9996025562286377,cell-014-878540454dfb,14,878540454dfb38d262f1ce82c49deb686e9c1c4a1534aebac3b29c305b909682,32,0.648690402507782,18.515172958374023,0.1464017629623413,18.739425659179688,0.21592654287815094,0.15369465587356798,2048,6462c87c5c2aa5cb0dcd6afe9c4a0fab1a45d764f9166f84c6184af6723f1b0e,910000,910000,True,0.0001954610925167799,0.0005491648335009813,0.5365265011787415,0.791015625,7.022832141956314e-05,-0.000315711775328964,0.00016205203428398818,0.0002334530436201021,True,0.0001381818437948823,0.00023592609795741737,0.5526687502861023,0.8154296875,0.00027809725725091994,1.0786461643874645e-06,0.0001461483188904822,0.00023700475867372006,64,1.0,0.00017299075261689723,1.0,0.0001647520693950355,0.003,seed-mechanisms-v2,4,0.0,128,1,2,adamw,0.8934677839279175,1.2364208698272705,3.031141757965088,,,,,,,,,,0.989733099937439,0.3935936689376831,1.443793535232544,,,,,,,,,,0.26653432846069336,4.9164973461302e-06,1.1229360097786412e-05,0.52587890625,0.000492049497552216,-1.4477834701538086,0.0005032788612879813,,,,,,,,,,,,,,,,,,,,,,0.2898477017879486,2.091058013320435e-05,2.9982373234815896e-05,0.6435546875,2.2969330530031584e-05,-0.08584241569042206,5.2951701945858076e-05,,,,,,,,,,,,,,,,,,,,,,0.19808894395828247,0.05281567573547363,0.46939462423324585,0.41657891869544983,2.8674960136413574,0.23033833503723145,0.14019808173179626,0.9657258987426758,0.8255277872085571,1.4227068424224854,0.5071108341217041,0.44057124853134155,0.9817193746566772,0.5411480665206909,1.3459663391113281,0.5881913304328918,0.5327453017234802,0.9869726300239563,0.4542273283004761,1.3233040571212769,0.5541752576828003,0.49710556864738464,0.9904612302780151,0.4933556318283081,1.267343521118164,snapshot-mechanisms-v1,0,seeds/cell-014-878540454dfb/seed-0/snapshots/step-000800.pt,800,800,7097b902cc3f3a43380d0b66433b0a90ecf3915af0cdb913b8b407b76daf38af,scaling-tuned-adamw-10seeds-v1,0.004119431599974632,0.00013442641647998244,910001,4.423820064403117e-05,0.00012068284559063613,2.0226547349011526e-05,2.0445870632102014e-06,2.3178030460258015e-05,4.190951585769653e-09,0.0001206828310387209,0.999628484249115,3.30400544044096e-05,2.113344453391619e-05,0.0001206828310387209,0.0
0.6014924049377441,0.05464953929185867,0.018216514959931374,0.2814718782901764,3.1102752685546875,0.6638785600662231,4.074932098388672,0.9646567106246948,,,,,,,,,,,,,,,,,,,,,,0.16100464761257172,0.05366821587085724,0.22800439596176147,2.457977056503296,0.6109909415245056,3.812962532043457,1.354985237121582,,,,,,,,,,,,,,,,,,,,,,512,1.6429935693740845,0.9966421127319336,0.9980882406234741,cell-014-878540454dfb,14,878540454dfb38d262f1ce82c49deb686e9c1c4a1534aebac3b29c305b909682,32,0.6719712615013123,19.761133193969727,0.15617413818836212,19.99028968811035,0.20816782116889954,0.15369465587356798,2048,6462c87c5c2aa5cb0dcd6afe9c4a0fab1a45d764f9166f84c6184af6723f1b0e,910002,910000,True,2.4662076612003148e-05,0.00015023467130959034,0.5579933524131775,0.80810546875,3.500980164972134e-05,-0.00034111033892259,1.446625537937507e-05,-0.00019087566761299968,True,0.00012971789692528546,6.4234191086143255e-06,0.5723497867584229,0.822265625,0.00018273208115715533,-0.00011529870243975893,3.4909309761133045e-05,-0.00010887524695135653,64,1.0,0.0001280323340324685,1.0,0.0001275514077860862,0.003,seed-mechanisms-v2,4,0.0,128,1,2,adamw,0.9567516446113586,0.618192195892334,1.747813105583191,,,,,,,,,,0.933051347732544,0.9690681099891663,2.4119088649749756,,,,,,,,,,0.27220582962036133,3.493718850222649e-06,3.391387508600019e-05,0.53955078125,-0.00019085718668065965,-1.1055920124053955,-0.0001569433370605111,,,,,,,,,,,,,,,,,,,,,,0.26839596033096313,2.1546007701545022e-05,-4.3549658585106954e-05,0.5283203125,1.0380208550486714e-05,-0.34426426887512207,-3.316943912068382e-05,,,,,,,,,,,,,,,,,,,,,,0.120172418653965,-0.07461389899253845,0.33091992139816284,0.4055337905883789,2.8651692867279053,0.15847539901733398,0.06891527771949768,0.8621879816055298,0.7932727336883545,1.7896182537078857,0.23140990734100342,0.13997633755207062,0.9023652076721191,0.7623888254165649,1.6212669610977173,0.28337615728378296,0.21484875679016113,0.9649243354797363,0.7500755786895752,1.3367891311645508,0.3238523602485657,0.2636038064956665,0.9774634838104248,0.7138596773147583,1.2796599864959717,snapshot-mechanisms-v1,1,seeds/cell-014-878540454dfb/seed-1/snapshots/step-000800.pt,800,800,7097b902cc3f3a43380d0b66433b0a90ecf3915af0cdb913b8b407b76daf38af,scaling-tuned-adamw-10seeds-v1,0.003452152945101261,3.2863961678231135e-05,910003,5.306210368871689e-05,0.00013482951908372343,1.0959638530039228e-05,6.212047196640924e-07,2.5407471184735186e-05,4.016328603029251e-09,0.00013482954818755388,0.998085618019104,4.540032387012616e-05,2.4786266294540837e-05,0.00013482954818755388,0.0
0.4966796636581421,0.04248671233654022,0.014162236824631691,0.20965658128261566,3.147996187210083,0.7478567361831665,4.611680030822754,1.463683843612671,,,,,,,,,,,,,,,,,,,,,,0.3132740557193756,0.10442469269037247,0.3226364254951477,2.1624255180358887,0.3640894889831543,2.3414697647094727,0.17904436588287354,,,,,,,,,,,,,,,,,,,,,,512,1.741000771522522,0.9876241683959961,1.0015863180160522,cell-014-878540454dfb,14,878540454dfb38d262f1ce82c49deb686e9c1c4a1534aebac3b29c305b909682,32,0.7133739590644836,19.389894485473633,0.15354692935943604,19.654006958007812,0.2095634639263153,0.15369465587356798,2048,6462c87c5c2aa5cb0dcd6afe9c4a0fab1a45d764f9166f84c6184af6723f1b0e,910004,910000,True,2.9852133593522012e-05,-5.630730447592214e-05,0.47540032863616943,0.74072265625,1.9604121916927397e-05,-0.00011459534289315343,4.455161251826212e-05,-0.00017090264009311795,True,7.869668479543179e-05,6.944859342183918e-05,0.6106146574020386,0.8505859375,0.00010346992348786443,-0.00020659578149206936,3.209771966794506e-05,-0.00013714717351831496,64,1.0,0.0002025373833021149,1.0,0.00020945246797055006,0.003,seed-mechanisms-v2,4,0.0,128,1,2,adamw,0.8978886604309082,1.0475902557373047,2.5219664573669434,,,,,,,,,,1.0171589851379395,0.6268846988677979,1.8684402704238892,,,,,,,,,,0.26371854543685913,3.821439804596594e-06,1.9304681700305082e-05,0.53125,-0.000308973656501621,-1.2408262491226196,-0.0002896689693443477,,,,,,,,,,,,,,,,,,,,,,0.2284581959247589,1.576467366248835e-05,-1.0267103789374232e-06,0.53564453125,-1.8907803678303026e-05,-0.026393398642539978,-1.9934515876229852e-05,,,,,,,,,,,,,,,,,,,,,,0.1346644014120102,-0.11482061445713043,0.3564533591270447,0.4712739586830139,3.0495338439941406,0.16992230713367462,0.050466760993003845,0.9185839295387268,0.8681171536445618,1.6096105575561523,0.2519938051700592,0.15475070476531982,0.9492813348770142,0.7945306301116943,1.4321353435516357,0.23728063702583313,0.14560063183307648,0.9767751693725586,0.8311746120452881,1.2965322732925415,0.30617430806159973,0.22586624324321747,0.9872559309005737,0.7613897323608398,1.257476806640625,snapshot-mechanisms-v1,2,seeds/cell-014-878540454dfb/seed-2/snapshots/step-000800.pt,800,800,7097b902cc3f3a43380d0b66433b0a90ecf3915af0cdb913b8b407b76daf38af,scaling-tuned-adamw-10seeds-v1,0.0028986341785639524,2.383585524512455e-05,910005,8.01047935965471e-05,0.0002087490283884108,2.734885856625624e-05,2.9323146009119228e-06,3.7359284760896116e-05,2.2351741790771484e-08,0.00020874899928458035,1.0017204284667969,6.39360659988597e-05,3.44269719789736e-05,0.00020874899928458035,0.0
0.46213334798812866,0.0016861545154824853,0.0005620514857582748,0.997719407081604,8.723502159118652,0.0005944399745203555,0.04316829890012741,-8.680334091186523,,,,,,,,,,,,,,,,,,,,,,0.019971389323472977,0.00665713008493185,0.04913714528083801,5.006012439727783,0.9308913946151733,8.295068740844727,3.2890560626983643,,,,,,,,,,,,,,,,,,,,,,512,1.7868279218673706,1.008280634880066,1.0007073879241943,cell-014-878540454dfb,14,878540454dfb38d262f1ce82c49deb686e9c1c4a1534aebac3b29c305b909682,32,0.7331262230873108,20.27465057373047,0.1610231250524521,20.610960006713867,0.2049306184053421,0.15369465587356798,2048,6462c87c5c2aa5cb0dcd6afe9c4a0fab1a45d764f9166f84c6184af6723f1b0e,910006,910000,True,1.4538204595737625e-07,3.1109366318560205e-06,0.474994033575058,0.7392578125,1.1607645689082347e-07,-4.303476998757105e-06,9.92454403103693e-08,-1.1925408216484357e-06,True,7.25684076314792e-05,3.999429463874549e-05,0.5267956256866455,0.77978515625,0.00012908592179883271,-9.889308421406895e-05,5.313682049745694e-05,-5.88987568335142e-05,64,1.0,8.843641262501478e-05,1.0,8.810688450466841e-05,0.003,seed-mechanisms-v2,4,0.0,128,1,2,adamw,1.3254129886627197,-0.38994836807250977,0.8851923942565918,,,,,,,,,,0.945564866065979,1.5292980670928955,4.287385940551758,,,,,,,,,,0.2825113534927368,7.80470372774289e-08,-5.172649707674282e-06,0.55517578125,3.878699317283463e-06,-0.6576669216156006,-1.2939501630171435e-06,,,,,,,,,,,,,,,,,,,,,,0.20449477434158325,7.280263162101619e-06,-3.811401256825775e-07,0.50634765625,2.8065653168596327e-05,-1.1216745376586914,2.7684534870786592e-05,,,,,,,,,,,,,,,,,,,,,,0.1343439519405365,-0.07659374922513962,0.21490076184272766,0.2914944887161255,2.9791712760925293,0.16849686205387115,-0.0770396739244461,0.426327645778656,0.5033673048019409,2.7526962757110596,0.11273519694805145,-0.015181828290224075,0.6629176139831543,0.6780994534492493,2.57228422164917,0.12496232241392136,0.02927379310131073,0.8651278018951416,0.8358539938926697,1.8191609382629395,0.177787184715271,0.09368807822465897,0.938857913017273,0.8451699018478394,1.4046456813812256,snapshot-mechanisms-v1,3,seeds/cell-014-878540454dfb/seed-3/snapshots/step-000800.pt,800,800,7097b902cc3f3a43380d0b66433b0a90ecf3915af0cdb913b8b407b76daf38af,scaling-tuned-adamw-10seeds-v1,0.0020243036560714245,3.7330566556192935e-05,910007,3.536705480655655e-05,0.00012185439845779911,2.694539216463454e-05,2.5428066692256834e-06,2.2558841010322794e-05,2.6775524020195007e-09,0.00012185438390588388,1.0006235837936401,3.69830995623488e-05,2.001603388634976e-05,0.00012185437662992626,0.0
0.4974815249443054,0.039937980473041534,0.01331266202032566,0.175859272480011,3.002953290939331,0.7842027544975281,4.670469284057617,1.6675162315368652,,,,,,,,,,,,,,,,,,,,,,0.37229281663894653,0.12409760802984238,0.2795366644859314,3.0300753116607666,0.34817051887512207,3.2380056381225586,0.20793035626411438,,,,,,,,,,,,,,,,,,,,,,512,1.9948009252548218,1.0054292678833008,1.0010137557983398,cell-014-878540454dfb,14,878540454dfb38d262f1ce82c49deb686e9c1c4a1534aebac3b29c305b909682,32,0.6719726920127869,18.881507873535156,0.1486266553401947,19.024211883544922,0.2136366367340088,0.15369465587356798,2048,6462c87c5c2aa5cb0dcd6afe9c4a0fab1a45d764f9166f84c6184af6723f1b0e,910008,910000,True,0.00029315362917259336,0.00039591011591255665,0.6154846549034119,0.86474609375,4.5488915930036455e-05,8.438212535111234e-05,0.00045487398165278137,0.00048029216122813523,True,8.085015724645928e-05,0.0001711375662125647,0.51515132188797,0.7724609375,0.0005082235438749194,0.0005458623054437339,0.0008629470248706639,0.0007169999298639596,64,0.99951171875,0.001797393779270351,1.0,9.773901547305286e-05,0.003,seed-mechanisms-v2,4,0.0,128,1,2,adamw,0.8970698714256287,1.3595902919769287,3.4457788467407227,,,,,,,,,,1.0251846313476562,0.5496582984924316,1.7432935237884521,,,,,,,,,,0.25933682918548584,6.175772796268575e-06,-6.0399579524528235e-05,0.5263671875,0.0007247005123645067,-1.3822100162506104,0.0006643011583946645,,,,,,,,,,,,,,,,,,,,,,0.17790688574314117,1.0217026101599913e-05,0.00012384734873194247,0.5166015625,0.0001535092742415145,-0.04241649806499481,0.0002773565938696265,,,,,,,,,,,,,,,,,,,,,,0.15558478236198425,-0.05534787476062775,0.40957844257354736,0.4649263322353363,2.948686361312866,0.18147015571594238,0.09951343387365341,0.9598099589347839,0.8602966070175171,1.3993089199066162,0.3108976185321808,0.24410678446292877,0.9812309741973877,0.7371242046356201,1.2984209060668945,0.3359675407409668,0.2721264362335205,0.98874831199646,0.7166219353675842,1.255935788154602,0.37059658765792847,0.31005626916885376,0.9914478659629822,0.6813915967941284,1.2447404861450195,snapshot-mechanisms-v1,4,seeds/cell-014-878540454dfb/seed-4/snapshots/step-000800.pt,800,800,7097b902cc3f3a43380d0b66433b0a90ecf3915af0cdb913b8b407b76daf38af,scaling-tuned-adamw-10seeds-v1,0.003291991539299488,0.0017551352502778172,910009,0.00016001879703253508,0.0005771421128883958,0.00012827907630708069,6.133034730737563e-06,0.00014226377243176103,5.960464477539063e-08,0.0005771421710960567,1.0011701583862305,0.00014658048166893423,0.00013613072223961353,0.0005771421128883958,0.0
0.5152781009674072,0.03754374384880066,0.01251458190381527,0.13335222005844116,2.9193015098571777,0.8291040062904358,5.050310134887695,2.131009101867676,,,,,,,,,,,,,,,,,,,,,,0.3169252872467041,0.10564176738262177,0.3634662926197052,2.521780490875244,0.3196083903312683,2.40278959274292,-0.11899110674858093,,,,,,,,,,,,,,,,,,,,,,512,1.670223355293274,0.9766662120819092,1.0007151365280151,cell-014-878540454dfb,14,878540454dfb38d262f1ce82c49deb686e9c1c4a1534aebac3b29c305b909682,32,0.6872957348823547,18.51861572265625,0.1461912989616394,18.712486267089844,0.21474765241146088,0.15369465587356798,2048,6462c87c5c2aa5cb0dcd6afe9c4a0fab1a45d764f9166f84c6184af6723f1b0e,910010,910000,True,0.0018802637932822108,0.0008818811038509011,0.5004645586013794,0.7509765625,0.00012405854067765176,0.0003224122629035264,0.0028980255592614412,0.001204293454065919,True,6.688002031296492e-05,3.337999078212306e-05,0.5088719129562378,0.810546875,0.00015971099492162466,0.00041208736365661025,0.00028909259708598256,0.00044546733261086047,64,1.0,0.00023999846598599106,1.0,0.0002078093239106238,0.003,seed-mechanisms-v2,4,0.0,128,1,2,adamw,0.9583302736282349,0.9077878594398499,2.3470890522003174,,,,,,,,,,1.1200554370880127,0.5287622213363647,1.8566298484802246,,,,,,,,,,0.25434353947639465,1.8454582004778786e-06,-1.3222206689533778e-05,0.521484375,0.0013552638702094555,-1.4614540338516235,0.0013420416507869959,,,,,,,,,,,,,,,,,,,,,,0.16924940049648285,3.842963633360341e-05,0.00014633635873906314,0.47900390625,7.654452201677486e-05,-0.11061711609363556,0.00022288085892796516,,,,,,,,,,,,,,,,,,,,,,0.19387497007846832,-0.026173420250415802,0.38771939277648926,0.41389280557632446,3.130255699157715,0.283928781747818,0.19619500637054443,0.9297860860824585,0.7335910201072693,1.694514274597168,0.36108720302581787,0.3045615553855896,0.9619088172912598,0.6573473215103149,1.4214589595794678,0.3450009524822235,0.2857844829559326,0.9806993007659912,0.694914698600769,1.3088481426239014,0.36831963062286377,0.30667993426322937,0.9911790490150452,0.6844991445541382,1.2552616596221924,snapshot-mechanisms-v1,5,seeds/cell-014-878540454dfb/seed-5/snapshots/step-000800.pt,800,800,7097b902cc3f3a43380d0b66433b0a90ecf3915af0cdb913b8b407b76daf38af,scaling-tuned-adamw-10seeds-v1,0.003092221450060606,8.211193198803812e-05,910011,0.00036652019480243325,0.0014681812608614564,0.0003433490637689829,4.080661528860219e-05,0.00040900506428442895,5.960464477539063e-08,0.0014681813772767782,1.0005688667297363,0.00034930696710944176,0.00036819843808189034,0.0014681812608614564,0.0
0.497882604598999,0.06300114095211029,0.02100037969648838,0.10831551253795624,1.9141757488250732,0.8286833763122559,4.144759178161621,2.230583667755127,,,,,,,,,,,,,,,,,,,,,,0.30900096893310547,0.10300033539533615,0.39991647005081177,1.7248824834823608,0.2910825312137604,1.4064793586730957,-0.3184031844139099,,,,,,,,,,,,,,,,,,,,,,512,1.7883833646774292,1.0001990795135498,1.0045708417892456,cell-014-878540454dfb,14,878540454dfb38d262f1ce82c49deb686e9c1c4a1534aebac3b29c305b909682,32,0.722395122051239,19.086467742919922,0.15075254440307617,19.29632568359375,0.2119886577129364,0.15369465587356798,2048,6462c87c5c2aa5cb0dcd6afe9c4a0fab1a45d764f9166f84c6184af6723f1b0e,910012,910000,True,1.398285439790925e-05,5.274884824757464e-05,0.39820194244384766,0.64697265625,9.521640095044859e-06,-3.455111072980799e-05,1.275128306588158e-05,1.819774115574546e-05,True,4.4138869270682335e-05,-1.3981334632262588e-06,0.5241429805755615,0.7900390625,9.316440991824493e-05,7.432002894347534e-05,2.424913691356778e-05,7.292187365237623e-05,64,1.0,0.0001143368863267824,1.0,0.00011876830831170082,0.003,seed-mechanisms-v2,4,0.0,128,1,2,adamw,0.9206516742706299,1.0851259231567383,2.694713830947876,,,,,,,,,,0.8870701789855957,0.6482532620429993,1.6719181537628174,,,,,,,,,,0.2447122037410736,2.2733643163519446e-06,-6.987237611610908e-06,0.515625,7.783144246786833e-05,-1.3777750730514526,7.084421667968854e-05,,,,,,,,,,,,,,,,,,,,,,0.17558488249778748,2.2849308152217418e-05,4.6624285459984094e-05,0.470703125,4.452644134289585e-06,-0.45229846239089966,5.107693141326308e-05,,,,,,,,,,,,,,,,,,,,,,0.09912330657243729,-0.1144568920135498,0.3538888692855835,0.4683457612991333,3.164702892303467,0.20402738451957703,0.12329114228487015,0.9527392983436584,0.8294481039047241,1.6053885221481323,0.275192528963089,0.1984853893518448,0.9805989861488342,0.7821135520935059,1.3427273035049438,0.24751468002796173,0.16375413537025452,0.9888553023338318,0.8251011967658997,1.2547436952590942,0.28989213705062866,0.21294814348220825,0.9928141832351685,0.7798660397529602,1.2203031778335571,snapshot-mechanisms-v1,6,seeds/cell-014-878540454dfb/seed-6/snapshots/step-000800.pt,800,800,7097b902cc3f3a43380d0b66433b0a90ecf3915af0cdb913b8b407b76daf38af,scaling-tuned-adamw-10seeds-v1,0.0030382038094103336,2.2665713913738728e-05,910013,4.633830758393742e-05,0.00012430379865691066,1.1969728802796453e-05,1.4373181329574436e-06,1.6554124158574268e-05,4.3655745685100555e-09,0.00012430379865691066,1.0045337677001953,4.944165266351774e-05,1.5116805116122123e-05,0.00012430379865691066,0.0
0.45754390954971313,0.07067739963531494,0.02355913445353508,0.17185603082180023,2.2828025817871094,0.7574665546417236,3.8589134216308594,1.576110601425171,,,,,,,,,,,,,,,,,,,,,,0.34449875354766846,0.11483292281627655,0.35948795080184937,1.457085132598877,0.2960132956504822,1.2691500186920166,-0.18793514370918274,,,,,,,,,,,,,,,,,,,,,,512,1.7492886781692505,1.0021905899047852,1.002305269241333,cell-014-878540454dfb,14,878540454dfb38d262f1ce82c49deb686e9c1c4a1534aebac3b29c305b909682,32,0.7729460000991821,19.5361270904541,0.1546226143836975,19.79169464111328,0.20914828777313232,0.15369465587356798,2048,6462c87c5c2aa5cb0dcd6afe9c4a0fab1a45d764f9166f84c6184af6723f1b0e,910014,910000,True,1.2118168342567515e-05,-0.00010186943836743012,0.4141126275062561,0.68505859375,1.5248351701302454e-05,0.00013722979929298162,1.1787980838562362e-05,3.536037547746673e-05,True,4.2880688852164894e-05,-8.089188486337662e-05,0.5770906209945679,0.82275390625,5.826382039231248e-05,0.0001679590786807239,1.618693204363808e-05,8.706720836926252e-05,64,1.0,6.334799400065094e-05,1.0,6.277587090153247e-05,0.003,seed-mechanisms-v2,4,0.0,128,1,2,adamw,0.8772501945495605,1.2390176057815552,2.9842336177825928,,,,,,,,,,1.057490348815918,-0.07740625739097595,0.9641528129577637,,,,,,,,,,0.27721819281578064,3.2515235943719745e-06,4.377692312118597e-05,0.5341796875,-7.604074926348403e-05,-0.9566952586174011,-3.226382250431925e-05,,,,,,,,,,,,,,,,,,,,,,0.2049407660961151,7.955653018143494e-06,1.7975253285840154e-05,0.50830078125,3.863448910124134e-06,-0.2373247593641281,2.1838695829501376e-05,,,,,,,,,,,,,,,,,,,,,,0.13466602563858032,-0.0142978485673666,0.3933592736721039,0.40765711665153503,2.889991044998169,0.15378671884536743,0.056130118668079376,0.9459999203681946,0.8898698091506958,1.3986997604370117,0.31881505250930786,0.2594341039657593,0.9726535081863403,0.713219404220581,1.2904616594314575,0.3470313847064972,0.28680601716041565,0.9808320999145508,0.6940261125564575,1.2666988372802734,0.34816083312034607,0.29094159603118896,0.9872269630432129,0.6962853670120239,1.236006498336792,snapshot-mechanisms-v1,7,seeds/cell-014-878540454dfb/seed-7/snapshots/step-000800.pt,800,800,7097b902cc3f3a43380d0b66433b0a90ecf3915af0cdb913b8b407b76daf38af,scaling-tuned-adamw-10seeds-v1,0.0023373826406896114,1.3162061804905534e-05,910015,2.644083542691078e-05,6.850362115073949e-05,5.768013579654507e-06,6.509476406790782e-07,1.0204011232417542e-05,4.43833414465189e-09,6.850363570265472e-05,1.0022556781768799,2.6090774554177187e-05,9.553063136991113e-06,6.850363570265472e-05,0.0
0.5406787395477295,0.03767502307891846,0.012558341026306152,0.10726460814476013,2.6274380683898926,0.855060338973999,4.967953681945801,2.3405163288116455,,,,,,,,,,,,,,,,,,,,,,0.3701728582382202,0.12339096516370773,0.26758062839508057,1.8266677856445312,0.3622465133666992,2.124600410461426,0.29793262481689453,,,,,,,,,,,,,,,,,,,,,,512,1.7449208498001099,0.9962533712387085,0.9995592832565308,cell-014-878540454dfb,14,878540454dfb38d262f1ce82c49deb686e9c1c4a1534aebac3b29c305b909682,32,0.6842312812805176,18.632213592529297,0.14729073643684387,18.853214263916016,0.21468883752822876,0.15369465587356798,2048,6462c87c5c2aa5cb0dcd6afe9c4a0fab1a45d764f9166f84c6184af6723f1b0e,910016,910000,True,2.0709081582026556e-05,-9.392169886268675e-06,0.5544843077659607,0.83203125,5.1601269660750404e-05,0.00017950967594515532,2.0142600988037884e-05,0.0001701175351627171,True,3.230528818676248e-05,-0.0001974725746549666,0.5548793077468872,0.82568359375,3.797899989876896e-05,0.00025665684370324016,1.7579517589183524e-05,5.918423266848549e-05,64,1.0,7.186348375398666e-05,1.0,7.252575596794486e-05,0.003,seed-mechanisms-v2,4,0.0,128,1,2,adamw,0.8851799368858337,1.2341521978378296,2.9960379600524902,,,,,,,,,,1.001549243927002,0.5638686418533325,1.7301831245422363,,,,,,,,,,0.26889747381210327,2.4694140847714152e-06,8.575037099944893e-06,0.53515625,0.00017883855616673827,-1.1780544519424438,0.00018741362146101892,,,,,,,,,,,,,,,,,,,,,,0.2378203570842743,7.42646079743281e-06,-1.5541008906438947e-06,0.54248046875,-4.904501111013815e-06,-0.06264524161815643,-6.4586056396365166e-06,,,,,,,,,,,,,,,,,,,,,,0.13013669848442078,-0.025536851957440376,0.4941566586494446,0.5196934938430786,3.099966526031494,0.1438494473695755,0.050907522439956665,0.9587486982345581,0.9078412055969238,1.5284512042999268,0.24913173913955688,0.16988757252693176,0.9789208173751831,0.8090331554412842,1.3227877616882324,0.25834596157073975,0.1851205974817276,0.9875600934028625,0.8024394512176514,1.2682063579559326,0.27567291259765625,0.20460104942321777,0.9912022948265076,0.7866013050079346,1.2401808500289917,snapshot-mechanisms-v1,8,seeds/cell-014-878540454dfb/seed-8/snapshots/step-000800.pt,800,800,7097b902cc3f3a43380d0b66433b0a90ecf3915af0cdb913b8b407b76daf38af,scaling-tuned-adamw-10seeds-v1,0.0022301548160612583,1.682604488451034e-05,910017,3.483693581074476e-05,9.193290316034108e-05,1.3476432286552154e-05,2.553995273046894e-06,1.6838108422234654e-05,2.86672729998827e-09,9.193290316034108e-05,0.9996112585067749,2.6781432097777724e-05,1.4284111784945708e-05,9.193290316034108e-05,0.0
0.5436805486679077,0.04043661803007126,0.01347887422889471,0.05563688278198242,1.783055067062378,0.9039264917373657,5.0112104415893555,3.2281553745269775,,,,,,,,,,,,,,,,,,,,,,0.3637780547142029,0.12125936150550842,0.3180491328239441,2.6608357429504395,0.318172812461853,2.6626806259155273,0.0018447705078870058,,,,,,,,,,,,,,,,,,,,,,512,1.8819363117218018,1.013060450553894,0.9997491836547852,cell-014-878540454dfb,14,878540454dfb38d262f1ce82c49deb686e9c1c4a1534aebac3b29c305b909682,32,0.6729076504707336,18.699583053588867,0.14748522639274597,18.878108978271484,0.21442407369613647,0.15369465587356798,2048,6462c87c5c2aa5cb0dcd6afe9c4a0fab1a45d764f9166f84c6184af6723f1b0e,910018,910000,True,5.9830904319824185e-06,8.22973161120899e-05,0.3760078549385071,0.64453125,5.1487663768057246e-06,3.3056723623303697e-05,1.0855981599888764e-05,0.00011535403609741479,True,2.4668717742315494e-05,6.190193380462006e-05,0.535891592502594,0.7783203125,4.969859583070502e-05,0.00019614104530774057,2.13267448998522e-05,0.00025804300094023347,64,0.99951171875,0.0015317813958972692,0.99951171875,0.001377398381009698,0.003,seed-mechanisms-v2,4,0.0,128,1,2,adamw,0.9586213827133179,1.1395702362060547,2.946453094482422,,,,,,,,,,1.1262949705123901,0.7298089265823364,2.295997142791748,,,,,,,,,,0.27087509632110596,1.8526486655900953e-06,1.9986939150840044e-05,0.546875,0.0001379474124405533,-1.171013593673706,0.0001579343224875629,,,,,,,,,,,,,,,,,,,,,,0.18002435564994812,1.0604164344840683e-05,8.336816972587258e-05,0.52197265625,3.1598123314324766e-05,0.018803605809807777,0.00011496627848828211,,,,,,,,,,,,,,,,,,,,,,0.13498258590698242,-0.05415280908346176,0.4300764203071594,0.4842292070388794,3.006976366043091,0.14568093419075012,0.04926098883152008,0.9625043869018555,0.9132434129714966,1.4795761108398438,0.17550256848335266,0.09061412513256073,0.9820032119750977,0.8913890719413757,1.280879259109497,0.15500491857528687,0.0681111216545105,0.9898137450218201,0.9217026233673096,1.2261433601379395,0.18156228959560394,0.09825309365987778,0.993171215057373,0.8949180841445923,1.2028229236602783,snapshot-mechanisms-v1,9,seeds/cell-014-878540454dfb/seed-9/snapshots/step-000800.pt,800,800,7097b902cc3f3a43380d0b66433b0a90ecf3915af0cdb913b8b407b76daf38af,scaling-tuned-adamw-10seeds-v1,0.002410633023828268,2.103922815877013e-05,910019,0.00013668322935700417,0.0005052288761362433,0.00011766730312956497,4.666473614634015e-06,0.00011493460624478757,1.1920928955078125e-07,0.0005052288179285824,1.0001826286315918,0.00013594375923275948,0.00011026812717318535,0.0005052288761362433,0.0
0.30480819940567017,0.3500767946243286,0.11669227480888367,0.23915208876132965,0.7651910781860352,0.41077110171318054,1.3773419857025146,0.6121509075164795,0.049935441464185715,0.016645148396492004,0.11986108124256134,2.6000254154205322,0.8302035331726074,5.031985282897949,2.431960105895996,0.45954155921936035,0.15318052470684052,0.13409678637981415,-0.27179110050201416,0.4063616394996643,0.9379613399505615,1.2097523212432861,0.1627337783575058,0.054244592785835266,0.30741190910339355,1.999431848526001,0.5298543572425842,2.7107362747192383,0.7113045454025269,0.38399937748908997,0.12799979746341705,0.3160858154296875,1.1877481937408447,0.2999148368835449,1.1451094150543213,-0.042638763785362244,0.387859582901001,0.129286527633667,0.35946768522262573,1.13664710521698,0.2526726722717285,0.7777498364448547,-0.35889726877212524,0.3612784445285797,0.12042614817619324,0.35704341530799866,1.517494559288025,0.28167814016342163,1.2716021537780762,-0.2458924651145935,0.35371166467666626,0.11790388822555542,0.382900208234787,1.6580796241760254,0.26338815689086914,1.2925903797149658,-0.3654893636703491,512,1.801167368888855,0.9776290655136108,1.002016544342041,cell-015-fb46780dc3d7,15,fb46780dc3d7361823b62b8ed5154f84e6aa616cdea6a836b01fd686694446fa,32,0.7000972628593445,16.06544303894043,0.12703214585781097,16.260114669799805,0.23415245115756989,0.15369465587356798,2048,6462c87c5c2aa5cb0dcd6afe9c4a0fab1a45d764f9166f84c6184af6723f1b0e,910000,910000,True,0.0061713955365121365,-0.0012603086652234197,0.5873584151268005,0.8173828125,0.00020515653886832297,-0.0004027986142318696,0.005860785022377968,-0.0016631073085591197,True,0.0014233498368412256,-0.0011874602641910315,0.6633879542350769,0.87451171875,0.0017773732542991638,0.00010394066339358687,0.0033512709196656942,-0.0010835195425897837,64,1.0,0.0005646872450597584,1.0,0.00018212207942269742,0.003,seed-mechanisms-v2,4,0.0,128,4,2,adamw,0.4196881055831909,0.0775112509727478,0.4391906261444092,0.44587063789367676,1.5159382820129395,1.9361512660980225,0.4519440531730652,-0.29887983202934265,0.3230249881744385,0.4849177598953247,0.9182556867599487,1.1693276166915894,0.5189124941825867,0.49255380034446716,0.8227568864822388,0.4889880120754242,0.4155530333518982,0.716141939163208,0.47740328311920166,0.1502165049314499,0.532076358795166,0.4544362723827362,-0.05206998810172081,0.4178222417831421,0.2489064633846283,1.0489815394976176e-05,6.709435547236353e-05,0.5146484375,8.076852827798575e-05,-0.5592093467712402,0.00014786291285417974,0.23826783895492554,7.164858106989413e-05,0.00022423631162382662,0.51123046875,-0.003629565704613924,-1.694166660308838,-0.0034053295385092497,0.2680632472038269,0.0005949438782408834,-0.0003352767089381814,0.56689453125,0.00019337105914019048,-0.1374552994966507,-0.00014190576621331275,0.2461167275905609,8.220934978453442e-05,-0.0002207348879892379,0.501953125,-0.00039497893885709345,-1.170969009399414,-0.0006157137104310095,0.1583002805709839,1.3182248949306086e-05,-6.736515206284821e-05,0.4951171875,1.6043393770814873e-05,-0.047293588519096375,-5.132174919708632e-05,0.20710408687591553,4.539819565252401e-05,0.00035042435047216713,0.5546875,-7.029248808976263e-05,-0.021058890968561172,0.00028013187693431973,0.17926248908042908,1.2965389032615349e-05,-0.00011445091513451189,0.50634765625,9.263433457817882e-05,-0.038457706570625305,-2.181658783229068e-05,0.16037485003471375,2.458249218761921e-05,-0.00013981528172735125,0.51025390625,-3.5156175727024674e-05,-0.0249747633934021,-0.00017497148655820638,0.16463229060173035,0.031819578260183334,0.48655855655670166,0.454738974571228,2.9224534034729004,0.24450112879276276,0.16688916087150574,0.9338068962097168,0.7669177055358887,1.4551345109939575,0.4293692111968994,0.3663409948348999,0.9710354208946228,0.6046944260597229,1.3351527452468872,0.47496429085731506,0.4172613322734833,0.9753539562225342,0.5580925941467285,1.3270148038864136,0.44715386629104614,0.3855041265487671,0.9840197563171387,0.5985156893730164,1.2722989320755005,snapshot-mechanisms-v1,0,seeds/cell-015-fb46780dc3d7/seed-0/snapshots/step-000800.pt,800,800,7097b902cc3f3a43380d0b66433b0a90ecf3915af0cdb913b8b407b76daf38af,scaling-tuned-adamw-10seeds-v1,0.005853248760104179,0.0004773696418851614,910001,7.9189776442945e-05,0.0003105906362179667,5.9077676269225776e-05,2.661040889506694e-05,0.00010894211300183088,7.450580596923828e-09,0.0003105906362179667,1.0018279552459717,6.338107777992263e-05,8.233169501181692e-05,0.0003105906362179667,0.0
0.23369726538658142,0.07527580112218857,0.025091933086514473,0.23917575180530548,2.732710361480713,0.6855484843254089,4.062539100646973,1.329829216003418,0.4037485718727112,0.13458286225795746,0.4125615358352661,1.220926284790039,0.1836899071931839,0.211215540766716,-1.0097107887268066,0.6103296279907227,0.20344319939613342,0.20697855949401855,-0.045786626636981964,0.18269184231758118,-0.22375239431858063,-0.17796576023101807,0.16030766069889069,0.05343588814139366,0.16534069180488586,1.302579402923584,0.6743516325950623,3.1236281394958496,1.821048617362976,0.42492860555648804,0.14164286851882935,0.3444616198539734,0.983176589012146,0.2306097447872162,0.6204336881637573,-0.36274290084838867,0.380768358707428,0.12692278623580933,0.32141947746276855,1.2096222639083862,0.29781216382980347,1.1271717548370361,-0.0824504941701889,0.38218826055526733,0.1273960918188095,0.3537968099117279,1.1349937915802002,0.2640148997306824,0.8568229675292969,-0.2781708240509033,0.36397820711135864,0.12132607400417328,0.3513205051422119,1.7756996154785156,0.28470122814178467,1.5921144485473633,-0.18358519673347473,512,1.734311580657959,0.9875336289405823,1.0001182556152344,cell-015-fb46780dc3d7,15,fb46780dc3d7361823b62b8ed5154f84e6aa616cdea6a836b01fd686694446fa,32,0.71529620885849,16.354690551757812,0.1296643316745758,16.597034454345703,0.23134653270244598,0.15369465587356798,2048,6462c87c5c2aa5cb0dcd6afe9c4a0fab1a45d764f9166f84c6184af6723f1b0e,910002,910000,True,0.00021817011293023825,-3.262053360231221e-05,0.5295871496200562,0.80908203125,0.00022209083545021713,-0.00011513757635839283,0.00019318661361467093,-0.00014775816816836596,True,0.00028233410557731986,-3.862623270833865e-05,0.5311911106109619,0.802734375,0.0005617945571430027,0.00014072877820581198,0.00028763673617504537,0.00010210261825704947,64,1.0,0.00037195417098701,0.99951171875,0.0011135215172544122,0.003,seed-mechanisms-v2,4,0.0,128,4,2,adamw,0.523632824420929,1.4759104251861572,2.193020820617676,0.4313335418701172,-0.2228652536869049,0.32911014556884766,0.43395906686782837,0.4729635715484619,0.6726361513137817,0.4606461524963379,1.1901419162750244,1.4515697956085205,0.4604688882827759,-0.26174789667129517,0.341484934091568,0.46390485763549805,0.09660743176937103,0.49250316619873047,0.48130011558532715,0.020297791808843613,0.4766198396682739,0.5456113815307617,0.7358018755912781,1.098921775817871,0.2648288905620575,2.860085260181222e-06,1.9865798094542697e-05,0.5283203125,-0.0003986382216680795,-1.242821216583252,-0.00037877244176343083,0.2441268116235733,1.9096065443591215e-05,-0.00011241829633945599,0.5048828125,-4.482878284761682e-05,-0.43086498975753784,-0.00015724706463515759,0.2289777547121048,4.102060120203532e-05,3.381007263669744e-05,0.525390625,-0.00016819784650579095,-0.08310975134372711,-0.00013438778114505112,0.240256667137146,6.860885150672402e-06,-2.9711969546042383e-05,0.501953125,-4.722104495158419e-05,-1.2755905389785767,-7.693302177358419e-05,0.14671671390533447,3.716785431606695e-05,-0.00014628958888351917,0.509765625,-5.780948413303122e-07,-0.0002292790450155735,-0.00014686766371596605,0.1596965342760086,1.6235781004070304e-05,1.2799562682630494e-05,0.53125,2.95482823275961e-06,0.04358935356140137,1.57543890964007e-05,0.19952532649040222,2.9793212888762355e-05,0.0001875004672911018,0.55322265625,-1.2060821973136626e-05,-0.05009961873292923,0.00017543963622301817,0.18971262872219086,3.424882743274793e-05,7.87458848208189e-05,0.53466796875,-5.777875048806891e-05,-0.06914366781711578,2.0967159798601642e-05,0.08864224702119827,-0.08938373625278473,0.33155104517936707,0.4209347665309906,2.810214042663574,0.14528155326843262,0.06556650251150131,0.9071820378303528,0.8416155576705933,1.3962388038635254,0.3035971522331238,0.23968344926834106,0.9575189352035522,0.7178354859352112,1.2959387302398682,0.3857468068599701,0.33572524785995483,0.9704742431640625,0.6347490549087524,1.2757132053375244,0.4296996593475342,0.38494575023651123,0.9789639115333557,0.5940181612968445,1.2540957927703857,snapshot-mechanisms-v1,1,seeds/cell-015-fb46780dc3d7/seed-1/snapshots/step-000800.pt,800,800,7097b902cc3f3a43380d0b66433b0a90ecf3915af0cdb913b8b407b76daf38af,scaling-tuned-adamw-10seeds-v1,0.007926395162940025,0.0009946894133463502,910003,0.00015996070578694344,0.0005453394842334092,0.00010923460649792105,4.890537456958555e-05,0.00019443601195234805,4.470348358154297e-08,0.0005453394260257483,1.0001220703125,8.170815999619663e-05,0.00014553064829669893,0.0005453394260257483,0.0
0.2453194260597229,0.6320191621780396,0.21067306399345398,0.17649833858013153,-0.493832528591156,0.1914825141429901,-0.26640650629997253,0.22742602229118347,0.05296358838677406,0.017654530704021454,0.13512805104255676,2.463562488555908,0.8119083642959595,4.7372941970825195,2.2737321853637695,0.43982750177383423,0.14660917222499847,0.22189345955848694,0.1032322570681572,0.33827903866767883,0.809118926525116,0.7058866620063782,0.4106691777706146,0.1368897259235382,0.26923036575317383,0.7006044387817383,0.32010042667388916,0.8312931060791016,0.13068869709968567,0.3729378581047058,0.124312624335289,0.23762059211730957,1.4028594493865967,0.3894415497779846,2.114429235458374,0.7115698456764221,0.30604180693626404,0.10201393812894821,0.35681241750717163,1.9727940559387207,0.3371458053588867,2.3271303176879883,0.35433605313301086,0.35648635029792786,0.11882879585027695,0.37591901421546936,1.4022510051727295,0.2675946354866028,1.0779905319213867,-0.32426050305366516,0.3807216286659241,0.12690719962120056,0.32878613471984863,1.1142045259475708,0.2904922664165497,1.0842074155807495,-0.029997052624821663,512,1.8310636281967163,1.0006225109100342,0.9995378851890564,cell-015-fb46780dc3d7,15,fb46780dc3d7361823b62b8ed5154f84e6aa616cdea6a836b01fd686694446fa,32,0.7035861611366272,16.847517013549805,0.13356606662273407,17.09645652770996,0.22687703371047974,0.15369465587356798,2048,6462c87c5c2aa5cb0dcd6afe9c4a0fab1a45d764f9166f84c6184af6723f1b0e,910004,910000,True,0.0003129145479761064,6.46226981189102e-05,0.6026946306228638,0.84375,0.00033353298204019666,-0.00014233693946152925,8.93209216883406e-05,-7.771420496283099e-05,True,0.0005274980794638395,-0.00017955608200281858,0.6547049283981323,0.87109375,0.0006918522994965315,-0.0003781038394663483,0.00011795471800724044,-0.0005576599505729973,64,1.0,0.00020888863946311176,1.0,0.00021814188221469522,0.003,seed-mechanisms-v2,4,0.0,128,4,2,adamw,0.40764153003692627,0.2536964416503906,0.50780189037323,0.4430695176124573,1.5914677381515503,2.0654819011688232,0.4299992322921753,0.7653804421424866,0.8940991163253784,0.513306736946106,0.31967684626579285,0.6743035316467285,0.5037534236907959,0.3124316930770874,0.6569415330886841,0.4490492045879364,0.7749980688095093,0.9383907914161682,0.6295038461685181,-0.06605340540409088,0.5687158107757568,0.4973961114883423,0.36376726627349854,0.6933590173721313,0.20428724586963654,1.8733318938757293e-05,-0.00028342497535049915,0.52197265625,-9.98924660962075e-05,-0.2062554955482483,-0.0003833174705505371,0.23104709386825562,9.332837294095953e-07,-1.4724688298883848e-05,0.52587890625,-0.00010730197391239926,-2.0721194744110107,-0.0001220266567543149,0.23489367961883545,1.3154493899492081e-05,-0.00016925332602113485,0.5,6.455135007854551e-06,-0.5857558846473694,-0.00016279819828923792,0.26183056831359863,3.066373756155372e-05,-0.00015834016085136682,0.5595703125,-0.00012617764878086746,-0.20338645577430725,-0.00028451779508031905,0.22957287728786469,1.1658816220005974e-05,3.106641088379547e-06,0.54443359375,-6.338566890917718e-05,-0.09534630179405212,-6.027902054484002e-05,0.1954381763935089,3.553486749297008e-05,2.3984779545571655e-05,0.47021484375,-1.4315787666419055e-06,-0.26370322704315186,2.2553223971044645e-05,0.21229133009910583,2.3471025997423567e-05,-0.00027521938318386674,0.49560546875,3.814888623310253e-05,-0.12844914197921753,-0.00023707051877863705,0.1814618706703186,1.3096744623908307e-05,0.00010445692169014364,0.49560546875,2.3386837710859254e-07,-0.1277654767036438,0.00010469078551977873,0.11203746497631073,-0.14324915409088135,0.3136137127876282,0.4568628966808319,2.9883298873901367,0.20800334215164185,0.11014462262392044,0.8433922529220581,0.7332476377487183,1.5554964542388916,0.21954262256622314,0.13540196418762207,0.8812214136123657,0.7458194494247437,1.4359480142593384,0.20116540789604187,0.12065871059894562,0.9362357258796692,0.81557697057724,1.3202629089355469,0.2690109610557556,0.1952974796295166,0.9703580737113953,0.7750605344772339,1.263429880142212,snapshot-mechanisms-v1,2,seeds/cell-015-fb46780dc3d7/seed-2/snapshots/step-000800.pt,800,800,7097b902cc3f3a43380d0b66433b0a90ecf3915af0cdb913b8b407b76daf38af,scaling-tuned-adamw-10seeds-v1,0.0071104541420936584,9.919193689711392e-05,910005,8.036768122110516e-05,0.0002168082573916763,4.240451380610466e-05,5.230386705079582e-06,4.281965084373951e-05,5.180481821298599e-09,0.0002168082573916763,0.9997408390045166,5.1216404244769365e-05,3.7589263229165226e-05,0.0002168082573916763,0.0
0.22202011942863464,0.349314421415329,0.11643814295530319,0.334850013256073,1.4734342098236084,0.3158355951309204,1.0234514474868774,-0.449982613325119,0.4272000789642334,0.14240004122257233,0.27501216530799866,0.6021454930305481,0.29778772592544556,0.6318280696868896,0.02968265302479267,0.29390424489974976,0.09796808660030365,0.6123760938644409,2.0080161094665527,0.09371969103813171,-0.19249825179576874,-2.200514316558838,0.03868914768099785,0.012896382249891758,0.20517635345458984,3.929699659347534,0.7561345100402832,5.523907661437988,1.5942082405090332,0.4342746436595917,0.1447582244873047,0.27321553230285645,0.6237505674362183,0.2925098240375519,0.7714037895202637,0.1476532518863678,0.2918296456336975,0.09727655351161957,0.49165967106819153,1.9050867557525635,0.21651068329811096,1.0263776779174805,-0.878709077835083,0.41393303871154785,0.13797765970230103,0.2786341607570648,0.9164955615997314,0.3074328303337097,1.0104937553405762,0.0939982682466507,0.3897290825843811,0.1299097090959549,0.23441600799560547,1.7537956237792969,0.3758549094200134,2.437554359436035,0.6837588548660278,512,1.7748016119003296,0.9967679977416992,0.9999115467071533,cell-015-fb46780dc3d7,15,fb46780dc3d7361823b62b8ed5154f84e6aa616cdea6a836b01fd686694446fa,32,0.7598769664764404,15.575553894042969,0.12317010760307312,15.76577377319336,0.23831807076931,0.15369465587356798,2048,6462c87c5c2aa5cb0dcd6afe9c4a0fab1a45d764f9166f84c6184af6723f1b0e,910006,910000,True,0.0017189915524795651,0.0010276907123625278,0.6284272074699402,0.84814453125,0.0005918613169342279,0.0004519995709415525,0.002805055119097233,0.0014796904288232327,True,0.0003644773969426751,-0.0004682076978497207,0.558222770690918,0.81591796875,0.000507119984831661,0.0009157368331216276,0.0006706839194521308,0.00044752919347956777,64,1.0,0.0004465701640583575,1.0,0.000359836412826553,0.003,seed-mechanisms-v2,4,0.0,128,4,2,adamw,0.4966331720352173,0.12385514378547668,0.5411105155944824,0.4926789402961731,0.4899497628211975,0.7739746570587158,0.5041863918304443,0.38169869780540466,0.7133916616439819,0.4997190833091736,1.5927319526672363,2.344851016998291,0.44498252868652344,0.29005545377731323,0.574718713760376,0.45720532536506653,-0.23027610778808594,0.3511151075363159,0.4017825722694397,0.40847066044807434,0.5870109796524048,0.48261916637420654,0.9305486679077148,1.180192232131958,0.26476234197616577,1.6683730791555718e-05,0.00027490733191370964,0.529296875,-0.0001553199690533802,-0.7261250019073486,0.00011958736286032945,0.24647429585456848,1.7272672266699374e-05,2.806962584145367e-05,0.4990234375,-5.644174962071702e-05,-0.9766678810119629,-2.837213105522096e-05,0.25627070665359497,4.309815267333761e-05,0.00019848751253448427,0.51953125,-0.00014197509153746068,-0.2991834282875061,5.651242099702358e-05,0.24374476075172424,1.3208933523856103e-05,4.2351206502644345e-05,0.548828125,0.0016067639226093888,-1.9970178604125977,0.001649115001782775,0.21374253928661346,1.6611291357548907e-05,-6.387345638358966e-05,0.5048828125,-6.21725048404187e-05,-0.584465503692627,-0.00012604592484422028,0.2276485562324524,4.3381434807088226e-05,-6.129137182142586e-05,0.4873046875,-6.363825377775356e-06,-0.2332848459482193,-6.765520083718002e-05,0.2060019075870514,1.8006296159001067e-05,-6.321944238152355e-05,0.50537109375,-0.00020738481543958187,-0.1502344012260437,-0.00027060427237302065,0.24889515340328217,4.12756999139674e-05,0.00014812065637670457,0.521484375,0.00022938070469535887,-0.13773652911186218,0.00037750136107206345,0.10923562943935394,-0.060966476798057556,0.40576833486557007,0.46673479676246643,2.9726622104644775,0.15890151262283325,0.08354434370994568,0.830636739730835,0.7470924258232117,1.4949252605438232,0.2219669222831726,0.17142701148986816,0.8936208486557007,0.7221938371658325,1.3802133798599243,0.19741810858249664,0.1357390284538269,0.9326832294464111,0.7969441413879395,1.2969876527786255,0.20957455039024353,0.13968484103679657,0.9677828550338745,0.828097939491272,1.2286790609359741,snapshot-mechanisms-v1,3,seeds/cell-015-fb46780dc3d7/seed-3/snapshots/step-000800.pt,800,800,7097b902cc3f3a43380d0b66433b0a90ecf3915af0cdb913b8b407b76daf38af,scaling-tuned-adamw-10seeds-v1,0.00732156727463007,0.00018704627291299403,910007,0.00016239285469055176,0.0006470041698776186,0.0001435469021089375,4.375728531158529e-05,0.00020205858163535595,2.9802322387695312e-08,0.0006470041116699576,0.9997902512550354,0.00013900580233894289,0.00015830130723770708,0.0006470041116699576,0.0
0.25032246112823486,0.5439707040786743,0.1813235878944397,0.21765567362308502,0.10618827491998672,0.23837357759475708,0.19915097951889038,0.09296271204948425,0.06000746041536331,0.020002488046884537,0.22165998816490173,2.807640314102173,0.7183325290679932,4.404726982116699,1.5970866680145264,0.16120028495788574,0.05373343080282211,0.1532593071460724,1.2151901721954346,0.6855404376983643,3.20021390914917,1.9850237369537354,0.6018257737159729,0.20060859620571136,0.20720165967941284,-0.24314194917678833,0.19097256660461426,-0.25844722986221313,-0.01530527789145708,0.3752109408378601,0.12507033348083496,0.36007368564605713,1.1606545448303223,0.264715313911438,0.8748770356178284,-0.2857775092124939,0.3640429675579071,0.12134765088558197,0.35400572419166565,1.5112824440002441,0.28195130825042725,1.3048592805862427,-0.2064233124256134,0.3750518560409546,0.12501728534698486,0.3556632399559021,1.7778456211090088,0.2692849040031433,1.5059446096420288,-0.27190107107162476,0.3869102895259857,0.12897010147571564,0.30360737442970276,1.1608335971832275,0.3094823360443115,1.1777467727661133,0.01691305637359619,512,1.8567173480987549,1.0126433372497559,0.9963663220405579,cell-015-fb46780dc3d7,15,fb46780dc3d7361823b62b8ed5154f84e6aa616cdea6a836b01fd686694446fa,32,0.6503299474716187,17.15699005126953,0.13507914543151855,17.290130615234375,0.22574952244758606,0.15369465587356798,2048,6462c87c5c2aa5cb0dcd6afe9c4a0fab1a45d764f9166f84c6184af6723f1b0e,910008,910000,True,0.000246420968323946,-0.0004715941031463444,0.6531609892845154,0.8740234375,0.0002913093485403806,0.0003881548182107508,5.706882802769542e-05,-8.34392340038903e-05,True,0.00018121454922948033,-8.45045578898862e-05,0.5848436951637268,0.8271484375,0.00026388655533082783,-0.0002213523257523775,6.048108480172232e-05,-0.0003058569272980094,64,1.0,0.00018345678108744323,1.0,0.00018947878561448306,0.003,seed-mechanisms-v2,4,0.0,128,4,2,adamw,0.5111254453659058,-0.1457153558731079,0.42310982942581177,0.4359183609485626,1.617827296257019,2.1039276123046875,0.47607237100601196,1.1625070571899414,1.4626994132995605,0.40865594148635864,0.43104153871536255,0.6070038080215454,0.510905921459198,-0.15158122777938843,0.4206106662750244,0.4819827973842621,0.20071415603160858,0.5662781000137329,0.5458874106407166,0.024326449260115623,0.5443942546844482,0.4202041029930115,-0.11620163917541504,0.3618164360523224,0.2104681432247162,1.5114621419343166e-05,8.403592073591426e-05,0.51611328125,-6.332583870971575e-05,-0.21763750910758972,2.0710080207209103e-05,0.24995246529579163,5.266103926260257e-07,-2.8260228646104224e-05,0.52392578125,-9.549273818265647e-05,-1.7412679195404053,-0.00012375297956168652,0.24917519092559814,3.1436088647751603e-06,0.00010044181544799358,0.533203125,-0.00022059772163629532,-1.5933732986450195,-0.00012015592801617458,0.2284538298845291,7.548268058599206e-06,9.218164632329717e-05,0.51025390625,4.229446858516894e-05,-0.567998468875885,0.00013447612582240254,0.2145863175392151,1.0553850188443903e-05,-4.6264423872344196e-05,0.55029296875,1.5777732187416404e-07,0.013634677976369858,-4.610665928339586e-05,0.16039995849132538,7.605533937748987e-06,3.2334330171579495e-05,0.54296875,8.88100839802064e-06,0.03887498378753662,4.121533493162133e-05,0.20253008604049683,6.312114237516653e-06,-3.718821972142905e-05,0.517578125,-5.083775977254845e-05,-0.2979283332824707,-8.802596130408347e-05,0.14617925882339478,6.023450623615645e-06,3.9782942621968687e-05,0.50341796875,-2.196083551098127e-05,-0.11945284903049469,1.7822105291998014e-05,0.1383841186761856,-0.05899782478809357,0.4018908143043518,0.46088868379592896,2.9173941612243652,0.2300870716571808,0.14644263684749603,0.9090449810028076,0.7626023292541504,1.439098596572876,0.3156382441520691,0.24054375290870667,0.9655512571334839,0.7250075340270996,1.300055742263794,0.3704553246498108,0.30243363976478577,0.9689491391181946,0.6665154695510864,1.2963329553604126,0.3127632737159729,0.2343997359275818,0.988471269607544,0.7540715336799622,1.2422256469726562,snapshot-mechanisms-v1,4,seeds/cell-015-fb46780dc3d7/seed-4/snapshots/step-000800.pt,800,800,7097b902cc3f3a43380d0b66433b0a90ecf3915af0cdb913b8b407b76daf38af,scaling-tuned-adamw-10seeds-v1,0.00522106047719717,6.072410542401485e-05,910009,7.185799768194556e-05,0.0001672589423833415,2.206667522841599e-05,2.8046547413396183e-06,2.4600225515314378e-05,6.05359673500061e-09,0.00016725892783142626,0.9961817860603333,4.873402576777153e-05,2.179557122872211e-05,0.00016725892783142626,0.0
0.273928701877594,0.25053611397743225,0.08351203799247742,0.25049692392349243,1.1416447162628174,0.49896690249443054,2.0552423000335693,0.9135977029800415,0.6181600093841553,0.20605334639549255,0.11150810867547989,-0.9024954438209534,0.27033185958862305,0.1067671850323677,1.0092626810073853,0.3028717637062073,0.10095725953578949,0.13597896695137024,0.3050439953804016,0.5611492395401001,2.0301125049591064,1.7250683307647705,0.03432869911193848,0.011442899703979492,0.26122480630874634,3.9752302169799805,0.7044464945793152,5.315647125244141,1.3404169082641602,0.4234895706176758,0.1411631852388382,0.29574641585350037,0.81788170337677,0.28076404333114624,0.7658581733703613,-0.05202354118227959,0.40350544452667236,0.13450182974338531,0.26933810114860535,2.092207670211792,0.3271564245223999,2.549293279647827,0.4570857584476471,0.20272791385650635,0.06757597625255585,0.6703636646270752,2.820995330810547,0.12690843641757965,0.996405839920044,-1.824589490890503,0.3887860178947449,0.1295953392982483,0.3147059679031372,1.1307146549224854,0.2965080142021179,1.0849156379699707,-0.04579896479845047,512,1.6391708850860596,0.9684531688690186,0.999276340007782,cell-015-fb46780dc3d7,15,fb46780dc3d7361823b62b8ed5154f84e6aa616cdea6a836b01fd686694446fa,32,0.673088014125824,16.426259994506836,0.13036103546619415,16.68621253967285,0.23095037043094635,0.15369465587356798,2048,6462c87c5c2aa5cb0dcd6afe9c4a0fab1a45d764f9166f84c6184af6723f1b0e,910010,910000,True,0.00048389972653239965,-0.00023732188856229186,0.6394765377044678,0.86669921875,0.00043356555397622287,-0.00024297909112647176,0.00019162360695190728,-0.0004803009796887636,True,0.00015363810234703124,-8.28779666335322e-05,0.4857664108276367,0.75390625,0.0003615204768721014,-0.0004232216451782733,0.000218972607399337,-0.0005060996045358479,64,1.0,0.00035417149774730206,1.0,0.0004655165830627084,0.003,seed-mechanisms-v2,4,0.0,128,4,2,adamw,0.4856886863708496,0.6354156732559204,0.8861709833145142,0.45204728841781616,0.43875616788864136,0.676052451133728,0.4847678542137146,0.47742030024528503,0.7567574977874756,0.47290050983428955,1.5896813869476318,2.2365317344665527,0.43758293986320496,-0.07126754522323608,0.3965873122215271,0.4651709794998169,0.45980381965637207,0.7054497003555298,0.5485783815383911,0.4989427328109741,0.8653977513313293,0.5293022990226746,0.16549362242221832,0.6003978252410889,0.25935494899749756,1.3902117643738165e-05,6.473532994277775e-05,0.51953125,4.820550384465605e-05,-0.822131335735321,0.00011294080468360335,0.22502867877483368,3.221428778488189e-05,-2.896140722441487e-05,0.49755859375,0.00014329978148452938,-0.4861825108528137,0.00011433837789809331,0.2546166479587555,1.2641306966543198e-05,-2.4075481633190066e-05,0.51953125,-0.00021842628484591842,-1.1120107173919678,-0.00024250175920315087,0.24710668623447418,8.314234491990646e-07,-1.1149931196996477e-05,0.52294921875,-0.00016761792358011007,-1.7158262729644775,-0.00017876786296255887,0.22880485653877258,2.2516140234074555e-05,-5.948415491729975e-05,0.53857421875,-9.682118252385408e-05,-0.14831741154193878,-0.00015630533744115382,0.21870157122612,9.620755008654669e-06,-1.4995152014307678e-05,0.51953125,2.824066541506909e-06,-0.07222786545753479,-1.2171076377853751e-05,0.19335585832595825,0.00016287130711134523,0.000638207420706749,0.4677734375,-0.00017190235666930676,-0.12119857221841812,0.00046630509314127266,0.1854833960533142,2.8342788937152363e-05,0.00011857621575472876,0.52880859375,7.224447472253814e-06,-0.06711827218532562,0.00012580063776113093,0.1759917438030243,0.004416508600115776,0.422921359539032,0.41850486397743225,2.997767448425293,0.24802426993846893,0.19096225500106812,0.9087351560592651,0.7177729606628418,1.4453473091125488,0.31505370140075684,0.2600291073322296,0.9489849805831909,0.6889559030532837,1.3356682062149048,0.31709977984428406,0.2611241340637207,0.9633923172950745,0.7022681832313538,1.2979884147644043,0.37831979990005493,0.32604044675827026,0.9785807132720947,0.6525403261184692,1.2659375667572021,snapshot-mechanisms-v1,5,seeds/cell-015-fb46780dc3d7/seed-5/snapshots/step-000800.pt,800,800,7097b902cc3f3a43380d0b66433b0a90ecf3915af0cdb913b8b407b76daf38af,scaling-tuned-adamw-10seeds-v1,0.008133191615343094,0.00025627927971072495,910011,0.0001343057374469936,0.00039810914313420653,6.2126899138093e-05,1.2531763786682859e-05,9.699356451164931e-05,7.450580596923828e-09,0.000398109172238037,0.9992434978485107,0.00010468295658938587,8.446180436294526e-05,0.000398109172238037,0.0
0.3492373824119568,0.06324604153633118,0.021082013845443726,0.15171083807945251,2.4675211906433105,0.7850431203842163,4.758908271789551,2.291386842727661,0.15002857148647308,0.05000952631235123,0.18203938007354736,1.389085292816162,0.6679320335388184,3.1763577461242676,1.787272334098816,0.10164938122034073,0.033883124589920044,0.26082563400268555,2.4924654960632324,0.6375249624252319,3.7210187911987305,1.2285535335540771,0.364124059677124,0.12137468159198761,0.40503373742103577,1.3562748432159424,0.23084218800067902,0.5738497376441956,-0.7824251651763916,0.4021109938621521,0.13403700292110443,0.30435407161712646,0.9520336389541626,0.29353493452072144,0.9190858602523804,-0.032947782427072525,0.39856404066085815,0.13285468518733978,0.2811681628227234,1.0000057220458984,0.32026779651641846,1.2179968357086182,0.217990905046463,0.3909895420074463,0.13032984733581543,0.3184630274772644,1.1627365350723267,0.2905474305152893,1.0742106437683105,-0.0885259285569191,0.34959787130355835,0.11653262376785278,0.3420920670032501,2.196296215057373,0.30831006169319153,2.090414524078369,-0.10588185489177704,512,1.784880518913269,1.0015136003494263,0.99615877866745,cell-015-fb46780dc3d7,15,fb46780dc3d7361823b62b8ed5154f84e6aa616cdea6a836b01fd686694446fa,32,0.6871597766876221,17.351667404174805,0.13708412647247314,17.546768188476562,0.22383666038513184,0.15369465587356798,2048,6462c87c5c2aa5cb0dcd6afe9c4a0fab1a45d764f9166f84c6184af6723f1b0e,910012,910000,True,0.00011722597992047668,-6.13528536632657e-05,0.5151878595352173,0.78125,0.00014056224608793855,0.0005523929139599204,0.0001026806203299202,0.0004910400602966547,True,0.00014065770665183663,-5.804141255794093e-05,0.5208873748779297,0.79541015625,0.0003003937308676541,0.0004140564997214824,9.850017522694543e-05,0.0003560151963029057,64,1.0,0.00022397824795916677,1.0,0.00021145967184565961,0.003,seed-mechanisms-v2,4,0.0,128,4,2,adamw,0.476151704788208,1.1566741466522217,1.4553272724151611,0.4540890157222748,1.0639395713806152,1.2635083198547363,0.46662211418151855,1.057382345199585,1.2914999723434448,0.4960326552391052,-0.6230130195617676,0.2571600377559662,0.484657347202301,-0.13394787907600403,0.40819334983825684,0.36358779668807983,-0.039006687700748444,0.33900827169418335,0.4843238592147827,-0.41952893137931824,0.30574002861976624,0.4539250135421753,0.6424211859703064,0.8343744277954102,0.26406049728393555,1.317845544690499e-06,1.8191991330240853e-05,0.53369140625,9.094183769775555e-05,-1.2220649719238281,0.00010913383448496461,0.2737160325050354,5.250422873359639e-06,0.00010756955452961847,0.5458984375,-8.580855501350015e-05,-0.9929816126823425,2.1760999516118318e-05,0.2577109634876251,7.3212995630456135e-06,-3.5654556995723397e-05,0.49365234375,0.00025060196639969945,-0.8576816916465759,0.0002149473875761032,0.23045161366462708,1.7459939044783823e-05,0.0002709630934987217,0.4970703125,3.273840411566198e-05,-0.3166812062263489,0.0003037014976143837,0.20677009224891663,1.642058850848116e-05,2.2796366465627216e-05,0.52685546875,-2.5404660846106708e-05,-0.3102487325668335,-2.608290742500685e-06,0.17154201865196228,8.246541256085038e-06,6.026117262081243e-06,0.52001953125,-1.1077389899583068e-05,-0.07811349630355835,-5.051279003964737e-06,0.18737183511257172,1.037042420648504e-05,-8.325256931129843e-05,0.5537109375,6.064648914616555e-05,-0.06414636969566345,-2.2606083803111687e-05,0.17450134456157684,1.9998367861262523e-05,6.581878551514819e-06,0.49853515625,-1.8214137526229024e-05,-0.030580876395106316,-1.1632288078544661e-05,0.08327233791351318,-0.10080859065055847,0.39937883615493774,0.5001873970031738,3.1124825477600098,0.14777587354183197,0.0640828013420105,0.9283833503723145,0.8643004894256592,1.4498029947280884,0.2414253056049347,0.16127780079841614,0.9671088457107544,0.8058310747146606,1.2954844236373901,0.23752570152282715,0.1534350961446762,0.9754724502563477,0.8220374584197998,1.2648770809173584,0.2953496277332306,0.22075088322162628,0.986494779586792,0.7657439112663269,1.2252299785614014,snapshot-mechanisms-v1,6,seeds/cell-015-fb46780dc3d7/seed-6/snapshots/step-000800.pt,800,800,7097b902cc3f3a43380d0b66433b0a90ecf3915af0cdb913b8b407b76daf38af,scaling-tuned-adamw-10seeds-v1,0.005727605894207954,7.484050001949072e-05,910013,9.940694144461304e-05,0.00025027658557519317,3.2947220461210236e-05,8.247770892921835e-06,5.29405806446448e-05,5.122274160385132e-09,0.0002502766146790236,0.996281623840332,6.498187576653436e-05,4.469280975172296e-05,0.0002502766437828541,0.0
0.2926059365272522,0.05401983484625816,0.018006611615419388,0.1915070116519928,3.0813941955566406,0.7544732093811035,4.767951965332031,1.6865577697753906,0.146434485912323,0.048811495304107666,0.28553828597068787,2.10738205909729,0.5680271983146667,2.9785523414611816,0.8711703419685364,0.5397413372993469,0.17991378903388977,0.2646832764148712,0.319410115480423,0.19557541608810425,-0.015856469050049782,-0.3352665901184082,0.2746671438217163,0.09155571460723877,0.2511669993400574,1.1796748638153076,0.4741658568382263,1.8947235345840454,0.7150485515594482,0.3899790644645691,0.1299930214881897,0.29673096537590027,0.9838581085205078,0.313289999961853,1.0523960590362549,0.0685381144285202,0.4153270423412323,0.13844233751296997,0.28633248805999756,0.845098078250885,0.29834043979644775,0.8835840821266174,0.03848601132631302,0.35654497146606445,0.11884832382202148,0.3735883831977844,1.4071605205535889,0.2698666453361511,1.1011680364608765,-0.30599236488342285,0.3922452926635742,0.1307484358549118,0.2843262851238251,1.2225406169891357,0.3234284520149231,1.3642066717147827,0.14166608452796936,512,1.8617901802062988,0.9997817277908325,0.9977037310600281,cell-015-fb46780dc3d7,15,fb46780dc3d7361823b62b8ed5154f84e6aa616cdea6a836b01fd686694446fa,32,0.7646263241767883,17.101642608642578,0.1355232149362564,17.34697151184082,0.22616417706012726,0.15369465587356798,2048,6462c87c5c2aa5cb0dcd6afe9c4a0fab1a45d764f9166f84c6184af6723f1b0e,910014,910000,True,7.973984611453488e-05,-0.00023464170226361603,0.5248123407363892,0.7705078125,8.537918620277196e-05,0.00023613283701706678,7.090557483024895e-05,1.4911347534507513e-06,True,0.00016670618788339198,-0.00024812709307298064,0.5948111414909363,0.845703125,0.00026811109273694456,-0.00028383059543557465,9.005662286654115e-05,-0.0005319577176123857,64,1.0,0.0001540303637739271,1.0,0.00014833980822004378,0.003,seed-mechanisms-v2,4,0.0,128,4,2,adamw,0.479253888130188,1.4427353143692017,1.9370222091674805,0.4638420343399048,0.9723748564720154,1.1823759078979492,0.42897164821624756,0.44884371757507324,0.6440052390098572,0.4661625325679779,0.4219072461128235,0.6875423192977905,0.5135639309883118,-0.1318119615316391,0.43447354435920715,0.47413545846939087,-0.08764109015464783,0.4192565381526947,0.3901432156562805,-0.2946678400039673,0.28265732526779175,0.5199027061462402,0.14338907599449158,0.5768686532974243,0.20953330397605896,3.3905831742231385e-07,3.487775757093914e-06,0.49462890625,-0.0004031960852444172,-2.122908592224121,-0.00039970825309865177,0.2615538239479065,3.8639245758531615e-06,7.107952842488885e-05,0.51025390625,-4.1851009882520884e-05,-1.08522367477417,2.9228533094283193e-05,0.21729516983032227,1.0505846148589626e-05,7.86750388215296e-05,0.51171875,-3.436178667470813e-05,-0.2413288652896881,4.431324123288505e-05,0.253032922744751,6.630952611885732e-06,4.354131669970229e-05,0.505859375,9.444949682801962e-06,-0.6391661167144775,5.298627365846187e-05,0.17699012160301208,1.6156858691829257e-05,0.0001595972862560302,0.52294921875,-2.3106600565370172e-05,-0.006124943494796753,0.00013649067841470242,0.182640939950943,1.2018643246847205e-05,-0.00018395404913462698,0.51708984375,9.725920972414315e-05,-0.05896361544728279,-8.669482485856861e-05,0.19424960017204285,8.511964551871642e-06,1.2811586202587932e-05,0.53564453125,5.4136426115292124e-06,-0.08603383600711823,1.8225233361590654e-05,0.19151616096496582,5.694894753105473e-06,4.303589594201185e-05,0.52197265625,1.9843923837470356e-06,-0.030062872916460037,4.502028241404332e-05,0.12151975929737091,-0.005179080180823803,0.44478869438171387,0.44996780157089233,2.954439163208008,0.16618776321411133,0.0768420398235321,0.8996878862380981,0.8228458166122437,1.4685478210449219,0.22776734828948975,0.15317639708518982,0.9545922875404358,0.8014158606529236,1.2915003299713135,0.2540495991706848,0.18121337890625,0.9631979465484619,0.7819845676422119,1.2849098443984985,0.24212253093719482,0.1664423942565918,0.9867722392082214,0.8203298449516296,1.2150949239730835,snapshot-mechanisms-v1,7,seeds/cell-015-fb46780dc3d7/seed-7/snapshots/step-000800.pt,800,800,7097b902cc3f3a43380d0b66433b0a90ecf3915af0cdb913b8b407b76daf38af,scaling-tuned-adamw-10seeds-v1,0.004666891880333424,5.0278751587029546e-05,910015,0.0001736256672302261,0.0007498118793591857,0.00019930201233364642,1.7967860912904143e-05,0.00017471786122769117,7.450580596923828e-09,0.0007498118793591857,0.9978060126304626,0.00020216632401570678,0.00015675001486670226,0.0007498118793591857,0.0
0.2735440731048584,0.05382895469665527,0.017942985519766808,0.14525319635868073,2.850780487060547,0.8009178638458252,4.810209274291992,1.9594285488128662,0.3511098325252533,0.1170366108417511,0.27098527550697327,0.9689365029335022,0.37790489196777344,1.2949206829071045,0.3259841203689575,0.6964813470840454,0.23216046392917633,0.15319840610027313,-0.6596170663833618,0.15032023191452026,-0.5784848928451538,0.0811321884393692,0.16982607543468475,0.056608691811561584,0.21557089686393738,1.5292996168136597,0.6146029829978943,2.875082492828369,1.3457828760147095,0.3788682520389557,0.12628942728042603,0.29751846194267273,1.2725772857666016,0.3236132860183716,1.336845874786377,0.0642685815691948,0.4340164065361023,0.14467214047908783,0.2951633930206299,0.7679823040962219,0.2708202302455902,0.6754571199417114,-0.0925251916050911,0.34406155347824097,0.11468718200922012,0.3819853663444519,2.223686695098877,0.2739531099796295,1.8912577629089355,-0.3324289321899414,0.42787057161331177,0.14262352883815765,0.2438884973526001,0.7419806718826294,0.32824093103408813,1.0308994054794312,0.288918673992157,512,1.8069735765457153,1.0076638460159302,1.0026257038116455,cell-015-fb46780dc3d7,15,fb46780dc3d7361823b62b8ed5154f84e6aa616cdea6a836b01fd686694446fa,32,0.6938183307647705,16.870750427246094,0.13318830728530884,17.04810333251953,0.22718462347984314,0.15369465587356798,2048,6462c87c5c2aa5cb0dcd6afe9c4a0fab1a45d764f9166f84c6184af6723f1b0e,910016,910000,True,0.0004764338373206556,-0.00023798565962351859,0.6662665605545044,0.8779296875,0.0004963123938068748,0.0007084563840180635,6.915029371157289e-05,0.0004704706370830536,True,9.532240073895082e-05,8.244106720667332e-05,0.5286580324172974,0.7998046875,0.0001821617188397795,-6.588469841517508e-05,7.747108611511067e-05,1.655641244724393e-05,64,1.0,0.00017270076205022633,1.0,0.00016110875003505498,0.003,seed-mechanisms-v2,4,0.0,128,4,2,adamw,0.4570189118385315,1.280466079711914,1.5860861539840698,0.429889053106308,0.432169646024704,0.6391736268997192,0.45234212279319763,0.702034592628479,0.8698690533638,0.41053307056427,1.3151559829711914,1.4530744552612305,0.48127877712249756,0.9147019386291504,1.1416654586791992,0.5160971879959106,-0.21545001864433289,0.4007328748703003,0.5242639183998108,0.8995151519775391,1.2263386249542236,0.41491949558258057,0.25474613904953003,0.5130393505096436,0.22852298617362976,1.0648756187947583e-06,2.2965385142015293e-05,0.533203125,-7.436565647367388e-05,-2.1607775688171387,-5.1400249503785744e-05,0.26788330078125,8.49000207381323e-06,-5.1954422815470025e-05,0.52978515625,-4.808044832316227e-05,-0.4811239242553711,-0.00010003486386267468,0.22560742497444153,2.1403924620244652e-05,3.446345363045111e-05,0.50732421875,1.3314829629962333e-05,-0.23834004998207092,4.7778303269296885e-05,0.26290133595466614,2.2741060092812404e-06,5.290001354296692e-05,0.54345703125,-0.00016719484119676054,-1.2986408472061157,-0.0001142948167398572,0.21870222687721252,8.711491318535991e-06,-0.0001577418006490916,0.5322265625,3.1947874958859757e-06,-0.14934289455413818,-0.00015454701497219503,0.18889008462429047,7.2306470428884495e-06,-0.00010141156963072717,0.51025390625,-1.7048141671693884e-05,-0.015070336870849133,-0.00011845972039736807,0.19243070483207703,1.7306372683378868e-05,9.65727522270754e-05,0.509765625,-3.868423664243892e-05,0.0037507526576519012,5.788850103272125e-05,0.22012090682983398,8.324544069182593e-06,-6.045272129995283e-06,0.533203125,-1.2906901247333735e-05,-0.07351874560117722,-1.8952176105813123e-05,0.10695434361696243,-0.030633017420768738,0.47893011569976807,0.5095630884170532,2.995370864868164,0.17540663480758667,0.09978879988193512,0.8609709739685059,0.7611821889877319,1.5833854675292969,0.27993044257164,0.2147521674633026,0.9432123899459839,0.7284603118896484,1.3214058876037598,0.22695136070251465,0.1528412401676178,0.973540186882019,0.8206989169120789,1.2557648420333862,0.2667851448059082,0.19566169381141663,0.9825804233551025,0.7869187593460083,1.2341854572296143,snapshot-mechanisms-v1,8,seeds/cell-015-fb46780dc3d7/seed-8/snapshots/step-000800.pt,800,800,7097b902cc3f3a43380d0b66433b0a90ecf3915af0cdb913b8b407b76daf38af,scaling-tuned-adamw-10seeds-v1,0.0056123873218894005,6.736679642926902e-05,910017,6.73144095344469e-05,0.00025198576622642577,4.164246274740435e-05,1.7995871530729346e-05,7.486144750146195e-05,6.05359673500061e-09,0.00025198576622642577,1.0026568174362183,6.816744280513376e-05,5.6865574151743203e-05,0.00025198576622642577,0.0
0.23592078685760498,0.1203644722700119,0.04012148827314377,0.15282045304775238,1.8617022037506104,0.7268151044845581,3.7936630249023438,1.9319605827331543,0.571791410446167,0.19059713184833527,0.18549975752830505,-0.10099988430738449,0.24270883202552795,0.1361660361289978,0.2371659278869629,0.07613152265548706,0.025377172976732254,0.21021805703639984,2.499279022216797,0.7136504054069519,4.164547920227051,1.6652685403823853,0.49531954526901245,0.16510650515556335,0.31419825553894043,0.5784121751785278,0.1904822140932083,0.0180545412003994,-0.5603576302528381,0.42514801025390625,0.14171600341796875,0.26947200298309326,0.7377527952194214,0.3053799867630005,0.8814334869384766,0.14368069171905518,0.3937840163707733,0.13126134872436523,0.3071308135986328,1.0940630435943604,0.29908519983291626,1.0631555318832397,-0.030907398089766502,0.4172271490097046,0.13907572627067566,0.26311051845550537,0.7991796731948853,0.31966233253479004,0.9874396324157715,0.1882600486278534,0.6836780309677124,0.22789266705513,0.16559189558029175,-0.3820054531097412,0.15073013305664062,-0.4748077690601349,-0.09280233085155487,512,1.8080425262451172,1.0144741535186768,1.002015233039856,cell-015-fb46780dc3d7,15,fb46780dc3d7361823b62b8ed5154f84e6aa616cdea6a836b01fd686694446fa,32,0.7313418388366699,16.037355422973633,0.12703728675842285,16.260772705078125,0.2339891642332077,0.15369465587356798,2048,6462c87c5c2aa5cb0dcd6afe9c4a0fab1a45d764f9166f84c6184af6723f1b0e,910018,910000,True,0.00015554149285890162,-0.00011216795246582478,0.5809264183044434,0.83740234375,0.00016571494052186608,-0.0005202222382649779,0.00011619155702646822,-0.0006323902052827179,True,0.0001750821538735181,0.0004852753772865981,0.5660838484764099,0.82568359375,0.00026561052072793245,-0.0011403602547943592,0.00012103318294975907,-0.0006550848484039307,64,1.0,0.00018567316874396056,1.0,0.000179571274202317,0.003,seed-mechanisms-v2,4,0.0,128,4,2,adamw,0.45293575525283813,1.0925997495651245,1.2994637489318848,0.4576824903488159,-0.37098145484924316,0.30541568994522095,0.49126094579696655,1.3399052619934082,1.8040509223937988,0.4499220848083496,0.39826786518096924,0.6481327414512634,0.6728766560554504,0.455853670835495,1.0227357149124146,0.5333586931228638,-0.3393173813819885,0.36733588576316833,0.48430806398391724,0.2619573473930359,0.605722963809967,0.40718844532966614,0.652532160282135,0.7561898827552795,0.26042497158050537,2.543813934607897e-06,-1.5753366824355908e-05,0.5419921875,-0.0003310557221993804,-1.4697108268737793,-0.00034680910175666213,0.24010425806045532,1.1783206900872756e-05,0.00010294448293279856,0.513671875,-5.301427881931886e-05,-0.25001347064971924,4.993021866539493e-05,0.2466469407081604,3.193752490915358e-06,-2.39688997680787e-05,0.5107421875,-0.0005083841970190406,-1.5221158266067505,-0.0005323531222529709,0.273908406496048,1.2934648111695424e-05,8.352536679012701e-05,0.556640625,0.00010326408664695919,-0.26247864961624146,0.00018678944616112858,0.2508602738380432,9.303254955739249e-06,-3.4927885280922055e-05,0.56298828125,0.00017868260329123586,-0.36473822593688965,0.00014375470345839858,0.1891954392194748,1.566014179843478e-05,9.062061144504696e-05,0.53466796875,-8.971628631115891e-07,-0.11110661923885345,8.972345676738769e-05,0.17342370748519897,8.928216630010866e-06,1.1055381037294865e-05,0.54296875,-3.762896994885523e-06,0.00522996112704277,7.292488589882851e-06,0.22181813418865204,5.04157469549682e-06,-1.4394452591659501e-05,0.513671875,-3.345055301906541e-05,-0.058827728033065796,-4.784501652466133e-05,0.11974368989467621,-0.030322875827550888,0.4421815574169159,0.4725044071674347,2.8791985511779785,0.17872346937656403,0.08721593767404556,0.8819857835769653,0.7947698831558228,1.485617995262146,0.2171192318201065,0.13629747927188873,0.9464670419692993,0.8101695775985718,1.286027193069458,0.21504050493240356,0.13362489640712738,0.9455108642578125,0.8118859529495239,1.286417007446289,0.21614117920398712,0.1374320685863495,0.9757422208786011,0.8383101224899292,1.2195113897323608,snapshot-mechanisms-v1,9,seeds/cell-015-fb46780dc3d7/seed-9/snapshots/step-000800.pt,800,800,7097b902cc3f3a43380d0b66433b0a90ecf3915af0cdb913b8b407b76daf38af,scaling-tuned-adamw-10seeds-v1,0.005489880219101906,6.39099016552791e-05,910019,8.853013423504308e-05,0.00033924425952136517,6.736977957189083e-05,2.951846909127198e-05,0.0001234617957379669,1.4901161193847656e-08,0.0003392442886251956,1.002424955368042,5.988257908029482e-05,9.39433230087161e-05,0.0003392442886251956,0.0
